cell_id,batch,true_label,predicted_label,aligned_predicted_label,umap_1,umap_2,cell_index,scraw_reconstruction_weight
10X_P4_7_AAACCTGAGAAGGACA,3-M-8,B cell,0,B cell,-1.9970646,1.7280529,0,1.023486852645874
10X_P4_7_AAACCTGAGCTAAGAT,3-M-8,natural killer cell,6,natural killer cell,7.217072,25.99961,1,1.941217422485352
10X_P4_7_AAACCTGCAACAACCT,3-M-8,B cell,0,B cell,-1.3821872,0.41700172,2,0.6963678598403931
10X_P4_7_AAACCTGCAGCCAATT,3-M-8,B cell,0,B cell,-1.1192319,-0.80378366,3,0.559109091758728
10X_P4_7_AAACCTGCAGCTCCGA,3-M-8,B cell,0,B cell,-2.0389237,3.3454964,4,0.7347347736358643
10X_P4_7_AAACCTGTCAGGTAAA,3-M-8,B cell,0,B cell,-1.341574,1.8431866,5,0.7711923122406006
10X_P4_7_AAACGGGAGACACGAC,3-M-8,B cell,7,Unmatched_7,-5.4443502,1.0076886,6,1.4854729175567627
10X_P4_7_AAACGGGAGGCGACAT,3-M-8,T cell,2,Unmatched_2,4.37281,26.560026,7,1.158543825149536
10X_P4_7_AAACGGGAGGGTATCG,3-M-8,T cell,3,T cell,4.535219,24.339857,8,1.0289366245269775
10X_P4_7_AAACGGGAGTGCCATT,3-M-8,B cell,1,Unmatched_1,-0.78035975,6.1520886,9,1.1613606214523315
10X_P4_7_AAACGGGCACTTGGAT,3-M-8,B cell,0,B cell,-3.3324804,0.27253833,10,0.7755292057991028
10X_P4_7_AAACGGGTCTGATTCT,3-M-8,B cell,0,B cell,-2.8465815,1.7184457,11,0.7411834001541138
10X_P4_7_AAAGATGAGCCATCGC,3-M-8,macrophage,5,macrophage,13.427173,15.400484,12,1.7016618251800537
10X_P4_7_AAAGATGAGGACCACA,3-M-8,B cell,0,B cell,-3.3524091,0.043420628,13,0.4868114292621612
10X_P4_7_AAAGATGCAATCACAC,3-M-8,B cell,0,B cell,-1.3315804,0.18944947,14,0.8893125653266907
10X_P4_7_AAAGATGTCTGGAGCC,3-M-8,B cell,7,Unmatched_7,-4.598174,1.5159338,15,1.289604902267456
10X_P4_7_AAAGCAAAGAATCTCC,3-M-8,B cell,0,B cell,-2.2218947,0.3630402,16,0.5059396028518677
10X_P4_7_AAAGCAAAGCTAGCCC,3-M-8,B cell,1,Unmatched_1,-1.2697921,5.68715,17,0.4574189782142639
10X_P4_7_AAAGCAAAGTCATGCT,3-M-8,B cell,4,Unmatched_4,9.224309,14.100919,18,2.426625490188598
10X_P4_7_AAAGCAACACACCGAC,3-M-8,T cell,3,T cell,3.516239,23.586533,19,0.5909874439239502
10X_P4_7_AAAGCAACACCTGGTG,3-M-8,T cell,9,Unmatched_9,7.1324244,23.556942,20,1.7145047187805176
10X_P4_7_AAAGCAACAGGTGGAT,3-M-8,T cell,3,T cell,4.500399,25.20304,21,1.9283562898635864
10X_P4_7_AAAGCAACATTACCTT,3-M-8,B cell,0,B cell,-3.1573508,3.1749353,22,0.8992120027542114
10X_P4_7_AAAGCAAGTCTTGATG,3-M-8,dendritic cell,10,dendritic cell,15.888681,-0.0556403,23,3.600733757019043
10X_P4_7_AAAGCAATCACATGCA,3-M-8,B cell,0,B cell,-0.47040114,0.14902587,24,0.5513540506362915
10X_P4_7_AAAGTAGAGCAGGTCA,3-M-8,B cell,4,Unmatched_4,-2.5603876,8.897673,25,0.788469672203064
10X_P4_7_AAAGTAGAGTACACCT,3-M-8,B cell,0,B cell,-1.5789433,1.3149121,26,1.5043046474456787
10X_P4_7_AAAGTAGCAATCCAAC,3-M-8,B cell,0,B cell,-2.1442075,1.3643285,27,0.5155666470527649
10X_P4_7_AAAGTAGCAGCCTTGG,3-M-8,B cell,0,B cell,-2.1133277,-0.616947,28,1.0563884973526
10X_P4_7_AAAGTAGCATACGCCG,3-M-8,B cell,0,B cell,-1.8824768,1.7088895,29,0.5660615563392639
10X_P4_7_AAAGTAGGTCGGATCC,3-M-8,B cell,0,B cell,0.037615597,0.3713353,30,0.7105804085731506
10X_P4_7_AAAGTAGGTCTCTTAT,3-M-8,B cell,0,B cell,-0.880888,0.28435943,31,1.123249053955078
10X_P4_7_AAAGTAGTCCTCAATT,3-M-8,T cell,3,T cell,3.7191162,23.186953,32,0.6608986258506775
10X_P4_7_AAATGCCAGATCCGAG,3-M-8,B cell,4,Unmatched_4,-5.0698085,2.6993551,33,1.284856200218201
10X_P4_7_AAATGCCCAAGAGTCG,3-M-8,B cell,0,B cell,-0.9431812,-0.33578303,34,0.536487340927124
10X_P4_7_AAATGCCGTGCACGAA,3-M-8,B cell,0,B cell,0.5209554,2.730694,35,0.4137983024120331
10X_P4_7_AAATGCCGTTACGCGC,3-M-8,B cell,0,B cell,-0.9247205,2.8705676,36,1.0140122175216677
10X_P4_7_AAATGCCTCAAACGGG,3-M-8,B cell,0,B cell,-0.66383857,0.5331361,37,0.6823657751083374
10X_P4_7_AACACGTAGACTGGGT,3-M-8,T cell,2,Unmatched_2,4.6775775,26.240778,38,1.3245763778686523
10X_P4_7_AACACGTAGCCGATTT,3-M-8,B cell,4,Unmatched_4,-2.6251855,8.800639,39,0.8295219540596008
10X_P4_7_AACACGTCAATCCAAC,3-M-8,B cell,0,B cell,-2.2854738,0.41066775,40,0.4659456014633178
10X_P4_7_AACACGTCAGTACACT,3-M-8,B cell,0,B cell,-1.3360908,3.2166605,41,0.6010291576385498
10X_P4_7_AACACGTCATGGTAGG,3-M-8,B cell,0,B cell,-1.3170855,2.1399686,42,0.7269875407218933
10X_P4_7_AACACGTCATTAACCG,3-M-8,B cell,0,B cell,-3.362845,1.5780805,43,0.4380486905574798
10X_P4_7_AACACGTGTAACGTTC,3-M-8,T cell,3,T cell,4.364294,24.305853,44,1.142742156982422
10X_P4_7_AACACGTGTACTTGAC,3-M-8,B cell,1,Unmatched_1,-1.7070906,6.1501956,45,0.4896415174007416
10X_P4_7_AACACGTGTCTGATTG,3-M-8,B cell,0,B cell,-2.6281555,2.3134942,46,0.8424424529075623
10X_P4_7_AACACGTTCCCGACTT,3-M-8,natural killer cell,6,natural killer cell,6.9422383,26.085377,47,2.187960147857666
10X_P4_7_AACACGTTCTCTGTCG,3-M-8,T cell,3,T cell,3.295314,23.738209,48,0.7219793796539307
10X_P4_7_AACCATGAGAGACTTA,3-M-8,T cell,3,T cell,2.459555,23.278688,49,0.923196017742157
10X_P4_7_AACCATGAGAGTACAT,3-M-8,B cell,0,B cell,-0.36226162,0.95533466,50,0.8699737191200256
10X_P4_7_AACCATGAGCCGTCGT,3-M-8,B cell,0,B cell,-1.2104102,2.57391,51,0.7653475999832153
10X_P4_7_AACCATGAGGGAAACA,3-M-8,B cell,1,Unmatched_1,-1.5547991,4.519695,52,0.4836409389972687
10X_P4_7_AACCATGCATCCAACA,3-M-8,B cell,0,B cell,-0.37340719,1.5074924,53,0.4486856758594513
10X_P4_7_AACCATGGTCCAAGTT,3-M-8,T cell,2,Unmatched_2,4.8505254,26.661648,54,1.6043522357940674
10X_P4_7_AACCATGGTGCTAGCC,3-M-8,B cell,1,Unmatched_1,-1.7236658,4.7413626,55,0.5797828435897827
10X_P4_7_AACCATGGTTCGGCAC,3-M-8,B cell,1,Unmatched_1,-2.012168,6.141882,56,0.5620082020759583
10X_P4_7_AACCATGTCACGACTA,3-M-8,B cell,0,B cell,-0.014391565,-0.5265701,57,0.4897491633892059
10X_P4_7_AACCATGTCCAGGGCT,3-M-8,T cell,2,Unmatched_2,4.5189037,26.163996,58,1.2835488319396973
10X_P4_7_AACCATGTCGGAAATA,3-M-8,T cell,3,T cell,3.6068256,22.93488,59,0.6186610460281372
10X_P4_7_AACCATGTCTTGCAAG,3-M-8,B cell,4,Unmatched_4,-4.202189,4.183057,60,1.0730457305908203
10X_P4_7_AACCGCGCACGAGGTA,3-M-8,B cell,2,Unmatched_2,3.8617778,24.691628,61,2.179008960723877
10X_P4_7_AACCGCGGTCGCATAT,3-M-8,B cell,0,B cell,-3.7870293,-0.40252498,62,0.8807392120361328
10X_P4_7_AACCGCGGTGATGCCC,3-M-8,B cell,0,B cell,-1.1680554,-1.0861518,63,1.176284670829773
10X_P4_7_AACCGCGTCCAGAGGA,3-M-8,B cell,0,B cell,-0.87828475,-1.2801647,64,1.266863465309143
10X_P4_7_AACGTTGCAGCCTATA,3-M-8,macrophage,8,Unmatched_8,10.206635,12.232638,65,2.9366698265075684
10X_P4_7_AACGTTGCATCAGTCA,3-M-8,B cell,0,B cell,-0.91170055,0.6022614,66,0.7596927881240845
10X_P4_7_AACGTTGCATCTCGCT,3-M-8,B cell,0,B cell,-2.806044,0.10011616,67,0.4944579005241394
10X_P4_7_AACGTTGCATGAACCT,3-M-8,T cell,2,Unmatched_2,4.794017,26.661274,68,1.9664891958236692
10X_P4_7_AACGTTGGTCGGATCC,3-M-8,B cell,0,B cell,-1.2878882,3.200857,69,1.263230800628662
10X_P4_7_AACGTTGGTTAAAGTG,3-M-8,B cell,4,Unmatched_4,9.15186,14.121358,70,1.771750807762146
10X_P4_7_AACGTTGGTTGCGCAC,3-M-8,T cell,2,Unmatched_2,4.151921,25.754065,71,1.1912775039672852
10X_P4_7_AACGTTGTCGGATGGA,3-M-8,B cell,1,Unmatched_1,-1.0880721,5.9692545,72,0.4666350483894348
10X_P4_7_AACGTTGTCGGTGTTA,3-M-8,B cell,0,B cell,-3.7750683,0.018542564,73,0.7308927178382874
10X_P4_7_AACTCAGGTCCCGACA,3-M-8,B cell,11,Unmatched_11,-3.6712902,7.724569,74,1.5513226985931396
10X_P4_7_AACTCAGGTCTTGCGG,3-M-8,B cell,0,B cell,-0.70725256,-0.93444467,75,0.6553718447685242
10X_P4_7_AACTCAGGTGAAAGAG,3-M-8,T cell,3,T cell,3.7365353,23.710142,76,0.6396356821060181
10X_P4_7_AACTCAGGTTCGTGAT,3-M-8,B cell,0,B cell,-1.8776498,-0.024631083,77,0.4795887768268585
10X_P4_7_AACTCAGGTTTCCACC,3-M-8,B cell,1,Unmatched_1,-1.2575439,6.3810363,78,0.4769122898578644
10X_P4_7_AACTCAGTCGGATGTT,3-M-8,B cell,4,Unmatched_4,-3.9096477,3.1556847,79,1.05878746509552
10X_P4_7_AACTCAGTCGGCGGTT,3-M-8,B cell,1,Unmatched_1,-2.0247905,5.5617495,80,0.4990973472595215
10X_P4_7_AACTCCCAGCAAATCA,3-M-8,B cell,0,B cell,-0.99453473,0.252935,81,1.2730443477630615
10X_P4_7_AACTCCCAGCCCGAAA,3-M-8,T cell,2,Unmatched_2,2.8453963,26.006367,82,0.8807824850082397
10X_P4_7_AACTCCCCAATGTAAG,3-M-8,B cell,0,B cell,-0.15999806,0.74730337,83,0.8386660814285278
10X_P4_7_AACTCCCGTGAGCGAT,3-M-8,B cell,1,Unmatched_1,-3.899961,6.19814,84,0.8303236365318298
10X_P4_7_AACTCCCGTTACTGAC,3-M-8,B cell,0,B cell,0.10680976,1.6996721,85,0.6976000666618347
10X_P4_7_AACTCCCTCGAATCCA,3-M-8,T cell,3,T cell,3.7826896,23.010838,86,0.6730039119720459
10X_P4_7_AACTCCCTCGATCCCT,3-M-8,T cell,2,Unmatched_2,2.2895942,26.14173,87,0.6228113174438477
10X_P4_7_AACTCTTAGTACGTTC,3-M-8,B cell,0,B cell,-1.5447952,0.25325865,88,0.5113652348518372
10X_P4_7_AACTCTTCAGACACTT,3-M-8,B cell,0,B cell,-3.8512378,-0.16147257,89,1.8065109252929688
10X_P4_7_AACTCTTCATTCGACA,3-M-8,macrophage,5,macrophage,11.848856,14.626185,90,2.3030147552490234
10X_P4_7_AACTCTTGTACCGGCT,3-M-8,B cell,0,B cell,-2.226786,0.32064503,91,0.449844628572464
10X_P4_7_AACTCTTGTCTAGTCA,3-M-8,B cell,0,B cell,-0.97293246,1.9731908,92,0.7662659883499146
10X_P4_7_AACTCTTTCAGAAATG,3-M-8,B cell,0,B cell,-2.3917716,0.7102301,93,0.5871680974960327
10X_P4_7_AACTCTTTCCGAAGAG,3-M-8,B cell,0,B cell,-1.8543147,-0.20334958,94,0.4067049622535705
10X_P4_7_AACTGGTGTCAGTGGA,3-M-8,B cell,0,B cell,-1.0850701,0.41885036,95,1.165610432624817
10X_P4_7_AACTGGTGTCTACCTC,3-M-8,B cell,0,B cell,-2.9396536,2.664961,96,1.148526310920715
10X_P4_7_AACTGGTGTCTCACCT,3-M-8,macrophage,5,macrophage,4.6814914,13.753755,97,2.458485841751098
10X_P4_7_AACTGGTGTCTGCGGT,3-M-8,T cell,2,Unmatched_2,1.7235653,25.659367,98,0.7513654828071594
10X_P4_7_AACTGGTTCCATGAAC,3-M-8,macrophage,8,Unmatched_8,10.017845,12.375938,99,3.578447103500366
10X_P4_7_AACTGGTTCCTAAGTG,3-M-8,B cell,0,B cell,-0.18466249,0.60948,100,0.8738128542900085
10X_P4_7_AACTTTCAGTGTTGAA,3-M-8,B cell,1,Unmatched_1,-1.4941223,5.83722,101,0.5334782600402832
10X_P4_7_AACTTTCCACAAGCCC,3-M-8,T cell,2,Unmatched_2,2.6293213,26.40535,102,0.8046874403953552
10X_P4_7_AACTTTCCACTAGTAC,3-M-8,B cell,1,Unmatched_1,-2.1145165,6.180181,103,0.7327973246574402
10X_P4_7_AACTTTCCATCCTTGC,3-M-8,B cell,0,B cell,-2.7686684,2.7022502,104,1.154680609703064
10X_P4_7_AACTTTCGTATTACCG,3-M-8,B cell,7,Unmatched_7,-5.3068094,1.4504473,105,1.0325086116790771
10X_P4_7_AACTTTCGTGTTTGTG,3-M-8,B cell,0,B cell,-3.2147896,1.4096622,106,0.6363670229911804
10X_P4_7_AACTTTCGTTCCACAA,3-M-8,T cell,3,T cell,3.7195961,22.932535,107,0.5687500238418579
10X_P4_7_AACTTTCTCATCGATG,3-M-8,T cell,2,Unmatched_2,2.5946987,25.46788,108,0.6156254410743713
10X_P4_7_AACTTTCTCTGCCCTA,3-M-8,B cell,0,B cell,-0.59791046,0.4625711,109,1.2935062646865845
10X_P4_7_AAGACCTAGTCTCAAC,3-M-8,B cell,0,B cell,-2.6802933,0.58016306,110,0.4141935706138611
10X_P4_7_AAGACCTAGTTCGATC,3-M-8,B cell,4,Unmatched_4,-2.5769742,8.646883,111,0.8032286167144775
10X_P4_7_AAGACCTCATGACGGA,3-M-8,B cell,0,B cell,0.12684758,1.9742291,112,1.0589675903320312
10X_P4_7_AAGACCTGTGTGGCTC,3-M-8,B cell,0,B cell,-1.861348,0.4181422,113,0.4539147317409515
10X_P4_7_AAGACCTTCAAAGTAG,3-M-8,T cell,3,T cell,5.2478013,24.855467,114,1.069114089012146
10X_P4_7_AAGACCTTCAAGAAGT,3-M-8,B cell,0,B cell,-2.5717506,1.2983823,115,0.4574678540229797
10X_P4_7_AAGACCTTCGTGGACC,3-M-8,B cell,0,B cell,0.05374125,1.9663823,116,0.503838837146759
10X_P4_7_AAGCCGCCATCGTCGG,3-M-8,T cell,3,T cell,3.7377903,23.010359,117,0.6002140641212463
10X_P4_7_AAGCCGCGTACACCGC,3-M-8,B cell,7,Unmatched_7,-5.665963,1.0276401,118,1.2925270795822144
10X_P4_7_AAGCCGCGTACTTCTT,3-M-8,B cell,0,B cell,-0.6055578,1.7348667,119,0.6661296486854553
10X_P4_7_AAGCCGCGTCCTCTTG,3-M-8,B cell,0,B cell,-2.8038223,1.7735242,120,0.5253357291221619
10X_P4_7_AAGCCGCTCACTGGGC,3-M-8,B cell,0,B cell,-4.1688075,0.97518,121,0.6953959465026855
10X_P4_7_AAGCCGCTCACTTATC,3-M-8,B cell,0,B cell,-1.2830179,0.80762523,122,0.5733601450920105
10X_P4_7_AAGCCGCTCAGTTGAC,3-M-8,B cell,1,Unmatched_1,-3.0477912,4.5276475,123,0.9419008493423462
10X_P4_7_AAGCCGCTCCGCAAGC,3-M-8,B cell,0,B cell,-1.9343964,2.5416226,124,1.2058531045913696
10X_P4_7_AAGGAGCCATCTATGG,3-M-8,B cell,0,B cell,-2.245028,2.4990027,125,0.9377111792564392
10X_P4_7_AAGGAGCGTACGCTGC,3-M-8,B cell,1,Unmatched_1,-2.296268,5.916182,126,0.566030740737915
10X_P4_7_AAGGAGCGTAGCGCTC,3-M-8,B cell,0,B cell,-3.5536773,-0.11667958,127,0.5134485960006714
10X_P4_7_AAGGAGCTCTCGAGTA,3-M-8,B cell,1,Unmatched_1,-3.5343082,4.6097884,128,0.6035823822021484
10X_P4_7_AAGGAGCTCTTGTCAT,3-M-8,B cell,0,B cell,-2.934661,1.161356,129,0.5013107657432556
10X_P4_7_AAGGCAGAGAAACCAT,3-M-8,T cell,2,Unmatched_2,0.3427742,23.130795,130,1.3374561071395874
10X_P4_7_AAGGCAGAGGCGACAT,3-M-8,B cell,4,Unmatched_4,-4.8668666,3.9881592,131,0.979979395866394
10X_P4_7_AAGGCAGAGTACGTAA,3-M-8,B cell,1,Unmatched_1,-2.0210047,5.751322,132,0.6291022896766663
10X_P4_7_AAGGCAGCACAAGTAA,3-M-8,T cell,2,Unmatched_2,3.2179968,25.6802,133,0.9110135436058044
10X_P4_7_AAGGCAGGTACCCAAT,3-M-8,B cell,0,B cell,-3.4581265,-0.29631662,134,0.6218422651290894
10X_P4_7_AAGGTTCCAAACCCAT,3-M-8,B cell,0,B cell,-0.98280466,1.8843783,135,1.025745153427124
10X_P4_7_AAGGTTCCAAAGCAAT,3-M-8,T cell,2,Unmatched_2,4.1867137,25.694157,136,1.3909597396850586
10X_P4_7_AAGGTTCCAGTAACGG,3-M-8,B cell,0,B cell,-1.9969243,0.40919435,137,0.4822037816047668
10X_P4_7_AAGGTTCGTCACAAGG,3-M-8,B cell,0,B cell,-3.1778774,4.051804,138,0.8627892732620239
10X_P4_7_AAGGTTCGTTCACGGC,3-M-8,B cell,0,B cell,-0.92811316,-0.16414842,139,0.5269871950149536
10X_P4_7_AAGGTTCTCAGTCAGT,3-M-8,B cell,0,B cell,-2.4848378,-1.1824722,140,1.3637841939926147
10X_P4_7_AAGGTTCTCATAACCG,3-M-8,B cell,0,B cell,-0.636702,-0.17626959,141,0.7102841734886169
10X_P4_7_AAGGTTCTCGTATCAG,3-M-8,macrophage,5,macrophage,11.138244,14.452333,142,1.3957505226135254
10X_P4_7_AAGTCTGAGACAAAGG,3-M-8,B cell,0,B cell,0.28832823,0.6292449,143,0.7003345489501953
10X_P4_7_AAGTCTGAGCGAAGGG,3-M-8,T cell,2,Unmatched_2,2.7777913,25.700071,144,0.7513490319252014
10X_P4_7_AAGTCTGGTAGCGTGA,3-M-8,B cell,0,B cell,-0.39693543,2.7213385,145,0.6961089372634888
10X_P4_7_AAGTCTGGTGTGACCC,3-M-8,B cell,0,B cell,-2.2041879,0.88353366,146,0.4861690700054168
10X_P4_7_AAGTCTGTCAGAGGTG,3-M-8,B cell,1,Unmatched_1,-2.6481214,4.4442263,147,1.1963140964508057
10X_P4_7_AAGTCTGTCTTACCTA,3-M-8,B cell,4,Unmatched_4,-4.308999,4.2795906,148,0.7466655373573303
10X_P4_7_AATCCAGAGACATAAC,3-M-8,B cell,0,B cell,-1.9057966,2.5263505,149,0.6062261462211609
10X_P4_7_AATCCAGAGGCAGGTT,3-M-8,B cell,0,B cell,-1.5818722,1.3147352,150,0.4655560553073883
10X_P4_7_AATCCAGCAGACAAGC,3-M-8,B cell,4,Unmatched_4,-5.105303,2.7474842,151,1.0176634788513184
10X_P4_7_AATCCAGGTCGCGGTT,3-M-8,B cell,0,B cell,-0.36170033,-0.85190076,152,0.576426088809967
10X_P4_7_AATCCAGGTCTCGTTC,3-M-8,B cell,0,B cell,-1.6239678,1.5872061,153,0.5065978765487671
10X_P4_7_AATCCAGTCCAAATGC,3-M-8,B cell,0,B cell,-1.0549204,3.2558615,154,1.0980218648910522
10X_P4_7_AATCCAGTCGTTGCCT,3-M-8,B cell,0,B cell,-2.125576,-0.06592382,155,0.4588338732719421
10X_P4_7_AATCGGTAGGATTCGG,3-M-8,B cell,0,B cell,-2.2379062,1.0404739,156,0.5110330581665039
10X_P4_7_AATCGGTCACAAGTAA,3-M-8,B cell,0,B cell,-1.3814187,2.578233,157,1.185766100883484
10X_P4_7_AATCGGTCATTACCTT,3-M-8,B cell,7,Unmatched_7,-5.357398,1.388094,158,1.838529586791992
10X_P4_7_ACACCAACAATCCAAC,3-M-8,T cell,3,T cell,3.6301422,23.038298,159,0.7046773433685303
10X_P4_7_ACACCAACACATAACC,3-M-8,T cell,2,Unmatched_2,2.2898529,26.21078,160,0.8842522501945496
10X_P4_7_ACACCAACACGTTGGC,3-M-8,B cell,4,Unmatched_4,-4.882287,3.1688888,161,1.016200065612793
10X_P4_7_ACACCAATCACCACCT,3-M-8,B cell,0,B cell,-4.5519114,3.2328,162,1.1487312316894531
10X_P4_7_ACACCAATCCCGACTT,3-M-8,B cell,0,B cell,-2.8079834,-1.0590531,163,0.8216946721076965
10X_P4_7_ACACCAATCCCTGACT,3-M-8,B cell,0,B cell,0.053636692,1.8550605,164,0.8177560567855835
10X_P4_7_ACACCAATCGAGAACG,3-M-8,B cell,0,B cell,-1.4152998,-0.21023428,165,0.4865327775478363
10X_P4_7_ACACCAATCGTTACGA,3-M-8,B cell,4,Unmatched_4,-3.9533858,3.1493027,166,0.9105988144874572
10X_P4_7_ACACCAATCTCAACTT,3-M-8,macrophage,5,macrophage,4.7047663,25.362684,167,2.768887519836426
10X_P4_7_ACACCCTAGCAGGTCA,3-M-8,B cell,0,B cell,-2.096184,1.5157332,168,0.522988498210907
10X_P4_7_ACACCCTAGTGGTAAT,3-M-8,B cell,4,Unmatched_4,-2.607741,8.694462,169,0.664918839931488
10X_P4_7_ACACCCTCACATCCGG,3-M-8,macrophage,5,macrophage,11.097832,14.392519,170,2.192837715148926
10X_P4_7_ACACCCTCAGGGTATG,3-M-8,macrophage,5,macrophage,13.382694,15.366033,171,2.024788618087769
10X_P4_7_ACACCCTCATGGTCAT,3-M-8,B cell,0,B cell,-2.3805032,1.4855725,172,0.419261485338211
10X_P4_7_ACACCCTCATGTCTCC,3-M-8,macrophage,5,macrophage,11.206949,14.49424,173,2.008725166320801
10X_P4_7_ACACCCTGTTCCATGA,3-M-8,T cell,3,T cell,3.8450594,24.600971,174,1.199110507965088
10X_P4_7_ACACCCTGTTCTGGTA,3-M-8,B cell,4,Unmatched_4,-3.8755178,4.41254,175,1.90183424949646
10X_P4_7_ACACCCTTCAGTTTGG,3-M-8,B cell,0,B cell,-1.8587437,-0.29105276,176,0.6556024551391602
10X_P4_7_ACACCCTTCGGATGTT,3-M-8,B cell,1,Unmatched_1,-3.5180898,6.293528,177,1.0299705266952517
10X_P4_7_ACACCGGAGAGTTGGC,3-M-8,B cell,1,Unmatched_1,-3.9922998,6.382861,178,0.5679802298545837
10X_P4_7_ACACCGGAGTTATCGC,3-M-8,T cell,2,Unmatched_2,2.5324357,26.253372,179,1.6864866018295288
10X_P4_7_ACACCGGGTAAGTAGT,3-M-8,macrophage,5,macrophage,11.214172,14.502357,180,1.4337486028671265
10X_P4_7_ACACCGGGTACCATCA,3-M-8,B cell,0,B cell,-0.7393895,1.2819996,181,1.1272797584533691
10X_P4_7_ACACCGGGTCTGCCAG,3-M-8,B cell,1,Unmatched_1,-3.9380977,6.247205,182,0.8153725862503052
10X_P4_7_ACACCGGGTGTGGCTC,3-M-8,B cell,0,B cell,-0.766354,-0.80470854,183,1.4429737329483032
10X_P4_7_ACACCGGGTTCGGGCT,3-M-8,T cell,2,Unmatched_2,4.2105265,25.754864,184,1.2357124090194702
10X_P4_7_ACACTGAAGCTGATAA,3-M-8,T cell,2,Unmatched_2,2.2483695,26.314718,185,1.0382517576217651
10X_P4_7_ACACTGACACAGTCGC,3-M-8,B cell,0,B cell,-0.7588328,-1.2138693,186,0.6313398480415344
10X_P4_7_ACACTGACATAACCTG,3-M-8,B cell,0,B cell,-1.7982113,2.7962394,187,0.8839406967163086
10X_P4_7_ACACTGAGTAAGTAGT,3-M-8,T cell,2,Unmatched_2,2.169663,25.577549,188,0.816364586353302
10X_P4_7_ACACTGATCCAAACAC,3-M-8,B cell,0,B cell,-0.6284713,-0.98230726,189,0.6161819696426392
10X_P4_7_ACACTGATCCGCGTTT,3-M-8,macrophage,5,macrophage,4.6119895,13.933283,190,2.3393356800079346
10X_P4_7_ACACTGATCGACGGAA,3-M-8,dendritic cell,10,dendritic cell,15.857621,-0.024430119,191,3.791379690170288
10X_P4_7_ACAGCCGAGATATGGT,3-M-8,T cell,3,T cell,4.897908,25.023476,192,1.34770405292511
10X_P4_7_ACAGCCGCACATTTCT,3-M-8,B cell,4,Unmatched_4,-2.4526176,8.777182,193,0.9365663528442384
10X_P4_7_ACAGCCGGTAAATGAC,3-M-8,B cell,0,B cell,-2.3785617,0.6684646,194,0.6293482780456543
10X_P4_7_ACAGCCGGTTGTGGCC,3-M-8,B cell,1,Unmatched_1,-3.835756,5.861025,195,0.7551702260971069
10X_P4_7_ACAGCCGTCAGTTTGG,3-M-8,B cell,1,Unmatched_1,-3.8888814,6.0949745,196,0.4369690716266632
10X_P4_7_ACAGCCGTCCCGGATG,3-M-8,B cell,4,Unmatched_4,8.905761,14.276459,197,1.6132941246032717
10X_P4_7_ACAGCCGTCCCTCTTT,3-M-8,B cell,7,Unmatched_7,-5.4493203,1.19152,198,1.4636553525924685
10X_P4_7_ACAGCTAAGTACACCT,3-M-8,B cell,0,B cell,-2.3390112,-0.08732172,199,0.7382813096046448
10X_P4_7_ACAGCTACAGATCTGT,3-M-8,natural killer cell,6,natural killer cell,7.2954793,26.036726,200,1.925513505935669
10X_P4_7_ACAGCTACATCCAACA,3-M-8,T cell,3,T cell,2.7748024,23.237577,201,0.5497318506240845
10X_P4_7_ACAGCTACATTCCTCG,3-M-8,B cell,0,B cell,-1.0611836,1.4750873,202,0.6520432233810425
10X_P4_7_ACAGCTAGTAGGCTGA,3-M-8,T cell,2,Unmatched_2,2.080936,25.933828,203,0.8315703868865967
10X_P4_7_ACAGCTAGTCCGAACC,3-M-8,B cell,0,B cell,-0.72471565,0.34312895,204,0.6368582844734192
10X_P4_7_ACAGCTAGTTAAGTAG,3-M-8,natural killer cell,6,natural killer cell,7.234838,26.3132,205,1.6984151601791382
10X_P4_7_ACAGCTAGTTCCGTCT,3-M-8,B cell,4,Unmatched_4,-4.949875,4.4319444,206,1.219274640083313
10X_P4_7_ACAGCTATCGGTGTTA,3-M-8,B cell,1,Unmatched_1,-1.6302686,4.3531294,207,0.6812126040458679
10X_P4_7_ACATACGAGGCAGTCA,3-M-8,B cell,0,B cell,-1.1411953,0.72805095,208,0.5522122383117676
10X_P4_7_ACATACGAGTGTACTC,3-M-8,B cell,12,Unmatched_12,9.182977,9.66844,209,4.771324157714844
10X_P4_7_ACATACGCAAGGACTG,3-M-8,natural killer cell,6,natural killer cell,7.316702,26.231016,210,1.506039261817932
10X_P4_7_ACATACGCAGCATGAG,3-M-8,natural killer cell,6,natural killer cell,7.1116996,26.496311,211,2.111988306045532
10X_P4_7_ACATACGCATCGATTG,3-M-8,B cell,0,B cell,-1.9575859,3.6285825,212,0.6267023682594299
10X_P4_7_ACATACGGTAATTGGA,3-M-8,macrophage,5,macrophage,13.314994,15.315125,213,1.5008059740066528
10X_P4_7_ACATACGTCACTGGGC,3-M-8,B cell,0,B cell,-1.1201073,1.95346,214,0.8105193972587585
10X_P4_7_ACATACGTCGCAGGCT,3-M-8,B cell,1,Unmatched_1,-2.8059044,4.743537,215,0.7774505615234375
10X_P4_7_ACATACGTCTGCGTAA,3-M-8,T cell,2,Unmatched_2,2.071686,26.0486,216,0.7799270749092102
10X_P4_7_ACATCAGAGAGAACAG,3-M-8,dendritic cell,10,dendritic cell,15.880368,-0.04731146,217,3.3695311546325684
10X_P4_7_ACATCAGAGCATGGCA,3-M-8,B cell,0,B cell,-2.690531,1.488524,218,0.3977409899234772
10X_P4_7_ACATCAGAGCTAGGCA,3-M-8,B cell,0,B cell,-3.6300068,2.3794427,219,0.7641527652740479
10X_P4_7_ACATCAGCACGTAAGG,3-M-8,B cell,4,Unmatched_4,-4.149431,4.0969834,220,0.948961079120636
10X_P4_7_ACATCAGCAGTATGCT,3-M-8,macrophage,8,Unmatched_8,10.010794,12.386063,221,3.534769296646118
10X_P4_7_ACATCAGCATCCTAGA,3-M-8,B cell,0,B cell,-3.4984896,-0.40174893,222,0.6493025422096252
10X_P4_7_ACATCAGGTCCAGTGC,3-M-8,B cell,13,Unmatched_13,13.091354,13.578146,223,1.09282386302948
10X_P4_7_ACATCAGGTCCGTGAC,3-M-8,T cell,2,Unmatched_2,3.8154142,24.947237,224,1.4512232542037964
10X_P4_7_ACATCAGGTGTATGGG,3-M-8,B cell,4,Unmatched_4,-4.0406914,3.0392897,225,1.068339228630066
10X_P4_7_ACATCAGGTTAGGGTG,3-M-8,B cell,1,Unmatched_1,-2.7980163,4.164823,226,0.8884880542755127
10X_P4_7_ACATCAGTCCTTGACC,3-M-8,T cell,2,Unmatched_2,2.0298653,25.625483,227,1.2590864896774292
10X_P4_7_ACATGGTGTCTGATCA,3-M-8,B cell,12,Unmatched_12,9.182283,9.668476,228,4.844853401184082
10X_P4_7_ACATGGTGTTCACGGC,3-M-8,B cell,4,Unmatched_4,-4.9834876,3.2365184,229,0.8436683416366577
10X_P4_7_ACATGGTTCTGAGGGA,3-M-8,B cell,1,Unmatched_1,-2.2854078,4.588292,230,0.5457376837730408
10X_P4_7_ACATGGTTCTTTACGT,3-M-8,T cell,3,T cell,4.8207517,24.426207,231,0.9993048906326294
10X_P4_7_ACCAGTAAGCTAGTCT,3-M-8,T cell,2,Unmatched_2,2.295622,25.928257,232,1.0817551612854004
10X_P4_7_ACCAGTACAAATACAG,3-M-8,B cell,7,Unmatched_7,-5.213682,1.3810704,233,1.049906611442566
10X_P4_7_ACCAGTACACGTCTCT,3-M-8,B cell,11,Unmatched_11,-3.6919386,7.7566743,234,1.6448272466659546
10X_P4_7_ACCAGTACATGCCCGA,3-M-8,B cell,0,B cell,-0.532439,-0.4738063,235,0.6881877183914185
10X_P4_7_ACCAGTAGTATTACCG,3-M-8,T cell,2,Unmatched_2,3.6415772,25.989449,236,1.0021464824676514
10X_P4_7_ACCAGTAGTCTGATTG,3-M-8,B cell,0,B cell,-3.6060455,2.2530766,237,0.664317786693573
10X_P4_7_ACCAGTAGTTGAGTTC,3-M-8,B cell,0,B cell,-2.0066988,1.5442773,238,0.8440962433815002
10X_P4_7_ACCAGTATCCTGCCAT,3-M-8,T cell,3,T cell,3.7746458,23.450665,239,0.8184153437614441
10X_P4_7_ACCAGTATCTTAACCT,3-M-8,B cell,0,B cell,-0.8275451,1.822087,240,0.782139003276825
10X_P4_7_ACCCACTAGTACGCGA,3-M-8,B cell,4,Unmatched_4,-5.05794,4.306365,241,1.4926269054412842
10X_P4_7_ACCCACTAGTGATCGG,3-M-8,B cell,0,B cell,-0.23685378,0.2582193,242,0.6471484899520874
10X_P4_7_ACCCACTCAATCGAAA,3-M-8,B cell,0,B cell,0.11177512,0.58902436,243,0.4703483581542969
10X_P4_7_ACCCACTCATAAAGGT,3-M-8,B cell,0,B cell,-2.4327714,0.8248769,244,0.4478453695774078
10X_P4_7_ACCCACTCATGATCCA,3-M-8,B cell,1,Unmatched_1,-1.49992,6.304736,245,0.5517909526824951
10X_P4_7_ACCCACTGTGCAACTT,3-M-8,T cell,2,Unmatched_2,0.72272533,22.824905,246,1.2525153160095217
10X_P4_7_ACCCACTTCAAGGCTT,3-M-8,B cell,0,B cell,-1.4352823,0.6077156,247,0.6106608510017395
10X_P4_7_ACCCACTTCGTATCAG,3-M-8,T cell,3,T cell,3.7622936,23.32528,248,0.665357768535614
10X_P4_7_ACCCACTTCGTCGTTC,3-M-8,B cell,0,B cell,-1.453865,2.4219682,249,1.5004189014434814
10X_P4_7_ACCGTAACACGCGAAA,3-M-8,B cell,1,Unmatched_1,-1.2592698,5.177014,250,0.8826419115066528
10X_P4_7_ACCGTAACATGCCACG,3-M-8,B cell,0,B cell,-3.781238,-0.514319,251,1.2236677408218384
10X_P4_7_ACCGTAAGTAGCTAAA,3-M-8,B cell,0,B cell,-2.4803872,3.273103,252,0.6135482788085938
10X_P4_7_ACCGTAAGTGTCCTCT,3-M-8,T cell,3,T cell,4.512207,24.399157,253,1.1831881999969482
10X_P4_7_ACCTTTACAAGTAATG,3-M-8,B cell,0,B cell,-3.1555996,-0.8251058,254,0.7147387266159058
10X_P4_7_ACCTTTACAGGCAGTA,3-M-8,macrophage,5,macrophage,4.6328726,13.955157,255,2.41694450378418
10X_P4_7_ACCTTTACATCTACGA,3-M-8,B cell,1,Unmatched_1,-2.3705513,4.824426,256,1.0818599462509155
10X_P4_7_ACCTTTACATGCCCGA,3-M-8,B cell,0,B cell,-3.7697089,-0.32447836,257,0.9765987396240234
10X_P4_7_ACCTTTAGTAGGCATG,3-M-8,B cell,0,B cell,-1.873615,3.1703374,258,0.8074945211410522
10X_P4_7_ACCTTTATCATCGCTC,3-M-8,B cell,0,B cell,-0.21003978,-0.8417032,259,0.4739615023136139
10X_P4_7_ACCTTTATCCGCGCAA,3-M-8,B cell,0,B cell,-0.83603543,0.74959326,260,0.4799695312976837
10X_P4_7_ACGAGCCAGCCGCCTA,3-M-8,B cell,0,B cell,-2.639243,-1.105256,261,0.7362527847290039
10X_P4_7_ACGAGCCAGCTAAGAT,3-M-8,T cell,3,T cell,4.864722,24.462132,262,1.2020574808120728
10X_P4_7_ACGAGCCAGTGGGCTA,3-M-8,B cell,1,Unmatched_1,-1.7310878,6.1163683,263,0.5397473573684692
10X_P4_7_ACGAGCCGTAAGAGGA,3-M-8,natural killer cell,6,natural killer cell,7.098617,26.49493,264,1.732701539993286
10X_P4_7_ACGAGCCGTGAGTGAC,3-M-8,B cell,0,B cell,-1.3505323,1.6947149,265,0.5273731350898743
10X_P4_7_ACGAGCCGTTAAGATG,3-M-8,B cell,0,B cell,-2.9270942,0.069257684,266,0.4863804578781128
10X_P4_7_ACGAGCCGTTAAGGGC,3-M-8,B cell,4,Unmatched_4,-3.9304128,4.3161993,267,0.9579812288284302
10X_P4_7_ACGAGCCGTTATTCTC,3-M-8,B cell,4,Unmatched_4,-4.515704,4.4592214,268,0.8808185458183289
10X_P4_7_ACGAGGAAGAAACCGC,3-M-8,B cell,4,Unmatched_4,-5.076428,4.318778,269,1.0003880262374878
10X_P4_7_ACGAGGAAGCGATGAC,3-M-8,T cell,3,T cell,3.4436915,23.731577,270,0.6624255180358887
10X_P4_7_ACGAGGAAGTCCTCCT,3-M-8,B cell,0,B cell,-2.5995903,0.74093014,271,0.6890280246734619
10X_P4_7_ACGAGGAGTAAACCTC,3-M-8,T cell,3,T cell,2.851935,23.259258,272,0.9621938467025756
10X_P4_7_ACGAGGAGTCTAGTCA,3-M-8,B cell,0,B cell,-0.14702745,1.9188225,273,0.5925706624984741
10X_P4_7_ACGAGGATCCAAGTAC,3-M-8,T cell,2,Unmatched_2,2.9799824,25.960909,274,0.7189626693725586
10X_P4_7_ACGATACAGAACAATC,3-M-8,B cell,4,Unmatched_4,-3.897208,4.389083,275,1.2388001680374146
10X_P4_7_ACGATACAGATCGATA,3-M-8,B cell,0,B cell,-2.6189187,0.74775153,276,0.4332489967346191
10X_P4_7_ACGATACAGCTGCGAA,3-M-8,B cell,12,Unmatched_12,9.195853,9.654939,277,4.070825576782227
10X_P4_7_ACGATACCACACATGT,3-M-8,B cell,1,Unmatched_1,-1.7509707,6.3600483,278,0.5472631454467773
10X_P4_7_ACGATACGTGCCTTGG,3-M-8,B cell,4,Unmatched_4,-5.080659,2.8368025,279,1.0928579568862915
10X_P4_7_ACGATACTCAAGAAGT,3-M-8,T cell,3,T cell,3.7255127,23.47674,280,0.7696691751480103
10X_P4_7_ACGATACTCAATCTCT,3-M-8,B cell,4,Unmatched_4,-5.096639,4.2353344,281,1.1449410915374756
10X_P4_7_ACGATACTCATCATTC,3-M-8,B cell,0,B cell,-2.172082,-0.2579794,282,0.4533144235610962
10X_P4_7_ACGATACTCTACTATC,3-M-8,T cell,2,Unmatched_2,2.9306793,26.284882,283,1.0353692770004272
10X_P4_7_ACGATGTAGCAACGGT,3-M-8,B cell,7,Unmatched_7,-5.44484,1.262983,284,1.1931064128875732
10X_P4_7_ACGATGTAGTGGAGAA,3-M-8,B cell,7,Unmatched_7,-5.706232,1.1952622,285,1.4566614627838137
10X_P4_7_ACGATGTGTAGCGTGA,3-M-8,T cell,3,T cell,3.6505237,23.73642,286,1.0790565013885498
10X_P4_7_ACGATGTGTTGTTTGG,3-M-8,B cell,0,B cell,-1.7806615,3.5415714,287,0.800643265247345
10X_P4_7_ACGATGTTCAGCTGGC,3-M-8,B cell,3,T cell,4.3109865,24.346313,288,0.9095465540885924
10X_P4_7_ACGATGTTCTCAAGTG,3-M-8,macrophage,5,macrophage,4.526578,13.847779,289,2.761932611465454
10X_P4_7_ACGATGTTCTGAAAGA,3-M-8,B cell,0,B cell,-2.7567434,2.9577248,290,0.6995002031326294
10X_P4_7_ACGCAGCAGGGATCTG,3-M-8,B cell,0,B cell,-3.057414,1.760683,291,0.4924086928367615
10X_P4_7_ACGCAGCCAGCGATCC,3-M-8,dendritic cell,10,dendritic cell,15.926911,-0.09404958,292,3.166593551635742
10X_P4_7_ACGCAGCGTACCGTAT,3-M-8,B cell,7,Unmatched_7,-5.5925236,1.0364925,293,1.4295275211334229
10X_P4_7_ACGCAGCGTACGCACC,3-M-8,B cell,0,B cell,-2.0145733,1.4780821,294,0.4626200795173645
10X_P4_7_ACGCAGCTCGTAGGTT,3-M-8,B cell,0,B cell,-4.091054,1.5534668,295,0.6109604835510254
10X_P4_7_ACGCCAGAGTGGTAGC,3-M-8,B cell,1,Unmatched_1,-1.8833355,4.073495,296,0.626215934753418
10X_P4_7_ACGCCAGCAAACCCAT,3-M-8,B cell,0,B cell,-3.9711022,1.177083,297,0.7538498044013977
10X_P4_7_ACGCCAGCAAACCTAC,3-M-8,B cell,0,B cell,-3.0622842,2.7348971,298,0.9038515686988832
10X_P4_7_ACGCCAGCACCAGATT,3-M-8,B cell,0,B cell,-3.4846585,-0.09227112,299,0.5460055470466614
10X_P4_7_ACGCCAGCAGGGTATG,3-M-8,B cell,0,B cell,-3.3642426,-0.51109844,300,0.9834015965461732
10X_P4_7_ACGCCAGGTAAAGTCA,3-M-8,B cell,0,B cell,-2.1994398,3.1749716,301,1.172348141670227
10X_P4_7_ACGCCAGGTATCTGCA,3-M-8,B cell,7,Unmatched_7,-5.692676,1.1031044,302,1.575316309928894
10X_P4_7_ACGCCAGGTCCGTTAA,3-M-8,B cell,0,B cell,-1.6983899,0.49417406,303,0.5637006759643555
10X_P4_7_ACGCCAGGTTGTCTTT,3-M-8,B cell,0,B cell,-0.7418859,0.13756846,304,0.5765534043312073
10X_P4_7_ACGCCAGGTTTCGCTC,3-M-8,B cell,0,B cell,-0.41061705,-1.132067,305,0.5710232853889465
10X_P4_7_ACGCCAGTCAACACGT,3-M-8,B cell,0,B cell,-1.2008314,2.0887353,306,0.5572216510772705
10X_P4_7_ACGCCAGTCCTCAACC,3-M-8,B cell,0,B cell,-3.458736,0.4944417,307,1.0154069662094116
10X_P4_7_ACGCCAGTCTCCAGGG,3-M-8,B cell,0,B cell,-1.0459963,3.7262633,308,0.783902645111084
10X_P4_7_ACGCCAGTCTCTGCTG,3-M-8,B cell,1,Unmatched_1,-2.1864824,5.4186997,309,0.8407605290412903
10X_P4_7_ACGCCGAAGCATCATC,3-M-8,B cell,0,B cell,-0.12835929,1.7942036,310,0.5801123380661011
10X_P4_7_ACGCCGAAGGAGTTTA,3-M-8,B cell,0,B cell,-1.7576752,-1.2563561,311,0.7277648448944092
10X_P4_7_ACGCCGACACTTCGAA,3-M-8,B cell,1,Unmatched_1,-2.8361483,4.1379614,312,0.8645347356796265
10X_P4_7_ACGCCGAGTACTCGCG,3-M-8,B cell,7,Unmatched_7,-5.034853,1.5197927,313,0.938434600830078
10X_P4_7_ACGCCGATCCGTTGCT,3-M-8,B cell,0,B cell,-3.2131522,0.7982537,314,0.42786505818367
10X_P4_7_ACGCCGATCGCAAACT,3-M-8,B cell,0,B cell,-1.6680641,1.2315203,315,0.4373861253261566
10X_P4_7_ACGCCGATCGGGAGTA,3-M-8,B cell,0,B cell,-4.181808,0.04050469,316,1.0475304126739502
10X_P4_7_ACGGAGAAGTGACTCT,3-M-8,T cell,3,T cell,4.4628677,24.580553,317,1.608975887298584
10X_P4_7_ACGGAGAAGTGGAGTC,3-M-8,B cell,0,B cell,-1.1969836,3.6097572,318,0.861505925655365
10X_P4_7_ACGGAGACAATGGAGC,3-M-8,B cell,0,B cell,0.30498412,2.5224984,319,0.616249144077301
10X_P4_7_ACGGAGACAGGGCATA,3-M-8,B cell,0,B cell,-5.1425304,0.5507486,320,1.443284034729004
10X_P4_7_ACGGAGACATCGGACC,3-M-8,T cell,3,T cell,2.790284,23.01386,321,0.8498496413230896
10X_P4_7_ACGGAGACATGGAATA,3-M-8,B cell,0,B cell,-3.7454631,2.6040647,322,0.7606240510940552
10X_P4_7_ACGGAGATCGCACTCT,3-M-8,B cell,0,B cell,-2.3395143,1.4424419,323,0.8032535314559937
10X_P4_7_ACGGAGATCTTGTTTG,3-M-8,B cell,0,B cell,-3.3323162,-0.64916164,324,0.4897748529911041
10X_P4_7_ACGGCCACAATGCCAT,3-M-8,natural killer cell,6,natural killer cell,7.334208,26.21369,325,2.1945152282714844
10X_P4_7_ACGGCCACACAAGTAA,3-M-8,B cell,11,Unmatched_11,-3.6567924,7.7083764,326,1.1616411209106443
10X_P4_7_ACGGCCAGTGCTCTTC,3-M-8,B cell,0,B cell,-0.31049296,0.15539028,327,0.6248250603675842
10X_P4_7_ACGGCCATCGAGGTAG,3-M-8,B cell,0,B cell,-1.6602445,1.2629486,328,0.5102478861808777
10X_P4_7_ACGGGCTAGCAATATG,3-M-8,T cell,2,Unmatched_2,4.122066,26.502897,329,1.2596087455749512
10X_P4_7_ACGGGCTAGCAATCTC,3-M-8,B cell,0,B cell,-3.3630557,-0.07855037,330,1.1506901979446411
10X_P4_7_ACGGGCTAGCGTGTCC,3-M-8,B cell,0,B cell,-2.7850437,-0.14724024,331,0.9090293645858764
10X_P4_7_ACGGGCTCAGTCACTA,3-M-8,B cell,4,Unmatched_4,-4.197034,3.6237693,332,1.4080816507339478
10X_P4_7_ACGGGCTGTTCTCATT,3-M-8,B cell,0,B cell,-1.9238317,-0.77874476,333,0.975086510181427
10X_P4_7_ACGGGCTTCTACCAGA,3-M-8,B cell,4,Unmatched_4,-4.145687,3.9206223,334,1.4383091926574707
10X_P4_7_ACGGGTCCAGCCAATT,3-M-8,B cell,0,B cell,-0.92722017,1.6258439,335,1.141116738319397
10X_P4_7_ACGGGTCGTGGTTTCA,3-M-8,B cell,0,B cell,-0.3061454,-0.63615334,336,1.1874568462371826
10X_P4_7_ACGGGTCGTTCCGGCA,3-M-8,B cell,0,B cell,-3.3268075,0.016976163,337,0.583880603313446
10X_P4_7_ACGGGTCTCTCGCTTG,3-M-8,B cell,4,Unmatched_4,-2.5886085,8.846618,338,1.0980290174484253
10X_P4_7_ACGTCAACACGGTGTC,3-M-8,B cell,0,B cell,-0.47536466,-0.24438733,339,1.0727890729904177
10X_P4_7_ACGTCAAGTCATCGGC,3-M-8,B cell,0,B cell,-1.0908602,2.9549248,340,0.6888875365257263
10X_P4_7_ACGTCAAGTTGATTCG,3-M-8,macrophage,5,macrophage,12.570358,14.826185,341,1.8543496131896973
10X_P4_7_ACGTCAATCGAACGGA,3-M-8,macrophage,5,macrophage,11.91273,14.641636,342,2.4189236164093018
10X_P4_7_ACGTCAATCGGTCTAA,3-M-8,macrophage,5,macrophage,13.440306,15.41406,343,1.4574615955352783
10X_P4_7_ACTATCTAGAGTGAGA,3-M-8,B cell,0,B cell,-3.0443492,0.37533277,344,0.8259643316268921
10X_P4_7_ACTATCTAGTGGCACA,3-M-8,B cell,0,B cell,-4.88866,0.42807475,345,1.1144431829452517
10X_P4_7_ACTATCTGTACAGTTC,3-M-8,B cell,1,Unmatched_1,-2.3153617,6.1280756,346,0.6791894435882568
10X_P4_7_ACTATCTGTACCGAGA,3-M-8,B cell,0,B cell,-0.61127037,0.69691956,347,0.4637972116470337
10X_P4_7_ACTATCTGTACGAAAT,3-M-8,T cell,3,T cell,5.123108,24.813625,348,1.091504454612732
10X_P4_7_ACTATCTGTCCTCTTG,3-M-8,T cell,9,Unmatched_9,6.9829593,23.703535,349,2.172133207321167
10X_P4_7_ACTATCTGTGACGCCT,3-M-8,T cell,2,Unmatched_2,2.6357398,24.994907,350,1.0712443590164185
10X_P4_7_ACTATCTGTTATCACG,3-M-8,B cell,0,B cell,-1.4240967,0.22558811,351,0.8550153970718384
10X_P4_7_ACTATCTTCCTAGTGA,3-M-8,B cell,0,B cell,-2.0447793,-1.145056,352,0.7447779178619385
10X_P4_7_ACTATCTTCTCATTCA,3-M-8,B cell,0,B cell,-1.2234718,-0.11819277,353,1.2196133136749268
10X_P4_7_ACTGAACAGAAGCCCA,3-M-8,B cell,0,B cell,-0.78153634,-1.3335196,354,0.8620931506156921
10X_P4_7_ACTGAACAGTCCGGTC,3-M-8,B cell,0,B cell,-2.2287986,-0.01204863,355,0.7065642476081848
10X_P4_7_ACTGAACCATTGAGCT,3-M-8,B cell,0,B cell,-3.9111977,1.0679584,356,0.8390697836875916
10X_P4_7_ACTGAACGTTCGCGAC,3-M-8,T cell,2,Unmatched_2,2.8741827,25.8612,357,0.851363480091095
10X_P4_7_ACTGAACTCCCAAGTA,3-M-8,B cell,0,B cell,-3.3523731,0.9049125,358,0.5461634993553162
10X_P4_7_ACTGAGTAGCGTTTAC,3-M-8,B cell,0,B cell,-1.4475756,-0.10143706,359,0.5423111915588379
10X_P4_7_ACTGAGTCAAAGAATC,3-M-8,B cell,0,B cell,-2.9731169,4.037406,360,0.9881994724273682
10X_P4_7_ACTGAGTGTATAGTAG,3-M-8,B cell,0,B cell,-2.177913,3.2217762,361,0.9432366490364076
10X_P4_7_ACTGAGTGTGTGGTTT,3-M-8,B cell,0,B cell,-0.33347824,2.846441,362,0.8625568747520447
10X_P4_7_ACTGAGTTCAGTTAGC,3-M-8,B cell,0,B cell,-2.4120705,2.0242414,363,0.7078709602355957
10X_P4_7_ACTGATGAGAAACGAG,3-M-8,T cell,3,T cell,3.478437,22.8597,364,0.6576879620552063
10X_P4_7_ACTGATGAGAAGGACA,3-M-8,B cell,0,B cell,-3.7766213,2.984694,365,0.602769136428833
10X_P4_7_ACTGATGAGCTATGCT,3-M-8,B cell,0,B cell,-0.1252868,-0.027154474,366,0.615795910358429
10X_P4_7_ACTGATGGTCGGCATC,3-M-8,B cell,0,B cell,-2.198942,0.22297423,367,0.4911908507347107
10X_P4_7_ACTGATGGTGCCTGTG,3-M-8,B cell,1,Unmatched_1,-1.9848051,5.270957,368,0.5779752135276794
10X_P4_7_ACTGATGGTGCGAAAC,3-M-8,T cell,2,Unmatched_2,2.999809,25.652124,369,0.918643832206726
10X_P4_7_ACTGATGGTTGCCTCT,3-M-8,B cell,0,B cell,-0.20289624,1.8817917,370,0.7322982549667358
10X_P4_7_ACTGATGTCCACGTGG,3-M-8,B cell,0,B cell,-1.1363137,0.86131084,371,0.5894753336906433
10X_P4_7_ACTGATGTCGGGAGTA,3-M-8,B cell,0,B cell,-1.2607554,1.1624414,372,0.5467048287391663
10X_P4_7_ACTGATGTCGTACCGG,3-M-8,B cell,0,B cell,0.31407657,0.16889836,373,0.5123696327209473
10X_P4_7_ACTGATGTCGTTACGA,3-M-8,B cell,0,B cell,-3.4462442,-0.060639277,374,0.5280721187591553
10X_P4_7_ACTGCTCAGCTAGTGG,3-M-8,B cell,0,B cell,-2.834447,3.1680636,375,0.755823016166687
10X_P4_7_ACTGCTCAGGGCATGT,3-M-8,B cell,0,B cell,-0.47172454,1.4996204,376,0.5241272449493408
10X_P4_7_ACTGCTCAGTAGGCCA,3-M-8,B cell,0,B cell,-1.101679,-1.3693495,377,0.695104718208313
10X_P4_7_ACTGCTCTCGTACGGC,3-M-8,T cell,2,Unmatched_2,2.6468172,25.441584,378,1.0991871356964111
10X_P4_7_ACTGTCCAGACATAAC,3-M-8,B cell,0,B cell,-1.5484356,3.6296082,379,0.7520142793655396
10X_P4_7_ACTGTCCCACGACGAA,3-M-8,B cell,0,B cell,-1.5492222,3.6519916,380,0.6327152252197266
10X_P4_7_ACTGTCCCATGCCTAA,3-M-8,B cell,0,B cell,-1.5478383,0.9365588,381,0.5526984930038452
10X_P4_7_ACTTACTAGTACGCCC,3-M-8,B cell,0,B cell,-1.212118,3.0758276,382,0.9901878833770752
10X_P4_7_ACTTACTCAATTGCTG,3-M-8,B cell,0,B cell,-1.9318902,0.6613807,383,0.8134660124778748
10X_P4_7_ACTTACTCAGATAATG,3-M-8,T cell,3,T cell,3.5396972,22.899977,384,0.6275789141654968
10X_P4_7_ACTTACTCATTAGCCA,3-M-8,macrophage,5,macrophage,12.631911,14.87322,385,2.1273107528686523
10X_P4_7_ACTTACTGTTTGGCGC,3-M-8,B cell,0,B cell,-3.1370056,1.2080299,386,0.4868911802768707
10X_P4_7_ACTTACTTCACTTCAT,3-M-8,macrophage,5,macrophage,11.975917,14.655173,387,2.5507681369781494
10X_P4_7_ACTTGTTCAAGTACCT,3-M-8,B cell,7,Unmatched_7,-5.5767913,1.0419288,388,1.3997461795806885
10X_P4_7_ACTTGTTCAGCTGCAC,3-M-8,B cell,0,B cell,-0.7293837,0.36974657,389,0.7267102003097534
10X_P4_7_ACTTGTTGTAGGCTGA,3-M-8,B cell,0,B cell,-0.9039493,2.123367,390,0.9526953101158142
10X_P4_7_ACTTGTTTCACGGTTA,3-M-8,B cell,0,B cell,-3.0823405,0.5995977,391,0.4979430735111236
10X_P4_7_ACTTGTTTCGATAGAA,3-M-8,B cell,0,B cell,-0.72580856,-0.48893547,392,0.8465073704719543
10X_P4_7_ACTTTCAAGCTGATAA,3-M-8,B cell,1,Unmatched_1,-1.1750861,5.5396686,393,0.7870822548866272
10X_P4_7_ACTTTCAAGTGCCAGA,3-M-8,B cell,0,B cell,-3.5429034,1.3775195,394,1.0844948291778564
10X_P4_7_ACTTTCACACCAGGTC,3-M-8,B cell,0,B cell,0.15942848,0.5280481,395,0.4885591864585876
10X_P4_7_ACTTTCACATACAGCT,3-M-8,T cell,2,Unmatched_2,2.6380312,26.295551,396,0.7657411098480225
10X_P4_7_ACTTTCAGTAAATGAC,3-M-8,B cell,0,B cell,-3.7956636,2.3723855,397,0.5934757590293884
10X_P4_7_ACTTTCAGTACAAGTA,3-M-8,B cell,0,B cell,-1.8568131,0.13890065,398,0.7495419979095459
10X_P4_7_ACTTTCAGTCAAAGAT,3-M-8,B cell,0,B cell,-2.0085485,-1.1031855,399,0.9419413805007936
10X_P4_7_ACTTTCAGTTCGCGAC,3-M-8,B cell,0,B cell,-3.0075576,1.4131298,400,0.5062055587768555
10X_P4_7_ACTTTCAGTTTGCATG,3-M-8,B cell,4,Unmatched_4,-3.717757,4.0561004,401,0.8034511208534241
10X_P4_7_ACTTTCATCGCCTGTT,3-M-8,B cell,0,B cell,-1.1755123,0.1616052,402,0.6447612047195435
10X_P4_7_ACTTTCATCTCGGACG,3-M-8,B cell,0,B cell,-1.0784239,-0.95306486,403,0.7676642537117004
10X_P4_7_ACTTTCATCTTTACGT,3-M-8,B cell,0,B cell,-2.7658017,0.64064735,404,0.6966549158096313
10X_P4_7_AGAATAGAGGGTCTCC,3-M-8,T cell,2,Unmatched_2,4.0540733,26.313576,405,1.0195000171661377
10X_P4_7_AGAATAGCAGATGGCA,3-M-8,B cell,0,B cell,-3.3370497,0.06758822,406,0.4615480601787567
10X_P4_7_AGAATAGGTCAAGCGA,3-M-8,T cell,3,T cell,4.624884,24.56017,407,1.2888716459274292
10X_P4_7_AGAATAGGTCATTAGC,3-M-8,B cell,7,Unmatched_7,-5.615556,1.0548877,408,1.4722071886062622
10X_P4_7_AGAATAGGTGACTCAT,3-M-8,B cell,0,B cell,-1.1769834,1.8877703,409,0.5818537473678589
10X_P4_7_AGAATAGGTTCCACAA,3-M-8,B cell,0,B cell,-2.480374,0.54751587,410,0.5003259181976318
10X_P4_7_AGAATAGTCGGTGTTA,3-M-8,B cell,0,B cell,-3.5441034,0.6360561,411,0.5384708642959595
10X_P4_7_AGACGTTAGGTAGCTG,3-M-8,T cell,3,T cell,3.3446374,23.097824,412,0.6173651814460754
10X_P4_7_AGACGTTTCACTTATC,3-M-8,B cell,0,B cell,-3.0179667,1.114739,413,0.6757544875144958
10X_P4_7_AGACGTTTCCACGCAG,3-M-8,B cell,0,B cell,-1.1422437,0.14253184,414,0.8156397342681885
10X_P4_7_AGAGCGAAGCGTTCCG,3-M-8,B cell,0,B cell,-0.5789617,0.70855284,415,0.6916694641113281
10X_P4_7_AGAGCGAAGGCCCTCA,3-M-8,B cell,0,B cell,-0.5975915,1.3245853,416,0.696198582649231
10X_P4_7_AGAGCGAAGTGGCACA,3-M-8,B cell,0,B cell,-0.21766785,0.7835986,417,0.6154502630233765
10X_P4_7_AGAGCGAAGTTGAGAT,3-M-8,B cell,0,B cell,-4.5558233,0.19872336,418,0.5496336221694946
10X_P4_7_AGAGCGACAGGGAGAG,3-M-8,B cell,7,Unmatched_7,-5.4956846,1.1309874,419,1.03676176071167
10X_P4_7_AGAGCGACAGTATCTG,3-M-8,T cell,3,T cell,3.6219146,22.995016,420,0.7631693482398987
10X_P4_7_AGAGCGAGTAAGTTCC,3-M-8,T cell,3,T cell,4.7079067,25.102835,421,1.9429675340652464
10X_P4_7_AGAGCGAGTCGCCATG,3-M-8,B cell,0,B cell,-1.5859902,2.945104,422,0.8760483860969543
10X_P4_7_AGAGCGAGTCTAAACC,3-M-8,B cell,1,Unmatched_1,-2.9704537,4.089249,423,1.3190622329711914
10X_P4_7_AGAGCGAGTGTGTGCC,3-M-8,B cell,0,B cell,-2.6917214,0.19070637,424,0.7377831339836121
10X_P4_7_AGAGCGAGTTCCTCCA,3-M-8,B cell,0,B cell,-1.4489715,2.6287785,425,1.4392818212509155
10X_P4_7_AGAGCGATCCGAATGT,3-M-8,B cell,1,Unmatched_1,-2.0467167,5.587717,426,0.4961791336536407
10X_P4_7_AGAGCTTAGAATTGTG,3-M-8,B cell,0,B cell,-0.486301,0.89214563,427,0.5027766227722168
10X_P4_7_AGAGCTTCACCGTTGG,3-M-8,B cell,7,Unmatched_7,-5.2660885,1.264468,428,1.2763742208480835
10X_P4_7_AGAGCTTCACGAGGTA,3-M-8,B cell,1,Unmatched_1,-0.87625444,6.184468,429,0.8538232445716858
10X_P4_7_AGAGCTTCACGGATAG,3-M-8,macrophage,5,macrophage,11.87257,14.626224,430,2.741931676864624
10X_P4_7_AGAGCTTGTTACGCGC,3-M-8,B cell,0,B cell,-1.2648453,2.9076984,431,1.0383387804031372
10X_P4_7_AGAGCTTTCAACGAAA,3-M-8,natural killer cell,6,natural killer cell,6.61265,25.511011,432,2.4463343620300293
10X_P4_7_AGAGCTTTCACTGGGC,3-M-8,B cell,1,Unmatched_1,-0.84937257,6.2045836,433,1.0035427808761597
10X_P4_7_AGAGCTTTCATCTGCC,3-M-8,B cell,0,B cell,-2.5065398,0.937159,434,0.4393016993999481
10X_P4_7_AGAGTGGAGTTATCGC,3-M-8,B cell,7,Unmatched_7,-5.1960382,1.3591574,435,0.8677542209625244
10X_P4_7_AGAGTGGCATATGCTG,3-M-8,macrophage,5,macrophage,13.438105,15.410849,436,1.711547613143921
10X_P4_7_AGAGTGGGTCTCCATC,3-M-8,macrophage,5,macrophage,11.10927,14.433813,437,1.4790459871292114
10X_P4_7_AGAGTGGGTTCCCGAG,3-M-8,macrophage,5,macrophage,11.258163,14.51955,438,1.5097235441207886
10X_P4_7_AGAGTGGGTTTGGCGC,3-M-8,T cell,2,Unmatched_2,2.6093843,25.732515,439,0.7710851430892944
10X_P4_7_AGATCTGAGAAACCGC,3-M-8,B cell,0,B cell,-0.6037462,-0.50392306,440,0.8445277810096741
10X_P4_7_AGATCTGAGCCAGTTT,3-M-8,B cell,1,Unmatched_1,-0.93841785,6.1405354,441,0.6706855297088623
10X_P4_7_AGATCTGAGTCATGCT,3-M-8,T cell,3,T cell,4.7005963,24.386902,442,0.9126273989677428
10X_P4_7_AGATCTGCACTCGACG,3-M-8,B cell,0,B cell,-2.0077004,-0.6379195,443,1.0745530128479004
10X_P4_7_AGATCTGCATAAGACA,3-M-8,B cell,1,Unmatched_1,-1.4056671,5.177185,444,0.7048646211624146
10X_P4_7_AGATCTGGTCGCGAAA,3-M-8,T cell,3,T cell,3.7585428,22.948612,445,0.7501612901687622
10X_P4_7_AGATCTGTCCCGACTT,3-M-8,T cell,2,Unmatched_2,2.676633,26.118319,446,0.585045337677002
10X_P4_7_AGATCTGTCGGAGCAA,3-M-8,B cell,4,Unmatched_4,9.106701,14.153204,447,1.7206010818481443
10X_P4_7_AGATCTGTCTTTACGT,3-M-8,B cell,0,B cell,-5.0200987,2.568966,448,1.3302268981933594
10X_P4_7_AGATTGCAGCAATATG,3-M-8,macrophage,5,macrophage,4.6367517,13.960862,449,2.2186670303344727
10X_P4_7_AGATTGCCACCATCCT,3-M-8,B cell,4,Unmatched_4,-5.0370293,2.9767737,450,1.3448712825775146
10X_P4_7_AGATTGCTCATCTGTT,3-M-8,natural killer cell,6,natural killer cell,6.454922,25.461626,451,2.2513628005981445
10X_P4_7_AGATTGCTCCCTCAGT,3-M-8,B cell,0,B cell,-3.4907937,0.044395912,452,1.118060827255249
10X_P4_7_AGATTGCTCGCACTCT,3-M-8,B cell,1,Unmatched_1,-1.2768775,6.306451,453,0.5768005847930908
10X_P4_7_AGATTGCTCGCCAGCA,3-M-8,dendritic cell,10,dendritic cell,15.83627,-0.002677769,454,4.54536771774292
10X_P4_7_AGATTGCTCTGTCTCG,3-M-8,B cell,0,B cell,-1.8461401,1.6565611,455,0.6283978819847107
10X_P4_7_AGCAGCCAGCCCGAAA,3-M-8,B cell,0,B cell,-2.8218074,2.1624465,456,0.6668370366096497
10X_P4_7_AGCAGCCAGTTAAGTG,3-M-8,B cell,0,B cell,-4.9346814,0.5058713,457,1.7151333093643188
10X_P4_7_AGCAGCCCAAGCGATG,3-M-8,T cell,2,Unmatched_2,2.6821356,26.382244,458,0.6616816520690918
10X_P4_7_AGCAGCCGTCAGAGGT,3-M-8,B cell,0,B cell,0.3024274,0.29735857,459,0.5174825191497803
10X_P4_7_AGCAGCCTCCACGAAT,3-M-8,B cell,0,B cell,-1.9782957,1.0786222,460,0.4431673288345337
10X_P4_7_AGCAGCCTCGTTTAGG,3-M-8,macrophage,5,macrophage,11.848308,14.625366,461,2.8559908866882324
10X_P4_7_AGCATACCAATGTAAG,3-M-8,B cell,0,B cell,-2.723892,0.87711424,462,0.5070985555648804
10X_P4_7_AGCATACCACCAGATT,3-M-8,natural killer cell,6,natural killer cell,6.6655555,25.548033,463,2.123568534851074
10X_P4_7_AGCATACGTTGTGGAG,3-M-8,B cell,7,Unmatched_7,-5.125401,1.5115403,464,1.1912328004837036
10X_P4_7_AGCCTAAAGTGTACCT,3-M-8,B cell,0,B cell,-1.1975871,1.6124334,465,0.8297134041786194
10X_P4_7_AGCCTAAAGTTAGCGG,3-M-8,B cell,0,B cell,-2.08736,3.019962,466,1.4943578243255615
10X_P4_7_AGCCTAACACCTCGGA,3-M-8,macrophage,5,macrophage,11.892105,14.635703,467,2.097792387008667
10X_P4_7_AGCCTAACATCGGTTA,3-M-8,B cell,0,B cell,-1.4956416,2.5010376,468,0.904592216014862
10X_P4_7_AGCCTAAGTTCACCTC,3-M-8,B cell,0,B cell,-1.8971267,0.30243868,469,0.5309651494026184
10X_P4_7_AGCCTAATCCTTGGTC,3-M-8,B cell,0,B cell,-2.062914,1.1562376,470,0.5966690182685852
10X_P4_7_AGCCTAATCTGGAGCC,3-M-8,T cell,2,Unmatched_2,1.9438161,25.69365,471,0.66869056224823
10X_P4_7_AGCGGTCCACACAGAG,3-M-8,T cell,2,Unmatched_2,4.1440635,26.539406,472,1.118118405342102
10X_P4_7_AGCGGTCCATCCTTGC,3-M-8,B cell,0,B cell,-0.92538613,1.0629705,473,0.8740639686584473
10X_P4_7_AGCGGTCCATGGTAGG,3-M-8,B cell,0,B cell,-1.4712844,2.2842784,474,0.7467648386955261
10X_P4_7_AGCGGTCGTCAAACTC,3-M-8,B cell,1,Unmatched_1,-1.8101642,4.3171926,475,0.6626791954040527
10X_P4_7_AGCGGTCGTGGCTCCA,3-M-8,B cell,4,Unmatched_4,8.947144,14.257647,476,1.832210183143616
10X_P4_7_AGCGGTCGTTGGTAAA,3-M-8,B cell,0,B cell,-0.81396747,1.7236431,477,0.8946631550788879
10X_P4_7_AGCGGTCTCCGTAGGC,3-M-8,B cell,0,B cell,-1.6950378,0.82530403,478,0.4770981669425964
10X_P4_7_AGCGGTCTCTCGTTTA,3-M-8,T cell,2,Unmatched_2,3.8815527,24.847834,479,1.4130319356918335
10X_P4_7_AGCGGTCTCTGAGTGT,3-M-8,B cell,11,Unmatched_11,-3.6979322,7.7608933,480,5.109276294708252
10X_P4_7_AGCGTATAGTCGCCGT,3-M-8,B cell,0,B cell,-0.5963853,-0.35436133,481,0.5744776725769043
10X_P4_7_AGCGTATCAACTTGAC,3-M-8,macrophage,5,macrophage,13.430714,15.40572,482,1.891505241394043
10X_P4_7_AGCGTATCACTGTGTA,3-M-8,B cell,1,Unmatched_1,-2.563676,4.9462886,483,1.046275615692139
10X_P4_7_AGCGTATGTGAGTGAC,3-M-8,B cell,4,Unmatched_4,9.134748,14.135433,484,1.743428349494934
10X_P4_7_AGCGTCGAGTGGGTTG,3-M-8,B cell,0,B cell,-0.139022,-0.590529,485,0.5024919509887695
10X_P4_7_AGCGTCGCACCGGAAA,3-M-8,B cell,0,B cell,-3.6439247,1.1969047,486,0.6372848749160767
10X_P4_7_AGCGTCGCAGATAATG,3-M-8,B cell,1,Unmatched_1,-1.0812405,5.851521,487,0.5331841707229614
10X_P4_7_AGCGTCGCAGGAACGT,3-M-8,T cell,3,T cell,2.7969346,23.259098,488,0.8458749651908875
10X_P4_7_AGCGTCGCATATACGC,3-M-8,B cell,0,B cell,-2.0928347,0.11197025,489,0.5362380146980286
10X_P4_7_AGCGTCGGTGCTAGCC,3-M-8,T cell,3,T cell,3.6078618,23.352268,490,0.5725486874580383
10X_P4_7_AGCGTCGGTGTTCGAT,3-M-8,B cell,1,Unmatched_1,-4.2787213,4.5374174,491,0.815884530544281
10X_P4_7_AGCGTCGTCTAACTGG,3-M-8,B cell,0,B cell,-0.7959443,2.391341,492,1.075682520866394
10X_P4_7_AGCGTCGTCTGCCAGG,3-M-8,natural killer cell,6,natural killer cell,7.3212833,26.072813,493,1.950487732887268
10X_P4_7_AGCTCCTAGGTGGGTT,3-M-8,B cell,0,B cell,0.06196174,1.8691875,494,0.8090221881866455
10X_P4_7_AGCTCCTGTAAGCACG,3-M-8,B cell,0,B cell,-1.7629796,0.17244303,495,0.5464333891868591
10X_P4_7_AGCTCCTGTACCGTAT,3-M-8,T cell,2,Unmatched_2,1.8653114,25.545282,496,0.9056524634361268
10X_P4_7_AGCTCCTGTATGAAAC,3-M-8,B cell,1,Unmatched_1,-1.487992,5.2547326,497,0.4624189436435699
10X_P4_7_AGCTCCTTCTCGAGTA,3-M-8,B cell,3,T cell,4.4706225,24.537767,498,1.229277729988098
10X_P4_7_AGCTCCTTCTCTAAGG,3-M-8,B cell,0,B cell,-2.2223728,0.73382175,499,0.5191252827644348
10X_P4_7_AGCTCTCAGACGCAAC,3-M-8,B cell,0,B cell,-0.115905076,0.4049684,500,0.470171570777893
10X_P4_7_AGCTCTCAGATATACG,3-M-8,T cell,3,T cell,4.7232614,24.377357,501,0.9233231544494628
10X_P4_7_AGCTCTCAGGTAGCTG,3-M-8,T cell,2,Unmatched_2,3.7356236,25.009542,502,1.290213704109192
10X_P4_7_AGCTCTCAGTCTCCTC,3-M-8,B cell,0,B cell,-3.9807072,-0.22652309,503,1.299983024597168
10X_P4_7_AGCTCTCTCGTACCGG,3-M-8,B cell,4,Unmatched_4,8.878246,14.27898,504,1.5606205463409424
10X_P4_7_AGCTCTCTCTATGTGG,3-M-8,B cell,4,Unmatched_4,-2.5933127,8.696853,505,0.7545590996742249
10X_P4_7_AGCTTGACATACTCTT,3-M-8,B cell,0,B cell,0.07890525,1.6840063,506,1.5661076307296753
10X_P4_7_AGCTTGACATCATCCC,3-M-8,B cell,0,B cell,-1.550651,1.9298476,507,0.666801929473877
10X_P4_7_AGCTTGAGTGGTAACG,3-M-8,B cell,5,macrophage,4.3990393,13.658416,508,2.120033025741577
10X_P4_7_AGCTTGATCACTATTC,3-M-8,B cell,0,B cell,-0.23739004,0.64255095,509,0.8787240982055664
10X_P4_7_AGCTTGATCATTCACT,3-M-8,B cell,0,B cell,-3.683205,-0.5752234,510,0.7503170967102051
10X_P4_7_AGCTTGATCGTGACAT,3-M-8,B cell,0,B cell,-0.4011908,1.4621304,511,0.490393579006195
10X_P4_7_AGCTTGATCGTTGACA,3-M-8,B cell,0,B cell,-1.0466086,0.7212462,512,0.6512618064880371
10X_P4_7_AGGCCACAGCGTGTCC,3-M-8,B cell,0,B cell,0.116148315,-0.4902251,513,0.5664424896240234
10X_P4_7_AGGCCACAGCTTATCG,3-M-8,T cell,2,Unmatched_2,2.3032415,25.494831,514,0.6295246481895447
10X_P4_7_AGGCCACAGGGTTCCC,3-M-8,T cell,2,Unmatched_2,2.7552874,25.231558,515,1.2975126504898071
10X_P4_7_AGGCCACAGTACATGA,3-M-8,T cell,2,Unmatched_2,2.0850468,26.291183,516,0.7847273349761963
10X_P4_7_AGGCCACCAGGGCATA,3-M-8,B cell,0,B cell,-2.2160885,1.060568,517,0.5439546704292297
10X_P4_7_AGGCCACCATCGACGC,3-M-8,B cell,0,B cell,-3.2272608,1.2764575,518,0.7703127861022949
10X_P4_7_AGGCCACTCACCATAG,3-M-8,B cell,0,B cell,-2.111865,0.5395947,519,1.1225379705429075
10X_P4_7_AGGCCACTCGGTGTTA,3-M-8,B cell,0,B cell,-4.6517105,0.2879956,520,1.1349279880523682
10X_P4_7_AGGCCACTCTACCTGC,3-M-8,T cell,2,Unmatched_2,2.2771547,26.033457,521,0.7430779337882996
10X_P4_7_AGGCCGTCAGGCTGAA,3-M-8,B cell,0,B cell,-0.9082032,1.5159792,522,1.043976068496704
10X_P4_7_AGGCCGTGTAAATGAC,3-M-8,T cell,3,T cell,3.402906,22.755852,523,1.0686136484146118
10X_P4_7_AGGCCGTGTATATGGA,3-M-8,B cell,0,B cell,-2.557106,0.79711115,524,0.4665451645851135
10X_P4_7_AGGCCGTGTGCCTTGG,3-M-8,B cell,0,B cell,-4.632703,0.22046804,525,1.1248725652694702
10X_P4_7_AGGCCGTTCACCGTAA,3-M-8,B cell,1,Unmatched_1,-2.7766523,4.13348,526,0.798525333404541
10X_P4_7_AGGCCGTTCATGTCCC,3-M-8,B cell,1,Unmatched_1,-3.8501787,6.329583,527,0.8102736473083496
10X_P4_7_AGGCCGTTCCTAGGGC,3-M-8,B cell,0,B cell,-2.0703256,1.0993872,528,0.4231551587581634
10X_P4_7_AGGGAGTAGTGTACGG,3-M-8,T cell,2,Unmatched_2,2.210147,26.318293,529,0.6142060160636902
10X_P4_7_AGGGAGTCAACACCCG,3-M-8,B cell,4,Unmatched_4,-2.5850158,8.698479,530,0.7624801993370056
10X_P4_7_AGGGAGTCACCATGTA,3-M-8,T cell,3,T cell,3.1058052,23.632856,531,0.543840765953064
10X_P4_7_AGGGAGTGTTACTGAC,3-M-8,T cell,9,Unmatched_9,7.0975885,23.591042,532,1.4089618921279907
10X_P4_7_AGGGAGTGTTCAACCA,3-M-8,T cell,2,Unmatched_2,3.5970297,25.307478,533,1.4817585945129397
10X_P4_7_AGGGAGTTCGCGTAGC,3-M-8,B cell,0,B cell,-3.9658587,2.246488,534,1.1750835180282593
10X_P4_7_AGGGAGTTCTGCGTAA,3-M-8,B cell,0,B cell,-0.07345945,0.09372206,535,0.552155077457428
10X_P4_7_AGGGATGAGCTGCGAA,3-M-8,B cell,1,Unmatched_1,-2.401693,3.9152076,536,0.7709964513778687
10X_P4_7_AGGGATGAGTTCGATC,3-M-8,B cell,0,B cell,-1.4352453,-0.5874341,537,0.6894198060035706
10X_P4_7_AGGGATGCAAGGACTG,3-M-8,T cell,2,Unmatched_2,4.649777,26.195347,538,1.03526508808136
10X_P4_7_AGGGATGCACGCGAAA,3-M-8,B cell,0,B cell,-2.146346,2.703809,539,0.7540658712387085
10X_P4_7_AGGGATGCAGCTCCGA,3-M-8,B cell,0,B cell,-2.2599275,-0.13409723,540,0.8653855919837952
10X_P4_7_AGGGATGTCACCATAG,3-M-8,macrophage,8,Unmatched_8,10.226606,12.1982155,541,2.716672420501709
10X_P4_7_AGGGATGTCATGCATG,3-M-8,T cell,3,T cell,3.6733384,22.941956,542,0.6726590394973755
10X_P4_7_AGGGATGTCCCATTAT,3-M-8,T cell,2,Unmatched_2,4.8082876,26.671465,543,1.4859309196472168
10X_P4_7_AGGGTGAAGCAATCTC,3-M-8,B cell,0,B cell,-0.4184884,-0.7364616,544,0.4844861626625061
10X_P4_7_AGGGTGAAGGTGATAT,3-M-8,B cell,0,B cell,-2.2789524,2.6881382,545,0.7473152279853821
10X_P4_7_AGGGTGAAGTGACTCT,3-M-8,T cell,3,T cell,5.2171955,24.854597,546,1.3695950508117676
10X_P4_7_AGGGTGACAAACAACA,3-M-8,B cell,0,B cell,-2.3849146,-0.8415818,547,0.6120252013206482
10X_P4_7_AGGGTGACAAGTAATG,3-M-8,B cell,0,B cell,-3.032439,2.548313,548,0.7601567506790161
10X_P4_7_AGGGTGACACCACCAG,3-M-8,B cell,1,Unmatched_1,-2.5521944,4.964601,549,0.6992931365966797
10X_P4_7_AGGGTGACAGCTGGCT,3-M-8,B cell,0,B cell,-3.9211338,1.7519714,550,1.2689131498336792
10X_P4_7_AGGGTGACATCGGGTC,3-M-8,T cell,9,Unmatched_9,7.1183944,23.57024,551,1.412495255470276
10X_P4_7_AGGGTGAGTCCGAACC,3-M-8,B cell,1,Unmatched_1,-1.0040829,6.2294703,552,0.5214309692382812
10X_P4_7_AGGGTGATCGGTGTTA,3-M-8,macrophage,5,macrophage,-2.931993,-1.1614348,553,2.7530574798583984
10X_P4_7_AGGTCATCAGACGCAA,3-M-8,B cell,0,B cell,-0.6714033,2.9879787,554,0.8926176428794861
10X_P4_7_AGGTCATCAGCATACT,3-M-8,B cell,0,B cell,-0.5842773,2.2100265,555,0.6905286312103271
10X_P4_7_AGGTCATCATGCTAGT,3-M-8,B cell,0,B cell,-1.3068243,1.743728,556,0.8565283417701721
10X_P4_7_AGGTCATGTTACTGAC,3-M-8,T cell,2,Unmatched_2,2.8659723,26.103859,557,0.6085403561592102
10X_P4_7_AGGTCATTCCCTCTTT,3-M-8,B cell,0,B cell,-1.3583056,-1.0239376,558,0.8557897806167603
10X_P4_7_AGGTCATTCGCCAAAT,3-M-8,B cell,4,Unmatched_4,9.203983,14.096554,559,2.836709499359131
10X_P4_7_AGGTCCGAGGACACCA,3-M-8,B cell,11,Unmatched_11,-3.6915991,7.753422,560,5.109276294708252
10X_P4_7_AGGTCCGAGGACCACA,3-M-8,B cell,0,B cell,0.14239432,0.053830784,561,0.8359936475753784
10X_P4_7_AGGTCCGCAATGTTGC,3-M-8,B cell,4,Unmatched_4,-4.4531674,4.2540674,562,1.0061582326889038
10X_P4_7_AGGTCCGTCAAACCAC,3-M-8,B cell,0,B cell,-0.6200608,1.8985013,563,1.5026098489761353
10X_P4_7_AGGTCCGTCCATTCTA,3-M-8,B cell,0,B cell,0.059212755,1.900476,564,1.5896202325820925
10X_P4_7_AGTAGTCTCAACCATG,3-M-8,B cell,4,Unmatched_4,-3.950931,4.2519517,565,0.8920890688896179
10X_P4_7_AGTAGTCTCTCAAACG,3-M-8,B cell,0,B cell,-0.9708341,0.8606525,566,0.5381304621696472
10X_P4_7_AGTAGTCTCTTGACGA,3-M-8,macrophage,5,macrophage,11.096818,14.427176,567,1.6919615268707275
10X_P4_7_AGTCTTTAGAATGTTG,3-M-8,dendritic cell,10,dendritic cell,15.926661,-0.09379791,568,3.302907705307007
10X_P4_7_AGTCTTTAGAATTGTG,3-M-8,B cell,7,Unmatched_7,-5.5841293,0.99744743,569,1.304158091545105
10X_P4_7_AGTCTTTAGACTCGGA,3-M-8,B cell,4,Unmatched_4,-3.8812673,4.3853636,570,0.932510793209076
10X_P4_7_AGTCTTTCACCATCCT,3-M-8,B cell,4,Unmatched_4,9.211624,14.084857,571,1.6081907749176023
10X_P4_7_AGTCTTTGTAGCGTAG,3-M-8,B cell,0,B cell,-4.7798853,0.33521366,572,0.5781316161155701
10X_P4_7_AGTCTTTTCGTCTGAA,3-M-8,B cell,0,B cell,-1.8553737,0.6186938,573,0.4189543724060058
10X_P4_7_AGTGAGGAGACACTAA,3-M-8,B cell,0,B cell,-0.63890326,-0.14058737,574,0.7413995265960693
10X_P4_7_AGTGAGGAGTGGGTTG,3-M-8,T cell,2,Unmatched_2,2.4011762,26.045467,575,0.703929603099823
10X_P4_7_AGTGAGGCAAGTCATC,3-M-8,B cell,0,B cell,0.22784838,-0.21354097,576,0.9685800671577454
10X_P4_7_AGTGAGGCACCAGATT,3-M-8,B cell,0,B cell,-0.1766644,0.8235464,577,0.6770346164703369
10X_P4_7_AGTGAGGCAGCTTAAC,3-M-8,B cell,0,B cell,-2.7891142,1.4284292,578,0.4769434332847595
10X_P4_7_AGTGAGGGTAGCAAAT,3-M-8,B cell,0,B cell,-0.7203472,1.1619859,579,0.8052608370780945
10X_P4_7_AGTGAGGGTGTTTGTG,3-M-8,B cell,1,Unmatched_1,-1.3196967,5.056454,580,0.5900049209594727
10X_P4_7_AGTGGGAAGAGGTACC,3-M-8,B cell,0,B cell,-2.4715192,2.0371227,581,0.5751886367797852
10X_P4_7_AGTGGGAAGCTGTCTA,3-M-8,B cell,0,B cell,-2.2594557,2.5706477,582,0.9430450797080994
10X_P4_7_AGTGGGACAAGCGATG,3-M-8,B cell,0,B cell,0.25733292,0.05338266,583,0.480483204126358
10X_P4_7_AGTGGGACACTTAAGC,3-M-8,B cell,0,B cell,-0.9494981,-0.60006493,584,0.750823974609375
10X_P4_7_AGTGGGACAGGAATCG,3-M-8,natural killer cell,6,natural killer cell,6.787365,25.684732,585,2.2203586101531982
10X_P4_7_AGTGGGAGTACATCCA,3-M-8,macrophage,5,macrophage,13.396093,15.376363,586,1.953105926513672
10X_P4_7_AGTGGGAGTGACGGTA,3-M-8,B cell,0,B cell,-1.3943602,1.8677266,587,0.5347440242767334
10X_P4_7_AGTGTCAAGACTTGAA,3-M-8,B cell,0,B cell,-1.8500111,0.59791845,588,0.4333025217056274
10X_P4_7_AGTGTCAAGAGTGACC,3-M-8,T cell,3,T cell,2.5134633,23.310318,589,0.6033827066421509
10X_P4_7_AGTGTCAAGATGTAAC,3-M-8,T cell,3,T cell,4.1176114,24.055363,590,1.4153892993927002
10X_P4_7_AGTGTCAAGTAAGTAC,3-M-8,B cell,0,B cell,-0.7863762,0.36828855,591,0.725648820400238
10X_P4_7_AGTGTCAGTACCTACA,3-M-8,B cell,0,B cell,-2.9448915,1.9123732,592,0.413693368434906
10X_P4_7_AGTGTCATCGCGTAGC,3-M-8,B cell,0,B cell,-0.31166464,-0.2618706,593,0.6474881172180176
10X_P4_7_AGTTGGTAGCGGATCA,3-M-8,B cell,0,B cell,-2.2567947,1.6717201,594,0.5025596618652344
10X_P4_7_AGTTGGTAGTACATGA,3-M-8,B cell,0,B cell,0.09750201,-0.3968363,595,0.5203076004981995
10X_P4_7_AGTTGGTAGTGACTCT,3-M-8,T cell,2,Unmatched_2,4.7917047,26.654812,596,1.9250346422195437
10X_P4_7_AGTTGGTCATCGGGTC,3-M-8,B cell,0,B cell,-1.9426035,-0.04488219,597,1.5289100408554075
10X_P4_7_AGTTGGTGTACCAGTT,3-M-8,B cell,0,B cell,-4.6820955,0.2639886,598,0.8506041169166565
10X_P4_7_AGTTGGTGTCGTCTTC,3-M-8,B cell,0,B cell,-1.5789558,1.1359415,599,0.7546740174293518
10X_P4_7_AGTTGGTGTTAAGAAC,3-M-8,T cell,3,T cell,4.5955663,24.3749,600,1.093831181526184
10X_P4_7_AGTTGGTTCACTCTTA,3-M-8,T cell,3,T cell,5.204536,24.864183,601,1.5498796701431274
10X_P4_7_AGTTGGTTCAGTGCAT,3-M-8,B cell,0,B cell,-1.7453079,1.1811999,602,0.4688026010990143
10X_P4_7_AGTTGGTTCCGAGCCA,3-M-8,B cell,0,B cell,-0.20692384,1.1317941,603,0.5897560119628906
10X_P4_7_ATAACGCAGCAACGGT,3-M-8,B cell,0,B cell,-1.6127657,2.0191216,604,0.5088052749633789
10X_P4_7_ATAACGCAGGTGTGGT,3-M-8,B cell,4,Unmatched_4,-3.9439633,3.225091,605,1.0478378534317017
10X_P4_7_ATAACGCAGTCGTTTG,3-M-8,macrophage,5,macrophage,12.697841,14.9226675,606,2.345665216445923
10X_P4_7_ATAACGCCAAGGACTG,3-M-8,T cell,3,T cell,3.4382434,22.907162,607,0.8410881757736206
10X_P4_7_ATAACGCGTAACGCGA,3-M-8,B cell,0,B cell,0.08907535,1.8171269,608,0.5021790266036987
10X_P4_7_ATAACGCGTAAGAGGA,3-M-8,T cell,3,T cell,4.5602565,24.557589,609,0.9954317808151244
10X_P4_7_ATAACGCGTCTGCAAT,3-M-8,B cell,6,natural killer cell,0.7382848,2.9104047,610,1.47770357131958
10X_P4_7_ATAACGCTCCACGTTC,3-M-8,B cell,0,B cell,-1.1419065,-0.68919003,611,0.68583744764328
10X_P4_7_ATAACGCTCCGAGCCA,3-M-8,B cell,0,B cell,-1.0384763,-1.3346758,612,0.5714430809020996
10X_P4_7_ATAACGCTCTCGATGA,3-M-8,B cell,0,B cell,-2.9096663,0.8901578,613,0.5259304046630859
10X_P4_7_ATAAGAGAGATATGGT,3-M-8,B cell,0,B cell,-0.9780742,0.45983616,614,0.5940043330192566
10X_P4_7_ATAAGAGAGGAATGGA,3-M-8,B cell,0,B cell,-4.9382725,0.46785077,615,0.967467486858368
10X_P4_7_ATAAGAGAGGACTGGT,3-M-8,B cell,0,B cell,-1.2943103,0.86690813,616,0.5763081312179565
10X_P4_7_ATAAGAGAGTCTCAAC,3-M-8,B cell,0,B cell,-0.26704195,-0.4404933,617,0.5784378051757812
10X_P4_7_ATAAGAGCAAACCCAT,3-M-8,B cell,1,Unmatched_1,-1.1801099,6.341417,618,0.4872403740882873
10X_P4_7_ATAAGAGCAGGGAGAG,3-M-8,B cell,0,B cell,-4.8791084,0.5066432,619,0.7395659685134888
10X_P4_7_ATAAGAGGTGCCTGGT,3-M-8,macrophage,5,macrophage,11.254891,14.530077,620,1.404725432395935
10X_P4_7_ATAAGAGTCAGATAAG,3-M-8,B cell,0,B cell,-3.2634797,-0.02832882,621,0.7597045302391052
10X_P4_7_ATAAGAGTCATATCGG,3-M-8,macrophage,5,macrophage,4.653676,13.973176,622,2.776655912399292
10X_P4_7_ATAAGAGTCCGTTGCT,3-M-8,B cell,0,B cell,0.014385699,0.36173925,623,1.0431997776031494
10X_P4_7_ATAAGAGTCGGTTAAC,3-M-8,natural killer cell,6,natural killer cell,6.8457117,25.755041,624,2.072354316711426
10X_P4_7_ATAGACCAGAGTGACC,3-M-8,B cell,1,Unmatched_1,-1.2647853,5.543005,625,0.4836853444576263
10X_P4_7_ATAGACCAGCTGCAAG,3-M-8,B cell,5,macrophage,-2.91643,-1.1509918,626,2.74603271484375
10X_P4_7_ATAGACCAGGATATAC,3-M-8,B cell,4,Unmatched_4,-2.5852895,8.868567,627,0.8344632983207703
10X_P4_7_ATAGACCCAATGGAGC,3-M-8,T cell,3,T cell,3.5179484,22.744923,628,0.7475119233131409
10X_P4_7_ATAGACCCAGGGCATA,3-M-8,T cell,2,Unmatched_2,2.9855676,26.237259,629,0.8453033566474915
10X_P4_7_ATAGACCCAGTCAGCC,3-M-8,T cell,3,T cell,4.706382,24.537222,630,1.4470657110214231
10X_P4_7_ATAGACCCATGTCCTC,3-M-8,B cell,1,Unmatched_1,-3.1051047,4.707465,631,0.7442333102226257
10X_P4_7_ATAGACCGTCCCTTGT,3-M-8,T cell,3,T cell,3.419753,23.132147,632,0.5590706467628479
10X_P4_7_ATAGACCGTTCCAACA,3-M-8,T cell,2,Unmatched_2,2.34571,26.23913,633,0.5242605805397034
10X_P4_7_ATAGACCTCAACTCTT,3-M-8,B cell,0,B cell,-0.98696846,-0.8652233,634,1.106547713279724
10X_P4_7_ATAGACCTCATATCGG,3-M-8,B cell,0,B cell,-2.322788,0.019147892,635,0.449995219707489
10X_P4_7_ATAGACCTCCGCGGTA,3-M-8,T cell,3,T cell,3.8361487,24.140923,636,0.9948580861091614
10X_P4_7_ATAGACCTCGGCATCG,3-M-8,B cell,0,B cell,-3.97431,3.3082542,637,1.1918736696243286
10X_P4_7_ATCACGAAGAGTTGGC,3-M-8,T cell,3,T cell,3.1424906,23.56493,638,0.7885251045227051
10X_P4_7_ATCACGAAGCGTTCCG,3-M-8,B cell,0,B cell,-1.5333656,-0.36505052,639,0.6134223341941833
10X_P4_7_ATCACGAAGGGTGTTG,3-M-8,B cell,0,B cell,-0.7499501,-0.5831272,640,0.8479127287864685
10X_P4_7_ATCACGACACACAGAG,3-M-8,T cell,2,Unmatched_2,2.7102847,25.768137,641,0.6079350709915161
10X_P4_7_ATCACGACATATACCG,3-M-8,T cell,3,T cell,2.90406,23.210052,642,0.7633532285690308
10X_P4_7_ATCACGACATCGATTG,3-M-8,B cell,0,B cell,-2.2970386,2.2330801,643,0.8741694092750549
10X_P4_7_ATCACGACATGGTCTA,3-M-8,B cell,0,B cell,-1.2051955,1.9624194,644,1.0786917209625244
10X_P4_7_ATCACGACATTCCTCG,3-M-8,B cell,0,B cell,-0.3005634,-0.861253,645,0.8011865019798279
10X_P4_7_ATCACGAGTGTGTGCC,3-M-8,B cell,0,B cell,-2.728845,-1.1511064,646,1.2835021018981934
10X_P4_7_ATCACGATCAAAGACA,3-M-8,macrophage,5,macrophage,13.449362,15.423036,647,1.67473042011261
10X_P4_7_ATCACGATCAGTCCCT,3-M-8,B cell,0,B cell,-0.93221897,2.6856782,648,0.878168523311615
10X_P4_7_ATCACGATCGAACTGT,3-M-8,macrophage,5,macrophage,12.566735,14.807514,649,1.965598702430725
10X_P4_7_ATCATCTAGAACTGTA,3-M-8,B cell,0,B cell,-2.5243032,1.1189686,650,0.7229323983192444
10X_P4_7_ATCATCTAGATGCGAC,3-M-8,B cell,1,Unmatched_1,-1.7455724,5.136297,651,0.7287153005599976
10X_P4_7_ATCATCTAGCCCAGCT,3-M-8,B cell,1,Unmatched_1,-0.9845192,6.104111,652,0.9840254187583924
10X_P4_7_ATCATCTAGCTACCGC,3-M-8,T cell,3,T cell,4.8362026,24.477707,653,0.9621192216873168
10X_P4_7_ATCATCTAGTTATCGC,3-M-8,B cell,0,B cell,-3.1837382,2.8951097,654,0.7304491996765137
10X_P4_7_ATCATCTAGTTTCCTT,3-M-8,B cell,0,B cell,-1.957392,1.2387028,655,0.5491762161254883
10X_P4_7_ATCATCTCATGGTCAT,3-M-8,B cell,0,B cell,-2.828327,0.4713286,656,0.6934444308280945
10X_P4_7_ATCATCTGTAATTGGA,3-M-8,B cell,0,B cell,-4.286657,2.1478984,657,0.8163430690765381
10X_P4_7_ATCATCTGTGTGAAAT,3-M-8,B cell,0,B cell,-2.5763848,2.2599986,658,0.6031717658042908
10X_P4_7_ATCATCTTCGGCGCTA,3-M-8,T cell,2,Unmatched_2,4.81124,26.665396,659,1.3965433835983276
10X_P4_7_ATCATGGCAACACGCC,3-M-8,B cell,1,Unmatched_1,-1.4631928,5.9004,660,0.8455011248588562
10X_P4_7_ATCATGGGTGTGGCTC,3-M-8,macrophage,5,macrophage,-2.9141884,-1.1642748,661,2.776928186416626
10X_P4_7_ATCATGGTCACATACG,3-M-8,B cell,0,B cell,-2.608872,1.6902815,662,0.5708021521568298
10X_P4_7_ATCATGGTCAGCTGGC,3-M-8,B cell,0,B cell,-4.4837284,0.2740932,663,0.7827702760696411
10X_P4_7_ATCATGGTCGCTTGTC,3-M-8,T cell,2,Unmatched_2,2.1828797,26.057585,664,0.5083239674568176
10X_P4_7_ATCCACCAGAGTGACC,3-M-8,B cell,0,B cell,-1.4117743,2.2819977,665,0.864208459854126
10X_P4_7_ATCCACCCAATCACAC,3-M-8,B cell,0,B cell,-2.853941,1.9580468,666,0.8214250206947327
10X_P4_7_ATCCACCGTAGGACAC,3-M-8,B cell,0,B cell,-3.796275,1.3343527,667,0.6240364909172058
10X_P4_7_ATCCACCGTATCTGCA,3-M-8,B cell,0,B cell,-3.4459522,0.17103437,668,0.4839096665382385
10X_P4_7_ATCCACCGTTAAGTAG,3-M-8,T cell,2,Unmatched_2,4.095323,25.734997,669,1.0297727584838867
10X_P4_7_ATCCACCTCCCTTGCA,3-M-8,B cell,1,Unmatched_1,-1.1670753,6.376371,670,0.6035469770431519
10X_P4_7_ATCCACCTCCTGCTTG,3-M-8,B cell,0,B cell,-3.2328806,-0.13783838,671,1.0099124908447266
10X_P4_7_ATCCACCTCTACCAGA,3-M-8,B cell,0,B cell,-1.554748,2.4730682,672,0.7560403347015381
10X_P4_7_ATCCGAAAGCAGATCG,3-M-8,macrophage,5,macrophage,12.57507,14.818683,673,1.7847505807876587
10X_P4_7_ATCCGAACACAGGAGT,3-M-8,B cell,0,B cell,-2.8344147,1.4615831,674,1.0100401639938354
10X_P4_7_ATCCGAACAGGTCTCG,3-M-8,T cell,5,macrophage,4.723445,25.36673,675,2.8559908866882324
10X_P4_7_ATCCGAACATATGCTG,3-M-8,B cell,1,Unmatched_1,-1.573389,5.442402,676,0.560895562171936
10X_P4_7_ATCCGAACATGGATGG,3-M-8,T cell,3,T cell,3.3474207,23.415169,677,0.7639956474304199
10X_P4_7_ATCCGAACATTGAGCT,3-M-8,B cell,1,Unmatched_1,-1.2994916,6.279944,678,0.8659155964851379
10X_P4_7_ATCGAGTAGAGCTTCT,3-M-8,B cell,0,B cell,-2.3465376,3.2932985,679,0.8044819235801697
10X_P4_7_ATCGAGTAGAGGTTAT,3-M-8,T cell,2,Unmatched_2,4.2637463,25.745035,680,1.2985020875930786
10X_P4_7_ATCGAGTAGCTAGCCC,3-M-8,T cell,3,T cell,4.3688245,24.245993,681,0.7855665683746338
10X_P4_7_ATCGAGTAGTGGGTTG,3-M-8,B cell,0,B cell,-0.43939728,-0.8679119,682,0.7453458309173584
10X_P4_7_ATCGAGTAGTGGTAGC,3-M-8,B cell,1,Unmatched_1,-1.5132151,6.101375,683,0.4914356768131256
10X_P4_7_ATCGAGTCAAAGTGCG,3-M-8,B cell,1,Unmatched_1,-1.3257581,5.9598436,684,0.6378845572471619
10X_P4_7_ATCGAGTCAAGTTAAG,3-M-8,B cell,0,B cell,-2.626127,0.7093845,685,0.574698805809021
10X_P4_7_ATCGAGTCACATGACT,3-M-8,B cell,7,Unmatched_7,-5.4614506,1.3204288,686,0.9436581134796144
10X_P4_7_ATCGAGTCACGTCTCT,3-M-8,B cell,14,Unmatched_14,8.195174,15.747604,687,3.210165023803711
10X_P4_7_ATCGAGTTCGAGAGCA,3-M-8,B cell,0,B cell,-0.44120753,-0.8618538,688,1.2899106740951538
10X_P4_7_ATCGAGTTCGGCCGAT,3-M-8,B cell,0,B cell,-2.329574,2.0914295,689,0.7265636324882507
10X_P4_7_ATCTACTAGCCGATTT,3-M-8,B cell,4,Unmatched_4,-5.0096416,4.352348,690,1.0635592937469482
10X_P4_7_ATCTACTAGGCAATTA,3-M-8,B cell,1,Unmatched_1,-4.9787893,1.9643306,691,1.5077593326568604
10X_P4_7_ATCTACTAGGGCTTCC,3-M-8,T cell,3,T cell,3.2771018,22.734505,692,0.9910976886749268
10X_P4_7_ATCTACTAGTACATGA,3-M-8,B cell,0,B cell,-1.108581,-0.6346235,693,0.7344487309455872
10X_P4_7_ATCTACTGTCTCCACT,3-M-8,natural killer cell,6,natural killer cell,6.3575277,25.411444,694,2.9965202808380127
10X_P4_7_ATCTACTTCACGAAGG,3-M-8,B cell,0,B cell,-0.4001916,0.5131451,695,0.8283752799034119
10X_P4_7_ATCTACTTCGTGACAT,3-M-8,B cell,0,B cell,-0.4343106,-0.17817934,696,1.023845076560974
10X_P4_7_ATCTGCCAGGTGTTAA,3-M-8,B cell,1,Unmatched_1,-3.876907,6.097829,697,0.5064955949783325
10X_P4_7_ATCTGCCAGTCCCACG,3-M-8,B cell,1,Unmatched_1,-3.4977636,6.3272357,698,0.5285627841949463
10X_P4_7_ATCTGCCCAAGGACAC,3-M-8,B cell,1,Unmatched_1,-1.6041656,5.7742796,699,0.555867075920105
10X_P4_7_ATCTGCCCATGTCGAT,3-M-8,B cell,0,B cell,-1.9671566,-0.77665406,700,1.1429822444915771
10X_P4_7_ATCTGCCTCACAGTAC,3-M-8,B cell,1,Unmatched_1,-2.7662976,4.9680915,701,1.185337781906128
10X_P4_7_ATCTGCCTCTTGAGGT,3-M-8,B cell,0,B cell,-2.2157533,0.90885043,702,0.4627550542354584
10X_P4_7_ATGAGGGAGAAGGTGA,3-M-8,B cell,0,B cell,-2.0193644,0.069614254,703,0.5864827632904053
10X_P4_7_ATGAGGGAGCCCAATT,3-M-8,B cell,1,Unmatched_1,-2.552354,4.271775,704,1.183258295059204
10X_P4_7_ATGAGGGAGCGATCCC,3-M-8,B cell,4,Unmatched_4,-5.036841,4.306012,705,0.7219008803367615
10X_P4_7_ATGAGGGAGTCGTACT,3-M-8,B cell,0,B cell,-0.8707409,-1.0025455,706,0.5446060299873352
10X_P4_7_ATGAGGGGTGACTACT,3-M-8,T cell,2,Unmatched_2,2.3514848,26.112837,707,0.8347326517105103
10X_P4_7_ATGAGGGTCAGATAAG,3-M-8,B cell,0,B cell,-2.0996215,0.83910143,708,0.3932300806045532
10X_P4_7_ATGAGGGTCCCTTGTG,3-M-8,B cell,0,B cell,-0.39609918,-0.46788615,709,1.129134178161621
10X_P4_7_ATGAGGGTCCGGGTGT,3-M-8,B cell,0,B cell,-2.3926058,2.1478586,710,0.5313937067985535
10X_P4_7_ATGCGATAGCAGCCTC,3-M-8,B cell,0,B cell,-1.313665,2.8305135,711,0.8630911111831665
10X_P4_7_ATGCGATAGCTATGCT,3-M-8,B cell,7,Unmatched_7,-5.1292048,1.359292,712,1.348691463470459
10X_P4_7_ATGCGATCACACTGCG,3-M-8,B cell,1,Unmatched_1,-1.8199325,4.2912917,713,0.737944483757019
10X_P4_7_ATGCGATCAGAAGCAC,3-M-8,B cell,1,Unmatched_1,-3.9688506,6.4247203,714,1.2366623878479004
10X_P4_7_ATGCGATTCAGGATCT,3-M-8,B cell,1,Unmatched_1,-1.431955,6.213466,715,0.5830242037773132
10X_P4_7_ATGCGATTCATGTGGT,3-M-8,B cell,0,B cell,-1.0212132,1.243286,716,0.8241429924964905
10X_P4_7_ATGCGATTCTGACCTC,3-M-8,B cell,0,B cell,-0.12890519,0.62465066,717,0.7298281192779541
10X_P4_7_ATGGGAGAGACCTAGG,3-M-8,natural killer cell,6,natural killer cell,7.1631465,26.202396,718,1.8784847259521484
10X_P4_7_ATGGGAGAGGGATCTG,3-M-8,B cell,4,Unmatched_4,8.845644,14.282695,719,1.6630663871765137
10X_P4_7_ATGGGAGCAAACAACA,3-M-8,T cell,3,T cell,3.985613,24.019606,720,0.9746241569519044
10X_P4_7_ATGGGAGCAGTTCATG,3-M-8,T cell,2,Unmatched_2,3.887636,24.835873,721,1.4580862522125244
10X_P4_7_ATGGGAGTCAGAAATG,3-M-8,B cell,0,B cell,-4.313331,1.4693575,722,0.9862236380577089
10X_P4_7_ATGGGAGTCTGAGTGT,3-M-8,B cell,1,Unmatched_1,-2.198644,4.663701,723,0.7370991110801697
10X_P4_7_ATGTGTGAGACTGTAA,3-M-8,B cell,1,Unmatched_1,-2.827548,4.9511957,724,0.706103503704071
10X_P4_7_ATGTGTGAGGGTTCCC,3-M-8,B cell,0,B cell,-0.07063852,1.8972238,725,0.8689329028129578
10X_P4_7_ATGTGTGAGTATGACA,3-M-8,B cell,0,B cell,-1.4739021,0.15061831,726,0.568157434463501
10X_P4_7_ATGTGTGCAAGACACG,3-M-8,B cell,0,B cell,-2.3588102,2.328431,727,0.5313751697540283
10X_P4_7_ATGTGTGCAGCGAACA,3-M-8,macrophage,8,Unmatched_8,10.305483,12.149471,728,2.5603744983673096
10X_P4_7_ATGTGTGCATCGGTTA,3-M-8,macrophage,5,macrophage,11.231984,14.514958,729,1.9278337955474851
10X_P4_7_ATGTGTGGTAGTGAAT,3-M-8,B cell,0,B cell,-1.3593017,1.9676007,730,0.4677335023880005
10X_P4_7_ATGTGTGTCAGATAAG,3-M-8,B cell,0,B cell,-3.3114038,1.1424743,731,0.5218669772148132
10X_P4_7_ATTACTCAGGAGTTGC,3-M-8,B cell,1,Unmatched_1,-2.4711277,5.5667543,732,0.737562358379364
10X_P4_7_ATTACTCAGGCAAAGA,3-M-8,macrophage,8,Unmatched_8,10.044656,12.341357,733,2.2951250076293945
10X_P4_7_ATTACTCGTATGGTTC,3-M-8,B cell,0,B cell,-2.098122,0.8612345,734,0.5573462843894958
10X_P4_7_ATTACTCTCGCGCCAA,3-M-8,T cell,2,Unmatched_2,4.280761,26.508894,735,0.9248276352882384
10X_P4_7_ATTATCCAGCTGCCCA,3-M-8,T cell,2,Unmatched_2,2.2966065,25.739885,736,0.836637020111084
10X_P4_7_ATTATCCAGGATGGAA,3-M-8,B cell,0,B cell,0.010939872,1.8819937,737,0.6398147940635681
10X_P4_7_ATTATCCCAAGGCTCC,3-M-8,B cell,0,B cell,-3.3902147,-0.15365155,738,0.4299241006374359
10X_P4_7_ATTATCCCAAGTAGTA,3-M-8,B cell,0,B cell,-1.4503751,0.5128087,739,0.8865920305252075
10X_P4_7_ATTATCCCACGGATAG,3-M-8,T cell,2,Unmatched_2,4.6690707,26.203552,740,1.766099214553833
10X_P4_7_ATTATCCCAGACAAGC,3-M-8,B cell,4,Unmatched_4,-2.546302,8.722257,741,0.6920329332351685
10X_P4_7_ATTATCCGTAAATGTG,3-M-8,B cell,7,Unmatched_7,-5.3808193,1.3269348,742,1.4863098859786987
10X_P4_7_ATTATCCTCTGAAAGA,3-M-8,B cell,6,natural killer cell,0.73476934,2.901587,743,0.548285961151123
10X_P4_7_ATTCTACCAAGACACG,3-M-8,B cell,0,B cell,-2.711615,0.7430074,744,0.5611719489097595
10X_P4_7_ATTCTACCACATCCAA,3-M-8,T cell,2,Unmatched_2,1.8260049,25.469166,745,0.6903290748596191
10X_P4_7_ATTCTACGTACAGTTC,3-M-8,B cell,4,Unmatched_4,-4.0852723,4.0800743,746,1.3986384868621826
10X_P4_7_ATTCTACGTAGCGTAG,3-M-8,B cell,0,B cell,-2.985474,3.0709453,747,1.6423381567001345
10X_P4_7_ATTGGTGAGAAGAAGC,3-M-8,natural killer cell,6,natural killer cell,6.383788,25.408401,748,1.9470313787460327
10X_P4_7_ATTGGTGAGTCAAGCG,3-M-8,B cell,0,B cell,-1.2999665,2.78841,749,0.864224910736084
10X_P4_7_ATTGGTGAGTGCAAGC,3-M-8,B cell,1,Unmatched_1,-1.5436871,5.608433,750,0.4900252819061279
10X_P4_7_ATTGGTGCAAACGTGG,3-M-8,B cell,0,B cell,-0.99843085,-0.7545393,751,0.5867083072662354
10X_P4_7_ATTGGTGCAATCACAC,3-M-8,B cell,0,B cell,-0.7913566,2.6726222,752,0.88090980052948
10X_P4_7_ATTGGTGCACCTCGTT,3-M-8,B cell,0,B cell,-3.4002764,1.2518035,753,0.4342035353183746
10X_P4_7_ATTGGTGCAGATGAGC,3-M-8,B cell,1,Unmatched_1,-2.5839863,5.991144,754,0.6678717136383057
10X_P4_7_ATTGGTGGTAATCACC,3-M-8,B cell,1,Unmatched_1,-1.6658221,6.0420527,755,0.6914094090461731
10X_P4_7_ATTTCTGAGTTTAGGA,3-M-8,T cell,3,T cell,3.5627415,22.842611,756,0.6201862692832947
10X_P4_7_ATTTCTGCAATCAGAA,3-M-8,B cell,0,B cell,-0.7700321,0.80665016,757,0.7606709003448486
10X_P4_7_ATTTCTGCACAGAGGT,3-M-8,B cell,1,Unmatched_1,-1.3947709,6.3916106,758,0.500905454158783
10X_P4_7_ATTTCTGGTCCCTACT,3-M-8,B cell,0,B cell,-0.7500914,-0.79903215,759,0.8572186231613159
10X_P4_7_ATTTCTGGTCGAATCT,3-M-8,B cell,0,B cell,-1.4744902,0.9816953,760,0.5276486277580261
10X_P4_7_ATTTCTGGTTGCTCCT,3-M-8,T cell,2,Unmatched_2,1.7700268,25.531792,761,0.7717669606208801
10X_P4_7_ATTTCTGTCGTTGACA,3-M-8,B cell,1,Unmatched_1,-2.2588427,5.0059705,762,0.69146728515625
10X_P4_7_ATTTCTGTCTTCAACT,3-M-8,natural killer cell,6,natural killer cell,7.251909,26.346998,763,1.5595005750656128
10X_P4_7_ATTTCTGTCTTTCCTC,3-M-8,B cell,4,Unmatched_4,-5.024746,4.26769,764,0.8896068334579468
10X_P4_7_CAACCAAAGAGGGATA,3-M-8,T cell,2,Unmatched_2,4.5544896,26.10548,765,1.0884770154953003
10X_P4_7_CAACCAAAGTACGACG,3-M-8,B cell,0,B cell,-4.776268,0.27662137,766,1.3309917449951172
10X_P4_7_CAACCAAAGTCTCGGC,3-M-8,B cell,0,B cell,-2.2523065,1.4978931,767,0.5096030831336975
10X_P4_7_CAACCAACATAGGATA,3-M-8,B cell,6,natural killer cell,6.391329,25.403719,768,3.408279657363892
10X_P4_7_CAACCAACATGACGGA,3-M-8,B cell,0,B cell,0.2266145,2.358587,769,0.6492440104484558
10X_P4_7_CAACCAACATTGCGGC,3-M-8,B cell,4,Unmatched_4,-4.034686,4.0178924,770,1.3169207572937012
10X_P4_7_CAACCAAGTGCAACGA,3-M-8,T cell,3,T cell,2.6749845,23.005632,771,0.7674013376235962
10X_P4_7_CAACCAATCAGCGATT,3-M-8,B cell,0,B cell,-0.5844288,0.7799377,772,1.542392015457153
10X_P4_7_CAACCAATCAGTTCGA,3-M-8,B cell,0,B cell,-2.7807472,1.8226002,773,1.007842183113098
10X_P4_7_CAACCAATCCTTTACA,3-M-8,B cell,0,B cell,-2.0320067,2.911749,774,0.8053401708602905
10X_P4_7_CAACCTCAGCAGGCTA,3-M-8,B cell,0,B cell,-3.273024,2.7349496,775,0.8269507884979248
10X_P4_7_CAACCTCAGCGCCTCA,3-M-8,B cell,4,Unmatched_4,9.197636,14.123688,776,1.6278587579727173
10X_P4_7_CAACCTCAGCGCCTTG,3-M-8,B cell,0,B cell,-2.8766181,0.2524973,777,0.4318540096282959
10X_P4_7_CAACCTCCAATAGCAA,3-M-8,T cell,2,Unmatched_2,2.3143144,25.730469,778,0.4858815968036651
10X_P4_7_CAACCTCCACAAGTAA,3-M-8,B cell,0,B cell,-3.2036035,-0.6636683,779,0.5382581949234009
10X_P4_7_CAACCTCCACTATCTT,3-M-8,B cell,4,Unmatched_4,-4.2271857,3.7342217,780,1.3514999151229858
10X_P4_7_CAACCTCCAGGTCTCG,3-M-8,B cell,4,Unmatched_4,-4.094125,4.3212357,781,0.8474079966545105
10X_P4_7_CAACCTCGTTGATTGC,3-M-8,B cell,0,B cell,0.26332742,2.5328918,782,0.662937581539154
10X_P4_7_CAACCTCGTTTGCATG,3-M-8,B cell,1,Unmatched_1,-2.3651576,6.170997,783,0.648786187171936
10X_P4_7_CAACCTCTCAGTCCCT,3-M-8,T cell,3,T cell,4.8011765,24.411005,784,0.822478175163269
10X_P4_7_CAACTAGCAATCAGAA,3-M-8,B cell,0,B cell,-4.2327533,0.29089546,785,0.7440652251243591
10X_P4_7_CAACTAGCACTCAGGC,3-M-8,T cell,2,Unmatched_2,4.1662817,26.540817,786,1.050822377204895
10X_P4_7_CAACTAGCAGAGTGTG,3-M-8,T cell,3,T cell,3.134337,22.876125,787,0.7774466276168823
10X_P4_7_CAACTAGGTAGGAGTC,3-M-8,B cell,0,B cell,-1.3344915,0.604668,788,0.5555888414382935
10X_P4_7_CAACTAGGTCCGAAGA,3-M-8,B cell,0,B cell,-0.55217385,-0.9840915,789,0.7585068941116333
10X_P4_7_CAACTAGGTCCTCTTG,3-M-8,B cell,0,B cell,-0.5495882,0.3061134,790,0.634401798248291
10X_P4_7_CAACTAGTCCAGTAGT,3-M-8,B cell,1,Unmatched_1,-2.7497003,6.0201883,791,0.6477147936820984
10X_P4_7_CAACTAGTCCCGGATG,3-M-8,B cell,0,B cell,-1.9620802,1.1115615,792,0.4918191730976105
10X_P4_7_CAACTAGTCTTCGGTC,3-M-8,B cell,0,B cell,-1.4813029,0.5573192,793,0.5994036197662354
10X_P4_7_CAACTAGTCTTGAGGT,3-M-8,T cell,2,Unmatched_2,4.713636,26.283142,794,1.334457516670227
10X_P4_7_CAAGAAACAGCTCGAC,3-M-8,B cell,0,B cell,-2.8206887,-1.0866095,795,0.9224302172660828
10X_P4_7_CAAGAAACAGCTCGCA,3-M-8,B cell,0,B cell,-4.902517,0.43440035,796,0.9065704941749572
10X_P4_7_CAAGAAACATATGAGA,3-M-8,B cell,0,B cell,-1.348232,0.23410782,797,0.4968665540218353
10X_P4_7_CAAGAAAGTCAACATC,3-M-8,T cell,2,Unmatched_2,2.748031,25.782146,798,1.026123285293579
10X_P4_7_CAAGAAAGTGTTAAGA,3-M-8,B cell,2,Unmatched_2,4.1220036,24.651285,799,2.2365951538085938
10X_P4_7_CAAGAAAGTTCCTCCA,3-M-8,B cell,0,B cell,-0.49147344,2.2898724,800,0.7577584385871887
10X_P4_7_CAAGAAATCAGGCCCA,3-M-8,B cell,4,Unmatched_4,-4.2383943,4.2172594,801,0.7104490399360657
10X_P4_7_CAAGATCAGAACTCGG,3-M-8,B cell,0,B cell,-3.3251643,0.56526005,802,0.8091553449630737
10X_P4_7_CAAGATCAGATCCCGC,3-M-8,B cell,1,Unmatched_1,-2.0771782,6.0870748,803,0.6531914472579956
10X_P4_7_CAAGATCCAATAGCGG,3-M-8,B cell,0,B cell,0.1395308,0.79187435,804,0.6071393489837646
10X_P4_7_CAAGATCCACCAGATT,3-M-8,B cell,0,B cell,-2.2596467,1.3897264,805,0.8161138296127319
10X_P4_7_CAAGATCGTAGCGTGA,3-M-8,B cell,0,B cell,-1.8518136,2.2151048,806,0.463052749633789
10X_P4_7_CAAGATCGTGATAAAC,3-M-8,B cell,0,B cell,-2.6005685,1.1647937,807,0.4073461592197418
10X_P4_7_CAAGATCGTGGTCCGT,3-M-8,macrophage,5,macrophage,13.328007,15.327694,808,2.695998430252075
10X_P4_7_CAAGATCTCAACGAAA,3-M-8,B cell,0,B cell,-2.54982,3.386286,809,0.683014452457428
10X_P4_7_CAAGATCTCGGTCCGA,3-M-8,B cell,0,B cell,-1.011134,1.9273674,810,0.6102755665779114
10X_P4_7_CAAGATCTCTGCTTGC,3-M-8,B cell,0,B cell,-0.16531028,-0.5614928,811,0.7287712097167969
10X_P4_7_CAAGGCCAGGCGACAT,3-M-8,B cell,0,B cell,0.16649003,0.29010537,812,0.4511019885540008
10X_P4_7_CAAGGCCAGTGAACAT,3-M-8,T cell,3,T cell,3.777935,23.378822,813,0.5374870300292969
10X_P4_7_CAAGGCCAGTGTCTCA,3-M-8,B cell,0,B cell,-1.8151152,-0.22629252,814,0.7445430159568787
10X_P4_7_CAAGGCCCACCTGGTG,3-M-8,B cell,0,B cell,-2.0059829,2.3476834,815,1.0205649137496948
10X_P4_7_CAAGGCCGTGGTAACG,3-M-8,B cell,0,B cell,-0.13329437,1.8358446,816,1.1772444248199463
10X_P4_7_CAAGGCCTCCCATTTA,3-M-8,B cell,1,Unmatched_1,-3.8669636,5.9482627,817,0.7534834742546082
10X_P4_7_CAAGTTGCATAAGACA,3-M-8,B cell,0,B cell,0.15308818,0.5167716,818,0.7826312780380249
10X_P4_7_CAAGTTGGTGTTGGGA,3-M-8,B cell,4,Unmatched_4,-2.5385375,8.836611,819,0.7882558703422546
10X_P4_7_CAAGTTGTCCGCTGTT,3-M-8,B cell,1,Unmatched_1,-2.651833,3.972381,820,0.8152065873146057
10X_P4_7_CACAAACAGACAATAC,3-M-8,T cell,2,Unmatched_2,3.2545645,24.355894,821,1.3919340372085571
10X_P4_7_CACAAACAGATAGTCA,3-M-8,B cell,0,B cell,-1.54113,3.2060974,822,1.2874627113342283
10X_P4_7_CACAAACAGCTCCTTC,3-M-8,B cell,0,B cell,-3.2121873,0.8609936,823,0.4027218222618103
10X_P4_7_CACAAACCAAGTAATG,3-M-8,B cell,0,B cell,0.09319401,1.6745856,824,0.8938585519790649
10X_P4_7_CACAAACCACATGGGA,3-M-8,B cell,0,B cell,-0.31944746,2.0256722,825,1.4213175773620603
10X_P4_7_CACAAACGTAGCTTGT,3-M-8,B cell,0,B cell,-3.8299422,2.491886,826,0.760208785533905
10X_P4_7_CACAAACTCAGCTCGG,3-M-8,natural killer cell,6,natural killer cell,6.8198867,25.712875,827,2.0300350189208984
10X_P4_7_CACAAACTCCGTAGGC,3-M-8,B cell,0,B cell,0.27660513,2.5436277,828,0.651500403881073
10X_P4_7_CACACAAAGACTAAGT,3-M-8,B cell,7,Unmatched_7,-5.5807242,0.99525565,829,1.3216230869293213
10X_P4_7_CACACAAAGAGACGAA,3-M-8,B cell,0,B cell,-2.8894472,0.099690646,830,0.5236895084381104
10X_P4_7_CACACAAGTAGCGTGA,3-M-8,T cell,2,Unmatched_2,2.3289487,26.349833,831,0.6441023349761963
10X_P4_7_CACACAAGTCCGAACC,3-M-8,B cell,0,B cell,-3.584024,2.3881018,832,0.8777916431427002
10X_P4_7_CACACAAGTCGACTAT,3-M-8,T cell,2,Unmatched_2,4.1356573,26.540754,833,1.1194357872009275
10X_P4_7_CACACAATCTGAAAGA,3-M-8,B cell,0,B cell,-4.1160517,2.2856188,834,1.2917486429214478
10X_P4_7_CACACCTAGTGCGTGA,3-M-8,B cell,0,B cell,-2.1679456,1.1858891,835,0.9413902759552002
10X_P4_7_CACACCTCAGCGATCC,3-M-8,dendritic cell,10,dendritic cell,15.927221,-0.09435576,836,3.680120229721069
10X_P4_7_CACACCTCATATGAGA,3-M-8,B cell,0,B cell,-2.878977,2.7818787,837,0.7236788272857666
10X_P4_7_CACACCTGTCAGAAGC,3-M-8,B cell,0,B cell,-0.032296836,1.8496083,838,1.0290576219558716
10X_P4_7_CACACCTTCACCTTAT,3-M-8,B cell,0,B cell,-1.818732,3.8089411,839,0.6888285279273987
10X_P4_7_CACACCTTCACTTCAT,3-M-8,B cell,0,B cell,-0.64386123,-0.36457902,840,0.7423027753829956
10X_P4_7_CACACCTTCCGTTGCT,3-M-8,B cell,0,B cell,-3.787912,2.567674,841,1.1265889406204224
10X_P4_7_CACACTCAGATTACCC,3-M-8,B cell,1,Unmatched_1,-1.6832496,6.3578053,842,0.4700263440608978
10X_P4_7_CACACTCAGCTTCGCG,3-M-8,B cell,4,Unmatched_4,-4.86342,3.2909708,843,0.8597191572189331
10X_P4_7_CACACTCAGTTCGCAT,3-M-8,natural killer cell,6,natural killer cell,6.600031,25.500223,844,2.4090538024902344
10X_P4_7_CACACTCCATGAAGTA,3-M-8,T cell,3,T cell,4.8316607,24.511206,845,1.094834804534912
10X_P4_7_CACACTCGTGTTCGAT,3-M-8,B cell,0,B cell,-0.5564816,1.6935127,846,0.5507513880729675
10X_P4_7_CACACTCTCACATGCA,3-M-8,natural killer cell,6,natural killer cell,7.0745635,26.321411,847,1.945278525352478
10X_P4_7_CACACTCTCCGCATAA,3-M-8,T cell,2,Unmatched_2,4.621754,26.303928,848,1.2336392402648926
10X_P4_7_CACAGGCAGTGGTCCC,3-M-8,T cell,2,Unmatched_2,4.2309117,26.512466,849,1.023826003074646
10X_P4_7_CACAGGCCATCACGAT,3-M-8,B cell,0,B cell,-1.0764893,2.3373919,850,0.8989502191543579
10X_P4_7_CACAGGCGTGACTCAT,3-M-8,B cell,0,B cell,-4.509223,0.16556501,851,0.6410555839538574
10X_P4_7_CACAGTAAGCGATCCC,3-M-8,B cell,4,Unmatched_4,-4.752388,3.8320415,852,1.2115732431411743
10X_P4_7_CACAGTAAGCGATTCT,3-M-8,macrophage,5,macrophage,11.894669,14.636174,853,2.558066368103028
10X_P4_7_CACAGTACAGGTGGAT,3-M-8,B cell,0,B cell,-0.7332566,0.53555954,854,0.5380644202232361
10X_P4_7_CACAGTAGTTAAGAAC,3-M-8,B cell,0,B cell,-2.4129255,0.9380174,855,0.4219493567943573
10X_P4_7_CACAGTATCCTAGTGA,3-M-8,T cell,3,T cell,2.9793537,23.414589,856,0.7643689513206482
10X_P4_7_CACAGTATCTGTGCAA,3-M-8,B cell,0,B cell,-1.1029326,1.1519547,857,0.5662548542022705
10X_P4_7_CACATAGAGCATGGCA,3-M-8,T cell,2,Unmatched_2,2.8319848,26.230236,858,0.9362283945083618
10X_P4_7_CACATAGAGGCATGTG,3-M-8,T cell,3,T cell,4.409641,24.360472,859,0.8692811727523804
10X_P4_7_CACATAGCAATCAGAA,3-M-8,B cell,0,B cell,-2.080628,0.4096884,860,0.4585606455802917
10X_P4_7_CACATAGCAGCCAGAA,3-M-8,B cell,0,B cell,-2.6576989,4.0028467,861,1.0471919775009155
10X_P4_7_CACATAGCATGACGGA,3-M-8,B cell,4,Unmatched_4,-4.8795977,4.026781,862,1.200502634048462
10X_P4_7_CACATAGGTAATTGGA,3-M-8,macrophage,5,macrophage,11.795583,14.605877,863,2.7592878341674805
10X_P4_7_CACATAGGTACTCAAC,3-M-8,B cell,1,Unmatched_1,-1.4845905,6.212192,864,0.5175612568855286
10X_P4_7_CACATAGGTTATCACG,3-M-8,B cell,0,B cell,-1.3019164,-0.6415548,865,0.6163950562477112
10X_P4_7_CACATAGTCCCTCTTT,3-M-8,B cell,0,B cell,-2.0939288,2.9967585,866,0.5445095896720886
10X_P4_7_CACATAGTCGTACGGC,3-M-8,T cell,3,T cell,3.0569277,22.800278,867,0.9003008008003235
10X_P4_7_CACATAGTCTCCAGGG,3-M-8,B cell,0,B cell,-1.2331423,-1.0466651,868,0.8383930921554565
10X_P4_7_CACATTTAGGCTACGA,3-M-8,B cell,0,B cell,-1.0439019,-0.6557404,869,0.8070341944694519
10X_P4_7_CACATTTCAGAGTGTG,3-M-8,T cell,2,Unmatched_2,2.0047674,25.576971,870,0.6434526443481445
10X_P4_7_CACATTTCAGTGACAG,3-M-8,B cell,1,Unmatched_1,-3.2693152,6.265844,871,0.5868294835090637
10X_P4_7_CACATTTGTAGTACCT,3-M-8,B cell,4,Unmatched_4,-5.100991,2.9519312,872,1.0234111547470093
10X_P4_7_CACATTTGTATAATGG,3-M-8,B cell,7,Unmatched_7,-4.9180307,1.4942544,873,2.162879943847656
10X_P4_7_CACATTTGTCAATGTC,3-M-8,B cell,0,B cell,-0.3036634,0.5842523,874,0.8715435862541199
10X_P4_7_CACATTTGTCGACTGC,3-M-8,B cell,0,B cell,-2.151504,0.33225113,875,0.4054425954818725
10X_P4_7_CACATTTGTGTCCTCT,3-M-8,natural killer cell,6,natural killer cell,7.2019453,25.952324,876,1.8420685529708865
10X_P4_7_CACATTTGTTCAACCA,3-M-8,B cell,1,Unmatched_1,-2.4303987,5.749212,877,0.7208598256111145
10X_P4_7_CACATTTTCCAATGGT,3-M-8,B cell,1,Unmatched_1,-1.9897777,5.613926,878,0.7190665602684021
10X_P4_7_CACATTTTCCTAGGGC,3-M-8,T cell,2,Unmatched_2,2.6938498,25.521826,879,0.8226222991943359
10X_P4_7_CACATTTTCTGGTATG,3-M-8,B cell,11,Unmatched_11,-3.6920533,7.754116,880,5.109276294708252
10X_P4_7_CACCACTAGCTAGGCA,3-M-8,B cell,0,B cell,-1.2436181,-1.0109006,881,1.331575632095337
10X_P4_7_CACCACTCAAGCTGTT,3-M-8,T cell,3,T cell,3.7810931,22.926546,882,0.6301344633102417
10X_P4_7_CACCACTCAGCCTGTG,3-M-8,B cell,0,B cell,-1.8890498,3.7406697,883,0.6526381969451904
10X_P4_7_CACCACTCATCTCGCT,3-M-8,B cell,0,B cell,-2.00899,-0.25937524,884,0.5364036560058594
10X_P4_7_CACCACTTCCAAATGC,3-M-8,macrophage,5,macrophage,11.231209,14.5141325,885,1.479809045791626
10X_P4_7_CACCAGGAGATCTGCT,3-M-8,T cell,3,T cell,2.4754326,23.221874,886,0.8381630182266235
10X_P4_7_CACCAGGAGGAGCGAG,3-M-8,B cell,0,B cell,-2.2329872,1.514215,887,0.4846328794956207
10X_P4_7_CACCAGGAGTCCGGTC,3-M-8,B cell,4,Unmatched_4,-4.0289893,4.0497146,888,0.8476896286010742
10X_P4_7_CACCAGGCAAGCGAGT,3-M-8,B cell,1,Unmatched_1,-2.6533754,5.889557,889,0.5357930660247803
10X_P4_7_CACCAGGCACCTATCC,3-M-8,B cell,0,B cell,-1.4204197,-0.6928331,890,0.8881524801254272
10X_P4_7_CACCAGGCACGGCCAT,3-M-8,B cell,0,B cell,-1.6954418,1.4092767,891,0.8493369817733765
10X_P4_7_CACCAGGGTAGCTGCC,3-M-8,macrophage,8,Unmatched_8,10.722229,11.735211,892,2.8559908866882324
10X_P4_7_CACCAGGGTTTGTTTC,3-M-8,T cell,3,T cell,3.3499277,22.732807,893,0.8875339031219482
10X_P4_7_CACCAGGTCCGAACGC,3-M-8,B cell,0,B cell,-4.9226694,0.43369505,894,1.0247313976287842
10X_P4_7_CACCTTGAGGCTCATT,3-M-8,B cell,4,Unmatched_4,-4.9719863,4.304081,895,1.0131083726882937
10X_P4_7_CACCTTGCAAGTCTAC,3-M-8,B cell,0,B cell,-0.35604042,-1.0039883,896,0.6383777260780334
10X_P4_7_CACCTTGCACTCTGTC,3-M-8,B cell,0,B cell,-0.7872057,2.6167078,897,0.9191650748252868
10X_P4_7_CACCTTGCAGCTGTTA,3-M-8,B cell,4,Unmatched_4,-4.0716867,3.870335,898,1.001444697380066
10X_P4_7_CACCTTGGTCTAGCGC,3-M-8,B cell,0,B cell,-2.8630307,-0.39690888,899,0.5404943823814392
10X_P4_7_CACCTTGGTGTGCCTG,3-M-8,B cell,0,B cell,0.067567766,0.1272325,900,0.4724722802639007
10X_P4_7_CACCTTGGTTGATTGC,3-M-8,B cell,0,B cell,-0.90444237,0.9648024,901,0.570507287979126
10X_P4_7_CACCTTGTCAGGATCT,3-M-8,T cell,3,T cell,3.6798768,22.98448,902,0.8468507528305054
10X_P4_7_CACCTTGTCCGAGCCA,3-M-8,B cell,0,B cell,-1.917002,1.3007159,903,0.464829534292221
10X_P4_7_CACCTTGTCCGATATG,3-M-8,B cell,0,B cell,-2.8663552,-0.73602563,904,0.7538167834281921
10X_P4_7_CACTCCAAGCTAGTCT,3-M-8,B cell,0,B cell,-3.9529338,2.3705716,905,0.6959598064422607
10X_P4_7_CACTCCAAGGCTAGCA,3-M-8,B cell,0,B cell,-1.4425081,-1.0791332,906,0.7544720768928528
10X_P4_7_CACTCCAAGTTCCACA,3-M-8,macrophage,5,macrophage,13.392917,15.37774,907,1.658893585205078
10X_P4_7_CACTCCACACGAAATA,3-M-8,B cell,7,Unmatched_7,-5.3943777,1.3971593,908,1.0980011224746704
10X_P4_7_CACTCCAGTGCGGTAA,3-M-8,B cell,0,B cell,-2.4685333,-1.0490276,909,0.5899845957756042
10X_P4_7_CACTCCATCGCTTAGA,3-M-8,B cell,0,B cell,0.018855747,1.9564866,910,1.390328288078308
10X_P4_7_CACTCCATCTCGCATC,3-M-8,B cell,0,B cell,-1.3422815,1.5098559,911,0.8195832967758179
10X_P4_7_CAGAATCAGATCTGAA,3-M-8,B cell,0,B cell,-3.2578185,0.27246395,912,1.380819320678711
10X_P4_7_CAGAATCAGGCCCGTT,3-M-8,B cell,0,B cell,-2.6732075,1.6520091,913,0.5117722749710083
10X_P4_7_CAGAATCCACCCTATC,3-M-8,B cell,0,B cell,-1.1109068,3.2318962,914,0.999507486820221
10X_P4_7_CAGAATCCAGTGGGAT,3-M-8,B cell,4,Unmatched_4,-5.016114,3.1512578,915,0.9363409280776978
10X_P4_7_CAGAATCGTCACTGGC,3-M-8,T cell,2,Unmatched_2,2.8888981,26.214294,916,0.9868209958076476
10X_P4_7_CAGAATCTCAAACAAG,3-M-8,B cell,0,B cell,-1.3933673,0.005101921,917,0.6494233012199402
10X_P4_7_CAGAGAGAGGCACATG,3-M-8,B cell,0,B cell,0.19643676,0.31986073,918,0.5269798040390015
10X_P4_7_CAGAGAGAGTACACCT,3-M-8,B cell,0,B cell,0.0738014,-0.3042099,919,0.4842991828918457
10X_P4_7_CAGAGAGCAAGCCGCT,3-M-8,B cell,0,B cell,-1.8777645,2.8894515,920,1.371107578277588
10X_P4_7_CAGAGAGCAATGGAGC,3-M-8,T cell,2,Unmatched_2,4.796256,26.655613,921,1.3148053884506226
10X_P4_7_CAGAGAGCATGCTAGT,3-M-8,macrophage,8,Unmatched_8,10.689977,11.771486,922,3.646089553833008
10X_P4_7_CAGAGAGGTTCCACGG,3-M-8,B cell,1,Unmatched_1,-3.6558747,4.6183796,923,0.6569411158561707
10X_P4_7_CAGAGAGTCCACGTGG,3-M-8,B cell,0,B cell,-0.23310354,1.0306197,924,1.0543335676193235
10X_P4_7_CAGAGAGTCGGTCTAA,3-M-8,B cell,0,B cell,-1.8920875,0.1474547,925,0.6422258615493774
10X_P4_7_CAGATCAAGTACATGA,3-M-8,B cell,4,Unmatched_4,-4.3815336,4.3075323,926,0.7692453265190125
10X_P4_7_CAGATCAAGTGGAGAA,3-M-8,B cell,0,B cell,-1.510774,0.19460328,927,0.578766405582428
10X_P4_7_CAGATCACACAGGAGT,3-M-8,B cell,4,Unmatched_4,-4.4323363,4.348199,928,0.7853969931602478
10X_P4_7_CAGATCACACATTCGA,3-M-8,B cell,4,Unmatched_4,-5.0939317,2.768116,929,0.6897405982017517
10X_P4_7_CAGATCAGTCAAAGAT,3-M-8,T cell,3,T cell,4.3815393,24.545109,930,1.3108412027359009
10X_P4_7_CAGATCAGTTCAGGCC,3-M-8,B cell,4,Unmatched_4,-2.4872763,8.804574,931,0.7279195785522461
10X_P4_7_CAGATCAGTTTGGCGC,3-M-8,B cell,1,Unmatched_1,-1.392079,6.3703623,932,0.583324670791626
10X_P4_7_CAGATCATCATCTGCC,3-M-8,B cell,0,B cell,-3.2324946,0.8513261,933,0.5003641843795776
10X_P4_7_CAGCAGCAGAAGAAGC,3-M-8,B cell,0,B cell,-0.9751964,1.6482763,934,1.4829168319702148
10X_P4_7_CAGCAGCAGAGACTTA,3-M-8,B cell,0,B cell,-0.4118639,-0.6355472,935,0.5886011719703674
10X_P4_7_CAGCAGCAGCTCCTTC,3-M-8,B cell,0,B cell,-1.4262115,2.514297,936,1.1392738819122314
10X_P4_7_CAGCAGCAGGGCTCTC,3-M-8,T cell,2,Unmatched_2,2.0713992,25.61652,937,0.5960407257080078
10X_P4_7_CAGCAGCCACCGGAAA,3-M-8,B cell,7,Unmatched_7,-5.672165,1.1354345,938,1.5601179599761963
10X_P4_7_CAGCAGCCATATGAGA,3-M-8,B cell,0,B cell,-2.3695288,3.0644467,939,0.8371381163597107
10X_P4_7_CAGCAGCGTAGGCATG,3-M-8,B cell,0,B cell,-0.5478497,2.38924,940,0.6702332496643066
10X_P4_7_CAGCAGCTCTCCTATA,3-M-8,B cell,0,B cell,-1.1460149,0.6354726,941,0.5729643702507019
10X_P4_7_CAGCATAAGAACAACT,3-M-8,B cell,1,Unmatched_1,-1.3751453,5.8831344,942,0.8070317506790161
10X_P4_7_CAGCATAAGAGTTGGC,3-M-8,B cell,2,Unmatched_2,3.896385,24.87518,943,1.7786322832107544
10X_P4_7_CAGCATAAGCCCAACC,3-M-8,B cell,0,B cell,-1.0826833,1.4457426,944,0.4986738860607147
10X_P4_7_CAGCATAAGGACGAAA,3-M-8,B cell,0,B cell,-0.69397914,2.8557487,945,0.8119816184043884
10X_P4_7_CAGCATAGTTCCGGCA,3-M-8,natural killer cell,6,natural killer cell,7.269779,25.991777,946,1.9201741218566892
10X_P4_7_CAGCATATCTGGTATG,3-M-8,natural killer cell,6,natural killer cell,7.046094,26.35507,947,2.198771476745605
10X_P4_7_CAGCCGAAGACAAGCC,3-M-8,natural killer cell,6,natural killer cell,6.791511,25.669628,948,3.218928337097168
10X_P4_7_CAGCCGAAGAGTGAGA,3-M-8,T cell,2,Unmatched_2,4.439601,25.866386,949,1.5511852502822876
10X_P4_7_CAGCCGAAGTCCTCCT,3-M-8,B cell,0,B cell,-1.0332019,-0.6551072,950,0.7782604694366455
10X_P4_7_CAGCCGACATTCGACA,3-M-8,B cell,0,B cell,-3.3358433,-0.5107833,951,0.9445629119873048
10X_P4_7_CAGCCGAGTCAGTGGA,3-M-8,B cell,0,B cell,-0.8994234,-1.1999018,952,0.5280542969703674
10X_P4_7_CAGCCGATCCATGAGT,3-M-8,B cell,7,Unmatched_7,-5.389536,1.3010101,953,1.6134217977523804
10X_P4_7_CAGCGACAGCGATAGC,3-M-8,B cell,0,B cell,-0.6139668,-0.25212383,954,0.6792160272598267
10X_P4_7_CAGCGACGTACCATCA,3-M-8,B cell,1,Unmatched_1,-2.2332926,5.127248,955,0.5529141426086426
10X_P4_7_CAGCGACTCACATGCA,3-M-8,B cell,0,B cell,-2.015166,0.9447319,956,0.4264267385005951
10X_P4_7_CAGCGACTCAGGTAAA,3-M-8,B cell,7,Unmatched_7,-5.666038,1.0689152,957,1.4902034997940063
10X_P4_7_CAGCGACTCCAGATCA,3-M-8,B cell,0,B cell,-2.3115582,0.29420662,958,0.4862127304077148
10X_P4_7_CAGCTAAAGGGTGTGT,3-M-8,B cell,1,Unmatched_1,-2.3909256,5.087095,959,0.8532221913337708
10X_P4_7_CAGCTAACAAGCCTAT,3-M-8,T cell,3,T cell,3.8947306,23.528944,960,0.905389964580536
10X_P4_7_CAGCTAACATCACGAT,3-M-8,B cell,0,B cell,-4.3032265,1.6173005,961,0.9994781613349916
10X_P4_7_CAGCTAAGTTCACGGC,3-M-8,B cell,0,B cell,-3.9042566,-0.22101085,962,1.1458977460861206
10X_P4_7_CAGCTAAGTTGGGACA,3-M-8,B cell,0,B cell,-0.105679765,1.9050379,963,0.6100953817367554
10X_P4_7_CAGCTGGCACAGCCCA,3-M-8,B cell,0,B cell,-2.3243983,0.87223834,964,0.3917807340621948
10X_P4_7_CAGCTGGCACTAGTAC,3-M-8,natural killer cell,6,natural killer cell,6.849607,25.727007,965,2.9344255924224854
10X_P4_7_CAGCTGGGTGTGAATA,3-M-8,T cell,2,Unmatched_2,2.7160516,26.343044,966,0.5899057984352112
10X_P4_7_CAGCTGGTCATGCAAC,3-M-8,T cell,2,Unmatched_2,4.238672,26.520258,967,1.071854591369629
10X_P4_7_CAGGTGCAGAACAATC,3-M-8,T cell,2,Unmatched_2,4.114679,24.972483,968,1.8700288534164429
10X_P4_7_CAGGTGCCAAGCGATG,3-M-8,B cell,0,B cell,-3.5125482,-0.36968845,969,0.5516906976699829
10X_P4_7_CAGGTGCCAATAACGA,3-M-8,T cell,3,T cell,3.6628947,22.862692,970,0.8686590194702148
10X_P4_7_CAGGTGCCACGTCAGC,3-M-8,B cell,0,B cell,-2.1002245,0.43105817,971,0.7468056678771973
10X_P4_7_CAGGTGCGTCCCTTGT,3-M-8,B cell,0,B cell,-1.9505872,1.0880177,972,0.6212950944900513
10X_P4_7_CAGGTGCGTCGGCTCA,3-M-8,T cell,2,Unmatched_2,2.916725,25.942808,973,0.8468909859657288
10X_P4_7_CAGTAACAGCTACCGC,3-M-8,B cell,0,B cell,-2.4311328,0.43034872,974,0.7075363993644714
10X_P4_7_CAGTAACAGGCATTGG,3-M-8,B cell,0,B cell,-0.49006796,-0.7016593,975,0.6242691874504089
10X_P4_7_CAGTAACCATCACGAT,3-M-8,B cell,11,Unmatched_11,-3.663887,7.716898,976,1.1883474588394165
10X_P4_7_CAGTAACGTCGCTTCT,3-M-8,B cell,0,B cell,-3.6304967,-0.5430592,977,0.7657496333122253
10X_P4_7_CAGTAACTCGACCAGC,3-M-8,B cell,0,B cell,-0.5091551,1.951941,978,1.571491003036499
10X_P4_7_CAGTCCTAGCGATAGC,3-M-8,B cell,4,Unmatched_4,9.163976,14.145153,979,2.001516103744507
10X_P4_7_CAGTCCTAGGGAAACA,3-M-8,T cell,2,Unmatched_2,4.256599,25.693235,980,1.210769534111023
10X_P4_7_CAGTCCTCAAAGGCGT,3-M-8,B cell,0,B cell,-2.7520175,1.5516528,981,0.5029650926589966
10X_P4_7_CAGTCCTCAAGACGTG,3-M-8,B cell,0,B cell,-1.2906841,3.212419,982,0.7520237565040588
10X_P4_7_CAGTCCTGTACCAGTT,3-M-8,B cell,0,B cell,0.36811474,2.4961889,983,1.2541767358779907
10X_P4_7_CATATGGAGCGCTTAT,3-M-8,natural killer cell,6,natural killer cell,6.4033327,25.457785,984,2.6501617431640625
10X_P4_7_CATATGGAGCGTGAAC,3-M-8,B cell,4,Unmatched_4,-3.987279,4.3206844,985,0.690360963344574
10X_P4_7_CATATGGAGGCCATAG,3-M-8,B cell,0,B cell,-2.3360846,1.8006074,986,0.5147265195846558
10X_P4_7_CATATGGCAGATCCAT,3-M-8,dendritic cell,10,dendritic cell,15.846844,-0.011903744,987,3.319276571273804
10X_P4_7_CATATGGGTAAATGAC,3-M-8,B cell,0,B cell,-1.0622073,3.4955294,988,1.5417464971542358
10X_P4_7_CATATGGGTAAGGATT,3-M-8,T cell,2,Unmatched_2,4.421193,26.533876,989,1.5265965461730957
10X_P4_7_CATATGGGTCATATCG,3-M-8,B cell,0,B cell,-3.2036,0.6510139,990,0.4003320038318634
10X_P4_7_CATATTCAGATGGCGT,3-M-8,T cell,2,Unmatched_2,1.7316066,25.617792,991,0.7228307723999023
10X_P4_7_CATATTCAGTCGAGTG,3-M-8,B cell,4,Unmatched_4,-4.1171403,2.9898014,992,1.2407395839691162
10X_P4_7_CATATTCGTAACGACG,3-M-8,B cell,0,B cell,-2.0676272,0.0804408,993,0.4197808504104614
10X_P4_7_CATATTCTCAGAGACG,3-M-8,macrophage,8,Unmatched_8,10.343763,12.131749,994,2.508702039718628
10X_P4_7_CATATTCTCGACCAGC,3-M-8,B cell,0,B cell,-1.9584093,1.6174932,995,0.8520451188087463
10X_P4_7_CATATTCTCTACGAGT,3-M-8,B cell,4,Unmatched_4,-3.3898687,3.6632028,996,0.938519299030304
10X_P4_7_CATCAAGAGAGTGAGA,3-M-8,macrophage,8,Unmatched_8,10.390684,12.092953,997,2.6304595470428467
10X_P4_7_CATCAAGAGTGGTAGC,3-M-8,macrophage,8,Unmatched_8,10.170339,12.242785,998,2.5775692462921143
10X_P4_7_CATCAAGCACGGCCAT,3-M-8,B cell,0,B cell,0.13057134,0.47297823,999,0.4535016715526581
10X_P4_7_CATCAAGGTGTGGCTC,3-M-8,B cell,0,B cell,-0.87043625,-0.29284412,1000,0.4980149865150451
10X_P4_7_CATCAAGTCAATACCG,3-M-8,B cell,0,B cell,-1.2280576,2.8277714,1001,1.071581244468689
10X_P4_7_CATCAAGTCACCGTAA,3-M-8,T cell,2,Unmatched_2,2.6808996,26.361284,1002,0.7841165065765381
10X_P4_7_CATCAAGTCAGTCAGT,3-M-8,macrophage,5,macrophage,13.443693,15.416807,1003,1.6063367128372192
10X_P4_7_CATCAGACAAGGTGTG,3-M-8,B cell,0,B cell,-2.021591,1.337344,1004,0.4165612757205963
10X_P4_7_CATCAGACAGGGATTG,3-M-8,B cell,0,B cell,-1.8576487,-0.62141997,1005,1.4273566007614136
10X_P4_7_CATCAGAGTAGCGCTC,3-M-8,B cell,0,B cell,-2.4841266,-1.0573531,1006,1.1392865180969238
10X_P4_7_CATCAGAGTGTCGCTG,3-M-8,B cell,0,B cell,0.010923534,0.5241268,1007,0.4123549461364746
10X_P4_7_CATCAGAGTTCGTGAT,3-M-8,T cell,3,T cell,4.548823,24.415266,1008,0.926118552684784
10X_P4_7_CATCAGATCCTCGCAT,3-M-8,T cell,2,Unmatched_2,2.7128792,25.603704,1009,0.618445634841919
10X_P4_7_CATCCACAGCTACCTA,3-M-8,B cell,0,B cell,-3.6349468,2.121283,1010,0.5621943473815918
10X_P4_7_CATCCACCAGGTTTCA,3-M-8,B cell,0,B cell,-0.6648282,1.1891673,1011,0.8440014719963074
10X_P4_7_CATCCACCATTGGGCC,3-M-8,macrophage,8,Unmatched_8,10.433794,12.066081,1012,2.350681781768799
10X_P4_7_CATCCACGTTGCTCCT,3-M-8,B cell,0,B cell,-1.5303421,0.5916044,1013,0.6229895353317261
10X_P4_7_CATCCACTCTTCTGGC,3-M-8,B cell,4,Unmatched_4,9.211431,14.081711,1014,2.4666104316711426
10X_P4_7_CATCGAAAGTGCGTGA,3-M-8,B cell,0,B cell,-2.253366,2.2857292,1015,1.0739079713821411
10X_P4_7_CATCGAACACAGGTTT,3-M-8,B cell,0,B cell,-1.9974678,2.6079774,1016,0.8292545080184937
10X_P4_7_CATCGAACATGGGACA,3-M-8,B cell,0,B cell,-3.173331,-0.31553632,1017,0.6362718939781189
10X_P4_7_CATCGAATCACTTACT,3-M-8,B cell,1,Unmatched_1,-3.8659809,6.282543,1018,0.933967351913452
10X_P4_7_CATCGAATCTAACTTC,3-M-8,B cell,7,Unmatched_7,-5.575662,0.934935,1019,1.244503617286682
10X_P4_7_CATCGGGAGACGCTTT,3-M-8,T cell,3,T cell,2.8776813,23.281513,1020,0.797235906124115
10X_P4_7_CATCGGGAGACTGTAA,3-M-8,T cell,3,T cell,4.978341,24.662668,1021,1.5701321363449097
10X_P4_7_CATCGGGAGTCCATAC,3-M-8,B cell,1,Unmatched_1,-3.8488398,6.3243093,1022,0.8897705078125
10X_P4_7_CATCGGGGTAAGGGAA,3-M-8,B cell,4,Unmatched_4,-2.6199222,8.751149,1023,0.8707578778266907
10X_P4_7_CATCGGGTCGCATGGC,3-M-8,natural killer cell,6,natural killer cell,7.2935004,26.011475,1024,1.9568796157836916
10X_P4_7_CATGACAAGAGGACGG,3-M-8,B cell,4,Unmatched_4,-4.0103693,3.169698,1025,1.2687172889709473
10X_P4_7_CATGACACACAAGACG,3-M-8,T cell,2,Unmatched_2,2.3238318,25.604507,1026,0.6564412713050842
10X_P4_7_CATGACACACTTAAGC,3-M-8,B cell,0,B cell,-1.4985653,0.6794282,1027,0.5008335709571838
10X_P4_7_CATGACACAGCTTAAC,3-M-8,T cell,2,Unmatched_2,2.3821492,26.233625,1028,0.5638212561607361
10X_P4_7_CATGACACAGGTCGTC,3-M-8,macrophage,5,macrophage,11.851175,14.633326,1029,2.6524553298950195
10X_P4_7_CATGACATCATCACCC,3-M-8,B cell,0,B cell,-1.034167,-0.49191016,1030,0.5788241028785706
10X_P4_7_CATGACATCGAACGGA,3-M-8,B cell,0,B cell,-1.0783339,2.5277352,1031,1.138654112815857
10X_P4_7_CATGCCTAGATATACG,3-M-8,natural killer cell,6,natural killer cell,7.2701907,25.984465,1032,1.924152135848999
10X_P4_7_CATGCCTAGCCAGTTT,3-M-8,B cell,0,B cell,-0.77810556,-0.74993664,1033,0.6886404752731323
10X_P4_7_CATGCCTAGCGTCAAG,3-M-8,B cell,0,B cell,-1.0963446,2.5789902,1034,0.6484684348106384
10X_P4_7_CATGCCTAGCGTCTAT,3-M-8,B cell,0,B cell,-2.2584686,-0.08258908,1035,0.4843732714653015
10X_P4_7_CATGCCTAGGTGCTTT,3-M-8,macrophage,5,macrophage,11.367231,14.550823,1036,1.53081476688385
10X_P4_7_CATGCCTAGTGTACGG,3-M-8,B cell,0,B cell,-2.5019403,-0.4449768,1037,1.4342164993286133
10X_P4_7_CATGCCTGTAGAGCTG,3-M-8,T cell,3,T cell,4.219369,24.380913,1038,1.027396559715271
10X_P4_7_CATGCCTTCAGAGCTT,3-M-8,T cell,2,Unmatched_2,4.31545,26.475937,1039,1.5769729614257812
10X_P4_7_CATGCCTTCATCACCC,3-M-8,B cell,0,B cell,-2.4841473,3.1497023,1040,0.6876533627510071
10X_P4_7_CATGGCGAGCGGATCA,3-M-8,B cell,1,Unmatched_1,-2.0851629,6.188219,1041,0.6404039263725281
10X_P4_7_CATGGCGCATTCTCAT,3-M-8,B cell,0,B cell,0.25874805,0.37016988,1042,0.5324862003326416
10X_P4_7_CATGGCGGTCCGCTGA,3-M-8,B cell,0,B cell,-0.9764803,-0.32478458,1043,0.7529996037483215
10X_P4_7_CATGGCGGTGTATGGG,3-M-8,T cell,9,Unmatched_9,6.974064,23.711767,1044,1.7415916919708252
10X_P4_7_CATGGCGGTTCCAACA,3-M-8,B cell,0,B cell,-2.3485842,1.259256,1045,0.3981113731861114
10X_P4_7_CATGGCGTCTTGCATT,3-M-8,macrophage,5,macrophage,11.11909,14.445978,1046,1.6931742429733276
10X_P4_7_CATTATCAGATATGCA,3-M-8,macrophage,5,macrophage,13.454702,15.427071,1047,1.4806472063064575
10X_P4_7_CATTATCAGCAAATCA,3-M-8,B cell,0,B cell,-1.7721655,0.48609376,1048,0.7022960782051086
10X_P4_7_CATTATCAGGGTTTCT,3-M-8,B cell,0,B cell,-1.6456518,2.8886569,1049,0.6525765657424927
10X_P4_7_CATTATCCATAGTAAG,3-M-8,B cell,0,B cell,-1.9844016,3.9740262,1050,0.5695040225982666
10X_P4_7_CATTATCGTCTTCAAG,3-M-8,B cell,0,B cell,-2.5879893,0.68710345,1051,0.7758382558822632
10X_P4_7_CATTATCTCCGCAAGC,3-M-8,B cell,4,Unmatched_4,-4.2799735,4.28542,1052,0.8728680610656738
10X_P4_7_CATTCGCAGGCGTACA,3-M-8,B cell,1,Unmatched_1,-0.8185462,6.179771,1053,0.751706600189209
10X_P4_7_CATTCGCCAGAGTGTG,3-M-8,macrophage,8,Unmatched_8,10.076675,12.403165,1054,3.596492290496826
10X_P4_7_CATTCGCCATCATCCC,3-M-8,B cell,12,Unmatched_12,9.157708,9.693937,1055,3.1062629222869877
10X_P4_7_CATTCGCCATGACATC,3-M-8,T cell,2,Unmatched_2,2.4658272,25.46736,1056,0.6852139830589294
10X_P4_7_CATTCGCCATGCTAGT,3-M-8,B cell,0,B cell,-0.101245105,0.2511491,1057,0.6834510564804077
10X_P4_7_CATTCGCGTATATGGA,3-M-8,natural killer cell,6,natural killer cell,7.17714,26.40353,1058,1.7563211917877195
10X_P4_7_CATTCGCGTCTAGCCG,3-M-8,B cell,1,Unmatched_1,-2.9089298,4.833419,1059,0.9583277106285096
10X_P4_7_CATTCGCGTGGTAACG,3-M-8,B cell,0,B cell,-0.42404217,-0.60804516,1060,0.64371258020401
10X_P4_7_CATTCGCGTTGCTCCT,3-M-8,T cell,3,T cell,4.5334764,24.37125,1061,0.9109880328178406
10X_P4_7_CATTCGCTCGACGGAA,3-M-8,B cell,1,Unmatched_1,-1.2653192,5.3785887,1062,0.6606007814407349
10X_P4_7_CATTCGCTCTATCGCC,3-M-8,B cell,1,Unmatched_1,-3.0291033,6.114217,1063,0.6197369694709778
10X_P4_7_CCAATCCAGCGTTGCC,3-M-8,T cell,2,Unmatched_2,4.114039,25.766973,1064,1.8760154247283936
10X_P4_7_CCAATCCAGCTTTGGT,3-M-8,B cell,0,B cell,-0.3364556,0.06862383,1065,0.584277868270874
10X_P4_7_CCAATCCAGGCAAAGA,3-M-8,B cell,0,B cell,-1.7102501,1.720139,1066,0.5675040483474731
10X_P4_7_CCAATCCCATACAGCT,3-M-8,B cell,0,B cell,-3.7381124,2.3519216,1067,0.5924184322357178
10X_P4_7_CCAATCCGTTACGTCA,3-M-8,T cell,3,T cell,3.7629051,23.249956,1068,0.548712968826294
10X_P4_7_CCACCTAAGTCTTGCA,3-M-8,B cell,0,B cell,-2.123894,0.5121156,1069,0.5564255118370056
10X_P4_7_CCACCTACAAATCCGT,3-M-8,T cell,9,Unmatched_9,6.9824853,23.70039,1070,1.988750457763672
10X_P4_7_CCACCTACAAGTCTAC,3-M-8,B cell,0,B cell,0.50203425,2.682751,1071,0.7125963568687439
10X_P4_7_CCACCTACACATTTCT,3-M-8,B cell,1,Unmatched_1,-1.684166,3.5802197,1072,0.9992230534553528
10X_P4_7_CCACCTACAGGGCATA,3-M-8,B cell,0,B cell,-0.833467,2.4205453,1073,0.9442830085754396
10X_P4_7_CCACCTACATTAGGCT,3-M-8,T cell,2,Unmatched_2,3.2000713,25.683506,1074,1.06778085231781
10X_P4_7_CCACCTAGTGCTCTTC,3-M-8,macrophage,5,macrophage,13.37984,15.361218,1075,2.2436394691467285
10X_P4_7_CCACCTAGTGTGTGCC,3-M-8,B cell,0,B cell,-0.9174921,-1.2736655,1076,1.3827441930770874
10X_P4_7_CCACCTAGTTAAGAAC,3-M-8,T cell,2,Unmatched_2,2.312089,26.078133,1077,0.6742715239524841
10X_P4_7_CCACCTATCACGATGT,3-M-8,B cell,0,B cell,-3.3191383,1.4580486,1078,0.4419993758201599
10X_P4_7_CCACCTATCCGTACAA,3-M-8,B cell,0,B cell,-4.603826,0.23243876,1079,0.6007310152053833
10X_P4_7_CCACGGAAGAAGCCCA,3-M-8,B cell,0,B cell,-0.516645,1.1641064,1080,1.2901352643966677
10X_P4_7_CCACGGAAGGTAGCCA,3-M-8,B cell,1,Unmatched_1,-2.212578,6.210832,1081,0.7361220121383667
10X_P4_7_CCACGGACAAGTACCT,3-M-8,B cell,4,Unmatched_4,-4.0416646,4.057552,1082,0.9950885772705078
10X_P4_7_CCACGGAGTAAATACG,3-M-8,macrophage,5,macrophage,13.378335,15.359603,1083,1.7015225887298584
10X_P4_7_CCACGGAGTCACAAGG,3-M-8,B cell,4,Unmatched_4,-2.6115267,8.83782,1084,0.7200852036476135
10X_P4_7_CCACGGATCCTGTAGA,3-M-8,T cell,2,Unmatched_2,4.7812443,26.552528,1085,1.166019082069397
10X_P4_7_CCACGGATCGTAGGTT,3-M-8,B cell,0,B cell,-3.260773,2.8312736,1086,1.40961754322052
10X_P4_7_CCACTACAGATGGGTC,3-M-8,B cell,1,Unmatched_1,-3.9528275,6.386499,1087,0.9368566870689392
10X_P4_7_CCACTACAGCTGCGAA,3-M-8,natural killer cell,6,natural killer cell,7.1199217,26.475006,1088,1.8810853958129885
10X_P4_7_CCACTACAGGGTATCG,3-M-8,B cell,0,B cell,-1.767358,0.35286754,1089,0.4760078489780426
10X_P4_7_CCACTACCACCAGGCT,3-M-8,macrophage,14,Unmatched_14,8.205456,15.737324,1090,2.7347469329833984
10X_P4_7_CCACTACCAGATGGGT,3-M-8,B cell,1,Unmatched_1,-3.6392002,6.23102,1091,0.7673797011375427
10X_P4_7_CCACTACCATCAGTCA,3-M-8,B cell,0,B cell,-2.3784854,0.56758213,1092,0.4431408643722534
10X_P4_7_CCACTACTCAGTCAGT,3-M-8,B cell,7,Unmatched_7,-5.5093093,0.81972516,1093,1.2047854661941528
10X_P4_7_CCACTACTCCTAAGTG,3-M-8,B cell,1,Unmatched_1,-3.9735186,6.4068637,1094,1.0070945024490356
10X_P4_7_CCACTACTCTCACATT,3-M-8,B cell,0,B cell,-4.3227434,0.036574982,1095,0.7547560334205627
10X_P4_7_CCACTACTCTTGTACT,3-M-8,B cell,0,B cell,-1.0359148,-0.35123396,1096,0.6979827880859375
10X_P4_7_CCAGCGAAGAGCTTCT,3-M-8,B cell,1,Unmatched_1,-2.7163408,4.1432157,1097,0.7721945643424988
10X_P4_7_CCAGCGAAGAGTGACC,3-M-8,B cell,0,B cell,-2.3836808,0.4187616,1098,0.4875754117965698
10X_P4_7_CCAGCGAAGAGTTGGC,3-M-8,B cell,0,B cell,-0.11055993,1.4527115,1099,1.0542174577713013
10X_P4_7_CCAGCGACAAGAAAGG,3-M-8,B cell,0,B cell,-1.0704024,-1.2434821,1100,0.709060549736023
10X_P4_7_CCAGCGAGTACCGGCT,3-M-8,B cell,0,B cell,-0.96527,-0.3851667,1101,0.6920897960662842
10X_P4_7_CCAGCGAGTCACCTAA,3-M-8,B cell,12,Unmatched_12,9.18616,9.6650095,1102,4.559726238250732
10X_P4_7_CCAGCGAGTGTAACGG,3-M-8,B cell,1,Unmatched_1,-1.0423015,5.725354,1103,0.5162107348442078
10X_P4_7_CCATGTCAGATAGCAT,3-M-8,T cell,3,T cell,4.873389,24.48194,1104,1.1527202129364014
10X_P4_7_CCATGTCAGATCGATA,3-M-8,B cell,0,B cell,-1.2257538,-1.2815689,1105,0.7032493948936462
10X_P4_7_CCATGTCCACTACAGT,3-M-8,B cell,4,Unmatched_4,-4.412901,3.4173307,1106,0.8717384934425354
10X_P4_7_CCATGTCCATACGCCG,3-M-8,T cell,2,Unmatched_2,1.7183458,25.558289,1107,0.552169680595398
10X_P4_7_CCATGTCGTCCGAATT,3-M-8,B cell,1,Unmatched_1,-2.841584,4.986414,1108,1.272145390510559
10X_P4_7_CCATGTCTCGTCGTTC,3-M-8,B cell,0,B cell,-0.07487543,2.0040555,1109,0.7138333320617676
10X_P4_7_CCATGTCTCTAGCACA,3-M-8,B cell,7,Unmatched_7,-5.3930964,1.3215644,1110,1.3009450435638428
10X_P4_7_CCATTCGAGCTTCGCG,3-M-8,B cell,0,B cell,-1.2808706,-0.2704465,1111,0.535391092300415
10X_P4_7_CCATTCGAGGCTCAGA,3-M-8,T cell,3,T cell,3.5904932,23.245617,1112,0.5858087539672852
10X_P4_7_CCATTCGCAGGCGATA,3-M-8,T cell,2,Unmatched_2,1.9203238,25.578995,1113,0.7416967749595642
10X_P4_7_CCATTCGCATCGGGTC,3-M-8,B cell,0,B cell,-1.9669423,1.1554818,1114,0.3869314193725586
10X_P4_7_CCATTCGGTGGTTTCA,3-M-8,B cell,0,B cell,-2.3095345,1.8403507,1115,0.7068092226982117
10X_P4_7_CCATTCGTCTGTCCGT,3-M-8,macrophage,5,macrophage,11.235251,14.506721,1116,2.746775388717652
10X_P4_7_CCATTCGTCTTACCTA,3-M-8,B cell,0,B cell,-3.0811841,1.0076922,1117,0.454474925994873
10X_P4_7_CCCAATCCAAGTCTAC,3-M-8,T cell,3,T cell,3.600417,22.922915,1118,0.8793176412582397
10X_P4_7_CCCAATCCAATCTACG,3-M-8,B cell,0,B cell,-1.3781548,0.34792382,1119,0.562421977519989
10X_P4_7_CCCAATCCACGCTTTC,3-M-8,B cell,0,B cell,-3.171364,-0.17295766,1120,0.8768125772476196
10X_P4_7_CCCAATCCAGCTTCGG,3-M-8,B cell,4,Unmatched_4,-4.830908,3.2847874,1121,0.9253780841827391
10X_P4_7_CCCAATCGTATGAAAC,3-M-8,B cell,0,B cell,-0.55452704,-0.2898468,1122,0.5572555065155029
10X_P4_7_CCCAATCGTCTAGCGC,3-M-8,B cell,1,Unmatched_1,-0.9634704,5.727653,1123,0.8194105625152588
10X_P4_7_CCCAATCGTGACCAAG,3-M-8,T cell,3,T cell,3.5270119,22.917877,1124,0.7234815359115601
10X_P4_7_CCCAATCGTTATGTGC,3-M-8,macrophage,8,Unmatched_8,10.023611,12.369805,1125,3.105686902999878
10X_P4_7_CCCAATCTCCTTTCGG,3-M-8,B cell,0,B cell,-3.9675088,2.410788,1126,0.6995304226875305
10X_P4_7_CCCAATCTCTACTTAC,3-M-8,B cell,1,Unmatched_1,-2.0851765,4.3885684,1127,0.7643683552742004
10X_P4_7_CCCAGTTCAACTGGCC,3-M-8,B cell,0,B cell,-0.69349986,-0.7880466,1128,0.6915024518966675
10X_P4_7_CCCAGTTCACGTAAGG,3-M-8,B cell,0,B cell,-3.011726,1.599272,1129,0.8173031210899353
10X_P4_7_CCCAGTTCACTTCGAA,3-M-8,B cell,0,B cell,-2.4726744,-0.56440395,1130,0.5820114016532898
10X_P4_7_CCCAGTTCATGGGACA,3-M-8,T cell,3,T cell,3.9730828,24.018484,1131,0.8968111872673035
10X_P4_7_CCCAGTTGTTAAAGTG,3-M-8,macrophage,5,macrophage,12.578537,14.814886,1132,2.4008049964904785
10X_P4_7_CCCAGTTGTTCGTCTC,3-M-8,T cell,2,Unmatched_2,2.0228825,25.76788,1133,0.5938869714736938
10X_P4_7_CCCAGTTTCACCACCT,3-M-8,B cell,4,Unmatched_4,9.211237,14.080101,1134,2.2728819847106934
10X_P4_7_CCCAGTTTCTGAGTGT,3-M-8,B cell,4,Unmatched_4,-2.4958987,8.78286,1135,0.5640498399734497
10X_P4_7_CCCATACAGCTCTCGG,3-M-8,B cell,14,Unmatched_14,8.201628,15.742645,1136,5.334986209869385
10X_P4_7_CCCATACAGGATATAC,3-M-8,B cell,0,B cell,-1.849693,0.77450544,1137,1.4650335311889648
10X_P4_7_CCCATACCAATGGAAT,3-M-8,B cell,0,B cell,-0.8486266,0.17249545,1138,0.8248494267463684
10X_P4_7_CCCATACCACAGGCCT,3-M-8,T cell,3,T cell,3.223281,23.318687,1139,0.6648342609405518
10X_P4_7_CCCATACCACCTTGTC,3-M-8,natural killer cell,6,natural killer cell,7.1252155,26.478367,1140,1.8633031845092771
10X_P4_7_CCCATACCATGGATGG,3-M-8,B cell,0,B cell,-0.4658226,2.2833276,1141,1.263868808746338
10X_P4_7_CCCATACGTTACGCGC,3-M-8,B cell,0,B cell,-4.0267515,1.3005453,1142,0.988683819770813
10X_P4_7_CCCATACTCAAGCCTA,3-M-8,macrophage,5,macrophage,13.439275,15.412599,1143,2.147275447845459
10X_P4_7_CCCATACTCACCTTAT,3-M-8,B cell,0,B cell,-4.843792,0.43424678,1144,1.1735824346542358
10X_P4_7_CCCATACTCCTCCTAG,3-M-8,B cell,4,Unmatched_4,-5.0865555,2.8556232,1145,1.371424436569214
10X_P4_7_CCCTCCTAGACAGGCT,3-M-8,B cell,0,B cell,-3.595075,-0.3754632,1146,0.5919845700263977
10X_P4_7_CCCTCCTAGAGTTGGC,3-M-8,B cell,0,B cell,-0.2917831,-0.039136346,1147,0.6513648629188538
10X_P4_7_CCCTCCTCACACATGT,3-M-8,B cell,0,B cell,-0.41808546,-0.79300046,1148,0.4936757385730743
10X_P4_7_CCCTCCTCACGGCGTT,3-M-8,B cell,0,B cell,-1.9178169,0.1446071,1149,0.5336176156997681
10X_P4_7_CCCTCCTCATTTGCTT,3-M-8,B cell,0,B cell,-2.7376847,2.915334,1150,0.5442190766334534
10X_P4_7_CCCTCCTGTCGTGGCT,3-M-8,B cell,0,B cell,-3.830591,1.5078723,1151,0.8393764495849609
10X_P4_7_CCCTCCTGTGCAACGA,3-M-8,B cell,0,B cell,-1.2131654,2.5360625,1152,0.8987191319465637
10X_P4_7_CCCTCCTGTGCGCTTG,3-M-8,B cell,0,B cell,-1.2170671,-0.91438794,1153,0.8503260612487793
10X_P4_7_CCCTCCTTCGCGCCAA,3-M-8,macrophage,8,Unmatched_8,10.044496,12.349748,1154,2.514756679534912
10X_P4_7_CCCTCCTTCTGAGTGT,3-M-8,T cell,2,Unmatched_2,4.6295776,26.197466,1155,1.3219300508499146
10X_P4_7_CCGGGATCACATGGGA,3-M-8,B cell,0,B cell,-0.2088712,-0.31998783,1156,0.4726133942604065
10X_P4_7_CCGGGATTCGCATGAT,3-M-8,B cell,12,Unmatched_12,9.186785,9.664077,1157,3.395867824554444
10X_P4_7_CCGGTAGAGGCAGTCA,3-M-8,B cell,11,Unmatched_11,-3.6386065,7.6717744,1158,5.109276294708252
10X_P4_7_CCGGTAGAGGTAAACT,3-M-8,B cell,0,B cell,-2.2238078,0.7738444,1159,0.6844789385795593
10X_P4_7_CCGGTAGAGGTAGCCA,3-M-8,B cell,0,B cell,-1.702129,1.675727,1160,0.7483024001121521
10X_P4_7_CCGGTAGCAATGGAAT,3-M-8,B cell,0,B cell,-0.48540202,-0.8819957,1161,0.4765985012054443
10X_P4_7_CCGGTAGCACGAAACG,3-M-8,T cell,2,Unmatched_2,3.8233466,24.905214,1162,1.4450743198394775
10X_P4_7_CCGGTAGTCTGCAGTA,3-M-8,B cell,0,B cell,-2.3225334,0.7749835,1163,0.4390055239200592
10X_P4_7_CCGTACTAGATAGCAT,3-M-8,T cell,2,Unmatched_2,0.7499334,22.822472,1164,1.0745012760162354
10X_P4_7_CCGTACTGTACAGTGG,3-M-8,B cell,0,B cell,-0.46737742,-0.78131455,1165,0.5831436514854431
10X_P4_7_CCGTACTGTCTCGTTC,3-M-8,B cell,0,B cell,-0.51469046,2.8808594,1166,0.647416889667511
10X_P4_7_CCGTACTGTGTGACGA,3-M-8,T cell,3,T cell,5.2470045,24.878695,1167,1.1529661417007446
10X_P4_7_CCGTACTTCAAGGCTT,3-M-8,B cell,0,B cell,-3.0096684,0.5830995,1168,0.4924017190933227
10X_P4_7_CCGTACTTCTCTAGGA,3-M-8,T cell,3,T cell,3.6145945,23.1097,1169,0.6510082483291626
10X_P4_7_CCGTGGAAGGATCGCA,3-M-8,B cell,0,B cell,-0.95431364,-1.2437749,1170,0.6423416137695312
10X_P4_7_CCGTGGAAGTAATCCC,3-M-8,macrophage,5,macrophage,13.418311,15.394836,1171,1.5505584478378296
10X_P4_7_CCGTGGAGTTCTGGTA,3-M-8,natural killer cell,6,natural killer cell,7.0194597,25.887955,1172,1.9419786930084229
10X_P4_7_CCGTTCAAGCCACTAT,3-M-8,B cell,0,B cell,-1.4160955,2.284285,1173,1.0012716054916382
10X_P4_7_CCGTTCACAAGTACCT,3-M-8,B cell,0,B cell,0.081348486,1.864783,1174,0.9370722770690918
10X_P4_7_CCGTTCACAGCCTGTG,3-M-8,macrophage,5,macrophage,13.221243,15.2537365,1175,2.174854278564453
10X_P4_7_CCGTTCACAGGAATCG,3-M-8,B cell,4,Unmatched_4,-4.1400366,4.0680623,1176,1.5416823625564575
10X_P4_7_CCGTTCACATCAGTAC,3-M-8,T cell,2,Unmatched_2,2.6424108,26.231415,1177,0.6513555645942688
10X_P4_7_CCGTTCAGTAGTGAAT,3-M-8,B cell,1,Unmatched_1,-3.0856676,4.607235,1178,0.8825139999389648
10X_P4_7_CCGTTCAGTCGAGTTT,3-M-8,macrophage,5,macrophage,4.4307165,13.707549,1179,2.553394556045532
10X_P4_7_CCGTTCATCAAACGGG,3-M-8,T cell,3,T cell,3.2760293,23.443823,1180,0.7076012492179871
10X_P4_7_CCGTTCATCCTTTACA,3-M-8,B cell,0,B cell,-0.42674166,-0.96149933,1181,0.5660305619239807
10X_P4_7_CCGTTCATCGTCGTTC,3-M-8,T cell,2,Unmatched_2,2.7207263,26.432684,1182,0.58017897605896
10X_P4_7_CCTAAAGAGCTAAGAT,3-M-8,B cell,0,B cell,-0.82963973,-0.14848536,1183,0.5854762196540833
10X_P4_7_CCTAAAGAGTACGATA,3-M-8,B cell,0,B cell,-1.8495703,0.7953061,1184,0.5275072455406189
10X_P4_7_CCTAAAGAGTTGAGTA,3-M-8,B cell,0,B cell,-3.0441766,0.17258075,1185,0.5211012959480286
10X_P4_7_CCTAAAGCACAGCGTC,3-M-8,T cell,3,T cell,3.173373,23.532751,1186,0.6077218055725098
10X_P4_7_CCTAAAGCAGATAATG,3-M-8,B cell,0,B cell,-2.106976,0.09771536,1187,0.4092903137207031
10X_P4_7_CCTAAAGGTCCGTTAA,3-M-8,B cell,0,B cell,-1.6717696,1.3823049,1188,0.5037120580673218
10X_P4_7_CCTAAAGGTCTCTTTA,3-M-8,T cell,2,Unmatched_2,2.710209,26.339745,1189,0.7171893119812012
10X_P4_7_CCTAAAGGTCTGCGGT,3-M-8,B cell,0,B cell,-1.8103946,-0.8379329,1190,1.1239315271377563
10X_P4_7_CCTAAAGGTGGCGAAT,3-M-8,B cell,0,B cell,-1.0002915,0.15249841,1191,0.8189670443534851
10X_P4_7_CCTAAAGGTTTGTTTC,3-M-8,B cell,0,B cell,-1.8320408,0.385281,1192,0.5441601872444153
10X_P4_7_CCTAAAGTCACATGCA,3-M-8,B cell,0,B cell,-0.7061204,-1.2758509,1193,0.8802803158760071
10X_P4_7_CCTAAAGTCCTAGAAC,3-M-8,T cell,3,T cell,3.0529675,23.251293,1194,0.6584625840187073
10X_P4_7_CCTAAAGTCTCTAAGG,3-M-8,T cell,3,T cell,3.8738625,23.757524,1195,0.689564049243927
10X_P4_7_CCTACACGTAAGGATT,3-M-8,B cell,0,B cell,-4.624359,0.368687,1196,1.3822096586227417
10X_P4_7_CCTACACGTCCAGTTA,3-M-8,T cell,3,T cell,4.469162,24.396461,1197,1.1575168371200562
10X_P4_7_CCTACACGTCCGTGAC,3-M-8,B cell,1,Unmatched_1,-3.2410216,3.9885705,1198,0.7432311177253723
10X_P4_7_CCTACACGTGACAAAT,3-M-8,B cell,0,B cell,-0.49668568,0.41824204,1199,0.8312150239944458
10X_P4_7_CCTACACGTGTGCGTC,3-M-8,B cell,7,Unmatched_7,-5.4176784,1.3270025,1200,1.2041099071502686
10X_P4_7_CCTACACTCACTGGGC,3-M-8,B cell,0,B cell,-1.3152449,0.14629547,1201,0.6527881026268005
10X_P4_7_CCTACACTCGGAATCT,3-M-8,macrophage,5,macrophage,11.165223,14.467803,1202,1.4573959112167358
10X_P4_7_CCTACCAAGAAACCAT,3-M-8,T cell,2,Unmatched_2,2.4968927,25.64096,1203,0.5423646569252014
10X_P4_7_CCTACCAAGATGAGAG,3-M-8,B cell,0,B cell,-0.02674884,0.44445884,1204,0.4542210698127746
10X_P4_7_CCTACCAAGCGATCCC,3-M-8,B cell,1,Unmatched_1,-1.7498676,5.662374,1205,1.0328691005706787
10X_P4_7_CCTACCACAAGAAGAG,3-M-8,B cell,0,B cell,-2.004653,-1.2345397,1206,0.9851574897766112
10X_P4_7_CCTACCACACAAGCCC,3-M-8,B cell,1,Unmatched_1,-2.005632,6.115852,1207,0.693828821182251
10X_P4_7_CCTACCATCACTTATC,3-M-8,B cell,1,Unmatched_1,-1.5751069,5.7574735,1208,0.5756077170372009
10X_P4_7_CCTACCATCTCAAACG,3-M-8,B cell,0,B cell,-1.6194352,2.0243263,1209,0.6855719089508057
10X_P4_7_CCTAGCTAGAGGGATA,3-M-8,B cell,0,B cell,-0.27954325,-0.9337487,1210,0.5123425722122192
10X_P4_7_CCTAGCTGTACCAGTT,3-M-8,B cell,0,B cell,-0.13531157,0.21281011,1211,0.7310590744018555
10X_P4_7_CCTAGCTGTTCGTCTC,3-M-8,B cell,0,B cell,-0.5288677,-1.1846465,1212,0.7537505030632019
10X_P4_7_CCTAGCTTCCGTCAAA,3-M-8,B cell,0,B cell,-3.3631036,0.7157279,1213,0.4824883639812469
10X_P4_7_CCTAGCTTCCTTTCTC,3-M-8,B cell,2,Unmatched_2,0.34010023,23.13928,1214,1.3652777671813965
10X_P4_7_CCTAGCTTCTCGTATT,3-M-8,B cell,1,Unmatched_1,-3.1386812,4.4674516,1215,0.6849316358566284
10X_P4_7_CCTATTAAGCTATGCT,3-M-8,B cell,4,Unmatched_4,-2.5961661,8.731961,1216,0.6445969939231873
10X_P4_7_CCTATTAAGCTGATAA,3-M-8,B cell,0,B cell,-3.2590077,-0.21978825,1217,0.4396556913852691
10X_P4_7_CCTATTAAGGCCCTCA,3-M-8,T cell,9,Unmatched_9,7.0776544,23.611872,1218,1.43579363822937
10X_P4_7_CCTATTACACGAAACG,3-M-8,B cell,1,Unmatched_1,-1.7233664,5.4365897,1219,0.6207572221755981
10X_P4_7_CCTATTACACTGTCGG,3-M-8,B cell,0,B cell,-2.4374857,-0.073724374,1220,0.4394050538539886
10X_P4_7_CCTATTAGTCGAACAG,3-M-8,B cell,1,Unmatched_1,-2.2442992,5.798254,1221,0.6606359481811523
10X_P4_7_CCTATTATCCACGAAT,3-M-8,B cell,0,B cell,-2.6436872,1.2446234,1222,0.4725069403648376
10X_P4_7_CCTCAGTAGCCATCGC,3-M-8,B cell,1,Unmatched_1,-2.3307593,4.8487206,1223,0.5950284600257874
10X_P4_7_CCTCAGTAGGCTACGA,3-M-8,B cell,1,Unmatched_1,-2.8241663,6.07831,1224,0.567499041557312
10X_P4_7_CCTCAGTAGGGTCGAT,3-M-8,B cell,0,B cell,-2.2350638,0.8619926,1225,0.4323536157608032
10X_P4_7_CCTCAGTAGGTGATAT,3-M-8,T cell,3,T cell,3.3009052,22.697136,1226,0.6798840761184692
10X_P4_7_CCTCAGTGTCACTTCC,3-M-8,B cell,1,Unmatched_1,-1.3747036,5.37088,1227,0.4749787747859955
10X_P4_7_CCTCAGTGTTGCGTTA,3-M-8,B cell,1,Unmatched_1,-3.7732947,3.561261,1228,1.7196533679962158
10X_P4_7_CCTCAGTTCACATACG,3-M-8,B cell,0,B cell,0.026382156,-0.4517002,1229,0.7955425381660461
10X_P4_7_CCTCAGTTCCTGCAGG,3-M-8,B cell,0,B cell,-0.92340386,2.4659379,1230,0.6810011863708496
10X_P4_7_CCTCAGTTCGACGGAA,3-M-8,B cell,0,B cell,-0.21783444,0.13523385,1231,0.6370735764503479
10X_P4_7_CCTCAGTTCTCGCATC,3-M-8,B cell,0,B cell,-2.5473535,0.6128719,1232,0.419174462556839
10X_P4_7_CCTTACGAGATGTTAG,3-M-8,B cell,0,B cell,-1.940632,1.3681144,1233,0.426170140504837
10X_P4_7_CCTTACGAGTGCCATT,3-M-8,B cell,0,B cell,0.08155798,1.8850652,1234,0.7564767599105835
10X_P4_7_CCTTACGCACGACGAA,3-M-8,B cell,1,Unmatched_1,-1.8597677,5.7134686,1235,0.4531932771205902
10X_P4_7_CCTTACGGTCAAGCGA,3-M-8,B cell,0,B cell,-2.8893726,1.90498,1236,0.4105656743049621
10X_P4_7_CCTTACGGTGAGTATA,3-M-8,macrophage,5,macrophage,12.56714,14.812829,1237,2.299140214920044
10X_P4_7_CCTTACGGTGATGCCC,3-M-8,B cell,0,B cell,-1.6782297,3.340164,1238,0.6007939577102661
10X_P4_7_CCTTACGTCCTGCCAT,3-M-8,B cell,0,B cell,-2.2821972,1.5098683,1239,0.4218600392341614
10X_P4_7_CCTTCCCAGAATCTCC,3-M-8,T cell,2,Unmatched_2,3.9706147,25.810986,1240,1.0210440158843994
10X_P4_7_CCTTCCCCACATTTCT,3-M-8,B cell,0,B cell,-2.633716,0.87547606,1241,0.3957195281982422
10X_P4_7_CCTTCCCCAGTACACT,3-M-8,T cell,2,Unmatched_2,2.0536041,25.66054,1242,0.6297685503959656
10X_P4_7_CCTTCCCGTCTTCGTC,3-M-8,B cell,7,Unmatched_7,-5.4644547,1.1895442,1243,1.3667290210723877
10X_P4_7_CCTTCCCGTGTCGCTG,3-M-8,B cell,0,B cell,-2.0089452,0.27995974,1244,0.8792458772659302
10X_P4_7_CCTTCGAAGATAGTCA,3-M-8,B cell,0,B cell,-2.080451,-0.16456763,1245,0.4344542920589447
10X_P4_7_CCTTCGAAGCAATATG,3-M-8,T cell,3,T cell,3.8308864,24.547499,1246,1.2789541482925415
10X_P4_7_CCTTCGAAGGATGGAA,3-M-8,T cell,3,T cell,3.8782969,23.604038,1247,0.5719141364097595
10X_P4_7_CCTTCGAAGGTGACCA,3-M-8,B cell,7,Unmatched_7,-5.249412,0.6785312,1248,1.50033438205719
10X_P4_7_CCTTCGACAGACTCGC,3-M-8,B cell,4,Unmatched_4,-4.800365,4.3568454,1249,0.9042415618896484
10X_P4_7_CCTTCGACATCAGTCA,3-M-8,natural killer cell,6,natural killer cell,6.8778286,25.826109,1250,1.9989382028579712
10X_P4_7_CCTTCGAGTCTGATTG,3-M-8,B cell,1,Unmatched_1,-1.5453683,4.6677055,1251,0.6288877725601196
10X_P4_7_CCTTCGATCAGTTAGC,3-M-8,T cell,9,Unmatched_9,6.995003,23.692486,1252,1.4120588302612305
10X_P4_7_CCTTCGATCCCTTGCA,3-M-8,B cell,0,B cell,-0.36785066,2.391549,1253,0.7585557103157043
10X_P4_7_CCTTCGATCTGCGACG,3-M-8,B cell,1,Unmatched_1,-1.4043057,6.3911805,1254,0.523127019405365
10X_P4_7_CCTTCGATCTGGAGCC,3-M-8,B cell,0,B cell,-1.4551831,-0.23252825,1255,0.7761595249176025
10X_P4_7_CCTTTCTAGATTACCC,3-M-8,B cell,0,B cell,-3.4492724,0.37443444,1256,0.7141595482826233
10X_P4_7_CCTTTCTCAAGCTGGA,3-M-8,B cell,1,Unmatched_1,-1.3433306,4.146496,1257,0.5897406339645386
10X_P4_7_CCTTTCTCACTAGTAC,3-M-8,B cell,0,B cell,-0.05659865,-0.122150384,1258,0.4840993583202362
10X_P4_7_CCTTTCTCATTCCTCG,3-M-8,macrophage,5,macrophage,4.6188817,13.939069,1259,2.117929458618164
10X_P4_7_CCTTTCTGTGCGATAG,3-M-8,B cell,0,B cell,-2.796301,1.7476833,1260,0.4570685625076294
10X_P4_7_CCTTTCTGTTGGACCC,3-M-8,B cell,1,Unmatched_1,-1.8993639,6.0962677,1261,0.5916519165039062
10X_P4_7_CCTTTCTTCCGTTGTC,3-M-8,B cell,0,B cell,-0.57480234,2.4859858,1262,0.7240542769432068
10X_P4_7_CCTTTCTTCTGGTTCC,3-M-8,B cell,0,B cell,-1.1140254,0.09972931,1263,0.708271861076355
10X_P4_7_CGAACATAGGATGTAT,3-M-8,T cell,5,macrophage,4.5911036,13.9121065,1264,2.8559908866882324
10X_P4_7_CGAACATCACAAGACG,3-M-8,B cell,0,B cell,0.16629,-0.20562215,1265,0.473699152469635
10X_P4_7_CGAACATCACATTCGA,3-M-8,T cell,2,Unmatched_2,2.788688,25.608223,1266,1.2195760011672974
10X_P4_7_CGAACATCAGGAATCG,3-M-8,B cell,1,Unmatched_1,-2.0424767,6.0448737,1267,0.5964049100875854
10X_P4_7_CGAACATCATAACCTG,3-M-8,B cell,0,B cell,-2.5429862,1.3679073,1268,0.4823787808418274
10X_P4_7_CGAACATGTTCATGGT,3-M-8,natural killer cell,6,natural killer cell,7.2876115,26.027407,1269,1.757560968399048
10X_P4_7_CGAACATTCCTTAATC,3-M-8,T cell,3,T cell,3.4241564,23.820774,1270,1.0442092418670654
10X_P4_7_CGAATGTAGAGCAATT,3-M-8,T cell,6,natural killer cell,6.2118955,25.268782,1271,3.646089553833008
10X_P4_7_CGAATGTAGAGTCGGT,3-M-8,B cell,0,B cell,-1.059645,0.2353498,1272,0.6948827505111694
10X_P4_7_CGAATGTAGCCAGAAC,3-M-8,T cell,3,T cell,3.8007686,23.053514,1273,0.8688789010047913
10X_P4_7_CGAATGTAGGCGCTCT,3-M-8,B cell,0,B cell,-1.0730453,0.8350921,1274,0.6977485418319702
10X_P4_7_CGAATGTAGTACGACG,3-M-8,macrophage,5,macrophage,12.42053,14.748355,1275,2.8008766174316406
10X_P4_7_CGAATGTAGTCCATAC,3-M-8,B cell,1,Unmatched_1,-3.9018943,6.0843,1276,0.754574179649353
10X_P4_7_CGAATGTCAGGTCTCG,3-M-8,B cell,6,natural killer cell,6.822198,26.13037,1277,3.218928337097168
10X_P4_7_CGAATGTGTATATCCG,3-M-8,natural killer cell,6,natural killer cell,7.123605,26.421665,1278,1.7250443696975708
10X_P4_7_CGAATGTGTCCCTTGT,3-M-8,B cell,0,B cell,0.37476206,0.3661173,1279,0.8589608669281006
10X_P4_7_CGAATGTGTTGTACAC,3-M-8,B cell,0,B cell,-2.5641677,3.0576634,1280,0.8038773536682129
10X_P4_7_CGAATGTTCACCACCT,3-M-8,T cell,3,T cell,3.531813,23.801601,1281,0.7786232829093933
10X_P4_7_CGACCTTAGATAGTCA,3-M-8,B cell,1,Unmatched_1,-2.6486328,4.333099,1282,0.6744948029518127
10X_P4_7_CGACCTTGTGCAACTT,3-M-8,B cell,0,B cell,0.28128824,0.40898144,1283,0.6526089310646057
10X_P4_7_CGACCTTGTTAAGACA,3-M-8,B cell,0,B cell,0.087043755,1.9097687,1284,0.8100572228431702
10X_P4_7_CGACCTTGTTCACGGC,3-M-8,B cell,0,B cell,-0.96589035,-1.1300232,1285,1.1102114915847778
10X_P4_7_CGACCTTTCCAAACAC,3-M-8,B cell,0,B cell,-1.2338043,-0.2879075,1286,0.6907235383987427
10X_P4_7_CGACCTTTCTCTTGAT,3-M-8,B cell,0,B cell,-0.7004512,-0.578073,1287,0.5077734589576721
10X_P4_7_CGACCTTTCTTGACGA,3-M-8,T cell,2,Unmatched_2,4.1470466,25.747673,1288,1.3995128870010376
10X_P4_7_CGACTTCAGACTAAGT,3-M-8,dendritic cell,10,dendritic cell,15.844071,-0.010916496,1289,3.625534057617188
10X_P4_7_CGACTTCAGTTAGGTA,3-M-8,B cell,0,B cell,-1.6272042,1.2951298,1290,0.5214744806289673
10X_P4_7_CGACTTCCAATCGGTT,3-M-8,B cell,6,natural killer cell,0.7507857,2.9182541,1291,1.3229281902313232
10X_P4_7_CGACTTCCAGCTTAAC,3-M-8,T cell,6,natural killer cell,5.968476,25.29645,1292,3.646089553833008
10X_P4_7_CGACTTCGTCGGGTCT,3-M-8,T cell,2,Unmatched_2,4.6363354,26.188654,1293,1.3232698440551758
10X_P4_7_CGAGAAGAGAGAACAG,3-M-8,macrophage,5,macrophage,12.061303,14.670367,1294,2.28572678565979
10X_P4_7_CGAGAAGCAAACAACA,3-M-8,B cell,1,Unmatched_1,-2.891279,4.5204573,1295,0.7658834457397461
10X_P4_7_CGAGAAGCACCAGGTC,3-M-8,B cell,1,Unmatched_1,-0.84492844,6.126929,1296,0.9142026305198668
10X_P4_7_CGAGAAGGTACAGTGG,3-M-8,B cell,0,B cell,-2.2740371,2.0765917,1297,0.7808494567871094
10X_P4_7_CGAGAAGGTACCGTAT,3-M-8,B cell,0,B cell,-2.2253962,3.584752,1298,0.6434708833694458
10X_P4_7_CGAGAAGGTAGAAGGA,3-M-8,B cell,0,B cell,-4.627333,0.20146352,1299,0.703359842300415
10X_P4_7_CGAGAAGGTTCCATGA,3-M-8,B cell,0,B cell,-1.314283,-0.8728634,1300,0.8484013080596924
10X_P4_7_CGAGAAGGTTTAAGCC,3-M-8,macrophage,5,macrophage,4.6317053,13.955597,1301,2.1431751251220703
10X_P4_7_CGAGAAGTCAAACGGG,3-M-8,B cell,1,Unmatched_1,-3.8716478,5.9675894,1302,1.4460783004760742
10X_P4_7_CGAGAAGTCGTTACGA,3-M-8,B cell,1,Unmatched_1,-3.919907,6.05717,1303,1.143810153007507
10X_P4_7_CGAGAAGTCTTTAGGG,3-M-8,B cell,4,Unmatched_4,-3.9944894,3.5519795,1304,1.308277606964111
10X_P4_7_CGAGCACCAAGAAAGG,3-M-8,B cell,7,Unmatched_7,-5.1448927,1.4077985,1305,1.350588083267212
10X_P4_7_CGAGCACTCTTGTACT,3-M-8,B cell,1,Unmatched_1,-1.2778668,6.3749475,1306,0.5370780825614929
10X_P4_7_CGAGCCAGTCTCGTTC,3-M-8,macrophage,5,macrophage,11.237953,14.50849,1307,1.4598000049591064
10X_P4_7_CGAGCCAGTGCACCAC,3-M-8,B cell,0,B cell,-3.2835155,0.65998197,1308,0.5931256413459778
10X_P4_7_CGAGCCAGTGTCTGAT,3-M-8,B cell,1,Unmatched_1,-2.3288963,6.032874,1309,0.7555438876152039
10X_P4_7_CGAGCCAGTTGAGTTC,3-M-8,B cell,0,B cell,-2.305591,0.5345994,1310,0.4523495137691498
10X_P4_7_CGAGCCATCCGCAAGC,3-M-8,B cell,0,B cell,-4.098279,2.2794094,1311,0.9941850900650024
10X_P4_7_CGATCGGAGAGGTTAT,3-M-8,B cell,0,B cell,-1.5411618,1.9636425,1312,0.4884666502475738
10X_P4_7_CGATCGGAGCCCAACC,3-M-8,T cell,2,Unmatched_2,0.7322911,22.843431,1313,1.0254530906677246
10X_P4_7_CGATCGGAGGGAACGG,3-M-8,macrophage,8,Unmatched_8,10.032096,12.362243,1314,3.646089553833008
10X_P4_7_CGATCGGCACTTACGA,3-M-8,B cell,4,Unmatched_4,-4.0969386,3.9649205,1315,0.8408714532852173
10X_P4_7_CGATCGGCAGCTGCTG,3-M-8,B cell,0,B cell,-2.3266094,-0.14166342,1316,0.6216422915458679
10X_P4_7_CGATCGGGTAGAGCTG,3-M-8,macrophage,6,natural killer cell,0.77525896,2.939242,1317,2.8559908866882324
10X_P4_7_CGATCGGGTGATGATA,3-M-8,B cell,0,B cell,-0.09155679,0.10013848,1318,0.4469034671783447
10X_P4_7_CGATCGGGTTATGCGT,3-M-8,B cell,13,Unmatched_13,13.092034,13.578235,1319,0.8213617205619812
10X_P4_7_CGATCGGTCTTAGAGC,3-M-8,macrophage,5,macrophage,12.452899,14.755856,1320,1.983697891235352
10X_P4_7_CGATGGCAGGATGGAA,3-M-8,B cell,0,B cell,-0.28603348,2.5531268,1321,0.7490083575248718
10X_P4_7_CGATGGCAGGCTAGGT,3-M-8,B cell,0,B cell,-2.3035316,0.013237052,1322,0.5249384641647339
10X_P4_7_CGATGGCCACGCCAGT,3-M-8,B cell,0,B cell,-0.32371283,-0.8818842,1323,0.6829968690872192
10X_P4_7_CGATGGCCATCGATTG,3-M-8,B cell,0,B cell,-1.9123966,1.2483522,1324,0.4178377389907837
10X_P4_7_CGATGGCCATCGGTTA,3-M-8,macrophage,8,Unmatched_8,10.031548,12.343206,1325,2.6205923557281494
10X_P4_7_CGATGGCGTATAGTAG,3-M-8,B cell,1,Unmatched_1,-2.296365,4.8678308,1326,0.6211320757865906
10X_P4_7_CGATGGCGTGCGAAAC,3-M-8,B cell,0,B cell,-1.7135042,0.53353757,1327,0.5258423686027527
10X_P4_7_CGATGGCTCCTCAACC,3-M-8,B cell,0,B cell,-2.0386243,3.8838518,1328,0.693086564540863
10X_P4_7_CGATGGCTCTCGCATC,3-M-8,B cell,1,Unmatched_1,-1.4589872,6.389775,1329,0.4645889401435852
10X_P4_7_CGATGGCTCTGTCAAG,3-M-8,B cell,0,B cell,-3.4410036,1.0473583,1330,0.6181627511978149
10X_P4_7_CGATGGCTCTGTCCGT,3-M-8,B cell,0,B cell,0.26056373,-0.019237397,1331,0.7910842299461365
10X_P4_7_CGATGTAAGAGCTTCT,3-M-8,B cell,0,B cell,-2.428046,1.8704579,1332,0.4691854417324066
10X_P4_7_CGATGTAAGTCGCCGT,3-M-8,B cell,0,B cell,-1.1296463,1.3739083,1333,0.6597214341163635
10X_P4_7_CGATGTAAGTGTCCCG,3-M-8,B cell,4,Unmatched_4,-4.969493,4.4008193,1334,0.8763158917427063
10X_P4_7_CGATGTACATTATCTC,3-M-8,B cell,0,B cell,-2.8423645,0.5235943,1335,0.7597233057022095
10X_P4_7_CGATTGAAGACTACAA,3-M-8,B cell,1,Unmatched_1,-2.2585957,6.0025744,1336,0.9514670372009276
10X_P4_7_CGATTGAAGTGTTTGC,3-M-8,macrophage,8,Unmatched_8,10.224344,12.199502,1337,2.33523941040039
10X_P4_7_CGATTGACAGCGTCCA,3-M-8,B cell,4,Unmatched_4,-3.9526114,4.077448,1338,1.6644837856292725
10X_P4_7_CGATTGACATACAGCT,3-M-8,B cell,0,B cell,-2.272949,0.34900907,1339,0.4497645795345306
10X_P4_7_CGATTGAGTATTAGCC,3-M-8,B cell,4,Unmatched_4,-2.5278475,8.803359,1340,0.7515749335289001
10X_P4_7_CGATTGAGTTCTCATT,3-M-8,dendritic cell,10,dendritic cell,15.836289,-0.0026786749,1341,4.54536771774292
10X_P4_7_CGATTGATCACTTCAT,3-M-8,natural killer cell,6,natural killer cell,6.9064903,25.914165,1342,1.9384660720825195
10X_P4_7_CGATTGATCGAGCCCA,3-M-8,T cell,9,Unmatched_9,6.9649,23.722975,1343,1.8181383609771729
10X_P4_7_CGATTGATCGATCCCT,3-M-8,B cell,1,Unmatched_1,-3.855468,6.116706,1344,0.9026020765304564
10X_P4_7_CGCCAAGCATTACGAC,3-M-8,B cell,0,B cell,-0.48625383,1.1849198,1345,0.7953764796257019
10X_P4_7_CGCCAAGGTAGCCTAT,3-M-8,B cell,0,B cell,-2.8833222,1.2418439,1346,0.4323708117008209
10X_P4_7_CGCCAAGTCTGTTTGT,3-M-8,natural killer cell,6,natural killer cell,7.3193154,26.23928,1347,1.668165922164917
10X_P4_7_CGCGGTAAGAGTGACC,3-M-8,B cell,0,B cell,-0.21422757,0.2744489,1348,0.6441747546195984
10X_P4_7_CGCGGTAAGTCCAGGA,3-M-8,B cell,0,B cell,-3.286519,0.6986341,1349,0.4267645478248596
10X_P4_7_CGCGGTAAGTGGAGTC,3-M-8,B cell,0,B cell,-2.0243,0.71916324,1350,0.5740340352058411
10X_P4_7_CGCGGTACAAAGTCAA,3-M-8,B cell,0,B cell,-0.23603262,-0.7521282,1351,0.4743984043598175
10X_P4_7_CGCGGTACAAGCGATG,3-M-8,B cell,0,B cell,-1.1289657,-1.0788418,1352,0.7719994783401489
10X_P4_7_CGCGGTACACAGGCCT,3-M-8,macrophage,8,Unmatched_8,10.296383,12.146138,1353,3.631174802780152
10X_P4_7_CGCGGTACACTGAAGG,3-M-8,B cell,1,Unmatched_1,-2.261019,4.147953,1354,0.6112528443336487
10X_P4_7_CGCGGTACAGGTGGAT,3-M-8,B cell,0,B cell,0.07707612,0.54907596,1355,0.4947738647460937
10X_P4_7_CGCGGTACATCTCCCA,3-M-8,B cell,0,B cell,-0.1062696,0.20799214,1356,0.5224542617797852
10X_P4_7_CGCGGTAGTAAAGGAG,3-M-8,B cell,6,natural killer cell,0.7090664,2.8721063,1357,0.665696918964386
10X_P4_7_CGCGGTAGTAAGGATT,3-M-8,T cell,2,Unmatched_2,3.3797555,26.03141,1358,0.812874972820282
10X_P4_7_CGCGGTAGTCATATGC,3-M-8,B cell,0,B cell,0.07904242,2.0161586,1359,0.8821383118629456
10X_P4_7_CGCGGTAGTCGAACAG,3-M-8,B cell,0,B cell,-3.0717654,2.943258,1360,0.8928313255310059
10X_P4_7_CGCGGTATCAGAGACG,3-M-8,T cell,2,Unmatched_2,3.7804356,24.974445,1361,0.9818957448005676
10X_P4_7_CGCGGTATCCGTAGGC,3-M-8,B cell,0,B cell,-2.6513767,3.077396,1362,0.8538609147071838
10X_P4_7_CGCGGTATCCTGTAGA,3-M-8,B cell,4,Unmatched_4,-5.3039327,1.0092356,1363,1.5249515771865845
10X_P4_7_CGCGTTTAGTGCCATT,3-M-8,T cell,2,Unmatched_2,2.7801228,25.575712,1364,0.5954769849777222
10X_P4_7_CGCGTTTAGTGGACGT,3-M-8,B cell,1,Unmatched_1,-2.2034702,4.0555816,1365,0.7157095074653625
10X_P4_7_CGCGTTTGTTCTGGTA,3-M-8,macrophage,5,macrophage,13.432429,15.406594,1366,1.518620848655701
10X_P4_7_CGCTATCAGCGTAGTG,3-M-8,B cell,0,B cell,-2.9165769,-0.43133873,1367,0.6352593302726746
10X_P4_7_CGCTATCCAAACCTAC,3-M-8,B cell,0,B cell,-3.1060903,0.8802946,1368,0.5271293520927429
10X_P4_7_CGCTATCGTCTCTTAT,3-M-8,B cell,0,B cell,-0.8979439,-0.7774027,1369,1.1812703609466553
10X_P4_7_CGCTATCGTTGTCTTT,3-M-8,B cell,0,B cell,-3.9099061,2.4024456,1370,0.7147674560546875
10X_P4_7_CGCTGGACATCGATTG,3-M-8,macrophage,8,Unmatched_8,10.149107,12.25305,1371,2.7014801502227783
10X_P4_7_CGCTGGACATGCTAGT,3-M-8,B cell,0,B cell,-0.38132304,-1.0234182,1372,0.7764496803283691
10X_P4_7_CGCTGGAGTAACGACG,3-M-8,B cell,0,B cell,-0.27555874,0.6857087,1373,0.7384229302406311
10X_P4_7_CGCTGGATCTCCCTGA,3-M-8,B cell,4,Unmatched_4,-4.027236,4.2430305,1374,0.8839846253395081
10X_P4_7_CGCTTCAAGAAGAAGC,3-M-8,B cell,1,Unmatched_1,-4.0038357,6.44715,1375,1.2900633811950684
10X_P4_7_CGCTTCAAGAGATGAG,3-M-8,B cell,0,B cell,-2.8735542,1.2334429,1376,0.4190474152565002
10X_P4_7_CGCTTCAAGCGTCTAT,3-M-8,T cell,2,Unmatched_2,1.8273005,25.529272,1377,0.9337153434753418
10X_P4_7_CGCTTCAAGCTTCGCG,3-M-8,T cell,9,Unmatched_9,7.0829754,23.606003,1378,2.0843794345855717
10X_P4_7_CGCTTCAAGGATGGTC,3-M-8,B cell,0,B cell,-0.76361585,0.5651105,1379,0.715928852558136
10X_P4_7_CGCTTCACATATGGTC,3-M-8,B cell,0,B cell,-1.5049578,0.7777048,1380,0.9406355023384094
10X_P4_7_CGCTTCATCGGCATCG,3-M-8,macrophage,5,macrophage,11.872573,14.6224985,1381,2.7333712577819824
10X_P4_7_CGGACACAGAAACGCC,3-M-8,B cell,1,Unmatched_1,-2.2962556,6.1777472,1382,0.9744715094566344
10X_P4_7_CGGACACAGCCAGGAT,3-M-8,B cell,0,B cell,-1.7146163,0.071715556,1383,0.5779305696487427
10X_P4_7_CGGACACAGTCAAGCG,3-M-8,macrophage,5,macrophage,13.437501,15.412857,1384,1.7960710525512695
10X_P4_7_CGGACACCACATGTGT,3-M-8,B cell,1,Unmatched_1,-2.9980016,4.2408633,1385,0.6005181670188904
10X_P4_7_CGGACACCACCCTATC,3-M-8,B cell,4,Unmatched_4,9.0534725,14.202495,1386,1.5367624759674072
10X_P4_7_CGGACACGTAAGGGAA,3-M-8,macrophage,8,Unmatched_8,10.063745,12.324377,1387,2.845207452774048
10X_P4_7_CGGACACGTCATATCG,3-M-8,B cell,0,B cell,-2.950462,0.098872736,1388,0.4987170100212097
10X_P4_7_CGGACACGTGATGTCT,3-M-8,B cell,0,B cell,-1.5123734,1.2666279,1389,0.613664984703064
10X_P4_7_CGGACACTCAATACCG,3-M-8,T cell,2,Unmatched_2,2.4702303,25.954456,1390,0.6027989387512207
10X_P4_7_CGGACACTCTGTGCAA,3-M-8,B cell,0,B cell,-2.3802302,2.0900512,1391,0.4805150330066681
10X_P4_7_CGGACACTCTTACCTA,3-M-8,B cell,4,Unmatched_4,9.178676,14.096366,1392,1.6059705018997192
10X_P4_7_CGGACGTAGAGGTTAT,3-M-8,natural killer cell,6,natural killer cell,6.7447386,25.617975,1393,2.1586127281188965
10X_P4_7_CGGACGTAGATCCGAG,3-M-8,B cell,0,B cell,0.10675403,1.5634431,1394,0.4534163177013397
10X_P4_7_CGGACGTAGATGTCGG,3-M-8,B cell,0,B cell,-0.97570926,1.9577018,1395,0.5506287217140198
10X_P4_7_CGGACGTAGGCCATAG,3-M-8,B cell,0,B cell,-1.762855,1.6809189,1396,0.964095652103424
10X_P4_7_CGGACGTCACGTCAGC,3-M-8,B cell,4,Unmatched_4,-4.242306,4.180275,1397,0.8955671191215515
10X_P4_7_CGGACGTGTGTTGGGA,3-M-8,B cell,0,B cell,-3.3649464,0.2921656,1398,0.4648005664348602
10X_P4_7_CGGACTGAGCCGATTT,3-M-8,T cell,3,T cell,3.766828,23.08197,1399,0.5956377387046814
10X_P4_7_CGGACTGAGTTTGCGT,3-M-8,macrophage,5,macrophage,4.6236877,13.924967,1400,2.4945552349090576
10X_P4_7_CGGACTGCACCGCTAG,3-M-8,T cell,2,Unmatched_2,2.3809495,25.156977,1401,1.1295642852783203
10X_P4_7_CGGACTGCACTTCGAA,3-M-8,T cell,9,Unmatched_9,7.0286803,23.658794,1402,1.9935126304626465
10X_P4_7_CGGACTGGTAAATGAC,3-M-8,B cell,8,Unmatched_8,10.0129385,12.396951,1403,3.624277591705322
10X_P4_7_CGGACTGGTTCCGGCA,3-M-8,natural killer cell,6,natural killer cell,6.764394,25.659225,1404,1.8243119716644287
10X_P4_7_CGGACTGTCCGTAGGC,3-M-8,B cell,0,B cell,-1.4299134,1.922631,1405,0.4384776055812835
10X_P4_7_CGGAGCTAGATGGGTC,3-M-8,B cell,0,B cell,-1.5033866,1.9868215,1406,1.1836718320846558
10X_P4_7_CGGAGCTAGTACTTGC,3-M-8,B cell,1,Unmatched_1,-1.4085522,5.0240946,1407,0.6583341360092163
10X_P4_7_CGGAGCTGTGCCTGGT,3-M-8,T cell,3,T cell,2.944979,23.326015,1408,0.6550675630569458
10X_P4_7_CGGAGCTGTTCTGGTA,3-M-8,B cell,0,B cell,-2.537802,3.9868908,1409,1.0685887336730957
10X_P4_7_CGGAGTCAGAAGGTGA,3-M-8,B cell,0,B cell,0.03059565,1.8087901,1410,0.764955461025238
10X_P4_7_CGGAGTCAGCTAGTCT,3-M-8,B cell,0,B cell,-0.30970356,1.8646424,1411,0.9954434037208556
10X_P4_7_CGGAGTCAGGTCATCT,3-M-8,B cell,0,B cell,-3.0182455,2.0017288,1412,0.9944448471069336
10X_P4_7_CGGAGTCAGTACGCCC,3-M-8,B cell,11,Unmatched_11,-3.7093534,7.7738824,1413,5.109276294708252
10X_P4_7_CGGAGTCGTACCGCTG,3-M-8,macrophage,8,Unmatched_8,10.412217,12.074328,1414,2.736594915390014
10X_P4_7_CGGAGTCTCCGCAAGC,3-M-8,T cell,3,T cell,4.5215516,25.20125,1415,1.9980179071426392
10X_P4_7_CGGCTAGGTCTGATTG,3-M-8,T cell,2,Unmatched_2,4.5319576,26.63443,1416,1.2128305435180664
10X_P4_7_CGGCTAGTCAGCTCGG,3-M-8,macrophage,5,macrophage,4.642867,13.967293,1417,2.3978819847106934
10X_P4_7_CGGCTAGTCGTCACGG,3-M-8,B cell,0,B cell,0.0374096,0.09258404,1418,0.4366981983184814
10X_P4_7_CGGGTCAAGACTACAA,3-M-8,T cell,3,T cell,2.9311786,23.448326,1419,0.6772820949554443
10X_P4_7_CGGGTCAAGCTAACAA,3-M-8,B cell,0,B cell,-1.9284021,1.6828526,1420,0.5644879937171936
10X_P4_7_CGGGTCACAACCGCCA,3-M-8,B cell,0,B cell,-0.03703937,0.71007174,1421,0.8758887052536011
10X_P4_7_CGGGTCACAGCCTGTG,3-M-8,B cell,0,B cell,-0.39206392,-0.6895279,1422,0.5854977369308472
10X_P4_7_CGGGTCACATGATCCA,3-M-8,B cell,1,Unmatched_1,-2.7187867,3.9462042,1423,1.1297614574432373
10X_P4_7_CGGGTCAGTCTACCTC,3-M-8,B cell,0,B cell,-2.961309,2.746248,1424,0.8480942845344543
10X_P4_7_CGGTTAAAGACACGAC,3-M-8,B cell,0,B cell,-1.3075639,1.9793549,1425,0.6236669421195984
10X_P4_7_CGGTTAAAGATCGGGT,3-M-8,T cell,2,Unmatched_2,4.285161,26.490873,1426,1.1260141134262085
10X_P4_7_CGGTTAAAGCGTCTAT,3-M-8,T cell,2,Unmatched_2,4.8303905,26.665672,1427,1.5868661403656006
10X_P4_7_CGGTTAAAGGTAGCTG,3-M-8,T cell,2,Unmatched_2,2.7731843,26.37103,1428,0.7318007946014404
10X_P4_7_CGGTTAAAGTTAACGA,3-M-8,B cell,1,Unmatched_1,-1.5683243,6.1235623,1429,0.5005831122398376
10X_P4_7_CGGTTAACAGCGTAAG,3-M-8,T cell,3,T cell,3.5219789,23.312628,1430,0.890185534954071
10X_P4_7_CGGTTAAGTCCGACGT,3-M-8,macrophage,5,macrophage,12.703632,14.918086,1431,2.090453147888184
10X_P4_7_CGGTTAATCCGCGCAA,3-M-8,B cell,0,B cell,-2.5034695,1.8861092,1432,0.721119225025177
10X_P4_7_CGGTTAATCGGCATCG,3-M-8,B cell,4,Unmatched_4,-4.154289,3.1462226,1433,1.4543144702911377
10X_P4_7_CGGTTAATCTGCGTAA,3-M-8,T cell,3,T cell,2.9646566,23.223173,1434,0.5625723600387573
10X_P4_7_CGGTTAATCTTGTTTG,3-M-8,B cell,0,B cell,-1.9030716,0.20518541,1435,0.5025515556335449
10X_P4_7_CGTAGCGAGAAAGTGG,3-M-8,macrophage,5,macrophage,12.493811,14.744677,1436,2.6211190223693848
10X_P4_7_CGTAGCGAGATGTCGG,3-M-8,B cell,0,B cell,-1.6666597,2.4088705,1437,0.910941481590271
10X_P4_7_CGTAGCGAGGGTTCCC,3-M-8,B cell,1,Unmatched_1,-2.1984348,5.12953,1438,0.6052829027175903
10X_P4_7_CGTAGCGAGGTGCTAG,3-M-8,T cell,2,Unmatched_2,2.3484101,26.045078,1439,0.5625789165496826
10X_P4_7_CGTAGCGCAAGCCCAC,3-M-8,B cell,0,B cell,-1.4214855,1.3577724,1440,1.016032338142395
10X_P4_7_CGTAGCGGTCGGATCC,3-M-8,B cell,1,Unmatched_1,-1.3227745,5.1919384,1441,0.8890538811683655
10X_P4_7_CGTAGCGTCGCTTGTC,3-M-8,B cell,0,B cell,0.34840313,0.14389469,1442,0.4461282193660736
10X_P4_7_CGTAGGCCAAGCCCAC,3-M-8,B cell,0,B cell,-0.6361613,1.7381928,1443,0.8774785399436951
10X_P4_7_CGTAGGCCACGGACAA,3-M-8,B cell,11,Unmatched_11,-3.6992016,7.7628818,1444,5.109276294708252
10X_P4_7_CGTAGGCGTAATAGCA,3-M-8,B cell,1,Unmatched_1,-2.1648073,6.1133556,1445,0.7239194512367249
10X_P4_7_CGTAGGCGTGGCCCTA,3-M-8,T cell,9,Unmatched_9,7.0171995,23.671392,1446,1.7196671962738037
10X_P4_7_CGTAGGCTCAGTTCGA,3-M-8,B cell,0,B cell,-3.0467322,1.669766,1447,0.445159375667572
10X_P4_7_CGTAGGCTCGCATGGC,3-M-8,B cell,0,B cell,-3.5779097,-0.32564643,1448,0.7947891354560852
10X_P4_7_CGTAGGCTCTTCAACT,3-M-8,T cell,3,T cell,3.0145729,23.45483,1449,0.523858904838562
10X_P4_7_CGTCACTAGCCCAGCT,3-M-8,B cell,0,B cell,-0.06325114,2.007295,1450,0.6558430790901184
10X_P4_7_CGTCACTAGCTAGTGG,3-M-8,B cell,1,Unmatched_1,-1.1438439,5.2542515,1451,0.6555991768836975
10X_P4_7_CGTCACTCACCGCTAG,3-M-8,B cell,0,B cell,-1.9024074,0.28108728,1452,0.7453572154045105
10X_P4_7_CGTCACTGTCCATCCT,3-M-8,B cell,0,B cell,-2.3690047,0.12680238,1453,0.464679479598999
10X_P4_7_CGTCACTTCATATCGG,3-M-8,B cell,0,B cell,-1.9784917,3.3650975,1454,0.7321319580078125
10X_P4_7_CGTCACTTCCCATTTA,3-M-8,macrophage,5,macrophage,12.569548,14.817457,1455,1.960994839668274
10X_P4_7_CGTCACTTCTTAGAGC,3-M-8,T cell,3,T cell,3.5106044,23.185673,1456,0.944918930530548
10X_P4_7_CGTCAGGAGAGCTTCT,3-M-8,B cell,0,B cell,-2.2758143,3.182532,1457,1.32647705078125
10X_P4_7_CGTCAGGAGGCGATAC,3-M-8,B cell,1,Unmatched_1,-1.2757652,6.2763886,1458,0.5951021909713745
10X_P4_7_CGTCAGGAGGTAAACT,3-M-8,T cell,3,T cell,3.731205,23.19086,1459,0.7736629247665405
10X_P4_7_CGTCAGGCAAACTGCT,3-M-8,T cell,3,T cell,3.5799668,22.859686,1460,0.8395615816116333
10X_P4_7_CGTCAGGCAACTGCTA,3-M-8,B cell,0,B cell,-1.801543,2.161482,1461,1.5195858478546145
10X_P4_7_CGTCAGGCACATGTGT,3-M-8,B cell,0,B cell,-0.3037852,-0.17517206,1462,0.5961694121360779
10X_P4_7_CGTCAGGGTGCTTCTC,3-M-8,B cell,0,B cell,-1.7202396,1.035856,1463,0.75626140832901
10X_P4_7_CGTCAGGGTTACCGAT,3-M-8,B cell,0,B cell,-4.07813,1.422816,1464,0.7173293232917786
10X_P4_7_CGTCAGGGTTGAGGTG,3-M-8,T cell,6,natural killer cell,6.228919,25.304186,1465,3.577594995498657
10X_P4_7_CGTCAGGTCACGACTA,3-M-8,B cell,4,Unmatched_4,-4.652547,3.3078823,1466,0.6647341847419739
10X_P4_7_CGTCAGGTCTCAAGTG,3-M-8,macrophage,5,macrophage,4.4659,13.748126,1467,2.541398286819458
10X_P4_7_CGTCCATAGAAGGTGA,3-M-8,B cell,4,Unmatched_4,-2.5525122,8.761364,1468,0.761154294013977
10X_P4_7_CGTCCATAGACCTAGG,3-M-8,B cell,0,B cell,-0.83694345,0.18859987,1469,0.6696555614471436
10X_P4_7_CGTCCATAGAGGTAGA,3-M-8,B cell,7,Unmatched_7,-4.8899803,1.1965866,1470,1.0920177698135376
10X_P4_7_CGTCCATAGCCTTGAT,3-M-8,B cell,1,Unmatched_1,-2.2792206,4.845553,1471,0.636124312877655
10X_P4_7_CGTCCATGTTATGCGT,3-M-8,macrophage,5,macrophage,13.410684,15.38828,1472,1.6894618272781372
10X_P4_7_CGTCCATGTTCGTCTC,3-M-8,B cell,0,B cell,-1.9258434,3.2596676,1473,0.6927236914634705
10X_P4_7_CGTCCATTCCTTGCCA,3-M-8,T cell,3,T cell,3.2111225,23.339445,1474,0.7349543571472168
10X_P4_7_CGTCCATTCGGAGCAA,3-M-8,T cell,3,T cell,2.5103464,23.264765,1475,0.6083866953849792
10X_P4_7_CGTCCATTCTGACCTC,3-M-8,B cell,4,Unmatched_4,9.076346,14.186544,1476,1.5457594394683838
10X_P4_7_CGTCTACAGACATAAC,3-M-8,B cell,0,B cell,-1.6916234,2.3064718,1477,1.0056208372116089
10X_P4_7_CGTCTACGTCTAGTCA,3-M-8,B cell,4,Unmatched_4,-5.0714235,2.7024527,1478,1.2769640684127808
10X_P4_7_CGTCTACGTTCCGGCA,3-M-8,B cell,0,B cell,-2.37516,1.9262109,1479,0.4932696521282196
10X_P4_7_CGTCTACTCCATGCTC,3-M-8,B cell,0,B cell,-4.6445417,0.3348694,1480,0.7632728219032288
10X_P4_7_CGTCTACTCTTGTTTG,3-M-8,B cell,0,B cell,-2.3104,0.51411146,1481,0.5382459163665771
10X_P4_7_CGTGAGCCACCACGTG,3-M-8,B cell,0,B cell,-0.1323045,0.80778265,1482,0.8085670471191406
10X_P4_7_CGTGAGCCATGTCTCC,3-M-8,B cell,0,B cell,-1.7188361,0.6942332,1483,0.6212097406387329
10X_P4_7_CGTGAGCGTAACGTTC,3-M-8,B cell,0,B cell,-0.051039178,2.0301294,1484,0.7922413945198059
10X_P4_7_CGTGAGCGTGATAAGT,3-M-8,B cell,0,B cell,-3.3427992,2.8281314,1485,0.4580817222595215
10X_P4_7_CGTGAGCGTGGTTTCA,3-M-8,T cell,3,T cell,2.4289849,23.235039,1486,0.923492431640625
10X_P4_7_CGTGAGCTCAAGGTAA,3-M-8,B cell,0,B cell,-1.6085696,0.94500864,1487,0.4642930924892425
10X_P4_7_CGTGTAAAGAAACCTA,3-M-8,B cell,0,B cell,-0.98874545,-0.15069932,1488,0.6274137496948242
10X_P4_7_CGTGTAAAGCGACGTA,3-M-8,B cell,0,B cell,0.25001737,0.26045728,1489,0.6064818501472473
10X_P4_7_CGTGTAAAGTATCGAA,3-M-8,T cell,3,T cell,3.799167,23.410011,1490,0.7925105690956116
10X_P4_7_CGTGTAACAAGAGTCG,3-M-8,B cell,0,B cell,0.09716501,-0.47205415,1491,0.477841168642044
10X_P4_7_CGTGTAACACCAGGCT,3-M-8,B cell,0,B cell,-2.4600463,3.1655421,1492,1.2006756067276
10X_P4_7_CGTGTAAGTAAGGGAA,3-M-8,B cell,0,B cell,-0.81816465,-0.2723797,1493,0.7666826844215393
10X_P4_7_CGTGTAAGTACTTGAC,3-M-8,T cell,3,T cell,3.3183007,23.385202,1494,1.379711389541626
10X_P4_7_CGTGTAAGTGCCTTGG,3-M-8,T cell,2,Unmatched_2,2.8683236,26.091154,1495,0.6599295735359192
10X_P4_7_CGTGTAAGTTCCAACA,3-M-8,B cell,7,Unmatched_7,-4.850241,1.344635,1496,1.178220272064209
10X_P4_7_CGTGTAATCAAACCAC,3-M-8,macrophage,5,macrophage,13.402255,15.380297,1497,2.1261098384857178
10X_P4_7_CGTGTAATCGTTGCCT,3-M-8,B cell,0,B cell,-3.4211452,3.2129269,1498,1.0790197849273682
10X_P4_7_CGTGTCTAGCGTTGCC,3-M-8,B cell,0,B cell,-2.169709,3.6470442,1499,0.7820355296134949
10X_P4_7_CGTGTCTAGGCGATAC,3-M-8,T cell,2,Unmatched_2,3.6980515,25.06074,1500,0.7156886458396912
10X_P4_7_CGTGTCTCATGGTCAT,3-M-8,B cell,0,B cell,-0.17766552,-0.1488381,1501,0.8317409753799438
10X_P4_7_CGTGTCTCATTCCTCG,3-M-8,B cell,0,B cell,-2.7274427,1.9389702,1502,0.6353943347930908
10X_P4_7_CGTGTCTGTAGATTAG,3-M-8,B cell,1,Unmatched_1,-1.6351923,5.5960565,1503,0.5287247896194458
10X_P4_7_CGTGTCTTCAGCTGGC,3-M-8,T cell,3,T cell,5.309435,24.918028,1504,1.368620991706848
10X_P4_7_CGTGTCTTCCACGTGG,3-M-8,B cell,0,B cell,-1.1442809,-0.11950535,1505,0.7057665586471558
10X_P4_7_CGTTAGAAGCTCAACT,3-M-8,B cell,4,Unmatched_4,-4.295875,3.806663,1506,1.2938525676727295
10X_P4_7_CGTTAGAAGGCTCAGA,3-M-8,B cell,0,B cell,-0.34772435,2.6667957,1507,0.6188831329345703
10X_P4_7_CGTTAGAAGTACGTTC,3-M-8,B cell,0,B cell,-3.1123583,1.5445098,1508,0.4965763986110687
10X_P4_7_CGTTAGAAGTCCATAC,3-M-8,B cell,0,B cell,-1.3006877,3.4442737,1509,0.8294803500175476
10X_P4_7_CGTTAGAAGTTTGCGT,3-M-8,T cell,2,Unmatched_2,2.328198,26.164806,1510,0.5971512794494629
10X_P4_7_CGTTAGACAGCTGTGC,3-M-8,T cell,2,Unmatched_2,4.0764904,24.943193,1511,1.7715667486190796
10X_P4_7_CGTTAGAGTAAGTGTA,3-M-8,macrophage,5,macrophage,11.365317,14.545629,1512,1.708687663078308
10X_P4_7_CGTTAGATCAGCTTAG,3-M-8,B cell,7,Unmatched_7,-5.662667,1.1188242,1513,1.1816954612731934
10X_P4_7_CGTTAGATCCAGGGCT,3-M-8,T cell,2,Unmatched_2,3.9380805,25.633259,1514,2.302885055541992
10X_P4_7_CGTTAGATCGCGCCAA,3-M-8,B cell,4,Unmatched_4,-4.265714,4.297028,1515,0.8696838021278381
10X_P4_7_CGTTCTGAGAGCCCAA,3-M-8,B cell,0,B cell,-0.7766728,0.94083923,1516,0.6747890114784241
10X_P4_7_CGTTCTGTCCCTTGTG,3-M-8,B cell,1,Unmatched_1,-2.9234414,4.522986,1517,1.3629952669143677
10X_P4_7_CGTTGGGCAAATCCGT,3-M-8,B cell,0,B cell,-0.42405495,-1.032008,1518,0.7355424165725708
10X_P4_7_CGTTGGGCACAGGCCT,3-M-8,B cell,4,Unmatched_4,-4.964978,4.3910966,1519,0.741331934928894
10X_P4_7_CTAACTTAGTAGGTGC,3-M-8,B cell,7,Unmatched_7,-5.316169,1.293644,1520,1.4014145135879517
10X_P4_7_CTAACTTAGTGCTGCC,3-M-8,B cell,0,B cell,-0.6169217,2.546847,1521,1.0091521739959717
10X_P4_7_CTAACTTCAAGTTAAG,3-M-8,T cell,3,T cell,3.5405228,22.868317,1522,0.65562903881073
10X_P4_7_CTAACTTCACAGGAGT,3-M-8,B cell,0,B cell,-0.35851073,-0.3720966,1523,0.5544154644012451
10X_P4_7_CTAACTTCACCAACCG,3-M-8,B cell,0,B cell,-1.3212355,0.23707047,1524,1.4773122072219849
10X_P4_7_CTAACTTCATTGTGCA,3-M-8,B cell,0,B cell,-0.52936447,2.4261239,1525,0.9562657475471495
10X_P4_7_CTAACTTGTAGAAGGA,3-M-8,T cell,2,Unmatched_2,1.7636279,25.565905,1526,0.6418858170509338
10X_P4_7_CTAACTTGTCGACTGC,3-M-8,B cell,1,Unmatched_1,-2.217287,6.4450846,1527,0.9182084798812866
10X_P4_7_CTAACTTGTCGCGTGT,3-M-8,macrophage,8,Unmatched_8,10.157309,12.252069,1528,2.8932483196258545
10X_P4_7_CTAACTTGTCGCTTCT,3-M-8,T cell,2,Unmatched_2,4.829433,26.647926,1529,1.2573966979980469
10X_P4_7_CTAACTTTCACGCATA,3-M-8,B cell,0,B cell,-1.5690825,3.0736556,1530,0.5731815695762634
10X_P4_7_CTAACTTTCATTATCC,3-M-8,macrophage,13,Unmatched_13,13.082947,13.592625,1531,2.4738471508026123
10X_P4_7_CTAACTTTCCGATATG,3-M-8,B cell,0,B cell,-1.0205163,0.6231011,1532,0.5687556266784668
10X_P4_7_CTAAGACCAATGGAAT,3-M-8,B cell,0,B cell,-0.9346191,0.48995858,1533,0.6941308379173279
10X_P4_7_CTAAGACCACACAGAG,3-M-8,B cell,4,Unmatched_4,-2.5797074,8.752612,1534,1.0854300260543823
10X_P4_7_CTAAGACCATGTAGTC,3-M-8,macrophage,13,Unmatched_13,13.080607,13.595813,1535,2.8116672039031982
10X_P4_7_CTAAGACGTTCTGTTT,3-M-8,B cell,0,B cell,-2.2410321,1.5297506,1536,0.396915853023529
10X_P4_7_CTAAGACTCGTAGGTT,3-M-8,B cell,0,B cell,-1.3693889,1.2015996,1537,0.6508813500404358
10X_P4_7_CTAAGACTCTGCTGTC,3-M-8,T cell,3,T cell,3.8735695,23.528194,1538,1.469616174697876
10X_P4_7_CTAAGACTCTTGCATT,3-M-8,B cell,1,Unmatched_1,-2.6483731,4.292932,1539,0.7510309815406799
10X_P4_7_CTAATGGAGCACCGTC,3-M-8,B cell,4,Unmatched_4,-4.0936093,4.1775203,1540,0.7078083157539368
10X_P4_7_CTAATGGAGCGATGAC,3-M-8,B cell,0,B cell,-2.121962,-0.9761635,1541,1.600299835205078
10X_P4_7_CTAATGGAGTTTGCGT,3-M-8,B cell,0,B cell,-2.8447988,2.5841873,1542,0.5621944665908813
10X_P4_7_CTAATGGCACGTAAGG,3-M-8,B cell,0,B cell,-1.9737253,3.1533928,1543,0.6479882001876831
10X_P4_7_CTAATGGCACTGAAGG,3-M-8,macrophage,5,macrophage,11.21808,14.5036,1544,1.506662368774414
10X_P4_7_CTAATGGCAGATGGCA,3-M-8,B cell,0,B cell,-1.0017581,2.5907395,1545,0.4805318117141723
10X_P4_7_CTAATGGTCACAACGT,3-M-8,B cell,7,Unmatched_7,-5.490205,0.91724145,1546,1.188007354736328
10X_P4_7_CTACACCAGTGAAGTT,3-M-8,B cell,0,B cell,-0.41874924,0.79844123,1547,0.4194534718990326
10X_P4_7_CTACACCAGTGGCACA,3-M-8,B cell,0,B cell,-2.9516609,0.62049526,1548,0.4425403773784637
10X_P4_7_CTACACCCATCCGGGT,3-M-8,B cell,1,Unmatched_1,-1.0861125,6.2903166,1549,0.6457474231719971
10X_P4_7_CTACACCGTAGGAGTC,3-M-8,B cell,4,Unmatched_4,-4.1987753,2.9865336,1550,1.801641821861267
10X_P4_7_CTACACCGTTGTTTGG,3-M-8,B cell,1,Unmatched_1,-1.6150794,5.9932766,1551,0.5528899431228638
10X_P4_7_CTACACCTCCCAACGG,3-M-8,B cell,0,B cell,-1.0710872,-0.45841548,1552,0.6699950098991394
10X_P4_7_CTACACCTCGCATGAT,3-M-8,B cell,0,B cell,-3.1679752,4.0877504,1553,1.2422666549682615
10X_P4_7_CTACATTAGGACAGAA,3-M-8,B cell,0,B cell,-0.7422701,-0.75242674,1554,1.0629078149795532
10X_P4_7_CTACATTCACAACGCC,3-M-8,macrophage,8,Unmatched_8,10.711061,11.748672,1555,3.646089553833008
10X_P4_7_CTACATTCAGCCACCA,3-M-8,B cell,0,B cell,-2.557652,0.698359,1556,0.4999292492866516
10X_P4_7_CTACATTCAGCCAGAA,3-M-8,macrophage,5,macrophage,4.7045946,25.376287,1557,2.752264976501465
10X_P4_7_CTACATTCAGTCACTA,3-M-8,B cell,0,B cell,-0.38229468,0.36652344,1558,0.5310109257698059
10X_P4_7_CTACATTGTGTAAGTA,3-M-8,B cell,0,B cell,-1.0228722,0.2942514,1559,0.6129906177520752
10X_P4_7_CTACATTGTTGGTTTG,3-M-8,B cell,0,B cell,-2.3765006,0.87847304,1560,0.3965473473072052
10X_P4_7_CTACATTTCGCCCTTA,3-M-8,natural killer cell,6,natural killer cell,6.7792706,25.673439,1561,1.82649028301239
10X_P4_7_CTACCCAAGTTCGCGC,3-M-8,macrophage,8,Unmatched_8,10.359632,12.122676,1562,3.0883588790893555
10X_P4_7_CTACCCACACCTTGTC,3-M-8,B cell,0,B cell,-2.160543,1.562973,1563,0.412043958902359
10X_P4_7_CTACCCACACGTAAGG,3-M-8,B cell,4,Unmatched_4,-5.0426364,3.233368,1564,0.8137258291244507
10X_P4_7_CTACCCACAGGTGCCT,3-M-8,B cell,0,B cell,-2.8924644,0.9166444,1565,0.5147191882133484
10X_P4_7_CTACCCACATGAGCGA,3-M-8,B cell,4,Unmatched_4,-2.5867817,8.805297,1566,0.930472195148468
10X_P4_7_CTACCCACATTACGAC,3-M-8,B cell,0,B cell,-0.4930479,-0.10268279,1567,0.5058802366256714
10X_P4_7_CTACCCAGTCGTTGTA,3-M-8,T cell,3,T cell,4.58077,24.48024,1568,1.0065340995788574
10X_P4_7_CTACCCAGTCTCGTTC,3-M-8,B cell,0,B cell,-3.019019,1.359109,1569,0.3912318646907806
10X_P4_7_CTACCCATCCACGACG,3-M-8,B cell,0,B cell,-0.5350777,2.5275185,1570,1.166598916053772
10X_P4_7_CTACCCATCGGTCCGA,3-M-8,B cell,0,B cell,-1.1986657,2.0066857,1571,0.4657896161079407
10X_P4_7_CTACGTCAGAAGGACA,3-M-8,B cell,1,Unmatched_1,-1.1921407,5.980736,1572,0.5579883456230164
10X_P4_7_CTACGTCAGCTGCAAG,3-M-8,B cell,7,Unmatched_7,-5.463449,1.239549,1573,1.070792317390442
10X_P4_7_CTACGTCAGGGATCTG,3-M-8,B cell,0,B cell,-0.22355708,0.83855677,1574,0.8839577436447144
10X_P4_7_CTACGTCAGTGGGCTA,3-M-8,B cell,0,B cell,-4.9541063,0.47885016,1575,1.3185356855392456
10X_P4_7_CTACGTCCAATGGTCT,3-M-8,B cell,0,B cell,-1.551662,2.5809581,1576,1.0589607954025269
10X_P4_7_CTACGTCCATCGACGC,3-M-8,B cell,0,B cell,-0.44353154,0.35084063,1577,0.7930939197540283
10X_P4_7_CTACGTCGTAAAGTCA,3-M-8,B cell,0,B cell,-2.8511043,1.3358053,1578,0.4658488631248474
10X_P4_7_CTACGTCTCGGCTACG,3-M-8,B cell,0,B cell,-2.0713832,1.275927,1579,0.4892418086528778
10X_P4_7_CTACGTCTCGGCTTGG,3-M-8,B cell,0,B cell,-3.5019217,-0.23750892,1580,0.7799878716468811
10X_P4_7_CTACGTCTCTGCGGCA,3-M-8,B cell,1,Unmatched_1,-0.828069,6.1412067,1581,0.6197107434272766
10X_P4_7_CTAGAGTAGCAGGCTA,3-M-8,B cell,1,Unmatched_1,-3.9224586,5.906033,1582,0.9178640246391296
10X_P4_7_CTAGAGTAGCTAGTGG,3-M-8,T cell,3,T cell,3.2853787,23.214573,1583,0.6929353475570679
10X_P4_7_CTAGAGTAGTTTCCTT,3-M-8,B cell,0,B cell,-0.7756696,-0.0054799793,1584,0.8431799411773682
10X_P4_7_CTAGAGTCATGGTAGG,3-M-8,B cell,0,B cell,-0.30056137,-0.9189188,1585,0.5836324691772461
10X_P4_7_CTAGAGTGTTACTGAC,3-M-8,B cell,0,B cell,-3.3543096,2.392408,1586,0.9912559986114502
10X_P4_7_CTAGAGTTCGGAATCT,3-M-8,B cell,4,Unmatched_4,-4.043878,4.330923,1587,0.8595913648605347
10X_P4_7_CTAGAGTTCTCTTGAT,3-M-8,B cell,0,B cell,-1.6890228,-0.016821556,1588,0.7941662669181824
10X_P4_7_CTAGCCTAGCTAAGAT,3-M-8,T cell,3,T cell,3.2487154,23.161469,1589,1.2301479578018188
10X_P4_7_CTAGCCTAGCTGCGAA,3-M-8,B cell,11,Unmatched_11,-3.7019866,7.7637024,1590,5.109276294708252
10X_P4_7_CTAGCCTAGGTGATAT,3-M-8,B cell,7,Unmatched_7,-5.3033066,1.435747,1591,1.1269270181655884
10X_P4_7_CTAGCCTGTAATCACC,3-M-8,B cell,7,Unmatched_7,-5.3002024,1.2978027,1592,1.0208195447921753
10X_P4_7_CTAGCCTGTCACCTAA,3-M-8,B cell,4,Unmatched_4,-2.664007,8.674112,1593,1.0837589502334597
10X_P4_7_CTAGCCTGTCTAGTCA,3-M-8,B cell,0,B cell,-0.6044084,1.9231321,1594,0.8406472206115723
10X_P4_7_CTAGCCTGTGTATGGG,3-M-8,B cell,0,B cell,-1.3689814,-0.35071415,1595,0.6207631826400757
10X_P4_7_CTAGCCTTCGACGGAA,3-M-8,T cell,2,Unmatched_2,4.2198396,26.524939,1596,1.2028690576553345
10X_P4_7_CTAGCCTTCGTACCGG,3-M-8,B cell,0,B cell,-2.3808417,1.016229,1597,0.4671027362346649
10X_P4_7_CTAGCCTTCTGGAGCC,3-M-8,B cell,0,B cell,-1.6712487,1.2311248,1598,0.6528744697570801
10X_P4_7_CTAGCCTTCTTGTTTG,3-M-8,B cell,1,Unmatched_1,-1.4666145,5.72652,1599,0.629328727722168
10X_P4_7_CTAGTGAAGGCTACGA,3-M-8,macrophage,5,macrophage,13.446979,15.42167,1600,1.5479533672332764
10X_P4_7_CTAGTGACATACGCCG,3-M-8,B cell,0,B cell,-3.3087416,0.7507411,1601,0.4176736772060394
10X_P4_7_CTAGTGAGTCAAAGCG,3-M-8,T cell,2,Unmatched_2,2.855053,25.567642,1602,0.809034526348114
10X_P4_7_CTAGTGAGTCGGCTCA,3-M-8,B cell,0,B cell,-3.545779,-0.2703138,1603,0.5190793871879578
10X_P4_7_CTAGTGAGTCTCATCC,3-M-8,T cell,5,macrophage,4.4782853,13.805504,1604,1.8983676433563232
10X_P4_7_CTAGTGATCAAGATCC,3-M-8,B cell,0,B cell,-4.487067,1.3034564,1605,1.0792676210403442
10X_P4_7_CTAGTGATCAGATAAG,3-M-8,B cell,0,B cell,-0.9268108,0.61657804,1606,0.4826883971691131
10X_P4_7_CTAGTGATCCCGACTT,3-M-8,B cell,0,B cell,-2.2835946,0.7767601,1607,0.4802954196929931
10X_P4_7_CTCACACAGCGTTTAC,3-M-8,macrophage,8,Unmatched_8,10.718902,11.739431,1608,3.646089553833008
10X_P4_7_CTCACACCACCTTGTC,3-M-8,T cell,2,Unmatched_2,1.9695452,25.692982,1609,0.7716518044471741
10X_P4_7_CTCACACGTAATAGCA,3-M-8,T cell,2,Unmatched_2,3.808817,24.946068,1610,1.11729633808136
10X_P4_7_CTCACACGTATGAATG,3-M-8,B cell,0,B cell,-2.2502894,0.5105563,1611,0.4459782838821411
10X_P4_7_CTCACACGTCCGTGAC,3-M-8,T cell,3,T cell,4.498788,25.306242,1612,1.8652299642562864
10X_P4_7_CTCACACGTGGAAAGA,3-M-8,B cell,0,B cell,-2.187609,-1.1869464,1613,0.7708550691604614
10X_P4_7_CTCAGAAAGAACAATC,3-M-8,natural killer cell,6,natural killer cell,7.2598414,25.959028,1614,1.8860880136489868
10X_P4_7_CTCAGAAAGAGGTACC,3-M-8,macrophage,8,Unmatched_8,10.050843,12.335654,1615,2.6333134174346924
10X_P4_7_CTCAGAAAGGCTCTTA,3-M-8,B cell,0,B cell,-1.7415234,1.2296207,1616,0.4810872077941894
10X_P4_7_CTCAGAACAAATACAG,3-M-8,B cell,1,Unmatched_1,-2.3864365,4.4967237,1617,0.5753992795944214
10X_P4_7_CTCAGAACACAAGTAA,3-M-8,T cell,3,T cell,3.66089,22.991346,1618,0.6668609976768494
10X_P4_7_CTCAGAACAGTCAGCC,3-M-8,T cell,2,Unmatched_2,4.2029004,26.588686,1619,1.1616694927215576
10X_P4_7_CTCAGAAGTTTGGGCC,3-M-8,macrophage,13,Unmatched_13,13.061786,13.616268,1620,2.8559908866882324
10X_P4_7_CTCAGAATCGCGGATC,3-M-8,B cell,2,Unmatched_2,3.8548858,24.73483,1621,2.2348592281341557
10X_P4_7_CTCATTAAGGATATAC,3-M-8,B cell,0,B cell,-2.0258124,2.7757342,1622,0.6870604157447815
10X_P4_7_CTCATTAGTGAAAGAG,3-M-8,B cell,11,Unmatched_11,-3.6932669,7.7578535,1623,5.109276294708252
10X_P4_7_CTCATTATCAGAAATG,3-M-8,B cell,0,B cell,-1.2897031,4.013335,1624,0.7300280928611755
10X_P4_7_CTCCTAGAGCTAGTTC,3-M-8,T cell,2,Unmatched_2,2.1534426,25.622961,1625,0.911182165145874
10X_P4_7_CTCCTAGAGGGAACGG,3-M-8,B cell,0,B cell,-3.6127212,2.5123515,1626,0.9861339330673218
10X_P4_7_CTCCTAGAGTGGGCTA,3-M-8,T cell,2,Unmatched_2,4.2554336,26.537382,1627,1.007840871810913
10X_P4_7_CTCCTAGCAAGCTGGA,3-M-8,B cell,4,Unmatched_4,-3.835485,4.324322,1628,1.1552462577819824
10X_P4_7_CTCCTAGCAGGTCTCG,3-M-8,T cell,2,Unmatched_2,4.217732,26.55052,1629,1.1737898588180542
10X_P4_7_CTCCTAGCATTTGCCC,3-M-8,B cell,1,Unmatched_1,-2.6195712,4.477247,1630,0.7424682378768921
10X_P4_7_CTCCTAGGTGCAACTT,3-M-8,B cell,0,B cell,-1.0101118,2.7522984,1631,0.794345498085022
10X_P4_7_CTCCTAGGTGCGAAAC,3-M-8,B cell,4,Unmatched_4,-2.601217,8.827694,1632,0.8448526263237
10X_P4_7_CTCCTAGTCGATGAGG,3-M-8,T cell,2,Unmatched_2,2.573811,26.28103,1633,0.5431955456733704
10X_P4_7_CTCCTAGTCTGGTGTA,3-M-8,B cell,1,Unmatched_1,-4.8744264,2.2029674,1634,1.1954987049102783
10X_P4_7_CTCCTAGTCTTGCATT,3-M-8,B cell,0,B cell,-0.94579023,0.6533057,1635,0.4565962553024292
10X_P4_7_CTCCTAGTCTTGTCAT,3-M-8,B cell,0,B cell,-2.7406108,-1.0605897,1636,1.1174945831298828
10X_P4_7_CTCGAAAAGGGAGTAA,3-M-8,B cell,0,B cell,-1.015627,2.5341687,1637,1.0443521738052368
10X_P4_7_CTCGAAAAGTAGTGCG,3-M-8,B cell,4,Unmatched_4,-5.06029,3.213741,1638,1.1026294231414795
10X_P4_7_CTCGAAACATGATCCA,3-M-8,T cell,3,T cell,3.3140876,23.587013,1639,0.7335766553878784
10X_P4_7_CTCGAGGCACCATGTA,3-M-8,B cell,12,Unmatched_12,9.157736,9.691884,1640,3.929778575897217
10X_P4_7_CTCGAGGCATACCATG,3-M-8,B cell,0,B cell,-2.8664303,1.3942034,1641,0.502933919429779
10X_P4_7_CTCGAGGGTCGAACAG,3-M-8,B cell,0,B cell,-1.0858704,-0.5981106,1642,0.6572752594947815
10X_P4_7_CTCGAGGGTTGAACTC,3-M-8,B cell,7,Unmatched_7,-5.4716096,0.8208211,1643,1.3231258392333984
10X_P4_7_CTCGAGGTCACAAACC,3-M-8,T cell,2,Unmatched_2,2.0426028,25.525526,1644,0.6572108864784241
10X_P4_7_CTCGGAGCAAGAAAGG,3-M-8,B cell,0,B cell,0.59701425,2.7804801,1645,0.5371168255805969
10X_P4_7_CTCGGAGCAGACGCTC,3-M-8,B cell,4,Unmatched_4,-3.323984,3.6098366,1646,0.8737199902534485
10X_P4_7_CTCGGAGCATCGACGC,3-M-8,B cell,0,B cell,-3.1019015,-0.82970613,1647,0.6808501482009888
10X_P4_7_CTCGGAGTCATCACCC,3-M-8,macrophage,5,macrophage,4.5560226,13.864926,1648,2.1386053562164307
10X_P4_7_CTCGGAGTCCGCAAGC,3-M-8,B cell,4,Unmatched_4,-2.482263,8.820466,1649,1.825281262397766
10X_P4_7_CTCGGAGTCCGCAGTG,3-M-8,B cell,0,B cell,-0.76479304,2.391411,1650,0.8523163199424744
10X_P4_7_CTCGGAGTCGCTTAGA,3-M-8,B cell,4,Unmatched_4,-2.592483,8.842034,1651,0.699057936668396
10X_P4_7_CTCGGGAAGAACTCGG,3-M-8,B cell,4,Unmatched_4,-2.6744094,8.602303,1652,1.0269005298614502
10X_P4_7_CTCGGGAAGCTTTGGT,3-M-8,B cell,0,B cell,-1.6469437,2.263453,1653,0.8780052065849304
10X_P4_7_CTCGGGACAAGCTGGA,3-M-8,B cell,0,B cell,-2.6443577,-1.1026409,1654,0.9431537985801696
10X_P4_7_CTCGGGACACGGTGTC,3-M-8,T cell,3,T cell,3.6362035,22.885483,1655,0.6769070625305176
10X_P4_7_CTCGGGACACTTACGA,3-M-8,B cell,12,Unmatched_12,9.181659,9.675449,1656,4.844853401184082
10X_P4_7_CTCGGGAGTACATCCA,3-M-8,B cell,0,B cell,-2.5847929,1.3400884,1657,0.4159777462482452
10X_P4_7_CTCGGGAGTCATATGC,3-M-8,B cell,4,Unmatched_4,-2.4711516,8.789469,1658,0.6723587512969971
10X_P4_7_CTCGGGATCCAGTAGT,3-M-8,B cell,0,B cell,-1.2137858,1.8563021,1659,1.385344386100769
10X_P4_7_CTCGTACAGCTAGTTC,3-M-8,macrophage,5,macrophage,4.7613688,25.572235,1660,2.4683268070220947
10X_P4_7_CTCGTACCATATGGTC,3-M-8,B cell,0,B cell,-2.2151196,0.67728794,1661,0.4923851490020752
10X_P4_7_CTCGTACCATGCAACT,3-M-8,B cell,0,B cell,-1.1182956,-0.25669965,1662,0.6072349548339844
10X_P4_7_CTCGTACGTGAACCTT,3-M-8,B cell,1,Unmatched_1,-1.8028672,4.1445947,1663,0.5119650959968567
10X_P4_7_CTCGTACGTGCAGACA,3-M-8,macrophage,5,macrophage,13.352005,15.341459,1664,1.7743221521377563
10X_P4_7_CTCGTACGTTGTGGCC,3-M-8,B cell,0,B cell,-1.0172087,2.7186341,1665,0.8818165063858032
10X_P4_7_CTCGTCAAGAAGGGTA,3-M-8,B cell,4,Unmatched_4,-4.821513,4.4624224,1666,0.7939378023147583
10X_P4_7_CTCGTCACACGGTTTA,3-M-8,T cell,2,Unmatched_2,2.692155,26.315216,1667,0.9282694458961488
10X_P4_7_CTCGTCACATCGGGTC,3-M-8,B cell,7,Unmatched_7,-4.484388,1.7665945,1668,1.1019566059112549
10X_P4_7_CTCGTCACATGCCACG,3-M-8,B cell,4,Unmatched_4,-5.114492,2.7758546,1669,1.3152096271514893
10X_P4_7_CTCGTCAGTGCATCTA,3-M-8,macrophage,5,macrophage,12.5685,14.811069,1670,1.7047622203826904
10X_P4_7_CTCGTCAGTGCCTTGG,3-M-8,B cell,1,Unmatched_1,-0.73275936,6.073274,1671,0.5803700685501099
10X_P4_7_CTCGTCATCCATGAAC,3-M-8,macrophage,5,macrophage,4.6061063,13.921509,1672,1.949171781539917
10X_P4_7_CTCGTCATCTTGTTTG,3-M-8,T cell,3,T cell,3.39316,23.706148,1673,0.9209311008453368
10X_P4_7_CTCTAATAGAGCTTCT,3-M-8,B cell,0,B cell,-2.638463,0.70629203,1674,0.4764169454574585
10X_P4_7_CTCTAATAGCTGAACG,3-M-8,B cell,0,B cell,-3.7980247,5.7629447,1675,0.8501182794570923
10X_P4_7_CTCTAATCAATTGCTG,3-M-8,B cell,0,B cell,-2.5930293,2.2461252,1676,0.718957781791687
10X_P4_7_CTCTAATCACATTCGA,3-M-8,macrophage,5,macrophage,11.026444,14.374541,1677,2.810368299484253
10X_P4_7_CTCTACGCAAGAGTCG,3-M-8,T cell,3,T cell,4.0736732,24.035425,1678,0.7365087866783142
10X_P4_7_CTCTACGCATCGGTTA,3-M-8,T cell,3,T cell,3.2120533,23.113792,1679,0.6821259260177612
10X_P4_7_CTCTACGGTAAGAGGA,3-M-8,B cell,0,B cell,-1.017661,1.5625784,1680,0.6471349000930786
10X_P4_7_CTCTACGGTACCAGTT,3-M-8,B cell,0,B cell,-1.5393456,-0.09815687,1681,0.5871583819389343
10X_P4_7_CTCTACGGTGATAAAC,3-M-8,macrophage,5,macrophage,12.52936,14.770569,1682,2.399989366531372
10X_P4_7_CTCTACGTCGGAGGTA,3-M-8,B cell,0,B cell,-2.245121,1.076946,1683,0.4508370161056518
10X_P4_7_CTCTGGTCAACTGCTA,3-M-8,B cell,0,B cell,-3.6332202,-0.4068408,1684,0.7415071725845337
10X_P4_7_CTCTGGTCATGGGACA,3-M-8,T cell,2,Unmatched_2,4.2093377,26.565754,1685,1.1331180334091189
10X_P4_7_CTCTGGTGTATAGGGC,3-M-8,B cell,0,B cell,-0.6077897,3.272302,1686,0.9790340065956116
10X_P4_7_CTCTGGTGTTAAAGAC,3-M-8,B cell,0,B cell,-3.3958547,-0.6560072,1687,0.8729881644248962
10X_P4_7_CTCTGGTTCCTTTCTC,3-M-8,T cell,3,T cell,3.0766158,22.74771,1688,0.7154132723808289
10X_P4_7_CTCTGGTTCTGCCCTA,3-M-8,T cell,3,T cell,3.619563,23.261166,1689,0.9544485211372375
10X_P4_7_CTGAAACAGGGAGTAA,3-M-8,B cell,0,B cell,-0.6025098,-1.1335754,1690,0.5208169221878052
10X_P4_7_CTGAAACCACTGAAGG,3-M-8,B cell,0,B cell,-0.44236958,-0.016209027,1691,0.6562499403953552
10X_P4_7_CTGAAACCATGCAACT,3-M-8,T cell,3,T cell,4.7507677,25.097227,1692,3.646089553833008
10X_P4_7_CTGAAACGTAAGAGGA,3-M-8,T cell,3,T cell,3.6242056,22.77565,1693,0.6879082918167114
10X_P4_7_CTGAAACTCGATAGAA,3-M-8,T cell,2,Unmatched_2,4.744405,26.627573,1694,1.306472897529602
10X_P4_7_CTGAAGTAGAGCCTAG,3-M-8,natural killer cell,6,natural killer cell,7.1241546,26.312946,1695,1.817561388015747
10X_P4_7_CTGAAGTAGCTCCTCT,3-M-8,T cell,9,Unmatched_9,6.962411,23.724237,1696,1.880712866783142
10X_P4_7_CTGAAGTCACATTAGC,3-M-8,B cell,0,B cell,-3.5200472,-0.5746795,1697,0.6856750249862671
10X_P4_7_CTGAAGTCAGATGGCA,3-M-8,B cell,0,B cell,0.13096991,-0.4548447,1698,0.4568732976913452
10X_P4_7_CTGAAGTCAGTCAGCC,3-M-8,B cell,0,B cell,-5.0151587,0.5867453,1699,1.42691969871521
10X_P4_7_CTGAAGTCATTAGGCT,3-M-8,B cell,0,B cell,-3.3267863,-0.5426879,1700,0.6171186566352844
10X_P4_7_CTGAAGTGTCTCTTAT,3-M-8,B cell,4,Unmatched_4,-5.049369,3.0935323,1701,0.7487634420394897
10X_P4_7_CTGAAGTTCCTACAGA,3-M-8,B cell,0,B cell,-1.678813,1.3648541,1702,0.4886645674705505
10X_P4_7_CTGAAGTTCGCCAAAT,3-M-8,B cell,5,macrophage,4.3965607,13.654666,1703,2.242883682250977
10X_P4_7_CTGAAGTTCTTATCTG,3-M-8,macrophage,5,macrophage,12.595603,14.836468,1704,1.8215126991271973
10X_P4_7_CTGATAGAGCACAGGT,3-M-8,macrophage,5,macrophage,11.134046,14.450863,1705,1.5498541593551636
10X_P4_7_CTGATAGAGTCCAGGA,3-M-8,B cell,4,Unmatched_4,8.820476,14.282367,1706,1.552817702293396
10X_P4_7_CTGATAGCAATAGCGG,3-M-8,B cell,4,Unmatched_4,-4.0740986,4.2528443,1707,1.2233891487121582
10X_P4_7_CTGATAGGTCTCGTTC,3-M-8,B cell,0,B cell,0.23097666,2.406156,1708,0.6812242269515991
10X_P4_7_CTGATAGTCCTTCAAT,3-M-8,B cell,4,Unmatched_4,-2.6053848,8.797797,1709,1.3991105556488037
10X_P4_7_CTGATCCAGCGTTTAC,3-M-8,T cell,2,Unmatched_2,2.5190532,25.365862,1710,1.2451845407485962
10X_P4_7_CTGATCCCACAGATTC,3-M-8,T cell,9,Unmatched_9,7.050616,23.638678,1711,1.9703779220581052
10X_P4_7_CTGATCCGTCTAGTCA,3-M-8,B cell,0,B cell,0.118315525,1.8301339,1712,1.460660457611084
10X_P4_7_CTGATCCGTGAAATCA,3-M-8,B cell,0,B cell,-1.4267924,3.807122,1713,0.7575736045837402
10X_P4_7_CTGATCCGTGTATGGG,3-M-8,B cell,0,B cell,-2.0068424,0.27537212,1714,0.4549072384834289
10X_P4_7_CTGATCCTCAGAAATG,3-M-8,B cell,0,B cell,-1.71925,3.8303099,1715,0.950236678123474
10X_P4_7_CTGATCCTCGCAGGCT,3-M-8,macrophage,5,macrophage,11.629685,14.590675,1716,2.0545897483825684
10X_P4_7_CTGCCTAAGACTTGAA,3-M-8,B cell,1,Unmatched_1,-2.4301074,4.4020133,1717,1.0057029724121094
10X_P4_7_CTGCCTAAGCTTTGGT,3-M-8,B cell,7,Unmatched_7,-5.484722,0.8049916,1718,1.6140705347061155
10X_P4_7_CTGCCTAAGGATATAC,3-M-8,B cell,0,B cell,-2.384708,-0.2674966,1719,0.7559508681297302
10X_P4_7_CTGCCTAAGGTCATCT,3-M-8,B cell,0,B cell,-2.1131895,-1.3024167,1720,1.3436226844787598
10X_P4_7_CTGCCTAAGTGGAGAA,3-M-8,B cell,0,B cell,-4.1756277,1.8400838,1721,0.8916700482368469
10X_P4_7_CTGCCTAGTAAGAGGA,3-M-8,B cell,0,B cell,-0.41380426,-0.34064168,1722,0.5782719254493713
10X_P4_7_CTGCCTAGTTGTCTTT,3-M-8,B cell,4,Unmatched_4,-5.1412416,2.8314683,1723,1.073724389076233
10X_P4_7_CTGCCTATCGGATGTT,3-M-8,B cell,0,B cell,0.05994516,0.06427102,1724,0.5646081566810608
10X_P4_7_CTGCCTATCGGCATCG,3-M-8,B cell,1,Unmatched_1,-1.955882,5.357299,1725,0.730016827583313
10X_P4_7_CTGCGGACACAGCCCA,3-M-8,B cell,1,Unmatched_1,-2.7076435,6.013961,1726,0.5899664759635925
10X_P4_7_CTGCGGACACCAGCAC,3-M-8,B cell,0,B cell,-0.0068159355,0.3319968,1727,0.476946473121643
10X_P4_7_CTGCGGAGTACCTACA,3-M-8,B cell,0,B cell,-2.3757477,2.046364,1728,0.5233857035636902
10X_P4_7_CTGCGGAGTACTCTCC,3-M-8,T cell,2,Unmatched_2,3.8736324,26.394833,1729,1.4167628288269043
10X_P4_7_CTGCGGAGTATGCTTG,3-M-8,B cell,11,Unmatched_11,-3.6990347,7.760078,1730,5.109276294708252
10X_P4_7_CTGCGGATCAAGGCTT,3-M-8,B cell,0,B cell,-2.2624912,-0.10540177,1731,0.5821751952171326
10X_P4_7_CTGCGGATCCAAGCCG,3-M-8,B cell,0,B cell,-2.235785,1.3326666,1732,0.5534924864768982
10X_P4_7_CTGCGGATCTGCCAGG,3-M-8,B cell,0,B cell,-1.3354315,3.457066,1733,0.6855658292770386
10X_P4_7_CTGCTGTAGCTCAACT,3-M-8,T cell,2,Unmatched_2,3.9419353,26.431576,1734,0.7820654511451721
10X_P4_7_CTGCTGTAGCTCCTTC,3-M-8,B cell,7,Unmatched_7,-5.5540843,1.1241094,1735,1.1241750717163086
10X_P4_7_CTGCTGTCAAACTGTC,3-M-8,B cell,0,B cell,-1.020532,2.2368774,1736,1.2916699647903442
10X_P4_7_CTGCTGTCAATCGGTT,3-M-8,B cell,0,B cell,-2.0178895,0.7328771,1737,0.4778477847576141
10X_P4_7_CTGCTGTCAGGGATTG,3-M-8,B cell,4,Unmatched_4,-3.8158643,3.8541596,1738,1.3382530212402344
10X_P4_7_CTGCTGTCATCCCACT,3-M-8,T cell,3,T cell,3.7747047,24.373274,1739,1.1428425312042236
10X_P4_7_CTGCTGTGTCTCAACA,3-M-8,T cell,2,Unmatched_2,2.7554896,26.086298,1740,0.8767096996307373
10X_P4_7_CTGCTGTGTTGTGGAG,3-M-8,B cell,0,B cell,-1.1300691,2.3394914,1741,0.7351201772689819
10X_P4_7_CTGCTGTGTTGTTTGG,3-M-8,natural killer cell,6,natural killer cell,7.309399,26.157858,1742,1.990380048751831
10X_P4_7_CTGCTGTTCATCTGCC,3-M-8,macrophage,5,macrophage,4.6171803,13.94064,1743,2.002304077148437
10X_P4_7_CTGCTGTTCCTTGGTC,3-M-8,B cell,0,B cell,-0.18427064,-0.7567263,1744,0.5202217698097229
10X_P4_7_CTGCTGTTCGTTACGA,3-M-8,B cell,11,Unmatched_11,-3.6791573,7.7231307,1745,5.109276294708252
10X_P4_7_CTGGTCTAGAGATGAG,3-M-8,B cell,0,B cell,-4.671896,0.21909179,1746,0.6172589063644409
10X_P4_7_CTGGTCTAGCTAACAA,3-M-8,B cell,0,B cell,-4.5399375,1.7711911,1747,1.1316107511520386
10X_P4_7_CTGGTCTAGTCCATAC,3-M-8,T cell,3,T cell,3.5499935,22.825357,1748,0.7370875477790833
10X_P4_7_CTGGTCTAGTTCGATC,3-M-8,B cell,0,B cell,-4.480952,0.22403258,1749,0.855309784412384
10X_P4_7_CTGGTCTCACACGCTG,3-M-8,macrophage,5,macrophage,4.6977205,25.356548,1750,2.795902967453003
10X_P4_7_CTGGTCTCACAGACTT,3-M-8,B cell,0,B cell,-0.4115607,1.3679755,1751,0.7054277062416077
10X_P4_7_CTGGTCTCACTTCGAA,3-M-8,B cell,0,B cell,-3.7022743,1.3998132,1752,0.4935709536075592
10X_P4_7_CTGGTCTCAGGTCGTC,3-M-8,B cell,7,Unmatched_7,-5.5955544,1.2595844,1753,1.0772087574005127
10X_P4_7_CTGGTCTTCAGTACGT,3-M-8,B cell,0,B cell,-0.7151802,1.6997833,1754,0.7164764404296875
10X_P4_7_CTGGTCTTCCATTCTA,3-M-8,B cell,0,B cell,-3.1669934,-0.074470475,1755,0.6377468705177307
10X_P4_7_CTGGTCTTCGGAAATA,3-M-8,B cell,0,B cell,0.17582761,0.059025392,1756,0.5423605442047119
10X_P4_7_CTGTGCTAGAATCTCC,3-M-8,B cell,0,B cell,-2.6229434,0.17407066,1757,0.4451963901519775
10X_P4_7_CTGTGCTAGCCACTAT,3-M-8,B cell,7,Unmatched_7,-5.675408,1.0053073,1758,1.3436907529830933
10X_P4_7_CTGTGCTAGTGGTAGC,3-M-8,B cell,0,B cell,-4.4640355,0.1852746,1759,0.706118106842041
10X_P4_7_CTGTGCTCACCTCGTT,3-M-8,B cell,1,Unmatched_1,-1.5769293,6.343436,1760,0.7143154740333557
10X_P4_7_CTGTGCTGTCCAAGTT,3-M-8,T cell,2,Unmatched_2,4.838317,26.674488,1761,1.7151325941085815
10X_P4_7_CTGTGCTGTCGGATCC,3-M-8,T cell,2,Unmatched_2,2.6358767,25.669292,1762,0.700661838054657
10X_P4_7_CTGTGCTGTGTCGCTG,3-M-8,B cell,0,B cell,-1.7125353,0.7589143,1763,0.6225809454917908
10X_P4_7_CTGTTTAAGAAACCGC,3-M-8,B cell,0,B cell,-1.26066,-1.1812407,1764,0.761703372001648
10X_P4_7_CTGTTTAAGGAGTCTG,3-M-8,B cell,2,Unmatched_2,3.8621123,24.717384,1765,1.3607722520828247
10X_P4_7_CTGTTTAAGTAATCCC,3-M-8,B cell,0,B cell,-3.28232,-0.00054055575,1766,0.9956620931625366
10X_P4_7_CTGTTTAAGTCCATAC,3-M-8,B cell,1,Unmatched_1,-1.5669569,5.7956057,1767,0.4756458699703216
10X_P4_7_CTGTTTAAGTGGTAGC,3-M-8,B cell,0,B cell,-2.6124203,2.4721549,1768,1.2337251901626587
10X_P4_7_CTGTTTACAAGCCGCT,3-M-8,B cell,0,B cell,-1.7082208,0.9064299,1769,0.95672345161438
10X_P4_7_CTGTTTAGTATCAGTC,3-M-8,macrophage,5,macrophage,13.437134,15.411053,1770,1.7960671186447144
10X_P4_7_CTGTTTAGTTCCACAA,3-M-8,dendritic cell,10,dendritic cell,15.838715,-0.005128867,1771,4.421335220336914
10X_P4_7_CTGTTTATCAACGGGA,3-M-8,T cell,3,T cell,3.511339,23.273499,1772,0.5757273435592651
10X_P4_7_CTGTTTATCTACTCAT,3-M-8,B cell,0,B cell,-1.4511358,0.24652798,1773,0.5574343204498291
10X_P4_7_CTTAACTAGGTGTGGT,3-M-8,T cell,3,T cell,3.840536,23.243767,1774,0.7858492136001587
10X_P4_7_CTTAACTAGTGTCCAT,3-M-8,B cell,4,Unmatched_4,-5.1318855,2.7907536,1775,1.3508416414260864
10X_P4_7_CTTAACTCATGCCCGA,3-M-8,B cell,0,B cell,-1.1353966,-0.8468996,1776,0.929421603679657
10X_P4_7_CTTAACTGTAAGTTCC,3-M-8,B cell,0,B cell,-2.8153696,1.2613854,1777,0.4391242563724518
10X_P4_7_CTTACCGAGAAGGCCT,3-M-8,B cell,1,Unmatched_1,-1.3685966,4.6349525,1778,0.8653116226196289
10X_P4_7_CTTACCGAGCCAGTTT,3-M-8,B cell,0,B cell,-1.1597351,-0.37285674,1779,0.6107780337333679
10X_P4_7_CTTACCGAGGTAAACT,3-M-8,B cell,0,B cell,-1.2846366,1.3603244,1780,0.8032422065734863
10X_P4_7_CTTACCGCAAGTCTAC,3-M-8,B cell,0,B cell,-1.3451449,0.28165302,1781,0.9108263850212096
10X_P4_7_CTTACCGCACCCATTC,3-M-8,B cell,4,Unmatched_4,-4.8404536,3.9651854,1782,1.2304548025131226
10X_P4_7_CTTACCGGTCACTTCC,3-M-8,B cell,1,Unmatched_1,-2.5343416,4.8097258,1783,0.7370268106460571
10X_P4_7_CTTACCGTCGTGGTCG,3-M-8,B cell,0,B cell,-1.218572,2.699886,1784,0.6414192914962769
10X_P4_7_CTTACCGTCTGAGGGA,3-M-8,T cell,2,Unmatched_2,4.4663305,25.786625,1785,1.3638032674789429
10X_P4_7_CTTAGGAAGTCAAGCG,3-M-8,B cell,1,Unmatched_1,-3.8369493,6.194606,1786,1.7845121622085571
10X_P4_7_CTTAGGAAGTGGAGAA,3-M-8,B cell,0,B cell,-0.9772632,1.5038855,1787,0.5012110471725464
10X_P4_7_CTTAGGAAGTGTTAGA,3-M-8,B cell,0,B cell,-2.1728475,-1.1445924,1788,0.5578049421310425
10X_P4_7_CTTAGGACACATAACC,3-M-8,B cell,0,B cell,-0.39093646,0.9568677,1789,0.5433403849601746
10X_P4_7_CTTAGGAGTAGCGATG,3-M-8,B cell,0,B cell,-4.276918,-0.048622426,1790,1.2032372951507568
10X_P4_7_CTTAGGAGTAGGCTGA,3-M-8,T cell,3,T cell,3.8118563,23.502455,1791,0.8053973913192749
10X_P4_7_CTTAGGAGTATATCCG,3-M-8,B cell,0,B cell,-2.5023727,1.4482906,1792,0.4744839370250702
10X_P4_7_CTTAGGAGTTCTGTTT,3-M-8,B cell,0,B cell,-0.8645012,-1.2037367,1793,0.6403095126152039
10X_P4_7_CTTAGGATCGTCCGTT,3-M-8,B cell,0,B cell,-1.9786718,0.95932895,1794,0.3932174146175384
10X_P4_7_CTTCTCTCAAAGTGCG,3-M-8,B cell,0,B cell,-3.8499799,3.121499,1795,0.9047569036483764
10X_P4_7_CTTCTCTCAAGGTTCT,3-M-8,B cell,4,Unmatched_4,9.095653,14.14,1796,1.588623046875
10X_P4_7_CTTCTCTCAAGTTAAG,3-M-8,T cell,2,Unmatched_2,0.5263647,23.166498,1797,1.252631664276123
10X_P4_7_CTTCTCTCACCGATAT,3-M-8,B cell,0,B cell,-3.8092134,2.3553765,1798,0.9072716236114502
10X_P4_7_CTTCTCTCAGCTATTG,3-M-8,T cell,3,T cell,3.8502495,24.572695,1799,1.096147537231445
10X_P4_7_CTTCTCTGTAAGTAGT,3-M-8,B cell,0,B cell,0.11493376,1.9387146,1800,0.9475613832473756
10X_P4_7_CTTCTCTGTACCGCTG,3-M-8,B cell,0,B cell,-2.3316653,-1.2883164,1801,1.395796537399292
10X_P4_7_CTTCTCTGTGACGCCT,3-M-8,B cell,0,B cell,-2.2507987,3.7461307,1802,0.7621216773986816
10X_P4_7_CTTCTCTTCCCTTGTG,3-M-8,B cell,0,B cell,-1.5223458,0.9849137,1803,0.3996882438659668
10X_P4_7_CTTCTCTTCCTTGCCA,3-M-8,B cell,0,B cell,-1.9902376,0.11415651,1804,0.6121607422828674
10X_P4_7_CTTCTCTTCGGCATCG,3-M-8,B cell,4,Unmatched_4,-3.9145508,3.8962278,1805,0.8366022109985352
10X_P4_7_CTTCTCTTCTCTAGGA,3-M-8,B cell,1,Unmatched_1,-1.5037469,5.47153,1806,0.767343282699585
10X_P4_7_CTTGGCTAGCGCCTTG,3-M-8,B cell,0,B cell,-0.6907702,-1.0955604,1807,0.8330273628234863
10X_P4_7_CTTGGCTCACGAAACG,3-M-8,B cell,11,Unmatched_11,-3.7028787,7.7685685,1808,5.109276294708252
10X_P4_7_CTTGGCTTCGTTTGCC,3-M-8,B cell,1,Unmatched_1,-1.1839327,6.0175924,1809,0.5540930032730103
10X_P4_7_CTTTGCGAGATGAGAG,3-M-8,T cell,9,Unmatched_9,6.982342,23.705244,1810,1.7878741025924685
10X_P4_7_CTTTGCGAGATGGGTC,3-M-8,B cell,4,Unmatched_4,-5.1412296,2.8853078,1811,1.0720443725585938
10X_P4_7_CTTTGCGAGCCCAATT,3-M-8,B cell,0,B cell,-2.5711455,1.1736822,1812,0.4545299410820007
10X_P4_7_CTTTGCGAGGTCATCT,3-M-8,T cell,3,T cell,2.760357,23.38038,1813,0.7491093277931213
10X_P4_7_CTTTGCGCAGCCTGTG,3-M-8,T cell,3,T cell,3.1630187,23.655136,1814,0.8486809134483337
10X_P4_7_CTTTGCGGTAATCACC,3-M-8,T cell,3,T cell,2.687251,23.409286,1815,1.9646897315979004
10X_P4_7_CTTTGCGGTACGAAAT,3-M-8,T cell,13,Unmatched_13,13.079773,13.596941,1816,2.8559908866882324
10X_P4_7_CTTTGCGGTTGTTTGG,3-M-8,B cell,0,B cell,-3.2466202,0.7363369,1817,0.8373135328292847
10X_P4_7_CTTTGCGGTTTAAGCC,3-M-8,natural killer cell,6,natural killer cell,7.128046,26.470032,1818,1.3903545141220093
10X_P4_7_CTTTGCGTCTCGGACG,3-M-8,macrophage,5,macrophage,12.583693,14.821123,1819,1.939656138420105
10X_P4_7_GAAACTCAGCCACTAT,3-M-8,B cell,0,B cell,-2.6067095,2.013317,1820,0.5781688690185547
10X_P4_7_GAAACTCAGGGAGTAA,3-M-8,B cell,4,Unmatched_4,-4.9465976,4.3519526,1821,1.5164672136306765
10X_P4_7_GAAACTCCAAGCCGCT,3-M-8,T cell,3,T cell,3.0889938,23.388063,1822,0.5315333604812622
10X_P4_7_GAAACTCCACCAACCG,3-M-8,B cell,0,B cell,-2.6521916,3.1717196,1823,1.1084612607955933
10X_P4_7_GAAACTCGTGTGACGA,3-M-8,B cell,0,B cell,-1.4166778,-0.58983594,1824,0.7370795011520386
10X_P4_7_GAAACTCTCGCGCCAA,3-M-8,T cell,2,Unmatched_2,4.0934043,26.519487,1825,1.1947753429412842
10X_P4_7_GAAATGAAGACAGAGA,3-M-8,macrophage,5,macrophage,12.6026945,14.842955,1826,2.8339850902557373
10X_P4_7_GAAATGAAGAGGGATA,3-M-8,B cell,1,Unmatched_1,-2.8503988,5.141143,1827,1.3800238370895386
10X_P4_7_GAAATGAAGTTTCCTT,3-M-8,B cell,0,B cell,-2.022313,0.3423489,1828,0.4796101450920105
10X_P4_7_GAAATGACACCAACCG,3-M-8,B cell,0,B cell,-0.85653186,-1.114446,1829,1.1832551956176758
10X_P4_7_GAAATGACACTAAGTC,3-M-8,B cell,0,B cell,-2.4889748,-0.8511819,1830,0.9920059442520142
10X_P4_7_GAAATGACACTCGACG,3-M-8,B cell,1,Unmatched_1,-0.85853726,6.1268835,1831,0.7563604116439819
10X_P4_7_GAAATGACATCGATTG,3-M-8,B cell,0,B cell,-2.9535306,2.97089,1832,0.8743537068367004
10X_P4_7_GAAATGAGTAACGTTC,3-M-8,B cell,0,B cell,-1.6735281,2.4559827,1833,1.0836100578308103
10X_P4_7_GAAATGAGTCCCTTGT,3-M-8,B cell,0,B cell,-0.8014249,2.7885447,1834,1.1826491355895996
10X_P4_7_GAAATGAGTCCGCTGA,3-M-8,T cell,2,Unmatched_2,4.528331,25.948425,1835,1.2551894187927246
10X_P4_7_GAAATGAGTGACTACT,3-M-8,B cell,0,B cell,-4.4416366,1.2519827,1836,0.9226194620132446
10X_P4_7_GAAATGAGTTCTGGTA,3-M-8,B cell,7,Unmatched_7,-5.1581817,1.4295139,1837,1.4189294576644895
10X_P4_7_GAACATCAGAGCAATT,3-M-8,B cell,0,B cell,0.046207763,1.8527193,1838,0.6193059086799622
10X_P4_7_GAACATCCAGTGGGAT,3-M-8,T cell,3,T cell,3.239093,22.825457,1839,0.6322676539421082
10X_P4_7_GAACATCCATATGAGA,3-M-8,B cell,0,B cell,-3.950758,2.4992182,1840,1.0347731113433838
10X_P4_7_GAACATCCATGGTCAT,3-M-8,B cell,0,B cell,-1.1580697,1.832192,1841,0.5793743133544922
10X_P4_7_GAACATCGTAGAGCTG,3-M-8,T cell,3,T cell,3.5942903,22.753664,1842,0.5891331434249878
10X_P4_7_GAACATCGTCGAATCT,3-M-8,B cell,0,B cell,-4.0596437,0.05287383,1843,1.2542355060577393
10X_P4_7_GAACATCTCCAGGGCT,3-M-8,B cell,4,Unmatched_4,-4.775486,4.3175826,1844,0.8276762962341309
10X_P4_7_GAACCTAAGATGTGGC,3-M-8,B cell,0,B cell,-1.4879559,3.8087113,1845,0.6811516880989075
10X_P4_7_GAACCTAAGGAGCGTT,3-M-8,B cell,0,B cell,-0.20946383,1.9714023,1846,0.4258237481117248
10X_P4_7_GAACCTAAGTATGACA,3-M-8,macrophage,5,macrophage,4.643973,13.968375,1847,2.038830041885376
10X_P4_7_GAACCTACAGTGAGTG,3-M-8,B cell,1,Unmatched_1,-1.1967224,6.379736,1848,0.5625818371772766
10X_P4_7_GAACCTACATCATCCC,3-M-8,B cell,0,B cell,-1.3017911,2.2011824,1849,1.0227140188217163
10X_P4_7_GAACCTACATTAGGCT,3-M-8,B cell,11,Unmatched_11,-3.6766086,7.728917,1850,5.109276294708252
10X_P4_7_GAACCTAGTCTGCAAT,3-M-8,B cell,0,B cell,0.11393778,2.2610443,1851,2.468858242034912
10X_P4_7_GAACCTAGTTCAGCGC,3-M-8,B cell,0,B cell,-0.16979244,-0.4168434,1852,0.5095977783203125
10X_P4_7_GAACCTATCTATCCTA,3-M-8,macrophage,5,macrophage,4.658283,13.98325,1853,2.094202280044556
10X_P4_7_GAACCTATCTTTCCTC,3-M-8,B cell,1,Unmatched_1,-2.3159137,5.1191816,1854,0.9412496089935304
10X_P4_7_GAACGGAAGGATGGAA,3-M-8,B cell,0,B cell,-2.613401,3.0221837,1855,0.7690941691398621
10X_P4_7_GAACGGACACCTGGTG,3-M-8,T cell,2,Unmatched_2,2.4596121,25.721506,1856,0.7607050538063049
10X_P4_7_GAACGGACACGAAACG,3-M-8,B cell,0,B cell,-0.074136876,-0.47806248,1857,1.2310307025909424
10X_P4_7_GAACGGACATCACGTA,3-M-8,B cell,4,Unmatched_4,-3.9501858,4.193487,1858,0.8024364113807678
10X_P4_7_GAACGGATCATCGATG,3-M-8,T cell,2,Unmatched_2,2.863578,25.441933,1859,0.667131781578064
10X_P4_7_GAACGGATCGCCTGTT,3-M-8,B cell,0,B cell,-0.8160615,3.4391243,1860,1.0104206800460815
10X_P4_7_GAAGCAGAGCCCGAAA,3-M-8,B cell,0,B cell,-2.726274,2.1412024,1861,0.6495422720909119
10X_P4_7_GAAGCAGCAAGTCTGT,3-M-8,B cell,0,B cell,-1.0047009,1.2515426,1862,0.6249556541442871
10X_P4_7_GAAGCAGCATCGGAAG,3-M-8,B cell,0,B cell,-2.8862936,-0.014180211,1863,0.5832300186157227
10X_P4_7_GAAGCAGGTTCCATGA,3-M-8,natural killer cell,6,natural killer cell,6.551157,25.480047,1864,2.296907663345337
10X_P4_7_GAAGCAGTCCTTGCCA,3-M-8,B cell,4,Unmatched_4,-3.83755,4.382113,1865,0.8373764157295227
10X_P4_7_GAATAAGAGGGCTTGA,3-M-8,B cell,0,B cell,-3.875008,-0.19398735,1866,1.3249768018722534
10X_P4_7_GAATAAGCAGTAACGG,3-M-8,B cell,0,B cell,-2.5180786,0.02278359,1867,0.4990865886211395
10X_P4_7_GAATAAGCATATACCG,3-M-8,B cell,0,B cell,-2.2358665,3.187713,1868,1.1749863624572754
10X_P4_7_GAATAAGTCTGTCTAT,3-M-8,B cell,4,Unmatched_4,-4.162281,4.145177,1869,0.7066095471382141
10X_P4_7_GAATGAAGTGTGAATA,3-M-8,B cell,0,B cell,-0.7245567,0.92261356,1870,0.9502986073493958
10X_P4_7_GAATGAATCATAAAGG,3-M-8,T cell,3,T cell,3.7180247,23.210127,1871,0.5617481470108032
10X_P4_7_GACACGCCACCCATGG,3-M-8,B cell,0,B cell,-1.1911056,1.067445,1872,1.3382205963134766
10X_P4_7_GACACGCGTACCGTTA,3-M-8,T cell,3,T cell,4.6976247,25.07344,1873,1.9436542987823489
10X_P4_7_GACACGCGTAGCAAAT,3-M-8,B cell,0,B cell,-3.5281498,2.5566869,1874,0.6328529715538025
10X_P4_7_GACACGCGTTATGTGC,3-M-8,B cell,0,B cell,-1.3234906,-0.6266413,1875,0.694818377494812
10X_P4_7_GACACGCTCATAGCAC,3-M-8,T cell,3,T cell,3.5419066,22.695127,1876,0.91447913646698
10X_P4_7_GACACGCTCTTGTACT,3-M-8,B cell,0,B cell,0.15015574,-0.064633444,1877,0.5784410238265991
10X_P4_7_GACAGAGAGAGTAATC,3-M-8,T cell,3,T cell,5.2849784,24.957918,1878,1.2594267129898071
10X_P4_7_GACAGAGCAGGGATTG,3-M-8,B cell,0,B cell,-0.6657579,1.536368,1879,0.9744921326637268
10X_P4_7_GACAGAGCAGTAGAGC,3-M-8,B cell,0,B cell,-1.3330208,-0.37715596,1880,0.6021504998207092
10X_P4_7_GACAGAGTCAGATAAG,3-M-8,B cell,0,B cell,-0.63493085,0.28560492,1881,0.8783769607543945
10X_P4_7_GACAGAGTCGCTTAGA,3-M-8,T cell,3,T cell,2.9291196,23.345533,1882,1.223177790641785
10X_P4_7_GACAGAGTCGTTTAGG,3-M-8,B cell,1,Unmatched_1,-3.974112,6.4201035,1883,0.8178069591522217
10X_P4_7_GACAGAGTCTCAAGTG,3-M-8,macrophage,5,macrophage,11.146786,14.45596,1884,2.2065083980560303
10X_P4_7_GACCAATAGCACAGGT,3-M-8,B cell,0,B cell,-0.9995541,1.9749277,1885,1.277269959449768
10X_P4_7_GACCAATCAATGGTCT,3-M-8,B cell,0,B cell,-1.7763205,1.1951365,1886,0.8738028407096863
10X_P4_7_GACCAATCACCCATTC,3-M-8,macrophage,5,macrophage,12.175839,14.655999,1887,2.255434036254883
10X_P4_7_GACCAATCATAACCTG,3-M-8,B cell,0,B cell,-1.2683837,-1.3913355,1888,0.87237548828125
10X_P4_7_GACCAATTCACATAGC,3-M-8,B cell,0,B cell,-3.0407362,0.3240325,1889,0.7595532536506653
10X_P4_7_GACCAATTCCCTCAGT,3-M-8,B cell,4,Unmatched_4,-2.5296657,8.788104,1890,0.6419306397438049
10X_P4_7_GACCTGGTCACAGTAC,3-M-8,B cell,0,B cell,-3.7660868,5.745777,1891,1.507601022720337
10X_P4_7_GACGCGTAGATGTGTA,3-M-8,B cell,0,B cell,-0.92029285,0.95871836,1892,0.746723473072052
10X_P4_7_GACGCGTGTCCCTACT,3-M-8,B cell,0,B cell,-1.6867687,3.9891768,1893,0.8200046420097351
10X_P4_7_GACGCGTGTGAACCTT,3-M-8,B cell,1,Unmatched_1,-2.0698671,6.0332756,1894,0.6500439047813416
10X_P4_7_GACGCGTTCAATCTCT,3-M-8,B cell,0,B cell,-0.81450814,-0.6007186,1895,0.9740437269210817
10X_P4_7_GACGCGTTCTCCAGGG,3-M-8,B cell,4,Unmatched_4,-2.4880888,8.7810135,1896,0.6723403930664062
10X_P4_7_GACGGCTCAGTCGTGC,3-M-8,B cell,1,Unmatched_1,-2.3630955,6.104834,1897,0.7634276747703552
10X_P4_7_GACGGCTCATCATCCC,3-M-8,T cell,3,T cell,2.9782991,23.475233,1898,1.1906344890594482
10X_P4_7_GACGGCTGTTCTGAAC,3-M-8,T cell,3,T cell,5.2909408,24.911144,1899,1.3840162754058838
10X_P4_7_GACGGCTTCGTTACAG,3-M-8,B cell,4,Unmatched_4,-5.0021796,4.37593,1900,0.902616560459137
10X_P4_7_GACGGCTTCTCTGCTG,3-M-8,B cell,0,B cell,-1.8807856,0.01452848,1901,0.50582355260849
10X_P4_7_GACGGCTTCTGCTTGC,3-M-8,B cell,0,B cell,-0.5244364,1.9718021,1902,0.5922996997833252
10X_P4_7_GACGTGCAGAAGGTTT,3-M-8,B cell,0,B cell,-1.2976232,2.78514,1903,0.7549095153808594
10X_P4_7_GACGTGCAGTACTTGC,3-M-8,B cell,4,Unmatched_4,8.9147835,14.268659,1904,1.5576422214508057
10X_P4_7_GACGTGCAGTCGTTTG,3-M-8,B cell,4,Unmatched_4,-3.7531092,3.716306,1905,1.002565860748291
10X_P4_7_GACGTGCAGTTAGCGG,3-M-8,B cell,0,B cell,-2.2592456,0.23688425,1906,0.5211620926856995
10X_P4_7_GACGTGCCAGGTCTCG,3-M-8,B cell,0,B cell,-0.68209666,2.1286943,1907,1.3491957187652588
10X_P4_7_GACGTGCGTAGCCTAT,3-M-8,B cell,0,B cell,-1.914172,3.0437667,1908,0.8179101347923279
10X_P4_7_GACGTGCGTTAGAACA,3-M-8,T cell,9,Unmatched_9,7.132152,23.556639,1909,2.224050521850586
10X_P4_7_GACGTGCGTTTACTCT,3-M-8,B cell,4,Unmatched_4,-5.038815,3.1981213,1910,1.1032626628875732
10X_P4_7_GACGTTATCACTCCTG,3-M-8,T cell,2,Unmatched_2,1.736152,25.575039,1911,0.8124793171882629
10X_P4_7_GACGTTATCTGCTTGC,3-M-8,B cell,0,B cell,-1.0440357,-0.58700377,1912,0.730167031288147
10X_P4_7_GACTAACCAAGGGTCA,3-M-8,B cell,0,B cell,-2.6311853,2.010226,1913,0.8532407879829407
10X_P4_7_GACTAACCACATCCGG,3-M-8,B cell,0,B cell,-2.0283678,0.6701176,1914,0.7863270044326782
10X_P4_7_GACTAACCACCATGTA,3-M-8,B cell,0,B cell,-2.748817,0.9715981,1915,0.6172490119934082
10X_P4_7_GACTAACCAGTGAGTG,3-M-8,B cell,0,B cell,-0.63754404,-0.5089091,1916,0.7292693257331848
10X_P4_7_GACTAACGTAAACGCG,3-M-8,macrophage,5,macrophage,4.6360464,13.959961,1917,2.001013994216919
10X_P4_7_GACTAACGTATAGTAG,3-M-8,B cell,1,Unmatched_1,-3.4320261,6.3213286,1918,0.5270878672599792
10X_P4_7_GACTAACGTGGCTCCA,3-M-8,T cell,2,Unmatched_2,4.270998,26.584738,1919,1.105653166770935
10X_P4_7_GACTAACTCAACGAAA,3-M-8,macrophage,5,macrophage,-2.9461217,-1.1517391,1920,2.8554458618164062
10X_P4_7_GACTAACTCCACTCCA,3-M-8,B cell,4,Unmatched_4,8.977109,14.237542,1921,1.6404285430908203
10X_P4_7_GACTAACTCCAGAGGA,3-M-8,B cell,4,Unmatched_4,-4.1595793,3.8104088,1922,1.1129902601242063
10X_P4_7_GACTACAAGCTCTCGG,3-M-8,B cell,0,B cell,-3.4605324,4.044329,1923,1.037781834602356
10X_P4_7_GACTACAAGTACGTTC,3-M-8,B cell,0,B cell,-2.0824945,3.3350582,1924,0.6761960983276367
10X_P4_7_GACTACACACTAAGTC,3-M-8,B cell,0,B cell,-1.1106657,3.4656584,1925,0.6837969422340393
10X_P4_7_GACTACACACTGTGTA,3-M-8,B cell,0,B cell,-1.289146,2.006572,1926,1.7357864379882812
10X_P4_7_GACTACACAGGCGATA,3-M-8,B cell,0,B cell,-4.367673,3.2260427,1927,1.3384259939193726
10X_P4_7_GACTACACAGGGCATA,3-M-8,T cell,2,Unmatched_2,1.914558,25.916103,1928,0.7508895397186279
10X_P4_7_GACTACACATTAGCCA,3-M-8,natural killer cell,6,natural killer cell,7.0930643,26.335348,1929,1.6412849426269531
10X_P4_7_GACTACAGTGTGTGCC,3-M-8,B cell,0,B cell,-4.9603515,0.5525728,1930,1.5703107118606567
10X_P4_7_GACTACAGTTCGGCAC,3-M-8,B cell,0,B cell,-1.2710598,1.0569599,1931,0.5006462931632996
10X_P4_7_GACTACATCCTTGACC,3-M-8,B cell,0,B cell,-3.7194986,2.4306881,1932,0.6613264679908752
10X_P4_7_GACTGCGCACCGCTAG,3-M-8,B cell,7,Unmatched_7,-5.022728,1.3326293,1933,1.1890724897384644
10X_P4_7_GACTGCGCATCGGGTC,3-M-8,B cell,0,B cell,-3.78405,2.462799,1934,1.0592176914215088
10X_P4_7_GACTGCGTCCACGACG,3-M-8,B cell,0,B cell,-2.0801234,1.0224843,1935,0.4960318207740783
10X_P4_7_GACTGCGTCCGCGCAA,3-M-8,T cell,2,Unmatched_2,2.2777872,25.61954,1936,0.8213977217674255
10X_P4_7_GACTGCGTCTAGAGTC,3-M-8,B cell,0,B cell,-1.964759,3.9684925,1937,1.1247081756591797
10X_P4_7_GAGCAGAAGGAGCGAG,3-M-8,B cell,1,Unmatched_1,-2.720905,6.159188,1938,0.8085598349571228
10X_P4_7_GAGCAGAAGTTACCCA,3-M-8,B cell,4,Unmatched_4,-3.937643,4.1548257,1939,1.0884350538253784
10X_P4_7_GAGCAGACATCCGTGG,3-M-8,B cell,1,Unmatched_1,-0.79570067,6.0645695,1940,0.7338733077049255
10X_P4_7_GAGCAGAGTCTAAACC,3-M-8,B cell,4,Unmatched_4,-2.5748785,8.713741,1941,0.6701899170875549
10X_P4_7_GAGGTGAAGTTGAGTA,3-M-8,macrophage,5,macrophage,13.3831625,15.366754,1942,1.8146194219589236
10X_P4_7_GAGGTGACACATCCGG,3-M-8,macrophage,5,macrophage,11.965794,14.635768,1943,2.8559908866882324
10X_P4_7_GAGGTGACACGTCAGC,3-M-8,B cell,1,Unmatched_1,-1.3570063,4.7012334,1944,0.5935309529304504
10X_P4_7_GAGGTGACAGACACTT,3-M-8,T cell,3,T cell,3.8146696,24.380802,1945,0.8411552309989929
10X_P4_7_GAGGTGAGTACGCACC,3-M-8,B cell,0,B cell,-2.2581098,0.42734173,1946,0.520851194858551
10X_P4_7_GAGGTGAGTAGAAGGA,3-M-8,B cell,1,Unmatched_1,-1.1565759,6.3030105,1947,0.6570256948471069
10X_P4_7_GAGTCCGAGAAACCAT,3-M-8,B cell,0,B cell,-4.044622,1.4181697,1948,0.6015831232070923
10X_P4_7_GAGTCCGAGACGACGT,3-M-8,B cell,1,Unmatched_1,-1.4844699,4.6399236,1949,0.6710550785064697
10X_P4_7_GAGTCCGCAAAGTGCG,3-M-8,T cell,2,Unmatched_2,4.8068376,26.595768,1950,1.658374309539795
10X_P4_7_GAGTCCGCAACGATCT,3-M-8,B cell,4,Unmatched_4,-4.1211944,4.236939,1951,0.8248404860496521
10X_P4_7_GAGTCCGCAGGGTACA,3-M-8,natural killer cell,6,natural killer cell,7.3056684,26.008463,1952,1.9816406965255735
10X_P4_7_GAGTCCGCATCGGGTC,3-M-8,B cell,0,B cell,-2.2338521,0.72007155,1953,0.4514349997043609
10X_P4_7_GAGTCCGCATTCACTT,3-M-8,B cell,0,B cell,-3.1054077,1.4146737,1954,0.4089146554470062
10X_P4_7_GAGTCCGGTCTCACCT,3-M-8,B cell,0,B cell,-1.6946498,-0.37175915,1955,0.9475768804550172
10X_P4_7_GAGTCCGGTTCCCGAG,3-M-8,T cell,3,T cell,4.9241796,24.598104,1956,0.916352152824402
10X_P4_7_GAGTCCGTCAGGCCCA,3-M-8,B cell,0,B cell,-0.95576954,2.0527136,1957,0.5336634516716003
10X_P4_7_GAGTCCGTCCAGATCA,3-M-8,natural killer cell,6,natural killer cell,7.341563,26.186312,1958,1.8932445049285889
10X_P4_7_GAGTCCGTCCGATATG,3-M-8,macrophage,5,macrophage,12.528871,14.774039,1959,2.176297187805176
10X_P4_7_GAGTCCGTCGATAGAA,3-M-8,B cell,1,Unmatched_1,-3.9643493,6.384961,1960,0.8660950660705566
10X_P4_7_GATCAGTAGCGTTGCC,3-M-8,macrophage,4,Unmatched_4,9.342864,14.01042,1961,2.8559908866882324
10X_P4_7_GATCAGTAGGAGTCTG,3-M-8,B cell,4,Unmatched_4,-4.1949368,4.2386785,1962,1.1885548830032349
10X_P4_7_GATCAGTGTTCGGCAC,3-M-8,B cell,0,B cell,-0.4770615,2.0127957,1963,0.749525249004364
10X_P4_7_GATCAGTGTTTACTCT,3-M-8,T cell,3,T cell,5.2365727,24.896627,1964,1.321177959442139
10X_P4_7_GATCAGTTCGGTCTAA,3-M-8,B cell,0,B cell,-4.645811,0.20034441,1965,1.0378612279891968
10X_P4_7_GATCAGTTCTCGAGTA,3-M-8,B cell,0,B cell,0.10438266,1.7709327,1966,0.5863281488418579
10X_P4_7_GATCGATAGCAGACTG,3-M-8,dendritic cell,10,dendritic cell,15.930563,-0.097679734,1967,3.663352727890015
10X_P4_7_GATCGATAGCTGCCCA,3-M-8,B cell,1,Unmatched_1,-1.8407608,5.972506,1968,0.6219329833984375
10X_P4_7_GATCGATCACTTGGAT,3-M-8,T cell,2,Unmatched_2,2.505193,26.136557,1969,0.5936221480369568
10X_P4_7_GATCGATCAGCTTAAC,3-M-8,B cell,0,B cell,-1.5766418,0.5399389,1970,1.053977131843567
10X_P4_7_GATCGATGTAAACCTC,3-M-8,B cell,0,B cell,-2.8555624,0.058931746,1971,0.6557081341743469
10X_P4_7_GATCGATGTGACCAAG,3-M-8,B cell,0,B cell,-2.9422657,1.640732,1972,0.5199458003044128
10X_P4_7_GATCGATTCATCTGCC,3-M-8,macrophage,5,macrophage,13.451869,15.431219,1973,1.5679432153701782
10X_P4_7_GATCGATTCGGTGTCG,3-M-8,macrophage,8,Unmatched_8,10.202354,12.223973,1974,3.143149852752685
10X_P4_7_GATCGCGAGTAATCCC,3-M-8,B cell,0,B cell,-0.81823736,-1.1809161,1975,0.4802772998809814
10X_P4_7_GATCGCGAGTCTCAAC,3-M-8,B cell,0,B cell,-2.215911,0.07056852,1976,0.5011309385299683
10X_P4_7_GATCGCGAGTGCGTGA,3-M-8,B cell,1,Unmatched_1,-2.738135,4.717822,1977,1.261255383491516
10X_P4_7_GATCGCGGTGTTCGAT,3-M-8,B cell,0,B cell,-1.721802,1.5040396,1978,0.5218282341957092
10X_P4_7_GATCGCGTCACCCTCA,3-M-8,B cell,11,Unmatched_11,-3.668951,7.7446046,1979,5.109276294708252
10X_P4_7_GATCGCGTCTACGAGT,3-M-8,B cell,0,B cell,-0.6277909,-0.26922008,1980,0.4782790541648865
10X_P4_7_GATCGCGTCTGTGCAA,3-M-8,B cell,0,B cell,-0.36810994,-0.6758896,1981,0.556125819683075
10X_P4_7_GATCGTAAGGCATGTG,3-M-8,B cell,0,B cell,-0.25064164,-0.8730725,1982,0.7773441672325134
10X_P4_7_GATCGTACATACCATG,3-M-8,B cell,4,Unmatched_4,9.135845,14.137238,1983,1.7351988554000854
10X_P4_7_GATCGTACATGCTAGT,3-M-8,B cell,0,B cell,-0.745178,-0.6524957,1984,0.6768302917480469
10X_P4_7_GATCGTACATTCGACA,3-M-8,B cell,4,Unmatched_4,-4.0177474,4.370245,1985,1.0243074893951416
10X_P4_7_GATCTAGAGCGCCTTG,3-M-8,B cell,4,Unmatched_4,8.924906,14.265427,1986,1.6241185665130615
10X_P4_7_GATCTAGCAATGTAAG,3-M-8,T cell,3,T cell,4.8295875,24.38941,1987,0.9358847737312316
10X_P4_7_GATCTAGCAGCCTTGG,3-M-8,B cell,0,B cell,-1.2835419,0.28906554,1988,0.7476416230201721
10X_P4_7_GATCTAGTCAAACGGG,3-M-8,B cell,4,Unmatched_4,-4.0675964,3.776358,1989,1.6850247383117676
10X_P4_7_GATCTAGTCACCACCT,3-M-8,B cell,0,B cell,-2.1197784,0.7697657,1990,1.1292866468429563
10X_P4_7_GATGAAAAGGACACCA,3-M-8,B cell,0,B cell,-1.0922011,1.3270172,1991,0.5268117785453796
10X_P4_7_GATGAAACAACTGCTA,3-M-8,macrophage,5,macrophage,-2.9428985,-1.1475891,1992,2.8559908866882324
10X_P4_7_GATGAAACAGGCAGTA,3-M-8,B cell,1,Unmatched_1,-4.8502917,2.4038925,1993,1.2403156757354736
10X_P4_7_GATGAAACATCGTCGG,3-M-8,B cell,0,B cell,-3.194501,0.6550393,1994,0.4038885533809662
10X_P4_7_GATGAAAGTAGAAAGG,3-M-8,B cell,0,B cell,-4.128635,1.4060959,1995,0.7088118195533752
10X_P4_7_GATGAAAGTATTCTCT,3-M-8,T cell,2,Unmatched_2,2.7607028,25.98651,1996,0.6423244476318359
10X_P4_7_GATGAAATCGTAGGAG,3-M-8,B cell,7,Unmatched_7,-5.462596,1.1869951,1997,1.1414469480514526
10X_P4_7_GATGAGGAGCTACCGC,3-M-8,B cell,4,Unmatched_4,-2.496476,8.797119,1998,0.8412942290306091
10X_P4_7_GATGAGGAGTGTACTC,3-M-8,B cell,0,B cell,-4.994847,4.245257,1999,1.1516541242599487
10X_P4_7_GATGAGGCAGAGCCAA,3-M-8,B cell,0,B cell,-1.8806334,1.0983973,2000,0.9877227544784546
10X_P4_7_GATGAGGGTCGGCACT,3-M-8,B cell,4,Unmatched_4,-4.991098,3.2369342,2001,1.1350667476654053
10X_P4_7_GATGAGGGTGACTCAT,3-M-8,B cell,4,Unmatched_4,-3.5967963,3.4175665,2002,0.998199224472046
10X_P4_7_GATGAGGTCCGATATG,3-M-8,macrophage,5,macrophage,12.490631,14.761961,2003,2.1063244342803955
10X_P4_7_GATGAGGTCCTAGTGA,3-M-8,B cell,0,B cell,-3.5736701,2.8583732,2004,0.8619584441184998
10X_P4_7_GATGAGGTCGCCCTTA,3-M-8,B cell,0,B cell,-0.66467756,-1.1481286,2005,0.967721939086914
10X_P4_7_GATGAGGTCGTATCAG,3-M-8,T cell,2,Unmatched_2,2.4323242,25.445213,2006,0.7360329031944275
10X_P4_7_GATGCTAAGACTTTCG,3-M-8,B cell,0,B cell,-0.3216716,-0.93345076,2007,0.4885494410991668
10X_P4_7_GATGCTAAGGGTTCCC,3-M-8,B cell,0,B cell,-0.522499,2.89985,2008,0.8744866847991943
10X_P4_7_GATGCTACACGCGAAA,3-M-8,B cell,0,B cell,-0.34289885,0.53911805,2009,0.9833722710609436
10X_P4_7_GATGCTACACGTGAGA,3-M-8,B cell,0,B cell,-2.4963465,3.687133,2010,0.7306227087974548
10X_P4_7_GATGCTAGTGTCCTCT,3-M-8,B cell,0,B cell,-1.7405711,-0.7699304,2011,0.7446399927139282
10X_P4_7_GATGCTAGTTCGTGAT,3-M-8,B cell,0,B cell,-1.7055373,1.5949873,2012,1.060130000114441
10X_P4_7_GATGCTATCCAGAAGG,3-M-8,B cell,1,Unmatched_1,-2.2588875,4.8835588,2013,0.5676168203353882
10X_P4_7_GATGCTATCTGCGACG,3-M-8,B cell,0,B cell,-0.950524,1.7449467,2014,0.6965246200561523
10X_P4_7_GATGCTATCTGTCTAT,3-M-8,B cell,0,B cell,-0.63488334,0.4923152,2015,0.8560760617256165
10X_P4_7_GATTCAGCACGAAAGC,3-M-8,macrophage,5,macrophage,12.541662,14.782545,2016,2.089622259140014
10X_P4_7_GATTCAGCATCGACGC,3-M-8,macrophage,5,macrophage,11.926323,14.642023,2017,2.488036155700684
10X_P4_7_GATTCAGTCAAACCAC,3-M-8,B cell,1,Unmatched_1,-1.2929207,5.859855,2018,0.5259758830070496
10X_P4_7_GATTCAGTCCTAAGTG,3-M-8,B cell,7,Unmatched_7,-5.4738207,0.8045107,2019,1.5319985151290894
10X_P4_7_GATTCAGTCTGGTTCC,3-M-8,T cell,2,Unmatched_2,4.373671,25.98739,2020,1.279794216156006
10X_P4_7_GCAAACTAGAATTCCC,3-M-8,B cell,4,Unmatched_4,-3.711397,3.759834,2021,0.7877978086471558
10X_P4_7_GCAAACTAGACCCACC,3-M-8,B cell,0,B cell,-3.2100956,1.4945344,2022,0.5683931708335876
10X_P4_7_GCAAACTAGTACGTAA,3-M-8,B cell,1,Unmatched_1,-2.3516731,4.510119,2023,0.6419180035591125
10X_P4_7_GCAAACTCACAACGCC,3-M-8,B cell,0,B cell,0.08673636,1.8576251,2024,0.8541046380996704
10X_P4_7_GCAAACTCACCCATGG,3-M-8,B cell,0,B cell,-0.9451912,1.5351473,2025,0.523435652256012
10X_P4_7_GCAAACTGTAGCTAAA,3-M-8,natural killer cell,6,natural killer cell,7.282466,26.064653,2026,1.6587425470352173
10X_P4_7_GCAAACTGTCCAACTA,3-M-8,B cell,0,B cell,-2.8667207,1.5389942,2027,0.4983337819576263
10X_P4_7_GCAAACTTCCTTGGTC,3-M-8,B cell,0,B cell,-0.4320166,-0.55627143,2028,0.6310930848121643
10X_P4_7_GCAATCAAGAAAGTGG,3-M-8,macrophage,5,macrophage,11.158792,14.470119,2029,1.4907945394515991
10X_P4_7_GCAATCAAGGCCGAAT,3-M-8,B cell,0,B cell,-1.7107713,1.0246599,2030,0.4873894453048706
10X_P4_7_GCAATCAAGTCAATAG,3-M-8,B cell,0,B cell,-0.38775295,0.3186563,2031,0.7201048135757446
10X_P4_7_GCAATCACAATCAGAA,3-M-8,T cell,3,T cell,3.577472,22.904219,2032,1.179042100906372
10X_P4_7_GCAATCACAGCGTTCG,3-M-8,T cell,3,T cell,4.7773137,24.415396,2033,0.9175620079040528
10X_P4_7_GCAATCACAGCTGCAC,3-M-8,B cell,0,B cell,-3.3718863,-0.2544848,2034,0.4467537403106689
10X_P4_7_GCAATCAGTTCCCGAG,3-M-8,B cell,4,Unmatched_4,-4.6004605,4.116142,2035,0.7514100670814514
10X_P4_7_GCAATCATCAGATAAG,3-M-8,B cell,7,Unmatched_7,-5.5735893,1.2052299,2036,1.36834979057312
10X_P4_7_GCAATCATCTGTGCAA,3-M-8,B cell,0,B cell,-2.632988,3.4904652,2037,0.7016522884368896
10X_P4_7_GCAATCATCTTCATGT,3-M-8,B cell,7,Unmatched_7,-5.5698385,1.2984178,2038,1.3472511768341064
10X_P4_7_GCACATAAGCGACGTA,3-M-8,B cell,7,Unmatched_7,-5.626152,1.2404363,2039,1.243607759475708
10X_P4_7_GCACATATCACCACCT,3-M-8,B cell,0,B cell,-0.34409538,-0.54838955,2040,0.8514103293418884
10X_P4_7_GCACATATCGATAGAA,3-M-8,B cell,1,Unmatched_1,-1.3155224,6.0188866,2041,0.5083448886871338
10X_P4_7_GCACATATCGCCTGAG,3-M-8,B cell,0,B cell,-4.3947716,0.39028192,2042,1.82673180103302
10X_P4_7_GCACTCTAGAGCTGGT,3-M-8,B cell,0,B cell,-2.6651635,1.1346564,2043,0.4146063923835754
10X_P4_7_GCACTCTAGGATGCGT,3-M-8,B cell,0,B cell,-1.3608367,1.1570373,2044,0.601872980594635
10X_P4_7_GCACTCTAGGCCATAG,3-M-8,B cell,0,B cell,-0.14082915,-0.6737409,2045,0.6477438807487488
10X_P4_7_GCACTCTAGGTACTCT,3-M-8,B cell,0,B cell,0.30572093,0.18006569,2046,0.7282953858375549
10X_P4_7_GCACTCTAGGTGACCA,3-M-8,B cell,0,B cell,-0.39567313,0.5768408,2047,0.9074230790138244
10X_P4_7_GCACTCTGTAGCAAAT,3-M-8,B cell,0,B cell,-0.5422384,-0.52610177,2048,0.5475412607192993
10X_P4_7_GCACTCTGTCACTTCC,3-M-8,T cell,2,Unmatched_2,3.3050883,25.97615,2049,0.7674530148506165
10X_P4_7_GCACTCTGTCTTCGTC,3-M-8,B cell,0,B cell,-0.3250223,-0.61911595,2050,0.5445201396942139
10X_P4_7_GCACTCTTCCCGACTT,3-M-8,T cell,3,T cell,3.1091335,23.616104,2051,0.5783079862594604
10X_P4_7_GCACTCTTCTATCCTA,3-M-8,B cell,0,B cell,-2.2206037,2.1043139,2052,0.5419487953186035
10X_P4_7_GCAGCCAAGAGGGATA,3-M-8,T cell,9,Unmatched_9,7.1505194,23.539265,2053,1.832000494003296
10X_P4_7_GCAGCCACAATCCGAT,3-M-8,B cell,0,B cell,-0.50601983,-0.39498273,2054,0.8304266333580017
10X_P4_7_GCAGCCAGTTCGGGCT,3-M-8,B cell,0,B cell,-0.8702266,0.54998773,2055,0.6068553328514099
10X_P4_7_GCAGCCATCACATGCA,3-M-8,T cell,2,Unmatched_2,2.06411,25.63398,2056,0.8689074516296387
10X_P4_7_GCAGTTAAGATACACA,3-M-8,B cell,0,B cell,-1.1569494,3.8270774,2057,0.7052208185195923
10X_P4_7_GCAGTTAAGCGATGAC,3-M-8,T cell,3,T cell,3.9679468,23.943104,2058,0.7154337763786316
10X_P4_7_GCAGTTACAACGCACC,3-M-8,B cell,0,B cell,-2.291802,1.8135163,2059,0.4024142622947693
10X_P4_7_GCAGTTAGTGTTCGAT,3-M-8,B cell,4,Unmatched_4,-3.9640188,3.0419657,2060,1.3217988014221191
10X_P4_7_GCAGTTATCCTCAATT,3-M-8,B cell,0,B cell,-3.0690935,-0.706785,2061,0.6799225807189941
10X_P4_7_GCAGTTATCTGGTTCC,3-M-8,B cell,12,Unmatched_12,9.168109,9.682444,2062,4.844853401184082
10X_P4_7_GCATACAAGGACGAAA,3-M-8,macrophage,5,macrophage,4.590764,13.926628,2063,2.4483091831207275
10X_P4_7_GCATACAAGTCACGCC,3-M-8,B cell,0,B cell,-0.73982173,1.2790234,2064,0.4741901159286499
10X_P4_7_GCATACAGTCATCCCT,3-M-8,B cell,0,B cell,-4.879067,0.44238278,2065,0.9666099548339844
10X_P4_7_GCATACATCAATCTCT,3-M-8,natural killer cell,6,natural killer cell,7.1366243,26.485115,2066,1.8151795864105225
10X_P4_7_GCATACATCAGCATGT,3-M-8,B cell,4,Unmatched_4,-2.664694,8.672537,2067,0.9652466773986816
10X_P4_7_GCATACATCCAAACAC,3-M-8,B cell,0,B cell,-1.882918,-1.1448563,2068,0.948554754257202
10X_P4_7_GCATACATCTAACGGT,3-M-8,B cell,0,B cell,-1.0536238,-0.89631605,2069,0.6674467921257019
10X_P4_7_GCATACATCTTAGAGC,3-M-8,T cell,3,T cell,3.844123,23.494566,2070,0.6024250984191895
10X_P4_7_GCATGATAGCTGAACG,3-M-8,T cell,2,Unmatched_2,2.3414595,26.302422,2071,0.6198428273200989
10X_P4_7_GCATGATAGTGTTGAA,3-M-8,T cell,2,Unmatched_2,4.3788624,25.874996,2072,1.2600719928741455
10X_P4_7_GCATGATCATACTACG,3-M-8,B cell,1,Unmatched_1,-2.1752791,6.169077,2073,0.6218389272689819
10X_P4_7_GCATGATCATTGAGCT,3-M-8,B cell,0,B cell,-3.5912392,-0.6446789,2074,1.1916929483413696
10X_P4_7_GCATGATGTACTCTCC,3-M-8,B cell,0,B cell,-1.2224416,2.4284992,2075,0.7602382302284241
10X_P4_7_GCATGATGTCTAACGT,3-M-8,B cell,0,B cell,-0.7155257,2.5327384,2076,1.146410584449768
10X_P4_7_GCATGATGTGCAGTAG,3-M-8,B cell,1,Unmatched_1,-1.6660428,5.3382206,2077,0.6494410037994385
10X_P4_7_GCATGATGTGTGACCC,3-M-8,T cell,3,T cell,4.7737126,24.446836,2078,1.1300066709518433
10X_P4_7_GCATGATTCAGTTGAC,3-M-8,B cell,4,Unmatched_4,-4.992811,4.3116493,2079,0.9153319001197816
10X_P4_7_GCATGATTCCCAGGTG,3-M-8,B cell,0,B cell,-1.038018,0.69366753,2080,0.5099004507064819
10X_P4_7_GCATGATTCGCTTGTC,3-M-8,B cell,0,B cell,-2.4275537,0.5300608,2081,0.6893424987792969
10X_P4_7_GCATGCGAGCGTGAAC,3-M-8,B cell,1,Unmatched_1,-2.8092737,5.967273,2082,0.8419239521026611
10X_P4_7_GCATGCGAGGTACTCT,3-M-8,T cell,9,Unmatched_9,6.9326305,23.753788,2083,1.8839211463928225
10X_P4_7_GCATGCGGTTTGTGTG,3-M-8,B cell,1,Unmatched_1,-2.2351136,6.1783323,2084,0.7199828624725342
10X_P4_7_GCATGCGTCAGTTTGG,3-M-8,B cell,0,B cell,0.006538746,1.8947802,2085,1.1023242473602295
10X_P4_7_GCATGCGTCTATCGCC,3-M-8,B cell,0,B cell,-2.2690156,3.2459092,2086,0.908415675163269
10X_P4_7_GCATGCGTCTGTCAAG,3-M-8,B cell,0,B cell,-2.3975608,2.3319008,2087,0.5967302322387695
10X_P4_7_GCATGTAAGCGTGTCC,3-M-8,T cell,3,T cell,3.443801,23.647673,2088,0.5370060205459595
10X_P4_7_GCATGTAAGGGATACC,3-M-8,B cell,0,B cell,-1.4810724,0.16115369,2089,0.5495923757553101
10X_P4_7_GCATGTAAGTCGCCGT,3-M-8,B cell,0,B cell,-1.5028948,4.0105333,2090,0.7533310651779175
10X_P4_7_GCATGTAAGTGTGGCA,3-M-8,T cell,3,T cell,3.8526738,23.712646,2091,0.7902469635009766
10X_P4_7_GCATGTACAAACAACA,3-M-8,B cell,4,Unmatched_4,9.272579,14.045673,2092,2.8559908866882324
10X_P4_7_GCATGTACAGCCTATA,3-M-8,B cell,0,B cell,-3.0790317,1.8027109,2093,0.511795163154602
10X_P4_7_GCATGTACAGCTGTAT,3-M-8,B cell,0,B cell,-1.7571843,-0.8334963,2094,0.5930750370025635
10X_P4_7_GCATGTAGTAAAGTCA,3-M-8,T cell,2,Unmatched_2,2.7853675,26.450064,2095,0.5873323082923889
10X_P4_7_GCATGTAGTTTAGCTG,3-M-8,B cell,0,B cell,-1.4640552,2.72974,2096,1.2226396799087524
10X_P4_7_GCATGTATCGGAGCAA,3-M-8,B cell,0,B cell,-2.6559074,-0.44178528,2097,0.6370263695716858
10X_P4_7_GCATGTATCTATCGCC,3-M-8,B cell,7,Unmatched_7,-5.638456,1.0379567,2098,1.5506469011306765
10X_P4_7_GCATGTATCTCAACTT,3-M-8,B cell,0,B cell,-0.6384109,-0.55389065,2099,0.7998358607292175
10X_P4_7_GCCAAATAGGGTTCCC,3-M-8,B cell,0,B cell,-1.0956925,1.5896924,2100,1.0902570486068726
10X_P4_7_GCCAAATGTCTGGAGA,3-M-8,B cell,0,B cell,-2.8519833,-1.0834633,2101,1.5335432291030884
10X_P4_7_GCCTCTAAGATCCCGC,3-M-8,B cell,0,B cell,0.11138061,-0.014919466,2102,0.4323165416717529
10X_P4_7_GCCTCTAAGGTAGCCA,3-M-8,B cell,4,Unmatched_4,9.018891,14.213881,2103,2.1103131771087646
10X_P4_7_GCCTCTAAGTCTCAAC,3-M-8,T cell,2,Unmatched_2,2.923561,25.621943,2104,0.8443012833595276
10X_P4_7_GCCTCTAGTATAGGGC,3-M-8,B cell,0,B cell,0.055818897,0.004736353,2105,0.5700377225875854
10X_P4_7_GCCTCTAGTCTTCAAG,3-M-8,B cell,7,Unmatched_7,-5.573948,0.85263675,2106,1.4313268661499023
10X_P4_7_GCCTCTATCACAACGT,3-M-8,B cell,0,B cell,-3.2927623,3.087002,2107,0.9801687598228456
10X_P4_7_GCCTCTATCCACTCCA,3-M-8,B cell,4,Unmatched_4,9.117848,14.158374,2108,2.8559908866882324
10X_P4_7_GCGACCAAGAAGGGTA,3-M-8,B cell,0,B cell,-2.809487,-0.18096234,2109,0.8790668249130249
10X_P4_7_GCGACCAAGAGGTACC,3-M-8,T cell,3,T cell,2.5127554,23.266085,2110,0.6111497282981873
10X_P4_7_GCGACCAAGCAATCTC,3-M-8,B cell,4,Unmatched_4,9.244977,14.094266,2111,2.8559908866882324
10X_P4_7_GCGACCAAGGGATCTG,3-M-8,B cell,11,Unmatched_11,-2.8383017,6.453629,2112,5.109276294708252
10X_P4_7_GCGACCAGTCGCTTCT,3-M-8,T cell,3,T cell,3.3677588,23.416842,2113,0.7279490828514099
10X_P4_7_GCGACCAGTTAGAACA,3-M-8,B cell,4,Unmatched_4,9.090286,14.16632,2114,1.6172583103179932
10X_P4_7_GCGACCAGTTCCACGG,3-M-8,B cell,1,Unmatched_1,-1.2644773,6.0215397,2115,0.5868774056434631
10X_P4_7_GCGACCAGTTCGGCAC,3-M-8,T cell,3,T cell,4.541883,24.361776,2116,1.2180368900299072
10X_P4_7_GCGACCAGTTGCGTTA,3-M-8,B cell,1,Unmatched_1,-1.1790318,5.560417,2117,0.662382185459137
10X_P4_7_GCGACCATCTCGATGA,3-M-8,B cell,0,B cell,-2.0472455,3.7966964,2118,0.6697385907173157
10X_P4_7_GCGAGAAAGGCCATAG,3-M-8,B cell,0,B cell,-4.5203967,0.24599756,2119,1.0455646514892578
10X_P4_7_GCGAGAAAGTACATGA,3-M-8,B cell,0,B cell,0.07161273,1.97089,2120,0.6110547780990601
10X_P4_7_GCGAGAACAGACACTT,3-M-8,B cell,0,B cell,-1.5632688,2.3567433,2121,0.6798244714736938
10X_P4_7_GCGAGAACATGGTCTA,3-M-8,B cell,0,B cell,-2.8779008,1.0797348,2122,0.6912564635276794
10X_P4_7_GCGAGAACATTTGCCC,3-M-8,B cell,1,Unmatched_1,-3.0168304,4.344635,2123,1.2485816478729248
10X_P4_7_GCGAGAAGTCACTGGC,3-M-8,B cell,4,Unmatched_4,-2.5917237,8.775529,2124,0.5412358641624451
10X_P4_7_GCGAGAAGTGTGAATA,3-M-8,B cell,0,B cell,-0.069112666,-0.57446945,2125,0.5857134461402893
10X_P4_7_GCGAGAATCAAGGTAA,3-M-8,B cell,0,B cell,0.059540767,1.6879966,2126,1.0624866485595703
10X_P4_7_GCGAGAATCCTTAATC,3-M-8,B cell,4,Unmatched_4,-2.5969367,8.85092,2127,0.7921305894851685
10X_P4_7_GCGAGAATCGCGTAGC,3-M-8,T cell,2,Unmatched_2,2.9208128,25.71739,2128,1.1369205713272097
10X_P4_7_GCGCAACAGGCCGAAT,3-M-8,B cell,0,B cell,-1.5293493,-0.43401852,2129,1.0583301782608032
10X_P4_7_GCGCAACGTAGGCATG,3-M-8,B cell,0,B cell,-1.7776606,0.8876211,2130,0.7251353859901428
10X_P4_7_GCGCAACGTTATGTGC,3-M-8,B cell,0,B cell,-0.67036325,-0.65612936,2131,0.559164822101593
10X_P4_7_GCGCAACGTTCGCGAC,3-M-8,B cell,0,B cell,-2.416477,0.95368004,2132,0.4279017448425293
10X_P4_7_GCGCAGTAGCCCGAAA,3-M-8,B cell,0,B cell,-3.613412,-0.6864103,2133,1.2329087257385254
10X_P4_7_GCGCAGTAGCTACCTA,3-M-8,B cell,0,B cell,-2.297807,-1.1886655,2134,1.6963154077529907
10X_P4_7_GCGCAGTAGGTGCTTT,3-M-8,B cell,0,B cell,-0.2597689,-0.8752783,2135,0.6590426564216614
10X_P4_7_GCGCAGTAGTGTACCT,3-M-8,B cell,0,B cell,0.26638,0.23343487,2136,0.6726517081260681
10X_P4_7_GCGCAGTCATGGTCTA,3-M-8,B cell,0,B cell,-2.533085,3.0426426,2137,0.9164617657661438
10X_P4_7_GCGCAGTTCGTAGATC,3-M-8,B cell,1,Unmatched_1,-2.7659786,4.1891003,2138,0.9271440505981444
10X_P4_7_GCGCAGTTCTGTCCGT,3-M-8,macrophage,8,Unmatched_8,10.6812105,11.780608,2139,3.646089553833008
10X_P4_7_GCGCCAAAGAGTCTGG,3-M-8,B cell,0,B cell,-0.51292324,2.2521195,2140,0.4096870720386505
10X_P4_7_GCGCCAACACGTGAGA,3-M-8,B cell,0,B cell,-2.7358398,2.8740022,2141,0.920690894126892
10X_P4_7_GCGCCAACAGATCCAT,3-M-8,T cell,2,Unmatched_2,4.3968863,26.585243,2142,1.2662309408187866
10X_P4_7_GCGCCAACAGCTATTG,3-M-8,B cell,0,B cell,-3.1490145,0.6120059,2143,0.5755413770675659
10X_P4_7_GCGCCAACATTCCTCG,3-M-8,B cell,0,B cell,-2.6857843,1.7916212,2144,0.530227541923523
10X_P4_7_GCGCCAAGTGTAAGTA,3-M-8,B cell,0,B cell,-1.9743266,0.91887283,2145,0.5208967924118042
10X_P4_7_GCGCCAATCATCATTC,3-M-8,B cell,1,Unmatched_1,-0.82534736,6.242716,2146,0.6522122025489807
10X_P4_7_GCGCCAATCGCGATCG,3-M-8,B cell,1,Unmatched_1,-1.0537286,5.263094,2147,0.502928614616394
10X_P4_7_GCGCGATAGACGCACA,3-M-8,B cell,1,Unmatched_1,-1.1994048,6.404591,2148,0.6133855581283569
10X_P4_7_GCGCGATAGATATGGT,3-M-8,T cell,3,T cell,2.9669113,23.131596,2149,0.7164624333381653
10X_P4_7_GCGCGATAGCTGAACG,3-M-8,natural killer cell,6,natural killer cell,7.11664,26.499777,2150,2.3219146728515625
10X_P4_7_GCGCGATCAATCCGAT,3-M-8,B cell,0,B cell,-2.3643763,0.204365,2151,0.4096295237541199
10X_P4_7_GCGCGATCAGATCGGA,3-M-8,B cell,0,B cell,0.090451196,-0.071888715,2152,0.5290189385414124
10X_P4_7_GCGCGATCAGCTGGCT,3-M-8,macrophage,8,Unmatched_8,9.997157,12.403287,2153,2.8559908866882324
10X_P4_7_GCGCGATTCAACGGGA,3-M-8,B cell,0,B cell,-2.1643064,1.1638788,2154,0.4519272446632385
10X_P4_7_GCGCGATTCCGTAGTA,3-M-8,B cell,0,B cell,-0.15939151,0.90573275,2155,0.8569912314414978
10X_P4_7_GCGCGATTCCTTGCCA,3-M-8,B cell,0,B cell,-1.1955988,-0.52271557,2156,0.5539025068283081
10X_P4_7_GCGGGTTAGCCACCTG,3-M-8,B cell,0,B cell,-3.7780752,1.746982,2157,0.754781186580658
10X_P4_7_GCGGGTTCAAGCCGTC,3-M-8,macrophage,13,Unmatched_13,13.100446,13.571339,2158,2.700282096862793
10X_P4_7_GCGGGTTTCCATGAGT,3-M-8,T cell,2,Unmatched_2,3.082342,26.32952,2159,1.0965847969055176
10X_P4_7_GCTCCTAAGTTGAGTA,3-M-8,B cell,0,B cell,-1.5569223,1.275558,2160,0.4686728417873382
10X_P4_7_GCTCCTACATACCATG,3-M-8,T cell,2,Unmatched_2,2.4288464,25.6672,2161,1.1022332906723022
10X_P4_7_GCTCCTACATCCAACA,3-M-8,B cell,0,B cell,-2.7402334,1.7192216,2162,0.4353588223457336
10X_P4_7_GCTCCTAGTAGCGCTC,3-M-8,T cell,2,Unmatched_2,4.7945423,26.541498,2163,1.4035866260528564
10X_P4_7_GCTCCTAGTTACCAGT,3-M-8,B cell,4,Unmatched_4,8.880849,14.300058,2164,1.4332674741744995
10X_P4_7_GCTCCTATCAGTGCAT,3-M-8,B cell,0,B cell,-0.12213941,-0.8676254,2165,0.5413312911987305
10X_P4_7_GCTCCTATCGCGCCAA,3-M-8,T cell,3,T cell,3.052927,23.281662,2166,0.5993255972862244
10X_P4_7_GCTCTGTAGCATCATC,3-M-8,B cell,1,Unmatched_1,-1.7008474,5.007093,2167,0.5094864964485168
10X_P4_7_GCTCTGTAGTGTTAGA,3-M-8,T cell,3,T cell,3.3698866,22.929672,2168,0.5247433185577393
10X_P4_7_GCTCTGTCAACACCTA,3-M-8,B cell,0,B cell,-1.4339961,-1.2082721,2169,0.4445717334747314
10X_P4_7_GCTCTGTCATCTCCCA,3-M-8,B cell,1,Unmatched_1,-1.0138052,6.2726607,2170,0.6177715063095093
10X_P4_7_GCTCTGTTCCAAGCCG,3-M-8,B cell,0,B cell,-0.79799604,1.650964,2171,0.6947118639945984
10X_P4_7_GCTCTGTTCTATCGCC,3-M-8,B cell,4,Unmatched_4,9.206239,14.081823,2172,1.5949052572250366
10X_P4_7_GCTGCAGAGAGCCTAG,3-M-8,B cell,7,Unmatched_7,-5.3452754,0.70098215,2173,1.607420802116394
10X_P4_7_GCTGCAGAGGAATGGA,3-M-8,B cell,0,B cell,-2.228702,-0.008065868,2174,0.5513182878494263
10X_P4_7_GCTGCAGAGGGTATCG,3-M-8,B cell,0,B cell,-4.716611,0.23415928,2175,0.8411684632301331
10X_P4_7_GCTGCAGAGTTGTCGT,3-M-8,B cell,0,B cell,-1.1455148,2.5495389,2176,1.0908212661743164
10X_P4_7_GCTGCAGCAAGAAAGG,3-M-8,B cell,0,B cell,-0.077353574,0.51104426,2177,0.75101637840271
10X_P4_7_GCTGCAGCACTTAACG,3-M-8,T cell,2,Unmatched_2,2.3729708,26.40001,2178,0.6467840075492859
10X_P4_7_GCTGCAGGTAGATTAG,3-M-8,B cell,1,Unmatched_1,-1.4578563,6.261988,2179,0.5484151244163513
10X_P4_7_GCTGCAGGTTGTGGCC,3-M-8,B cell,0,B cell,-2.1880767,0.732104,2180,0.652488112449646
10X_P4_7_GCTGCAGTCTTAGAGC,3-M-8,B cell,0,B cell,-0.09322665,0.3737668,2181,0.5901945233345032
10X_P4_7_GCTGCGAAGCCAGTTT,3-M-8,T cell,2,Unmatched_2,2.1960082,25.994242,2182,0.5416681170463562
10X_P4_7_GCTGCGACATCGGAAG,3-M-8,B cell,4,Unmatched_4,-4.261016,4.174049,2183,1.3312814235687256
10X_P4_7_GCTGCGAGTTCCAACA,3-M-8,B cell,1,Unmatched_1,-1.0479386,5.939874,2184,0.5676761865615845
10X_P4_7_GCTGCGATCCGTCAAA,3-M-8,B cell,0,B cell,-2.5874748,0.6324779,2185,0.5444301962852478
10X_P4_7_GCTGCTTAGGACAGAA,3-M-8,B cell,0,B cell,0.24796584,0.4656123,2186,0.94015371799469
10X_P4_7_GCTGCTTAGTTCGATC,3-M-8,B cell,4,Unmatched_4,-2.5844274,8.8436775,2187,0.915419340133667
10X_P4_7_GCTGCTTCAAGCGATG,3-M-8,B cell,1,Unmatched_1,-2.485406,4.8240566,2188,0.6621972322463989
10X_P4_7_GCTGCTTCAATCGGTT,3-M-8,B cell,0,B cell,-3.8354573,-0.09167647,2189,0.7448522448539734
10X_P4_7_GCTGCTTCAGGTGGAT,3-M-8,B cell,0,B cell,-0.48155516,0.7283294,2190,0.7056004405021667
10X_P4_7_GCTGCTTGTAGCGTAG,3-M-8,B cell,0,B cell,-2.4148645,-0.21951388,2191,0.4343659877777099
10X_P4_7_GCTGCTTGTGGGTCAA,3-M-8,B cell,0,B cell,-0.21142408,-0.58788246,2192,0.656823992729187
10X_P4_7_GCTGCTTGTGTGACGA,3-M-8,natural killer cell,6,natural killer cell,7.046878,26.339952,2193,1.7677966356277466
10X_P4_7_GCTGCTTTCCAAAGTC,3-M-8,B cell,0,B cell,-2.169349,1.6058584,2194,0.4872964918613434
10X_P4_7_GCTGCTTTCCGATATG,3-M-8,B cell,0,B cell,0.09903862,1.7778201,2195,1.110342264175415
10X_P4_7_GCTGCTTTCTTAGAGC,3-M-8,B cell,0,B cell,-5.0732203,0.5713199,2196,1.2289282083511353
10X_P4_7_GCTGGGTAGAATCTCC,3-M-8,B cell,0,B cell,-2.291554,0.4410719,2197,0.5583255887031555
10X_P4_7_GCTGGGTAGGCTACGA,3-M-8,B cell,13,Unmatched_13,13.098513,13.5661335,2198,1.2448958158493042
10X_P4_7_GCTGGGTCAATGGACG,3-M-8,B cell,0,B cell,-0.47971198,-1.1179407,2199,0.7005735635757446
10X_P4_7_GCTGGGTGTCATCGGC,3-M-8,B cell,7,Unmatched_7,-5.5428476,1.097444,2200,1.8005657196044922
10X_P4_7_GCTGGGTGTTAGTGGG,3-M-8,B cell,0,B cell,-0.9743179,1.1631886,2201,0.6702920794487
10X_P4_7_GCTGGGTTCAGTACGT,3-M-8,B cell,0,B cell,-1.7372134,1.3091748,2202,0.4051612913608551
10X_P4_7_GCTGGGTTCCCAACGG,3-M-8,B cell,0,B cell,-2.6927798,1.2128767,2203,0.4043631851673126
10X_P4_7_GCTTCCACACATCCGG,3-M-8,B cell,1,Unmatched_1,-3.6455743,3.3095307,2204,1.1277954578399658
10X_P4_7_GCTTCCAGTCATCGGC,3-M-8,B cell,7,Unmatched_7,-5.622347,1.1976587,2205,1.9943245649337769
10X_P4_7_GCTTCCAGTGCGGTAA,3-M-8,B cell,1,Unmatched_1,-2.1498215,6.136031,2206,0.5928062200546265
10X_P4_7_GCTTCCAGTTCCGTCT,3-M-8,B cell,0,B cell,-1.8091046,0.7092258,2207,0.6688746809959412
10X_P4_7_GCTTCCATCAACCAAC,3-M-8,B cell,0,B cell,-0.7235182,2.3359642,2208,0.66019207239151
10X_P4_7_GCTTCCATCATTATCC,3-M-8,B cell,0,B cell,-0.5802205,-0.002929217,2209,0.5175862312316895
10X_P4_7_GCTTCCATCCTTGCCA,3-M-8,B cell,0,B cell,-0.29407492,1.0969274,2210,1.3929381370544434
10X_P4_7_GCTTCCATCGCCGTGA,3-M-8,T cell,2,Unmatched_2,2.9963422,25.798618,2211,1.1147396564483645
10X_P4_7_GCTTCCATCGGTTAAC,3-M-8,B cell,0,B cell,-0.32815313,0.82444084,2212,0.6957764625549316
10X_P4_7_GCTTCCATCTTTACGT,3-M-8,macrophage,5,macrophage,4.6459494,13.963798,2213,2.1530840396881104
10X_P4_7_GCTTGAAAGCTACCTA,3-M-8,macrophage,13,Unmatched_13,13.087859,13.584079,2214,2.366365909576416
10X_P4_7_GCTTGAAAGTGCGATG,3-M-8,T cell,3,T cell,3.4297314,23.884743,2215,0.7919676899909973
10X_P4_7_GCTTGAAAGTGTACCT,3-M-8,B cell,0,B cell,0.06085916,1.8996854,2216,0.7898941040039062
10X_P4_7_GCTTGAACATGATCCA,3-M-8,B cell,1,Unmatched_1,-1.2181752,5.751483,2217,0.5325704216957092
10X_P4_7_GGAAAGCCATTTCACT,3-M-8,B cell,0,B cell,-1.6655589,4.0910897,2218,0.7002273201942444
10X_P4_7_GGAACTTCACAGCCCA,3-M-8,B cell,0,B cell,-3.1584613,1.281701,2219,0.4669860601425171
10X_P4_7_GGAACTTCAGCTGCAC,3-M-8,B cell,0,B cell,-1.0032614,1.4559375,2220,0.6881362199783325
10X_P4_7_GGAACTTCAGTAAGAT,3-M-8,B cell,0,B cell,-1.6993662,1.3601576,2221,0.492821455001831
10X_P4_7_GGAACTTTCCTTTCTC,3-M-8,B cell,4,Unmatched_4,-2.6325827,8.601625,2222,0.9068236947059632
10X_P4_7_GGAATAAAGCACACAG,3-M-8,B cell,0,B cell,0.048669476,1.9274254,2223,0.899298369884491
10X_P4_7_GGAATAACACCGCTAG,3-M-8,B cell,1,Unmatched_1,-1.7381679,5.642824,2224,0.9034532308578492
10X_P4_7_GGAATAAGTTAAGAAC,3-M-8,B cell,0,B cell,-1.1424755,-0.33656815,2225,1.206491470336914
10X_P4_7_GGAATAATCTGGTTCC,3-M-8,B cell,4,Unmatched_4,0.5631169,2.7680886,2226,1.2895002365112305
10X_P4_7_GGACAAGAGCTGTCTA,3-M-8,B cell,0,B cell,-0.7790103,-1.1168456,2227,0.6059718728065491
10X_P4_7_GGACAAGCAAGGTGTG,3-M-8,macrophage,5,macrophage,11.876367,14.626758,2228,2.0548481941223145
10X_P4_7_GGACAAGCACCAGTTA,3-M-8,T cell,3,T cell,2.736376,22.982002,2229,0.6830317974090576
10X_P4_7_GGACAAGCACGACTCG,3-M-8,B cell,0,B cell,0.08392141,1.0693585,2230,0.8179928064346313
10X_P4_7_GGACAAGGTACATCCA,3-M-8,B cell,7,Unmatched_7,-5.2558975,1.3692496,2231,1.1256849765777588
10X_P4_7_GGACAAGGTACTCAAC,3-M-8,T cell,3,T cell,3.655558,23.257887,2232,0.6302940249443054
10X_P4_7_GGACAAGGTGCTGTAT,3-M-8,B cell,4,Unmatched_4,-4.288804,4.2705956,2233,0.6664276123046875
10X_P4_7_GGACAAGTCCTAAGTG,3-M-8,T cell,2,Unmatched_2,2.5813391,25.873291,2234,0.9910935163497924
10X_P4_7_GGACAGAAGGGCATGT,3-M-8,B cell,1,Unmatched_1,-0.78132904,6.2261543,2235,0.4965459704399109
10X_P4_7_GGACAGACACATAACC,3-M-8,B cell,0,B cell,-2.8181734,3.9714615,2236,0.9692897200584412
10X_P4_7_GGACAGACACGGATAG,3-M-8,B cell,0,B cell,-1.291898,2.130437,2237,1.2293555736541748
10X_P4_7_GGACAGACAGCTGTGC,3-M-8,B cell,1,Unmatched_1,-2.431226,4.344701,2238,0.6556265950202942
10X_P4_7_GGACAGACATTAGCCA,3-M-8,B cell,0,B cell,-2.8910255,2.7766008,2239,0.9149252772331238
10X_P4_7_GGACAGAGTACCGAGA,3-M-8,B cell,1,Unmatched_1,-4.853692,2.3041012,2240,1.0021954774856567
10X_P4_7_GGACAGATCATCGGAT,3-M-8,B cell,0,B cell,-0.85895354,2.4015026,2241,1.0964070558547974
10X_P4_7_GGACATTAGCGCCTTG,3-M-8,B cell,0,B cell,-4.673072,0.28374597,2242,0.7701522707939148
10X_P4_7_GGACATTAGGTGCTTT,3-M-8,B cell,0,B cell,-4.6466794,0.36925253,2243,0.4413273930549621
10X_P4_7_GGACATTCAGTAGAGC,3-M-8,B cell,0,B cell,-1.2944549,-0.3963671,2244,0.6091341972351074
10X_P4_7_GGACATTCAGTCCTTC,3-M-8,B cell,0,B cell,-0.83034825,-1.1819425,2245,0.7079043388366699
10X_P4_7_GGACATTGTCCAACTA,3-M-8,B cell,1,Unmatched_1,-1.1053116,6.058942,2246,0.4894462823867798
10X_P4_7_GGACATTGTTAAGGGC,3-M-8,T cell,2,Unmatched_2,4.840723,26.674803,2247,1.3261947631835938
10X_P4_7_GGACATTGTTATGCGT,3-M-8,natural killer cell,6,natural killer cell,6.5892324,25.486582,2248,2.617466449737549
10X_P4_7_GGACGTCAGCCACTAT,3-M-8,natural killer cell,6,natural killer cell,6.7477217,25.628162,2249,2.198636770248413
10X_P4_7_GGACGTCAGCGAGAAA,3-M-8,B cell,0,B cell,-2.3059375,1.4471452,2250,0.4449565708637237
10X_P4_7_GGACGTCAGGAGCGAG,3-M-8,B cell,0,B cell,-0.6492292,1.9593933,2251,1.474609613418579
10X_P4_7_GGACGTCCACGTCTCT,3-M-8,B cell,0,B cell,-1.4439776,-0.6865757,2252,0.555668294429779
10X_P4_7_GGACGTCGTCCAGTTA,3-M-8,T cell,2,Unmatched_2,2.4143996,26.069477,2253,0.6864866614341736
10X_P4_7_GGACGTCGTCTCTTAT,3-M-8,B cell,0,B cell,-0.8675087,2.1499488,2254,0.969890594482422
10X_P4_7_GGACGTCTCGACAGCC,3-M-8,B cell,0,B cell,-2.9430385,1.4289303,2255,0.4659060835838318
10X_P4_7_GGAGCAACACAAGTAA,3-M-8,B cell,1,Unmatched_1,-1.8456703,5.885193,2256,0.5619463324546814
10X_P4_7_GGAGCAACAGAAGCAC,3-M-8,B cell,1,Unmatched_1,-1.5052992,6.3011575,2257,0.8511893153190613
10X_P4_7_GGAGCAACATTACCTT,3-M-8,B cell,0,B cell,-1.3883108,-1.1144178,2258,0.6087731122970581
10X_P4_7_GGAGCAATCGCTTGTC,3-M-8,B cell,0,B cell,-1.9924973,0.4294626,2259,1.0392475128173828
10X_P4_7_GGAGCAATCTCACATT,3-M-8,B cell,0,B cell,-0.8825923,-0.16204257,2260,0.8694812655448914
10X_P4_7_GGATGTTAGCGATAGC,3-M-8,B cell,0,B cell,-1.2211587,1.0627966,2261,0.4953662455081939
10X_P4_7_GGATGTTAGGTGCACA,3-M-8,macrophage,8,Unmatched_8,10.053271,12.332761,2262,2.563326120376587
10X_P4_7_GGATGTTAGTGAAGTT,3-M-8,B cell,4,Unmatched_4,-5.0308666,4.175972,2263,1.3583314418792725
10X_P4_7_GGATGTTCACGAAGCA,3-M-8,T cell,3,T cell,3.411024,23.363249,2264,0.8937337398529053
10X_P4_7_GGATGTTCAGCGTTCG,3-M-8,B cell,1,Unmatched_1,-2.1382713,4.279573,2265,0.7014808058738708
10X_P4_7_GGATGTTGTCTGGTCG,3-M-8,B cell,0,B cell,-2.1355617,1.8481605,2266,0.5681423544883728
10X_P4_7_GGATGTTGTCTTCTCG,3-M-8,B cell,4,Unmatched_4,-2.567704,8.866313,2267,0.7720046639442444
10X_P4_7_GGATGTTGTTCGTTGA,3-M-8,B cell,0,B cell,0.16395761,-0.3219664,2268,0.687754213809967
10X_P4_7_GGATTACAGCGTTCCG,3-M-8,B cell,0,B cell,-0.5503889,2.6320248,2269,0.9258220195770264
10X_P4_7_GGATTACAGGCAAAGA,3-M-8,B cell,1,Unmatched_1,-3.9704015,6.407976,2270,1.1567529439926147
10X_P4_7_GGATTACAGGCTATCT,3-M-8,macrophage,5,macrophage,13.426705,15.401901,2271,2.2594103813171387
10X_P4_7_GGATTACAGGGAACGG,3-M-8,B cell,12,Unmatched_12,9.166452,9.683862,2272,4.844853401184082
10X_P4_7_GGATTACAGGTGATTA,3-M-8,macrophage,5,macrophage,12.474925,14.745149,2273,1.9433691501617432
10X_P4_7_GGATTACAGTAGTGCG,3-M-8,B cell,0,B cell,-3.563235,-0.2869798,2274,0.7366527318954468
10X_P4_7_GGATTACCACAACGTT,3-M-8,B cell,0,B cell,-0.081143305,0.5351376,2275,0.8655384182929993
10X_P4_7_GGATTACCAGCTGTAT,3-M-8,T cell,2,Unmatched_2,0.36639464,23.125238,2276,1.5080372095108032
10X_P4_7_GGATTACCATGAAGTA,3-M-8,B cell,0,B cell,-2.0947158,-0.74628323,2277,0.7698234915733337
10X_P4_7_GGATTACGTCGCGTGT,3-M-8,T cell,2,Unmatched_2,2.434316,25.683468,2278,0.5604823231697083
10X_P4_7_GGATTACTCACTCCTG,3-M-8,T cell,3,T cell,3.7992976,23.89931,2279,0.7737802863121033
10X_P4_7_GGCAATTAGAGCTGCA,3-M-8,B cell,0,B cell,-1.4230778,3.5403886,2280,0.6891567707061768
10X_P4_7_GGCAATTAGATAGGAG,3-M-8,B cell,8,Unmatched_8,10.668093,11.7924185,2281,0.7410616278648376
10X_P4_7_GGCAATTAGCCCAACC,3-M-8,B cell,4,Unmatched_4,-4.7363496,3.2763813,2282,1.337749481201172
10X_P4_7_GGCAATTAGTCTCCTC,3-M-8,B cell,8,Unmatched_8,10.005202,12.383591,2283,3.646089553833008
10X_P4_7_GGCAATTCAATGAATG,3-M-8,B cell,1,Unmatched_1,-2.1679635,4.553129,2284,0.827334463596344
10X_P4_7_GGCAATTCATTGGTAC,3-M-8,B cell,4,Unmatched_4,-3.9501,3.355395,2285,0.8186010122299194
10X_P4_7_GGCAATTGTGGACGAT,3-M-8,natural killer cell,6,natural killer cell,7.249871,26.32747,2286,2.013810873031616
10X_P4_7_GGCAATTGTTCGCTAA,3-M-8,T cell,2,Unmatched_2,3.187062,25.571093,2287,1.016530990600586
10X_P4_7_GGCAATTTCAAGAAGT,3-M-8,B cell,4,Unmatched_4,-2.4910069,8.845848,2288,0.7802485823631287
10X_P4_7_GGCAATTTCATCGCTC,3-M-8,B cell,1,Unmatched_1,-0.9220364,6.227835,2289,0.7036163806915283
10X_P4_7_GGCAATTTCGAACTGT,3-M-8,B cell,0,B cell,-0.88313264,1.1492139,2290,0.5384799838066101
10X_P4_7_GGCAATTTCTCTTATG,3-M-8,B cell,0,B cell,-3.2867098,-0.53260165,2291,0.7709943652153015
10X_P4_7_GGCCGATAGCACCGCT,3-M-8,natural killer cell,6,natural killer cell,7.3402057,26.159876,2292,1.6195807456970217
10X_P4_7_GGCCGATCAAGGCTCC,3-M-8,T cell,2,Unmatched_2,4.167829,26.538649,2293,1.3953490257263184
10X_P4_7_GGCCGATCACTGAAGG,3-M-8,B cell,0,B cell,-2.2665865,1.3619885,2294,0.5583252310752869
10X_P4_7_GGCCGATCAGCTGTTA,3-M-8,B cell,1,Unmatched_1,-2.8696823,4.255291,2295,0.9612780809402466
10X_P4_7_GGCCGATCATGTCGAT,3-M-8,B cell,1,Unmatched_1,-2.6718414,4.7922792,2296,0.9536848068237304
10X_P4_7_GGCCGATGTCATACTG,3-M-8,T cell,2,Unmatched_2,1.6786765,25.648752,2297,0.6215779185295105
10X_P4_7_GGCCGATGTCCAAGTT,3-M-8,B cell,0,B cell,-1.0729432,-0.7420835,2298,0.6085847616195679
10X_P4_7_GGCCGATTCACAGTAC,3-M-8,B cell,0,B cell,-1.8822912,1.7309303,2299,0.4229063689708709
10X_P4_7_GGCCGATTCCGTTGTC,3-M-8,B cell,0,B cell,-4.79836,0.3011689,2300,0.5856874585151672
10X_P4_7_GGCGACTAGAATCTCC,3-M-8,B cell,1,Unmatched_1,-3.8983788,6.2665267,2301,1.5314892530441284
10X_P4_7_GGCGACTAGTAGGTGC,3-M-8,B cell,0,B cell,0.24615303,0.32921326,2302,0.4440442025661468
10X_P4_7_GGCGACTAGTGAAGTT,3-M-8,T cell,2,Unmatched_2,1.9040359,25.65518,2303,0.6562097072601318
10X_P4_7_GGCGACTGTAAGTGGC,3-M-8,B cell,1,Unmatched_1,-1.4491072,5.416397,2304,0.730658233165741
10X_P4_7_GGCGACTGTGCCTGCA,3-M-8,B cell,1,Unmatched_1,-1.1858037,4.98187,2305,0.7368733286857605
10X_P4_7_GGCGACTTCAGAGACG,3-M-8,B cell,1,Unmatched_1,-1.4309373,5.0546103,2306,0.7017514705657959
10X_P4_7_GGCGACTTCAGCAACT,3-M-8,T cell,3,T cell,2.8644953,23.314917,2307,0.655612051486969
10X_P4_7_GGCGACTTCTTACCGC,3-M-8,B cell,0,B cell,-0.67374146,0.22570673,2308,0.6664242744445801
10X_P4_7_GGCGTGTAGCGGATCA,3-M-8,T cell,2,Unmatched_2,2.092633,25.740349,2309,0.6318839192390442
10X_P4_7_GGCGTGTAGTGAACGC,3-M-8,B cell,0,B cell,-1.0591809,1.9122742,2310,1.122097730636597
10X_P4_7_GGCGTGTGTAGCGATG,3-M-8,B cell,4,Unmatched_4,-2.6501606,8.771217,2311,0.7006981372833252
10X_P4_7_GGCGTGTGTCCCTTGT,3-M-8,B cell,0,B cell,-3.3675203,1.0057371,2312,0.4620237350463867
10X_P4_7_GGCGTGTTCTGCTTGC,3-M-8,B cell,1,Unmatched_1,-2.0237985,4.9680014,2313,0.8508901596069336
10X_P4_7_GGCTCGAAGCCACGCT,3-M-8,B cell,0,B cell,-0.3733133,0.5795579,2314,0.7114452123641968
10X_P4_7_GGCTCGACAGGCTGAA,3-M-8,T cell,2,Unmatched_2,4.831305,26.673956,2315,1.8081896305084229
10X_P4_7_GGCTCGACATGTAGTC,3-M-8,B cell,0,B cell,-1.1555634,-0.36540842,2316,0.6370120644569397
10X_P4_7_GGCTCGACATTACCTT,3-M-8,B cell,1,Unmatched_1,-1.8692112,6.1712074,2317,0.5114123225212097
10X_P4_7_GGCTCGAGTAGCTTGT,3-M-8,T cell,3,T cell,3.5352874,23.20834,2318,0.8480531573295593
10X_P4_7_GGCTCGATCAACACCA,3-M-8,macrophage,5,macrophage,11.878954,14.63124,2319,2.1565184593200684
10X_P4_7_GGCTCGATCAACACGT,3-M-8,T cell,2,Unmatched_2,4.3228536,26.540771,2320,0.922516107559204
10X_P4_7_GGCTCGATCCACTCCA,3-M-8,B cell,1,Unmatched_1,-2.4759982,6.6878643,2321,0.6950829029083252
10X_P4_7_GGCTCGATCCCATTAT,3-M-8,natural killer cell,6,natural killer cell,6.456223,25.44146,2322,2.8249170780181885
10X_P4_7_GGCTCGATCTGTCTAT,3-M-8,B cell,1,Unmatched_1,-1.4004556,4.9506483,2323,0.931303083896637
10X_P4_7_GGCTCGATCTTAGCCC,3-M-8,B cell,0,B cell,-4.0822988,-0.17350316,2324,1.7756710052490234
10X_P4_7_GGCTGGTAGATGCGAC,3-M-8,natural killer cell,6,natural killer cell,7.334235,26.030375,2325,1.664059042930603
10X_P4_7_GGCTGGTAGGTGGGTT,3-M-8,B cell,0,B cell,-3.511716,2.163061,2326,0.5258424878120422
10X_P4_7_GGCTGGTCACATCCGG,3-M-8,B cell,0,B cell,-0.77721334,2.4643877,2327,1.697759747505188
10X_P4_7_GGCTGGTGTTGTGGCC,3-M-8,B cell,1,Unmatched_1,-2.8697402,4.1250787,2328,0.9246115684509276
10X_P4_7_GGCTGGTTCAACACCA,3-M-8,B cell,4,Unmatched_4,9.088554,14.179293,2329,1.5748008489608765
10X_P4_7_GGCTGGTTCACCATAG,3-M-8,B cell,0,B cell,-3.1073241,3.9324682,2330,0.7838324904441833
10X_P4_7_GGCTGGTTCCATGAAC,3-M-8,T cell,2,Unmatched_2,3.9487512,26.44329,2331,0.8265907764434814
10X_P4_7_GGGAATGAGATCCGAG,3-M-8,B cell,1,Unmatched_1,-1.3926154,6.295753,2332,0.6867533326148987
10X_P4_7_GGGAATGAGCCACCTG,3-M-8,B cell,0,B cell,-3.601776,-0.2743786,2333,0.6824135780334473
10X_P4_7_GGGAATGAGGTGCTAG,3-M-8,B cell,0,B cell,-2.7235322,-1.018964,2334,1.2660428285598757
10X_P4_7_GGGAATGCAAGGTTTC,3-M-8,B cell,0,B cell,-3.1480756,0.771059,2335,0.4467641115188598
10X_P4_7_GGGAATGGTAGGCATG,3-M-8,B cell,0,B cell,-3.0549874,1.3998687,2336,0.4567507803440094
10X_P4_7_GGGAATGGTCTAAACC,3-M-8,B cell,1,Unmatched_1,-1.9353355,5.131907,2337,0.621594250202179
10X_P4_7_GGGAATGTCAGGCGAA,3-M-8,T cell,3,T cell,5.321895,24.941883,2338,1.603163480758667
10X_P4_7_GGGAATGTCTAGCACA,3-M-8,B cell,7,Unmatched_7,-5.6856475,1.1665745,2339,1.8949145078659055
10X_P4_7_GGGACCTCAAACCCAT,3-M-8,T cell,2,Unmatched_2,4.7886786,26.655628,2340,1.4326194524765017
10X_P4_7_GGGACCTTCATGCAAC,3-M-8,macrophage,5,macrophage,11.97727,14.645353,2341,2.833225011825561
10X_P4_7_GGGACCTTCTTGTTTG,3-M-8,B cell,0,B cell,-2.6261654,-0.41306487,2342,0.7476780414581299
10X_P4_7_GGGAGATAGGGATGGG,3-M-8,T cell,2,Unmatched_2,2.2186463,26.379951,2343,0.6464600563049316
10X_P4_7_GGGAGATAGTCCGGTC,3-M-8,B cell,0,B cell,-2.1389103,-0.0013929593,2344,1.3249611854553225
10X_P4_7_GGGAGATCAAGCCCAC,3-M-8,natural killer cell,6,natural killer cell,6.688437,25.564465,2345,2.506453037261963
10X_P4_7_GGGAGATCAGACGCAA,3-M-8,B cell,7,Unmatched_7,-5.61274,0.9756932,2346,1.4959567785263062
10X_P4_7_GGGAGATGTATCTGCA,3-M-8,B cell,1,Unmatched_1,-1.3423765,5.8062835,2347,0.4821996688842773
10X_P4_7_GGGAGATTCAGAGACG,3-M-8,B cell,4,Unmatched_4,-3.9655344,4.111824,2348,0.9707604050636292
10X_P4_7_GGGATGAAGATGGCGT,3-M-8,macrophage,5,macrophage,12.454891,14.722538,2349,2.0222384929656982
10X_P4_7_GGGATGAAGCGTCTAT,3-M-8,B cell,0,B cell,-1.54982,0.7753027,2350,0.4968352317810058
10X_P4_7_GGGATGAAGTGGACGT,3-M-8,B cell,0,B cell,-0.31401846,2.5874,2351,0.5634941458702087
10X_P4_7_GGGATGACAAAGGTGC,3-M-8,B cell,0,B cell,-0.72450906,2.455811,2352,0.4881769120693207
10X_P4_7_GGGATGACATTACGAC,3-M-8,B cell,4,Unmatched_4,-4.9445987,4.404812,2353,0.6899085640907288
10X_P4_7_GGGATGAGTGGTCCGT,3-M-8,T cell,9,Unmatched_9,7.059919,23.62941,2354,1.2687342166900637
10X_P4_7_GGGATGATCGACGGAA,3-M-8,B cell,1,Unmatched_1,-2.023196,6.167819,2355,0.708336353302002
10X_P4_7_GGGATGATCTTCATGT,3-M-8,B cell,1,Unmatched_1,-1.3103504,5.657939,2356,0.5907912254333496
10X_P4_7_GGGCACTAGATGTAAC,3-M-8,B cell,1,Unmatched_1,-1.6949009,4.3042874,2357,0.7569533586502075
10X_P4_7_GGGCACTCACATGGGA,3-M-8,macrophage,5,macrophage,4.6221824,13.940829,2358,1.9846917390823364
10X_P4_7_GGGCACTCAGGCTGAA,3-M-8,B cell,0,B cell,-1.7793697,1.9156567,2359,0.6493877172470093
10X_P4_7_GGGCACTCATGGTTGT,3-M-8,macrophage,5,macrophage,12.582153,14.820729,2360,2.0614805221557617
10X_P4_7_GGGCACTGTCTCAACA,3-M-8,B cell,0,B cell,-1.1769227,3.8812017,2361,0.720231831073761
10X_P4_7_GGGCACTGTGCAGTAG,3-M-8,B cell,0,B cell,-3.1164289,0.17038038,2362,1.1325913667678833
10X_P4_7_GGGCACTTCCAGAAGG,3-M-8,T cell,2,Unmatched_2,1.8902946,25.700005,2363,0.6228245496749878
10X_P4_7_GGGCATCAGATAGCAT,3-M-8,B cell,0,B cell,-0.07810747,-0.64426476,2364,0.5070624947547913
10X_P4_7_GGGCATCGTATGAATG,3-M-8,B cell,1,Unmatched_1,-1.1926557,6.2178626,2365,0.6697258353233337
10X_P4_7_GGGCATCGTCGAAAGC,3-M-8,macrophage,5,macrophage,11.080469,14.425769,2366,1.6142925024032593
10X_P4_7_GGGCATCTCCCTCTTT,3-M-8,B cell,0,B cell,-2.7110715,1.9251642,2367,0.4390597939491272
10X_P4_7_GGGCATCTCCCTTGCA,3-M-8,natural killer cell,6,natural killer cell,7.200249,25.935047,2368,1.9505771398544312
10X_P4_7_GGGCATCTCCGTTGTC,3-M-8,B cell,11,Unmatched_11,-3.7038143,7.7740903,2369,5.109276294708252
10X_P4_7_GGGTCTGCACTGAAGG,3-M-8,natural killer cell,6,natural killer cell,6.370994,25.399519,2370,2.296707391738892
10X_P4_7_GGGTCTGCAGGCTCAC,3-M-8,B cell,4,Unmatched_4,-4.291842,3.8927667,2371,1.0402895212173462
10X_P4_7_GGGTCTGGTAGTAGTA,3-M-8,B cell,1,Unmatched_1,-2.6299086,4.564719,2372,0.7269437313079834
10X_P4_7_GGGTCTGGTGACAAAT,3-M-8,macrophage,8,Unmatched_8,10.094423,12.297455,2373,2.792032241821289
10X_P4_7_GGGTCTGTCAGCGATT,3-M-8,B cell,0,B cell,0.0752356,0.34918708,2374,0.5634447932243347
10X_P4_7_GGGTTGCAGAATAGGG,3-M-8,B cell,0,B cell,-2.4247026,0.69480085,2375,0.4526039063930511
10X_P4_7_GGGTTGCAGCGATATA,3-M-8,T cell,2,Unmatched_2,3.5324347,25.27159,2376,0.8471629023551941
10X_P4_7_GGGTTGCAGTGGACGT,3-M-8,B cell,0,B cell,-1.391416,-0.7874757,2377,0.5777565240859985
10X_P4_7_GGGTTGCCATGGTCAT,3-M-8,B cell,0,B cell,-0.69783896,0.31449497,2378,0.4578090012073517
10X_P4_7_GGGTTGCGTCCTCCAT,3-M-8,B cell,7,Unmatched_7,-5.526326,0.8462775,2379,1.4257127046585083
10X_P4_7_GGGTTGCTCACTATTC,3-M-8,natural killer cell,6,natural killer cell,6.431518,25.42618,2380,2.568101644515991
10X_P4_7_GGGTTGCTCTCAAACG,3-M-8,B cell,0,B cell,-3.9152617,1.4703785,2381,1.0949715375900269
10X_P4_7_GGTATTGAGGACAGAA,3-M-8,B cell,7,Unmatched_7,-5.1743164,1.5463294,2382,1.2821805477142334
10X_P4_7_GGTATTGCATCAGTCA,3-M-8,natural killer cell,6,natural killer cell,7.370459,26.102968,2383,1.727372169494629
10X_P4_7_GGTATTGCATCCGGGT,3-M-8,B cell,0,B cell,0.34477133,0.22117533,2384,0.5731319189071655
10X_P4_7_GGTATTGGTTGGACCC,3-M-8,B cell,0,B cell,-1.9235616,-0.057691365,2385,0.5321611762046814
10X_P4_7_GGTATTGTCAACACTG,3-M-8,T cell,2,Unmatched_2,3.7626073,25.016302,2386,0.9959598183631896
10X_P4_7_GGTGAAGAGGGAACGG,3-M-8,T cell,2,Unmatched_2,2.8258755,26.23356,2387,0.8445477485656738
10X_P4_7_GGTGAAGAGTCCGGTC,3-M-8,T cell,3,T cell,3.4709747,22.808159,2388,0.8644325733184814
10X_P4_7_GGTGAAGGTACGCACC,3-M-8,T cell,2,Unmatched_2,4.680637,26.23693,2389,1.4590123891830444
10X_P4_7_GGTGAAGGTCCATCCT,3-M-8,T cell,9,Unmatched_9,6.939338,23.744705,2390,2.82959246635437
10X_P4_7_GGTGAAGGTGATGTGG,3-M-8,T cell,2,Unmatched_2,4.2765675,26.60195,2391,1.0201338529586792
10X_P4_7_GGTGAAGGTGTTTGTG,3-M-8,natural killer cell,6,natural killer cell,6.6522317,25.538141,2392,2.51820707321167
10X_P4_7_GGTGAAGTCAAACGGG,3-M-8,B cell,0,B cell,-3.2449815,-0.661201,2393,0.5730937123298645
10X_P4_7_GGTGAAGTCACTGGGC,3-M-8,T cell,3,T cell,2.8873208,23.241686,2394,0.6397840976715088
10X_P4_7_GGTGAAGTCTGCCCTA,3-M-8,B cell,1,Unmatched_1,-2.8825104,4.1530323,2395,1.7048189640045166
10X_P4_7_GGTGCGTAGGACTGGT,3-M-8,B cell,0,B cell,-1.8077312,3.8614087,2396,0.5767329335212708
10X_P4_7_GGTGCGTCAATCGAAA,3-M-8,B cell,0,B cell,-2.2741923,2.419727,2397,0.5297518372535706
10X_P4_7_GGTGCGTCAGTCGTGC,3-M-8,macrophage,5,macrophage,13.240699,15.263331,2398,2.347253799438477
10X_P4_7_GGTGCGTGTACTTAGC,3-M-8,B cell,0,B cell,-3.9495244,2.2954829,2399,0.5766993165016174
10X_P4_7_GGTGCGTGTAGAGTGC,3-M-8,B cell,1,Unmatched_1,-1.351728,5.885996,2400,0.9116170406341552
10X_P4_7_GGTGCGTTCCGTTGCT,3-M-8,B cell,0,B cell,-1.0961204,3.6940532,2401,1.3071649074554443
10X_P4_7_GGTGCGTTCTGCAAGT,3-M-8,B cell,0,B cell,-2.125242,0.34967104,2402,0.6482717394828796
10X_P4_7_GGTGCGTTCTTACCGC,3-M-8,T cell,3,T cell,4.013079,23.937683,2403,0.6800817251205444
10X_P4_7_GGTGTTAAGGCCCTTG,3-M-8,B cell,0,B cell,-0.96277535,1.8166869,2404,0.600505530834198
10X_P4_7_GGTGTTAAGTGGTCCC,3-M-8,B cell,0,B cell,-2.751667,1.5097606,2405,0.4824691712856293
10X_P4_7_GGTGTTACAGTCAGAG,3-M-8,B cell,0,B cell,-2.0320423,0.1359586,2406,0.4150901436805725
10X_P4_7_GGTGTTAGTACTTGAC,3-M-8,B cell,1,Unmatched_1,-1.4202636,5.264642,2407,0.5978681445121765
10X_P4_7_GGTGTTAGTGTGACCC,3-M-8,B cell,0,B cell,-0.81659615,-1.2567707,2408,0.5775447487831116
10X_P4_7_GGTGTTAGTTGTTTGG,3-M-8,B cell,0,B cell,-2.2203894,0.09118609,2409,0.8733682632446289
10X_P4_7_GTAACGTAGAACTGTA,3-M-8,B cell,0,B cell,-2.0770388,3.3283005,2410,0.6097021102905273
10X_P4_7_GTAACGTAGAGCCCAA,3-M-8,B cell,4,Unmatched_4,-5.027733,4.316192,2411,0.7358487844467163
10X_P4_7_GTAACGTAGCCTCGTG,3-M-8,B cell,0,B cell,-2.8203242,2.7931967,2412,0.978637397289276
10X_P4_7_GTAACGTAGGCTCTTA,3-M-8,B cell,0,B cell,-0.41884813,1.528936,2413,1.4968996047973633
10X_P4_7_GTAACGTAGTAGCGGT,3-M-8,B cell,4,Unmatched_4,-4.2295475,4.298193,2414,0.7168768644332886
10X_P4_7_GTAACGTCAGCCTTGG,3-M-8,T cell,2,Unmatched_2,2.6571093,26.237284,2415,0.8019538521766663
10X_P4_7_GTAACGTGTACAGCAG,3-M-8,T cell,2,Unmatched_2,2.429464,25.726816,2416,0.7077794671058655
10X_P4_7_GTAACGTGTCGGGTCT,3-M-8,B cell,0,B cell,-1.6322316,1.3794563,2417,0.7148154377937317
10X_P4_7_GTAACGTTCAACTCTT,3-M-8,macrophage,5,macrophage,4.5506315,13.866159,2418,2.0640649795532227
10X_P4_7_GTAACTGAGCTAGTTC,3-M-8,T cell,3,T cell,4.660949,24.466957,2419,1.1046836376190186
10X_P4_7_GTAACTGAGGGATACC,3-M-8,B cell,0,B cell,0.2537969,0.7547664,2420,0.693879246711731
10X_P4_7_GTAACTGCAAAGGAAG,3-M-8,B cell,0,B cell,-0.4411452,-0.6131525,2421,0.5776645541191101
10X_P4_7_GTAACTGCACCGTTGG,3-M-8,B cell,0,B cell,-1.9665605,1.1352899,2422,0.9876208901405334
10X_P4_7_GTAACTGCAGTCGATT,3-M-8,B cell,0,B cell,-1.6434053,1.425953,2423,0.7129194140434265
10X_P4_7_GTAACTGCATGCATGT,3-M-8,macrophage,5,macrophage,12.50564,14.807066,2424,2.252784490585327
10X_P4_7_GTAACTGCATTTGCCC,3-M-8,B cell,0,B cell,-0.4153146,-0.07095146,2425,0.8345839977264404
10X_P4_7_GTAACTGGTCGTGGCT,3-M-8,natural killer cell,6,natural killer cell,7.326637,26.068335,2426,1.7684710025787354
10X_P4_7_GTAACTGTCGTCACGG,3-M-8,T cell,3,T cell,3.2623196,22.764917,2427,0.7485613226890564
10X_P4_7_GTACGTAAGACGACGT,3-M-8,B cell,0,B cell,-3.8107321,2.595139,2428,0.9609100818634032
10X_P4_7_GTACGTAAGCCCAACC,3-M-8,T cell,3,T cell,3.5934474,23.2106,2429,0.5639777183532715
10X_P4_7_GTACGTAAGGGAACGG,3-M-8,B cell,4,Unmatched_4,9.222142,14.080711,2430,1.6043870449066162
10X_P4_7_GTACGTACACCACGTG,3-M-8,B cell,0,B cell,-4.3351026,1.347056,2431,1.4178783893585205
10X_P4_7_GTACGTAGTAGTAGTA,3-M-8,B cell,7,Unmatched_7,-5.0803647,1.3501704,2432,1.0901387929916382
10X_P4_7_GTACGTAGTCAAACTC,3-M-8,macrophage,5,macrophage,11.098473,14.423573,2433,1.9819504022598269
10X_P4_7_GTACGTAGTGCACTTA,3-M-8,T cell,3,T cell,3.9615247,23.65851,2434,0.7303796410560608
10X_P4_7_GTACGTATCTCGCATC,3-M-8,B cell,0,B cell,-3.2268183,0.9194081,2435,0.42188560962677
10X_P4_7_GTACGTATCTTGCCGT,3-M-8,B cell,7,Unmatched_7,-5.562958,1.3304315,2436,1.3500345945358276
10X_P4_7_GTACTCCAGATCCCAT,3-M-8,B cell,1,Unmatched_1,-1.2152088,6.10884,2437,0.4774584770202636
10X_P4_7_GTACTCCAGGCACATG,3-M-8,B cell,0,B cell,-0.37254983,-0.07753273,2438,0.6897257566452026
10X_P4_7_GTACTCCCATACGCTA,3-M-8,B cell,0,B cell,-3.740122,2.2879121,2439,0.704355001449585
10X_P4_7_GTACTCCGTAAGTGTA,3-M-8,B cell,0,B cell,-0.7737905,2.7866678,2440,0.8192095160484314
10X_P4_7_GTACTCCGTAATTGGA,3-M-8,B cell,4,Unmatched_4,-5.093828,2.7837973,2441,1.029977321624756
10X_P4_7_GTACTCCGTATCGCAT,3-M-8,B cell,0,B cell,-2.8731399,-0.06575536,2442,0.5134071707725525
10X_P4_7_GTACTCCGTTGGGACA,3-M-8,B cell,0,B cell,-2.3580813,1.3234916,2443,0.5013803243637085
10X_P4_7_GTACTCCTCAGGCGAA,3-M-8,B cell,0,B cell,-2.5864856,1.6155025,2444,0.5220754742622375
10X_P4_7_GTACTCCTCGCCTGTT,3-M-8,B cell,11,Unmatched_11,-3.7063818,7.7691855,2445,5.109276294708252
10X_P4_7_GTACTTTAGCGCCTCA,3-M-8,B cell,0,B cell,-0.07690946,1.4320601,2446,0.6092365980148315
10X_P4_7_GTACTTTCACCGAATT,3-M-8,B cell,4,Unmatched_4,-3.9060886,3.2189736,2447,0.979404866695404
10X_P4_7_GTACTTTCATGGTAGG,3-M-8,B cell,1,Unmatched_1,-2.1022246,5.264525,2448,0.8750889301300049
10X_P4_7_GTACTTTGTAAGAGGA,3-M-8,B cell,0,B cell,-2.334162,0.79198354,2449,0.458113819360733
10X_P4_7_GTACTTTGTCACTTCC,3-M-8,B cell,0,B cell,-4.0305166,1.7161714,2450,0.7900692224502563
10X_P4_7_GTACTTTGTGCACTTA,3-M-8,B cell,0,B cell,-2.58909,2.1433194,2451,0.5495473146438599
10X_P4_7_GTACTTTGTTGCCTCT,3-M-8,B cell,0,B cell,-1.3166058,-0.07151916,2452,0.6977906823158264
10X_P4_7_GTACTTTGTTGTGGAG,3-M-8,B cell,0,B cell,-1.4851693,3.0871089,2453,0.7796177864074707
10X_P4_7_GTACTTTTCATAACCG,3-M-8,T cell,3,T cell,3.3651488,23.854523,2454,0.6188209652900696
10X_P4_7_GTAGGCCAGAAGGACA,3-M-8,B cell,7,Unmatched_7,-5.5557857,1.246,2455,1.1565285921096802
10X_P4_7_GTAGGCCAGCGATGAC,3-M-8,B cell,0,B cell,-1.7085282,2.098644,2456,1.4821370840072632
10X_P4_7_GTAGGCCAGGGTTCCC,3-M-8,B cell,0,B cell,-2.269827,3.4698906,2457,0.8398067951202393
10X_P4_7_GTAGGCCCAAAGCAAT,3-M-8,T cell,2,Unmatched_2,1.7372701,25.60094,2458,0.710950493812561
10X_P4_7_GTAGGCCCAATTGCTG,3-M-8,B cell,0,B cell,-0.84210193,-1.3203859,2459,0.6581928133964539
10X_P4_7_GTAGGCCCAGATCTGT,3-M-8,B cell,7,Unmatched_7,-5.581957,0.8859595,2460,1.528713941574097
10X_P4_7_GTAGGCCGTGTCTGAT,3-M-8,B cell,0,B cell,-1.4604862,-0.48746893,2461,0.5608705282211304
10X_P4_7_GTAGGCCGTTCGTTGA,3-M-8,natural killer cell,6,natural killer cell,6.780441,25.653904,2462,2.126208782196045
10X_P4_7_GTAGGCCGTTGATTGC,3-M-8,T cell,2,Unmatched_2,4.3966293,25.740086,2463,1.553521990776062
10X_P4_7_GTAGGCCTCGCAAACT,3-M-8,B cell,1,Unmatched_1,-1.3939947,5.614592,2464,0.5570510029792786
10X_P4_7_GTAGTCAGTAACGACG,3-M-8,B cell,0,B cell,-2.9739568,1.5374516,2465,0.6999949812889099
10X_P4_7_GTAGTCAGTCCGTCAG,3-M-8,B cell,0,B cell,-1.2657048,-1.3949761,2466,0.5582964420318604
10X_P4_7_GTAGTCAGTGAGGCTA,3-M-8,B cell,0,B cell,-2.2091596,2.5432646,2467,0.8703258037567139
10X_P4_7_GTAGTCAGTGTGACCC,3-M-8,T cell,3,T cell,3.7506192,23.048107,2468,0.6217691898345947
10X_P4_7_GTAGTCATCATGTCCC,3-M-8,B cell,0,B cell,-2.4815857,0.8986305,2469,0.4642577767372131
10X_P4_7_GTAGTCATCCAAACAC,3-M-8,B cell,4,Unmatched_4,-2.5334427,8.826527,2470,1.0630459785461426
10X_P4_7_GTAGTCATCCCGGATG,3-M-8,B cell,0,B cell,-1.1353327,1.773461,2471,0.6422030329704285
10X_P4_7_GTAGTCATCCTTGACC,3-M-8,B cell,0,B cell,-1.6935896,1.5106672,2472,0.6510596871376038
10X_P4_7_GTATCTTAGCGTGTCC,3-M-8,B cell,0,B cell,-3.2383518,-0.6976537,2473,1.058168888092041
10X_P4_7_GTATCTTAGTGGTCCC,3-M-8,B cell,0,B cell,-4.2077255,2.0700061,2474,1.196407914161682
10X_P4_7_GTATCTTAGTTTAGGA,3-M-8,macrophage,8,Unmatched_8,10.040921,12.358621,2475,3.31620717048645
10X_P4_7_GTATCTTCACCTCGTT,3-M-8,T cell,3,T cell,3.8563807,23.504175,2476,0.6108533143997192
10X_P4_7_GTATCTTCATGGATGG,3-M-8,B cell,0,B cell,-3.0911312,-0.002080435,2477,0.6603582501411438
10X_P4_7_GTATCTTGTTAGGGTG,3-M-8,B cell,0,B cell,0.27190137,0.28733063,2478,0.8836466073989868
10X_P4_7_GTATCTTTCGCGGATC,3-M-8,B cell,1,Unmatched_1,-2.136689,6.233323,2479,0.5963499546051025
10X_P4_7_GTATCTTTCGTAGATC,3-M-8,B cell,0,B cell,-0.8453427,0.95562834,2480,0.5308107733726501
10X_P4_7_GTATCTTTCTGGCGAC,3-M-8,B cell,0,B cell,-0.7939099,0.73911625,2481,0.583350419998169
10X_P4_7_GTATTCTAGAAGGCCT,3-M-8,B cell,4,Unmatched_4,-4.1734576,4.27297,2482,0.9860353469848632
10X_P4_7_GTATTCTAGCGTCAAG,3-M-8,B cell,0,B cell,-3.5765076,2.6916223,2483,1.1567952632904053
10X_P4_7_GTATTCTCAATAACGA,3-M-8,B cell,1,Unmatched_1,0.75874513,22.942106,2484,1.3718266487121582
10X_P4_7_GTATTCTCACCAGGCT,3-M-8,B cell,0,B cell,-1.3245721,1.9232072,2485,0.9895581007003784
10X_P4_7_GTATTCTGTCCTCCAT,3-M-8,B cell,0,B cell,-0.31230098,-0.56808,2486,0.6746123433113098
10X_P4_7_GTATTCTGTCTCTTTA,3-M-8,B cell,1,Unmatched_1,-2.05756,5.4753685,2487,0.6211978793144226
10X_P4_7_GTATTCTTCTATCCCG,3-M-8,B cell,0,B cell,-2.0004208,1.4516965,2488,0.3885461986064911
10X_P4_7_GTATTCTTCTATCCTA,3-M-8,B cell,0,B cell,-3.5231802,1.2444311,2489,0.5310397148132324
10X_P4_7_GTCAAGTAGATGCCAG,3-M-8,T cell,2,Unmatched_2,3.626508,26.041193,2490,0.5927919149398804
10X_P4_7_GTCAAGTAGCTGCGAA,3-M-8,B cell,0,B cell,-4.03426,0.95245695,2491,0.800102710723877
10X_P4_7_GTCAAGTAGGCCGAAT,3-M-8,B cell,1,Unmatched_1,-1.5738896,4.6497464,2492,0.6203545928001404
10X_P4_7_GTCAAGTAGGTACTCT,3-M-8,T cell,2,Unmatched_2,2.0854387,26.335846,2493,0.9285672307014464
10X_P4_7_GTCAAGTAGGTGTGGT,3-M-8,B cell,4,Unmatched_4,-4.9635053,4.201894,2494,1.1382611989974976
10X_P4_7_GTCAAGTCAAAGGTGC,3-M-8,T cell,2,Unmatched_2,2.2113545,26.275953,2495,0.5622416138648987
10X_P4_7_GTCAAGTGTACAGTTC,3-M-8,B cell,4,Unmatched_4,-5.0745792,3.2117302,2496,1.0837342739105225
10X_P4_7_GTCAAGTGTAGTAGTA,3-M-8,B cell,0,B cell,-2.7823248,1.0177829,2497,0.4099827706813812
10X_P4_7_GTCAAGTTCCAGTATG,3-M-8,B cell,0,B cell,-0.717371,1.8029517,2498,0.6657506227493286
10X_P4_7_GTCACAAAGAAACCTA,3-M-8,B cell,7,Unmatched_7,-5.4623704,0.7902881,2499,1.465564846992493
10X_P4_7_GTCACAAAGATCCGAG,3-M-8,B cell,0,B cell,0.0038842338,1.8996572,2500,0.5767711997032166
10X_P4_7_GTCACAACAATAGCGG,3-M-8,macrophage,5,macrophage,11.928443,14.645843,2501,2.398126602172852
10X_P4_7_GTCACAACAGGTGGAT,3-M-8,T cell,2,Unmatched_2,2.5649254,25.37695,2502,0.827980101108551
10X_P4_7_GTCACAAGTAGCCTAT,3-M-8,B cell,0,B cell,-0.6631873,-0.8724015,2503,0.8538711071014404
10X_P4_7_GTCACAATCGCCCTTA,3-M-8,B cell,0,B cell,-1.1274145,3.8237278,2504,0.8263726830482483
10X_P4_7_GTCACGGAGATCCCGC,3-M-8,B cell,4,Unmatched_4,-2.4647276,8.840556,2505,0.574569582939148
10X_P4_7_GTCACGGAGTGCAAGC,3-M-8,B cell,4,Unmatched_4,-2.6130178,8.776721,2506,0.8640416264533997
10X_P4_7_GTCACGGCAAGCGATG,3-M-8,B cell,0,B cell,-2.5403385,3.4803982,2507,0.7239286303520203
10X_P4_7_GTCACGGGTGCATCTA,3-M-8,B cell,0,B cell,-0.35344115,0.51959515,2508,0.7036954760551453
10X_P4_7_GTCACGGTCCCTAATT,3-M-8,B cell,0,B cell,-2.0897737,0.72464126,2509,0.4887992143630981
10X_P4_7_GTCACGGTCCCTTGTG,3-M-8,B cell,0,B cell,-2.506058,1.2179573,2510,0.3903445899486542
10X_P4_7_GTCACGGTCTCAAGTG,3-M-8,macrophage,5,macrophage,12.528751,14.774821,2511,1.7675673961639404
10X_P4_7_GTCATTTCAAAGGAAG,3-M-8,B cell,0,B cell,-2.3516726,3.2475266,2512,0.9867016673088074
10X_P4_7_GTCATTTCACAAGCCC,3-M-8,B cell,0,B cell,-5.013077,0.55896026,2513,1.1333553791046145
10X_P4_7_GTCATTTGTCAGTGGA,3-M-8,B cell,4,Unmatched_4,9.175198,14.104474,2514,1.853298544883728
10X_P4_7_GTCATTTTCAGTTAGC,3-M-8,B cell,0,B cell,-3.2365582,3.1587043,2515,0.9720707535743712
10X_P4_7_GTCATTTTCCTATGTT,3-M-8,B cell,0,B cell,-0.7517202,-0.22060817,2516,0.6500325798988342
10X_P4_7_GTCATTTTCGAGAACG,3-M-8,T cell,9,Unmatched_9,7.037375,23.652216,2517,1.7400621175765991
10X_P4_7_GTCATTTTCTGCTGTC,3-M-8,B cell,0,B cell,-0.9399477,2.5222254,2518,0.9950933456420898
10X_P4_7_GTCCTCACATAGAAAC,3-M-8,B cell,7,Unmatched_7,-4.8659806,1.363708,2519,1.1665059328079224
10X_P4_7_GTCCTCAGTTCAGCGC,3-M-8,macrophage,5,macrophage,12.543739,14.789622,2520,2.002650499343872
10X_P4_7_GTCCTCATCAGAGACG,3-M-8,B cell,0,B cell,-0.74977815,-0.37676725,2521,0.89678955078125
10X_P4_7_GTCGGGTAGCACGCCT,3-M-8,B cell,0,B cell,-1.5535384,1.2966825,2522,0.7152115106582642
10X_P4_7_GTCGGGTCAGTCCTTC,3-M-8,B cell,4,Unmatched_4,-4.9642277,4.3490357,2523,0.7917476892471313
10X_P4_7_GTCGGGTGTAATAGCA,3-M-8,B cell,6,natural killer cell,0.64218134,2.8151252,2524,0.4626699984073639
10X_P4_7_GTCGGGTGTCAATACC,3-M-8,B cell,4,Unmatched_4,8.80808,14.281136,2525,1.5031535625457764
10X_P4_7_GTCGGGTTCAAGGCTT,3-M-8,B cell,0,B cell,-3.7583702,-0.25026616,2526,0.6214268803596497
10X_P4_7_GTCGGGTTCACATACG,3-M-8,T cell,2,Unmatched_2,3.7217684,24.975029,2527,0.8117005825042725
10X_P4_7_GTCGGGTTCACCTTAT,3-M-8,B cell,1,Unmatched_1,-3.9102855,6.2573314,2528,1.002475380897522
10X_P4_7_GTCGGGTTCAGTGTTG,3-M-8,B cell,0,B cell,-1.1863399,0.7088579,2529,0.61710524559021
10X_P4_7_GTCGGGTTCCACGCAG,3-M-8,B cell,0,B cell,-1.6627455,1.9713672,2530,0.6250270009040833
10X_P4_7_GTCGGGTTCTTATCTG,3-M-8,B cell,0,B cell,0.06431268,1.8254436,2531,0.4867503046989441
10X_P4_7_GTCGGGTTCTTGACGA,3-M-8,macrophage,5,macrophage,4.564138,13.879254,2532,2.8559908866882324
10X_P4_7_GTCGTAACACGACTCG,3-M-8,T cell,3,T cell,4.7014327,24.552305,2533,0.9551376104354858
10X_P4_7_GTCGTAACAGTCTTCC,3-M-8,B cell,0,B cell,-1.750611,1.024308,2534,0.942613124847412
10X_P4_7_GTCGTAACATAGTAAG,3-M-8,B cell,4,Unmatched_4,-3.999935,4.2365775,2535,0.8535804152488708
10X_P4_7_GTCGTAAGTTTGACAC,3-M-8,B cell,0,B cell,-0.99256897,-1.184964,2536,0.5048756003379822
10X_P4_7_GTCGTAATCAATCTCT,3-M-8,B cell,0,B cell,-0.882136,-0.084878474,2537,0.7651028037071228
10X_P4_7_GTCTCGTAGACAAAGG,3-M-8,B cell,0,B cell,-1.0443033,2.2536848,2538,1.0681180953979492
10X_P4_7_GTCTCGTAGCAGGTCA,3-M-8,T cell,2,Unmatched_2,2.3012993,26.234325,2539,0.5406951904296875
10X_P4_7_GTCTCGTCAAGTTAAG,3-M-8,B cell,4,Unmatched_4,-5.032065,3.160933,2540,0.9075894951820374
10X_P4_7_GTCTCGTCAGGTGCCT,3-M-8,B cell,0,B cell,-1.9071084,0.17131993,2541,0.5989535450935364
10X_P4_7_GTCTCGTGTTGAGTTC,3-M-8,B cell,0,B cell,-2.2232919,0.3794766,2542,0.4320420026779175
10X_P4_7_GTCTCGTGTTTGACAC,3-M-8,macrophage,5,macrophage,11.912983,14.634884,2543,2.8559908866882324
10X_P4_7_GTCTCGTTCAACACGT,3-M-8,B cell,0,B cell,0.09754448,1.949787,2544,1.456040382385254
10X_P4_7_GTCTCGTTCAACCAAC,3-M-8,B cell,4,Unmatched_4,-4.289185,4.2115974,2545,1.0714555978775024
10X_P4_7_GTCTTCGAGCACAGGT,3-M-8,B cell,0,B cell,-3.5333538,0.9415197,2546,0.7152659296989441
10X_P4_7_GTCTTCGAGGGAAACA,3-M-8,B cell,7,Unmatched_7,-5.5685177,1.2209381,2547,1.000762701034546
10X_P4_7_GTCTTCGTCTTTACGT,3-M-8,T cell,2,Unmatched_2,2.649444,26.119246,2548,0.6241118907928467
10X_P4_7_GTGAAGGAGAGAGCTC,3-M-8,B cell,0,B cell,-0.960097,2.7952893,2549,0.714622974395752
10X_P4_7_GTGAAGGAGTCATCCA,3-M-8,B cell,7,Unmatched_7,-5.424189,1.4059565,2550,1.1127079725265503
10X_P4_7_GTGAAGGTCATATCGG,3-M-8,T cell,3,T cell,3.7509253,23.37054,2551,0.5913897752761841
10X_P4_7_GTGAAGGTCCTCTAGC,3-M-8,macrophage,8,Unmatched_8,10.425502,12.077443,2552,2.5345447063446045
10X_P4_7_GTGAAGGTCGTACCGG,3-M-8,B cell,0,B cell,-1.2719415,3.1002197,2553,0.9696503281593324
10X_P4_7_GTGCAGCAGGGCTTGA,3-M-8,B cell,4,Unmatched_4,-4.0422297,3.85427,2554,1.300886869430542
10X_P4_7_GTGCAGCCAAGGTGTG,3-M-8,B cell,0,B cell,-0.7409947,0.8804457,2555,0.5738931894302368
10X_P4_7_GTGCAGCGTACGACCC,3-M-8,B cell,1,Unmatched_1,-3.8358788,6.061301,2556,0.7182252407073975
10X_P4_7_GTGCAGCGTCCGAGTC,3-M-8,B cell,0,B cell,-4.7068167,0.251477,2557,1.1621791124343872
10X_P4_7_GTGCAGCGTGGTAACG,3-M-8,T cell,3,T cell,2.7825153,23.087185,2558,0.6395719051361084
10X_P4_7_GTGCAGCTCCCTAACC,3-M-8,T cell,2,Unmatched_2,2.740891,25.759571,2559,0.5536213517189026
10X_P4_7_GTGCATAAGAAGGACA,3-M-8,B cell,1,Unmatched_1,-1.3993561,5.657394,2560,0.6364750862121582
10X_P4_7_GTGCATAAGGTGCTTT,3-M-8,B cell,1,Unmatched_1,-3.054899,4.2496214,2561,1.111905813217163
10X_P4_7_GTGCATAAGTGGTAAT,3-M-8,B cell,0,B cell,-2.0722222,2.6860888,2562,0.8030871748924255
10X_P4_7_GTGCATACATCATCCC,3-M-8,B cell,0,B cell,-1.5944885,0.33305186,2563,0.5534062385559082
10X_P4_7_GTGCATAGTCAGGACA,3-M-8,T cell,3,T cell,5.253871,24.907124,2564,1.4325001239776611
10X_P4_7_GTGCATAGTGGGTCAA,3-M-8,B cell,1,Unmatched_1,-1.9626606,4.291748,2565,0.669854462146759
10X_P4_7_GTGCATATCATAAAGG,3-M-8,B cell,0,B cell,-3.414864,-0.66298896,2566,0.6920149922370911
10X_P4_7_GTGCATATCGTTACGA,3-M-8,B cell,0,B cell,-2.9802647,1.4306444,2567,0.4627290368080139
10X_P4_7_GTGCGGTAGGAATCGC,3-M-8,B cell,0,B cell,-3.2809958,0.6968926,2568,0.3954043984413147
10X_P4_7_GTGCGGTAGGTAGCCA,3-M-8,B cell,0,B cell,-0.6578541,0.7665262,2569,0.5750012397766113
10X_P4_7_GTGCGGTCAGCTCGAC,3-M-8,B cell,0,B cell,0.029430803,0.820326,2570,0.8635353446006775
10X_P4_7_GTGCGGTCATATACCG,3-M-8,T cell,2,Unmatched_2,2.8936455,25.60554,2571,0.8604147434234619
10X_P4_7_GTGCGGTGTACTTAGC,3-M-8,B cell,7,Unmatched_7,-5.501565,1.3498479,2572,1.3269082307815552
10X_P4_7_GTGCGGTTCTGCTGTC,3-M-8,macrophage,5,macrophage,12.552114,14.7944565,2573,1.778941988945007
10X_P4_7_GTGCTTCAGGAATCGC,3-M-8,T cell,3,T cell,3.6574993,23.085737,2574,0.6708092093467712
10X_P4_7_GTGCTTCAGGTAGCTG,3-M-8,macrophage,5,macrophage,13.425152,15.399628,2575,2.631270408630371
10X_P4_7_GTGCTTCCAATCGGTT,3-M-8,macrophage,5,macrophage,13.337149,15.32886,2576,2.485585451126098
10X_P4_7_GTGCTTCCACAGACTT,3-M-8,T cell,3,T cell,5.133505,24.789644,2577,1.015980243682861
10X_P4_7_GTGCTTCCAGTCGATT,3-M-8,macrophage,13,Unmatched_13,13.078944,13.599491,2578,2.8559908866882324
10X_P4_7_GTGCTTCGTCCAACTA,3-M-8,B cell,4,Unmatched_4,-5.0085588,4.2014017,2579,0.8093036413192749
10X_P4_7_GTGCTTCGTCTAGTCA,3-M-8,T cell,3,T cell,2.5246108,23.163805,2580,0.6619543433189392
10X_P4_7_GTGCTTCTCGTTTAGG,3-M-8,B cell,1,Unmatched_1,-2.1359363,6.194038,2581,0.6023339033126831
10X_P4_7_GTGCTTCTCTGGGCCA,3-M-8,B cell,0,B cell,-3.246452,2.9249127,2582,0.6546902060508728
10X_P4_7_GTGGGTCAGATGTGGC,3-M-8,B cell,11,Unmatched_11,-3.628775,7.662272,2583,5.109276294708252
10X_P4_7_GTGGGTCAGCGTAGTG,3-M-8,macrophage,5,macrophage,11.114258,14.437421,2584,1.523585319519043
10X_P4_7_GTGGGTCAGCTCCTCT,3-M-8,B cell,0,B cell,-1.1250949,-0.36642465,2585,0.773888111114502
10X_P4_7_GTGGGTCAGTATGACA,3-M-8,B cell,0,B cell,-0.27792853,1.0432583,2586,0.6460670828819275
10X_P4_7_GTGGGTCCACAGGTTT,3-M-8,B cell,4,Unmatched_4,-2.5876834,8.754578,2587,1.0399484634399414
10X_P4_7_GTGGGTCTCCGTCAAA,3-M-8,B cell,7,Unmatched_7,-5.556598,0.9391601,2588,1.194422483444214
10X_P4_7_GTGGGTCTCGGAGCAA,3-M-8,B cell,4,Unmatched_4,-3.9357896,4.3413815,2589,0.7746604084968567
10X_P4_7_GTGGGTCTCGGTCCGA,3-M-8,B cell,4,Unmatched_4,-5.052481,4.2640996,2590,1.1435741186141968
10X_P4_7_GTGTGCGAGCAATCTC,3-M-8,B cell,0,B cell,-1.9886115,-1.1711227,2591,0.6130909323692322
10X_P4_7_GTGTGCGCAAACCTAC,3-M-8,T cell,2,Unmatched_2,4.4500585,25.827263,2592,1.5889941453933716
10X_P4_7_GTGTGCGCACCCTATC,3-M-8,B cell,4,Unmatched_4,-5.013326,4.270382,2593,1.2182378768920898
10X_P4_7_GTGTGCGCAGCGTCCA,3-M-8,B cell,0,B cell,-2.6919796,-0.27448407,2594,0.8355906009674072
10X_P4_7_GTGTGCGCATATACCG,3-M-8,T cell,3,T cell,2.7991803,23.046747,2595,0.7361969947814941
10X_P4_7_GTGTGCGGTGCGATAG,3-M-8,B cell,0,B cell,-3.159444,3.5194447,2596,0.7520373463630676
10X_P4_7_GTGTTAGAGACAATAC,3-M-8,B cell,1,Unmatched_1,-2.3016648,5.49684,2597,0.7821559906005859
10X_P4_7_GTGTTAGAGATCCGAG,3-M-8,B cell,0,B cell,-2.5137243,0.5292447,2598,0.6207294464111328
10X_P4_7_GTGTTAGAGGTGCTAG,3-M-8,T cell,2,Unmatched_2,2.8964057,25.9054,2599,0.5993298888206482
10X_P4_7_GTGTTAGCAGGACGTA,3-M-8,B cell,0,B cell,-0.63457936,2.4168391,2600,0.8548609018325806
10X_P4_7_GTGTTAGCAGTGGAGT,3-M-8,B cell,0,B cell,-1.1884931,-1.1380891,2601,0.9641980528831482
10X_P4_7_GTGTTAGCATAGAAAC,3-M-8,T cell,3,T cell,2.5994797,23.261301,2602,0.6012896299362183
10X_P4_7_GTGTTAGGTACCGAGA,3-M-8,macrophage,5,macrophage,13.402923,15.384522,2603,1.886922836303711
10X_P4_7_GTGTTAGGTCGCATCG,3-M-8,B cell,1,Unmatched_1,-1.5954064,5.388522,2604,0.8416836857795715
10X_P4_7_GTGTTAGTCACCTCGT,3-M-8,B cell,0,B cell,-1.517826,1.9968247,2605,0.580191969871521
10X_P4_7_GTGTTAGTCCGTTGTC,3-M-8,B cell,0,B cell,-0.8944948,-0.9345316,2606,0.6686160564422607
10X_P4_7_GTGTTAGTCGAACTGT,3-M-8,B cell,0,B cell,-2.0818117,0.04441389,2607,0.456946849822998
10X_P4_7_GTTAAGCAGGATGTAT,3-M-8,B cell,0,B cell,-0.66621685,0.1929782,2608,0.7173291444778442
10X_P4_7_GTTAAGCAGGGTATCG,3-M-8,T cell,2,Unmatched_2,4.469112,25.781193,2609,1.8086516857147217
10X_P4_7_GTTAAGCCACCAGGTC,3-M-8,B cell,11,Unmatched_11,-3.6839764,7.7455134,2610,5.109276294708252
10X_P4_7_GTTAAGCGTCGTCTTC,3-M-8,B cell,0,B cell,-3.321784,-0.55221355,2611,0.5680593252182007
10X_P4_7_GTTAAGCGTTAAAGAC,3-M-8,B cell,1,Unmatched_1,-2.3432846,6.042945,2612,0.768482506275177
10X_P4_7_GTTAAGCGTTCCACGG,3-M-8,B cell,1,Unmatched_1,-1.3586409,5.336474,2613,0.6664474010467529
10X_P4_7_GTTAAGCTCCACGTGG,3-M-8,B cell,7,Unmatched_7,-4.6641765,1.3240942,2614,0.7825790047645569
10X_P4_7_GTTACAGAGCGAAGGG,3-M-8,B cell,0,B cell,0.228497,-0.37485024,2615,0.45866659283638
10X_P4_7_GTTACAGAGCGTTTAC,3-M-8,T cell,3,T cell,4.4127307,24.265331,2616,0.9702173471450806
10X_P4_7_GTTACAGCAAGGTTCT,3-M-8,B cell,4,Unmatched_4,8.975605,14.237817,2617,1.9446302652359009
10X_P4_7_GTTACAGCACTCTGTC,3-M-8,B cell,0,B cell,-0.47307408,-0.75649714,2618,0.74032062292099
10X_P4_7_GTTACAGCAGCTTCGG,3-M-8,B cell,0,B cell,0.18544899,2.4828215,2619,0.4987249374389648
10X_P4_7_GTTACAGTCCCACTTG,3-M-8,T cell,3,T cell,3.704737,22.965242,2620,0.6749776005744934
10X_P4_7_GTTACAGTCCTACAGA,3-M-8,B cell,0,B cell,-5.0473156,0.69439524,2621,1.6110446453094482
10X_P4_7_GTTACAGTCGACCAGC,3-M-8,T cell,2,Unmatched_2,2.3289263,25.709957,2622,0.5545539259910583
10X_P4_7_GTTCATTAGAGTCTGG,3-M-8,T cell,3,T cell,3.1274831,22.930294,2623,0.5833593606948853
10X_P4_7_GTTCATTAGCAATCTC,3-M-8,T cell,2,Unmatched_2,4.3249454,26.40819,2624,1.357297658920288
10X_P4_7_GTTCATTAGCGCCTCA,3-M-8,B cell,0,B cell,-0.78941154,1.6251781,2625,0.7904710173606873
10X_P4_7_GTTCATTAGCTCCTTC,3-M-8,B cell,0,B cell,-0.6442922,-0.8266068,2626,0.7716200947761536
10X_P4_7_GTTCATTAGTACGACG,3-M-8,B cell,0,B cell,-2.0050209,0.8478619,2627,0.6959568858146667
10X_P4_7_GTTCATTGTCATGCAT,3-M-8,T cell,2,Unmatched_2,2.502458,26.4412,2628,0.9230725169181824
10X_P4_7_GTTCATTGTGCACCAC,3-M-8,B cell,0,B cell,-3.8469105,2.4355354,2629,0.8542984127998352
10X_P4_7_GTTCATTTCGAGCCCA,3-M-8,B cell,0,B cell,-2.281633,-0.8531555,2630,0.7399378418922424
10X_P4_7_GTTCGGGAGCGTGAAC,3-M-8,B cell,4,Unmatched_4,-2.584213,8.843512,2631,0.7927725911140442
10X_P4_7_GTTCGGGAGGTGATTA,3-M-8,B cell,0,B cell,0.14934109,0.79541004,2632,0.594544529914856
10X_P4_7_GTTCGGGAGTCCGTAT,3-M-8,B cell,0,B cell,-1.659686,3.4891946,2633,0.6460292935371399
10X_P4_7_GTTCGGGCAAGAAGAG,3-M-8,T cell,3,T cell,3.5995102,22.931889,2634,0.6433456540107727
10X_P4_7_GTTCGGGCAGTACACT,3-M-8,B cell,1,Unmatched_1,-3.8710287,6.208906,2635,1.0457764863967896
10X_P4_7_GTTCGGGCATGCATGT,3-M-8,T cell,3,T cell,5.1570106,24.797607,2636,1.1808090209960938
10X_P4_7_GTTCGGGTCAATCTCT,3-M-8,B cell,0,B cell,-0.9874469,2.5817745,2637,0.9353913068771362
10X_P4_7_GTTCGGGTCACCAGGC,3-M-8,B cell,1,Unmatched_1,-3.7705224,4.5956063,2638,0.7236539125442505
10X_P4_7_GTTCGGGTCAGCTTAG,3-M-8,B cell,0,B cell,-3.462328,-0.2102014,2639,1.011235594749451
10X_P4_7_GTTCGGGTCGGAGCAA,3-M-8,B cell,0,B cell,-0.84806496,2.2778914,2640,0.9162434339523317
10X_P4_7_GTTCTCGAGCCGTCGT,3-M-8,B cell,0,B cell,-0.32330775,2.3866227,2641,0.663759708404541
10X_P4_7_GTTCTCGAGGATATAC,3-M-8,B cell,1,Unmatched_1,-2.7321088,4.445884,2642,0.9131405353546144
10X_P4_7_GTTCTCGAGTGAAGAG,3-M-8,B cell,4,Unmatched_4,-2.5862849,8.717688,2643,0.7193773984909058
10X_P4_7_GTTCTCGTCACTTATC,3-M-8,B cell,4,Unmatched_4,-5.1063104,4.2462044,2644,0.4832911193370819
10X_P4_7_GTTCTCGTCAGGATCT,3-M-8,T cell,9,Unmatched_9,5.0686088,25.554016,2645,2.536139249801636
10X_P4_7_GTTCTCGTCCAAATGC,3-M-8,macrophage,5,macrophage,12.5161,14.755873,2646,1.898669719696045
10X_P4_7_GTTCTCGTCCCTCTTT,3-M-8,B cell,4,Unmatched_4,8.872996,14.290991,2647,1.45320463180542
10X_P4_7_GTTCTCGTCTGCTGCT,3-M-8,macrophage,6,natural killer cell,0.7735877,2.928103,2648,2.253464698791504
10X_P4_7_GTTCTCGTCTTAACCT,3-M-8,T cell,2,Unmatched_2,4.462219,25.758884,2649,1.382614254951477
10X_P4_7_GTTTCTAAGGACTGGT,3-M-8,macrophage,11,Unmatched_11,-3.6748147,7.7295794,2650,5.109276294708252
10X_P4_7_GTTTCTAAGGTCGGAT,3-M-8,macrophage,5,macrophage,11.243617,14.498251,2651,2.606382369995117
10X_P4_7_GTTTCTACAATCGAAA,3-M-8,B cell,0,B cell,-0.85388935,-0.23564228,2652,0.7099160552024841
10X_P4_7_GTTTCTAGTGCAACGA,3-M-8,natural killer cell,6,natural killer cell,7.2957277,26.304049,2653,1.7105894088745115
10X_P4_7_GTTTCTAGTGCGCTTG,3-M-8,T cell,9,Unmatched_9,6.978308,23.707535,2654,2.0353634357452397
10X_P4_7_GTTTCTAGTTGGTTTG,3-M-8,B cell,0,B cell,-0.69996786,1.1097107,2655,0.8015981912612915
10X_P4_7_GTTTCTATCAAACGGG,3-M-8,B cell,1,Unmatched_1,-0.9400363,6.088737,2656,0.6276018619537354
10X_P4_7_GTTTCTATCAGTTCGA,3-M-8,B cell,0,B cell,-1.7517006,0.72871864,2657,0.5444350242614746
10X_P4_7_GTTTCTATCCCAAGTA,3-M-8,B cell,0,B cell,-1.0819889,-1.4079543,2658,0.5692784190177917
10X_P4_7_TAAACCGAGAAACCAT,3-M-8,natural killer cell,6,natural killer cell,7.306163,26.262863,2659,1.9202854633331297
10X_P4_7_TAAACCGAGACTTTCG,3-M-8,B cell,0,B cell,-2.2863376,3.5928519,2660,0.7214359641075134
10X_P4_7_TAAACCGAGAGCTTCT,3-M-8,B cell,0,B cell,-4.120653,0.6368413,2661,1.1818459033966064
10X_P4_7_TAAACCGCAAGCCGCT,3-M-8,B cell,4,Unmatched_4,-4.1632686,3.1933236,2662,1.606289267539978
10X_P4_7_TAAACCGCAATGTAAG,3-M-8,T cell,2,Unmatched_2,4.5762944,26.062588,2663,2.2170310020446777
10X_P4_7_TAAACCGCACAGCGTC,3-M-8,B cell,0,B cell,-1.9096658,1.9665933,2664,0.7622995376586914
10X_P4_7_TAAACCGCATTAGCCA,3-M-8,B cell,1,Unmatched_1,-1.9690043,5.500232,2665,0.5205664038658142
10X_P4_7_TAAACCGGTAGTAGTA,3-M-8,B cell,0,B cell,-3.08379,-0.6979206,2666,1.199981451034546
10X_P4_7_TAAACCGGTCTAAAGA,3-M-8,macrophage,5,macrophage,4.4633603,13.754294,2667,2.6757397651672363
10X_P4_7_TAAACCGGTTACAGAA,3-M-8,T cell,3,T cell,2.5302913,23.266302,2668,0.714652419090271
10X_P4_7_TAAGAGAAGAGGGCTT,3-M-8,B cell,0,B cell,-2.950085,3.0332563,2669,0.8568925261497498
10X_P4_7_TAAGAGAAGGGTTTCT,3-M-8,B cell,0,B cell,-3.618457,-0.49346593,2670,0.961213231086731
10X_P4_7_TAAGAGACAAACGCGA,3-M-8,B cell,0,B cell,-0.36951387,-0.5655695,2671,0.6639224886894226
10X_P4_7_TAAGAGACAGGCTGAA,3-M-8,T cell,3,T cell,4.6806574,25.1549,2672,2.0116562843322754
10X_P4_7_TAAGAGAGTGTGTGCC,3-M-8,B cell,1,Unmatched_1,-1.244159,5.404067,2673,0.5699694752693176
10X_P4_7_TAAGAGATCAACACCA,3-M-8,B cell,4,Unmatched_4,-4.0784864,3.1975431,2674,1.0518044233322144
10X_P4_7_TAAGCGTAGATTACCC,3-M-8,B cell,2,Unmatched_2,0.3288893,23.141468,2675,1.2281047105789185
10X_P4_7_TAAGCGTCAATCAGAA,3-M-8,T cell,2,Unmatched_2,2.7079337,25.560867,2676,0.8057649731636047
10X_P4_7_TAAGCGTCACAGGCCT,3-M-8,B cell,0,B cell,-4.0584636,2.7492096,2677,1.1414039134979248
10X_P4_7_TAAGCGTCATGAAGTA,3-M-8,B cell,0,B cell,-0.993583,0.026265359,2678,0.7362414002418518
10X_P4_7_TAAGCGTCATGCCTTC,3-M-8,B cell,0,B cell,-1.5397431,0.5326512,2679,0.5608556270599365
10X_P4_7_TAAGCGTGTTCAGGCC,3-M-8,B cell,0,B cell,0.034919765,1.800324,2680,0.6423135995864868
10X_P4_7_TAAGCGTTCCTAGAAC,3-M-8,B cell,1,Unmatched_1,-1.4514874,6.4509377,2681,0.6138736009597778
10X_P4_7_TAAGCGTTCGCGGATC,3-M-8,B cell,4,Unmatched_4,-3.8585098,3.973175,2682,1.0415118932724
10X_P4_7_TAAGCGTTCTTAGCCC,3-M-8,B cell,0,B cell,-3.7555397,-0.54967034,2683,1.299918293952942
10X_P4_7_TAAGTGCAGATAGCAT,3-M-8,B cell,0,B cell,-3.1027524,-0.22455911,2684,0.5818012356758118
10X_P4_7_TAAGTGCAGTACTTGC,3-M-8,B cell,0,B cell,-2.7512012,0.61510926,2685,0.4101442098617553
10X_P4_7_TAAGTGCCACAGCGTC,3-M-8,B cell,0,B cell,-1.6861026,3.986176,2686,0.5028851628303528
10X_P4_7_TAAGTGCCAGCTTCGG,3-M-8,B cell,0,B cell,-2.284022,3.6891124,2687,0.7783277034759521
10X_P4_7_TAAGTGCGTCACTTCC,3-M-8,B cell,0,B cell,-2.3227282,1.1370584,2688,0.5532354116439819
10X_P4_7_TAAGTGCTCTTAGCCC,3-M-8,B cell,4,Unmatched_4,-2.4602752,8.776134,2689,0.603626012802124
10X_P4_7_TACACGAAGCTATGCT,3-M-8,B cell,0,B cell,-4.44058,1.0439413,2690,0.7998830080032349
10X_P4_7_TACACGACAAGCTGTT,3-M-8,B cell,0,B cell,-1.7591364,-0.8578724,2691,0.9324253797531128
10X_P4_7_TACACGACATCAGTAC,3-M-8,B cell,0,B cell,-2.883369,0.9989466,2692,0.5228648781776428
10X_P4_7_TACACGAGTAGCTAAA,3-M-8,B cell,0,B cell,-0.78574705,-0.12187017,2693,0.5549083352088928
10X_P4_7_TACACGAGTCACCTAA,3-M-8,B cell,4,Unmatched_4,-4.0955205,3.1646545,2694,1.608493447303772
10X_P4_7_TACACGAGTCCAGTAT,3-M-8,B cell,0,B cell,-4.4170804,0.2442332,2695,1.0912468433380127
10X_P4_7_TACACGATCACCACCT,3-M-8,B cell,0,B cell,-0.95561594,2.0635898,2696,1.447628140449524
10X_P4_7_TACACGATCCATGAAC,3-M-8,B cell,0,B cell,-2.1567328,3.8715913,2697,0.7435952425003052
10X_P4_7_TACACGATCCTAGAAC,3-M-8,B cell,4,Unmatched_4,-5.004988,4.22948,2698,1.2393381595611572
10X_P4_7_TACACGATCTGGCGTG,3-M-8,B cell,1,Unmatched_1,-1.3231419,6.372369,2699,0.5572441816329956
10X_P4_7_TACAGTGGTGATGATA,3-M-8,B cell,0,B cell,-3.978873,2.111805,2700,0.7497214674949646
10X_P4_7_TACAGTGGTGGACGAT,3-M-8,B cell,1,Unmatched_1,-1.4237345,6.2597427,2701,0.5677149295806885
10X_P4_7_TACAGTGTCAGCTTAG,3-M-8,B cell,4,Unmatched_4,-4.1588683,4.320581,2702,1.1190141439437866
10X_P4_7_TACAGTGTCCCATTAT,3-M-8,B cell,4,Unmatched_4,-2.5396245,8.793512,2703,0.7326165437698364
10X_P4_7_TACAGTGTCCTCTAGC,3-M-8,B cell,1,Unmatched_1,-2.8015678,5.0576625,2704,1.3906569480895996
10X_P4_7_TACAGTGTCGGTCTAA,3-M-8,B cell,12,Unmatched_12,9.168699,9.681831,2705,3.0616793632507324
10X_P4_7_TACAGTGTCTCAACTT,3-M-8,T cell,2,Unmatched_2,4.2761655,26.586218,2706,1.7183529138565063
10X_P4_7_TACCTATCAGTCACTA,3-M-8,B cell,0,B cell,-0.655546,0.36884847,2707,1.0668659210205078
10X_P4_7_TACCTATTCAACACCA,3-M-8,B cell,0,B cell,-4.4486084,3.2078588,2708,1.1421090364456177
10X_P4_7_TACCTATTCACTTCAT,3-M-8,macrophage,5,macrophage,13.4251585,15.400747,2709,1.4949504137039185
10X_P4_7_TACCTATTCTTGCCGT,3-M-8,B cell,0,B cell,-2.3096333,2.048176,2710,0.4809508025646209
10X_P4_7_TACCTTAAGAAGGCCT,3-M-8,B cell,0,B cell,-2.454753,3.2106416,2711,0.542942464351654
10X_P4_7_TACCTTAAGTACGTAA,3-M-8,B cell,0,B cell,-2.5011587,0.8753883,2712,0.647871196269989
10X_P4_7_TACCTTAGTTAAGGGC,3-M-8,B cell,0,B cell,-3.2856364,-0.4556476,2713,0.7896072268486023
10X_P4_7_TACGGATAGACACTAA,3-M-8,B cell,0,B cell,-2.5309472,0.7702062,2714,0.4462150037288666
10X_P4_7_TACGGATAGGTGATAT,3-M-8,B cell,0,B cell,-3.69179,0.41337305,2715,0.9336420893669128
10X_P4_7_TACGGATAGTGATCGG,3-M-8,B cell,4,Unmatched_4,-4.008579,4.1405754,2716,0.8907615542411804
10X_P4_7_TACGGATCAGGTCTCG,3-M-8,B cell,0,B cell,-2.1632948,-1.2609143,2717,1.085140824317932
10X_P4_7_TACGGATGTAAATACG,3-M-8,B cell,0,B cell,-1.5740006,0.7030216,2718,0.5707667469978333
10X_P4_7_TACGGATGTAGCCTAT,3-M-8,B cell,14,Unmatched_14,8.202168,15.741753,2719,5.334986209869385
10X_P4_7_TACGGATGTCCGAATT,3-M-8,T cell,2,Unmatched_2,2.2623887,26.311144,2720,0.5644013285636902
10X_P4_7_TACGGATGTCGAAAGC,3-M-8,B cell,0,B cell,-1.8202717,-0.21473011,2721,0.7603211998939514
10X_P4_7_TACGGATGTTCCGTCT,3-M-8,B cell,0,B cell,-2.282856,2.9033806,2722,0.7649577260017395
10X_P4_7_TACGGATTCCTCGCAT,3-M-8,T cell,3,T cell,3.477147,23.409071,2723,0.5555885434150696
10X_P4_7_TACGGATTCTACGAGT,3-M-8,B cell,0,B cell,-1.5252738,2.141744,2724,1.636038064956665
10X_P4_7_TACGGGCAGCTGCGAA,3-M-8,B cell,0,B cell,-0.6638801,-0.23884079,2725,0.5449968576431274
10X_P4_7_TACGGGCAGGTACTCT,3-M-8,B cell,0,B cell,-1.6152744,1.6059761,2726,0.6357650756835938
10X_P4_7_TACGGGCCAAGCCGCT,3-M-8,B cell,7,Unmatched_7,-5.5342464,1.1868732,2727,1.3677653074264526
10X_P4_7_TACGGGCCACAAGTAA,3-M-8,macrophage,5,macrophage,12.59159,14.823394,2728,2.236887693405152
10X_P4_7_TACGGGCGTAAATACG,3-M-8,dendritic cell,10,dendritic cell,15.8840275,-0.05090323,2729,3.160393476486206
10X_P4_7_TACGGGCGTCCGTTAA,3-M-8,B cell,0,B cell,-2.6370864,1.3026996,2730,0.5083438158035278
10X_P4_7_TACGGGCGTGAAATCA,3-M-8,B cell,0,B cell,-1.743574,1.3523437,2731,0.6659323573112488
10X_P4_7_TACGGGCGTTCACGGC,3-M-8,B cell,0,B cell,-1.977927,2.5482635,2732,1.049704909324646
10X_P4_7_TACGGGCTCAACACCA,3-M-8,T cell,6,natural killer cell,6.1132684,25.317734,2733,2.2805142402648926
10X_P4_7_TACGGGCTCACGAAGG,3-M-8,B cell,0,B cell,-0.80128354,0.10880297,2734,0.5768331289291382
10X_P4_7_TACGGGCTCCGTACAA,3-M-8,B cell,0,B cell,-2.1060975,0.4600056,2735,0.5830809473991394
10X_P4_7_TACGGTAAGATGTGGC,3-M-8,T cell,2,Unmatched_2,1.7751312,25.611725,2736,0.7512244582176208
10X_P4_7_TACGGTAAGGGTCGAT,3-M-8,B cell,0,B cell,-2.8658576,-1.1295016,2737,1.15708589553833
10X_P4_7_TACGGTAAGTGGTAGC,3-M-8,B cell,4,Unmatched_4,-4.8681917,3.073812,2738,1.306630253791809
10X_P4_7_TACGGTAAGTGTACGG,3-M-8,B cell,0,B cell,-3.5104897,3.4717305,2739,0.7642309069633484
10X_P4_7_TACGGTACACTGCCAG,3-M-8,B cell,0,B cell,-2.7837358,0.9867865,2740,0.6577485203742981
10X_P4_7_TACGGTAGTCGGATCC,3-M-8,macrophage,5,macrophage,11.211773,14.505664,2741,1.4310660362243652
10X_P4_7_TACGGTAGTTGAGTTC,3-M-8,natural killer cell,6,natural killer cell,7.164392,26.464762,2742,1.792743444442749
10X_P4_7_TACGGTATCCCTTGTG,3-M-8,macrophage,8,Unmatched_8,10.722365,11.735406,2743,3.646089553833008
10X_P4_7_TACGGTATCTGTCTCG,3-M-8,B cell,0,B cell,0.0018048809,-0.58663464,2744,0.5378530025482178
10X_P4_7_TACTCATAGACTTGAA,3-M-8,T cell,3,T cell,2.4599516,23.268017,2745,0.7482934594154358
10X_P4_7_TACTCATAGAGACTAT,3-M-8,B cell,1,Unmatched_1,-2.2067156,5.100485,2746,0.9688660502433776
10X_P4_7_TACTCATCAAGTCTAC,3-M-8,macrophage,8,Unmatched_8,10.178355,12.230405,2747,3.2368879318237305
10X_P4_7_TACTCATCAATCAGAA,3-M-8,T cell,3,T cell,2.9486964,23.004309,2748,0.5368109345436096
10X_P4_7_TACTCATCACCGCTAG,3-M-8,B cell,0,B cell,-2.740715,-0.123189054,2749,1.0400818586349487
10X_P4_7_TACTCATTCACCATAG,3-M-8,dendritic cell,10,dendritic cell,15.931073,-0.098191865,2750,3.216588020324707
10X_P4_7_TACTCGCAGAGAACAG,3-M-8,T cell,3,T cell,4.364092,24.270521,2751,0.7577052116394043
10X_P4_7_TACTCGCAGCCATCGC,3-M-8,B cell,4,Unmatched_4,-5.1124616,4.303237,2752,0.6151935458183289
10X_P4_7_TACTCGCAGCTAGTCT,3-M-8,B cell,4,Unmatched_4,-2.6405776,8.714447,2753,0.7031028866767883
10X_P4_7_TACTCGCAGGTCGGAT,3-M-8,B cell,0,B cell,-1.319308,-0.3074655,2754,0.6661799550056458
10X_P4_7_TACTCGCAGTCGCCGT,3-M-8,B cell,7,Unmatched_7,-0.9823825,1.596836,2755,1.1327629089355469
10X_P4_7_TACTCGCCATACGCCG,3-M-8,B cell,0,B cell,-1.4307823,1.3052775,2756,1.100221872329712
10X_P4_7_TACTCGCCATCCAACA,3-M-8,B cell,7,Unmatched_7,-5.7009883,1.2040297,2757,1.137146234512329
10X_P4_7_TACTTACAGTTACGGG,3-M-8,B cell,0,B cell,-0.17483157,-0.82006395,2758,0.5434580445289612
10X_P4_7_TACTTACCACCATCCT,3-M-8,B cell,0,B cell,-3.1921458,0.011927141,2759,1.0232312679290771
10X_P4_7_TACTTACCAGATCGGA,3-M-8,T cell,9,Unmatched_9,7.1106076,23.577785,2760,2.50032377243042
10X_P4_7_TACTTACCATGCTAGT,3-M-8,B cell,1,Unmatched_1,-1.0113575,5.8215046,2761,0.7808852791786194
10X_P4_7_TACTTACGTATAGGTA,3-M-8,B cell,0,B cell,-2.6837456,0.5572167,2762,0.895304262638092
10X_P4_7_TACTTACGTGGGTCAA,3-M-8,T cell,2,Unmatched_2,2.8887804,25.997847,2763,0.7935994863510132
10X_P4_7_TACTTACGTTCAGACT,3-M-8,B cell,0,B cell,-3.471904,2.4616528,2764,0.6692821979522705
10X_P4_7_TACTTACGTTGAGGTG,3-M-8,B cell,1,Unmatched_1,-1.2700708,5.825536,2765,0.6815215945243835
10X_P4_7_TACTTGTAGGTGGGTT,3-M-8,B cell,1,Unmatched_1,-1.1425953,6.1452737,2766,0.7763405442237854
10X_P4_7_TACTTGTAGTATCGAA,3-M-8,B cell,0,B cell,-2.6479251,1.2468548,2767,0.4112119376659393
10X_P4_7_TACTTGTCAAGACGTG,3-M-8,B cell,0,B cell,-4.369618,3.2126915,2768,1.1258882284164429
10X_P4_7_TACTTGTCACCGAATT,3-M-8,B cell,0,B cell,-4.1039453,0.24670812,2769,0.9339792728424072
10X_P4_7_TACTTGTCACTTAAGC,3-M-8,B cell,0,B cell,-3.4493735,-0.03766312,2770,0.8149144053459167
10X_P4_7_TACTTGTCATTGGTAC,3-M-8,B cell,0,B cell,-4.4286456,0.20606309,2771,0.941480815410614
10X_P4_7_TAGACCAAGTAAGTAC,3-M-8,T cell,9,Unmatched_9,6.9855866,23.701447,2772,2.628122091293335
10X_P4_7_TAGACCAAGTTGAGAT,3-M-8,B cell,0,B cell,-0.61001986,1.2913285,2773,1.0846776962280271
10X_P4_7_TAGACCACAATAGCGG,3-M-8,B cell,0,B cell,-0.23145753,0.41121534,2774,0.5201693773269653
10X_P4_7_TAGACCACACTGCCAG,3-M-8,B cell,0,B cell,-2.5882885,-0.95827585,2775,0.5040425062179565
10X_P4_7_TAGACCAGTAACGCGA,3-M-8,B cell,0,B cell,-0.93110746,1.4630173,2776,0.7744331955909729
10X_P4_7_TAGACCAGTAATTGGA,3-M-8,T cell,2,Unmatched_2,2.521136,25.418196,2777,0.7951736450195312
10X_P4_7_TAGACCAGTACCATCA,3-M-8,B cell,0,B cell,-1.9881002,-0.21699354,2778,0.6720941662788391
10X_P4_7_TAGACCATCTGCCAGG,3-M-8,B cell,0,B cell,-1.4969507,0.052531827,2779,0.4575829207897186
10X_P4_7_TAGAGCTAGGCGCTCT,3-M-8,B cell,0,B cell,-0.28855902,0.43414128,2780,0.8421501517295837
10X_P4_7_TAGAGCTAGGTGCTTT,3-M-8,B cell,0,B cell,-2.8930118,2.5780263,2781,0.8221884369850159
10X_P4_7_TAGAGCTCAACCGCCA,3-M-8,B cell,1,Unmatched_1,-0.90786326,6.184152,2782,0.5865299701690674
10X_P4_7_TAGAGCTCAATGGATA,3-M-8,B cell,0,B cell,-1.9588984,2.8597047,2783,0.7251269817352295
10X_P4_7_TAGAGCTCATACGCTA,3-M-8,B cell,7,Unmatched_7,-5.206439,1.2750096,2784,1.0936493873596191
10X_P4_7_TAGAGCTGTTAAGATG,3-M-8,B cell,0,B cell,-1.8573674,0.8064646,2785,0.4199476838111877
10X_P4_7_TAGAGCTTCACGATGT,3-M-8,B cell,0,B cell,-3.9936304,2.517626,2786,1.4584413766860962
10X_P4_7_TAGAGCTTCTGCCAGG,3-M-8,B cell,7,Unmatched_7,-5.6617255,1.2018355,2787,1.2167927026748655
10X_P4_7_TAGCCGGCAAGTACCT,3-M-8,B cell,1,Unmatched_1,-2.97272,4.3934035,2788,0.7086251378059387
10X_P4_7_TAGCCGGGTCCGTGAC,3-M-8,T cell,2,Unmatched_2,2.810181,25.812208,2789,0.7493866682052612
10X_P4_7_TAGCCGGGTCCTCCAT,3-M-8,natural killer cell,6,natural killer cell,6.75403,25.64714,2790,2.09731674194336
10X_P4_7_TAGCCGGGTGTTTGGT,3-M-8,B cell,0,B cell,-0.7446047,3.5676079,2791,0.967547595500946
10X_P4_7_TAGCCGGGTTGTACAC,3-M-8,B cell,0,B cell,-2.6151876,-0.53998214,2792,0.821263313293457
10X_P4_7_TAGCCGGTCTCCCTGA,3-M-8,macrophage,5,macrophage,11.287281,14.533747,2793,1.6078091859817505
10X_P4_7_TAGGCATAGCGATATA,3-M-8,B cell,0,B cell,-0.9284453,2.1851308,2794,1.2626034021377563
10X_P4_7_TAGGCATAGTTTAGGA,3-M-8,B cell,1,Unmatched_1,-3.9988813,6.4289865,2795,1.0342895984649658
10X_P4_7_TAGGCATCAGCGTAAG,3-M-8,B cell,0,B cell,-1.8063934,2.9074957,2796,0.7403683662414551
10X_P4_7_TAGGCATGTACGCTGC,3-M-8,T cell,3,T cell,3.796436,24.396675,2797,0.8692520260810852
10X_P4_7_TAGGCATTCAGCCTAA,3-M-8,T cell,2,Unmatched_2,4.443979,25.82779,2798,1.284476399421692
10X_P4_7_TAGTGGTAGAATAGGG,3-M-8,T cell,2,Unmatched_2,4.350086,25.700394,2799,1.2963145971298218
10X_P4_7_TAGTGGTAGACGCAAC,3-M-8,B cell,0,B cell,-3.7102394,-0.32251835,2800,0.7426565885543823
10X_P4_7_TAGTGGTAGTTTAGGA,3-M-8,B cell,4,Unmatched_4,9.155213,14.113034,2801,1.6036995649337769
10X_P4_7_TAGTGGTCACACCGCA,3-M-8,B cell,7,Unmatched_7,-4.940034,1.0858142,2802,1.693342924118042
10X_P4_7_TAGTGGTCACCGCTAG,3-M-8,T cell,3,T cell,4.082473,24.10153,2803,0.8695421814918518
10X_P4_7_TAGTGGTCACGGCTAC,3-M-8,B cell,0,B cell,-2.0372045,1.7912068,2804,0.6854943633079529
10X_P4_7_TAGTGGTCAGTAGAGC,3-M-8,macrophage,5,macrophage,13.440381,15.4137535,2805,1.6995350122451782
10X_P4_7_TAGTGGTCAGTGGGAT,3-M-8,T cell,3,T cell,3.3772364,22.76832,2806,0.8137252330780029
10X_P4_7_TAGTGGTCATTCCTCG,3-M-8,B cell,4,Unmatched_4,-2.6407137,8.641054,2807,0.7248622179031372
10X_P4_7_TAGTGGTGTCATATCG,3-M-8,B cell,0,B cell,-1.8930957,3.6606097,2808,0.7705671787261963
10X_P4_7_TAGTGGTTCAAGATCC,3-M-8,B cell,0,B cell,-1.6721345,3.8167048,2809,0.684806764125824
10X_P4_7_TAGTTGGAGTACGTTC,3-M-8,B cell,0,B cell,-0.9346884,1.2202739,2810,0.50666344165802
10X_P4_7_TAGTTGGAGTGTACTC,3-M-8,B cell,0,B cell,-1.6950465,0.8697254,2811,0.5293598175048828
10X_P4_7_TAGTTGGCACGTCTCT,3-M-8,B cell,0,B cell,-1.952436,1.8803413,2812,0.4635277688503265
10X_P4_7_TAGTTGGGTACCCAAT,3-M-8,T cell,2,Unmatched_2,2.872423,26.40603,2813,0.9376333355903624
10X_P4_7_TAGTTGGGTAGGCTGA,3-M-8,B cell,1,Unmatched_1,-1.6381389,4.5071115,2814,0.6300650835037231
10X_P4_7_TAGTTGGTCTACGAGT,3-M-8,B cell,4,Unmatched_4,-5.16509,2.8138535,2815,1.2002646923065186
10X_P4_7_TAGTTGGTCTGGTATG,3-M-8,B cell,1,Unmatched_1,-0.9130601,5.8619533,2816,0.8518195152282715
10X_P4_7_TATCAGGAGCGATATA,3-M-8,B cell,7,Unmatched_7,-5.2644615,1.3830055,2817,1.256000280380249
10X_P4_7_TATCAGGAGGAGTTGC,3-M-8,B cell,0,B cell,-2.5821593,1.8640094,2818,0.411184012889862
10X_P4_7_TATCAGGCAATGCCAT,3-M-8,B cell,0,B cell,-3.7104347,-0.36036545,2819,0.7065238356590271
10X_P4_7_TATCTCAAGAAACGCC,3-M-8,B cell,0,B cell,-3.3268654,0.7378047,2820,0.5919773578643799
10X_P4_7_TATCTCAAGCACGCCT,3-M-8,B cell,1,Unmatched_1,10.670517,11.707729,2821,1.353580117225647
10X_P4_7_TATCTCAAGCCATCGC,3-M-8,T cell,3,T cell,4.741076,25.095762,2822,3.646089553833008
10X_P4_7_TATCTCACACCGCTAG,3-M-8,B cell,0,B cell,-0.037093047,-0.019230425,2823,0.8428635597229004
10X_P4_7_TATCTCACATTAGCCA,3-M-8,T cell,2,Unmatched_2,2.76595,26.389273,2824,0.6310867071151733
10X_P4_7_TATCTCAGTCGAACAG,3-M-8,B cell,0,B cell,-0.89186656,-1.2998859,2825,0.7263388633728027
10X_P4_7_TATCTCAGTGCACCAC,3-M-8,B cell,4,Unmatched_4,-2.604134,8.767905,2826,0.7515574097633362
10X_P4_7_TATGCCCAGTGCCAGA,3-M-8,B cell,0,B cell,-4.3027587,0.33472326,2827,0.5386640429496765
10X_P4_7_TATGCCCCACAGCCCA,3-M-8,B cell,0,B cell,-0.5745811,2.3588963,2828,0.9391390085220336
10X_P4_7_TATGCCCCACGGATAG,3-M-8,B cell,1,Unmatched_1,-1.7773309,4.492122,2829,0.6151848435401917
10X_P4_7_TATGCCCGTAAGCACG,3-M-8,T cell,2,Unmatched_2,2.778109,25.660854,2830,0.5362696647644043
10X_P4_7_TATGCCCGTTTGACTG,3-M-8,T cell,2,Unmatched_2,4.8633466,26.714373,2831,1.5386662483215332
10X_P4_7_TATGCCCTCGGAAATA,3-M-8,B cell,0,B cell,-3.9833915,2.558496,2832,1.025926113128662
10X_P4_7_TATTACCAGCCTTGAT,3-M-8,B cell,0,B cell,0.16599533,1.8458104,2833,1.193551778793335
10X_P4_7_TATTACCGTTCCCTTG,3-M-8,B cell,0,B cell,-2.4298105,1.5551447,2834,0.449148952960968
10X_P4_7_TATTACCTCATAACCG,3-M-8,B cell,0,B cell,-1.6958874,0.72778726,2835,0.5029463768005371
10X_P4_7_TATTACCTCCCTAATT,3-M-8,B cell,0,B cell,-0.62902975,0.3335383,2836,0.4208941161632538
10X_P4_7_TATTACCTCGAGCCCA,3-M-8,T cell,2,Unmatched_2,3.5265172,25.888046,2837,1.190697431564331
10X_P4_7_TCAACGAAGGCAATTA,3-M-8,B cell,0,B cell,-1.7394274,2.2982993,2838,0.7729937434196472
10X_P4_7_TCAACGAAGTGGCACA,3-M-8,T cell,3,T cell,3.8583055,23.910368,2839,0.6260746121406555
10X_P4_7_TCAACGACAGCTGCTG,3-M-8,T cell,3,T cell,3.6659343,23.270735,2840,0.949648141860962
10X_P4_7_TCAACGACATACTCTT,3-M-8,B cell,0,B cell,-0.9017384,0.33926567,2841,0.6469510793685913
10X_P4_7_TCAACGACATTGTGCA,3-M-8,B cell,0,B cell,-1.4218173,3.715448,2842,0.9760875105857848
10X_P4_7_TCAACGAGTCCAGTAT,3-M-8,B cell,7,Unmatched_7,-5.4366064,1.3346934,2843,1.6834145784378052
10X_P4_7_TCAACGAGTTTGCATG,3-M-8,macrophage,5,macrophage,11.945501,14.650014,2844,2.2750515937805176
10X_P4_7_TCAACGATCAACACAC,3-M-8,B cell,0,B cell,-2.5291607,-1.0270872,2845,0.8020920157432556
10X_P4_7_TCAACGATCCGCAGTG,3-M-8,B cell,4,Unmatched_4,-4.8129745,4.4438515,2846,0.8287054896354675
10X_P4_7_TCAACGATCCGCATAA,3-M-8,B cell,0,B cell,-2.2862396,2.015552,2847,0.6168209314346313
10X_P4_7_TCAACGATCCTCGCAT,3-M-8,B cell,0,B cell,-2.26516,2.8302526,2848,0.9698598384857178
10X_P4_7_TCAACGATCTTTAGTC,3-M-8,B cell,1,Unmatched_1,-1.3466719,5.350896,2849,0.6281936764717102
10X_P4_7_TCAATCTAGAGAGCTC,3-M-8,B cell,1,Unmatched_1,-3.7832906,2.8372386,2850,0.8863557577133179
10X_P4_7_TCAATCTAGATGCCAG,3-M-8,B cell,1,Unmatched_1,-1.1469164,5.950389,2851,0.613935649394989
10X_P4_7_TCAATCTAGGCCGAAT,3-M-8,B cell,1,Unmatched_1,-2.3477037,6.065752,2852,0.8514794111251831
10X_P4_7_TCAATCTCACAGATTC,3-M-8,B cell,0,B cell,-2.861349,0.22332768,2853,0.404185801744461
10X_P4_7_TCAATCTCATGCCACG,3-M-8,T cell,2,Unmatched_2,2.477522,26.309195,2854,0.9697317481040956
10X_P4_7_TCAATCTTCAGGTAAA,3-M-8,B cell,0,B cell,-0.0034933244,1.6558418,2855,3.2803194522857666
10X_P4_7_TCAATCTTCATGGTCA,3-M-8,macrophage,5,macrophage,4.545547,13.846999,2856,2.2841947078704834
10X_P4_7_TCAATCTTCCAAACAC,3-M-8,B cell,0,B cell,-4.8097463,0.3476284,2857,1.083332657814026
10X_P4_7_TCACAAGAGACGCAAC,3-M-8,B cell,0,B cell,-2.9819095,1.0752896,2858,0.4034081697463989
10X_P4_7_TCACAAGAGCTCCTTC,3-M-8,B cell,0,B cell,-2.7572,-0.65678227,2859,1.1318069696426392
10X_P4_7_TCACAAGCAATCAGAA,3-M-8,B cell,0,B cell,-1.4082669,3.8019435,2860,1.0295491218566897
10X_P4_7_TCACAAGGTACCGTAT,3-M-8,B cell,0,B cell,-1.1300392,0.07600847,2861,0.5709297060966492
10X_P4_7_TCACGAAAGTTGAGTA,3-M-8,B cell,4,Unmatched_4,-5.0453305,3.2033052,2862,1.1193383932113647
10X_P4_7_TCACGAAGTAAAGGAG,3-M-8,T cell,3,T cell,2.9086983,23.092983,2863,0.6895344853401184
10X_P4_7_TCACGAAGTAGTGAAT,3-M-8,B cell,0,B cell,-1.9018223,-0.096667156,2864,0.5218941569328308
10X_P4_7_TCACGAAGTCTCTTTA,3-M-8,T cell,2,Unmatched_2,1.7733365,25.669558,2865,0.7202288508415222
10X_P4_7_TCACGAATCAAGGCTT,3-M-8,B cell,1,Unmatched_1,-1.6196293,4.4233675,2866,0.5283744931221008
10X_P4_7_TCACGAATCATAACCG,3-M-8,B cell,0,B cell,-2.7289171,1.6502713,2867,0.5339803099632263
10X_P4_7_TCAGATGAGAAACCGC,3-M-8,macrophage,5,macrophage,13.357847,15.336988,2868,1.7423807382583618
10X_P4_7_TCAGATGAGCTGTTCA,3-M-8,B cell,0,B cell,-0.12056337,0.40999392,2869,0.7411826252937317
10X_P4_7_TCAGATGAGTACCGGA,3-M-8,natural killer cell,6,natural killer cell,6.869171,25.746342,2870,1.9997508525848389
10X_P4_7_TCAGATGGTTTGGGCC,3-M-8,B cell,1,Unmatched_1,-2.7586207,4.065983,2871,1.5777522325515747
10X_P4_7_TCAGCAACAAGCGAGT,3-M-8,B cell,4,Unmatched_4,9.134445,14.120148,2872,1.6783134937286377
10X_P4_7_TCAGCAACAATCCAAC,3-M-8,B cell,0,B cell,-0.7172646,1.5101563,2873,0.7931329607963562
10X_P4_7_TCAGCAACAATTGCTG,3-M-8,B cell,1,Unmatched_1,-2.4936628,4.191695,2874,0.7630561590194702
10X_P4_7_TCAGCAACACCCTATC,3-M-8,B cell,1,Unmatched_1,-1.1461098,4.7189507,2875,0.9084110856056212
10X_P4_7_TCAGCAACACTACAGT,3-M-8,B cell,1,Unmatched_1,-1.4146956,4.1257,2876,0.7843635678291321
10X_P4_7_TCAGCAATCAAACCGT,3-M-8,B cell,0,B cell,-0.096552104,-0.37064785,2877,0.4966982901096344
10X_P4_7_TCAGCAATCTCGGACG,3-M-8,T cell,2,Unmatched_2,-4.015791,6.4896355,2878,1.712602972984314
10X_P4_7_TCAGCAATCTGCGGCA,3-M-8,T cell,6,natural killer cell,6.3458385,25.369984,2879,3.5427961349487305
10X_P4_7_TCAGCTCAGACAGAGA,3-M-8,B cell,0,B cell,-2.3718338,2.360436,2880,0.6999968886375427
10X_P4_7_TCAGCTCAGGTGATAT,3-M-8,B cell,0,B cell,-2.1116984,-0.01601904,2881,0.9441982507705688
10X_P4_7_TCAGCTCAGTAACCCT,3-M-8,B cell,0,B cell,-5.0721397,0.5548203,2882,1.4457178115844729
10X_P4_7_TCAGCTCCACGTTGGC,3-M-8,B cell,7,Unmatched_7,-4.8326855,1.4828465,2883,1.3913357257843018
10X_P4_7_TCAGCTCGTCGTCTTC,3-M-8,B cell,1,Unmatched_1,-2.937568,4.293304,2884,0.6076202392578125
10X_P4_7_TCAGGATAGCAGATCG,3-M-8,B cell,0,B cell,-0.23258266,0.10229004,2885,0.5901299118995667
10X_P4_7_TCAGGATAGGTAGCCA,3-M-8,B cell,0,B cell,0.0985953,0.45261616,2886,0.5432372689247131
10X_P4_7_TCAGGATCAAGCCCAC,3-M-8,B cell,0,B cell,-4.4307613,1.3167261,2887,1.3618121147155762
10X_P4_7_TCAGGATCATGCCACG,3-M-8,B cell,0,B cell,-2.5307868,-0.24806884,2888,0.6358970403671265
10X_P4_7_TCAGGATGTGCAGGTA,3-M-8,T cell,2,Unmatched_2,2.0977209,26.33767,2889,0.6496954560279846
10X_P4_7_TCAGGATGTTGCGTTA,3-M-8,B cell,1,Unmatched_1,-2.6466627,5.9795923,2890,0.5818653106689453
10X_P4_7_TCAGGATTCCGAAGAG,3-M-8,B cell,1,Unmatched_1,-3.1562397,6.125529,2891,0.8261300325393677
10X_P4_7_TCAGGATTCTAACGGT,3-M-8,B cell,0,B cell,-2.4638045,0.32019562,2892,0.4634706676006317
10X_P4_7_TCAGGATTCTGCTGCT,3-M-8,T cell,2,Unmatched_2,4.2571425,26.499928,2893,1.1655899286270142
10X_P4_7_TCAGGATTCTGCTGTC,3-M-8,B cell,13,Unmatched_13,13.089831,13.580435,2894,0.834058403968811
10X_P4_7_TCAGGTAAGACAATAC,3-M-8,B cell,0,B cell,-0.07102354,1.9683275,2895,0.5030633211135864
10X_P4_7_TCAGGTACAGCCTTTC,3-M-8,B cell,0,B cell,-1.7548325,1.0629427,2896,0.7329092025756836
10X_P4_7_TCAGGTATCAGCATGT,3-M-8,T cell,3,T cell,3.231343,23.39765,2897,0.8421806693077087
10X_P4_7_TCATTACCAGATGAGC,3-M-8,macrophage,5,macrophage,13.467603,15.4406595,2898,1.5332366228103638
10X_P4_7_TCATTACCATCGACGC,3-M-8,B cell,1,Unmatched_1,-2.255156,6.0396233,2899,0.6506783962249756
10X_P4_7_TCATTACCATTCTTAC,3-M-8,macrophage,5,macrophage,12.556885,14.791242,2900,2.023527145385742
10X_P4_7_TCATTACGTAGCGCAA,3-M-8,macrophage,5,macrophage,12.619364,14.857205,2901,2.226987838745117
10X_P4_7_TCATTACGTAGCTGCC,3-M-8,T cell,2,Unmatched_2,0.72313005,22.82481,2902,1.0104013681411743
10X_P4_7_TCATTACGTATATGGA,3-M-8,B cell,0,B cell,-1.6095597,2.0880656,2903,0.7145324349403381
10X_P4_7_TCATTACTCATCGGAT,3-M-8,B cell,0,B cell,-1.2064576,1.902546,2904,0.6742425560951233
10X_P4_7_TCATTACTCCAGTATG,3-M-8,macrophage,5,macrophage,11.195814,14.487,2905,1.5096129179000854
10X_P4_7_TCATTACTCGTGGGAA,3-M-8,B cell,0,B cell,0.3594827,0.389795,2906,0.7904962301254272
10X_P4_7_TCATTACTCTCGAGTA,3-M-8,B cell,7,Unmatched_7,-5.12036,1.2905025,2907,1.2226356267929075
10X_P4_7_TCATTTGAGCCAGTAG,3-M-8,T cell,2,Unmatched_2,2.0264032,25.917852,2908,0.6804101467132568
10X_P4_7_TCATTTGAGTTCGCAT,3-M-8,B cell,0,B cell,0.049783412,1.9226712,2909,1.6394991874694824
10X_P4_7_TCATTTGCACCGGAAA,3-M-8,B cell,0,B cell,-1.8131412,-1.3183237,2910,1.1414583921432495
10X_P4_7_TCATTTGCATTGTGCA,3-M-8,T cell,2,Unmatched_2,3.2234302,24.358486,2911,0.8115146160125732
10X_P4_7_TCATTTGGTTTAGGAA,3-M-8,B cell,0,B cell,-0.76746494,0.5151647,2912,0.6507447361946106
10X_P4_7_TCCACACAGATGTGTA,3-M-8,macrophage,5,macrophage,13.443317,15.416818,2913,1.5850545167922974
10X_P4_7_TCCACACAGCCGCCTA,3-M-8,B cell,0,B cell,-0.14363535,-0.6309038,2914,0.4589639902114868
10X_P4_7_TCCACACAGGCCATAG,3-M-8,B cell,0,B cell,-3.8969133,-0.11873277,2915,1.1295567750930786
10X_P4_7_TCCACACCAAGGACTG,3-M-8,B cell,0,B cell,0.16289243,1.6198388,2916,0.638347864151001
10X_P4_7_TCCACACCATCAGTCA,3-M-8,B cell,1,Unmatched_1,-2.7958078,4.1542406,2917,1.0325723886489868
10X_P4_7_TCCACACGTCGGCTCA,3-M-8,B cell,2,Unmatched_2,0.34996706,23.122856,2918,2.0047011375427246
10X_P4_7_TCCCGATAGGACGAAA,3-M-8,B cell,0,B cell,-1.9560664,2.519022,2919,0.667848527431488
10X_P4_7_TCCCGATAGTGTCCAT,3-M-8,B cell,4,Unmatched_4,9.22029,14.08754,2920,1.614231824874878
10X_P4_7_TCCCGATAGTGTTTGC,3-M-8,B cell,11,Unmatched_11,-3.6841676,7.7384343,2921,0.7901723980903625
10X_P4_7_TCCCGATGTCATGCCG,3-M-8,B cell,0,B cell,-2.6805198,1.702612,2922,0.4053879380226135
10X_P4_7_TCCCGATTCACTGGGC,3-M-8,B cell,4,Unmatched_4,-4.7618246,3.3043747,2923,0.7560359835624695
10X_P4_7_TCCCGATTCCAGATCA,3-M-8,B cell,0,B cell,-2.0803351,-0.048712164,2924,0.4987612962722778
10X_P4_7_TCCCGATTCCATTCTA,3-M-8,B cell,1,Unmatched_1,-1.8431829,5.931691,2925,0.5086485147476196
10X_P4_7_TCCCGATTCCTAGGGC,3-M-8,B cell,0,B cell,-4.8513684,0.59904504,2926,1.262391448020935
10X_P4_7_TCGAGGCAGCCAGGAT,3-M-8,T cell,2,Unmatched_2,3.7168655,25.03787,2927,1.1055909395217896
10X_P4_7_TCGAGGCAGGAGTTGC,3-M-8,macrophage,5,macrophage,13.373114,15.358085,2928,1.8346220254898071
10X_P4_7_TCGAGGCAGTCGATAA,3-M-8,B cell,0,B cell,-2.0898046,-0.61865944,2929,1.304118514060974
10X_P4_7_TCGAGGCCACAGCGTC,3-M-8,B cell,1,Unmatched_1,-0.7954481,5.807257,2930,0.7118655443191528
10X_P4_7_TCGAGGCCACGGCTAC,3-M-8,B cell,1,Unmatched_1,-1.1970121,5.8929334,2931,1.0194507837295532
10X_P4_7_TCGAGGCCAGTGGAGT,3-M-8,B cell,0,B cell,-2.3217514,0.85211986,2932,0.4689876437187195
10X_P4_7_TCGAGGCCATTAGCCA,3-M-8,B cell,0,B cell,0.114949234,0.38186458,2933,0.8468621969223022
10X_P4_7_TCGAGGCGTAAGAGGA,3-M-8,T cell,2,Unmatched_2,4.407851,25.763992,2934,1.389759182929993
10X_P4_7_TCGAGGCGTCTACCTC,3-M-8,B cell,0,B cell,-1.1057934,3.3831415,2935,1.057386875152588
10X_P4_7_TCGAGGCGTGATGCCC,3-M-8,B cell,0,B cell,-2.590179,3.390041,2936,0.9540007710456848
10X_P4_7_TCGAGGCGTTGCGCAC,3-M-8,B cell,0,B cell,-0.17390376,0.521777,2937,0.6751868724822998
10X_P4_7_TCGAGGCTCTCACATT,3-M-8,B cell,1,Unmatched_1,-2.0406492,6.2285357,2938,0.5686020255088806
10X_P4_7_TCGCGAGAGATGCCAG,3-M-8,B cell,1,Unmatched_1,-2.2420352,6.0158772,2939,0.5889906287193298
10X_P4_7_TCGCGAGCAAATTGCC,3-M-8,T cell,2,Unmatched_2,3.912951,25.77197,2940,1.4031440019607544
10X_P4_7_TCGCGAGGTAGGGACT,3-M-8,B cell,0,B cell,-0.9934108,2.489057,2941,1.098061442375183
10X_P4_7_TCGCGAGGTCTCAACA,3-M-8,B cell,0,B cell,-2.882392,3.1319375,2942,0.8224671483039856
10X_P4_7_TCGCGAGTCAAAGTAG,3-M-8,T cell,2,Unmatched_2,2.9832664,26.275665,2943,1.2186951637268066
10X_P4_7_TCGCGAGTCCGAGCCA,3-M-8,T cell,3,T cell,5.2828717,24.887373,2944,1.0321193933486938
10X_P4_7_TCGCGAGTCCTGTAGA,3-M-8,T cell,3,T cell,3.359602,23.1933,2945,0.8632977604866028
10X_P4_7_TCGCGAGTCTGTCCGT,3-M-8,dendritic cell,10,dendritic cell,15.868977,-0.0358275,2946,3.2250189781188965
10X_P4_7_TCGCGTTAGACTTGAA,3-M-8,B cell,1,Unmatched_1,-1.7712635,4.2789683,2947,0.8926612138748169
10X_P4_7_TCGCGTTAGAGGTTAT,3-M-8,T cell,2,Unmatched_2,3.8652623,26.383738,2948,0.8452777862548828
10X_P4_7_TCGCGTTGTTAAGATG,3-M-8,T cell,2,Unmatched_2,4.0780945,26.507248,2949,1.1759170293807983
10X_P4_7_TCGCGTTTCACTATTC,3-M-8,B cell,0,B cell,-1.726373,1.146939,2950,0.6566879749298096
10X_P4_7_TCGGGACAGCGCTTAT,3-M-8,B cell,0,B cell,-3.8525264,1.4650036,2951,0.8143568634986877
10X_P4_7_TCGGGACAGGCGACAT,3-M-8,B cell,4,Unmatched_4,-4.937101,3.2789261,2952,0.9207292795181274
10X_P4_7_TCGGGACCAATGGATA,3-M-8,B cell,1,Unmatched_1,-2.8317537,3.7219195,2953,0.7975031137466431
10X_P4_7_TCGGGACGTACCGAGA,3-M-8,B cell,0,B cell,-2.824608,2.2065818,2954,0.4711504876613617
10X_P4_7_TCGGGACGTCCGCTGA,3-M-8,B cell,1,Unmatched_1,-1.3324939,6.2980685,2955,0.6690115928649902
10X_P4_7_TCGGGACTCGCCAAAT,3-M-8,B cell,0,B cell,-4.4865494,1.0293734,2956,1.30885910987854
10X_P4_7_TCGGGACTCGTTGCCT,3-M-8,B cell,0,B cell,-5.051924,0.6526136,2957,1.3359310626983645
10X_P4_7_TCGGTAAAGATCCGAG,3-M-8,B cell,0,B cell,-0.5171732,2.990904,2958,1.307070016860962
10X_P4_7_TCGGTAAAGCAGGTCA,3-M-8,B cell,0,B cell,-2.7697735,2.8188212,2959,0.8625465035438538
10X_P4_7_TCGGTAAAGGATCGCA,3-M-8,B cell,0,B cell,-0.6114899,-0.49440783,2960,1.192432165145874
10X_P4_7_TCGGTAAGTCCCGACA,3-M-8,B cell,0,B cell,-3.1757755,3.0902135,2961,1.094393968582153
10X_P4_7_TCGGTAAGTCGGCATC,3-M-8,T cell,2,Unmatched_2,1.7389596,25.502466,2962,0.6927289962768555
10X_P4_7_TCGGTAAGTCTCTTAT,3-M-8,B cell,0,B cell,-4.6845064,2.5076046,2963,1.428178787231445
10X_P4_7_TCGGTAAGTCTGCCAG,3-M-8,T cell,2,Unmatched_2,3.7729542,24.989899,2964,0.9854364395141602
10X_P4_7_TCGGTAAGTGAGGCTA,3-M-8,B cell,4,Unmatched_4,-2.4773846,8.828463,2965,0.9223234057426452
10X_P4_7_TCGGTAATCATCGCTC,3-M-8,B cell,0,B cell,-1.0017352,0.4925662,2966,0.588778555393219
10X_P4_7_TCGTACCAGTTTCCTT,3-M-8,T cell,2,Unmatched_2,4.470814,26.011345,2967,1.180660843849182
10X_P4_7_TCGTACCCACCTCGGA,3-M-8,B cell,0,B cell,-1.8247921,1.5554739,2968,1.0151946544647217
10X_P4_7_TCGTACCGTAAGGATT,3-M-8,B cell,0,B cell,-2.5940526,0.1978694,2969,0.4451713860034942
10X_P4_7_TCGTACCGTGCAGACA,3-M-8,T cell,3,T cell,3.0381665,23.229038,2970,1.636325120925903
10X_P4_7_TCGTACCGTGGTTTCA,3-M-8,B cell,0,B cell,-0.42093515,-0.2252686,2971,0.9382855892181396
10X_P4_7_TCGTACCGTTAGATGA,3-M-8,T cell,9,Unmatched_9,6.927318,23.76011,2972,1.9813694953918457
10X_P4_7_TCGTAGAAGAAACGCC,3-M-8,B cell,0,B cell,-1.8919296,1.1205889,2973,0.5325748324394226
10X_P4_7_TCGTAGAAGCCAGTAG,3-M-8,B cell,0,B cell,-3.5500033,1.3899716,2974,0.9295299649238586
10X_P4_7_TCGTAGACACGCGAAA,3-M-8,B cell,0,B cell,-0.5941825,2.346231,2975,1.0419636964797974
10X_P4_7_TCGTAGACAGCGATCC,3-M-8,B cell,0,B cell,-1.0207139,2.778464,2976,1.0484870672225952
10X_P4_7_TCGTAGATCGGATGTT,3-M-8,B cell,0,B cell,-0.7042857,-1.2794973,2977,0.7750205397605896
10X_P4_7_TCTATTGAGACTGGGT,3-M-8,macrophage,5,macrophage,13.455069,15.426053,2978,2.133885383605957
10X_P4_7_TCTATTGAGCGGCTTC,3-M-8,B cell,4,Unmatched_4,-4.1311398,3.1821458,2979,1.1263011693954468
10X_P4_7_TCTATTGCAACTTGAC,3-M-8,B cell,0,B cell,-3.7398798,-0.46592104,2980,0.7055248618125916
10X_P4_7_TCTATTGCAAGCCGTC,3-M-8,B cell,0,B cell,-2.6575136,-1.1479734,2981,1.1958129405975342
10X_P4_7_TCTATTGCAAGTTCTG,3-M-8,T cell,2,Unmatched_2,4.6706357,26.310417,2982,1.3838943243026731
10X_P4_7_TCTATTGGTGCACCAC,3-M-8,B cell,4,Unmatched_4,-2.622175,8.757062,2983,0.5670201182365417
10X_P4_7_TCTATTGGTTATGTGC,3-M-8,B cell,4,Unmatched_4,-3.7569165,4.1806135,2984,1.0029419660568235
10X_P4_7_TCTATTGTCAATCTCT,3-M-8,T cell,2,Unmatched_2,2.3584065,26.090101,2985,0.6083263158798218
10X_P4_7_TCTATTGTCACATAGC,3-M-8,B cell,0,B cell,-1.249635,-0.13384405,2986,0.9085671305656432
10X_P4_7_TCTATTGTCGCCAAAT,3-M-8,T cell,2,Unmatched_2,2.8852837,26.369558,2987,0.8245958685874939
10X_P4_7_TCTCATAAGAGTAAGG,3-M-8,B cell,0,B cell,-3.672727,1.6670551,2988,0.686042070388794
10X_P4_7_TCTCATACACATTTCT,3-M-8,T cell,3,T cell,3.9382634,23.82176,2989,0.904182195663452
10X_P4_7_TCTCATACATTGCGGC,3-M-8,B cell,0,B cell,-2.4140513,-1.2377234,2990,1.3189077377319336
10X_P4_7_TCTCATAGTCTCCCTA,3-M-8,B cell,7,Unmatched_7,-5.5341105,1.2538847,2991,0.9704625010490416
10X_P4_7_TCTCATAGTTCAGTAC,3-M-8,B cell,0,B cell,-0.9278801,-0.013448953,2992,0.9191299080848694
10X_P4_7_TCTCATATCTTATCTG,3-M-8,B cell,0,B cell,-2.4700122,2.4540083,2993,0.6071472764015198
10X_P4_7_TCTCATATCTTCATGT,3-M-8,T cell,2,Unmatched_2,2.201188,25.739,2994,0.5714072585105896
10X_P4_7_TCTCTAAAGCCCAGCT,3-M-8,B cell,0,B cell,-0.90223044,2.4656467,2995,1.460811734199524
10X_P4_7_TCTCTAACAGTGGGAT,3-M-8,B cell,0,B cell,-2.1498728,-0.09461441,2996,0.4976585805416107
10X_P4_7_TCTCTAACATGACGGA,3-M-8,B cell,4,Unmatched_4,-5.0510793,3.219981,2997,1.20378839969635
10X_P4_7_TCTCTAAGTATAAACG,3-M-8,B cell,0,B cell,-1.4852904,1.1591498,2998,0.4073885977268219
10X_P4_7_TCTCTAAGTTCAACCA,3-M-8,B cell,0,B cell,-0.2809342,-0.43115768,2999,0.504478931427002
10X_P4_7_TCTGAGAAGCCCAATT,3-M-8,B cell,0,B cell,-3.2250097,2.713176,3000,1.1326245069503784
10X_P4_7_TCTGAGAAGCTGCCCA,3-M-8,B cell,0,B cell,-0.14638987,1.1083157,3001,1.2333412170410156
10X_P4_7_TCTGAGACACCTCGGA,3-M-8,B cell,0,B cell,-1.1913073,-1.2996615,3002,0.835026204586029
10X_P4_7_TCTGAGACACGGCGTT,3-M-8,macrophage,5,macrophage,4.6402764,13.958926,3003,2.6805214881896973
10X_P4_7_TCTGAGAGTCCTCCAT,3-M-8,T cell,2,Unmatched_2,2.85288,26.295324,3004,0.7306824326515198
10X_P4_7_TCTGAGATCTTTCCTC,3-M-8,B cell,1,Unmatched_1,-2.8366086,6.1617413,3005,0.545711874961853
10X_P4_7_TCTGGAAAGAGTCGGT,3-M-8,B cell,0,B cell,-3.8094084,-0.30881518,3006,0.6624049544334412
10X_P4_7_TCTGGAAAGTCATCCA,3-M-8,T cell,2,Unmatched_2,2.5398943,25.56234,3007,0.8487252593040466
10X_P4_7_TCTGGAAAGTTGTCGT,3-M-8,B cell,0,B cell,-0.18783209,2.2939172,3008,0.5863986611366272
10X_P4_7_TCTGGAACAGACGCCT,3-M-8,B cell,0,B cell,-3.260286,-0.3357775,3009,0.5266750454902649
10X_P4_7_TCTGGAACATGGGAAC,3-M-8,B cell,7,Unmatched_7,-5.614299,1.1605242,3010,1.1768141984939575
10X_P4_7_TCTGGAAGTCCGTCAG,3-M-8,B cell,1,Unmatched_1,-1.1139822,5.879015,3011,0.4876708090305328
10X_P4_7_TCTGGAAGTCTCTCGT,3-M-8,B cell,0,B cell,-3.4147122,-0.69970953,3012,1.304697036743164
10X_P4_7_TCTGGAATCTCCGGTT,3-M-8,B cell,0,B cell,0.0051283524,0.26419467,3013,0.4986066520214081
10X_P4_7_TCTGGAATCTCCTATA,3-M-8,T cell,3,T cell,5.294643,24.932583,3014,1.47330904006958
10X_P4_7_TCTTCGGAGCGATGAC,3-M-8,T cell,3,T cell,5.16477,24.883726,3015,1.4073718786239624
10X_P4_7_TCTTCGGAGTGATCGG,3-M-8,B cell,4,Unmatched_4,-5.1346655,3.1060953,3016,1.6632037162780762
10X_P4_7_TCTTCGGCAGTGACAG,3-M-8,B cell,1,Unmatched_1,-1.4534487,5.162,3017,0.5250746011734009
10X_P4_7_TCTTCGGGTAGAGGAA,3-M-8,B cell,0,B cell,-3.1930351,3.5983992,3018,1.0547513961791992
10X_P4_7_TCTTCGGGTGCATCTA,3-M-8,B cell,7,Unmatched_7,-5.4280424,1.2103778,3019,1.4919753074645996
10X_P4_7_TCTTCGGTCTACTATC,3-M-8,B cell,4,Unmatched_4,-5.0522943,3.2288458,3020,0.8654419183731079
10X_P4_7_TCTTTCCAGAGACTAT,3-M-8,B cell,0,B cell,-0.9535625,0.2591093,3021,0.5774158835411072
10X_P4_7_TCTTTCCAGAGTACAT,3-M-8,natural killer cell,6,natural killer cell,7.300552,26.252644,3022,1.5715351104736328
10X_P4_7_TCTTTCCAGGAGTAGA,3-M-8,B cell,0,B cell,-0.7141732,-0.30241245,3023,0.5949880480766296
10X_P4_7_TCTTTCCCATGCCACG,3-M-8,B cell,12,Unmatched_12,9.191952,9.65825,3024,4.098611831665039
10X_P4_7_TCTTTCCGTGGTCTCG,3-M-8,B cell,0,B cell,-0.3131897,-1.0324075,3025,0.9328493475914
10X_P4_7_TCTTTCCGTTACCAGT,3-M-8,B cell,0,B cell,-1.1473225,3.5001497,3026,0.9332764148712158
10X_P4_7_TCTTTCCTCCGCATAA,3-M-8,B cell,11,Unmatched_11,-3.6352162,7.669833,3027,5.109276294708252
10X_P4_7_TCTTTCCTCGTACCGG,3-M-8,macrophage,5,macrophage,4.5966682,13.916318,3028,2.1745307445526123
10X_P4_7_TGAAAGAAGATGGCGT,3-M-8,natural killer cell,6,natural killer cell,7.065325,26.4205,3029,2.542720079421997
10X_P4_7_TGAAAGAAGGATATAC,3-M-8,B cell,4,Unmatched_4,8.918351,14.271723,3030,1.5826683044433594
10X_P4_7_TGAAAGAAGTGTTGAA,3-M-8,B cell,0,B cell,-1.061334,3.010355,3031,1.134352684020996
10X_P4_7_TGAAAGACATGCCTTC,3-M-8,B cell,0,B cell,-3.4156268,1.171131,3032,0.5100321769714355
10X_P4_7_TGAAAGACATTAGGCT,3-M-8,B cell,0,B cell,-0.6603328,0.15969445,3033,0.7726233005523682
10X_P4_7_TGAAAGAGTCCGTTAA,3-M-8,T cell,3,T cell,3.6988838,23.814352,3034,1.043304443359375
10X_P4_7_TGAAAGAGTGCCTTGG,3-M-8,B cell,0,B cell,-0.52817994,-1.0948945,3035,0.7815922498703003
10X_P4_7_TGAAAGAGTGTCCTCT,3-M-8,T cell,3,T cell,3.3559053,23.299911,3036,0.8446727991104126
10X_P4_7_TGAAAGATCACTTACT,3-M-8,B cell,0,B cell,-3.9417808,1.9650445,3037,0.881263017654419
10X_P4_7_TGACAACAGTTCGCAT,3-M-8,B cell,7,Unmatched_7,-5.564922,1.0966103,3038,1.5363471508026123
10X_P4_7_TGACAACCACCATGTA,3-M-8,B cell,4,Unmatched_4,8.820003,14.306204,3039,1.62995445728302
10X_P4_7_TGACAACCAGCTCCGA,3-M-8,T cell,3,T cell,5.0601244,24.753311,3040,1.0527067184448242
10X_P4_7_TGACAACCATATGAGA,3-M-8,B cell,0,B cell,-2.2398343,2.595747,3041,0.6196203827857971
10X_P4_7_TGACAACGTACCGGCT,3-M-8,macrophage,5,macrophage,11.883047,14.617437,3042,2.8559908866882324
10X_P4_7_TGACAACGTTATGCGT,3-M-8,B cell,0,B cell,-1.2143955,-0.9086493,3043,0.6981052160263062
10X_P4_7_TGACAACTCATTGCCC,3-M-8,B cell,4,Unmatched_4,-2.6418672,8.773262,3044,0.7386663556098938
10X_P4_7_TGACGGCAGGCGCTCT,3-M-8,B cell,4,Unmatched_4,-3.6075447,3.852214,3045,0.6806304454803467
10X_P4_7_TGACGGCAGGGTCGAT,3-M-8,natural killer cell,6,natural killer cell,6.424351,25.425362,3046,3.206796646118164
10X_P4_7_TGACGGCCACTTCGAA,3-M-8,B cell,0,B cell,-0.84010094,-0.5410755,3047,0.8505300879478455
10X_P4_7_TGACGGCGTCTTCAAG,3-M-8,B cell,1,Unmatched_1,-2.2835739,5.1919513,3048,0.9001767635345459
10X_P4_7_TGACGGCGTGAGTATA,3-M-8,macrophage,5,macrophage,11.217711,14.497663,3049,1.6392133235931396
10X_P4_7_TGACGGCTCAATCTCT,3-M-8,B cell,1,Unmatched_1,-3.8476415,5.960196,3050,0.8976383209228516
10X_P4_7_TGACGGCTCAGGATCT,3-M-8,B cell,7,Unmatched_7,-5.5347924,1.215808,3051,1.2890056371688845
10X_P4_7_TGACGGCTCCCTTGCA,3-M-8,macrophage,8,Unmatched_8,10.714677,11.743789,3052,3.646089553833008
10X_P4_7_TGACGGCTCGAGAGCA,3-M-8,B cell,0,B cell,-0.61793303,-0.254528,3053,0.6014431715011597
10X_P4_7_TGACTAGAGCGTTTAC,3-M-8,B cell,0,B cell,-2.2903092,-0.052539553,3054,0.4825521409511566
10X_P4_7_TGACTAGCAACGCACC,3-M-8,B cell,0,B cell,-2.6556125,1.3718458,3055,0.4321476519107818
10X_P4_7_TGACTAGGTCATTAGC,3-M-8,B cell,0,B cell,-3.461762,1.365801,3056,0.6603990793228149
10X_P4_7_TGACTAGGTCTGCCAG,3-M-8,B cell,0,B cell,-1.0526584,2.2508779,3057,0.9855780005455016
10X_P4_7_TGACTAGGTCTTTCAT,3-M-8,natural killer cell,6,natural killer cell,7.1049376,26.499226,3058,1.7657517194747925
10X_P4_7_TGACTAGTCCTCTAGC,3-M-8,B cell,0,B cell,-2.555359,-0.2216623,3059,0.4936445355415344
10X_P4_7_TGACTAGTCGTATCAG,3-M-8,B cell,0,B cell,-1.1378361,-0.017326178,3060,0.7513819932937622
10X_P4_7_TGACTAGTCTATGTGG,3-M-8,T cell,2,Unmatched_2,1.8665367,25.547264,3061,0.8673203587532043
10X_P4_7_TGACTAGTCTTAACCT,3-M-8,dendritic cell,10,dendritic cell,15.883578,-0.05050271,3062,4.54536771774292
10X_P4_7_TGACTTTAGCGCTCCA,3-M-8,B cell,0,B cell,-0.79323155,2.0032513,3063,0.9739357829093932
10X_P4_7_TGACTTTAGGGCACTA,3-M-8,T cell,2,Unmatched_2,4.6545734,26.187801,3064,1.7098779678344729
10X_P4_7_TGACTTTAGGGCTTGA,3-M-8,B cell,1,Unmatched_1,-2.7317045,4.586548,3065,0.9810322523117064
10X_P4_7_TGACTTTAGTTACGGG,3-M-8,natural killer cell,6,natural killer cell,6.824379,25.781105,3066,2.6803417205810547
10X_P4_7_TGACTTTCATAGGATA,3-M-8,B cell,0,B cell,-2.773153,2.5604868,3067,0.91365385055542
10X_P4_7_TGACTTTGTGGTCTCG,3-M-8,B cell,7,Unmatched_7,-5.013557,1.6099857,3068,1.0214940309524536
10X_P4_7_TGACTTTGTTGGACCC,3-M-8,B cell,0,B cell,-3.2486243,1.3310565,3069,0.536527156829834
10X_P4_7_TGACTTTTCAGCGATT,3-M-8,T cell,3,T cell,3.0267665,23.300259,3070,0.6589772701263428
10X_P4_7_TGACTTTTCTGGAGCC,3-M-8,B cell,0,B cell,-1.0749445,1.62703,3071,0.4168975055217743
10X_P4_7_TGAGAGGAGCGTTGCC,3-M-8,B cell,4,Unmatched_4,9.169727,14.120896,3072,2.426625490188598
10X_P4_7_TGAGAGGCATAAGACA,3-M-8,B cell,4,Unmatched_4,-5.0818577,4.306298,3073,0.903542459011078
10X_P4_7_TGAGAGGGTCGCTTTC,3-M-8,B cell,0,B cell,-1.8772622,1.3405883,3074,0.548675000667572
10X_P4_7_TGAGAGGGTGAACCTT,3-M-8,B cell,7,Unmatched_7,-5.562633,0.90710187,3075,1.6205012798309326
10X_P4_7_TGAGAGGTCCCATTAT,3-M-8,B cell,4,Unmatched_4,-5.1443267,3.010649,3076,1.1089884042739868
10X_P4_7_TGAGCATAGATGAGAG,3-M-8,B cell,0,B cell,-1.9845188,2.6034389,3077,1.1599715948104858
10X_P4_7_TGAGCATAGGACATTA,3-M-8,B cell,0,B cell,0.14103827,1.8297739,3078,0.832258939743042
10X_P4_7_TGAGCATAGGTGCACA,3-M-8,B cell,0,B cell,-3.7321718,1.1740544,3079,0.7874373197555542
10X_P4_7_TGAGCATAGTCGAGTG,3-M-8,T cell,2,Unmatched_2,2.4200904,25.451012,3080,0.832148015499115
10X_P4_7_TGAGCATCACTAAGTC,3-M-8,B cell,0,B cell,0.32936728,0.13670866,3081,0.6744371652603149
10X_P4_7_TGAGCATCACTGTGTA,3-M-8,B cell,1,Unmatched_1,-2.262682,5.78615,3082,0.5720544457435608
10X_P4_7_TGAGCATCAGACGTAG,3-M-8,B cell,1,Unmatched_1,-4.9136057,3.2313,3083,0.8820482492446899
10X_P4_7_TGAGCATTCCCGGATG,3-M-8,B cell,0,B cell,-0.21234763,-0.3563522,3084,0.5839065909385681
10X_P4_7_TGAGCATTCGTAGATC,3-M-8,B cell,4,Unmatched_4,-4.0115356,3.865772,3085,1.6055071353912354
10X_P4_7_TGAGCATTCTGTCTAT,3-M-8,B cell,1,Unmatched_1,-1.7801306,4.949295,3086,0.548438310623169
10X_P4_7_TGAGCCGAGACCACGA,3-M-8,B cell,0,B cell,-3.1064658,0.5564619,3087,0.4457008838653564
10X_P4_7_TGAGCCGAGTGCGATG,3-M-8,B cell,1,Unmatched_1,-2.7098646,4.4357605,3088,0.9532570838928224
10X_P4_7_TGAGCCGAGTTTGCGT,3-M-8,T cell,2,Unmatched_2,2.0679626,25.45249,3089,1.28411865234375
10X_P4_7_TGAGCCGCAGCCAGAA,3-M-8,T cell,2,Unmatched_2,4.3255816,26.568434,3090,1.3361910581588743
10X_P4_7_TGAGCCGGTTCCCTTG,3-M-8,B cell,0,B cell,-3.006568,0.6051928,3091,1.1777760982513428
10X_P4_7_TGAGGGAAGCAGCCTC,3-M-8,B cell,0,B cell,-0.5168744,0.4250103,3092,1.30707049369812
10X_P4_7_TGAGGGAAGCCGTCGT,3-M-8,B cell,0,B cell,0.20928425,0.110509835,3093,0.420258104801178
10X_P4_7_TGAGGGACAGGGTTAG,3-M-8,B cell,4,Unmatched_4,-3.7961807,3.25655,3094,1.1581690311431885
10X_P4_7_TGAGGGAGTCAACATC,3-M-8,B cell,0,B cell,-2.8894258,2.5718973,3095,1.0172932147979736
10X_P4_7_TGAGGGAGTGAGGGAG,3-M-8,B cell,0,B cell,-3.3586507,-0.648753,3096,0.9173598289489746
10X_P4_7_TGAGGGATCACCCGAG,3-M-8,B cell,0,B cell,-0.39370075,-0.54124624,3097,0.5199887752532959
10X_P4_7_TGAGGGATCCGAACGC,3-M-8,natural killer cell,6,natural killer cell,6.9521055,25.857391,3098,2.138317584991455
10X_P4_7_TGAGGGATCTCGGACG,3-M-8,T cell,3,T cell,3.3335886,24.17463,3099,1.1714197397232056
10X_P4_7_TGATTTCAGCGTGAGT,3-M-8,B cell,11,Unmatched_11,-2.859137,6.456792,3100,0.8855947256088257
10X_P4_7_TGATTTCAGGCCGAAT,3-M-8,B cell,0,B cell,-3.2611244,1.5097436,3101,0.5219587087631226
10X_P4_7_TGATTTCAGGGAACGG,3-M-8,macrophage,8,Unmatched_8,10.39333,12.108824,3102,2.7471766471862797
10X_P4_7_TGATTTCGTCATCCCT,3-M-8,B cell,0,B cell,-3.5071347,-0.070235014,3103,0.5873090028762817
10X_P4_7_TGATTTCGTCTCTTTA,3-M-8,B cell,0,B cell,-1.5314693,2.5608354,3104,0.8034484386444092
10X_P4_7_TGATTTCTCATTGCGA,3-M-8,B cell,0,B cell,-2.785348,2.5977614,3105,1.1039122343063354
10X_P4_7_TGATTTCTCCACTCCA,3-M-8,B cell,0,B cell,-2.1816394,2.1844106,3106,0.6057767271995544
10X_P4_7_TGCACCTAGAGTACCG,3-M-8,B cell,1,Unmatched_1,-2.8053691,4.168528,3107,1.1985409259796145
10X_P4_7_TGCACCTAGCCCAACC,3-M-8,B cell,1,Unmatched_1,-1.1364521,6.224089,3108,0.5067668557167053
10X_P4_7_TGCACCTCACGAAACG,3-M-8,B cell,0,B cell,-0.2626267,-0.70944875,3109,0.6488410234451294
10X_P4_7_TGCACCTCACGAAGCA,3-M-8,B cell,0,B cell,-0.65264106,2.197078,3110,0.660813570022583
10X_P4_7_TGCACCTTCAGTTTGG,3-M-8,B cell,0,B cell,-2.6599636,2.2052548,3111,0.519582986831665
10X_P4_7_TGCACCTTCTCGCATC,3-M-8,B cell,4,Unmatched_4,-4.9527116,4.416118,3112,0.686817467212677
10X_P4_7_TGCCAAAAGCAATATG,3-M-8,B cell,4,Unmatched_4,-4.0089493,4.128344,3113,0.8090196847915649
10X_P4_7_TGCCAAAAGCCACTAT,3-M-8,macrophage,5,macrophage,11.231745,14.513427,3114,1.458319067955017
10X_P4_7_TGCCAAAAGGGCTTGA,3-M-8,B cell,0,B cell,-0.91026515,0.12998076,3115,0.6699646711349487
10X_P4_7_TGCCAAACACGTTGGC,3-M-8,B cell,0,B cell,-2.0300572,-0.8452689,3116,0.6617032885551453
10X_P4_7_TGCCAAACAGTATCTG,3-M-8,B cell,0,B cell,-3.2867866,-0.63049257,3117,0.6927436590194702
10X_P4_7_TGCCAAAGTCCTAGCG,3-M-8,B cell,1,Unmatched_1,-3.978132,6.424576,3118,0.7764618992805481
10X_P4_7_TGCCAAATCAGCTTAG,3-M-8,B cell,0,B cell,-4.7554245,0.32250002,3119,1.3530564308166504
10X_P4_7_TGCCAAATCGCATGAT,3-M-8,B cell,0,B cell,0.15090057,-0.34064817,3120,0.5101138353347778
10X_P4_7_TGCCAAATCTAGCACA,3-M-8,B cell,0,B cell,-2.060754,2.22838,3121,0.5351300835609436
10X_P4_7_TGCCCATAGGGTGTTG,3-M-8,dendritic cell,10,dendritic cell,15.836732,-0.003109359,3122,3.534819364547729
10X_P4_7_TGCCCATCAGCCAGAA,3-M-8,B cell,0,B cell,-1.547755,1.7402945,3123,0.6362026929855347
10X_P4_7_TGCCCATCAGCGATCC,3-M-8,B cell,5,macrophage,-2.937662,-1.1491352,3124,1.0110889673233032
10X_P4_7_TGCCCATCATAGTAAG,3-M-8,B cell,0,B cell,-0.31119174,-0.98922366,3125,0.6409743428230286
10X_P4_7_TGCCCATGTTTGTTGG,3-M-8,B cell,0,B cell,0.20430264,0.03762975,3126,0.604741632938385
10X_P4_7_TGCCCATTCAAGGTAA,3-M-8,B cell,1,Unmatched_1,-1.3768263,5.187853,3127,0.446489155292511
10X_P4_7_TGCCCATTCAGATAAG,3-M-8,B cell,4,Unmatched_4,-3.947146,4.388237,3128,0.9902676343917848
10X_P4_7_TGCCCATTCAGTCCCT,3-M-8,B cell,12,Unmatched_12,9.190123,9.67662,3129,4.844853401184082
10X_P4_7_TGCCCTACACAGAGGT,3-M-8,B cell,1,Unmatched_1,-1.2910261,6.226271,3130,0.5456339120864868
10X_P4_7_TGCCCTACAGGATCGA,3-M-8,macrophage,5,macrophage,13.148022,15.211694,3131,2.330097198486328
10X_P4_7_TGCCCTAGTGGTACAG,3-M-8,B cell,0,B cell,-0.55898595,0.14815405,3132,0.6437302231788635
10X_P4_7_TGCCCTAGTTCGGCAC,3-M-8,B cell,0,B cell,-0.15038776,0.34956303,3133,1.0057588815689087
10X_P4_7_TGCGCAGAGGTTACCT,3-M-8,B cell,0,B cell,-1.7259235,-0.46842667,3134,0.6233280897140503
10X_P4_7_TGCGCAGCAATCGGTT,3-M-8,B cell,6,natural killer cell,0.76535004,2.915506,3135,0.5667769312858582
10X_P4_7_TGCGCAGCAATTCCTT,3-M-8,macrophage,8,Unmatched_8,10.037358,12.347392,3136,2.2923953533172607
10X_P4_7_TGCGCAGCACCTGGTG,3-M-8,B cell,0,B cell,-2.79011,-0.6068608,3137,1.134482979774475
10X_P4_7_TGCGCAGCATCTACGA,3-M-8,T cell,2,Unmatched_2,4.717602,26.441368,3138,1.4712125062942505
10X_P4_7_TGCGCAGCATCTCCCA,3-M-8,B cell,0,B cell,0.12825572,1.9065424,3139,0.974786341190338
10X_P4_7_TGCGCAGGTCCCTACT,3-M-8,T cell,3,T cell,3.0378747,23.338419,3140,0.6148821115493774
10X_P4_7_TGCGCAGGTGAAAGAG,3-M-8,B cell,0,B cell,-5.0151634,0.58798516,3141,1.171980619430542
10X_P4_7_TGCGCAGGTGACAAAT,3-M-8,B cell,0,B cell,-0.11220545,1.7819358,3142,0.8076297044754028
10X_P4_7_TGCGCAGTCGTGACAT,3-M-8,B cell,1,Unmatched_1,-3.8359668,5.9682803,3143,1.237419843673706
10X_P4_7_TGCGGGTAGAAACGAG,3-M-8,B cell,1,Unmatched_1,-3.0811229,4.5069246,3144,1.0867496728897097
10X_P4_7_TGCGGGTAGACAAAGG,3-M-8,macrophage,5,macrophage,11.851641,14.624965,3145,1.941710948944092
10X_P4_7_TGCGGGTAGGACAGCT,3-M-8,T cell,3,T cell,3.376031,23.684416,3146,0.6121309399604797
10X_P4_7_TGCGGGTAGTGCCATT,3-M-8,B cell,0,B cell,-0.8975853,0.5298668,3147,0.9656797647476196
10X_P4_7_TGCGGGTGTAGAAGGA,3-M-8,B cell,0,B cell,-1.3610119,-0.16127028,3148,0.8683488965034485
10X_P4_7_TGCGGGTGTGACGGTA,3-M-8,B cell,1,Unmatched_1,-2.406604,6.072531,3149,0.7806485891342163
10X_P4_7_TGCGGGTGTTACGTCA,3-M-8,B cell,0,B cell,-2.4476733,3.129141,3150,0.8360154032707214
10X_P4_7_TGCGGGTTCACATGCA,3-M-8,T cell,2,Unmatched_2,2.638284,26.264294,3151,0.9767922163009644
10X_P4_7_TGCGGGTTCTTTACGT,3-M-8,B cell,11,Unmatched_11,-3.6648443,7.719281,3152,5.109276294708252
10X_P4_7_TGCGTGGAGCTAACTC,3-M-8,B cell,7,Unmatched_7,-5.353905,1.3327512,3153,1.0026638507843018
10X_P4_7_TGCGTGGAGGATCGCA,3-M-8,B cell,4,Unmatched_4,9.170506,14.10135,3154,1.5988898277282717
10X_P4_7_TGCGTGGCACCGCTAG,3-M-8,B cell,0,B cell,-0.31950983,1.0380096,3155,0.7614189386367798
10X_P4_7_TGCGTGGCAGCCTATA,3-M-8,B cell,4,Unmatched_4,-4.1568193,4.1866374,3156,0.9131710529327391
10X_P4_7_TGCGTGGGTGACAAAT,3-M-8,B cell,0,B cell,-2.0588424,0.7790437,3157,0.5315179228782654
10X_P4_7_TGCGTGGGTGCAGACA,3-M-8,B cell,7,Unmatched_7,-5.6435,1.1364815,3158,1.1585187911987305
10X_P4_7_TGCGTGGGTTGTCGCG,3-M-8,B cell,0,B cell,-3.7777252,2.4174876,3159,0.9314737319946288
10X_P4_7_TGCTACCAGGTGCTAG,3-M-8,B cell,0,B cell,-1.4580432,0.729403,3160,0.5425546765327454
10X_P4_7_TGCTACCAGGTGCTTT,3-M-8,B cell,4,Unmatched_4,-3.4004219,4.0426545,3161,0.7490578889846802
10X_P4_7_TGCTACCGTCCTCCAT,3-M-8,B cell,7,Unmatched_7,-5.4418273,1.3742434,3162,1.3134973049163818
10X_P4_7_TGCTACCTCCGCTGTT,3-M-8,B cell,4,Unmatched_4,9.184374,14.087387,3163,1.7014495134353638
10X_P4_7_TGCTACCTCTCGCTTG,3-M-8,B cell,0,B cell,-3.2242913,2.880957,3164,0.90824294090271
10X_P4_7_TGCTGCTAGCAGGTCA,3-M-8,T cell,3,T cell,3.2000039,22.795883,3165,0.7740308046340942
10X_P4_7_TGCTGCTAGTATCTCG,3-M-8,B cell,4,Unmatched_4,9.22435,14.073129,3166,1.9422581195831297
10X_P4_7_TGCTGCTAGTCTCAAC,3-M-8,B cell,0,B cell,-0.32399583,0.16836697,3167,0.5031499862670898
10X_P4_7_TGCTGCTCACGAAACG,3-M-8,B cell,0,B cell,-0.5083576,1.9906983,3168,1.1656874418258667
10X_P4_7_TGCTGCTTCACCAGGC,3-M-8,B cell,0,B cell,-0.26765648,-0.8599118,3169,0.5852096676826477
10X_P4_7_TGCTGCTTCCAGATCA,3-M-8,B cell,0,B cell,-4.961215,0.43032235,3170,1.2296687364578247
10X_P4_7_TGCTGCTTCGACAGCC,3-M-8,B cell,1,Unmatched_1,-2.8724792,4.1278343,3171,0.9763630628585817
10X_P4_7_TGGACGCAGTTAGCGG,3-M-8,T cell,3,T cell,3.6851537,23.11353,3172,0.6612294316291809
10X_P4_7_TGGACGCCACGAGGTA,3-M-8,B cell,0,B cell,-2.0247872,1.6272055,3173,0.519556999206543
10X_P4_7_TGGACGCGTCCAAGTT,3-M-8,B cell,0,B cell,-1.0810081,1.539491,3174,0.4949296712875366
10X_P4_7_TGGACGCTCACATACG,3-M-8,B cell,0,B cell,-1.6095275,3.5071013,3175,0.673500657081604
10X_P4_7_TGGACGCTCAGAGACG,3-M-8,B cell,0,B cell,-1.6709578,0.56002235,3176,0.6837505102157593
10X_P4_7_TGGACGCTCCCTCAGT,3-M-8,B cell,0,B cell,-2.3408248,0.6058982,3177,0.7078232765197754
10X_P4_7_TGGCCAGAGACAGGCT,3-M-8,B cell,0,B cell,-0.14662026,-0.24274246,3178,0.6186426281929016
10X_P4_7_TGGCCAGAGATCGGGT,3-M-8,B cell,4,Unmatched_4,-4.095877,3.9732165,3179,0.9022667407989502
10X_P4_7_TGGCCAGCAGTGGAGT,3-M-8,B cell,0,B cell,-0.0079981135,-0.06208613,3180,0.9245015978813172
10X_P4_7_TGGCCAGCAGTGGGAT,3-M-8,T cell,3,T cell,3.582769,23.095995,3181,1.141234040260315
10X_P4_7_TGGCCAGGTCAATGTC,3-M-8,T cell,3,T cell,4.7626433,24.457726,3182,1.1300026178359983
10X_P4_7_TGGCCAGTCTCATTCA,3-M-8,T cell,3,T cell,4.469891,24.322226,3183,0.8666697144508362
10X_P4_7_TGGCCAGTCTGACCTC,3-M-8,B cell,1,Unmatched_1,-1.8109349,4.0991783,3184,1.0483160018920898
10X_P4_7_TGGCGCAAGAGCTGGT,3-M-8,T cell,2,Unmatched_2,4.154838,25.801384,3185,1.5447003841400146
10X_P4_7_TGGCGCAAGCCGCCTA,3-M-8,B cell,0,B cell,-3.786402,2.4213555,3186,0.6482464671134949
10X_P4_7_TGGCGCAAGCTACCTA,3-M-8,B cell,0,B cell,-1.3610749,-1.4018854,3187,0.7081553936004639
10X_P4_7_TGGCGCACAATGTTGC,3-M-8,B cell,0,B cell,-2.011441,1.3180832,3188,0.9897313117980956
10X_P4_7_TGGCGCATCAACACAC,3-M-8,B cell,1,Unmatched_1,-1.7621788,6.3520246,3189,0.5673856735229492
10X_P4_7_TGGCGCATCCTAGTGA,3-M-8,B cell,1,Unmatched_1,-2.3338556,6.10757,3190,0.8053927421569824
10X_P4_7_TGGCGCATCTTGTATC,3-M-8,B cell,0,B cell,-0.54554504,0.85565007,3191,0.781460702419281
10X_P4_7_TGGCTGGCACAAGACG,3-M-8,T cell,3,T cell,3.9322119,23.780828,3192,0.7806650400161743
10X_P4_7_TGGCTGGCATCCTTGC,3-M-8,B cell,1,Unmatched_1,-2.3087869,5.9771647,3193,0.6530901789665222
10X_P4_7_TGGCTGGCATTTGCCC,3-M-8,T cell,2,Unmatched_2,2.4711797,25.305891,3194,0.8831900358200073
10X_P4_7_TGGCTGGGTCGCTTCT,3-M-8,B cell,11,Unmatched_11,-3.705563,7.770201,3195,5.109276294708252
10X_P4_7_TGGCTGGTCCCTAACC,3-M-8,B cell,0,B cell,-2.34897,1.991786,3196,0.6237159967422485
10X_P4_7_TGGCTGGTCTTACCTA,3-M-8,B cell,0,B cell,-2.8800254,0.7069909,3197,0.5306971073150635
10X_P4_7_TGGGAAGAGAACAACT,3-M-8,B cell,0,B cell,-1.1204439,0.39161912,3198,0.6176130175590515
10X_P4_7_TGGGAAGAGGCCATAG,3-M-8,B cell,1,Unmatched_1,-1.0611353,6.3055563,3199,0.6226677298545837
10X_P4_7_TGGGAAGCAAGCCGTC,3-M-8,B cell,0,B cell,0.09911071,-0.5017595,3200,0.5680161714553833
10X_P4_7_TGGGAAGCACGGCTAC,3-M-8,B cell,4,Unmatched_4,-4.8353834,3.1542392,3201,1.0466209650039673
10X_P4_7_TGGGAAGGTTCCCTTG,3-M-8,macrophage,5,macrophage,13.432414,15.407147,3202,1.8573273420333865
10X_P4_7_TGGGAAGTCCTTCAAT,3-M-8,B cell,4,Unmatched_4,-2.4988687,8.77547,3203,0.8571247458457947
10X_P4_7_TGGGAAGTCGCACTCT,3-M-8,T cell,2,Unmatched_2,4.1456017,26.54854,3204,1.2772830724716189
10X_P4_7_TGGGCGTAGGTGCTAG,3-M-8,T cell,2,Unmatched_2,2.97572,25.660576,3205,1.0103082656860352
10X_P4_7_TGGGCGTAGTGTGGCA,3-M-8,B cell,0,B cell,-1.2520641,3.222233,3206,1.120583415031433
10X_P4_7_TGGGCGTCACCTCGGA,3-M-8,B cell,4,Unmatched_4,-4.8387856,4.424055,3207,1.3041095733642578
10X_P4_7_TGGGCGTCAGATCTGT,3-M-8,B cell,0,B cell,-2.180219,0.9717339,3208,0.39969003200531
10X_P4_7_TGGGCGTGTCTGATCA,3-M-8,macrophage,8,Unmatched_8,9.978575,12.405543,3209,2.6979198455810547
10X_P4_7_TGGGCGTTCACATACG,3-M-8,B cell,0,B cell,-0.8854316,0.28248048,3210,0.5621376633644104
10X_P4_7_TGGGCGTTCAGCCTAA,3-M-8,dendritic cell,10,dendritic cell,15.875658,-0.042619113,3211,3.885163307189941
10X_P4_7_TGGGCGTTCTACTTAC,3-M-8,B cell,0,B cell,-2.7515578,1.5485355,3212,0.4364533126354217
10X_P4_7_TGGTTAGCACATTTCT,3-M-8,B cell,13,Unmatched_13,13.090021,13.580841,3213,0.5925208926200867
10X_P4_7_TGGTTAGGTAGAGTGC,3-M-8,B cell,0,B cell,-3.7229483,1.5316664,3214,0.5787571668624878
10X_P4_7_TGGTTAGGTAGGGACT,3-M-8,macrophage,5,macrophage,11.862959,14.628076,3215,2.8559908866882324
10X_P4_7_TGGTTAGGTCTCACCT,3-M-8,B cell,7,Unmatched_7,-5.6973076,1.1863781,3216,1.3445440530776978
10X_P4_7_TGGTTAGTCCTCTAGC,3-M-8,B cell,0,B cell,-0.549671,-0.6327891,3217,0.5070061087608337
10X_P4_7_TGGTTAGTCGTGGGAA,3-M-8,B cell,0,B cell,-2.1415725,-0.023428025,3218,0.6335965991020203
10X_P4_7_TGGTTCCAGAGCAATT,3-M-8,B cell,0,B cell,-1.288173,-0.30828586,3219,0.903285801410675
10X_P4_7_TGGTTCCAGTGTCTCA,3-M-8,B cell,0,B cell,-3.2355986,4.1946125,3220,0.9667078256607056
10X_P4_7_TGGTTCCCAACTTGAC,3-M-8,B cell,0,B cell,-1.2849792,0.24847272,3221,0.7493300437927246
10X_P4_7_TGGTTCCCAAGTCTGT,3-M-8,B cell,7,Unmatched_7,-5.1218305,1.3055979,3222,1.0318454504013062
10X_P4_7_TGGTTCCCAATGCCAT,3-M-8,B cell,0,B cell,-2.58612,1.6513951,3223,0.4251116514205932
10X_P4_7_TGGTTCCCACTCGACG,3-M-8,B cell,7,Unmatched_7,-5.5280685,0.8218909,3224,1.446738600730896
10X_P4_7_TGGTTCCGTCCTCTTG,3-M-8,B cell,0,B cell,-1.6804096,3.988139,3225,0.8165128827095032
10X_P4_7_TGGTTCCGTCTTGCGG,3-M-8,B cell,0,B cell,-0.8720739,-1.3693404,3226,1.0930137634277344
10X_P4_7_TGGTTCCTCTCGTATT,3-M-8,B cell,1,Unmatched_1,-3.1555133,6.1796327,3227,0.5142784118652344
10X_P4_7_TGGTTCCTCTTTCCTC,3-M-8,B cell,0,B cell,-3.9573913,-0.0049927426,3228,1.1297880411148071
10X_P4_7_TGTATTCAGCCCTAAT,3-M-8,T cell,9,Unmatched_9,7.1267133,23.562468,3229,1.7315257787704468
10X_P4_7_TGTATTCAGTAGCCGA,3-M-8,B cell,0,B cell,-4.1931734,2.8116808,3230,1.5421935319900513
10X_P4_7_TGTATTCAGTTTCCTT,3-M-8,B cell,0,B cell,-2.115699,-0.81247056,3231,0.5838269591331482
10X_P4_7_TGTATTCCACGGTAGA,3-M-8,natural killer cell,6,natural killer cell,6.976751,25.969275,3232,1.9253093004226685
10X_P4_7_TGTATTCCATCACGTA,3-M-8,B cell,0,B cell,-1.4034635,2.7807002,3233,0.9823287725448608
10X_P4_7_TGTATTCGTGCACTTA,3-M-8,B cell,0,B cell,0.13258593,1.9450759,3234,0.9782407879829408
10X_P4_7_TGTATTCGTTAAGATG,3-M-8,B cell,0,B cell,0.024222678,1.9691901,3235,0.9601982831954956
10X_P4_7_TGTATTCTCACTTACT,3-M-8,B cell,0,B cell,-1.580628,0.44497764,3236,0.5492427945137024
10X_P4_7_TGTATTCTCTGCAGTA,3-M-8,B cell,0,B cell,-1.4473495,0.528087,3237,0.5214595794677734
10X_P4_7_TGTCCCAAGAGATGAG,3-M-8,B cell,0,B cell,-2.2661264,0.11377749,3238,0.43679940700531
10X_P4_7_TGTCCCACACAAGCCC,3-M-8,B cell,0,B cell,-0.26441878,-0.36678797,3239,0.8718995451927185
10X_P4_7_TGTCCCACAGGCTCAC,3-M-8,B cell,0,B cell,-0.795449,-1.2360771,3240,0.6883871555328369
10X_P4_7_TGTCCCACATTAACCG,3-M-8,B cell,0,B cell,-0.31565356,0.19610563,3241,0.4799525141716003
10X_P4_7_TGTCCCATCCTCATTA,3-M-8,B cell,0,B cell,-2.449861,-0.078972146,3242,0.9205613136291504
10X_P4_7_TGTCCCATCGCAAACT,3-M-8,B cell,0,B cell,-1.4641945,-0.095422074,3243,0.6767826676368713
10X_P4_7_TGTGGTAAGAAACGAG,3-M-8,B cell,0,B cell,0.10473736,1.8881879,3244,1.447458028793335
10X_P4_7_TGTGGTAAGAATCTCC,3-M-8,B cell,0,B cell,-3.074951,1.2799469,3245,0.488051176071167
10X_P4_7_TGTGGTAAGATCCGAG,3-M-8,B cell,0,B cell,-1.8897846,0.9366522,3246,0.5333844423294067
10X_P4_7_TGTGGTACACCTCGGA,3-M-8,macrophage,5,macrophage,13.443419,15.418575,3247,2.1994879245758057
10X_P4_7_TGTGGTAGTAAGTGTA,3-M-8,T cell,3,T cell,5.2671113,24.857784,3248,1.064700722694397
10X_P4_7_TGTGGTATCGTACCGG,3-M-8,B cell,0,B cell,-2.0039425,3.0145535,3249,0.6082335114479065
10X_P4_7_TGTGGTATCTCAAGTG,3-M-8,B cell,0,B cell,-0.78487724,1.7201082,3250,0.6943544745445251
10X_P4_7_TGTGTTTAGACTCGGA,3-M-8,macrophage,8,Unmatched_8,10.704841,11.755051,3251,3.646089553833008
10X_P4_7_TGTGTTTCACAGTCGC,3-M-8,B cell,0,B cell,-2.362365,3.6042147,3252,0.8387081623077393
10X_P4_7_TGTGTTTGTCTAGAGG,3-M-8,T cell,3,T cell,4.110677,24.867327,3253,1.39865243434906
10X_P4_7_TGTGTTTGTTATCGGT,3-M-8,T cell,2,Unmatched_2,2.6373503,26.304176,3254,0.7662273645401001
10X_P4_7_TGTGTTTGTTCCACGG,3-M-8,B cell,1,Unmatched_1,-0.94079983,5.9931965,3255,0.8608623743057251
10X_P4_7_TGTGTTTTCAGGTAAA,3-M-8,B cell,4,Unmatched_4,-4.165798,4.1574707,3256,0.9457539319992064
10X_P4_7_TGTTCCGCAATCTACG,3-M-8,natural killer cell,6,natural killer cell,6.914253,25.825117,3257,1.865394592285156
10X_P4_7_TGTTCCGCATATACGC,3-M-8,B cell,0,B cell,-0.89807343,-1.1585786,3258,1.063689947128296
10X_P4_7_TGTTCCGCATTGTGCA,3-M-8,B cell,0,B cell,-1.8774391,0.5385546,3259,0.5190371870994568
10X_P4_7_TGTTCCGGTGGTCCGT,3-M-8,B cell,0,B cell,-2.9531457,1.1159754,3260,0.4716449081897735
10X_P4_7_TTAACTCAGCGTAGTG,3-M-8,B cell,1,Unmatched_1,-0.8175331,5.868914,3261,0.7496755123138428
10X_P4_7_TTAACTCAGTGGACGT,3-M-8,B cell,1,Unmatched_1,-2.7651823,4.966009,3262,0.9846774339675904
10X_P4_7_TTAACTCCATCCTAGA,3-M-8,B cell,0,B cell,-4.8862524,0.42976573,3263,0.8778613209724426
10X_P4_7_TTAACTCGTCTAAACC,3-M-8,B cell,7,Unmatched_7,-5.5764036,1.1262425,3264,1.2761095762252808
10X_P4_7_TTAGGACAGCCTCGTG,3-M-8,B cell,0,B cell,-1.7596415,3.1713498,3265,1.2867748737335205
10X_P4_7_TTAGGACCACGGTAAG,3-M-8,B cell,0,B cell,-3.0325322,1.1138943,3266,0.4742924869060516
10X_P4_7_TTAGGACCATGAAGTA,3-M-8,B cell,1,Unmatched_1,-1.8937379,4.283275,3267,0.986365795135498
10X_P4_7_TTAGGACTCGTTACGA,3-M-8,B cell,0,B cell,-0.9761142,0.7532688,3268,0.7933478951454163
10X_P4_7_TTAGGCAAGACAGGCT,3-M-8,T cell,2,Unmatched_2,1.7444859,25.60011,3269,0.9370574951171876
10X_P4_7_TTAGGCAGTCACCTAA,3-M-8,B cell,4,Unmatched_4,-4.902305,4.2944803,3270,1.0002093315124512
10X_P4_7_TTAGGCAGTCGCTTCT,3-M-8,T cell,2,Unmatched_2,4.538743,25.93947,3271,1.1418612003326416
10X_P4_7_TTAGGCAGTGAGTGAC,3-M-8,B cell,1,Unmatched_1,-2.5014367,4.7090397,3272,0.6859001517295837
10X_P4_7_TTAGGCAGTTTGGCGC,3-M-8,B cell,0,B cell,-0.7482759,1.2302492,3273,0.7543075084686279
10X_P4_7_TTAGGCATCATCACCC,3-M-8,B cell,7,Unmatched_7,-5.384964,1.3134257,3274,1.6857056617736816
10X_P4_7_TTAGTTCCAGCTATTG,3-M-8,B cell,0,B cell,-3.257402,0.72764736,3275,0.473455011844635
10X_P4_7_TTAGTTCTCGCAAACT,3-M-8,T cell,3,T cell,3.0698187,23.462755,3276,0.6357765197753906
10X_P4_7_TTATGCTAGTACCGGA,3-M-8,T cell,3,T cell,3.299792,22.77677,3277,0.6453453302383423
10X_P4_7_TTATGCTAGTGTCCAT,3-M-8,natural killer cell,6,natural killer cell,7.1052685,26.491068,3278,2.195178270339966
10X_P4_7_TTATGCTCAGCCTGTG,3-M-8,B cell,0,B cell,-1.5259076,-0.8970168,3279,0.6819819211959839
10X_P4_7_TTATGCTGTACATCCA,3-M-8,B cell,0,B cell,-1.9703761,2.959796,3280,0.9212799668312072
10X_P4_7_TTATGCTGTTTAAGCC,3-M-8,B cell,4,Unmatched_4,-4.514349,3.3550928,3281,1.3225897550582886
10X_P4_7_TTATGCTGTTTGGCGC,3-M-8,B cell,0,B cell,-2.2960086,2.0288308,3282,0.440460056066513
10X_P4_7_TTATGCTTCACGATGT,3-M-8,B cell,0,B cell,-4.3884244,3.070705,3283,0.9684106707572936
10X_P4_7_TTATGCTTCAGGATCT,3-M-8,B cell,0,B cell,-0.062359683,0.44697133,3284,0.5243874192237854
10X_P4_7_TTATGCTTCCTTGGTC,3-M-8,B cell,0,B cell,-3.9561412,2.026306,3285,1.0331907272338867
10X_P4_7_TTATGCTTCGTTGCCT,3-M-8,B cell,0,B cell,-5.019625,0.56886333,3286,1.6375792026519775
10X_P4_7_TTATGCTTCTATCCCG,3-M-8,T cell,3,T cell,3.6033175,22.804821,3287,0.7103680968284607
10X_P4_7_TTCCCAGCAGCTGGCT,3-M-8,macrophage,8,Unmatched_8,10.707798,11.750724,3288,3.646089553833008
10X_P4_7_TTCCCAGTCGTTGCCT,3-M-8,dendritic cell,10,dendritic cell,15.836173,-0.0025549724,3289,3.0094597339630127
10X_P4_7_TTCGAAGAGGGATACC,3-M-8,B cell,0,B cell,-1.4542124,1.0831107,3290,0.8790189027786255
10X_P4_7_TTCGAAGAGTACGTTC,3-M-8,T cell,3,T cell,3.5736961,23.071365,3291,0.9066429138183594
10X_P4_7_TTCGAAGCACAGATTC,3-M-8,T cell,3,T cell,3.428882,23.710245,3292,0.5473641753196716
10X_P4_7_TTCGAAGCAGTATGCT,3-M-8,T cell,2,Unmatched_2,2.3600624,26.151588,3293,0.6574500799179077
10X_P4_7_TTCGAAGGTAGCGCAA,3-M-8,B cell,0,B cell,-0.22244608,0.90961844,3294,0.5101982951164246
10X_P4_7_TTCGAAGGTCGCGAAA,3-M-8,T cell,2,Unmatched_2,4.8223095,26.665323,3295,1.7696692943572998
10X_P4_7_TTCGAAGGTCTCGTTC,3-M-8,B cell,7,Unmatched_7,-5.093998,1.2631621,3296,1.2075880765914917
10X_P4_7_TTCGAAGTCTGGAGCC,3-M-8,T cell,3,T cell,3.824361,24.321701,3297,0.760435938835144
10X_P4_7_TTCGAAGTCTTACCGC,3-M-8,B cell,1,Unmatched_1,-1.477099,6.1283054,3298,0.8831735849380493
10X_P4_7_TTCGGTCCATGAACCT,3-M-8,T cell,9,Unmatched_9,6.985997,23.700308,3299,2.2405333518981934
10X_P4_7_TTCGGTCGTGATAAGT,3-M-8,B cell,1,Unmatched_1,-2.2482889,5.2235684,3300,0.554761528968811
10X_P4_7_TTCGGTCTCCTCGCAT,3-M-8,T cell,2,Unmatched_2,2.2988465,25.399246,3301,0.7664785385131836
10X_P4_7_TTCGGTCTCGGTGTCG,3-M-8,B cell,0,B cell,-1.5718869,1.9102069,3302,1.027175784111023
10X_P4_7_TTCGGTCTCTGAGGGA,3-M-8,B cell,0,B cell,-3.821495,-0.5258051,3303,0.9268306493759156
10X_P4_7_TTCTACAAGGTGTGGT,3-M-8,B cell,1,Unmatched_1,-2.0533626,6.199615,3304,0.7440521121025085
10X_P4_7_TTCTACACAAGGCTCC,3-M-8,T cell,2,Unmatched_2,2.5875568,25.0716,3305,1.2620649337768557
10X_P4_7_TTCTACAGTGACTACT,3-M-8,B cell,0,B cell,-0.3487665,0.6505123,3306,0.7154163718223572
10X_P4_7_TTCTACAGTTGAACTC,3-M-8,B cell,0,B cell,-0.8766292,-0.31537813,3307,0.6206965446472168
10X_P4_7_TTCTACATCTATGTGG,3-M-8,B cell,0,B cell,-2.821603,1.1153728,3308,0.4631485044956207
10X_P4_7_TTCTACATCTGCAGTA,3-M-8,B cell,1,Unmatched_1,-0.8432642,5.805139,3309,0.6993735432624817
10X_P4_7_TTCTCAAAGTCCATAC,3-M-8,B cell,1,Unmatched_1,-2.9012625,4.654689,3310,0.7470678687095642
10X_P4_7_TTCTCAACAGGTGCCT,3-M-8,B cell,0,B cell,-2.012974,2.9309711,3311,0.8678680658340454
10X_P4_7_TTCTCAACAGTAGAGC,3-M-8,B cell,0,B cell,-2.0224495,0.24341086,3312,0.5701962113380432
10X_P4_7_TTCTCAAGTAGTAGTA,3-M-8,B cell,4,Unmatched_4,8.908966,14.277463,3313,1.440518140792847
10X_P4_7_TTCTCAAGTATCTGCA,3-M-8,B cell,1,Unmatched_1,-0.95415235,5.949904,3314,0.5174161195755005
10X_P4_7_TTCTCAAGTCATGCCG,3-M-8,B cell,4,Unmatched_4,-4.9546394,3.1930642,3315,0.7236843109130859
10X_P4_7_TTCTCAAGTCGGCTCA,3-M-8,B cell,0,B cell,-2.5695977,0.6140937,3316,0.4883727431297302
10X_P4_7_TTCTCAAGTCTCGTTC,3-M-8,macrophage,8,Unmatched_8,10.061296,12.330555,3317,2.854891061782837
10X_P4_7_TTCTCAAGTGTGGCTC,3-M-8,macrophage,5,macrophage,12.859187,15.015385,3318,2.3801076412200928
10X_P4_7_TTCTCAATCAAAGTAG,3-M-8,B cell,0,B cell,-1.880004,1.2222052,3319,0.4867032170295715
10X_P4_7_TTCTCAATCTCTAGGA,3-M-8,B cell,0,B cell,-2.6511283,2.6270869,3320,0.7229109406471252
10X_P4_7_TTCTCAATCTGTACGA,3-M-8,B cell,7,Unmatched_7,-5.180753,1.3379917,3321,1.1546785831451416
10X_P4_7_TTCTCCTAGAACTCGG,3-M-8,B cell,4,Unmatched_4,-2.6361434,8.549789,3322,1.21574866771698
10X_P4_7_TTCTCCTAGAGTTGGC,3-M-8,B cell,0,B cell,-1.1337627,1.3099406,3323,0.8321313261985779
10X_P4_7_TTCTCCTAGATGCGAC,3-M-8,B cell,0,B cell,-0.9118409,2.2757208,3324,0.6832989454269409
10X_P4_7_TTCTCCTCAATCTGCA,3-M-8,B cell,0,B cell,-2.4134636,3.2050655,3325,1.0094966888427734
10X_P4_7_TTCTCCTCACAGACAG,3-M-8,B cell,0,B cell,-1.4235713,0.33818385,3326,0.5995257496833801
10X_P4_7_TTCTCCTGTCTCCATC,3-M-8,B cell,0,B cell,-0.64117485,-0.89090073,3327,0.7032248377799988
10X_P4_7_TTCTCCTGTCTTCAAG,3-M-8,B cell,4,Unmatched_4,-4.9977326,3.152606,3328,1.0020320415496826
10X_P4_7_TTCTCCTTCAGTTAGC,3-M-8,B cell,4,Unmatched_4,-3.6291409,4.4351397,3329,1.0005974769592283
10X_P4_7_TTCTCCTTCCATGAGT,3-M-8,B cell,0,B cell,-2.1720831,2.8614817,3330,0.7550324201583862
10X_P4_7_TTCTCCTTCGACCAGC,3-M-8,B cell,1,Unmatched_1,-1.2989146,5.2385607,3331,1.036719560623169
10X_P4_7_TTCTCCTTCTAGAGTC,3-M-8,B cell,0,B cell,-0.20192719,-0.47882256,3332,0.6689842343330383
10X_P4_7_TTCTCCTTCTGCAGTA,3-M-8,B cell,4,Unmatched_4,-4.9828553,4.4472017,3333,1.036959171295166
10X_P4_7_TTCTTAGAGATGTGGC,3-M-8,B cell,0,B cell,-0.96486074,-0.47845525,3334,0.8420995473861694
10X_P4_7_TTCTTAGAGCGATCCC,3-M-8,B cell,0,B cell,-2.7318819,2.0202868,3335,0.857858419418335
10X_P4_7_TTCTTAGAGGGCTTCC,3-M-8,natural killer cell,6,natural killer cell,6.8514934,25.768915,3336,1.9794142246246336
10X_P4_7_TTCTTAGGTACACCGC,3-M-8,T cell,3,T cell,4.6084843,24.35784,3337,1.0713324546813965
10X_P4_7_TTCTTAGGTCTGATCA,3-M-8,B cell,0,B cell,-2.220557,1.2553698,3338,0.5025411248207092
10X_P4_7_TTCTTAGGTTAGAACA,3-M-8,B cell,7,Unmatched_7,-4.967445,1.5122832,3339,1.18391215801239
10X_P4_7_TTCTTAGTCTGTTTGT,3-M-8,B cell,0,B cell,-0.51769435,0.31827828,3340,0.809725284576416
10X_P4_7_TTGAACGAGGCTAGGT,3-M-8,B cell,0,B cell,-3.665111,2.0065765,3341,1.7643721103668213
10X_P4_7_TTGAACGAGGGATGGG,3-M-8,T cell,2,Unmatched_2,4.0812173,26.505775,3342,0.9357951283454896
10X_P4_7_TTGAACGAGGTCATCT,3-M-8,B cell,0,B cell,-0.6459035,-1.2074025,3343,0.5201926827430725
10X_P4_7_TTGAACGGTTCGGGCT,3-M-8,B cell,0,B cell,-4.4323997,0.3216107,3344,0.7580237984657288
10X_P4_7_TTGAACGTCTGCCCTA,3-M-8,B cell,0,B cell,-1.4244493,1.8816501,3345,1.2934248447418213
10X_P4_7_TTGAACGTCTGTTTGT,3-M-8,B cell,0,B cell,-0.70868963,1.8908392,3346,0.7266533374786377
10X_P4_7_TTGAACGTCTTGAGGT,3-M-8,T cell,2,Unmatched_2,2.2928696,25.626587,3347,0.5405690670013428
10X_P4_7_TTGACTTAGACAGAGA,3-M-8,B cell,0,B cell,-2.7333677,1.2662132,3348,0.5065121054649353
10X_P4_7_TTGACTTAGCACGCCT,3-M-8,B cell,1,Unmatched_1,-2.7890286,5.017066,3349,1.1017248630523682
10X_P4_7_TTGACTTAGCCAGGAT,3-M-8,B cell,0,B cell,-1.190494,-0.8800896,3350,0.7044568657875061
10X_P4_7_TTGACTTAGGATATAC,3-M-8,B cell,0,B cell,-1.8380929,0.18826947,3351,0.470850259065628
10X_P4_7_TTGACTTCAAGTCATC,3-M-8,B cell,4,Unmatched_4,-4.024041,3.9148421,3352,0.834589421749115
10X_P4_7_TTGACTTCAATCTGCA,3-M-8,B cell,1,Unmatched_1,-1.8138878,5.5093107,3353,0.4655725061893463
10X_P4_7_TTGACTTCAATGAAAC,3-M-8,macrophage,5,macrophage,12.621262,14.857087,3354,1.9637612104415891
10X_P4_7_TTGACTTCACCGCTAG,3-M-8,B cell,4,Unmatched_4,-2.5931275,8.859835,3355,1.6065102815628052
10X_P4_7_TTGACTTCATCGGTTA,3-M-8,B cell,0,B cell,-2.146099,1.3863187,3356,0.7346450686454773
10X_P4_7_TTGACTTGTCTAGCCG,3-M-8,B cell,0,B cell,-1.3299797,0.23306258,3357,1.086589813232422
10X_P4_7_TTGACTTTCAGCTCTC,3-M-8,T cell,3,T cell,3.5636384,23.72099,3358,0.8616847991943359
10X_P4_7_TTGACTTTCTTTAGGG,3-M-8,macrophage,5,macrophage,11.905819,14.634621,3359,2.115777015686035
10X_P4_7_TTGCCGTAGGCAAAGA,3-M-8,macrophage,5,macrophage,11.856937,14.626158,3360,1.8838932514190676
10X_P4_7_TTGCCGTAGGGCTTCC,3-M-8,B cell,1,Unmatched_1,-1.9455241,5.63223,3361,0.5625576972961426
10X_P4_7_TTGCCGTAGGGTTTCT,3-M-8,B cell,1,Unmatched_1,-2.3461013,4.862655,3362,0.6168485879898071
10X_P4_7_TTGCCGTAGTTACGGG,3-M-8,B cell,0,B cell,-1.5394744,-0.37041226,3363,0.6366252303123474
10X_P4_7_TTGCCGTCATGTAGTC,3-M-8,T cell,3,T cell,3.047885,22.867107,3364,0.6379947662353516
10X_P4_7_TTGCCGTGTCTTGTCC,3-M-8,B cell,1,Unmatched_1,-1.7633008,5.71449,3365,0.626941978931427
10X_P4_7_TTGCCGTTCCGCATCT,3-M-8,B cell,1,Unmatched_1,-1.4078144,5.15394,3366,0.6222957968711853
10X_P4_7_TTGCCGTTCTTACCGC,3-M-8,B cell,0,B cell,-1.3082851,0.43137366,3367,0.5448676943778992
10X_P4_7_TTGCGTCCAGCATGAG,3-M-8,B cell,0,B cell,-3.2844393,-0.510108,3368,0.5975401401519775
10X_P4_7_TTGCGTCCATCGACGC,3-M-8,T cell,3,T cell,2.6484208,23.20626,3369,0.7472226023674011
10X_P4_7_TTGCGTCCATTCTCAT,3-M-8,B cell,0,B cell,-2.768612,1.6173252,3370,0.4362137019634247
10X_P4_7_TTGCGTCGTACTTGAC,3-M-8,B cell,0,B cell,-3.1326582,3.0653558,3371,0.9541664719581604
10X_P4_7_TTGCGTCTCATGTCCC,3-M-8,B cell,0,B cell,-0.41719118,-1.0419894,3372,0.4790922701358795
10X_P4_7_TTGCGTCTCGGCATCG,3-M-8,B cell,0,B cell,-1.989005,0.8221813,3373,0.6621789932250977
10X_P4_7_TTGCGTCTCTCATTCA,3-M-8,B cell,0,B cell,0.14241475,-0.45373484,3374,0.5659748911857605
10X_P4_7_TTGGAACCATTTGCCC,3-M-8,B cell,0,B cell,-0.5142483,0.107277945,3375,0.874164879322052
10X_P4_7_TTGGAACGTAACGTTC,3-M-8,B cell,0,B cell,-3.0508404,1.461206,3376,0.3963671624660492
10X_P4_7_TTGGAACGTATGGTTC,3-M-8,B cell,0,B cell,-3.384095,0.67733157,3377,0.5460801124572754
10X_P4_7_TTGGAACTCCACTCCA,3-M-8,T cell,3,T cell,3.0475318,22.837301,3378,0.9802072644233704
10X_P4_7_TTGGAACTCGGGAGTA,3-M-8,B cell,4,Unmatched_4,-4.955225,4.4024954,3379,0.7220664024353027
10X_P4_7_TTGGAACTCTCCTATA,3-M-8,T cell,3,T cell,3.500646,22.981049,3380,0.6300060153007507
10X_P4_7_TTGGAACTCTTAGCCC,3-M-8,macrophage,8,Unmatched_8,9.964971,12.446365,3381,3.646089553833008
10X_P4_7_TTGGCAAAGAACTGTA,3-M-8,B cell,0,B cell,-1.9940126,0.41110086,3382,0.5048595666885376
10X_P4_7_TTGGCAAAGAAGGGTA,3-M-8,B cell,1,Unmatched_1,-2.7949574,4.9889655,3383,0.866723895072937
10X_P4_7_TTGGCAAAGATCTGCT,3-M-8,T cell,3,T cell,2.5111964,23.259623,3384,0.9801461100578308
10X_P4_7_TTGGCAAAGTGGGCTA,3-M-8,B cell,0,B cell,-2.071392,-0.7170189,3385,0.4807292520999908
10X_P4_7_TTGGCAACACAACTGT,3-M-8,B cell,4,Unmatched_4,9.234963,14.063705,3386,1.9995392560958865
10X_P4_7_TTGGCAACACTGTTAG,3-M-8,B cell,12,Unmatched_12,9.1799755,9.671032,3387,3.6700189113616943
10X_P4_7_TTGGCAACATGATCCA,3-M-8,B cell,11,Unmatched_11,-3.680139,7.740897,3388,5.109276294708252
10X_P4_7_TTGGCAATCCCGACTT,3-M-8,B cell,0,B cell,-3.3815029,0.64322764,3389,0.4355901777744293
10X_P4_7_TTGTAGGAGTGCAAGC,3-M-8,B cell,0,B cell,-2.1886833,2.0933104,3390,0.4878611266613006
10X_P4_7_TTGTAGGCATCCTAGA,3-M-8,B cell,0,B cell,-1.3283833,2.993592,3391,0.6952409744262695
10X_P4_7_TTGTAGGTCAACCAAC,3-M-8,T cell,3,T cell,2.8792977,23.218252,3392,1.3364603519439695
10X_P4_7_TTTACTGAGCGATCCC,3-M-8,B cell,0,B cell,-2.724588,-0.17604552,3393,0.4426142573356628
10X_P4_7_TTTACTGAGTCTCCTC,3-M-8,B cell,4,Unmatched_4,-4.4726496,3.6046112,3394,1.1720625162124634
10X_P4_7_TTTACTGCATCCCACT,3-M-8,B cell,1,Unmatched_1,-1.7720177,6.3481984,3395,0.5094220638275146
10X_P4_7_TTTACTGCATGTCTCC,3-M-8,B cell,0,B cell,-3.7592258,2.9601214,3396,1.0961241722106934
10X_P4_7_TTTACTGGTACATCCA,3-M-8,B cell,4,Unmatched_4,-3.895341,4.029828,3397,0.8875442147254944
10X_P4_7_TTTACTGGTCATTAGC,3-M-8,B cell,0,B cell,-2.123667,0.9790629,3398,0.415437638759613
10X_P4_7_TTTACTGTCATGTCCC,3-M-8,B cell,1,Unmatched_1,-0.80789435,6.1248074,3399,0.6224185824394226
10X_P4_7_TTTACTGTCCACGTTC,3-M-8,B cell,1,Unmatched_1,-2.0687199,6.103531,3400,0.7008472681045532
10X_P4_7_TTTACTGTCCTTCAAT,3-M-8,T cell,2,Unmatched_2,4.0987787,25.794136,3401,1.0973522663116455
10X_P4_7_TTTATGCAGCCGCCTA,3-M-8,B cell,0,B cell,-1.2548087,-0.69474596,3402,0.9263055324554444
10X_P4_7_TTTATGCAGGATATAC,3-M-8,T cell,2,Unmatched_2,3.9218793,26.402264,3403,0.8720914125442505
10X_P4_7_TTTATGCAGGTGGGTT,3-M-8,B cell,0,B cell,-3.01187,2.8111124,3404,0.5453992486000061
10X_P4_7_TTTATGCAGTCAATAG,3-M-8,B cell,0,B cell,-0.5772861,2.3709102,3405,0.4119535386562347
10X_P4_7_TTTATGCGTAAATGTG,3-M-8,B cell,0,B cell,-1.793431,0.5998151,3406,0.4338526725769043
10X_P4_7_TTTATGCGTAGGACAC,3-M-8,B cell,1,Unmatched_1,-2.7507305,4.4272714,3407,0.970879077911377
10X_P4_7_TTTATGCGTCAGCTAT,3-M-8,B cell,1,Unmatched_1,-1.9839123,4.714079,3408,0.6276696920394897
10X_P4_7_TTTATGCTCAGGCGAA,3-M-8,B cell,0,B cell,-1.8927584,0.52733904,3409,0.6974939703941345
10X_P4_7_TTTATGCTCTGCGTAA,3-M-8,dendritic cell,10,dendritic cell,15.882384,-0.049342234,3410,4.433892250061035
10X_P4_7_TTTCCTCAGCAATATG,3-M-8,macrophage,5,macrophage,4.6154227,13.925008,3411,1.9906184673309328
10X_P4_7_TTTCCTCAGGCTCTTA,3-M-8,B cell,1,Unmatched_1,-3.9278257,6.2032356,3412,0.7093110084533691
10X_P4_7_TTTCCTCCAGTCTTCC,3-M-8,B cell,13,Unmatched_13,13.0949135,13.575077,3413,1.2784382104873655
10X_P4_7_TTTCCTCCATTACGAC,3-M-8,B cell,6,natural killer cell,0.728641,2.9767885,3414,0.9413154125213624
10X_P4_7_TTTCCTCGTTTGGCGC,3-M-8,natural killer cell,6,natural killer cell,6.890726,25.842737,3415,2.320519208908081
10X_P4_7_TTTCCTCTCATGCTCC,3-M-8,B cell,0,B cell,-2.6228132,-0.6071077,3416,1.0799133777618408
10X_P4_7_TTTCCTCTCCTTTCGG,3-M-8,B cell,0,B cell,-4.7775474,0.35680097,3417,0.6660643219947815
10X_P4_7_TTTGCGCAGGTTCCTA,3-M-8,B cell,5,macrophage,4.415736,13.6789875,3418,2.2186245918273926
10X_P4_7_TTTGCGCCAAGTTCTG,3-M-8,B cell,0,B cell,-4.047661,2.504895,3419,1.1173406839370728
10X_P4_7_TTTGCGCCACACCGAC,3-M-8,B cell,4,Unmatched_4,-5.0655656,4.286297,3420,1.773567795753479
10X_P4_7_TTTGCGCCACCGTTGG,3-M-8,B cell,0,B cell,-2.8229156,1.4178518,3421,0.523263692855835
10X_P4_7_TTTGCGCCATCGGACC,3-M-8,B cell,1,Unmatched_1,-2.5353928,4.085354,3422,0.8379737138748169
10X_P4_7_TTTGCGCTCCAGAGGA,3-M-8,T cell,3,T cell,4.513119,25.29629,3423,1.927423596382141
10X_P4_7_TTTGGTTAGACCTTTG,3-M-8,B cell,0,B cell,-1.7301137,0.95919657,3424,1.1213982105255127
10X_P4_7_TTTGGTTAGAGGTACC,3-M-8,macrophage,5,macrophage,13.399488,15.380742,3425,1.4955321550369265
10X_P4_7_TTTGGTTAGCGTCTAT,3-M-8,B cell,0,B cell,-0.45719585,-1.0328872,3426,0.5425099730491638
10X_P4_7_TTTGGTTCACCGGAAA,3-M-8,B cell,0,B cell,-1.2143553,-0.99376285,3427,0.6214876174926758
10X_P4_7_TTTGGTTCAGACACTT,3-M-8,B cell,0,B cell,-3.4452317,0.08625128,3428,0.4640304744243622
10X_P4_7_TTTGGTTCATCCAACA,3-M-8,B cell,0,B cell,-1.9340875,3.1740537,3429,0.8217290639877319
10X_P4_7_TTTGGTTGTGTGTGCC,3-M-8,T cell,2,Unmatched_2,2.5597098,25.89371,3430,0.712914764881134
10X_P4_7_TTTGGTTTCTCGCTTG,3-M-8,B cell,0,B cell,-3.081416,0.8437753,3431,0.5807229280471802
10X_P4_7_TTTGTCAAGGTACTCT,3-M-8,B cell,0,B cell,-2.610053,3.282051,3432,0.7179548144340515
10X_P4_7_TTTGTCACACGGTTTA,3-M-8,B cell,1,Unmatched_1,-1.648006,5.2456946,3433,0.5119423866271973
10X_P4_7_TTTGTCACACTGTTAG,3-M-8,natural killer cell,6,natural killer cell,7.20061,26.038483,3434,1.7336269617080688
10X_P4_7_TTTGTCATCAAGAAGT,3-M-8,B cell,0,B cell,0.09731279,-0.23232989,3435,0.3997486531734466
10X_P4_7_TTTGTCATCAAGATCC,3-M-8,B cell,14,Unmatched_14,8.203393,15.740065,3436,2.9395086765289307
10X_P4_7_TTTGTCATCATTCACT,3-M-8,B cell,0,B cell,-0.5221405,0.24902712,3437,0.6501219868659973
10X_P4_7_TTTGTCATCTGCTGTC,3-M-8,B cell,0,B cell,-1.1373917,2.5865636,3438,0.8103477954864502
10X_P7_6_AAACCTGAGGCACATG,3-F-56,B cell,1,Unmatched_1,-1.6470299,5.1809335,3439,0.6857467889785767
10X_P7_6_AAACCTGAGGCATTGG,3-F-56,B cell,0,B cell,-0.48768973,2.4479654,3440,0.6178192496299744
10X_P7_6_AAACCTGAGGTGCAAC,3-F-56,B cell,1,Unmatched_1,-1.010657,6.20018,3441,0.5521743297576904
10X_P7_6_AAACCTGAGTACGATA,3-F-56,B cell,7,Unmatched_7,-5.491102,1.2916557,3442,1.4309176206588743
10X_P7_6_AAACCTGCACTTACGA,3-F-56,T cell,3,T cell,3.6744988,22.669146,3443,0.8364971876144409
10X_P7_6_AAACCTGCATGGAATA,3-F-56,B cell,0,B cell,-3.3454185,1.0065023,3444,0.9002039432525635
10X_P7_6_AAACCTGGTAAGGGAA,3-F-56,B cell,0,B cell,-0.8375691,2.5244465,3445,0.6188241839408875
10X_P7_6_AAACCTGGTCATGCAT,3-F-56,macrophage,5,macrophage,13.447688,15.423261,3446,1.540824294090271
10X_P7_6_AAACCTGGTTCGCTAA,3-F-56,T cell,2,Unmatched_2,1.6872822,25.465033,3447,2.236583709716797
10X_P7_6_AAACCTGGTTGTCTTT,3-F-56,B cell,0,B cell,-1.7470725,3.8803039,3448,0.584006130695343
10X_P7_6_AAACCTGGTTTAGCTG,3-F-56,T cell,2,Unmatched_2,3.3402734,24.22275,3449,1.014598727226257
10X_P7_6_AAACCTGTCAAGATCC,3-F-56,T cell,2,Unmatched_2,3.6533332,26.185102,3450,0.744614839553833
10X_P7_6_AAACCTGTCATGCATG,3-F-56,B cell,0,B cell,-2.0071435,2.2006664,3451,0.8194042444229126
10X_P7_6_AAACCTGTCCACGACG,3-F-56,B cell,4,Unmatched_4,-3.5379493,3.5933447,3452,0.946340262889862
10X_P7_6_AAACCTGTCGAGAGCA,3-F-56,B cell,0,B cell,-0.74838585,-1.0273461,3453,0.9144386053085328
10X_P7_6_AAACCTGTCTCTTATG,3-F-56,B cell,0,B cell,-1.5132042,2.0748844,3454,1.2806873321533203
10X_P7_6_AAACGGGAGAATCTCC,3-F-56,B cell,0,B cell,-0.13421375,0.37648472,3455,0.5373906493186951
10X_P7_6_AAACGGGCAAGGTGTG,3-F-56,B cell,0,B cell,-2.3664203,0.34494445,3456,0.4164468348026275
10X_P7_6_AAACGGGCACAGGTTT,3-F-56,B cell,4,Unmatched_4,-4.0327497,4.186833,3457,0.7727166414260864
10X_P7_6_AAACGGGCACGGCTAC,3-F-56,B cell,4,Unmatched_4,-4.9627466,4.460431,3458,1.3291529417037964
10X_P7_6_AAACGGGCATGCATGT,3-F-56,B cell,0,B cell,-2.0745552,2.6483533,3459,0.6326577663421631
10X_P7_6_AAACGGGCATTGAGCT,3-F-56,B cell,0,B cell,0.36407328,0.04736728,3460,0.7048437595367432
10X_P7_6_AAACGGGGTACACCGC,3-F-56,macrophage,8,Unmatched_8,10.12795,12.2637825,3461,3.646089553833008
10X_P7_6_AAACGGGGTAGGAGTC,3-F-56,T cell,3,T cell,3.426693,23.378664,3462,0.6805911660194397
10X_P7_6_AAACGGGGTCGAAAGC,3-F-56,B cell,0,B cell,-3.740247,2.4815824,3463,1.2134120464324951
10X_P7_6_AAACGGGGTTGTGGAG,3-F-56,B cell,0,B cell,-1.1552143,2.6695898,3464,1.0742586851119995
10X_P7_6_AAACGGGTCAGTACGT,3-F-56,B cell,0,B cell,-2.6504583,2.971928,3465,0.9603221416473388
10X_P7_6_AAACGGGTCCAACCAA,3-F-56,T cell,2,Unmatched_2,4.4045997,25.76696,3466,1.9549546241760252
10X_P7_6_AAACGGGTCCATTCTA,3-F-56,B cell,0,B cell,-3.3589046,1.5455757,3467,0.5403420329093933
10X_P7_6_AAACGGGTCCTCGCAT,3-F-56,B cell,14,Unmatched_14,8.208472,15.73441,3468,5.334986209869385
10X_P7_6_AAACGGGTCTAACTCT,3-F-56,macrophage,8,Unmatched_8,10.007223,12.397755,3469,2.9610321521759038
10X_P7_6_AAAGATGAGCTAAGAT,3-F-56,B cell,0,B cell,-1.7596903,1.3584714,3470,0.6981750130653381
10X_P7_6_AAAGATGAGGAATTAC,3-F-56,B cell,1,Unmatched_1,-2.364269,4.152534,3471,0.698354184627533
10X_P7_6_AAAGATGAGGGTTCCC,3-F-56,B cell,0,B cell,-0.04387472,0.81857204,3472,0.4249146282672882
10X_P7_6_AAAGATGCAAACGTGG,3-F-56,T cell,3,T cell,3.1505144,22.688147,3473,1.2327545881271362
10X_P7_6_AAAGATGCAAGGGTCA,3-F-56,B cell,0,B cell,-0.25300732,0.43087837,3474,0.4274442791938782
10X_P7_6_AAAGATGCACCAGGTC,3-F-56,B cell,0,B cell,-0.7385321,1.8287767,3475,1.0558297634124756
10X_P7_6_AAAGATGGTCAGAATA,3-F-56,B cell,0,B cell,-2.944483,2.7882571,3476,1.22960364818573
10X_P7_6_AAAGATGGTTACGACT,3-F-56,B cell,0,B cell,-1.8677254,2.1278107,3477,0.917953073978424
10X_P7_6_AAAGATGGTTCGAATC,3-F-56,T cell,2,Unmatched_2,4.8986087,26.735851,3478,1.432100772857666
10X_P7_6_AAAGATGTCGCATGAT,3-F-56,B cell,0,B cell,-1.6376443,3.7060044,3479,0.9009879231452942
10X_P7_6_AAAGATGTCTCAAACG,3-F-56,T cell,2,Unmatched_2,2.284771,25.983377,3480,0.5284861922264099
10X_P7_6_AAAGCAAAGCTAACAA,3-F-56,T cell,2,Unmatched_2,2.7162557,26.396006,3481,0.6435868144035339
10X_P7_6_AAAGCAAAGTGGGATC,3-F-56,B cell,0,B cell,-0.41805482,-0.22555743,3482,0.4371977150440216
10X_P7_6_AAAGCAACACCTGGTG,3-F-56,macrophage,5,macrophage,4.6452355,13.968981,3483,2.680194616317749
10X_P7_6_AAAGCAACACTTAACG,3-F-56,B cell,0,B cell,-2.9356992,2.99888,3484,0.9469541311264038
10X_P7_6_AAAGCAACATGCAACT,3-F-56,B cell,0,B cell,-1.0764056,2.073862,3485,1.5452156066894531
10X_P7_6_AAAGCAAGTAAGCACG,3-F-56,T cell,2,Unmatched_2,4.1577578,25.751793,3486,1.292995572090149
10X_P7_6_AAAGCAAGTCACCTAA,3-F-56,B cell,0,B cell,-2.492821,0.88884336,3487,0.4400767982006073
10X_P7_6_AAAGCAATCCCGGATG,3-F-56,B cell,1,Unmatched_1,-2.5076263,6.2116413,3488,0.554190993309021
10X_P7_6_AAAGTAGAGCGTCAAG,3-F-56,T cell,2,Unmatched_2,1.7116787,25.469051,3489,0.7613769769668579
10X_P7_6_AAAGTAGAGGGAGTAA,3-F-56,B cell,1,Unmatched_1,-1.5890882,5.6594086,3490,0.4280555844306946
10X_P7_6_AAAGTAGAGTGGTAGC,3-F-56,B cell,0,B cell,-1.0666376,3.2660773,3491,0.880754828453064
10X_P7_6_AAAGTAGCACCATGTA,3-F-56,B cell,1,Unmatched_1,-1.4579202,4.692503,3492,0.5112960934638977
10X_P7_6_AAAGTAGCACGGTTTA,3-F-56,macrophage,5,macrophage,11.162761,14.460927,3493,2.07035231590271
10X_P7_6_AAAGTAGCACTTCTGC,3-F-56,T cell,3,T cell,2.6187882,23.182198,3494,0.5943920612335205
10X_P7_6_AAAGTAGGTGTTTGGT,3-F-56,T cell,3,T cell,3.9094656,23.600233,3495,0.5846291184425354
10X_P7_6_AAAGTAGTCAAACGGG,3-F-56,macrophage,5,macrophage,4.655063,13.956466,3496,2.614468574523926
10X_P7_6_AAAGTAGTCCACGAAT,3-F-56,B cell,0,B cell,-2.3916588,1.4222866,3497,0.7017655372619629
10X_P7_6_AAAGTAGTCTAACTTC,3-F-56,B cell,0,B cell,-3.1681664,0.8116562,3498,0.7744813561439514
10X_P7_6_AAATGCCAGGTGTTAA,3-F-56,B cell,0,B cell,-0.9518643,0.08742409,3499,0.7127477526664734
10X_P7_6_AAATGCCCATCCTTGC,3-F-56,T cell,3,T cell,3.469576,22.709501,3500,0.6610128879547119
10X_P7_6_AAATGCCCATGCATGT,3-F-56,T cell,3,T cell,3.269565,23.705324,3501,0.5808563232421875
10X_P7_6_AAATGCCGTGAAAGAG,3-F-56,B cell,0,B cell,-1.794444,2.3411067,3502,0.5652545094490051
10X_P7_6_AAATGCCTCAGTTCGA,3-F-56,B cell,0,B cell,-3.1424718,0.6141786,3503,0.42033451795578
10X_P7_6_AAATGCCTCCAAACTG,3-F-56,T cell,2,Unmatched_2,2.582051,25.297766,3504,0.5714856386184692
10X_P7_6_AAATGCCTCCTTTCGG,3-F-56,B cell,0,B cell,-1.6158439,1.2351142,3505,0.6720881462097168
10X_P7_6_AAATGCCTCGATGAGG,3-F-56,B cell,0,B cell,-1.7568574,2.2000663,3506,1.229105830192566
10X_P7_6_AAATGCCTCGCCATAA,3-F-56,natural killer cell,6,natural killer cell,6.820094,25.692743,3507,2.057004928588867
10X_P7_6_AAATGCCTCTCCTATA,3-F-56,B cell,1,Unmatched_1,-3.8415003,6.052893,3508,0.8529662489891052
10X_P7_6_AAATGCCTCTCGAGTA,3-F-56,B cell,1,Unmatched_1,-1.4114362,6.450683,3509,0.4669933021068573
10X_P7_6_AAATGCCTCTTGGGTA,3-F-56,natural killer cell,6,natural killer cell,6.678516,25.556055,3510,2.405562400817871
10X_P7_6_AACACGTAGGGTGTGT,3-F-56,T cell,3,T cell,3.58763,22.819405,3511,0.673678457736969
10X_P7_6_AACACGTAGGTGCTTT,3-F-56,B cell,0,B cell,-0.3583361,-0.8560173,3512,0.8659107685089111
10X_P7_6_AACACGTAGTAGGCCA,3-F-56,B cell,4,Unmatched_4,-4.7062078,4.0421424,3513,1.0763227939605713
10X_P7_6_AACACGTAGTGTCTCA,3-F-56,B cell,0,B cell,-3.007491,1.0870086,3514,0.4608778953552246
10X_P7_6_AACACGTCAAATTGCC,3-F-56,B cell,0,B cell,-0.92950135,0.17739905,3515,0.532392144203186
10X_P7_6_AACACGTCACAACTGT,3-F-56,B cell,0,B cell,-0.69539,-0.6381177,3516,0.6506102681159973
10X_P7_6_AACACGTCACAGAGGT,3-F-56,B cell,0,B cell,-0.55748796,-0.9126039,3517,0.4796734452247619
10X_P7_6_AACACGTCATACGCTA,3-F-56,B cell,1,Unmatched_1,-3.6213562,3.3196433,3518,1.0368499755859375
10X_P7_6_AACACGTCATATACCG,3-F-56,B cell,0,B cell,-0.16232345,1.395497,3519,0.5987849831581116
10X_P7_6_AACACGTCATGGTCAT,3-F-56,B cell,1,Unmatched_1,-1.7963163,6.2168984,3520,0.6163233518600464
10X_P7_6_AACACGTCATTCTTAC,3-F-56,T cell,3,T cell,3.7565577,23.181175,3521,1.196191906929016
10X_P7_6_AACACGTGTAAACACA,3-F-56,B cell,1,Unmatched_1,-1.7129309,5.346147,3522,0.4744274914264679
10X_P7_6_AACACGTGTAGCGTAG,3-F-56,B cell,0,B cell,-1.9458187,0.6646169,3523,0.5324692130088806
10X_P7_6_AACACGTGTCATGCAT,3-F-56,B cell,0,B cell,-0.7582157,-0.7884525,3524,0.847588300704956
10X_P7_6_AACACGTGTGCGGTAA,3-F-56,B cell,0,B cell,-2.985088,2.76674,3525,0.7687005400657654
10X_P7_6_AACACGTGTGTGGCTC,3-F-56,B cell,0,B cell,-1.4478457,1.3576854,3526,1.3479312658309937
10X_P7_6_AACACGTGTTGGTAAA,3-F-56,B cell,0,B cell,-0.45060402,-0.13583319,3527,0.533904492855072
10X_P7_6_AACACGTTCCTTAATC,3-F-56,T cell,2,Unmatched_2,2.6185865,26.332973,3528,0.5749883055686951
10X_P7_6_AACACGTTCGCAAGCC,3-F-56,T cell,2,Unmatched_2,3.362757,26.112097,3529,1.158186435699463
10X_P7_6_AACACGTTCGTAGGAG,3-F-56,macrophage,5,macrophage,11.157749,14.459246,3530,1.823271989822388
10X_P7_6_AACACGTTCTTGAGAC,3-F-56,B cell,0,B cell,-2.1437411,3.1728437,3531,0.8889462947845459
10X_P7_6_AACCATGAGACCGGAT,3-F-56,B cell,0,B cell,-2.3680468,3.285011,3532,0.7637972831726074
10X_P7_6_AACCATGAGATGGGTC,3-F-56,T cell,3,T cell,3.7232623,23.298159,3533,0.5785765051841736
10X_P7_6_AACCATGAGCTGGAAC,3-F-56,B cell,0,B cell,-2.3753169,1.5331858,3534,0.6796196699142456
10X_P7_6_AACCATGCAAGCCGTC,3-F-56,T cell,3,T cell,3.1094666,23.156784,3535,0.6061358451843262
10X_P7_6_AACCATGCACACTGCG,3-F-56,T cell,3,T cell,3.9772778,23.778023,3536,0.8152740001678467
10X_P7_6_AACCATGCAGACAAAT,3-F-56,B cell,0,B cell,-1.1243119,2.477408,3537,0.94367516040802
10X_P7_6_AACCATGCAGGTTTCA,3-F-56,T cell,2,Unmatched_2,3.2068665,25.394588,3538,1.261355996131897
10X_P7_6_AACCATGCAGTTCCCT,3-F-56,B cell,1,Unmatched_1,-1.9278796,5.467982,3539,0.4451453387737274
10X_P7_6_AACCATGCATGTCCTC,3-F-56,B cell,0,B cell,-1.473498,-0.16222216,3540,1.121131181716919
10X_P7_6_AACCATGGTACACCGC,3-F-56,macrophage,5,macrophage,11.088587,14.42893,3541,1.8312867879867556
10X_P7_6_AACCATGGTAGCCTCG,3-F-56,B cell,4,Unmatched_4,-3.6308277,3.9483123,3542,0.6815245747566223
10X_P7_6_AACCATGGTAGGAGTC,3-F-56,macrophage,5,macrophage,11.983707,14.668327,3543,2.481777667999268
10X_P7_6_AACCATGTCCAAACTG,3-F-56,B cell,2,Unmatched_2,0.7015393,22.871626,3544,1.574053168296814
10X_P7_6_AACCATGTCCTTAATC,3-F-56,B cell,1,Unmatched_1,-3.8184068,6.1193323,3545,0.8470722436904907
10X_P7_6_AACCATGTCGCCATAA,3-F-56,B cell,0,B cell,-3.2547233,-0.0123175215,3546,0.620350182056427
10X_P7_6_AACCGCGAGTGTCCCG,3-F-56,B cell,0,B cell,-0.12362873,-0.53203124,3547,0.8340676426887512
10X_P7_6_AACCGCGCAAGCCGCT,3-F-56,B cell,0,B cell,0.07446901,0.42768368,3548,0.4274002313613891
10X_P7_6_AACCGCGCACCGATAT,3-F-56,B cell,4,Unmatched_4,-4.3488708,4.1724873,3549,0.7282581329345703
10X_P7_6_AACCGCGCATTACCTT,3-F-56,T cell,3,T cell,3.7353594,23.336866,3550,0.7461553812026978
10X_P7_6_AACCGCGGTCAGAAGC,3-F-56,T cell,3,T cell,3.6369524,22.93616,3551,0.644310474395752
10X_P7_6_AACCGCGGTCGCTTCT,3-F-56,B cell,1,Unmatched_1,-0.94264245,6.0991306,3552,0.5936543941497803
10X_P7_6_AACCGCGGTCTAGTCA,3-F-56,T cell,2,Unmatched_2,2.4835863,25.801912,3553,0.6311777234077454
10X_P7_6_AACCGCGGTGATAAAC,3-F-56,B cell,0,B cell,-0.14414734,-0.55343074,3554,0.5923550724983215
10X_P7_6_AACCGCGGTGTAACGG,3-F-56,natural killer cell,6,natural killer cell,6.4500575,25.428913,3555,2.5903937816619877
10X_P7_6_AACCGCGGTTGGTGGA,3-F-56,T cell,9,Unmatched_9,7.0357313,23.653013,3556,1.4152299165725708
10X_P7_6_AACCGCGGTTGTCGCG,3-F-56,B cell,0,B cell,-0.2670456,0.37317684,3557,0.8085363507270813
10X_P7_6_AACCGCGTCCGCAGTG,3-F-56,T cell,9,Unmatched_9,6.9091067,23.754772,3558,2.768141984939575
10X_P7_6_AACCGCGTCCTAGAAC,3-F-56,B cell,0,B cell,-1.3649573,3.1914737,3559,1.3547223806381226
10X_P7_6_AACCGCGTCGGAGGTA,3-F-56,B cell,0,B cell,-4.3575053,0.0875995,3560,1.0842595100402832
10X_P7_6_AACCGCGTCTCTTATG,3-F-56,macrophage,5,macrophage,4.3980713,13.653103,3561,2.099414587020874
10X_P7_6_AACGTTGAGCTTTGGT,3-F-56,natural killer cell,6,natural killer cell,7.3545065,26.196444,3562,2.128554105758667
10X_P7_6_AACGTTGAGGCATTGG,3-F-56,B cell,1,Unmatched_1,-1.6378902,4.2485785,3563,0.644093930721283
10X_P7_6_AACGTTGAGGGCTCTC,3-F-56,T cell,2,Unmatched_2,2.484302,25.977394,3564,0.6040268540382385
10X_P7_6_AACGTTGAGGGCTTCC,3-F-56,T cell,2,Unmatched_2,4.1901283,26.57105,3565,1.158653974533081
10X_P7_6_AACGTTGCAACGATCT,3-F-56,T cell,2,Unmatched_2,4.5599823,26.059944,3566,1.6757186651229858
10X_P7_6_AACGTTGCAAGCCGTC,3-F-56,natural killer cell,6,natural killer cell,6.5609,25.459139,3567,2.5911030769348145
10X_P7_6_AACGTTGCAATCCAAC,3-F-56,B cell,0,B cell,-0.24606524,0.9231978,3568,0.8164494633674622
10X_P7_6_AACGTTGCAATCCGAT,3-F-56,T cell,2,Unmatched_2,1.787234,25.564419,3569,0.9607535004615784
10X_P7_6_AACGTTGCACGTCAGC,3-F-56,natural killer cell,6,natural killer cell,6.8401947,26.084463,3570,3.1208388805389404
10X_P7_6_AACGTTGCAGCTGTTA,3-F-56,T cell,3,T cell,3.71714,23.045784,3571,0.5945224165916443
10X_P7_6_AACGTTGGTCGACTGC,3-F-56,B cell,1,Unmatched_1,-1.1387774,4.282068,3572,0.6430734395980835
10X_P7_6_AACGTTGGTCGCGGTT,3-F-56,B cell,1,Unmatched_1,-1.4412876,4.939642,3573,0.4358761310577392
10X_P7_6_AACGTTGGTCTCGTTC,3-F-56,B cell,0,B cell,-1.0972049,3.34114,3574,0.6859999299049377
10X_P7_6_AACGTTGGTGAGGGTT,3-F-56,B cell,0,B cell,-0.8694843,-0.90556306,3575,0.4815620481967926
10X_P7_6_AACGTTGGTGCTCTTC,3-F-56,B cell,0,B cell,-0.3273716,-0.14024301,3576,0.5389958024024963
10X_P7_6_AACGTTGGTGGAAAGA,3-F-56,B cell,0,B cell,-2.7168014,1.5750953,3577,0.3890653550624847
10X_P7_6_AACGTTGGTTTCGCTC,3-F-56,B cell,1,Unmatched_1,-1.4018947,4.1996984,3578,0.6591321229934692
10X_P7_6_AACGTTGTCCAGGGCT,3-F-56,B cell,1,Unmatched_1,-2.2754717,6.1348653,3579,0.6544212102890015
10X_P7_6_AACGTTGTCCTTGCCA,3-F-56,T cell,3,T cell,3.6867945,23.234426,3580,1.342476725578308
10X_P7_6_AACGTTGTCGGAGCAA,3-F-56,B cell,5,macrophage,-1.4675218,6.5571046,3581,2.5449018478393555
10X_P7_6_AACGTTGTCGGATGTT,3-F-56,B cell,0,B cell,-2.0949495,1.7201287,3582,0.442750334739685
10X_P7_6_AACTCAGAGTTTGCGT,3-F-56,B cell,0,B cell,0.054739766,0.5470451,3583,0.4557404518127441
10X_P7_6_AACTCAGCACAGTCGC,3-F-56,B cell,0,B cell,-1.6157665,1.0562432,3584,0.6421388387680054
10X_P7_6_AACTCAGCACCCATTC,3-F-56,B cell,1,Unmatched_1,-2.827589,4.800302,3585,1.3555076122283936
10X_P7_6_AACTCAGCACCTTGTC,3-F-56,B cell,0,B cell,-0.08766746,0.94274116,3586,0.444533109664917
10X_P7_6_AACTCAGGTGATAAAC,3-F-56,B cell,1,Unmatched_1,-1.6231269,5.820945,3587,0.5521261692047119
10X_P7_6_AACTCAGTCAACACGT,3-F-56,T cell,2,Unmatched_2,4.85102,26.690393,3588,1.7421643733978271
10X_P7_6_AACTCAGTCACTTATC,3-F-56,B cell,0,B cell,-4.628602,0.29976803,3589,0.8144189119338989
10X_P7_6_AACTCAGTCTACCTGC,3-F-56,B cell,7,Unmatched_7,-5.2930894,1.183198,3590,1.4495469331741333
10X_P7_6_AACTCCCAGAGCTGCA,3-F-56,T cell,3,T cell,3.8703837,23.459452,3591,0.8671213984489441
10X_P7_6_AACTCCCCAAACTGTC,3-F-56,T cell,3,T cell,4.511716,25.21466,3592,1.6317596435546875
10X_P7_6_AACTCCCCAGCCAATT,3-F-56,B cell,0,B cell,-1.5604969,-0.28831846,3593,1.0033774375915527
10X_P7_6_AACTCCCGTGATAAAC,3-F-56,B cell,0,B cell,-1.7973474,1.8410604,3594,0.8691374659538269
10X_P7_6_AACTCCCGTGATGTCT,3-F-56,B cell,4,Unmatched_4,-4.102022,3.514153,3595,1.3118600845336914
10X_P7_6_AACTCCCGTTGGAGGT,3-F-56,B cell,3,T cell,2.977887,23.32243,3596,1.1658542156219482
10X_P7_6_AACTCCCTCGGTCCGA,3-F-56,B cell,0,B cell,-0.149725,0.44431403,3597,0.5673535466194153
10X_P7_6_AACTCCCTCTACCAGA,3-F-56,B cell,0,B cell,-3.7222416,2.461883,3598,0.7155094146728516
10X_P7_6_AACTCCCTCTGTCTAT,3-F-56,B cell,1,Unmatched_1,-2.6546056,4.6002593,3599,0.654486894607544
10X_P7_6_AACTCCCTCTTGAGGT,3-F-56,macrophage,8,Unmatched_8,10.382554,12.107771,3600,3.646089553833008
10X_P7_6_AACTCTTAGACCCACC,3-F-56,T cell,3,T cell,4.551041,24.418558,3601,0.8163037300109863
10X_P7_6_AACTCTTAGTTTCCTT,3-F-56,T cell,3,T cell,3.031467,23.110556,3602,0.5795063972473145
10X_P7_6_AACTCTTCAATAACGA,3-F-56,B cell,0,B cell,-4.143407,2.775039,3603,1.326055645942688
10X_P7_6_AACTCTTCATCGTCGG,3-F-56,T cell,3,T cell,3.8547177,24.572027,3604,1.2102738618850708
10X_P7_6_AACTCTTGTCCTGCTT,3-F-56,B cell,0,B cell,-2.8544965,0.5050077,3605,0.8575687408447266
10X_P7_6_AACTCTTGTCGAATCT,3-F-56,B cell,1,Unmatched_1,-1.4271023,5.8703747,3606,0.4349347651004791
10X_P7_6_AACTCTTGTTCCAACA,3-F-56,T cell,2,Unmatched_2,1.9099135,25.656199,3607,1.1703808307647705
10X_P7_6_AACTCTTTCAACGGCC,3-F-56,macrophage,8,Unmatched_8,10.494934,11.989051,3608,3.519965648651123
10X_P7_6_AACTCTTTCATCGGAT,3-F-56,T cell,3,T cell,4.697758,24.371855,3609,0.9491004347801208
10X_P7_6_AACTCTTTCCTGTAGA,3-F-56,T cell,2,Unmatched_2,1.8664255,25.833712,3610,0.6163063645362854
10X_P7_6_AACTCTTTCCTTGGTC,3-F-56,B cell,0,B cell,-3.1192887,3.0795245,3611,1.3384045362472534
10X_P7_6_AACTCTTTCGCGGATC,3-F-56,T cell,9,Unmatched_9,6.8590264,23.799358,3612,2.4168834686279297
10X_P7_6_AACTCTTTCGGAGCAA,3-F-56,B cell,0,B cell,-1.5418029,-1.0917834,3613,0.8649512529373169
10X_P7_6_AACTCTTTCTCCAGGG,3-F-56,B cell,1,Unmatched_1,-1.3427709,5.259076,3614,0.6978815793991089
10X_P7_6_AACTCTTTCTGCTGCT,3-F-56,B cell,0,B cell,-1.4759305,1.3191757,3615,0.8348473906517029
10X_P7_6_AACTGGTAGAGACTTA,3-F-56,B cell,0,B cell,-2.473107,1.2608676,3616,0.408561646938324
10X_P7_6_AACTGGTAGAGCCTAG,3-F-56,T cell,2,Unmatched_2,4.4283032,26.274733,3617,1.0423113107681274
10X_P7_6_AACTGGTAGAGTTGGC,3-F-56,B cell,0,B cell,-2.753047,2.228005,3618,0.991320252418518
10X_P7_6_AACTGGTAGCTAACAA,3-F-56,B cell,1,Unmatched_1,-1.3794944,5.732059,3619,0.6318596005439758
10X_P7_6_AACTGGTAGTATCGAA,3-F-56,B cell,1,Unmatched_1,-1.8918669,5.768298,3620,0.481835663318634
10X_P7_6_AACTGGTCAAGCGTAG,3-F-56,T cell,2,Unmatched_2,2.8915777,26.220171,3621,0.8986590504646301
10X_P7_6_AACTGGTCACGCCAGT,3-F-56,B cell,0,B cell,4.3561754,13.597795,3622,1.2535974979400637
10X_P7_6_AACTGGTCATGCAATC,3-F-56,T cell,2,Unmatched_2,2.7845275,26.23428,3623,0.5531079173088074
10X_P7_6_AACTGGTGTCAGAAGC,3-F-56,T cell,3,T cell,2.7238653,23.004827,3624,1.037486910820007
10X_P7_6_AACTGGTGTCATGCCG,3-F-56,B cell,0,B cell,-3.2533567,-0.6754984,3625,0.9198235273361206
10X_P7_6_AACTGGTGTCGCATAT,3-F-56,B cell,1,Unmatched_1,-2.3087983,5.203621,3626,0.4450175166130066
10X_P7_6_AACTGGTGTTCCATGA,3-F-56,B cell,0,B cell,-0.625835,-0.7247297,3627,0.4828509390354156
10X_P7_6_AACTGGTTCATACGGT,3-F-56,B cell,2,Unmatched_2,0.42937437,23.127815,3628,2.023585319519043
10X_P7_6_AACTTTCAGAGGGATA,3-F-56,macrophage,6,natural killer cell,6.1945806,25.27615,3629,3.0732510089874268
10X_P7_6_AACTTTCAGCCCTAAT,3-F-56,B cell,0,B cell,-0.8833803,-0.5053434,3630,0.7459368705749512
10X_P7_6_AACTTTCAGCGTAATA,3-F-56,B cell,1,Unmatched_1,-1.4022511,5.944966,3631,0.4987199306488037
10X_P7_6_AACTTTCAGGATGCGT,3-F-56,T cell,3,T cell,3.0893922,23.478243,3632,0.6185744404792786
10X_P7_6_AACTTTCCAAACCTAC,3-F-56,B cell,1,Unmatched_1,-2.0990164,4.5593605,3633,0.545244038105011
10X_P7_6_AACTTTCCAAAGCAAT,3-F-56,B cell,0,B cell,-3.698391,1.0201734,3634,0.793578028678894
10X_P7_6_AACTTTCCAAATTGCC,3-F-56,B cell,0,B cell,-2.4619973,2.1662445,3635,0.6530297994613647
10X_P7_6_AACTTTCCAAGCCGCT,3-F-56,B cell,7,Unmatched_7,-5.66656,1.2282777,3636,1.4542393684387207
10X_P7_6_AACTTTCCAATTCCTT,3-F-56,B cell,0,B cell,-1.6898062,1.8557984,3637,1.3420984745025637
10X_P7_6_AACTTTCCAGTAAGAT,3-F-56,T cell,2,Unmatched_2,3.0018544,26.064798,3638,0.7070150971412659
10X_P7_6_AACTTTCGTACACCGC,3-F-56,B cell,3,T cell,4.509421,25.316912,3639,1.7510325908660889
10X_P7_6_AACTTTCGTCTAACGT,3-F-56,B cell,0,B cell,-0.8427152,-0.7296272,3640,0.6727640628814697
10X_P7_6_AACTTTCGTCTTCTCG,3-F-56,T cell,2,Unmatched_2,4.074679,26.527605,3641,0.8184787034988403
10X_P7_6_AACTTTCGTGTAAGTA,3-F-56,T cell,2,Unmatched_2,2.0389607,25.707785,3642,0.7998231053352356
10X_P7_6_AACTTTCTCAGTTAGC,3-F-56,T cell,2,Unmatched_2,2.7707443,26.036531,3643,0.5770264267921448
10X_P7_6_AACTTTCTCCACGACG,3-F-56,B cell,0,B cell,-3.2344162,0.59874743,3644,0.4404759705066681
10X_P7_6_AACTTTCTCTTGCATT,3-F-56,T cell,3,T cell,3.1279988,23.595041,3645,0.6908614039421082
10X_P7_6_AAGACCTAGAAAGTGG,3-F-56,B cell,1,Unmatched_1,-1.3413993,5.439838,3646,0.7696467638015747
10X_P7_6_AAGACCTCAGCTGCAC,3-F-56,natural killer cell,6,natural killer cell,7.335487,26.062738,3647,1.589057445526123
10X_P7_6_AAGACCTCATCAGTAC,3-F-56,T cell,3,T cell,3.2475905,22.787113,3648,0.647453784942627
10X_P7_6_AAGACCTCATTCGACA,3-F-56,B cell,1,Unmatched_1,-1.6911432,4.1259465,3649,0.6498084664344788
10X_P7_6_AAGACCTCATTCTCAT,3-F-56,B cell,1,Unmatched_1,-1.8601468,5.2892356,3650,0.6201033592224121
10X_P7_6_AAGACCTGTACTCAAC,3-F-56,B cell,0,B cell,-2.4268675,0.3197911,3651,0.6279706954956055
10X_P7_6_AAGACCTTCAGCTCGG,3-F-56,T cell,3,T cell,2.6538758,23.16731,3652,0.6762301921844482
10X_P7_6_AAGACCTTCCACGCAG,3-F-56,B cell,0,B cell,-1.5858011,1.6510048,3653,0.4862828254699707
10X_P7_6_AAGCCGCAGACGACGT,3-F-56,B cell,0,B cell,-1.4311341,2.103318,3654,1.3965351581573486
10X_P7_6_AAGCCGCAGAGCTGCA,3-F-56,B cell,0,B cell,-0.9586302,1.190364,3655,1.1044325828552246
10X_P7_6_AAGCCGCAGAGTCTGG,3-F-56,B cell,0,B cell,-1.6870505,2.7925303,3656,1.4592429399490356
10X_P7_6_AAGCCGCAGCCCAGCT,3-F-56,B cell,1,Unmatched_1,-1.0176879,6.15458,3657,0.5831944346427917
10X_P7_6_AAGCCGCAGTGGGATC,3-F-56,B cell,0,B cell,-3.288005,-0.56558,3658,0.650687575340271
10X_P7_6_AAGCCGCAGTTGTCGT,3-F-56,B cell,0,B cell,-2.4618666,1.082667,3659,0.405671089887619
10X_P7_6_AAGCCGCCAAGTCTAC,3-F-56,T cell,9,Unmatched_9,6.997363,23.689936,3660,1.8208507299423216
10X_P7_6_AAGCCGCCACTAGTAC,3-F-56,B cell,1,Unmatched_1,-1.0990635,6.0965075,3661,0.4799585044384002
10X_P7_6_AAGCCGCCAGGGTATG,3-F-56,macrophage,8,Unmatched_8,10.72472,11.732853,3662,3.646089553833008
10X_P7_6_AAGCCGCGTAACGACG,3-F-56,T cell,3,T cell,3.6925244,23.18681,3663,0.5996086001396179
10X_P7_6_AAGCCGCGTACCGTAT,3-F-56,B cell,0,B cell,-2.5461683,0.017577346,3664,0.8983701467514038
10X_P7_6_AAGCCGCTCATAAAGG,3-F-56,macrophage,5,macrophage,11.893949,14.638691,3665,2.8559908866882324
10X_P7_6_AAGCCGCTCCTTGGTC,3-F-56,B cell,1,Unmatched_1,-2.486913,5.721736,3666,0.6986854076385498
10X_P7_6_AAGCCGCTCGTAGGAG,3-F-56,B cell,0,B cell,-1.7048813,0.0957718,3667,0.4673525094985962
10X_P7_6_AAGCCGCTCTATCCTA,3-F-56,B cell,0,B cell,-2.5581608,1.5052801,3668,0.4061489105224609
10X_P7_6_AAGCCGCTCTCCTATA,3-F-56,B cell,4,Unmatched_4,9.270357,14.019964,3669,1.5573066473007202
10X_P7_6_AAGCCGCTCTTCAACT,3-F-56,B cell,0,B cell,-0.2809097,-0.28803888,3670,0.4898936748504638
10X_P7_6_AAGGAGCAGACGCTTT,3-F-56,B cell,0,B cell,-2.172806,0.09858451,3671,0.8343841433525085
10X_P7_6_AAGGAGCAGAGCTGGT,3-F-56,T cell,2,Unmatched_2,4.4780636,26.612339,3672,1.4981896877288818
10X_P7_6_AAGGAGCAGCACACAG,3-F-56,B cell,0,B cell,0.0153394835,-0.4509419,3673,0.5574496984481812
10X_P7_6_AAGGAGCAGCTAGGCA,3-F-56,B cell,0,B cell,-1.5441604,0.5498878,3674,0.7062148451805115
10X_P7_6_AAGGAGCAGTGTTGAA,3-F-56,T cell,2,Unmatched_2,3.9458709,25.767769,3675,1.266724705696106
10X_P7_6_AAGGAGCCAATGTTGC,3-F-56,T cell,2,Unmatched_2,1.7589446,25.623354,3676,0.969484806060791
10X_P7_6_AAGGAGCCACAACTGT,3-F-56,B cell,0,B cell,0.45998508,2.6899164,3677,0.7944362163543701
10X_P7_6_AAGGAGCCACATTAGC,3-F-56,T cell,3,T cell,3.1651433,23.226814,3678,2.0511598587036133
10X_P7_6_AAGGAGCCACCCAGTG,3-F-56,B cell,0,B cell,0.23391381,0.12831694,3679,0.4242629110813141
10X_P7_6_AAGGAGCCACTACAGT,3-F-56,B cell,1,Unmatched_1,-2.0347846,4.226505,3680,0.767297089099884
10X_P7_6_AAGGAGCCATCCCACT,3-F-56,B cell,1,Unmatched_1,-0.935445,6.0452795,3681,0.4853477478027344
10X_P7_6_AAGGAGCGTAGGCTGA,3-F-56,B cell,0,B cell,-0.41209412,1.3543546,3682,0.6481794714927673
10X_P7_6_AAGGAGCGTCCAACTA,3-F-56,T cell,2,Unmatched_2,4.4310856,25.742346,3683,1.334301233291626
10X_P7_6_AAGGAGCGTCGAACAG,3-F-56,B cell,0,B cell,0.2510633,0.36337236,3684,0.5353527665138245
10X_P7_6_AAGGAGCTCCCTCAGT,3-F-56,T cell,3,T cell,3.3836462,23.968636,3685,0.8586714267730713
10X_P7_6_AAGGAGCTCGCGATCG,3-F-56,B cell,0,B cell,-2.4263387,1.5051384,3686,0.6649728417396545
10X_P7_6_AAGGAGCTCGGTGTCG,3-F-56,B cell,0,B cell,-0.1114966,0.33088833,3687,0.4500108063220978
10X_P7_6_AAGGAGCTCTGCGTAA,3-F-56,B cell,0,B cell,-0.3189813,0.59586525,3688,0.6262657642364502
10X_P7_6_AAGGCAGAGAAACGCC,3-F-56,B cell,0,B cell,-3.0194104,1.3187455,3689,0.3972691893577575
10X_P7_6_AAGGCAGAGAGTTGGC,3-F-56,T cell,2,Unmatched_2,2.3215759,26.018217,3690,0.63604736328125
10X_P7_6_AAGGCAGAGATAGCAT,3-F-56,T cell,2,Unmatched_2,0.8953075,22.819828,3691,1.6428672075271606
10X_P7_6_AAGGCAGAGCGTTCCG,3-F-56,B cell,2,Unmatched_2,0.49691096,23.118515,3692,1.602869749069214
10X_P7_6_AAGGCAGAGGCATGGT,3-F-56,B cell,0,B cell,0.15637879,-0.3822122,3693,0.4576082527637481
10X_P7_6_AAGGCAGCAAGCGTAG,3-F-56,B cell,0,B cell,-2.4073014,1.5821401,3694,0.9376364350318908
10X_P7_6_AAGGCAGCAATCGGTT,3-F-56,B cell,0,B cell,-1.3734741,3.0579367,3695,1.2325948476791382
10X_P7_6_AAGGCAGCACATTAGC,3-F-56,B cell,1,Unmatched_1,-1.4066852,6.4554076,3696,0.5137231349945068
10X_P7_6_AAGGCAGCATATACGC,3-F-56,B cell,0,B cell,-1.1487159,2.1632311,3697,1.4854897260665894
10X_P7_6_AAGGCAGCATCTATGG,3-F-56,T cell,3,T cell,3.3160439,22.939587,3698,0.5970199108123779
10X_P7_6_AAGGCAGGTAAGCACG,3-F-56,B cell,0,B cell,-0.33735514,2.5265245,3699,0.4066938459873199
10X_P7_6_AAGGCAGGTCATATGC,3-F-56,T cell,3,T cell,2.859411,23.29208,3700,0.8191521167755127
10X_P7_6_AAGGCAGGTGCGATAG,3-F-56,B cell,0,B cell,-2.9765608,0.2581195,3701,0.7206294536590576
10X_P7_6_AAGGCAGGTTAGAACA,3-F-56,T cell,2,Unmatched_2,2.8900676,25.845528,3702,0.622599184513092
10X_P7_6_AAGGCAGGTTCCAACA,3-F-56,B cell,0,B cell,-0.03242809,0.6047118,3703,0.6455971002578735
10X_P7_6_AAGGCAGTCAAGGCTT,3-F-56,B cell,0,B cell,-1.9903269,1.148422,3704,0.5897352695465088
10X_P7_6_AAGGCAGTCCACGAAT,3-F-56,B cell,0,B cell,-0.56170094,2.9851348,3705,0.7587037682533264
10X_P7_6_AAGGCAGTCGCGCCAA,3-F-56,T cell,3,T cell,5.2176433,24.90272,3706,1.2450944185256958
10X_P7_6_AAGGCAGTCTGGGCCA,3-F-56,B cell,0,B cell,-1.6398581,1.7007732,3707,0.5450763702392578
10X_P7_6_AAGGTTCAGAATTCCC,3-F-56,B cell,1,Unmatched_1,-1.6214707,6.394944,3708,0.4903904795646667
10X_P7_6_AAGGTTCAGAGAGCTC,3-F-56,B cell,4,Unmatched_4,-4.9654036,3.053736,3709,1.5125346183776855
10X_P7_6_AAGGTTCAGTACGTTC,3-F-56,T cell,3,T cell,5.116231,24.806044,3710,1.0418239831924438
10X_P7_6_AAGGTTCAGTGTCCCG,3-F-56,B cell,4,Unmatched_4,-2.6224265,8.747608,3711,0.6640303730964661
10X_P7_6_AAGGTTCCATTCTCAT,3-F-56,natural killer cell,6,natural killer cell,6.6674757,25.544762,3712,2.242469787597656
10X_P7_6_AAGGTTCGTCATTAGC,3-F-56,macrophage,13,Unmatched_13,13.082603,13.585272,3713,2.8559908866882324
10X_P7_6_AAGGTTCGTCTAACGT,3-F-56,B cell,0,B cell,-2.9917088,0.12111301,3714,0.5037983655929565
10X_P7_6_AAGGTTCGTCTCATCC,3-F-56,B cell,0,B cell,-3.3721156,-0.28556076,3715,0.5384560823440552
10X_P7_6_AAGGTTCGTGTGACGA,3-F-56,B cell,0,B cell,-1.2815651,1.8268566,3716,0.773274302482605
10X_P7_6_AAGGTTCGTTGAACTC,3-F-56,B cell,1,Unmatched_1,-1.3864759,5.8065577,3717,0.8393985033035278
10X_P7_6_AAGGTTCTCCCAAGAT,3-F-56,B cell,0,B cell,-4.6836634,0.28427708,3718,0.6916079521179199
10X_P7_6_AAGTCTGAGCTCAACT,3-F-56,T cell,2,Unmatched_2,4.498107,25.714733,3719,1.5991421937942505
10X_P7_6_AAGTCTGAGGCTAGAC,3-F-56,B cell,0,B cell,-4.5813885,0.28027886,3720,0.4711102545261383
10X_P7_6_AAGTCTGCACACGCTG,3-F-56,B cell,0,B cell,-2.1191313,3.1672575,3721,1.0018962621688845
10X_P7_6_AAGTCTGCACTCAGGC,3-F-56,B cell,0,B cell,-4.0907345,1.8101368,3722,1.0616353750228882
10X_P7_6_AAGTCTGGTGGCGAAT,3-F-56,B cell,1,Unmatched_1,-3.837253,6.033117,3723,0.9198243021965028
10X_P7_6_AAGTCTGGTGTGACGA,3-F-56,T cell,2,Unmatched_2,3.2749667,25.3851,3724,1.1280421018600464
10X_P7_6_AAGTCTGGTTGGACCC,3-F-56,natural killer cell,6,natural killer cell,6.5950694,25.495869,3725,2.343940496444702
10X_P7_6_AAGTCTGTCAGTCCCT,3-F-56,B cell,0,B cell,-1.882142,0.8705526,3726,0.5287215709686279
10X_P7_6_AAGTCTGTCCAAACAC,3-F-56,B cell,0,B cell,-2.9239268,1.3512912,3727,0.4196827709674835
10X_P7_6_AATCCAGAGACATAAC,3-F-56,T cell,2,Unmatched_2,4.400328,25.676521,3728,1.3611034154891968
10X_P7_6_AATCCAGAGTGCGTGA,3-F-56,natural killer cell,6,natural killer cell,6.653647,25.569918,3729,2.938598155975342
10X_P7_6_AATCCAGCAACAACCT,3-F-56,T cell,3,T cell,5.2390018,24.85427,3730,1.305128812789917
10X_P7_6_AATCCAGCACAGACAG,3-F-56,B cell,0,B cell,-1.9025458,-0.21448857,3731,0.90245920419693
10X_P7_6_AATCCAGGTACAGTTC,3-F-56,T cell,3,T cell,3.7924025,23.446936,3732,0.5125724673271179
10X_P7_6_AATCCAGGTTACTGAC,3-F-56,B cell,0,B cell,-2.6806796,1.3942816,3733,0.3904854655265808
10X_P7_6_AATCCAGTCACATACG,3-F-56,T cell,3,T cell,4.920717,24.683727,3734,1.0371043682098389
10X_P7_6_AATCCAGTCTTGTCAT,3-F-56,B cell,0,B cell,-1.103399,1.4023464,3735,0.5885834693908691
10X_P7_6_AATCGGTCAAACTGTC,3-F-56,B cell,0,B cell,-2.6829388,2.3752496,3736,1.1899856328964231
10X_P7_6_AATCGGTCACTAGTAC,3-F-56,B cell,0,B cell,-1.42572,1.4056947,3737,0.7260823249816895
10X_P7_6_AATCGGTGTAAATACG,3-F-56,B cell,0,B cell,-1.8168073,3.8480413,3738,0.7051490545272827
10X_P7_6_AATCGGTGTAGCTCCG,3-F-56,B cell,0,B cell,-2.0851462,3.8626823,3739,0.742867112159729
10X_P7_6_AATCGGTGTATGAATG,3-F-56,B cell,0,B cell,-1.4898807,-0.93724567,3740,0.8512012362480164
10X_P7_6_AATCGGTGTCGGGTCT,3-F-56,B cell,1,Unmatched_1,-1.4327184,6.3485937,3741,0.4653296172618866
10X_P7_6_AATCGGTTCAGAGACG,3-F-56,B cell,1,Unmatched_1,-2.1218677,6.2206697,3742,0.6824798583984375
10X_P7_6_AATCGGTTCCAAACAC,3-F-56,B cell,0,B cell,-3.607863,2.2074447,3743,0.5284666419029236
10X_P7_6_AATCGGTTCGCAAACT,3-F-56,B cell,0,B cell,-2.9469981,-1.1491694,3744,0.8921054601669312
10X_P7_6_AATCGGTTCGTCACGG,3-F-56,macrophage,5,macrophage,11.128525,14.451448,3745,1.5309324264526367
10X_P7_6_AATCGGTTCTGTGCAA,3-F-56,B cell,0,B cell,-1.5947944,2.2065687,3746,0.9021757245063782
10X_P7_6_AATCGGTTCTGTTTGT,3-F-56,T cell,2,Unmatched_2,2.2803948,26.140703,3747,0.6473900675773621
10X_P7_6_ACACCAAAGGTGTTAA,3-F-56,T cell,3,T cell,3.559002,23.481922,3748,0.6983767747879028
10X_P7_6_ACACCAAAGTGAAGTT,3-F-56,B cell,0,B cell,-1.9852663,0.38469705,3749,1.231616735458374
10X_P7_6_ACACCAACACCAGCAC,3-F-56,B cell,0,B cell,-1.2189996,0.033958297,3750,0.6625309586524963
10X_P7_6_ACACCAACAGATCTGT,3-F-56,B cell,0,B cell,-2.916546,2.068424,3751,0.7965441346168518
10X_P7_6_ACACCAAGTCCGTGAC,3-F-56,B cell,7,Unmatched_7,-5.2478447,1.3579718,3752,1.1856664419174194
10X_P7_6_ACACCAAGTGCAGGTA,3-F-56,T cell,2,Unmatched_2,2.1256418,25.47158,3753,0.6707529425621033
10X_P7_6_ACACCAAGTTCTCATT,3-F-56,B cell,0,B cell,-2.8064003,0.7533301,3754,0.8190271258354187
10X_P7_6_ACACCAATCAAGAAGT,3-F-56,B cell,0,B cell,-2.4392579,1.0295198,3755,0.707843542098999
10X_P7_6_ACACCAATCATGTGGT,3-F-56,T cell,3,T cell,6.6950846,26.021822,3756,1.83660089969635
10X_P7_6_ACACCAATCCGAACGC,3-F-56,B cell,0,B cell,-1.3274533,1.687285,3757,0.559282660484314
10X_P7_6_ACACCAATCCTCCTAG,3-F-56,B cell,0,B cell,-3.1476238,-0.36805508,3758,0.7581087350845337
10X_P7_6_ACACCAATCGGCTTGG,3-F-56,B cell,0,B cell,-0.48131776,2.8700988,3759,1.1245619058609009
10X_P7_6_ACACCAATCTCTGAGA,3-F-56,B cell,0,B cell,-1.6323729,-0.5490801,3760,0.7656687498092651
10X_P7_6_ACACCAATCTGTGCAA,3-F-56,B cell,0,B cell,-0.44263306,-1.0485635,3761,0.6298054456710815
10X_P7_6_ACACCCTAGCAGACTG,3-F-56,T cell,2,Unmatched_2,2.1845205,25.840717,3762,0.9719563126564026
10X_P7_6_ACACCCTAGTCCGTAT,3-F-56,T cell,3,T cell,3.5427127,23.956465,3763,0.7249937653541565
10X_P7_6_ACACCCTAGTGAAGAG,3-F-56,B cell,4,Unmatched_4,-4.8245606,4.438832,3764,0.6900578737258911
10X_P7_6_ACACCCTCAGATGAGC,3-F-56,B cell,0,B cell,-2.399846,1.534562,3765,0.6450016498565674
10X_P7_6_ACACCCTCATTTCACT,3-F-56,B cell,0,B cell,-2.805084,0.3010028,3766,0.4950451552867889
10X_P7_6_ACACCCTGTATCAGTC,3-F-56,B cell,1,Unmatched_1,-1.0075421,5.863747,3767,0.4646961390972137
10X_P7_6_ACACCCTGTCATACTG,3-F-56,natural killer cell,6,natural killer cell,6.797298,25.829807,3768,3.218928337097168
10X_P7_6_ACACCCTTCCACTGGG,3-F-56,B cell,0,B cell,-2.6616216,1.4415212,3769,0.4747677445411682
10X_P7_6_ACACCCTTCGGCGCAT,3-F-56,B cell,0,B cell,-1.1818374,0.8186834,3770,0.5523669719696045
10X_P7_6_ACACCCTTCTAACCGA,3-F-56,B cell,0,B cell,-1.7895916,2.6774862,3771,0.9235708713531494
10X_P7_6_ACACCCTTCTCGAGTA,3-F-56,B cell,0,B cell,0.12403003,0.2657178,3772,0.7672087550163269
10X_P7_6_ACACCGGAGATCCGAG,3-F-56,T cell,2,Unmatched_2,2.6865764,26.394264,3773,0.5553951263427734
10X_P7_6_ACACCGGAGATGGGTC,3-F-56,natural killer cell,6,natural killer cell,7.0800343,26.474754,3774,1.48161780834198
10X_P7_6_ACACCGGAGCGTGTCC,3-F-56,B cell,0,B cell,-1.5636425,-1.1977453,3775,0.7197126150131226
10X_P7_6_ACACCGGAGGCTCATT,3-F-56,T cell,2,Unmatched_2,4.6647615,26.298481,3776,1.3294715881347656
10X_P7_6_ACACCGGAGGGTCTCC,3-F-56,B cell,1,Unmatched_1,-2.6032138,4.019685,3777,0.5791577100753784
10X_P7_6_ACACCGGAGTTAAGTG,3-F-56,B cell,0,B cell,-2.8898795,0.085036844,3778,0.6358433961868286
10X_P7_6_ACACCGGCACAGGTTT,3-F-56,B cell,0,B cell,-1.3780942,-0.12645397,3779,0.6996452212333679
10X_P7_6_ACACCGGCACCTCGGA,3-F-56,B cell,0,B cell,-1.2316175,1.389857,3780,1.0435410737991333
10X_P7_6_ACACCGGCACGGCCAT,3-F-56,B cell,0,B cell,-2.0790231,1.6734682,3781,0.7587457895278931
10X_P7_6_ACACCGGCACTGCCAG,3-F-56,B cell,0,B cell,-1.9215479,1.7340555,3782,1.078543782234192
10X_P7_6_ACACCGGCAGCGATCC,3-F-56,T cell,3,T cell,3.4454052,23.803158,3783,0.6399717330932617
10X_P7_6_ACACCGGCAGGTGGAT,3-F-56,B cell,1,Unmatched_1,-1.2598897,5.000658,3784,0.6739761829376221
10X_P7_6_ACACCGGCATCCGTGG,3-F-56,B cell,0,B cell,-0.25277725,0.39883804,3785,1.1012548208236694
10X_P7_6_ACACCGGCATGCGCAC,3-F-56,B cell,1,Unmatched_1,-1.9921525,6.237248,3786,0.4820814430713653
10X_P7_6_ACACCGGGTAGCGTGA,3-F-56,B cell,0,B cell,-0.090191305,0.3417444,3787,0.4266799092292785
10X_P7_6_ACACCGGGTCCCTACT,3-F-56,T cell,3,T cell,2.8365605,23.392115,3788,0.5454406142234802
10X_P7_6_ACACCGGGTCTCAACA,3-F-56,B cell,0,B cell,-0.5228081,0.2792284,3789,0.6218714714050293
10X_P7_6_ACACCGGGTGCTCTTC,3-F-56,B cell,1,Unmatched_1,-1.7781531,6.0729156,3790,0.4647489488124847
10X_P7_6_ACACCGGGTGTGCGTC,3-F-56,T cell,2,Unmatched_2,4.42459,25.723707,3791,1.862244963645935
10X_P7_6_ACACCGGTCGTGACAT,3-F-56,B cell,0,B cell,-1.6269141,1.6648421,3792,0.7372089624404907
10X_P7_6_ACACCGGTCTATCGCC,3-F-56,T cell,3,T cell,2.9047492,23.113565,3793,0.5122098326683044
10X_P7_6_ACACCGGTCTGTCTCG,3-F-56,B cell,1,Unmatched_1,-0.82246345,6.18235,3794,0.5746281147003174
10X_P7_6_ACACTGAAGCGATAGC,3-F-56,macrophage,5,macrophage,11.261078,14.5178385,3795,1.6524087190628052
10X_P7_6_ACACTGAAGGGATACC,3-F-56,B cell,1,Unmatched_1,-2.3580918,6.106127,3796,0.803244948387146
10X_P7_6_ACACTGACAGATCTGT,3-F-56,T cell,3,T cell,5.230616,24.838642,3797,1.1236557960510254
10X_P7_6_ACACTGACAGGGTTAG,3-F-56,T cell,2,Unmatched_2,2.6627657,25.956408,3798,0.5659512877464294
10X_P7_6_ACACTGACAGTTAACC,3-F-56,B cell,0,B cell,-2.258764,2.8427665,3799,0.6121082901954651
10X_P7_6_ACACTGACATGCATGT,3-F-56,B cell,0,B cell,-1.0145131,0.8632905,3800,0.7044557332992554
10X_P7_6_ACACTGAGTAGCCTAT,3-F-56,B cell,0,B cell,-0.6192163,2.3661907,3801,0.913810968399048
10X_P7_6_ACACTGAGTAGTGAAT,3-F-56,B cell,1,Unmatched_1,-3.541112,6.2577424,3802,0.6638562679290771
10X_P7_6_ACACTGAGTCAGATAA,3-F-56,B cell,0,B cell,-2.3753629,0.49493784,3803,0.8927249908447266
10X_P7_6_ACACTGAGTCGAATCT,3-F-56,B cell,0,B cell,-2.2076561,0.72637206,3804,0.5585517883300781
10X_P7_6_ACACTGAGTCGACTAT,3-F-56,T cell,9,Unmatched_9,7.015601,23.678095,3805,1.9580317735672
10X_P7_6_ACACTGAGTGCGATAG,3-F-56,B cell,2,Unmatched_2,0.3176387,23.164997,3806,1.9011517763137815
10X_P7_6_ACACTGAGTGCTTCTC,3-F-56,macrophage,8,Unmatched_8,-1.7754679,1.7622553,3807,3.3190481662750244
10X_P7_6_ACACTGAGTGTGGTTT,3-F-56,B cell,0,B cell,-0.83789855,0.90843004,3808,0.7511861324310303
10X_P7_6_ACACTGAGTTAGTGGG,3-F-56,B cell,0,B cell,-0.20351501,0.19540201,3809,0.4713950157165527
10X_P7_6_ACACTGATCATGTCTT,3-F-56,B cell,0,B cell,-2.6627324,0.7687592,3810,0.406930536031723
10X_P7_6_ACACTGATCCTATGTT,3-F-56,B cell,7,Unmatched_7,-5.01304,1.2761284,3811,1.2716916799545288
10X_P7_6_ACACTGATCGTACGGC,3-F-56,B cell,4,Unmatched_4,8.853298,14.283532,3812,1.5226752758026123
10X_P7_6_ACAGCCGAGTGGGTTG,3-F-56,B cell,1,Unmatched_1,-2.0209625,6.178435,3813,0.5432983040809631
10X_P7_6_ACAGCCGAGTGTTGAA,3-F-56,B cell,0,B cell,0.19414341,0.6056399,3814,0.4248703122138977
10X_P7_6_ACAGCCGCACGAAGCA,3-F-56,B cell,1,Unmatched_1,0.57599014,23.066004,3815,1.2486658096313477
10X_P7_6_ACAGCCGCATTTCAGG,3-F-56,T cell,2,Unmatched_2,2.6695178,26.224121,3816,0.6030686497688293
10X_P7_6_ACAGCCGGTACAAGTA,3-F-56,B cell,0,B cell,-0.63666785,1.0142578,3817,0.4833419322967529
10X_P7_6_ACAGCCGGTCACACGC,3-F-56,B cell,0,B cell,-1.2293582,-0.6969039,3818,0.6900419592857361
10X_P7_6_ACAGCCGGTCGATTGT,3-F-56,B cell,0,B cell,-3.0123253,0.065321945,3819,1.3577109575271606
10X_P7_6_ACAGCCGGTCTAGCCG,3-F-56,B cell,0,B cell,-1.5121082,-1.0140101,3820,0.9752776026725768
10X_P7_6_ACAGCCGGTTCGCGAC,3-F-56,T cell,3,T cell,2.399007,23.252613,3821,0.6704036593437195
10X_P7_6_ACAGCCGTCAAGGTAA,3-F-56,T cell,2,Unmatched_2,3.9151945,25.793959,3822,0.8437824845314026
10X_P7_6_ACAGCCGTCCGAAGAG,3-F-56,B cell,0,B cell,-0.7035997,1.5453002,3823,0.6153010725975037
10X_P7_6_ACAGCCGTCGGAGGTA,3-F-56,T cell,3,T cell,3.5854335,22.839096,3824,0.6865597367286682
10X_P7_6_ACAGCCGTCGTCTGCT,3-F-56,B cell,0,B cell,-3.4967256,-0.42711398,3825,0.5503849983215332
10X_P7_6_ACAGCTAAGACAAGCC,3-F-56,B cell,2,Unmatched_2,0.67168224,22.859716,3826,2.094930648803711
10X_P7_6_ACAGCTAAGAGTGACC,3-F-56,B cell,1,Unmatched_1,-1.2387949,5.4561048,3827,0.5551759004592896
10X_P7_6_ACAGCTAAGTGAAGAG,3-F-56,B cell,1,Unmatched_1,-1.8125342,5.789529,3828,0.4746954143047333
10X_P7_6_ACAGCTACAGGAATGC,3-F-56,B cell,1,Unmatched_1,-2.2363155,6.1275167,3829,0.5878829956054688
10X_P7_6_ACAGCTACATAGACTC,3-F-56,B cell,0,B cell,-3.157112,2.738956,3830,0.6394534707069397
10X_P7_6_ACAGCTAGTAGCACGA,3-F-56,B cell,0,B cell,-1.2803584,0.5199638,3831,0.4527610242366791
10X_P7_6_ACAGCTAGTCTCCACT,3-F-56,T cell,3,T cell,4.5369153,24.95778,3832,2.07214879989624
10X_P7_6_ACAGCTAGTCTGCAAT,3-F-56,B cell,0,B cell,-2.5634956,2.1980093,3833,0.654352068901062
10X_P7_6_ACAGCTAGTTGATTGC,3-F-56,B cell,0,B cell,-1.7064234,4.004267,3834,0.6080114245414734
10X_P7_6_ACAGCTAGTTGGTAAA,3-F-56,B cell,0,B cell,-3.4876463,-0.10985009,3835,0.4463516771793365
10X_P7_6_ACAGCTATCCTACAGA,3-F-56,T cell,3,T cell,3.6580002,22.778397,3836,0.562643826007843
10X_P7_6_ACAGCTATCCTAGAAC,3-F-56,B cell,0,B cell,-2.4932315,0.43678868,3837,0.4755654633045196
10X_P7_6_ACAGCTATCCTCATTA,3-F-56,B cell,0,B cell,-1.1500118,1.7433827,3838,1.0312271118164062
10X_P7_6_ACAGCTATCCTTTACA,3-F-56,B cell,0,B cell,-1.1948822,0.6135182,3839,0.6641340851783752
10X_P7_6_ACATACGAGAATGTTG,3-F-56,B cell,0,B cell,-0.7335414,3.1932933,3840,0.6416478157043457
10X_P7_6_ACATACGAGCAACGGT,3-F-56,B cell,0,B cell,-3.0361376,-0.8188188,3841,1.1710728406906128
10X_P7_6_ACATACGAGGTTACCT,3-F-56,macrophage,5,macrophage,13.428739,15.404759,3842,1.8586483001708984
10X_P7_6_ACATACGAGTGGTAAT,3-F-56,B cell,4,Unmatched_4,-4.418264,4.1974397,3843,0.7897706031799316
10X_P7_6_ACATACGCAAGTTCTG,3-F-56,T cell,3,T cell,3.0825853,22.796947,3844,1.012796401977539
10X_P7_6_ACATACGCAATGGATA,3-F-56,B cell,4,Unmatched_4,-3.7975516,3.9901395,3845,0.7558610439300537
10X_P7_6_ACATACGCACCAGGTC,3-F-56,T cell,2,Unmatched_2,1.9265679,25.664381,3846,0.7276948094367981
10X_P7_6_ACATACGCAGGGTTAG,3-F-56,T cell,3,T cell,3.5711849,22.710705,3847,0.7392609715461731
10X_P7_6_ACATACGCATCGATTG,3-F-56,B cell,1,Unmatched_1,-1.1708283,6.2570515,3848,0.4656642079353332
10X_P7_6_ACATACGGTACATGTC,3-F-56,B cell,0,B cell,-2.0158892,1.4314764,3849,0.4966024458408355
10X_P7_6_ACATACGGTACCTACA,3-F-56,T cell,3,T cell,2.8451355,23.289537,3850,0.6873763799667358
10X_P7_6_ACATACGGTAGGCATG,3-F-56,B cell,0,B cell,-2.6338356,1.9941005,3851,0.439812034368515
10X_P7_6_ACATACGGTATAATGG,3-F-56,B cell,1,Unmatched_1,-1.3574325,5.6341195,3852,0.4258586168289184
10X_P7_6_ACATACGGTATGAATG,3-F-56,macrophage,5,macrophage,11.1983185,14.483301,3853,1.769714593887329
10X_P7_6_ACATACGGTCTGCAAT,3-F-56,B cell,4,Unmatched_4,-4.2407184,3.362257,3854,1.3419679403305054
10X_P7_6_ACATACGGTGGCGAAT,3-F-56,B cell,1,Unmatched_1,-1.0264956,5.492556,3855,0.77321857213974
10X_P7_6_ACATACGTCACCCGAG,3-F-56,B cell,0,B cell,-1.2164999,-0.20935066,3856,0.7948789000511169
10X_P7_6_ACATACGTCGTACGGC,3-F-56,T cell,3,T cell,3.7450504,23.356236,3857,0.8097212910652161
10X_P7_6_ACATACGTCGTGACAT,3-F-56,B cell,1,Unmatched_1,-0.99855006,5.9528537,3858,0.4801077544689178
10X_P7_6_ACATCAGAGCCCAATT,3-F-56,T cell,3,T cell,3.1972551,23.648746,3859,0.5970078706741333
10X_P7_6_ACATCAGAGCGGATCA,3-F-56,T cell,3,T cell,3.51779,22.800625,3860,0.8061637282371521
10X_P7_6_ACATCAGAGCTCCTTC,3-F-56,T cell,6,natural killer cell,6.6840405,25.865856,3861,3.218928337097168
10X_P7_6_ACATCAGAGGCTAGGT,3-F-56,B cell,0,B cell,-0.3584687,-0.00841052,3862,0.6693888306617737
10X_P7_6_ACATCAGAGTACGCGA,3-F-56,B cell,0,B cell,-3.754123,-0.4187632,3863,0.8274262547492981
10X_P7_6_ACATCAGAGTTAGGTA,3-F-56,T cell,3,T cell,3.8587868,23.881788,3864,1.1735540628433228
10X_P7_6_ACATCAGCAGGGTACA,3-F-56,T cell,3,T cell,3.9567423,23.946342,3865,0.786133348941803
10X_P7_6_ACATCAGGTAGAGGAA,3-F-56,macrophage,8,Unmatched_8,10.078129,12.307964,3866,2.009247064590454
10X_P7_6_ACATCAGGTCTGGTCG,3-F-56,B cell,0,B cell,-1.4607598,0.9413289,3867,0.676891028881073
10X_P7_6_ACATCAGGTGATGTGG,3-F-56,B cell,1,Unmatched_1,-2.7734253,4.9500527,3868,0.7039400339126587
10X_P7_6_ACATCAGGTGTGCCTG,3-F-56,T cell,3,T cell,3.434081,23.477497,3869,0.5194386839866638
10X_P7_6_ACATCAGGTTGAACTC,3-F-56,T cell,2,Unmatched_2,2.1390867,26.245451,3870,0.5287777185440063
10X_P7_6_ACATCAGTCAGAGGTG,3-F-56,T cell,2,Unmatched_2,2.6705964,26.354952,3871,0.5913953185081482
10X_P7_6_ACATGGTAGCTGAAAT,3-F-56,B cell,1,Unmatched_1,-2.545484,4.7819633,3872,0.6104628443717957
10X_P7_6_ACATGGTAGTCACGCC,3-F-56,B cell,1,Unmatched_1,-1.0435672,6.354808,3873,0.8260102272033691
10X_P7_6_ACATGGTCACCCTATC,3-F-56,T cell,2,Unmatched_2,1.7188615,25.570677,3874,0.557533323764801
10X_P7_6_ACATGGTCAGTAAGCG,3-F-56,B cell,0,B cell,-1.7404337,1.415048,3875,0.7019611597061157
10X_P7_6_ACATGGTGTATGAAAC,3-F-56,B cell,0,B cell,-0.68183804,0.68411165,3876,0.8313235640525818
10X_P7_6_ACATGGTTCAGCTCTC,3-F-56,B cell,4,Unmatched_4,-4.1480145,4.2726774,3877,1.4596394300460815
10X_P7_6_ACATGGTTCCTCAATT,3-F-56,B cell,0,B cell,-2.7846422,-1.0118376,3878,0.9091330766677856
10X_P7_6_ACATGGTTCGTTGCCT,3-F-56,B cell,0,B cell,-2.9503977,1.7377328,3879,0.4429602921009063
10X_P7_6_ACATGGTTCTCAACTT,3-F-56,B cell,1,Unmatched_1,-1.1304425,6.154441,3880,0.7863762378692627
10X_P7_6_ACATGGTTCTCGATGA,3-F-56,B cell,0,B cell,-1.0240672,-0.35862112,3881,0.7100439071655273
10X_P7_6_ACATGGTTCTTGTCAT,3-F-56,B cell,0,B cell,-1.325265,0.17264873,3882,0.7306470274925232
10X_P7_6_ACCAGTAAGAGCCTAG,3-F-56,B cell,0,B cell,-2.5707502,3.0831232,3883,0.9209895133972168
10X_P7_6_ACCAGTAAGCCGTCGT,3-F-56,B cell,1,Unmatched_1,-2.840497,4.3388724,3884,0.7075916528701782
10X_P7_6_ACCAGTAAGCTGTCTA,3-F-56,B cell,4,Unmatched_4,-3.9677174,3.2600682,3885,1.4613264799118042
10X_P7_6_ACCAGTAAGCTTATCG,3-F-56,B cell,1,Unmatched_1,-1.1377978,5.8190947,3886,0.673337996006012
10X_P7_6_ACCAGTAAGGTTCCTA,3-F-56,T cell,3,T cell,3.38271,22.764484,3887,0.596842885017395
10X_P7_6_ACCAGTACAGTTAACC,3-F-56,T cell,3,T cell,2.8528857,23.242704,3888,1.0195313692092896
10X_P7_6_ACCAGTACATTTCAGG,3-F-56,B cell,1,Unmatched_1,-1.263305,5.196841,3889,1.222031593322754
10X_P7_6_ACCAGTAGTCATATCG,3-F-56,B cell,1,Unmatched_1,-1.331259,5.3801155,3890,0.6175999045372009
10X_P7_6_ACCAGTAGTCGGATCC,3-F-56,B cell,0,B cell,-3.4205625,0.3128466,3891,0.5083654522895813
10X_P7_6_ACCAGTAGTTGCTCCT,3-F-56,B cell,0,B cell,-0.5890425,0.13692635,3892,0.6145899891853333
10X_P7_6_ACCAGTATCAGTTGAC,3-F-56,B cell,1,Unmatched_1,-2.104236,5.9622636,3893,0.5423056483268738
10X_P7_6_ACCAGTATCCAATGGT,3-F-56,B cell,0,B cell,-3.2963486,0.16353478,3894,0.582538366317749
10X_P7_6_ACCAGTATCCTTTCGG,3-F-56,B cell,0,B cell,-1.4824555,1.9421698,3895,1.5098779201507568
10X_P7_6_ACCCACTAGAGAGCTC,3-F-56,B cell,1,Unmatched_1,-2.4852123,5.5211115,3896,0.6809619069099426
10X_P7_6_ACCCACTAGCTAAACA,3-F-56,macrophage,8,Unmatched_8,9.989534,12.408248,3897,2.326709747314453
10X_P7_6_ACCCACTAGCTAGTTC,3-F-56,T cell,3,T cell,2.993901,22.97287,3898,0.792270302772522
10X_P7_6_ACCCACTAGTGTGGCA,3-F-56,B cell,1,Unmatched_1,-1.3002483,5.931387,3899,0.4385102689266205
10X_P7_6_ACCCACTCATCGACGC,3-F-56,B cell,0,B cell,-3.2236714,1.0145913,3900,0.7637216448783875
10X_P7_6_ACCCACTCATCGGAAG,3-F-56,B cell,0,B cell,-0.3314422,-0.48367876,3901,0.5694015026092529
10X_P7_6_ACCCACTCATGTCCTC,3-F-56,B cell,0,B cell,-1.0812575,3.0387254,3902,1.253138303756714
10X_P7_6_ACCCACTGTGCACTTA,3-F-56,B cell,0,B cell,-2.9633746,1.8003145,3903,0.5406286120414734
10X_P7_6_ACCCACTGTGGTAACG,3-F-56,B cell,2,Unmatched_2,0.6648274,23.121395,3904,1.530949354171753
10X_P7_6_ACCCACTGTTAGGGTG,3-F-56,B cell,0,B cell,-2.275058,3.700566,3905,0.6278490424156189
10X_P7_6_ACCCACTGTTTGTTGG,3-F-56,B cell,0,B cell,-1.1580154,2.707768,3906,1.5313799381256104
10X_P7_6_ACCCACTTCAGTTAGC,3-F-56,T cell,2,Unmatched_2,4.2417665,26.515274,3907,1.486741304397583
10X_P7_6_ACCCACTTCCCGACTT,3-F-56,B cell,4,Unmatched_4,-3.4513588,3.9626036,3908,0.6607366800308228
10X_P7_6_ACCCACTTCCTTGCCA,3-F-56,T cell,9,Unmatched_9,6.968043,23.721193,3909,1.9416987895965576
10X_P7_6_ACCCACTTCTCGCATC,3-F-56,B cell,0,B cell,-0.87171626,1.2518387,3910,0.9191595911979676
10X_P7_6_ACCGTAAAGAACTGTA,3-F-56,B cell,0,B cell,-1.5772789,1.358067,3911,0.4905987977981567
10X_P7_6_ACCGTAAAGCGATGAC,3-F-56,B cell,0,B cell,-0.6604657,2.534092,3912,0.9749708771705629
10X_P7_6_ACCGTAAAGCTAGGCA,3-F-56,B cell,0,B cell,-2.046731,-0.6542646,3913,1.0367285013198853
10X_P7_6_ACCGTAAAGTGAACGC,3-F-56,B cell,0,B cell,0.031495422,1.0756862,3914,0.557523250579834
10X_P7_6_ACCGTAACACCAGTTA,3-F-56,T cell,2,Unmatched_2,2.3846245,25.394707,3915,1.2288053035736084
10X_P7_6_ACCGTAAGTCCGTTAA,3-F-56,B cell,0,B cell,-0.2595668,-0.8608598,3916,0.4600250720977783
10X_P7_6_ACCGTAAGTTCCACAA,3-F-56,B cell,0,B cell,-0.87149245,0.15871982,3917,0.6651075482368469
10X_P7_6_ACCGTAATCCTGCTTG,3-F-56,T cell,2,Unmatched_2,4.7925205,26.624704,3918,2.056771755218506
10X_P7_6_ACCGTAATCTTGAGGT,3-F-56,B cell,0,B cell,-2.2800205,1.0869188,3919,0.5346687436103821
10X_P7_6_ACCTTTAAGACGCACA,3-F-56,T cell,3,T cell,2.4250853,23.203566,3920,0.7273545861244202
10X_P7_6_ACCTTTAAGGTCATCT,3-F-56,B cell,1,Unmatched_1,-1.3321081,5.9529805,3921,0.5462437272071838
10X_P7_6_ACCTTTAAGTGCAAGC,3-F-56,T cell,9,Unmatched_9,6.97444,23.714039,3922,1.812290072441101
10X_P7_6_ACCTTTAAGTTGCAGG,3-F-56,T cell,3,T cell,2.5432293,23.175587,3923,0.6042608022689819
10X_P7_6_ACCTTTACATCAGTAC,3-F-56,B cell,0,B cell,-0.9582233,0.42560136,3924,0.5528912544250488
10X_P7_6_ACCTTTACATCATCCC,3-F-56,B cell,0,B cell,-1.7093872,-0.045627516,3925,0.6617919206619263
10X_P7_6_ACCTTTACATCCAACA,3-F-56,B cell,0,B cell,-1.3839986,2.338967,3926,1.2148810625076294
10X_P7_6_ACCTTTACATCCGGGT,3-F-56,T cell,3,T cell,3.2343657,22.746204,3927,0.6479703187942505
10X_P7_6_ACCTTTACATTCCTCG,3-F-56,macrophage,5,macrophage,4.6438055,13.966813,3928,2.578231811523437
10X_P7_6_ACCTTTACATTCTTAC,3-F-56,B cell,0,B cell,-3.4698317,-0.641624,3929,0.8541437983512878
10X_P7_6_ACCTTTAGTAATTGGA,3-F-56,B cell,1,Unmatched_1,-2.3392427,5.7073402,3930,0.6306107640266418
10X_P7_6_ACCTTTAGTCGCGAAA,3-F-56,B cell,0,B cell,-0.91048896,1.6732684,3931,1.4882279634475708
10X_P7_6_ACCTTTAGTTAAGGGC,3-F-56,B cell,4,Unmatched_4,-3.6458442,3.8772538,3932,0.9335559010505676
10X_P7_6_ACCTTTAGTTCCGTCT,3-F-56,B cell,1,Unmatched_1,-1.5163561,6.1801567,3933,0.4719160795211792
10X_P7_6_ACCTTTATCCGCATAA,3-F-56,B cell,0,B cell,-2.2131627,-0.14998347,3934,0.7148010730743408
10X_P7_6_ACCTTTATCTGTTTGT,3-F-56,B cell,4,Unmatched_4,-2.472084,8.752743,3935,0.7150033116340637
10X_P7_6_ACCTTTATCTTGGGTA,3-F-56,T cell,2,Unmatched_2,2.1735835,25.998215,3936,0.5298613905906677
10X_P7_6_ACGAGCCAGACTCGGA,3-F-56,T cell,3,T cell,2.997053,23.403564,3937,0.6856830716133118
10X_P7_6_ACGAGCCAGAGACTAT,3-F-56,B cell,0,B cell,0.05951102,-0.2554624,3938,0.4701786935329437
10X_P7_6_ACGAGCCAGATCCGAG,3-F-56,T cell,2,Unmatched_2,2.5497112,26.41829,3939,0.7452943325042725
10X_P7_6_ACGAGCCAGATCGATA,3-F-56,B cell,0,B cell,-1.5077145,0.74492604,3940,0.820959210395813
10X_P7_6_ACGAGCCAGATGTCGG,3-F-56,B cell,0,B cell,-2.1226761,2.8761737,3941,1.036637306213379
10X_P7_6_ACGAGCCCAGTATAAG,3-F-56,B cell,4,Unmatched_4,-4.9736705,3.974326,3942,0.8963423371315002
10X_P7_6_ACGAGCCCATCATCCC,3-F-56,B cell,1,Unmatched_1,-1.8976845,4.3063297,3943,0.6022197008132935
10X_P7_6_ACGAGCCCATGTAAGA,3-F-56,B cell,0,B cell,-2.307721,0.25482458,3944,0.4897440969944
10X_P7_6_ACGAGCCGTAGGCATG,3-F-56,B cell,0,B cell,-1.8119587,2.1230412,3945,0.8632062077522278
10X_P7_6_ACGAGCCGTCTCCCTA,3-F-56,B cell,0,B cell,-2.6239107,-0.39948183,3946,0.9116974472999572
10X_P7_6_ACGAGCCGTGAAATCA,3-F-56,T cell,2,Unmatched_2,4.3001842,26.515892,3947,2.302220344543457
10X_P7_6_ACGAGCCGTGTGCCTG,3-F-56,B cell,0,B cell,-0.9166333,-1.3051386,3948,0.9353421926498412
10X_P7_6_ACGAGCCTCACCAGGC,3-F-56,B cell,1,Unmatched_1,-2.6671188,4.3867717,3949,0.7539594769477844
10X_P7_6_ACGAGCCTCAGCTTAG,3-F-56,natural killer cell,6,natural killer cell,7.104912,26.527288,3950,1.8961204290390012
10X_P7_6_ACGAGCCTCATGTAGC,3-F-56,B cell,1,Unmatched_1,-0.7318371,5.7623634,3951,1.0962367057800293
10X_P7_6_ACGAGCCTCCCAAGTA,3-F-56,B cell,0,B cell,0.32853895,0.33265433,3952,0.4502072334289551
10X_P7_6_ACGAGCCTCCTAGAAC,3-F-56,T cell,3,T cell,2.586743,23.11016,3953,1.2426371574401855
10X_P7_6_ACGAGGAAGGAACTGC,3-F-56,B cell,0,B cell,-1.9558903,1.4612817,3954,0.905654788017273
10X_P7_6_ACGAGGAAGTATCGAA,3-F-56,B cell,0,B cell,-4.6364446,1.4082646,3955,1.1115378141403198
10X_P7_6_ACGAGGAAGTGTACCT,3-F-56,T cell,2,Unmatched_2,2.5841923,25.714941,3956,0.6185876727104187
10X_P7_6_ACGAGGACAATAGCAA,3-F-56,B cell,0,B cell,-0.52983874,-0.51792353,3957,0.6960516571998596
10X_P7_6_ACGAGGACATGGGAAC,3-F-56,B cell,4,Unmatched_4,-4.8235965,3.1083703,3958,1.2466875314712524
10X_P7_6_ACGAGGAGTACAGACG,3-F-56,T cell,2,Unmatched_2,2.814671,25.909327,3959,0.6772667765617371
10X_P7_6_ACGAGGAGTACAGTGG,3-F-56,B cell,0,B cell,-2.1979606,-1.1539627,3960,0.99477881193161
10X_P7_6_ACGAGGAGTCTGATTG,3-F-56,B cell,0,B cell,-4.0615225,1.7127237,3961,0.7073491811752319
10X_P7_6_ACGAGGAGTGCCTTGG,3-F-56,B cell,0,B cell,-0.89083624,1.894038,3962,1.2572638988494873
10X_P7_6_ACGAGGAGTGTTTGTG,3-F-56,B cell,1,Unmatched_1,-1.0686156,5.687953,3963,0.4231069684028625
10X_P7_6_ACGAGGAGTTAAGACA,3-F-56,B cell,0,B cell,-3.3180497,-0.26408705,3964,0.4924705624580383
10X_P7_6_ACGAGGATCAGTTGAC,3-F-56,B cell,1,Unmatched_1,-2.0944088,5.365575,3965,0.6449053883552551
10X_P7_6_ACGAGGATCGGAATCT,3-F-56,B cell,0,B cell,-0.98208964,0.02922052,3966,0.5646816492080688
10X_P7_6_ACGATACAGAACTGTA,3-F-56,B cell,0,B cell,-4.42038,0.19006693,3967,1.457430720329285
10X_P7_6_ACGATACAGTGTTAGA,3-F-56,B cell,1,Unmatched_1,-1.4152559,6.3747525,3968,0.42332324385643
10X_P7_6_ACGATACCAAGTCTGT,3-F-56,B cell,4,Unmatched_4,-5.1487045,3.1675553,3969,1.4724204540252686
10X_P7_6_ACGATACCACAGGCCT,3-F-56,B cell,0,B cell,-1.1117467,3.1411862,3970,1.0459935665130615
10X_P7_6_ACGATACCACATTTCT,3-F-56,T cell,2,Unmatched_2,2.857128,26.237616,3971,1.5800232887268066
10X_P7_6_ACGATACCACGTAAGG,3-F-56,B cell,0,B cell,-3.8343525,5.8048096,3972,0.8115008473396301
10X_P7_6_ACGATACCAGCTGTAT,3-F-56,B cell,0,B cell,-1.1731107,3.4219701,3973,0.9525133371353148
10X_P7_6_ACGATACGTAAGGGAA,3-F-56,B cell,0,B cell,-2.3134809,2.196408,3974,1.0985280275344849
10X_P7_6_ACGATACGTACTCGCG,3-F-56,B cell,0,B cell,-0.6217006,2.4803176,3975,0.8172072768211365
10X_P7_6_ACGATACGTATTAGCC,3-F-56,B cell,0,B cell,-0.27779102,0.31397656,3976,0.5468851327896118
10X_P7_6_ACGATACGTATTCTCT,3-F-56,B cell,0,B cell,-4.7905064,0.28662294,3977,0.4994060695171356
10X_P7_6_ACGATACGTTCAACCA,3-F-56,B cell,0,B cell,-0.098755114,0.39306432,3978,0.4687618315219879
10X_P7_6_ACGATACGTTCCCTTG,3-F-56,T cell,3,T cell,3.6649706,23.03522,3979,0.8912644386291504
10X_P7_6_ACGATACGTTTCGCTC,3-F-56,B cell,1,Unmatched_1,-3.1754827,4.1478786,3980,1.0624885559082031
10X_P7_6_ACGATACGTTTGTTTC,3-F-56,B cell,4,Unmatched_4,-4.942798,4.4146285,3981,0.9212841391563416
10X_P7_6_ACGATACTCAAACGGG,3-F-56,T cell,3,T cell,3.5746446,22.918242,3982,0.6715356707572937
10X_P7_6_ACGATACTCGAGCCCA,3-F-56,macrophage,5,macrophage,11.104978,14.4423275,3983,1.6825603246688845
10X_P7_6_ACGATACTCTGCGACG,3-F-56,T cell,3,T cell,3.5926394,23.026924,3984,0.5622812509536743
10X_P7_6_ACGATACTCTTTACAC,3-F-56,T cell,2,Unmatched_2,2.8639476,25.58212,3985,0.5587573647499084
10X_P7_6_ACGATGTAGAACTGTA,3-F-56,T cell,2,Unmatched_2,3.1929047,25.734493,3986,0.7134103178977966
10X_P7_6_ACGATGTAGACATAAC,3-F-56,B cell,0,B cell,-1.9877435,2.0079691,3987,0.9227966070175172
10X_P7_6_ACGATGTAGCCTCGTG,3-F-56,macrophage,5,macrophage,4.662722,13.929369,3988,2.7916691303253174
10X_P7_6_ACGATGTAGTGAATTG,3-F-56,T cell,9,Unmatched_9,6.9469476,23.739428,3989,2.0388379096984863
10X_P7_6_ACGATGTCAATAGCAA,3-F-56,B cell,0,B cell,-1.0623752,2.4740846,3990,0.7629015445709229
10X_P7_6_ACGATGTGTGGTTTCA,3-F-56,T cell,9,Unmatched_9,6.9179783,23.769983,3991,1.5616633892059326
10X_P7_6_ACGATGTGTGTTTGTG,3-F-56,B cell,0,B cell,-2.0148869,2.5188363,3992,0.6175717711448669
10X_P7_6_ACGATGTGTTCTGAAC,3-F-56,B cell,0,B cell,-2.1376548,1.3968519,3993,0.4930667877197265
10X_P7_6_ACGATGTTCAGTTCGA,3-F-56,T cell,2,Unmatched_2,2.8520887,25.875507,3994,0.7533334493637085
10X_P7_6_ACGATGTTCCCTTGCA,3-F-56,T cell,3,T cell,3.932584,23.876575,3995,0.8003600835800171
10X_P7_6_ACGATGTTCTCAACTT,3-F-56,natural killer cell,6,natural killer cell,6.3951626,25.41159,3996,3.1079540252685547
10X_P7_6_ACGATGTTCTTGAGAC,3-F-56,B cell,2,Unmatched_2,0.7414771,22.820358,3997,1.0969562530517578
10X_P7_6_ACGATGTTCTTGTCAT,3-F-56,B cell,0,B cell,-1.5096722,2.8576603,3998,1.325325846672058
10X_P7_6_ACGCAGCAGAATAGGG,3-F-56,B cell,4,Unmatched_4,-4.989537,3.257337,3999,1.475974678993225
10X_P7_6_ACGCAGCCACCAGTTA,3-F-56,B cell,0,B cell,-2.7441611,1.5883765,4000,0.6132709980010986
10X_P7_6_ACGCAGCCACCTGGTG,3-F-56,B cell,1,Unmatched_1,-2.3432791,6.131424,4001,0.8906625509262085
10X_P7_6_ACGCAGCGTAGGGACT,3-F-56,B cell,0,B cell,-2.173369,0.8656604,4002,0.4797336757183075
10X_P7_6_ACGCAGCGTATAATGG,3-F-56,T cell,2,Unmatched_2,2.3858764,26.198935,4003,0.8745561242103577
10X_P7_6_ACGCAGCGTCTTCTCG,3-F-56,B cell,0,B cell,-1.1986053,-0.30544117,4004,1.209898591041565
10X_P7_6_ACGCAGCGTGCAACGA,3-F-56,B cell,0,B cell,-2.8325565,2.1165664,4005,0.4728958904743194
10X_P7_6_ACGCAGCGTGTCCTCT,3-F-56,B cell,0,B cell,-0.54780394,-1.0911696,4006,0.5630710124969482
10X_P7_6_ACGCAGCGTGTGCGTC,3-F-56,T cell,3,T cell,2.905946,23.461433,4007,0.5966119170188904
10X_P7_6_ACGCAGCTCAGGTTCA,3-F-56,T cell,2,Unmatched_2,1.816132,25.507183,4008,0.7684217095375061
10X_P7_6_ACGCAGCTCCAGATCA,3-F-56,B cell,1,Unmatched_1,-1.4584504,4.549185,4009,0.4848673045635223
10X_P7_6_ACGCAGCTCGTTTGCC,3-F-56,B cell,0,B cell,-1.1755127,-0.3320683,4010,0.602821409702301
10X_P7_6_ACGCAGCTCTTTACAC,3-F-56,B cell,0,B cell,-3.1707947,1.9354041,4011,1.0064843893051147
10X_P7_6_ACGCCAGAGCAGGTCA,3-F-56,B cell,0,B cell,-4.0267015,2.544288,4012,1.3084115982055664
10X_P7_6_ACGCCAGAGGATGCGT,3-F-56,B cell,0,B cell,-2.311743,0.54187167,4013,0.5866186022758484
10X_P7_6_ACGCCAGAGGGCATGT,3-F-56,B cell,0,B cell,-2.4967842,0.17500527,4014,0.575880765914917
10X_P7_6_ACGCCAGAGTACGTTC,3-F-56,B cell,0,B cell,-2.790149,0.99713385,4015,0.4573908448219299
10X_P7_6_ACGCCAGAGTGAACAT,3-F-56,T cell,3,T cell,3.0745857,23.26244,4016,0.7548744678497314
10X_P7_6_ACGCCAGAGTGTGGCA,3-F-56,B cell,0,B cell,-1.7215548,3.352796,4017,0.8142309784889221
10X_P7_6_ACGCCAGAGTTCCACA,3-F-56,B cell,1,Unmatched_1,-2.2392402,4.661622,4018,0.9004718661308289
10X_P7_6_ACGCCAGCAAGTCATC,3-F-56,B cell,0,B cell,-1.3217425,2.2843237,4019,1.5810304880142212
10X_P7_6_ACGCCAGCACGGACAA,3-F-56,B cell,0,B cell,-1.5160261,0.8284963,4020,0.4586758315563202
10X_P7_6_ACGCCAGCATGGGAAC,3-F-56,B cell,0,B cell,-3.596678,-0.34595022,4021,0.6792204976081848
10X_P7_6_ACGCCAGCATGTAGTC,3-F-56,B cell,3,T cell,4.865297,24.613201,4022,1.5700479745864868
10X_P7_6_ACGCCAGGTAGAAAGG,3-F-56,B cell,0,B cell,-2.6867158,0.7952913,4023,0.459159642457962
10X_P7_6_ACGCCAGGTAGCCTAT,3-F-56,B cell,0,B cell,0.052469086,-0.15320453,4024,0.5128236413002014
10X_P7_6_ACGCCAGGTATTCGTG,3-F-56,B cell,0,B cell,-3.0461733,1.0846771,4025,0.5137913823127747
10X_P7_6_ACGCCAGGTGTCCTCT,3-F-56,B cell,0,B cell,-1.8792236,0.9384294,4026,0.4693350791931152
10X_P7_6_ACGCCAGGTGTTCTTT,3-F-56,B cell,0,B cell,-3.4551897,-0.29931638,4027,0.5353633761405945
10X_P7_6_ACGCCAGTCAAACAAG,3-F-56,B cell,0,B cell,-2.0708828,2.4928493,4028,0.953596293926239
10X_P7_6_ACGCCAGTCACGAAGG,3-F-56,T cell,3,T cell,4.8319497,24.440016,4029,0.9330434799194336
10X_P7_6_ACGCCAGTCCAGAGGA,3-F-56,T cell,2,Unmatched_2,2.5339746,26.42878,4030,0.4966411888599396
10X_P7_6_ACGCCAGTCGGCGCAT,3-F-56,B cell,1,Unmatched_1,-0.95026344,6.1934333,4031,0.49039426445961
10X_P7_6_ACGCCAGTCTTCTGGC,3-F-56,B cell,1,Unmatched_1,-0.91139257,6.144918,4032,0.5314673185348511
10X_P7_6_ACGCCGAAGCACCGTC,3-F-56,B cell,0,B cell,-1.1292237,1.290915,4033,0.8066756725311279
10X_P7_6_ACGCCGACATTCCTCG,3-F-56,T cell,3,T cell,3.4538715,23.327091,4034,0.6357343196868896
10X_P7_6_ACGCCGAGTAGCAAAT,3-F-56,T cell,3,T cell,3.1721277,22.767979,4035,0.6208301782608032
10X_P7_6_ACGCCGAGTCTCCACT,3-F-56,B cell,1,Unmatched_1,-2.0227191,6.2689962,4036,0.534437358379364
10X_P7_6_ACGCCGAGTCTTCAAG,3-F-56,B cell,0,B cell,-3.7671795,1.4067293,4037,0.636296272277832
10X_P7_6_ACGCCGAGTTAAGGGC,3-F-56,B cell,2,Unmatched_2,3.8572288,24.43088,4038,1.7848049402236938
10X_P7_6_ACGCCGAGTTTAGCTG,3-F-56,B cell,0,B cell,-0.3661565,2.8657172,4039,0.8926609754562378
10X_P7_6_ACGCCGATCAAGCCTA,3-F-56,T cell,2,Unmatched_2,2.5818741,26.144388,4040,0.5357969403266907
10X_P7_6_ACGCCGATCCAAAGTC,3-F-56,macrophage,13,Unmatched_13,13.043154,13.640709,4041,2.8559908866882324
10X_P7_6_ACGCCGATCGGAGCAA,3-F-56,B cell,0,B cell,-1.2984233,0.64038175,4042,0.5535809993743896
10X_P7_6_ACGCCGATCGTTGCCT,3-F-56,T cell,2,Unmatched_2,3.9441266,25.788881,4043,1.324081301689148
10X_P7_6_ACGCCGATCTTGAGGT,3-F-56,B cell,2,Unmatched_2,0.73215175,22.83016,4044,1.4949488639831543
10X_P7_6_ACGGAGAAGCGTTTAC,3-F-56,B cell,0,B cell,-0.5471768,-0.16313371,4045,0.7385247349739075
10X_P7_6_ACGGAGACACCAGGTC,3-F-56,B cell,0,B cell,-3.500705,2.4919662,4046,0.8055087924003601
10X_P7_6_ACGGAGACAGTGGAGT,3-F-56,B cell,7,Unmatched_7,-5.6444516,1.226767,4047,1.2217156887054443
10X_P7_6_ACGGAGAGTAAATGAC,3-F-56,B cell,0,B cell,-1.4297445,2.92173,4048,1.2777962684631348
10X_P7_6_ACGGAGAGTAATCGTC,3-F-56,B cell,0,B cell,-1.1764108,1.8403832,4049,0.8002525568008423
10X_P7_6_ACGGAGAGTACTCGCG,3-F-56,T cell,2,Unmatched_2,4.183105,25.762238,4050,1.3483179807662964
10X_P7_6_ACGGAGAGTCTAGCGC,3-F-56,B cell,0,B cell,-0.032583445,0.595414,4051,0.4412986040115356
10X_P7_6_ACGGAGAGTGGCGAAT,3-F-56,T cell,3,T cell,4.851741,24.302832,4052,0.9994288682937622
10X_P7_6_ACGGAGATCACATAGC,3-F-56,B cell,0,B cell,-1.619196,0.9995615,4053,0.5844078660011292
10X_P7_6_ACGGAGATCAGGTTCA,3-F-56,B cell,0,B cell,-1.9841508,-1.1699386,4054,0.6268576979637146
10X_P7_6_ACGGAGATCATGTAGC,3-F-56,B cell,0,B cell,-1.970406,0.7270853,4055,0.4040167033672333
10X_P7_6_ACGGAGATCGACGGAA,3-F-56,B cell,0,B cell,-1.2492875,1.8701277,4056,0.911413073539734
10X_P7_6_ACGGAGATCGCACTCT,3-F-56,B cell,0,B cell,-0.82000476,1.2210616,4057,1.1891599893569946
10X_P7_6_ACGGAGATCTGCTGTC,3-F-56,B cell,1,Unmatched_1,-2.2362893,4.3463273,4058,0.7664526104927063
10X_P7_6_ACGGCCACAGTTCATG,3-F-56,B cell,0,B cell,-2.2085977,1.7850356,4059,0.6700311303138733
10X_P7_6_ACGGCCACATTGGCGC,3-F-56,B cell,0,B cell,-0.6217153,-0.8035159,4060,0.5675912499427795
10X_P7_6_ACGGCCAGTACCGTTA,3-F-56,B cell,0,B cell,-1.3016328,1.31472,4061,0.7972065806388855
10X_P7_6_ACGGCCAGTCGAAAGC,3-F-56,dendritic cell,10,dendritic cell,15.85848,-0.025370272,4062,3.190691471099853
10X_P7_6_ACGGCCATCAACCAAC,3-F-56,B cell,0,B cell,-1.6417389,2.7903488,4063,1.188752293586731
10X_P7_6_ACGGCCATCAATCACG,3-F-56,T cell,2,Unmatched_2,4.3468375,25.684433,4064,1.2363262176513672
10X_P7_6_ACGGGCTAGAAGGCCT,3-F-56,B cell,0,B cell,-0.6480497,-0.6873227,4065,0.6319425106048584
10X_P7_6_ACGGGCTAGACCACGA,3-F-56,T cell,3,T cell,5.259455,24.883604,4066,1.3102458715438845
10X_P7_6_ACGGGCTAGACTAAGT,3-F-56,B cell,0,B cell,-1.5008471,1.0499855,4067,0.6927900910377502
10X_P7_6_ACGGGCTAGATGCCAG,3-F-56,B cell,4,Unmatched_4,8.864263,14.297928,4068,1.764089584350586
10X_P7_6_ACGGGCTAGCTAAACA,3-F-56,macrophage,5,macrophage,12.59429,14.832102,4069,1.7118487358093262
10X_P7_6_ACGGGCTAGGAGTTTA,3-F-56,B cell,7,Unmatched_7,-5.446461,1.3971925,4070,1.128515124320984
10X_P7_6_ACGGGCTAGGCACATG,3-F-56,B cell,0,B cell,-2.0261362,0.31073067,4071,0.7137667536735535
10X_P7_6_ACGGGCTCACGGTGTC,3-F-56,B cell,1,Unmatched_1,-0.8052354,6.181124,4072,0.4815077781677246
10X_P7_6_ACGGGCTGTACTTAGC,3-F-56,B cell,0,B cell,-0.559003,-0.65159106,4073,0.8825110793113708
10X_P7_6_ACGGGCTGTAGCTGCC,3-F-56,B cell,1,Unmatched_1,-1.7076583,5.6945395,4074,0.404494434595108
10X_P7_6_ACGGGCTGTCAATACC,3-F-56,B cell,0,B cell,-3.3186135,-0.21842529,4075,0.5056422352790833
10X_P7_6_ACGGGCTGTCTCCACT,3-F-56,B cell,0,B cell,-0.7311581,0.92837936,4076,0.6204826831817627
10X_P7_6_ACGGGCTGTGTCCTCT,3-F-56,B cell,0,B cell,-0.9690922,0.8245238,4077,0.6818671822547913
10X_P7_6_ACGGGCTGTTAAGGGC,3-F-56,T cell,2,Unmatched_2,2.0775557,25.568914,4078,0.6843203902244568
10X_P7_6_ACGGGCTGTTTGTGTG,3-F-56,B cell,0,B cell,0.03266422,-0.28631288,4079,0.538213849067688
10X_P7_6_ACGGGCTTCATAACCG,3-F-56,macrophage,8,Unmatched_8,9.991456,12.400828,4080,2.337144374847412
10X_P7_6_ACGGGCTTCCCTCAGT,3-F-56,T cell,2,Unmatched_2,1.9157038,25.547737,4081,0.5604676604270935
10X_P7_6_ACGGGTCAGCCAGAAC,3-F-56,B cell,4,Unmatched_4,-5.010494,4.33534,4082,0.9421404600143432
10X_P7_6_ACGGGTCAGCTAAACA,3-F-56,B cell,1,Unmatched_1,-2.5459614,4.285224,4083,1.2446094751358032
10X_P7_6_ACGGGTCCAAAGGCGT,3-F-56,B cell,0,B cell,-2.0516882,0.9525832,4084,0.5037933588027954
10X_P7_6_ACGGGTCCAATGGATA,3-F-56,B cell,1,Unmatched_1,-0.8924121,6.1924005,4085,1.0218729972839355
10X_P7_6_ACGGGTCCACAAGCCC,3-F-56,B cell,0,B cell,0.1819917,-0.25371736,4086,0.485678881406784
10X_P7_6_ACGGGTCCAGTAACGG,3-F-56,B cell,0,B cell,-0.42403468,1.5163618,4087,1.84869647026062
10X_P7_6_ACGGGTCCATGTAGTC,3-F-56,B cell,1,Unmatched_1,-1.8316655,5.0276494,4088,0.5255681276321411
10X_P7_6_ACGGGTCGTAAAGTCA,3-F-56,B cell,0,B cell,-0.2957794,-1.0582201,4089,0.8911826014518738
10X_P7_6_ACGGGTCGTAAGGATT,3-F-56,B cell,0,B cell,-3.6847303,0.29974443,4090,0.8174400925636292
10X_P7_6_ACGGGTCGTATCTGCA,3-F-56,B cell,1,Unmatched_1,-1.3334283,4.612023,4091,0.5798028111457825
10X_P7_6_ACGGGTCTCAACTCTT,3-F-56,B cell,0,B cell,-0.088134125,-0.5163283,4092,0.4585713148117065
10X_P7_6_ACGGGTCTCAGGCGAA,3-F-56,macrophage,5,macrophage,11.166492,14.487612,4093,1.479325532913208
10X_P7_6_ACGGGTCTCCACTCCA,3-F-56,T cell,3,T cell,4.4547205,24.261776,4094,1.1027008295059204
10X_P7_6_ACGTCAAAGACTTTCG,3-F-56,natural killer cell,6,natural killer cell,7.1348057,26.518314,4095,1.7609843015670776
10X_P7_6_ACGTCAAAGAGTGACC,3-F-56,B cell,1,Unmatched_1,-1.7599467,4.0870266,4096,0.6259610652923584
10X_P7_6_ACGTCAAAGCGATAGC,3-F-56,B cell,0,B cell,-3.6063993,2.3170626,4097,0.7906606197357178
10X_P7_6_ACGTCAACAAACGTGG,3-F-56,B cell,0,B cell,-1.467956,3.5805693,4098,0.5722396373748779
10X_P7_6_ACGTCAACAGGAATGC,3-F-56,B cell,0,B cell,-1.3138651,1.3701094,4099,0.6559653282165527
10X_P7_6_ACGTCAACATAACCTG,3-F-56,B cell,0,B cell,-1.3609146,2.2663927,4100,0.8152245879173279
10X_P7_6_ACGTCAAGTTTGGGCC,3-F-56,B cell,0,B cell,-4.51933,3.2346392,4101,1.4282479286193848
10X_P7_6_ACGTCAATCAACGAAA,3-F-56,T cell,3,T cell,3.0054858,23.38015,4102,0.582256019115448
10X_P7_6_ACGTCAATCACAATGC,3-F-56,B cell,4,Unmatched_4,-4.926248,3.1656525,4103,0.8221413493156433
10X_P7_6_ACGTCAATCATCGGAT,3-F-56,T cell,2,Unmatched_2,2.2957654,25.727768,4104,0.5334706902503967
10X_P7_6_ACTATCTAGTTAGGTA,3-F-56,T cell,2,Unmatched_2,2.6136577,25.668756,4105,0.5149664878845215
10X_P7_6_ACTATCTCAAATTGCC,3-F-56,B cell,1,Unmatched_1,-1.9542961,5.5303817,4106,0.5613123178482056
10X_P7_6_ACTATCTCACACGCTG,3-F-56,B cell,0,B cell,-2.4743056,3.3040006,4107,0.6060978770256042
10X_P7_6_ACTATCTCAGACTCGC,3-F-56,B cell,0,B cell,-0.786289,-0.7630064,4108,0.5881693959236145
10X_P7_6_ACTATCTCATGGATGG,3-F-56,T cell,3,T cell,3.5215356,25.116495,4109,1.347237229347229
10X_P7_6_ACTATCTCATGGTAGG,3-F-56,B cell,0,B cell,-1.9771882,2.3602357,4110,0.972330629825592
10X_P7_6_ACTATCTGTCAACTGT,3-F-56,T cell,3,T cell,2.8498743,23.119137,4111,1.0112184286117554
10X_P7_6_ACTATCTTCATTATCC,3-F-56,B cell,0,B cell,-1.2897774,-1.316969,4112,0.6320421099662781
10X_P7_6_ACTATCTTCGAATGCT,3-F-56,B cell,0,B cell,-0.31517938,0.5077159,4113,0.570777952671051
10X_P7_6_ACTGAACAGCGTAGTG,3-F-56,T cell,3,T cell,4.709764,24.40683,4114,0.9322670102119446
10X_P7_6_ACTGAACAGCTAGTGG,3-F-56,B cell,0,B cell,-2.4853227,2.4988308,4115,0.8776018619537354
10X_P7_6_ACTGAACAGTCTCAAC,3-F-56,B cell,2,Unmatched_2,0.7324891,22.817608,4116,1.2954500913619995
10X_P7_6_ACTGAACCACACCGCA,3-F-56,B cell,0,B cell,-2.1828325,2.1469767,4117,0.7400458455085754
10X_P7_6_ACTGAACCACGAAAGC,3-F-56,T cell,9,Unmatched_9,6.8743877,23.798464,4118,1.997371792793274
10X_P7_6_ACTGAACCAGACAAGC,3-F-56,T cell,3,T cell,2.9097655,23.35966,4119,0.7895294427871704
10X_P7_6_ACTGAACCAGGAATCG,3-F-56,macrophage,5,macrophage,13.45,15.423292,4120,1.5220235586166382
10X_P7_6_ACTGAACCATTTCAGG,3-F-56,B cell,0,B cell,-0.71939933,2.2258477,4121,0.5493357181549072
10X_P7_6_ACTGAACGTCAATACC,3-F-56,T cell,3,T cell,3.7612824,24.239492,4122,0.6381925940513611
10X_P7_6_ACTGAACTCTGTCTCG,3-F-56,B cell,0,B cell,-1.849346,0.85319245,4123,0.618012547492981
10X_P7_6_ACTGAGTAGAACAACT,3-F-56,B cell,0,B cell,-0.91267776,-0.14386049,4124,0.7750402092933655
10X_P7_6_ACTGAGTAGATCCGAG,3-F-56,T cell,3,T cell,2.9850202,22.940903,4125,0.574930727481842
10X_P7_6_ACTGAGTAGGCCCTCA,3-F-56,B cell,0,B cell,-1.765452,1.1654319,4126,0.8405027389526367
10X_P7_6_ACTGAGTAGTGACTCT,3-F-56,B cell,4,Unmatched_4,-3.504973,3.724662,4127,0.7539687752723694
10X_P7_6_ACTGAGTCAAAGGAAG,3-F-56,B cell,0,B cell,-4.109938,1.644191,4128,0.7097549438476562
10X_P7_6_ACTGAGTCAGCTGTGC,3-F-56,B cell,0,B cell,-1.3525597,1.0219115,4129,0.8413286805152893
10X_P7_6_ACTGAGTCAGGACGTA,3-F-56,T cell,2,Unmatched_2,2.8134222,26.091082,4130,0.5955392122268677
10X_P7_6_ACTGAGTGTACGAAAT,3-F-56,B cell,0,B cell,-2.276265,0.99380565,4131,0.4194817245006561
10X_P7_6_ACTGAGTGTATTCGTG,3-F-56,B cell,1,Unmatched_1,-1.3931038,5.37461,4132,0.4853947460651397
10X_P7_6_ACTGAGTGTTACCAGT,3-F-56,B cell,0,B cell,-1.3215638,1.510718,4133,1.1460504531860352
10X_P7_6_ACTGAGTTCCGATATG,3-F-56,macrophage,5,macrophage,12.565568,14.805368,4134,1.760339856147766
10X_P7_6_ACTGAGTTCTACCTGC,3-F-56,B cell,0,B cell,0.30286384,0.050963137,4135,0.5831291079521179
10X_P7_6_ACTGATGAGGAGTACC,3-F-56,T cell,3,T cell,4.586888,25.062057,4136,1.9169913530349727
10X_P7_6_ACTGATGAGGCATTGG,3-F-56,B cell,0,B cell,-2.7461598,-0.009874023,4137,0.9583436846733092
10X_P7_6_ACTGATGCAAATCCGT,3-F-56,B cell,0,B cell,-1.1269357,1.6689798,4138,0.5070580840110779
10X_P7_6_ACTGATGCACGCCAGT,3-F-56,B cell,1,Unmatched_1,-1.24588,6.296178,4139,0.4896186590194702
10X_P7_6_ACTGATGCAGGTCGTC,3-F-56,B cell,1,Unmatched_1,-1.1884896,6.221281,4140,0.6289458274841309
10X_P7_6_ACTGATGGTCAGAGGT,3-F-56,B cell,0,B cell,-2.4273436,1.518606,4141,0.4352500736713409
10X_P7_6_ACTGATGTCATAGCAC,3-F-56,B cell,1,Unmatched_1,-1.4050317,5.9787436,4142,0.4915941953659057
10X_P7_6_ACTGATGTCGTGGGAA,3-F-56,B cell,1,Unmatched_1,-1.3736585,6.271114,4143,0.462826520204544
10X_P7_6_ACTGCTCAGATCCCGC,3-F-56,B cell,1,Unmatched_1,-1.8385394,4.3531356,4144,0.6047052145004272
10X_P7_6_ACTGCTCAGGGCACTA,3-F-56,T cell,3,T cell,3.7599785,24.396088,4145,1.1836479902267456
10X_P7_6_ACTGCTCAGTGGACGT,3-F-56,T cell,3,T cell,3.7933853,23.532625,4146,0.7261794805526733
10X_P7_6_ACTGCTCAGTGGGATC,3-F-56,B cell,0,B cell,-1.0738057,0.5375502,4147,1.1302292346954346
10X_P7_6_ACTGCTCCAATGTAAG,3-F-56,B cell,14,Unmatched_14,8.201181,15.742834,4148,5.334986209869385
10X_P7_6_ACTGCTCCACAGTCGC,3-F-56,T cell,3,T cell,3.310363,23.945469,4149,0.8326146006584167
10X_P7_6_ACTGCTCCACCAGGCT,3-F-56,B cell,12,Unmatched_12,9.15264,9.697221,4150,3.7071642875671382
10X_P7_6_ACTGCTCCACTGTGTA,3-F-56,T cell,3,T cell,3.790469,24.136423,4151,0.8961641192436218
10X_P7_6_ACTGCTCCACTGTTAG,3-F-56,B cell,4,Unmatched_4,-5.081511,4.3104916,4152,1.1023491621017456
10X_P7_6_ACTGCTCCATGGTCAT,3-F-56,B cell,0,B cell,-2.9019463,-0.913603,4153,0.6993577480316162
10X_P7_6_ACTGCTCGTGTGGTTT,3-F-56,B cell,1,Unmatched_1,-1.7359655,3.9716394,4154,0.4902414083480835
10X_P7_6_ACTGCTCGTTGATTCG,3-F-56,B cell,1,Unmatched_1,-1.8194118,6.1499147,4155,0.5279170870780945
10X_P7_6_ACTGCTCTCAGTACGT,3-F-56,B cell,0,B cell,-3.0768259,1.4883472,4156,0.7025998830795288
10X_P7_6_ACTGCTCTCAGTGCAT,3-F-56,T cell,3,T cell,2.9946296,23.086042,4157,0.6490776538848877
10X_P7_6_ACTGCTCTCCAAACAC,3-F-56,B cell,0,B cell,-3.4678469,0.5113391,4158,0.6258640885353088
10X_P7_6_ACTGCTCTCCAGGGCT,3-F-56,B cell,1,Unmatched_1,-4.0027514,6.447827,4159,1.5245404243469238
10X_P7_6_ACTGTCCAGATCCCAT,3-F-56,B cell,1,Unmatched_1,-2.8106906,6.1196227,4160,0.4660933911800384
10X_P7_6_ACTGTCCCAAACGTGG,3-F-56,macrophage,5,macrophage,11.034923,14.458679,4161,1.4810118675231934
10X_P7_6_ACTGTCCCACAACTGT,3-F-56,B cell,0,B cell,0.22266868,0.66379756,4162,0.4576324224472046
10X_P7_6_ACTGTCCCAGTTAACC,3-F-56,B cell,0,B cell,-3.3420908,-0.27449298,4163,0.7385095953941345
10X_P7_6_ACTGTCCCATGGTAGG,3-F-56,B cell,7,Unmatched_7,-5.697221,1.0907147,4164,1.605683445930481
10X_P7_6_ACTGTCCGTCATGCAT,3-F-56,B cell,1,Unmatched_1,-2.8579648,4.9788566,4165,1.1051205396652222
10X_P7_6_ACTGTCCGTCCTAGCG,3-F-56,B cell,0,B cell,-2.8815284,0.76412153,4166,0.7687272429466248
10X_P7_6_ACTGTCCGTCGAATCT,3-F-56,B cell,0,B cell,-0.4995127,1.966838,4167,0.4326286017894745
10X_P7_6_ACTGTCCGTCTAAACC,3-F-56,B cell,1,Unmatched_1,-1.5934916,5.310914,4168,0.5132975578308105
10X_P7_6_ACTGTCCGTCTAGCCG,3-F-56,B cell,4,Unmatched_4,-3.2401478,6.646156,4169,0.7484105825424194
10X_P7_6_ACTGTCCGTTACCGAT,3-F-56,B cell,0,B cell,-4.696518,0.22600672,4170,0.9111191034317015
10X_P7_6_ACTGTCCGTTGGGACA,3-F-56,B cell,0,B cell,-2.1572132,0.67881227,4171,0.476900190114975
10X_P7_6_ACTGTCCTCCACGACG,3-F-56,B cell,0,B cell,-0.7931328,-0.698402,4172,0.9131847023963928
10X_P7_6_ACTGTCCTCTTGGGTA,3-F-56,B cell,0,B cell,-1.1558754,1.9185406,4173,0.9250037670135498
10X_P7_6_ACTTACTAGATGCCAG,3-F-56,B cell,0,B cell,-3.510124,-0.6331364,4174,1.2358715534210205
10X_P7_6_ACTTACTAGCAGGCTA,3-F-56,macrophage,13,Unmatched_13,13.079287,13.587866,4175,2.8559908866882324
10X_P7_6_ACTTACTAGCGTGAAC,3-F-56,B cell,0,B cell,-3.7148767,2.1290684,4176,0.9951486587524414
10X_P7_6_ACTTACTCAGGCTCAC,3-F-56,B cell,7,Unmatched_7,-5.6265216,1.0310558,4177,1.492059588432312
10X_P7_6_ACTTACTCATTCACTT,3-F-56,B cell,0,B cell,-3.015675,0.38745904,4178,0.7297695875167847
10X_P7_6_ACTTACTGTAAAGGAG,3-F-56,natural killer cell,6,natural killer cell,7.1090765,26.446867,4179,1.4593604803085327
10X_P7_6_ACTTACTGTAAGTAGT,3-F-56,B cell,0,B cell,-3.4568598,-0.0022806644,4180,0.7203772068023682
10X_P7_6_ACTTACTGTAGCTAAA,3-F-56,B cell,0,B cell,-2.4676,0.67964894,4181,0.3950350880622864
10X_P7_6_ACTTACTGTCTAAAGA,3-F-56,T cell,3,T cell,3.4489512,22.858074,4182,0.6514798998832703
10X_P7_6_ACTTACTGTGCTCTTC,3-F-56,B cell,1,Unmatched_1,-1.1011044,5.1651516,4183,0.7669129967689514
10X_P7_6_ACTTACTTCACAGTAC,3-F-56,B cell,0,B cell,-1.2961612,1.6892557,4184,0.6934176087379456
10X_P7_6_ACTTACTTCCAAACTG,3-F-56,B cell,0,B cell,-1.6328557,4.0017486,4185,0.7878026366233826
10X_P7_6_ACTTACTTCGAGAGCA,3-F-56,T cell,3,T cell,4.755986,24.460514,4186,1.1848262548446655
10X_P7_6_ACTTACTTCTCGGACG,3-F-56,natural killer cell,6,natural killer cell,6.8841095,26.142416,4187,3.218928337097168
10X_P7_6_ACTTACTTCTCGTATT,3-F-56,B cell,0,B cell,-3.451669,-0.44260114,4188,0.9313737750053406
10X_P7_6_ACTTGTTAGAAACCAT,3-F-56,B cell,1,Unmatched_1,-1.451181,5.1588902,4189,0.4777686595916748
10X_P7_6_ACTTGTTAGAGACTAT,3-F-56,B cell,0,B cell,-0.20952404,0.75111747,4190,0.5894755125045776
10X_P7_6_ACTTGTTCAAGCGTAG,3-F-56,B cell,1,Unmatched_1,-1.6184359,5.763436,4191,0.5722616910934448
10X_P7_6_ACTTGTTCACAGTCGC,3-F-56,T cell,2,Unmatched_2,3.0855806,25.614899,4192,0.7316662073135376
10X_P7_6_ACTTGTTGTACTCTCC,3-F-56,B cell,0,B cell,-2.6230903,1.5727941,4193,0.5482799410820007
10X_P7_6_ACTTGTTGTAGAAAGG,3-F-56,B cell,0,B cell,-0.7693906,0.75271535,4194,0.590379536151886
10X_P7_6_ACTTGTTGTCACCTAA,3-F-56,T cell,3,T cell,4.981833,24.817871,4195,1.6348397731781006
10X_P7_6_ACTTGTTGTCTCAACA,3-F-56,B cell,1,Unmatched_1,-2.1341958,5.4493203,4196,0.5824903249740601
10X_P7_6_ACTTGTTGTCTCCATC,3-F-56,B cell,1,Unmatched_1,-2.413468,6.1277313,4197,1.0690147876739502
10X_P7_6_ACTTGTTGTGCCTGCA,3-F-56,macrophage,5,macrophage,11.249682,14.5115795,4198,1.6123813390731812
10X_P7_6_ACTTGTTGTGTTTGGT,3-F-56,T cell,3,T cell,3.660255,22.870947,4199,0.7730374932289124
10X_P7_6_ACTTGTTGTGTTTGTG,3-F-56,T cell,2,Unmatched_2,1.8832583,25.598087,4200,0.6700934767723083
10X_P7_6_ACTTGTTTCACCAGGC,3-F-56,B cell,1,Unmatched_1,-2.7809792,4.0800133,4201,0.6783065795898438
10X_P7_6_ACTTGTTTCAGCGATT,3-F-56,B cell,0,B cell,-1.1798763,-1.3737078,4202,1.1094387769699097
10X_P7_6_ACTTGTTTCCGCGTTT,3-F-56,T cell,2,Unmatched_2,2.5589843,25.416655,4203,0.9066872596740724
10X_P7_6_ACTTGTTTCGCCCTTA,3-F-56,B cell,0,B cell,-1.6626532,3.8928406,4204,0.827530026435852
10X_P7_6_ACTTGTTTCTCAAACG,3-F-56,B cell,4,Unmatched_4,-4.0927596,3.1657941,4205,1.1347875595092771
10X_P7_6_ACTTTCAAGAATGTGT,3-F-56,B cell,1,Unmatched_1,-1.5252125,5.7055063,4206,0.509077787399292
10X_P7_6_ACTTTCAAGCCACCTG,3-F-56,B cell,0,B cell,-1.533191,-0.28515083,4207,0.5337997078895569
10X_P7_6_ACTTTCAAGCCACGTC,3-F-56,B cell,4,Unmatched_4,-4.9216185,3.3122227,4208,0.7733179926872253
10X_P7_6_ACTTTCAAGCGTTCCG,3-F-56,B cell,0,B cell,-3.7475648,-0.38355318,4209,0.5255312323570251
10X_P7_6_ACTTTCAAGCTAAACA,3-F-56,T cell,2,Unmatched_2,4.2775555,25.746885,4210,1.5421812534332275
10X_P7_6_ACTTTCAAGGAGTTGC,3-F-56,B cell,0,B cell,-1.7718307,1.3051684,4211,1.4865461587905884
10X_P7_6_ACTTTCACAATGCCAT,3-F-56,T cell,2,Unmatched_2,2.7098823,25.551363,4212,1.030849814414978
10X_P7_6_ACTTTCACACGGCTAC,3-F-56,B cell,1,Unmatched_1,-2.0021088,4.1500144,4213,0.5193602442741394
10X_P7_6_ACTTTCACACGTCAGC,3-F-56,B cell,1,Unmatched_1,-1.3057545,6.4106956,4214,0.6781759262084961
10X_P7_6_ACTTTCACAGATGGCA,3-F-56,B cell,0,B cell,-3.7495284,2.5374558,4215,0.943080723285675
10X_P7_6_ACTTTCACAGTGGGAT,3-F-56,B cell,0,B cell,-1.7106404,3.908655,4216,0.6554184556007385
10X_P7_6_ACTTTCATCAAGAAGT,3-F-56,B cell,0,B cell,-1.1402011,2.3848016,4217,1.1986109018325806
10X_P7_6_ACTTTCATCACCTCGT,3-F-56,natural killer cell,6,natural killer cell,7.3572936,26.108593,4218,1.6005487442016602
10X_P7_6_ACTTTCATCAGAGGTG,3-F-56,B cell,0,B cell,-3.3992486,2.4749362,4219,0.7429502010345459
10X_P7_6_ACTTTCATCAGCAACT,3-F-56,B cell,0,B cell,0.14462364,0.23045544,4220,0.420926034450531
10X_P7_6_AGAATAGAGAGTGAGA,3-F-56,T cell,3,T cell,3.6225128,23.234636,4221,0.5625554323196411
10X_P7_6_AGAATAGAGATAGTCA,3-F-56,B cell,0,B cell,-0.6432572,0.4996357,4222,1.2023379802703855
10X_P7_6_AGAATAGAGCCAGTTT,3-F-56,B cell,1,Unmatched_1,-3.7523894,6.224907,4223,1.0015548467636108
10X_P7_6_AGAATAGAGGTAGCCA,3-F-56,T cell,3,T cell,2.8163462,23.208689,4224,0.7696976661682129
10X_P7_6_AGAATAGCAACGATGG,3-F-56,T cell,2,Unmatched_2,2.8228695,25.538998,4225,0.5648273229598999
10X_P7_6_AGAATAGCACGAGGTA,3-F-56,B cell,0,B cell,-1.5520887,1.9180154,4226,0.5551086068153381
10X_P7_6_AGAATAGCACGGTAGA,3-F-56,T cell,2,Unmatched_2,1.9050261,25.983004,4227,0.525942862033844
10X_P7_6_AGAATAGCACTGAAGG,3-F-56,macrophage,5,macrophage,13.457426,15.429969,4228,1.5344552993774414
10X_P7_6_AGAATAGCAGCAGTTT,3-F-56,B cell,4,Unmatched_4,-4.864634,3.2891521,4229,0.9532700181007384
10X_P7_6_AGAATAGCAGTACACT,3-F-56,B cell,0,B cell,-2.3191457,0.55065095,4230,1.3050057888031006
10X_P7_6_AGAATAGGTAGCTTGT,3-F-56,B cell,0,B cell,-2.566283,4.152959,4231,0.6798525452613831
10X_P7_6_AGAATAGGTGTGACCC,3-F-56,macrophage,8,Unmatched_8,9.991788,12.382456,4232,3.5491833686828613
10X_P7_6_AGAATAGTCACGAAGG,3-F-56,B cell,0,B cell,-2.6991515,2.074694,4233,0.8776393532752991
10X_P7_6_AGAATAGTCAGGTTCA,3-F-56,B cell,4,Unmatched_4,-5.0006676,3.2482383,4234,0.911740243434906
10X_P7_6_AGAATAGTCCAATGGT,3-F-56,B cell,7,Unmatched_7,-5.265837,1.2675989,4235,1.2924628257751465
10X_P7_6_AGAATAGTCCCGGATG,3-F-56,B cell,0,B cell,-2.7943625,2.9529145,4236,1.0708779096603394
10X_P7_6_AGAATAGTCGTCTGAA,3-F-56,B cell,0,B cell,-0.32967585,-0.5596393,4237,0.7987576127052307
10X_P7_6_AGACGTTAGAAACCTA,3-F-56,B cell,0,B cell,0.08860187,-0.18467082,4238,0.5455889701843262
10X_P7_6_AGACGTTAGAGTAAGG,3-F-56,T cell,2,Unmatched_2,2.6913538,26.439127,4239,0.8592875003814697
10X_P7_6_AGACGTTAGCGCTTAT,3-F-56,T cell,2,Unmatched_2,3.8724618,25.776627,4240,1.0062731504440308
10X_P7_6_AGACGTTAGTCGTTTG,3-F-56,T cell,3,T cell,2.9247694,22.978933,4241,0.7392542958259583
10X_P7_6_AGACGTTAGTGGGTTG,3-F-56,B cell,0,B cell,-2.9278224,0.62400705,4242,0.3986541926860809
10X_P7_6_AGACGTTCAAACAACA,3-F-56,B cell,2,Unmatched_2,4.5523787,25.891119,4243,2.8559908866882324
10X_P7_6_AGACGTTCAAACGCGA,3-F-56,B cell,0,B cell,-2.6469831,1.3850734,4244,0.6239979863166809
10X_P7_6_AGACGTTCAAGCCCAC,3-F-56,macrophage,5,macrophage,11.900902,14.641293,4245,2.118600606918335
10X_P7_6_AGACGTTCACAACGCC,3-F-56,B cell,1,Unmatched_1,-2.3879185,4.086222,4246,0.8744105100631714
10X_P7_6_AGACGTTCATAAGACA,3-F-56,T cell,3,T cell,3.2755075,22.78335,4247,0.6329258680343628
10X_P7_6_AGACGTTCATGTCTCC,3-F-56,B cell,4,Unmatched_4,9.076222,14.166219,4248,2.82174015045166
10X_P7_6_AGACGTTGTTACCAGT,3-F-56,B cell,1,Unmatched_1,-1.1044371,5.9862967,4249,0.6032799482345581
10X_P7_6_AGACGTTGTTGGACCC,3-F-56,B cell,0,B cell,-3.5297604,-0.6418219,4250,1.3260979652404783
10X_P7_6_AGACGTTTCCCATTTA,3-F-56,T cell,2,Unmatched_2,2.2874641,25.882208,4251,0.5490275025367737
10X_P7_6_AGACGTTTCGTTTAGG,3-F-56,B cell,0,B cell,-1.2478739,2.2483995,4252,0.7728464007377625
10X_P7_6_AGACGTTTCTGTTGAG,3-F-56,macrophage,8,Unmatched_8,9.981662,12.412666,4253,3.3065342903137207
10X_P7_6_AGAGCGAAGCACACAG,3-F-56,T cell,2,Unmatched_2,2.049012,25.986593,4254,0.7667732238769531
10X_P7_6_AGAGCGACAAGGCTCC,3-F-56,B cell,0,B cell,-2.3504722,-0.7673177,4255,0.9613144397735596
10X_P7_6_AGAGCGACAATCCAAC,3-F-56,B cell,0,B cell,-1.8009104,1.618787,4256,1.0085662603378296
10X_P7_6_AGAGCGACACGAGGTA,3-F-56,macrophage,4,Unmatched_4,9.452813,14.128131,4257,2.8559908866882324
10X_P7_6_AGAGCGACAGAAGCAC,3-F-56,T cell,9,Unmatched_9,7.2117815,23.477177,4258,1.5857632160186768
10X_P7_6_AGAGCGACAGGTCTCG,3-F-56,T cell,3,T cell,3.8214197,23.515896,4259,1.0126246213912964
10X_P7_6_AGAGCGACATGTTGAC,3-F-56,B cell,0,B cell,-3.4625082,0.6704026,4260,0.7724196314811707
10X_P7_6_AGAGCGAGTCATGCAT,3-F-56,dendritic cell,10,dendritic cell,15.8350725,-0.0014937228,4261,3.3510582447052
10X_P7_6_AGAGCGAGTCCGAACC,3-F-56,B cell,0,B cell,-1.0832255,1.9434109,4262,0.7965559363365173
10X_P7_6_AGAGCGAGTGATAAGT,3-F-56,B cell,1,Unmatched_1,-2.0005364,4.0783434,4263,1.2770661115646362
10X_P7_6_AGAGCGAGTTCTCATT,3-F-56,natural killer cell,6,natural killer cell,6.9486594,25.843103,4264,1.88380765914917
10X_P7_6_AGAGCGATCACCTCGT,3-F-56,T cell,2,Unmatched_2,4.626807,26.147556,4265,1.86846935749054
10X_P7_6_AGAGCGATCGCATGAT,3-F-56,B cell,0,B cell,-1.934554,0.48022875,4266,0.6571754217147827
10X_P7_6_AGAGCGATCGGAGGTA,3-F-56,B cell,2,Unmatched_2,0.34173506,23.139757,4267,2.189345359802246
10X_P7_6_AGAGCGATCTTGCCGT,3-F-56,B cell,7,Unmatched_7,-4.6989045,1.2351636,4268,1.1620899438858032
10X_P7_6_AGAGCTTAGCCCTAAT,3-F-56,B cell,4,Unmatched_4,-4.007465,4.0164833,4269,1.381131649017334
10X_P7_6_AGAGCTTAGGCCCTCA,3-F-56,B cell,0,B cell,-0.6085952,0.26715586,4270,0.7569515109062195
10X_P7_6_AGAGCTTAGGCTCATT,3-F-56,B cell,0,B cell,-1.1746235,-1.2892704,4271,0.9750226736068726
10X_P7_6_AGAGCTTAGTCCATAC,3-F-56,B cell,0,B cell,-0.0077894265,-0.09047792,4272,0.4912956058979034
10X_P7_6_AGAGCTTCAAAGGAAG,3-F-56,T cell,3,T cell,3.03997,23.254728,4273,0.7620674967765808
10X_P7_6_AGAGCTTCAAGCGTAG,3-F-56,B cell,0,B cell,-2.5040357,1.5318843,4274,0.5923961400985718
10X_P7_6_AGAGCTTCAATTCCTT,3-F-56,B cell,0,B cell,-2.542093,2.9697876,4275,0.9908466935157776
10X_P7_6_AGAGCTTCACCCTATC,3-F-56,B cell,0,B cell,-0.21160135,1.3912821,4276,0.7829713225364685
10X_P7_6_AGAGCTTCATTGTGCA,3-F-56,B cell,1,Unmatched_1,-1.1877137,4.1687427,4277,0.7759033441543579
10X_P7_6_AGAGCTTGTGCGATAG,3-F-56,B cell,0,B cell,-1.6954244,2.1237938,4278,1.0523388385772705
10X_P7_6_AGAGCTTGTTTGGGCC,3-F-56,B cell,0,B cell,-2.6235797,2.0544949,4279,0.7222567200660706
10X_P7_6_AGAGCTTTCGGCATCG,3-F-56,B cell,0,B cell,-2.009398,-1.2974546,4280,0.905736207962036
10X_P7_6_AGAGCTTTCTGGTATG,3-F-56,T cell,3,T cell,4.7809596,24.414057,4281,0.8623617887496948
10X_P7_6_AGAGTGGAGACAAGCC,3-F-56,B cell,0,B cell,-2.655844,3.1127844,4282,1.0768282413482666
10X_P7_6_AGAGTGGAGAGTGAGA,3-F-56,B cell,0,B cell,-0.854098,0.96006656,4283,0.6084251403808594
10X_P7_6_AGAGTGGAGCCTCGTG,3-F-56,B cell,0,B cell,-0.5011403,0.7522438,4284,0.5990279912948608
10X_P7_6_AGAGTGGCAAGAGGCT,3-F-56,B cell,1,Unmatched_1,-1.7340783,6.2734203,4285,0.4469882547855377
10X_P7_6_AGAGTGGCAAGTTGTC,3-F-56,B cell,0,B cell,-1.501844,1.8460392,4286,0.9327415823936462
10X_P7_6_AGAGTGGCACAGGAGT,3-F-56,macrophage,5,macrophage,12.036952,14.66704,4287,2.4416258335113525
10X_P7_6_AGAGTGGCACGACTCG,3-F-56,B cell,0,B cell,-1.1801827,1.181264,4288,0.6037232279777527
10X_P7_6_AGAGTGGCATGTAGTC,3-F-56,B cell,4,Unmatched_4,-3.8815887,4.3946104,4289,0.7735762596130371
10X_P7_6_AGAGTGGGTCAGAATA,3-F-56,B cell,1,Unmatched_1,-2.9281297,6.1620083,4290,0.6828539967536926
10X_P7_6_AGAGTGGTCCCATTAT,3-F-56,B cell,1,Unmatched_1,-3.779966,2.910229,4291,0.8010914325714111
10X_P7_6_AGAGTGGTCCGCGGTA,3-F-56,B cell,0,B cell,-2.4810345,-1.2302666,4292,1.30145525932312
10X_P7_6_AGAGTGGTCCTCAATT,3-F-56,T cell,2,Unmatched_2,2.535516,25.764545,4293,0.597791850566864
10X_P7_6_AGAGTGGTCTGCAAGT,3-F-56,B cell,0,B cell,0.12773694,0.8585406,4294,0.4783285558223724
10X_P7_6_AGATCTGAGGGCATGT,3-F-56,B cell,2,Unmatched_2,0.32927066,23.151087,4295,1.3146119117736816
10X_P7_6_AGATCTGAGGGTTTCT,3-F-56,B cell,0,B cell,-1.8151252,0.7907088,4296,0.5358121395111084
10X_P7_6_AGATCTGAGTCTTGCA,3-F-56,natural killer cell,6,natural killer cell,7.094838,26.488081,4297,1.6941475868225098
10X_P7_6_AGATCTGCAAGCGAGT,3-F-56,B cell,0,B cell,-3.6032522,1.4321975,4298,0.5971381664276123
10X_P7_6_AGATCTGCACCAGTTA,3-F-56,T cell,3,T cell,4.5325575,25.248161,4299,2.2162740230560303
10X_P7_6_AGATCTGCACCCAGTG,3-F-56,natural killer cell,6,natural killer cell,7.1409807,25.95718,4300,2.146066665649414
10X_P7_6_AGATCTGCAGTGGAGT,3-F-56,B cell,4,Unmatched_4,-5.052779,3.2324665,4301,0.7386703491210938
10X_P7_6_AGATCTGCATACGCTA,3-F-56,T cell,9,Unmatched_9,6.950454,23.737482,4302,1.9272465705871584
10X_P7_6_AGATCTGCATTACGAC,3-F-56,B cell,0,B cell,-1.8731748,2.2921352,4303,0.9632269740104676
10X_P7_6_AGATCTGGTAGCGCTC,3-F-56,B cell,0,B cell,-1.1771278,2.4694343,4304,1.0106747150421145
10X_P7_6_AGATCTGGTATCAGTC,3-F-56,B cell,0,B cell,-2.2617643,1.6909808,4305,0.5334886312484741
10X_P7_6_AGATCTGGTGCCTTGG,3-F-56,B cell,0,B cell,-0.28305632,0.1148089,4306,0.6078373193740845
10X_P7_6_AGATCTGGTGTATGGG,3-F-56,B cell,1,Unmatched_1,-2.7551346,5.0936384,4307,0.6237195730209351
10X_P7_6_AGATCTGGTGTGGTTT,3-F-56,B cell,0,B cell,-0.9632204,3.5206804,4308,1.302037239074707
10X_P7_6_AGATCTGTCATACGGT,3-F-56,B cell,0,B cell,-3.7520342,1.4909694,4309,0.6047285199165344
10X_P7_6_AGATCTGTCCTGCCAT,3-F-56,B cell,0,B cell,-0.0061198585,0.7629201,4310,1.2339024543762207
10X_P7_6_AGATTGCAGCCAGTAG,3-F-56,B cell,0,B cell,-1.0402805,2.2836335,4311,0.9043524265289308
10X_P7_6_AGATTGCCAAGCCCAC,3-F-56,B cell,0,B cell,-2.582269,1.1032872,4312,1.0544878244400024
10X_P7_6_AGATTGCCAATCTGCA,3-F-56,B cell,4,Unmatched_4,-2.612298,8.756542,4313,0.6144424080848694
10X_P7_6_AGATTGCCAATGTTGC,3-F-56,macrophage,5,macrophage,11.25841,14.538489,4314,1.4895285367965698
10X_P7_6_AGATTGCCACCACGTG,3-F-56,T cell,2,Unmatched_2,4.3508415,25.668152,4315,1.997142314910889
10X_P7_6_AGATTGCCACCGAAAG,3-F-56,B cell,0,B cell,0.30961636,0.44295758,4316,0.4119453728199005
10X_P7_6_AGATTGCCAGATTGCT,3-F-56,B cell,0,B cell,-0.6780583,-1.1592395,4317,0.6606423854827881
10X_P7_6_AGATTGCCAGCGTCCA,3-F-56,T cell,2,Unmatched_2,2.4952688,25.464031,4318,1.0095394849777222
10X_P7_6_AGATTGCCATCACCCT,3-F-56,T cell,2,Unmatched_2,3.4262192,25.796612,4319,0.9512117505073548
10X_P7_6_AGATTGCCATGAGCGA,3-F-56,B cell,0,B cell,-0.41840777,0.22247526,4320,0.9221935272216796
10X_P7_6_AGATTGCGTAAGCACG,3-F-56,B cell,0,B cell,-3.3205523,0.39189932,4321,0.6518450975418091
10X_P7_6_AGATTGCGTATAGTAG,3-F-56,T cell,2,Unmatched_2,2.65513,26.417381,4322,0.540520191192627
10X_P7_6_AGATTGCGTCAAAGCG,3-F-56,B cell,1,Unmatched_1,-1.0173321,6.3689823,4323,0.6897775530815125
10X_P7_6_AGATTGCGTCACTGGC,3-F-56,natural killer cell,6,natural killer cell,6.9906797,26.279415,4324,1.9366201162338257
10X_P7_6_AGATTGCGTGATGCCC,3-F-56,T cell,2,Unmatched_2,2.8267412,26.196562,4325,1.060900330543518
10X_P7_6_AGATTGCGTTCCATGA,3-F-56,T cell,2,Unmatched_2,4.43057,25.928713,4326,1.3494274616241455
10X_P7_6_AGATTGCGTTCGCGAC,3-F-56,B cell,0,B cell,-2.050078,0.09807656,4327,0.7561998963356018
10X_P7_6_AGATTGCGTTGTCTTT,3-F-56,B cell,0,B cell,-0.12950298,0.46358332,4328,0.6685393452644348
10X_P7_6_AGATTGCGTTTGACTG,3-F-56,B cell,1,Unmatched_1,-1.0952823,6.1210413,4329,0.5024136900901794
10X_P7_6_AGATTGCTCAGGCGAA,3-F-56,B cell,0,B cell,-0.23115808,0.30661187,4330,0.5610499978065491
10X_P7_6_AGATTGCTCCTAGAAC,3-F-56,natural killer cell,6,natural killer cell,7.1963863,26.416399,4331,1.733090043067932
10X_P7_6_AGATTGCTCCTGCCAT,3-F-56,B cell,0,B cell,-1.0595651,0.3366394,4332,0.4440780878067016
10X_P7_6_AGATTGCTCTACCAGA,3-F-56,B cell,4,Unmatched_4,-5.1366634,4.292539,4333,0.4741983413696289
10X_P7_6_AGCAGCCAGACTAGAT,3-F-56,B cell,0,B cell,-4.629875,1.2661712,4334,1.1169040203094482
10X_P7_6_AGCAGCCAGCTTATCG,3-F-56,B cell,1,Unmatched_1,-1.4551222,5.136087,4335,0.5397721529006958
10X_P7_6_AGCAGCCAGGATGTAT,3-F-56,natural killer cell,6,natural killer cell,7.0852547,26.427673,4336,2.0026748180389404
10X_P7_6_AGCAGCCAGTAGCGGT,3-F-56,T cell,2,Unmatched_2,2.8658583,26.029495,4337,0.6361455917358398
10X_P7_6_AGCAGCCCAGACGCTC,3-F-56,B cell,1,Unmatched_1,-1.0711044,6.31304,4338,0.5786080956459045
10X_P7_6_AGCAGCCCAGATCCAT,3-F-56,B cell,0,B cell,-0.7165587,2.5783184,4339,0.9841709136962892
10X_P7_6_AGCAGCCGTAAGGGAA,3-F-56,B cell,0,B cell,-1.8490546,0.091639176,4340,0.7959160208702087
10X_P7_6_AGCAGCCGTCCGAAGA,3-F-56,B cell,0,B cell,-3.3449771,3.1013944,4341,1.0632386207580566
10X_P7_6_AGCAGCCGTCCGTTAA,3-F-56,B cell,0,B cell,-1.4167265,1.0212088,4342,0.8323994874954224
10X_P7_6_AGCAGCCGTGGCTCCA,3-F-56,B cell,0,B cell,-1.5296472,1.4045509,4343,0.5102848410606384
10X_P7_6_AGCAGCCTCAACGGCC,3-F-56,B cell,0,B cell,0.20443468,0.87413853,4344,0.5412464737892151
10X_P7_6_AGCAGCCTCTCTAGGA,3-F-56,macrophage,8,Unmatched_8,10.063783,12.330003,4345,2.9316537380218506
10X_P7_6_AGCAGCCTCTTGGGTA,3-F-56,T cell,9,Unmatched_9,6.868907,23.808722,4346,2.48372483253479
10X_P7_6_AGCATACAGAGGGATA,3-F-56,B cell,0,B cell,-1.3129927,0.19775404,4347,0.5327889919281006
10X_P7_6_AGCATACAGCGTGAAC,3-F-56,T cell,3,T cell,3.700525,23.439486,4348,0.5904380083084106
10X_P7_6_AGCATACCAACGATGG,3-F-56,B cell,1,Unmatched_1,-3.083104,4.509165,4349,0.8441821336746216
10X_P7_6_AGCATACCAATGGAAT,3-F-56,B cell,0,B cell,-2.3588047,-0.7266157,4350,0.8747177124023438
10X_P7_6_AGCATACCACAGACTT,3-F-56,B cell,0,B cell,-3.6634614,-0.46882135,4351,0.8410534858703613
10X_P7_6_AGCATACCAGCTTCGG,3-F-56,B cell,0,B cell,-0.8613387,0.39410692,4352,0.971771001815796
10X_P7_6_AGCATACCATCTCGCT,3-F-56,B cell,1,Unmatched_1,-1.3692033,5.821506,4353,0.5062820315361023
10X_P7_6_AGCATACCATGACATC,3-F-56,B cell,4,Unmatched_4,-2.5027893,8.789847,4354,0.9158567786216736
10X_P7_6_AGCATACGTAAAGTCA,3-F-56,B cell,4,Unmatched_4,-5.002586,3.24656,4355,0.7878999710083008
10X_P7_6_AGCATACGTAAGCACG,3-F-56,macrophage,5,macrophage,12.52493,14.777129,4356,2.238407850265503
10X_P7_6_AGCATACTCTCTGCTG,3-F-56,B cell,0,B cell,-2.9381573,1.0865719,4357,0.7729597091674805
10X_P7_6_AGCCTAAAGATTACCC,3-F-56,B cell,4,Unmatched_4,-2.5598648,8.7429695,4358,0.7556331753730774
10X_P7_6_AGCCTAAAGCGCCTCA,3-F-56,B cell,0,B cell,-0.5515777,2.9453297,4359,1.1811494827270508
10X_P7_6_AGCCTAAAGTAGCCGA,3-F-56,B cell,0,B cell,-2.7954364,-0.36062425,4360,0.6744623780250549
10X_P7_6_AGCCTAAAGTAGGTGC,3-F-56,natural killer cell,6,natural killer cell,6.7685947,25.7435,4361,2.2029452323913574
10X_P7_6_AGCCTAAAGTGGTAGC,3-F-56,B cell,4,Unmatched_4,-5.118197,2.782559,4362,1.110299587249756
10X_P7_6_AGCCTAACACTGTTAG,3-F-56,B cell,1,Unmatched_1,-1.8763127,5.655285,4363,0.4704422652721405
10X_P7_6_AGCCTAACAGTGACAG,3-F-56,B cell,0,B cell,-1.6003635,0.29131952,4364,0.6142193675041199
10X_P7_6_AGCCTAAGTACAGCAG,3-F-56,B cell,0,B cell,-3.1485462,2.727248,4365,0.9365643858909608
10X_P7_6_AGCCTAAGTCTAAACC,3-F-56,B cell,0,B cell,-0.48355588,0.74078435,4366,0.6944611668586731
10X_P7_6_AGCCTAAGTCTCTTTA,3-F-56,B cell,0,B cell,-1.373682,1.9114966,4367,0.6034649610519409
10X_P7_6_AGCCTAAGTGCGCTTG,3-F-56,T cell,2,Unmatched_2,3.9350035,25.743557,4368,1.2217682600021362
10X_P7_6_AGCCTAAGTTCCATGA,3-F-56,T cell,3,T cell,2.6377156,23.261086,4369,0.6014608144760132
10X_P7_6_AGCCTAATCATTGCCC,3-F-56,B cell,0,B cell,-1.7621394,1.4417583,4370,0.7991401553153992
10X_P7_6_AGCCTAATCCAACCAA,3-F-56,B cell,0,B cell,-1.4209763,3.1113098,4371,0.633767306804657
10X_P7_6_AGCCTAATCTCTTATG,3-F-56,macrophage,5,macrophage,11.171695,14.469396,4372,1.536455750465393
10X_P7_6_AGCGGTCAGAGCCCAA,3-F-56,B cell,0,B cell,-0.94894916,-1.382716,4373,0.6554856896400452
10X_P7_6_AGCGGTCAGAGTACAT,3-F-56,T cell,2,Unmatched_2,2.7963834,25.601252,4374,0.7462836503982544
10X_P7_6_AGCGGTCAGATGCCTT,3-F-56,B cell,0,B cell,-0.44894308,1.3333874,4375,0.6154860258102417
10X_P7_6_AGCGGTCAGGACATTA,3-F-56,natural killer cell,6,natural killer cell,7.095016,26.13348,4376,1.9415829181671145
10X_P7_6_AGCGGTCCACCCAGTG,3-F-56,B cell,1,Unmatched_1,-3.2466629,4.5080605,4377,1.5541387796401978
10X_P7_6_AGCGGTCCACGGTAAG,3-F-56,B cell,0,B cell,-3.3161893,0.7829967,4378,0.4077163636684418
10X_P7_6_AGCGGTCTCACCTCGT,3-F-56,natural killer cell,6,natural killer cell,7.0491614,26.417974,4379,1.9532920122146609
10X_P7_6_AGCGGTCTCATAAAGG,3-F-56,B cell,0,B cell,-2.129895,1.7856283,4380,0.6732087135314941
10X_P7_6_AGCGGTCTCCACGTTC,3-F-56,B cell,0,B cell,-1.2801905,0.41634026,4381,0.6516264081001282
10X_P7_6_AGCGGTCTCCGTTGTC,3-F-56,B cell,4,Unmatched_4,-3.8279934,3.4638276,4382,0.7120823860168457
10X_P7_6_AGCGTATAGAACAACT,3-F-56,B cell,0,B cell,-0.25436297,-1.0326006,4383,0.6201437711715698
10X_P7_6_AGCGTATAGATATACG,3-F-56,B cell,1,Unmatched_1,-1.5842371,5.554561,4384,0.5010446310043335
10X_P7_6_AGCGTATAGGCAAAGA,3-F-56,B cell,0,B cell,-2.70917,1.4006993,4385,0.6455104947090149
10X_P7_6_AGCGTATAGTGCAAGC,3-F-56,B cell,0,B cell,-2.2686484,0.07525794,4386,0.4739993810653686
10X_P7_6_AGCGTATCAAAGGAAG,3-F-56,B cell,0,B cell,-0.41525048,0.92071384,4387,0.4937845468521118
10X_P7_6_AGCGTATCAATGGAGC,3-F-56,T cell,3,T cell,4.6427684,24.563406,4388,0.8010919094085693
10X_P7_6_AGCGTATCATCGTCGG,3-F-56,B cell,0,B cell,-2.2179656,0.16018698,4389,0.4944546222686767
10X_P7_6_AGCGTATCATGGGAAC,3-F-56,B cell,0,B cell,-0.5462828,2.308053,4390,1.0069959163665771
10X_P7_6_AGCGTATGTCATATCG,3-F-56,macrophage,8,Unmatched_8,10.081467,12.304998,4391,2.207233190536499
10X_P7_6_AGCGTATGTGACTCAT,3-F-56,B cell,0,B cell,-0.37757072,2.600447,4392,0.8625195622444153
10X_P7_6_AGCGTATGTTCCATGA,3-F-56,B cell,0,B cell,-2.7200317,2.197382,4393,0.9913905262947084
10X_P7_6_AGCGTATGTTGCCTCT,3-F-56,T cell,2,Unmatched_2,1.8319994,25.621635,4394,0.876226007938385
10X_P7_6_AGCGTATTCCCAGGTG,3-F-56,B cell,0,B cell,-0.9844814,0.18396267,4395,0.5245757102966309
10X_P7_6_AGCGTATTCCTCGCAT,3-F-56,B cell,0,B cell,-2.10643,-0.51034695,4396,0.8669458627700806
10X_P7_6_AGCGTATTCGTAGGAG,3-F-56,T cell,2,Unmatched_2,1.672937,25.690393,4397,0.7449691295623779
10X_P7_6_AGCGTATTCGTTGCCT,3-F-56,B cell,0,B cell,-1.3037212,-0.80237865,4398,0.6200048923492432
10X_P7_6_AGCGTATTCTCCCTGA,3-F-56,B cell,1,Unmatched_1,-1.5013865,5.297477,4399,0.647843062877655
10X_P7_6_AGCGTCGAGAACAACT,3-F-56,B cell,0,B cell,-0.6004609,-0.2595617,4400,0.6889083385467529
10X_P7_6_AGCGTCGAGCGCCTCA,3-F-56,B cell,0,B cell,-1.12552,-0.8191846,4401,0.957151174545288
10X_P7_6_AGCGTCGAGGATCGCA,3-F-56,B cell,2,Unmatched_2,0.7075807,22.814804,4402,1.8080830574035645
10X_P7_6_AGCGTCGAGTCAAGGC,3-F-56,B cell,1,Unmatched_1,-0.7388633,6.1248384,4403,0.9292857050895692
10X_P7_6_AGCGTCGCAAATCCGT,3-F-56,B cell,0,B cell,-0.89340883,2.0571296,4404,0.5784914493560791
10X_P7_6_AGCGTCGGTGATAAGT,3-F-56,B cell,0,B cell,-1.4115219,3.152045,4405,0.888586163520813
10X_P7_6_AGCGTCGTCAGCGATT,3-F-56,B cell,0,B cell,-2.8209171,3.0888023,4406,0.8867990374565125
10X_P7_6_AGCTCCTAGACAATAC,3-F-56,B cell,0,B cell,-2.179192,0.35136047,4407,0.6866335272789001
10X_P7_6_AGCTCCTAGCTGAACG,3-F-56,B cell,0,B cell,-3.228021,-0.06292976,4408,0.5274784564971924
10X_P7_6_AGCTCCTAGTAGGCCA,3-F-56,B cell,0,B cell,-1.6414632,1.1067723,4409,1.526444911956787
10X_P7_6_AGCTCCTCAGCCACCA,3-F-56,B cell,0,B cell,-3.5760458,0.23800732,4410,0.5029016733169556
10X_P7_6_AGCTCCTCAGTAGAGC,3-F-56,B cell,0,B cell,-1.8940349,-0.06532965,4411,0.6452117562294006
10X_P7_6_AGCTCCTCATTGCGGC,3-F-56,B cell,4,Unmatched_4,-4.2253513,4.301324,4412,0.7626273036003113
10X_P7_6_AGCTCCTGTAACGACG,3-F-56,B cell,4,Unmatched_4,-4.0244513,4.127771,4413,1.266848087310791
10X_P7_6_AGCTCCTGTCCTCCAT,3-F-56,B cell,0,B cell,-2.1693866,2.4379954,4414,0.8500261902809143
10X_P7_6_AGCTCCTGTGCACGAA,3-F-56,B cell,0,B cell,-0.8646022,-0.29322726,4415,0.974019169807434
10X_P7_6_AGCTCCTTCAGCATGT,3-F-56,B cell,0,B cell,0.42327413,0.7816904,4416,0.5837058424949646
10X_P7_6_AGCTCCTTCGGAGGTA,3-F-56,B cell,2,Unmatched_2,0.4482093,23.029192,4417,1.6622884273529053
10X_P7_6_AGCTCCTTCGGTCTAA,3-F-56,B cell,0,B cell,-1.5126493,2.3537107,4418,0.4786249697208404
10X_P7_6_AGCTCCTTCTTGACGA,3-F-56,B cell,0,B cell,-1.4185281,2.1404216,4419,0.7842495441436768
10X_P7_6_AGCTCTCAGAATTGTG,3-F-56,dendritic cell,10,dendritic cell,15.839958,-0.0065722195,4420,3.024122476577759
10X_P7_6_AGCTCTCAGAGTACAT,3-F-56,B cell,1,Unmatched_1,-1.4684827,6.2184677,4421,0.4787129759788513
10X_P7_6_AGCTCTCCACGGTAGA,3-F-56,B cell,0,B cell,-2.5089324,-0.71893495,4422,0.8869157433509827
10X_P7_6_AGCTCTCCAGGACCCT,3-F-56,B cell,4,Unmatched_4,-4.0193357,4.2259417,4423,1.0184717178344729
10X_P7_6_AGCTCTCCATTGCGGC,3-F-56,T cell,3,T cell,4.5262938,25.179043,4424,2.113144874572754
10X_P7_6_AGCTCTCGTCGCATCG,3-F-56,B cell,1,Unmatched_1,-2.1089888,5.5169578,4425,0.5401141047477722
10X_P7_6_AGCTCTCGTCGGCTCA,3-F-56,B cell,1,Unmatched_1,-1.2963489,6.0357575,4426,0.50970059633255
10X_P7_6_AGCTCTCTCGCAGGCT,3-F-56,B cell,0,B cell,-0.75083375,0.9471917,4427,0.631853461265564
10X_P7_6_AGCTCTCTCGCGTTTC,3-F-56,B cell,0,B cell,-0.77761054,-0.20709755,4428,0.5916834473609924
10X_P7_6_AGCTCTCTCTAAGCCA,3-F-56,B cell,2,Unmatched_2,0.34101993,23.135042,4429,1.9248356819152832
10X_P7_6_AGCTCTCTCTCTAGGA,3-F-56,B cell,0,B cell,-2.4847057,0.40164837,4430,0.4226968288421631
10X_P7_6_AGCTTGAAGAACTCGG,3-F-56,B cell,1,Unmatched_1,-1.2016387,5.987583,4431,0.4715646803379059
10X_P7_6_AGCTTGAAGCACCGCT,3-F-56,B cell,0,B cell,-0.55591685,0.35806763,4432,0.8922906517982483
10X_P7_6_AGCTTGAAGCGCTCCA,3-F-56,B cell,0,B cell,-3.22928,0.91584325,4433,0.7556657195091248
10X_P7_6_AGCTTGAAGGATGGTC,3-F-56,T cell,9,Unmatched_9,7.128788,23.56042,4434,1.4152827262878418
10X_P7_6_AGCTTGACAGATGAGC,3-F-56,B cell,0,B cell,-2.4957895,3.4065168,4435,1.5311462879180908
10X_P7_6_AGCTTGAGTCCCTACT,3-F-56,B cell,0,B cell,-1.5953705,1.280946,4436,0.5134127140045166
10X_P7_6_AGCTTGAGTCGAGTTT,3-F-56,T cell,2,Unmatched_2,1.7971646,25.56573,4437,0.7329850196838379
10X_P7_6_AGCTTGAGTGTTTGGT,3-F-56,B cell,0,B cell,-1.5241939,0.5099665,4438,0.6891945004463196
10X_P7_6_AGCTTGAGTTCCACAA,3-F-56,B cell,0,B cell,-0.41304892,-0.06985521,4439,0.5531905293464661
10X_P7_6_AGCTTGATCGCAGGCT,3-F-56,B cell,0,B cell,-0.21163647,1.1696026,4440,0.6393436789512634
10X_P7_6_AGCTTGATCGTGACAT,3-F-56,B cell,0,B cell,-3.2016456,-0.717697,4441,0.6389655470848083
10X_P7_6_AGCTTGATCTAACCGA,3-F-56,B cell,7,Unmatched_7,-4.7196193,1.451744,4442,0.9576550722122192
10X_P7_6_AGCTTGATCTCTGCTG,3-F-56,B cell,0,B cell,-0.020979406,0.14842005,4443,0.5149843692779541
10X_P7_6_AGGCCACAGAATTCCC,3-F-56,B cell,0,B cell,-0.7269907,2.505578,4444,0.7104911208152771
10X_P7_6_AGGCCACAGTGCTGCC,3-F-56,T cell,2,Unmatched_2,3.0142074,25.665165,4445,0.6735125780105591
10X_P7_6_AGGCCACAGTGGGTTG,3-F-56,B cell,0,B cell,-2.8927424,-1.1478707,4446,1.4022129774093628
10X_P7_6_AGGCCACCAACTGGCC,3-F-56,B cell,2,Unmatched_2,0.30702418,23.16145,4447,1.4788225889205933
10X_P7_6_AGGCCACCACCAACCG,3-F-56,B cell,0,B cell,-2.686167,-0.25644183,4448,0.6402058601379395
10X_P7_6_AGGCCACCACCATGTA,3-F-56,B cell,2,Unmatched_2,0.67566764,22.911327,4449,1.6020748615264893
10X_P7_6_AGGCCACCACCCATGG,3-F-56,B cell,0,B cell,-1.1115514,2.2694137,4450,0.7847310900688171
10X_P7_6_AGGCCACGTAAGGGCT,3-F-56,B cell,0,B cell,-1.845682,-0.69646263,4451,0.4862435162067413
10X_P7_6_AGGCCACGTACAGACG,3-F-56,T cell,9,Unmatched_9,7.080057,23.608719,4452,1.485214114189148
10X_P7_6_AGGCCACGTCCCGACA,3-F-56,B cell,0,B cell,-4.524917,0.25718632,4453,0.6764453053474426
10X_P7_6_AGGCCACGTCTCATCC,3-F-56,B cell,0,B cell,-1.1189462,3.6484828,4454,0.9987115263938904
10X_P7_6_AGGCCACGTTCCGGCA,3-F-56,B cell,4,Unmatched_4,9.217004,14.068248,4455,1.607529640197754
10X_P7_6_AGGCCACGTTTGGGCC,3-F-56,B cell,0,B cell,-1.8412853,1.5829246,4456,0.6991124153137207
10X_P7_6_AGGCCACTCCTAGTGA,3-F-56,B cell,0,B cell,-1.5176584,1.5693579,4457,1.349653720855713
10X_P7_6_AGGCCACTCCTCAATT,3-F-56,B cell,2,Unmatched_2,4.2557254,26.568493,4458,2.1512768268585205
10X_P7_6_AGGCCGTAGACAGACC,3-F-56,T cell,2,Unmatched_2,3.09782,25.58082,4459,0.7719930410385132
10X_P7_6_AGGCCGTAGACCGGAT,3-F-56,B cell,1,Unmatched_1,-1.4193708,6.4008217,4460,0.4812394976615906
10X_P7_6_AGGCCGTAGGCGTACA,3-F-56,B cell,0,B cell,-0.26444393,-0.93255883,4461,0.6646300554275513
10X_P7_6_AGGCCGTAGTTGCAGG,3-F-56,B cell,0,B cell,-0.105172545,0.7277663,4462,0.5817111134529114
10X_P7_6_AGGCCGTCAAGCGCTC,3-F-56,B cell,0,B cell,-2.324352,-0.5916935,4463,0.7376570701599121
10X_P7_6_AGGCCGTCACGTTGGC,3-F-56,T cell,2,Unmatched_2,2.9391606,25.871588,4464,0.5900476574897766
10X_P7_6_AGGCCGTCATCGGAAG,3-F-56,B cell,2,Unmatched_2,0.35057375,23.13458,4465,1.6322414875030518
10X_P7_6_AGGCCGTGTAAATGTG,3-F-56,B cell,0,B cell,0.15293656,-0.1141213,4466,0.4974879622459411
10X_P7_6_AGGCCGTGTCCGAATT,3-F-56,T cell,3,T cell,2.7734728,23.304115,4467,0.7107241749763489
10X_P7_6_AGGCCGTGTCTCTTAT,3-F-56,B cell,0,B cell,-1.5153884,0.7263812,4468,0.5096241235733032
10X_P7_6_AGGCCGTGTGAGGCTA,3-F-56,natural killer cell,6,natural killer cell,6.863914,26.0974,4469,2.6033878326416016
10X_P7_6_AGGCCGTGTTTGTTGG,3-F-56,B cell,0,B cell,-1.0689815,2.5626714,4470,1.170515060424805
10X_P7_6_AGGCCGTTCACGGTTA,3-F-56,B cell,4,Unmatched_4,-5.139095,2.8095953,4471,1.1814627647399902
10X_P7_6_AGGCCGTTCCTGCAGG,3-F-56,T cell,2,Unmatched_2,4.639355,26.651789,4472,1.5839473009109497
10X_P7_6_AGGCCGTTCTGGCGAC,3-F-56,B cell,0,B cell,-1.0727416,-0.25331262,4473,0.628900945186615
10X_P7_6_AGGCCGTTCTGTCTAT,3-F-56,B cell,6,natural killer cell,0.46660015,2.6922405,4474,0.6582611799240112
10X_P7_6_AGGGAGTAGAAGGACA,3-F-56,B cell,0,B cell,-1.2311674,-0.80881345,4475,1.04555344581604
10X_P7_6_AGGGAGTAGATGCCAG,3-F-56,B cell,0,B cell,-1.3162968,-1.4200687,4476,0.8789944648742676
10X_P7_6_AGGGAGTAGTACGTAA,3-F-56,B cell,0,B cell,-3.7375596,5.791675,4477,1.5261961221694946
10X_P7_6_AGGGAGTCACCGTTGG,3-F-56,B cell,0,B cell,-2.1412039,2.462305,4478,0.8894979357719421
10X_P7_6_AGGGAGTCAGTGGGAT,3-F-56,B cell,1,Unmatched_1,-1.8969553,6.1324687,4479,0.4968169629573822
10X_P7_6_AGGGAGTCATGTCGAT,3-F-56,B cell,0,B cell,-3.282001,0.7352644,4480,0.5310264825820923
10X_P7_6_AGGGAGTGTACCGTAT,3-F-56,B cell,7,Unmatched_7,-4.600004,1.2628148,4481,0.92704576253891
10X_P7_6_AGGGAGTGTCAGCTAT,3-F-56,B cell,0,B cell,-1.6267613,0.24849987,4482,0.7205754518508911
10X_P7_6_AGGGAGTGTCCTGCTT,3-F-56,T cell,2,Unmatched_2,4.3155727,26.558954,4483,1.1815952062606812
10X_P7_6_AGGGAGTGTGATAAGT,3-F-56,T cell,2,Unmatched_2,2.512627,25.60716,4484,1.0072121620178225
10X_P7_6_AGGGAGTGTTGACGTT,3-F-56,B cell,0,B cell,-2.524712,2.696873,4485,0.8079748749732971
10X_P7_6_AGGGAGTGTTGATTGC,3-F-56,B cell,0,B cell,0.32799155,0.33222067,4486,0.6614447832107544
10X_P7_6_AGGGAGTTCAGGCCCA,3-F-56,natural killer cell,6,natural killer cell,7.151002,26.357376,4487,1.6278774738311768
10X_P7_6_AGGGAGTTCATGTCCC,3-F-56,T cell,3,T cell,3.5723982,22.737343,4488,0.6763536930084229
10X_P7_6_AGGGAGTTCCTAGAAC,3-F-56,B cell,0,B cell,-1.481364,2.7387595,4489,0.9691961407661438
10X_P7_6_AGGGAGTTCGGCATCG,3-F-56,T cell,2,Unmatched_2,1.9558015,25.48593,4490,0.5519598126411438
10X_P7_6_AGGGAGTTCGTTTATC,3-F-56,B cell,0,B cell,0.14037615,0.037024133,4491,0.4000307321548462
10X_P7_6_AGGGATGAGAAACCAT,3-F-56,T cell,2,Unmatched_2,2.719377,25.788141,4492,0.5676788091659546
10X_P7_6_AGGGATGAGAGCCTAG,3-F-56,B cell,4,Unmatched_4,8.886033,14.285497,4493,1.5266609191894531
10X_P7_6_AGGGATGCATCCTAGA,3-F-56,B cell,0,B cell,-1.3977327,1.1923177,4494,0.4700639545917511
10X_P7_6_AGGGATGCATTCCTGC,3-F-56,B cell,0,B cell,-2.7836096,-0.6055911,4495,1.1721500158309937
10X_P7_6_AGGGATGGTACACCGC,3-F-56,T cell,2,Unmatched_2,1.9056989,25.735909,4496,1.3723071813583374
10X_P7_6_AGGGATGGTCATGCAT,3-F-56,B cell,0,B cell,-0.60661143,0.6483983,4497,0.5990076661109924
10X_P7_6_AGGGATGGTCTCTTAT,3-F-56,B cell,1,Unmatched_1,-1.2615212,5.680663,4498,0.5703240036964417
10X_P7_6_AGGGATGGTGACTCAT,3-F-56,B cell,0,B cell,-1.982996,2.172314,4499,0.974320650100708
10X_P7_6_AGGGATGGTGGAAAGA,3-F-56,B cell,4,Unmatched_4,-4.443048,4.3732524,4500,0.8657972812652588
10X_P7_6_AGGGATGGTGGGTCAA,3-F-56,T cell,2,Unmatched_2,2.1274343,26.37381,4501,1.0280247926712036
10X_P7_6_AGGGATGGTGTATGGG,3-F-56,macrophage,8,Unmatched_8,10.017686,12.382515,4502,2.354970216751098
10X_P7_6_AGGGATGTCACTGGGC,3-F-56,B cell,0,B cell,-1.5716434,0.7362659,4503,0.5511815547943115
10X_P7_6_AGGGATGTCCAGAGGA,3-F-56,macrophage,5,macrophage,11.234723,14.515264,4504,1.676435112953186
10X_P7_6_AGGGATGTCCATGAGT,3-F-56,B cell,0,B cell,-1.0812218,0.8407815,4505,0.7187145948410034
10X_P7_6_AGGGATGTCCGAATGT,3-F-56,B cell,1,Unmatched_1,-2.6464534,4.29127,4506,0.905597686767578
10X_P7_6_AGGGATGTCTGGGCCA,3-F-56,T cell,2,Unmatched_2,1.6818166,25.535465,4507,1.1270068883895874
10X_P7_6_AGGGATGTCTTGACGA,3-F-56,B cell,0,B cell,-0.057658296,-0.82912034,4508,0.5832926630973816
10X_P7_6_AGGGTGAAGCAATATG,3-F-56,B cell,0,B cell,-1.2319192,0.97940344,4509,0.6259505152702332
10X_P7_6_AGGGTGAAGCGTCAAG,3-F-56,B cell,0,B cell,0.23045558,0.6980183,4510,0.4382981061935425
10X_P7_6_AGGGTGAAGGATGGAA,3-F-56,B cell,0,B cell,-0.01652741,0.31850383,4511,0.5012832880020142
10X_P7_6_AGGGTGAAGGTGATAT,3-F-56,B cell,1,Unmatched_1,-2.571993,4.8880916,4512,0.7205142378807068
10X_P7_6_AGGGTGACATTTCACT,3-F-56,B cell,0,B cell,-0.6485944,2.819797,4513,0.8070789575576782
10X_P7_6_AGGGTGACATTTGCTT,3-F-56,B cell,0,B cell,-0.8214933,1.7743045,4514,0.4326379001140594
10X_P7_6_AGGGTGAGTAGCGATG,3-F-56,T cell,2,Unmatched_2,2.8765113,26.205044,4515,0.7226844429969788
10X_P7_6_AGGGTGAGTAGCTCCG,3-F-56,B cell,0,B cell,-2.3655999,2.0680373,4516,0.8659391403198242
10X_P7_6_AGGGTGAGTAGGACAC,3-F-56,B cell,1,Unmatched_1,-3.1141667,4.574205,4517,1.0317575931549072
10X_P7_6_AGGGTGAGTCATATGC,3-F-56,B cell,0,B cell,-5.0165462,0.56660354,4518,1.1007940769195557
10X_P7_6_AGGGTGAGTCGGATCC,3-F-56,T cell,2,Unmatched_2,3.7962983,25.02062,4519,1.3918379545211792
10X_P7_6_AGGGTGAGTCTGATTG,3-F-56,B cell,0,B cell,-3.5394087,1.534029,4520,0.573646068572998
10X_P7_6_AGGGTGAGTCTTTCAT,3-F-56,B cell,1,Unmatched_1,-2.8171723,4.195528,4521,1.1526708602905271
10X_P7_6_AGGGTGAGTGGTACAG,3-F-56,B cell,0,B cell,-0.0041727195,0.9401949,4522,0.4653185606002807
10X_P7_6_AGGGTGAGTTCACGGC,3-F-56,B cell,0,B cell,-0.93698025,1.2849861,4523,0.7612615823745728
10X_P7_6_AGGGTGAGTTTACTCT,3-F-56,B cell,0,B cell,-1.5845901,0.5871703,4524,0.6649167537689209
10X_P7_6_AGGGTGATCCCATTTA,3-F-56,B cell,0,B cell,-3.0257506,1.0150652,4525,0.6596037745475769
10X_P7_6_AGGTCATAGAGATGAG,3-F-56,B cell,7,Unmatched_7,-5.5053797,1.2253021,4526,1.247422695159912
10X_P7_6_AGGTCATAGGACAGCT,3-F-56,B cell,1,Unmatched_1,-1.237361,5.2489715,4527,0.4553451240062713
10X_P7_6_AGGTCATAGTGTCCAT,3-F-56,B cell,2,Unmatched_2,0.6276787,22.913776,4528,1.3249820470809937
10X_P7_6_AGGTCATAGTTACGGG,3-F-56,B cell,0,B cell,-2.544381,3.1228075,4529,1.4731460809707642
10X_P7_6_AGGTCATAGTTCGCGC,3-F-56,B cell,0,B cell,-1.897851,2.1816692,4530,0.8706710934638977
10X_P7_6_AGGTCATCACACATGT,3-F-56,T cell,2,Unmatched_2,2.092802,25.606573,4531,0.9431156516075134
10X_P7_6_AGGTCATGTAGCAAAT,3-F-56,T cell,2,Unmatched_2,2.561318,26.330168,4532,0.7660682797431946
10X_P7_6_AGGTCATGTATTAGCC,3-F-56,B cell,0,B cell,-1.1908205,-0.9723969,4533,0.625074565410614
10X_P7_6_AGGTCATGTCGGCTCA,3-F-56,B cell,0,B cell,-1.4832475,1.915457,4534,1.0687980651855469
10X_P7_6_AGGTCATGTTGGTGGA,3-F-56,B cell,1,Unmatched_1,-3.0188465,6.153302,4535,0.5616923570632935
10X_P7_6_AGGTCATTCAAACAAG,3-F-56,T cell,3,T cell,3.6942592,22.956026,4536,0.6868277192115784
10X_P7_6_AGGTCATTCCGTAGTA,3-F-56,B cell,0,B cell,-2.6307502,-1.1627173,4537,1.2413883209228516
10X_P7_6_AGGTCATTCTTGTCAT,3-F-56,T cell,3,T cell,5.257154,25.097296,4538,1.4739378690719604
10X_P7_6_AGGTCCGAGAAGGTTT,3-F-56,T cell,2,Unmatched_2,4.6659636,26.18345,4539,1.2715429067611694
10X_P7_6_AGGTCCGAGTCGCCGT,3-F-56,B cell,1,Unmatched_1,-2.8217452,4.2088594,4540,1.2695170640945437
10X_P7_6_AGGTCCGAGTGGTCCC,3-F-56,B cell,0,B cell,-3.2551455,1.9303927,4541,0.6496211290359497
10X_P7_6_AGGTCCGGTACAAGTA,3-F-56,B cell,0,B cell,-1.3802098,2.682491,4542,1.674774408340454
10X_P7_6_AGGTCCGGTCACCTAA,3-F-56,T cell,2,Unmatched_2,4.2347684,25.746649,4543,1.1913543939590454
10X_P7_6_AGGTCCGGTTGACGTT,3-F-56,B cell,0,B cell,-0.69926953,2.4837358,4544,0.4192770421504974
10X_P7_6_AGGTCCGTCACCTCGT,3-F-56,B cell,4,Unmatched_4,-4.090763,4.0681767,4545,0.7777917385101318
10X_P7_6_AGGTCCGTCTTACCGC,3-F-56,B cell,0,B cell,-2.5233176,1.797604,4546,0.5510623455047607
10X_P7_6_AGTAGTCAGATATGCA,3-F-56,B cell,0,B cell,-1.5666251,0.33352697,4547,0.6199527382850647
10X_P7_6_AGTAGTCAGCCCAACC,3-F-56,macrophage,5,macrophage,11.122633,14.441311,4548,1.4953820705413818
10X_P7_6_AGTAGTCAGCGTTTAC,3-F-56,B cell,1,Unmatched_1,-1.4450084,5.774698,4549,0.4461829960346222
10X_P7_6_AGTAGTCAGCTAGTGG,3-F-56,B cell,0,B cell,-1.1882985,2.8282332,4550,0.6138839721679688
10X_P7_6_AGTAGTCAGTTTCCTT,3-F-56,B cell,0,B cell,-3.5498495,-0.47848213,4551,0.7842090725898743
10X_P7_6_AGTAGTCCAACAACCT,3-F-56,T cell,3,T cell,4.8278985,24.995398,4552,1.5257527828216553
10X_P7_6_AGTAGTCCAAGAAAGG,3-F-56,B cell,1,Unmatched_1,-1.2444333,5.685541,4553,0.4887463748455047
10X_P7_6_AGTAGTCCAAGCCCAC,3-F-56,B cell,0,B cell,-2.3401976,1.4530493,4554,0.5374772548675537
10X_P7_6_AGTAGTCCACATGACT,3-F-56,B cell,1,Unmatched_1,-1.6273936,5.322385,4555,0.6365585327148438
10X_P7_6_AGTAGTCCACCCTATC,3-F-56,B cell,0,B cell,-2.03013,0.5146542,4556,0.5679570436477661
10X_P7_6_AGTAGTCCACTTCTGC,3-F-56,macrophage,5,macrophage,11.87985,14.6264,4557,2.51438045501709
10X_P7_6_AGTAGTCGTTGACGTT,3-F-56,B cell,1,Unmatched_1,-1.8474554,4.701436,4558,0.516215443611145
10X_P7_6_AGTAGTCTCAAACGGG,3-F-56,B cell,4,Unmatched_4,-2.6467726,8.832971,4559,1.0671300888061523
10X_P7_6_AGTAGTCTCAATACCG,3-F-56,B cell,0,B cell,-1.6284966,2.8510563,4560,0.6540977954864502
10X_P7_6_AGTAGTCTCACATGCA,3-F-56,B cell,0,B cell,-2.3299925,0.21250604,4561,0.397453635931015
10X_P7_6_AGTAGTCTCATTGCGA,3-F-56,T cell,2,Unmatched_2,1.7961771,25.63857,4562,0.8638796806335449
10X_P7_6_AGTAGTCTCCGATATG,3-F-56,B cell,1,Unmatched_1,-2.095799,5.928903,4563,0.7280408143997192
10X_P7_6_AGTAGTCTCGGTTCGG,3-F-56,B cell,0,B cell,-2.0222375,2.5367632,4564,0.7545989155769348
10X_P7_6_AGTAGTCTCGTATCAG,3-F-56,B cell,1,Unmatched_1,-2.250983,6.030625,4565,0.6397655606269836
10X_P7_6_AGTCTTTAGATCTGCT,3-F-56,B cell,0,B cell,-0.22541103,-0.5297309,4566,0.5070177316665649
10X_P7_6_AGTCTTTAGATTACCC,3-F-56,B cell,1,Unmatched_1,-1.4213564,5.03966,4567,0.5732170939445496
10X_P7_6_AGTCTTTAGCGCTCCA,3-F-56,T cell,2,Unmatched_2,2.7421775,26.008123,4568,0.6074058413505554
10X_P7_6_AGTCTTTAGTCACGCC,3-F-56,macrophage,5,macrophage,13.435842,15.411056,4569,1.5218805074691772
10X_P7_6_AGTCTTTCAAACTGTC,3-F-56,B cell,0,B cell,-2.3223398,0.9161281,4570,0.8141986727714539
10X_P7_6_AGTCTTTCACTAAGTC,3-F-56,T cell,2,Unmatched_2,2.5176556,25.457825,4571,0.8536677360534668
10X_P7_6_AGTCTTTCACTATCTT,3-F-56,B cell,7,Unmatched_7,-5.313244,1.3998582,4572,1.315487265586853
10X_P7_6_AGTCTTTCAGTACACT,3-F-56,B cell,0,B cell,-1.5937701,-0.25295496,4573,0.4759281575679779
10X_P7_6_AGTCTTTGTACCGCTG,3-F-56,B cell,1,Unmatched_1,-3.8007905,6.398237,4574,0.6930035948753357
10X_P7_6_AGTCTTTGTCCGTTAA,3-F-56,T cell,3,T cell,3.0221157,23.438322,4575,0.6067454218864441
10X_P7_6_AGTCTTTGTTATCGGT,3-F-56,B cell,0,B cell,-0.68728524,0.7391299,4576,0.6863887310028076
10X_P7_6_AGTCTTTTCAAAGTAG,3-F-56,B cell,1,Unmatched_1,-1.9270245,5.880386,4577,0.5161409378051758
10X_P7_6_AGTCTTTTCAGAAATG,3-F-56,macrophage,5,macrophage,11.16552,14.469307,4578,1.4436161518096924
10X_P7_6_AGTCTTTTCCGAGCCA,3-F-56,T cell,2,Unmatched_2,2.4937336,25.620428,4579,0.6918603181838989
10X_P7_6_AGTCTTTTCCTCATTA,3-F-56,B cell,0,B cell,-0.7540957,0.4235612,4580,0.5729427337646484
10X_P7_6_AGTCTTTTCCTTAATC,3-F-56,B cell,11,Unmatched_11,-3.6920595,7.756184,4581,2.1314523220062256
10X_P7_6_AGTCTTTTCCTTTACA,3-F-56,B cell,1,Unmatched_1,-3.4124877,4.685866,4582,0.5931118130683899
10X_P7_6_AGTGAGGAGGATGGTC,3-F-56,B cell,0,B cell,-0.844392,3.0462317,4583,1.059518575668335
10X_P7_6_AGTGAGGAGTAGCGGT,3-F-56,B cell,0,B cell,-1.9091268,0.92133635,4584,0.8993444442749023
10X_P7_6_AGTGAGGAGTCGTTTG,3-F-56,B cell,0,B cell,-2.0560346,0.99584085,4585,0.5205813646316528
10X_P7_6_AGTGAGGCACGTGAGA,3-F-56,T cell,3,T cell,2.733206,23.25562,4586,0.9625407457351683
10X_P7_6_AGTGAGGGTCGTGGCT,3-F-56,natural killer cell,6,natural killer cell,6.816252,25.749712,4587,2.124866247177124
10X_P7_6_AGTGAGGTCATATCGG,3-F-56,B cell,0,B cell,-0.82197905,0.32268906,4588,0.5336204767227173
10X_P7_6_AGTGAGGTCGTAGGTT,3-F-56,B cell,0,B cell,-1.4950229,0.93726295,4589,0.6330082416534424
10X_P7_6_AGTGAGGTCTCGCTTG,3-F-56,B cell,4,Unmatched_4,-4.9776297,4.404974,4590,0.9886149168014526
10X_P7_6_AGTGAGGTCTGTCTAT,3-F-56,B cell,0,B cell,-0.9022734,-0.38713533,4591,0.7165901064872742
10X_P7_6_AGTGGGAAGGACCACA,3-F-56,B cell,4,Unmatched_4,-2.6370852,8.857426,4592,1.2933450937271118
10X_P7_6_AGTGGGAAGTTCGATC,3-F-56,B cell,0,B cell,-0.72724444,2.265917,4593,1.4243749380111694
10X_P7_6_AGTGGGACACACTGCG,3-F-56,macrophage,8,Unmatched_8,10.723749,11.734021,4594,3.646089553833008
10X_P7_6_AGTGGGACAGGGATTG,3-F-56,natural killer cell,6,natural killer cell,7.1242757,26.480942,4595,1.5885764360427856
10X_P7_6_AGTGGGACATGCTGGC,3-F-56,B cell,0,B cell,-1.6201696,2.5918922,4596,0.7478499412536621
10X_P7_6_AGTGGGAGTCAATGTC,3-F-56,T cell,3,T cell,3.6738715,22.983181,4597,0.5184993147850037
10X_P7_6_AGTGGGAGTCGCGAAA,3-F-56,B cell,0,B cell,-1.2175001,-0.25778148,4598,0.5406191945075989
10X_P7_6_AGTGGGAGTGGAAAGA,3-F-56,T cell,3,T cell,5.2392154,24.895277,4599,1.1841388940811155
10X_P7_6_AGTGGGAGTTCTGGTA,3-F-56,T cell,2,Unmatched_2,4.1423116,26.547428,4600,1.0843924283981323
10X_P7_6_AGTGGGATCATCGATG,3-F-56,B cell,1,Unmatched_1,-2.2059681,6.087868,4601,0.5689871311187744
10X_P7_6_AGTGGGATCGTTTAGG,3-F-56,B cell,5,macrophage,-3.200401,-0.91562665,4602,1.221099019050598
10X_P7_6_AGTGTCAAGGAGCGTT,3-F-56,B cell,4,Unmatched_4,-5.130379,4.2765594,4603,0.7807587385177612
10X_P7_6_AGTGTCAAGTACGTTC,3-F-56,macrophage,5,macrophage,4.629822,13.956793,4604,2.150543451309204
10X_P7_6_AGTGTCACAAGCTGGA,3-F-56,B cell,0,B cell,0.23170245,0.31534255,4605,0.4066882729530334
10X_P7_6_AGTGTCACACAGGCCT,3-F-56,B cell,0,B cell,-3.6181629,1.5491555,4606,0.6288079023361206
10X_P7_6_AGTGTCACATGAAGTA,3-F-56,B cell,0,B cell,-1.5497102,0.8144478,4607,1.569847583770752
10X_P7_6_AGTGTCAGTAAACGCG,3-F-56,B cell,4,Unmatched_4,-4.7797236,3.2092004,4608,1.1867941617965698
10X_P7_6_AGTGTCAGTAAGGATT,3-F-56,B cell,0,B cell,-1.9862691,2.9831214,4609,0.7068213224411011
10X_P7_6_AGTGTCAGTGTAAGTA,3-F-56,T cell,2,Unmatched_2,4.453838,25.71078,4610,2.2546908855438232
10X_P7_6_AGTGTCAGTGTAATGA,3-F-56,B cell,1,Unmatched_1,-1.4237446,5.5938983,4611,0.4824109375476837
10X_P7_6_AGTGTCATCAACGAAA,3-F-56,B cell,1,Unmatched_1,-2.0104263,5.373523,4612,0.5249360799789429
10X_P7_6_AGTGTCATCCTGTAGA,3-F-56,macrophage,8,Unmatched_8,10.01631,12.377372,4613,3.0282459259033203
10X_P7_6_AGTGTCATCTGATTCT,3-F-56,T cell,3,T cell,3.5387325,22.818592,4614,0.6335161328315735
10X_P7_6_AGTGTCATCTGCGACG,3-F-56,T cell,3,T cell,3.6190531,23.285158,4615,0.6717239618301392
10X_P7_6_AGTGTCATCTGCGTAA,3-F-56,B cell,0,B cell,-0.91460246,-0.9461741,4616,0.5615239143371582
10X_P7_6_AGTTGGTAGCCGTCGT,3-F-56,B cell,0,B cell,-1.2306012,0.18889086,4617,0.5726708173751831
10X_P7_6_AGTTGGTAGTTCGATC,3-F-56,B cell,0,B cell,-0.1695992,0.6445936,4618,0.90221107006073
10X_P7_6_AGTTGGTCAATGGTCT,3-F-56,B cell,0,B cell,0.1707388,0.30104503,4619,0.5051846504211426
10X_P7_6_AGTTGGTCACCAGGTC,3-F-56,B cell,0,B cell,-2.6018593,1.9487513,4620,0.3947591781616211
10X_P7_6_AGTTGGTCACTTGGAT,3-F-56,B cell,0,B cell,-3.8591268,2.6726315,4621,1.0703705549240112
10X_P7_6_AGTTGGTGTATTCTCT,3-F-56,T cell,3,T cell,3.6797166,23.312168,4622,0.5447037816047668
10X_P7_6_AGTTGGTGTGACAAAT,3-F-56,B cell,0,B cell,0.2857416,-0.08918834,4623,0.3975698351860046
10X_P7_6_AGTTGGTTCAGTCAGT,3-F-56,B cell,4,Unmatched_4,-2.614369,8.696519,4624,0.7816676497459412
10X_P7_6_AGTTGGTTCATGTCCC,3-F-56,B cell,0,B cell,-1.3135763,1.6561306,4625,0.8909570574760437
10X_P7_6_AGTTGGTTCGGCGGTT,3-F-56,T cell,3,T cell,3.9079278,23.902304,4626,0.8090208172798157
10X_P7_6_ATAACGCCACCAACCG,3-F-56,B cell,0,B cell,-0.7240164,0.95108676,4627,0.862285852432251
10X_P7_6_ATAACGCCAGATCCAT,3-F-56,B cell,1,Unmatched_1,-3.4848907,6.325345,4628,0.5402857661247253
10X_P7_6_ATAACGCCATCACCCT,3-F-56,B cell,1,Unmatched_1,-1.1169103,6.343736,4629,0.7432680726051331
10X_P7_6_ATAACGCGTACACCGC,3-F-56,B cell,0,B cell,-2.987757,1.862473,4630,0.4456217288970947
10X_P7_6_ATAACGCGTCGACTGC,3-F-56,B cell,0,B cell,-2.3805287,1.1669122,4631,0.4378357827663421
10X_P7_6_ATAACGCTCAGTTTGG,3-F-56,B cell,0,B cell,-2.5564544,0.9257978,4632,0.4668541550636291
10X_P7_6_ATAACGCTCGGTCTAA,3-F-56,B cell,0,B cell,0.3474716,23.089724,4633,1.4861669540405271
10X_P7_6_ATAAGAGAGAGGGCTT,3-F-56,B cell,0,B cell,-2.412485,-0.8250772,4634,1.1152013540267944
10X_P7_6_ATAAGAGAGAGTAATC,3-F-56,T cell,2,Unmatched_2,2.536802,25.446198,4635,0.5765470862388611
10X_P7_6_ATAAGAGAGCAGGTCA,3-F-56,B cell,0,B cell,-1.3177463,1.4274628,4636,0.9901110529899596
10X_P7_6_ATAAGAGAGGCTAGAC,3-F-56,B cell,0,B cell,-2.0344992,1.4252291,4637,0.6104169487953186
10X_P7_6_ATAAGAGCAAGCCTAT,3-F-56,B cell,1,Unmatched_1,-1.299263,5.416797,4638,0.5145410895347595
10X_P7_6_ATAAGAGGTCTAACGT,3-F-56,B cell,0,B cell,-2.8881228,1.6089302,4639,0.5422781705856323
10X_P7_6_ATAAGAGTCGGAAATA,3-F-56,T cell,2,Unmatched_2,1.7954854,25.629604,4640,0.6440080404281616
10X_P7_6_ATAAGAGTCTGTCTCG,3-F-56,B cell,1,Unmatched_1,-2.771509,5.9491277,4641,0.5835692882537842
10X_P7_6_ATAGACCAGGGATCTG,3-F-56,B cell,1,Unmatched_1,-0.9468746,5.728554,4642,0.4654631316661834
10X_P7_6_ATAGACCAGTTGAGTA,3-F-56,macrophage,8,Unmatched_8,10.667455,11.797283,4643,3.646089553833008
10X_P7_6_ATAGACCCAATAGCGG,3-F-56,T cell,3,T cell,3.9368153,24.064688,4644,0.8386410474777222
10X_P7_6_ATAGACCCAATGCCAT,3-F-56,B cell,0,B cell,-1.7811953,0.40249848,4645,1.0013015270233154
10X_P7_6_ATAGACCCACTTAAGC,3-F-56,macrophage,8,Unmatched_8,10.275226,12.173963,4646,3.3938076496124268
10X_P7_6_ATAGACCCATACCATG,3-F-56,B cell,0,B cell,-1.3565416,1.1173748,4647,1.0782415866851809
10X_P7_6_ATAGACCCATTTCAGG,3-F-56,macrophage,5,macrophage,11.223799,14.507103,4648,1.5026732683181765
10X_P7_6_ATAGACCGTCTTGTCC,3-F-56,B cell,0,B cell,-1.234462,2.5363905,4649,0.974780261516571
10X_P7_6_ATAGACCGTTACTGAC,3-F-56,B cell,0,B cell,-2.3125935,-0.8503441,4650,0.4855424463748932
10X_P7_6_ATAGACCTCAGAAATG,3-F-56,T cell,3,T cell,4.5029063,25.247934,4651,2.011421203613281
10X_P7_6_ATAGACCTCAGTCCCT,3-F-56,macrophage,5,macrophage,4.4442873,13.718374,4652,2.8559908866882324
10X_P7_6_ATAGACCTCATCTGTT,3-F-56,natural killer cell,6,natural killer cell,7.250093,26.397923,4653,1.8626612424850464
10X_P7_6_ATAGACCTCATGGTCA,3-F-56,B cell,0,B cell,-2.5138779,0.22557354,4654,0.4811496138572693
10X_P7_6_ATAGACCTCCTTTACA,3-F-56,B cell,0,B cell,-2.797267,1.3622767,4655,0.3993533849716186
10X_P7_6_ATCACGAAGAGCTGCA,3-F-56,B cell,0,B cell,-0.07394382,0.37404823,4656,0.4895138740539551
10X_P7_6_ATCACGACACTCTGTC,3-F-56,B cell,0,B cell,-0.3767247,2.3465567,4657,0.5668626427650452
10X_P7_6_ATCACGACAGGCTGAA,3-F-56,natural killer cell,6,natural killer cell,6.9066877,25.800274,4658,2.1405844688415527
10X_P7_6_ATCACGACATCGTCGG,3-F-56,B cell,0,B cell,-1.3560464,-0.38672236,4659,0.861931324005127
10X_P7_6_ATCACGACATCTGGTA,3-F-56,B cell,0,B cell,-3.9754663,3.241909,4660,0.8481417298316956
10X_P7_6_ATCACGACATTGGGCC,3-F-56,B cell,0,B cell,-1.4016067,2.1209614,4661,1.5406553745269775
10X_P7_6_ATCACGAGTAAGCACG,3-F-56,B cell,1,Unmatched_1,-2.0589125,4.513517,4662,0.6427881121635437
10X_P7_6_ATCACGAGTACCAGTT,3-F-56,B cell,1,Unmatched_1,-1.5035609,4.650415,4663,0.6339128613471985
10X_P7_6_ATCACGAGTTCGCTAA,3-F-56,T cell,3,T cell,4.8104935,24.582624,4664,0.8738677501678467
10X_P7_6_ATCACGATCAATCACG,3-F-56,natural killer cell,6,natural killer cell,7.150235,26.545267,4665,1.5499866008758545
10X_P7_6_ATCACGATCATCGCTC,3-F-56,B cell,0,B cell,-1.8117044,0.9739326,4666,0.5193808078765869
10X_P7_6_ATCACGATCCACGCAG,3-F-56,T cell,3,T cell,3.8315563,23.494688,4667,0.5489269495010376
10X_P7_6_ATCACGATCGCTAGCG,3-F-56,B cell,0,B cell,-3.446721,-0.12566744,4668,0.600461483001709
10X_P7_6_ATCATCTAGTCTCAAC,3-F-56,T cell,2,Unmatched_2,2.6781354,26.414516,4669,0.6527684926986694
10X_P7_6_ATCATCTCAACACGCC,3-F-56,B cell,0,B cell,-4.5642586,1.7807148,4670,0.861906886100769
10X_P7_6_ATCATCTCAATCCAAC,3-F-56,T cell,2,Unmatched_2,4.7441964,26.308744,4671,1.4476252794265747
10X_P7_6_ATCATCTCACTTACGA,3-F-56,T cell,3,T cell,4.6606264,24.546078,4672,2.241693019866944
10X_P7_6_ATCATCTCAGAGCCAA,3-F-56,B cell,0,B cell,0.2228345,-0.10992588,4673,0.4922029972076416
10X_P7_6_ATCATCTCAGTATAAG,3-F-56,B cell,0,B cell,-3.549566,1.4535908,4674,0.9748672246932985
10X_P7_6_ATCATCTCATCGGACC,3-F-56,B cell,4,Unmatched_4,-4.3062987,3.164773,4675,1.0376951694488523
10X_P7_6_ATCATCTCATCTGGTA,3-F-56,B cell,0,B cell,-1.4320714,0.31445602,4676,0.5430650115013123
10X_P7_6_ATCATCTCATTCGACA,3-F-56,B cell,0,B cell,-3.244352,1.2846091,4677,0.8710570335388184
10X_P7_6_ATCATCTTCACTATTC,3-F-56,B cell,0,B cell,-0.64849085,0.38652563,4678,0.4389764070510864
10X_P7_6_ATCATCTTCGACCAGC,3-F-56,B cell,0,B cell,-1.9643463,2.5463824,4679,0.7015905976295471
10X_P7_6_ATCATGGAGAAGGACA,3-F-56,B cell,0,B cell,-2.6271305,0.7672383,4680,0.5374025106430054
10X_P7_6_ATCATGGAGCGAGAAA,3-F-56,B cell,1,Unmatched_1,-1.732031,6.2837586,4681,0.45622518658638
10X_P7_6_ATCATGGAGGATGCGT,3-F-56,B cell,4,Unmatched_4,-2.5034263,8.805203,4682,0.6721562147140503
10X_P7_6_ATCATGGAGGCTAGCA,3-F-56,B cell,0,B cell,-2.112783,3.4104228,4683,0.9648707509040833
10X_P7_6_ATCATGGAGGGATACC,3-F-56,B cell,7,Unmatched_7,-4.9807897,1.3270985,4684,1.0833284854888916
10X_P7_6_ATCATGGAGTGTTGAA,3-F-56,B cell,1,Unmatched_1,-1.3684574,5.509735,4685,0.5001821517944336
10X_P7_6_ATCATGGCACGCGAAA,3-F-56,B cell,1,Unmatched_1,-1.6280016,4.952251,4686,0.6687985062599182
10X_P7_6_ATCATGGCATAAGACA,3-F-56,B cell,0,B cell,-2.2188156,-0.06734425,4687,0.5550617575645447
10X_P7_6_ATCATGGGTCTGCCAG,3-F-56,B cell,1,Unmatched_1,-1.387322,6.141196,4688,0.5849485993385315
10X_P7_6_ATCATGGGTTAAGGGC,3-F-56,B cell,2,Unmatched_2,0.70721704,22.83435,4689,1.113192081451416
10X_P7_6_ATCATGGTCAACGAAA,3-F-56,B cell,0,B cell,-2.9125037,3.902793,4690,1.3635903596878052
10X_P7_6_ATCATGGTCACTTATC,3-F-56,B cell,1,Unmatched_1,-1.840462,5.6590323,4691,0.500740110874176
10X_P7_6_ATCATGGTCTACTATC,3-F-56,natural killer cell,6,natural killer cell,6.787082,25.68385,4692,2.3460421562194824
10X_P7_6_ATCATGGTCTGCTGTC,3-F-56,B cell,0,B cell,-0.5360171,-0.004080248,4693,0.5759280323982239
10X_P7_6_ATCCACCAGATCCTGT,3-F-56,B cell,1,Unmatched_1,-1.9931109,6.0850115,4694,0.5821325182914734
10X_P7_6_ATCCACCAGGCTCTTA,3-F-56,B cell,2,Unmatched_2,0.61479336,22.88581,4695,1.6045652627944946
10X_P7_6_ATCCACCAGGGATGGG,3-F-56,B cell,0,B cell,-2.2562046,-0.6080838,4696,0.4938265979290008
10X_P7_6_ATCCACCAGTTAGGTA,3-F-56,B cell,4,Unmatched_4,9.169537,14.109764,4697,2.8559908866882324
10X_P7_6_ATCCACCCAAAGTCAA,3-F-56,T cell,3,T cell,3.7465699,23.025724,4698,0.9823192954063416
10X_P7_6_ATCCACCCACCCATTC,3-F-56,B cell,0,B cell,-1.3764485,-0.6506877,4699,0.8219285607337952
10X_P7_6_ATCCACCCATGCCTTC,3-F-56,T cell,3,T cell,3.4830859,22.771631,4700,2.3692307472229004
10X_P7_6_ATCCACCGTCTGCGGT,3-F-56,natural killer cell,6,natural killer cell,6.5975356,25.497963,4701,2.2675023078918457
10X_P7_6_ATCCACCGTGCTAGCC,3-F-56,T cell,3,T cell,2.9644055,23.6236,4702,0.6731074452400208
10X_P7_6_ATCCACCGTTCCGGCA,3-F-56,T cell,2,Unmatched_2,4.3557353,26.584404,4703,1.4081194400787354
10X_P7_6_ATCCACCTCCAGATCA,3-F-56,T cell,2,Unmatched_2,3.7481828,25.756842,4704,0.8627367615699768
10X_P7_6_ATCCACCTCCTAGTGA,3-F-56,B cell,0,B cell,-2.963458,-1.0537944,4705,1.064655065536499
10X_P7_6_ATCCACCTCTTTACGT,3-F-56,T cell,2,Unmatched_2,2.7938895,25.527607,4706,0.5915698409080505
10X_P7_6_ATCCGAAAGAATGTGT,3-F-56,B cell,0,B cell,-3.1163971,2.1774156,4707,0.6659209132194519
10X_P7_6_ATCCGAAAGACTAGAT,3-F-56,B cell,0,B cell,-1.1654919,2.208053,4708,1.6337999105453491
10X_P7_6_ATCCGAAAGATTACCC,3-F-56,T cell,3,T cell,3.4033127,23.074503,4709,0.5469415783882141
10X_P7_6_ATCCGAAAGCCACCTG,3-F-56,natural killer cell,6,natural killer cell,7.395795,26.025408,4710,1.988310933113098
10X_P7_6_ATCCGAAAGGCGCTCT,3-F-56,T cell,2,Unmatched_2,1.9041047,25.60063,4711,1.302735447883606
10X_P7_6_ATCCGAAAGGTGCTTT,3-F-56,B cell,0,B cell,-1.8510417,0.26075208,4712,0.5324049592018127
10X_P7_6_ATCCGAACAACTGCTA,3-F-56,B cell,4,Unmatched_4,-3.8958664,3.7241514,4713,0.7103310227394104
10X_P7_6_ATCCGAACATCCCATC,3-F-56,T cell,2,Unmatched_2,2.299721,25.718948,4714,0.8027415871620178
10X_P7_6_ATCCGAACATGTCCTC,3-F-56,T cell,3,T cell,3.525836,22.657833,4715,1.0483875274658203
10X_P7_6_ATCCGAAGTAAACGCG,3-F-56,B cell,1,Unmatched_1,-1.0439911,6.362728,4716,0.4558100700378418
10X_P7_6_ATCCGAAGTAAGTTCC,3-F-56,B cell,1,Unmatched_1,-2.871907,4.7952724,4717,1.7435767650604248
10X_P7_6_ATCCGAAGTACTTGAC,3-F-56,B cell,0,B cell,-3.6265762,1.4318917,4718,0.7148464918136597
10X_P7_6_ATCCGAATCACTTACT,3-F-56,natural killer cell,6,natural killer cell,7.132802,26.520609,4719,2.0692672729492188
10X_P7_6_ATCCGAATCCCTGACT,3-F-56,B cell,1,Unmatched_1,-1.1187886,6.044174,4720,0.5109522938728333
10X_P7_6_ATCCGAATCGAGGTAG,3-F-56,natural killer cell,6,natural killer cell,7.2234197,26.019041,4721,2.346269369125366
10X_P7_6_ATCGAGTAGCACAGGT,3-F-56,B cell,4,Unmatched_4,-4.692938,4.4727955,4722,0.6850403547286987
10X_P7_6_ATCGAGTAGCCACGTC,3-F-56,B cell,0,B cell,-0.4870879,1.8936965,4723,1.0394692420959473
10X_P7_6_ATCGAGTAGCTGAAAT,3-F-56,B cell,0,B cell,-0.63361895,0.8712439,4724,0.5020473003387451
10X_P7_6_ATCGAGTAGCTTTGGT,3-F-56,B cell,0,B cell,-3.5000215,3.6043968,4725,1.0297808647155762
10X_P7_6_ATCGAGTCACCTCGGA,3-F-56,B cell,0,B cell,-1.0582262,3.3740485,4726,1.4199061393737793
10X_P7_6_ATCGAGTCAGAAGCAC,3-F-56,natural killer cell,6,natural killer cell,7.2949657,26.066713,4727,1.7610169649124146
10X_P7_6_ATCGAGTCAGACACTT,3-F-56,B cell,0,B cell,-1.9863411,-1.0832839,4728,0.4603456556797027
10X_P7_6_ATCGAGTGTCGAATCT,3-F-56,B cell,0,B cell,-1.0593297,1.2476809,4729,0.8842172026634216
10X_P7_6_ATCGAGTGTTTCGCTC,3-F-56,B cell,0,B cell,-1.9395785,0.55375546,4730,1.135959267616272
10X_P7_6_ATCGAGTTCAAGGTAA,3-F-56,T cell,3,T cell,3.233346,23.372019,4731,0.6307241916656494
10X_P7_6_ATCGAGTTCCTAGTGA,3-F-56,B cell,0,B cell,-2.7979941,0.96224344,4732,0.3903445899486542
10X_P7_6_ATCGAGTTCCTCAATT,3-F-56,T cell,2,Unmatched_2,2.2678294,26.31623,4733,0.5403406023979187
10X_P7_6_ATCGAGTTCGCAAACT,3-F-56,macrophage,5,macrophage,11.829055,14.617014,4734,1.955681562423706
10X_P7_6_ATCGAGTTCGCCCTTA,3-F-56,T cell,3,T cell,2.532979,23.147362,4735,0.7906212210655212
10X_P7_6_ATCTACTAGAGCTTCT,3-F-56,B cell,0,B cell,-2.129783,2.753311,4736,0.5496571063995361
10X_P7_6_ATCTACTAGCAGACTG,3-F-56,B cell,0,B cell,-2.0418599,0.33135307,4737,0.5563099980354309
10X_P7_6_ATCTACTAGGACAGCT,3-F-56,T cell,2,Unmatched_2,2.5177422,25.85123,4738,0.8333233594894409
10X_P7_6_ATCTACTAGTATGACA,3-F-56,T cell,9,Unmatched_9,6.918864,23.760736,4739,1.8132555484771729
10X_P7_6_ATCTACTAGTCTCCTC,3-F-56,B cell,1,Unmatched_1,-1.1262496,5.684612,4740,0.5913615226745605
10X_P7_6_ATCTACTCACTGTCGG,3-F-56,B cell,0,B cell,-0.42054692,2.5580032,4741,0.5140106081962585
10X_P7_6_ATCTACTCACTTCGAA,3-F-56,B cell,0,B cell,-1.4823351,1.875099,4742,0.7705197334289551
10X_P7_6_ATCTACTCAGCGAACA,3-F-56,B cell,0,B cell,-1.2807142,-0.06801873,4743,1.000995635986328
10X_P7_6_ATCTACTCAGGTGGAT,3-F-56,T cell,3,T cell,3.5055292,24.139776,4744,0.5720628499984741
10X_P7_6_ATCTACTGTCGGATCC,3-F-56,B cell,1,Unmatched_1,-2.3015013,6.095721,4745,0.6688099503517151
10X_P7_6_ATCTACTGTGCTTCTC,3-F-56,B cell,0,B cell,-0.6010155,1.9707603,4746,0.6615738868713379
10X_P7_6_ATCTACTGTTCAGGCC,3-F-56,B cell,0,B cell,-1.5644356,-0.5349505,4747,0.9244170188903807
10X_P7_6_ATCTACTTCACGCATA,3-F-56,macrophage,5,macrophage,11.258495,14.538118,4748,1.4440414905548096
10X_P7_6_ATCTACTTCAGTGTTG,3-F-56,T cell,3,T cell,3.3942142,22.981724,4749,0.8809248805046082
10X_P7_6_ATCTACTTCCACGACG,3-F-56,B cell,0,B cell,-2.505518,1.7265373,4750,0.6529284715652466
10X_P7_6_ATCTACTTCCACGTTC,3-F-56,T cell,2,Unmatched_2,4.452778,25.712967,4751,1.6518640518188477
10X_P7_6_ATCTGCCAGCCACCTG,3-F-56,B cell,0,B cell,-0.40768403,1.5197088,4752,0.491576999425888
10X_P7_6_ATCTGCCAGCCTTGAT,3-F-56,T cell,2,Unmatched_2,2.0292003,25.726469,4753,0.5902738571166992
10X_P7_6_ATCTGCCAGCTCAACT,3-F-56,B cell,1,Unmatched_1,-1.5495055,4.6177254,4754,0.539553165435791
10X_P7_6_ATCTGCCAGGGTATCG,3-F-56,B cell,0,B cell,-3.282697,1.4403255,4755,0.5654730200767517
10X_P7_6_ATCTGCCAGTCGATAA,3-F-56,T cell,3,T cell,3.263906,23.762909,4756,1.018269419670105
10X_P7_6_ATCTGCCCAAACCTAC,3-F-56,B cell,0,B cell,-2.4597852,2.67819,4757,0.877414345741272
10X_P7_6_ATCTGCCCATGTCGAT,3-F-56,T cell,3,T cell,3.487566,23.08459,4758,0.5744096636772156
10X_P7_6_ATCTGCCGTCATCGGC,3-F-56,B cell,0,B cell,-2.0366578,1.4344819,4759,0.6890869736671448
10X_P7_6_ATCTGCCGTCCTCTTG,3-F-56,B cell,0,B cell,-1.4739691,3.1881552,4760,0.6735233664512634
10X_P7_6_ATCTGCCGTCTCATCC,3-F-56,B cell,0,B cell,-0.3366192,1.2346023,4761,0.6096346974372864
10X_P7_6_ATCTGCCGTCTTTCAT,3-F-56,B cell,1,Unmatched_1,-2.1235628,5.3386173,4762,0.481778621673584
10X_P7_6_ATCTGCCGTTCCACTC,3-F-56,T cell,3,T cell,2.4590664,23.209387,4763,0.8284072875976562
10X_P7_6_ATCTGCCGTTTGGCGC,3-F-56,B cell,0,B cell,-3.3837402,0.27769125,4764,0.4666494131088257
10X_P7_6_ATCTGCCTCAACACAC,3-F-56,B cell,1,Unmatched_1,-1.9492428,6.27889,4765,0.4529396593570709
10X_P7_6_ATCTGCCTCAAGGTAA,3-F-56,T cell,3,T cell,2.4757679,23.328033,4766,1.3565115928649902
10X_P7_6_ATCTGCCTCATCATTC,3-F-56,B cell,0,B cell,-1.8399522,1.7449435,4767,0.7788926959037781
10X_P7_6_ATCTGCCTCCCTAACC,3-F-56,T cell,3,T cell,2.9380143,23.309637,4768,1.3714003562927246
10X_P7_6_ATCTGCCTCCGTCATC,3-F-56,B cell,0,B cell,-3.2690525,0.75963825,4769,0.5899978280067444
10X_P7_6_ATGAGGGAGCGTAGTG,3-F-56,B cell,0,B cell,0.08728305,-0.45220992,4770,0.4335675835609436
10X_P7_6_ATGAGGGAGCTCTCGG,3-F-56,B cell,4,Unmatched_4,-4.8522997,4.1246777,4771,0.7439015507698059
10X_P7_6_ATGAGGGAGGGTTTCT,3-F-56,B cell,0,B cell,-0.4417397,1.3099049,4772,0.8561039566993713
10X_P7_6_ATGAGGGAGTTCGCAT,3-F-56,T cell,2,Unmatched_2,2.8242228,25.476109,4773,0.5777783393859863
10X_P7_6_ATGAGGGCAAGCCTAT,3-F-56,T cell,2,Unmatched_2,2.0678077,25.71998,4774,0.5962579250335693
10X_P7_6_ATGAGGGCAGACGCCT,3-F-56,B cell,0,B cell,-0.18566704,1.1579695,4775,0.4127151370048523
10X_P7_6_ATGAGGGGTAAACACA,3-F-56,T cell,3,T cell,3.057994,23.270258,4776,0.732422411441803
10X_P7_6_ATGAGGGGTACCATCA,3-F-56,macrophage,8,Unmatched_8,10.018051,12.374874,4777,2.5343918800354004
10X_P7_6_ATGAGGGGTCAACATC,3-F-56,B cell,0,B cell,-3.314596,-0.6184753,4778,0.8008327484130859
10X_P7_6_ATGAGGGGTCAGATAA,3-F-56,T cell,2,Unmatched_2,2.422799,25.607367,4779,0.6206130385398865
10X_P7_6_ATGAGGGGTCCAAGTT,3-F-56,B cell,0,B cell,-0.7943028,-0.77118707,4780,0.7437574863433838
10X_P7_6_ATGAGGGGTCTCCATC,3-F-56,T cell,3,T cell,3.348572,24.100887,4781,0.6942530274391174
10X_P7_6_ATGAGGGGTGGTGTAG,3-F-56,T cell,2,Unmatched_2,2.5884597,25.717718,4782,0.5389530062675476
10X_P7_6_ATGAGGGGTGTGTGCC,3-F-56,T cell,2,Unmatched_2,2.2518198,26.192074,4783,0.5905945301055908
10X_P7_6_ATGAGGGTCAAACGGG,3-F-56,B cell,1,Unmatched_1,-2.085702,4.580008,4784,0.6725318431854248
10X_P7_6_ATGCGATAGACAATAC,3-F-56,B cell,0,B cell,-4.5897856,0.34384757,4785,1.0576955080032349
10X_P7_6_ATGCGATAGAGCTTCT,3-F-56,B cell,0,B cell,-3.2437782,0.7181591,4786,0.7067756652832031
10X_P7_6_ATGCGATAGCAGATCG,3-F-56,B cell,0,B cell,-1.1705183,2.1173792,4787,1.1028122901916504
10X_P7_6_ATGCGATAGGCATGGT,3-F-56,B cell,0,B cell,-0.6693097,1.879713,4788,1.16904616355896
10X_P7_6_ATGCGATCAACAACCT,3-F-56,B cell,0,B cell,-0.75019187,2.8999813,4789,1.537102460861206
10X_P7_6_ATGCGATCATAGTAAG,3-F-56,B cell,1,Unmatched_1,-4.0244308,6.456265,4790,1.711493968963623
10X_P7_6_ATGCGATCATCCGCGA,3-F-56,B cell,0,B cell,-3.2047024,-0.44071475,4791,0.542818546295166
10X_P7_6_ATGCGATCATCGACGC,3-F-56,T cell,2,Unmatched_2,2.882485,26.329788,4792,0.6588094830513
10X_P7_6_ATGCGATGTAACGCGA,3-F-56,B cell,2,Unmatched_2,0.32882342,23.155375,4793,1.2687374353408811
10X_P7_6_ATGCGATGTATTACCG,3-F-56,B cell,0,B cell,-0.86045825,-0.7835066,4794,0.5570759773254395
10X_P7_6_ATGCGATGTCGAGATG,3-F-56,T cell,3,T cell,3.7717254,24.202223,4795,0.7053965926170349
10X_P7_6_ATGCGATGTCTCCATC,3-F-56,B cell,1,Unmatched_1,-0.81496143,5.971495,4796,0.7332478165626526
10X_P7_6_ATGCGATGTGAGGGTT,3-F-56,B cell,7,Unmatched_7,-5.1460547,1.0321485,4797,1.5070825815200806
10X_P7_6_ATGCGATTCAATACCG,3-F-56,macrophage,8,Unmatched_8,10.708078,11.750809,4798,3.646089553833008
10X_P7_6_ATGCGATTCAGCGACC,3-F-56,macrophage,5,macrophage,4.501566,13.811007,4799,2.54805064201355
10X_P7_6_ATGCGATTCAGCTCTC,3-F-56,T cell,3,T cell,3.7873116,23.535852,4800,0.6756272315979004
10X_P7_6_ATGCGATTCGATAGAA,3-F-56,B cell,0,B cell,-2.5853949,0.73379755,4801,0.5346948504447937
10X_P7_6_ATGCGATTCTCGCATC,3-F-56,B cell,0,B cell,-2.04561,3.5235355,4802,0.6441326141357422
10X_P7_6_ATGCGATTCTCTGAGA,3-F-56,B cell,0,B cell,-0.37993422,-0.97534907,4803,0.5693284869194031
10X_P7_6_ATGCGATTCTTACCGC,3-F-56,B cell,0,B cell,-4.517691,0.18190008,4804,0.8159051537513733
10X_P7_6_ATGGGAGAGACTACAA,3-F-56,B cell,0,B cell,-1.5913104,2.0637646,4805,0.7389497756958008
10X_P7_6_ATGGGAGAGCAGGTCA,3-F-56,B cell,0,B cell,-2.0306554,-1.3002487,4806,1.2222744226455688
10X_P7_6_ATGGGAGAGCTGTTCA,3-F-56,B cell,4,Unmatched_4,-5.194267,4.357301,4807,1.7338426113128662
10X_P7_6_ATGGGAGAGTGAAGTT,3-F-56,B cell,0,B cell,-2.1344488,0.25001958,4808,0.7784253358840942
10X_P7_6_ATGGGAGCAATTGCTG,3-F-56,macrophage,5,macrophage,13.368731,15.355878,4809,2.331870555877685
10X_P7_6_ATGGGAGCATTGCGGC,3-F-56,B cell,4,Unmatched_4,-3.8092663,3.6141987,4810,0.7969838380813599
10X_P7_6_ATGGGAGGTAAACCTC,3-F-56,B cell,0,B cell,-0.01848969,-0.16845813,4811,0.5141310095787048
10X_P7_6_ATGGGAGGTAGCTTGT,3-F-56,B cell,0,B cell,-0.554183,1.6504176,4812,0.708062469959259
10X_P7_6_ATGGGAGGTTGCGCAC,3-F-56,B cell,0,B cell,-1.1523433,1.5239681,4813,0.6954836845397949
10X_P7_6_ATGGGAGTCACATACG,3-F-56,B cell,7,Unmatched_7,-5.322625,1.2908349,4814,1.2277532815933228
10X_P7_6_ATGGGAGTCCGAACGC,3-F-56,B cell,1,Unmatched_1,-1.2866316,5.6394553,4815,0.7763567566871643
10X_P7_6_ATGGGAGTCGGAAACG,3-F-56,T cell,3,T cell,5.2568207,24.869535,4816,0.9560962915420532
10X_P7_6_ATGTGTGAGACCACGA,3-F-56,B cell,0,B cell,-0.6097644,1.0871395,4817,0.6870943903923035
10X_P7_6_ATGTGTGAGCTTATCG,3-F-56,B cell,4,Unmatched_4,-4.71646,3.4153101,4818,0.8695093393325806
10X_P7_6_ATGTGTGAGGGCTTCC,3-F-56,B cell,1,Unmatched_1,-1.4991271,4.693035,4819,0.5457601547241211
10X_P7_6_ATGTGTGCACTGTTAG,3-F-56,B cell,0,B cell,-3.942162,2.5186937,4820,0.957139015197754
10X_P7_6_ATGTGTGCAGGGTATG,3-F-56,B cell,0,B cell,-1.4384273,-0.7360147,4821,0.5841671228408813
10X_P7_6_ATGTGTGCAGTTAACC,3-F-56,B cell,0,B cell,-1.8342121,1.850673,4822,1.7116905450820925
10X_P7_6_ATGTGTGGTCCGTCAG,3-F-56,natural killer cell,6,natural killer cell,6.748804,26.078192,4823,2.397041320800781
10X_P7_6_ATGTGTGGTTATCACG,3-F-56,B cell,1,Unmatched_1,-2.3571227,4.298246,4824,1.1181952953338623
10X_P7_6_ATGTGTGGTTCGTTGA,3-F-56,B cell,0,B cell,-1.2283908,2.614899,4825,1.3910406827926636
10X_P7_6_ATGTGTGTCACATACG,3-F-56,B cell,4,Unmatched_4,-4.9935765,4.2404494,4826,0.8208287358283997
10X_P7_6_ATGTGTGTCAGTCAGT,3-F-56,B cell,7,Unmatched_7,-5.6460376,0.962429,4827,1.64299213886261
10X_P7_6_ATGTGTGTCAGTCCCT,3-F-56,B cell,0,B cell,-0.13075991,2.147988,4828,0.4508759677410126
10X_P7_6_ATGTGTGTCCAGAGGA,3-F-56,B cell,0,B cell,-1.4737939,0.6602527,4829,0.4909496605396271
10X_P7_6_ATGTGTGTCCCTTGCA,3-F-56,B cell,0,B cell,-0.7041074,0.94848615,4830,1.204150676727295
10X_P7_6_ATGTGTGTCGGCGCAT,3-F-56,B cell,0,B cell,-0.41585726,-1.0315692,4831,0.7947026491165161
10X_P7_6_ATTACTCAGACTAGAT,3-F-56,B cell,0,B cell,-2.6016185,1.0034173,4832,0.3872216343879699
10X_P7_6_ATTACTCAGCTGGAAC,3-F-56,natural killer cell,6,natural killer cell,7.1610885,25.924572,4833,1.7921234369277954
10X_P7_6_ATTACTCCAAACCCAT,3-F-56,macrophage,5,macrophage,11.365787,14.574806,4834,2.833486557006836
10X_P7_6_ATTACTCCAAAGGTGC,3-F-56,B cell,1,Unmatched_1,-1.6726317,3.9795187,4835,0.6801482439041138
10X_P7_6_ATTACTCCACGGATAG,3-F-56,B cell,0,B cell,-0.7699547,-1.0441016,4836,0.7575111985206604
10X_P7_6_ATTACTCGTAAGCACG,3-F-56,T cell,2,Unmatched_2,2.640113,26.24408,4837,0.6120819449424744
10X_P7_6_ATTACTCGTCGAGTTT,3-F-56,B cell,0,B cell,0.19266847,0.4357938,4838,0.5431394577026367
10X_P7_6_ATTACTCGTGAGTGAC,3-F-56,B cell,0,B cell,-0.24489832,0.7505308,4839,1.0197821855545044
10X_P7_6_ATTACTCGTTGCTCCT,3-F-56,T cell,3,T cell,5.2096043,24.747557,4840,1.0056754350662231
10X_P7_6_ATTACTCTCATCGGAT,3-F-56,B cell,1,Unmatched_1,-2.2094262,4.575018,4841,0.5402824878692627
10X_P7_6_ATTACTCTCCTAGTGA,3-F-56,macrophage,5,macrophage,4.6527066,13.981508,4842,2.21476411819458
10X_P7_6_ATTACTCTCGCGGATC,3-F-56,B cell,1,Unmatched_1,-3.9164634,6.076815,4843,0.9323890209197998
10X_P7_6_ATTATCCAGAGTAAGG,3-F-56,B cell,0,B cell,-2.151397,1.2740195,4844,0.5248346924781799
10X_P7_6_ATTATCCAGCTATGCT,3-F-56,T cell,2,Unmatched_2,2.6184843,26.075254,4845,0.5779640078544617
10X_P7_6_ATTATCCAGCTTTGGT,3-F-56,T cell,3,T cell,2.7693138,23.255352,4846,0.6919300556182861
10X_P7_6_ATTATCCAGGCATGTG,3-F-56,B cell,0,B cell,-0.98066807,0.25431418,4847,0.9094204902648926
10X_P7_6_ATTATCCAGTACTTGC,3-F-56,B cell,0,B cell,-1.540822,0.23712349,4848,0.4569146633148193
10X_P7_6_ATTATCCAGTCCTCCT,3-F-56,B cell,1,Unmatched_1,-2.4222212,4.9792624,4849,0.5471492409706116
10X_P7_6_ATTATCCCACAAGCCC,3-F-56,B cell,5,macrophage,4.409861,13.671667,4850,2.229159116744995
10X_P7_6_ATTATCCCAGATCTGT,3-F-56,B cell,0,B cell,0.089391865,-0.5836142,4851,0.5543919205665588
10X_P7_6_ATTATCCCATGACGGA,3-F-56,T cell,2,Unmatched_2,2.148138,26.35688,4852,0.5871347784996033
10X_P7_6_ATTATCCGTTCCATGA,3-F-56,T cell,2,Unmatched_2,2.8401892,26.256075,4853,0.6279116868972778
10X_P7_6_ATTATCCTCAGGTTCA,3-F-56,B cell,2,Unmatched_2,0.4024409,23.102999,4854,1.1814253330230713
10X_P7_6_ATTATCCTCCAAACTG,3-F-56,B cell,0,B cell,-1.1213704,-1.3356073,4855,0.5799027681350708
10X_P7_6_ATTATCCTCGTTTATC,3-F-56,B cell,0,B cell,-3.0273318,2.892834,4856,1.0631550550460815
10X_P7_6_ATTCTACAGATGGCGT,3-F-56,B cell,1,Unmatched_1,-1.1358869,4.895109,4857,0.6953457593917847
10X_P7_6_ATTCTACAGCAGGTCA,3-F-56,B cell,0,B cell,-1.1075202,2.5443401,4858,1.4219611883163452
10X_P7_6_ATTCTACAGGCTAGCA,3-F-56,T cell,2,Unmatched_2,3.2495136,25.547821,4859,0.6295220851898193
10X_P7_6_ATTCTACAGTGAAGAG,3-F-56,B cell,0,B cell,-1.2864019,-0.9533132,4860,1.0075080394744873
10X_P7_6_ATTCTACAGTGGGATC,3-F-56,macrophage,5,macrophage,4.4005985,13.65191,4861,2.243319272994995
10X_P7_6_ATTCTACCAGCTCGAC,3-F-56,B cell,0,B cell,-3.2816825,1.0555886,4862,0.407293289899826
10X_P7_6_ATTCTACCATTCCTCG,3-F-56,B cell,0,B cell,-2.5111592,1.4908724,4863,0.7559576034545898
10X_P7_6_ATTCTACGTCCTCTTG,3-F-56,T cell,3,T cell,3.7111094,22.987993,4864,0.7157966494560242
10X_P7_6_ATTCTACGTGTTGGGA,3-F-56,B cell,1,Unmatched_1,-0.72008806,6.167267,4865,0.7307299375534058
10X_P7_6_ATTCTACGTTATCACG,3-F-56,B cell,0,B cell,-0.959645,0.87317663,4866,0.5264405012130737
10X_P7_6_ATTCTACTCCACTCCA,3-F-56,B cell,1,Unmatched_1,-3.1972036,6.0975537,4867,0.5375538468360901
10X_P7_6_ATTCTACTCCGAAGAG,3-F-56,T cell,9,Unmatched_9,6.9108543,23.771986,4868,1.9120335578918457
10X_P7_6_ATTCTACTCCGCTGTT,3-F-56,B cell,0,B cell,-2.7090483,4.0212364,4869,1.286704182624817
10X_P7_6_ATTCTACTCTGGCGAC,3-F-56,B cell,0,B cell,-2.3590739,3.2550495,4870,1.3788560628890991
10X_P7_6_ATTCTACTCTGTTGAG,3-F-56,T cell,3,T cell,2.538046,23.307932,4871,0.7573778033256531
10X_P7_6_ATTGGACAGCCACCTG,3-F-56,B cell,0,B cell,-2.5440402,3.3968775,4872,1.1537699699401855
10X_P7_6_ATTGGACAGTCCCACG,3-F-56,B cell,0,B cell,-3.4411213,0.51401764,4873,0.5550088882446289
10X_P7_6_ATTGGACAGTGAATTG,3-F-56,B cell,0,B cell,-2.0579376,-1.0873934,4874,1.217557072639465
10X_P7_6_ATTGGACCAATGGTCT,3-F-56,B cell,0,B cell,-1.6331556,0.560185,4875,0.7832620143890381
10X_P7_6_ATTGGACGTAGAAAGG,3-F-56,B cell,0,B cell,-2.7971084,1.0685271,4876,0.5929675698280334
10X_P7_6_ATTGGACGTGATGTCT,3-F-56,B cell,0,B cell,-0.5919134,-0.314246,4877,0.6176888942718506
10X_P7_6_ATTGGACGTTACGACT,3-F-56,B cell,0,B cell,-0.6795737,2.1852493,4878,0.8952368497848511
10X_P7_6_ATTGGACTCATCACCC,3-F-56,B cell,0,B cell,-1.9479846,1.1002873,4879,0.5700723528862
10X_P7_6_ATTGGACTCTCCCTGA,3-F-56,B cell,0,B cell,-0.18884258,-0.29034066,4880,0.4409111738204956
10X_P7_6_ATTGGTGAGAGGTTAT,3-F-56,T cell,3,T cell,3.0754995,22.994295,4881,0.7789936065673828
10X_P7_6_ATTGGTGAGCACAGGT,3-F-56,B cell,0,B cell,-2.1288092,0.84296054,4882,0.403665542602539
10X_P7_6_ATTGGTGAGCCGCCTA,3-F-56,B cell,0,B cell,-0.9788301,-0.059125006,4883,0.6342552304267883
10X_P7_6_ATTGGTGAGTTCCACA,3-F-56,T cell,3,T cell,3.2048705,23.349865,4884,1.355649471282959
10X_P7_6_ATTGGTGCAAGCGCTC,3-F-56,B cell,1,Unmatched_1,-0.984745,6.0445504,4885,0.5142230987548828
10X_P7_6_ATTGGTGCAGCCAGAA,3-F-56,T cell,2,Unmatched_2,2.7835743,26.103996,4886,0.5687066316604614
10X_P7_6_ATTGGTGCAGCCTATA,3-F-56,T cell,2,Unmatched_2,2.5472193,23.771523,4887,1.4556808471679688
10X_P7_6_ATTGGTGCATAGTAAG,3-F-56,B cell,0,B cell,-2.3557198,-0.7685273,4888,0.6215128302574158
10X_P7_6_ATTGGTGGTCTGGTCG,3-F-56,T cell,3,T cell,5.077306,24.689716,4889,1.0645829439163208
10X_P7_6_ATTGGTGGTGCCTTGG,3-F-56,B cell,0,B cell,-2.0685673,1.0100758,4890,0.7803232669830322
10X_P7_6_ATTGGTGGTTTGTTTC,3-F-56,B cell,1,Unmatched_1,-1.2049049,5.774452,4891,0.4540425837039947
10X_P7_6_ATTGGTGTCAACCATG,3-F-56,B cell,1,Unmatched_1,-2.5185688,4.727701,4892,0.6639711260795593
10X_P7_6_ATTGGTGTCAGGCAAG,3-F-56,T cell,3,T cell,3.7018094,23.344086,4893,0.659930408000946
10X_P7_6_ATTGGTGTCCACGAAT,3-F-56,B cell,4,Unmatched_4,-3.4400604,3.682133,4894,1.223584771156311
10X_P7_6_ATTTCTGAGAAGGGTA,3-F-56,B cell,0,B cell,-0.69741285,0.7810249,4895,0.5693327784538269
10X_P7_6_ATTTCTGAGAGGACGG,3-F-56,T cell,2,Unmatched_2,2.6247451,25.414032,4896,0.8658364415168762
10X_P7_6_ATTTCTGAGCCTTGAT,3-F-56,B cell,1,Unmatched_1,-1.3227692,5.826211,4897,0.4593885540962219
10X_P7_6_ATTTCTGAGGTGACCA,3-F-56,T cell,2,Unmatched_2,2.5478916,25.24676,4898,0.9021289944648744
10X_P7_6_ATTTCTGAGGTGGGTT,3-F-56,B cell,1,Unmatched_1,-1.6465683,6.1756687,4899,0.6743741035461426
10X_P7_6_ATTTCTGAGTGCCATT,3-F-56,B cell,1,Unmatched_1,-1.5754331,5.0524435,4900,0.4851397275924682
10X_P7_6_ATTTCTGCAAGCCGCT,3-F-56,B cell,0,B cell,-2.4258046,1.631992,4901,0.4943388104438782
10X_P7_6_ATTTCTGCACGGACAA,3-F-56,B cell,1,Unmatched_1,-2.1051354,4.6977496,4902,0.4987048506736755
10X_P7_6_ATTTCTGGTCAGCTAT,3-F-56,B cell,0,B cell,-0.99166936,2.479714,4903,1.1460707187652588
10X_P7_6_ATTTCTGGTGTCAATC,3-F-56,B cell,0,B cell,-1.2153231,3.6868005,4904,0.8424912095069885
10X_P7_6_ATTTCTGGTTGATTGC,3-F-56,T cell,3,T cell,3.68456,23.70664,4905,0.7003391981124878
10X_P7_6_ATTTCTGGTTTGGCGC,3-F-56,macrophage,5,macrophage,4.7838597,25.579897,4906,2.8559908866882324
10X_P7_6_ATTTCTGTCCTGCCAT,3-F-56,B cell,0,B cell,-1.7572232,1.6540456,4907,0.5184802412986755
10X_P7_6_ATTTCTGTCGCCGTGA,3-F-56,B cell,0,B cell,-1.2813143,0.60338306,4908,0.554591178894043
10X_P7_6_ATTTCTGTCTATCCCG,3-F-56,B cell,0,B cell,-1.9209543,3.331804,4909,0.8387215733528137
10X_P7_6_ATTTCTGTCTTCTGGC,3-F-56,B cell,0,B cell,-2.6151292,-0.35340318,4910,0.812515377998352
10X_P7_6_ATTTCTGTCTTGTACT,3-F-56,B cell,1,Unmatched_1,-2.7510285,4.8150153,4911,0.793765664100647
10X_P7_6_CAACCAAAGACCTAGG,3-F-56,B cell,0,B cell,-2.6503205,1.4932098,4912,0.3965693712234497
10X_P7_6_CAACCAAAGAGACGAA,3-F-56,B cell,0,B cell,-1.3064449,0.46854842,4913,0.6037063598632812
10X_P7_6_CAACCAAAGAGCAATT,3-F-56,B cell,0,B cell,-3.1877768,-0.2975609,4914,0.5969878435134888
10X_P7_6_CAACCAAAGCTAAACA,3-F-56,B cell,0,B cell,-3.2298665,1.6445787,4915,0.614613950252533
10X_P7_6_CAACCAACAATCAGAA,3-F-56,B cell,1,Unmatched_1,-1.3242369,5.5534954,4916,0.5070406794548035
10X_P7_6_CAACCAACACCAGATT,3-F-56,B cell,7,Unmatched_7,-5.294634,1.4639052,4917,1.3090647459030151
10X_P7_6_CAACCAAGTAGCTTGT,3-F-56,B cell,2,Unmatched_2,0.35282403,23.154835,4918,1.2007800340652466
10X_P7_6_CAACCAAGTCACCTAA,3-F-56,B cell,4,Unmatched_4,-2.482986,8.828493,4919,0.899314284324646
10X_P7_6_CAACCAAGTTCCTCCA,3-F-56,B cell,1,Unmatched_1,-2.4743404,4.931959,4920,1.252729415893555
10X_P7_6_CAACCAATCAGGCAAG,3-F-56,natural killer cell,6,natural killer cell,6.8780274,26.025501,4921,2.1282339096069336
10X_P7_6_CAACCAATCTAACTTC,3-F-56,B cell,0,B cell,-1.0625982,0.2519153,4922,0.8618530631065369
10X_P7_6_CAACCTCAGATGGCGT,3-F-56,B cell,1,Unmatched_1,-1.0392605,5.1260066,4923,0.5749061107635498
10X_P7_6_CAACCTCAGCAGATCG,3-F-56,B cell,0,B cell,-2.565707,0.8169143,4924,0.4794580340385437
10X_P7_6_CAACCTCAGCGATTCT,3-F-56,B cell,4,Unmatched_4,-2.6044424,8.6863785,4925,0.8152289986610413
10X_P7_6_CAACCTCAGCGTGAGT,3-F-56,B cell,0,B cell,-3.5917814,-0.5642607,4926,1.441567063331604
10X_P7_6_CAACCTCAGCGTTTAC,3-F-56,B cell,1,Unmatched_1,-1.6327043,3.91484,4927,0.6382468342781067
10X_P7_6_CAACCTCAGGAATCGC,3-F-56,macrophage,8,Unmatched_8,10.735043,11.722688,4928,3.646089553833008
10X_P7_6_CAACCTCCACACATGT,3-F-56,B cell,1,Unmatched_1,-2.9733918,4.5866623,4929,0.7329975962638855
10X_P7_6_CAACCTCCACGAAATA,3-F-56,B cell,0,B cell,-2.481365,1.1722374,4930,0.4049301743507385
10X_P7_6_CAACCTCCATCACGAT,3-F-56,T cell,3,T cell,4.486328,25.172531,4931,1.7246739864349363
10X_P7_6_CAACCTCGTAGTGAAT,3-F-56,B cell,0,B cell,-0.890584,1.4122802,4932,0.8606311082839966
10X_P7_6_CAACCTCTCAATCACG,3-F-56,B cell,0,B cell,-0.84506613,0.7813766,4933,0.6386096477508545
10X_P7_6_CAACCTCTCCTAGAAC,3-F-56,T cell,2,Unmatched_2,4.306362,26.534313,4934,2.9499831199646
10X_P7_6_CAACCTCTCCTTGGTC,3-F-56,T cell,3,T cell,3.6942685,23.62169,4935,1.1206051111221311
10X_P7_6_CAACTAGAGTCGAGTG,3-F-56,B cell,0,B cell,-1.041866,2.631119,4936,1.0240843296051023
10X_P7_6_CAACTAGCAAGCCTAT,3-F-56,B cell,0,B cell,-4.131757,-0.051259972,4937,0.8495021462440491
10X_P7_6_CAACTAGCAAGTTGTC,3-F-56,B cell,0,B cell,-1.014042,0.8531946,4938,0.559758722782135
10X_P7_6_CAACTAGCACCGCTAG,3-F-56,B cell,0,B cell,-2.6340725,1.3125836,4939,0.9595993757247924
10X_P7_6_CAACTAGCACTTACGA,3-F-56,B cell,0,B cell,-1.2328657,-0.7481605,4940,0.9701354503631592
10X_P7_6_CAACTAGCAGCCTTGG,3-F-56,B cell,0,B cell,-0.85533154,1.1616066,4941,0.7490542531013489
10X_P7_6_CAACTAGCAGCTGTGC,3-F-56,T cell,3,T cell,3.7093134,22.856213,4942,0.6607062220573425
10X_P7_6_CAACTAGGTAAGTGTA,3-F-56,B cell,0,B cell,-0.7514747,0.21131568,4943,0.5222671031951904
10X_P7_6_CAACTAGGTCCATCCT,3-F-56,B cell,0,B cell,-2.594662,1.3156375,4944,0.3979799449443817
10X_P7_6_CAACTAGGTGGCTCCA,3-F-56,B cell,0,B cell,-2.286715,1.7151821,4945,0.7256610989570618
10X_P7_6_CAACTAGTCCCTTGCA,3-F-56,T cell,2,Unmatched_2,2.696215,25.572056,4946,0.7321765422821045
10X_P7_6_CAACTAGTCCGTTGTC,3-F-56,B cell,0,B cell,-2.273196,1.1214194,4947,0.4701133668422699
10X_P7_6_CAACTAGTCCTATTCA,3-F-56,B cell,0,B cell,-2.9323633,1.2404598,4948,0.5119983553886414
10X_P7_6_CAACTAGTCGGACAAG,3-F-56,T cell,2,Unmatched_2,3.0266929,25.720966,4949,0.6854260563850403
10X_P7_6_CAAGAAAAGATGCCTT,3-F-56,B cell,4,Unmatched_4,8.853638,14.343021,4950,1.5411213636398315
10X_P7_6_CAAGAAAAGTATCTCG,3-F-56,B cell,0,B cell,-1.8105959,0.45573133,4951,0.5753244161605835
10X_P7_6_CAAGAAAAGTCGCCGT,3-F-56,B cell,0,B cell,-1.2562693,0.6405895,4952,0.8404711484909058
10X_P7_6_CAAGAAACACAAGTAA,3-F-56,B cell,1,Unmatched_1,-3.1785161,6.212867,4953,0.5720294713973999
10X_P7_6_CAAGAAACATCATCCC,3-F-56,B cell,0,B cell,-2.3152463,2.9304943,4954,0.966761350631714
10X_P7_6_CAAGAAACATGAACCT,3-F-56,T cell,3,T cell,5.15742,24.682526,4955,1.4022492170333862
10X_P7_6_CAAGAAACATGCCTAA,3-F-56,B cell,0,B cell,-0.66794366,-0.018786022,4956,0.5310733914375305
10X_P7_6_CAAGAAAGTACAGTTC,3-F-56,T cell,2,Unmatched_2,1.7679708,25.597992,4957,0.7288113236427307
10X_P7_6_CAAGAAAGTATTAGCC,3-F-56,B cell,0,B cell,-1.0971489,3.8542042,4958,0.6710888743400574
10X_P7_6_CAAGAAAGTTACGCGC,3-F-56,T cell,2,Unmatched_2,4.196815,26.572594,4959,1.3415337800979614
10X_P7_6_CAAGAAATCCCAGGTG,3-F-56,macrophage,5,macrophage,11.150776,14.459553,4960,1.6764559745788574
10X_P7_6_CAAGAAATCCTCGCAT,3-F-56,B cell,1,Unmatched_1,-2.451577,4.288696,4961,1.0403040647506714
10X_P7_6_CAAGAAATCGTGGTCG,3-F-56,B cell,1,Unmatched_1,-0.8795112,6.0809836,4962,0.5261008739471436
10X_P7_6_CAAGAAATCGTTTAGG,3-F-56,T cell,3,T cell,2.4973247,23.249214,4963,0.7475663423538208
10X_P7_6_CAAGAAATCTCTGAGA,3-F-56,B cell,0,B cell,-1.069115,2.5982416,4964,1.4835573434829712
10X_P7_6_CAAGATCAGTGCTGCC,3-F-56,B cell,1,Unmatched_1,-2.7310526,4.788678,4965,1.1824556589126587
10X_P7_6_CAAGATCCAAACGCGA,3-F-56,B cell,0,B cell,-1.008725,0.08518809,4966,0.7776968479156494
10X_P7_6_CAAGATCCAGCCAATT,3-F-56,B cell,0,B cell,-1.7044896,-1.218494,4967,0.4992554783821106
10X_P7_6_CAAGATCCAGCTGTGC,3-F-56,B cell,4,Unmatched_4,-4.418726,3.3154318,4968,0.7829721570014954
10X_P7_6_CAAGATCCATGAGCGA,3-F-56,B cell,0,B cell,-2.6800866,0.1698428,4969,0.6551685333251953
10X_P7_6_CAAGATCCATTACCTT,3-F-56,B cell,0,B cell,-2.0648406,3.0742097,4970,0.8274503946304321
10X_P7_6_CAAGATCGTGAGGGAG,3-F-56,B cell,0,B cell,-1.337373,2.8699799,4971,0.7031086087226868
10X_P7_6_CAAGATCGTTCTGGTA,3-F-56,T cell,2,Unmatched_2,4.563241,25.499569,4972,1.1988595724105835
10X_P7_6_CAAGATCGTTTAAGCC,3-F-56,B cell,0,B cell,-0.99324125,1.2702463,4973,0.5308188796043396
10X_P7_6_CAAGATCTCAGCTTAG,3-F-56,B cell,0,B cell,-1.4705963,1.6888723,4974,0.996019959449768
10X_P7_6_CAAGATCTCATTCACT,3-F-56,T cell,3,T cell,4.4882765,24.791187,4975,1.4281716346740725
10X_P7_6_CAAGATCTCCTCGCAT,3-F-56,B cell,0,B cell,-0.5582863,-0.61955017,4976,0.5035182237625122
10X_P7_6_CAAGATCTCTGTACGA,3-F-56,B cell,0,B cell,-3.6191604,2.9005141,4977,1.3172277212142944
10X_P7_6_CAAGGCCAGACAGGCT,3-F-56,B cell,0,B cell,-1.5868356,2.0210593,4978,1.1847373247146606
10X_P7_6_CAAGGCCAGGTCATCT,3-F-56,T cell,3,T cell,4.7939696,24.511112,4979,1.0315306186676023
10X_P7_6_CAAGGCCAGTCCGGTC,3-F-56,B cell,0,B cell,-2.7721016,1.4942851,4980,0.42536261677742
10X_P7_6_CAAGGCCAGTCTCGGC,3-F-56,B cell,1,Unmatched_1,-1.7188224,5.544986,4981,0.5449470281600952
10X_P7_6_CAAGGCCCACAACGTT,3-F-56,B cell,0,B cell,-2.1965451,1.348536,4982,0.5027503371238708
10X_P7_6_CAAGGCCCACGTTGGC,3-F-56,B cell,7,Unmatched_7,-5.10941,1.2903392,4983,1.061154007911682
10X_P7_6_CAAGGCCCAGCGAACA,3-F-56,B cell,0,B cell,-3.6718202,-0.1023056,4984,0.7245610952377319
10X_P7_6_CAAGGCCGTAAACCTC,3-F-56,B cell,0,B cell,-4.308615,1.3425778,4985,1.0057294368743896
10X_P7_6_CAAGGCCGTAACGACG,3-F-56,B cell,0,B cell,-0.9340056,-1.4233397,4986,0.8953826427459717
10X_P7_6_CAAGGCCGTCTAGGTT,3-F-56,T cell,2,Unmatched_2,2.1730905,26.357903,4987,0.8278226852416992
10X_P7_6_CAAGGCCTCCAGATCA,3-F-56,B cell,0,B cell,-2.0528638,1.4238931,4988,0.7147958278656006
10X_P7_6_CAAGGCCTCCCAAGAT,3-F-56,B cell,12,Unmatched_12,9.165909,9.683913,4989,3.1895229816436768
10X_P7_6_CAAGGCCTCCCACTTG,3-F-56,B cell,0,B cell,-3.986729,2.345256,4990,1.0002504587173462
10X_P7_6_CAAGGCCTCCGCATAA,3-F-56,B cell,0,B cell,-2.2048225,1.724785,4991,0.7517082691192627
10X_P7_6_CAAGGCCTCGTACCGG,3-F-56,B cell,0,B cell,-2.1696045,2.896469,4992,0.9073882102966307
10X_P7_6_CAAGTTGAGAACTCGG,3-F-56,T cell,3,T cell,3.1561136,22.835365,4993,0.6440043449401855
10X_P7_6_CAAGTTGAGCACCGCT,3-F-56,B cell,0,B cell,-2.752759,-0.08317876,4994,0.7879101037979126
10X_P7_6_CAAGTTGAGTGTGAAT,3-F-56,B cell,0,B cell,-3.3923595,2.8914175,4995,1.1756426095962524
10X_P7_6_CAAGTTGCACGAAGCA,3-F-56,T cell,3,T cell,3.1847694,23.645226,4996,0.7314252853393555
10X_P7_6_CAAGTTGCAGGTGGAT,3-F-56,B cell,7,Unmatched_7,-5.678228,1.2069699,4997,1.2465732097625732
10X_P7_6_CAAGTTGCATAGACTC,3-F-56,B cell,0,B cell,-4.978994,0.8138541,4998,1.1251554489135742
10X_P7_6_CAAGTTGCATCTGGTA,3-F-56,B cell,0,B cell,-2.9191341,2.664209,4999,0.901613712310791
10X_P7_6_CAAGTTGGTAGCGTCC,3-F-56,B cell,2,Unmatched_2,0.3842345,23.083372,5000,1.8375473022460935
10X_P7_6_CAAGTTGGTCCAAGTT,3-F-56,B cell,0,B cell,-1.7998778,1.462697,5001,0.4621404707431793
10X_P7_6_CAAGTTGGTCTCCATC,3-F-56,B cell,6,natural killer cell,0.7282246,2.9821632,5002,0.9573116302490234
10X_P7_6_CAAGTTGGTTCTGGTA,3-F-56,B cell,0,B cell,-2.2559812,3.1963568,5003,1.037458419799805
10X_P7_6_CAAGTTGGTTGATTCG,3-F-56,B cell,0,B cell,-0.380819,-0.7597455,5004,0.6829636693000793
10X_P7_6_CAAGTTGTCAGTTTGG,3-F-56,B cell,0,B cell,-0.8043841,0.21323901,5005,0.6049411296844482
10X_P7_6_CAAGTTGTCGTGGGAA,3-F-56,B cell,1,Unmatched_1,-1.7086115,6.059807,5006,0.7572789788246155
10X_P7_6_CAAGTTGTCTGAGTGT,3-F-56,B cell,0,B cell,-0.5088802,1.4205779,5007,1.2993474006652832
10X_P7_6_CACAAACAGAAGATTC,3-F-56,B cell,0,B cell,-2.5642471,1.1495919,5008,0.6163885593414307
10X_P7_6_CACAAACAGGACCACA,3-F-56,B cell,1,Unmatched_1,-3.8721943,6.11773,5009,0.9774858951568604
10X_P7_6_CACAAACAGTAGCCGA,3-F-56,T cell,3,T cell,4.7881823,24.576698,5010,0.8795183897018433
10X_P7_6_CACAAACCAAACGCGA,3-F-56,B cell,0,B cell,-1.5719573,-0.15179633,5011,0.8127239346504211
10X_P7_6_CACAAACCAAACTGTC,3-F-56,B cell,0,B cell,-4.437942,3.1950371,5012,1.2601253986358645
10X_P7_6_CACAAACCACACCGCA,3-F-56,B cell,4,Unmatched_4,-4.259195,4.3452835,5013,0.7840679883956909
10X_P7_6_CACAAACCACTTGGAT,3-F-56,B cell,2,Unmatched_2,4.4788995,26.365173,5014,1.4319568872451782
10X_P7_6_CACAAACCAGGTGCCT,3-F-56,B cell,0,B cell,-1.9233229,-0.885857,5015,0.7264750599861145
10X_P7_6_CACAAACCATCTCCCA,3-F-56,B cell,0,B cell,-0.32968366,0.2419045,5016,0.7012740969657898
10X_P7_6_CACAAACCATGCATGT,3-F-56,B cell,0,B cell,-2.1262615,1.4320604,5017,0.5060245990753174
10X_P7_6_CACAAACGTCAGCTAT,3-F-56,T cell,2,Unmatched_2,1.8132726,25.714197,5018,0.6425915360450745
10X_P7_6_CACAAACTCCTAGAAC,3-F-56,B cell,1,Unmatched_1,-2.5743852,4.536959,5019,0.9823362827301024
10X_P7_6_CACAAACTCTCGGACG,3-F-56,B cell,0,B cell,-3.02062,2.6760988,5020,0.7686041593551636
10X_P7_6_CACAAACTCTGCCAGG,3-F-56,B cell,0,B cell,-0.9335592,-0.54086053,5021,0.4796902537345886
10X_P7_6_CACACAAAGAGTCTGG,3-F-56,T cell,2,Unmatched_2,2.2411234,25.682884,5022,0.9338806867599488
10X_P7_6_CACACAAAGCCGATTT,3-F-56,B cell,0,B cell,-1.2533593,3.6727045,5023,0.6164544224739075
10X_P7_6_CACACAAAGGGTTTCT,3-F-56,B cell,1,Unmatched_1,-1.2353237,5.4574084,5024,0.4427269697189331
10X_P7_6_CACACAAAGGTCATCT,3-F-56,B cell,0,B cell,-2.1128175,1.6855564,5025,0.6261510848999023
10X_P7_6_CACACAAAGTAACCCT,3-F-56,B cell,0,B cell,-1.3108617,3.5294158,5026,0.6133568286895752
10X_P7_6_CACACAAAGTACGTTC,3-F-56,B cell,0,B cell,-1.339854,1.0435745,5027,0.7247902750968933
10X_P7_6_CACACAAAGTAGCCGA,3-F-56,B cell,0,B cell,-2.4593048,1.2359785,5028,0.384976714849472
10X_P7_6_CACACAACAAGTCTGT,3-F-56,B cell,1,Unmatched_1,-1.3591455,5.4126854,5029,0.4372706711292267
10X_P7_6_CACACAACAATGAATG,3-F-56,B cell,1,Unmatched_1,-2.4036348,6.157626,5030,0.9406483769416808
10X_P7_6_CACACAACAGGGAGAG,3-F-56,B cell,0,B cell,0.14037079,0.034376703,5031,0.5399434566497803
10X_P7_6_CACACAACAGGTGCCT,3-F-56,B cell,7,Unmatched_7,-5.4731436,0.7750414,5032,0.9514976739883424
10X_P7_6_CACACAACATTATCTC,3-F-56,B cell,0,B cell,-3.290747,1.4789712,5033,0.6138128042221069
10X_P7_6_CACACAAGTCGCATAT,3-F-56,B cell,6,natural killer cell,0.65167123,2.830161,5034,0.6509860157966614
10X_P7_6_CACACAAGTGTCGCTG,3-F-56,B cell,1,Unmatched_1,-0.8753559,6.159729,5035,0.5793678760528564
10X_P7_6_CACACAAGTTCGTTGA,3-F-56,T cell,2,Unmatched_2,2.8752925,25.992344,5036,0.92514306306839
10X_P7_6_CACACAATCCACGTTC,3-F-56,B cell,4,Unmatched_4,-4.9865036,4.2478,5037,1.114590764045715
10X_P7_6_CACACAATCCGAGCCA,3-F-56,B cell,7,Unmatched_7,-5.1219897,1.4134184,5038,1.2896580696105957
10X_P7_6_CACACAATCGGCCGAT,3-F-56,B cell,0,B cell,-2.898569,1.8681732,5039,0.4167397916316986
10X_P7_6_CACACAATCTACCAGA,3-F-56,B cell,1,Unmatched_1,-3.189087,4.6682463,5040,0.8626884818077087
10X_P7_6_CACACAATCTACCTGC,3-F-56,B cell,2,Unmatched_2,0.40542808,23.130505,5041,1.9715617895126345
10X_P7_6_CACACCTAGAAGGTGA,3-F-56,B cell,4,Unmatched_4,-4.960108,4.4253683,5042,0.8943597078323364
10X_P7_6_CACACCTAGATGGCGT,3-F-56,B cell,0,B cell,-1.8599089,2.7119482,5043,0.8906726241111755
10X_P7_6_CACACCTAGCCATCGC,3-F-56,B cell,0,B cell,-2.7892258,3.8837755,5044,1.003226399421692
10X_P7_6_CACACCTAGCCCGAAA,3-F-56,B cell,0,B cell,-2.2423103,3.2099733,5045,1.441773772239685
10X_P7_6_CACACCTAGCGTAATA,3-F-56,T cell,3,T cell,2.943879,23.376244,5046,0.591788649559021
10X_P7_6_CACACCTAGGCCCTTG,3-F-56,T cell,3,T cell,2.4579768,23.296244,5047,0.6383262872695923
10X_P7_6_CACACCTAGTGATCGG,3-F-56,T cell,9,Unmatched_9,6.952868,23.729822,5048,1.724597454071045
10X_P7_6_CACACCTCAGCTCCGA,3-F-56,B cell,0,B cell,-0.46347904,-0.68710124,5049,0.5854529738426208
10X_P7_6_CACACCTGTCCAAGTT,3-F-56,B cell,4,Unmatched_4,-4.3321924,4.1296587,5050,0.9006566405296326
10X_P7_6_CACACCTGTCCGACGT,3-F-56,B cell,1,Unmatched_1,-3.2158856,4.3128033,5051,1.2623320817947388
10X_P7_6_CACACCTGTCGAGATG,3-F-56,T cell,2,Unmatched_2,4.7597265,26.56946,5052,1.3349084854125977
10X_P7_6_CACACCTGTGTAACGG,3-F-56,macrophage,5,macrophage,4.641845,13.968256,5053,1.8424961566925049
10X_P7_6_CACACCTGTTCCACTC,3-F-56,B cell,0,B cell,-0.48335618,-0.9724442,5054,0.6993799805641174
10X_P7_6_CACACCTTCATAGCAC,3-F-56,B cell,4,Unmatched_4,9.231043,14.05919,5055,1.566139578819275
10X_P7_6_CACACCTTCATGCTCC,3-F-56,B cell,0,B cell,-3.1022024,0.8959667,5056,0.4832841157913208
10X_P7_6_CACACCTTCCATGAGT,3-F-56,B cell,0,B cell,-0.29798514,0.4356107,5057,0.5581802725791931
10X_P7_6_CACACCTTCCTTGGTC,3-F-56,T cell,3,T cell,3.4361305,22.806267,5058,0.5456368327140808
10X_P7_6_CACACTCAGAAACCGC,3-F-56,B cell,0,B cell,-2.8944802,1.4252825,5059,0.4238335788249969
10X_P7_6_CACACTCAGATCCCGC,3-F-56,T cell,2,Unmatched_2,2.2611847,25.451525,5060,1.371396541595459
10X_P7_6_CACACTCAGATCCGAG,3-F-56,B cell,0,B cell,0.23577088,-0.078532554,5061,0.556135892868042
10X_P7_6_CACACTCAGGAATGGA,3-F-56,B cell,1,Unmatched_1,-1.2481917,5.3669715,5062,0.5402055382728577
10X_P7_6_CACACTCAGGCATGGT,3-F-56,B cell,14,Unmatched_14,8.206449,15.736109,5063,5.334986209869385
10X_P7_6_CACACTCAGGCATTGG,3-F-56,T cell,9,Unmatched_9,6.98926,23.701277,5064,1.8640543222427368
10X_P7_6_CACACTCAGTTTCCTT,3-F-56,T cell,2,Unmatched_2,4.373387,25.920303,5065,1.2205181121826172
10X_P7_6_CACACTCCAAACCTAC,3-F-56,B cell,0,B cell,-1.9879544,2.7025275,5066,0.7401334643363953
10X_P7_6_CACACTCCACGTCAGC,3-F-56,B cell,0,B cell,-0.83119226,-0.8529133,5067,0.8154619932174683
10X_P7_6_CACACTCCACTTACGA,3-F-56,T cell,3,T cell,13.082754,13.588357,5068,2.8559908866882324
10X_P7_6_CACACTCCAGTTAACC,3-F-56,T cell,3,T cell,3.5018463,22.84949,5069,0.616972029209137
10X_P7_6_CACACTCCATTTGCCC,3-F-56,B cell,0,B cell,-0.75082326,1.2260772,5070,0.6273850798606873
10X_P7_6_CACACTCGTAACGTTC,3-F-56,B cell,1,Unmatched_1,-1.1387788,5.712903,5071,0.4771113693714142
10X_P7_6_CACACTCTCATCACCC,3-F-56,T cell,2,Unmatched_2,4.4774923,26.015123,5072,1.8906749486923216
10X_P7_6_CACACTCTCGACAGCC,3-F-56,B cell,0,B cell,-2.0357656,0.3508451,5073,0.537538468837738
10X_P7_6_CACACTCTCGTGGTCG,3-F-56,B cell,0,B cell,-3.4836195,0.49422872,5074,0.7441293597221375
10X_P7_6_CACACTCTCTGGTGTA,3-F-56,natural killer cell,6,natural killer cell,6.778042,25.644348,5075,2.0412118434906006
10X_P7_6_CACACTCTCTTGAGGT,3-F-56,B cell,0,B cell,-0.74607396,2.7045813,5076,1.1411232948303225
10X_P7_6_CACAGGCAGAAGGTGA,3-F-56,B cell,4,Unmatched_4,9.206359,14.068978,5077,1.5399106740951538
10X_P7_6_CACAGGCAGAGCTTCT,3-F-56,T cell,2,Unmatched_2,2.029038,25.426588,5078,0.8152302503585815
10X_P7_6_CACAGGCAGATGCCAG,3-F-56,B cell,0,B cell,-3.4893842,-0.6019083,5079,0.7281210422515869
10X_P7_6_CACAGGCAGCGACGTA,3-F-56,B cell,1,Unmatched_1,-1.3506217,5.5043697,5080,0.4279367923736572
10X_P7_6_CACAGGCAGGACACCA,3-F-56,B cell,4,Unmatched_4,-4.0676885,4.152475,5081,0.8792849779129028
10X_P7_6_CACAGGCAGTTACCCA,3-F-56,B cell,0,B cell,-2.7809272,2.7279694,5082,0.8210294246673584
10X_P7_6_CACAGGCCACAACTGT,3-F-56,T cell,9,Unmatched_9,7.0125623,23.67471,5083,1.3192380666732788
10X_P7_6_CACAGGCCACAGTCGC,3-F-56,B cell,0,B cell,-3.7747102,5.753166,5084,1.0264123678207395
10X_P7_6_CACAGGCCACCTGGTG,3-F-56,B cell,1,Unmatched_1,-1.5735128,5.0480723,5085,0.4059789180755615
10X_P7_6_CACAGGCCACTGCCAG,3-F-56,macrophage,8,Unmatched_8,10.035305,12.344966,5086,2.1657159328460693
10X_P7_6_CACAGGCCATCCGTGG,3-F-56,B cell,0,B cell,-2.2328382,0.36660957,5087,0.6093365550041199
10X_P7_6_CACAGGCGTCGATTGT,3-F-56,B cell,0,B cell,-5.0491056,0.6080502,5088,1.9879142045974727
10X_P7_6_CACAGGCGTCTGATTG,3-F-56,B cell,0,B cell,-1.7682705,2.2625039,5089,0.4071934223175049
10X_P7_6_CACAGGCGTGCGATAG,3-F-56,B cell,0,B cell,-1.9601413,0.6262002,5090,0.5140279531478882
10X_P7_6_CACAGGCGTTACTGAC,3-F-56,T cell,3,T cell,4.607566,24.430914,5091,0.7843602299690247
10X_P7_6_CACAGTAAGACCTAGG,3-F-56,B cell,1,Unmatched_1,-1.8990874,6.1797643,5092,0.4934560060501098
10X_P7_6_CACAGTAAGAGTCGGT,3-F-56,B cell,0,B cell,0.32271376,0.18598868,5093,0.4440310597419739
10X_P7_6_CACAGTAAGATCCCGC,3-F-56,T cell,2,Unmatched_2,2.264748,26.309853,5094,0.6339957118034363
10X_P7_6_CACAGTAAGATGCGAC,3-F-56,B cell,1,Unmatched_1,-1.1984441,6.1303043,5095,0.6861452460289001
10X_P7_6_CACAGTAAGCAGATCG,3-F-56,B cell,1,Unmatched_1,-1.0946823,6.263698,5096,0.5197975635528564
10X_P7_6_CACAGTAAGTGTCTCA,3-F-56,B cell,0,B cell,-3.9707408,1.522578,5097,0.6973760724067688
10X_P7_6_CACAGTACAATGAAAC,3-F-56,B cell,0,B cell,-1.1130397,0.3096778,5098,0.5375305414199829
10X_P7_6_CACAGTACACCGTTGG,3-F-56,B cell,0,B cell,-1.5607777,3.092772,5099,1.020259141921997
10X_P7_6_CACAGTACACGGCGTT,3-F-56,B cell,1,Unmatched_1,-4.962392,3.1888072,5100,0.9171071648597716
10X_P7_6_CACAGTACACTTAAGC,3-F-56,B cell,0,B cell,-0.71601385,-0.54732466,5101,0.4763310849666595
10X_P7_6_CACAGTACATCATCCC,3-F-56,B cell,4,Unmatched_4,-4.9473267,2.5233364,5102,1.5312405824661257
10X_P7_6_CACAGTACATTGAGCT,3-F-56,B cell,0,B cell,-4.755282,3.2156472,5103,1.4954849481582642
10X_P7_6_CACAGTAGTAAGTGTA,3-F-56,B cell,0,B cell,-1.7250967,0.62566996,5104,0.5514910817146301
10X_P7_6_CACAGTAGTATATGAG,3-F-56,T cell,2,Unmatched_2,2.7059011,26.061373,5105,0.5048198699951172
10X_P7_6_CACAGTAGTCTGGTCG,3-F-56,B cell,0,B cell,-0.14165208,-0.83479214,5106,0.7416085004806519
10X_P7_6_CACAGTAGTGCCTTGG,3-F-56,B cell,0,B cell,-1.5247192,2.1523874,5107,0.8264221549034119
10X_P7_6_CACAGTAGTGTGGCTC,3-F-56,B cell,0,B cell,-1.1684235,1.6144577,5108,0.7883017659187317
10X_P7_6_CACAGTATCCGTTGCT,3-F-56,T cell,2,Unmatched_2,1.9331932,25.569878,5109,0.6446952223777771
10X_P7_6_CACAGTATCGGAATCT,3-F-56,B cell,0,B cell,-2.2763495,1.9903574,5110,0.9222385287284852
10X_P7_6_CACAGTATCGGGAGTA,3-F-56,T cell,2,Unmatched_2,2.5280807,25.653858,5111,0.6935911178588867
10X_P7_6_CACAGTATCTGCTGCT,3-F-56,B cell,1,Unmatched_1,-0.9522947,6.1552315,5112,0.5130537748336792
10X_P7_6_CACATAGAGAAACCAT,3-F-56,B cell,4,Unmatched_4,-4.4198313,4.304778,5113,0.7886031866073608
10X_P7_6_CACATAGAGACAGACC,3-F-56,B cell,0,B cell,-1.3106186,2.1341653,5114,0.6344730257987976
10X_P7_6_CACATAGAGTGTTTGC,3-F-56,B cell,0,B cell,-1.2768539,-1.1865416,5115,0.6053598523139954
10X_P7_6_CACATAGAGTTACCCA,3-F-56,T cell,9,Unmatched_9,7.0851073,23.60366,5116,1.439947247505188
10X_P7_6_CACATAGGTCGAGTTT,3-F-56,B cell,1,Unmatched_1,-1.7989485,4.460243,5117,0.5151222348213196
10X_P7_6_CACATAGGTTTGTTGG,3-F-56,B cell,0,B cell,-3.3430817,-0.5465169,5118,0.7082954049110413
10X_P7_6_CACATAGTCAGCATGT,3-F-56,B cell,0,B cell,-1.7472773,1.7057637,5119,0.6464357376098633
10X_P7_6_CACATAGTCAGTCAGT,3-F-56,B cell,0,B cell,-0.8380425,0.43557736,5120,0.7141087651252747
10X_P7_6_CACATAGTCCGCATAA,3-F-56,B cell,0,B cell,-2.2321482,0.114225835,5121,0.498597115278244
10X_P7_6_CACATAGTCCTTGCCA,3-F-56,T cell,2,Unmatched_2,2.1800163,25.542395,5122,0.5791664719581604
10X_P7_6_CACATAGTCTCAAACG,3-F-56,B cell,0,B cell,-0.79819083,3.076006,5123,1.0268347263336182
10X_P7_6_CACATTTAGCTAGTCT,3-F-56,B cell,4,Unmatched_4,-4.2468476,4.3072133,5124,0.9082424640655518
10X_P7_6_CACATTTAGCTGAACG,3-F-56,T cell,2,Unmatched_2,4.100762,26.456522,5125,1.0163344144821167
10X_P7_6_CACATTTAGGAGTCTG,3-F-56,B cell,4,Unmatched_4,-4.115959,4.0737453,5126,0.8328830003738403
10X_P7_6_CACATTTCAAACCTAC,3-F-56,T cell,3,T cell,2.3946793,23.204397,5127,0.6498295068740845
10X_P7_6_CACATTTCAATAACGA,3-F-56,T cell,2,Unmatched_2,3.052583,25.624344,5128,0.7596747875213623
10X_P7_6_CACATTTCAATTCCTT,3-F-56,B cell,2,Unmatched_2,0.7239409,22.80483,5129,1.3030695915222168
10X_P7_6_CACATTTCACAGCCCA,3-F-56,macrophage,5,macrophage,11.104283,14.43068,5130,1.4369308948516846
10X_P7_6_CACATTTCACAGGCCT,3-F-56,T cell,3,T cell,3.6196969,23.933651,5131,1.1704806089401243
10X_P7_6_CACATTTCACATCTTT,3-F-56,T cell,2,Unmatched_2,4.8692336,26.689713,5132,1.6145154237747192
10X_P7_6_CACATTTCACCGAATT,3-F-56,B cell,7,Unmatched_7,-5.408349,1.2566402,5133,1.3022390604019165
10X_P7_6_CACATTTCAGACGCAA,3-F-56,T cell,3,T cell,2.7481592,23.259048,5134,0.6209210157394409
10X_P7_6_CACATTTCATTATCTC,3-F-56,macrophage,8,Unmatched_8,10.579941,11.890637,5135,3.646089553833008
10X_P7_6_CACATTTGTATGAATG,3-F-56,B cell,0,B cell,-3.1194632,-0.6328681,5136,0.6160827875137329
10X_P7_6_CACATTTGTTGAGGTG,3-F-56,B cell,4,Unmatched_4,-3.2494402,3.6895478,5137,0.8040608167648315
10X_P7_6_CACATTTTCCGATATG,3-F-56,B cell,0,B cell,-3.561192,-0.4513428,5138,0.6989714503288269
10X_P7_6_CACCACTCAACACCTA,3-F-56,T cell,2,Unmatched_2,2.7926605,25.829329,5139,0.704969048500061
10X_P7_6_CACCACTCACGGCTAC,3-F-56,B cell,0,B cell,-3.0029745,0.7525968,5140,0.6034728288650513
10X_P7_6_CACCACTCAGCTTCGG,3-F-56,B cell,7,Unmatched_7,-5.363518,1.2015085,5141,1.0407061576843262
10X_P7_6_CACCACTCATCACGAT,3-F-56,B cell,0,B cell,-1.2458166,3.6061687,5142,1.2361750602722168
10X_P7_6_CACCACTCATGTTGAC,3-F-56,B cell,0,B cell,-0.77608275,1.5969458,5143,0.8258755803108215
10X_P7_6_CACCACTGTAAGCACG,3-F-56,B cell,0,B cell,-2.846424,2.787166,5144,1.169469952583313
10X_P7_6_CACCACTGTACCAGTT,3-F-56,B cell,0,B cell,-3.577846,0.90499806,5145,0.4829416573047638
10X_P7_6_CACCACTGTCGAGTTT,3-F-56,T cell,3,T cell,3.5078025,22.73127,5146,0.5805488228797913
10X_P7_6_CACCACTGTTTAGGAA,3-F-56,B cell,0,B cell,-2.3687,4.2419477,5147,1.127860426902771
10X_P7_6_CACCACTTCATAAAGG,3-F-56,B cell,0,B cell,-1.8889828,0.45836964,5148,0.4802134335041046
10X_P7_6_CACCACTTCTCAACTT,3-F-56,macrophage,5,macrophage,13.464077,15.436395,5149,1.6695163249969482
10X_P7_6_CACCACTTCTTGACGA,3-F-56,B cell,0,B cell,-0.10900104,0.5826976,5150,0.4713245034217834
10X_P7_6_CACCAGGAGAGTACCG,3-F-56,T cell,3,T cell,3.481877,23.302181,5151,0.5792839527130127
10X_P7_6_CACCAGGAGCTGCGAA,3-F-56,B cell,1,Unmatched_1,-1.1387252,6.196712,5152,0.6008779406547546
10X_P7_6_CACCAGGAGGCCATAG,3-F-56,T cell,2,Unmatched_2,3.6618543,25.867062,5153,0.8134022355079651
10X_P7_6_CACCAGGAGTTGTCGT,3-F-56,T cell,2,Unmatched_2,2.7044904,25.49879,5154,1.5068387985229492
10X_P7_6_CACCAGGCAACAACCT,3-F-56,B cell,4,Unmatched_4,-4.155598,3.624573,5155,0.8700869083404541
10X_P7_6_CACCAGGCAATGAATG,3-F-56,T cell,2,Unmatched_2,2.4930456,26.44114,5156,1.0058791637420654
10X_P7_6_CACCAGGGTCCATCCT,3-F-56,T cell,2,Unmatched_2,2.5778894,25.771084,5157,0.7946828603744507
10X_P7_6_CACCAGGGTTTGACTG,3-F-56,B cell,1,Unmatched_1,-1.0467547,6.296925,5158,0.4762954711914062
10X_P7_6_CACCAGGTCAAGATCC,3-F-56,B cell,1,Unmatched_1,-2.8430855,6.1028605,5159,0.5070009827613831
10X_P7_6_CACCAGGTCAATCACG,3-F-56,B cell,0,B cell,-2.373218,0.49044067,5160,0.5724973082542419
10X_P7_6_CACCAGGTCCGCGGTA,3-F-56,B cell,0,B cell,-3.0266874,2.8839307,5161,0.911956250667572
10X_P7_6_CACCAGGTCTCGATGA,3-F-56,B cell,0,B cell,-2.2056086,3.1991286,5162,1.0928021669387815
10X_P7_6_CACCTTGAGACTCGGA,3-F-56,B cell,0,B cell,-3.4629512,0.8109349,5163,0.5894086956977844
10X_P7_6_CACCTTGAGTCCGTAT,3-F-56,B cell,0,B cell,-3.2934244,2.698151,5164,0.607162594795227
10X_P7_6_CACCTTGCAACTGCTA,3-F-56,B cell,2,Unmatched_2,0.3176595,23.159515,5165,0.9888612627983092
10X_P7_6_CACCTTGCACCTCGTT,3-F-56,B cell,1,Unmatched_1,-0.79611903,6.075459,5166,0.4753672480583191
10X_P7_6_CACCTTGCACTGTCGG,3-F-56,B cell,0,B cell,-3.7046976,-0.28942913,5167,0.4517299830913543
10X_P7_6_CACCTTGCATGTCCTC,3-F-56,B cell,1,Unmatched_1,-3.674421,3.3392036,5168,1.1265066862106323
10X_P7_6_CACCTTGGTACTTAGC,3-F-56,B cell,0,B cell,-0.7975962,-0.9330751,5169,0.5195913314819336
10X_P7_6_CACCTTGGTTCGAATC,3-F-56,B cell,0,B cell,-3.1715245,-0.70390517,5170,0.9814839959144592
10X_P7_6_CACCTTGGTTGATTCG,3-F-56,B cell,4,Unmatched_4,-2.36938,8.47259,5171,1.1443634033203125
10X_P7_6_CACCTTGTCAGTCCCT,3-F-56,B cell,0,B cell,-2.4107609,0.6142838,5172,0.5181608200073242
10X_P7_6_CACCTTGTCGGTCCGA,3-F-56,B cell,0,B cell,-2.5797005,-0.1910304,5173,0.7232598066329956
10X_P7_6_CACTCCAAGACTTGAA,3-F-56,B cell,0,B cell,-2.0094163,-0.18216367,5174,0.8499453067779541
10X_P7_6_CACTCCAAGAGACTTA,3-F-56,B cell,7,Unmatched_7,-5.5910263,1.001953,5175,1.208000659942627
10X_P7_6_CACTCCAAGTACGATA,3-F-56,B cell,0,B cell,-2.1271436,2.2029696,5176,0.8709304332733154
10X_P7_6_CACTCCAAGTGTTAGA,3-F-56,B cell,0,B cell,-2.4009712,3.685043,5177,0.829940915107727
10X_P7_6_CACTCCACAACGATCT,3-F-56,B cell,0,B cell,-1.2207289,-1.3524486,5178,0.8383204340934753
10X_P7_6_CACTCCACAATGGATA,3-F-56,B cell,0,B cell,-1.3066264,0.2723081,5179,0.6955747604370117
10X_P7_6_CACTCCACACAACGTT,3-F-56,B cell,0,B cell,-1.9561067,1.4399129,5180,0.9500999450683594
10X_P7_6_CACTCCACATAGACTC,3-F-56,B cell,0,B cell,-1.5171529,2.3577344,5181,1.3504116535186768
10X_P7_6_CACTCCAGTAGCGTGA,3-F-56,B cell,1,Unmatched_1,-3.440707,6.312071,5182,0.4926334619522095
10X_P7_6_CACTCCAGTGCTGTAT,3-F-56,B cell,4,Unmatched_4,-3.8999622,4.0641155,5183,0.7526228427886963
10X_P7_6_CAGAATCAGATCCCGC,3-F-56,B cell,0,B cell,-3.8600922,-0.501081,5184,1.34985089302063
10X_P7_6_CAGAATCAGTCGAGTG,3-F-56,B cell,1,Unmatched_1,-3.874725,6.0339885,5185,0.5807626843452454
10X_P7_6_CAGAATCCAAAGAATC,3-F-56,B cell,0,B cell,-1.7664943,-0.36334243,5186,0.848864734172821
10X_P7_6_CAGAATCCAAGCGTAG,3-F-56,B cell,0,B cell,-2.2771075,3.1566765,5187,1.036639928817749
10X_P7_6_CAGAATCCAAGGTGTG,3-F-56,T cell,2,Unmatched_2,4.7373223,26.323391,5188,1.4364851713180542
10X_P7_6_CAGAATCCACCTCGTT,3-F-56,B cell,4,Unmatched_4,-2.4502892,8.803059,5189,0.6487857103347778
10X_P7_6_CAGAATCCACTAGTAC,3-F-56,B cell,0,B cell,-1.7786769,3.0381885,5190,0.742358386516571
10X_P7_6_CAGAATCCAGCCTATA,3-F-56,T cell,3,T cell,2.854715,23.338434,5191,0.5774157643318176
10X_P7_6_CAGAATCCATTGCGGC,3-F-56,B cell,0,B cell,-1.96295,1.209411,5192,0.4551692903041839
10X_P7_6_CAGAATCGTATAATGG,3-F-56,T cell,3,T cell,2.6199365,23.25022,5193,1.10931134223938
10X_P7_6_CAGAATCGTGGTTTCA,3-F-56,B cell,1,Unmatched_1,-1.3306034,6.4112115,5194,0.4056468307971954
10X_P7_6_CAGAATCGTTCCCGAG,3-F-56,B cell,4,Unmatched_4,-4.8743567,3.1178615,5195,1.5135244131088257
10X_P7_6_CAGAATCTCGAGCCCA,3-F-56,B cell,0,B cell,-1.4034858,2.010787,5196,0.6648191213607788
10X_P7_6_CAGAGAGAGACAGACC,3-F-56,natural killer cell,6,natural killer cell,6.400128,25.412603,5197,2.4595892429351807
10X_P7_6_CAGAGAGAGAGGTTAT,3-F-56,B cell,0,B cell,-0.85427105,-0.028367175,5198,0.628118634223938
10X_P7_6_CAGAGAGAGTACATGA,3-F-56,T cell,2,Unmatched_2,1.8818731,25.614134,5199,0.8550183773040771
10X_P7_6_CAGAGAGCACGGCTAC,3-F-56,B cell,0,B cell,-2.2129498,-0.87048906,5200,0.8674474358558655
10X_P7_6_CAGAGAGCATCATCCC,3-F-56,B cell,0,B cell,-0.20314145,0.9323733,5201,0.4727316796779632
10X_P7_6_CAGAGAGCATCCGGGT,3-F-56,T cell,3,T cell,3.4295971,23.713732,5202,0.5581808686256409
10X_P7_6_CAGAGAGGTAGCGTGA,3-F-56,B cell,0,B cell,-1.1916583,-0.23245563,5203,0.7634163498878479
10X_P7_6_CAGAGAGGTCTCATCC,3-F-56,macrophage,5,macrophage,11.870827,14.632039,5204,2.2474868297576904
10X_P7_6_CAGAGAGGTGGAAAGA,3-F-56,B cell,0,B cell,-1.5674595,1.0151899,5205,0.7298363447189331
10X_P7_6_CAGAGAGTCAGTTTGG,3-F-56,B cell,4,Unmatched_4,-4.2055817,4.257124,5206,0.8313481211662292
10X_P7_6_CAGAGAGTCGGAAACG,3-F-56,B cell,0,B cell,-2.529668,0.021021025,5207,0.3888459801673889
10X_P7_6_CAGAGAGTCGGATGGA,3-F-56,T cell,3,T cell,2.9314342,23.59136,5208,0.9252118468284608
10X_P7_6_CAGAGAGTCGTTACGA,3-F-56,B cell,4,Unmatched_4,-4.9517865,3.214643,5209,0.8832625150680542
10X_P7_6_CAGAGAGTCTTAGAGC,3-F-56,B cell,0,B cell,-1.3035507,3.2882137,5210,0.8937166929244995
10X_P7_6_CAGATCAAGATCTGAA,3-F-56,B cell,0,B cell,-1.1747419,1.8306549,5211,0.7405805587768555
10X_P7_6_CAGATCAAGCCGTCGT,3-F-56,T cell,2,Unmatched_2,4.6695857,26.380991,5212,1.205883264541626
10X_P7_6_CAGATCAAGGCGTACA,3-F-56,natural killer cell,6,natural killer cell,7.2179894,25.938501,5213,1.8263859748840328
10X_P7_6_CAGATCACACATAACC,3-F-56,B cell,0,B cell,-0.72103447,2.201048,5214,0.6507583260536194
10X_P7_6_CAGATCACACGCGAAA,3-F-56,B cell,0,B cell,-2.198253,0.5776579,5215,0.4596151113510132
10X_P7_6_CAGATCAGTTCGGGCT,3-F-56,B cell,0,B cell,-2.7667341,-1.153457,5216,1.3291836977005005
10X_P7_6_CAGATCAGTTCTGAAC,3-F-56,B cell,0,B cell,-4.619271,0.39444596,5217,0.6333142518997192
10X_P7_6_CAGATCATCGACCAGC,3-F-56,macrophage,5,macrophage,12.5165615,14.761127,5218,1.8349946737289429
10X_P7_6_CAGATCATCTGCCAGG,3-F-56,B cell,0,B cell,-0.5386596,-1.1837598,5219,0.9527950286865234
10X_P7_6_CAGCAGCAGAGACTTA,3-F-56,B cell,4,Unmatched_4,-3.56688,3.5379632,5220,0.9597337245941162
10X_P7_6_CAGCAGCAGATGTGTA,3-F-56,B cell,0,B cell,-0.5073747,-0.31958374,5221,0.6167831420898438
10X_P7_6_CAGCAGCAGGCAAAGA,3-F-56,T cell,3,T cell,3.2904954,23.567186,5222,0.585279107093811
10X_P7_6_CAGCAGCAGGCTCATT,3-F-56,B cell,0,B cell,-2.217617,0.9389969,5223,0.4321723580360412
10X_P7_6_CAGCAGCAGTACCGGA,3-F-56,B cell,0,B cell,-1.2093632,-0.54426736,5224,0.6427085399627686
10X_P7_6_CAGCAGCCAATACGCT,3-F-56,B cell,0,B cell,-0.8896662,-0.626937,5225,0.4857821762561798
10X_P7_6_CAGCAGCCACACGCTG,3-F-56,macrophage,5,macrophage,12.560497,14.809372,5226,1.741400122642517
10X_P7_6_CAGCAGCCACCAACCG,3-F-56,B cell,0,B cell,-0.18282947,-0.8901524,5227,0.5670625567436218
10X_P7_6_CAGCAGCCAGGGATTG,3-F-56,B cell,1,Unmatched_1,-1.3703045,6.5114717,5228,0.7129116058349609
10X_P7_6_CAGCAGCCATCCAACA,3-F-56,T cell,9,Unmatched_9,7.1595883,23.529097,5229,1.9669793844223025
10X_P7_6_CAGCAGCGTACGAAAT,3-F-56,B cell,0,B cell,-0.24722919,0.87738067,5230,0.6239734292030334
10X_P7_6_CAGCAGCGTTGCGTTA,3-F-56,B cell,1,Unmatched_1,-1.5224342,4.5345125,5231,0.5899047255516052
10X_P7_6_CAGCAGCTCCCAAGAT,3-F-56,macrophage,5,macrophage,13.404941,15.382254,5232,1.9374504089355469
10X_P7_6_CAGCAGCTCCCTCAGT,3-F-56,B cell,0,B cell,-2.6826248,2.3615155,5233,0.8352351784706116
10X_P7_6_CAGCAGCTCGGCCGAT,3-F-56,B cell,0,B cell,-2.8057148,-0.7492329,5234,0.6815435290336609
10X_P7_6_CAGCAGCTCTTGTATC,3-F-56,B cell,0,B cell,-3.2794783,0.31898418,5235,0.5185627341270447
10X_P7_6_CAGCATAAGATATACG,3-F-56,B cell,0,B cell,-1.6355873,0.68045634,5236,1.667895793914795
10X_P7_6_CAGCATAAGCCCAATT,3-F-56,B cell,0,B cell,-0.3500009,0.70213807,5237,0.5402707457542419
10X_P7_6_CAGCATAAGGGAACGG,3-F-56,B cell,0,B cell,-0.5076468,-0.57989275,5238,0.7403115034103394
10X_P7_6_CAGCATAAGTCGAGTG,3-F-56,B cell,0,B cell,-1.8866074,3.2621706,5239,0.6515035033226013
10X_P7_6_CAGCATACACGGTGTC,3-F-56,dendritic cell,10,dendritic cell,15.952306,-0.11952181,5240,3.915541887283325
10X_P7_6_CAGCATACAGGGCATA,3-F-56,B cell,0,B cell,-0.9870201,-0.49194923,5241,0.708751916885376
10X_P7_6_CAGCATAGTATGAAAC,3-F-56,B cell,2,Unmatched_2,0.7106161,22.836935,5242,1.385697841644287
10X_P7_6_CAGCATAGTCGCGAAA,3-F-56,T cell,2,Unmatched_2,2.3489523,26.26337,5243,1.0012027025222778
10X_P7_6_CAGCATATCGGCGGTT,3-F-56,T cell,3,T cell,5.0001965,24.615047,5244,1.2098015546798706
10X_P7_6_CAGCATATCTGCGGCA,3-F-56,B cell,1,Unmatched_1,-2.6766894,4.4407234,5245,0.7025672197341919
10X_P7_6_CAGCCGAAGAGTACAT,3-F-56,B cell,0,B cell,-2.265807,-0.18719593,5246,0.8096550703048706
10X_P7_6_CAGCCGACACACCGAC,3-F-56,B cell,0,B cell,-1.5061631,2.0487678,5247,0.8878816366195679
10X_P7_6_CAGCCGACATACAGCT,3-F-56,T cell,3,T cell,3.3199558,22.809647,5248,0.5293691158294678
10X_P7_6_CAGCCGACATTGCGGC,3-F-56,natural killer cell,6,natural killer cell,7.1121593,26.4868,5249,1.5684356689453125
10X_P7_6_CAGCCGAGTAAATGAC,3-F-56,B cell,1,Unmatched_1,-1.1797717,6.367884,5250,0.6094653606414795
10X_P7_6_CAGCCGAGTGCGATAG,3-F-56,B cell,1,Unmatched_1,-2.8483405,6.2772503,5251,0.5547860860824585
10X_P7_6_CAGCCGATCAAACCAC,3-F-56,B cell,0,B cell,-0.52151114,-0.082371816,5252,0.5079087615013123
10X_P7_6_CAGCCGATCCGTCATC,3-F-56,B cell,1,Unmatched_1,-1.8133522,5.2334714,5253,0.5028088092803955
10X_P7_6_CAGCCGATCGCCTGAG,3-F-56,B cell,0,B cell,0.28571513,0.0358816,5254,0.57835453748703
10X_P7_6_CAGCCGATCGGCCGAT,3-F-56,B cell,0,B cell,-1.895044,1.3128042,5255,1.165879249572754
10X_P7_6_CAGCGACAGACACTAA,3-F-56,B cell,4,Unmatched_4,-5.0339146,3.1947224,5256,1.231351375579834
10X_P7_6_CAGCGACCACCACCAG,3-F-56,B cell,1,Unmatched_1,-1.8732535,4.4351325,5257,0.932389199733734
10X_P7_6_CAGCGACCATGGTCAT,3-F-56,B cell,1,Unmatched_1,-2.6309407,4.4509816,5258,0.6333016753196716
10X_P7_6_CAGCGACGTAGCGATG,3-F-56,B cell,0,B cell,-0.0024196687,0.30059102,5259,0.4550895988941192
10X_P7_6_CAGCGACGTCAGATAA,3-F-56,B cell,1,Unmatched_1,-0.92011595,6.176973,5260,0.7663295269012451
10X_P7_6_CAGCGACGTCGGATCC,3-F-56,B cell,0,B cell,-1.081905,3.084036,5261,1.1542553901672363
10X_P7_6_CAGCGACGTGTGGTTT,3-F-56,B cell,0,B cell,-1.2278411,0.82464117,5262,0.6998907923698425
10X_P7_6_CAGCGACTCAGCCTAA,3-F-56,B cell,0,B cell,-0.28454304,1.0987556,5263,0.7265258431434631
10X_P7_6_CAGCGACTCAGTCAGT,3-F-56,T cell,2,Unmatched_2,2.7608507,26.030342,5264,0.6934195160865784
10X_P7_6_CAGCGACTCCTTTCGG,3-F-56,B cell,0,B cell,-5.0188036,4.133288,5265,0.6790936589241028
10X_P7_6_CAGCTAAAGGGAACGG,3-F-56,B cell,0,B cell,-2.871267,2.021872,5266,0.5029683709144592
10X_P7_6_CAGCTAACAATGAAAC,3-F-56,B cell,0,B cell,-0.48068452,0.8507434,5267,0.4692288935184479
10X_P7_6_CAGCTAACAGCTGTAT,3-F-56,B cell,1,Unmatched_1,-3.4115036,6.311879,5268,0.8561010360717773
10X_P7_6_CAGCTAACATTACCTT,3-F-56,B cell,0,B cell,-1.4811958,1.8723375,5269,0.5777333378791809
10X_P7_6_CAGCTAAGTAAATGAC,3-F-56,T cell,2,Unmatched_2,2.5147793,25.554634,5270,0.7745410799980164
10X_P7_6_CAGCTAAGTATCGCAT,3-F-56,T cell,2,Unmatched_2,3.8595994,26.344557,5271,0.9252610802650452
10X_P7_6_CAGCTAAGTCAGCTAT,3-F-56,macrophage,5,macrophage,4.50922,13.818508,5272,2.4753072261810303
10X_P7_6_CAGCTAAGTTTCCACC,3-F-56,T cell,2,Unmatched_2,2.8596756,25.566685,5273,0.5876590609550476
10X_P7_6_CAGCTAATCAGTTTGG,3-F-56,B cell,0,B cell,-0.48515052,0.67987,5274,0.5484363436698914
10X_P7_6_CAGCTGGAGACACGAC,3-F-56,T cell,3,T cell,5.2904572,24.906605,5275,1.5456340312957764
10X_P7_6_CAGCTGGAGACCACGA,3-F-56,T cell,3,T cell,3.5710132,23.51478,5276,0.5971815586090088
10X_P7_6_CAGCTGGAGCGATGAC,3-F-56,T cell,2,Unmatched_2,2.3339245,25.316685,5277,0.8599817752838135
10X_P7_6_CAGCTGGCAGCATGAG,3-F-56,B cell,0,B cell,-3.1586952,1.6187377,5278,0.4434188902378082
10X_P7_6_CAGCTGGCAGTGGAGT,3-F-56,T cell,2,Unmatched_2,4.683461,26.226828,5279,1.5674501657485962
10X_P7_6_CAGCTGGGTATTACCG,3-F-56,B cell,1,Unmatched_1,-1.907059,4.1109233,5280,0.6957926750183105
10X_P7_6_CAGCTGGTCATAAAGG,3-F-56,macrophage,5,macrophage,11.163686,14.460352,5281,1.6227011680603027
10X_P7_6_CAGCTGGTCCCGACTT,3-F-56,macrophage,8,Unmatched_8,9.969178,12.412086,5282,2.5218117237091064
10X_P7_6_CAGCTGGTCGACGGAA,3-F-56,B cell,6,natural killer cell,0.769831,2.9255595,5283,0.8665034174919128
10X_P7_6_CAGCTGGTCTCTTATG,3-F-56,B cell,0,B cell,-1.1218406,1.7735618,5284,1.1323899030685425
10X_P7_6_CAGGTGCAGAAACCGC,3-F-56,macrophage,5,macrophage,13.405532,15.383235,5285,2.1527485847473145
10X_P7_6_CAGGTGCAGGAATTAC,3-F-56,B cell,0,B cell,-3.1424055,1.0196708,5286,0.6975865960121155
10X_P7_6_CAGGTGCCAGCTGTTA,3-F-56,macrophage,5,macrophage,4.7412987,25.348972,5287,2.831207036972046
10X_P7_6_CAGGTGCCAGGGCATA,3-F-56,B cell,0,B cell,-2.0127876,-0.05871074,5288,0.7667927742004395
10X_P7_6_CAGGTGCCAGGTCGTC,3-F-56,dendritic cell,10,dendritic cell,15.938252,-0.10546465,5289,3.983441829681397
10X_P7_6_CAGGTGCGTCCGAAGA,3-F-56,B cell,0,B cell,-3.0280325,3.0209954,5290,1.283275485038757
10X_P7_6_CAGGTGCGTCTGGTCG,3-F-56,T cell,9,Unmatched_9,7.1194057,23.570621,5291,1.3189440965652466
10X_P7_6_CAGGTGCGTGCGAAAC,3-F-56,B cell,1,Unmatched_1,-1.5431389,6.3633513,5292,0.531025767326355
10X_P7_6_CAGGTGCGTGGTCCGT,3-F-56,T cell,3,T cell,2.779308,22.994045,5293,0.638877809047699
10X_P7_6_CAGGTGCGTTCCAACA,3-F-56,T cell,3,T cell,4.7398586,24.603874,5294,1.0398238897323608
10X_P7_6_CAGGTGCGTTCTGAAC,3-F-56,T cell,2,Unmatched_2,1.7817008,25.462757,5295,0.863021969795227
10X_P7_6_CAGGTGCGTTGTGGAG,3-F-56,B cell,0,B cell,-0.14456737,0.18902208,5296,0.3874745070934295
10X_P7_6_CAGGTGCTCCGCTGTT,3-F-56,B cell,0,B cell,-2.3070319,0.36013448,5297,0.4780612885951996
10X_P7_6_CAGTAACAGAGACTTA,3-F-56,B cell,0,B cell,-1.8439753,-0.7333472,5298,0.9244359731674194
10X_P7_6_CAGTAACAGAGTCGGT,3-F-56,natural killer cell,6,natural killer cell,7.2513895,26.0915,5299,2.085261821746826
10X_P7_6_CAGTAACAGGGTTCCC,3-F-56,B cell,0,B cell,-0.2035224,-0.75169784,5300,0.4201442897319793
10X_P7_6_CAGTAACCATCGATTG,3-F-56,macrophage,5,macrophage,11.104934,14.441405,5301,1.4426418542861938
10X_P7_6_CAGTAACCATTCCTGC,3-F-56,B cell,2,Unmatched_2,0.32415754,23.178022,5302,0.8171672821044922
10X_P7_6_CAGTAACGTAAGTAGT,3-F-56,T cell,3,T cell,3.7083614,23.144707,5303,0.7318673133850098
10X_P7_6_CAGTAACGTCCGTGAC,3-F-56,T cell,3,T cell,5.0206366,24.737806,5304,1.0307775735855105
10X_P7_6_CAGTAACTCACCATAG,3-F-56,natural killer cell,6,natural killer cell,7.3265004,26.288757,5305,1.3601104021072388
10X_P7_6_CAGTCCTCACACCGCA,3-F-56,B cell,0,B cell,-1.1859121,-0.35473177,5306,0.8841916918754578
10X_P7_6_CAGTCCTCATGAGCGA,3-F-56,B cell,0,B cell,-2.978013,2.9982839,5307,1.033217191696167
10X_P7_6_CAGTCCTCATGGGACA,3-F-56,T cell,2,Unmatched_2,2.7907696,26.013956,5308,0.6029738783836365
10X_P7_6_CAGTCCTGTAGGCTGA,3-F-56,B cell,0,B cell,-2.1143043,0.8832629,5309,0.6277266144752502
10X_P7_6_CAGTCCTGTTGAGTTC,3-F-56,B cell,0,B cell,-0.73185146,0.7724632,5310,0.5290547013282776
10X_P7_6_CAGTCCTTCGCTTGTC,3-F-56,B cell,0,B cell,-0.88408566,0.7978905,5311,1.5167436599731443
10X_P7_6_CATATGGAGATGTCGG,3-F-56,B cell,0,B cell,-2.371591,-0.95934117,5312,0.9626027941703796
10X_P7_6_CATATGGAGCCTATGT,3-F-56,natural killer cell,6,natural killer cell,6.854912,25.946135,5313,3.218928337097168
10X_P7_6_CATATGGAGGCATGGT,3-F-56,B cell,0,B cell,-0.32142195,-0.108154975,5314,0.5684478878974915
10X_P7_6_CATATGGAGGTAAACT,3-F-56,T cell,3,T cell,5.3800836,24.972794,5315,2.025550127029419
10X_P7_6_CATATGGCAGGATTGG,3-F-56,T cell,2,Unmatched_2,4.844171,26.663427,5316,1.578649640083313
10X_P7_6_CATATGGCATCCTTGC,3-F-56,macrophage,5,macrophage,11.263268,14.522583,5317,1.7655630111694336
10X_P7_6_CATATGGCATGCCTTC,3-F-56,T cell,3,T cell,2.7528894,23.08646,5318,0.5731380581855774
10X_P7_6_CATATGGCATGGAATA,3-F-56,B cell,0,B cell,-1.3583359,0.57344013,5319,1.0599490404129028
10X_P7_6_CATATGGCATGGTCAT,3-F-56,B cell,1,Unmatched_1,-2.4476979,5.955274,5320,0.6989157795906067
10X_P7_6_CATATGGCATTCTTAC,3-F-56,B cell,0,B cell,-3.7275577,-0.4582598,5321,1.3485628366470337
10X_P7_6_CATATGGGTCATCCCT,3-F-56,B cell,4,Unmatched_4,-5.052611,3.2514613,5322,0.9174396395683287
10X_P7_6_CATATGGGTCTAGGTT,3-F-56,B cell,0,B cell,-0.6941018,2.3041186,5323,0.9859315752983092
10X_P7_6_CATATGGGTGCCTGCA,3-F-56,macrophage,8,Unmatched_8,10.062714,12.31621,5324,2.0229148864746094
10X_P7_6_CATATGGTCACGACTA,3-F-56,B cell,1,Unmatched_1,-2.320929,6.1341615,5325,0.590551495552063
10X_P7_6_CATATGGTCAGCGACC,3-F-56,B cell,0,B cell,-3.0104938,1.5642282,5326,0.4276716113090515
10X_P7_6_CATATGGTCATCGGAT,3-F-56,B cell,1,Unmatched_1,-2.3382378,4.777278,5327,0.6368844509124756
10X_P7_6_CATATGGTCCTCATTA,3-F-56,T cell,2,Unmatched_2,2.7500193,25.585527,5328,0.7763074636459351
10X_P7_6_CATATTCAGATGTGGC,3-F-56,T cell,3,T cell,3.5472422,23.785688,5329,0.6802822351455688
10X_P7_6_CATATTCAGCCCAATT,3-F-56,B cell,0,B cell,-1.6797005,-0.40983957,5330,0.7570473551750183
10X_P7_6_CATATTCAGTCTTGCA,3-F-56,B cell,0,B cell,-4.0817432,-0.08047896,5331,1.0313551425933838
10X_P7_6_CATATTCCAAGCGTAG,3-F-56,B cell,4,Unmatched_4,9.093073,14.185988,5332,2.299056053161621
10X_P7_6_CATATTCCACACATGT,3-F-56,B cell,0,B cell,-1.7152344,0.6680311,5333,0.9922804236412048
10X_P7_6_CATATTCCAGCGTTCG,3-F-56,B cell,0,B cell,-3.0287912,2.7640147,5334,1.0199379920959473
10X_P7_6_CATATTCCAGCTGGCT,3-F-56,B cell,1,Unmatched_1,-2.4425159,4.9358087,5335,0.5776294469833374
10X_P7_6_CATATTCCAGGGTTAG,3-F-56,B cell,0,B cell,-1.755737,1.0367372,5336,0.6672300696372986
10X_P7_6_CATATTCCATCTCCCA,3-F-56,B cell,0,B cell,-3.2520645,0.094841026,5337,1.6452476978302002
10X_P7_6_CATATTCGTAGCGCAA,3-F-56,B cell,1,Unmatched_1,-2.0338864,5.588565,5338,0.4737608730792999
10X_P7_6_CATATTCGTGTGACGA,3-F-56,T cell,2,Unmatched_2,2.2447846,25.93944,5339,0.6418324112892151
10X_P7_6_CATATTCTCACTGGGC,3-F-56,B cell,0,B cell,-0.71069556,2.3471448,5340,0.7930202484130859
10X_P7_6_CATATTCTCCTTGACC,3-F-56,B cell,0,B cell,-4.8244195,1.124715,5341,1.1898382902145386
10X_P7_6_CATATTCTCTTGTCAT,3-F-56,B cell,0,B cell,-3.091506,-0.06591921,5342,0.8806225061416626
10X_P7_6_CATATTCTCTTGTTTG,3-F-56,T cell,3,T cell,4.7101345,24.36323,5343,0.7655736207962036
10X_P7_6_CATCAAGAGCCTTGAT,3-F-56,B cell,1,Unmatched_1,-2.331778,6.0975404,5344,0.674526572227478
10X_P7_6_CATCAAGCAAGCCATT,3-F-56,B cell,1,Unmatched_1,-1.3326664,4.458371,5345,0.8981474041938782
10X_P7_6_CATCAAGCAGTGGGAT,3-F-56,B cell,0,B cell,-0.27954364,0.06667838,5346,0.5148673057556152
10X_P7_6_CATCAAGCATGAAGTA,3-F-56,T cell,2,Unmatched_2,2.176508,25.672392,5347,0.577757716178894
10X_P7_6_CATCAAGCATGACGGA,3-F-56,B cell,1,Unmatched_1,-1.2067639,5.8773127,5348,0.4632315337657928
10X_P7_6_CATCAAGGTACTCAAC,3-F-56,macrophage,5,macrophage,11.39852,14.566652,5349,2.1224887371063232
10X_P7_6_CATCAAGGTCTTCTCG,3-F-56,B cell,1,Unmatched_1,-3.7192538,6.329585,5350,0.6142162084579468
10X_P7_6_CATCAAGTCTTACCGC,3-F-56,B cell,0,B cell,-0.42512724,-0.4331086,5351,0.7046593427658081
10X_P7_6_CATCAAGTCTTACCTA,3-F-56,B cell,1,Unmatched_1,-1.3884655,5.2693434,5352,0.5647115111351013
10X_P7_6_CATCAGAAGACATAAC,3-F-56,B cell,0,B cell,-1.8919895,3.3050773,5353,0.9035149812698364
10X_P7_6_CATCAGAAGGCTACGA,3-F-56,T cell,2,Unmatched_2,2.735046,26.326847,5354,0.6780200600624084
10X_P7_6_CATCAGAAGGGAGTAA,3-F-56,B cell,1,Unmatched_1,-1.0490803,5.521398,5355,0.6087251305580139
10X_P7_6_CATCAGAAGTGAAGAG,3-F-56,B cell,0,B cell,-3.2515702,0.72855395,5356,0.533591628074646
10X_P7_6_CATCAGACAAGTTCTG,3-F-56,B cell,0,B cell,-1.578821,2.0832057,5357,0.509808361530304
10X_P7_6_CATCAGACAGCGTAAG,3-F-56,B cell,0,B cell,-2.8099453,0.38572454,5358,0.4339589178562164
10X_P7_6_CATCAGAGTACGACCC,3-F-56,B cell,0,B cell,-2.8237178,-0.9033609,5359,1.0559895038604736
10X_P7_6_CATCAGAGTATAGGTA,3-F-56,macrophage,8,Unmatched_8,10.017653,12.357019,5360,3.136380195617676
10X_P7_6_CATCAGAGTCAATGTC,3-F-56,B cell,0,B cell,-1.2785987,3.1113894,5361,1.162111520767212
10X_P7_6_CATCAGAGTCCGAAGA,3-F-56,B cell,0,B cell,-1.0241836,-1.0390524,5362,0.8530165553092957
10X_P7_6_CATCAGAGTTGTACAC,3-F-56,T cell,3,T cell,2.5835922,23.219702,5363,0.6556808352470398
10X_P7_6_CATCAGATCACTTACT,3-F-56,natural killer cell,6,natural killer cell,6.8551283,26.156904,5364,3.218928337097168
10X_P7_6_CATCAGATCCTTTCGG,3-F-56,B cell,14,Unmatched_14,8.219759,15.722834,5365,5.334986209869385
10X_P7_6_CATCAGATCTCTAAGG,3-F-56,B cell,0,B cell,-1.6930261,0.17636755,5366,0.7115580439567566
10X_P7_6_CATCAGATCTTTAGGG,3-F-56,B cell,1,Unmatched_1,-2.928769,4.6193137,5367,1.1256335973739624
10X_P7_6_CATCCACAGTTAGGTA,3-F-56,B cell,0,B cell,-0.32284343,0.5106447,5368,0.441642701625824
10X_P7_6_CATCCACCAAGACGTG,3-F-56,B cell,0,B cell,-0.41834134,1.5973732,5369,0.4953469932079315
10X_P7_6_CATCCACCACTGTCGG,3-F-56,B cell,1,Unmatched_1,-2.735232,4.5692515,5370,0.6915156245231628
10X_P7_6_CATCCACCAGAAGCAC,3-F-56,natural killer cell,6,natural killer cell,7.3353934,26.283068,5371,2.0474414825439453
10X_P7_6_CATCCACCAGAGCCAA,3-F-56,B cell,3,T cell,4.927932,24.579805,5372,1.4962722063064575
10X_P7_6_CATCCACCAGTATAAG,3-F-56,B cell,4,Unmatched_4,-5.083169,4.034009,5373,1.2747315168380735
10X_P7_6_CATCCACCATAGAAAC,3-F-56,B cell,0,B cell,-0.88483095,-0.27166742,5374,0.4803007841110229
10X_P7_6_CATCCACGTAGGGACT,3-F-56,B cell,0,B cell,-2.7454,-0.32079834,5375,0.672743558883667
10X_P7_6_CATCCACGTCGGATCC,3-F-56,T cell,3,T cell,3.3518817,22.935162,5376,0.6790174841880798
10X_P7_6_CATCCACGTGGCAAAC,3-F-56,natural killer cell,6,natural killer cell,7.0311522,26.330193,5377,2.63901686668396
10X_P7_6_CATCCACGTGGCGAAT,3-F-56,B cell,0,B cell,-0.12669569,-0.7634386,5378,0.5024038553237915
10X_P7_6_CATCCACGTGTGACCC,3-F-56,B cell,0,B cell,-3.302644,-0.5690279,5379,0.8869816660881042
10X_P7_6_CATCCACGTGTTGAGG,3-F-56,B cell,0,B cell,-0.5437838,2.3947766,5380,0.8654096126556396
10X_P7_6_CATCCACGTTATTCTC,3-F-56,B cell,0,B cell,-1.4677066,-0.32242548,5381,0.6962355971336365
10X_P7_6_CATCCACTCCAATGGT,3-F-56,B cell,4,Unmatched_4,-2.5828164,8.88504,5382,1.024292230606079
10X_P7_6_CATCCACTCCATGAGT,3-F-56,B cell,0,B cell,-0.27804366,0.5935177,5383,0.5394096374511719
10X_P7_6_CATCCACTCCTCAACC,3-F-56,B cell,1,Unmatched_1,-1.7714381,6.2829065,5384,0.6297370791435242
10X_P7_6_CATCCACTCGTCCAGG,3-F-56,B cell,1,Unmatched_1,-2.4279704,4.3307776,5385,0.5738747119903564
10X_P7_6_CATCCACTCTCTAAGG,3-F-56,T cell,3,T cell,3.8182645,23.936272,5386,0.6775557994842529
10X_P7_6_CATCGAAAGTACGCCC,3-F-56,T cell,9,Unmatched_9,7.0410676,23.646984,5387,1.9253090620040891
10X_P7_6_CATCGAAAGTCTCCTC,3-F-56,T cell,2,Unmatched_2,2.304287,26.201672,5388,0.6452568173408508
10X_P7_6_CATCGAAAGTCTCGGC,3-F-56,T cell,3,T cell,3.1915245,22.89334,5389,0.5754239559173584
10X_P7_6_CATCGAACAACTGCGC,3-F-56,B cell,1,Unmatched_1,-1.0351175,5.6000094,5390,0.6483082175254822
10X_P7_6_CATCGAACAATCGAAA,3-F-56,T cell,3,T cell,3.875295,23.12545,5391,0.6977338790893555
10X_P7_6_CATCGAACATTAGGCT,3-F-56,T cell,3,T cell,3.2592914,23.415457,5392,0.6067739725112915
10X_P7_6_CATCGAAGTAATCGTC,3-F-56,B cell,1,Unmatched_1,-2.5971963,5.883971,5393,0.4470457136631012
10X_P7_6_CATCGAAGTAGCGTAG,3-F-56,B cell,0,B cell,-1.4227982,3.4175594,5394,0.9819696545600892
10X_P7_6_CATCGAAGTATTCGTG,3-F-56,B cell,1,Unmatched_1,-1.9853187,5.9594197,5395,0.5217135548591614
10X_P7_6_CATCGAAGTTCTGTTT,3-F-56,T cell,2,Unmatched_2,2.678966,25.596523,5396,0.5720527172088623
10X_P7_6_CATCGAATCACATGCA,3-F-56,B cell,4,Unmatched_4,-2.6625297,8.813627,5397,0.9811853766441344
10X_P7_6_CATCGAATCATAACCG,3-F-56,B cell,0,B cell,0.04421879,-0.30967277,5398,0.5335060358047485
10X_P7_6_CATCGAATCCATTCTA,3-F-56,B cell,1,Unmatched_1,-1.3807596,6.033197,5399,0.4763470888137817
10X_P7_6_CATCGAATCCTGCCAT,3-F-56,B cell,0,B cell,-2.9125457,-0.1373802,5400,0.5747005939483643
10X_P7_6_CATCGGGAGCTGAACG,3-F-56,B cell,0,B cell,-0.4648852,-0.41866815,5401,0.6336711049079895
10X_P7_6_CATCGGGAGTAGGCCA,3-F-56,T cell,3,T cell,3.4051194,23.67238,5402,0.5901802778244019
10X_P7_6_CATCGGGAGTGATCGG,3-F-56,macrophage,13,Unmatched_13,13.091103,13.580065,5403,2.8559908866882324
10X_P7_6_CATCGGGAGTGTTAGA,3-F-56,B cell,0,B cell,-0.92506105,3.4808686,5404,1.1284997463226318
10X_P7_6_CATCGGGCACAGACAG,3-F-56,dendritic cell,10,dendritic cell,15.893868,-0.060885895,5405,4.001561641693115
10X_P7_6_CATCGGGTCCGCTGTT,3-F-56,B cell,0,B cell,-1.520566,2.112939,5406,0.5515584349632263
10X_P7_6_CATCGGGTCGACGGAA,3-F-56,T cell,3,T cell,3.4108276,23.14028,5407,0.680948793888092
10X_P7_6_CATCGGGTCGTCTGCT,3-F-56,B cell,0,B cell,0.2864821,0.15177104,5408,0.5767531394958496
10X_P7_6_CATCGGGTCTTAGAGC,3-F-56,B cell,0,B cell,-3.3168483,2.8664129,5409,0.7804880738258362
10X_P7_6_CATCGGGTCTTGACGA,3-F-56,T cell,2,Unmatched_2,3.8974745,26.37424,5410,0.8501642942428589
10X_P7_6_CATGACAAGAAACGAG,3-F-56,B cell,12,Unmatched_12,9.178085,9.669443,5411,4.844853401184082
10X_P7_6_CATGACACAAAGCAAT,3-F-56,T cell,2,Unmatched_2,4.177317,26.582869,5412,0.9750423431396484
10X_P7_6_CATGACACATCGGACC,3-F-56,B cell,0,B cell,-0.4052525,-0.2790103,5413,0.5819026827812195
10X_P7_6_CATGACAGTACTTAGC,3-F-56,T cell,3,T cell,3.4170237,23.802174,5414,0.8031618595123291
10X_P7_6_CATGACAGTATCAGTC,3-F-56,B cell,0,B cell,-1.9874055,2.5107126,5415,1.2408641576766968
10X_P7_6_CATGACAGTCATATCG,3-F-56,T cell,2,Unmatched_2,2.1304405,26.00503,5416,0.5466627478599548
10X_P7_6_CATGACAGTCGGGTCT,3-F-56,B cell,4,Unmatched_4,8.858219,14.290678,5417,1.6499016284942627
10X_P7_6_CATGACAGTCTAGCGC,3-F-56,B cell,0,B cell,-0.77198863,0.17122121,5418,0.5723075270652771
10X_P7_6_CATGACAGTGTATGGG,3-F-56,T cell,2,Unmatched_2,2.883924,26.025255,5419,0.7202796936035156
10X_P7_6_CATGACATCAATAAGG,3-F-56,B cell,0,B cell,-2.7268097,0.5037294,5420,0.4779358506202698
10X_P7_6_CATGACATCACGGTTA,3-F-56,T cell,2,Unmatched_2,1.802293,25.536379,5421,0.6681907176971436
10X_P7_6_CATGACATCGCGTAGC,3-F-56,macrophage,5,macrophage,11.087606,14.404815,5422,1.6961708068847656
10X_P7_6_CATGACATCGGAAACG,3-F-56,B cell,0,B cell,-2.8875477,-0.59010434,5423,1.1395012140274048
10X_P7_6_CATGACATCTGGTATG,3-F-56,B cell,0,B cell,-2.1006842,-1.2777396,5424,1.3096492290496826
10X_P7_6_CATGCCTAGACATAAC,3-F-56,T cell,2,Unmatched_2,3.0174384,25.6552,5425,0.766478419303894
10X_P7_6_CATGCCTAGCTGAAAT,3-F-56,B cell,0,B cell,-1.1844287,-0.9397157,5426,0.525313138961792
10X_P7_6_CATGCCTAGTTTCCTT,3-F-56,B cell,0,B cell,-1.1406409,0.22438924,5427,0.5835274457931519
10X_P7_6_CATGCCTCATCGGTTA,3-F-56,T cell,9,Unmatched_9,6.9148607,23.772945,5428,1.7472076416015625
10X_P7_6_CATGCCTGTCTCCACT,3-F-56,B cell,0,B cell,-0.7287946,-0.7222659,5429,0.7582316398620605
10X_P7_6_CATGCCTGTTGTCGCG,3-F-56,B cell,1,Unmatched_1,-1.609609,5.672846,5430,0.5270152688026428
10X_P7_6_CATGCCTTCGCGTTTC,3-F-56,B cell,1,Unmatched_1,-1.0868396,5.196695,5431,0.9209840893745422
10X_P7_6_CATGCCTTCTCGTATT,3-F-56,B cell,0,B cell,-3.157486,0.37935656,5432,0.6316089630126953
10X_P7_6_CATGGCGAGAACAATC,3-F-56,B cell,1,Unmatched_1,-1.9534495,5.492713,5433,0.4486357867717743
10X_P7_6_CATGGCGAGCTTTGGT,3-F-56,natural killer cell,6,natural killer cell,6.814823,25.730976,5434,1.9813998937606807
10X_P7_6_CATGGCGCAGATCCAT,3-F-56,B cell,0,B cell,0.092401624,2.2566712,5435,0.95021390914917
10X_P7_6_CATGGCGCAGCTCGCA,3-F-56,B cell,1,Unmatched_1,-1.5656495,6.3067503,5436,0.7015199065208435
10X_P7_6_CATGGCGGTCGGCATC,3-F-56,B cell,4,Unmatched_4,-2.4647279,8.835487,5437,1.1969740390777588
10X_P7_6_CATGGCGGTCGGCTCA,3-F-56,B cell,0,B cell,-0.5311284,-1.1832895,5438,0.5261942744255066
10X_P7_6_CATGGCGGTCTAACGT,3-F-56,B cell,0,B cell,-4.5109015,3.2172976,5439,1.559715986251831
10X_P7_6_CATGGCGTCCGCAGTG,3-F-56,T cell,2,Unmatched_2,2.2369032,25.706388,5440,0.7793817520141602
10X_P7_6_CATTATCAGAATGTGT,3-F-56,B cell,0,B cell,-2.7145257,0.8977977,5441,0.3951121866703033
10X_P7_6_CATTATCAGCCAGTAG,3-F-56,T cell,2,Unmatched_2,2.6334531,25.303753,5442,0.7584379315376282
10X_P7_6_CATTATCAGGAACTGC,3-F-56,B cell,0,B cell,-0.6119947,1.2157787,5443,0.5116161108016968
10X_P7_6_CATTATCAGGATGCGT,3-F-56,T cell,3,T cell,3.9188461,23.424711,5444,0.819686233997345
10X_P7_6_CATTATCAGGGTCGAT,3-F-56,natural killer cell,6,natural killer cell,7.1042223,26.525087,5445,1.7064077854156494
10X_P7_6_CATTATCAGTTAGCGG,3-F-56,B cell,0,B cell,-0.05470314,-0.59960496,5446,0.5352215766906738
10X_P7_6_CATTATCCATGTTCCC,3-F-56,B cell,0,B cell,-0.9623967,0.60242444,5447,1.0137064456939695
10X_P7_6_CATTATCGTACAGCAG,3-F-56,B cell,0,B cell,-1.303775,0.23198386,5448,0.5584344863891602
10X_P7_6_CATTATCTCATCTGTT,3-F-56,T cell,9,Unmatched_9,7.060993,23.627241,5449,2.3119571208953857
10X_P7_6_CATTATCTCTATCCTA,3-F-56,T cell,3,T cell,4.4929304,25.229488,5450,2.180879592895508
10X_P7_6_CATTCGCAGAAACGCC,3-F-56,B cell,0,B cell,-0.8848136,2.7974029,5451,0.7139298915863037
10X_P7_6_CATTCGCAGACCCACC,3-F-56,T cell,2,Unmatched_2,2.5960016,26.256111,5452,0.5991904139518738
10X_P7_6_CATTCGCAGCCCTAAT,3-F-56,T cell,2,Unmatched_2,3.7317586,25.019083,5453,0.8078227043151855
10X_P7_6_CATTCGCAGGCAGGTT,3-F-56,T cell,3,T cell,4.861091,24.432795,5454,1.0044546127319336
10X_P7_6_CATTCGCAGGCTAGCA,3-F-56,T cell,9,Unmatched_9,7.074256,23.61448,5455,1.5522215366363523
10X_P7_6_CATTCGCCAATGGAGC,3-F-56,B cell,1,Unmatched_1,-1.1509417,6.327526,5456,0.5316796898841858
10X_P7_6_CATTCGCCACACCGAC,3-F-56,B cell,0,B cell,-2.5957112,1.4745352,5457,0.5841357111930847
10X_P7_6_CATTCGCCACCTGGTG,3-F-56,B cell,0,B cell,-0.9628535,1.7423735,5458,0.9292147159576416
10X_P7_6_CATTCGCCAGCGTCCA,3-F-56,B cell,1,Unmatched_1,-3.2312837,4.4874296,5459,0.8698654770851135
10X_P7_6_CATTCGCCATAGTAAG,3-F-56,T cell,9,Unmatched_9,6.8832154,23.793682,5460,1.7231740951538086
10X_P7_6_CATTCGCGTCGACTAT,3-F-56,natural killer cell,6,natural killer cell,7.123106,26.510462,5461,1.9206550121307373
10X_P7_6_CATTCGCTCACATAGC,3-F-56,B cell,0,B cell,-2.5250194,1.4293835,5462,0.4534869492053985
10X_P7_6_CATTCGCTCCTTTCGG,3-F-56,B cell,1,Unmatched_1,-2.8194935,4.0436482,5463,0.8590712547302246
10X_P7_6_CATTCGCTCGTCGTTC,3-F-56,B cell,0,B cell,-2.6653028,-0.8370824,5464,0.7056599855422974
10X_P7_6_CATTCGCTCGTTTATC,3-F-56,B cell,1,Unmatched_1,-1.7244036,6.3824034,5465,0.420431911945343
10X_P7_6_CCAATCCAGAGATGAG,3-F-56,B cell,0,B cell,-3.0198433,1.4681108,5466,0.4125342667102813
10X_P7_6_CCAATCCAGCGATGAC,3-F-56,B cell,4,Unmatched_4,-4.9001517,3.1176631,5467,1.229015827178955
10X_P7_6_CCAATCCAGGAGTTTA,3-F-56,T cell,3,T cell,3.4223993,24.052412,5468,0.6444811224937439
10X_P7_6_CCAATCCAGTGGACGT,3-F-56,B cell,0,B cell,-0.9292379,1.2161052,5469,0.8184963464736938
10X_P7_6_CCAATCCCAGTCCTTC,3-F-56,T cell,2,Unmatched_2,2.5851889,25.487143,5470,0.8515855669975281
10X_P7_6_CCAATCCCATTCACTT,3-F-56,B cell,0,B cell,-1.6741207,1.4735817,5471,1.2622560262680054
10X_P7_6_CCAATCCGTCTAGTCA,3-F-56,T cell,8,Unmatched_8,10.6624155,11.804018,5472,3.646089553833008
10X_P7_6_CCAATCCGTGAGGGAG,3-F-56,B cell,2,Unmatched_2,0.718414,22.83666,5473,1.1898573637008667
10X_P7_6_CCAATCCGTTGGAGGT,3-F-56,B cell,0,B cell,-2.5770273,-1.2144327,5474,1.1105581521987915
10X_P7_6_CCAATCCTCGGCCGAT,3-F-56,B cell,0,B cell,-0.43013215,-0.14757746,5475,0.4168086647987366
10X_P7_6_CCAATCCTCGTCGTTC,3-F-56,B cell,1,Unmatched_1,-3.8367863,4.618626,5476,0.7477476000785828
10X_P7_6_CCACCTAAGATCCGAG,3-F-56,B cell,3,T cell,4.7127,24.409464,5477,1.521681785583496
10X_P7_6_CCACCTAAGTGAAGTT,3-F-56,B cell,0,B cell,-4.9054766,1.7545573,5478,1.4193394184112549
10X_P7_6_CCACCTACAATGACCT,3-F-56,T cell,3,T cell,3.5938368,22.798618,5479,0.6559745669364929
10X_P7_6_CCACCTACAATGGACG,3-F-56,T cell,9,Unmatched_9,7.117335,23.570757,5480,1.7664644718170166
10X_P7_6_CCACCTACACAGACTT,3-F-56,B cell,1,Unmatched_1,-3.4392748,4.542419,5481,1.1601567268371582
10X_P7_6_CCACCTACAGTTCCCT,3-F-56,B cell,0,B cell,-1.5306833,2.998321,5482,0.8745896220207214
10X_P7_6_CCACCTACATAGTAAG,3-F-56,B cell,0,B cell,-1.2868142,0.5953657,5483,0.6025441884994507
10X_P7_6_CCACCTACATCGATTG,3-F-56,B cell,0,B cell,-0.5675465,0.4920098,5484,1.1259472370147705
10X_P7_6_CCACCTAGTAGAAAGG,3-F-56,B cell,0,B cell,-2.9728127,2.2001226,5485,0.8249226212501526
10X_P7_6_CCACCTAGTAGCGCTC,3-F-56,B cell,0,B cell,-2.0764832,1.5448843,5486,0.6309653520584106
10X_P7_6_CCACCTAGTATATGAG,3-F-56,T cell,2,Unmatched_2,2.2719157,25.12404,5487,1.1559475660324097
10X_P7_6_CCACCTAGTTAAGTAG,3-F-56,B cell,0,B cell,-2.1543744,0.7833629,5488,0.8730887770652771
10X_P7_6_CCACCTATCCAAACAC,3-F-56,B cell,1,Unmatched_1,-1.5885348,6.3517914,5489,0.7339857816696167
10X_P7_6_CCACCTATCCCGACTT,3-F-56,T cell,2,Unmatched_2,3.6728191,25.091923,5490,0.9918379783630372
10X_P7_6_CCACCTATCTCTGTCG,3-F-56,T cell,2,Unmatched_2,2.5855274,25.640911,5491,0.761806309223175
10X_P7_6_CCACGGAAGAAGCCCA,3-F-56,B cell,1,Unmatched_1,-2.392444,4.7154236,5492,0.6798721551895142
10X_P7_6_CCACGGAAGAAGGCCT,3-F-56,T cell,3,T cell,3.3678262,23.24014,5493,0.7628200650215149
10X_P7_6_CCACGGAAGAGCTGGT,3-F-56,B cell,0,B cell,-0.4516985,1.4060752,5494,0.9195581674575806
10X_P7_6_CCACGGAAGCTATGCT,3-F-56,B cell,1,Unmatched_1,-1.3402374,5.3471437,5495,0.5308953523635864
10X_P7_6_CCACGGAAGGCTCAGA,3-F-56,B cell,0,B cell,-1.3352196,5.1594243,5496,1.184410572052002
10X_P7_6_CCACGGACACGCATCG,3-F-56,B cell,1,Unmatched_1,-1.1399313,5.119009,5497,0.6937362551689148
10X_P7_6_CCACGGACATAAAGGT,3-F-56,T cell,2,Unmatched_2,2.128984,26.049906,5498,0.5239819884300232
10X_P7_6_CCACGGACATATGGTC,3-F-56,B cell,2,Unmatched_2,0.707171,22.789307,5499,1.2961413860321045
10X_P7_6_CCACGGACATTCGACA,3-F-56,T cell,3,T cell,3.7434828,23.855934,5500,0.7591195106506348
10X_P7_6_CCACGGAGTATAAACG,3-F-56,B cell,0,B cell,-1.487082,1.0708381,5501,0.5742384195327759
10X_P7_6_CCACGGAGTCCTCCAT,3-F-56,B cell,0,B cell,-3.780871,-0.011430539,5502,1.151450276374817
10X_P7_6_CCACGGAGTGCAGACA,3-F-56,B cell,0,B cell,-2.0717506,1.2513926,5503,0.480894535779953
10X_P7_6_CCACGGAGTGTTTGGT,3-F-56,B cell,7,Unmatched_7,-5.58651,1.25869,5504,1.1063765287399292
10X_P7_6_CCACGGATCACTCTTA,3-F-56,B cell,1,Unmatched_1,-2.7798827,4.263971,5505,0.6541521549224854
10X_P7_6_CCACGGATCCACTGGG,3-F-56,T cell,2,Unmatched_2,1.7180449,25.52195,5506,0.9557312726974488
10X_P7_6_CCACGGATCGAGGTAG,3-F-56,B cell,1,Unmatched_1,-0.84370357,6.3009787,5507,0.4860683083534241
10X_P7_6_CCACGGATCTGCTGTC,3-F-56,B cell,0,B cell,-2.3227317,3.4772875,5508,0.7380101680755615
10X_P7_6_CCACTACAGACAGACC,3-F-56,B cell,1,Unmatched_1,-2.2619073,4.610489,5509,1.0485786199569702
10X_P7_6_CCACTACCACCATCCT,3-F-56,B cell,0,B cell,-1.7363104,-0.16169861,5510,0.9638794660568236
10X_P7_6_CCACTACCACGAAGCA,3-F-56,T cell,3,T cell,3.711281,22.876205,5511,0.8404074907302856
10X_P7_6_CCACTACCAGCAGTTT,3-F-56,T cell,3,T cell,2.8530223,23.298403,5512,0.6374373435974121
10X_P7_6_CCACTACCATGTTCCC,3-F-56,B cell,1,Unmatched_1,-3.011506,3.5652347,5513,0.8298212885856628
10X_P7_6_CCACTACGTATAGGGC,3-F-56,B cell,0,B cell,-2.5127378,0.6729156,5514,0.7469578981399536
10X_P7_6_CCACTACGTCTGATTG,3-F-56,B cell,12,Unmatched_12,9.165667,9.684161,5515,3.0241739749908447
10X_P7_6_CCACTACGTGCGATAG,3-F-56,B cell,0,B cell,-1.6992866,1.4429003,5516,0.6360708475112915
10X_P7_6_CCACTACGTGCTAGCC,3-F-56,B cell,0,B cell,-1.4002851,0.09076283,5517,0.8524422645568848
10X_P7_6_CCACTACGTTCCGGCA,3-F-56,B cell,0,B cell,-1.342595,2.9384785,5518,1.37253737449646
10X_P7_6_CCACTACTCTGAGTGT,3-F-56,B cell,4,Unmatched_4,-3.711029,3.2320004,5519,0.7950944900512695
10X_P7_6_CCAGCGAAGACAAAGG,3-F-56,B cell,0,B cell,-3.4008033,-0.607445,5520,1.0864806175231934
10X_P7_6_CCAGCGAAGCGCCTTG,3-F-56,T cell,3,T cell,4.7963896,24.39384,5521,1.1071505546569824
10X_P7_6_CCAGCGAAGTAGTGCG,3-F-56,T cell,9,Unmatched_9,7.097757,23.590338,5522,1.898398756980896
10X_P7_6_CCAGCGACACCAGGTC,3-F-56,B cell,0,B cell,-1.4914248,-0.35476327,5523,0.4970130026340484
10X_P7_6_CCAGCGAGTGGCTCCA,3-F-56,B cell,1,Unmatched_1,-1.0350523,5.2261496,5524,0.5571646094322205
10X_P7_6_CCAGCGAGTTTGACAC,3-F-56,B cell,0,B cell,-1.7945358,1.5858028,5525,1.0371438264846802
10X_P7_6_CCAGCGATCAGAGGTG,3-F-56,T cell,2,Unmatched_2,0.82348835,2.973185,5526,0.9064698219299316
10X_P7_6_CCAGCGATCCGAATGT,3-F-56,natural killer cell,6,natural killer cell,7.105154,26.449072,5527,1.7308998107910156
10X_P7_6_CCAGCGATCCTGTACC,3-F-56,B cell,0,B cell,-3.0573087,-0.3501888,5528,0.572237491607666
10X_P7_6_CCAGCGATCGTTGACA,3-F-56,T cell,2,Unmatched_2,2.4585009,26.380726,5529,0.7316505908966064
10X_P7_6_CCAGCGATCTTGCAAG,3-F-56,B cell,0,B cell,-0.7114753,1.1601014,5530,0.7824714183807373
10X_P7_6_CCATGTCAGAGACTTA,3-F-56,B cell,0,B cell,-0.08154795,0.082125664,5531,0.5405844449996948
10X_P7_6_CCATGTCAGAGTGAGA,3-F-56,B cell,1,Unmatched_1,-0.73061424,6.065096,5532,0.8007140159606934
10X_P7_6_CCATGTCAGATCGGGT,3-F-56,B cell,0,B cell,-0.6588343,-0.33209598,5533,0.5881615281105042
10X_P7_6_CCATGTCAGCTGCAAG,3-F-56,B cell,0,B cell,-2.9350593,1.4482805,5534,0.4851184785366058
10X_P7_6_CCATGTCAGGGAACGG,3-F-56,B cell,0,B cell,-2.3508837,-0.734979,5535,1.2636945247650146
10X_P7_6_CCATGTCAGGGTCGAT,3-F-56,B cell,1,Unmatched_1,-1.4519122,5.430575,5536,0.6907073259353638
10X_P7_6_CCATGTCAGTACGCGA,3-F-56,B cell,1,Unmatched_1,-4.914184,2.189481,5537,1.5090867280960083
10X_P7_6_CCATGTCGTCGGGTCT,3-F-56,B cell,0,B cell,-1.2937539,-0.35477522,5538,0.9806604385375975
10X_P7_6_CCATGTCGTTATGTGC,3-F-56,natural killer cell,6,natural killer cell,7.049852,26.241257,5539,1.672884225845337
10X_P7_6_CCATGTCTCCAGATCA,3-F-56,B cell,1,Unmatched_1,-2.7609878,5.0525646,5540,0.5188865065574646
10X_P7_6_CCATGTCTCCGTTGCT,3-F-56,T cell,2,Unmatched_2,3.295781,24.268744,5541,0.9285656809806824
10X_P7_6_CCATGTCTCGGCGCAT,3-F-56,B cell,0,B cell,-0.9191778,-0.7152139,5542,0.6675910353660583
10X_P7_6_CCATGTCTCTTCCTTC,3-F-56,B cell,1,Unmatched_1,-1.4704338,6.0922246,5543,0.4256336688995361
10X_P7_6_CCATTCGAGAATCTCC,3-F-56,B cell,1,Unmatched_1,-1.4738102,6.2039623,5544,0.4342265129089355
10X_P7_6_CCATTCGAGCGACGTA,3-F-56,T cell,3,T cell,4.8672786,24.412977,5545,1.0018073320388794
10X_P7_6_CCATTCGAGGCAGGTT,3-F-56,B cell,0,B cell,-4.1137595,1.6441538,5546,0.8812965750694275
10X_P7_6_CCATTCGAGTAACCCT,3-F-56,macrophage,8,Unmatched_8,9.986832,12.442046,5547,3.646089553833008
10X_P7_6_CCATTCGAGTGGACGT,3-F-56,B cell,0,B cell,-2.7090619,2.64872,5548,1.4386059045791626
10X_P7_6_CCATTCGAGTGGGCTA,3-F-56,B cell,0,B cell,-2.9171062,-1.0750341,5549,1.0977256298065186
10X_P7_6_CCATTCGCACATCCAA,3-F-56,B cell,0,B cell,-2.8902256,3.9141102,5550,1.518443584442139
10X_P7_6_CCATTCGCATCTGGTA,3-F-56,B cell,4,Unmatched_4,-2.6542885,8.5428705,5551,1.1577246189117432
10X_P7_6_CCATTCGCATTTCAGG,3-F-56,B cell,0,B cell,-4.401857,0.32850248,5552,0.8549419641494751
10X_P7_6_CCATTCGGTTCGAATC,3-F-56,B cell,1,Unmatched_1,-1.1356064,5.9121656,5553,0.6850945949554443
10X_P7_6_CCATTCGGTTTGGGCC,3-F-56,B cell,4,Unmatched_4,-5.1091557,2.7385209,5554,1.1901602745056152
10X_P7_6_CCATTCGTCACTTACT,3-F-56,T cell,2,Unmatched_2,2.056085,25.707798,5555,1.0603655576705933
10X_P7_6_CCATTCGTCCAAGTAC,3-F-56,macrophage,8,Unmatched_8,10.353377,12.13205,5556,2.543131828308105
10X_P7_6_CCATTCGTCCGTCATC,3-F-56,B cell,0,B cell,-2.5099256,3.7921646,5557,0.7017108798027039
10X_P7_6_CCCAATCAGTCTTGCA,3-F-56,B cell,0,B cell,-0.8603381,2.0072641,5558,0.8407787680625916
10X_P7_6_CCCAATCAGTGGGATC,3-F-56,B cell,0,B cell,-1.9342061,1.6720175,5559,0.6552566289901733
10X_P7_6_CCCAATCCAAACCCAT,3-F-56,B cell,0,B cell,-0.21569546,0.044643067,5560,0.9897609949111938
10X_P7_6_CCCAATCCAATGAATG,3-F-56,B cell,0,B cell,-2.0956743,1.9848088,5561,0.5000314712524414
10X_P7_6_CCCAATCCAGACGTAG,3-F-56,B cell,1,Unmatched_1,-1.5450277,5.9550056,5562,0.4467780888080597
10X_P7_6_CCCAATCCATGCCTAA,3-F-56,T cell,2,Unmatched_2,2.3442028,25.689087,5563,0.6320241093635559
10X_P7_6_CCCAATCGTACATCCA,3-F-56,T cell,2,Unmatched_2,4.1427283,25.73472,5564,1.2707122564315796
10X_P7_6_CCCAATCTCACCATAG,3-F-56,B cell,0,B cell,-1.392321,1.0279506,5565,0.6426161527633667
10X_P7_6_CCCAATCTCAGTTGAC,3-F-56,B cell,0,B cell,-3.7398298,1.3648441,5566,0.6107860803604126
10X_P7_6_CCCAATCTCCTTCAAT,3-F-56,B cell,0,B cell,-1.5820953,1.3664039,5567,0.5673513412475586
10X_P7_6_CCCAATCTCGCGGATC,3-F-56,T cell,3,T cell,3.7038805,22.828085,5568,0.5897130370140076
10X_P7_6_CCCAATCTCTACGAGT,3-F-56,B cell,4,Unmatched_4,8.92474,14.273267,5569,1.542714238166809
10X_P7_6_CCCAGTTAGAGAACAG,3-F-56,B cell,0,B cell,-2.1784031,2.498021,5570,0.7598693370819092
10X_P7_6_CCCAGTTAGAGACGAA,3-F-56,B cell,0,B cell,-0.5686418,0.12528186,5571,0.6746362447738647
10X_P7_6_CCCAGTTAGCTACCTA,3-F-56,B cell,0,B cell,-0.47644803,-1.0435699,5572,0.7262235283851624
10X_P7_6_CCCAGTTAGTACACCT,3-F-56,B cell,0,B cell,-1.256793,1.1983197,5573,0.7841984033584595
10X_P7_6_CCCAGTTAGTCAATAG,3-F-56,B cell,0,B cell,-3.372988,0.15514694,5574,0.4556048512458801
10X_P7_6_CCCAGTTAGTTAGCGG,3-F-56,B cell,0,B cell,-3.675076,-0.23312268,5575,0.7520126104354858
10X_P7_6_CCCAGTTCAGTAACGG,3-F-56,T cell,2,Unmatched_2,2.088447,25.702847,5576,0.8003538846969604
10X_P7_6_CCCAGTTCATGTCTCC,3-F-56,B cell,1,Unmatched_1,-1.2767302,6.1016235,5577,0.6058289408683777
10X_P7_6_CCCAGTTCATTGGCGC,3-F-56,B cell,0,B cell,-1.3345113,1.90503,5578,0.9126893281936646
10X_P7_6_CCCAGTTTCAGTCCCT,3-F-56,natural killer cell,6,natural killer cell,7.0613112,26.445618,5579,1.7630964517593384
10X_P7_6_CCCAGTTTCATGCATG,3-F-56,B cell,0,B cell,-0.41718566,-0.28378975,5580,0.481962651014328
10X_P7_6_CCCAGTTTCTCGATGA,3-F-56,B cell,13,Unmatched_13,13.093853,13.575982,5581,2.8559908866882324
10X_P7_6_CCCATACAGTTGTAGA,3-F-56,B cell,0,B cell,-0.70470977,-0.11472081,5582,0.6802552938461304
10X_P7_6_CCCATACTCAACGGCC,3-F-56,B cell,0,B cell,-1.903472,1.2951659,5583,0.497403085231781
10X_P7_6_CCCATACTCAGAAATG,3-F-56,B cell,1,Unmatched_1,-0.8376948,5.8046193,5584,0.6717032790184021
10X_P7_6_CCCATACTCGCGCCAA,3-F-56,B cell,1,Unmatched_1,-1.1560136,6.1935964,5585,0.4373141229152679
10X_P7_6_CCCTCCTAGACCCACC,3-F-56,B cell,1,Unmatched_1,-2.3548198,5.722226,5586,0.5881677865982056
10X_P7_6_CCCTCCTAGCAGGTCA,3-F-56,B cell,2,Unmatched_2,3.8172157,24.814407,5587,2.1597416400909424
10X_P7_6_CCCTCCTAGCTAACTC,3-F-56,B cell,0,B cell,-3.682878,1.6265851,5588,0.7987443208694458
10X_P7_6_CCCTCCTAGTCCAGGA,3-F-56,B cell,4,Unmatched_4,9.074919,14.191256,5589,2.1314523220062256
10X_P7_6_CCCTCCTCAAAGGTGC,3-F-56,B cell,0,B cell,-1.111336,1.0857182,5590,1.6794601678848269
10X_P7_6_CCCTCCTCACCCATGG,3-F-56,T cell,3,T cell,3.3131692,23.255003,5591,0.618715763092041
10X_P7_6_CCCTCCTCAGCGTAAG,3-F-56,B cell,0,B cell,-0.87684864,-1.2335844,5592,0.5120490193367004
10X_P7_6_CCCTCCTCATCCCACT,3-F-56,B cell,14,Unmatched_14,8.205062,15.737577,5593,5.334986209869385
10X_P7_6_CCCTCCTGTAAATGTG,3-F-56,B cell,0,B cell,-5.037872,4.181811,5594,0.9658442735671996
10X_P7_6_CCCTCCTGTCCAAGTT,3-F-56,B cell,1,Unmatched_1,-2.3770323,6.073924,5595,0.8748903870582581
10X_P7_6_CCCTCCTGTCCGAAGA,3-F-56,B cell,0,B cell,-0.24592803,0.42017275,5596,1.0450211763381958
10X_P7_6_CCCTCCTGTCGGGTCT,3-F-56,B cell,0,B cell,-2.4954412,-0.62339336,5597,0.8814966678619385
10X_P7_6_CCCTCCTTCGAGGTAG,3-F-56,B cell,0,B cell,-1.0213479,0.97081745,5598,0.4993006885051727
10X_P7_6_CCCTCCTTCGCCGTGA,3-F-56,T cell,3,T cell,3.8971655,23.729666,5599,0.7222573161125183
10X_P7_6_CCGGGATAGAGACGAA,3-F-56,B cell,0,B cell,-1.2418686,2.739802,5600,0.916233241558075
10X_P7_6_CCGGGATAGCACAGGT,3-F-56,B cell,0,B cell,-0.83817536,1.0189227,5601,0.5475461483001709
10X_P7_6_CCGGGATAGCGCTCCA,3-F-56,B cell,4,Unmatched_4,-3.963609,4.3910494,5602,0.9157180190086364
10X_P7_6_CCGGGATAGTTCCACA,3-F-56,B cell,0,B cell,-2.0823998,3.0257385,5603,0.7186204195022583
10X_P7_6_CCGGGATCAACAACCT,3-F-56,B cell,1,Unmatched_1,-1.8942443,6.079853,5604,0.436036467552185
10X_P7_6_CCGGGATCAAGCGTAG,3-F-56,T cell,3,T cell,3.7107334,23.805058,5605,0.6600909233093262
10X_P7_6_CCGGGATCAATGGATA,3-F-56,B cell,4,Unmatched_4,-5.070242,3.15948,5606,0.9167792201042176
10X_P7_6_CCGGGATCAATTCCTT,3-F-56,T cell,3,T cell,4.9028707,24.50707,5607,1.1226860284805298
10X_P7_6_CCGGGATCAGTCCTTC,3-F-56,B cell,0,B cell,-2.588734,1.7230988,5608,0.9183158278465272
10X_P7_6_CCGGGATCATGGTCAT,3-F-56,macrophage,5,macrophage,4.661904,13.988201,5609,2.147892713546753
10X_P7_6_CCGGGATCATTAGCCA,3-F-56,T cell,3,T cell,3.6997168,23.422623,5610,0.6796994805335999
10X_P7_6_CCGGGATGTACAAGTA,3-F-56,T cell,2,Unmatched_2,2.995239,26.202711,5611,0.7391578555107117
10X_P7_6_CCGGGATGTACAGTGG,3-F-56,B cell,0,B cell,-0.51007587,0.41690406,5612,0.4861598908901214
10X_P7_6_CCGGGATGTGACGCCT,3-F-56,B cell,0,B cell,-2.4085996,2.1017663,5613,0.7050730586051941
10X_P7_6_CCGGGATGTGTCTGAT,3-F-56,B cell,0,B cell,-3.7843113,2.3913558,5614,0.6597604751586914
10X_P7_6_CCGGGATGTTAGGGTG,3-F-56,B cell,1,Unmatched_1,-1.3813765,6.236903,5615,0.649540901184082
10X_P7_6_CCGGGATGTTATCGGT,3-F-56,B cell,0,B cell,-1.5914081,1.1912045,5616,0.5631604194641113
10X_P7_6_CCGGGATTCACATACG,3-F-56,B cell,0,B cell,-1.2214679,1.5021853,5617,0.630891740322113
10X_P7_6_CCGGGATTCCTTTCGG,3-F-56,macrophage,8,Unmatched_8,10.72921,11.728618,5618,3.646089553833008
10X_P7_6_CCGGTAGAGGTGGGTT,3-F-56,T cell,3,T cell,5.2680125,24.97653,5619,1.2346715927124023
10X_P7_6_CCGGTAGAGTCATGCT,3-F-56,T cell,3,T cell,3.2551806,22.866724,5620,0.5826350450515747
10X_P7_6_CCGGTAGAGTTGTAGA,3-F-56,B cell,4,Unmatched_4,-2.6157823,8.784925,5621,0.7104464173316956
10X_P7_6_CCGGTAGCAAAGGCGT,3-F-56,B cell,0,B cell,-4.2038307,1.5168271,5622,0.9094222784042358
10X_P7_6_CCGGTAGCAATCTGCA,3-F-56,B cell,2,Unmatched_2,0.71730995,22.84332,5623,1.2414451837539673
10X_P7_6_CCGGTAGCAGCTGTTA,3-F-56,B cell,3,T cell,4.944634,24.589872,5624,1.3708610534667969
10X_P7_6_CCGGTAGCAGGGTTAG,3-F-56,B cell,1,Unmatched_1,-3.9999132,6.337265,5625,0.9037007689476012
10X_P7_6_CCGGTAGCAGTAACGG,3-F-56,B cell,0,B cell,-2.78555,1.8738074,5626,0.4572361707687378
10X_P7_6_CCGGTAGCAGTCAGAG,3-F-56,T cell,3,T cell,3.3511043,23.948837,5627,1.2182064056396484
10X_P7_6_CCGGTAGCATCAGTCA,3-F-56,T cell,3,T cell,3.817486,23.235493,5628,0.8169633150100708
10X_P7_6_CCGGTAGGTAACGTTC,3-F-56,B cell,1,Unmatched_1,-2.9192197,4.7847786,5629,0.85056471824646
10X_P7_6_CCGGTAGGTAAGTTCC,3-F-56,B cell,1,Unmatched_1,-1.6208762,5.374662,5630,0.520347535610199
10X_P7_6_CCGGTAGGTCCGCTGA,3-F-56,B cell,0,B cell,-3.69703,-0.5251238,5631,0.7750773429870605
10X_P7_6_CCGGTAGGTCGGATCC,3-F-56,T cell,2,Unmatched_2,2.1856918,25.901873,5632,0.615432620048523
10X_P7_6_CCGGTAGGTCTCTCGT,3-F-56,B cell,1,Unmatched_1,-2.3736455,5.0829067,5633,0.7485049366950989
10X_P7_6_CCGGTAGTCACCCGAG,3-F-56,B cell,0,B cell,-0.7942702,-0.2981622,5634,0.8101674914360046
10X_P7_6_CCGGTAGTCAGGTAAA,3-F-56,B cell,0,B cell,-1.7829797,1.4688433,5635,0.4956789910793304
10X_P7_6_CCGTACTAGCGAGAAA,3-F-56,B cell,1,Unmatched_1,-1.6266637,6.451307,5636,0.8196258544921875
10X_P7_6_CCGTACTAGGCATGTG,3-F-56,B cell,0,B cell,0.12300495,-0.5008904,5637,0.5023072957992554
10X_P7_6_CCGTACTCAAGTACCT,3-F-56,B cell,0,B cell,-1.8182287,0.106527135,5638,0.4848138689994812
10X_P7_6_CCGTACTGTGCTCTTC,3-F-56,B cell,1,Unmatched_1,-2.5797668,4.8371344,5639,0.6532867550849915
10X_P7_6_CCGTACTTCCGTACAA,3-F-56,B cell,0,B cell,-1.836536,2.4296372,5640,0.4950601756572723
10X_P7_6_CCGTACTTCGCGCCAA,3-F-56,B cell,7,Unmatched_7,-5.024158,1.3288108,5641,1.0353420972824097
10X_P7_6_CCGTACTTCTCCGGTT,3-F-56,B cell,0,B cell,-0.19977678,0.91992253,5642,0.4887590408325195
10X_P7_6_CCGTACTTCTTGCATT,3-F-56,B cell,0,B cell,-2.2367692,2.3025482,5643,0.9725519418716432
10X_P7_6_CCGTGGAAGATCTGCT,3-F-56,B cell,0,B cell,-1.3450387,1.9305673,5644,0.9426342248916626
10X_P7_6_CCGTGGAAGATGTGTA,3-F-56,B cell,1,Unmatched_1,-1.3427236,6.3212204,5645,0.4000215530395508
10X_P7_6_CCGTGGAAGGAGTTGC,3-F-56,T cell,2,Unmatched_2,1.722197,25.515451,5646,1.2751617431640625
10X_P7_6_CCGTGGAAGGCAAAGA,3-F-56,B cell,2,Unmatched_2,0.30839008,23.167278,5647,1.1028879880905151
10X_P7_6_CCGTGGAAGTCACGCC,3-F-56,B cell,0,B cell,-3.3401823,0.33968148,5648,0.6272444725036621
10X_P7_6_CCGTGGACATCGGACC,3-F-56,B cell,0,B cell,-4.8628244,0.5724685,5649,0.604333221912384
10X_P7_6_CCGTGGACATGCCTTC,3-F-56,B cell,0,B cell,-0.5203753,2.6068943,5650,0.9823203682899476
10X_P7_6_CCGTGGAGTAGAGGAA,3-F-56,B cell,0,B cell,-2.949112,3.1500442,5651,1.2436447143554688
10X_P7_6_CCGTGGAGTCATCCCT,3-F-56,B cell,4,Unmatched_4,-5.1349974,2.9681222,5652,0.936314821243286
10X_P7_6_CCGTGGAGTCGAACAG,3-F-56,B cell,4,Unmatched_4,-4.7553234,4.468931,5653,0.6962939500808716
10X_P7_6_CCGTGGAGTCTAGCGC,3-F-56,B cell,1,Unmatched_1,-1.7134643,6.428514,5654,0.6973446011543274
10X_P7_6_CCGTGGAGTCTGCGGT,3-F-56,B cell,0,B cell,-1.7307591,0.1629975,5655,0.8661319613456726
10X_P7_6_CCGTGGAGTTGCGTTA,3-F-56,B cell,0,B cell,-0.6188087,0.6106023,5656,0.5726491808891296
10X_P7_6_CCGTGGATCTAACTTC,3-F-56,B cell,0,B cell,-0.8647542,0.647756,5657,0.8466887474060059
10X_P7_6_CCGTGGATCTGAGTGT,3-F-56,B cell,0,B cell,-0.7866211,2.7784832,5658,0.6538878083229065
10X_P7_6_CCGTTCAAGAGCTGCA,3-F-56,B cell,0,B cell,-0.5062283,2.5319152,5659,0.6075327396392822
10X_P7_6_CCGTTCAAGGCGACAT,3-F-56,B cell,0,B cell,-1.1465034,-0.61845726,5660,0.6393952369689941
10X_P7_6_CCGTTCAAGGTACTCT,3-F-56,B cell,0,B cell,-3.91001,-0.10337988,5661,0.9817820191383362
10X_P7_6_CCGTTCAAGTGTCCCG,3-F-56,T cell,2,Unmatched_2,2.7467718,26.32381,5662,0.863497793674469
10X_P7_6_CCGTTCACACAGATTC,3-F-56,B cell,4,Unmatched_4,-3.7909029,3.8521018,5663,1.3569707870483398
10X_P7_6_CCGTTCACAGCTCGCA,3-F-56,B cell,0,B cell,-0.283053,-0.90671384,5664,0.5133883357048035
10X_P7_6_CCGTTCAGTAGCTCCG,3-F-56,B cell,4,Unmatched_4,-4.966394,4.3991346,5665,1.5516064167022705
10X_P7_6_CCGTTCAGTGGCCCTA,3-F-56,T cell,3,T cell,4.60805,25.281883,5666,1.9619070291519165
10X_P7_6_CCGTTCAGTGGTCCGT,3-F-56,T cell,3,T cell,3.0469377,23.214127,5667,0.7698482871055603
10X_P7_6_CCGTTCATCACCACCT,3-F-56,B cell,4,Unmatched_4,-2.6006165,8.849873,5668,0.9273693561553956
10X_P7_6_CCGTTCATCAGAGCTT,3-F-56,T cell,2,Unmatched_2,2.522071,25.704477,5669,0.86073899269104
10X_P7_6_CCGTTCATCAGCTGGC,3-F-56,B cell,0,B cell,-3.3158731,0.45757478,5670,0.5175570249557495
10X_P7_6_CCGTTCATCTTCTGGC,3-F-56,B cell,0,B cell,-0.75923836,0.9568667,5671,0.4598691761493683
10X_P7_6_CCTAAAGAGAGCCCAA,3-F-56,T cell,3,T cell,2.749284,23.0297,5672,0.5454862117767334
10X_P7_6_CCTAAAGAGTATGACA,3-F-56,B cell,0,B cell,-0.62888193,0.011471395,5673,0.4445803463459015
10X_P7_6_CCTAAAGCAAACGTGG,3-F-56,B cell,0,B cell,-0.87369734,1.6726846,5674,0.6446046829223633
10X_P7_6_CCTAAAGCAATACGCT,3-F-56,dendritic cell,10,dendritic cell,15.87342,-0.040481843,5675,3.3376903533935547
10X_P7_6_CCTAAAGCACACTGCG,3-F-56,B cell,2,Unmatched_2,0.66868246,22.866438,5676,1.7165348529815674
10X_P7_6_CCTAAAGCACATGACT,3-F-56,T cell,9,Unmatched_9,7.151497,23.53791,5677,1.2594205141067505
10X_P7_6_CCTAAAGCACTCTGTC,3-F-56,B cell,0,B cell,-3.8262737,5.9391074,5678,0.9148125052452089
10X_P7_6_CCTAAAGCAGCGAACA,3-F-56,B cell,0,B cell,-0.06758896,0.25037727,5679,0.6442248821258545
10X_P7_6_CCTAAAGCATATACGC,3-F-56,B cell,0,B cell,-2.7465494,1.032581,5680,1.3890597820281982
10X_P7_6_CCTAAAGCATCACGTA,3-F-56,B cell,0,B cell,-2.9783707,-0.7648672,5681,1.3329095840454102
10X_P7_6_CCTAAAGGTGCACTTA,3-F-56,B cell,1,Unmatched_1,-1.2788095,4.81371,5682,0.5377200245857239
10X_P7_6_CCTAAAGGTTGATTGC,3-F-56,B cell,0,B cell,-1.400803,3.2902205,5683,0.7439100742340088
10X_P7_6_CCTAAAGTCACCCTCA,3-F-56,B cell,1,Unmatched_1,-0.9142515,6.092477,5684,0.6203161478042603
10X_P7_6_CCTAAAGTCAGCAACT,3-F-56,T cell,9,Unmatched_9,6.9591646,23.729269,5685,1.4121958017349243
10X_P7_6_CCTACACAGAAGCCCA,3-F-56,B cell,1,Unmatched_1,-1.7403941,6.175193,5686,0.4449404180049896
10X_P7_6_CCTACACAGACATAAC,3-F-56,macrophage,8,Unmatched_8,9.998775,12.39509,5687,3.152616500854492
10X_P7_6_CCTACACAGTCAAGCG,3-F-56,T cell,9,Unmatched_9,6.945706,23.739092,5688,1.6287096738815308
10X_P7_6_CCTACACAGTGGAGTC,3-F-56,B cell,0,B cell,-1.0367255,-0.08887429,5689,0.774074137210846
10X_P7_6_CCTACACAGTTATCGC,3-F-56,macrophage,5,macrophage,11.047157,14.428766,5690,1.6742277145385742
10X_P7_6_CCTACACCAGTCTTCC,3-F-56,T cell,3,T cell,3.3882809,22.79758,5691,0.7693749070167542
10X_P7_6_CCTACACCATAGGATA,3-F-56,B cell,0,B cell,-0.028912991,-0.2777542,5692,0.4090767502784729
10X_P7_6_CCTACACGTACTTAGC,3-F-56,B cell,0,B cell,-2.80151,2.0939102,5693,0.5320633053779602
10X_P7_6_CCTACACGTGGTACAG,3-F-56,T cell,9,Unmatched_9,6.7418504,23.961206,5694,2.764822483062744
10X_P7_6_CCTACACGTGTGGCTC,3-F-56,B cell,0,B cell,-2.077568,1.791789,5695,0.6147043108940125
10X_P7_6_CCTACACGTTGTCGCG,3-F-56,B cell,1,Unmatched_1,-0.8848796,5.8593216,5696,0.5010718703269958
10X_P7_6_CCTACACTCACATAGC,3-F-56,T cell,2,Unmatched_2,2.1029148,25.815973,5697,0.6769053936004639
10X_P7_6_CCTACACTCACGGTTA,3-F-56,B cell,0,B cell,-3.1273339,1.1119441,5698,1.1616913080215454
10X_P7_6_CCTACACTCCTCGCAT,3-F-56,B cell,1,Unmatched_1,-2.4321861,4.0132003,5699,0.7945258617401123
10X_P7_6_CCTACACTCGACAGCC,3-F-56,B cell,0,B cell,-2.217376,1.6414216,5700,0.5333642363548279
10X_P7_6_CCTACACTCGAGCCCA,3-F-56,B cell,1,Unmatched_1,-2.0251951,5.3620524,5701,0.4335473775863647
10X_P7_6_CCTACCAAGACTAGGC,3-F-56,B cell,1,Unmatched_1,-2.8686404,4.0631733,5702,1.386883020401001
10X_P7_6_CCTACCACAGTAGAGC,3-F-56,B cell,0,B cell,-0.63040674,-0.3180658,5703,0.6585124135017395
10X_P7_6_CCTACCACATTTGCCC,3-F-56,B cell,1,Unmatched_1,-1.3012847,5.9636765,5704,0.4807881116867065
10X_P7_6_CCTACCAGTCATACTG,3-F-56,B cell,0,B cell,-1.5661058,2.6471646,5705,1.2968357801437378
10X_P7_6_CCTACCAGTCCGTCAG,3-F-56,B cell,0,B cell,-1.0332829,-0.8271498,5706,0.5691606402397156
10X_P7_6_CCTACCAGTCCGTGAC,3-F-56,macrophage,5,macrophage,4.6465726,25.360825,5707,2.8429431915283203
10X_P7_6_CCTACCATCAAGGCTT,3-F-56,B cell,0,B cell,-2.3131394,0.76793677,5708,0.4825551211833954
10X_P7_6_CCTACCATCACTATTC,3-F-56,B cell,0,B cell,-5.0261583,0.5376973,5709,1.569706678390503
10X_P7_6_CCTACCATCATGTCTT,3-F-56,B cell,0,B cell,-3.6915684,2.311624,5710,1.0478123426437378
10X_P7_6_CCTACCATCCTTGCCA,3-F-56,B cell,4,Unmatched_4,-4.932711,3.2733893,5711,0.8106012344360352
10X_P7_6_CCTACCATCGTACCGG,3-F-56,B cell,1,Unmatched_1,-1.516969,5.291119,5712,0.4391001462936401
10X_P7_6_CCTACCATCTTCAACT,3-F-56,B cell,7,Unmatched_7,-5.7180643,1.0797921,5713,1.4890707731246948
10X_P7_6_CCTACCATCTTCATGT,3-F-56,T cell,2,Unmatched_2,4.1210623,26.541067,5714,0.9235267639160156
10X_P7_6_CCTAGCTAGACCGGAT,3-F-56,B cell,1,Unmatched_1,-2.6869702,6.028151,5715,0.551080584526062
10X_P7_6_CCTAGCTAGCATGGCA,3-F-56,B cell,0,B cell,-1.240836,3.7780616,5716,0.6206371188163757
10X_P7_6_CCTAGCTAGCCCAATT,3-F-56,B cell,0,B cell,-3.0537193,3.0910468,5717,1.0135927200317385
10X_P7_6_CCTAGCTAGGGTGTTG,3-F-56,B cell,0,B cell,-2.2610195,-0.4053353,5718,1.3348830938339231
10X_P7_6_CCTAGCTCAAATACAG,3-F-56,T cell,2,Unmatched_2,2.0012667,26.124222,5719,0.5638827085494995
10X_P7_6_CCTAGCTCAAGGTTTC,3-F-56,B cell,1,Unmatched_1,-2.4410088,4.8690643,5720,0.8057582974433899
10X_P7_6_CCTAGCTCACCGGAAA,3-F-56,B cell,4,Unmatched_4,-2.603422,8.711402,5721,0.9931381344795228
10X_P7_6_CCTAGCTCAGGATCGA,3-F-56,T cell,2,Unmatched_2,2.8068426,25.897219,5722,0.5247954726219177
10X_P7_6_CCTAGCTCAGTCAGAG,3-F-56,B cell,0,B cell,-3.3730147,-0.69498414,5723,0.8034113645553589
10X_P7_6_CCTAGCTCATCCAACA,3-F-56,B cell,0,B cell,-1.5935736,3.356171,5724,0.7895197868347168
10X_P7_6_CCTAGCTCATTAGCCA,3-F-56,B cell,0,B cell,0.053849544,0.038445532,5725,0.6509003639221191
10X_P7_6_CCTAGCTGTAAATACG,3-F-56,B cell,0,B cell,-2.5638983,0.71396077,5726,0.8234413862228394
10X_P7_6_CCTAGCTGTAAGGGCT,3-F-56,B cell,0,B cell,-3.380741,0.5976132,5727,0.436872273683548
10X_P7_6_CCTAGCTGTAGCGTAG,3-F-56,B cell,1,Unmatched_1,-2.7313218,6.3937984,5728,0.4086862504482269
10X_P7_6_CCTAGCTGTCAGAGGT,3-F-56,B cell,0,B cell,-2.5114121,0.13791506,5729,0.4445644021034241
10X_P7_6_CCTAGCTGTCTCAACA,3-F-56,B cell,0,B cell,-3.4961686,3.3622994,5730,1.021016240119934
10X_P7_6_CCTAGCTTCACCTCGT,3-F-56,B cell,0,B cell,-1.9650357,1.1328332,5731,0.4018693566322326
10X_P7_6_CCTAGCTTCTCTAGGA,3-F-56,B cell,0,B cell,0.25836325,0.55845517,5732,0.584804356098175
10X_P7_6_CCTAGCTTCTTCATGT,3-F-56,B cell,2,Unmatched_2,0.32990974,23.128693,5733,1.4677608013153076
10X_P7_6_CCTATTAAGAGGTTGC,3-F-56,B cell,0,B cell,-1.2682343,1.1644858,5734,0.5936836004257202
10X_P7_6_CCTATTACAAATCCGT,3-F-56,T cell,2,Unmatched_2,4.2200656,26.507452,5735,1.1504002809524536
10X_P7_6_CCTATTACAATCAGAA,3-F-56,macrophage,8,Unmatched_8,10.077006,12.324612,5736,2.5012147426605225
10X_P7_6_CCTATTACACGAAATA,3-F-56,B cell,0,B cell,-0.4627979,2.891916,5737,0.8651962876319885
10X_P7_6_CCTATTAGTAAGCACG,3-F-56,B cell,0,B cell,-3.1902275,-0.048596803,5738,0.7103262543678284
10X_P7_6_CCTATTAGTCCCTTGT,3-F-56,B cell,4,Unmatched_4,-4.2919617,4.291279,5739,0.891719400882721
10X_P7_6_CCTATTAGTCCGTTAA,3-F-56,T cell,3,T cell,4.841177,24.74872,5740,1.3746535778045654
10X_P7_6_CCTATTAGTGAAAGAG,3-F-56,B cell,0,B cell,-1.2178594,-1.1184484,5741,0.7880276441574097
10X_P7_6_CCTCAGTAGCTGAACG,3-F-56,macrophage,8,Unmatched_8,10.40758,12.077992,5742,2.611051321029663
10X_P7_6_CCTCAGTAGTAGATGT,3-F-56,B cell,0,B cell,-0.70005125,-1.1610758,5743,0.6500023007392883
10X_P7_6_CCTCAGTAGTTAGCGG,3-F-56,B cell,4,Unmatched_4,9.259726,14.045339,5744,1.901577711105347
10X_P7_6_CCTCAGTCACGGATAG,3-F-56,T cell,3,T cell,4.8751893,25.009499,5745,1.9456912279129028
10X_P7_6_CCTCAGTCAGCTGTTA,3-F-56,B cell,0,B cell,-0.093805544,0.2534409,5746,0.534674346446991
10X_P7_6_CCTCAGTCATTTGCCC,3-F-56,B cell,0,B cell,-2.5216873,-0.6230533,5747,0.8223258852958679
10X_P7_6_CCTCAGTGTCATCCCT,3-F-56,T cell,6,natural killer cell,6.392683,25.403896,5748,3.151350736618042
10X_P7_6_CCTCAGTGTCCAGTGC,3-F-56,B cell,0,B cell,-0.4173072,1.1769835,5749,0.6977397203445435
10X_P7_6_CCTCAGTGTCCGTCAG,3-F-56,B cell,0,B cell,-0.5117596,0.7583822,5750,0.7100483775138855
10X_P7_6_CCTCAGTGTGCGGTAA,3-F-56,B cell,0,B cell,-1.489417,3.314421,5751,0.5945152044296265
10X_P7_6_CCTCAGTGTTAAAGTG,3-F-56,B cell,0,B cell,-2.4652271,0.8801259,5752,0.5357763171195984
10X_P7_6_CCTCAGTTCAACGAAA,3-F-56,B cell,1,Unmatched_1,-3.1209326,4.5090985,5753,0.6345970630645752
10X_P7_6_CCTCAGTTCCATGAGT,3-F-56,B cell,1,Unmatched_1,-2.3937979,4.549635,5754,0.7069307565689087
10X_P7_6_CCTCAGTTCCCGACTT,3-F-56,B cell,0,B cell,-0.34687585,3.0362952,5755,0.7033025026321411
10X_P7_6_CCTCAGTTCCGTAGGC,3-F-56,macrophage,8,Unmatched_8,10.026112,12.350063,5756,1.9931169748306277
10X_P7_6_CCTCAGTTCGATAGAA,3-F-56,B cell,0,B cell,-2.7235441,1.7639563,5757,0.5203643441200256
10X_P7_6_CCTCTGAAGAATGTTG,3-F-56,T cell,3,T cell,2.763327,23.340858,5758,0.9267462491989136
10X_P7_6_CCTCTGAAGAATTGTG,3-F-56,B cell,1,Unmatched_1,-1.5919514,4.4051805,5759,0.5267928242683411
10X_P7_6_CCTCTGAAGACCCACC,3-F-56,T cell,2,Unmatched_2,4.020803,25.769154,5760,0.9852022528648376
10X_P7_6_CCTCTGAAGAGCTGGT,3-F-56,B cell,0,B cell,-2.9816601,0.43549734,5761,0.6414461135864258
10X_P7_6_CCTCTGAAGGGAAACA,3-F-56,T cell,2,Unmatched_2,4.3368616,26.406013,5762,1.0665452480316162
10X_P7_6_CCTCTGACAAGACGTG,3-F-56,T cell,2,Unmatched_2,4.3177204,25.790838,5763,1.544580340385437
10X_P7_6_CCTCTGACAGACGCAA,3-F-56,macrophage,5,macrophage,11.10145,14.418315,5764,1.5782465934753418
10X_P7_6_CCTCTGACAGGGCATA,3-F-56,T cell,3,T cell,4.1562867,24.610659,5765,1.2263940572738647
10X_P7_6_CCTCTGACAGTCAGCC,3-F-56,B cell,0,B cell,-0.28817275,2.613502,5766,0.9809581637382508
10X_P7_6_CCTCTGAGTACAGTGG,3-F-56,T cell,3,T cell,2.9542174,23.507317,5767,0.949264407157898
10X_P7_6_CCTCTGAGTATTACCG,3-F-56,T cell,3,T cell,3.6260633,24.147251,5768,0.8220434188842773
10X_P7_6_CCTCTGAGTTGATTCG,3-F-56,macrophage,5,macrophage,11.172451,14.469791,5769,1.4939371347427368
10X_P7_6_CCTCTGATCAACGGCC,3-F-56,B cell,0,B cell,-2.2036946,0.013363702,5770,0.5319550037384033
10X_P7_6_CCTCTGATCCCTTGTG,3-F-56,B cell,0,B cell,-0.6403793,-1.0251452,5771,0.9819784164428712
10X_P7_6_CCTCTGATCCGCAAGC,3-F-56,B cell,0,B cell,-3.3279607,0.869408,5772,0.8401193022727966
10X_P7_6_CCTCTGATCTCGTTTA,3-F-56,B cell,4,Unmatched_4,-4.1525216,3.9036982,5773,1.6552155017852783
10X_P7_6_CCTTACGAGAATTCCC,3-F-56,B cell,0,B cell,-1.2993587,3.8617277,5774,1.0302139520645142
10X_P7_6_CCTTACGAGAGTAATC,3-F-56,B cell,7,Unmatched_7,-4.986124,1.2890031,5775,1.105964422225952
10X_P7_6_CCTTACGAGGAATTAC,3-F-56,macrophage,8,Unmatched_8,10.443769,12.044901,5776,3.1481738090515137
10X_P7_6_CCTTACGAGGCATGGT,3-F-56,natural killer cell,6,natural killer cell,7.137646,26.500378,5777,1.9857511520385744
10X_P7_6_CCTTACGAGGCCATAG,3-F-56,B cell,0,B cell,-0.38984707,2.7866495,5778,0.6551454067230225
10X_P7_6_CCTTACGCAAAGGCGT,3-F-56,B cell,0,B cell,-0.22060397,0.28334555,5779,0.6247000098228455
10X_P7_6_CCTTACGCAGACAAGC,3-F-56,T cell,2,Unmatched_2,2.5071952,26.272797,5780,0.8192079067230225
10X_P7_6_CCTTACGCAGGCAGTA,3-F-56,B cell,0,B cell,-0.55012727,2.850353,5781,0.950407087802887
10X_P7_6_CCTTACGGTATAGGTA,3-F-56,B cell,1,Unmatched_1,-2.4486969,4.596154,5782,0.8962259888648987
10X_P7_6_CCTTACGGTTCCAACA,3-F-56,T cell,2,Unmatched_2,4.701783,26.63719,5783,1.4167425632476809
10X_P7_6_CCTTACGGTTGGACCC,3-F-56,B cell,0,B cell,0.42719436,0.33273706,5784,0.4615132212638855
10X_P7_6_CCTTACGTCCTCAACC,3-F-56,natural killer cell,6,natural killer cell,6.174229,25.325493,5785,3.3355863094329834
10X_P7_6_CCTTCCCAGCTGTTCA,3-F-56,B cell,0,B cell,-0.22572525,-0.7251322,5786,0.4405871331691742
10X_P7_6_CCTTCCCAGGACAGCT,3-F-56,T cell,2,Unmatched_2,2.5645065,26.097075,5787,0.5251995921134949
10X_P7_6_CCTTCCCAGGAGTAGA,3-F-56,B cell,0,B cell,-1.3698804,3.255966,5788,0.7321456074714661
10X_P7_6_CCTTCCCAGGTGTGGT,3-F-56,B cell,0,B cell,-2.5966814,1.6759098,5789,0.4177063405513763
10X_P7_6_CCTTCCCCAGTAACGG,3-F-56,B cell,0,B cell,-1.0464056,1.5701493,5790,0.755418598651886
10X_P7_6_CCTTCCCCATAAAGGT,3-F-56,B cell,0,B cell,-2.1874316,-0.9312064,5791,1.9261572360992432
10X_P7_6_CCTTCCCTCACTTCAT,3-F-56,T cell,3,T cell,2.7906713,23.275656,5792,0.568438708782196
10X_P7_6_CCTTCCCTCAGTTAGC,3-F-56,B cell,0,B cell,-1.6877224,-1.3823895,5793,1.26008141040802
10X_P7_6_CCTTCCCTCCTGCAGG,3-F-56,T cell,3,T cell,3.7570794,23.01892,5794,0.5926417112350464
10X_P7_6_CCTTCCCTCGTAGATC,3-F-56,B cell,0,B cell,-2.876387,1.2415273,5795,0.4676446318626404
10X_P7_6_CCTTCGACAACTGGCC,3-F-56,B cell,4,Unmatched_4,-5.0371237,3.140231,5796,1.107861876487732
10X_P7_6_CCTTCGACACAACTGT,3-F-56,B cell,0,B cell,-2.2446663,1.3024892,5797,0.4829771816730499
10X_P7_6_CCTTCGACATCTATGG,3-F-56,B cell,1,Unmatched_1,-2.3066378,6.0732646,5798,0.5511006116867065
10X_P7_6_CCTTCGAGTCAACTGT,3-F-56,B cell,0,B cell,-1.7886498,3.2641408,5799,0.9385315775871276
10X_P7_6_CCTTCGAGTCGCATCG,3-F-56,T cell,3,T cell,4.535702,24.537142,5800,1.5195295810699463
10X_P7_6_CCTTCGAGTCGCTTCT,3-F-56,B cell,1,Unmatched_1,-3.917241,6.1947,5801,0.9706583619117736
10X_P7_6_CCTTCGAGTCTAGTGT,3-F-56,B cell,0,B cell,0.23706876,-0.3559459,5802,0.5682554841041565
10X_P7_6_CCTTCGATCCGTAGGC,3-F-56,B cell,0,B cell,-0.919266,-0.2995855,5803,0.6781039834022522
10X_P7_6_CCTTCGATCGTACCGG,3-F-56,T cell,3,T cell,2.820165,22.836687,5804,1.0042935609817505
10X_P7_6_CCTTTCTAGAACAATC,3-F-56,B cell,0,B cell,-1.1620281,0.14987057,5805,0.5146141052246094
10X_P7_6_CCTTTCTAGAAGGGTA,3-F-56,B cell,0,B cell,-1.6226727,0.2168499,5806,0.511601984500885
10X_P7_6_CCTTTCTAGCTCTCGG,3-F-56,natural killer cell,6,natural killer cell,7.270276,26.384212,5807,1.8834260702133176
10X_P7_6_CCTTTCTCATCACCCT,3-F-56,B cell,1,Unmatched_1,-1.4457633,6.0893435,5808,0.643890380859375
10X_P7_6_CCTTTCTCATCCTAGA,3-F-56,T cell,2,Unmatched_2,2.4971416,26.285181,5809,0.9831005334854126
10X_P7_6_CCTTTCTGTAACGCGA,3-F-56,B cell,0,B cell,-2.0302196,0.22300324,5810,0.7021737694740295
10X_P7_6_CCTTTCTGTCGAACAG,3-F-56,B cell,1,Unmatched_1,-2.0846834,6.1592774,5811,0.662996768951416
10X_P7_6_CCTTTCTGTCGCGTGT,3-F-56,T cell,3,T cell,4.0375943,23.94674,5812,0.7714998126029968
10X_P7_6_CCTTTCTGTGGAAAGA,3-F-56,T cell,2,Unmatched_2,2.051946,26.24871,5813,0.7529566884040833
10X_P7_6_CCTTTCTTCAGAAATG,3-F-56,B cell,0,B cell,-2.9634995,0.79775697,5814,0.617884635925293
10X_P7_6_CCTTTCTTCGATGAGG,3-F-56,B cell,0,B cell,-0.8752878,2.8392875,5815,0.9105693101882936
10X_P7_6_CCTTTCTTCTCTAAGG,3-F-56,T cell,2,Unmatched_2,4.107941,26.524841,5816,1.954410433769226
10X_P7_6_CGAACATAGCGACGTA,3-F-56,B cell,1,Unmatched_1,-1.250834,6.3088207,5817,0.8332660794258118
10X_P7_6_CGAACATAGGACATTA,3-F-56,T cell,3,T cell,4.975849,24.717012,5818,1.0104107856750488
10X_P7_6_CGAACATCACACCGCA,3-F-56,B cell,2,Unmatched_2,0.31268772,23.1658,5819,0.9868564009666444
10X_P7_6_CGAACATCATGTTCCC,3-F-56,B cell,0,B cell,0.3399493,0.3105513,5820,0.6395817995071411
10X_P7_6_CGAACATGTAAGTGGC,3-F-56,B cell,4,Unmatched_4,9.114608,14.166599,5821,2.851917266845703
10X_P7_6_CGAACATGTGATGCCC,3-F-56,T cell,2,Unmatched_2,4.4469867,25.765202,5822,1.9446901082992556
10X_P7_6_CGAACATGTTCCATGA,3-F-56,macrophage,8,Unmatched_8,10.019168,12.372175,5823,2.343785762786865
10X_P7_6_CGAACATGTTCCTCCA,3-F-56,B cell,0,B cell,-0.28199625,-1.1117549,5824,0.5666993856430054
10X_P7_6_CGAACATGTTCGTCTC,3-F-56,B cell,0,B cell,-2.1466455,3.3276727,5825,0.6531704068183899
10X_P7_6_CGAACATTCAAAGTAG,3-F-56,B cell,1,Unmatched_1,-2.5690749,4.5990505,5826,0.9890149235725404
10X_P7_6_CGAACATTCAATCACG,3-F-56,B cell,0,B cell,-2.3317392,3.34208,5827,0.8227996826171875
10X_P7_6_CGAACATTCGTGGTCG,3-F-56,B cell,1,Unmatched_1,-1.4101381,5.836516,5828,0.458981454372406
10X_P7_6_CGAACATTCGTTTGCC,3-F-56,T cell,3,T cell,3.6743422,23.083961,5829,0.6422724723815918
10X_P7_6_CGAACATTCTCACATT,3-F-56,T cell,3,T cell,3.4373076,23.763968,5830,0.5310876369476318
10X_P7_6_CGAACATTCTGAGTGT,3-F-56,macrophage,5,macrophage,11.957738,14.63729,5831,2.7333638668060303
10X_P7_6_CGAACATTCTGGCGTG,3-F-56,B cell,0,B cell,-1.0003794,-1.304958,5832,1.0943646430969238
10X_P7_6_CGAATGTAGAAACCGC,3-F-56,B cell,0,B cell,-0.41226164,2.735212,5833,0.9286580681800842
10X_P7_6_CGAATGTAGAACAATC,3-F-56,B cell,0,B cell,-1.183443,-0.92274016,5834,1.1298867464065552
10X_P7_6_CGAATGTAGTCAAGGC,3-F-56,B cell,1,Unmatched_1,-2.3717654,4.843646,5835,0.8197781443595886
10X_P7_6_CGAATGTAGTCGATAA,3-F-56,T cell,3,T cell,5.223984,24.836296,5836,1.0088450908660889
10X_P7_6_CGAATGTCAAAGGTGC,3-F-56,B cell,0,B cell,-1.655886,1.123891,5837,0.5527618527412415
10X_P7_6_CGAATGTCACAGGCCT,3-F-56,B cell,0,B cell,-3.2815716,0.23910022,5838,0.9749201536178588
10X_P7_6_CGAATGTCAGCTGCTG,3-F-56,B cell,1,Unmatched_1,-1.7101611,5.6595416,5839,0.5208034515380859
10X_P7_6_CGACCTTAGAGAACAG,3-F-56,natural killer cell,6,natural killer cell,6.702646,25.567701,5840,2.453088760375977
10X_P7_6_CGACCTTAGCCAGTTT,3-F-56,T cell,3,T cell,3.1134932,22.760992,5841,1.295148491859436
10X_P7_6_CGACCTTAGGTGCTTT,3-F-56,natural killer cell,6,natural killer cell,6.5546064,25.462797,5842,2.692680597305298
10X_P7_6_CGACCTTCACATCCGG,3-F-56,B cell,0,B cell,-1.4936755,-0.09031474,5843,0.6973885893821716
10X_P7_6_CGACCTTCACATCTTT,3-F-56,B cell,0,B cell,-2.1828537,3.192838,5844,1.2234715223312378
10X_P7_6_CGACCTTCAGGTGGAT,3-F-56,B cell,0,B cell,0.18550326,0.0005960065,5845,0.4045349955558777
10X_P7_6_CGACCTTCAGTAACGG,3-F-56,B cell,0,B cell,-1.2937591,3.2294087,5846,1.0960407257080078
10X_P7_6_CGACCTTGTCCGCTGA,3-F-56,B cell,1,Unmatched_1,-2.307326,6.045893,5847,0.6174622774124146
10X_P7_6_CGACCTTGTCTGATTG,3-F-56,B cell,0,B cell,-0.84735477,1.272087,5848,0.5070444345474243
10X_P7_6_CGACCTTGTGGCAAAC,3-F-56,B cell,1,Unmatched_1,-2.673123,4.2341533,5849,0.8214091658592224
10X_P7_6_CGACCTTGTGTGGTTT,3-F-56,B cell,7,Unmatched_7,-5.0650573,1.3659494,5850,1.0763959884643557
10X_P7_6_CGACCTTTCTACCTGC,3-F-56,B cell,0,B cell,-0.64916664,-0.31090453,5851,0.7428603172302246
10X_P7_6_CGACCTTTCTGAGGGA,3-F-56,B cell,1,Unmatched_1,-1.1250751,4.466718,5852,1.0052142143249512
10X_P7_6_CGACTTCAGCAGCCTC,3-F-56,B cell,1,Unmatched_1,-3.7136106,3.9070687,5853,1.0235940217971802
10X_P7_6_CGACTTCAGCGTAATA,3-F-56,B cell,1,Unmatched_1,-2.3971777,6.124472,5854,0.7621878385543823
10X_P7_6_CGACTTCAGGCAATTA,3-F-56,B cell,0,B cell,-4.7549744,0.24466303,5855,0.5336933732032776
10X_P7_6_CGACTTCAGGGTTTCT,3-F-56,B cell,0,B cell,-1.5888476,3.0480468,5856,0.716192364692688
10X_P7_6_CGACTTCGTACACCGC,3-F-56,B cell,0,B cell,-2.0370076,1.042962,5857,0.5763459205627441
10X_P7_6_CGACTTCGTCGACTGC,3-F-56,B cell,0,B cell,-2.827538,1.4867198,5858,0.4747860133647918
10X_P7_6_CGACTTCGTTATGTGC,3-F-56,T cell,2,Unmatched_2,2.5954325,26.310677,5859,0.8344082832336426
10X_P7_6_CGACTTCGTTGCGTTA,3-F-56,B cell,0,B cell,-1.3544525,-0.24632223,5860,0.7900577187538147
10X_P7_6_CGACTTCTCATTCACT,3-F-56,T cell,2,Unmatched_2,2.7115479,25.370964,5861,0.7016736268997192
10X_P7_6_CGACTTCTCCCGGATG,3-F-56,B cell,4,Unmatched_4,-3.8868215,4.4160204,5862,0.9678279161453248
10X_P7_6_CGACTTCTCGCCCTTA,3-F-56,T cell,3,T cell,4.872145,24.442368,5863,1.0598394870758057
10X_P7_6_CGACTTCTCTGGTATG,3-F-56,B cell,1,Unmatched_1,-1.1204935,5.5987687,5864,0.4364646077156067
10X_P7_6_CGACTTCTCTTCGGTC,3-F-56,B cell,0,B cell,-0.070136614,0.02128161,5865,0.6288294196128845
10X_P7_6_CGAGAAGAGAGTGACC,3-F-56,B cell,0,B cell,-1.769764,3.2254038,5866,0.765835702419281
10X_P7_6_CGAGAAGAGCAGCCTC,3-F-56,B cell,1,Unmatched_1,-2.7586474,4.0651603,5867,0.8777987360954285
10X_P7_6_CGAGAAGCAATGAATG,3-F-56,B cell,0,B cell,-1.722068,-0.25034058,5868,0.8438198566436768
10X_P7_6_CGAGAAGCACAACGCC,3-F-56,B cell,4,Unmatched_4,-4.9552007,4.396381,5869,0.7901033759117126
10X_P7_6_CGAGAAGCAGCTTAAC,3-F-56,T cell,3,T cell,3.855797,23.289635,5870,0.6062113046646118
10X_P7_6_CGAGAAGTCAATAAGG,3-F-56,B cell,6,natural killer cell,0.73057085,2.8832932,5871,0.5809102058410645
10X_P7_6_CGAGAAGTCACAGGCC,3-F-56,B cell,0,B cell,-0.6283964,2.308692,5872,0.8522124290466309
10X_P7_6_CGAGAAGTCGTCTGCT,3-F-56,B cell,1,Unmatched_1,-1.67849,5.5830584,5873,0.4373266398906708
10X_P7_6_CGAGCACCAAAGTGCG,3-F-56,B cell,14,Unmatched_14,8.209984,15.734344,5874,5.334986209869385
10X_P7_6_CGAGCACCAAGCCATT,3-F-56,B cell,0,B cell,0.02426534,0.07116513,5875,0.515068531036377
10X_P7_6_CGAGCACCACACATGT,3-F-56,B cell,0,B cell,-2.666941,1.6415039,5876,0.667584240436554
10X_P7_6_CGAGCACCAGTCGATT,3-F-56,B cell,0,B cell,-1.177852,0.7138677,5877,0.7022367715835571
10X_P7_6_CGAGCACCATCCTAGA,3-F-56,B cell,1,Unmatched_1,-3.5622604,-0.20213409,5878,0.8283237218856812
10X_P7_6_CGAGCACCATTTGCCC,3-F-56,B cell,1,Unmatched_1,-3.9960132,6.438383,5879,0.8039638996124268
10X_P7_6_CGAGCACGTAGCGTAG,3-F-56,T cell,3,T cell,3.6907115,23.723661,5880,0.5954941511154175
10X_P7_6_CGAGCACGTAGGCTGA,3-F-56,T cell,2,Unmatched_2,3.9623942,25.803522,5881,1.0553323030471802
10X_P7_6_CGAGCACGTCGGCTCA,3-F-56,B cell,1,Unmatched_1,-0.77142423,6.2178235,5882,0.7669380307197571
10X_P7_6_CGAGCACGTCGGGTCT,3-F-56,B cell,0,B cell,-2.4308538,1.564704,5883,0.4988965690135956
10X_P7_6_CGAGCACGTGGTACAG,3-F-56,B cell,4,Unmatched_4,-3.7436407,3.7614317,5884,0.8722546100616455
10X_P7_6_CGAGCACGTGTGGCTC,3-F-56,B cell,0,B cell,-0.6969164,2.3662362,5885,0.7046319842338562
10X_P7_6_CGAGCACTCAAGGCTT,3-F-56,B cell,0,B cell,-2.1978471,2.1952322,5886,0.9799681305885316
10X_P7_6_CGAGCACTCGCTAGCG,3-F-56,B cell,0,B cell,-2.9889433,1.0007308,5887,0.5099480748176575
10X_P7_6_CGAGCACTCTGTACGA,3-F-56,B cell,0,B cell,-1.8632854,1.7482457,5888,0.715448260307312
10X_P7_6_CGAGCACTCTTGTACT,3-F-56,B cell,0,B cell,-0.23497477,0.66887,5889,0.7027665376663208
10X_P7_6_CGAGCCAAGATCCGAG,3-F-56,B cell,4,Unmatched_4,-5.1688232,2.8516743,5890,1.0493526458740234
10X_P7_6_CGAGCCAAGCGTAATA,3-F-56,T cell,2,Unmatched_2,2.074245,26.33493,5891,0.694083034992218
10X_P7_6_CGAGCCAAGGACTGGT,3-F-56,B cell,4,Unmatched_4,-4.830793,4.3011603,5892,0.9382922053337096
10X_P7_6_CGAGCCAAGGTGCTAG,3-F-56,B cell,0,B cell,0.31968513,0.19492102,5893,0.4628483653068542
10X_P7_6_CGAGCCAAGTCCTCCT,3-F-56,B cell,1,Unmatched_1,-1.2967982,6.29506,5894,0.5842609405517578
10X_P7_6_CGAGCCACAATCCGAT,3-F-56,T cell,2,Unmatched_2,3.3161244,24.195433,5895,0.8071883320808411
10X_P7_6_CGAGCCACACGCTTTC,3-F-56,B cell,0,B cell,-0.29546115,2.442078,5896,0.913953423500061
10X_P7_6_CGAGCCACACTGTGTA,3-F-56,T cell,3,T cell,4.8640027,24.440989,5897,0.9690636992454528
10X_P7_6_CGAGCCACATTTGCCC,3-F-56,B cell,0,B cell,-4.605448,0.19090562,5898,0.6508881449699402
10X_P7_6_CGAGCCAGTACCGTAT,3-F-56,B cell,0,B cell,-2.831646,1.3153859,5899,0.5712563395500183
10X_P7_6_CGAGCCAGTCACTGGC,3-F-56,B cell,0,B cell,-0.6814854,-0.6426011,5900,0.532280683517456
10X_P7_6_CGAGCCAGTCCATCCT,3-F-56,B cell,0,B cell,-1.3263359,-0.12001098,5901,0.8465169072151184
10X_P7_6_CGAGCCAGTCGCATAT,3-F-56,T cell,3,T cell,2.8396163,23.521984,5902,0.7445181012153625
10X_P7_6_CGAGCCATCAAAGACA,3-F-56,B cell,1,Unmatched_1,-2.8238003,4.1275263,5903,1.3188601732254028
10X_P7_6_CGAGCCATCATGGTCA,3-F-56,B cell,1,Unmatched_1,-1.5691799,5.3166676,5904,1.1923692226409912
10X_P7_6_CGAGCCATCCCATTAT,3-F-56,T cell,2,Unmatched_2,3.928017,25.768246,5905,1.662903070449829
10X_P7_6_CGATCGGAGCATCATC,3-F-56,B cell,0,B cell,-0.8485833,-1.3652669,5906,0.79302978515625
10X_P7_6_CGATCGGAGGACTGGT,3-F-56,B cell,0,B cell,-1.6545994,1.3598608,5907,0.7603487372398376
10X_P7_6_CGATCGGAGGTGATAT,3-F-56,B cell,1,Unmatched_1,-0.9783652,6.0829506,5908,0.4192452430725097
10X_P7_6_CGATCGGCACCAGGTC,3-F-56,B cell,0,B cell,-2.017492,0.64551127,5909,0.4651094675064087
10X_P7_6_CGATCGGCACTGCCAG,3-F-56,B cell,0,B cell,-2.0409775,0.7704305,5910,0.5371909141540527
10X_P7_6_CGATCGGCAGCTGTGC,3-F-56,T cell,3,T cell,3.7979472,23.28904,5911,0.596841037273407
10X_P7_6_CGATCGGCAGTGAGTG,3-F-56,B cell,0,B cell,-1.6717016,4.1117115,5912,0.6002076864242554
10X_P7_6_CGATCGGCATATACCG,3-F-56,B cell,0,B cell,-1.0695596,1.9674134,5913,0.8481215238571167
10X_P7_6_CGATCGGGTACTCTCC,3-F-56,B cell,1,Unmatched_1,-2.1069431,4.3579645,5914,0.5684066414833069
10X_P7_6_CGATCGGGTCATGCCG,3-F-56,B cell,0,B cell,-4.110063,2.0680869,5915,0.5894908308982849
10X_P7_6_CGATCGGGTCGGCATC,3-F-56,T cell,2,Unmatched_2,2.3985245,26.092772,5916,0.6661375164985657
10X_P7_6_CGATCGGGTGAGCGAT,3-F-56,B cell,0,B cell,-0.93579006,0.53578657,5917,0.4808408617973327
10X_P7_6_CGATCGGTCACTTACT,3-F-56,B cell,2,Unmatched_2,3.8572586,24.703966,5918,2.3056070804595947
10X_P7_6_CGATCGGTCAGTTCGA,3-F-56,B cell,0,B cell,-3.1921506,-0.25004348,5919,0.8289861679077148
10X_P7_6_CGATCGGTCTGGAGCC,3-F-56,T cell,3,T cell,2.4946275,23.198837,5920,0.9152096509933472
10X_P7_6_CGATGGCAGCCCTAAT,3-F-56,B cell,0,B cell,-2.956988,2.8030057,5921,0.5772343873977661
10X_P7_6_CGATGGCAGGGATGGG,3-F-56,B cell,0,B cell,-1.1336306,-0.11825967,5922,0.8109448552131653
10X_P7_6_CGATGGCAGTACGCGA,3-F-56,T cell,2,Unmatched_2,2.2845287,26.33231,5923,0.5762490630149841
10X_P7_6_CGATGGCAGTTAGGTA,3-F-56,B cell,0,B cell,-0.4851025,3.1547987,5924,1.011847734451294
10X_P7_6_CGATGGCCACCTCGGA,3-F-56,B cell,0,B cell,-0.7713026,-1.1552474,5925,0.5706201195716858
10X_P7_6_CGATGGCCACGTAAGG,3-F-56,B cell,0,B cell,-5.278978,0.81206346,5926,1.209076166152954
10X_P7_6_CGATGGCCATGGTCAT,3-F-56,B cell,0,B cell,-1.1824957,0.25780112,5927,0.7378748059272766
10X_P7_6_CGATGGCCATGTTGAC,3-F-56,B cell,0,B cell,-0.7915275,0.59189117,5928,0.7795509696006775
10X_P7_6_CGATGGCGTAACGTTC,3-F-56,B cell,0,B cell,-2.1117113,1.1463964,5929,0.8711946606636047
10X_P7_6_CGATGGCGTCATTAGC,3-F-56,B cell,0,B cell,-0.72306144,-0.6836201,5930,0.778710663318634
10X_P7_6_CGATGGCGTTAGAACA,3-F-56,T cell,3,T cell,2.4427755,23.332327,5931,0.8238220810890198
10X_P7_6_CGATGGCGTTCGCGAC,3-F-56,B cell,0,B cell,-1.3402046,-0.28832805,5932,0.6602531671524048
10X_P7_6_CGATGGCTCAGCATGT,3-F-56,T cell,2,Unmatched_2,4.844741,26.705723,5933,1.5275695323944092
10X_P7_6_CGATGGCTCCCTAACC,3-F-56,T cell,3,T cell,3.8316228,23.729715,5934,1.0376006364822388
10X_P7_6_CGATGGCTCTCTAGGA,3-F-56,B cell,0,B cell,-1.2982928,2.8239381,5935,1.5045167207717896
10X_P7_6_CGATGTAAGACAAAGG,3-F-56,B cell,0,B cell,-1.9311517,0.3503653,5936,0.5450116395950317
10X_P7_6_CGATGTAAGCCAGTAG,3-F-56,B cell,0,B cell,-2.873719,1.4102165,5937,0.4221814274787903
10X_P7_6_CGATGTAAGCGATATA,3-F-56,B cell,0,B cell,-1.6110749,0.69369805,5938,0.5418821573257446
10X_P7_6_CGATGTAAGCGTTCCG,3-F-56,B cell,0,B cell,-2.3020852,1.8184903,5939,1.3718066215515137
10X_P7_6_CGATGTAAGCTGTCTA,3-F-56,B cell,0,B cell,-1.9152977,3.1102026,5940,1.01881742477417
10X_P7_6_CGATGTAAGGGATGGG,3-F-56,B cell,1,Unmatched_1,-2.1371508,4.0146875,5941,1.3607569932937622
10X_P7_6_CGATGTAAGTGGGTTG,3-F-56,B cell,1,Unmatched_1,-1.7132844,4.627239,5942,0.4392027258872986
10X_P7_6_CGATGTAGTCAAAGAT,3-F-56,B cell,1,Unmatched_1,-1.0597728,5.7083244,5943,0.5423436164855957
10X_P7_6_CGATGTATCAGCTGGC,3-F-56,B cell,1,Unmatched_1,-1.5439264,4.288814,5944,0.5850068926811218
10X_P7_6_CGATGTATCCAGTAGT,3-F-56,B cell,7,Unmatched_7,-5.030852,1.5443012,5945,1.0048917531967163
10X_P7_6_CGATGTATCGAACTGT,3-F-56,T cell,3,T cell,2.5305755,23.265572,5946,0.997790277004242
10X_P7_6_CGATTGAAGCCAGTTT,3-F-56,B cell,0,B cell,-0.7799856,1.8681916,5947,0.5598630905151367
10X_P7_6_CGATTGAAGGTGGGTT,3-F-56,B cell,1,Unmatched_1,-0.97779036,5.7073965,5948,1.4356515407562256
10X_P7_6_CGATTGACAATTCCTT,3-F-56,T cell,3,T cell,5.317452,24.913918,5949,1.0737780332565308
10X_P7_6_CGATTGACAGAAGCAC,3-F-56,B cell,2,Unmatched_2,0.6889486,22.852795,5950,1.2663497924804688
10X_P7_6_CGATTGAGTAGCTTGT,3-F-56,B cell,1,Unmatched_1,-2.2928655,5.1218815,5951,0.5359753966331482
10X_P7_6_CGATTGAGTCAGCTAT,3-F-56,T cell,2,Unmatched_2,1.7092896,25.589195,5952,1.1584007740020752
10X_P7_6_CGATTGAGTCTAGTCA,3-F-56,B cell,1,Unmatched_1,-2.8097537,5.0776877,5953,1.2636734247207642
10X_P7_6_CGATTGAGTTCCACAA,3-F-56,T cell,3,T cell,3.6271343,23.273363,5954,0.6301115155220032
10X_P7_6_CGATTGAGTTGCGTTA,3-F-56,B cell,0,B cell,-3.146197,2.8387692,5955,1.04235577583313
10X_P7_6_CGATTGATCACGCATA,3-F-56,B cell,0,B cell,-1.914489,1.9811778,5956,1.209850788116455
10X_P7_6_CGATTGATCAGTGCAT,3-F-56,T cell,2,Unmatched_2,2.3616688,25.806566,5957,0.5917681455612183
10X_P7_6_CGATTGATCCGCGGTA,3-F-56,T cell,3,T cell,3.7583203,23.026442,5958,0.7892448306083679
10X_P7_6_CGATTGATCGCCGTGA,3-F-56,B cell,0,B cell,-2.0621686,0.5777318,5959,0.4901208281517029
10X_P7_6_CGATTGATCGCTTAGA,3-F-56,B cell,0,B cell,0.3153604,-0.22649592,5960,0.5652346611022949
10X_P7_6_CGATTGATCTCTAAGG,3-F-56,B cell,0,B cell,-2.55734,3.1753824,5961,0.9814358949661256
10X_P7_6_CGCCAAGAGTCTTGCA,3-F-56,B cell,1,Unmatched_1,-0.6528962,6.1695104,5962,0.7589764595031738
10X_P7_6_CGCCAAGCACATCCGG,3-F-56,T cell,2,Unmatched_2,1.6228793,25.680681,5963,1.18793785572052
10X_P7_6_CGCCAAGGTACCTACA,3-F-56,natural killer cell,6,natural killer cell,6.8330674,25.854742,5964,2.389791250228882
10X_P7_6_CGCCAAGTCACTATTC,3-F-56,B cell,0,B cell,-2.6372042,-0.054894414,5965,0.7035868167877197
10X_P7_6_CGCCAAGTCACTTACT,3-F-56,B cell,0,B cell,-4.1500235,1.8709139,5966,0.7981211543083191
10X_P7_6_CGCCAAGTCCGTCATC,3-F-56,macrophage,5,macrophage,11.685689,14.598242,5967,2.0990562438964844
10X_P7_6_CGCCAAGTCGCGTTTC,3-F-56,B cell,1,Unmatched_1,-2.0816488,5.722426,5968,1.0253132581710815
10X_P7_6_CGCCAAGTCTCGCATC,3-F-56,T cell,3,T cell,4.2495565,24.288696,5969,1.197343349456787
10X_P7_6_CGCGGTAAGACCGGAT,3-F-56,B cell,0,B cell,-1.1516219,0.8645467,5970,0.7262727618217468
10X_P7_6_CGCGGTAAGCCTATGT,3-F-56,B cell,0,B cell,-0.24812028,0.510831,5971,0.5247675180435181
10X_P7_6_CGCGGTAAGCCTCGTG,3-F-56,B cell,0,B cell,-1.4349912,-0.17699318,5972,0.7364072799682617
10X_P7_6_CGCGGTAAGCTAGTGG,3-F-56,T cell,2,Unmatched_2,2.9282308,26.419144,5973,0.6113672256469727
10X_P7_6_CGCGGTAAGTCCATAC,3-F-56,B cell,0,B cell,-0.58869857,-0.9231118,5974,0.6380982398986816
10X_P7_6_CGCGGTACAAGCTGTT,3-F-56,B cell,0,B cell,-1.1850708,2.6620898,5975,1.0485056638717651
10X_P7_6_CGCGGTACACGAGAGT,3-F-56,B cell,0,B cell,-2.673001,1.7426689,5976,0.489073246717453
10X_P7_6_CGCGGTACACGCGAAA,3-F-56,macrophage,5,macrophage,11.258374,14.518061,5977,1.849225640296936
10X_P7_6_CGCGGTACAGAAGCAC,3-F-56,B cell,1,Unmatched_1,-2.0044525,5.614849,5978,0.4507721662521362
10X_P7_6_CGCGGTACAGCTGTTA,3-F-56,T cell,2,Unmatched_2,2.8879876,25.530514,5979,0.662652313709259
10X_P7_6_CGCGGTACAGTATGCT,3-F-56,T cell,2,Unmatched_2,2.2540948,25.743652,5980,0.7974698543548584
10X_P7_6_CGCGGTAGTACCAGTT,3-F-56,B cell,4,Unmatched_4,-4.960339,4.1929436,5981,1.0379694700241089
10X_P7_6_CGCGGTAGTATCAGTC,3-F-56,T cell,2,Unmatched_2,2.5691307,26.076038,5982,0.500503659248352
10X_P7_6_CGCGGTAGTCAGATAA,3-F-56,B cell,0,B cell,-1.9504654,1.834317,5983,1.1607515811920166
10X_P7_6_CGCGGTAGTCCAGTTA,3-F-56,T cell,3,T cell,2.559195,23.290327,5984,0.6220548152923584
10X_P7_6_CGCGGTAGTCCGAAGA,3-F-56,B cell,0,B cell,-1.9406563,1.9813063,5985,0.6512132883071899
10X_P7_6_CGCGGTATCACCTTAT,3-F-56,T cell,3,T cell,3.0479074,23.585684,5986,0.7896120548248291
10X_P7_6_CGCGGTATCCTATTCA,3-F-56,B cell,0,B cell,-1.7055947,3.71563,5987,0.7533349394798279
10X_P7_6_CGCGGTATCTCTGCTG,3-F-56,natural killer cell,6,natural killer cell,7.104595,26.428968,5988,1.8048216104507449
10X_P7_6_CGCGGTATCTTGTACT,3-F-56,B cell,0,B cell,-0.7803948,1.4499041,5989,1.1253650188446045
10X_P7_6_CGCGTTTAGCCGGTAA,3-F-56,B cell,1,Unmatched_1,-1.1519972,5.7395563,5990,0.9188936352729796
10X_P7_6_CGCGTTTAGGCAAAGA,3-F-56,B cell,0,B cell,-1.0496912,1.5865573,5991,0.8405011296272278
10X_P7_6_CGCGTTTAGGCGATAC,3-F-56,B cell,0,B cell,-3.641234,0.25778028,5992,0.8125935792922974
10X_P7_6_CGCGTTTCAAGAGTCG,3-F-56,B cell,0,B cell,-0.32486507,-0.68909687,5993,0.6712677478790283
10X_P7_6_CGCGTTTCACATGGGA,3-F-56,macrophage,8,Unmatched_8,10.010199,12.373809,5994,2.196199655532837
10X_P7_6_CGCGTTTCACCCAGTG,3-F-56,B cell,0,B cell,-3.4190996,0.63314867,5995,0.4111886620521545
10X_P7_6_CGCGTTTCACTGTGTA,3-F-56,T cell,3,T cell,2.5235114,23.167109,5996,0.855224072933197
10X_P7_6_CGCGTTTGTACAGTGG,3-F-56,B cell,0,B cell,-2.1537516,1.4874974,5997,0.4400849938392639
10X_P7_6_CGCGTTTGTTCCCGAG,3-F-56,natural killer cell,6,natural killer cell,6.8733397,26.178522,5998,2.5932743549346924
10X_P7_6_CGCGTTTTCAGGATCT,3-F-56,B cell,0,B cell,-3.4480705,-0.50024617,5999,0.7146683931350708
10X_P7_6_CGCTATCAGGAGTTTA,3-F-56,B cell,1,Unmatched_1,-1.6154443,6.023448,6000,0.6514403223991394
10X_P7_6_CGCTATCAGTGTACTC,3-F-56,B cell,2,Unmatched_2,0.66623616,22.8518,6001,1.5810683965682983
10X_P7_6_CGCTATCCACCCTATC,3-F-56,macrophage,8,Unmatched_8,9.997732,12.409992,6002,3.646089553833008
10X_P7_6_CGCTATCCAGCTGGCT,3-F-56,B cell,1,Unmatched_1,-1.1274368,5.8994136,6003,0.5695974230766296
10X_P7_6_CGCTATCCAGGATCGA,3-F-56,macrophage,8,Unmatched_8,10.680859,11.777614,6004,3.646089553833008
10X_P7_6_CGCTATCCAGGGTACA,3-F-56,B cell,0,B cell,-2.985102,0.26585048,6005,0.4386335611343384
10X_P7_6_CGCTATCGTCCATCCT,3-F-56,B cell,0,B cell,0.018515693,-0.03750681,6006,0.4649504125118255
10X_P7_6_CGCTATCGTGTGCCTG,3-F-56,B cell,0,B cell,0.3278333,0.606805,6007,0.5369307398796082
10X_P7_6_CGCTATCGTTACCGAT,3-F-56,B cell,0,B cell,-2.0463212,-1.0361124,6008,0.9195529222488404
10X_P7_6_CGCTATCTCTTGTTTG,3-F-56,T cell,3,T cell,3.6679738,23.48363,6009,0.6436038017272949
10X_P7_6_CGCTGGAAGAGTAATC,3-F-56,T cell,3,T cell,2.9902136,23.346498,6010,0.7937411069869995
10X_P7_6_CGCTGGAAGTGGAGTC,3-F-56,B cell,0,B cell,-3.79472,-0.5045199,6011,1.256496787071228
10X_P7_6_CGCTGGACAGACGTAG,3-F-56,B cell,0,B cell,-3.480229,0.2630822,6012,0.5182772874832153
10X_P7_6_CGCTGGACATATACCG,3-F-56,B cell,1,Unmatched_1,-2.0357356,5.600882,6013,0.4984849095344543
10X_P7_6_CGCTGGAGTACGCTGC,3-F-56,B cell,1,Unmatched_1,-2.321963,5.063401,6014,0.5355137586593628
10X_P7_6_CGCTGGAGTAGAGTGC,3-F-56,B cell,7,Unmatched_7,-5.522111,1.3697916,6015,1.1800470352172852
10X_P7_6_CGCTGGAGTCCCTACT,3-F-56,B cell,0,B cell,-1.3229525,2.6847482,6016,1.0091413259506226
10X_P7_6_CGCTGGATCGACAGCC,3-F-56,B cell,0,B cell,-0.623694,0.30714387,6017,0.8670446872711182
10X_P7_6_CGCTTCAAGCTAGCCC,3-F-56,B cell,1,Unmatched_1,-2.3418794,6.0051045,6018,0.7143377065658569
10X_P7_6_CGCTTCAAGGACACCA,3-F-56,T cell,3,T cell,4.710273,24.436129,6019,0.9292734265327454
10X_P7_6_CGCTTCAAGTACGCCC,3-F-56,T cell,2,Unmatched_2,2.694211,25.962353,6020,0.6980155110359192
10X_P7_6_CGCTTCACATCCGCGA,3-F-56,B cell,1,Unmatched_1,-0.83723205,5.979257,6021,0.5626896023750305
10X_P7_6_CGCTTCAGTCGAACAG,3-F-56,B cell,0,B cell,-2.2871406,1.7522492,6022,0.4309853613376617
10X_P7_6_CGCTTCAGTCGCATCG,3-F-56,T cell,3,T cell,2.9128635,23.204466,6023,1.158228039741516
10X_P7_6_CGCTTCAGTTTCCACC,3-F-56,B cell,0,B cell,-4.6927733,0.18949153,6024,0.6433497667312622
10X_P7_6_CGCTTCATCAGCTTAG,3-F-56,natural killer cell,6,natural killer cell,7.120358,26.523794,6025,1.7887444496154783
10X_P7_6_CGCTTCATCCAGATCA,3-F-56,T cell,3,T cell,3.5994606,23.655552,6026,0.7252368927001953
10X_P7_6_CGGACACAGTAGCCGA,3-F-56,T cell,2,Unmatched_2,4.5328035,25.6614,6027,1.7091602087020874
10X_P7_6_CGGACACCACACATGT,3-F-56,B cell,0,B cell,-3.5052223,-0.6635949,6028,0.8448565602302551
10X_P7_6_CGGACACCACAGCCCA,3-F-56,B cell,0,B cell,-1.2790236,3.115182,6029,1.1753727197647097
10X_P7_6_CGGACACCACATTTCT,3-F-56,T cell,3,T cell,4.48221,25.039644,6030,1.669687032699585
10X_P7_6_CGGACACCACGGTTTA,3-F-56,T cell,2,Unmatched_2,3.2560685,25.695,6031,0.7186813354492188
10X_P7_6_CGGACACCAGCGAACA,3-F-56,B cell,1,Unmatched_1,-1.8279417,3.8024595,6032,0.5485278964042664
10X_P7_6_CGGACACCAGGGAGAG,3-F-56,B cell,0,B cell,0.11398731,-0.46003333,6033,0.4690172672271728
10X_P7_6_CGGACACCATCCTTGC,3-F-56,B cell,0,B cell,-2.1313856,-0.065667704,6034,1.133708119392395
10X_P7_6_CGGACACCATGGTCAT,3-F-56,B cell,0,B cell,0.032316107,0.32568902,6035,0.4228669703006744
10X_P7_6_CGGACACGTATGAAAC,3-F-56,T cell,2,Unmatched_2,2.279935,26.289818,6036,0.6681355237960815
10X_P7_6_CGGACACGTCACCCAG,3-F-56,B cell,0,B cell,-2.2619495,-1.0537685,6037,1.406632661819458
10X_P7_6_CGGACACTCCAAACTG,3-F-56,natural killer cell,6,natural killer cell,7.343868,26.18456,6038,1.898315191268921
10X_P7_6_CGGACACTCCCAAGAT,3-F-56,macrophage,5,macrophage,13.312426,15.31504,6039,2.230795860290528
10X_P7_6_CGGACACTCTGGCGAC,3-F-56,B cell,0,B cell,-4.0593877,2.2322562,6040,1.015755534172058
10X_P7_6_CGGACACTCTGTTTGT,3-F-56,B cell,0,B cell,-2.4860609,0.87474954,6041,0.4060084819793701
10X_P7_6_CGGACGTCAGCGTTCG,3-F-56,B cell,0,B cell,-2.2530396,2.9956763,6042,1.0498896837234497
10X_P7_6_CGGACGTCATTCACTT,3-F-56,B cell,1,Unmatched_1,-1.3298805,4.099151,6043,0.6503337621688843
10X_P7_6_CGGACGTGTAAGGATT,3-F-56,natural killer cell,6,natural killer cell,6.839404,25.733458,6044,1.9423874616622925
10X_P7_6_CGGACGTGTGCCTTGG,3-F-56,B cell,1,Unmatched_1,-2.6795268,4.971805,6045,0.8835200667381287
10X_P7_6_CGGACGTGTGTCAATC,3-F-56,B cell,4,Unmatched_4,-2.6001358,8.858471,6046,1.186836004257202
10X_P7_6_CGGACGTTCCTGCCAT,3-F-56,B cell,0,B cell,-2.9949021,1.6302034,6047,0.5067188739776611
10X_P7_6_CGGACGTTCTTCTGGC,3-F-56,B cell,1,Unmatched_1,-2.6110232,6.151594,6048,0.7759248614311218
10X_P7_6_CGGACTGAGAACAATC,3-F-56,T cell,3,T cell,2.4558156,23.303005,6049,0.982207417488098
10X_P7_6_CGGACTGAGCATGGCA,3-F-56,B cell,0,B cell,-3.1908002,1.3706026,6050,0.3921330273151397
10X_P7_6_CGGACTGAGCCCTAAT,3-F-56,T cell,2,Unmatched_2,2.3291154,26.265476,6051,0.5628061890602112
10X_P7_6_CGGACTGAGTATGACA,3-F-56,B cell,0,B cell,-1.100663,0.5745415,6052,0.7261000871658325
10X_P7_6_CGGACTGAGTTCGCGC,3-F-56,B cell,0,B cell,-1.1663638,3.8702881,6053,0.7056350708007812
10X_P7_6_CGGACTGGTCATGCCG,3-F-56,B cell,0,B cell,-1.86153,-0.7596186,6054,1.1491467952728271
10X_P7_6_CGGACTGGTGTAAGTA,3-F-56,B cell,0,B cell,-0.44071105,1.2215921,6055,1.1630643606185913
10X_P7_6_CGGACTGGTGTTTGGT,3-F-56,B cell,0,B cell,-1.0402246,3.060172,6056,0.8653425574302673
10X_P7_6_CGGACTGGTTACGTCA,3-F-56,T cell,2,Unmatched_2,2.4475183,25.500956,6057,0.7048127055168152
10X_P7_6_CGGACTGTCACGACTA,3-F-56,T cell,2,Unmatched_2,1.9660488,25.783945,6058,0.7956627607345581
10X_P7_6_CGGACTGTCCTAAGTG,3-F-56,B cell,1,Unmatched_1,-2.181826,6.0729237,6059,0.7473620772361755
10X_P7_6_CGGACTGTCTCTTGAT,3-F-56,B cell,0,B cell,-0.22102298,0.3494504,6060,0.4286505579948425
10X_P7_6_CGGAGCTAGACTAGGC,3-F-56,B cell,0,B cell,-2.1179454,0.7410487,6061,0.4732322990894317
10X_P7_6_CGGAGCTAGCTAGTTC,3-F-56,B cell,0,B cell,-2.5638225,0.78337955,6062,0.5383155941963196
10X_P7_6_CGGAGCTAGTGGTAAT,3-F-56,T cell,2,Unmatched_2,4.3861723,25.908644,6063,1.1566309928894043
10X_P7_6_CGGAGCTCACAGGCCT,3-F-56,B cell,0,B cell,-2.5368018,-0.4537105,6064,0.8231447339057922
10X_P7_6_CGGAGCTGTGTGACGA,3-F-56,B cell,4,Unmatched_4,-4.7605023,3.277954,6065,0.7347453832626343
10X_P7_6_CGGAGCTGTTCATGGT,3-F-56,B cell,0,B cell,-1.8603204,0.7496516,6066,0.5695437788963318
10X_P7_6_CGGAGCTTCAACGAAA,3-F-56,B cell,7,Unmatched_7,-5.2955656,1.43078,6067,1.139081954956055
10X_P7_6_CGGAGCTTCCCAACGG,3-F-56,B cell,0,B cell,-2.3394868,2.4599366,6068,0.778759777545929
10X_P7_6_CGGAGCTTCCTGTACC,3-F-56,macrophage,5,macrophage,12.637739,14.8536825,6069,1.958485126495361
10X_P7_6_CGGAGCTTCGCTTGTC,3-F-56,B cell,4,Unmatched_4,-4.868582,2.5165348,6070,1.2551405429840088
10X_P7_6_CGGAGTCAGCAGATCG,3-F-56,B cell,0,B cell,-1.7246687,0.99847734,6071,0.6202054023742676
10X_P7_6_CGGAGTCAGCCGATTT,3-F-56,B cell,1,Unmatched_1,-1.0323467,6.2827826,6072,0.5651299953460693
10X_P7_6_CGGAGTCAGCTGGAAC,3-F-56,T cell,2,Unmatched_2,4.096159,26.528805,6073,1.0097081661224363
10X_P7_6_CGGAGTCAGGGCTTGA,3-F-56,T cell,2,Unmatched_2,3.8743312,24.920921,6074,1.5697550773620603
10X_P7_6_CGGAGTCAGTAGGTGC,3-F-56,B cell,0,B cell,-0.40576816,-0.456476,6075,0.4827423393726349
10X_P7_6_CGGAGTCAGTGTACCT,3-F-56,B cell,0,B cell,-0.31991044,-0.07948859,6076,0.413277268409729
10X_P7_6_CGGAGTCAGTTGTCGT,3-F-56,T cell,9,Unmatched_9,7.0970736,23.592283,6077,1.2771987915039062
10X_P7_6_CGGAGTCCATCGATGT,3-F-56,B cell,0,B cell,-1.9699637,3.0789382,6078,1.0361994504928589
10X_P7_6_CGGAGTCGTACTCTCC,3-F-56,B cell,0,B cell,-2.3625803,2.6510196,6079,0.8543896675109863
10X_P7_6_CGGAGTCGTCTCGTTC,3-F-56,B cell,0,B cell,-2.268189,0.32834777,6080,0.4296160340309143
10X_P7_6_CGGAGTCGTTATCGGT,3-F-56,T cell,3,T cell,3.469385,23.208548,6081,0.5685973763465881
10X_P7_6_CGGAGTCTCAGAGACG,3-F-56,T cell,2,Unmatched_2,2.0093303,25.949474,6082,1.4080573320388794
10X_P7_6_CGGAGTCTCATAACCG,3-F-56,B cell,4,Unmatched_4,-2.5318103,8.776314,6083,0.6688531041145325
10X_P7_6_CGGAGTCTCCAAATGC,3-F-56,B cell,1,Unmatched_1,-0.8902656,6.2902107,6084,0.5291469693183899
10X_P7_6_CGGAGTCTCCTTTCGG,3-F-56,B cell,0,B cell,-1.49305,0.7446726,6085,0.675723135471344
10X_P7_6_CGGCTAGAGACTAAGT,3-F-56,B cell,12,Unmatched_12,9.189857,9.661019,6086,4.707103729248047
10X_P7_6_CGGCTAGAGAGGTAGA,3-F-56,macrophage,5,macrophage,11.557524,14.595271,6087,2.063157081604004
10X_P7_6_CGGCTAGAGTATGACA,3-F-56,B cell,0,B cell,-0.41738504,-0.9576428,6088,0.8124415874481201
10X_P7_6_CGGCTAGCAATAAGCA,3-F-56,B cell,0,B cell,-2.4211757,0.47476354,6089,0.601627767086029
10X_P7_6_CGGCTAGCAATAGCGG,3-F-56,B cell,1,Unmatched_1,-2.2270224,4.3130426,6090,0.896965742111206
10X_P7_6_CGGCTAGCACATCCAA,3-F-56,B cell,14,Unmatched_14,8.188704,15.75559,6091,5.334986209869385
10X_P7_6_CGGCTAGCACGTAAGG,3-F-56,B cell,1,Unmatched_1,-0.7163285,6.1316175,6092,0.8997700810432434
10X_P7_6_CGGCTAGGTACCGGCT,3-F-56,T cell,3,T cell,4.6088314,24.362894,6093,0.9633969664573668
10X_P7_6_CGGCTAGTCAGAAATG,3-F-56,B cell,0,B cell,-3.6281085,-0.42724967,6094,0.7546138167381287
10X_P7_6_CGGCTAGTCCGTAGGC,3-F-56,B cell,0,B cell,-0.6350798,-1.2826109,6095,0.5194586515426636
10X_P7_6_CGGCTAGTCTACCTGC,3-F-56,B cell,0,B cell,-0.9392192,0.55935025,6096,0.6324809789657593
10X_P7_6_CGGGTCAAGACTGGGT,3-F-56,B cell,0,B cell,-2.1581683,0.39656836,6097,0.5442559123039246
10X_P7_6_CGGGTCAAGAGATGAG,3-F-56,B cell,1,Unmatched_1,-2.6192656,4.642988,6098,1.0405657291412354
10X_P7_6_CGGGTCAAGAGTACCG,3-F-56,natural killer cell,6,natural killer cell,6.8555903,26.202227,6099,2.209486484527588
10X_P7_6_CGGGTCAAGATACACA,3-F-56,B cell,1,Unmatched_1,-3.8481765,5.9862566,6100,0.9099519848823548
10X_P7_6_CGGGTCAAGCCGTCGT,3-F-56,B cell,0,B cell,0.18903816,0.46395326,6101,0.5760540962219238
10X_P7_6_CGGGTCAAGCGATATA,3-F-56,B cell,0,B cell,-1.691811,4.0010395,6102,0.6687955856323242
10X_P7_6_CGGGTCAAGTGGAGAA,3-F-56,T cell,2,Unmatched_2,4.0900955,26.549906,6103,0.8775262236595154
10X_P7_6_CGGGTCAGTCATCGGC,3-F-56,T cell,3,T cell,3.0313623,22.90513,6104,0.8214201331138611
10X_P7_6_CGGGTCAGTCATGCCG,3-F-56,B cell,0,B cell,-3.4928234,-0.10381155,6105,1.0566866397857666
10X_P7_6_CGGGTCAGTGTCGCTG,3-F-56,B cell,0,B cell,-1.8303776,0.54698086,6106,0.4858128428459167
10X_P7_6_CGGGTCAGTTTACTCT,3-F-56,B cell,0,B cell,-3.4299512,3.3309212,6107,0.8505771160125732
10X_P7_6_CGGGTCATCACGATGT,3-F-56,T cell,2,Unmatched_2,2.065655,25.851995,6108,0.9618005156517028
10X_P7_6_CGGGTCATCCAAGTAC,3-F-56,B cell,1,Unmatched_1,-1.5838009,5.187661,6109,0.4250596761703491
10X_P7_6_CGGTTAAAGGACCACA,3-F-56,B cell,0,B cell,-0.5621228,2.8257904,6110,0.711188018321991
10X_P7_6_CGGTTAACAAGCGATG,3-F-56,B cell,0,B cell,-2.0845888,-1.0694745,6111,0.9880059957504272
10X_P7_6_CGGTTAACAATGACCT,3-F-56,B cell,0,B cell,-2.5910106,1.9654242,6112,0.6468350887298584
10X_P7_6_CGGTTAACACCAGGTC,3-F-56,B cell,1,Unmatched_1,-2.1986356,5.815521,6113,0.44700488448143
10X_P7_6_CGGTTAACACGAGGTA,3-F-56,T cell,2,Unmatched_2,2.7810276,25.864584,6114,0.7386557459831238
10X_P7_6_CGGTTAACAGATTGCT,3-F-56,B cell,7,Unmatched_7,-5.471989,1.127723,6115,1.496071219444275
10X_P7_6_CGGTTAACAGGTGGAT,3-F-56,B cell,1,Unmatched_1,-1.2672051,3.708388,6116,0.524124026298523
10X_P7_6_CGGTTAACATACGCTA,3-F-56,T cell,2,Unmatched_2,4.6029572,26.094437,6117,1.2588305473327637
10X_P7_6_CGGTTAACATCATCCC,3-F-56,B cell,0,B cell,-0.9364751,1.5525417,6118,1.2317167520523071
10X_P7_6_CGGTTAAGTGCAACGA,3-F-56,B cell,1,Unmatched_1,-0.79197407,6.2591157,6119,0.6075335144996643
10X_P7_6_CGGTTAAGTTAAGTAG,3-F-56,macrophage,8,Unmatched_8,10.073748,12.31104,6120,2.0543947219848637
10X_P7_6_CGGTTAAGTTAGAACA,3-F-56,B cell,0,B cell,-0.63707316,2.3404636,6121,0.6719018220901489
10X_P7_6_CGGTTAATCCATGCTC,3-F-56,B cell,1,Unmatched_1,-2.144024,4.8747435,6122,0.5828801989555359
10X_P7_6_CGGTTAATCGGATGTT,3-F-56,T cell,2,Unmatched_2,4.372955,25.919533,6123,1.4683090448379517
10X_P7_6_CGGTTAATCGTTTATC,3-F-56,T cell,2,Unmatched_2,2.8599453,25.724766,6124,0.7686740159988403
10X_P7_6_CGGTTAATCTCAACTT,3-F-56,B cell,0,B cell,-3.1024368,2.9312809,6125,1.4104228019714355
10X_P7_6_CGTAGCGAGTGGAGAA,3-F-56,T cell,2,Unmatched_2,2.4967694,25.718058,6126,0.5874877572059631
10X_P7_6_CGTAGCGCACATGACT,3-F-56,B cell,0,B cell,4.394528,13.648549,6127,1.9898440837860107
10X_P7_6_CGTAGCGCACGCCAGT,3-F-56,B cell,0,B cell,-3.4768999,0.3882689,6128,0.9455163478851318
10X_P7_6_CGTAGCGCATGAACCT,3-F-56,B cell,0,B cell,-1.2581323,3.4108195,6129,0.727822482585907
10X_P7_6_CGTAGCGGTCGAAAGC,3-F-56,B cell,0,B cell,-2.4596758,1.8192672,6130,1.3041589260101318
10X_P7_6_CGTAGCGGTGGTCCGT,3-F-56,B cell,0,B cell,-2.3927314,-1.1760001,6131,0.7300970554351807
10X_P7_6_CGTAGCGTCCGCTGTT,3-F-56,T cell,3,T cell,3.7006102,23.759619,6132,0.8409460783004761
10X_P7_6_CGTAGCGTCGCGATCG,3-F-56,B cell,0,B cell,-1.4225705,2.9680853,6133,0.9715781807899476
10X_P7_6_CGTAGCGTCTACCTGC,3-F-56,B cell,0,B cell,-0.055028632,0.5022849,6134,0.4469360411167145
10X_P7_6_CGTAGGCAGACAGAGA,3-F-56,B cell,0,B cell,-0.18371983,0.9603931,6135,0.4334749281406402
10X_P7_6_CGTAGGCAGTAGGTGC,3-F-56,T cell,2,Unmatched_2,1.6252875,25.67927,6136,0.7944990396499634
10X_P7_6_CGTAGGCCACAGGAGT,3-F-56,B cell,0,B cell,-1.2120707,3.66152,6137,0.8188623785972595
10X_P7_6_CGTAGGCCACCCAGTG,3-F-56,B cell,0,B cell,-1.7145619,-0.27791414,6138,0.611628532409668
10X_P7_6_CGTAGGCCAGACAAGC,3-F-56,natural killer cell,6,natural killer cell,6.6486025,25.641752,6139,3.0181052684783936
10X_P7_6_CGTAGGCCAGTAAGCG,3-F-56,natural killer cell,6,natural killer cell,7.0653577,26.275288,6140,1.8484963178634644
10X_P7_6_CGTAGGCCATCGATGT,3-F-56,macrophage,5,macrophage,11.223445,14.513488,6141,1.5521684885025024
10X_P7_6_CGTAGGCGTCACTGGC,3-F-56,B cell,0,B cell,-2.366923,0.96179354,6142,0.5253398418426514
10X_P7_6_CGTAGGCGTCTTCTCG,3-F-56,B cell,1,Unmatched_1,-1.2766535,4.6361036,6143,0.5864359140396118
10X_P7_6_CGTAGGCTCACGAAGG,3-F-56,T cell,3,T cell,4.7358084,24.379917,6144,1.300723910331726
10X_P7_6_CGTAGGCTCAGTGCAT,3-F-56,B cell,0,B cell,-2.6483514,1.097687,6145,0.51569664478302
10X_P7_6_CGTAGGCTCCCTGACT,3-F-56,B cell,0,B cell,-2.8120704,-0.10155112,6146,0.7959661483764648
10X_P7_6_CGTAGGCTCGTTGCCT,3-F-56,B cell,0,B cell,-4.012045,2.3595495,6147,1.1132750511169434
10X_P7_6_CGTAGGCTCTCTAAGG,3-F-56,B cell,0,B cell,-1.7262055,1.5543144,6148,0.4379536509513855
10X_P7_6_CGTCACTAGAAGCCCA,3-F-56,B cell,0,B cell,-0.7034128,2.4248662,6149,1.686346411705017
10X_P7_6_CGTCACTAGTCAAGCG,3-F-56,macrophage,5,macrophage,11.816915,14.589538,6150,2.6023800373077397
10X_P7_6_CGTCACTCAAGCTGGA,3-F-56,T cell,9,Unmatched_9,7.0596194,23.628546,6151,1.418915867805481
10X_P7_6_CGTCACTCAGCCTATA,3-F-56,B cell,0,B cell,-0.0715845,0.12055087,6152,0.4677697420120239
10X_P7_6_CGTCACTCAGGCTCAC,3-F-56,B cell,0,B cell,-0.69311464,2.780822,6153,0.7121635675430298
10X_P7_6_CGTCACTGTAGTAGTA,3-F-56,B cell,0,B cell,-1.5126295,3.6330497,6154,0.8298013806343079
10X_P7_6_CGTCACTGTATAGTAG,3-F-56,B cell,0,B cell,-1.6995715,2.6843033,6155,0.8648009896278381
10X_P7_6_CGTCACTTCACTTACT,3-F-56,B cell,0,B cell,-3.1278412,1.3060858,6156,0.4438305497169494
10X_P7_6_CGTCACTTCATGGTCA,3-F-56,B cell,0,B cell,-4.13036,1.3649067,6157,0.9068419933319092
10X_P7_6_CGTCACTTCCAGTATG,3-F-56,B cell,0,B cell,-1.5379696,3.679174,6158,0.9303340315818788
10X_P7_6_CGTCACTTCGTCGTTC,3-F-56,B cell,0,B cell,-3.9637427,3.002203,6159,1.3513957262039185
10X_P7_6_CGTCAGGAGCTGATAA,3-F-56,B cell,2,Unmatched_2,4.4582896,26.40451,6160,1.144681692123413
10X_P7_6_CGTCAGGAGGCCATAG,3-F-56,B cell,0,B cell,-2.9007566,1.3038082,6161,0.6065468192100525
10X_P7_6_CGTCAGGAGTACGACG,3-F-56,B cell,1,Unmatched_1,-0.9488906,5.9081454,6162,0.4690693616867065
10X_P7_6_CGTCAGGCAAAGGTGC,3-F-56,B cell,0,B cell,-2.1998591,1.1061444,6163,0.7142596244812012
10X_P7_6_CGTCAGGCAGCTGTGC,3-F-56,T cell,2,Unmatched_2,3.493918,22.899803,6164,1.076257824897766
10X_P7_6_CGTCAGGGTACAGCAG,3-F-56,B cell,0,B cell,-3.257473,0.20343956,6165,0.4215094745159149
10X_P7_6_CGTCAGGGTATAGGTA,3-F-56,B cell,0,B cell,-2.8770688,2.6567357,6166,1.0424145460128784
10X_P7_6_CGTCAGGGTGCACTTA,3-F-56,B cell,0,B cell,-2.377907,0.45330954,6167,0.4807203412055969
10X_P7_6_CGTCAGGGTGTGGCTC,3-F-56,B cell,0,B cell,-1.4951388,0.7645088,6168,0.5618420243263245
10X_P7_6_CGTCAGGGTTATCGGT,3-F-56,B cell,1,Unmatched_1,-1.5086178,4.429597,6169,0.84410160779953
10X_P7_6_CGTCAGGTCCCAACGG,3-F-56,B cell,0,B cell,-2.2249024,0.06604113,6170,1.0327423810958862
10X_P7_6_CGTCAGGTCTTGACGA,3-F-56,B cell,4,Unmatched_4,9.026784,14.213262,6171,2.8559908866882324
10X_P7_6_CGTCCATAGGTGACCA,3-F-56,T cell,2,Unmatched_2,2.4821222,25.37206,6172,1.0922245979309082
10X_P7_6_CGTCCATCAAGCGATG,3-F-56,B cell,1,Unmatched_1,-1.1544123,5.944835,6173,0.4485615789890289
10X_P7_6_CGTCCATCACAACGCC,3-F-56,B cell,0,B cell,-2.5577476,0.9163205,6174,0.4720751941204071
10X_P7_6_CGTCCATCACAAGCCC,3-F-56,B cell,0,B cell,-1.2458314,3.1859314,6175,0.7391838431358337
10X_P7_6_CGTCCATCACAGTCGC,3-F-56,dendritic cell,10,dendritic cell,15.824623,0.008430451,6176,2.967230319976806
10X_P7_6_CGTCCATCACGAAATA,3-F-56,B cell,0,B cell,-2.6331575,1.2440606,6177,0.6961594820022583
10X_P7_6_CGTCCATCAGACTCGC,3-F-56,B cell,0,B cell,-3.4198587,1.7543696,6178,0.4692519009113312
10X_P7_6_CGTCCATCAGCTGTAT,3-F-56,B cell,0,B cell,-0.8254843,2.9239247,6179,0.872785210609436
10X_P7_6_CGTCCATCATGGATGG,3-F-56,B cell,0,B cell,-0.3104394,0.71379614,6180,0.8308234214782715
10X_P7_6_CGTCCATGTTCCACAA,3-F-56,B cell,4,Unmatched_4,-4.668586,4.037045,6181,1.3040180206298828
10X_P7_6_CGTCCATGTTGTACAC,3-F-56,B cell,0,B cell,-3.3659189,2.8301516,6182,0.673887312412262
10X_P7_6_CGTCCATTCACTGGGC,3-F-56,B cell,0,B cell,-4.0306144,0.6768318,6183,1.0095969438552856
10X_P7_6_CGTCCATTCACTTACT,3-F-56,B cell,12,Unmatched_12,9.157016,9.692983,6184,3.2951486110687256
10X_P7_6_CGTCCATTCAGAAATG,3-F-56,B cell,1,Unmatched_1,-1.5298834,4.9491878,6185,0.7828654646873474
10X_P7_6_CGTCCATTCATCTGTT,3-F-56,B cell,7,Unmatched_7,-5.70115,1.2519195,6186,1.5007870197296145
10X_P7_6_CGTCCATTCCGCGTTT,3-F-56,T cell,3,T cell,2.8731754,23.267864,6187,0.7749900817871094
10X_P7_6_CGTCCATTCGATAGAA,3-F-56,B cell,0,B cell,-2.1333187,0.83217865,6188,0.5848296880722046
10X_P7_6_CGTCCATTCGGCATCG,3-F-56,T cell,3,T cell,3.8445268,23.075962,6189,0.5614979267120361
10X_P7_6_CGTCCATTCTAACCGA,3-F-56,B cell,1,Unmatched_1,-1.9870617,4.397437,6190,0.5177865624427795
10X_P7_6_CGTCTACAGAGTTGGC,3-F-56,B cell,0,B cell,-2.5181,1.9241043,6191,0.507302463054657
10X_P7_6_CGTCTACAGCAGGCTA,3-F-56,B cell,0,B cell,-2.1414788,0.0325883,6192,0.5482886433601379
10X_P7_6_CGTCTACAGTGGTCCC,3-F-56,B cell,0,B cell,-0.8458274,1.4780672,6193,0.6955515146255493
10X_P7_6_CGTCTACCAATAGAGT,3-F-56,B cell,0,B cell,0.07855274,0.49293125,6194,0.4443755745887756
10X_P7_6_CGTCTACCAGTGGAGT,3-F-56,B cell,4,Unmatched_4,-5.1162295,4.3175898,6195,1.471731185913086
10X_P7_6_CGTCTACGTTGTGGAG,3-F-56,B cell,0,B cell,-1.8832728,0.70608056,6196,0.4004203081130981
10X_P7_6_CGTCTACGTTTAAGCC,3-F-56,B cell,6,natural killer cell,0.6039204,2.7846923,6197,0.3959563076496124
10X_P7_6_CGTCTACTCTAGAGTC,3-F-56,T cell,9,Unmatched_9,7.1087184,23.580866,6198,1.9260213375091555
10X_P7_6_CGTCTACTCTCCCTGA,3-F-56,B cell,0,B cell,0.02298126,0.0025945646,6199,0.6719868183135986
10X_P7_6_CGTCTACTCTCGTTTA,3-F-56,T cell,3,T cell,2.4924755,23.21909,6200,0.6699522733688354
10X_P7_6_CGTGAGCAGACGCACA,3-F-56,B cell,0,B cell,-2.5899954,3.2301643,6201,0.6674280166625977
10X_P7_6_CGTGAGCAGATCACGG,3-F-56,B cell,0,B cell,-1.2023188,0.64153177,6202,0.6651477217674255
10X_P7_6_CGTGAGCAGATTACCC,3-F-56,T cell,3,T cell,3.4059796,23.799677,6203,0.8543316721916199
10X_P7_6_CGTGAGCCAACACCCG,3-F-56,T cell,3,T cell,4.288471,24.16069,6204,0.8707513809204102
10X_P7_6_CGTGAGCCACAACGTT,3-F-56,B cell,0,B cell,-1.0808005,2.6048312,6205,0.8971328139305115
10X_P7_6_CGTGAGCCACGCTTTC,3-F-56,T cell,3,T cell,3.555016,22.711176,6206,0.8017796277999878
10X_P7_6_CGTGAGCCAGACACTT,3-F-56,B cell,0,B cell,-1.2732927,1.9980685,6207,0.7284888625144958
10X_P7_6_CGTGAGCCAGTCAGCC,3-F-56,B cell,1,Unmatched_1,-1.7426901,4.152297,6208,0.6627677083015442
10X_P7_6_CGTGAGCGTGAGCGAT,3-F-56,T cell,9,Unmatched_9,7.1487556,23.540594,6209,2.2732954025268555
10X_P7_6_CGTGAGCGTTATCCGA,3-F-56,T cell,3,T cell,4.662922,25.237823,6210,1.6662821769714355
10X_P7_6_CGTGAGCGTTCCGTCT,3-F-56,macrophage,5,macrophage,11.174344,14.474821,6211,1.6393101215362549
10X_P7_6_CGTGAGCTCGTAGATC,3-F-56,T cell,3,T cell,4.4857144,24.334202,6212,0.8704710602760315
10X_P7_6_CGTGAGCTCTAGCACA,3-F-56,B cell,0,B cell,-1.795879,3.7100189,6213,0.5951327085494995
10X_P7_6_CGTGAGCTCTCCTATA,3-F-56,B cell,1,Unmatched_1,-2.805622,4.054068,6214,1.3309334516525269
10X_P7_6_CGTGAGCTCTGCTGCT,3-F-56,macrophage,5,macrophage,12.592428,14.834222,6215,1.989612340927124
10X_P7_6_CGTGAGCTCTGTTGAG,3-F-56,B cell,5,macrophage,-2.923851,-1.1672877,6216,1.448314547538757
10X_P7_6_CGTGTAAAGAAGGCCT,3-F-56,B cell,0,B cell,-3.883596,1.741825,6217,0.7353071570396423
10X_P7_6_CGTGTAAAGTATCTCG,3-F-56,B cell,2,Unmatched_2,0.71666044,22.857065,6218,1.1756786108016968
10X_P7_6_CGTGTAAAGTGAATTG,3-F-56,B cell,0,B cell,-0.49529326,-0.056149114,6219,0.5457518100738525
10X_P7_6_CGTGTAACAAGACACG,3-F-56,B cell,1,Unmatched_1,-2.487869,6.197394,6220,0.921661615371704
10X_P7_6_CGTGTAACACAGGCCT,3-F-56,T cell,2,Unmatched_2,1.7183686,25.581705,6221,0.8568554520606995
10X_P7_6_CGTGTAACATTCTCAT,3-F-56,B cell,4,Unmatched_4,-5.065007,3.234107,6222,0.8575541377067566
10X_P7_6_CGTGTAAGTCACAAGG,3-F-56,B cell,0,B cell,-2.2949045,0.30256647,6223,0.5607338547706604
10X_P7_6_CGTGTAAGTCACCTAA,3-F-56,B cell,0,B cell,-2.0638797,2.6471956,6224,0.89621502161026
10X_P7_6_CGTGTAATCCCTTGCA,3-F-56,B cell,1,Unmatched_1,-3.0104287,4.763596,6225,0.6644542813301086
10X_P7_6_CGTGTAATCGCCATAA,3-F-56,B cell,0,B cell,0.0065232534,0.6336653,6226,0.4288435578346252
10X_P7_6_CGTGTAATCGCGATCG,3-F-56,B cell,0,B cell,-1.6963098,1.007302,6227,1.0695016384124756
10X_P7_6_CGTGTAATCTCTAAGG,3-F-56,T cell,3,T cell,2.4273748,23.25596,6228,1.2797057628631592
10X_P7_6_CGTGTAATCTTGCCGT,3-F-56,T cell,3,T cell,2.7673697,23.472624,6229,0.7104292511940002
10X_P7_6_CGTGTCTAGAAGGTGA,3-F-56,B cell,1,Unmatched_1,-0.8509828,6.278946,6230,0.6123327612876892
10X_P7_6_CGTGTCTAGCGGCTTC,3-F-56,B cell,0,B cell,-0.8545632,-1.3380761,6231,0.5745297074317932
10X_P7_6_CGTGTCTAGCTGGAAC,3-F-56,B cell,0,B cell,-2.4263077,2.2201877,6232,0.879999041557312
10X_P7_6_CGTGTCTAGTAATCCC,3-F-56,B cell,14,Unmatched_14,8.200083,15.744589,6233,5.334986209869385
10X_P7_6_CGTGTCTAGTGCTGCC,3-F-56,B cell,1,Unmatched_1,-2.321923,6.1503263,6234,0.7107005715370178
10X_P7_6_CGTGTCTAGTTCGCGC,3-F-56,B cell,0,B cell,-2.430345,0.45588967,6235,0.4254324436187744
10X_P7_6_CGTGTCTCAATCAGAA,3-F-56,B cell,0,B cell,-0.30372724,0.55662876,6236,0.5008649826049805
10X_P7_6_CGTGTCTCACAGACTT,3-F-56,B cell,7,Unmatched_7,-5.4249134,1.3118869,6237,1.4475181102752686
10X_P7_6_CGTGTCTCACGCGAAA,3-F-56,B cell,0,B cell,-1.770925,3.9139202,6238,0.5734238028526306
10X_P7_6_CGTGTCTTCAACACGT,3-F-56,T cell,3,T cell,2.8828225,23.286375,6239,0.6996294856071472
10X_P7_6_CGTGTCTTCCATGCTC,3-F-56,B cell,0,B cell,-0.16399427,1.1873063,6240,0.4497650861740112
10X_P7_6_CGTGTCTTCCGCATCT,3-F-56,T cell,2,Unmatched_2,2.81124,25.570797,6241,0.7686737775802612
10X_P7_6_CGTGTCTTCGGCGCAT,3-F-56,B cell,0,B cell,-2.0273361,0.8453651,6242,0.5908002853393555
10X_P7_6_CGTGTCTTCGTTTATC,3-F-56,B cell,1,Unmatched_1,-1.5813321,4.3741016,6243,0.5964045524597168
10X_P7_6_CGTTAGAAGAAACCAT,3-F-56,B cell,0,B cell,-0.53030455,-0.6465764,6244,0.5130618214607239
10X_P7_6_CGTTAGAAGAAGCCCA,3-F-56,B cell,1,Unmatched_1,-0.82471263,6.2083864,6245,0.5340673923492432
10X_P7_6_CGTTAGACACTATCTT,3-F-56,B cell,0,B cell,-1.0260681,-0.82727015,6246,0.4049742519855499
10X_P7_6_CGTTAGACAGGGTTAG,3-F-56,B cell,0,B cell,-2.1927276,1.4539847,6247,1.0151185989379885
10X_P7_6_CGTTAGACATCGGGTC,3-F-56,B cell,0,B cell,-0.666342,-0.9898897,6248,0.5181522369384766
10X_P7_6_CGTTAGACATGCATGT,3-F-56,B cell,0,B cell,-2.1643004,2.318926,6249,0.8988470435142517
10X_P7_6_CGTTAGAGTACGCTGC,3-F-56,B cell,0,B cell,-0.7016861,1.2432461,6250,0.4885857999324798
10X_P7_6_CGTTAGAGTATAGTAG,3-F-56,B cell,1,Unmatched_1,-1.4834441,5.603652,6251,0.4201920926570892
10X_P7_6_CGTTAGAGTGCGATAG,3-F-56,B cell,0,B cell,-3.414836,-0.16921549,6252,0.6719079613685608
10X_P7_6_CGTTAGATCCACGCAG,3-F-56,B cell,12,Unmatched_12,9.17351,9.669354,6253,4.844853401184082
10X_P7_6_CGTTCTGAGATCGGGT,3-F-56,B cell,0,B cell,-0.2651852,1.1201197,6254,0.6231004595756531
10X_P7_6_CGTTCTGAGTCCAGGA,3-F-56,natural killer cell,6,natural killer cell,7.2590365,25.945648,6255,2.040973901748657
10X_P7_6_CGTTCTGCACAAGACG,3-F-56,B cell,1,Unmatched_1,-1.6700119,6.0157814,6256,0.487285852432251
10X_P7_6_CGTTCTGGTACCATCA,3-F-56,B cell,0,B cell,-2.8895488,0.66045046,6257,0.521449863910675
10X_P7_6_CGTTCTGTCTTATCTG,3-F-56,B cell,0,B cell,-1.5539261,0.9354153,6258,0.6936823129653931
10X_P7_6_CGTTGGGAGGCCATAG,3-F-56,T cell,3,T cell,3.9277444,23.80894,6259,0.780497670173645
10X_P7_6_CGTTGGGAGTACGTTC,3-F-56,natural killer cell,6,natural killer cell,6.903592,26.14548,6260,1.9870026111602783
10X_P7_6_CGTTGGGAGTCTTGCA,3-F-56,T cell,3,T cell,4.812645,24.621101,6261,1.0902036428451538
10X_P7_6_CGTTGGGCAAACCCAT,3-F-56,T cell,2,Unmatched_2,2.94516,25.642082,6262,0.661888062953949
10X_P7_6_CGTTGGGCAAGTACCT,3-F-56,B cell,0,B cell,-2.8460865,2.4780402,6263,0.7152600884437561
10X_P7_6_CGTTGGGCAATGGATA,3-F-56,B cell,0,B cell,-2.5967264,2.9802077,6264,0.7802752256393433
10X_P7_6_CGTTGGGCAATGTTGC,3-F-56,B cell,0,B cell,-0.76995194,1.8334043,6265,0.966368854045868
10X_P7_6_CGTTGGGCACGACTCG,3-F-56,B cell,4,Unmatched_4,8.939127,14.266147,6266,1.559903264045715
10X_P7_6_CGTTGGGCACTTCGAA,3-F-56,B cell,1,Unmatched_1,-1.4126571,6.4438877,6267,0.579034686088562
10X_P7_6_CGTTGGGCAGACAAGC,3-F-56,B cell,0,B cell,-1.3971257,1.1625485,6268,1.1563104391098022
10X_P7_6_CGTTGGGCATTAACCG,3-F-56,B cell,0,B cell,-2.5912678,1.6268129,6269,0.4884196817874908
10X_P7_6_CGTTGGGGTACTTGAC,3-F-56,B cell,1,Unmatched_1,-1.0507233,6.34289,6270,0.5257201194763184
10X_P7_6_CGTTGGGGTCTAAACC,3-F-56,T cell,3,T cell,2.5548847,23.18917,6271,0.7009570598602295
10X_P7_6_CGTTGGGGTCTGGTCG,3-F-56,B cell,0,B cell,-0.4030524,-1.1102778,6272,0.5026702880859375
10X_P7_6_CGTTGGGGTGCATCTA,3-F-56,B cell,0,B cell,-0.80328643,-0.05760033,6273,0.5195429921150208
10X_P7_6_CGTTGGGGTGCTGTAT,3-F-56,B cell,0,B cell,-1.4640393,0.3733577,6274,1.3373968601226809
10X_P7_6_CGTTGGGTCAACGCTA,3-F-56,T cell,3,T cell,3.1820095,23.354078,6275,0.5552369356155396
10X_P7_6_CGTTGGGTCATATCGG,3-F-56,B cell,0,B cell,-1.7778165,2.2157242,6276,1.1821118593215942
10X_P7_6_CGTTGGGTCCACGACG,3-F-56,B cell,0,B cell,-1.369474,1.1248878,6277,0.8569484353065491
10X_P7_6_CGTTGGGTCGCATGAT,3-F-56,B cell,7,Unmatched_7,-5.572569,1.0910931,6278,1.1744930744171145
10X_P7_6_CGTTGGGTCGTACGGC,3-F-56,natural killer cell,6,natural killer cell,6.9269004,26.2042,6279,2.367410659790039
10X_P7_6_CGTTGGGTCTTGTCAT,3-F-56,T cell,3,T cell,3.0856667,23.573772,6280,0.5456138849258423
10X_P7_6_CTAACTTAGCGTCTAT,3-F-56,B cell,0,B cell,-3.5004735,0.15667942,6281,0.4587271213531494
10X_P7_6_CTAACTTCAACGATCT,3-F-56,B cell,0,B cell,-3.33578,1.5537825,6282,0.866506040096283
10X_P7_6_CTAACTTCACTGAAGG,3-F-56,macrophage,5,macrophage,11.389107,14.5709505,6283,1.5288130044937134
10X_P7_6_CTAACTTCAGACGTAG,3-F-56,T cell,3,T cell,4.4990864,25.189257,6284,2.0761466026306152
10X_P7_6_CTAACTTCATCGATGT,3-F-56,T cell,3,T cell,3.463559,22.679728,6285,1.2758935689926147
10X_P7_6_CTAACTTCATGCAACT,3-F-56,B cell,0,B cell,-1.1108956,2.7174413,6286,1.0232540369033811
10X_P7_6_CTAACTTCATGTCTCC,3-F-56,macrophage,5,macrophage,12.6009245,14.488769,6287,2.8559908866882324
10X_P7_6_CTAACTTGTCGCGAAA,3-F-56,B cell,0,B cell,-0.99847585,2.728103,6288,0.7084437608718872
10X_P7_6_CTAACTTTCGTCCGTT,3-F-56,T cell,2,Unmatched_2,2.5819235,25.586035,6289,0.9751070737838744
10X_P7_6_CTAACTTTCTGTCTAT,3-F-56,B cell,1,Unmatched_1,-2.8130975,4.150981,6290,0.959854245185852
10X_P7_6_CTAAGACAGCTGATAA,3-F-56,T cell,3,T cell,3.4033206,23.85585,6291,0.6525530815124512
10X_P7_6_CTAAGACCACACTGCG,3-F-56,B cell,7,Unmatched_7,-5.654202,1.0388359,6292,1.4105432033538818
10X_P7_6_CTAAGACCATGATCCA,3-F-56,B cell,0,B cell,-0.6767055,-0.7706156,6293,0.5643965601921082
10X_P7_6_CTAAGACGTGCAACTT,3-F-56,B cell,1,Unmatched_1,-1.9576178,5.246467,6294,0.4844937622547149
10X_P7_6_CTAAGACTCAACTCTT,3-F-56,B cell,1,Unmatched_1,-2.9195302,4.810691,6295,0.7718163728713989
10X_P7_6_CTAAGACTCCACGCAG,3-F-56,B cell,0,B cell,-1.7596941,2.2061749,6296,1.184833288192749
10X_P7_6_CTAATGGAGAGGTTGC,3-F-56,B cell,1,Unmatched_1,-1.40329,6.3892374,6297,0.4324334561824798
10X_P7_6_CTAATGGAGATGGCGT,3-F-56,B cell,4,Unmatched_4,-4.8043227,2.7420208,6298,1.6585257053375244
10X_P7_6_CTAATGGCAATGGATA,3-F-56,natural killer cell,6,natural killer cell,6.8894124,25.774088,6299,2.024196147918701
10X_P7_6_CTAATGGGTCTAGTGT,3-F-56,B cell,0,B cell,-3.371504,0.3473714,6300,0.5711119771003723
10X_P7_6_CTAATGGTCACTATTC,3-F-56,B cell,0,B cell,-1.1475965,1.8866186,6301,0.7050679922103882
10X_P7_6_CTAATGGTCATTTGGG,3-F-56,B cell,1,Unmatched_1,-1.5055716,4.105766,6302,0.7703426480293274
10X_P7_6_CTAATGGTCCGCAGTG,3-F-56,T cell,3,T cell,4.9326124,24.567554,6303,0.9844455122947692
10X_P7_6_CTAATGGTCGCCAGCA,3-F-56,B cell,1,Unmatched_1,-2.799048,5.0638175,6304,1.066038966178894
10X_P7_6_CTAATGGTCTTAACCT,3-F-56,B cell,0,B cell,-2.3687136,0.6295071,6305,0.7164632081985474
10X_P7_6_CTACACCAGAGGTAGA,3-F-56,T cell,2,Unmatched_2,2.7375877,26.47012,6306,0.6043514013290405
10X_P7_6_CTACACCAGCATGGCA,3-F-56,B cell,0,B cell,-2.562884,2.0671635,6307,0.8046904802322388
10X_P7_6_CTACACCAGTAGCGGT,3-F-56,B cell,4,Unmatched_4,-4.030715,4.217227,6308,0.7763741612434387
10X_P7_6_CTACACCCAAAGGTGC,3-F-56,T cell,3,T cell,4.8160663,25.113918,6309,3.646089553833008
10X_P7_6_CTACACCCAGAGTGTG,3-F-56,T cell,3,T cell,2.605123,23.239641,6310,0.6723082065582275
10X_P7_6_CTACACCCAGCATGAG,3-F-56,B cell,1,Unmatched_1,-1.7268587,5.20899,6311,0.5390608906745911
10X_P7_6_CTACACCCAGCCTATA,3-F-56,B cell,0,B cell,-2.2883732,3.6995564,6312,0.7280283570289612
10X_P7_6_CTACACCGTGAACCTT,3-F-56,B cell,4,Unmatched_4,-2.6030784,8.797719,6313,0.7189298868179321
10X_P7_6_CTACACCGTTACGTCA,3-F-56,B cell,0,B cell,0.3437115,0.115764864,6314,0.4499937891960144
10X_P7_6_CTACACCTCCACGTGG,3-F-56,B cell,0,B cell,-0.977316,-0.69045013,6315,0.4622935354709625
10X_P7_6_CTACACCTCCTTTCTC,3-F-56,T cell,2,Unmatched_2,2.8815513,25.755184,6316,0.6646108031272888
10X_P7_6_CTACACCTCGAGCCCA,3-F-56,T cell,2,Unmatched_2,2.8533292,25.570524,6317,0.7459362745285034
10X_P7_6_CTACACCTCTTGCATT,3-F-56,T cell,3,T cell,3.3910527,23.812363,6318,1.4554119110107422
10X_P7_6_CTACATTAGACAGACC,3-F-56,B cell,1,Unmatched_1,-2.5869145,4.4942946,6319,0.7158974409103394
10X_P7_6_CTACATTAGTCCGGTC,3-F-56,B cell,0,B cell,-3.3921669,-0.48273307,6320,0.8045507073402405
10X_P7_6_CTACATTCAAGCCGCT,3-F-56,B cell,1,Unmatched_1,-1.3692739,6.309933,6321,0.6266030669212341
10X_P7_6_CTACATTCAGCTATTG,3-F-56,macrophage,5,macrophage,12.57912,14.819444,6322,1.723944902420044
10X_P7_6_CTACATTGTTTGTGTG,3-F-56,B cell,7,Unmatched_7,-5.0662837,2.0383215,6323,1.7079405784606934
10X_P7_6_CTACATTTCAACACGT,3-F-56,macrophage,5,macrophage,11.25742,14.527847,6324,1.5558303594589231
10X_P7_6_CTACATTTCTTACCTA,3-F-56,B cell,1,Unmatched_1,-1.4490958,5.005203,6325,0.6551600694656372
10X_P7_6_CTACCCAAGCGAAGGG,3-F-56,B cell,0,B cell,-1.6488765,2.9375074,6326,0.6840262413024902
10X_P7_6_CTACCCAAGGACACCA,3-F-56,B cell,0,B cell,-2.3353627,-0.74227107,6327,0.8116695284843445
10X_P7_6_CTACCCAAGGGATACC,3-F-56,B cell,0,B cell,0.32356882,0.2823017,6328,0.4639884233474731
10X_P7_6_CTACCCACACACTGCG,3-F-56,B cell,4,Unmatched_4,-5.0993166,4.267998,6329,0.7967291474342346
10X_P7_6_CTACCCAGTCCAGTTA,3-F-56,T cell,3,T cell,5.188941,24.989511,6330,2.346961259841919
10X_P7_6_CTACCCAGTGACTCAT,3-F-56,B cell,1,Unmatched_1,-0.7841574,6.162793,6331,0.5547565817832947
10X_P7_6_CTACCCAGTTATCCGA,3-F-56,B cell,0,B cell,-2.388914,3.2791584,6332,1.1509255170822144
10X_P7_6_CTACCCAGTTCCACAA,3-F-56,T cell,2,Unmatched_2,2.2347016,26.372826,6333,0.6167189478874207
10X_P7_6_CTACCCATCATCTGTT,3-F-56,T cell,2,Unmatched_2,2.4577816,25.795616,6334,0.8612161874771118
10X_P7_6_CTACCCATCCACTGGG,3-F-56,B cell,0,B cell,-0.71196836,1.3405334,6335,0.7317877411842346
10X_P7_6_CTACGTCCAAGCCGCT,3-F-56,T cell,3,T cell,4.6301494,24.372173,6336,0.8498974442481995
10X_P7_6_CTACGTCCACCGATAT,3-F-56,B cell,0,B cell,-4.0082045,1.2707447,6337,0.8340019583702087
10X_P7_6_CTACGTCCACTAAGTC,3-F-56,B cell,0,B cell,-2.5343363,-0.52056766,6338,0.743413507938385
10X_P7_6_CTACGTCCAGGATTGG,3-F-56,B cell,0,B cell,-3.374587,0.59739363,6339,0.4220812618732452
10X_P7_6_CTACGTCCATCCGCGA,3-F-56,B cell,1,Unmatched_1,-2.9811497,4.4435277,6340,1.1213985681533811
10X_P7_6_CTACGTCGTCAGAGGT,3-F-56,B cell,0,B cell,-2.748021,2.7029111,6341,0.952471137046814
10X_P7_6_CTACGTCTCACAAACC,3-F-56,T cell,2,Unmatched_2,2.1897075,26.367847,6342,0.9309824109077454
10X_P7_6_CTACGTCTCAGCTGGC,3-F-56,B cell,0,B cell,-0.4485666,-0.4559184,6343,0.4815577864646911
10X_P7_6_CTACGTCTCCTCAACC,3-F-56,B cell,2,Unmatched_2,0.37064263,23.125807,6344,1.6175984144210815
10X_P7_6_CTACGTCTCTGTCTCG,3-F-56,B cell,0,B cell,-0.8764943,-1.3102496,6345,0.591970682144165
10X_P7_6_CTACGTCTCTTCGAGA,3-F-56,T cell,3,T cell,2.841531,23.072016,6346,0.7044171094894409
10X_P7_6_CTAGAGTAGTGACATA,3-F-56,macrophage,5,macrophage,13.446276,15.417468,6347,1.4712746143341064
10X_P7_6_CTAGAGTCACGGACAA,3-F-56,B cell,0,B cell,-0.9604387,1.8394445,6348,0.977447748184204
10X_P7_6_CTAGAGTCAGCTGGCT,3-F-56,B cell,1,Unmatched_1,-0.98109955,6.2397504,6349,0.9261568188667296
10X_P7_6_CTAGAGTGTCTAGCGC,3-F-56,T cell,2,Unmatched_2,3.7302368,25.039385,6350,0.8505424857139587
10X_P7_6_CTAGAGTGTGCAGGTA,3-F-56,B cell,0,B cell,-1.0566823,3.6231937,6351,0.972331702709198
10X_P7_6_CTAGAGTTCGGGAGTA,3-F-56,B cell,0,B cell,-1.7644502,0.48693958,6352,0.4872635006904602
10X_P7_6_CTAGAGTTCGTTGACA,3-F-56,T cell,2,Unmatched_2,4.2363157,26.555002,6353,1.156599044799805
10X_P7_6_CTAGCCTAGATAGCAT,3-F-56,B cell,0,B cell,-1.6005629,1.0250915,6354,1.0729328393936155
10X_P7_6_CTAGCCTAGATGCGAC,3-F-56,B cell,4,Unmatched_4,-3.8672066,4.4459996,6355,1.2706756591796875
10X_P7_6_CTAGCCTAGCGATCCC,3-F-56,B cell,6,natural killer cell,0.7710499,2.9592574,6356,0.6380348205566406
10X_P7_6_CTAGCCTAGCGTTCCG,3-F-56,T cell,3,T cell,5.138279,24.668911,6357,1.265223503112793
10X_P7_6_CTAGCCTAGTTAAGTG,3-F-56,T cell,3,T cell,3.5230403,23.785963,6358,0.6633377075195312
10X_P7_6_CTAGCCTCACGTTGGC,3-F-56,B cell,0,B cell,-3.6286674,2.4519973,6359,0.9581465721130372
10X_P7_6_CTAGCCTCATCGGAAG,3-F-56,B cell,0,B cell,-2.077868,1.7422167,6360,0.4424923062324524
10X_P7_6_CTAGCCTCATGCATGT,3-F-56,T cell,2,Unmatched_2,2.128702,26.382046,6361,0.653115451335907
10X_P7_6_CTAGCCTCATGCTGGC,3-F-56,B cell,0,B cell,-1.4367632,1.8070648,6362,1.2216784954071045
10X_P7_6_CTAGCCTCATGGAATA,3-F-56,B cell,0,B cell,-3.6417744,2.7707598,6363,1.0593537092208862
10X_P7_6_CTAGCCTGTCTCTTTA,3-F-56,T cell,2,Unmatched_2,1.8391771,25.567238,6364,0.7467818856239319
10X_P7_6_CTAGCCTGTGGCTCCA,3-F-56,B cell,0,B cell,-2.177101,2.1154044,6365,1.2475576400756836
10X_P7_6_CTAGCCTTCACCGGGT,3-F-56,B cell,0,B cell,-1.4019765,0.7908417,6366,0.6809051036834717
10X_P7_6_CTAGCCTTCAGCTGGC,3-F-56,B cell,0,B cell,-1.6804134,0.5643626,6367,0.6508293747901917
10X_P7_6_CTAGCCTTCGGTGTTA,3-F-56,B cell,0,B cell,-0.69785625,3.1394134,6368,0.424815833568573
10X_P7_6_CTAGCCTTCGTTTAGG,3-F-56,B cell,4,Unmatched_4,-3.942727,4.3682275,6369,0.8002932667732239
10X_P7_6_CTAGCCTTCTAACGGT,3-F-56,B cell,0,B cell,-2.4898877,1.4068857,6370,0.3901289701461792
10X_P7_6_CTAGCCTTCTATCCTA,3-F-56,B cell,1,Unmatched_1,-1.5955706,5.163423,6371,0.7681570649147034
10X_P7_6_CTAGTGAAGAGGTAGA,3-F-56,B cell,0,B cell,-2.4944508,-1.0434189,6372,1.0288174152374268
10X_P7_6_CTAGTGAAGAGTACAT,3-F-56,B cell,0,B cell,-4.0543404,0.30105543,6373,0.8131719827651978
10X_P7_6_CTAGTGAAGCGCTTAT,3-F-56,B cell,1,Unmatched_1,-1.0481539,6.1192026,6374,0.4483112692832947
10X_P7_6_CTAGTGAAGGCTCAGA,3-F-56,B cell,4,Unmatched_4,-3.9777315,3.968549,6375,0.7230561375617981
10X_P7_6_CTAGTGAAGTCGAGTG,3-F-56,T cell,3,T cell,3.0176573,23.427376,6376,0.7947423458099365
10X_P7_6_CTAGTGAGTACTTGAC,3-F-56,B cell,0,B cell,-0.8552045,2.2898324,6377,0.9273390173912048
10X_P7_6_CTAGTGAGTCGTGGCT,3-F-56,B cell,4,Unmatched_4,-5.1589017,2.799845,6378,1.2660424709320068
10X_P7_6_CTAGTGAGTGTCTGAT,3-F-56,B cell,0,B cell,-2.4572747,2.9985533,6379,0.4450614154338836
10X_P7_6_CTAGTGAGTTCAGCGC,3-F-56,B cell,0,B cell,-2.6698318,0.2465734,6380,0.5986506938934326
10X_P7_6_CTAGTGATCAACACCA,3-F-56,B cell,1,Unmatched_1,-2.7409837,4.861938,6381,0.6958529353141785
10X_P7_6_CTAGTGATCAACCATG,3-F-56,B cell,0,B cell,-2.6035395,3.0785832,6382,1.3795413970947266
10X_P7_6_CTAGTGATCAGGTAAA,3-F-56,B cell,12,Unmatched_12,9.187164,9.662719,6383,4.437232971191406
10X_P7_6_CTCACACAGAGTCGGT,3-F-56,T cell,3,T cell,2.5619361,23.51456,6384,1.0374547243118286
10X_P7_6_CTCACACCATACGCTA,3-F-56,B cell,7,Unmatched_7,-5.279387,1.2585915,6385,1.454126000404358
10X_P7_6_CTCACACCATTGAGCT,3-F-56,B cell,4,Unmatched_4,-3.9160044,4.325352,6386,0.8522993922233582
10X_P7_6_CTCACACCATTTCAGG,3-F-56,B cell,0,B cell,0.38829973,0.2338915,6387,0.5081458687782288
10X_P7_6_CTCACACGTCCAGTTA,3-F-56,B cell,0,B cell,-4.4595065,3.1805542,6388,1.3765182495117188
10X_P7_6_CTCACACTCTACTCAT,3-F-56,B cell,0,B cell,-3.2106712,-0.3371445,6389,0.9585697054862976
10X_P7_6_CTCAGAAAGGGTTCCC,3-F-56,B cell,0,B cell,-0.3440925,-0.41820818,6390,0.4170065522193908
10X_P7_6_CTCAGAAAGTGTACGG,3-F-56,B cell,0,B cell,-2.7711387,-0.00090716826,6391,0.6319069862365723
10X_P7_6_CTCAGAACAACGCACC,3-F-56,T cell,2,Unmatched_2,2.7502007,25.52824,6392,0.5913522839546204
10X_P7_6_CTCAGAACAGCCAATT,3-F-56,B cell,0,B cell,-0.21957663,0.7589858,6393,0.4994960129261017
10X_P7_6_CTCAGAACATGAAGTA,3-F-56,B cell,0,B cell,-2.6530914,1.0347816,6394,0.4868166148662567
10X_P7_6_CTCAGAAGTCTCACCT,3-F-56,B cell,0,B cell,-1.2409495,3.906336,6395,0.7573451995849609
10X_P7_6_CTCAGAAGTTGACGTT,3-F-56,B cell,0,B cell,-0.94018304,1.7821413,6396,1.4665567874908447
10X_P7_6_CTCAGAATCACTTCAT,3-F-56,B cell,0,B cell,-1.6486253,-0.0393496,6397,0.5681968331336975
10X_P7_6_CTCAGAATCATCATTC,3-F-56,B cell,1,Unmatched_1,-2.731999,4.9482193,6398,0.4888961315155029
10X_P7_6_CTCAGAATCCACGCAG,3-F-56,B cell,0,B cell,-0.80736417,-1.1617751,6399,0.7181110382080078
10X_P7_6_CTCAGAATCCTCCTAG,3-F-56,B cell,0,B cell,-0.9730745,1.2239861,6400,0.8775622248649597
10X_P7_6_CTCAGAATCTCTGTCG,3-F-56,B cell,0,B cell,-1.7922698,1.0956452,6401,0.8453322649002075
10X_P7_6_CTCAGAATCTTGAGGT,3-F-56,B cell,0,B cell,-2.7279344,2.1999862,6402,0.7037323713302612
10X_P7_6_CTCATTAAGAGTCGGT,3-F-56,B cell,1,Unmatched_1,-1.5902281,5.9655285,6403,0.8933922648429871
10X_P7_6_CTCATTAAGTTACCCA,3-F-56,B cell,2,Unmatched_2,0.64932907,22.881138,6404,1.9985175132751465
10X_P7_6_CTCATTACAAGGTGTG,3-F-56,B cell,4,Unmatched_4,-4.073546,4.252887,6405,0.7046265006065369
10X_P7_6_CTCATTACAAGGTTTC,3-F-56,T cell,3,T cell,3.5917015,23.035887,6406,0.5701577663421631
10X_P7_6_CTCATTACACATAACC,3-F-56,B cell,0,B cell,-0.43019778,-0.5391773,6407,1.45233154296875
10X_P7_6_CTCATTAGTACGCTGC,3-F-56,T cell,3,T cell,3.735717,23.632372,6408,0.8727859258651733
10X_P7_6_CTCATTAGTATGGTTC,3-F-56,B cell,0,B cell,-3.4259174,-0.055238422,6409,0.4697549343109131
10X_P7_6_CTCCTAGAGATCCCGC,3-F-56,B cell,0,B cell,-0.36364418,0.23816757,6410,0.5794475674629211
10X_P7_6_CTCCTAGAGCGTTTAC,3-F-56,T cell,3,T cell,2.972388,22.7744,6411,0.6606637239456177
10X_P7_6_CTCCTAGAGTGCTGCC,3-F-56,B cell,0,B cell,0.24338338,-0.13887571,6412,0.4813099205493927
10X_P7_6_CTCCTAGCACCGTTGG,3-F-56,B cell,0,B cell,-1.9396526,2.6518366,6413,0.9013389945030212
10X_P7_6_CTCCTAGCATCCTTGC,3-F-56,dendritic cell,10,dendritic cell,15.858964,-0.025199968,6414,3.323927640914917
10X_P7_6_CTCCTAGGTACGCACC,3-F-56,B cell,0,B cell,-2.4938445,1.8567746,6415,0.4863654673099518
10X_P7_6_CTCCTAGGTAGCTAAA,3-F-56,B cell,1,Unmatched_1,-2.2078388,6.0161924,6416,0.7313486337661743
10X_P7_6_CTCCTAGGTATTCTCT,3-F-56,B cell,0,B cell,0.5368243,2.7303367,6417,0.847035825252533
10X_P7_6_CTCCTAGGTTTGTGTG,3-F-56,natural killer cell,6,natural killer cell,7.267723,25.959635,6418,1.9055105447769165
10X_P7_6_CTCCTAGTCACTCCTG,3-F-56,B cell,0,B cell,-0.91377354,1.2050381,6419,0.968599021434784
10X_P7_6_CTCCTAGTCAGGTAAA,3-F-56,B cell,7,Unmatched_7,-5.1192894,1.5529646,6420,1.063223958015442
10X_P7_6_CTCCTAGTCCACGCAG,3-F-56,B cell,0,B cell,-1.6162021,0.35587046,6421,0.4805046617984772
10X_P7_6_CTCCTAGTCCTTGGTC,3-F-56,T cell,2,Unmatched_2,2.6445243,26.401794,6422,0.6978936195373535
10X_P7_6_CTCCTAGTCGTTACAG,3-F-56,B cell,2,Unmatched_2,0.78993577,22.850231,6423,1.0766220092773438
10X_P7_6_CTCGAAAAGACTACAA,3-F-56,natural killer cell,6,natural killer cell,7.171553,26.289238,6424,1.7938005924224854
10X_P7_6_CTCGAAAAGCAAATCA,3-F-56,B cell,0,B cell,-0.24426985,0.96531993,6425,1.2529714107513428
10X_P7_6_CTCGAAAAGGAGTACC,3-F-56,B cell,0,B cell,-1.6619312,2.0288553,6426,0.7481381297111511
10X_P7_6_CTCGAAAAGGTGCTAG,3-F-56,B cell,0,B cell,-3.8662164,2.2954512,6427,0.7687442302703857
10X_P7_6_CTCGAAACAACAACCT,3-F-56,B cell,0,B cell,-1.1721159,2.9760764,6428,1.4848393201828003
10X_P7_6_CTCGAAACACATTTCT,3-F-56,B cell,7,Unmatched_7,-4.9551797,1.4328231,6429,1.1443350315093994
10X_P7_6_CTCGAAACACCAGGTC,3-F-56,B cell,0,B cell,-1.319081,2.164537,6430,0.838049054145813
10X_P7_6_CTCGAAACATTCCTCG,3-F-56,T cell,3,T cell,4.50876,25.17079,6431,2.013677835464477
10X_P7_6_CTCGAAAGTAATTGGA,3-F-56,B cell,0,B cell,-0.3911886,0.023366839,6432,0.4850653409957886
10X_P7_6_CTCGAAAGTAGCGCTC,3-F-56,T cell,3,T cell,2.7499282,22.907,6433,1.0001415014266968
10X_P7_6_CTCGAAAGTCCCGACA,3-F-56,B cell,0,B cell,0.2786373,-0.18171832,6434,0.9700809121131896
10X_P7_6_CTCGAAAGTCTAGTCA,3-F-56,B cell,1,Unmatched_1,-0.8193667,6.1988964,6435,0.7630695104598999
10X_P7_6_CTCGAAAGTCTTGATG,3-F-56,T cell,2,Unmatched_2,2.5875068,25.831945,6436,0.5784469246864319
10X_P7_6_CTCGAAAGTTGGTTTG,3-F-56,B cell,1,Unmatched_1,-1.5611953,4.5969987,6437,0.5027706027030945
10X_P7_6_CTCGAAATCACGAAGG,3-F-56,T cell,2,Unmatched_2,1.8565369,25.594633,6438,0.9688568115234376
10X_P7_6_CTCGAAATCCAGATCA,3-F-56,T cell,3,T cell,3.216996,23.412497,6439,0.6591387987136841
10X_P7_6_CTCGAAATCGATAGAA,3-F-56,T cell,2,Unmatched_2,3.9531412,26.441406,6440,1.3333420753479004
10X_P7_6_CTCGAAATCGTAGGTT,3-F-56,B cell,0,B cell,-0.577904,3.107313,6441,0.6639593243598938
10X_P7_6_CTCGAAATCTACTCAT,3-F-56,T cell,3,T cell,2.4056215,23.183573,6442,0.6880591511726379
10X_P7_6_CTCGAAATCTCAACTT,3-F-56,B cell,0,B cell,-1.8390948,0.48573428,6443,0.7068286538124084
10X_P7_6_CTCGAGGAGCCACCTG,3-F-56,B cell,0,B cell,-3.114636,4.3439507,6444,1.1297154426574707
10X_P7_6_CTCGAGGAGTGGGATC,3-F-56,B cell,0,B cell,-0.5271808,-1.1459428,6445,0.6860052943229675
10X_P7_6_CTCGAGGCACGTTGGC,3-F-56,B cell,0,B cell,-2.2030408,1.5268289,6446,0.5353834629058838
10X_P7_6_CTCGAGGCACTGTTAG,3-F-56,B cell,0,B cell,-2.0157483,3.708738,6447,0.6013603806495667
10X_P7_6_CTCGAGGCAGGAATCG,3-F-56,B cell,1,Unmatched_1,-1.5939076,5.32094,6448,0.4622597694396972
10X_P7_6_CTCGAGGCAGGGAGAG,3-F-56,macrophage,8,Unmatched_8,10.730079,11.727432,6449,3.646089553833008
10X_P7_6_CTCGAGGGTTGAGGTG,3-F-56,B cell,0,B cell,-2.0863624,0.0031487835,6450,0.5361713767051697
10X_P7_6_CTCGAGGTCTCACATT,3-F-56,B cell,0,B cell,-3.0503757,1.2961686,6451,0.7114602327346802
10X_P7_6_CTCGGAGAGCAGGTCA,3-F-56,B cell,0,B cell,-3.5048904,2.8678374,6452,1.2438102960586548
10X_P7_6_CTCGGAGAGTCATGCT,3-F-56,B cell,2,Unmatched_2,0.31326056,23.167118,6453,1.3297960758209229
10X_P7_6_CTCGGAGAGTCTCGGC,3-F-56,B cell,0,B cell,-2.4627967,2.6791313,6454,0.7255340218544006
10X_P7_6_CTCGGAGCAAACTGCT,3-F-56,B cell,0,B cell,-0.68313825,2.3426235,6455,1.2658244371414185
10X_P7_6_CTCGGAGCACACTGCG,3-F-56,B cell,4,Unmatched_4,8.898184,14.283889,6456,1.5431166887283323
10X_P7_6_CTCGGAGGTGTGAATA,3-F-56,B cell,0,B cell,-1.9896921,1.6390653,6457,0.5271539688110352
10X_P7_6_CTCGGAGTCACCCTCA,3-F-56,B cell,0,B cell,-3.1845295,3.5893,6458,1.0436694622039795
10X_P7_6_CTCGGGAAGGACCACA,3-F-56,B cell,0,B cell,-3.0108376,1.7424977,6459,0.5098427534103394
10X_P7_6_CTCGGGAAGTTACCCA,3-F-56,B cell,4,Unmatched_4,9.2127,14.088239,6460,2.8559908866882324
10X_P7_6_CTCGGGACAGGACCCT,3-F-56,B cell,1,Unmatched_1,-2.5386062,5.0130134,6461,0.83917635679245
10X_P7_6_CTCGGGAGTCAACTGT,3-F-56,B cell,1,Unmatched_1,-1.133091,5.4783106,6462,0.4501103162765503
10X_P7_6_CTCGGGAGTCAGTGGA,3-F-56,B cell,1,Unmatched_1,-2.409489,6.0908046,6463,0.8115420937538147
10X_P7_6_CTCGGGAGTTCTGGTA,3-F-56,B cell,7,Unmatched_7,-5.728648,1.1630827,6464,1.4733917713165283
10X_P7_6_CTCGGGATCGCTAGCG,3-F-56,macrophage,8,Unmatched_8,10.460318,12.029292,6465,2.9973368644714355
10X_P7_6_CTCGTACAGATCTGCT,3-F-56,T cell,9,Unmatched_9,6.954726,23.734861,6466,1.898845195770264
10X_P7_6_CTCGTACAGGGAACGG,3-F-56,B cell,0,B cell,-3.5353425,-0.48321447,6467,0.5906221866607666
10X_P7_6_CTCGTACAGTGGGATC,3-F-56,B cell,0,B cell,-2.9445581,1.5589069,6468,0.4356414079666137
10X_P7_6_CTCGTACCAAGCCCAC,3-F-56,B cell,0,B cell,0.18003915,0.461491,6469,0.3866300284862518
10X_P7_6_CTCGTACCACACAGAG,3-F-56,B cell,1,Unmatched_1,-1.3595896,6.0977507,6470,0.5087970495223999
10X_P7_6_CTCGTACCATCACGTA,3-F-56,B cell,1,Unmatched_1,-2.504085,4.5961323,6471,0.8065513968467712
10X_P7_6_CTCGTACGTAAGTGGC,3-F-56,B cell,0,B cell,4.383868,13.640959,6472,1.6440162658691406
10X_P7_6_CTCGTACGTAAGTGTA,3-F-56,B cell,1,Unmatched_1,-2.9018567,4.4878187,6473,1.208524227142334
10X_P7_6_CTCGTACGTCTGATCA,3-F-56,B cell,0,B cell,-0.0066928524,1.3969308,6474,0.6319974064826965
10X_P7_6_CTCGTACGTTAAAGTG,3-F-56,B cell,0,B cell,-0.847972,0.20068789,6475,0.4919736981391907
10X_P7_6_CTCGTACGTTCCCGAG,3-F-56,T cell,3,T cell,3.9480035,23.773962,6476,0.8323111534118652
10X_P7_6_CTCGTACGTTTGTTTC,3-F-56,T cell,2,Unmatched_2,2.1354961,25.535177,6477,0.7474473118782043
10X_P7_6_CTCGTACTCATAGCAC,3-F-56,B cell,4,Unmatched_4,-3.918379,4.411622,6478,0.8933730721473694
10X_P7_6_CTCGTACTCCTCCTAG,3-F-56,B cell,0,B cell,-3.339693,1.458876,6479,0.5153266191482544
10X_P7_6_CTCGTACTCGATAGAA,3-F-56,natural killer cell,6,natural killer cell,6.8634586,26.129423,6480,3.218928337097168
10X_P7_6_CTCGTACTCTTCAACT,3-F-56,B cell,1,Unmatched_1,-1.1146992,5.7513456,6481,0.6865660548210144
10X_P7_6_CTCGTCAAGAAACGAG,3-F-56,B cell,0,B cell,-0.32084998,-0.08947697,6482,0.7781094312667847
10X_P7_6_CTCGTCAAGGCGCTCT,3-F-56,B cell,0,B cell,-0.6302962,-0.71612275,6483,0.494153618812561
10X_P7_6_CTCGTCAAGTCCTCCT,3-F-56,macrophage,8,Unmatched_8,10.731429,11.725671,6484,3.646089553833008
10X_P7_6_CTCGTCACAAGCTGAG,3-F-56,B cell,0,B cell,-2.8009205,1.2529596,6485,0.4362473487854004
10X_P7_6_CTCGTCACACACTGCG,3-F-56,B cell,0,B cell,-2.3062055,2.4041412,6486,0.9638844728469848
10X_P7_6_CTCGTCACACCATCCT,3-F-56,T cell,3,T cell,3.9055097,23.786299,6487,0.7786877751350403
10X_P7_6_CTCGTCACAGGGTTAG,3-F-56,T cell,3,T cell,4.771551,24.481766,6488,0.8684713244438171
10X_P7_6_CTCGTCAGTACGAAAT,3-F-56,macrophage,4,Unmatched_4,9.449063,14.134087,6489,2.8559908866882324
10X_P7_6_CTCGTCAGTGAAGGCT,3-F-56,B cell,0,B cell,-2.3724701,0.51507884,6490,0.7929004430770874
10X_P7_6_CTCGTCAGTGCTAGCC,3-F-56,B cell,0,B cell,-2.5360513,1.2254481,6491,0.7259750366210938
10X_P7_6_CTCGTCATCATAGCAC,3-F-56,B cell,4,Unmatched_4,-4.1505094,4.1648817,6492,0.8706856369972229
10X_P7_6_CTCGTCATCGGATGGA,3-F-56,B cell,1,Unmatched_1,-2.7271166,3.9543731,6493,0.9402523040771484
10X_P7_6_CTCGTCATCGGTCTAA,3-F-56,B cell,0,B cell,-2.406593,0.8279981,6494,0.5108119249343872
10X_P7_6_CTCGTCATCTAACTGG,3-F-56,B cell,4,Unmatched_4,-5.139123,2.9460871,6495,1.2629119157791138
10X_P7_6_CTCGTCATCTACCAGA,3-F-56,B cell,0,B cell,-0.77453095,1.7430996,6496,0.5767598748207092
10X_P7_6_CTCTAATAGATGTTAG,3-F-56,B cell,1,Unmatched_1,-1.3439689,5.756953,6497,0.5606233477592468
10X_P7_6_CTCTAATAGCGTAGTG,3-F-56,B cell,1,Unmatched_1,-1.0467019,6.02582,6498,0.4605500400066376
10X_P7_6_CTCTAATAGGGAAACA,3-F-56,T cell,2,Unmatched_2,4.2878475,26.543695,6499,1.1039921045303345
10X_P7_6_CTCTAATAGTACGACG,3-F-56,macrophage,8,Unmatched_8,10.727101,11.730735,6500,3.646089553833008
10X_P7_6_CTCTAATAGTTAGCGG,3-F-56,B cell,0,B cell,-1.029796,1.2247951,6501,0.5420814156532288
10X_P7_6_CTCTAATCAGACGCCT,3-F-56,B cell,0,B cell,-2.344274,-1.2455401,6502,0.9383189082145692
10X_P7_6_CTCTAATCATATGGTC,3-F-56,B cell,0,B cell,-1.8180313,0.5999503,6503,0.4905687272548675
10X_P7_6_CTCTAATGTAAAGTCA,3-F-56,B cell,0,B cell,-3.4378798,-0.40012446,6504,0.4704240262508392
10X_P7_6_CTCTAATGTAAGTGTA,3-F-56,B cell,0,B cell,-1.7103997,2.1808207,6505,0.5808606743812561
10X_P7_6_CTCTAATGTACTCAAC,3-F-56,B cell,0,B cell,-2.356479,0.46932992,6506,0.5227198004722595
10X_P7_6_CTCTAATGTCAAGCGA,3-F-56,T cell,3,T cell,3.846059,23.716368,6507,0.5751344561576843
10X_P7_6_CTCTAATGTGAGGCTA,3-F-56,B cell,0,B cell,-2.6950355,2.1219206,6508,0.6287001371383667
10X_P7_6_CTCTAATGTTGGTAAA,3-F-56,B cell,0,B cell,-2.9768922,0.22993821,6509,0.5741416215896606
10X_P7_6_CTCTAATTCACATACG,3-F-56,B cell,0,B cell,-0.82606405,-0.13538681,6510,0.4702146351337433
10X_P7_6_CTCTAATTCCAGATCA,3-F-56,B cell,0,B cell,-1.7428842,0.3724475,6511,0.6242418885231018
10X_P7_6_CTCTAATTCCGAACGC,3-F-56,B cell,0,B cell,-2.1752408,0.89833504,6512,0.559711754322052
10X_P7_6_CTCTAATTCGTCCGTT,3-F-56,B cell,0,B cell,0.04530233,0.47511443,6513,0.6152057647705078
10X_P7_6_CTCTAATTCTTGTACT,3-F-56,B cell,0,B cell,-2.1586678,3.7640693,6514,0.993748664855957
10X_P7_6_CTCTACGCAAGTCTAC,3-F-56,B cell,0,B cell,-0.052774668,0.12563613,6515,0.4514571726322174
10X_P7_6_CTCTACGGTACTCTCC,3-F-56,B cell,4,Unmatched_4,-3.9157999,4.3945246,6516,1.1205929517745972
10X_P7_6_CTCTACGGTGTTTGGT,3-F-56,B cell,0,B cell,-2.5418959,0.44267172,6517,1.002450704574585
10X_P7_6_CTCTACGGTTCAACCA,3-F-56,T cell,3,T cell,3.016448,23.522938,6518,0.963161289691925
10X_P7_6_CTCTACGTCATCATTC,3-F-56,B cell,0,B cell,-1.9219592,0.64603716,6519,0.5641182065010071
10X_P7_6_CTCTACGTCCGGGTGT,3-F-56,B cell,0,B cell,-0.3029249,0.13125761,6520,0.3986381888389587
10X_P7_6_CTCTACGTCGTTACGA,3-F-56,dendritic cell,10,dendritic cell,15.835529,-0.0018307819,6521,4.151756286621094
10X_P7_6_CTCTACGTCTACCTGC,3-F-56,B cell,0,B cell,0.33502337,2.599303,6522,0.8369114995002747
10X_P7_6_CTCTACGTCTTACCGC,3-F-56,B cell,0,B cell,-2.0758255,0.47284168,6523,0.7803894877433777
10X_P7_6_CTCTGGTAGAAGGTTT,3-F-56,T cell,3,T cell,4.955954,24.571386,6524,0.946401596069336
10X_P7_6_CTCTGGTCAAGCGATG,3-F-56,B cell,0,B cell,-1.4465141,3.9221761,6525,0.95948988199234
10X_P7_6_CTCTGGTCACAGATTC,3-F-56,T cell,2,Unmatched_2,2.524143,25.769293,6526,0.7049028277397156
10X_P7_6_CTCTGGTGTTGGTGGA,3-F-56,T cell,2,Unmatched_2,2.7294445,25.705189,6527,0.9193756580352784
10X_P7_6_CTCTGGTTCACCCGAG,3-F-56,B cell,0,B cell,0.09356635,0.13396458,6528,0.5421370267868042
10X_P7_6_CTCTGGTTCATCGCTC,3-F-56,B cell,1,Unmatched_1,-1.5982561,5.6294227,6529,0.5951565504074097
10X_P7_6_CTCTGGTTCGTTTGCC,3-F-56,B cell,1,Unmatched_1,-2.128614,5.18924,6530,0.4281337261199951
10X_P7_6_CTCTGGTTCTCGTATT,3-F-56,B cell,0,B cell,-3.4274235,0.28663352,6531,0.8054462671279907
10X_P7_6_CTGAAACAGAAACCTA,3-F-56,B cell,0,B cell,-3.4490154,0.3523785,6532,0.6413519978523254
10X_P7_6_CTGAAACAGCTAGTTC,3-F-56,B cell,0,B cell,0.1913531,0.48326677,6533,0.4483143985271454
10X_P7_6_CTGAAACAGGCCCTCA,3-F-56,B cell,0,B cell,-1.5313644,0.8154571,6534,0.417387306690216
10X_P7_6_CTGAAACAGTCTCCTC,3-F-56,B cell,4,Unmatched_4,-4.252767,4.268506,6535,0.7968637347221375
10X_P7_6_CTGAAACCACAACTGT,3-F-56,B cell,0,B cell,-2.591851,-0.03975469,6536,0.4332011938095093
10X_P7_6_CTGAAACCACGAGGTA,3-F-56,B cell,1,Unmatched_1,-4.767163,3.2830637,6537,1.2978535890579224
10X_P7_6_CTGAAACGTCAATACC,3-F-56,B cell,0,B cell,-0.6578747,-0.2602913,6538,0.57846999168396
10X_P7_6_CTGAAACGTCACACGC,3-F-56,T cell,3,T cell,3.975002,24.01932,6539,0.7083785533905029
10X_P7_6_CTGAAACGTCATTAGC,3-F-56,B cell,0,B cell,-0.37297642,1.30144,6540,0.808738648891449
10X_P7_6_CTGAAACGTCCGAGTC,3-F-56,B cell,0,B cell,-1.9495003,0.09731538,6541,0.7140786647796631
10X_P7_6_CTGAAACGTCGAGTTT,3-F-56,T cell,3,T cell,5.2935233,24.849264,6542,1.1459174156188965
10X_P7_6_CTGAAACGTGTGAATA,3-F-56,B cell,4,Unmatched_4,-4.0121946,4.373674,6543,0.7893763780593872
10X_P7_6_CTGAAACGTTAAAGAC,3-F-56,T cell,3,T cell,2.5687659,23.272123,6544,0.8402993083000183
10X_P7_6_CTGAAACGTTGTTTGG,3-F-56,T cell,3,T cell,4.28224,24.239895,6545,1.0275212526321411
10X_P7_6_CTGAAACGTTTCCACC,3-F-56,B cell,0,B cell,-2.0481741,0.18816869,6546,0.740852952003479
10X_P7_6_CTGAAACTCTTCAACT,3-F-56,B cell,2,Unmatched_2,0.38630188,23.099312,6547,1.3633971214294434
10X_P7_6_CTGAAGTAGATGCCTT,3-F-56,B cell,4,Unmatched_4,-2.482393,8.849941,6548,1.3857152462005615
10X_P7_6_CTGAAGTAGCTGCCCA,3-F-56,B cell,0,B cell,-0.52763385,2.423975,6549,0.7650056481361389
10X_P7_6_CTGAAGTAGTACACCT,3-F-56,B cell,1,Unmatched_1,-1.5474752,5.683759,6550,0.4761813282966614
10X_P7_6_CTGAAGTCATAGAAAC,3-F-56,T cell,2,Unmatched_2,1.723461,25.53831,6551,0.8869812488555908
10X_P7_6_CTGAAGTCATCACGTA,3-F-56,T cell,3,T cell,3.1044116,23.504423,6552,0.614138662815094
10X_P7_6_CTGAAGTCATTACCTT,3-F-56,macrophage,5,macrophage,11.043057,14.367354,6553,1.5748693943023682
10X_P7_6_CTGAAGTGTTAAGAAC,3-F-56,B cell,0,B cell,-1.1541364,0.47858712,6554,0.4900769889354706
10X_P7_6_CTGAAGTGTTCCGTCT,3-F-56,B cell,0,B cell,-2.4588602,2.4877172,6555,0.9113562703132628
10X_P7_6_CTGAAGTTCAAGCCTA,3-F-56,B cell,0,B cell,-1.2490376,2.8778422,6556,0.7661104798316956
10X_P7_6_CTGAAGTTCAGCAACT,3-F-56,macrophage,5,macrophage,11.023314,14.162508,6557,3.646089553833008
10X_P7_6_CTGAAGTTCCAGTAGT,3-F-56,B cell,4,Unmatched_4,-4.493209,4.2858067,6558,1.1594661474227903
10X_P7_6_CTGAAGTTCGTACCGG,3-F-56,T cell,3,T cell,3.1025748,23.637941,6559,1.1507697105407717
10X_P7_6_CTGAAGTTCTTGTCAT,3-F-56,B cell,0,B cell,-1.1068058,0.1877776,6560,0.6523117423057556
10X_P7_6_CTGAAGTTCTTTAGTC,3-F-56,B cell,3,T cell,4.7642474,24.428108,6561,1.181614637374878
10X_P7_6_CTGATAGAGTGAATTG,3-F-56,B cell,1,Unmatched_1,-1.4358292,5.7301545,6562,0.4903758466243744
10X_P7_6_CTGATAGAGTGTCCAT,3-F-56,B cell,0,B cell,0.2730484,0.57168716,6563,0.5525792837142944
10X_P7_6_CTGATAGCAATGGATA,3-F-56,B cell,6,natural killer cell,0.7862177,2.940118,6564,1.2522884607315063
10X_P7_6_CTGATAGCATGATCCA,3-F-56,B cell,0,B cell,-2.0874577,3.1115663,6565,1.2697988748550415
10X_P7_6_CTGATAGGTATGCTTG,3-F-56,B cell,7,Unmatched_7,-5.540674,1.3429087,6566,1.5348798036575315
10X_P7_6_CTGATAGGTCACAAGG,3-F-56,B cell,0,B cell,-1.4088558,2.9502897,6567,0.8290053606033325
10X_P7_6_CTGATAGGTTTGTTTC,3-F-56,T cell,3,T cell,2.7797835,23.371712,6568,0.9603134393692015
10X_P7_6_CTGATAGTCCACGTGG,3-F-56,B cell,0,B cell,-2.7363367,1.4518244,6569,0.7424789071083069
10X_P7_6_CTGATAGTCCGTTGCT,3-F-56,B cell,0,B cell,0.16906978,-0.07353917,6570,0.434203177690506
10X_P7_6_CTGATAGTCCTATTCA,3-F-56,B cell,0,B cell,-2.1162326,0.39200392,6571,0.4473695456981659
10X_P7_6_CTGATAGTCTAACTCT,3-F-56,B cell,1,Unmatched_1,-1.1992738,5.356278,6572,0.6815172433853149
10X_P7_6_CTGATCCAGAAGATTC,3-F-56,B cell,0,B cell,-1.4060212,2.7481332,6573,0.7787804007530212
10X_P7_6_CTGATCCAGGCGATAC,3-F-56,T cell,2,Unmatched_2,2.0885375,26.381315,6574,0.7707546353340149
10X_P7_6_CTGATCCAGTAAGTAC,3-F-56,B cell,1,Unmatched_1,-1.321231,5.579204,6575,0.4499020576477051
10X_P7_6_CTGATCCAGTACGCGA,3-F-56,B cell,0,B cell,-3.155257,1.1605613,6576,0.8396349549293518
10X_P7_6_CTGATCCAGTATCTCG,3-F-56,B cell,0,B cell,-2.9356022,0.8318551,6577,0.8105543851852417
10X_P7_6_CTGATCCCACAGAGGT,3-F-56,B cell,1,Unmatched_1,-2.3703659,4.602821,6578,0.6112812161445618
10X_P7_6_CTGATCCCAGAGCCAA,3-F-56,T cell,3,T cell,4.1278787,24.118088,6579,0.892657458782196
10X_P7_6_CTGATCCCAGTTAACC,3-F-56,B cell,0,B cell,-1.8744129,0.98712,6580,0.9896619319915771
10X_P7_6_CTGATCCCATACAGCT,3-F-56,B cell,0,B cell,-3.2493577,-0.051850427,6581,0.4516740441322326
10X_P7_6_CTGATCCCATCGGACC,3-F-56,B cell,1,Unmatched_1,-2.056719,6.2223983,6582,0.5457391142845154
10X_P7_6_CTGATCCCATTATCTC,3-F-56,B cell,0,B cell,-0.16101761,0.054453902,6583,0.7077086567878723
10X_P7_6_CTGATCCGTCCAGTGC,3-F-56,T cell,2,Unmatched_2,2.7849505,26.010803,6584,0.5729100704193115
10X_P7_6_CTGATCCGTCTTCAAG,3-F-56,B cell,0,B cell,-3.5287728,0.75600916,6585,0.4873207211494446
10X_P7_6_CTGATCCTCAGGTTCA,3-F-56,T cell,3,T cell,3.1213124,23.088156,6586,0.6577097773551941
10X_P7_6_CTGCCTAAGATCACGG,3-F-56,B cell,1,Unmatched_1,-3.367958,6.301084,6587,0.4294192194938659
10X_P7_6_CTGCCTAAGGTGTTAA,3-F-56,B cell,4,Unmatched_4,-4.9499598,4.447398,6588,1.1199793815612793
10X_P7_6_CTGCCTAAGTTTGCGT,3-F-56,B cell,1,Unmatched_1,-2.375025,4.8243456,6589,0.6852238178253174
10X_P7_6_CTGCCTACAATCTGCA,3-F-56,macrophage,5,macrophage,11.094353,14.413198,6590,1.604000210762024
10X_P7_6_CTGCCTACATTACCTT,3-F-56,B cell,0,B cell,-1.494779,1.3199852,6591,0.876812219619751
10X_P7_6_CTGCCTAGTAGTACCT,3-F-56,T cell,2,Unmatched_2,2.698607,25.555399,6592,0.6829133033752441
10X_P7_6_CTGCCTAGTCAGAGGT,3-F-56,T cell,2,Unmatched_2,2.246678,26.248423,6593,0.5803006887435913
10X_P7_6_CTGCCTATCAAACGGG,3-F-56,B cell,13,Unmatched_13,13.070896,13.601799,6594,2.6936354637146
10X_P7_6_CTGCCTATCAATCTCT,3-F-56,T cell,3,T cell,4.42308,24.246153,6595,0.9871411919593812
10X_P7_6_CTGCCTATCGCCAGCA,3-F-56,T cell,3,T cell,3.7530017,22.92472,6596,0.5877355933189392
10X_P7_6_CTGCCTATCTGATACG,3-F-56,B cell,0,B cell,-2.3053565,2.0778527,6597,0.804980993270874
10X_P7_6_CTGCCTATCTTATCTG,3-F-56,T cell,3,T cell,3.409477,22.803131,6598,0.5415099859237671
10X_P7_6_CTGCGGAAGCAATATG,3-F-56,B cell,0,B cell,-1.6109675,0.85028166,6599,0.8523857593536377
10X_P7_6_CTGCGGAAGCAATCTC,3-F-56,B cell,1,Unmatched_1,-2.5559554,4.848377,6600,0.6150954365730286
10X_P7_6_CTGCGGAAGGAGCGTT,3-F-56,B cell,0,B cell,0.2768533,0.3718951,6601,0.461311399936676
10X_P7_6_CTGCGGAAGTACGACG,3-F-56,B cell,0,B cell,-3.6036792,-0.29056004,6602,0.5166618227958679
10X_P7_6_CTGCGGACAAGCGAGT,3-F-56,B cell,2,Unmatched_2,0.37520686,23.175632,6603,1.3461143970489502
10X_P7_6_CTGCGGACAGCGTTCG,3-F-56,B cell,0,B cell,-1.372249,3.7518327,6604,0.9548248648643494
10X_P7_6_CTGCGGAGTAACGACG,3-F-56,T cell,3,T cell,4.5077696,25.193035,6605,1.8286281824111936
10X_P7_6_CTGCGGAGTGTCGCTG,3-F-56,B cell,0,B cell,-2.0331607,0.7554604,6606,0.4143963158130646
10X_P7_6_CTGCGGAGTTATCACG,3-F-56,B cell,2,Unmatched_2,0.58727604,22.927965,6607,1.2983189821243286
10X_P7_6_CTGCGGATCCCAAGTA,3-F-56,T cell,3,T cell,4.5738063,24.828653,6608,1.2980389595031738
10X_P7_6_CTGCGGATCTGTCAAG,3-F-56,B cell,0,B cell,-1.1108232,2.8015177,6609,1.2213757038116455
10X_P7_6_CTGCTGTAGGCGACAT,3-F-56,B cell,0,B cell,-2.97683,1.2762625,6610,0.7266478538513184
10X_P7_6_CTGCTGTCACGGTAAG,3-F-56,B cell,0,B cell,-1.0474366,2.9232533,6611,0.9747795462608336
10X_P7_6_CTGCTGTGTAGGAGTC,3-F-56,T cell,3,T cell,3.8435438,24.618515,6612,1.2382049560546875
10X_P7_6_CTGCTGTGTCGCGTGT,3-F-56,B cell,0,B cell,-2.244562,3.8467906,6613,0.7036598324775696
10X_P7_6_CTGCTGTGTCTAAACC,3-F-56,B cell,0,B cell,-2.8176196,2.75727,6614,0.7767032384872437
10X_P7_6_CTGCTGTGTTGGTGGA,3-F-56,B cell,0,B cell,-2.8844757,1.8641629,6615,0.4335784912109375
10X_P7_6_CTGCTGTTCAATACCG,3-F-56,B cell,7,Unmatched_7,-5.5697947,0.9212924,6616,1.425887942314148
10X_P7_6_CTGCTGTTCCGCATAA,3-F-56,macrophage,5,macrophage,11.922098,14.6537485,6617,2.818697690963745
10X_P7_6_CTGCTGTTCGCCTGTT,3-F-56,T cell,3,T cell,3.001651,23.446936,6618,0.7360960245132446
10X_P7_6_CTGGTCTAGAGCCCAA,3-F-56,T cell,9,Unmatched_9,7.008215,23.681776,6619,1.4186222553253174
10X_P7_6_CTGGTCTAGAGGTAGA,3-F-56,T cell,3,T cell,3.646987,23.276423,6620,0.8113783597946167
10X_P7_6_CTGGTCTAGCACACAG,3-F-56,T cell,2,Unmatched_2,2.606291,25.641317,6621,0.5669810771942139
10X_P7_6_CTGGTCTAGGATGCGT,3-F-56,B cell,0,B cell,-0.3309315,1.7285125,6622,0.8184096813201904
10X_P7_6_CTGGTCTAGTGGACGT,3-F-56,B cell,0,B cell,-2.5869536,0.760632,6623,0.9751025438308716
10X_P7_6_CTGGTCTAGTGGGTTG,3-F-56,B cell,0,B cell,-0.066538684,0.7185041,6624,0.904919445514679
10X_P7_6_CTGGTCTCACTCTGTC,3-F-56,B cell,0,B cell,-3.3924692,1.1726805,6625,0.5937113761901855
10X_P7_6_CTGGTCTCAGCTATTG,3-F-56,B cell,0,B cell,0.10281828,0.8744545,6626,0.5761104226112366
10X_P7_6_CTGGTCTCATCAGTCA,3-F-56,B cell,0,B cell,-4.6312118,0.4353782,6627,0.5841370820999146
10X_P7_6_CTGGTCTGTACTTCTT,3-F-56,B cell,0,B cell,-2.553643,3.4946957,6628,1.5039708614349363
10X_P7_6_CTGGTCTGTCATGCCG,3-F-56,T cell,3,T cell,3.7579963,23.394674,6629,0.7098190784454346
10X_P7_6_CTGGTCTGTGAGTGAC,3-F-56,T cell,3,T cell,3.8755798,24.438133,6630,0.9484410285949708
10X_P7_6_CTGGTCTGTGCTCTTC,3-F-56,T cell,2,Unmatched_2,3.2487848,25.846872,6631,0.903429388999939
10X_P7_6_CTGGTCTTCGGTCCGA,3-F-56,B cell,0,B cell,-1.1738973,0.26946443,6632,0.9850470423698424
10X_P7_6_CTGGTCTTCGTTTAGG,3-F-56,T cell,3,T cell,3.7864282,23.520718,6633,0.7088342905044556
10X_P7_6_CTGTGCTAGACGACGT,3-F-56,B cell,0,B cell,-1.4667997,1.2224123,6634,0.4402815103530884
10X_P7_6_CTGTGCTAGAGCCTAG,3-F-56,T cell,3,T cell,3.0683699,22.821405,6635,1.025821328163147
10X_P7_6_CTGTGCTAGCACACAG,3-F-56,T cell,2,Unmatched_2,2.937974,25.828108,6636,0.7822145819664001
10X_P7_6_CTGTGCTAGCCAACAG,3-F-56,T cell,2,Unmatched_2,2.1283455,25.694386,6637,0.6612226366996765
10X_P7_6_CTGTGCTAGCCCAACC,3-F-56,B cell,0,B cell,-1.0187478,-0.39918345,6638,0.5259087681770325
10X_P7_6_CTGTGCTAGCCCAATT,3-F-56,B cell,0,B cell,-2.867744,0.8230341,6639,0.4971692562103271
10X_P7_6_CTGTGCTAGCGGATCA,3-F-56,T cell,3,T cell,2.9580498,22.775904,6640,0.6450675129890442
10X_P7_6_CTGTGCTAGCTACCGC,3-F-56,B cell,7,Unmatched_7,-5.5808654,1.3811079,6641,1.4970710277557373
10X_P7_6_CTGTGCTAGTACGTAA,3-F-56,B cell,1,Unmatched_1,-2.7193623,6.165084,6642,0.5597417950630188
10X_P7_6_CTGTGCTCAGGTCCAC,3-F-56,B cell,1,Unmatched_1,-3.460511,4.0507717,6643,0.876559853553772
10X_P7_6_CTGTGCTCAGTACACT,3-F-56,T cell,2,Unmatched_2,2.1974852,26.147276,6644,0.6584178805351257
10X_P7_6_CTGTGCTGTCGCGAAA,3-F-56,B cell,1,Unmatched_1,-2.4807756,5.8269176,6645,0.4647547304630279
10X_P7_6_CTGTGCTGTTCCGGCA,3-F-56,B cell,1,Unmatched_1,-0.93892586,5.9592123,6646,0.4510092735290527
10X_P7_6_CTGTGCTGTTTGACTG,3-F-56,B cell,0,B cell,-1.7721457,3.607145,6647,0.8445664048194885
10X_P7_6_CTGTTTAAGCTTATCG,3-F-56,T cell,2,Unmatched_2,2.5252876,26.220701,6648,0.553526759147644
10X_P7_6_CTGTTTAAGGATATAC,3-F-56,B cell,0,B cell,-0.33391765,-0.36074567,6649,0.4469533860683441
10X_P7_6_CTGTTTACAAAGTCAA,3-F-56,T cell,3,T cell,3.8369396,23.543467,6650,0.5414785146713257
10X_P7_6_CTGTTTAGTTTACTCT,3-F-56,T cell,3,T cell,3.6100597,22.989237,6651,0.5915514826774597
10X_P7_6_CTGTTTATCACATGCA,3-F-56,T cell,3,T cell,2.845044,22.960072,6652,0.8210002183914185
10X_P7_6_CTGTTTATCACGATGT,3-F-56,T cell,3,T cell,3.5502193,24.60237,6653,0.6964817047119141
10X_P7_6_CTGTTTATCAGAGCTT,3-F-56,B cell,0,B cell,-1.4724925,0.85123223,6654,1.532119870185852
10X_P7_6_CTGTTTATCCGATATG,3-F-56,B cell,0,B cell,-2.0150256,-0.7595344,6655,0.5486412644386292
10X_P7_6_CTGTTTATCGACCAGC,3-F-56,B cell,2,Unmatched_2,0.36323395,23.109919,6656,1.4299217462539673
10X_P7_6_CTGTTTATCGTAGGAG,3-F-56,B cell,0,B cell,-3.208075,-0.7869172,6657,0.7048342823982239
10X_P7_6_CTTAACTAGACCGGAT,3-F-56,B cell,0,B cell,-2.960363,3.1627636,6658,1.0772607326507568
10X_P7_6_CTTAACTGTAACGTTC,3-F-56,B cell,0,B cell,-0.8631105,-0.6241407,6659,0.4881735146045685
10X_P7_6_CTTAACTGTAGCGTGA,3-F-56,B cell,0,B cell,-1.423711,1.2078074,6660,0.842971920967102
10X_P7_6_CTTAACTTCTTGTACT,3-F-56,T cell,2,Unmatched_2,2.3139095,25.956799,6661,0.7814634442329407
10X_P7_6_CTTACCGAGAATGTGT,3-F-56,B cell,1,Unmatched_1,-0.9785177,5.7742043,6662,0.8617704510688782
10X_P7_6_CTTACCGAGCAAATCA,3-F-56,T cell,2,Unmatched_2,1.8654221,25.717531,6663,0.7877913117408752
10X_P7_6_CTTACCGAGCCTATGT,3-F-56,B cell,0,B cell,-3.0154498,0.6677092,6664,0.6343000531196594
10X_P7_6_CTTACCGAGGATCGCA,3-F-56,T cell,3,T cell,2.9328477,23.247473,6665,0.7627705931663513
10X_P7_6_CTTACCGCAATGGATA,3-F-56,B cell,1,Unmatched_1,-1.6425883,6.3914056,6666,0.655828595161438
10X_P7_6_CTTACCGGTACGCACC,3-F-56,B cell,4,Unmatched_4,-5.11155,3.1440854,6667,1.2140108346939087
10X_P7_6_CTTACCGGTTTAGCTG,3-F-56,T cell,2,Unmatched_2,2.7614706,25.202972,6668,1.6259164810180664
10X_P7_6_CTTACCGTCACGGTTA,3-F-56,B cell,0,B cell,-2.6185548,1.6555237,6669,0.4685332179069519
10X_P7_6_CTTACCGTCCAGGGCT,3-F-56,T cell,2,Unmatched_2,1.6379583,25.566252,6670,0.6160218119621277
10X_P7_6_CTTACCGTCTCTGCTG,3-F-56,B cell,0,B cell,-1.6149012,0.5737055,6671,0.4661902785301208
10X_P7_6_CTTAGGAAGATCCGAG,3-F-56,B cell,1,Unmatched_1,-2.0848823,5.595644,6672,0.4973441064357757
10X_P7_6_CTTAGGAAGGACAGCT,3-F-56,T cell,3,T cell,5.3299575,24.920738,6673,2.207724094390869
10X_P7_6_CTTAGGACACTGAAGG,3-F-56,B cell,0,B cell,-4.393251,0.20857829,6674,1.2156542539596558
10X_P7_6_CTTAGGAGTGAACCTT,3-F-56,T cell,2,Unmatched_2,3.1044848,25.779598,6675,0.6735325455665588
10X_P7_6_CTTAGGATCCGCGTTT,3-F-56,B cell,0,B cell,-2.8133976,1.4001245,6676,0.4372555613517761
10X_P7_6_CTTAGGATCCTATGTT,3-F-56,B cell,7,Unmatched_7,-5.2239532,1.402294,6677,1.5162028074264526
10X_P7_6_CTTCTCTAGAGTACAT,3-F-56,macrophage,8,Unmatched_8,10.165909,12.240148,6678,2.239296197891236
10X_P7_6_CTTCTCTAGAGTCTGG,3-F-56,B cell,0,B cell,-2.6527455,1.4268919,6679,0.4564069509506225
10X_P7_6_CTTCTCTAGTAGCGGT,3-F-56,T cell,3,T cell,2.951878,23.220009,6680,0.551102340221405
10X_P7_6_CTTCTCTCACAGCCCA,3-F-56,B cell,0,B cell,-1.59678,2.4824333,6681,1.0373915433883667
10X_P7_6_CTTCTCTCAGATGGGT,3-F-56,T cell,2,Unmatched_2,4.6284165,26.117567,6682,1.314250349998474
10X_P7_6_CTTCTCTCATGAGCGA,3-F-56,T cell,3,T cell,5.2079935,24.99109,6683,1.409324049949646
10X_P7_6_CTTCTCTGTAGCCTAT,3-F-56,T cell,3,T cell,3.1072288,23.156452,6684,0.9009279012680054
10X_P7_6_CTTCTCTGTATGCTTG,3-F-56,B cell,0,B cell,-0.26255104,-0.59130114,6685,0.4962925612926483
10X_P7_6_CTTCTCTGTGCTTCTC,3-F-56,B cell,0,B cell,-2.6957338,0.58071667,6686,0.5616278052330017
10X_P7_6_CTTCTCTTCACAAACC,3-F-56,B cell,0,B cell,-1.9159682,1.8137895,6687,0.978256344795227
10X_P7_6_CTTCTCTTCACCATAG,3-F-56,B cell,0,B cell,-3.041076,1.339643,6688,0.5664997696876526
10X_P7_6_CTTCTCTTCCGAAGAG,3-F-56,B cell,0,B cell,-2.9473503,0.531788,6689,0.3866874575614929
10X_P7_6_CTTGGCTAGACAGACC,3-F-56,T cell,2,Unmatched_2,3.707509,26.335052,6690,0.9367117285728456
10X_P7_6_CTTGGCTAGGACCACA,3-F-56,B cell,0,B cell,-1.5065714,0.34391162,6691,0.5346042513847351
10X_P7_6_CTTGGCTCACGGACAA,3-F-56,B cell,0,B cell,-2.501486,3.050909,6692,1.0444964170455933
10X_P7_6_CTTGGCTCAGGCTCAC,3-F-56,macrophage,8,Unmatched_8,10.052526,12.336878,6693,2.721359968185425
10X_P7_6_CTTGGCTCATGACGGA,3-F-56,B cell,2,Unmatched_2,0.7036883,22.896477,6694,2.3741860389709477
10X_P7_6_CTTGGCTCATGGTAGG,3-F-56,T cell,3,T cell,4.519273,25.024729,6695,2.089925527572632
10X_P7_6_CTTGGCTGTAAATACG,3-F-56,B cell,7,Unmatched_7,-5.6730456,1.1739566,6696,1.4673879146575928
10X_P7_6_CTTGGCTGTGCCTGCA,3-F-56,B cell,1,Unmatched_1,-1.6141865,5.8414097,6697,0.6059578657150269
10X_P7_6_CTTGGCTGTGCTGTAT,3-F-56,B cell,0,B cell,-0.7631491,1.6947789,6698,0.727616548538208
10X_P7_6_CTTGGCTGTTCCACGG,3-F-56,B cell,1,Unmatched_1,-3.0252197,4.4583592,6699,1.27202308177948
10X_P7_6_CTTGGCTTCGGAAACG,3-F-56,B cell,0,B cell,-1.1906677,2.806764,6700,1.3940372467041016
10X_P7_6_CTTTGCGAGACGCTTT,3-F-56,T cell,9,Unmatched_9,6.9609966,23.723469,6701,2.954780101776123
10X_P7_6_CTTTGCGAGTACTTGC,3-F-56,B cell,1,Unmatched_1,-0.7457592,6.202075,6702,1.1130396127700806
10X_P7_6_CTTTGCGCAAGGACTG,3-F-56,B cell,0,B cell,-2.6008773,1.969853,6703,0.7447932958602905
10X_P7_6_CTTTGCGCAGTAACGG,3-F-56,B cell,1,Unmatched_1,-4.451033,3.3322322,6704,0.7103078961372375
10X_P7_6_CTTTGCGCAGTAAGCG,3-F-56,B cell,0,B cell,-1.6858056,1.6515548,6705,1.4957473278045654
10X_P7_6_CTTTGCGCAGTGACAG,3-F-56,natural killer cell,6,natural killer cell,7.342782,26.240229,6706,2.1558778285980225
10X_P7_6_CTTTGCGGTCAGATAA,3-F-56,B cell,0,B cell,-0.90400976,-1.251457,6707,0.4675600230693817
10X_P7_6_CTTTGCGGTTAGGGTG,3-F-56,B cell,0,B cell,-1.3321227,3.3848178,6708,1.4591330289840698
10X_P7_6_CTTTGCGGTTCCACGG,3-F-56,B cell,4,Unmatched_4,-3.9184132,3.9390714,6709,0.7829970717430115
10X_P7_6_CTTTGCGTCGTGGGAA,3-F-56,T cell,2,Unmatched_2,2.3049395,25.59094,6710,1.283442139625549
10X_P7_6_GAAACTCAGCTACCTA,3-F-56,T cell,2,Unmatched_2,3.0255864,25.924152,6711,0.6440690755844116
10X_P7_6_GAAACTCAGGTGCTTT,3-F-56,B cell,1,Unmatched_1,-1.0822278,5.227443,6712,0.8932026028633118
10X_P7_6_GAAACTCAGTCAATAG,3-F-56,B cell,0,B cell,-0.9568705,-0.21558839,6713,0.4797170460224151
10X_P7_6_GAAACTCAGTCCCACG,3-F-56,B cell,4,Unmatched_4,-4.4387193,4.5106444,6714,0.8703513145446777
10X_P7_6_GAAACTCAGTCTCAAC,3-F-56,B cell,0,B cell,-2.0419056,3.2473657,6715,0.8179196119308472
10X_P7_6_GAAACTCAGTTGCAGG,3-F-56,macrophage,8,Unmatched_8,10.414807,12.078312,6716,2.598888635635376
10X_P7_6_GAAACTCGTCATACTG,3-F-56,B cell,0,B cell,-3.8290493,2.8411942,6717,1.357704758644104
10X_P7_6_GAAACTCGTCATGCAT,3-F-56,B cell,1,Unmatched_1,-1.6125759,6.3274093,6718,0.616861879825592
10X_P7_6_GAAACTCGTCTAGTCA,3-F-56,B cell,0,B cell,-0.7876542,1.4212602,6719,1.454972743988037
10X_P7_6_GAAACTCTCAGCTGGC,3-F-56,B cell,0,B cell,-0.49414915,2.509743,6720,0.6715810894966125
10X_P7_6_GAAACTCTCCCTGACT,3-F-56,B cell,0,B cell,-3.0985975,0.89420533,6721,0.4675822556018829
10X_P7_6_GAAACTCTCCGGCACA,3-F-56,B cell,1,Unmatched_1,-1.6590835,5.364644,6722,0.5991784930229187
10X_P7_6_GAAACTCTCGCGGATC,3-F-56,natural killer cell,6,natural killer cell,7.1380544,26.477312,6723,1.590451955795288
10X_P7_6_GAAATGAAGGAATCGC,3-F-56,natural killer cell,6,natural killer cell,7.1383677,26.521276,6724,1.9649686813354488
10X_P7_6_GAAATGACACATCTTT,3-F-56,B cell,2,Unmatched_2,4.120445,24.652302,6725,1.2894105911254885
10X_P7_6_GAAATGACATTACGAC,3-F-56,T cell,2,Unmatched_2,2.355305,25.658434,6726,0.7842321395874023
10X_P7_6_GAAATGAGTAAATGTG,3-F-56,B cell,0,B cell,-0.7831236,0.4794063,6727,0.6537442803382874
10X_P7_6_GAAATGAGTACACCGC,3-F-56,T cell,3,T cell,3.4139411,22.85559,6728,0.6501833200454712
10X_P7_6_GAAATGATCAACACCA,3-F-56,B cell,0,B cell,-3.2402818,-0.68728113,6729,0.7815468311309814
10X_P7_6_GAACATCAGATGTAAC,3-F-56,B cell,4,Unmatched_4,-5.0429726,3.1373982,6730,0.7932267785072327
10X_P7_6_GAACATCAGCGAAGGG,3-F-56,B cell,0,B cell,-3.3147988,0.2876185,6731,0.7212119698524475
10X_P7_6_GAACATCCAATAGCAA,3-F-56,B cell,0,B cell,-2.0296082,2.903817,6732,0.6516301035881042
10X_P7_6_GAACATCCAATGACCT,3-F-56,B cell,0,B cell,-1.4427984,1.9611157,6733,0.6271520256996155
10X_P7_6_GAACATCCACAAGACG,3-F-56,B cell,0,B cell,-1.551353,-0.77634406,6734,0.8781781196594238
10X_P7_6_GAACATCCACATTTCT,3-F-56,natural killer cell,6,natural killer cell,7.2771907,25.986738,6735,1.6612589359283447
10X_P7_6_GAACATCCATAACCTG,3-F-56,B cell,0,B cell,-2.1531773,1.4203113,6736,0.9668869376182556
10X_P7_6_GAACATCCATCCGGGT,3-F-56,T cell,3,T cell,4.487217,24.268297,6737,1.0909086465835571
10X_P7_6_GAACATCGTTCACCTC,3-F-56,B cell,1,Unmatched_1,-1.7642328,6.2675304,6738,0.6387293934822083
10X_P7_6_GAACATCGTTTCGCTC,3-F-56,B cell,1,Unmatched_1,-1.7462535,6.0655503,6739,0.490469366312027
10X_P7_6_GAACATCTCACCTCGT,3-F-56,T cell,3,T cell,2.8214612,23.568876,6740,2.0649635791778564
10X_P7_6_GAACATCTCATCTGTT,3-F-56,B cell,4,Unmatched_4,-5.0731173,3.2169702,6741,0.9476191997528076
10X_P7_6_GAACATCTCCACGTTC,3-F-56,B cell,1,Unmatched_1,-2.2788155,5.4510355,6742,0.8345580697059631
10X_P7_6_GAACATCTCCAGGGCT,3-F-56,B cell,0,B cell,0.096936174,0.10826745,6743,0.569461464881897
10X_P7_6_GAACATCTCGATCCCT,3-F-56,B cell,0,B cell,-0.20757008,0.90542924,6744,0.8436400890350342
10X_P7_6_GAACATCTCGCCCTTA,3-F-56,T cell,2,Unmatched_2,3.3397546,25.352697,6745,0.6714093089103699
10X_P7_6_GAACATCTCGGTCCGA,3-F-56,T cell,3,T cell,3.3679788,23.991653,6746,0.7295621633529663
10X_P7_6_GAACATCTCGTACCGG,3-F-56,B cell,0,B cell,-0.8826972,2.3694434,6747,1.3608380556106567
10X_P7_6_GAACATCTCTAACCGA,3-F-56,B cell,0,B cell,-2.0292666,0.15772974,6748,0.6555740237236023
10X_P7_6_GAACCTAAGACTAGGC,3-F-56,B cell,0,B cell,-2.1170623,-1.2357442,6749,0.7926445007324219
10X_P7_6_GAACCTAAGCTTTGGT,3-F-56,B cell,0,B cell,-0.90937036,-1.2142808,6750,0.5916858911514282
10X_P7_6_GAACCTAAGGTAGCCA,3-F-56,B cell,4,Unmatched_4,-3.7479038,4.1807523,6751,0.8107364177703857
10X_P7_6_GAACCTAAGTCCTCCT,3-F-56,B cell,1,Unmatched_1,-1.1945063,5.9326744,6752,0.4390442073345184
10X_P7_6_GAACCTAAGTGAATTG,3-F-56,B cell,4,Unmatched_4,-2.509521,8.773283,6753,0.6432091593742371
10X_P7_6_GAACCTACACGGATAG,3-F-56,T cell,3,T cell,5.3858495,24.924778,6754,1.5746235847473145
10X_P7_6_GAACCTAGTCAGTGGA,3-F-56,T cell,2,Unmatched_2,1.9742386,25.513954,6755,0.6782131195068359
10X_P7_6_GAACCTAGTGACGGTA,3-F-56,B cell,4,Unmatched_4,-4.63017,4.0561266,6756,0.8293805718421936
10X_P7_6_GAACCTATCCTTCAAT,3-F-56,B cell,0,B cell,-0.48307756,0.3614206,6757,1.1761445999145508
10X_P7_6_GAACGGAAGACAAGCC,3-F-56,B cell,0,B cell,-0.82593584,-1.14171,6758,0.5725404620170593
10X_P7_6_GAACGGAAGCAGACTG,3-F-56,B cell,4,Unmatched_4,-4.9716883,4.187007,6759,0.838695228099823
10X_P7_6_GAACGGAAGCCCAATT,3-F-56,B cell,1,Unmatched_1,-0.7526134,6.1623874,6760,0.8115729689598083
10X_P7_6_GAACGGACAAGGTTTC,3-F-56,B cell,0,B cell,-2.397543,-0.31399736,6761,0.5720435380935669
10X_P7_6_GAACGGACATGCGCAC,3-F-56,B cell,0,B cell,0.30482465,0.1021,6762,0.6048676371574402
10X_P7_6_GAACGGACATTCGACA,3-F-56,B cell,4,Unmatched_4,9.197488,14.139975,6763,2.730185270309448
10X_P7_6_GAACGGAGTAAGTAGT,3-F-56,natural killer cell,6,natural killer cell,7.0476513,26.489296,6764,2.117744207382202
10X_P7_6_GAACGGAGTAGCAAAT,3-F-56,B cell,0,B cell,-0.74595016,0.5591474,6765,0.8247280716896057
10X_P7_6_GAACGGAGTAGCTGCC,3-F-56,B cell,0,B cell,-0.2972312,-0.22669631,6766,0.6545227766036987
10X_P7_6_GAACGGAGTGCGGTAA,3-F-56,T cell,2,Unmatched_2,4.13621,25.530249,6767,1.7495756149291992
10X_P7_6_GAACGGAGTGGTACAG,3-F-56,natural killer cell,6,natural killer cell,6.882639,26.144785,6768,2.940760850906372
10X_P7_6_GAACGGAGTTGGACCC,3-F-56,T cell,2,Unmatched_2,2.0406308,25.800829,6769,0.8068452477455139
10X_P7_6_GAACGGAGTTTACTCT,3-F-56,natural killer cell,6,natural killer cell,7.139873,26.51749,6770,2.281632900238037
10X_P7_6_GAACGGATCAGCACAT,3-F-56,B cell,1,Unmatched_1,-3.8948674,6.05452,6771,1.195271134376526
10X_P7_6_GAACGGATCTGTCTAT,3-F-56,B cell,0,B cell,-0.34180465,1.0591574,6772,0.6427815556526184
10X_P7_6_GAAGCAGAGACCTAGG,3-F-56,B cell,1,Unmatched_1,-2.7574012,4.560309,6773,0.7811475396156311
10X_P7_6_GAAGCAGAGATCCGAG,3-F-56,B cell,0,B cell,-4.1021852,1.5048277,6774,0.6949522495269775
10X_P7_6_GAAGCAGAGCGATATA,3-F-56,T cell,2,Unmatched_2,2.959116,25.909346,6775,0.6812329292297363
10X_P7_6_GAAGCAGAGTAGGTGC,3-F-56,T cell,3,T cell,3.2885985,22.755737,6776,0.5642748475074768
10X_P7_6_GAAGCAGCATTTCACT,3-F-56,B cell,0,B cell,-3.036678,1.291025,6777,0.3894445896148681
10X_P7_6_GAAGCAGGTCCAGTAT,3-F-56,T cell,3,T cell,3.8227422,23.421644,6778,0.6526453495025635
10X_P7_6_GAAGCAGGTTCGAATC,3-F-56,B cell,1,Unmatched_1,-2.1117616,5.135121,6779,0.8997430205345154
10X_P7_6_GAAGCAGTCGTTACAG,3-F-56,B cell,0,B cell,0.044185095,0.53993064,6780,0.475664734840393
10X_P7_6_GAATAAGAGATCTGAA,3-F-56,B cell,7,Unmatched_7,-4.946741,1.3148677,6781,1.013114094734192
10X_P7_6_GAATAAGAGCCGGTAA,3-F-56,macrophage,5,macrophage,11.071647,14.379323,6782,1.988237738609314
10X_P7_6_GAATAAGCAATGGAAT,3-F-56,B cell,1,Unmatched_1,-2.4483676,5.6375895,6783,0.9753891825675964
10X_P7_6_GAATAAGCAGAAGCAC,3-F-56,T cell,3,T cell,4.3979526,24.387108,6784,1.079648733139038
10X_P7_6_GAATAAGCAGGGTATG,3-F-56,T cell,2,Unmatched_2,4.663394,26.35685,6785,1.451653242111206
10X_P7_6_GAATAAGCAGTCACTA,3-F-56,B cell,0,B cell,-1.7612681,3.9850497,6786,0.6081917881965637
10X_P7_6_GAATAAGCATTAACCG,3-F-56,B cell,0,B cell,-3.029834,1.0754013,6787,0.4065541625022888
10X_P7_6_GAATAAGGTACAGTTC,3-F-56,B cell,0,B cell,-3.3210266,0.70955384,6788,0.5801798105239868
10X_P7_6_GAATAAGGTAGCAAAT,3-F-56,B cell,1,Unmatched_1,-1.4202056,6.021589,6789,0.5002449154853821
10X_P7_6_GAATAAGGTGACTACT,3-F-56,B cell,0,B cell,-1.6702368,2.5374858,6790,0.5886105895042419
10X_P7_6_GAATAAGTCACCCGAG,3-F-56,B cell,1,Unmatched_1,-1.5820704,6.317927,6791,0.4826002120971679
10X_P7_6_GAATAAGTCAGTGCAT,3-F-56,B cell,0,B cell,-1.2665774,1.2561357,6792,0.7104653716087341
10X_P7_6_GAATAAGTCTCGTTTA,3-F-56,B cell,1,Unmatched_1,-2.991146,4.15993,6793,0.7564152479171753
10X_P7_6_GAATAAGTCTTACCGC,3-F-56,macrophage,8,Unmatched_8,10.026667,12.355011,6794,2.2147436141967773
10X_P7_6_GAATGAAAGAGAGCTC,3-F-56,B cell,1,Unmatched_1,-2.2008827,5.885881,6795,0.5372267365455627
10X_P7_6_GAATGAAAGCGGATCA,3-F-56,B cell,0,B cell,-1.0732208,-1.4509073,6796,1.1976349353790283
10X_P7_6_GAATGAAAGGGTGTGT,3-F-56,B cell,1,Unmatched_1,-0.8217501,6.1351786,6797,0.4555760622024536
10X_P7_6_GAATGAAAGTGGTAAT,3-F-56,B cell,2,Unmatched_2,0.74385566,22.813957,6798,1.1850839853286743
10X_P7_6_GAATGAACAAGGACTG,3-F-56,T cell,2,Unmatched_2,4.0633826,25.780727,6799,0.9502440690994264
10X_P7_6_GAATGAACAATGGTCT,3-F-56,B cell,0,B cell,-0.7831822,3.2819734,6800,1.0298609733581543
10X_P7_6_GAATGAAGTCGAACAG,3-F-56,B cell,0,B cell,-2.7539124,0.5976592,6801,0.8211675882339478
10X_P7_6_GAATGAATCAATCTCT,3-F-56,T cell,2,Unmatched_2,1.9383043,25.57611,6802,0.8508315086364746
10X_P7_6_GAATGAATCCCTCAGT,3-F-56,macrophage,5,macrophage,13.385477,15.367226,6803,1.9164273738861084
10X_P7_6_GAATGAATCCGCGGTA,3-F-56,B cell,0,B cell,-2.36593,0.14895487,6804,0.5778423547744751
10X_P7_6_GACACGCAGGCGATAC,3-F-56,B cell,0,B cell,0.24381885,2.4023433,6805,0.4732747375965118
10X_P7_6_GACACGCAGGGCATGT,3-F-56,T cell,3,T cell,3.1586487,23.262325,6806,0.583206295967102
10X_P7_6_GACACGCAGGTGACCA,3-F-56,B cell,0,B cell,-1.2971605,0.43407652,6807,0.579777181148529
10X_P7_6_GACACGCCAAATACAG,3-F-56,B cell,0,B cell,-1.4235221,2.0080645,6808,0.6830349564552307
10X_P7_6_GACACGCCAAGTCTAC,3-F-56,B cell,0,B cell,-3.9332926,1.0788953,6809,0.954752802848816
10X_P7_6_GACACGCCACAGGTTT,3-F-56,B cell,0,B cell,-1.3848432,3.8413918,6810,0.9582852721214294
10X_P7_6_GACACGCCAGGTTTCA,3-F-56,T cell,3,T cell,2.9597507,23.5168,6811,0.8591282367706299
10X_P7_6_GACACGCGTCCAGTAT,3-F-56,T cell,2,Unmatched_2,2.493447,25.472178,6812,1.1833308935165403
10X_P7_6_GACACGCGTCGACTGC,3-F-56,macrophage,8,Unmatched_8,10.063131,12.323807,6813,2.360257625579834
10X_P7_6_GACACGCGTCGGGTCT,3-F-56,B cell,0,B cell,-3.4375002,-0.4224138,6814,0.7760263085365295
10X_P7_6_GACACGCGTTACCAGT,3-F-56,T cell,2,Unmatched_2,4.5461273,26.093704,6815,2.8559908866882324
10X_P7_6_GACACGCGTTGTGGCC,3-F-56,B cell,0,B cell,-2.379834,2.197877,6816,0.909042477607727
10X_P7_6_GACACGCTCATGCTCC,3-F-56,B cell,0,B cell,-3.9193096,0.41630283,6817,0.798266589641571
10X_P7_6_GACACGCTCCAGGGCT,3-F-56,macrophage,5,macrophage,12.52726,14.777139,6818,2.023956298828125
10X_P7_6_GACACGCTCCATGAGT,3-F-56,B cell,0,B cell,-1.0831562,1.50137,6819,1.3218671083450315
10X_P7_6_GACACGCTCGTTTGCC,3-F-56,B cell,0,B cell,-1.7937272,0.9660554,6820,0.5542603731155396
10X_P7_6_GACACGCTCTAACTCT,3-F-56,B cell,0,B cell,-0.01192388,-0.24642806,6821,0.4411770105361938
10X_P7_6_GACACGCTCTGCTGTC,3-F-56,B cell,0,B cell,-2.668065,2.8115244,6822,1.602602243423462
10X_P7_6_GACAGAGAGGGCTCTC,3-F-56,B cell,1,Unmatched_1,-0.8668407,6.2244334,6823,0.690099835395813
10X_P7_6_GACAGAGAGGTCATCT,3-F-56,B cell,1,Unmatched_1,-1.3687291,6.336241,6824,0.4781823754310608
10X_P7_6_GACAGAGAGGTGCTAG,3-F-56,B cell,0,B cell,-2.0027068,1.3597101,6825,0.677132248878479
10X_P7_6_GACAGAGCAACAACCT,3-F-56,B cell,0,B cell,-3.8931737,3.1601331,6826,1.3921725749969482
10X_P7_6_GACAGAGGTCGTCTTC,3-F-56,B cell,0,B cell,-1.7947601,0.6079103,6827,0.636763334274292
10X_P7_6_GACAGAGGTGCCTTGG,3-F-56,T cell,2,Unmatched_2,2.2044203,25.602024,6828,0.6486226320266724
10X_P7_6_GACAGAGTCAGGCGAA,3-F-56,B cell,0,B cell,-2.5938032,1.9079301,6829,0.5150133967399597
10X_P7_6_GACAGAGTCGCTTAGA,3-F-56,B cell,0,B cell,-2.1992044,1.6911769,6830,0.9025661945343018
10X_P7_6_GACCAATAGGTAAACT,3-F-56,B cell,1,Unmatched_1,-3.8141673,5.885004,6831,0.6937682628631592
10X_P7_6_GACCAATAGTATGACA,3-F-56,B cell,4,Unmatched_4,-4.2406683,4.1645947,6832,0.7729495763778687
10X_P7_6_GACCAATAGTCTCGGC,3-F-56,B cell,0,B cell,-1.3152716,-0.98858726,6833,0.7974197864532471
10X_P7_6_GACCAATAGTGCGATG,3-F-56,B cell,0,B cell,-0.9518545,1.750216,6834,1.040673851966858
10X_P7_6_GACCAATCAAACCCAT,3-F-56,natural killer cell,6,natural killer cell,6.9672723,26.19684,6835,2.8338863849639893
10X_P7_6_GACCAATGTCTTCAAG,3-F-56,T cell,3,T cell,4.491638,24.276535,6836,0.9822007417678832
10X_P7_6_GACCAATGTTAAGACA,3-F-56,B cell,4,Unmatched_4,-5.146377,4.200614,6837,1.915070414543152
10X_P7_6_GACCAATGTTATCACG,3-F-56,B cell,0,B cell,-0.7647181,0.94048035,6838,0.8838527202606201
10X_P7_6_GACCAATTCAGCTCTC,3-F-56,B cell,1,Unmatched_1,-1.2194694,6.3604603,6839,0.4597558081150055
10X_P7_6_GACCAATTCGTTACAG,3-F-56,B cell,1,Unmatched_1,-2.6041462,4.145957,6840,0.8379752039909363
10X_P7_6_GACCAATTCTCTGTCG,3-F-56,B cell,0,B cell,-1.6878178,0.8223957,6841,0.7595070600509644
10X_P7_6_GACCTGGAGCTGATAA,3-F-56,B cell,0,B cell,-0.34449297,-0.7638495,6842,1.2333179712295532
10X_P7_6_GACCTGGAGGTGTTAA,3-F-56,B cell,0,B cell,-1.0316447,0.7466479,6843,0.8233485221862793
10X_P7_6_GACCTGGAGTGGTAAT,3-F-56,B cell,0,B cell,0.16709514,0.75123,6844,0.6915367245674133
10X_P7_6_GACCTGGCAATCGAAA,3-F-56,B cell,0,B cell,-2.3728561,0.94285005,6845,1.1172053813934326
10X_P7_6_GACCTGGCACATTTCT,3-F-56,B cell,0,B cell,-1.3506266,1.8003076,6846,1.970764398574829
10X_P7_6_GACCTGGCAGCCACCA,3-F-56,B cell,1,Unmatched_1,-3.8667748,5.9765015,6847,0.9027993083000184
10X_P7_6_GACCTGGCAGCTCGAC,3-F-56,B cell,0,B cell,-2.5655801,1.6192063,6848,0.9668501615524292
10X_P7_6_GACCTGGCATTACCTT,3-F-56,B cell,0,B cell,-1.9181877,3.0280447,6849,0.9617676138877868
10X_P7_6_GACCTGGGTCCAGTGC,3-F-56,B cell,1,Unmatched_1,-2.4122286,5.473074,6850,0.6667036414146423
10X_P7_6_GACCTGGGTCGGATCC,3-F-56,T cell,2,Unmatched_2,2.3000479,26.269361,6851,0.5196830034255981
10X_P7_6_GACCTGGGTGTGGTTT,3-F-56,B cell,0,B cell,0.076627836,0.58811903,6852,0.4095592796802521
10X_P7_6_GACCTGGTCATGGTCA,3-F-56,B cell,1,Unmatched_1,-2.5229867,4.243478,6853,0.8197451233863831
10X_P7_6_GACCTGGTCATTATCC,3-F-56,B cell,0,B cell,-0.5689243,-0.6845982,6854,0.4727514088153839
10X_P7_6_GACCTGGTCGACGGAA,3-F-56,B cell,7,Unmatched_7,-5.379932,1.2595009,6855,1.1631016731262207
10X_P7_6_GACCTGGTCTATGTGG,3-F-56,B cell,0,B cell,-2.0690746,1.1297997,6856,0.4778988063335418
10X_P7_6_GACCTGGTCTCGCTTG,3-F-56,B cell,0,B cell,-4.9371853,0.43441752,6857,0.7322241067886353
10X_P7_6_GACCTGGTCTCTAAGG,3-F-56,B cell,0,B cell,-2.9402614,2.7921112,6858,0.9945974946022034
10X_P7_6_GACGCGTAGAAGGGTA,3-F-56,B cell,0,B cell,-0.6021801,-0.13782823,6859,0.7642248868942261
10X_P7_6_GACGCGTAGCAACGGT,3-F-56,macrophage,5,macrophage,0.85995096,2.9983044,6860,2.288088321685791
10X_P7_6_GACGCGTAGTCATGCT,3-F-56,B cell,0,B cell,-1.7048317,1.2842612,6861,0.7789118885993958
10X_P7_6_GACGCGTAGTTCGCAT,3-F-56,B cell,1,Unmatched_1,-0.8380993,6.008279,6862,0.8440206050872803
10X_P7_6_GACGCGTCAAGACGTG,3-F-56,natural killer cell,6,natural killer cell,6.394698,25.406881,6863,3.1127817630767822
10X_P7_6_GACGCGTCAGATCCAT,3-F-56,B cell,0,B cell,-2.524677,1.234289,6864,0.4723292291164398
10X_P7_6_GACGCGTGTACCTACA,3-F-56,B cell,0,B cell,-3.6951654,1.3958275,6865,0.7641077637672424
10X_P7_6_GACGCGTGTATCACCA,3-F-56,B cell,0,B cell,-2.5852966,-0.42553064,6866,0.5622926950454712
10X_P7_6_GACGCGTGTCATTAGC,3-F-56,B cell,1,Unmatched_1,-0.9865507,4.7372684,6867,1.2268266677856443
10X_P7_6_GACGCGTGTCCAGTAT,3-F-56,B cell,1,Unmatched_1,-1.9689823,4.076136,6868,0.8037241101264954
10X_P7_6_GACGCGTGTCTAGTGT,3-F-56,B cell,1,Unmatched_1,-1.2459822,4.8800573,6869,0.6907356381416321
10X_P7_6_GACGCGTTCTGGCGAC,3-F-56,B cell,1,Unmatched_1,-2.6220546,4.9947457,6870,0.6955704092979431
10X_P7_6_GACGGCTAGCGAAGGG,3-F-56,B cell,2,Unmatched_2,0.723469,22.802404,6871,1.0726388692855835
10X_P7_6_GACGGCTAGCGGATCA,3-F-56,T cell,9,Unmatched_9,6.9313545,23.75899,6872,1.5042763948440552
10X_P7_6_GACGGCTCACGCATCG,3-F-56,B cell,0,B cell,-0.34325683,2.222035,6873,0.5323697328567505
10X_P7_6_GACGGCTGTACCGAGA,3-F-56,B cell,1,Unmatched_1,-2.82459,4.0883565,6874,0.791488766670227
10X_P7_6_GACGGCTGTCATGCAT,3-F-56,B cell,1,Unmatched_1,-1.6960491,4.330777,6875,1.1065081357955933
10X_P7_6_GACGGCTGTCCAGTAT,3-F-56,B cell,1,Unmatched_1,-2.5430133,5.457448,6876,0.683576762676239
10X_P7_6_GACGGCTTCATCGCTC,3-F-56,T cell,3,T cell,3.587941,23.20142,6877,0.6181899309158325
10X_P7_6_GACGGCTTCTACCTGC,3-F-56,B cell,0,B cell,-4.7978387,2.7024393,6878,1.3156660795211792
10X_P7_6_GACGGCTTCTGCTTGC,3-F-56,B cell,1,Unmatched_1,-2.667672,5.9352393,6879,0.4853663742542267
10X_P7_6_GACGTGCAGTCATGCT,3-F-56,B cell,1,Unmatched_1,-1.8608624,5.430004,6880,0.4285853207111358
10X_P7_6_GACGTGCCACTAAGTC,3-F-56,B cell,0,B cell,-1.4583976,1.2425554,6881,0.5274128317832947
10X_P7_6_GACGTGCCAGCTATTG,3-F-56,B cell,0,B cell,-2.4183826,2.0363212,6882,0.9300484657287598
10X_P7_6_GACGTGCGTGCTTCTC,3-F-56,dendritic cell,10,dendritic cell,15.945096,-0.11231697,6883,3.745244026184082
10X_P7_6_GACGTGCGTGTGCCTG,3-F-56,T cell,9,Unmatched_9,7.090695,23.597403,6884,1.541945219039917
10X_P7_6_GACGTGCGTTCTCATT,3-F-56,macrophage,8,Unmatched_8,10.09747,12.310805,6885,2.830096960067749
10X_P7_6_GACGTGCTCTACGAGT,3-F-56,natural killer cell,6,natural killer cell,7.0085177,26.550968,6886,1.4594117403030396
10X_P7_6_GACGTTAAGAAGGTTT,3-F-56,B cell,0,B cell,-0.21750396,-0.25342074,6887,0.6216766834259033
10X_P7_6_GACGTTAAGTACGACG,3-F-56,B cell,1,Unmatched_1,-0.7517972,6.1419287,6888,0.7095333933830261
10X_P7_6_GACGTTACAGAGCCAA,3-F-56,B cell,0,B cell,-3.3112707,0.978237,6889,0.6072832345962524
10X_P7_6_GACGTTACAGTTAACC,3-F-56,B cell,0,B cell,-3.304572,0.7395338,6890,0.7075546383857727
10X_P7_6_GACGTTACATGACGGA,3-F-56,B cell,1,Unmatched_1,-1.4510642,5.2975793,6891,0.6843551397323608
10X_P7_6_GACGTTAGTAAGAGAG,3-F-56,B cell,4,Unmatched_4,-5.0861654,4.2395806,6892,0.7775206565856934
10X_P7_6_GACGTTAGTCACACGC,3-F-56,B cell,4,Unmatched_4,-3.9388726,4.0070786,6893,0.8491793870925903
10X_P7_6_GACGTTAGTTAAGTAG,3-F-56,B cell,1,Unmatched_1,-0.9136975,5.9651175,6894,0.8698765635490417
10X_P7_6_GACGTTAGTTATCGGT,3-F-56,B cell,0,B cell,-1.1728967,0.1318852,6895,0.537763774394989
10X_P7_6_GACGTTAGTTTCGCTC,3-F-56,B cell,4,Unmatched_4,-4.8488817,3.9698744,6896,1.3428970575332642
10X_P7_6_GACGTTATCCCGACTT,3-F-56,T cell,2,Unmatched_2,2.3566525,26.27725,6897,0.9460307359695436
10X_P7_6_GACGTTATCGTCACGG,3-F-56,B cell,0,B cell,-2.1765625,1.4045596,6898,0.4087700545787811
10X_P7_6_GACGTTATCGTCTGAA,3-F-56,B cell,1,Unmatched_1,-1.7863783,5.9345455,6899,0.7175737023353577
10X_P7_6_GACTAACAGAAGAAGC,3-F-56,T cell,2,Unmatched_2,2.8251162,25.879784,6900,1.818573236465454
10X_P7_6_GACTAACAGCCGCCTA,3-F-56,B cell,1,Unmatched_1,4.2963667,13.533338,6901,0.926826000213623
10X_P7_6_GACTAACCAGAGCCAA,3-F-56,T cell,3,T cell,3.2391055,22.693342,6902,0.6405642628669739
10X_P7_6_GACTAACGTGAGGCTA,3-F-56,B cell,1,Unmatched_1,-1.8800032,6.367613,6903,0.4821542799472809
10X_P7_6_GACTAACGTTCGTTGA,3-F-56,B cell,4,Unmatched_4,8.938283,14.256626,6904,1.6045019626617432
10X_P7_6_GACTAACTCGAGCCCA,3-F-56,B cell,0,B cell,-3.7554243,-0.5502012,6905,0.9893888235092164
10X_P7_6_GACTAACTCGCTTGTC,3-F-56,B cell,0,B cell,-2.199041,0.9267201,6906,0.9190177917480468
10X_P7_6_GACTACAAGCGTTGCC,3-F-56,T cell,3,T cell,3.4390197,23.699211,6907,0.6998549103736877
10X_P7_6_GACTACACAAATTGCC,3-F-56,T cell,3,T cell,3.687574,23.010727,6908,0.8305822610855103
10X_P7_6_GACTACACACTTCTGC,3-F-56,B cell,0,B cell,-2.8620615,0.8319333,6909,0.4500689506530761
10X_P7_6_GACTACACAGGGATTG,3-F-56,B cell,0,B cell,-3.4343367,1.0672967,6910,1.0039496421813965
10X_P7_6_GACTACAGTACAAGTA,3-F-56,B cell,0,B cell,-2.5072126,0.6952078,6911,0.6183963418006897
10X_P7_6_GACTACAGTACCGGCT,3-F-56,B cell,0,B cell,-4.4302225,0.62842447,6912,1.8016632795333865
10X_P7_6_GACTACAGTACTCGCG,3-F-56,B cell,7,Unmatched_7,-4.4573507,1.5157406,6913,0.8998234868049622
10X_P7_6_GACTACAGTTGGTGGA,3-F-56,B cell,0,B cell,-0.93314487,3.4919338,6914,1.1934746503829956
10X_P7_6_GACTACAGTTGTACAC,3-F-56,B cell,0,B cell,-2.3323529,2.1317146,6915,1.526875138282776
10X_P7_6_GACTACATCAGTCAGT,3-F-56,B cell,1,Unmatched_1,-1.0726559,6.0377426,6916,0.8344892263412476
10X_P7_6_GACTACATCGCAAACT,3-F-56,B cell,0,B cell,-1.0851672,-0.44164413,6917,0.7238287329673767
10X_P7_6_GACTACATCGTTGACA,3-F-56,B cell,0,B cell,-1.9565886,1.8399264,6918,0.4852734208106994
10X_P7_6_GACTACATCTACCAGA,3-F-56,B cell,0,B cell,-2.062032,1.9057021,6919,1.0693305730819702
10X_P7_6_GACTGCGCAATTGCTG,3-F-56,B cell,0,B cell,-2.4404454,1.9611688,6920,0.7696506977081299
10X_P7_6_GACTGCGCACATTTCT,3-F-56,B cell,0,B cell,-1.3820379,1.9838086,6921,0.403523325920105
10X_P7_6_GACTGCGCACCAACCG,3-F-56,B cell,0,B cell,-2.48768,2.9963405,6922,0.8277043104171753
10X_P7_6_GACTGCGCAGCTCGAC,3-F-56,B cell,0,B cell,-1.1340615,1.3447956,6923,0.5545439720153809
10X_P7_6_GACTGCGGTCTCACCT,3-F-56,T cell,2,Unmatched_2,4.0822206,25.7639,6924,0.9608176946640016
10X_P7_6_GACTGCGGTTTACTCT,3-F-56,B cell,0,B cell,-1.5997052,1.7900081,6925,1.1982825994491575
10X_P7_6_GACTGCGTCAAGGTAA,3-F-56,B cell,0,B cell,0.18596269,0.72671014,6926,0.7515795826911926
10X_P7_6_GACTGCGTCACATGCA,3-F-56,B cell,0,B cell,-0.55642813,-0.6699012,6927,0.5072413682937622
10X_P7_6_GACTGCGTCATTATCC,3-F-56,B cell,1,Unmatched_1,-1.6739722,5.579001,6928,0.9603062272071838
10X_P7_6_GACTGCGTCCGTTGCT,3-F-56,natural killer cell,6,natural killer cell,6.8801174,25.742626,6929,2.1300487518310547
10X_P7_6_GAGCAGAAGATCTGAA,3-F-56,B cell,0,B cell,0.29517815,2.6210449,6930,0.8061702847480774
10X_P7_6_GAGCAGAAGTAACCCT,3-F-56,B cell,4,Unmatched_4,8.87712,14.27496,6931,1.889055013656616
10X_P7_6_GAGCAGACAACTGCTA,3-F-56,B cell,0,B cell,-3.0016377,1.8734176,6932,0.4875692129135132
10X_P7_6_GAGCAGAGTACATCCA,3-F-56,B cell,0,B cell,-3.346751,2.6763644,6933,0.8506250977516174
10X_P7_6_GAGCAGAGTAGGCATG,3-F-56,T cell,3,T cell,3.6516502,22.738815,6934,0.5785430669784546
10X_P7_6_GAGCAGAGTCTACCTC,3-F-56,B cell,0,B cell,-0.1649162,1.4163588,6935,0.4620446562767029
10X_P7_6_GAGCAGAGTTCGAATC,3-F-56,B cell,0,B cell,-0.5123476,2.8203318,6936,0.6882199645042419
10X_P7_6_GAGCAGATCAGCTGGC,3-F-56,B cell,0,B cell,-0.83364177,1.440744,6937,0.6945977210998535
10X_P7_6_GAGCAGATCCGCATAA,3-F-56,B cell,1,Unmatched_1,-1.2479917,6.3271484,6938,0.5364544987678528
10X_P7_6_GAGCAGATCTGTTGAG,3-F-56,T cell,3,T cell,4.3838935,24.493883,6939,0.8667969107627869
10X_P7_6_GAGCAGATCTTGTTTG,3-F-56,B cell,0,B cell,-2.2193115,0.03767087,6940,0.4891303777694702
10X_P7_6_GAGGTGAAGACATAAC,3-F-56,macrophage,8,Unmatched_8,10.326395,12.160753,6941,2.376714944839477
10X_P7_6_GAGGTGAAGATCTGCT,3-F-56,T cell,3,T cell,3.1771054,22.730436,6942,0.7969955801963806
10X_P7_6_GAGGTGACAATGACCT,3-F-56,B cell,1,Unmatched_1,-1.2045212,5.6314483,6943,1.1395156383514404
10X_P7_6_GAGGTGACACCATGTA,3-F-56,B cell,0,B cell,-0.329883,0.055246573,6944,0.9086036086082458
10X_P7_6_GAGGTGACACGAAGCA,3-F-56,T cell,9,Unmatched_9,6.9530377,23.735413,6945,1.9107234477996824
10X_P7_6_GAGGTGACAGTTAACC,3-F-56,B cell,0,B cell,-1.5703694,1.9306912,6946,0.7671630382537842
10X_P7_6_GAGGTGACATGCCACG,3-F-56,T cell,2,Unmatched_2,3.9650016,25.794777,6947,0.90315842628479
10X_P7_6_GAGGTGACATGCCTTC,3-F-56,B cell,0,B cell,-4.4453335,3.2302752,6948,1.3385378122329712
10X_P7_6_GAGGTGAGTACATCCA,3-F-56,T cell,2,Unmatched_2,2.5970948,25.88907,6949,0.4980044066905975
10X_P7_6_GAGGTGAGTACGACCC,3-F-56,B cell,0,B cell,-1.1878557,-0.3336635,6950,0.922552227973938
10X_P7_6_GAGGTGAGTCAAAGAT,3-F-56,B cell,0,B cell,-0.7144871,0.6463599,6951,0.6815612316131592
10X_P7_6_GAGGTGATCAGCTCTC,3-F-56,B cell,0,B cell,-0.53319526,0.33893746,6952,0.7092258930206299
10X_P7_6_GAGGTGATCAGCTGGC,3-F-56,B cell,0,B cell,-0.24862972,0.9325165,6953,0.4333068430423736
10X_P7_6_GAGGTGATCATTCACT,3-F-56,B cell,1,Unmatched_1,-2.2482488,6.200241,6954,0.7854481339454651
10X_P7_6_GAGGTGATCGTCTGCT,3-F-56,B cell,0,B cell,-2.111635,0.23893353,6955,0.5006172060966492
10X_P7_6_GAGGTGATCTAACCGA,3-F-56,T cell,2,Unmatched_2,2.5330193,25.858332,6956,0.5527505874633789
10X_P7_6_GAGTCCGAGCCAACAG,3-F-56,B cell,0,B cell,-1.9714942,-0.41274035,6957,0.6124411225318909
10X_P7_6_GAGTCCGAGCCAGTTT,3-F-56,B cell,1,Unmatched_1,-1.6309253,4.218716,6958,0.498662382364273
10X_P7_6_GAGTCCGAGCTAACTC,3-F-56,T cell,2,Unmatched_2,2.1775522,26.166904,6959,0.8542576432228088
10X_P7_6_GAGTCCGAGCTCTCGG,3-F-56,T cell,3,T cell,3.0577595,22.732763,6960,1.1431479454040527
10X_P7_6_GAGTCCGAGGAATCGC,3-F-56,T cell,3,T cell,3.1323311,23.553112,6961,0.5775378346443176
10X_P7_6_GAGTCCGAGTCCTCCT,3-F-56,B cell,1,Unmatched_1,-1.1925702,6.43633,6962,0.4635657370090484
10X_P7_6_GAGTCCGCACCAGCAC,3-F-56,B cell,1,Unmatched_1,-1.14781,6.278737,6963,0.5479978322982788
10X_P7_6_GAGTCCGCAGATCGGA,3-F-56,B cell,1,Unmatched_1,-2.0073216,6.0540986,6964,0.5768465399742126
10X_P7_6_GAGTCCGCATGTCCTC,3-F-56,B cell,0,B cell,-0.43997446,2.1787217,6965,0.6403659582138062
10X_P7_6_GAGTCCGGTCCGAGTC,3-F-56,T cell,3,T cell,3.149412,23.237541,6966,3.646089553833008
10X_P7_6_GAGTCCGGTTGTCTTT,3-F-56,B cell,0,B cell,0.09934009,-0.56770885,6967,0.8727424144744873
10X_P7_6_GAGTCCGTCACTCCTG,3-F-56,B cell,0,B cell,-0.5957059,-0.74131364,6968,0.8172146081924438
10X_P7_6_GAGTCCGTCAGCATGT,3-F-56,B cell,2,Unmatched_2,4.4854045,25.709553,6969,1.734524130821228
10X_P7_6_GATCAGTAGCCCTAAT,3-F-56,B cell,0,B cell,-2.8986282,-0.1686582,6970,0.5295137166976929
10X_P7_6_GATCAGTCATAAAGGT,3-F-56,T cell,3,T cell,2.9493222,23.644459,6971,0.9191259741783142
10X_P7_6_GATCAGTCATCCCATC,3-F-56,B cell,0,B cell,-0.6734114,-0.32815984,6972,0.4444778263568878
10X_P7_6_GATCAGTGTACCGCTG,3-F-56,B cell,1,Unmatched_1,-2.3912218,6.0844393,6973,0.66014164686203
10X_P7_6_GATCAGTGTAGAGCTG,3-F-56,B cell,14,Unmatched_14,8.200526,15.744174,6974,5.334986209869385
10X_P7_6_GATCAGTGTGCAACGA,3-F-56,B cell,0,B cell,-3.0453608,1.515932,6975,0.5416265726089478
10X_P7_6_GATCAGTGTGGTACAG,3-F-56,B cell,0,B cell,-3.130949,3.0210342,6976,1.3376426696777344
10X_P7_6_GATCAGTTCCTGCTTG,3-F-56,B cell,0,B cell,-1.0486764,2.755026,6977,1.0357824563980105
10X_P7_6_GATCAGTTCCTGTAGA,3-F-56,B cell,0,B cell,-1.3725399,-0.37915453,6978,0.7415482401847839
10X_P7_6_GATCAGTTCTATCCTA,3-F-56,B cell,0,B cell,-0.4873834,-0.19079523,6979,0.4787948429584503
10X_P7_6_GATCAGTTCTCCAGGG,3-F-56,T cell,3,T cell,4.701154,24.71785,6980,1.043128490447998
10X_P7_6_GATCAGTTCTGCAGTA,3-F-56,B cell,0,B cell,-0.4283729,0.91377187,6981,0.72675621509552
10X_P7_6_GATCGATAGCACGCCT,3-F-56,B cell,0,B cell,-4.2265277,0.34384254,6982,0.8323928117752075
10X_P7_6_GATCGATAGGAGCGAG,3-F-56,B cell,1,Unmatched_1,-3.9346013,6.3295417,6983,0.9014692306518556
10X_P7_6_GATCGATAGGCGACAT,3-F-56,B cell,0,B cell,-0.9539264,-0.30974898,6984,0.4547919631004333
10X_P7_6_GATCGATAGGCTAGAC,3-F-56,B cell,1,Unmatched_1,-1.3744351,6.3125806,6985,0.4328041076660156
10X_P7_6_GATCGATAGTTAACGA,3-F-56,T cell,2,Unmatched_2,4.8563743,26.706362,6986,1.4766095876693726
10X_P7_6_GATCGATCACTTCTGC,3-F-56,B cell,0,B cell,-1.7332258,1.2992167,6987,0.8528602719306946
10X_P7_6_GATCGATCAGATAATG,3-F-56,B cell,1,Unmatched_1,-2.2381957,5.13838,6988,0.8176658749580383
10X_P7_6_GATCGATGTAAGTAGT,3-F-56,B cell,4,Unmatched_4,-4.803512,3.249627,6989,0.7377306818962097
10X_P7_6_GATCGATGTCTTGTCC,3-F-56,B cell,0,B cell,-0.534465,0.52659,6990,0.6332719326019287
10X_P7_6_GATCGATGTGTAACGG,3-F-56,B cell,0,B cell,-2.9984543,0.83881986,6991,0.4346415102481842
10X_P7_6_GATCGATGTTAAGAAC,3-F-56,B cell,4,Unmatched_4,-4.618316,3.965726,6992,1.28788161277771
10X_P7_6_GATCGATTCACGACTA,3-F-56,B cell,0,B cell,-1.7879368,0.06297514,6993,0.7172755599021912
10X_P7_6_GATCGATTCCGCGTTT,3-F-56,B cell,1,Unmatched_1,-2.4630773,4.972911,6994,0.6743921637535095
10X_P7_6_GATCGATTCGGCTTGG,3-F-56,B cell,0,B cell,-0.5172318,1.1709036,6995,1.0801024436950684
10X_P7_6_GATCGCGAGCCAGTAG,3-F-56,B cell,0,B cell,-1.4598973,-0.5954709,6996,0.5715561509132385
10X_P7_6_GATCGCGAGCCCAACC,3-F-56,T cell,2,Unmatched_2,3.3138046,25.718134,6997,1.0148440599441528
10X_P7_6_GATCGCGCAAACCTAC,3-F-56,B cell,7,Unmatched_7,-5.634455,1.2208251,6998,1.092154622077942
10X_P7_6_GATCGCGCATGACATC,3-F-56,T cell,3,T cell,3.9238467,23.545122,6999,0.6581658720970154
10X_P7_6_GATCGCGCATGCTGGC,3-F-56,macrophage,5,macrophage,11.124517,14.458442,7000,2.0162041187286377
10X_P7_6_GATCGCGGTACAGACG,3-F-56,B cell,7,Unmatched_7,-4.8258357,1.6666363,7001,1.1073157787322998
10X_P7_6_GATCGCGGTGGACGAT,3-F-56,B cell,0,B cell,-0.13009162,0.5811909,7002,0.4240038692951202
10X_P7_6_GATCGCGGTTCATGGT,3-F-56,B cell,0,B cell,-0.93796897,1.9648948,7003,1.5142278671264648
10X_P7_6_GATCGCGTCGATAGAA,3-F-56,B cell,0,B cell,-1.9306663,0.26112738,7004,0.90194171667099
10X_P7_6_GATCGTAAGTCAATAG,3-F-56,B cell,0,B cell,-2.7985198,1.3659552,7005,0.5310699939727783
10X_P7_6_GATCGTACACAGATTC,3-F-56,B cell,1,Unmatched_1,-2.8573596,4.1276865,7006,1.0093225240707395
10X_P7_6_GATCGTACATCGTCGG,3-F-56,B cell,0,B cell,-1.8931738,-0.002066749,7007,0.7777977585792542
10X_P7_6_GATCGTACATCTCCCA,3-F-56,B cell,0,B cell,-3.4940605,-0.40143758,7008,0.7406531572341919
10X_P7_6_GATCGTACATGAACCT,3-F-56,B cell,2,Unmatched_2,0.65613544,22.877525,7009,1.6699538230895996
10X_P7_6_GATCGTAGTCAGTGGA,3-F-56,B cell,0,B cell,-4.0620203,0.495088,7010,0.8758044242858887
10X_P7_6_GATCGTAGTCATATCG,3-F-56,T cell,2,Unmatched_2,3.8324149,26.360249,7011,1.1522783041000366
10X_P7_6_GATCGTAGTTACGACT,3-F-56,B cell,0,B cell,-1.2951139,2.7989528,7012,0.6153584718704224
10X_P7_6_GATCGTATCAAGCCTA,3-F-56,B cell,0,B cell,-2.0248876,1.081709,7013,0.6736670732498169
10X_P7_6_GATCGTATCATACGGT,3-F-56,T cell,2,Unmatched_2,2.2160711,25.965185,7014,0.515398383140564
10X_P7_6_GATCGTATCCGTACAA,3-F-56,B cell,1,Unmatched_1,-4.283916,4.272888,7015,0.7596186995506287
10X_P7_6_GATCGTATCGAATGGG,3-F-56,B cell,0,B cell,-1.8571416,0.34142244,7016,0.5161044001579285
10X_P7_6_GATCGTATCTGAGGGA,3-F-56,B cell,1,Unmatched_1,-2.9206917,5.8362436,7017,0.5821733474731445
10X_P7_6_GATCTAGAGCAGATCG,3-F-56,B cell,6,natural killer cell,0.7873472,2.9395728,7018,1.5588165521621704
10X_P7_6_GATCTAGAGCGTTTAC,3-F-56,B cell,0,B cell,-2.8746288,2.732798,7019,0.8803554177284241
10X_P7_6_GATCTAGAGCTCAACT,3-F-56,B cell,0,B cell,-2.0758798,0.53222424,7020,0.5454607009887695
10X_P7_6_GATCTAGAGGCTACGA,3-F-56,T cell,2,Unmatched_2,1.7987964,25.64069,7021,0.7349238991737366
10X_P7_6_GATCTAGAGTTAAGTG,3-F-56,macrophage,5,macrophage,11.264711,14.544699,7022,1.6689330339431765
10X_P7_6_GATCTAGCAAGCCGCT,3-F-56,T cell,3,T cell,3.4634333,23.494165,7023,0.6172510981559753
10X_P7_6_GATCTAGCAGCTCGCA,3-F-56,dendritic cell,10,dendritic cell,15.930507,-0.097655304,7024,4.486771106719971
10X_P7_6_GATCTAGCATGACGGA,3-F-56,B cell,1,Unmatched_1,-2.1229415,5.0997577,7025,0.5389037132263184
10X_P7_6_GATCTAGGTCTAAACC,3-F-56,B cell,0,B cell,-1.6991376,1.1318666,7026,0.5005025267601013
10X_P7_6_GATCTAGTCCGAGCCA,3-F-56,B cell,0,B cell,0.09734945,-0.3511715,7027,0.6510512828826904
10X_P7_6_GATCTAGTCGAATCCA,3-F-56,T cell,2,Unmatched_2,2.837918,26.34356,7028,0.5700541734695435
10X_P7_6_GATCTAGTCGTTTAGG,3-F-56,B cell,0,B cell,-3.699856,1.4437761,7029,0.5703256726264954
10X_P7_6_GATGAAAAGATATGCA,3-F-56,B cell,0,B cell,-2.8042846,-0.12134583,7030,0.8763440251350403
10X_P7_6_GATGAAAAGGTCATCT,3-F-56,T cell,3,T cell,3.7804694,23.973038,7031,0.7192935943603516
10X_P7_6_GATGAAAAGTGATCGG,3-F-56,B cell,0,B cell,-2.1371276,2.267457,7032,0.9302085041999816
10X_P7_6_GATGAAAAGTGCGTGA,3-F-56,B cell,4,Unmatched_4,-4.1570067,3.5318177,7033,1.4723514318466189
10X_P7_6_GATGAAAAGTTGCAGG,3-F-56,B cell,0,B cell,-2.0207078,2.707795,7034,0.6817915439605713
10X_P7_6_GATGAAAAGTTTCCTT,3-F-56,B cell,0,B cell,-1.9966755,3.0729048,7035,1.6543995141983032
10X_P7_6_GATGAAAGTCCATGAT,3-F-56,B cell,0,B cell,-0.3144972,0.25638005,7036,0.4472381174564361
10X_P7_6_GATGAAAGTGTGACGA,3-F-56,B cell,0,B cell,-1.715719,1.0940732,7037,0.7232210040092468
10X_P7_6_GATGAAATCACATGCA,3-F-56,T cell,3,T cell,3.5528564,22.924717,7038,0.6725581288337708
10X_P7_6_GATGAAATCGCAGGCT,3-F-56,T cell,3,T cell,2.9928088,23.132458,7039,1.0530011653900146
10X_P7_6_GATGAAATCGTTGCCT,3-F-56,B cell,1,Unmatched_1,-2.2625697,6.0123997,7040,0.6473119854927063
10X_P7_6_GATGAAATCTGAGTGT,3-F-56,B cell,0,B cell,-2.5134413,0.41660362,7041,0.4455588459968567
10X_P7_6_GATGAGGAGAATAGGG,3-F-56,B cell,0,B cell,-1.7602552,-1.1598077,7042,1.2861241102218628
10X_P7_6_GATGAGGAGATGTAAC,3-F-56,B cell,4,Unmatched_4,-5.0379767,4.1209116,7043,0.914620280265808
10X_P7_6_GATGAGGAGCAATCTC,3-F-56,natural killer cell,6,natural killer cell,6.7703705,25.65645,7044,2.475520372390747
10X_P7_6_GATGAGGAGGGAGTAA,3-F-56,macrophage,5,macrophage,4.4874306,13.7770815,7045,2.4729437828063965
10X_P7_6_GATGAGGAGGGTTCCC,3-F-56,B cell,1,Unmatched_1,-1.9969666,6.2032213,7046,0.6413390040397644
10X_P7_6_GATGAGGAGTACGCGA,3-F-56,T cell,2,Unmatched_2,2.7024698,26.170486,7047,0.5912942886352539
10X_P7_6_GATGAGGCAATAGCGG,3-F-56,B cell,0,B cell,-3.425127,0.15227562,7048,0.6248931288719177
10X_P7_6_GATGAGGCACGGTAAG,3-F-56,B cell,1,Unmatched_1,-4.005265,6.4446964,7049,2.714294672012329
10X_P7_6_GATGAGGGTACTCTCC,3-F-56,B cell,0,B cell,-0.007262669,0.26501435,7050,0.4766909480094909
10X_P7_6_GATGAGGGTCTCGTTC,3-F-56,B cell,1,Unmatched_1,-2.064509,5.48965,7051,0.4400546848773956
10X_P7_6_GATGAGGGTTCGGCAC,3-F-56,macrophage,5,macrophage,11.933442,14.650342,7052,2.209097146987915
10X_P7_6_GATGAGGTCGGAGCAA,3-F-56,T cell,2,Unmatched_2,3.2930562,24.229229,7053,0.6748237013816833
10X_P7_6_GATGAGGTCGTTTATC,3-F-56,natural killer cell,6,natural killer cell,7.200214,26.441511,7054,1.64189612865448
10X_P7_6_GATGCTAAGCTGGAAC,3-F-56,T cell,2,Unmatched_2,2.1439433,26.120428,7055,0.6022093296051025
10X_P7_6_GATGCTAAGTGAACAT,3-F-56,T cell,2,Unmatched_2,2.649114,25.99209,7056,0.5819152593612671
10X_P7_6_GATGCTAGTCTTGTCC,3-F-56,B cell,0,B cell,-3.9777865,1.4146528,7057,0.545288622379303
10X_P7_6_GATGCTAGTTCCGTCT,3-F-56,B cell,4,Unmatched_4,8.888998,14.277782,7058,1.5690168142318726
10X_P7_6_GATGCTATCGCCTGTT,3-F-56,T cell,3,T cell,3.1830258,23.630665,7059,0.6726524233818054
10X_P7_6_GATTCAGAGCCACGTC,3-F-56,B cell,0,B cell,-4.4672585,0.14258894,7060,1.273841381072998
10X_P7_6_GATTCAGAGGGCTCTC,3-F-56,B cell,0,B cell,-1.0233357,2.066366,7061,0.6090139150619507
10X_P7_6_GATTCAGAGTTTGCGT,3-F-56,B cell,1,Unmatched_1,-1.7973045,5.8004723,7062,0.5118021965026855
10X_P7_6_GATTCAGCACAGCCCA,3-F-56,T cell,9,Unmatched_9,7.1282325,23.560717,7063,1.629847288131714
10X_P7_6_GATTCAGCATGACGGA,3-F-56,B cell,0,B cell,-3.050005,0.77508104,7064,0.4705043435096741
10X_P7_6_GATTCAGGTCCGAGTC,3-F-56,macrophage,8,Unmatched_8,10.399345,12.130714,7065,2.543015480041504
10X_P7_6_GATTCAGGTGGCAAAC,3-F-56,B cell,0,B cell,-1.6545389,0.78300196,7066,0.6346353888511658
10X_P7_6_GATTCAGTCAAGATCC,3-F-56,T cell,2,Unmatched_2,2.1598513,25.786201,7067,0.9318504333496094
10X_P7_6_GATTCAGTCTGAGGGA,3-F-56,B cell,0,B cell,-1.9065285,1.0468212,7068,0.5131103992462158
10X_P7_6_GCAAACTAGAAGATTC,3-F-56,B cell,0,B cell,-1.6800206,0.44606322,7069,0.5229982733726501
10X_P7_6_GCAAACTAGTGTGGCA,3-F-56,B cell,1,Unmatched_1,-2.08487,6.2067127,7070,0.4372005462646484
10X_P7_6_GCAAACTCAAGCCTAT,3-F-56,B cell,7,Unmatched_7,-5.1527834,1.3354899,7071,1.1858820915222168
10X_P7_6_GCAAACTCAGGGATTG,3-F-56,B cell,1,Unmatched_1,-1.1179469,6.0999713,7072,0.623089075088501
10X_P7_6_GCAAACTCATCTACGA,3-F-56,B cell,0,B cell,-1.9428872,3.1495411,7073,0.7625868916511536
10X_P7_6_GCAAACTGTGTGAATA,3-F-56,B cell,0,B cell,-0.62549376,-0.9270314,7074,0.5276780724525452
10X_P7_6_GCAAACTGTTCGGGCT,3-F-56,B cell,0,B cell,-0.15677099,1.204904,7075,0.4687502086162567
10X_P7_6_GCAAACTTCAGAAATG,3-F-56,B cell,0,B cell,-0.8261677,2.067459,7076,0.8281325697898865
10X_P7_6_GCAAACTTCCATGCTC,3-F-56,B cell,3,T cell,4.68781,24.64118,7077,1.7721227407455444
10X_P7_6_GCAAACTTCGCTGATA,3-F-56,B cell,0,B cell,-1.8684324,2.0618553,7078,0.6002954840660095
10X_P7_6_GCAAACTTCGTATCAG,3-F-56,B cell,0,B cell,-0.9125152,0.8537081,7079,0.7191881537437439
10X_P7_6_GCAAACTTCTAACCGA,3-F-56,B cell,0,B cell,-1.8346086,1.70355,7080,0.5364571809768677
10X_P7_6_GCAAACTTCTCGTATT,3-F-56,B cell,1,Unmatched_1,-2.085221,6.183552,7081,0.5834135413169861
10X_P7_6_GCAATCAAGCTAAGAT,3-F-56,B cell,0,B cell,-1.0793223,-1.1022788,7082,0.5570734739303589
10X_P7_6_GCAATCAAGTCTCAAC,3-F-56,B cell,4,Unmatched_4,-4.1206536,4.2011623,7083,0.9041972160339355
10X_P7_6_GCAATCACAACGATGG,3-F-56,T cell,3,T cell,3.1378417,23.4444,7084,0.8873401880264282
10X_P7_6_GCAATCACAATACGCT,3-F-56,B cell,0,B cell,-3.6904757,-0.55576545,7085,0.8020491600036621
10X_P7_6_GCAATCACACAGCGTC,3-F-56,T cell,2,Unmatched_2,2.4233084,25.587488,7086,0.7404099702835083
10X_P7_6_GCAATCACATGGGAAC,3-F-56,B cell,0,B cell,-0.3036462,0.7233094,7087,0.5784217119216919
10X_P7_6_GCAATCAGTACCCAAT,3-F-56,B cell,1,Unmatched_1,-1.2672323,5.3817163,7088,0.4917048513889313
10X_P7_6_GCAATCAGTACTCTCC,3-F-56,T cell,3,T cell,4.6904764,24.958275,7089,1.319079041481018
10X_P7_6_GCAATCAGTTATCCGA,3-F-56,macrophage,8,Unmatched_8,10.353663,12.134269,7090,3.548175573348999
10X_P7_6_GCAATCATCCACGTGG,3-F-56,T cell,3,T cell,3.6076896,24.20703,7091,0.7092294096946716
10X_P7_6_GCAATCATCGACGGAA,3-F-56,T cell,3,T cell,3.4779518,22.873302,7092,0.5379908084869385
10X_P7_6_GCAATCATCGGACAAG,3-F-56,T cell,3,T cell,-3.6982474,7.799307,7093,0.9554948806762696
10X_P7_6_GCAATCATCGGTTAAC,3-F-56,B cell,4,Unmatched_4,-2.4913607,8.848836,7094,0.7323620319366455
10X_P7_6_GCACATAAGAGTGAGA,3-F-56,B cell,0,B cell,-2.0188222,1.5908593,7095,0.6518280506134033
10X_P7_6_GCACATAAGCCAGTTT,3-F-56,B cell,7,Unmatched_7,-4.828185,1.633843,7096,0.9064215421676636
10X_P7_6_GCACATAAGCCCAATT,3-F-56,B cell,4,Unmatched_4,9.118889,14.138474,7097,1.937749981880188
10X_P7_6_GCACATAAGCCGCCTA,3-F-56,B cell,1,Unmatched_1,-4.440366,4.566321,7098,0.7622511982917786
10X_P7_6_GCACATAAGGAGCGAG,3-F-56,B cell,0,B cell,-2.349631,1.3032142,7099,0.5099195241928101
10X_P7_6_GCACATACATTGGCGC,3-F-56,B cell,1,Unmatched_1,-1.4299217,4.93504,7100,1.080069065093994
10X_P7_6_GCACATAGTGACGGTA,3-F-56,macrophage,5,macrophage,11.112843,14.42778,7101,1.6379576921463013
10X_P7_6_GCACATAGTTCCCTTG,3-F-56,dendritic cell,10,dendritic cell,15.890062,-0.057133883,7102,3.061546802520752
10X_P7_6_GCACATAGTTCGAATC,3-F-56,B cell,0,B cell,-1.5287206,3.9276679,7103,0.9144865870475768
10X_P7_6_GCACATATCCTAGAAC,3-F-56,T cell,3,T cell,2.4639,23.227533,7104,1.1020474433898926
10X_P7_6_GCACATATCGTAGGAG,3-F-56,B cell,0,B cell,-0.9360345,-0.67603576,7105,0.777517557144165
10X_P7_6_GCACATATCTGCCAGG,3-F-56,T cell,2,Unmatched_2,2.828098,26.135769,7106,0.5852203369140625
10X_P7_6_GCACTCTAGCGTGTCC,3-F-56,B cell,2,Unmatched_2,0.36720172,23.102636,7107,1.8731764554977417
10X_P7_6_GCACTCTAGCTACCGC,3-F-56,B cell,0,B cell,-0.25647703,0.35225484,7108,0.8476831316947937
10X_P7_6_GCACTCTAGGATGCGT,3-F-56,T cell,2,Unmatched_2,2.2918336,26.31792,7109,0.8160446882247925
10X_P7_6_GCACTCTAGGGTTCCC,3-F-56,B cell,1,Unmatched_1,-1.0585413,6.0664787,7110,0.4508934020996094
10X_P7_6_GCACTCTAGGTCGGAT,3-F-56,B cell,4,Unmatched_4,-5.1988845,2.8758492,7111,0.9684607982635498
10X_P7_6_GCACTCTAGTCCGGTC,3-F-56,B cell,0,B cell,0.18719052,-0.31740552,7112,0.5055825114250183
10X_P7_6_GCACTCTAGTTGCAGG,3-F-56,T cell,2,Unmatched_2,2.497237,26.134798,7113,0.6606959700584412
10X_P7_6_GCACTCTCAAGCTGGA,3-F-56,B cell,0,B cell,-0.28279692,2.6207478,7114,0.4498403370380401
10X_P7_6_GCACTCTCAAGTTAAG,3-F-56,B cell,0,B cell,-1.2991062,0.02974886,7115,0.5161667466163635
10X_P7_6_GCACTCTCACAGATTC,3-F-56,B cell,0,B cell,-1.4603043,0.5470617,7116,0.6456701755523682
10X_P7_6_GCACTCTCACCACCAG,3-F-56,T cell,2,Unmatched_2,3.8967648,24.88491,7117,1.6195549964904783
10X_P7_6_GCACTCTCACTCGACG,3-F-56,B cell,0,B cell,-3.9148922,-0.13877374,7118,1.498878002166748
10X_P7_6_GCACTCTCATCCTAGA,3-F-56,B cell,7,Unmatched_7,-5.5966997,0.9372973,7119,1.4222724437713623
10X_P7_6_GCACTCTGTGTGCCTG,3-F-56,B cell,0,B cell,-4.0587373,1.2482333,7120,0.8851518034934998
10X_P7_6_GCACTCTGTTTAAGCC,3-F-56,B cell,0,B cell,-2.5160167,1.4936354,7121,0.8805935382843018
10X_P7_6_GCACTCTTCAACGCTA,3-F-56,macrophage,5,macrophage,11.909998,14.652547,7122,2.821361303329468
10X_P7_6_GCACTCTTCACTATTC,3-F-56,B cell,1,Unmatched_1,-1.2671992,5.2370467,7123,0.6403627991676331
10X_P7_6_GCACTCTTCCTTTCTC,3-F-56,B cell,0,B cell,-1.9352508,1.7250803,7124,1.4513978958129885
10X_P7_6_GCACTCTTCGGTGTTA,3-F-56,macrophage,8,Unmatched_8,10.045219,12.334806,7125,2.759117126464844
10X_P7_6_GCACTCTTCGTACCGG,3-F-56,T cell,3,T cell,3.840354,24.706753,7126,1.1667386293411257
10X_P7_6_GCACTCTTCTCTTATG,3-F-56,T cell,9,Unmatched_9,7.1331515,23.555925,7127,1.7999725341796875
10X_P7_6_GCACTCTTCTTGTCAT,3-F-56,B cell,0,B cell,-1.0438952,3.7512994,7128,1.1606249809265137
10X_P7_6_GCAGCCAAGATACACA,3-F-56,T cell,2,Unmatched_2,4.018596,26.473328,7129,1.022523283958435
10X_P7_6_GCAGCCAAGCACAGGT,3-F-56,B cell,1,Unmatched_1,-1.411181,5.1994066,7130,0.576096773147583
10X_P7_6_GCAGCCAAGCCCGAAA,3-F-56,T cell,2,Unmatched_2,4.171521,26.550047,7131,1.6426211595535278
10X_P7_6_GCAGCCAAGGCATTGG,3-F-56,B cell,1,Unmatched_1,-1.233204,4.713369,7132,1.1424742937088013
10X_P7_6_GCAGCCAAGGTTACCT,3-F-56,B cell,0,B cell,-1.1367004,1.8369428,7133,0.8937167525291443
10X_P7_6_GCAGCCAAGTCAAGCG,3-F-56,B cell,0,B cell,0.016750384,-0.3529436,7134,0.5947302579879761
10X_P7_6_GCAGCCAAGTGGGATC,3-F-56,B cell,0,B cell,-1.8918325,1.3163154,7135,0.6300132274627686
10X_P7_6_GCAGCCACAAAGCAAT,3-F-56,B cell,1,Unmatched_1,-2.6612897,4.981246,7136,0.6225285530090332
10X_P7_6_GCAGCCACAATACGCT,3-F-56,B cell,2,Unmatched_2,0.34833282,23.14354,7137,1.2995092868804932
10X_P7_6_GCAGCCACAATGAAAC,3-F-56,B cell,0,B cell,-3.2778885,1.5849606,7138,0.5564472079277039
10X_P7_6_GCAGCCACACCCTATC,3-F-56,B cell,0,B cell,-0.784242,0.5602244,7139,0.5526305437088013
10X_P7_6_GCAGCCACACTGTTAG,3-F-56,T cell,2,Unmatched_2,1.7365854,25.516588,7140,1.770712971687317
10X_P7_6_GCAGCCACAGGGTATG,3-F-56,B cell,0,B cell,-1.6378762,-0.21168362,7141,0.8571009039878845
10X_P7_6_GCAGCCACATTGGTAC,3-F-56,B cell,0,B cell,-1.448448,-1.0178865,7142,0.9458680152893066
10X_P7_6_GCAGCCAGTAAGGATT,3-F-56,B cell,0,B cell,-3.249373,-0.46591288,7143,0.6347314119338989
10X_P7_6_GCAGCCAGTAGCGTGA,3-F-56,B cell,2,Unmatched_2,0.7472344,22.828526,7144,1.3108147382736206
10X_P7_6_GCAGCCAGTCATCGGC,3-F-56,B cell,1,Unmatched_1,-1.1377037,6.267338,7145,0.5912296772003174
10X_P7_6_GCAGCCAGTGCAGTAG,3-F-56,T cell,3,T cell,4.3129964,24.30129,7146,1.3432759046554563
10X_P7_6_GCAGCCAGTTAGAACA,3-F-56,B cell,0,B cell,-1.8746108,-0.31434685,7147,1.0065077543258667
10X_P7_6_GCAGCCAGTTGTACAC,3-F-56,B cell,4,Unmatched_4,-5.063159,4.2675085,7148,1.0410395860671997
10X_P7_6_GCAGCCATCACTTATC,3-F-56,B cell,0,B cell,-3.215437,1.2362962,7149,0.6666077971458435
10X_P7_6_GCAGCCATCTGAGGGA,3-F-56,B cell,0,B cell,-0.042640973,1.5181302,7150,0.4460804462432861
10X_P7_6_GCAGCCATCTTCGGTC,3-F-56,T cell,9,Unmatched_9,7.0219717,23.668205,7151,1.621867060661316
10X_P7_6_GCAGTTAAGAGGGATA,3-F-56,T cell,2,Unmatched_2,3.842554,24.937368,7152,1.131213665008545
10X_P7_6_GCAGTTAAGTCAAGCG,3-F-56,T cell,3,T cell,2.9804525,23.124332,7153,0.6525945663452148
10X_P7_6_GCAGTTAAGTGGGATC,3-F-56,T cell,2,Unmatched_2,3.2819746,25.731033,7154,0.7823254466056824
10X_P7_6_GCAGTTACAATCGAAA,3-F-56,macrophage,5,macrophage,4.4014506,13.654612,7155,2.249520778656006
10X_P7_6_GCAGTTACACATGTGT,3-F-56,B cell,0,B cell,-2.3042452,2.2431936,7156,0.9415215253829956
10X_P7_6_GCAGTTACAGTACACT,3-F-56,T cell,3,T cell,3.6651962,23.015602,7157,0.5225691795349121
10X_P7_6_GCAGTTAGTAGGGACT,3-F-56,B cell,0,B cell,-4.0876117,2.087684,7158,1.2352290153503418
10X_P7_6_GCAGTTAGTATATGAG,3-F-56,T cell,3,T cell,4.8475065,24.753334,7159,1.117235541343689
10X_P7_6_GCAGTTAGTCGCATCG,3-F-56,B cell,0,B cell,-1.23074,4.0755486,7160,1.1136369705200195
10X_P7_6_GCAGTTAGTCGTCTTC,3-F-56,B cell,0,B cell,-1.9722806,1.260302,7161,0.4414262473583221
10X_P7_6_GCAGTTATCAGTGCAT,3-F-56,B cell,0,B cell,-2.591664,-1.1990006,7162,1.2796926498413086
10X_P7_6_GCAGTTATCAGTTCGA,3-F-56,T cell,2,Unmatched_2,4.5141835,25.622072,7163,2.1715919971466064
10X_P7_6_GCAGTTATCATCATTC,3-F-56,T cell,3,T cell,3.4642072,24.08506,7164,0.9079989194869996
10X_P7_6_GCAGTTATCATTATCC,3-F-56,B cell,0,B cell,-1.6439574,1.999504,7165,1.1199848651885986
10X_P7_6_GCAGTTATCCTCAATT,3-F-56,B cell,1,Unmatched_1,-1.977508,4.230607,7166,0.580510675907135
10X_P7_6_GCAGTTATCGGATGTT,3-F-56,B cell,1,Unmatched_1,-2.2230215,5.2394776,7167,0.6877992749214172
10X_P7_6_GCATACAAGATGCCAG,3-F-56,B cell,0,B cell,-0.9462933,2.63321,7168,1.266537308692932
10X_P7_6_GCATACAAGCCTTGAT,3-F-56,B cell,4,Unmatched_4,-4.5119996,4.423211,7169,0.7658562064170837
10X_P7_6_GCATACAAGGCTAGGT,3-F-56,B cell,0,B cell,-4.0810986,-0.23539148,7170,1.002626895904541
10X_P7_6_GCATACACACGACGAA,3-F-56,B cell,0,B cell,-3.6854057,2.3637092,7171,0.97860848903656
10X_P7_6_GCATACACAGCTCGAC,3-F-56,T cell,2,Unmatched_2,2.815722,26.100388,7172,0.6445364356040955
10X_P7_6_GCATACACATTGCGGC,3-F-56,T cell,3,T cell,4.168848,24.080276,7173,0.8823597431182861
10X_P7_6_GCATACAGTCTCCCTA,3-F-56,B cell,0,B cell,-2.3275478,3.6639333,7174,0.7060063481330872
10X_P7_6_GCATACAGTGCGGTAA,3-F-56,B cell,6,natural killer cell,0.7978609,2.9467657,7175,1.1969822645187378
10X_P7_6_GCATACAGTTCGCTAA,3-F-56,B cell,0,B cell,-4.56776,3.218254,7176,1.293110489845276
10X_P7_6_GCATACATCAACGAAA,3-F-56,B cell,0,B cell,-2.4537077,2.01006,7177,0.5499463677406311
10X_P7_6_GCATACATCACAGTAC,3-F-56,T cell,3,T cell,3.5292478,22.766975,7178,0.6682384014129639
10X_P7_6_GCATACATCATACGGT,3-F-56,B cell,0,B cell,-2.726194,1.7418499,7179,0.7133263349533081
10X_P7_6_GCATACATCATGCATG,3-F-56,T cell,3,T cell,4.588742,24.464203,7180,1.0981899499893188
10X_P7_6_GCATACATCCACTGGG,3-F-56,B cell,0,B cell,-1.9698647,2.5341122,7181,0.9248628616333008
10X_P7_6_GCATACATCCCTTGCA,3-F-56,B cell,0,B cell,-0.23921607,-0.39952654,7182,0.5049638152122498
10X_P7_6_GCATACATCGTAGATC,3-F-56,T cell,2,Unmatched_2,4.159194,26.607653,7183,1.0378165245056152
10X_P7_6_GCATACATCGTCCGTT,3-F-56,B cell,0,B cell,-3.072484,0.92023426,7184,0.4165064394474029
10X_P7_6_GCATGATAGAAACGCC,3-F-56,B cell,0,B cell,-2.8873026,3.0914094,7185,2.422940969467163
10X_P7_6_GCATGATAGTATCTCG,3-F-56,T cell,2,Unmatched_2,1.721001,25.61791,7186,0.9108319878578186
10X_P7_6_GCATGATAGTGTCCCG,3-F-56,T cell,2,Unmatched_2,1.9599392,25.714846,7187,0.5556222200393677
10X_P7_6_GCATGATCACAACGTT,3-F-56,B cell,0,B cell,-2.0939143,2.1657102,7188,0.6782964468002319
10X_P7_6_GCATGATCACGGCGTT,3-F-56,T cell,9,Unmatched_9,7.102896,23.586708,7189,1.3202072381973269
10X_P7_6_GCATGATCACGTCAGC,3-F-56,T cell,3,T cell,4.151464,24.102018,7190,0.9788750410079956
10X_P7_6_GCATGATCAGCTCCGA,3-F-56,B cell,0,B cell,0.3135884,0.24147803,7191,0.512217104434967
10X_P7_6_GCATGATCATCTCGCT,3-F-56,T cell,3,T cell,3.2263856,23.442091,7192,0.8254086375236511
10X_P7_6_GCATGATGTCTTGTCC,3-F-56,B cell,0,B cell,-3.0768678,0.574081,7193,0.534544050693512
10X_P7_6_GCATGATGTGGCGAAT,3-F-56,B cell,0,B cell,-1.3978543,0.72741365,7194,0.5210118889808655
10X_P7_6_GCATGATTCACTCTTA,3-F-56,T cell,3,T cell,5.3377075,24.923002,7195,0.9835173487663268
10X_P7_6_GCATGATTCGTACCGG,3-F-56,B cell,0,B cell,-3.0097735,3.2144077,7196,0.6846461296081543
10X_P7_6_GCATGCGAGAAGAAGC,3-F-56,B cell,0,B cell,-1.0762784,-1.1746583,7197,0.6570635437965393
10X_P7_6_GCATGCGAGCTAGCCC,3-F-56,B cell,1,Unmatched_1,-1.4181682,5.3229394,7198,0.6426094770431519
10X_P7_6_GCATGCGAGGTAGCTG,3-F-56,macrophage,13,Unmatched_13,13.088971,13.582375,7199,2.823802709579468
10X_P7_6_GCATGCGAGTCCGTAT,3-F-56,B cell,0,B cell,-3.366118,0.0337782,7200,0.5942700505256653
10X_P7_6_GCATGCGAGTTAGCGG,3-F-56,T cell,2,Unmatched_2,2.6678836,25.852724,7201,0.6396722793579102
10X_P7_6_GCATGCGCAATCCGAT,3-F-56,B cell,0,B cell,-1.0679407,2.3570173,7202,0.6673296689987183
10X_P7_6_GCATGCGCAGATCGGA,3-F-56,B cell,7,Unmatched_7,-5.156503,1.4985002,7203,1.309313416481018
10X_P7_6_GCATGCGCAGTGGAGT,3-F-56,B cell,0,B cell,-2.4039996,3.578122,7204,0.63521409034729
10X_P7_6_GCATGCGCATGCCTAA,3-F-56,T cell,3,T cell,4.7612176,24.535482,7205,0.9324955940246582
10X_P7_6_GCATGCGGTACAGTTC,3-F-56,B cell,0,B cell,-2.8501406,2.4579988,7206,0.4665570557117462
10X_P7_6_GCATGCGTCCACGAAT,3-F-56,macrophage,5,macrophage,11.553972,14.570845,7207,2.662245988845825
10X_P7_6_GCATGCGTCCCAACGG,3-F-56,B cell,0,B cell,-0.88757503,-0.5010827,7208,0.7255998253822327
10X_P7_6_GCATGCGTCGAACTGT,3-F-56,B cell,0,B cell,-1.1276238,2.951916,7209,1.215319037437439
10X_P7_6_GCATGCGTCGTACCGG,3-F-56,B cell,1,Unmatched_1,-1.4201437,4.2804775,7210,0.6086877584457397
10X_P7_6_GCATGCGTCTAGAGTC,3-F-56,B cell,0,B cell,-1.5207254,0.9681748,7211,0.6212613582611084
10X_P7_6_GCATGTAAGAACAACT,3-F-56,macrophage,5,macrophage,11.756494,14.610809,7212,2.037972211837769
10X_P7_6_GCATGTAAGCTATGCT,3-F-56,macrophage,5,macrophage,4.4936266,13.827728,7213,2.814216136932373
10X_P7_6_GCATGTAAGTAGTGCG,3-F-56,natural killer cell,6,natural killer cell,6.9397235,25.826796,7214,1.9589197635650637
10X_P7_6_GCATGTACACCGAATT,3-F-56,B cell,0,B cell,-3.1878922,0.8255021,7215,0.7356908917427063
10X_P7_6_GCATGTACACGACGAA,3-F-56,B cell,0,B cell,-0.709843,1.2262886,7216,0.7038787007331848
10X_P7_6_GCATGTAGTACCATCA,3-F-56,B cell,1,Unmatched_1,-1.2989947,5.8588505,7217,0.5004993081092834
10X_P7_6_GCATGTAGTAGAAGGA,3-F-56,B cell,0,B cell,-2.637835,1.5640496,7218,0.7510280609130859
10X_P7_6_GCATGTAGTGCACCAC,3-F-56,B cell,1,Unmatched_1,-1.1665077,5.4058065,7219,0.4440138339996338
10X_P7_6_GCATGTAGTGTAATGA,3-F-56,B cell,1,Unmatched_1,-2.1744845,6.15336,7220,0.6973252892494202
10X_P7_6_GCATGTAGTTGTGGCC,3-F-56,T cell,2,Unmatched_2,2.5958185,25.50023,7221,0.7228356003761292
10X_P7_6_GCATGTATCAGCTCGG,3-F-56,macrophage,5,macrophage,11.226683,14.5082,7222,1.4131577014923096
10X_P7_6_GCATGTATCTGCAAGT,3-F-56,T cell,2,Unmatched_2,1.6955131,25.471434,7223,0.8508824110031128
10X_P7_6_GCCAAATAGTGCGTGA,3-F-56,B cell,0,B cell,-0.1184556,-0.27937925,7224,0.4224026799201965
10X_P7_6_GCCAAATCAAAGGTGC,3-F-56,B cell,14,Unmatched_14,8.200354,15.744599,7225,5.334986209869385
10X_P7_6_GCCAAATCAAGGGTCA,3-F-56,T cell,3,T cell,5.3474245,24.944683,7226,1.3497064113616943
10X_P7_6_GCCAAATCACAGGTTT,3-F-56,B cell,0,B cell,-1.0979528,1.7413411,7227,1.2090736627578735
10X_P7_6_GCCAAATCACTAGTAC,3-F-56,B cell,0,B cell,-2.2904031,1.0009999,7228,0.4722892045974731
10X_P7_6_GCCAAATCATCCGGGT,3-F-56,B cell,4,Unmatched_4,-2.5481849,8.750774,7229,0.8114157915115356
10X_P7_6_GCCAAATCATGCCCGA,3-F-56,B cell,1,Unmatched_1,-2.0111108,4.616419,7230,0.520232617855072
10X_P7_6_GCCAAATGTAGCTAAA,3-F-56,natural killer cell,6,natural killer cell,6.976766,25.844555,7231,1.873486876487732
10X_P7_6_GCCAAATGTCCTAGCG,3-F-56,B cell,0,B cell,-0.50361496,-0.32408175,7232,0.4597130417823791
10X_P7_6_GCCAAATGTCCTGCTT,3-F-56,B cell,1,Unmatched_1,-4.4930835,3.2958,7233,0.8598325252532959
10X_P7_6_GCCAAATGTGCTGTAT,3-F-56,B cell,1,Unmatched_1,-1.2671933,5.864557,7234,0.4580640494823456
10X_P7_6_GCCAAATGTTAAGAAC,3-F-56,T cell,2,Unmatched_2,2.7256167,26.292446,7235,0.6682309508323669
10X_P7_6_GCCAAATGTTCACGGC,3-F-56,B cell,4,Unmatched_4,-5.041758,4.3623056,7236,1.3110376596450806
10X_P7_6_GCCAAATTCAGCCTAA,3-F-56,B cell,0,B cell,-0.7562553,0.5078038,7237,0.6665145754814148
10X_P7_6_GCCAAATTCGGAAATA,3-F-56,B cell,2,Unmatched_2,0.7799753,22.827515,7238,0.9807525873184204
10X_P7_6_GCCTCTAAGATGCCTT,3-F-56,macrophage,5,macrophage,11.799141,14.611842,7239,2.232994556427002
10X_P7_6_GCCTCTAAGGCATTGG,3-F-56,B cell,7,Unmatched_7,-5.347458,1.4204359,7240,1.4762849807739258
10X_P7_6_GCCTCTAAGTTTCCTT,3-F-56,B cell,1,Unmatched_1,-2.162452,5.1169934,7241,0.6928954124450684
10X_P7_6_GCCTCTACACGACTCG,3-F-56,T cell,3,T cell,3.7627,23.13904,7242,0.5426410436630249
10X_P7_6_GCCTCTACATCAGTAC,3-F-56,B cell,0,B cell,-3.2487104,2.7837446,7243,0.8377595543861389
10X_P7_6_GCCTCTAGTAAGTGGC,3-F-56,B cell,0,B cell,-1.9768274,1.5092769,7244,0.4502155482769012
10X_P7_6_GCCTCTAGTCAGAATA,3-F-56,B cell,2,Unmatched_2,0.35503724,23.110939,7245,1.4257291555404663
10X_P7_6_GCCTCTAGTCCTCTTG,3-F-56,B cell,0,B cell,-0.6571496,2.5344841,7246,0.9588170051574708
10X_P7_6_GCCTCTAGTCGTTGTA,3-F-56,B cell,0,B cell,-1.562655,3.1719222,7247,0.8406296372413635
10X_P7_6_GCGACCAAGTTTAGGA,3-F-56,B cell,0,B cell,-1.3068403,-0.045608778,7248,0.5690013766288757
10X_P7_6_GCGACCACAAGCTGGA,3-F-56,B cell,0,B cell,-1.7070081,0.22159919,7249,0.6055212616920471
10X_P7_6_GCGACCACACGAAATA,3-F-56,B cell,0,B cell,-3.1743088,-0.7943561,7250,0.8710179328918457
10X_P7_6_GCGACCACAGGCTGAA,3-F-56,B cell,4,Unmatched_4,8.884705,14.307529,7251,1.8654202222824097
10X_P7_6_GCGACCAGTAAGTTCC,3-F-56,B cell,0,B cell,-2.7232811,0.9607334,7252,0.8194477558135986
10X_P7_6_GCGACCAGTCCGAGTC,3-F-56,B cell,0,B cell,-3.0254834,2.6775362,7253,0.8020525574684143
10X_P7_6_GCGACCAGTCGCTTCT,3-F-56,T cell,2,Unmatched_2,1.9298844,25.481071,7254,0.7862236499786377
10X_P7_6_GCGACCAGTGACCAAG,3-F-56,natural killer cell,6,natural killer cell,6.9587474,26.35094,7255,2.48960280418396
10X_P7_6_GCGACCATCATCTGTT,3-F-56,T cell,3,T cell,3.781027,22.9994,7256,0.6780897378921509
10X_P7_6_GCGACCATCCGCATCT,3-F-56,B cell,0,B cell,-1.2345643,-1.3262635,7257,0.8047822117805481
10X_P7_6_GCGACCATCTAACGGT,3-F-56,B cell,0,B cell,-0.041007,-0.5150413,7258,0.4857269823551178
10X_P7_6_GCGACCATCTTTAGTC,3-F-56,B cell,0,B cell,-3.1499465,1.8590261,7259,0.5229830741882324
10X_P7_6_GCGAGAAAGCCAGGAT,3-F-56,B cell,0,B cell,-3.8121185,-0.35818315,7260,1.2031837701797483
10X_P7_6_GCGAGAACAAGTTCTG,3-F-56,B cell,1,Unmatched_1,-1.387109,4.858614,7261,1.1616274118423462
10X_P7_6_GCGAGAACAGATGAGC,3-F-56,T cell,3,T cell,2.8188236,23.49414,7262,0.9667150974273682
10X_P7_6_GCGAGAACAGGATTGG,3-F-56,T cell,3,T cell,3.9408236,23.81184,7263,0.794672966003418
10X_P7_6_GCGAGAACAGTGAGTG,3-F-56,B cell,4,Unmatched_4,9.13821,14.137757,7264,2.2833640575408936
10X_P7_6_GCGAGAACATACAGCT,3-F-56,B cell,0,B cell,-4.9354944,0.385136,7265,2.1517679691314697
10X_P7_6_GCGAGAACATGGAATA,3-F-56,B cell,4,Unmatched_4,-4.1288934,4.342492,7266,0.751399040222168
10X_P7_6_GCGAGAAGTAATTGGA,3-F-56,T cell,3,T cell,4.5525537,24.55574,7267,1.0687665939331057
10X_P7_6_GCGAGAAGTCGTTGTA,3-F-56,T cell,2,Unmatched_2,2.9078865,26.31861,7268,1.076627492904663
10X_P7_6_GCGAGAAGTGCAGGTA,3-F-56,T cell,3,T cell,3.753744,23.396578,7269,0.7553081512451172
10X_P7_6_GCGAGAATCCAGTAGT,3-F-56,B cell,0,B cell,-1.0305799,-0.808862,7270,0.9373130798339844
10X_P7_6_GCGAGAATCTTGCCGT,3-F-56,macrophage,5,macrophage,11.206021,14.494771,7271,1.4382859468460083
10X_P7_6_GCGCAACAGATGCCAG,3-F-56,B cell,4,Unmatched_4,-2.494099,8.782303,7272,0.5658427476882935
10X_P7_6_GCGCAACAGCAGACTG,3-F-56,B cell,0,B cell,-1.9026151,1.132418,7273,0.4435374140739441
10X_P7_6_GCGCAACAGCCGTCGT,3-F-56,B cell,1,Unmatched_1,-2.760664,5.4367867,7274,1.0025469064712524
10X_P7_6_GCGCAACAGCGTTTAC,3-F-56,B cell,0,B cell,-2.10716,0.955442,7275,0.5298803448677063
10X_P7_6_GCGCAACAGTACGACG,3-F-56,T cell,3,T cell,3.4536622,23.228827,7276,0.5647680759429932
10X_P7_6_GCGCAACAGTCCCACG,3-F-56,B cell,0,B cell,-1.9113973,2.1859334,7277,1.4083679914474487
10X_P7_6_GCGCAACAGTGACTCT,3-F-56,B cell,0,B cell,-1.9381849,1.2228906,7278,0.7476009726524353
10X_P7_6_GCGCAACCAACACGCC,3-F-56,macrophage,8,Unmatched_8,10.524217,11.962369,7279,3.518524408340454
10X_P7_6_GCGCAACCAAGCCGCT,3-F-56,B cell,0,B cell,0.010750294,1.2315528,7280,0.5418038964271545
10X_P7_6_GCGCAACCAGTCACTA,3-F-56,B cell,0,B cell,-2.2811625,0.20949186,7281,0.792177677154541
10X_P7_6_GCGCAACCATGCTGGC,3-F-56,B cell,0,B cell,-1.7890683,0.79469186,7282,0.8147172927856445
10X_P7_6_GCGCAACGTACACCGC,3-F-56,B cell,1,Unmatched_1,-1.6076086,6.230029,7283,0.5608677864074707
10X_P7_6_GCGCAACGTACCCAAT,3-F-56,B cell,0,B cell,-0.44885558,1.036535,7284,0.5668241381645203
10X_P7_6_GCGCAACGTACCGGCT,3-F-56,natural killer cell,6,natural killer cell,6.5588984,25.438725,7285,2.2876181602478027
10X_P7_6_GCGCAACGTAGGCTGA,3-F-56,B cell,0,B cell,-1.6314185,2.4233937,7286,0.8256482481956482
10X_P7_6_GCGCAACGTGACAAAT,3-F-56,B cell,1,Unmatched_1,-0.9748865,6.0195656,7287,0.570505678653717
10X_P7_6_GCGCAACGTGATGTGG,3-F-56,T cell,3,T cell,3.3143752,23.130943,7288,1.111283540725708
10X_P7_6_GCGCAACGTGCGAAAC,3-F-56,B cell,0,B cell,-1.5879347,3.6558888,7289,0.7591488361358643
10X_P7_6_GCGCAACTCACCATAG,3-F-56,B cell,0,B cell,-2.7464876,-0.11579114,7290,1.06115460395813
10X_P7_6_GCGCAACTCACGATGT,3-F-56,B cell,0,B cell,-2.1703477,2.3321211,7291,0.5637989044189453
10X_P7_6_GCGCAACTCACGCATA,3-F-56,B cell,4,Unmatched_4,-4.0053353,3.96149,7292,0.7539567947387695
10X_P7_6_GCGCAACTCGTAGGTT,3-F-56,B cell,0,B cell,-1.5360707,-0.63082117,7293,0.8368728756904602
10X_P7_6_GCGCAACTCTGTCTAT,3-F-56,B cell,0,B cell,-0.5249161,1.1994234,7294,0.6664910316467285
10X_P7_6_GCGCAGTAGAGCAATT,3-F-56,B cell,0,B cell,-2.6980786,2.9315994,7295,0.7688095569610596
10X_P7_6_GCGCAGTAGCCAACAG,3-F-56,B cell,0,B cell,-4.625799,0.30385938,7296,0.9773635268211364
10X_P7_6_GCGCAGTAGCGTGAAC,3-F-56,T cell,3,T cell,3.7782047,24.368406,7297,0.8056583404541016
10X_P7_6_GCGCAGTAGCTGCGAA,3-F-56,B cell,0,B cell,-1.8004825,1.1972567,7298,0.4640115797519684
10X_P7_6_GCGCAGTAGTGGGTTG,3-F-56,T cell,9,Unmatched_9,7.1389227,23.550285,7299,2.3242006301879883
10X_P7_6_GCGCAGTAGTGTACCT,3-F-56,B cell,1,Unmatched_1,-0.940686,6.259737,7300,0.6038356423377991
10X_P7_6_GCGCAGTCAATGGATA,3-F-56,T cell,3,T cell,2.9323466,23.265955,7301,0.5533808469772339
10X_P7_6_GCGCAGTGTACGACCC,3-F-56,B cell,7,Unmatched_7,-5.533541,0.8154818,7302,1.603291630744934
10X_P7_6_GCGCAGTGTGGCCCTA,3-F-56,B cell,1,Unmatched_1,-2.3139658,5.9374943,7303,0.599209189414978
10X_P7_6_GCGCAGTGTTACGACT,3-F-56,B cell,0,B cell,-1.6501855,1.0939661,7304,0.7291075587272644
10X_P7_6_GCGCAGTTCAAACCAC,3-F-56,T cell,2,Unmatched_2,2.708125,25.465168,7305,0.8464465141296387
10X_P7_6_GCGCAGTTCAACGAAA,3-F-56,B cell,4,Unmatched_4,-4.212907,4.193622,7306,0.6910492181777954
10X_P7_6_GCGCAGTTCCGTTGTC,3-F-56,B cell,0,B cell,0.32913542,0.42634818,7307,0.4624671936035156
10X_P7_6_GCGCAGTTCCTTCAAT,3-F-56,B cell,1,Unmatched_1,-2.7494774,4.789057,7308,0.5953165292739868
10X_P7_6_GCGCCAAAGAGCTGCA,3-F-56,B cell,2,Unmatched_2,0.7026074,22.8491,7309,1.7184075117111206
10X_P7_6_GCGCCAAAGCTAACAA,3-F-56,T cell,3,T cell,3.438957,23.01843,7310,0.562660276889801
10X_P7_6_GCGCCAAAGTGTACCT,3-F-56,T cell,3,T cell,4.1581564,24.135853,7311,1.0155572891235352
10X_P7_6_GCGCCAACACGTCTCT,3-F-56,B cell,1,Unmatched_1,-2.863657,6.429237,7312,0.4978569447994232
10X_P7_6_GCGCCAACAGGTCGTC,3-F-56,B cell,0,B cell,-3.39731,0.53796905,7313,0.8257125020027161
10X_P7_6_GCGCCAACATGGGAAC,3-F-56,B cell,0,B cell,0.00025362658,-0.5786597,7314,0.9888314008712769
10X_P7_6_GCGCCAAGTGAAATCA,3-F-56,natural killer cell,6,natural killer cell,7.1377954,26.478577,7315,1.7655786275863647
10X_P7_6_GCGCCAATCCGAGCCA,3-F-56,B cell,0,B cell,-1.5381674,2.210027,7316,1.0624583959579468
10X_P7_6_GCGCCAATCCGTCAAA,3-F-56,B cell,1,Unmatched_1,-0.9423963,6.201413,7317,0.529714822769165
10X_P7_6_GCGCCAATCTATCGCC,3-F-56,B cell,0,B cell,-1.6966225,1.1293412,7318,0.6359840631484985
10X_P7_6_GCGCCAATCTGCGACG,3-F-56,T cell,2,Unmatched_2,1.7767096,25.812351,7319,0.6832258105278015
10X_P7_6_GCGCCAATCTTGTCAT,3-F-56,B cell,12,Unmatched_12,9.164516,9.684727,7320,3.2792601585388184
10X_P7_6_GCGCGATAGCAGACTG,3-F-56,T cell,3,T cell,3.9166596,23.445091,7321,0.5901041626930237
10X_P7_6_GCGCGATAGCTGGAAC,3-F-56,B cell,14,Unmatched_14,8.203727,15.739694,7322,5.334986209869385
10X_P7_6_GCGCGATAGGACCACA,3-F-56,B cell,4,Unmatched_4,-4.895956,4.434107,7323,1.0831676721572876
10X_P7_6_GCGCGATAGTACGCCC,3-F-56,B cell,0,B cell,-1.8401641,-0.09142595,7324,0.5559777617454529
10X_P7_6_GCGCGATAGTGAATTG,3-F-56,T cell,2,Unmatched_2,3.7562783,25.822893,7325,0.8378710746765137
10X_P7_6_GCGCGATAGTGGTAAT,3-F-56,T cell,2,Unmatched_2,1.9769825,25.638416,7326,0.7528761029243469
10X_P7_6_GCGCGATCAAATCCGT,3-F-56,T cell,2,Unmatched_2,2.4395626,25.944086,7327,0.7844715118408203
10X_P7_6_GCGCGATCAATTCCTT,3-F-56,B cell,0,B cell,-2.2529335,-1.0581464,7328,1.2329485416412354
10X_P7_6_GCGCGATCACTGAAGG,3-F-56,T cell,2,Unmatched_2,1.9710776,25.428375,7329,0.6598992347717285
10X_P7_6_GCGCGATCAGCTATTG,3-F-56,B cell,1,Unmatched_1,-4.013978,6.462129,7330,0.8224013447761536
10X_P7_6_GCGCGATCATGATCCA,3-F-56,B cell,1,Unmatched_1,-2.0809128,5.9212575,7331,0.9625744223594666
10X_P7_6_GCGCGATGTAGCTAAA,3-F-56,natural killer cell,6,natural killer cell,7.145325,26.422619,7332,1.997358083724976
10X_P7_6_GCGCGATGTCCATCCT,3-F-56,B cell,0,B cell,0.29813316,0.48455578,7333,0.4836163818836212
10X_P7_6_GCGCGATGTCCGTTAA,3-F-56,T cell,9,Unmatched_9,6.940278,23.748798,7334,1.902986764907837
10X_P7_6_GCGCGATGTGATGTCT,3-F-56,B cell,1,Unmatched_1,-3.9981914,6.436046,7335,0.981922686100006
10X_P7_6_GCGCGATTCCAGAGGA,3-F-56,B cell,0,B cell,-1.039753,-1.148101,7336,0.767191469669342
10X_P7_6_GCGCGATTCCTCAACC,3-F-56,B cell,1,Unmatched_1,-1.2170784,5.0059505,7337,1.137120485305786
10X_P7_6_GCGCGATTCCTGTAGA,3-F-56,B cell,5,macrophage,4.373576,13.62718,7338,2.1176724433898926
10X_P7_6_GCGCGATTCTTGTTTG,3-F-56,B cell,0,B cell,-1.5173209,1.3297577,7339,0.7666804194450378
10X_P7_6_GCGGGTTAGAGTAAGG,3-F-56,T cell,3,T cell,3.6014216,22.736774,7340,1.0341769456863403
10X_P7_6_GCGGGTTAGCAAATCA,3-F-56,B cell,0,B cell,-3.8790913,0.7200919,7341,0.8495694398880005
10X_P7_6_GCGGGTTAGCTTTGGT,3-F-56,B cell,0,B cell,-3.0202599,1.5981641,7342,0.5554288029670715
10X_P7_6_GCGGGTTAGTGTGAAT,3-F-56,B cell,0,B cell,-2.3497787,0.4740049,7343,0.4791574478149414
10X_P7_6_GCGGGTTCAATGTTGC,3-F-56,T cell,9,Unmatched_9,7.0445223,23.644217,7344,2.008167266845703
10X_P7_6_GCGGGTTCATCATCCC,3-F-56,natural killer cell,6,natural killer cell,6.929436,26.240532,7345,2.0025222301483154
10X_P7_6_GCGGGTTGTAATCACC,3-F-56,macrophage,8,Unmatched_8,10.042983,12.33753,7346,1.974494695663452
10X_P7_6_GCGGGTTGTGTGGCTC,3-F-56,B cell,0,B cell,-0.39770353,-1.0978656,7347,0.4490723311901092
10X_P7_6_GCGGGTTGTTCCGTCT,3-F-56,B cell,0,B cell,-2.367345,1.9763652,7348,0.5296955704689026
10X_P7_6_GCGGGTTGTTGGGACA,3-F-56,B cell,0,B cell,-3.3789363,0.038410906,7349,0.4069106578826904
10X_P7_6_GCGGGTTTCTGGCGAC,3-F-56,T cell,2,Unmatched_2,4.676004,25.59864,7350,2.2426016330718994
10X_P7_6_GCTCCTAAGAGTAATC,3-F-56,B cell,0,B cell,-1.2161732,-1.0968846,7351,0.9153002500534058
10X_P7_6_GCTCCTAAGCGTAGTG,3-F-56,B cell,7,Unmatched_7,-5.4932523,1.239267,7352,1.3129067420959473
10X_P7_6_GCTCCTAAGCTACCTA,3-F-56,B cell,0,B cell,-2.2018218,-0.017578155,7353,0.6907853484153748
10X_P7_6_GCTCCTAAGGACATTA,3-F-56,B cell,0,B cell,-2.2568016,0.6390752,7354,0.6918475031852722
10X_P7_6_GCTCCTACAAAGCAAT,3-F-56,macrophage,5,macrophage,11.039638,14.4299135,7355,2.32102632522583
10X_P7_6_GCTCCTACAGACAAGC,3-F-56,B cell,1,Unmatched_1,0.7561958,22.931482,7356,1.246316909790039
10X_P7_6_GCTCCTACAGTGGAGT,3-F-56,T cell,3,T cell,3.945752,24.02788,7357,0.7519834637641907
10X_P7_6_GCTCCTAGTAAACACA,3-F-56,B cell,0,B cell,0.0045588957,-0.5590272,7358,0.4107578694820404
10X_P7_6_GCTCCTAGTCGCGAAA,3-F-56,B cell,1,Unmatched_1,-2.497492,4.9950533,7359,0.6567518711090088
10X_P7_6_GCTCCTAGTGCTAGCC,3-F-56,B cell,0,B cell,-1.0780743,0.8069977,7360,1.0413475036621094
10X_P7_6_GCTCCTAGTTCCACAA,3-F-56,B cell,0,B cell,-0.94243294,1.446121,7361,0.830662727355957
10X_P7_6_GCTCCTATCACAGGCC,3-F-56,B cell,0,B cell,-2.1324284,0.58358735,7362,0.6672658920288086
10X_P7_6_GCTCCTATCCAACCAA,3-F-56,T cell,3,T cell,2.9060845,22.843596,7363,0.8560370206832886
10X_P7_6_GCTCCTATCCGTAGGC,3-F-56,B cell,0,B cell,-1.5923936,-0.08722556,7364,0.8816320896148682
10X_P7_6_GCTCCTATCCTACAGA,3-F-56,T cell,3,T cell,3.3913767,23.760303,7365,0.7095562219619751
10X_P7_6_GCTCCTATCGAATGCT,3-F-56,B cell,4,Unmatched_4,-2.6292176,8.865462,7366,0.671360433101654
10X_P7_6_GCTCCTATCGATCCCT,3-F-56,B cell,0,B cell,-2.6720974,1.0836726,7367,0.5079673528671265
10X_P7_6_GCTCTGTAGAGCTATA,3-F-56,B cell,4,Unmatched_4,9.278888,14.103664,7368,2.8559908866882324
10X_P7_6_GCTCTGTAGATAGGAG,3-F-56,B cell,1,Unmatched_1,-1.561061,5.7254558,7369,0.6356298327445984
10X_P7_6_GCTCTGTCACCAGGCT,3-F-56,T cell,3,T cell,3.3774977,22.77532,7370,0.8018819689750671
10X_P7_6_GCTCTGTGTGTCGCTG,3-F-56,B cell,0,B cell,-1.4833944,1.5561986,7371,1.4996460676193235
10X_P7_6_GCTCTGTTCACCAGGC,3-F-56,B cell,0,B cell,-0.02668049,0.055005062,7372,0.5732408761978149
10X_P7_6_GCTCTGTTCCCATTAT,3-F-56,B cell,1,Unmatched_1,-2.3667934,6.0789514,7373,0.7122320532798767
10X_P7_6_GCTCTGTTCCCTCTTT,3-F-56,T cell,2,Unmatched_2,2.4982417,25.677282,7374,0.5409708619117737
10X_P7_6_GCTCTGTTCCGAATGT,3-F-56,B cell,1,Unmatched_1,-2.3165662,6.1773653,7375,0.7173987627029419
10X_P7_6_GCTCTGTTCTCTTGAT,3-F-56,B cell,0,B cell,-0.45179743,2.09351,7376,0.7805023789405823
10X_P7_6_GCTGCAGAGCTAGTCT,3-F-56,B cell,4,Unmatched_4,-2.6032705,8.78595,7377,0.7616655826568604
10X_P7_6_GCTGCAGAGGCGATAC,3-F-56,B cell,0,B cell,-0.92352647,2.2884803,7378,1.0552791357040403
10X_P7_6_GCTGCAGCAAATACAG,3-F-56,B cell,0,B cell,-2.0321186,1.3427113,7379,0.5870766043663025
10X_P7_6_GCTGCAGGTCCTAGCG,3-F-56,B cell,0,B cell,-3.086785,0.61979544,7380,0.5309599041938782
10X_P7_6_GCTGCAGGTCGCGGTT,3-F-56,B cell,1,Unmatched_1,-0.9332449,5.7783394,7381,0.5935688018798828
10X_P7_6_GCTGCAGGTCGCGTGT,3-F-56,natural killer cell,6,natural killer cell,7.2022142,26.266754,7382,1.7177612781524658
10X_P7_6_GCTGCAGGTCTCTCGT,3-F-56,B cell,1,Unmatched_1,-1.4288269,4.2793846,7383,0.9128018617630004
10X_P7_6_GCTGCAGGTGAAGGCT,3-F-56,B cell,0,B cell,-0.26727167,0.6383912,7384,0.4589747786521911
10X_P7_6_GCTGCAGGTGCTCTTC,3-F-56,B cell,0,B cell,-3.3366785,1.166207,7385,0.5253247618675232
10X_P7_6_GCTGCAGGTTAAGAAC,3-F-56,T cell,3,T cell,5.336152,24.933126,7386,1.4301997423171997
10X_P7_6_GCTGCAGGTTGACGTT,3-F-56,B cell,0,B cell,-1.1097876,0.6889333,7387,0.7019016146659851
10X_P7_6_GCTGCAGTCACTGGGC,3-F-56,macrophage,8,Unmatched_8,10.044226,12.34161,7388,2.570497274398804
10X_P7_6_GCTGCGAAGAATGTTG,3-F-56,B cell,0,B cell,-1.2679001,0.98408806,7389,0.7994614243507385
10X_P7_6_GCTGCGAAGAGTTGGC,3-F-56,B cell,4,Unmatched_4,-4.955065,4.3236036,7390,0.6669491529464722
10X_P7_6_GCTGCGAAGATATGCA,3-F-56,B cell,0,B cell,-0.2945523,-0.6518675,7391,0.7760107517242432
10X_P7_6_GCTGCGACACAGACTT,3-F-56,B cell,0,B cell,-1.6525189,4.016191,7392,0.4867149591445923
10X_P7_6_GCTGCGACACGCCAGT,3-F-56,B cell,1,Unmatched_1,-1.8381501,5.998091,7393,1.035178303718567
10X_P7_6_GCTGCGACACTAAGTC,3-F-56,B cell,0,B cell,-0.9061822,-0.15706162,7394,0.9651061296463012
10X_P7_6_GCTGCGAGTAGCGTGA,3-F-56,B cell,0,B cell,-2.4893777,1.7384111,7395,0.7896474599838257
10X_P7_6_GCTGCGAGTGTTAAGA,3-F-56,B cell,0,B cell,-2.2655041,0.646535,7396,0.4586407244205475
10X_P7_6_GCTGCGATCAGTCAGT,3-F-56,macrophage,8,Unmatched_8,10.033766,12.349409,7397,1.9552624225616453
10X_P7_6_GCTGCGATCCACGTGG,3-F-56,B cell,0,B cell,-1.405172,3.6350343,7398,0.5653078556060791
10X_P7_6_GCTGCGATCCACTGGG,3-F-56,T cell,2,Unmatched_2,4.2309613,26.503954,7399,1.6282378435134888
10X_P7_6_GCTGCGATCCAGAAGG,3-F-56,B cell,1,Unmatched_1,-2.78549,5.9832926,7400,0.4283360838890075
10X_P7_6_GCTGCTTAGAAACGAG,3-F-56,B cell,0,B cell,-1.2359704,3.354355,7401,0.7998669743537903
10X_P7_6_GCTGCTTAGTAATCCC,3-F-56,natural killer cell,6,natural killer cell,7.284129,25.950342,7402,1.7825946807861328
10X_P7_6_GCTGCTTAGTTCGATC,3-F-56,B cell,0,B cell,-3.719565,-0.60399836,7403,1.3296092748641968
10X_P7_6_GCTGCTTCAATCGAAA,3-F-56,B cell,0,B cell,-1.9283805,-0.13333191,7404,0.7530720233917236
10X_P7_6_GCTGCTTCAGTAAGCG,3-F-56,T cell,3,T cell,4.796935,24.511106,7405,1.1221561431884766
10X_P7_6_GCTGCTTGTACGCACC,3-F-56,T cell,3,T cell,4.968348,24.572945,7406,1.161967396736145
10X_P7_6_GCTGCTTGTAGCGTAG,3-F-56,B cell,2,Unmatched_2,0.31145614,23.171297,7407,0.9384626150131226
10X_P7_6_GCTGCTTGTATCAGTC,3-F-56,B cell,1,Unmatched_1,-1.0724661,5.3966107,7408,0.6503695249557495
10X_P7_6_GCTGCTTGTGGGTCAA,3-F-56,B cell,0,B cell,-3.5063484,-0.022124238,7409,0.6372599601745605
10X_P7_6_GCTGCTTGTGTGACCC,3-F-56,T cell,3,T cell,3.4630225,22.818848,7410,0.7008510231971741
10X_P7_6_GCTGCTTTCCTGCCAT,3-F-56,T cell,3,T cell,2.4481027,23.18173,7411,0.6852100491523743
10X_P7_6_GCTGCTTTCTTGTACT,3-F-56,T cell,2,Unmatched_2,3.9291954,25.762844,7412,0.8292668461799622
10X_P7_6_GCTGGGTAGACACGAC,3-F-56,B cell,1,Unmatched_1,-3.9895797,6.4238005,7413,1.1468300819396973
10X_P7_6_GCTGGGTAGATAGTCA,3-F-56,T cell,2,Unmatched_2,3.8197703,26.344261,7414,0.908113956451416
10X_P7_6_GCTGGGTAGCGTGAAC,3-F-56,B cell,0,B cell,0.33515903,0.39832133,7415,1.2497915029525757
10X_P7_6_GCTGGGTAGTCCAGGA,3-F-56,B cell,0,B cell,-2.9045684,3.137212,7416,1.2757349014282229
10X_P7_6_GCTGGGTCACCCTATC,3-F-56,B cell,4,Unmatched_4,-3.57172,3.5845482,7417,0.8697047829627991
10X_P7_6_GCTGGGTCATCTCGCT,3-F-56,B cell,4,Unmatched_4,-3.9299846,4.3728204,7418,0.9731656312942504
10X_P7_6_GCTGGGTGTAGCTAAA,3-F-56,B cell,0,B cell,-1.963754,2.1822598,7419,0.57960045337677
10X_P7_6_GCTGGGTGTATGAATG,3-F-56,B cell,5,macrophage,11.008562,14.392478,7420,2.434537649154663
10X_P7_6_GCTGGGTGTCATACTG,3-F-56,B cell,0,B cell,-1.3713055,1.9404887,7421,0.6356637477874756
10X_P7_6_GCTGGGTGTCTCCACT,3-F-56,B cell,0,B cell,-4.953129,0.44760776,7422,0.8893337845802307
10X_P7_6_GCTGGGTGTGACTACT,3-F-56,B cell,0,B cell,-1.5272896,1.0223527,7423,1.6644728183746338
10X_P7_6_GCTGGGTGTTCACCTC,3-F-56,B cell,0,B cell,-2.1454277,0.13889332,7424,0.6450030207633972
10X_P7_6_GCTGGGTGTTGGGACA,3-F-56,B cell,0,B cell,-2.572338,-1.0780108,7425,0.9376291632652284
10X_P7_6_GCTGGGTGTTTCCACC,3-F-56,T cell,2,Unmatched_2,4.482398,25.667667,7426,1.655892252922058
10X_P7_6_GCTGGGTTCAGGTAAA,3-F-56,T cell,3,T cell,4.744319,25.09393,7427,3.646089553833008
10X_P7_6_GCTGGGTTCGCTTAGA,3-F-56,B cell,1,Unmatched_1,-1.9104239,5.299066,7428,0.4841127693653106
10X_P7_6_GCTGGGTTCTAGCACA,3-F-56,B cell,0,B cell,0.14490762,-0.48875964,7429,0.4522735774517059
10X_P7_6_GCTGGGTTCTGCGACG,3-F-56,B cell,0,B cell,-4.6526227,0.1915755,7430,1.0903862714767456
10X_P7_6_GCTTCCAAGAGGTAGA,3-F-56,B cell,0,B cell,-4.8901725,0.43987787,7431,0.779853105545044
10X_P7_6_GCTTCCAAGATGAGAG,3-F-56,B cell,0,B cell,-0.810778,1.9896194,7432,0.6852092742919922
10X_P7_6_GCTTCCAAGATGTAAC,3-F-56,B cell,0,B cell,-0.8367957,-1.2607169,7433,0.5160203576087952
10X_P7_6_GCTTCCAAGATGTGTA,3-F-56,B cell,0,B cell,-1.6074493,2.4929883,7434,1.1009836196899414
10X_P7_6_GCTTCCAAGCGCCTTG,3-F-56,B cell,1,Unmatched_1,-1.3297191,5.82342,7435,0.464132010936737
10X_P7_6_GCTTCCAAGCTGTCTA,3-F-56,B cell,4,Unmatched_4,-5.06329,3.4096677,7436,0.7346041798591614
10X_P7_6_GCTTCCAAGTCATGCT,3-F-56,macrophage,5,macrophage,12.596335,14.826455,7437,1.6611006259918213
10X_P7_6_GCTTCCAAGTCCGGTC,3-F-56,T cell,3,T cell,3.23227,23.203922,7438,0.6493364572525024
10X_P7_6_GCTTCCACACATTAGC,3-F-56,B cell,0,B cell,-2.7875578,2.6905026,7439,1.4088175296783447
10X_P7_6_GCTTCCACAGGACGTA,3-F-56,T cell,2,Unmatched_2,4.400963,25.576258,7440,1.672588348388672
10X_P7_6_GCTTCCAGTCCCTTGT,3-F-56,macrophage,5,macrophage,4.417015,13.691928,7441,2.473942756652832
10X_P7_6_GCTTCCAGTGACGGTA,3-F-56,natural killer cell,6,natural killer cell,6.4095936,25.420738,7442,2.921346426010132
10X_P7_6_GCTTCCAGTTTGTGTG,3-F-56,B cell,0,B cell,-1.6156011,0.8383945,7443,0.9684761166572572
10X_P7_6_GCTTCCATCAATACCG,3-F-56,B cell,4,Unmatched_4,-4.74304,4.171925,7444,1.023755431175232
10X_P7_6_GCTTCCATCATCTGTT,3-F-56,B cell,0,B cell,-0.30178547,0.9774453,7445,0.6899117231369019
10X_P7_6_GCTTCCATCGCCGTGA,3-F-56,B cell,2,Unmatched_2,0.3544209,23.155743,7446,1.383744716644287
10X_P7_6_GCTTGAAAGAGGTAGA,3-F-56,B cell,1,Unmatched_1,-3.2705417,4.7316155,7447,0.7837669849395752
10X_P7_6_GCTTGAAAGGTAGCTG,3-F-56,B cell,1,Unmatched_1,-2.9533305,4.306787,7448,1.1018551588058472
10X_P7_6_GCTTGAACAGACACTT,3-F-56,B cell,0,B cell,-2.000956,1.3396497,7449,0.4460742473602295
10X_P7_6_GCTTGAACATTGCGGC,3-F-56,B cell,0,B cell,-3.1425195,-0.71816343,7450,0.6978882551193237
10X_P7_6_GCTTGAAGTACAGTGG,3-F-56,B cell,0,B cell,-2.9293017,1.1795669,7451,0.5185034871101379
10X_P7_6_GCTTGAAGTACCGTTA,3-F-56,B cell,0,B cell,-2.2984545,0.56544995,7452,0.488250195980072
10X_P7_6_GCTTGAAGTACTCTCC,3-F-56,B cell,1,Unmatched_1,-2.1123195,5.230104,7453,0.7200461030006409
10X_P7_6_GCTTGAAGTCTCATCC,3-F-56,B cell,0,B cell,-2.4758606,3.103547,7454,0.9060644507408142
10X_P7_6_GCTTGAATCAGCTTAG,3-F-56,B cell,0,B cell,-4.6714973,0.2403014,7455,0.8729691505432129
10X_P7_6_GCTTGAATCCAAGCCG,3-F-56,T cell,3,T cell,3.6272156,23.160254,7456,0.5365594625473022
10X_P7_6_GCTTGAATCTACGAGT,3-F-56,B cell,0,B cell,-2.4590454,1.5170324,7457,0.541510820388794
10X_P7_6_GCTTGAATCTGGAGCC,3-F-56,B cell,0,B cell,-1.289013,-1.1476576,7458,1.3796274662017822
10X_P7_6_GCTTGAATCTTTCCTC,3-F-56,T cell,2,Unmatched_2,2.17151,26.3912,7459,0.6706522107124329
10X_P7_6_GGAAAGCAGACAAGCC,3-F-56,B cell,4,Unmatched_4,-3.9849732,4.34345,7460,0.8763850331306458
10X_P7_6_GGAAAGCAGAGTGAGA,3-F-56,B cell,1,Unmatched_1,-2.0996883,6.2802567,7461,0.5506489872932434
10X_P7_6_GGAAAGCAGCAGGTCA,3-F-56,B cell,1,Unmatched_1,-3.1128302,6.2125673,7462,0.5278577208518982
10X_P7_6_GGAAAGCAGTTCGCGC,3-F-56,B cell,0,B cell,-2.9476469,-0.1430188,7463,0.9155504703521729
10X_P7_6_GGAAAGCCAAGCGCTC,3-F-56,B cell,0,B cell,-2.2611904,-0.44986942,7464,0.5931909680366516
10X_P7_6_GGAAAGCCACGCTTTC,3-F-56,B cell,0,B cell,-2.1176507,-0.27265546,7465,0.980622947216034
10X_P7_6_GGAAAGCCAGGAACGT,3-F-56,T cell,2,Unmatched_2,1.7420129,25.67052,7466,0.6635853052139282
10X_P7_6_GGAAAGCCAGTCCTTC,3-F-56,T cell,2,Unmatched_2,2.883962,25.93608,7467,0.5327651500701904
10X_P7_6_GGAAAGCGTAAGAGGA,3-F-56,B cell,1,Unmatched_1,-2.0103524,4.9270105,7468,0.8291791081428528
10X_P7_6_GGAAAGCGTAGCACGA,3-F-56,B cell,0,B cell,-0.51514065,1.263889,7469,0.7352880835533142
10X_P7_6_GGAAAGCGTGTGCCTG,3-F-56,T cell,3,T cell,4.8228955,24.387495,7470,0.8788487315177917
10X_P7_6_GGAAAGCGTTACAGAA,3-F-56,B cell,0,B cell,-2.8080885,1.7244301,7471,0.7192131876945496
10X_P7_6_GGAAAGCTCTACTTAC,3-F-56,B cell,0,B cell,-3.7571387,0.13195358,7472,1.0027503967285156
10X_P7_6_GGAAAGCTCTATCCTA,3-F-56,B cell,0,B cell,-2.2619388,1.650793,7473,0.4788127541542053
10X_P7_6_GGAAAGCTCTTCGGTC,3-F-56,B cell,0,B cell,-2.2029998,0.7273114,7474,0.4651009738445282
10X_P7_6_GGAACTTAGTAGGCCA,3-F-56,B cell,0,B cell,-2.023608,0.83491176,7475,0.5427783727645874
10X_P7_6_GGAACTTCAATGGTCT,3-F-56,B cell,0,B cell,-3.5457032,1.5091641,7476,0.8531496524810791
10X_P7_6_GGAACTTCACCACGTG,3-F-56,T cell,2,Unmatched_2,1.7072731,25.57484,7477,0.744634747505188
10X_P7_6_GGAACTTCACCGCTAG,3-F-56,B cell,1,Unmatched_1,-1.2019848,6.098022,7478,0.4641782343387604
10X_P7_6_GGAACTTCAGTGACAG,3-F-56,B cell,6,natural killer cell,0.7768073,2.9298484,7479,1.0529625415802002
10X_P7_6_GGAACTTGTATATGAG,3-F-56,B cell,0,B cell,-2.9051394,2.4187024,7480,1.671083688735962
10X_P7_6_GGAACTTGTGAAGGCT,3-F-56,T cell,2,Unmatched_2,3.805418,26.278969,7481,0.9303735494613647
10X_P7_6_GGAACTTGTGGCGAAT,3-F-56,T cell,3,T cell,3.1693313,23.243809,7482,0.6570765376091003
10X_P7_6_GGAACTTTCAACTCTT,3-F-56,B cell,0,B cell,-2.3409936,1.787781,7483,0.5006963610649109
10X_P7_6_GGAACTTTCATCACCC,3-F-56,B cell,0,B cell,-1.9775692,0.21415223,7484,0.5199456214904785
10X_P7_6_GGAACTTTCGCAAGCC,3-F-56,B cell,0,B cell,-1.6934135,0.39324972,7485,0.6179683208465576
10X_P7_6_GGAATAAAGAGCCCAA,3-F-56,B cell,0,B cell,-2.1077394,2.333676,7486,0.9539371132850648
10X_P7_6_GGAATAAAGTTCGCAT,3-F-56,B cell,0,B cell,-2.1191206,3.8271914,7487,0.7155020236968994
10X_P7_6_GGAATAACAAACCTAC,3-F-56,B cell,0,B cell,-1.5972613,0.3572137,7488,0.6983434557914734
10X_P7_6_GGAATAACACATGTGT,3-F-56,B cell,0,B cell,-2.6190617,1.161342,7489,0.436036467552185
10X_P7_6_GGAATAACACCACGTG,3-F-56,T cell,3,T cell,2.9604125,22.818884,7490,0.6177803874015808
10X_P7_6_GGAATAACACGACTCG,3-F-56,B cell,4,Unmatched_4,-5.059073,3.248949,7491,0.7802517414093018
10X_P7_6_GGAATAACAGTAACGG,3-F-56,B cell,0,B cell,-1.9820238,0.41459745,7492,0.4718944728374481
10X_P7_6_GGAATAACAGTAAGAT,3-F-56,T cell,3,T cell,3.818937,23.252373,7493,1.0307979583740234
10X_P7_6_GGAATAAGTACGCTGC,3-F-56,T cell,3,T cell,4.381868,25.06131,7494,1.795708417892456
10X_P7_6_GGACAAGAGAAGGTGA,3-F-56,B cell,0,B cell,-1.6110854,-0.46930042,7495,0.7403585314750671
10X_P7_6_GGACAAGAGACACTAA,3-F-56,dendritic cell,10,dendritic cell,15.835262,-0.0016820576,7496,3.349301338195801
10X_P7_6_GGACAAGAGCGCCTCA,3-F-56,B cell,0,B cell,-4.9873652,0.44998774,7497,1.0703262090682983
10X_P7_6_GGACAAGAGTACGACG,3-F-56,B cell,7,Unmatched_7,-5.2353587,1.3154235,7498,1.4047640562057495
10X_P7_6_GGACAAGCAAACCTAC,3-F-56,T cell,3,T cell,4.5256763,25.218771,7499,1.923092007637024
10X_P7_6_GGACAAGCACGCGAAA,3-F-56,B cell,0,B cell,-1.2057076,1.2436922,7500,0.5558421015739441
10X_P7_6_GGACAAGCATGCCCGA,3-F-56,T cell,2,Unmatched_2,1.9663597,25.440487,7501,1.1990077495574951
10X_P7_6_GGACAAGGTAGCTAAA,3-F-56,T cell,3,T cell,3.8198497,23.014084,7502,0.6647162437438965
10X_P7_6_GGACAAGGTCAATGTC,3-F-56,B cell,2,Unmatched_2,0.3272138,23.15806,7503,1.0725421905517578
10X_P7_6_GGACAAGGTGGCGAAT,3-F-56,B cell,0,B cell,-2.8639126,3.1573715,7504,0.9335728883743286
10X_P7_6_GGACAAGGTGTGGCTC,3-F-56,B cell,0,B cell,-2.8047945,3.1165497,7505,1.066090703010559
10X_P7_6_GGACAAGGTTAGAACA,3-F-56,T cell,2,Unmatched_2,4.458324,26.240732,7506,1.2287451028823853
10X_P7_6_GGACAAGTCACGACTA,3-F-56,B cell,0,B cell,0.12454829,0.25922132,7507,0.5381653308868408
10X_P7_6_GGACAAGTCGAATCCA,3-F-56,B cell,0,B cell,-1.8123367,3.6503685,7508,0.8050384521484375
10X_P7_6_GGACAGAAGAATGTGT,3-F-56,B cell,0,B cell,-1.845646,1.4372607,7509,0.6489362120628357
10X_P7_6_GGACAGAAGCGTAATA,3-F-56,B cell,0,B cell,-2.527854,-0.23140451,7510,0.6846848130226135
10X_P7_6_GGACAGAAGGATTCGG,3-F-56,B cell,12,Unmatched_12,9.174444,9.676025,7511,3.7539045810699454
10X_P7_6_GGACAGAAGTTAACGA,3-F-56,macrophage,5,macrophage,12.018307,14.690408,7512,2.710428237915039
10X_P7_6_GGACAGACAGCTGCAC,3-F-56,B cell,0,B cell,0.01473305,1.3587993,7513,1.0998982191085815
10X_P7_6_GGACAGAGTACCGCTG,3-F-56,T cell,3,T cell,2.9263458,23.046843,7514,0.5390563607215881
10X_P7_6_GGACAGAGTCAGAGGT,3-F-56,T cell,3,T cell,4.479252,25.170355,7515,1.932405948638916
10X_P7_6_GGACAGATCAGAGGTG,3-F-56,T cell,2,Unmatched_2,2.224016,26.281189,7516,0.4963018894195556
10X_P7_6_GGACAGATCGTGGACC,3-F-56,B cell,4,Unmatched_4,-5.175381,2.9191592,7517,1.2379169464111328
10X_P7_6_GGACAGATCTCCTATA,3-F-56,natural killer cell,6,natural killer cell,7.360006,26.172834,7518,1.815402626991272
10X_P7_6_GGACATTAGACAAAGG,3-F-56,T cell,2,Unmatched_2,2.1731956,25.77733,7519,0.6059650182723999
10X_P7_6_GGACATTAGCGTCAAG,3-F-56,T cell,3,T cell,3.6066878,23.375824,7520,0.6141168475151062
10X_P7_6_GGACATTAGCGTTTAC,3-F-56,B cell,0,B cell,-0.51338834,2.2539754,7521,0.8070343732833862
10X_P7_6_GGACATTAGTGTGAAT,3-F-56,T cell,3,T cell,3.8693528,23.423523,7522,0.5830253958702087
10X_P7_6_GGACATTAGTTTCCTT,3-F-56,macrophage,5,macrophage,12.36127,14.711648,7523,2.8559908866882324
10X_P7_6_GGACATTCACGGCTAC,3-F-56,T cell,2,Unmatched_2,2.5276644,25.301952,7524,1.4619024991989136
10X_P7_6_GGACATTGTACGCTGC,3-F-56,B cell,1,Unmatched_1,-1.0144836,5.775088,7525,0.5179595947265625
10X_P7_6_GGACATTGTAGCCTCG,3-F-56,B cell,0,B cell,-1.7545084,3.7275412,7526,0.6723600625991821
10X_P7_6_GGACATTGTTCTGAAC,3-F-56,T cell,2,Unmatched_2,2.1585534,25.705591,7527,0.6602539420127869
10X_P7_6_GGACATTTCCTTTCGG,3-F-56,T cell,3,T cell,4.712246,24.378592,7528,0.7782654762268066
10X_P7_6_GGACATTTCGCCGTGA,3-F-56,B cell,0,B cell,0.26484424,2.3132925,7529,0.5191041231155396
10X_P7_6_GGACATTTCTTGCATT,3-F-56,B cell,0,B cell,-3.9163833,2.7762783,7530,0.6362920999526978
10X_P7_6_GGACGTCAGATCCCGC,3-F-56,B cell,4,Unmatched_4,-4.430343,4.372229,7531,0.714414656162262
10X_P7_6_GGACGTCAGTCGTACT,3-F-56,B cell,0,B cell,-2.039635,2.0060334,7532,0.5156767964363098
10X_P7_6_GGACGTCCAAACAACA,3-F-56,B cell,7,Unmatched_7,-5.490336,1.2003138,7533,1.2257519960403442
10X_P7_6_GGACGTCCACACCGAC,3-F-56,B cell,0,B cell,-0.23433176,-0.057632282,7534,0.5181618332862854
10X_P7_6_GGACGTCGTAAATGAC,3-F-56,B cell,1,Unmatched_1,-2.3591418,6.1772847,7535,0.6027506589889526
10X_P7_6_GGACGTCGTCTAGAGG,3-F-56,B cell,0,B cell,-0.3333893,-0.261013,7536,0.7188460826873779
10X_P7_6_GGACGTCTCCTATGTT,3-F-56,B cell,1,Unmatched_1,-1.7769059,6.198087,7537,0.5932482481002808
10X_P7_6_GGACGTCTCTGACCTC,3-F-56,B cell,1,Unmatched_1,-1.6257545,4.5149713,7538,0.4966030418872833
10X_P7_6_GGAGCAAAGAAACGAG,3-F-56,B cell,0,B cell,-1.422058,1.9166435,7539,0.8309600353240967
10X_P7_6_GGAGCAAAGAAGAAGC,3-F-56,B cell,4,Unmatched_4,-2.565045,8.847459,7540,0.8257867097854614
10X_P7_6_GGAGCAAAGCCATCGC,3-F-56,B cell,0,B cell,-2.402693,-0.14211948,7541,0.931378960609436
10X_P7_6_GGAGCAAAGCTGGAAC,3-F-56,natural killer cell,6,natural killer cell,6.575719,25.478495,7542,2.259593725204468
10X_P7_6_GGAGCAAAGTTGTAGA,3-F-56,B cell,0,B cell,-2.3432367,1.3999344,7543,0.4899593591690063
10X_P7_6_GGAGCAACAATGGAGC,3-F-56,B cell,0,B cell,-0.73453796,0.85455084,7544,0.5323666334152222
10X_P7_6_GGAGCAACATCTCGCT,3-F-56,B cell,0,B cell,-2.116792,-0.0010908386,7545,0.5485272407531738
10X_P7_6_GGAGCAACATGTCTCC,3-F-56,B cell,1,Unmatched_1,-4.4824214,4.557831,7546,0.6879846453666687
10X_P7_6_GGAGCAAGTACAGTTC,3-F-56,B cell,0,B cell,-2.7953362,1.4249575,7547,0.5237451791763306
10X_P7_6_GGAGCAAGTAGCGTAG,3-F-56,B cell,0,B cell,-0.46832722,0.9739717,7548,0.9138609170913696
10X_P7_6_GGAGCAAGTCCGACGT,3-F-56,B cell,2,Unmatched_2,0.7199677,22.848751,7549,1.444994330406189
10X_P7_6_GGAGCAAGTCTTCTCG,3-F-56,T cell,2,Unmatched_2,2.3245926,25.397875,7550,0.7314006686210632
10X_P7_6_GGAGCAAGTTCAGACT,3-F-56,T cell,3,T cell,4.311261,24.339294,7551,0.99218487739563
10X_P7_6_GGAGCAAGTTCCACGG,3-F-56,B cell,2,Unmatched_2,0.7097891,22.84559,7552,1.284915566444397
10X_P7_6_GGAGCAAGTTCGTTGA,3-F-56,T cell,3,T cell,2.7822406,23.250078,7553,0.8054882884025574
10X_P7_6_GGAGCAATCAAGGTAA,3-F-56,B cell,0,B cell,-0.5562093,-0.4942007,7554,0.5719135403633118
10X_P7_6_GGAGCAATCATGCTCC,3-F-56,T cell,2,Unmatched_2,1.9004005,25.726007,7555,1.2582988739013672
10X_P7_6_GGAGCAATCCCACTTG,3-F-56,T cell,3,T cell,5.0367856,24.67778,7556,0.9359633326530457
10X_P7_6_GGAGCAATCCTTCAAT,3-F-56,T cell,3,T cell,3.4922016,23.75181,7557,0.8670355081558228
10X_P7_6_GGATGTTAGAAACCGC,3-F-56,B cell,0,B cell,-0.35091925,-0.35182562,7558,0.5223888754844666
10X_P7_6_GGATGTTAGACAGGCT,3-F-56,B cell,0,B cell,0.008442939,0.50302535,7559,0.4678390026092529
10X_P7_6_GGATGTTAGATGTGGC,3-F-56,T cell,3,T cell,4.734671,24.536425,7560,1.108863115310669
10X_P7_6_GGATGTTAGGACGAAA,3-F-56,B cell,0,B cell,-2.5208714,2.1820266,7561,0.7942948937416077
10X_P7_6_GGATGTTCAATCCGAT,3-F-56,T cell,3,T cell,4.5754104,24.444937,7562,1.02647066116333
10X_P7_6_GGATGTTCACAGGCCT,3-F-56,B cell,1,Unmatched_1,-2.4237635,6.160307,7563,0.6839141249656677
10X_P7_6_GGATGTTCATCACAAC,3-F-56,B cell,0,B cell,-0.52038616,1.5404425,7564,0.4727779924869537
10X_P7_6_GGATGTTCATCGATTG,3-F-56,B cell,0,B cell,-2.0669377,1.7486218,7565,0.6218221187591553
10X_P7_6_GGATGTTGTATGCTTG,3-F-56,T cell,2,Unmatched_2,2.379876,25.827583,7566,0.6039933562278748
10X_P7_6_GGATGTTGTGACAAAT,3-F-56,B cell,0,B cell,-2.8590548,1.3670348,7567,0.5028426647186279
10X_P7_6_GGATGTTGTTCACCTC,3-F-56,T cell,2,Unmatched_2,2.9601824,26.079706,7568,0.6636874675750732
10X_P7_6_GGATGTTGTTCCATGA,3-F-56,B cell,1,Unmatched_1,-1.3326895,5.3026977,7569,0.4651001691818237
10X_P7_6_GGATGTTTCATTGCCC,3-F-56,T cell,3,T cell,4.7560477,24.948814,7570,1.8024311065673828
10X_P7_6_GGATGTTTCGGAAATA,3-F-56,T cell,3,T cell,3.752589,23.751932,7571,0.842186450958252
10X_P7_6_GGATGTTTCGTCCAGG,3-F-56,B cell,0,B cell,-2.9854028,1.421479,7572,0.5644600987434387
10X_P7_6_GGATGTTTCTTTCCTC,3-F-56,B cell,0,B cell,-3.2497494,3.0454383,7573,0.8787622451782227
10X_P7_6_GGATTACAGAAACGAG,3-F-56,B cell,0,B cell,-0.5431787,1.2078387,7574,1.222736120223999
10X_P7_6_GGATTACAGAAGGTTT,3-F-56,B cell,0,B cell,-1.6613702,4.3340726,7575,0.5587072968482971
10X_P7_6_GGATTACAGATGTGGC,3-F-56,B cell,0,B cell,-1.8283508,0.6410834,7576,0.4996524453163147
10X_P7_6_GGATTACAGCGCCTCA,3-F-56,B cell,0,B cell,-1.564592,1.4378464,7577,0.7283456325531006
10X_P7_6_GGATTACAGGAATCGC,3-F-56,B cell,1,Unmatched_1,-2.325946,5.7423444,7578,0.4670095145702362
10X_P7_6_GGATTACAGGATATAC,3-F-56,T cell,2,Unmatched_2,2.7964,26.117653,7579,1.1045435667037964
10X_P7_6_GGATTACAGGATGTAT,3-F-56,B cell,1,Unmatched_1,-2.156577,4.335614,7580,0.6246522665023804
10X_P7_6_GGATTACAGGTAAACT,3-F-56,dendritic cell,10,dendritic cell,15.8369055,-0.0034173692,7581,4.022615909576416
10X_P7_6_GGATTACCAATGAATG,3-F-56,B cell,0,B cell,-0.64351064,0.47239015,7582,0.4111102521419525
10X_P7_6_GGATTACCAGGGATTG,3-F-56,macrophage,5,macrophage,13.46261,15.433315,7583,1.5781347751617432
10X_P7_6_GGATTACCATGGTTGT,3-F-56,B cell,0,B cell,-0.884957,-0.7257742,7584,0.6540734767913818
10X_P7_6_GGATTACTCGATCCCT,3-F-56,B cell,7,Unmatched_7,-5.422583,1.3284184,7585,1.7367475032806396
10X_P7_6_GGCAATTAGATCACGG,3-F-56,B cell,0,B cell,-2.7935808,1.7052829,7586,0.4095330238342285
10X_P7_6_GGCAATTCAATGACCT,3-F-56,B cell,1,Unmatched_1,-1.3107816,5.921438,7587,0.6267355680465698
10X_P7_6_GGCAATTCACCGAAAG,3-F-56,B cell,0,B cell,-0.030577874,-0.71885216,7588,0.6224924325942993
10X_P7_6_GGCAATTCATTAACCG,3-F-56,B cell,4,Unmatched_4,9.118365,14.139152,7589,1.9147930145263672
10X_P7_6_GGCAATTGTACCCAAT,3-F-56,B cell,0,B cell,-4.87169,0.514876,7590,1.31266188621521
10X_P7_6_GGCAATTGTAGTACCT,3-F-56,B cell,0,B cell,-1.7247828,0.73222905,7591,0.4564354419708252
10X_P7_6_GGCAATTGTCATGCAT,3-F-56,B cell,0,B cell,-1.4349835,3.795964,7592,0.8245776295661926
10X_P7_6_GGCAATTGTTACGCGC,3-F-56,T cell,3,T cell,3.8658109,24.168686,7593,1.182137370109558
10X_P7_6_GGCAATTGTTCCATGA,3-F-56,T cell,3,T cell,2.9029164,23.344557,7594,0.5935829281806946
10X_P7_6_GGCAATTTCACGATGT,3-F-56,B cell,4,Unmatched_4,-4.692432,4.449186,7595,0.9232513308525084
10X_P7_6_GGCAATTTCACGGTTA,3-F-56,B cell,1,Unmatched_1,-2.006282,4.8290772,7596,0.6520677208900452
10X_P7_6_GGCAATTTCATATCGG,3-F-56,B cell,0,B cell,-1.1407034,3.5931318,7597,0.833389163017273
10X_P7_6_GGCAATTTCCCTAACC,3-F-56,B cell,0,B cell,-0.97613865,2.971395,7598,1.0590152740478516
10X_P7_6_GGCAATTTCTCGCATC,3-F-56,B cell,0,B cell,-0.35123274,0.7594716,7599,0.6140606999397278
10X_P7_6_GGCCGATAGAGGACGG,3-F-56,B cell,0,B cell,-1.5716044,-1.1930192,7600,0.807378888130188
10X_P7_6_GGCCGATAGCTAGCCC,3-F-56,T cell,3,T cell,3.6280377,22.834375,7601,0.897648811340332
10X_P7_6_GGCCGATAGGGTCGAT,3-F-56,T cell,3,T cell,4.4720902,24.388264,7602,1.1778430938720703
10X_P7_6_GGCCGATAGGTAGCCA,3-F-56,B cell,0,B cell,-2.3791733,3.1160324,7603,0.774077832698822
10X_P7_6_GGCCGATCATGTCGAT,3-F-56,B cell,0,B cell,-0.502953,1.9746826,7604,0.6224220395088196
10X_P7_6_GGCCGATGTGATGTCT,3-F-56,B cell,0,B cell,-3.2032588,0.9040751,7605,0.8544108867645264
10X_P7_6_GGCCGATTCAAAGACA,3-F-56,B cell,1,Unmatched_1,-1.9498044,5.673529,7606,0.5088942646980286
10X_P7_6_GGCCGATTCCTATGTT,3-F-56,B cell,4,Unmatched_4,-3.6643867,3.5643065,7607,0.6995760202407837
10X_P7_6_GGCCGATTCCTTTACA,3-F-56,B cell,0,B cell,-1.8052858,2.554938,7608,1.2447940111160278
10X_P7_6_GGCCGATTCTGCCCTA,3-F-56,B cell,0,B cell,-2.361018,-0.18844599,7609,0.6642012596130371
10X_P7_6_GGCGACTAGACGCAAC,3-F-56,B cell,1,Unmatched_1,-2.2473216,6.014667,7610,0.7089664936065674
10X_P7_6_GGCGACTAGAGCTGGT,3-F-56,T cell,2,Unmatched_2,2.9499958,26.374168,7611,1.0783236026763916
10X_P7_6_GGCGACTAGAGGTAGA,3-F-56,B cell,4,Unmatched_4,-4.337998,4.2924433,7612,0.7293667793273926
10X_P7_6_GGCGACTAGCAATATG,3-F-56,B cell,1,Unmatched_1,-0.81918794,6.036228,7613,0.5574417114257812
10X_P7_6_GGCGACTCACGTCTCT,3-F-56,T cell,2,Unmatched_2,2.5723863,26.40111,7614,0.5508595705032349
10X_P7_6_GGCGACTCAGACGCAA,3-F-56,B cell,0,B cell,-3.3100252,-0.7327095,7615,0.9502561688423156
10X_P7_6_GGCGACTCATCTACGA,3-F-56,T cell,2,Unmatched_2,3.2290385,25.414545,7616,0.8952289819717407
10X_P7_6_GGCGACTGTTACTGAC,3-F-56,T cell,2,Unmatched_2,2.2906287,25.446543,7617,0.68571937084198
10X_P7_6_GGCGACTTCACGAAGG,3-F-56,B cell,0,B cell,-1.006762,1.5473517,7618,0.5792198777198792
10X_P7_6_GGCGACTTCCCTAATT,3-F-56,T cell,3,T cell,3.2843833,23.745558,7619,0.6458718776702881
10X_P7_6_GGCGTGTAGCGCCTTG,3-F-56,B cell,1,Unmatched_1,-0.7487487,6.127513,7620,0.8152124285697937
10X_P7_6_GGCGTGTAGGAATTAC,3-F-56,B cell,0,B cell,-2.1459386,1.4603211,7621,0.5900357961654663
10X_P7_6_GGCGTGTAGTAAGTAC,3-F-56,macrophage,5,macrophage,11.0716715,14.401648,7622,2.256377935409546
10X_P7_6_GGCGTGTCACATCCAA,3-F-56,B cell,4,Unmatched_4,9.017803,14.195391,7623,1.556702733039856
10X_P7_6_GGCGTGTGTAGCCTAT,3-F-56,B cell,0,B cell,-0.025803855,0.1966465,7624,0.402573823928833
10X_P7_6_GGCGTGTTCCGCATCT,3-F-56,B cell,0,B cell,-1.0238651,1.652881,7625,0.5145448446273804
10X_P7_6_GGCGTGTTCCTGCAGG,3-F-56,B cell,0,B cell,-0.46363777,2.4104338,7626,0.83620685338974
10X_P7_6_GGCGTGTTCTGAAAGA,3-F-56,B cell,0,B cell,-1.0649697,2.7756166,7627,1.3109596967697144
10X_P7_6_GGCTCGAAGAGCCTAG,3-F-56,B cell,0,B cell,-2.3128169,1.1605974,7628,0.8922802209854126
10X_P7_6_GGCTCGAAGCCAGTTT,3-F-56,B cell,0,B cell,-2.8458338,1.3715975,7629,0.4246100783348083
10X_P7_6_GGCTCGAAGCCCAGCT,3-F-56,B cell,0,B cell,-1.2830678,-1.1340089,7630,1.149620771408081
10X_P7_6_GGCTCGAAGTCGAGTG,3-F-56,B cell,1,Unmatched_1,-2.832268,4.7011204,7631,0.7261533141136169
10X_P7_6_GGCTCGACACTGTCGG,3-F-56,T cell,3,T cell,3.0466077,23.12811,7632,0.7473086714744568
10X_P7_6_GGCTCGACATACCATG,3-F-56,B cell,4,Unmatched_4,-5.109681,2.758121,7633,0.9820927381515504
10X_P7_6_GGCTCGAGTCTCCCTA,3-F-56,B cell,0,B cell,-3.1547384,4.160813,7634,1.3630419969558716
10X_P7_6_GGCTCGAGTTATCGGT,3-F-56,B cell,0,B cell,-1.2897941,2.2007134,7635,1.5783226490020752
10X_P7_6_GGCTCGAGTTTGACTG,3-F-56,B cell,4,Unmatched_4,9.285842,14.041734,7636,2.658179759979248
10X_P7_6_GGCTCGATCATTGCGA,3-F-56,T cell,3,T cell,2.487263,23.268906,7637,0.667240560054779
10X_P7_6_GGCTCGATCTTGTATC,3-F-56,macrophage,8,Unmatched_8,10.271393,12.171123,7638,2.6419363021850586
10X_P7_6_GGCTGGTAGACAGAGA,3-F-56,B cell,0,B cell,-2.1451879,0.9029628,7639,0.4044431149959564
10X_P7_6_GGCTGGTAGAGGACGG,3-F-56,B cell,4,Unmatched_4,-3.9492948,4.387119,7640,0.8688927292823792
10X_P7_6_GGCTGGTAGAGGTAGA,3-F-56,T cell,3,T cell,2.8946624,23.597813,7641,0.8849124908447266
10X_P7_6_GGCTGGTAGAGGTTAT,3-F-56,T cell,3,T cell,3.1591794,23.024492,7642,0.7802978157997131
10X_P7_6_GGCTGGTAGCCACGTC,3-F-56,B cell,1,Unmatched_1,-2.441102,5.909911,7643,0.6260742545127869
10X_P7_6_GGCTGGTAGGCTAGAC,3-F-56,B cell,0,B cell,-4.0681067,3.208136,7644,0.7247430682182312
10X_P7_6_GGCTGGTAGGCTCATT,3-F-56,B cell,0,B cell,-1.7018166,2.3861725,7645,0.5988771915435791
10X_P7_6_GGCTGGTCAAGAAAGG,3-F-56,T cell,3,T cell,2.9938638,23.563961,7646,2.8559908866882324
10X_P7_6_GGCTGGTCAAGTTCTG,3-F-56,B cell,0,B cell,-2.1218045,1.4266903,7647,0.4088541865348816
10X_P7_6_GGCTGGTCACACCGCA,3-F-56,B cell,0,B cell,-1.4828435,1.5987905,7648,0.4666831493377685
10X_P7_6_GGCTGGTGTACGAAAT,3-F-56,B cell,0,B cell,-2.1139557,0.38175502,7649,0.5643482804298401
10X_P7_6_GGCTGGTGTTTAGCTG,3-F-56,B cell,0,B cell,-3.8285375,-0.2998384,7650,0.8037543892860413
10X_P7_6_GGCTGGTTCAAAGTAG,3-F-56,B cell,0,B cell,-2.1568022,3.1201415,7651,0.6843787431716919
10X_P7_6_GGCTGGTTCAACACTG,3-F-56,B cell,0,B cell,-2.4648864,0.8661394,7652,0.5214657187461853
10X_P7_6_GGCTGGTTCACCCGAG,3-F-56,T cell,2,Unmatched_2,1.7804006,25.645756,7653,1.0504311323165894
10X_P7_6_GGCTGGTTCACCTTAT,3-F-56,natural killer cell,6,natural killer cell,7.263759,26.347708,7654,1.8333864212036133
10X_P7_6_GGCTGGTTCCAATGGT,3-F-56,T cell,5,macrophage,4.4872756,13.8137665,7655,2.8559908866882324
10X_P7_6_GGCTGGTTCGTTGACA,3-F-56,T cell,2,Unmatched_2,2.1902761,25.811306,7656,0.6409060955047607
10X_P7_6_GGCTGGTTCTAACTTC,3-F-56,B cell,1,Unmatched_1,-1.1744037,6.353124,7657,0.4723249077796936
10X_P7_6_GGGAATGAGAGTAATC,3-F-56,B cell,1,Unmatched_1,-3.8973541,6.140618,7658,0.8142959475517273
10X_P7_6_GGGAATGAGGATCGCA,3-F-56,B cell,0,B cell,-0.8297153,-0.14479099,7659,1.0071539878845217
10X_P7_6_GGGAATGCAAGGCTCC,3-F-56,B cell,0,B cell,-1.1527848,1.1521877,7660,0.6235406398773193
10X_P7_6_GGGAATGCAGTCGATT,3-F-56,B cell,0,B cell,-1.262912,1.9891918,7661,0.6882764101028442
10X_P7_6_GGGAATGCATTGTGCA,3-F-56,B cell,0,B cell,-2.0999742,3.421068,7662,0.696598470211029
10X_P7_6_GGGAATGGTCCGAGTC,3-F-56,B cell,0,B cell,-2.5747874,3.1797247,7663,1.402563452720642
10X_P7_6_GGGAATGGTCTCTTTA,3-F-56,B cell,0,B cell,-2.3851972,1.800592,7664,0.5403156280517578
10X_P7_6_GGGAATGGTGATAAGT,3-F-56,B cell,0,B cell,-1.7422657,1.9312954,7665,0.6764945983886719
10X_P7_6_GGGAATGTCAGAAATG,3-F-56,B cell,0,B cell,-1.7588539,3.35558,7666,0.6768214702606201
10X_P7_6_GGGAATGTCCTAGGGC,3-F-56,T cell,3,T cell,3.4442124,23.661144,7667,0.6139994859695435
10X_P7_6_GGGAATGTCCTGCTTG,3-F-56,T cell,2,Unmatched_2,4.3839555,25.59649,7668,1.4143861532211304
10X_P7_6_GGGACCTAGGATGCGT,3-F-56,T cell,3,T cell,2.9786675,23.379742,7669,0.6450105905532837
10X_P7_6_GGGACCTAGTGCGATG,3-F-56,B cell,0,B cell,-3.306643,-0.23633015,7670,0.5810390710830688
10X_P7_6_GGGACCTAGTTTCCTT,3-F-56,macrophage,5,macrophage,11.1038,14.427052,7671,1.5275213718414309
10X_P7_6_GGGACCTCACATCCAA,3-F-56,B cell,0,B cell,-1.2342508,2.0363677,7672,0.8160755038261414
10X_P7_6_GGGACCTCATCCGGGT,3-F-56,T cell,2,Unmatched_2,2.305902,25.579082,7673,0.5889836549758911
10X_P7_6_GGGACCTCATTACCTT,3-F-56,B cell,0,B cell,-2.7946603,-1.0450869,7674,1.259663462638855
10X_P7_6_GGGACCTGTCACCTAA,3-F-56,B cell,0,B cell,-0.34008166,-0.032381654,7675,0.5836717486381531
10X_P7_6_GGGACCTGTCCATCCT,3-F-56,B cell,0,B cell,-2.3691313,1.4590294,7676,0.3996807336807251
10X_P7_6_GGGACCTTCATCACCC,3-F-56,B cell,3,T cell,3.9044254,23.793089,7677,1.4655919075012207
10X_P7_6_GGGACCTTCATGTCCC,3-F-56,B cell,0,B cell,-0.94951457,-0.46952653,7678,0.5185884237289429
10X_P7_6_GGGAGATAGACGCAAC,3-F-56,B cell,0,B cell,-3.2926502,2.2858727,7679,0.6612080931663513
10X_P7_6_GGGAGATAGCCACGCT,3-F-56,B cell,1,Unmatched_1,-2.6073482,4.375571,7680,1.1543593406677246
10X_P7_6_GGGAGATAGCGTTTAC,3-F-56,B cell,0,B cell,0.32758301,0.38490072,7681,0.5147996544837952
10X_P7_6_GGGAGATAGGAATGGA,3-F-56,natural killer cell,6,natural killer cell,6.6643324,25.542627,7682,2.3534798622131348
10X_P7_6_GGGAGATAGGTAGCTG,3-F-56,B cell,1,Unmatched_1,-2.0693536,5.5667586,7683,0.4433464407920837
10X_P7_6_GGGAGATAGTTACCCA,3-F-56,B cell,0,B cell,-1.2102859,-0.50940603,7684,0.559374213218689
10X_P7_6_GGGAGATCAAATCCGT,3-F-56,B cell,4,Unmatched_4,-4.0611825,2.9122975,7685,1.0544557571411133
10X_P7_6_GGGAGATCAGCATGAG,3-F-56,B cell,4,Unmatched_4,-4.6083784,3.187193,7686,0.9396518468856812
10X_P7_6_GGGAGATCAGCGTCCA,3-F-56,B cell,1,Unmatched_1,-1.1510297,6.1803193,7687,0.4676699340343475
10X_P7_6_GGGAGATGTAAGAGGA,3-F-56,B cell,0,B cell,-2.5797036,2.4183514,7688,0.8094145655632019
10X_P7_6_GGGAGATGTAGGGACT,3-F-56,B cell,1,Unmatched_1,-1.4104881,6.338908,7689,0.4382095038890838
10X_P7_6_GGGAGATTCCGGGTGT,3-F-56,B cell,0,B cell,-1.1369876,-1.3875498,7690,0.6501685380935669
10X_P7_6_GGGAGATTCTCCAACC,3-F-56,T cell,2,Unmatched_2,2.8154016,25.57047,7691,0.6322867274284363
10X_P7_6_GGGAGATTCTTGTTTG,3-F-56,B cell,0,B cell,-0.26781264,0.515194,7692,0.5714846849441528
10X_P7_6_GGGATGAAGGATGTAT,3-F-56,B cell,4,Unmatched_4,-5.08727,2.90948,7693,1.700079321861267
10X_P7_6_GGGATGAAGGCACATG,3-F-56,B cell,0,B cell,-2.758386,3.7747006,7694,1.1825159788131714
10X_P7_6_GGGATGACAAGGACAC,3-F-56,B cell,0,B cell,-1.6592098,1.7026114,7695,1.4563486576080322
10X_P7_6_GGGATGACAATCCAAC,3-F-56,T cell,2,Unmatched_2,2.3601205,25.930584,7696,0.7428503036499023
10X_P7_6_GGGATGACATCCCATC,3-F-56,macrophage,5,macrophage,12.555301,14.791002,7697,1.9896613359451292
10X_P7_6_GGGATGAGTACTTCTT,3-F-56,T cell,2,Unmatched_2,-4.180206,4.2804775,7698,2.0649526119232178
10X_P7_6_GGGATGAGTATCAGTC,3-F-56,T cell,2,Unmatched_2,2.3839755,25.74408,7699,0.5386533737182617
10X_P7_6_GGGATGAGTCTAGGTT,3-F-56,B cell,0,B cell,-1.5294455,3.8577268,7700,0.5872098803520203
10X_P7_6_GGGATGAGTGGCTCCA,3-F-56,B cell,0,B cell,-1.139716,-0.70736045,7701,0.6756206750869751
10X_P7_6_GGGATGATCCCGGATG,3-F-56,B cell,0,B cell,-0.5560502,-0.39217559,7702,0.4700790345668793
10X_P7_6_GGGATGATCTGGCGTG,3-F-56,B cell,0,B cell,-0.927754,2.6738057,7703,0.9704936146736144
10X_P7_6_GGGCACTAGATAGCAT,3-F-56,B cell,0,B cell,-0.6475995,1.4584117,7704,0.6251163482666016
10X_P7_6_GGGCACTAGGACCACA,3-F-56,B cell,0,B cell,-1.9064457,1.2798337,7705,0.777309000492096
10X_P7_6_GGGCACTAGTGGTAAT,3-F-56,B cell,0,B cell,-1.7917124,3.3485906,7706,0.9622865319252014
10X_P7_6_GGGCACTGTAAACCTC,3-F-56,B cell,1,Unmatched_1,-2.7032611,4.3637066,7707,1.2061742544174194
10X_P7_6_GGGCACTGTAAAGTCA,3-F-56,B cell,0,B cell,-3.1281083,3.073498,7708,1.359971523284912
10X_P7_6_GGGCACTGTATTCGTG,3-F-56,T cell,3,T cell,3.05141,23.722162,7709,0.538662850856781
10X_P7_6_GGGCACTGTCTCAACA,3-F-56,B cell,0,B cell,0.22124353,-0.36449143,7710,0.5877342224121094
10X_P7_6_GGGCACTGTCTCTTAT,3-F-56,B cell,0,B cell,-1.5988358,3.8649607,7711,0.6125465631484985
10X_P7_6_GGGCACTGTGACCAAG,3-F-56,T cell,2,Unmatched_2,2.388485,25.768303,7712,0.6386671662330627
10X_P7_6_GGGCACTGTGAGGGTT,3-F-56,B cell,4,Unmatched_4,-5.086064,3.2004738,7713,0.8544026017189026
10X_P7_6_GGGCACTTCACCTCGT,3-F-56,B cell,0,B cell,-3.450168,-0.20480967,7714,0.5194329619407654
10X_P7_6_GGGCACTTCATGCAAC,3-F-56,T cell,2,Unmatched_2,2.3732982,26.337408,7715,0.5202109217643738
10X_P7_6_GGGCACTTCCATTCTA,3-F-56,B cell,0,B cell,-0.64725745,0.15237832,7716,0.995581030845642
10X_P7_6_GGGCACTTCTGTCAAG,3-F-56,natural killer cell,6,natural killer cell,6.838793,26.095428,7717,3.170403957366944
10X_P7_6_GGGCATCAGTCGTTTG,3-F-56,B cell,0,B cell,-2.3325229,1.2809966,7718,0.4208999872207641
10X_P7_6_GGGCATCCAACGCACC,3-F-56,B cell,4,Unmatched_4,-2.6034935,8.824412,7719,0.7702422142028809
10X_P7_6_GGGCATCCAACTGGCC,3-F-56,T cell,3,T cell,3.1805332,23.166212,7720,0.8655824661254883
10X_P7_6_GGGCATCCAATGGTCT,3-F-56,B cell,0,B cell,-1.3349851,0.34914428,7721,0.8091768026351929
10X_P7_6_GGGCATCCACAAGCCC,3-F-56,B cell,0,B cell,-0.6149219,2.0512836,7722,1.1759802103042605
10X_P7_6_GGGCATCCATACTACG,3-F-56,B cell,0,B cell,0.0033657071,-0.61554915,7723,0.4435484111309051
10X_P7_6_GGGCATCCATTAGCCA,3-F-56,B cell,1,Unmatched_1,-1.3764268,5.5122356,7724,0.5658124089241028
10X_P7_6_GGGCATCGTCCTAGCG,3-F-56,B cell,4,Unmatched_4,-4.008352,4.028471,7725,0.8169373869895935
10X_P7_6_GGGCATCGTCGAATCT,3-F-56,B cell,0,B cell,-3.3975565,-0.06507933,7726,0.6005377173423767
10X_P7_6_GGGCATCTCCACTCCA,3-F-56,B cell,0,B cell,-1.7857817,-1.2253687,7727,1.0148508548736572
10X_P7_6_GGGCATCTCCGTCATC,3-F-56,B cell,4,Unmatched_4,-5.031893,2.7983239,7728,1.1949542760849
10X_P7_6_GGGCATCTCGCCAAAT,3-F-56,B cell,0,B cell,-1.3294029,2.2192748,7729,0.5439570546150208
10X_P7_6_GGGCATCTCGTTACAG,3-F-56,B cell,0,B cell,-1.425275,1.5071334,7730,0.8238174319267273
10X_P7_6_GGGTCTGAGAAGAAGC,3-F-56,B cell,1,Unmatched_1,-2.6062188,4.100145,7731,1.096212387084961
10X_P7_6_GGGTCTGAGATGGCGT,3-F-56,B cell,0,B cell,-1.2084416,-1.413734,7732,0.8341846466064453
10X_P7_6_GGGTCTGAGTTAAGTG,3-F-56,T cell,3,T cell,4.5402255,24.38314,7733,0.8725553750991821
10X_P7_6_GGGTCTGAGTTAGCGG,3-F-56,B cell,0,B cell,-0.6885705,2.443354,7734,0.5546191334724426
10X_P7_6_GGGTCTGCACTATCTT,3-F-56,B cell,4,Unmatched_4,-3.2910092,4.403317,7735,1.1181941032409668
10X_P7_6_GGGTCTGCATGCCTTC,3-F-56,B cell,0,B cell,-2.0615387,0.41604096,7736,0.5465062856674194
10X_P7_6_GGGTCTGGTAAGGATT,3-F-56,B cell,0,B cell,-2.3415706,-0.43431953,7737,0.9858686327934264
10X_P7_6_GGGTCTGGTCTCGTTC,3-F-56,T cell,3,T cell,4.4925237,25.225615,7738,1.7178614139556885
10X_P7_6_GGGTCTGGTTACGCGC,3-F-56,T cell,2,Unmatched_2,4.3564796,25.73305,7739,1.636288285255432
10X_P7_6_GGGTCTGTCACAGTAC,3-F-56,T cell,2,Unmatched_2,3.0298023,26.118095,7740,0.7212587594985962
10X_P7_6_GGGTCTGTCGTCCAGG,3-F-56,T cell,9,Unmatched_9,7.1297536,23.55874,7741,1.4248597621917725
10X_P7_6_GGGTTGCAGTACATGA,3-F-56,T cell,3,T cell,3.7258003,22.92012,7742,0.5850599408149719
10X_P7_6_GGGTTGCCACCGTTGG,3-F-56,B cell,0,B cell,-0.08215393,1.4302766,7743,0.5829947590827942
10X_P7_6_GGGTTGCCATATGAGA,3-F-56,B cell,0,B cell,0.1806202,-0.3830717,7744,0.5754636526107788
10X_P7_6_GGGTTGCCATCACGAT,3-F-56,B cell,0,B cell,-2.0116904,0.8541165,7745,0.3934488892555237
10X_P7_6_GGGTTGCGTACCCAAT,3-F-56,B cell,1,Unmatched_1,-2.9109502,4.0716834,7746,1.2391680479049685
10X_P7_6_GGGTTGCGTCGAGATG,3-F-56,B cell,0,B cell,-2.0516405,0.03933666,7747,0.6025671362876892
10X_P7_6_GGGTTGCTCACCGTAA,3-F-56,B cell,0,B cell,-1.2747515,-0.48039055,7748,0.5786082744598389
10X_P7_6_GGGTTGCTCATTTGGG,3-F-56,B cell,0,B cell,-1.5974544,1.6495599,7749,0.601982593536377
10X_P7_6_GGGTTGCTCCGTTGTC,3-F-56,B cell,1,Unmatched_1,-0.8050231,6.120447,7750,0.5153378844261169
10X_P7_6_GGGTTGCTCCTAAGTG,3-F-56,B cell,0,B cell,-3.3039439,-0.15047975,7751,0.39499431848526
10X_P7_6_GGGTTGCTCTACCAGA,3-F-56,T cell,3,T cell,1.0874996,22.81647,7752,0.8975492715835571
10X_P7_6_GGTATTGAGCTGCCCA,3-F-56,B cell,0,B cell,-1.4032537,3.3932872,7753,1.436469793319702
10X_P7_6_GGTATTGAGGCATGTG,3-F-56,B cell,0,B cell,-2.3569498,2.2773902,7754,0.6158626675605774
10X_P7_6_GGTATTGAGTGAACAT,3-F-56,B cell,1,Unmatched_1,-1.5779477,5.533828,7755,0.4585528969764709
10X_P7_6_GGTATTGCAATAGCAA,3-F-56,B cell,1,Unmatched_1,-1.5691776,5.484942,7756,0.8542697429656982
10X_P7_6_GGTATTGGTAGCAAAT,3-F-56,B cell,0,B cell,-2.7498856,2.5893195,7757,0.8679824471473694
10X_P7_6_GGTATTGGTAGGCATG,3-F-56,B cell,0,B cell,-2.0722613,1.5231885,7758,0.7704477310180664
10X_P7_6_GGTATTGGTATAGTAG,3-F-56,B cell,0,B cell,-5.0493746,0.5120159,7759,1.1639325618743896
10X_P7_6_GGTATTGGTATGGTTC,3-F-56,natural killer cell,6,natural killer cell,7.288605,26.037338,7760,1.7574061155319214
10X_P7_6_GGTATTGGTGCCTGCA,3-F-56,T cell,3,T cell,4.3605165,24.23361,7761,0.9059818387031556
10X_P7_6_GGTATTGGTTTAAGCC,3-F-56,B cell,0,B cell,-2.3488877,2.1643088,7762,0.8555939197540283
10X_P7_6_GGTATTGTCAGCCTAA,3-F-56,B cell,0,B cell,-0.8915889,0.42117018,7763,0.7894521355628967
10X_P7_6_GGTATTGTCCTCAATT,3-F-56,B cell,0,B cell,-2.1696515,-0.005019067,7764,0.6108310222625732
10X_P7_6_GGTATTGTCGCATGGC,3-F-56,B cell,4,Unmatched_4,-2.6493168,8.7244625,7765,0.6760145425796509
10X_P7_6_GGTATTGTCGGCTACG,3-F-56,B cell,4,Unmatched_4,-4.7987638,3.8559675,7766,1.3433629274368286
10X_P7_6_GGTGAAGCAAATACAG,3-F-56,B cell,0,B cell,-3.4596546,-0.028743241,7767,0.8754519820213318
10X_P7_6_GGTGAAGCAATCGGTT,3-F-56,B cell,1,Unmatched_1,-2.2409918,6.219473,7768,0.7695878744125366
10X_P7_6_GGTGAAGCACGCCAGT,3-F-56,B cell,0,B cell,-1.5111156,3.0007126,7769,1.229811668395996
10X_P7_6_GGTGAAGGTCGATTGT,3-F-56,B cell,0,B cell,-2.954993,1.5007627,7770,0.4376536607742309
10X_P7_6_GGTGAAGGTCTTCGTC,3-F-56,B cell,7,Unmatched_7,-5.569069,0.9667419,7771,1.4691835641860962
10X_P7_6_GGTGCGTAGATCTGCT,3-F-56,B cell,1,Unmatched_1,-1.7813053,6.166766,7772,0.4135654866695404
10X_P7_6_GGTGCGTAGCCGTCGT,3-F-56,B cell,4,Unmatched_4,-4.962673,2.7130437,7773,1.516608476638794
10X_P7_6_GGTGCGTAGCTGAACG,3-F-56,B cell,1,Unmatched_1,-0.78600824,6.225717,7774,0.5933371782302856
10X_P7_6_GGTGCGTAGCTTCGCG,3-F-56,B cell,1,Unmatched_1,-1.9298344,6.041425,7775,0.4811256527900696
10X_P7_6_GGTGCGTAGGGATCTG,3-F-56,T cell,2,Unmatched_2,1.8706872,25.310688,7776,1.344738483428955
10X_P7_6_GGTGCGTAGGGTCGAT,3-F-56,B cell,0,B cell,-2.0896664,0.0055660615,7777,0.6747847199440002
10X_P7_6_GGTGCGTCAAGCCGCT,3-F-56,B cell,0,B cell,-2.0343008,2.596521,7778,0.9253695607185364
10X_P7_6_GGTGCGTCACGCTTTC,3-F-56,B cell,0,B cell,-0.48866403,1.2763892,7779,0.5281904935836792
10X_P7_6_GGTGCGTCAGCCAATT,3-F-56,B cell,1,Unmatched_1,-2.7553036,5.9738708,7780,0.6612647175788879
10X_P7_6_GGTGCGTCAGGAACGT,3-F-56,T cell,2,Unmatched_2,4.875935,26.699072,7781,1.5335160493850708
10X_P7_6_GGTGCGTCATACGCCG,3-F-56,B cell,0,B cell,-2.2707317,1.4492155,7782,0.7703679800033569
10X_P7_6_GGTGCGTGTACAGTTC,3-F-56,B cell,1,Unmatched_1,-1.9720376,6.14224,7783,0.4132068455219269
10X_P7_6_GGTGCGTGTTACGACT,3-F-56,B cell,1,Unmatched_1,-1.8054384,5.4340816,7784,0.4148076474666595
10X_P7_6_GGTGCGTTCCTGTAGA,3-F-56,B cell,0,B cell,-1.7313246,-0.891613,7785,1.348923683166504
10X_P7_6_GGTGCGTTCTACCTGC,3-F-56,B cell,0,B cell,-0.8643235,0.7336945,7786,0.6362003684043884
10X_P7_6_GGTGTTAAGACAAAGG,3-F-56,B cell,0,B cell,-2.9966054,1.7314069,7787,0.5753646492958069
10X_P7_6_GGTGTTAAGACAGACC,3-F-56,B cell,0,B cell,-1.0663613,-0.7198788,7788,0.6836845278739929
10X_P7_6_GGTGTTAAGAGGTTAT,3-F-56,T cell,2,Unmatched_2,3.3899467,24.230198,7789,1.9805541038513184
10X_P7_6_GGTGTTAAGTACGTAA,3-F-56,B cell,0,B cell,-0.6604691,0.34322315,7790,0.5388274192810059
10X_P7_6_GGTGTTAGTTAAGATG,3-F-56,natural killer cell,6,natural killer cell,7.3533616,26.14575,7791,1.511288046836853
10X_P7_6_GGTGTTATCCTTAATC,3-F-56,B cell,4,Unmatched_4,9.216659,14.08886,7792,1.605690360069275
10X_P7_6_GGTGTTATCGTAGGAG,3-F-56,B cell,0,B cell,0.14291525,-0.13837089,7793,0.5105803608894348
10X_P7_6_GTAACGTAGATGCCAG,3-F-56,T cell,3,T cell,3.70521,23.192234,7794,0.6808664798736572
10X_P7_6_GTAACGTAGGGCTCTC,3-F-56,B cell,1,Unmatched_1,-1.540829,4.403013,7795,0.4798603951931
10X_P7_6_GTAACGTAGTAATCCC,3-F-56,B cell,0,B cell,-2.7020864,3.4079626,7796,0.7729580998420715
10X_P7_6_GTAACGTCAACACCCG,3-F-56,B cell,2,Unmatched_2,4.2655044,26.5959,7797,1.2991162538528442
10X_P7_6_GTAACGTGTTAAGTAG,3-F-56,B cell,0,B cell,-2.6684568,0.36258677,7798,0.4462423324584961
10X_P7_6_GTAACGTTCAATACCG,3-F-56,B cell,0,B cell,-3.4399095,-0.60976124,7799,1.3939592838287354
10X_P7_6_GTAACGTTCATGCATG,3-F-56,T cell,2,Unmatched_2,2.3272488,25.706364,7800,0.5359314680099487
10X_P7_6_GTAACTGAGATCTGCT,3-F-56,B cell,0,B cell,-3.1824725,1.6744087,7801,0.5194513201713562
10X_P7_6_GTAACTGCAAGCCGTC,3-F-56,T cell,3,T cell,3.1520016,23.58412,7802,0.627913773059845
10X_P7_6_GTAACTGCACAGTCGC,3-F-56,B cell,4,Unmatched_4,-4.0743833,4.0166054,7803,1.5744569301605225
10X_P7_6_GTAACTGCACATCCGG,3-F-56,B cell,0,B cell,-0.14354393,0.4078445,7804,0.5467619299888611
10X_P7_6_GTAACTGCATAACCTG,3-F-56,B cell,0,B cell,-0.485263,1.523335,7805,0.5389883518218994
10X_P7_6_GTAACTGCATGGGACA,3-F-56,B cell,4,Unmatched_4,-4.736782,3.261487,7806,0.8777924180030823
10X_P7_6_GTAACTGCATGTCGAT,3-F-56,T cell,3,T cell,3.8903143,23.46546,7807,0.6680405139923096
10X_P7_6_GTAACTGGTACATCCA,3-F-56,B cell,0,B cell,-2.2537434,2.6221862,7808,0.8290362358093262
10X_P7_6_GTAACTGGTCCCTACT,3-F-56,T cell,3,T cell,3.2963245,23.337206,7809,0.777151882648468
10X_P7_6_GTAACTGGTCTCGTTC,3-F-56,T cell,2,Unmatched_2,1.9856569,25.510614,7810,0.8354126811027527
10X_P7_6_GTAACTGGTGAGGGAG,3-F-56,B cell,0,B cell,-0.38945934,1.2587181,7811,1.0766916275024414
10X_P7_6_GTAACTGGTTCAACCA,3-F-56,T cell,2,Unmatched_2,4.2928505,26.547682,7812,1.2870532274246216
10X_P7_6_GTAACTGTCACAGTAC,3-F-56,T cell,9,Unmatched_9,6.9692554,23.721031,7813,1.9868521690368648
10X_P7_6_GTAACTGTCACCACCT,3-F-56,T cell,3,T cell,4.5085645,24.286324,7814,0.9302845597267152
10X_P7_6_GTAACTGTCTGATACG,3-F-56,B cell,0,B cell,-4.1852903,3.32088,7815,0.7949828505516052
10X_P7_6_GTAACTGTCTTCATGT,3-F-56,B cell,0,B cell,-0.7770972,0.85180557,7816,0.7537962198257446
10X_P7_6_GTACGTAAGCGTGAAC,3-F-56,B cell,0,B cell,-1.3455894,1.1269525,7817,0.9819805026054382
10X_P7_6_GTACGTAAGGCCCGTT,3-F-56,B cell,0,B cell,-3.4123266,1.2801002,7818,0.5726475119590759
10X_P7_6_GTACGTAAGGGCATGT,3-F-56,natural killer cell,6,natural killer cell,7.0128965,26.279238,7819,1.5288962125778198
10X_P7_6_GTACGTAAGTGCCAGA,3-F-56,B cell,0,B cell,-2.692557,2.8902864,7820,0.8145530819892883
10X_P7_6_GTACGTACACCAGTTA,3-F-56,B cell,0,B cell,-3.0347905,0.43243095,7821,0.8490694165229797
10X_P7_6_GTACGTACACTTAAGC,3-F-56,T cell,9,Unmatched_9,6.988362,23.697979,7822,2.2737908363342285
10X_P7_6_GTACGTAGTAGCGCAA,3-F-56,B cell,0,B cell,-2.2144282,0.16332701,7823,0.7580677270889282
10X_P7_6_GTACGTAGTAGCTAAA,3-F-56,B cell,0,B cell,-1.1619503,-0.09797255,7824,0.6693342328071594
10X_P7_6_GTACGTAGTGAACCTT,3-F-56,B cell,0,B cell,-1.30419,0.2098979,7825,1.0254749059677124
10X_P7_6_GTACGTAGTTCGAATC,3-F-56,T cell,2,Unmatched_2,1.9382352,25.68575,7826,0.5335679054260254
10X_P7_6_GTACGTATCAGTTTGG,3-F-56,T cell,2,Unmatched_2,1.7794363,25.493828,7827,0.6402291655540466
10X_P7_6_GTACGTATCCATGAGT,3-F-56,T cell,2,Unmatched_2,2.8474894,26.199837,7828,0.6011199355125427
10X_P7_6_GTACGTATCCATGCTC,3-F-56,B cell,4,Unmatched_4,-5.17301,2.8259244,7829,1.174836039543152
10X_P7_6_GTACTCCCATATGAGA,3-F-56,B cell,0,B cell,-2.7385323,1.0701106,7830,1.0070762634277344
10X_P7_6_GTACTCCGTACATGTC,3-F-56,macrophage,8,Unmatched_8,10.467454,12.0254755,7831,3.425272226333618
10X_P7_6_GTACTCCGTCCGTCAG,3-F-56,B cell,1,Unmatched_1,-1.135848,5.828758,7832,0.7265089154243469
10X_P7_6_GTACTCCGTCGACTAT,3-F-56,B cell,1,Unmatched_1,-1.1703604,4.6779346,7833,0.9399374127388
10X_P7_6_GTACTCCTCTGACCTC,3-F-56,B cell,0,B cell,-3.6387937,-0.30881917,7834,0.6125699877738953
10X_P7_6_GTACTTTAGACACTAA,3-F-56,B cell,0,B cell,-2.622666,0.63401663,7835,0.919598400592804
10X_P7_6_GTACTTTAGAGTACCG,3-F-56,B cell,0,B cell,-1.0066301,1.956683,7836,1.5349270105361938
10X_P7_6_GTACTTTAGTGCCATT,3-F-56,B cell,0,B cell,-1.191096,4.0983477,7837,0.9885804653167723
10X_P7_6_GTACTTTCATGTAGTC,3-F-56,B cell,0,B cell,-2.5600579,2.4082713,7838,0.8299216628074646
10X_P7_6_GTACTTTGTAAGAGGA,3-F-56,B cell,0,B cell,-3.4087372,-0.08583354,7839,0.7079396843910217
10X_P7_6_GTACTTTGTCACAAGG,3-F-56,B cell,0,B cell,-1.3557941,0.38936666,7840,0.4204006791114807
10X_P7_6_GTACTTTGTGTTGGGA,3-F-56,natural killer cell,6,natural killer cell,6.626075,25.52174,7841,2.564537763595581
10X_P7_6_GTACTTTGTTCCATGA,3-F-56,T cell,3,T cell,3.4339662,22.839024,7842,0.674363374710083
10X_P7_6_GTACTTTTCATCACCC,3-F-56,natural killer cell,6,natural killer cell,6.819539,25.688814,7843,1.9966685771942136
10X_P7_6_GTACTTTTCCACGAAT,3-F-56,B cell,1,Unmatched_1,-1.1030726,6.114394,7844,0.4268602728843689
10X_P7_6_GTACTTTTCCTGTAGA,3-F-56,B cell,1,Unmatched_1,-3.899636,6.030575,7845,0.4071810245513916
10X_P7_6_GTACTTTTCGGATGTT,3-F-56,T cell,2,Unmatched_2,2.815567,25.67402,7846,0.5416804552078247
10X_P7_6_GTACTTTTCTGTACGA,3-F-56,B cell,0,B cell,-0.505179,0.31976444,7847,0.5123456716537476
10X_P7_6_GTACTTTTCTTGTATC,3-F-56,B cell,0,B cell,-2.7297933,0.61901695,7848,0.5421766638755798
10X_P7_6_GTAGGCCAGGCTACGA,3-F-56,B cell,0,B cell,-0.5167017,-0.54034275,7849,0.5657047033309937
10X_P7_6_GTAGGCCAGGTGCACA,3-F-56,T cell,2,Unmatched_2,2.545601,25.544355,7850,0.7198015451431274
10X_P7_6_GTAGGCCAGTACGTTC,3-F-56,B cell,1,Unmatched_1,-2.1918552,4.9443574,7851,0.6074199080467224
10X_P7_6_GTAGGCCCACAGACTT,3-F-56,T cell,2,Unmatched_2,4.8368893,26.678581,7852,1.4284485578536987
10X_P7_6_GTAGGCCCAGTAACGG,3-F-56,B cell,1,Unmatched_1,-1.5660679,6.2452474,7853,0.488311767578125
10X_P7_6_GTAGGCCCATCCCACT,3-F-56,B cell,0,B cell,-2.1440673,2.4541302,7854,1.053952932357788
10X_P7_6_GTAGGCCGTCCATCCT,3-F-56,B cell,0,B cell,-1.3447583,3.0394225,7855,1.3990199565887451
10X_P7_6_GTAGGCCGTCGCTTTC,3-F-56,T cell,2,Unmatched_2,4.298318,26.622997,7856,1.1147202253341677
10X_P7_6_GTAGGCCTCAACCAAC,3-F-56,T cell,2,Unmatched_2,2.5244,25.372555,7857,0.6832698583602905
10X_P7_6_GTAGGCCTCAATACCG,3-F-56,B cell,1,Unmatched_1,-1.075561,5.456874,7858,0.4775480926036834
10X_P7_6_GTAGGCCTCCATTCTA,3-F-56,B cell,0,B cell,-3.220197,1.694101,7859,0.6386485695838928
10X_P7_6_GTAGGCCTCTACTCAT,3-F-56,B cell,0,B cell,0.2590517,0.36560062,7860,0.4833793938159942
10X_P7_6_GTAGTCAAGCAAATCA,3-F-56,B cell,1,Unmatched_1,-2.2282,6.118625,7861,0.4769105017185211
10X_P7_6_GTAGTCAAGCGATGAC,3-F-56,T cell,3,T cell,3.7368853,24.362915,7862,0.7191276550292969
10X_P7_6_GTAGTCAAGGCAGTCA,3-F-56,B cell,1,Unmatched_1,-2.6760542,4.3546567,7863,1.0936790704727173
10X_P7_6_GTAGTCAAGTCTTGCA,3-F-56,B cell,0,B cell,-0.7041049,2.6761467,7864,0.908094882965088
10X_P7_6_GTAGTCACAAGTCATC,3-F-56,T cell,2,Unmatched_2,2.4061446,25.396412,7865,0.6064334511756897
10X_P7_6_GTAGTCAGTACTCGCG,3-F-56,B cell,7,Unmatched_7,-5.241739,0.6189119,7866,1.991506814956665
10X_P7_6_GTAGTCATCAACGGGA,3-F-56,B cell,0,B cell,0.05677013,0.39303663,7867,0.3971281051635742
10X_P7_6_GTAGTCATCTCAAGTG,3-F-56,B cell,4,Unmatched_4,-3.9649012,4.1999803,7868,0.7696207761764526
10X_P7_6_GTATCTTAGAGTGACC,3-F-56,T cell,3,T cell,3.671846,23.368382,7869,0.6607824563980103
10X_P7_6_GTATCTTCACCCATTC,3-F-56,dendritic cell,10,dendritic cell,15.877099,-0.044081345,7870,3.221799850463867
10X_P7_6_GTATCTTGTAGCACGA,3-F-56,B cell,0,B cell,-1.5058662,1.8863491,7871,0.765818178653717
10X_P7_6_GTATCTTGTGTCAATC,3-F-56,B cell,0,B cell,-0.7503687,0.9376114,7872,0.7580761909484863
10X_P7_6_GTATCTTTCCCAAGAT,3-F-56,B cell,4,Unmatched_4,9.238493,14.051744,7873,1.6124099493026731
10X_P7_6_GTATCTTTCGGATGGA,3-F-56,B cell,0,B cell,-2.0906835,-0.23226643,7874,0.9347497820854188
10X_P7_6_GTATCTTTCTTAGAGC,3-F-56,T cell,2,Unmatched_2,2.3491437,25.596073,7875,0.6279224157333374
10X_P7_6_GTATTCTAGCAACGGT,3-F-56,T cell,2,Unmatched_2,2.198389,26.20484,7876,0.9478363394737244
10X_P7_6_GTATTCTAGGCTAGAC,3-F-56,T cell,2,Unmatched_2,3.2864985,25.684427,7877,1.2082008123397827
10X_P7_6_GTATTCTAGTTGAGAT,3-F-56,B cell,0,B cell,-3.0125422,0.3600585,7878,0.4944303035736084
10X_P7_6_GTATTCTCAACTTGAC,3-F-56,B cell,0,B cell,-1.445498,2.031249,7879,1.1089324951171875
10X_P7_6_GTATTCTCACTCAGGC,3-F-56,B cell,0,B cell,-2.3433747,2.0515916,7880,1.4064995050430298
10X_P7_6_GTATTCTCAGACAGGT,3-F-56,B cell,1,Unmatched_1,-2.2286172,6.1366167,7881,0.6393265128135681
10X_P7_6_GTATTCTCAGGAATCG,3-F-56,B cell,1,Unmatched_1,-2.16224,6.160361,7882,0.780399739742279
10X_P7_6_GTATTCTGTAGCCTCG,3-F-56,B cell,4,Unmatched_4,-4.1722474,3.1629894,7883,1.2297950983047483
10X_P7_6_GTATTCTGTCGAGATG,3-F-56,B cell,0,B cell,-1.6022902,0.72524846,7884,0.7823696732521057
10X_P7_6_GTATTCTGTCTGGAGA,3-F-56,B cell,0,B cell,-3.312513,0.3270514,7885,0.3968464136123657
10X_P7_6_GTATTCTGTCTGGTCG,3-F-56,B cell,0,B cell,-2.5552242,2.0007546,7886,0.5926114320755005
10X_P7_6_GTATTCTGTTCCACTC,3-F-56,B cell,0,B cell,-0.6541795,2.4422936,7887,1.15164053440094
10X_P7_6_GTCAAGTAGAATGTTG,3-F-56,B cell,4,Unmatched_4,8.991236,14.229122,7888,1.9900643825531008
10X_P7_6_GTCAAGTAGACAAGCC,3-F-56,T cell,2,Unmatched_2,2.3816497,26.262733,7889,0.6295801997184753
10X_P7_6_GTCAAGTAGAGAGCTC,3-F-56,macrophage,5,macrophage,11.034511,14.372098,7890,2.3431620597839355
10X_P7_6_GTCAAGTAGGTCGGAT,3-F-56,B cell,0,B cell,-2.8531969,3.3552833,7891,0.8925747275352478
10X_P7_6_GTCAAGTAGTAGATGT,3-F-56,B cell,0,B cell,-0.84116274,0.09951594,7892,0.5268440246582031
10X_P7_6_GTCAAGTCAATTGCTG,3-F-56,B cell,0,B cell,0.025520546,-0.2107393,7893,0.6327102780342102
10X_P7_6_GTCAAGTCACTTCTGC,3-F-56,B cell,0,B cell,-0.3433699,-0.12957355,7894,0.9638144969940186
10X_P7_6_GTCAAGTCAGGCGATA,3-F-56,B cell,0,B cell,-1.2440032,1.3419567,7895,0.5790702700614929
10X_P7_6_GTCAAGTCAGTATGCT,3-F-56,B cell,1,Unmatched_1,4.8627043,25.522696,7896,1.3130918741226196
10X_P7_6_GTCAAGTCATTGAGCT,3-F-56,B cell,2,Unmatched_2,0.31262556,23.179096,7897,0.8013986945152283
10X_P7_6_GTCAAGTCATTTGCCC,3-F-56,B cell,0,B cell,0.16740786,0.44079363,7898,0.47524094581604
10X_P7_6_GTCAAGTGTCTTCTCG,3-F-56,T cell,3,T cell,3.8525264,23.038795,7899,0.5475367903709412
10X_P7_6_GTCAAGTTCACTATTC,3-F-56,T cell,2,Unmatched_2,2.6418543,25.524954,7900,0.6217750906944275
10X_P7_6_GTCAAGTTCGTTTGCC,3-F-56,B cell,0,B cell,-0.23481011,0.5539829,7901,0.5660154223442078
10X_P7_6_GTCACAAAGAAGGTTT,3-F-56,B cell,0,B cell,-1.946681,2.3407845,7902,1.3587197065353394
10X_P7_6_GTCACAAAGAGCCTAG,3-F-56,B cell,0,B cell,-2.1420746,0.46117997,7903,0.8016005754470825
10X_P7_6_GTCACAAAGAGGTTAT,3-F-56,T cell,3,T cell,3.8444495,24.662735,7904,1.2886435985565186
10X_P7_6_GTCACAAGTAAATGTG,3-F-56,B cell,1,Unmatched_1,-1.3004683,5.869449,7905,0.4659010767936706
10X_P7_6_GTCACAAGTCGACTAT,3-F-56,T cell,3,T cell,4.8813276,24.647757,7906,0.9935500025749208
10X_P7_6_GTCACAATCACGACTA,3-F-56,B cell,0,B cell,-3.0156918,1.2688656,7907,0.4110925793647766
10X_P7_6_GTCACAATCATCACCC,3-F-56,B cell,0,B cell,-2.2398493,-0.22175789,7908,0.592589259147644
10X_P7_6_GTCACAATCCTAAGTG,3-F-56,B cell,1,Unmatched_1,-1.4507838,5.7927713,7909,0.7187892198562622
10X_P7_6_GTCACAATCCTCAATT,3-F-56,B cell,0,B cell,-2.9740164,1.8499215,7910,0.4102457463741302
10X_P7_6_GTCACAATCGCCTGTT,3-F-56,B cell,0,B cell,-1.3972481,2.234669,7911,1.0201928615570068
10X_P7_6_GTCACGGAGAAGGGTA,3-F-56,macrophage,8,Unmatched_8,10.259778,12.156818,7912,2.701934337615967
10X_P7_6_GTCACGGAGACACGAC,3-F-56,B cell,1,Unmatched_1,-3.7467358,6.345078,7913,0.7620081901550293
10X_P7_6_GTCACGGAGGAATCGC,3-F-56,B cell,4,Unmatched_4,9.23219,14.057585,7914,2.39001989364624
10X_P7_6_GTCACGGCACACATGT,3-F-56,macrophage,13,Unmatched_13,13.099802,13.564121,7915,2.81805419921875
10X_P7_6_GTCACGGCACATCCGG,3-F-56,T cell,3,T cell,3.461125,23.275574,7916,1.0677882432937622
10X_P7_6_GTCACGGCAGTACACT,3-F-56,T cell,2,Unmatched_2,2.4025369,25.8406,7917,0.5840707421302795
10X_P7_6_GTCACGGCAGTCTTCC,3-F-56,T cell,2,Unmatched_2,2.2105753,25.571259,7918,0.6362378001213074
10X_P7_6_GTCACGGGTAAGAGAG,3-F-56,B cell,1,Unmatched_1,-1.604123,4.822573,7919,0.540437638759613
10X_P7_6_GTCACGGGTCTCCCTA,3-F-56,B cell,0,B cell,-1.2145828,3.5731232,7920,0.7902567982673645
10X_P7_6_GTCACGGGTGAGGCTA,3-F-56,B cell,0,B cell,-1.6214762,2.5483637,7921,0.8946670889854431
10X_P7_6_GTCATTTAGAGCTGCA,3-F-56,B cell,0,B cell,-2.9460464,0.8120332,7922,0.6307386159896851
10X_P7_6_GTCATTTAGATGGCGT,3-F-56,macrophage,5,macrophage,11.070818,14.402307,7923,1.8119257688522337
10X_P7_6_GTCATTTAGCCACCTG,3-F-56,B cell,0,B cell,-2.3311844,0.67014366,7924,0.6941361427307129
10X_P7_6_GTCATTTCACAAGTAA,3-F-56,B cell,0,B cell,-0.56609493,0.77009314,7925,1.3545247316360474
10X_P7_6_GTCATTTCACACCGAC,3-F-56,B cell,0,B cell,-0.8991716,-0.020019872,7926,0.7282700538635254
10X_P7_6_GTCATTTCACCAGATT,3-F-56,B cell,0,B cell,-1.8767124,0.8952186,7927,0.4333809912204742
10X_P7_6_GTCATTTCAGCTCGAC,3-F-56,B cell,4,Unmatched_4,-5.0984936,4.2759676,7928,1.1806567907333374
10X_P7_6_GTCATTTCAGCTGTAT,3-F-56,T cell,3,T cell,3.091208,23.379251,7929,0.7951046824455261
10X_P7_6_GTCATTTTCAGGTAAA,3-F-56,T cell,9,Unmatched_9,6.9680676,23.71899,7930,1.5306966304779053
10X_P7_6_GTCATTTTCATATCGG,3-F-56,B cell,0,B cell,-2.5130224,1.1478363,7931,0.6054802536964417
10X_P7_6_GTCATTTTCCAACCAA,3-F-56,B cell,1,Unmatched_1,-1.9233948,5.1060815,7932,0.6640417575836182
10X_P7_6_GTCATTTTCCAAGCCG,3-F-56,B cell,0,B cell,-0.07243586,0.099092826,7933,0.624822199344635
10X_P7_6_GTCATTTTCGAATGGG,3-F-56,B cell,0,B cell,-3.848223,1.9277165,7934,0.846172034740448
10X_P7_6_GTCATTTTCGGCATCG,3-F-56,B cell,0,B cell,-4.075063,1.39304,7935,0.8656514286994934
10X_P7_6_GTCATTTTCTTTACAC,3-F-56,B cell,0,B cell,-1.8315762,0.17578463,7936,0.949232578277588
10X_P7_6_GTCCTCAAGAATTGTG,3-F-56,B cell,0,B cell,-0.8556827,1.4305552,7937,0.9684441089630128
10X_P7_6_GTCCTCAAGAGACTAT,3-F-56,macrophage,5,macrophage,11.861952,14.628707,7938,2.003042459487915
10X_P7_6_GTCCTCAAGCACCGTC,3-F-56,B cell,11,Unmatched_11,-3.6882312,7.711132,7939,1.2864594459533691
10X_P7_6_GTCCTCAAGCCCAATT,3-F-56,T cell,2,Unmatched_2,2.7358518,25.494215,7940,0.720510721206665
10X_P7_6_GTCCTCAAGCGTCTAT,3-F-56,B cell,1,Unmatched_1,-3.8915942,5.9750347,7941,1.2361090183258057
10X_P7_6_GTCCTCAAGTCTCGGC,3-F-56,B cell,1,Unmatched_1,-1.28559,6.1119556,7942,0.553637683391571
10X_P7_6_GTCCTCAAGTGAATTG,3-F-56,T cell,3,T cell,4.0246572,23.861855,7943,0.8261640071868896
10X_P7_6_GTCCTCAAGTGCCATT,3-F-56,B cell,0,B cell,-2.6179903,-1.1619424,7944,1.4188114404678345
10X_P7_6_GTCCTCACAACGATGG,3-F-56,B cell,1,Unmatched_1,-2.7349098,4.6657634,7945,0.7975344061851501
10X_P7_6_GTCCTCACAAGGACTG,3-F-56,B cell,1,Unmatched_1,-0.8392756,5.9327016,7946,1.1793677806854248
10X_P7_6_GTCCTCACATACGCTA,3-F-56,B cell,0,B cell,-0.68765944,1.9211159,7947,1.046044945716858
10X_P7_6_GTCCTCACATCGTCGG,3-F-56,B cell,0,B cell,-1.0163858,1.9397887,7948,0.5377735495567322
10X_P7_6_GTCCTCACATTGAGCT,3-F-56,B cell,1,Unmatched_1,-3.0360744,4.23579,7949,1.1731250286102295
10X_P7_6_GTCCTCAGTACATGTC,3-F-56,B cell,0,B cell,-2.3271112,1.1163626,7950,0.4274250864982605
10X_P7_6_GTCCTCAGTACTTCTT,3-F-56,B cell,0,B cell,-2.1834166,-0.0050473977,7951,0.7251796126365662
10X_P7_6_GTCCTCAGTCCAGTGC,3-F-56,B cell,0,B cell,-2.3292475,1.4842566,7952,0.4237051010131836
10X_P7_6_GTCCTCAGTGATGTGG,3-F-56,B cell,0,B cell,-2.043778,1.2161627,7953,0.5570926666259766
10X_P7_6_GTCCTCAGTGGGTCAA,3-F-56,T cell,3,T cell,4.7940965,24.40181,7954,0.8392038941383362
10X_P7_6_GTCCTCATCAACCATG,3-F-56,T cell,2,Unmatched_2,2.7442644,26.139238,7955,1.0957956314086914
10X_P7_6_GTCCTCATCAAGATCC,3-F-56,natural killer cell,6,natural killer cell,6.836858,26.07378,7956,2.9959120750427246
10X_P7_6_GTCCTCATCAGCAACT,3-F-56,B cell,0,B cell,-3.5913124,-0.29509068,7957,0.5565417408943176
10X_P7_6_GTCCTCATCATAACCG,3-F-56,B cell,0,B cell,-2.7522728,2.620042,7958,1.410913586616516
10X_P7_6_GTCCTCATCCGCATCT,3-F-56,T cell,2,Unmatched_2,4.6792107,26.068077,7959,3.6193695068359375
10X_P7_6_GTCCTCATCCTGCTTG,3-F-56,B cell,1,Unmatched_1,-1.2064346,6.4856377,7960,0.6326606273651123
10X_P7_6_GTCCTCATCTGCCCTA,3-F-56,T cell,3,T cell,3.8537178,23.157267,7961,0.6386727094650269
10X_P7_6_GTCCTCATCTGTACGA,3-F-56,B cell,0,B cell,-1.6132697,3.8130653,7962,0.6576128005981445
10X_P7_6_GTCGGGTAGACAGAGA,3-F-56,B cell,0,B cell,-1.1245942,3.4219766,7963,0.5521048307418823
10X_P7_6_GTCGGGTAGAGCTTCT,3-F-56,T cell,2,Unmatched_2,2.5007875,25.45336,7964,0.6004971861839294
10X_P7_6_GTCGGGTAGCTCCTCT,3-F-56,T cell,3,T cell,4.376079,24.374563,7965,2.7923505306243896
10X_P7_6_GTCGGGTAGGAGTTTA,3-F-56,B cell,7,Unmatched_7,-5.558876,1.0725855,7966,1.2010751962661743
10X_P7_6_GTCGGGTAGTGCCATT,3-F-56,B cell,1,Unmatched_1,-2.0425882,6.2166476,7967,0.5749170780181885
10X_P7_6_GTCGGGTCACTAGTAC,3-F-56,B cell,0,B cell,-3.2420578,-0.23610975,7968,0.4939695596694946
10X_P7_6_GTCGGGTCATGGTAGG,3-F-56,B cell,1,Unmatched_1,-2.624378,4.496515,7969,0.8174732327461243
10X_P7_6_GTCGGGTGTATGCTTG,3-F-56,T cell,2,Unmatched_2,2.9677224,25.658297,7970,0.7081296443939209
10X_P7_6_GTCGGGTGTGGTTTCA,3-F-56,T cell,3,T cell,4.749487,25.08053,7971,3.646089553833008
10X_P7_6_GTCGGGTTCATCGGAT,3-F-56,T cell,3,T cell,2.4859843,23.103907,7972,1.0324876308441162
10X_P7_6_GTCGGGTTCCGAATGT,3-F-56,T cell,3,T cell,5.2862706,24.876392,7973,1.2895050048828125
10X_P7_6_GTCGGGTTCGTGGTCG,3-F-56,B cell,0,B cell,-3.538979,0.1079231,7974,1.1648832559585571
10X_P7_6_GTCGTAAAGGCTAGAC,3-F-56,B cell,1,Unmatched_1,-1.4776316,6.4927516,7975,0.7808566093444824
10X_P7_6_GTCGTAACACCAGATT,3-F-56,B cell,1,Unmatched_1,-1.707953,5.2356467,7976,0.4560334980487823
10X_P7_6_GTCGTAACACTCAGGC,3-F-56,B cell,0,B cell,-0.43341014,-0.74881303,7977,0.5366252660751343
10X_P7_6_GTCGTAACACTTACGA,3-F-56,T cell,3,T cell,2.8691728,23.171541,7978,0.9333621263504028
10X_P7_6_GTCGTAACATGCTAGT,3-F-56,B cell,0,B cell,-1.4263755,3.3742716,7979,1.449333906173706
10X_P7_6_GTCGTAAGTACAGACG,3-F-56,T cell,2,Unmatched_2,4.7078404,26.238071,7980,2.8559908866882324
10X_P7_6_GTCGTAAGTCCATCCT,3-F-56,B cell,0,B cell,-0.92759407,2.2497115,7981,0.7789704203605652
10X_P7_6_GTCGTAAGTGATAAGT,3-F-56,B cell,0,B cell,-2.8716624,0.92433983,7982,0.7696595191955566
10X_P7_6_GTCTCGTAGGTAAACT,3-F-56,T cell,2,Unmatched_2,2.39827,25.992899,7983,0.6498106122016907
10X_P7_6_GTCTCGTCAATCCGAT,3-F-56,B cell,1,Unmatched_1,-2.1028664,5.8002825,7984,0.4532584846019745
10X_P7_6_GTCTCGTCACGTCTCT,3-F-56,B cell,0,B cell,-0.949391,2.4234848,7985,0.6700637936592102
10X_P7_6_GTCTCGTGTCCCTTGT,3-F-56,B cell,0,B cell,-0.0807741,0.6458582,7986,0.6067358255386353
10X_P7_6_GTCTCGTGTGGCAAAC,3-F-56,B cell,0,B cell,-2.0600932,0.4872852,7987,1.0444473028182983
10X_P7_6_GTCTCGTGTGTCGCTG,3-F-56,B cell,1,Unmatched_1,-2.8357606,4.82578,7988,0.709348201751709
10X_P7_6_GTCTCGTGTGTGAAAT,3-F-56,T cell,3,T cell,3.0138261,23.64637,7989,0.6733807325363159
10X_P7_6_GTCTCGTGTTCCACGG,3-F-56,T cell,3,T cell,3.0477421,23.392113,7990,0.9451794624328612
10X_P7_6_GTCTCGTGTTCGTGAT,3-F-56,B cell,0,B cell,-2.95156,1.4263332,7991,0.4486353695392608
10X_P7_6_GTCTCGTTCACAGGCC,3-F-56,B cell,0,B cell,-1.0615144,0.6997495,7992,0.4947519302368164
10X_P7_6_GTCTCGTTCCCGGATG,3-F-56,T cell,3,T cell,5.30081,24.879192,7993,1.4889013767242432
10X_P7_6_GTCTCGTTCCGAACGC,3-F-56,B cell,0,B cell,-0.80099994,1.0188857,7994,0.5659424066543579
10X_P7_6_GTCTCGTTCCTTGCCA,3-F-56,macrophage,8,Unmatched_8,10.038684,12.374004,7995,3.5122032165527344
10X_P7_6_GTCTCGTTCTCGGACG,3-F-56,B cell,2,Unmatched_2,0.31696787,23.172468,7996,1.1846857070922852
10X_P7_6_GTCTCGTTCTGATTCT,3-F-56,macrophage,5,macrophage,11.176462,14.469068,7997,1.927128314971924
10X_P7_6_GTCTTCGAGAGGTAGA,3-F-56,B cell,0,B cell,-0.9612532,2.6756144,7998,1.1511181592941284
10X_P7_6_GTCTTCGCAATCTACG,3-F-56,B cell,0,B cell,-1.2971154,-0.62760144,7999,0.5623149275779724
10X_P7_6_GTCTTCGCACCAGGTC,3-F-56,B cell,0,B cell,-1.1884584,0.38070247,8000,1.0123071670532229
10X_P7_6_GTCTTCGCACCTATCC,3-F-56,B cell,0,B cell,-1.322851,-0.25012517,8001,0.8050833344459534
10X_P7_6_GTCTTCGCAGCCTTTC,3-F-56,T cell,3,T cell,3.0060816,23.66362,8002,0.7273553609848022
10X_P7_6_GTCTTCGCAGTGAGTG,3-F-56,T cell,3,T cell,3.2340965,22.72674,8003,0.6381692886352539
10X_P7_6_GTCTTCGGTCTGGTCG,3-F-56,B cell,0,B cell,0.06296569,0.28988332,8004,0.5068306922912598
10X_P7_6_GTCTTCGGTTATGTGC,3-F-56,natural killer cell,6,natural killer cell,6.635063,25.618612,8005,2.836813449859619
10X_P7_6_GTCTTCGTCCGATATG,3-F-56,B cell,0,B cell,0.26326078,0.6412311,8006,0.5214651823043823
10X_P7_6_GTCTTCGTCTACTATC,3-F-56,B cell,0,B cell,-1.259424,1.1538631,8007,0.7436166405677795
10X_P7_6_GTGAAGGAGGGTCGAT,3-F-56,B cell,0,B cell,-0.8211432,2.0871267,8008,0.7542560696601868
10X_P7_6_GTGAAGGAGTGGGCTA,3-F-56,B cell,0,B cell,-1.8457285,3.952216,8009,0.6096186637878418
10X_P7_6_GTGAAGGCACATGACT,3-F-56,T cell,2,Unmatched_2,3.9364302,25.783112,8010,1.247151494026184
10X_P7_6_GTGAAGGCACCCATTC,3-F-56,B cell,1,Unmatched_1,-1.2922012,5.3726954,8011,0.5267069935798645
10X_P7_6_GTGAAGGCACGAAATA,3-F-56,B cell,4,Unmatched_4,-5.060093,3.2222161,8012,1.0298855304718018
10X_P7_6_GTGAAGGCACGACTCG,3-F-56,T cell,9,Unmatched_9,7.0742598,23.615002,8013,1.347913146018982
10X_P7_6_GTGAAGGCACGGATAG,3-F-56,B cell,0,B cell,-1.9679829,2.0185952,8014,0.6510182619094849
10X_P7_6_GTGAAGGCAGTTTACG,3-F-56,B cell,0,B cell,-2.3328109,1.3803595,8015,1.1228445768356323
10X_P7_6_GTGAAGGCATAACCTG,3-F-56,T cell,3,T cell,2.9791043,23.300484,8016,0.8060192465782166
10X_P7_6_GTGAAGGCATCCGTGG,3-F-56,B cell,1,Unmatched_1,-1.4769789,6.2615047,8017,0.5525335669517517
10X_P7_6_GTGAAGGCATGGATGG,3-F-56,B cell,0,B cell,-1.2817373,3.25358,8018,0.8407880663871765
10X_P7_6_GTGAAGGGTACAAGTA,3-F-56,T cell,9,Unmatched_9,6.783755,23.81744,8019,3.1050939559936523
10X_P7_6_GTGAAGGGTCTAGGTT,3-F-56,B cell,0,B cell,-0.6523972,1.4924874,8020,0.9877781867980956
10X_P7_6_GTGAAGGGTGCAGTAG,3-F-56,T cell,3,T cell,3.983517,23.879053,8021,1.2133582830429075
10X_P7_6_GTGAAGGGTGTGACGA,3-F-56,B cell,0,B cell,-2.7982533,-0.5466918,8022,0.627604603767395
10X_P7_6_GTGAAGGGTGTTGAGG,3-F-56,B cell,0,B cell,-2.4251282,1.3892795,8023,0.6496050357818604
10X_P7_6_GTGAAGGTCACATACG,3-F-56,B cell,0,B cell,-1.6919366,0.88178855,8024,0.5260519981384277
10X_P7_6_GTGCAGCAGCTGGAAC,3-F-56,B cell,0,B cell,-2.065936,-0.41924164,8025,0.4802952706813812
10X_P7_6_GTGCAGCAGGATATAC,3-F-56,T cell,2,Unmatched_2,3.3105214,25.68846,8026,1.164635181427002
10X_P7_6_GTGCAGCAGTGTCCAT,3-F-56,T cell,3,T cell,4.524153,25.254538,8027,1.982835292816162
10X_P7_6_GTGCAGCCAACTGCTA,3-F-56,B cell,0,B cell,-1.9166465,2.313742,8028,1.1880455017089844
10X_P7_6_GTGCAGCCAATCACAC,3-F-56,B cell,0,B cell,-3.1665838,0.816743,8029,0.4240613281726837
10X_P7_6_GTGCAGCCAATGAATG,3-F-56,natural killer cell,6,natural killer cell,6.3435388,25.380856,8030,2.764073610305786
10X_P7_6_GTGCAGCCAGACAAGC,3-F-56,T cell,3,T cell,3.006107,23.32603,8031,0.587347686290741
10X_P7_6_GTGCAGCCAGATTGCT,3-F-56,B cell,0,B cell,-1.4365962,1.2816528,8032,0.9626070857048036
10X_P7_6_GTGCAGCCATAGACTC,3-F-56,B cell,0,B cell,-3.0694373,1.7014716,8033,0.659440815448761
10X_P7_6_GTGCAGCCATCACGAT,3-F-56,B cell,0,B cell,-2.520792,2.1295514,8034,0.5979775190353394
10X_P7_6_GTGCAGCCATGACGGA,3-F-56,B cell,1,Unmatched_1,-1.6103594,5.739788,8035,0.5725613832473755
10X_P7_6_GTGCAGCGTAACGTTC,3-F-56,B cell,0,B cell,0.30517158,-0.17325917,8036,0.528426468372345
10X_P7_6_GTGCAGCGTAAGTTCC,3-F-56,B cell,0,B cell,-1.4412209,0.78415066,8037,0.7592084407806396
10X_P7_6_GTGCAGCGTACTTAGC,3-F-56,dendritic cell,10,dendritic cell,15.905874,-0.07285458,8038,4.54536771774292
10X_P7_6_GTGCAGCGTCAAACTC,3-F-56,B cell,0,B cell,-3.956922,2.3082633,8039,0.7587104439735413
10X_P7_6_GTGCAGCGTGAGTGAC,3-F-56,B cell,0,B cell,-3.1506383,4.0249743,8040,0.9983587265014648
10X_P7_6_GTGCAGCGTGGGTCAA,3-F-56,B cell,0,B cell,0.17053261,0.63170475,8041,0.5477039813995361
10X_P7_6_GTGCAGCTCCCGACTT,3-F-56,T cell,3,T cell,3.8658798,23.236967,8042,0.9952756762504578
10X_P7_6_GTGCATAAGACGCACA,3-F-56,macrophage,8,Unmatched_8,10.0167465,12.366407,8043,2.39783787727356
10X_P7_6_GTGCATAAGAGGTTGC,3-F-56,B cell,0,B cell,-0.45656168,-0.56266713,8044,0.4005291163921356
10X_P7_6_GTGCATAAGATGCCTT,3-F-56,B cell,0,B cell,-2.5069351,1.1718916,8045,0.9577590823173524
10X_P7_6_GTGCATAAGATGGCGT,3-F-56,B cell,0,B cell,-3.1421251,3.137339,8046,0.8423486351966858
10X_P7_6_GTGCATAAGCTGAAAT,3-F-56,T cell,3,T cell,4.847668,24.42179,8047,1.058880090713501
10X_P7_6_GTGCATAAGGGTGTGT,3-F-56,B cell,0,B cell,-1.3125376,0.23157816,8048,0.8275807499885559
10X_P7_6_GTGCATAAGGGTGTTG,3-F-56,B cell,1,Unmatched_1,-1.3524197,5.148796,8049,0.5362005829811096
10X_P7_6_GTGCATACAGTTCATG,3-F-56,T cell,2,Unmatched_2,4.390372,26.610838,8050,1.8731516599655151
10X_P7_6_GTGCATACATCCTTGC,3-F-56,B cell,0,B cell,0.17079099,-0.35552207,8051,0.4285621643066406
10X_P7_6_GTGCATACATGAGCGA,3-F-56,B cell,0,B cell,-1.3498961,0.16689552,8052,1.2323037385940552
10X_P7_6_GTGCATACATTCACTT,3-F-56,B cell,0,B cell,-0.35951412,0.3654624,8053,0.6089420914649963
10X_P7_6_GTGCATAGTAGGACAC,3-F-56,T cell,3,T cell,5.0884995,24.827143,8054,1.3850319385528564
10X_P7_6_GTGCATAGTCCAGTTA,3-F-56,B cell,3,T cell,0.8120477,22.968887,8055,2.250173807144165
10X_P7_6_GTGCATAGTGGTACAG,3-F-56,B cell,0,B cell,-0.30937445,0.5450244,8056,0.9749295711517334
10X_P7_6_GTGCATAGTGTCCTCT,3-F-56,B cell,4,Unmatched_4,-2.6165457,8.763187,8057,0.7462829351425171
10X_P7_6_GTGCATATCCTCAATT,3-F-56,B cell,0,B cell,-1.7777096,3.703168,8058,0.6137685179710388
10X_P7_6_GTGCATATCGAACTGT,3-F-56,B cell,1,Unmatched_1,-1.7186519,4.4538555,8059,0.4952200949192047
10X_P7_6_GTGCATATCGTAGATC,3-F-56,T cell,3,T cell,3.3969386,23.287073,8060,0.6143345236778259
10X_P7_6_GTGCGGTAGAGTAATC,3-F-56,B cell,1,Unmatched_1,-2.0481825,4.2991643,8061,0.7065820693969727
10X_P7_6_GTGCGGTAGGTGTGGT,3-F-56,B cell,0,B cell,0.14024487,-0.15587497,8062,0.4385325908660888
10X_P7_6_GTGCGGTCATTTCAGG,3-F-56,T cell,2,Unmatched_2,2.8050673,26.497458,8063,0.7612119317054749
10X_P7_6_GTGCGGTGTACCAGTT,3-F-56,T cell,3,T cell,2.6220765,23.403624,8064,0.6528674960136414
10X_P7_6_GTGCGGTGTACCGCTG,3-F-56,B cell,0,B cell,-3.432502,1.4092743,8065,0.5317532420158386
10X_P7_6_GTGCGGTGTAGCTTGT,3-F-56,T cell,2,Unmatched_2,2.9098825,25.485237,8066,0.5934410691261292
10X_P7_6_GTGCGGTGTATCAGTC,3-F-56,T cell,3,T cell,4.356212,24.534595,8067,1.1993637084960938
10X_P7_6_GTGCGGTGTGATGATA,3-F-56,B cell,1,Unmatched_1,-2.5685813,4.773517,8068,0.7244356274604797
10X_P7_6_GTGCGGTGTGCCTGCA,3-F-56,macrophage,5,macrophage,4.644764,13.96843,8069,2.706643581390381
10X_P7_6_GTGCGGTGTGCTAGCC,3-F-56,B cell,4,Unmatched_4,-4.15547,4.3219714,8070,0.9809871315956116
10X_P7_6_GTGCGGTGTTTACTCT,3-F-56,B cell,4,Unmatched_4,-5.1758814,2.853194,8071,1.5363343954086304
10X_P7_6_GTGCGGTTCACGACTA,3-F-56,B cell,0,B cell,-4.3169765,-0.01776733,8072,0.6855437755584717
10X_P7_6_GTGCGGTTCCGTCATC,3-F-56,B cell,2,Unmatched_2,0.64696026,22.948332,8073,2.0442676544189453
10X_P7_6_GTGCGGTTCCTAGAAC,3-F-56,B cell,0,B cell,-3.8767815,2.5350876,8074,1.2096415758132937
10X_P7_6_GTGCTTCAGATGCCTT,3-F-56,B cell,0,B cell,-0.732621,0.13973641,8075,0.7920567989349365
10X_P7_6_GTGCTTCAGGGAAACA,3-F-56,B cell,0,B cell,-0.83759165,-0.48744377,8076,1.007080316543579
10X_P7_6_GTGCTTCCACCATGTA,3-F-56,B cell,4,Unmatched_4,-3.535049,3.6916957,8077,0.7712880373001099
10X_P7_6_GTGCTTCCAGTACACT,3-F-56,macrophage,13,Unmatched_13,13.09256,13.576502,8078,2.8084912300109863
10X_P7_6_GTGCTTCTCAACACGT,3-F-56,natural killer cell,6,natural killer cell,6.7285113,25.595669,8079,2.0561180114746094
10X_P7_6_GTGCTTCTCAAGGTAA,3-F-56,B cell,0,B cell,-2.7752914,0.7547142,8080,0.5353630185127258
10X_P7_6_GTGCTTCTCCCGGATG,3-F-56,B cell,0,B cell,-0.78742635,1.6605272,8081,0.8446303009986877
10X_P7_6_GTGCTTCTCTAACGGT,3-F-56,B cell,0,B cell,-0.09247433,-0.2568767,8082,1.0685009956359863
10X_P7_6_GTGGGTCAGACCTTTG,3-F-56,B cell,4,Unmatched_4,-3.886282,4.1403155,8083,0.7589787244796753
10X_P7_6_GTGGGTCAGCACGCCT,3-F-56,B cell,0,B cell,-1.2206994,0.6021532,8084,0.6918660998344421
10X_P7_6_GTGGGTCAGCGGCTTC,3-F-56,B cell,0,B cell,-1.150709,2.854836,8085,0.9746452569961548
10X_P7_6_GTGGGTCAGTGGTAAT,3-F-56,B cell,1,Unmatched_1,-2.849604,5.0288315,8086,0.9232860207557678
10X_P7_6_GTGGGTCAGTTGTCGT,3-F-56,B cell,0,B cell,-1.5545106,0.38207015,8087,0.418986439704895
10X_P7_6_GTGGGTCCAACGATCT,3-F-56,B cell,0,B cell,0.3207697,0.06764715,8088,0.5413131713867188
10X_P7_6_GTGGGTCCACATCCAA,3-F-56,B cell,0,B cell,-1.8427597,1.3448303,8089,0.7874771952629089
10X_P7_6_GTGGGTCCATGGTTGT,3-F-56,T cell,3,T cell,3.0451653,22.960087,8090,1.0454655885696411
10X_P7_6_GTGGGTCGTCCAAGTT,3-F-56,T cell,3,T cell,3.3588095,23.99486,8091,0.6215079426765442
10X_P7_6_GTGGGTCTCATTATCC,3-F-56,B cell,0,B cell,-3.9067216,2.5277636,8092,1.1201882362365725
10X_P7_6_GTGGGTCTCTATCCCG,3-F-56,B cell,0,B cell,-2.1946054,0.93171144,8093,0.5807033181190491
10X_P7_6_GTGGGTCTCTCAAACG,3-F-56,T cell,3,T cell,2.4594963,23.237423,8094,1.1563199758529663
10X_P7_6_GTGTGCGAGACGCACA,3-F-56,B cell,0,B cell,-1.8820875,1.0618752,8095,0.5502899885177612
10X_P7_6_GTGTGCGAGATCGGGT,3-F-56,B cell,0,B cell,-1.9841578,2.9184728,8096,0.7773252129554749
10X_P7_6_GTGTGCGAGTCAAGCG,3-F-56,T cell,3,T cell,3.7651765,24.352001,8097,1.4900541305541992
10X_P7_6_GTGTGCGAGTCGCCGT,3-F-56,B cell,0,B cell,-2.8231852,2.884514,8098,0.8846598267555237
10X_P7_6_GTGTGCGCACTGTGTA,3-F-56,B cell,0,B cell,-2.3333063,-0.6172923,8099,0.7532418966293335
10X_P7_6_GTGTGCGCACTTACGA,3-F-56,T cell,3,T cell,4.538172,25.223133,8100,1.9309725761413572
10X_P7_6_GTGTGCGGTCCGAGTC,3-F-56,B cell,0,B cell,-1.9135282,1.1988873,8101,0.8916715979576111
10X_P7_6_GTGTGCGGTTAAGATG,3-F-56,T cell,2,Unmatched_2,2.7308288,25.73849,8102,0.5464460253715515
10X_P7_6_GTGTTAGAGACCGGAT,3-F-56,B cell,0,B cell,-2.7330606,1.3506644,8103,0.4404609203338623
10X_P7_6_GTGTTAGAGCGTGTCC,3-F-56,B cell,0,B cell,-3.0857592,1.0668368,8104,0.394952654838562
10X_P7_6_GTGTTAGAGCTCAACT,3-F-56,T cell,2,Unmatched_2,2.8084717,25.921999,8105,0.5346443057060242
10X_P7_6_GTGTTAGAGGCTATCT,3-F-56,B cell,0,B cell,-2.2152517,1.1793363,8106,0.522433340549469
10X_P7_6_GTGTTAGAGTGAAGAG,3-F-56,B cell,0,B cell,-2.6286578,1.0271161,8107,0.4264852106571197
10X_P7_6_GTGTTAGGTACCGGCT,3-F-56,B cell,0,B cell,-0.66745424,1.7709304,8108,0.5597088932991028
10X_P7_6_GTGTTAGGTCTGGAGA,3-F-56,B cell,0,B cell,-0.626565,-0.3145952,8109,0.5277576446533203
10X_P7_6_GTGTTAGGTGTGGCTC,3-F-56,T cell,2,Unmatched_2,3.9237049,26.399794,8110,0.9438547492027284
10X_P7_6_GTGTTAGTCATTCACT,3-F-56,B cell,0,B cell,-1.4225534,1.6824862,8111,0.6412389278411865
10X_P7_6_GTGTTAGTCGAACTGT,3-F-56,B cell,0,B cell,-2.7080338,1.682485,8112,0.4442718923091888
10X_P7_6_GTGTTAGTCGCATGAT,3-F-56,B cell,4,Unmatched_4,8.991375,14.227694,8113,2.426625490188598
10X_P7_6_GTTAAGCAGATAGTCA,3-F-56,T cell,3,T cell,3.3561242,23.656195,8114,0.8729137182235718
10X_P7_6_GTTAAGCAGATGCGAC,3-F-56,B cell,0,B cell,-0.6044461,1.6921681,8115,0.5810449123382568
10X_P7_6_GTTAAGCAGCGTTTAC,3-F-56,B cell,2,Unmatched_2,0.69293636,22.832386,8116,1.395899772644043
10X_P7_6_GTTAAGCAGCTACCGC,3-F-56,T cell,3,T cell,3.3250165,23.250574,8117,0.9022210240364076
10X_P7_6_GTTAAGCAGGACATTA,3-F-56,B cell,0,B cell,-0.85014373,-0.20703425,8118,0.6616275310516357
10X_P7_6_GTTAAGCAGGCGACAT,3-F-56,B cell,0,B cell,-0.10373983,0.59544456,8119,0.4582296311855316
10X_P7_6_GTTAAGCAGTCGTTTG,3-F-56,B cell,0,B cell,-0.0994957,0.11663278,8120,0.4579164087772369
10X_P7_6_GTTAAGCCATCGTCGG,3-F-56,T cell,2,Unmatched_2,2.7741363,26.458532,8121,0.6243759393692017
10X_P7_6_GTTAAGCCATGTCGAT,3-F-56,B cell,0,B cell,-0.9362389,-0.6984065,8122,0.4919125139713287
10X_P7_6_GTTAAGCGTGAGGGTT,3-F-56,B cell,2,Unmatched_2,4.7534156,26.594347,8123,1.5036052465438845
10X_P7_6_GTTAAGCTCACCACCT,3-F-56,B cell,0,B cell,-2.8955994,3.1455166,8124,1.2842328548431396
10X_P7_6_GTTAAGCTCACGATGT,3-F-56,T cell,3,T cell,5.21232,24.921028,8125,1.262409210205078
10X_P7_6_GTTAAGCTCACTTATC,3-F-56,B cell,0,B cell,-1.3885988,0.32002077,8126,0.6958470940589905
10X_P7_6_GTTAAGCTCATAACCG,3-F-56,B cell,0,B cell,-1.2295212,2.4599307,8127,1.502509355545044
10X_P7_6_GTTAAGCTCCGAATGT,3-F-56,B cell,1,Unmatched_1,-1.209084,4.932732,8128,0.990007221698761
10X_P7_6_GTTAAGCTCTCACATT,3-F-56,B cell,1,Unmatched_1,-1.6131194,6.0563984,8129,0.436939388513565
10X_P7_6_GTTACAGAGACATAAC,3-F-56,B cell,0,B cell,-1.1172171,0.07901995,8130,1.0558717250823977
10X_P7_6_GTTACAGAGCCCGAAA,3-F-56,B cell,0,B cell,-0.8673387,1.6242303,8131,0.6821692585945129
10X_P7_6_GTTACAGAGTCACGCC,3-F-56,T cell,3,T cell,4.7465277,24.351206,8132,1.042708158493042
10X_P7_6_GTTACAGCAATGGAAT,3-F-56,B cell,0,B cell,-2.8951254,1.853933,8133,0.4998875856399536
10X_P7_6_GTTACAGGTAGCCTAT,3-F-56,B cell,0,B cell,-1.067353,0.6076275,8134,0.8111466765403748
10X_P7_6_GTTACAGGTCTCTCTG,3-F-56,B cell,0,B cell,-1.9429737,0.929829,8135,0.5860392451286316
10X_P7_6_GTTACAGGTGGGTATG,3-F-56,T cell,3,T cell,3.8091846,23.381275,8136,0.8119645714759827
10X_P7_6_GTTACAGGTGTGCGTC,3-F-56,B cell,1,Unmatched_1,-0.9989741,6.0366907,8137,0.4392030239105224
10X_P7_6_GTTACAGTCCCAAGTA,3-F-56,B cell,1,Unmatched_1,-1.2358449,5.843595,8138,0.4677188992500305
10X_P7_6_GTTACAGTCGAGAGCA,3-F-56,B cell,0,B cell,0.2568464,0.34316704,8139,0.3947624564170837
10X_P7_6_GTTACAGTCGCACTCT,3-F-56,B cell,0,B cell,-1.0711544,0.6351019,8140,0.589739978313446
10X_P7_6_GTTCATTAGAGACTAT,3-F-56,B cell,0,B cell,-1.8157867,-0.57271516,8141,0.9978082180023192
10X_P7_6_GTTCATTAGGTAAACT,3-F-56,B cell,0,B cell,-0.6656137,0.15754336,8142,0.7961080074310303
10X_P7_6_GTTCATTAGTCGTTTG,3-F-56,B cell,4,Unmatched_4,-3.9406133,4.3356013,8143,0.8906599879264832
10X_P7_6_GTTCATTCAATAGCGG,3-F-56,B cell,0,B cell,-1.3354988,0.530439,8144,0.687864363193512
10X_P7_6_GTTCATTCATGTCTCC,3-F-56,T cell,3,T cell,2.6382618,23.15318,8145,0.6299432516098022
10X_P7_6_GTTCATTGTAGGGTAC,3-F-56,T cell,3,T cell,4.029416,23.942648,8146,0.9231877326965332
10X_P7_6_GTTCATTGTCGCGTGT,3-F-56,B cell,0,B cell,0.1809493,1.0374321,8147,0.506308376789093
10X_P7_6_GTTCATTGTTCAACCA,3-F-56,B cell,0,B cell,-1.7457973,1.7613355,8148,0.6884408593177795
10X_P7_6_GTTCATTTCACCATAG,3-F-56,B cell,1,Unmatched_1,-2.0575223,5.3788133,8149,0.5980139970779419
10X_P7_6_GTTCATTTCCTTCAAT,3-F-56,B cell,2,Unmatched_2,0.3728047,23.119555,8150,1.890249848365784
10X_P7_6_GTTCATTTCTAGCACA,3-F-56,B cell,0,B cell,-0.34415364,0.8381108,8151,0.6717771887779236
10X_P7_6_GTTCGGGAGAGGTTGC,3-F-56,B cell,0,B cell,-1.6141974,-0.9761139,8152,0.4895252585411072
10X_P7_6_GTTCGGGAGATCCTGT,3-F-56,T cell,3,T cell,3.5211558,23.01617,8153,0.709159791469574
10X_P7_6_GTTCGGGAGCAGGCTA,3-F-56,natural killer cell,6,natural killer cell,6.8546476,26.130486,8154,3.218928337097168
10X_P7_6_GTTCGGGAGGATATAC,3-F-56,B cell,1,Unmatched_1,-1.5700032,6.0428376,8155,0.4908898770809173
10X_P7_6_GTTCGGGAGTCGAGTG,3-F-56,B cell,0,B cell,-1.2842476,1.229441,8156,1.1798577308654783
10X_P7_6_GTTCGGGAGTGGGATC,3-F-56,B cell,0,B cell,-1.7431966,-1.3665389,8157,1.3104583024978638
10X_P7_6_GTTCGGGCAATCTGCA,3-F-56,T cell,9,Unmatched_9,6.991291,23.695932,8158,1.5944925546646118
10X_P7_6_GTTCGGGCACACAGAG,3-F-56,T cell,3,T cell,3.412522,23.931187,8159,0.7050164341926575
10X_P7_6_GTTCGGGCACATCCAA,3-F-56,B cell,0,B cell,-0.38037,2.723833,8160,0.6091139316558838
10X_P7_6_GTTCGGGCACCATCCT,3-F-56,T cell,2,Unmatched_2,2.910796,25.607328,8161,0.5325011610984802
10X_P7_6_GTTCGGGCACCGCTAG,3-F-56,B cell,0,B cell,-2.695668,1.7679999,8162,0.4102000892162323
10X_P7_6_GTTCGGGCAGCATGAG,3-F-56,B cell,0,B cell,-1.6601412,0.934135,8163,0.7980071902275085
10X_P7_6_GTTCGGGCATACGCTA,3-F-56,B cell,1,Unmatched_1,-0.9992578,6.355088,8164,0.6995563507080078
10X_P7_6_GTTCGGGCATTGGCGC,3-F-56,B cell,2,Unmatched_2,0.34644434,23.12398,8165,1.3873403072357178
10X_P7_6_GTTCGGGGTAAGAGGA,3-F-56,B cell,0,B cell,-1.1174414,-0.0439826,8166,0.9310529828071594
10X_P7_6_GTTCGGGGTATGAAAC,3-F-56,B cell,0,B cell,-1.3537589,2.2339954,8167,1.0076864957809448
10X_P7_6_GTTCGGGGTGGACGAT,3-F-56,B cell,0,B cell,-1.5035422,-0.41109136,8168,0.6608840227127075
10X_P7_6_GTTCGGGGTGTGACGA,3-F-56,B cell,0,B cell,-1.8345848,0.26737472,8169,0.564056932926178
10X_P7_6_GTTCGGGTCAGCTCTC,3-F-56,B cell,0,B cell,-2.2687259,-0.2366493,8170,0.90695983171463
10X_P7_6_GTTCGGGTCTAACTTC,3-F-56,B cell,0,B cell,-0.28525802,-0.89740777,8171,0.6571212410926819
10X_P7_6_GTTCGGGTCTCGTTTA,3-F-56,macrophage,5,macrophage,12.574289,14.818473,8172,1.8749980926513672
10X_P7_6_GTTCGGGTCTTTAGTC,3-F-56,B cell,0,B cell,-1.9885124,0.12167753,8173,0.5955711603164673
10X_P7_6_GTTCTCGAGCGTAGTG,3-F-56,B cell,1,Unmatched_1,4.3757463,13.626016,8174,1.0816925764083862
10X_P7_6_GTTCTCGCAGTAACGG,3-F-56,B cell,0,B cell,-3.5858705,-0.27313834,8175,0.6700111031532288
10X_P7_6_GTTCTCGCAGTCAGAG,3-F-56,natural killer cell,6,natural killer cell,7.3454247,26.191168,8176,1.9900749921798704
10X_P7_6_GTTCTCGCATGCATGT,3-F-56,T cell,3,T cell,2.871013,22.887465,8177,0.8683492541313171
10X_P7_6_GTTCTCGGTATTACCG,3-F-56,B cell,0,B cell,-0.6005906,1.7990425,8178,0.4668432772159576
10X_P7_6_GTTCTCGTCAAACGGG,3-F-56,B cell,0,B cell,-0.51974964,1.2276169,8179,0.4902867674827575
10X_P7_6_GTTCTCGTCCAGTATG,3-F-56,B cell,0,B cell,-0.20931533,-0.2295454,8180,0.4683652818202972
10X_P7_6_GTTCTCGTCCTGTACC,3-F-56,B cell,1,Unmatched_1,-0.9217484,5.673887,8181,1.0023787021636963
10X_P7_6_GTTCTCGTCGACGGAA,3-F-56,dendritic cell,10,dendritic cell,15.940068,-0.10720357,8182,4.062687397003174
10X_P7_6_GTTCTCGTCGCTAGCG,3-F-56,T cell,3,T cell,3.9099042,23.552662,8183,0.7156654596328735
10X_P7_6_GTTCTCGTCTGGGCCA,3-F-56,B cell,0,B cell,-1.5268141,0.59177834,8184,0.7042016386985779
10X_P7_6_GTTTCTAAGCAGCCTC,3-F-56,B cell,0,B cell,-3.2109883,4.2223372,8185,1.2370911836624146
10X_P7_6_GTTTCTAAGGGTATCG,3-F-56,B cell,1,Unmatched_1,-0.7266127,6.1181984,8186,0.6007599234580994
10X_P7_6_GTTTCTACAATAACGA,3-F-56,T cell,9,Unmatched_9,7.1222844,23.56653,8187,1.84473180770874
10X_P7_6_GTTTCTACACCGAATT,3-F-56,B cell,0,B cell,-0.39351928,-0.79932106,8188,0.5684663653373718
10X_P7_6_GTTTCTACAGTGAGTG,3-F-56,macrophage,5,macrophage,11.184586,14.496689,8189,1.9493893384933472
10X_P7_6_GTTTCTACATCACAAC,3-F-56,T cell,3,T cell,3.3581853,24.030704,8190,0.6053428053855896
10X_P7_6_GTTTCTACATGGGAAC,3-F-56,B cell,0,B cell,-1.8673187,1.5626082,8191,0.5348891019821167
10X_P7_6_GTTTCTAGTAAACGCG,3-F-56,B cell,1,Unmatched_1,-1.1179354,6.2628865,8192,0.531683623790741
10X_P7_6_GTTTCTAGTACCCAAT,3-F-56,B cell,0,B cell,-3.2159617,3.7260773,8193,0.7008188962936401
10X_P7_6_GTTTCTAGTAGAAGGA,3-F-56,B cell,1,Unmatched_1,-1.9034721,4.457015,8194,0.8117756843566895
10X_P7_6_GTTTCTAGTTATCACG,3-F-56,B cell,0,B cell,-1.3546962,0.29008478,8195,0.6003817319869995
10X_P7_6_GTTTCTATCGGCATCG,3-F-56,B cell,1,Unmatched_1,-2.4714122,5.864451,8196,0.6549696922302246
10X_P7_6_GTTTCTATCTCTGCTG,3-F-56,B cell,1,Unmatched_1,-1.4117424,5.8631835,8197,0.4619282782077789
10X_P7_6_GTTTCTATCTGATACG,3-F-56,B cell,4,Unmatched_4,-2.5452166,8.842506,8198,0.997830331325531
10X_P7_6_GTTTCTATCTTTAGTC,3-F-56,B cell,14,Unmatched_14,8.204719,15.73813,8199,5.334986209869385
10X_P7_6_TAAACCGAGGACATTA,3-F-56,B cell,0,B cell,-0.7937356,1.605495,8200,0.9953930974006652
10X_P7_6_TAAACCGCAAGCGTAG,3-F-56,B cell,0,B cell,-2.4213057,3.0256534,8201,0.9235440492630004
10X_P7_6_TAAACCGCAATGTTGC,3-F-56,B cell,0,B cell,-3.3172324,0.33578995,8202,0.6009235978126526
10X_P7_6_TAAACCGCAGGATTGG,3-F-56,B cell,7,Unmatched_7,-4.099992,-0.28370205,8203,1.491359829902649
10X_P7_6_TAAACCGGTATAAACG,3-F-56,B cell,0,B cell,-0.4251688,0.29076236,8204,0.4225542545318603
10X_P7_6_TAAACCGGTCGAAAGC,3-F-56,T cell,2,Unmatched_2,1.889514,25.465332,8205,0.747607409954071
10X_P7_6_TAAACCGGTCGCGGTT,3-F-56,B cell,5,macrophage,-2.9424682,-1.1495503,8206,2.2182209491729736
10X_P7_6_TAAACCGGTGCGAAAC,3-F-56,T cell,3,T cell,4.488518,13.817891,8207,2.8559908866882324
10X_P7_6_TAAACCGTCGTGGACC,3-F-56,B cell,1,Unmatched_1,-2.0701625,3.8881948,8208,0.5199955105781555
10X_P7_6_TAAGAGAAGACACGAC,3-F-56,B cell,0,B cell,-1.6806319,-0.4226804,8209,0.6904776096343994
10X_P7_6_TAAGAGAAGAGCCCAA,3-F-56,B cell,0,B cell,-0.15402234,-0.072654694,8210,0.4871531128883362
10X_P7_6_TAAGAGAAGAGGGCTT,3-F-56,B cell,0,B cell,-0.6365232,2.5345824,8211,1.130340576171875
10X_P7_6_TAAGAGAAGATGCCAG,3-F-56,B cell,4,Unmatched_4,-4.986395,4.3730006,8212,0.8433442711830139
10X_P7_6_TAAGAGAAGCGTCTAT,3-F-56,B cell,1,Unmatched_1,-2.3402631,6.1416802,8213,0.8615860939025879
10X_P7_6_TAAGAGAAGTAACCCT,3-F-56,B cell,0,B cell,-0.7595563,0.103963755,8214,0.8182410597801208
10X_P7_6_TAAGAGACAAACCTAC,3-F-56,B cell,4,Unmatched_4,-2.6282754,8.748743,8215,0.6954993605613708
10X_P7_6_TAAGAGACAACTGCTA,3-F-56,B cell,0,B cell,-1.8506961,1.3674477,8216,0.6831395030021667
10X_P7_6_TAAGAGACAAGCTGTT,3-F-56,B cell,4,Unmatched_4,-2.618241,8.754029,8217,0.7115510106086731
10X_P7_6_TAAGAGACACGCTTTC,3-F-56,B cell,0,B cell,-1.3515277,1.7370234,8218,0.4609202742576599
10X_P7_6_TAAGAGACAGCCTTTC,3-F-56,B cell,2,Unmatched_2,0.82621855,22.847647,8219,1.1554431915283203
10X_P7_6_TAAGAGACATTGAGCT,3-F-56,T cell,3,T cell,3.482196,22.798326,8220,0.6660409569740295
10X_P7_6_TAAGAGAGTTCGCGAC,3-F-56,B cell,0,B cell,-0.95669407,-0.071560144,8221,0.7232797145843506
10X_P7_6_TAAGAGATCGTTACAG,3-F-56,B cell,1,Unmatched_1,-3.1659873,4.5951533,8222,0.6152527928352356
10X_P7_6_TAAGAGATCTAACCGA,3-F-56,B cell,0,B cell,-2.3480573,1.328623,8223,0.5317749977111816
10X_P7_6_TAAGAGATCTTGGGTA,3-F-56,T cell,11,Unmatched_11,-3.6969352,7.7691364,8224,2.416432857513428
10X_P7_6_TAAGCGTAGACCTTTG,3-F-56,B cell,0,B cell,-1.2352258,0.1506691,8225,1.2224624156951904
10X_P7_6_TAAGCGTAGCTAACTC,3-F-56,B cell,4,Unmatched_4,9.231657,14.051505,8226,1.6011474132537842
10X_P7_6_TAAGCGTAGGTAAACT,3-F-56,B cell,0,B cell,-1.9917002,0.92696065,8227,0.647821843624115
10X_P7_6_TAAGCGTAGTGTCCCG,3-F-56,B cell,0,B cell,-2.0191083,-1.3695303,8228,0.947284996509552
10X_P7_6_TAAGCGTAGTTGAGTA,3-F-56,B cell,0,B cell,-1.4173068,-0.910119,8229,0.7562605738639832
10X_P7_6_TAAGCGTCAATACGCT,3-F-56,B cell,0,B cell,-1.1190475,0.05768075,8230,1.2202171087265017
10X_P7_6_TAAGCGTCACAGAGGT,3-F-56,B cell,0,B cell,-2.005464,2.5524004,8231,0.9566870927810668
10X_P7_6_TAAGCGTCACCATGTA,3-F-56,B cell,0,B cell,-0.22625239,2.1861286,8232,0.4327766895294189
10X_P7_6_TAAGCGTCACGGTAGA,3-F-56,B cell,4,Unmatched_4,-5.131909,2.930005,8233,1.1578713655471802
10X_P7_6_TAAGCGTCAGCTCGCA,3-F-56,B cell,0,B cell,-3.04448,-0.74304277,8234,0.9155169725418092
10X_P7_6_TAAGCGTCATCACAAC,3-F-56,T cell,2,Unmatched_2,2.4537992,23.768076,8235,0.8558872938156128
10X_P7_6_TAAGCGTCATCATCCC,3-F-56,macrophage,8,Unmatched_8,9.992847,12.389168,8236,2.359070062637329
10X_P7_6_TAAGCGTGTCTCTTTA,3-F-56,B cell,4,Unmatched_4,-3.9716392,4.38191,8237,0.8873584270477295
10X_P7_6_TAAGCGTTCATAGCAC,3-F-56,B cell,0,B cell,-2.790991,-0.11231478,8238,0.5494391918182373
10X_P7_6_TAAGCGTTCCGCGTTT,3-F-56,B cell,0,B cell,-0.33684227,0.8130915,8239,0.6158009767532349
10X_P7_6_TAAGCGTTCCGTCAAA,3-F-56,natural killer cell,6,natural killer cell,6.988723,26.260187,8240,1.803500413894653
10X_P7_6_TAAGTGCAGATAGCAT,3-F-56,B cell,0,B cell,-0.46878612,-1.2009704,8241,0.5274214148521423
10X_P7_6_TAAGTGCAGGAGTTGC,3-F-56,B cell,0,B cell,-3.983622,2.5984309,8242,1.4706100225448608
10X_P7_6_TAAGTGCCAAGGACTG,3-F-56,B cell,1,Unmatched_1,-2.17639,5.040986,8243,0.5618232488632202
10X_P7_6_TAAGTGCCACCAACCG,3-F-56,T cell,2,Unmatched_2,2.9118507,26.384161,8244,1.1616675853729248
10X_P7_6_TAAGTGCCAGACTCGC,3-F-56,B cell,4,Unmatched_4,-5.096207,4.261537,8245,0.7071250081062317
10X_P7_6_TAAGTGCCATCGGGTC,3-F-56,B cell,0,B cell,-1.6088883,2.6094718,8246,0.9778451919555664
10X_P7_6_TAAGTGCGTCGACTAT,3-F-56,B cell,1,Unmatched_1,-2.4010684,3.9883559,8247,0.635123074054718
10X_P7_6_TAAGTGCTCCACGTTC,3-F-56,B cell,0,B cell,-3.5214887,-0.25409734,8248,0.439948558807373
10X_P7_6_TAAGTGCTCGATGAGG,3-F-56,B cell,0,B cell,-2.2721395,-0.1924387,8249,0.8028611540794373
10X_P7_6_TAAGTGCTCGTACCGG,3-F-56,B cell,0,B cell,-2.9188433,2.3435345,8250,1.410027027130127
10X_P7_6_TAAGTGCTCTTATCTG,3-F-56,B cell,0,B cell,-1.4581994,3.798984,8251,0.484681099653244
10X_P7_6_TACACGAAGACGCAAC,3-F-56,T cell,2,Unmatched_2,4.880551,26.720488,8252,1.562842845916748
10X_P7_6_TACACGAAGATTACCC,3-F-56,B cell,1,Unmatched_1,-1.5226349,6.083502,8253,0.4873454570770263
10X_P7_6_TACACGACATACCATG,3-F-56,B cell,0,B cell,-0.19311647,0.49157676,8254,0.4609140753746032
10X_P7_6_TACACGAGTATAGGGC,3-F-56,T cell,3,T cell,3.446759,23.38537,8255,0.6888834834098816
10X_P7_6_TACACGAGTCAAACTC,3-F-56,B cell,0,B cell,-1.7896929,2.112781,8256,0.5710941553115845
10X_P7_6_TACACGAGTGAGTATA,3-F-56,B cell,0,B cell,-2.6477106,2.746116,8257,1.7288846969604492
10X_P7_6_TACACGAGTGAGTGAC,3-F-56,B cell,0,B cell,-0.31370378,1.3182572,8258,0.5582371950149536
10X_P7_6_TACACGAGTGCTAGCC,3-F-56,B cell,1,Unmatched_1,-2.7510223,4.1673036,8259,1.6971304416656494
10X_P7_6_TACACGAGTGGCCCTA,3-F-56,B cell,0,B cell,-3.2671134,-0.06156678,8260,0.4476829171180725
10X_P7_6_TACACGATCCAAGTAC,3-F-56,B cell,0,B cell,-0.89461565,0.9728558,8261,0.7796844840049744
10X_P7_6_TACACGATCGACCAGC,3-F-56,B cell,0,B cell,-1.7967018,0.21515214,8262,0.6057891845703125
10X_P7_6_TACACGATCTACTTAC,3-F-56,T cell,2,Unmatched_2,1.7725189,25.497772,8263,0.9646706581115724
10X_P7_6_TACAGTGAGACACTAA,3-F-56,T cell,3,T cell,2.8012695,23.274458,8264,0.6647364497184753
10X_P7_6_TACAGTGAGCGACGTA,3-F-56,T cell,3,T cell,3.203346,22.820366,8265,0.582364022731781
10X_P7_6_TACAGTGCACGAAACG,3-F-56,natural killer cell,6,natural killer cell,7.123582,26.352076,8266,1.6770490407943726
10X_P7_6_TACAGTGCACTGTGTA,3-F-56,B cell,4,Unmatched_4,-4.1836753,4.216957,8267,0.8423692584037781
10X_P7_6_TACAGTGCAGATCGGA,3-F-56,B cell,1,Unmatched_1,-2.3885894,5.914369,8268,0.7647566795349121
10X_P7_6_TACAGTGCATGCTGGC,3-F-56,B cell,0,B cell,-3.3058,-0.59558505,8269,0.8074550628662109
10X_P7_6_TACAGTGCATGTTGAC,3-F-56,T cell,3,T cell,2.2911003,23.325132,8270,1.1065750122070312
10X_P7_6_TACAGTGGTAACGACG,3-F-56,T cell,2,Unmatched_2,2.384053,26.022978,8271,0.4853469431400299
10X_P7_6_TACAGTGGTAAGAGAG,3-F-56,B cell,0,B cell,-1.1656617,-1.223064,8272,0.6191260814666748
10X_P7_6_TACAGTGGTAGGCTGA,3-F-56,macrophage,5,macrophage,11.867098,14.629264,8273,1.8641462326049805
10X_P7_6_TACAGTGTCAAACCAC,3-F-56,T cell,2,Unmatched_2,2.5909088,26.309143,8274,1.1279208660125732
10X_P7_6_TACAGTGTCACTCCTG,3-F-56,T cell,2,Unmatched_2,2.8943036,26.187902,8275,0.5559321641921997
10X_P7_6_TACAGTGTCCACGCAG,3-F-56,B cell,0,B cell,-2.6891346,0.9387753,8276,0.4055086374282837
10X_P7_6_TACAGTGTCCTGTAGA,3-F-56,T cell,2,Unmatched_2,3.9105344,24.858854,8277,1.479410171508789
10X_P7_6_TACAGTGTCGGCGCAT,3-F-56,B cell,0,B cell,-3.5515754,-0.67050385,8278,1.3119168281555176
10X_P7_6_TACCTATAGCAACGGT,3-F-56,B cell,1,Unmatched_1,-1.0339602,5.682813,8279,0.6446235775947571
10X_P7_6_TACCTATAGCATGGCA,3-F-56,B cell,0,B cell,-1.1884363,1.7655375,8280,1.0055007934570312
10X_P7_6_TACCTATAGGGCATGT,3-F-56,macrophage,5,macrophage,10.934071,14.4099865,8281,1.92633318901062
10X_P7_6_TACCTATAGTCCGGTC,3-F-56,B cell,0,B cell,-2.8731601,-0.7198049,8282,0.6419830918312073
10X_P7_6_TACCTATCAAGTAGTA,3-F-56,B cell,0,B cell,-1.9107481,1.0309619,8283,0.8447031378746033
10X_P7_6_TACCTATCAGGCTCAC,3-F-56,B cell,0,B cell,-2.7626152,1.7189685,8284,0.7721598744392395
10X_P7_6_TACCTATGTAAGGGCT,3-F-56,T cell,2,Unmatched_2,4.140461,25.74962,8285,1.3604986667633057
10X_P7_6_TACCTATGTCGCGTGT,3-F-56,macrophage,5,macrophage,11.904407,14.640788,8286,2.2902848720550537
10X_P7_6_TACCTATGTTGCTCCT,3-F-56,T cell,2,Unmatched_2,2.3717225,25.69215,8287,0.9284437894821168
10X_P7_6_TACCTATTCAATCTCT,3-F-56,B cell,0,B cell,-0.7888364,0.08629636,8288,0.807428240776062
10X_P7_6_TACCTATTCACTTACT,3-F-56,B cell,0,B cell,-1.4930694,0.23321652,8289,0.6054624915122986
10X_P7_6_TACCTATTCAGAGCTT,3-F-56,B cell,0,B cell,-1.5262159,1.9790387,8290,0.6538255214691162
10X_P7_6_TACCTATTCTACCAGA,3-F-56,T cell,3,T cell,3.3671155,22.816307,8291,0.6324301958084106
10X_P7_6_TACCTATTCTGTCTCG,3-F-56,B cell,0,B cell,-0.48376647,-0.80656797,8292,0.5450745224952698
10X_P7_6_TACCTTAAGACCGGAT,3-F-56,B cell,0,B cell,-0.34291485,-0.58414733,8293,0.5356568098068237
10X_P7_6_TACCTTAAGTAGCGGT,3-F-56,B cell,4,Unmatched_4,-3.8911123,4.410044,8294,0.8168060779571533
10X_P7_6_TACCTTACAATGGTCT,3-F-56,B cell,1,Unmatched_1,-1.3119981,5.103687,8295,1.0429617166519165
10X_P7_6_TACCTTACACCGGAAA,3-F-56,B cell,0,B cell,-0.7144225,2.5867105,8296,0.8059644103050232
10X_P7_6_TACCTTACAGTAACGG,3-F-56,T cell,2,Unmatched_2,2.608559,25.672956,8297,0.5419313907623291
10X_P7_6_TACCTTACATGCCACG,3-F-56,B cell,0,B cell,-3.2114136,0.11169042,8298,0.4620599448680877
10X_P7_6_TACCTTACATGGAATA,3-F-56,B cell,0,B cell,-1.9173495,0.28098154,8299,0.988356113433838
10X_P7_6_TACCTTAGTATGCTTG,3-F-56,T cell,2,Unmatched_2,2.8995836,25.768276,8300,0.5901124477386475
10X_P7_6_TACCTTAGTGGTCCGT,3-F-56,B cell,1,Unmatched_1,-1.5484937,6.365391,8301,0.4540938138961792
10X_P7_6_TACCTTATCAATCTCT,3-F-56,B cell,0,B cell,-1.048365,0.43866518,8302,0.5627805590629578
10X_P7_6_TACCTTATCCGCGCAA,3-F-56,B cell,0,B cell,-1.0066016,3.0670333,8303,1.4719914197921753
10X_P7_6_TACCTTATCGCAAACT,3-F-56,B cell,7,Unmatched_7,-5.6915827,1.200386,8304,1.151511549949646
10X_P7_6_TACCTTATCGTAGATC,3-F-56,B cell,4,Unmatched_4,-3.9326098,3.315984,8305,0.7413465976715088
10X_P7_6_TACCTTATCTGGCGAC,3-F-56,B cell,0,B cell,-0.9945276,0.21759118,8306,0.6531521677970886
10X_P7_6_TACGGATAGTTTGCGT,3-F-56,T cell,3,T cell,3.3456259,22.831757,8307,0.7588968276977539
10X_P7_6_TACGGATCATGACGGA,3-F-56,B cell,1,Unmatched_1,-2.6026437,4.467024,8308,0.8248969912528992
10X_P7_6_TACGGATCATTTCACT,3-F-56,T cell,3,T cell,5.2556887,24.892126,8309,1.18874990940094
10X_P7_6_TACGGATGTATGGTTC,3-F-56,B cell,0,B cell,0.10884283,0.4901986,8310,0.7146487236022949
10X_P7_6_TACGGATGTCGGATCC,3-F-56,B cell,4,Unmatched_4,9.28788,14.005778,8311,2.7071096897125244
10X_P7_6_TACGGATGTTCGTCTC,3-F-56,T cell,2,Unmatched_2,2.7643135,25.597898,8312,0.6168681979179382
10X_P7_6_TACGGATGTTGGGACA,3-F-56,B cell,4,Unmatched_4,9.22472,14.081471,8313,2.8559908866882324
10X_P7_6_TACGGATTCAAAGTAG,3-F-56,B cell,0,B cell,-3.309828,-0.3300126,8314,1.201687216758728
10X_P7_6_TACGGATTCAGCGACC,3-F-56,B cell,1,Unmatched_1,-1.7854917,5.248981,8315,1.3625153303146362
10X_P7_6_TACGGATTCCCAACGG,3-F-56,T cell,2,Unmatched_2,2.8973365,26.390236,8316,1.0970439910888672
10X_P7_6_TACGGATTCCTGCAGG,3-F-56,B cell,0,B cell,-1.6485926,-0.8991256,8317,1.2284188270568848
10X_P7_6_TACGGATTCGCCCTTA,3-F-56,B cell,0,B cell,-1.7354033,1.4998156,8318,0.503388524055481
10X_P7_6_TACGGATTCGCTAGCG,3-F-56,B cell,1,Unmatched_1,-2.259433,6.2197704,8319,0.5917182564735413
10X_P7_6_TACGGATTCTACGAGT,3-F-56,B cell,1,Unmatched_1,-3.6560907,2.6981106,8320,0.930274784564972
10X_P7_6_TACGGATTCTCCCTGA,3-F-56,T cell,3,T cell,3.5357454,23.930466,8321,1.3129595518112185
10X_P7_6_TACGGGCAGCACGCCT,3-F-56,macrophage,5,macrophage,11.900838,14.639787,8322,2.044633626937866
10X_P7_6_TACGGGCAGCCAGTAG,3-F-56,B cell,0,B cell,-2.5863287,3.4379222,8323,0.7149398326873779
10X_P7_6_TACGGGCAGGCGCTCT,3-F-56,B cell,4,Unmatched_4,-2.6131678,8.881803,8324,0.8744624257087708
10X_P7_6_TACGGGCAGGCTAGAC,3-F-56,B cell,0,B cell,-0.90395755,2.474185,8325,0.9157170057296752
10X_P7_6_TACGGGCCACGCGAAA,3-F-56,B cell,0,B cell,-2.7780838,2.181688,8326,0.6598191261291504
10X_P7_6_TACGGGCGTCGCCATG,3-F-56,B cell,0,B cell,-0.22657031,0.41481134,8327,0.7392997741699219
10X_P7_6_TACGGGCTCATACGGT,3-F-56,B cell,0,B cell,-0.94975287,3.1243205,8328,0.7259935140609741
10X_P7_6_TACGGGCTCGCCAAAT,3-F-56,B cell,0,B cell,-2.1926808,1.0932537,8329,0.4280656576156616
10X_P7_6_TACGGGCTCTTCAACT,3-F-56,B cell,0,B cell,-1.7269852,0.89998853,8330,0.5152139067649841
10X_P7_6_TACGGTAAGCGTAGTG,3-F-56,B cell,0,B cell,-0.17791745,0.62736523,8331,0.5563150644302368
10X_P7_6_TACGGTAAGGAATGGA,3-F-56,B cell,0,B cell,-2.1734393,0.4272923,8332,0.4785622358322143
10X_P7_6_TACGGTAAGTTACGGG,3-F-56,T cell,3,T cell,2.5295491,23.143717,8333,0.6776082515716553
10X_P7_6_TACGGTACAATCGGTT,3-F-56,B cell,0,B cell,-2.4379497,3.3266926,8334,0.8609139323234558
10X_P7_6_TACGGTACAGTAAGAT,3-F-56,B cell,1,Unmatched_1,-1.1736134,5.569754,8335,1.035986304283142
10X_P7_6_TACGGTACATCGGTTA,3-F-56,B cell,0,B cell,-0.7145662,-0.1349848,8336,0.4212499856948852
10X_P7_6_TACGGTAGTCAAAGCG,3-F-56,B cell,4,Unmatched_4,-3.9267223,3.3793805,8337,1.14061176776886
10X_P7_6_TACGGTAGTCTGGTCG,3-F-56,B cell,0,B cell,-0.33114028,1.284877,8338,0.5633096694946289
10X_P7_6_TACGGTAGTGCACCAC,3-F-56,T cell,2,Unmatched_2,3.5295947,25.907888,8339,0.8982573747634888
10X_P7_6_TACGGTATCCGTCATC,3-F-56,B cell,0,B cell,-2.6256,1.8684796,8340,0.4081137776374817
10X_P7_6_TACGGTATCTATCCCG,3-F-56,T cell,2,Unmatched_2,3.0042105,26.367113,8341,0.7952407598495483
10X_P7_6_TACTCATAGACGCACA,3-F-56,B cell,1,Unmatched_1,-2.3141391,4.61582,8342,0.7675783038139343
10X_P7_6_TACTCATAGCTGCCCA,3-F-56,T cell,2,Unmatched_2,4.111438,26.515654,8343,0.941113829612732
10X_P7_6_TACTCATAGGTTCCTA,3-F-56,B cell,4,Unmatched_4,-5.0968657,3.2385635,8344,1.0886390209197998
10X_P7_6_TACTCATAGTACGTTC,3-F-56,B cell,0,B cell,-1.7821788,0.3988039,8345,0.404936671257019
10X_P7_6_TACTCATAGTCGTTTG,3-F-56,T cell,3,T cell,3.1753972,23.144136,8346,0.5698161125183105
10X_P7_6_TACTCATCAGACAGGT,3-F-56,B cell,0,B cell,-0.39479297,0.5358769,8347,0.5016648173332214
10X_P7_6_TACTCATCATGCCACG,3-F-56,B cell,0,B cell,0.389668,0.24220417,8348,0.5435776114463806
10X_P7_6_TACTCATCATTGGCGC,3-F-56,B cell,0,B cell,-1.2580305,-0.45999563,8349,0.7294426560401917
10X_P7_6_TACTCATGTGGCAAAC,3-F-56,B cell,0,B cell,-0.42223662,1.492654,8350,0.5791925191879272
10X_P7_6_TACTCATGTTATCACG,3-F-56,B cell,0,B cell,-1.5620629,0.21156666,8351,1.6962131261825562
10X_P7_6_TACTCATTCACTGGGC,3-F-56,B cell,0,B cell,-4.9951143,0.67982763,8352,1.3782588243484497
10X_P7_6_TACTCATTCTAAGCCA,3-F-56,B cell,1,Unmatched_1,-2.710875,4.217163,8353,1.3422256708145142
10X_P7_6_TACTCGCAGAACAATC,3-F-56,B cell,1,Unmatched_1,-1.6956611,5.211524,8354,0.4233734905719757
10X_P7_6_TACTCGCAGACAGGCT,3-F-56,B cell,2,Unmatched_2,0.5136474,23.075731,8355,1.3388986587524414
10X_P7_6_TACTCGCAGAGGTACC,3-F-56,B cell,0,B cell,-1.9468868,1.2612689,8356,0.5013012290000916
10X_P7_6_TACTCGCAGCGAGAAA,3-F-56,B cell,0,B cell,-0.63745606,2.2847319,8357,1.4548646211624146
10X_P7_6_TACTCGCAGGAGTACC,3-F-56,B cell,0,B cell,-1.7898163,-0.8139748,8358,0.8051689267158508
10X_P7_6_TACTCGCAGTGCTGCC,3-F-56,T cell,2,Unmatched_2,2.7395122,25.48173,8359,1.0961554050445557
10X_P7_6_TACTCGCCAAGCTGGA,3-F-56,macrophage,5,macrophage,4.480754,13.768693,8360,2.282297849655152
10X_P7_6_TACTCGCCAAGGACAC,3-F-56,T cell,3,T cell,3.3395662,23.840881,8361,0.5952306389808655
10X_P7_6_TACTCGCCACGTCTCT,3-F-56,B cell,1,Unmatched_1,-2.5237904,4.364674,8362,0.7282530069351196
10X_P7_6_TACTCGCCAGATCTGT,3-F-56,B cell,0,B cell,-2.8341744,0.9428875,8363,0.6833997964859009
10X_P7_6_TACTCGCCATTCACTT,3-F-56,B cell,0,B cell,-3.4858642,0.106336,8364,0.4663905799388885
10X_P7_6_TACTCGCGTAAGTTCC,3-F-56,B cell,0,B cell,-0.54950655,-0.76556087,8365,0.4958990812301636
10X_P7_6_TACTCGCTCCAGGGCT,3-F-56,T cell,3,T cell,3.4551687,23.265125,8366,0.8274294137954712
10X_P7_6_TACTCGCTCTTCATGT,3-F-56,T cell,3,T cell,3.09667,22.887472,8367,0.801536500453949
10X_P7_6_TACTTACAGAACAATC,3-F-56,B cell,0,B cell,-0.5074324,0.5318726,8368,0.4383363723754883
10X_P7_6_TACTTACAGATCTGCT,3-F-56,B cell,1,Unmatched_1,-3.1526377,6.158305,8369,0.4914422631263733
10X_P7_6_TACTTACAGCGTTCCG,3-F-56,B cell,0,B cell,-2.9808228,3.24619,8370,0.8440526127815247
10X_P7_6_TACTTACAGGCGACAT,3-F-56,B cell,0,B cell,-2.5441146,1.8994031,8371,0.5321988463401794
10X_P7_6_TACTTACCAACACCTA,3-F-56,T cell,3,T cell,3.8007956,23.364271,8372,0.6431870460510254
10X_P7_6_TACTTACCACGCCAGT,3-F-56,B cell,1,Unmatched_1,-2.9275804,4.1834707,8373,1.2556930780410769
10X_P7_6_TACTTACCAGACAGGT,3-F-56,T cell,3,T cell,3.2085388,23.75997,8374,0.9290132522583008
10X_P7_6_TACTTACCAGTTCATG,3-F-56,B cell,0,B cell,0.006863501,0.31058753,8375,0.4422843158245086
10X_P7_6_TACTTACGTCAGCTAT,3-F-56,B cell,0,B cell,-0.974397,2.8648486,8376,1.0004146099090576
10X_P7_6_TACTTACGTGACGCCT,3-F-56,B cell,0,B cell,-2.5842106,0.9786755,8377,0.4236333966255188
10X_P7_6_TACTTACGTTTGTTTC,3-F-56,macrophage,2,Unmatched_2,4.4393125,25.868053,8378,2.8559908866882324
10X_P7_6_TACTTACTCAGCAACT,3-F-56,B cell,0,B cell,-2.0971022,2.5207405,8379,1.3163042068481443
10X_P7_6_TACTTACTCGTTGCCT,3-F-56,B cell,1,Unmatched_1,-1.7688321,6.0060167,8380,0.701785147190094
10X_P7_6_TACTTACTCTACCAGA,3-F-56,B cell,0,B cell,-1.9310955,-0.43937978,8381,1.113227367401123
10X_P7_6_TACTTACTCTGCAGTA,3-F-56,natural killer cell,6,natural killer cell,7.0557632,26.563421,8382,1.755036234855652
10X_P7_6_TACTTGTAGACAATAC,3-F-56,T cell,2,Unmatched_2,2.562601,26.323853,8383,0.5695881843566895
10X_P7_6_TACTTGTAGCAATATG,3-F-56,B cell,0,B cell,-2.9215188,0.3361029,8384,0.8342283368110657
10X_P7_6_TACTTGTAGCGTTCCG,3-F-56,B cell,1,Unmatched_1,-1.8522539,6.053629,8385,0.6518905162811279
10X_P7_6_TACTTGTAGGATTCGG,3-F-56,B cell,13,Unmatched_13,13.08892,13.576056,8386,2.835890054702759
10X_P7_6_TACTTGTAGGCTATCT,3-F-56,T cell,2,Unmatched_2,2.6175225,25.472279,8387,0.6486424207687378
10X_P7_6_TACTTGTCAGTCAGCC,3-F-56,macrophage,8,Unmatched_8,9.985725,12.446567,8388,3.646089553833008
10X_P7_6_TACTTGTCATAGAAAC,3-F-56,B cell,0,B cell,-2.2240477,0.4207002,8389,0.8649353981018066
10X_P7_6_TACTTGTGTAGCTTGT,3-F-56,B cell,0,B cell,-2.190798,0.24132621,8390,0.4358117282390594
10X_P7_6_TACTTGTGTCATGCCG,3-F-56,B cell,4,Unmatched_4,-4.0069127,4.283706,8391,0.9303510785102844
10X_P7_6_TACTTGTGTCGCTTCT,3-F-56,B cell,0,B cell,-0.1620065,0.8573835,8392,0.6558477878570557
10X_P7_6_TACTTGTGTGTGAATA,3-F-56,B cell,0,B cell,-2.405223,0.43698958,8393,0.4949731528759002
10X_P7_6_TACTTGTGTGTGTGCC,3-F-56,B cell,0,B cell,-0.09893481,-0.31697184,8394,0.5666598081588745
10X_P7_6_TACTTGTGTTTGTTGG,3-F-56,B cell,1,Unmatched_1,-3.8613284,6.0506816,8395,0.5658599138259888
10X_P7_6_TACTTGTTCATCACCC,3-F-56,B cell,0,B cell,-0.64992017,0.21007317,8396,0.5307514071464539
10X_P7_6_TACTTGTTCCTGCTTG,3-F-56,T cell,2,Unmatched_2,2.5770364,25.747307,8397,0.6115920543670654
10X_P7_6_TACTTGTTCTTTCCTC,3-F-56,T cell,3,T cell,4.5590696,24.38081,8398,0.9692262411117554
10X_P7_6_TAGACCAAGAAACGAG,3-F-56,B cell,0,B cell,-3.5486443,1.1904714,8399,0.5278245806694031
10X_P7_6_TAGACCAAGGATGCGT,3-F-56,T cell,3,T cell,4.559047,24.432604,8400,0.9121742248535156
10X_P7_6_TAGACCAAGTGGGTTG,3-F-56,macrophage,5,macrophage,12.023862,14.665735,8401,2.533562183380127
10X_P7_6_TAGACCACACGTCAGC,3-F-56,B cell,0,B cell,-1.3598664,1.6561571,8402,0.7097325325012207
10X_P7_6_TAGACCACATCTACGA,3-F-56,T cell,2,Unmatched_2,2.629694,25.502504,8403,0.9010435938835144
10X_P7_6_TAGACCAGTAGTAGTA,3-F-56,B cell,0,B cell,-0.74099,-0.23369381,8404,0.5531966090202332
10X_P7_6_TAGACCAGTGGTCCGT,3-F-56,B cell,0,B cell,-2.506243,-0.14946838,8405,0.4254879653453827
10X_P7_6_TAGACCAGTGTGTGCC,3-F-56,B cell,1,Unmatched_1,-1.3308057,4.965602,8406,0.591334342956543
10X_P7_6_TAGACCATCACAAACC,3-F-56,B cell,0,B cell,-0.54334056,0.89228183,8407,0.5860925912857056
10X_P7_6_TAGACCATCAGTTTGG,3-F-56,T cell,3,T cell,2.5018654,23.22071,8408,0.743010938167572
10X_P7_6_TAGACCATCTGAGTGT,3-F-56,T cell,3,T cell,3.6429162,22.818073,8409,0.654646098613739
10X_P7_6_TAGACCATCTTGGGTA,3-F-56,T cell,2,Unmatched_2,3.4780946,25.92662,8410,0.9421404600143432
10X_P7_6_TAGAGCTAGGCAAAGA,3-F-56,B cell,0,B cell,-1.731017,3.245343,8411,0.932222843170166
10X_P7_6_TAGAGCTAGTGTACCT,3-F-56,T cell,3,T cell,3.4067254,23.337852,8412,0.7419689297676086
10X_P7_6_TAGAGCTAGTTGAGTA,3-F-56,natural killer cell,6,natural killer cell,7.296318,26.35256,8413,1.4666374921798706
10X_P7_6_TAGAGCTCAATTCCTT,3-F-56,B cell,0,B cell,-3.8820794,1.9509995,8414,1.2140167951583862
10X_P7_6_TAGAGCTCAGGTCCAC,3-F-56,B cell,0,B cell,-0.37948978,-0.8996692,8415,0.5988702774047852
10X_P7_6_TAGAGCTGTGACCAAG,3-F-56,B cell,6,natural killer cell,0.66598475,2.8295176,8416,0.6641693711280823
10X_P7_6_TAGAGCTGTGCTGTAT,3-F-56,B cell,1,Unmatched_1,-4.0354996,4.5896187,8417,0.8824962973594666
10X_P7_6_TAGAGCTGTTCAGCGC,3-F-56,B cell,0,B cell,-0.16058673,-0.85684794,8418,0.5366171598434448
10X_P7_6_TAGAGCTTCGTTACAG,3-F-56,B cell,1,Unmatched_1,-0.75697565,6.1839685,8419,0.5364193320274353
10X_P7_6_TAGAGCTTCTTCTGGC,3-F-56,B cell,0,B cell,-1.4492037,1.0800152,8420,0.5962250232696533
10X_P7_6_TAGCCGGAGCGTCAAG,3-F-56,B cell,0,B cell,-1.7839556,-0.34746578,8421,0.6622528433799744
10X_P7_6_TAGCCGGAGCTGCAAG,3-F-56,B cell,0,B cell,-3.203365,0.7118735,8422,0.4588318467140198
10X_P7_6_TAGCCGGAGGTGACCA,3-F-56,B cell,0,B cell,-3.110072,1.7423973,8423,0.5855162143707275
10X_P7_6_TAGCCGGCAATGGACG,3-F-56,B cell,0,B cell,-2.2687368,-0.22665334,8424,0.6891062259674072
10X_P7_6_TAGCCGGCACGCCAGT,3-F-56,B cell,2,Unmatched_2,0.35301578,23.100729,8425,1.842789649963379
10X_P7_6_TAGCCGGCACTCTGTC,3-F-56,B cell,0,B cell,-1.5816393,3.3038228,8426,1.127916693687439
10X_P7_6_TAGCCGGGTACCTACA,3-F-56,T cell,3,T cell,3.3007932,23.58847,8427,0.9413614273071288
10X_P7_6_TAGCCGGGTCAAGCGA,3-F-56,B cell,1,Unmatched_1,-1.9970691,6.121377,8428,0.4807414412498474
10X_P7_6_TAGCCGGTCGAGAACG,3-F-56,B cell,4,Unmatched_4,-4.3459578,4.2240696,8429,1.432413101196289
10X_P7_6_TAGCCGGTCTGGTATG,3-F-56,B cell,0,B cell,-0.07767648,1.2173412,8430,0.4792623221874237
10X_P7_6_TAGGCATAGATCTGAA,3-F-56,B cell,7,Unmatched_7,-5.0732484,1.2112956,8431,1.414869785308838
10X_P7_6_TAGGCATAGCCCAACC,3-F-56,macrophage,5,macrophage,12.222642,14.699658,8432,2.4465012550354004
10X_P7_6_TAGGCATAGCTACCGC,3-F-56,B cell,7,Unmatched_7,-5.706833,1.1207731,8433,1.3062232732772827
10X_P7_6_TAGGCATAGCTAGGCA,3-F-56,B cell,1,Unmatched_1,-2.3835616,4.687076,8434,0.5136508941650391
10X_P7_6_TAGGCATAGGCGTACA,3-F-56,T cell,3,T cell,2.480914,23.267271,8435,0.7197299599647522
10X_P7_6_TAGGCATCAAGAGTCG,3-F-56,T cell,3,T cell,4.4552255,24.280252,8436,0.9172798991203308
10X_P7_6_TAGGCATCATAAAGGT,3-F-56,B cell,0,B cell,-3.6549265,-0.24828559,8437,0.903319239616394
10X_P7_6_TAGGCATCATGCGCAC,3-F-56,B cell,0,B cell,-1.1074531,1.0651103,8438,0.5939304828643799
10X_P7_6_TAGGCATCATGGGAAC,3-F-56,B cell,1,Unmatched_1,-1.4871264,6.3806047,8439,0.5147448778152466
10X_P7_6_TAGGCATGTAAATGAC,3-F-56,B cell,1,Unmatched_1,-1.9583747,5.372863,8440,0.5443686246871948
10X_P7_6_TAGGCATGTAGAGGAA,3-F-56,T cell,2,Unmatched_2,2.3444755,25.718864,8441,0.6425527930259705
10X_P7_6_TAGGCATGTCTAAAGA,3-F-56,T cell,2,Unmatched_2,2.7546144,26.46986,8442,0.5892371535301208
10X_P7_6_TAGGCATGTGCTTCTC,3-F-56,B cell,0,B cell,-0.24412796,0.7987458,8443,0.8342795968055725
10X_P7_6_TAGGCATGTGGCAAAC,3-F-56,T cell,3,T cell,3.145609,23.365559,8444,1.5251342058181765
10X_P7_6_TAGGCATGTGTTGGGA,3-F-56,T cell,3,T cell,3.3991356,23.735466,8445,0.7758005261421204
10X_P7_6_TAGGCATGTTAGTGGG,3-F-56,B cell,12,Unmatched_12,9.16604,9.683641,8446,3.734930038452149
10X_P7_6_TAGGCATTCAGAGGTG,3-F-56,B cell,0,B cell,-1.8841293,2.1408737,8447,0.7919808030128479
10X_P7_6_TAGTGGTAGAACTCGG,3-F-56,T cell,3,T cell,3.6212873,23.532248,8448,0.6398200988769531
10X_P7_6_TAGTGGTAGAGTCTGG,3-F-56,B cell,0,B cell,-3.3725164,1.3258027,8449,0.6526292562484741
10X_P7_6_TAGTGGTAGGCGACAT,3-F-56,B cell,7,Unmatched_7,-5.5331783,0.8003473,8450,1.4616082906723022
10X_P7_6_TAGTGGTAGGTCGGAT,3-F-56,B cell,0,B cell,-1.9584688,1.049075,8451,0.5397593975067139
10X_P7_6_TAGTGGTAGTGAACGC,3-F-56,B cell,1,Unmatched_1,-2.7091584,4.2585735,8452,0.8412960767745972
10X_P7_6_TAGTGGTCAAACCCAT,3-F-56,T cell,9,Unmatched_9,7.0261636,23.6639,8453,1.7480826377868652
10X_P7_6_TAGTGGTCATTGAGCT,3-F-56,T cell,3,T cell,3.685955,22.92535,8454,0.8562049865722656
10X_P7_6_TAGTGGTGTAAATACG,3-F-56,T cell,2,Unmatched_2,2.4186985,25.507868,8455,0.8333210945129395
10X_P7_6_TAGTGGTGTCAATGTC,3-F-56,B cell,0,B cell,-2.7086093,1.7098821,8456,0.487015813589096
10X_P7_6_TAGTGGTGTCCATGAT,3-F-56,T cell,2,Unmatched_2,2.4610405,25.457993,8457,1.0432170629501345
10X_P7_6_TAGTGGTGTTACCAGT,3-F-56,B cell,0,B cell,-1.2234569,-1.3057745,8458,1.0123902559280396
10X_P7_6_TAGTGGTTCACCATAG,3-F-56,B cell,1,Unmatched_1,-2.9140987,5.06752,8459,1.0793651342391968
10X_P7_6_TAGTGGTTCATGTAGC,3-F-56,T cell,3,T cell,5.141165,24.8134,8460,1.129003882408142
10X_P7_6_TAGTGGTTCCTATTCA,3-F-56,B cell,0,B cell,-0.24917679,0.55006206,8461,0.4360710084438324
10X_P7_6_TAGTGGTTCCTCCTAG,3-F-56,B cell,0,B cell,-4.274475,0.32067525,8462,0.5848345756530762
10X_P7_6_TAGTGGTTCGCCATAA,3-F-56,B cell,0,B cell,-0.018278722,0.60483456,8463,0.5150061845779419
10X_P7_6_TAGTGGTTCGCGGATC,3-F-56,B cell,0,B cell,-0.6559913,-0.40053126,8464,0.6520411968231201
10X_P7_6_TAGTTGGAGAGTGAGA,3-F-56,T cell,2,Unmatched_2,2.4815557,26.298775,8465,1.7254811525344849
10X_P7_6_TAGTTGGAGGACTGGT,3-F-56,B cell,0,B cell,-3.113893,3.164871,8466,0.8399209976196289
10X_P7_6_TAGTTGGAGGCATGGT,3-F-56,T cell,3,T cell,2.5893943,23.321482,8467,0.6399170756340027
10X_P7_6_TAGTTGGCAAGTTCTG,3-F-56,T cell,9,Unmatched_9,7.0349627,23.654911,8468,1.319019794464111
10X_P7_6_TAGTTGGCACAACTGT,3-F-56,B cell,0,B cell,-1.2318507,1.0582399,8469,0.7136720418930054
10X_P7_6_TAGTTGGCAGGATCGA,3-F-56,B cell,0,B cell,0.06887183,0.3787249,8470,0.4970676600933075
10X_P7_6_TAGTTGGGTGATGTGG,3-F-56,B cell,0,B cell,0.1082298,-0.051529616,8471,0.4979816675186157
10X_P7_6_TAGTTGGGTGTTGAGG,3-F-56,B cell,0,B cell,-2.3089845,0.6727213,8472,0.6093254685401917
10X_P7_6_TAGTTGGGTTCGCTAA,3-F-56,B cell,1,Unmatched_1,-1.3343852,5.3535314,8473,1.0968366861343384
10X_P7_6_TAGTTGGTCTCAACTT,3-F-56,B cell,0,B cell,-0.72426873,-1.0013968,8474,0.6080647706985474
10X_P7_6_TAGTTGGTCTTTAGTC,3-F-56,B cell,0,B cell,-3.7806644,2.5285456,8475,0.9043728113174438
10X_P7_6_TATCAGGAGAAACCAT,3-F-56,B cell,0,B cell,-1.4236522,1.8191111,8476,0.5192184448242188
10X_P7_6_TATCAGGAGAAGGTTT,3-F-56,B cell,1,Unmatched_1,-1.271972,5.617154,8477,0.6226219534873962
10X_P7_6_TATCAGGAGCGATAGC,3-F-56,B cell,0,B cell,-4.613779,0.22636215,8478,1.1763005256652832
10X_P7_6_TATCAGGAGCTAGTGG,3-F-56,macrophage,5,macrophage,12.690732,14.90497,8479,1.9526423215866089
10X_P7_6_TATCAGGAGGACGAAA,3-F-56,B cell,1,Unmatched_1,-1.3504225,6.1183214,8480,0.4896619319915771
10X_P7_6_TATCAGGAGGCGACAT,3-F-56,B cell,0,B cell,-3.8856776,3.0373602,8481,1.0310015678405762
10X_P7_6_TATCAGGCACAACGCC,3-F-56,macrophage,5,macrophage,11.330562,14.555212,8482,1.9979108572006223
10X_P7_6_TATCAGGCAGTATAAG,3-F-56,T cell,2,Unmatched_2,2.6104822,26.428137,8483,0.5285735726356506
10X_P7_6_TATCAGGGTCAGGACA,3-F-56,B cell,7,Unmatched_7,-5.3374066,1.3362375,8484,1.5155977010726929
10X_P7_6_TATCAGGGTCCAGTTA,3-F-56,T cell,2,Unmatched_2,4.083033,26.525179,8485,1.2035483121871948
10X_P7_6_TATCAGGTCAGAGACG,3-F-56,B cell,0,B cell,-0.20587371,0.0062416694,8486,0.5754818916320801
10X_P7_6_TATCAGGTCATTATCC,3-F-56,B cell,4,Unmatched_4,-5.025725,4.1066504,8487,1.3819841146469116
10X_P7_6_TATCAGGTCTCCAGGG,3-F-56,B cell,0,B cell,-3.140845,-0.7135978,8488,1.1284111738204956
10X_P7_6_TATCTCAAGCACAGGT,3-F-56,B cell,0,B cell,0.3876517,0.34587196,8489,0.6641950607299805
10X_P7_6_TATCTCAAGGCCCGTT,3-F-56,B cell,0,B cell,-0.9159901,-0.8813751,8490,0.4822643399238586
10X_P7_6_TATCTCACAACTTGAC,3-F-56,B cell,1,Unmatched_1,-2.738752,4.9543753,8491,0.7670203447341919
10X_P7_6_TATCTCACAAGAGTCG,3-F-56,B cell,1,Unmatched_1,-0.80747867,6.222404,8492,0.9497475028038024
10X_P7_6_TATCTCACACAACGCC,3-F-56,B cell,0,B cell,-0.31432244,1.4171293,8493,0.4328315556049347
10X_P7_6_TATCTCAGTGAGGCTA,3-F-56,B cell,1,Unmatched_1,-2.370178,4.8727775,8494,0.5206104516983032
10X_P7_6_TATCTCAGTGATAAAC,3-F-56,B cell,1,Unmatched_1,-2.089254,5.887935,8495,0.599273145198822
10X_P7_6_TATCTCAGTGTCAATC,3-F-56,T cell,3,T cell,4.640157,24.37234,8496,0.8172671794891357
10X_P7_6_TATCTCAGTGTGGCTC,3-F-56,T cell,3,T cell,3.5874004,23.639624,8497,0.5665277242660522
10X_P7_6_TATCTCAGTTCCTCCA,3-F-56,B cell,0,B cell,-0.138064,-0.5328486,8498,0.7616642117500305
10X_P7_6_TATCTCATCAAACAAG,3-F-56,B cell,0,B cell,-2.1008892,-0.69012576,8499,0.7256813049316406
10X_P7_6_TATCTCATCACGCATA,3-F-56,B cell,1,Unmatched_1,-0.8697518,5.7790694,8500,0.7897015810012817
10X_P7_6_TATCTCATCGCAAGCC,3-F-56,B cell,0,B cell,-0.25955492,-0.6044424,8501,0.4629830718040466
10X_P7_6_TATCTCATCTCGTTTA,3-F-56,B cell,1,Unmatched_1,-2.2121549,4.458166,8502,0.9793680906295776
10X_P7_6_TATGCCCAGCCTCGTG,3-F-56,B cell,0,B cell,-4.407137,3.2618961,8503,0.808533251285553
10X_P7_6_TATGCCCAGCGATTCT,3-F-56,B cell,0,B cell,-2.0147595,0.9790754,8504,0.5908529758453369
10X_P7_6_TATGCCCAGCTCCCAG,3-F-56,T cell,3,T cell,3.0559413,23.396364,8505,0.737193763256073
10X_P7_6_TATGCCCCAATCACAC,3-F-56,T cell,3,T cell,2.9266846,23.094606,8506,0.567604660987854
10X_P7_6_TATGCCCCACAAGCCC,3-F-56,T cell,3,T cell,3.4010706,23.388542,8507,1.1021602153778076
10X_P7_6_TATGCCCCACGGCGTT,3-F-56,B cell,0,B cell,-1.807577,-0.44740835,8508,0.9822149276733398
10X_P7_6_TATGCCCCACTACAGT,3-F-56,macrophage,5,macrophage,12.554049,14.791965,8509,1.6786422729492188
10X_P7_6_TATGCCCGTCTGGTCG,3-F-56,B cell,0,B cell,-1.9464664,0.6057685,8510,0.4843873977661133
10X_P7_6_TATGCCCGTGTTGGGA,3-F-56,T cell,3,T cell,3.7013683,23.019556,8511,0.7934563755989075
10X_P7_6_TATGCCCGTTGCGCAC,3-F-56,B cell,1,Unmatched_1,-2.3556924,4.752085,8512,0.5524513125419617
10X_P7_6_TATGCCCTCACCATAG,3-F-56,B cell,0,B cell,-1.3959552,3.7977355,8513,0.4518124759197235
10X_P7_6_TATGCCCTCGCTTGTC,3-F-56,B cell,0,B cell,-1.3567227,-0.89463603,8514,0.8359120488166809
10X_P7_6_TATGCCCTCTGCGGCA,3-F-56,T cell,3,T cell,2.8584054,23.361359,8515,0.6349014639854431
10X_P7_6_TATTACCAGAAGGGTA,3-F-56,B cell,1,Unmatched_1,-1.4140114,5.2399583,8516,0.6531756520271301
10X_P7_6_TATTACCAGCAGACTG,3-F-56,B cell,0,B cell,0.30984375,0.5117873,8517,0.5556009411811829
10X_P7_6_TATTACCAGTGTCCAT,3-F-56,T cell,9,Unmatched_9,7.1425486,23.545855,8518,2.4527876377105717
10X_P7_6_TATTACCAGTGTTAGA,3-F-56,macrophage,5,macrophage,11.129917,14.407528,8519,1.4492019414901731
10X_P7_6_TATTACCCACGAAAGC,3-F-56,T cell,3,T cell,3.3934329,23.310427,8520,0.631879985332489
10X_P7_6_TATTACCCACGGATAG,3-F-56,T cell,3,T cell,4.5661993,24.549215,8521,0.899610161781311
10X_P7_6_TATTACCGTATTAGCC,3-F-56,B cell,0,B cell,-1.2186722,0.20405513,8522,0.722215473651886
10X_P7_6_TATTACCGTGAGTGAC,3-F-56,T cell,3,T cell,3.8956041,24.200218,8523,0.9887927770614624
10X_P7_6_TATTACCGTTCAACCA,3-F-56,B cell,0,B cell,-1.2744073,0.29567736,8524,0.7536150217056274
10X_P7_6_TATTACCTCCAGTAGT,3-F-56,B cell,0,B cell,-1.6888424,2.4720123,8525,0.8694567680358887
10X_P7_6_TATTACCTCCGCATAA,3-F-56,T cell,3,T cell,4.611379,24.414762,8526,0.9412856698036194
10X_P7_6_TATTACCTCGTCCAGG,3-F-56,T cell,3,T cell,4.317717,24.362875,8527,0.8689916729927063
10X_P7_6_TATTACCTCTGGCGAC,3-F-56,B cell,0,B cell,-2.4573393,2.4851866,8528,0.7005600929260254
10X_P7_6_TCAACGAAGATGCCAG,3-F-56,B cell,7,Unmatched_7,-5.609202,1.1684214,8529,1.0494892597198486
10X_P7_6_TCAACGAAGATGCCTT,3-F-56,B cell,0,B cell,-2.917179,1.6494002,8530,0.6091280579566956
10X_P7_6_TCAACGAAGCCACGTC,3-F-56,B cell,1,Unmatched_1,-2.412105,4.9643,8531,0.6672507524490356
10X_P7_6_TCAACGAAGCCAGGAT,3-F-56,B cell,4,Unmatched_4,-5.0517693,4.2385783,8532,0.7516437768936157
10X_P7_6_TCAACGAAGGGTCGAT,3-F-56,macrophage,5,macrophage,4.378614,13.63109,8533,2.2656795978546143
10X_P7_6_TCAACGACAAGTTAAG,3-F-56,T cell,2,Unmatched_2,2.939993,26.398865,8534,1.1073193550109863
10X_P7_6_TCAACGACACAACGTT,3-F-56,B cell,1,Unmatched_1,-3.830239,5.8661194,8535,0.9117985367774964
10X_P7_6_TCAACGACACGGCCAT,3-F-56,B cell,0,B cell,-0.81463665,-1.1503267,8536,0.7618989944458008
10X_P7_6_TCAACGACAGATTGCT,3-F-56,B cell,14,Unmatched_14,8.200744,15.743775,8537,5.334986209869385
10X_P7_6_TCAACGACAGGACCCT,3-F-56,B cell,1,Unmatched_1,-3.8909338,5.541707,8538,1.104918122291565
10X_P7_6_TCAACGAGTGTAAGTA,3-F-56,B cell,0,B cell,-0.61587435,1.9309984,8539,0.7294798493385315
10X_P7_6_TCAACGAGTTCCAACA,3-F-56,T cell,3,T cell,3.5484905,22.75488,8540,0.7101262807846069
10X_P7_6_TCAACGATCACCATAG,3-F-56,B cell,0,B cell,-0.22519347,-0.41093543,8541,0.4957318603992462
10X_P7_6_TCAACGATCACGGTTA,3-F-56,B cell,0,B cell,-3.8800952,1.6028341,8542,0.6453402042388916
10X_P7_6_TCAACGATCCTCAACC,3-F-56,B cell,0,B cell,-0.9557905,1.725569,8543,0.9564377665519714
10X_P7_6_TCAACGATCGATCCCT,3-F-56,B cell,0,B cell,-1.8683869,1.2115977,8544,0.3924395442008972
10X_P7_6_TCAATCTAGAACAATC,3-F-56,B cell,0,B cell,-0.8507022,-0.22738813,8545,0.6607353091239929
10X_P7_6_TCAATCTAGACTAAGT,3-F-56,B cell,0,B cell,-2.6936352,-0.6809451,8546,0.7906138300895691
10X_P7_6_TCAATCTAGACTCGGA,3-F-56,T cell,3,T cell,3.415823,23.699024,8547,0.5900817513465881
10X_P7_6_TCAATCTAGCGTAATA,3-F-56,B cell,0,B cell,-2.6356,0.7049183,8548,0.4807525277137756
10X_P7_6_TCAATCTAGGCCCGTT,3-F-56,B cell,1,Unmatched_1,-0.88597524,6.1326504,8549,0.4869860112667084
10X_P7_6_TCAATCTAGGCCCTCA,3-F-56,B cell,7,Unmatched_7,-5.596776,1.133893,8550,1.1391021013259888
10X_P7_6_TCAATCTAGTGTTAGA,3-F-56,B cell,0,B cell,-1.8454117,1.544358,8551,0.7842225432395935
10X_P7_6_TCAATCTCAATAGCGG,3-F-56,B cell,0,B cell,-1.2833071,-0.10855546,8552,1.2388139963150024
10X_P7_6_TCAATCTCAATGGATA,3-F-56,B cell,0,B cell,-3.5516577,0.93234247,8553,0.9016578793525696
10X_P7_6_TCAATCTCACCTCGGA,3-F-56,B cell,0,B cell,-1.8910116,1.0567627,8554,0.5322058796882629
10X_P7_6_TCAATCTCACGACGAA,3-F-56,T cell,9,Unmatched_9,7.087258,23.602125,8555,1.4138880968093872
10X_P7_6_TCAATCTCACGCCAGT,3-F-56,T cell,3,T cell,2.4547293,23.384249,8556,1.1638414859771729
10X_P7_6_TCAATCTCAGCCAGAA,3-F-56,B cell,0,B cell,-0.5624662,-0.2318404,8557,0.5806673169136047
10X_P7_6_TCAATCTGTAAATGTG,3-F-56,B cell,0,B cell,-0.52928245,0.38839194,8558,0.7047191262245178
10X_P7_6_TCAATCTGTAGAGTGC,3-F-56,B cell,0,B cell,-2.3512764,0.28866577,8559,0.4466595351696014
10X_P7_6_TCAATCTGTCCCGACA,3-F-56,B cell,0,B cell,-1.1118671,0.2632951,8560,1.276786208152771
10X_P7_6_TCAATCTGTCCCTACT,3-F-56,T cell,2,Unmatched_2,2.8788266,25.592476,8561,0.95342218875885
10X_P7_6_TCAATCTGTGGTGTAG,3-F-56,B cell,0,B cell,-0.8158647,-0.08256348,8562,0.426906555891037
10X_P7_6_TCAATCTGTTGGGACA,3-F-56,B cell,0,B cell,-1.057511,3.5732088,8563,0.8526597023010254
10X_P7_6_TCAATCTTCCGCGCAA,3-F-56,natural killer cell,6,natural killer cell,6.768008,25.655561,8564,1.9616174697875977
10X_P7_6_TCAATCTTCGGAATCT,3-F-56,B cell,0,B cell,-0.8623247,2.7871022,8565,0.9468222856521606
10X_P7_6_TCAATCTTCGTGGTCG,3-F-56,B cell,0,B cell,-3.5457666,-0.4641183,8566,0.6176404356956482
10X_P7_6_TCACAAGAGTTCGCGC,3-F-56,B cell,1,Unmatched_1,-1.6365136,6.1660976,8567,0.5689401030540466
10X_P7_6_TCACAAGCAAGGCTCC,3-F-56,T cell,3,T cell,2.527086,23.284735,8568,1.0988980531692505
10X_P7_6_TCACAAGCAATCGGTT,3-F-56,B cell,0,B cell,-0.55366194,0.93969786,8569,1.231933832168579
10X_P7_6_TCACAAGCACACGCTG,3-F-56,B cell,1,Unmatched_1,-2.317956,4.4518414,8570,0.7000028491020203
10X_P7_6_TCACAAGGTCGATTGT,3-F-56,T cell,9,Unmatched_9,7.0087576,23.68108,8571,1.4698853492736816
10X_P7_6_TCACAAGGTTACGACT,3-F-56,B cell,0,B cell,-0.8738996,-0.2847065,8572,0.6016742587089539
10X_P7_6_TCACAAGTCCCAAGTA,3-F-56,B cell,0,B cell,-3.6064942,-0.6765609,8573,1.0563753843307495
10X_P7_6_TCACGAACACAGACTT,3-F-56,B cell,4,Unmatched_4,-2.5762796,8.811944,8574,1.0166497230529783
10X_P7_6_TCACGAACAGCTGCTG,3-F-56,T cell,3,T cell,3.4397278,23.362244,8575,0.6223244071006775
10X_P7_6_TCACGAACAGCTGTGC,3-F-56,B cell,0,B cell,-0.80362105,-0.5981541,8576,0.7114526033401489
10X_P7_6_TCACGAACATCTGGTA,3-F-56,B cell,1,Unmatched_1,-1.9851658,5.5812154,8577,0.5457707643508911
10X_P7_6_TCACGAAGTCTAGTCA,3-F-56,T cell,3,T cell,5.350562,24.94812,8578,1.521364688873291
10X_P7_6_TCACGAAGTGAGGCTA,3-F-56,macrophage,8,Unmatched_8,10.03849,12.345993,8579,2.1745235919952397
10X_P7_6_TCACGAAGTTCCCTTG,3-F-56,B cell,0,B cell,-0.027040653,-0.21863312,8580,0.526561439037323
10X_P7_6_TCACGAATCCCAGGTG,3-F-56,T cell,3,T cell,2.6868117,23.034533,8581,0.9499359130859376
10X_P7_6_TCAGATGAGCCAGTAG,3-F-56,B cell,1,Unmatched_1,-1.7186956,4.5028625,8582,0.6401536464691162
10X_P7_6_TCAGATGAGCGAGAAA,3-F-56,B cell,1,Unmatched_1,-2.5147636,4.3360395,8583,0.6974027752876282
10X_P7_6_TCAGATGAGTCGTACT,3-F-56,B cell,0,B cell,-1.7542732,2.1059487,8584,0.985070526599884
10X_P7_6_TCAGATGCAAAGCGGT,3-F-56,B cell,1,Unmatched_1,-1.2108324,4.83593,8585,0.792398989200592
10X_P7_6_TCAGATGCAAGTTAAG,3-F-56,B cell,0,B cell,-2.3041844,3.2880812,8586,1.4507254362106323
10X_P7_6_TCAGATGCACACATGT,3-F-56,B cell,1,Unmatched_1,-3.6556566,3.5906785,8587,0.7348486185073853
10X_P7_6_TCAGATGGTCATTAGC,3-F-56,B cell,1,Unmatched_1,-2.1990693,6.127623,8588,0.7119579315185547
10X_P7_6_TCAGATGGTCCAAGTT,3-F-56,B cell,0,B cell,-1.8425967,-0.735722,8589,0.666074812412262
10X_P7_6_TCAGATGGTCGCGGTT,3-F-56,B cell,0,B cell,-0.7265547,1.8249608,8590,1.140546441078186
10X_P7_6_TCAGATGGTGCCTGTG,3-F-56,T cell,3,T cell,2.8670588,23.678093,8591,0.9868388772010804
10X_P7_6_TCAGATGGTTAGATGA,3-F-56,B cell,4,Unmatched_4,-5.048384,2.9211972,8592,1.2281945943832395
10X_P7_6_TCAGATGGTTCCCTTG,3-F-56,B cell,0,B cell,-3.1163561,1.7430241,8593,0.4834566414356231
10X_P7_6_TCAGATGGTTGTTTGG,3-F-56,B cell,0,B cell,-0.31872073,2.6548316,8594,0.634583592414856
10X_P7_6_TCAGATGTCATTGCCC,3-F-56,T cell,2,Unmatched_2,2.0945158,26.382673,8595,0.7126572728157043
10X_P7_6_TCAGATGTCGTGGTCG,3-F-56,B cell,1,Unmatched_1,-1.3117142,6.236315,8596,0.4684350192546844
10X_P7_6_TCAGCAAAGGACAGAA,3-F-56,B cell,7,Unmatched_7,-5.6608434,1.0022494,8597,1.550791621208191
10X_P7_6_TCAGCAAAGTGAACGC,3-F-56,B cell,4,Unmatched_4,-2.4360693,8.716963,8598,0.7267303466796875
10X_P7_6_TCAGCAAAGTGGGATC,3-F-56,T cell,2,Unmatched_2,2.6064909,25.643991,8599,0.5756716132164001
10X_P7_6_TCAGCAAAGTGGTAGC,3-F-56,B cell,0,B cell,-0.6277851,0.11025924,8600,0.4280875027179718
10X_P7_6_TCAGCAACAATCTGCA,3-F-56,B cell,4,Unmatched_4,-3.25595,3.715198,8601,0.5233511328697205
10X_P7_6_TCAGCAACAGCGAACA,3-F-56,B cell,0,B cell,-1.8330281,1.1520007,8602,0.5182921290397644
10X_P7_6_TCAGCAACATAACCTG,3-F-56,B cell,4,Unmatched_4,-5.016086,3.1076748,8603,1.1184401512145996
10X_P7_6_TCAGCAACATTACCTT,3-F-56,B cell,0,B cell,0.28476727,0.38421258,8604,0.4274799227714538
10X_P7_6_TCAGCAAGTAGCTCCG,3-F-56,B cell,0,B cell,-2.0806336,0.9397379,8605,0.493913471698761
10X_P7_6_TCAGCAAGTATAGGGC,3-F-56,T cell,2,Unmatched_2,2.8182395,26.46389,8606,0.7067460417747498
10X_P7_6_TCAGCAAGTATCGCAT,3-F-56,B cell,1,Unmatched_1,-1.8410755,5.425384,8607,0.441321313381195
10X_P7_6_TCAGCAAGTCGAGATG,3-F-56,B cell,6,natural killer cell,0.7534914,2.9400318,8608,0.5001294016838074
10X_P7_6_TCAGCAAGTTCGCGAC,3-F-56,B cell,1,Unmatched_1,-1.5637662,5.0448875,8609,0.5747765898704529
10X_P7_6_TCAGCAATCAGGTAAA,3-F-56,macrophage,4,Unmatched_4,10.880467,14.380598,8610,2.8133697509765625
10X_P7_6_TCAGCAATCATAAAGG,3-F-56,B cell,1,Unmatched_1,-1.9853221,4.3302493,8611,0.8180350065231323
10X_P7_6_TCAGCAATCCCACTTG,3-F-56,T cell,3,T cell,2.7108858,23.219479,8612,0.6268183588981628
10X_P7_6_TCAGCAATCTATCCCG,3-F-56,T cell,3,T cell,3.651727,22.948725,8613,0.8103165030479431
10X_P7_6_TCAGCTCAGCAGCCTC,3-F-56,T cell,3,T cell,3.6214664,22.894197,8614,0.7189734578132629
10X_P7_6_TCAGCTCCAATCCAAC,3-F-56,B cell,0,B cell,-0.74974316,2.6610246,8615,1.126239538192749
10X_P7_6_TCAGCTCCAGGCTGAA,3-F-56,B cell,0,B cell,-3.1625874,-0.55035263,8616,0.933626353740692
10X_P7_6_TCAGCTCGTAGCACGA,3-F-56,B cell,0,B cell,-2.1355364,0.69628537,8617,0.4395485818386078
10X_P7_6_TCAGCTCTCACGGTTA,3-F-56,B cell,4,Unmatched_4,-5.040366,3.1958282,8618,1.2454631328582764
10X_P7_6_TCAGCTCTCCCTTGTG,3-F-56,B cell,4,Unmatched_4,-3.9578192,4.332812,8619,0.7420698404312134
10X_P7_6_TCAGCTCTCTGCAGTA,3-F-56,B cell,0,B cell,-1.5094697,1.4719669,8620,0.4944919645786285
10X_P7_6_TCAGCTCTCTGGTGTA,3-F-56,B cell,1,Unmatched_1,-1.5674318,5.2267427,8621,0.8820441365242004
10X_P7_6_TCAGCTCTCTTAGCCC,3-F-56,B cell,0,B cell,-1.6320778,1.0838221,8622,0.597442090511322
10X_P7_6_TCAGCTCTCTTGACGA,3-F-56,T cell,2,Unmatched_2,2.3890078,25.082865,8623,1.422761082649231
10X_P7_6_TCAGGATAGGAGTAGA,3-F-56,T cell,2,Unmatched_2,4.4491544,25.97516,8624,1.6393530368804932
10X_P7_6_TCAGGATAGTGATCGG,3-F-56,T cell,2,Unmatched_2,4.1924887,25.735971,8625,1.546107292175293
10X_P7_6_TCAGGATAGTGTTAGA,3-F-56,T cell,3,T cell,2.4692955,23.25867,8626,0.6963014602661133
10X_P7_6_TCAGGATCAGACAAAT,3-F-56,B cell,1,Unmatched_1,-1.4049307,5.6644197,8627,0.7033122181892395
10X_P7_6_TCAGGATGTAGCAAAT,3-F-56,B cell,0,B cell,-1.6385138,3.6909053,8628,0.7764890193939209
10X_P7_6_TCAGGATGTCAGCTAT,3-F-56,B cell,0,B cell,-0.36732537,-0.94082695,8629,0.5194776058197021
10X_P7_6_TCAGGATGTTGGACCC,3-F-56,T cell,2,Unmatched_2,2.7591436,26.379913,8630,0.6782629489898682
10X_P7_6_TCAGGATTCAACACGT,3-F-56,B cell,0,B cell,-1.5290831,3.1895006,8631,0.6478630900382996
10X_P7_6_TCAGGATTCACATAGC,3-F-56,B cell,0,B cell,-1.4938446,3.4289498,8632,0.8063790202140808
10X_P7_6_TCAGGATTCAGCTGGC,3-F-56,B cell,0,B cell,-2.3830054,2.1892579,8633,0.7502281069755554
10X_P7_6_TCAGGATTCAGCTTAG,3-F-56,B cell,0,B cell,-2.0908492,1.4870176,8634,0.5137869715690613
10X_P7_6_TCAGGATTCATAGCAC,3-F-56,B cell,0,B cell,-2.6569538,0.9005176,8635,0.7732363343238831
10X_P7_6_TCAGGATTCATGCAAC,3-F-56,B cell,4,Unmatched_4,-4.330901,4.123074,8636,1.9574366807937624
10X_P7_6_TCAGGATTCTCCAGGG,3-F-56,B cell,0,B cell,-1.4018232,-1.2400236,8637,0.6868850588798523
10X_P7_6_TCAGGTAAGAACTCGG,3-F-56,B cell,0,B cell,-1.4384782,-0.48880747,8638,0.7484118938446045
10X_P7_6_TCAGGTAAGAAGGGTA,3-F-56,B cell,1,Unmatched_1,-1.3635186,5.784496,8639,0.4164028465747833
10X_P7_6_TCAGGTAAGAGCTGCA,3-F-56,B cell,7,Unmatched_7,-5.5715804,1.2600802,8640,1.1183738708496094
10X_P7_6_TCAGGTAAGATCCGAG,3-F-56,T cell,3,T cell,3.3597515,23.643267,8641,0.6367738842964172
10X_P7_6_TCAGGTAAGCGTGAGT,3-F-56,B cell,0,B cell,-2.211095,-0.18473709,8642,0.5524237155914307
10X_P7_6_TCAGGTAAGGGATGGG,3-F-56,T cell,2,Unmatched_2,4.285059,26.563524,8643,1.387389898300171
10X_P7_6_TCAGGTACAAGGTTCT,3-F-56,B cell,0,B cell,-2.0417728,2.5510693,8644,0.6805811524391174
10X_P7_6_TCAGGTACAGGCGATA,3-F-56,B cell,0,B cell,-2.9654608,0.6277335,8645,0.5285726189613342
10X_P7_6_TCAGGTAGTCTAGCCG,3-F-56,B cell,1,Unmatched_1,-2.7065709,5.9815135,8646,0.4830898940563202
10X_P7_6_TCAGGTAGTGCATCTA,3-F-56,T cell,9,Unmatched_9,7.0622206,23.619223,8647,1.8266600370407104
10X_P7_6_TCAGGTATCAGAAATG,3-F-56,B cell,4,Unmatched_4,-3.3421443,3.731625,8648,0.9387357831001282
10X_P7_6_TCAGGTATCGCTTAGA,3-F-56,T cell,3,T cell,3.3764024,23.22067,8649,0.5832984447479248
10X_P7_6_TCAGGTATCTTAGAGC,3-F-56,B cell,4,Unmatched_4,-4.255435,4.2133036,8650,0.8391844630241394
10X_P7_6_TCATTACAGATCGATA,3-F-56,B cell,0,B cell,-3.6943455,2.4254808,8651,0.862112283706665
10X_P7_6_TCATTACAGCACCGCT,3-F-56,B cell,0,B cell,-3.562216,1.3398159,8652,0.4331782758235931
10X_P7_6_TCATTACAGGATTCGG,3-F-56,B cell,0,B cell,-2.3223307,1.1362518,8653,0.6507190465927124
10X_P7_6_TCATTACAGTACACCT,3-F-56,B cell,0,B cell,-1.8785802,1.5416368,8654,0.9329570531845092
10X_P7_6_TCATTACAGTGAACGC,3-F-56,B cell,12,Unmatched_12,9.193857,9.65679,8655,4.668008327484131
10X_P7_6_TCATTACCACGGTGTC,3-F-56,B cell,0,B cell,-1.0936583,1.701795,8656,1.2666561603546145
10X_P7_6_TCATTACGTAGCTGCC,3-F-56,T cell,3,T cell,5.112572,24.976707,8657,1.413375973701477
10X_P7_6_TCATTACGTATCAGTC,3-F-56,B cell,0,B cell,-2.1658988,2.627893,8658,0.7700309157371521
10X_P7_6_TCATTACGTGATGCCC,3-F-56,T cell,2,Unmatched_2,2.3478498,25.70549,8659,0.7207452058792114
10X_P7_6_TCATTACGTGGTCTCG,3-F-56,B cell,0,B cell,-2.5684404,0.24208982,8660,0.5140615701675415
10X_P7_6_TCATTACGTTACGTCA,3-F-56,B cell,0,B cell,-0.94550747,0.012368763,8661,0.5336408019065857
10X_P7_6_TCATTACGTTATCACG,3-F-56,T cell,2,Unmatched_2,1.7381723,25.602858,8662,0.6178813576698303
10X_P7_6_TCATTACGTTCGTGAT,3-F-56,B cell,0,B cell,-0.6616618,-0.85769105,8663,0.6422414779663086
10X_P7_6_TCATTACTCAACGGCC,3-F-56,macrophage,8,Unmatched_8,10.56732,11.930302,8664,3.646089553833008
10X_P7_6_TCATTACTCGCTTAGA,3-F-56,B cell,0,B cell,-0.68112814,1.7164184,8665,0.8388198614120483
10X_P7_6_TCATTACTCTGCGTAA,3-F-56,T cell,3,T cell,4.8076086,24.377987,8666,0.8681140542030334
10X_P7_6_TCATTTGAGGCAGTCA,3-F-56,T cell,2,Unmatched_2,2.7082732,25.562017,8667,0.6739267706871033
10X_P7_6_TCATTTGAGGTGATAT,3-F-56,natural killer cell,6,natural killer cell,7.174997,26.463007,8668,1.894827365875244
10X_P7_6_TCATTTGAGTGAATTG,3-F-56,T cell,2,Unmatched_2,2.0762632,25.345749,8669,0.7139557003974915
10X_P7_6_TCATTTGCATGCCTAA,3-F-56,T cell,3,T cell,3.2839487,22.991238,8670,1.0376811027526855
10X_P7_6_TCATTTGGTACTCGCG,3-F-56,B cell,0,B cell,-1.8267438,0.41611695,8671,0.6195046901702881
10X_P7_6_TCATTTGGTGTTTGGT,3-F-56,B cell,4,Unmatched_4,-2.4045792,8.670147,8672,0.9983714818954468
10X_P7_6_TCATTTGTCCAAGCCG,3-F-56,T cell,2,Unmatched_2,1.6951503,25.620462,8673,1.065337300300598
10X_P7_6_TCATTTGTCCGAAGAG,3-F-56,B cell,0,B cell,-1.599181,1.7660403,8674,1.3919254541397097
10X_P7_6_TCATTTGTCGTCCAGG,3-F-56,B cell,2,Unmatched_2,0.7114778,22.845802,8675,1.2410576343536377
10X_P7_6_TCATTTGTCTACCAGA,3-F-56,B cell,0,B cell,-2.078039,-1.0126417,8676,0.5760959982872009
10X_P7_6_TCATTTGTCTATCGCC,3-F-56,T cell,2,Unmatched_2,2.6852992,26.395086,8677,0.6371808648109436
10X_P7_6_TCCACACAGCCGTCGT,3-F-56,B cell,0,B cell,-2.464256,-0.24724701,8678,0.6102548241615295
10X_P7_6_TCCACACAGCTAAACA,3-F-56,B cell,2,Unmatched_2,4.6866393,25.675577,8679,1.6913529634475708
10X_P7_6_TCCACACCACGGCGTT,3-F-56,B cell,1,Unmatched_1,-1.1208901,5.781419,8680,0.4458794593811035
10X_P7_6_TCCACACCACGTCAGC,3-F-56,B cell,0,B cell,-0.81827605,0.5431783,8681,0.6081443428993225
10X_P7_6_TCCACACGTAAAGTCA,3-F-56,B cell,0,B cell,0.16870794,-0.44334137,8682,0.4656214118003845
10X_P7_6_TCCACACGTAAATGTG,3-F-56,B cell,0,B cell,0.111890726,2.4784672,8683,1.266484260559082
10X_P7_6_TCCACACGTCATGCAT,3-F-56,B cell,0,B cell,-0.6227617,3.0413716,8684,1.2748425006866455
10X_P7_6_TCCACACGTGGAAAGA,3-F-56,B cell,0,B cell,-0.5091315,1.9830092,8685,0.4421973526477813
10X_P7_6_TCCACACGTGTGAATA,3-F-56,B cell,4,Unmatched_4,-4.0875216,3.991921,8686,0.9878592491149902
10X_P7_6_TCCACACGTTAAGACA,3-F-56,B cell,0,B cell,-1.1689838,3.4724777,8687,0.8515839576721191
10X_P7_6_TCCACACTCAATCACG,3-F-56,B cell,0,B cell,-0.51108426,-0.07468837,8688,0.4338424801826477
10X_P7_6_TCCACACTCTCTGTCG,3-F-56,B cell,0,B cell,-3.3822107,2.9384243,8689,0.7276663780212402
10X_P7_6_TCCACACTCTGAAAGA,3-F-56,B cell,0,B cell,-2.706242,2.490728,8690,0.7784117460250854
10X_P7_6_TCCCGATAGAGCCCAA,3-F-56,B cell,1,Unmatched_1,-1.1223569,6.153155,8691,0.539938747882843
10X_P7_6_TCCCGATAGATCACGG,3-F-56,T cell,2,Unmatched_2,2.6694822,25.826454,8692,0.8026501536369324
10X_P7_6_TCCCGATAGTCCGTAT,3-F-56,B cell,0,B cell,-2.0150034,-0.88069993,8693,0.7204949855804443
10X_P7_6_TCCCGATCATCAGTCA,3-F-56,B cell,0,B cell,-2.3804734,3.4408073,8694,0.6416528820991516
10X_P7_6_TCCCGATCATCTCGCT,3-F-56,T cell,2,Unmatched_2,2.9648585,26.128267,8695,0.7650046944618225
10X_P7_6_TCCCGATGTCACTTCC,3-F-56,B cell,0,B cell,0.2941086,-0.11346455,8696,0.469524472951889
10X_P7_6_TCCCGATGTCCGACGT,3-F-56,natural killer cell,6,natural killer cell,7.157119,26.536306,8697,1.6824923753738403
10X_P7_6_TCCCGATGTGTAACGG,3-F-56,T cell,3,T cell,4.537191,25.366537,8698,1.8169912099838257
10X_P7_6_TCCCGATTCAACGCTA,3-F-56,B cell,0,B cell,-1.7312038,3.351135,8699,1.1910027265548706
10X_P7_6_TCCCGATTCATAACCG,3-F-56,B cell,0,B cell,-1.0267853,2.0466614,8700,0.7893688082695007
10X_P7_6_TCCCGATTCCGTAGGC,3-F-56,T cell,3,T cell,2.4477031,23.241781,8701,1.193694233894348
10X_P7_6_TCCCGATTCGGACAAG,3-F-56,B cell,0,B cell,-1.9286932,2.9990144,8702,0.9879493713378906
10X_P7_6_TCCCGATTCTCGGACG,3-F-56,T cell,2,Unmatched_2,2.7913318,26.476181,8703,0.8005202412605286
10X_P7_6_TCCCGATTCTCTGAGA,3-F-56,T cell,3,T cell,3.3943043,23.647581,8704,0.7824719548225403
10X_P7_6_TCGAGGCAGTGAAGTT,3-F-56,T cell,3,T cell,3.4047983,22.926668,8705,0.6257516741752625
10X_P7_6_TCGAGGCCAGATGGCA,3-F-56,B cell,1,Unmatched_1,-1.0983365,6.2225366,8706,0.5526002645492554
10X_P7_6_TCGAGGCCATCCTAGA,3-F-56,B cell,1,Unmatched_1,-2.957537,4.4198713,8707,0.9745097756385804
10X_P7_6_TCGAGGCGTATGGTTC,3-F-56,B cell,0,B cell,-2.2159996,0.46839058,8708,0.9093949794769288
10X_P7_6_TCGAGGCGTCTAAAGA,3-F-56,B cell,4,Unmatched_4,-5.133665,2.8210385,8709,1.2035646438598633
10X_P7_6_TCGAGGCGTTGCGTTA,3-F-56,B cell,0,B cell,-0.7518103,2.3745651,8710,0.5503578186035156
10X_P7_6_TCGCGAGAGCCATCGC,3-F-56,B cell,0,B cell,-1.0795527,-0.8459753,8711,0.8452867269515991
10X_P7_6_TCGCGAGAGGGCACTA,3-F-56,B cell,1,Unmatched_1,-1.1445022,5.7420516,8712,0.4296594560146332
10X_P7_6_TCGCGAGAGTAGTGCG,3-F-56,T cell,2,Unmatched_2,2.3710344,25.831905,8713,0.6764063835144043
10X_P7_6_TCGCGAGAGTATCGAA,3-F-56,B cell,0,B cell,-0.074241735,0.61342734,8714,0.5920071005821228
10X_P7_6_TCGCGAGCAACAACCT,3-F-56,natural killer cell,6,natural killer cell,7.1326838,26.527962,8715,1.8179742097854612
10X_P7_6_TCGCGAGCACAGACTT,3-F-56,B cell,0,B cell,-1.3923275,-0.43340018,8716,0.7185380458831787
10X_P7_6_TCGCGAGCATGTAGTC,3-F-56,T cell,3,T cell,3.6281006,22.84376,8717,0.5789681673049927
10X_P7_6_TCGCGAGGTCATACTG,3-F-56,B cell,0,B cell,-1.028411,0.5621461,8718,1.686346411705017
10X_P7_6_TCGCGAGGTTATCACG,3-F-56,T cell,2,Unmatched_2,2.78461,25.738815,8719,0.5892746448516846
10X_P7_6_TCGCGAGGTTCGGGCT,3-F-56,B cell,0,B cell,-0.1460364,-0.23070538,8720,0.7957838177680969
10X_P7_6_TCGCGAGGTTGTCTTT,3-F-56,B cell,0,B cell,-3.8059716,2.8533564,8721,1.2133926153182983
10X_P7_6_TCGCGAGTCAGAGACG,3-F-56,B cell,1,Unmatched_1,-1.6691691,4.13798,8722,0.6134276986122131
10X_P7_6_TCGCGAGTCCCTTGCA,3-F-56,B cell,0,B cell,-0.95249283,1.6624835,8723,0.7181559205055237
10X_P7_6_TCGCGAGTCGTCTGCT,3-F-56,T cell,2,Unmatched_2,2.2436705,25.619455,8724,0.5942298173904419
10X_P7_6_TCGCGAGTCTGCTTGC,3-F-56,macrophage,5,macrophage,11.140863,14.452703,8725,1.914529800415039
10X_P7_6_TCGCGTTAGCTGTCTA,3-F-56,T cell,2,Unmatched_2,1.7421607,25.551342,8726,0.6794320940971375
10X_P7_6_TCGCGTTAGGCGACAT,3-F-56,B cell,0,B cell,-0.7992659,0.84617054,8727,0.7775273323059082
10X_P7_6_TCGCGTTAGTGAAGAG,3-F-56,B cell,4,Unmatched_4,-5.0844145,2.7171402,8728,1.6321907043457031
10X_P7_6_TCGCGTTCACGGTGTC,3-F-56,T cell,3,T cell,3.7072806,23.495531,8729,0.798385500907898
10X_P7_6_TCGCGTTCATACGCCG,3-F-56,B cell,0,B cell,-2.4767604,3.7564204,8730,0.7155107259750366
10X_P7_6_TCGCGTTCATCCAACA,3-F-56,T cell,2,Unmatched_2,3.0300753,26.025845,8731,0.7216104865074158
10X_P7_6_TCGCGTTCATCCTAGA,3-F-56,B cell,0,B cell,-3.2080507,1.5160637,8732,0.5030552744865417
10X_P7_6_TCGCGTTGTATCGCAT,3-F-56,B cell,0,B cell,-1.9091699,-0.8089226,8733,0.7131707072257996
10X_P7_6_TCGCGTTGTCAGATAA,3-F-56,B cell,1,Unmatched_1,-1.258355,5.9628963,8734,0.5362364649772644
10X_P7_6_TCGCGTTGTCGCATCG,3-F-56,T cell,3,T cell,3.1645024,23.636625,8735,0.8147298097610474
10X_P7_6_TCGCGTTGTTATCACG,3-F-56,B cell,0,B cell,-0.7230266,2.9040241,8736,0.6433348059654236
10X_P7_6_TCGCGTTGTTTGTTGG,3-F-56,B cell,0,B cell,-2.2960072,0.68032664,8737,0.3991040289402008
10X_P7_6_TCGCGTTTCACAGTAC,3-F-56,B cell,0,B cell,-2.8932998,3.6165662,8738,0.8274742960929871
10X_P7_6_TCGCGTTTCGCTGATA,3-F-56,B cell,1,Unmatched_1,-2.8021896,6.0938716,8739,0.4526315629482269
10X_P7_6_TCGCGTTTCGGAAACG,3-F-56,macrophage,13,Unmatched_13,13.096988,13.577742,8740,2.8444366455078125
10X_P7_6_TCGGGACAGACTTGAA,3-F-56,T cell,2,Unmatched_2,2.90897,25.48688,8741,1.5271157026290894
10X_P7_6_TCGGGACAGGAGTACC,3-F-56,B cell,0,B cell,-0.9825948,1.8790492,8742,0.5948030948638916
10X_P7_6_TCGGGACAGGTGACCA,3-F-56,B cell,0,B cell,-0.98989916,-1.1546282,8743,0.653255820274353
10X_P7_6_TCGGGACAGTAGGTGC,3-F-56,T cell,2,Unmatched_2,2.2505217,26.07348,8744,0.8627030849456787
10X_P7_6_TCGGGACCAGGGCATA,3-F-56,natural killer cell,6,natural killer cell,7.036725,26.38922,8745,1.9340020418167116
10X_P7_6_TCGGGACGTCAACATC,3-F-56,B cell,0,B cell,-1.8878986,-0.82064915,8746,0.5931671261787415
10X_P7_6_TCGGGACGTGACTACT,3-F-56,macrophage,5,macrophage,13.441241,15.414989,8747,1.5493285655975342
10X_P7_6_TCGGGACGTTCCCGAG,3-F-56,B cell,1,Unmatched_1,-2.7783074,4.7951593,8748,1.613500952720642
10X_P7_6_TCGGGACTCATCACCC,3-F-56,B cell,0,B cell,-1.0859548,-0.98171127,8749,0.7402716279029846
10X_P7_6_TCGGGACTCCCAACGG,3-F-56,B cell,0,B cell,0.2967517,-0.07811988,8750,0.7156766057014465
10X_P7_6_TCGGGACTCGCCAGCA,3-F-56,macrophage,8,Unmatched_8,10.004644,12.385993,8751,2.4939160346984863
10X_P7_6_TCGGTAAAGCAACGGT,3-F-56,B cell,1,Unmatched_1,-2.1182299,5.549692,8752,0.6739402413368225
10X_P7_6_TCGGTAACACATCTTT,3-F-56,T cell,3,T cell,2.664497,23.324184,8753,0.5367661714553833
10X_P7_6_TCGGTAACACCAGTTA,3-F-56,T cell,9,Unmatched_9,7.081962,23.606588,8754,1.5311341285705566
10X_P7_6_TCGGTAAGTATAATGG,3-F-56,macrophage,5,macrophage,11.394959,14.583905,8755,2.041724443435669
10X_P7_6_TCGGTAAGTCGAGTTT,3-F-56,B cell,0,B cell,-2.432575,3.2559333,8756,0.6379562616348267
10X_P7_6_TCGGTAAGTTCACGGC,3-F-56,T cell,3,T cell,5.080327,25.03371,8757,1.857526183128357
10X_P7_6_TCGGTAATCAGGATCT,3-F-56,B cell,1,Unmatched_1,-2.4320266,4.917387,8758,0.701387345790863
10X_P7_6_TCGGTAATCCCAACGG,3-F-56,B cell,0,B cell,-2.7676632,1.886501,8759,0.499826431274414
10X_P7_6_TCGGTAATCTACTCAT,3-F-56,B cell,0,B cell,-1.4356283,0.28860027,8760,0.6803452372550964
10X_P7_6_TCGGTAATCTCTAGGA,3-F-56,macrophage,5,macrophage,11.116785,14.429072,8761,1.5298068523406982
10X_P7_6_TCGTACCAGCGCTCCA,3-F-56,B cell,14,Unmatched_14,8.2063675,15.736033,8762,5.334986209869385
10X_P7_6_TCGTACCAGGCTCTTA,3-F-56,B cell,0,B cell,-2.037038,3.5131118,8763,0.7394400238990784
10X_P7_6_TCGTACCAGTCTCCTC,3-F-56,macrophage,5,macrophage,11.866442,14.615053,8764,2.1294376850128174
10X_P7_6_TCGTACCCACCAGATT,3-F-56,T cell,3,T cell,5.2008305,24.838371,8765,1.8600211143493648
10X_P7_6_TCGTACCCATTACCTT,3-F-56,B cell,0,B cell,-0.84156364,-1.2024109,8766,1.1094144582748413
10X_P7_6_TCGTACCGTACCGGCT,3-F-56,B cell,0,B cell,-1.1965355,-0.290837,8767,0.6210755705833435
10X_P7_6_TCGTACCGTATCACCA,3-F-56,B cell,0,B cell,-1.5054886,1.457999,8768,0.6614999175071716
10X_P7_6_TCGTACCGTCAGTGGA,3-F-56,B cell,0,B cell,-1.1458187,-1.2188966,8769,0.868545651435852
10X_P7_6_TCGTACCGTCTCGTTC,3-F-56,B cell,1,Unmatched_1,-1.6128256,6.0258894,8770,0.6963648200035095
10X_P7_6_TCGTACCGTGACGCCT,3-F-56,T cell,2,Unmatched_2,3.0647135,25.576048,8771,1.0900347232818604
10X_P7_6_TCGTACCTCAAAGACA,3-F-56,macrophage,8,Unmatched_8,10.372092,12.11079,8772,2.452089548110962
10X_P7_6_TCGTACCTCAGCTCTC,3-F-56,B cell,0,B cell,-3.901346,1.2598895,8773,0.802239179611206
10X_P7_6_TCGTACCTCGCTGATA,3-F-56,B cell,1,Unmatched_1,-1.3072084,5.994169,8774,0.4140131771564483
10X_P7_6_TCGTAGAAGCTATGCT,3-F-56,B cell,0,B cell,-0.4625871,-0.03650312,8775,0.5525528788566589
10X_P7_6_TCGTAGAAGGCTATCT,3-F-56,B cell,0,B cell,0.09470082,-0.50180906,8776,0.4046336710453033
10X_P7_6_TCGTAGAAGGGCACTA,3-F-56,B cell,1,Unmatched_1,-2.3350923,4.98631,8777,0.5830674767494202
10X_P7_6_TCGTAGACAAACTGTC,3-F-56,B cell,4,Unmatched_4,-4.1970377,4.176559,8778,1.189831018447876
10X_P7_6_TCGTAGACACCAGGTC,3-F-56,B cell,0,B cell,-2.0862277,0.60927725,8779,1.0174779891967771
10X_P7_6_TCGTAGACAGACTCGC,3-F-56,B cell,0,B cell,-2.3787436,1.027945,8780,0.5206274390220642
10X_P7_6_TCGTAGACATCACCCT,3-F-56,B cell,4,Unmatched_4,9.223981,14.067441,8781,1.7205564975738523
10X_P7_6_TCGTAGAGTCGGGTCT,3-F-56,B cell,0,B cell,-0.9956681,2.2385929,8782,0.7181536555290222
10X_P7_6_TCGTAGATCATCTGCC,3-F-56,B cell,4,Unmatched_4,8.875777,14.289752,8783,1.4158493280410769
10X_P7_6_TCGTAGATCCAGTAGT,3-F-56,B cell,0,B cell,-0.8342882,0.2596507,8784,0.4965875446796417
10X_P7_6_TCGTAGATCGAATCCA,3-F-56,B cell,0,B cell,-0.44805712,0.23067717,8785,0.5164002180099487
10X_P7_6_TCGTAGATCTACCAGA,3-F-56,B cell,0,B cell,-1.940582,0.21435301,8786,0.694683313369751
10X_P7_6_TCGTAGATCTATGTGG,3-F-56,T cell,3,T cell,4.45836,25.106804,8787,1.999839305877685
10X_P7_6_TCGTAGATCTCCAACC,3-F-56,T cell,3,T cell,2.9744403,22.761253,8788,0.7707899212837219
10X_P7_6_TCGTAGATCTGGAGCC,3-F-56,B cell,0,B cell,-1.096436,3.4105544,8789,1.0578320026397705
10X_P7_6_TCTATTGAGCTGTCTA,3-F-56,B cell,4,Unmatched_4,-3.901313,3.2087502,8790,1.191994071006775
10X_P7_6_TCTATTGAGGAATTAC,3-F-56,B cell,1,Unmatched_1,-3.4745967,6.325767,8791,0.8767494559288025
10X_P7_6_TCTATTGAGGCCCTTG,3-F-56,B cell,2,Unmatched_2,0.3427363,23.19505,8792,0.958386242389679
10X_P7_6_TCTATTGCAGGAATCG,3-F-56,B cell,0,B cell,-0.8145922,-0.6047253,8793,0.6157754063606262
10X_P7_6_TCTATTGCATATGAGA,3-F-56,B cell,0,B cell,-2.4006314,-0.161558,8794,0.5431768894195557
10X_P7_6_TCTATTGCATATGGTC,3-F-56,B cell,0,B cell,-2.5647316,0.99560326,8795,0.4157741665840149
10X_P7_6_TCTATTGGTAATCGTC,3-F-56,B cell,1,Unmatched_1,-1.1636589,5.6453066,8796,0.730820894241333
10X_P7_6_TCTATTGGTACATGTC,3-F-56,B cell,0,B cell,-3.097884,-0.15548517,8797,0.5692192316055298
10X_P7_6_TCTATTGGTAGCGCTC,3-F-56,T cell,2,Unmatched_2,1.8034003,25.499687,8798,0.7911182641983032
10X_P7_6_TCTATTGTCACAGTAC,3-F-56,B cell,0,B cell,-0.74252784,0.09284945,8799,0.655460774898529
10X_P7_6_TCTATTGTCACCAGGC,3-F-56,B cell,0,B cell,-0.8318476,2.2787642,8800,0.7820432186126709
10X_P7_6_TCTATTGTCATAACCG,3-F-56,T cell,3,T cell,3.3030007,22.832924,8801,0.549209475517273
10X_P7_6_TCTATTGTCATGTCTT,3-F-56,B cell,0,B cell,-1.1532146,1.1982621,8802,0.9975777864456176
10X_P7_6_TCTATTGTCGCTTGTC,3-F-56,T cell,2,Unmatched_2,1.9477161,25.554293,8803,0.6220850944519043
10X_P7_6_TCTATTGTCTTAGCCC,3-F-56,B cell,0,B cell,-3.122811,1.3573682,8804,0.4416508674621582
10X_P7_6_TCTCATAAGGCTACGA,3-F-56,T cell,3,T cell,2.829795,23.245293,8805,0.6050506830215454
10X_P7_6_TCTCATAAGGCTCTTA,3-F-56,B cell,1,Unmatched_1,-4.4622393,3.5005307,8806,0.9074742197990416
10X_P7_6_TCTCATAAGTGTACTC,3-F-56,B cell,0,B cell,-0.90211034,0.6030579,8807,0.7160733342170715
10X_P7_6_TCTCATACAATTCCTT,3-F-56,B cell,0,B cell,-0.6468645,0.17524362,8808,0.4477662742137909
10X_P7_6_TCTCATACAGATAATG,3-F-56,B cell,0,B cell,-2.8073585,2.673672,8809,1.0496875047683716
10X_P7_6_TCTCATACATCCGCGA,3-F-56,T cell,3,T cell,3.2448611,22.960634,8810,0.996194303035736
10X_P7_6_TCTCATAGTATATCCG,3-F-56,B cell,0,B cell,-1.6109875,0.6589433,8811,0.6003072261810303
10X_P7_6_TCTCATAGTCATCCCT,3-F-56,B cell,0,B cell,-1.7543898,0.60005945,8812,0.9180850386619568
10X_P7_6_TCTCATAGTGTAATGA,3-F-56,B cell,0,B cell,-2.603495,0.6393496,8813,0.439599871635437
10X_P7_6_TCTCATAGTTGGTAAA,3-F-56,dendritic cell,10,dendritic cell,15.855641,-0.022167178,8814,3.857298612594605
10X_P7_6_TCTCATATCGGCGCAT,3-F-56,B cell,0,B cell,0.2566552,0.2064942,8815,0.4634214639663696
10X_P7_6_TCTCTAAAGAGCTGCA,3-F-56,T cell,3,T cell,4.089935,24.049742,8816,0.9440327286720276
10X_P7_6_TCTCTAACAAACTGCT,3-F-56,B cell,1,Unmatched_1,-2.2192104,5.0510664,8817,0.5269970893859863
10X_P7_6_TCTCTAACAAGTACCT,3-F-56,B cell,0,B cell,-1.14586,0.16050932,8818,0.7745685577392578
10X_P7_6_TCTCTAACAGCTCGAC,3-F-56,B cell,1,Unmatched_1,-2.0814276,4.4782834,8819,0.7995298504829407
10X_P7_6_TCTCTAACAGGATCGA,3-F-56,B cell,0,B cell,0.55469644,2.9354796,8820,1.3125905990600586
10X_P7_6_TCTCTAAGTAAAGGAG,3-F-56,B cell,0,B cell,-2.059312,2.7478907,8821,0.5601303577423096
10X_P7_6_TCTCTAAGTGACAAAT,3-F-56,B cell,0,B cell,-1.826433,0.30072072,8822,0.5111122727394104
10X_P7_6_TCTCTAAGTGGCCCTA,3-F-56,B cell,0,B cell,-1.779452,1.0507747,8823,0.9327755570411682
10X_P7_6_TCTCTAATCATTGCCC,3-F-56,natural killer cell,6,natural killer cell,7.3928275,26.113018,8824,1.8653494119644165
10X_P7_6_TCTCTAATCCAAGTAC,3-F-56,natural killer cell,6,natural killer cell,7.3232117,26.113306,8825,1.9475494623184204
10X_P7_6_TCTCTAATCGTTTATC,3-F-56,B cell,0,B cell,-2.1489305,-0.2298584,8826,0.8275338411331177
10X_P7_6_TCTGAGAAGAAACCTA,3-F-56,B cell,1,Unmatched_1,-3.9845812,6.3711915,8827,0.8980236649513245
10X_P7_6_TCTGAGAAGAGCCCAA,3-F-56,B cell,0,B cell,-0.9498286,2.3575351,8828,1.1889033317565918
10X_P7_6_TCTGAGAAGGTGGGTT,3-F-56,T cell,3,T cell,3.5844634,22.73115,8829,0.7371206283569336
10X_P7_6_TCTGAGAAGTCCGTAT,3-F-56,T cell,2,Unmatched_2,4.518807,25.773691,8830,2.187107801437378
10X_P7_6_TCTGAGAAGTGTACCT,3-F-56,B cell,0,B cell,-1.3223679,0.7439515,8831,0.8975449800491333
10X_P7_6_TCTGAGAAGTTACGGG,3-F-56,B cell,1,Unmatched_1,-2.526105,4.847313,8832,0.8226848840713501
10X_P7_6_TCTGAGACACTGTGTA,3-F-56,T cell,2,Unmatched_2,2.652233,25.193478,8833,0.9687275886535645
10X_P7_6_TCTGAGACAGCTGTTA,3-F-56,B cell,0,B cell,-3.1629417,3.0881362,8834,1.399160623550415
10X_P7_6_TCTGAGACAGGCTCAC,3-F-56,B cell,0,B cell,-2.408404,0.053448297,8835,0.4771342873573303
10X_P7_6_TCTGAGACAGGTCGTC,3-F-56,B cell,0,B cell,-2.027591,1.9039073,8836,0.7439587712287903
10X_P7_6_TCTGAGACATCCGTGG,3-F-56,B cell,0,B cell,-1.3648044,-0.9744707,8837,0.8755064606666565
10X_P7_6_TCTGAGAGTATATGAG,3-F-56,T cell,2,Unmatched_2,2.3628063,26.12677,8838,0.7875078320503235
10X_P7_6_TCTGAGAGTGATGCCC,3-F-56,macrophage,8,Unmatched_8,10.021223,12.370027,8839,2.0282886028289795
10X_P7_6_TCTGAGATCCGCAAGC,3-F-56,B cell,0,B cell,-2.5027153,2.233189,8840,0.9903082847595216
10X_P7_6_TCTGAGATCGCTTGTC,3-F-56,T cell,2,Unmatched_2,4.4140725,25.719484,8841,1.377352237701416
10X_P7_6_TCTGAGATCGTTACGA,3-F-56,B cell,0,B cell,-2.5914204,0.60310316,8842,0.6672940254211426
10X_P7_6_TCTGGAAAGAGCAATT,3-F-56,B cell,0,B cell,-3.0789971,3.952179,8843,0.7357751727104187
10X_P7_6_TCTGGAAAGGATGGTC,3-F-56,T cell,9,Unmatched_9,6.93918,23.749887,8844,1.4554166793823242
10X_P7_6_TCTGGAACACGAGGTA,3-F-56,B cell,1,Unmatched_1,-3.3787267,6.350532,8845,0.5596681237220764
10X_P7_6_TCTGGAAGTAGAGGAA,3-F-56,B cell,0,B cell,-1.1885865,-1.3131316,8846,0.5763354301452637
10X_P7_6_TCTGGAAGTCCAGTAT,3-F-56,B cell,0,B cell,-0.6803909,2.2773209,8847,0.6355460286140442
10X_P7_6_TCTGGAAGTCGCTTTC,3-F-56,B cell,0,B cell,-2.4621048,2.1370423,8848,0.7530333995819092
10X_P7_6_TCTGGAATCATACGGT,3-F-56,B cell,0,B cell,-1.2517918,0.38063088,8849,0.779865562915802
10X_P7_6_TCTGGAATCCACTCCA,3-F-56,B cell,0,B cell,-1.077166,0.54065037,8850,0.5465203523635864
10X_P7_6_TCTGGAATCCTATTCA,3-F-56,B cell,0,B cell,-3.7071998,-0.59674406,8851,1.2801145315170288
10X_P7_6_TCTGGAATCCTGTAGA,3-F-56,B cell,1,Unmatched_1,-1.1591073,5.98118,8852,0.6470130681991577
10X_P7_6_TCTGGAATCTATCGCC,3-F-56,B cell,1,Unmatched_1,-2.4945,6.0820293,8853,0.7689422965049744
10X_P7_6_TCTGGAATCTGGTATG,3-F-56,B cell,0,B cell,-2.9031475,-0.88538253,8854,0.8365299701690674
10X_P7_6_TCTTCGGAGCGCCTCA,3-F-56,T cell,3,T cell,3.9895175,23.872364,8855,1.1060088872909546
10X_P7_6_TCTTCGGAGGCCGAAT,3-F-56,natural killer cell,6,natural killer cell,7.3419704,26.203241,8856,1.6931947469711304
10X_P7_6_TCTTCGGAGTACCGGA,3-F-56,B cell,1,Unmatched_1,-0.9690768,6.1214547,8857,0.6202006936073303
10X_P7_6_TCTTCGGAGTCGAGTG,3-F-56,B cell,0,B cell,-1.444267,2.7144494,8858,1.2015082836151123
10X_P7_6_TCTTCGGAGTCGTTTG,3-F-56,macrophage,5,macrophage,4.560283,13.834614,8859,2.8458218574523926
10X_P7_6_TCTTCGGAGTGGAGAA,3-F-56,B cell,0,B cell,-0.26451257,-0.6284772,8860,0.5744849443435669
10X_P7_6_TCTTCGGCACGGCTAC,3-F-56,B cell,1,Unmatched_1,-1.6763358,4.2734394,8861,0.5597538948059082
10X_P7_6_TCTTCGGCAGATCTGT,3-F-56,B cell,0,B cell,-1.3163599,2.3581128,8862,0.4692027866840362
10X_P7_6_TCTTCGGGTAGCTCCG,3-F-56,B cell,0,B cell,-4.9582176,0.376473,8863,1.141798973083496
10X_P7_6_TCTTCGGGTCGCCATG,3-F-56,T cell,3,T cell,3.4839463,22.842669,8864,0.6330699324607849
10X_P7_6_TCTTCGGGTGCTAGCC,3-F-56,B cell,0,B cell,-4.986285,0.48619232,8865,1.1657028198242188
10X_P7_6_TCTTCGGGTGTGACCC,3-F-56,B cell,4,Unmatched_4,9.238741,14.040988,8866,1.6997555494308472
10X_P7_6_TCTTCGGGTTTGGGCC,3-F-56,B cell,0,B cell,-2.0033534,1.0605195,8867,0.8482683897018433
10X_P7_6_TCTTCGGTCATTTGGG,3-F-56,B cell,0,B cell,-3.3920345,0.22556031,8868,0.4151614606380462
10X_P7_6_TCTTCGGTCTCCTATA,3-F-56,T cell,2,Unmatched_2,1.7203392,25.620626,8869,0.6788380146026611
10X_P7_6_TCTTTCCAGAAAGTGG,3-F-56,T cell,3,T cell,4.4959307,24.559538,8870,0.944117784500122
10X_P7_6_TCTTTCCAGATCCCGC,3-F-56,B cell,1,Unmatched_1,-1.455282,4.6689706,8871,0.4949200451374054
10X_P7_6_TCTTTCCTCAACGGGA,3-F-56,B cell,1,Unmatched_1,-2.8032727,4.2106633,8872,0.8797980546951294
10X_P7_6_TCTTTCCTCGCTAGCG,3-F-56,B cell,1,Unmatched_1,-1.487695,5.246759,8873,0.755011796951294
10X_P7_6_TCTTTCCTCTATCGCC,3-F-56,B cell,0,B cell,-2.5402997,0.75469357,8874,0.7267242670059204
10X_P7_6_TGAAAGAAGCTAAGAT,3-F-56,T cell,3,T cell,3.7861392,23.205887,8875,0.6303921341896057
10X_P7_6_TGAAAGAAGGCCATAG,3-F-56,T cell,3,T cell,2.8143334,22.82003,8876,1.343898892402649
10X_P7_6_TGAAAGACAAGGACAC,3-F-56,B cell,1,Unmatched_1,-1.6308649,5.235023,8877,1.0649819374084473
10X_P7_6_TGAAAGACACGAAAGC,3-F-56,B cell,1,Unmatched_1,-3.0260758,4.2047224,8878,0.979533851146698
10X_P7_6_TGAAAGACATGGTAGG,3-F-56,T cell,3,T cell,4.6054983,24.42738,8879,1.2702813148498535
10X_P7_6_TGAAAGAGTAATAGCA,3-F-56,B cell,0,B cell,-2.7586195,0.637365,8880,0.9097980260849
10X_P7_6_TGAAAGAGTAGAAGGA,3-F-56,T cell,2,Unmatched_2,2.3129683,25.480335,8881,0.630787193775177
10X_P7_6_TGAAAGAGTGGACGAT,3-F-56,B cell,0,B cell,-2.613803,-0.64302474,8882,1.264217734336853
10X_P7_6_TGAAAGAGTGTTTGTG,3-F-56,B cell,0,B cell,-0.89965534,0.4851367,8883,0.638736367225647
10X_P7_6_TGAAAGATCAAAGTAG,3-F-56,B cell,0,B cell,-1.8484505,0.8058774,8884,0.6533970236778259
10X_P7_6_TGAAAGATCCGTCATC,3-F-56,B cell,4,Unmatched_4,-4.973554,4.426946,8885,0.6716049909591675
10X_P7_6_TGACAACAGCAATATG,3-F-56,B cell,0,B cell,-1.7552992,3.0562785,8886,1.4430652856826782
10X_P7_6_TGACAACAGCCGCCTA,3-F-56,B cell,0,B cell,-1.8209023,1.7454126,8887,0.96128511428833
10X_P7_6_TGACAACAGGCAATTA,3-F-56,B cell,0,B cell,-1.4780825,3.6473665,8888,0.7885478138923645
10X_P7_6_TGACAACAGGTTACCT,3-F-56,T cell,2,Unmatched_2,2.2434447,23.662645,8889,1.2304856777191162
10X_P7_6_TGACAACAGTGGGTTG,3-F-56,B cell,1,Unmatched_1,-2.5602026,4.458337,8890,0.8383827805519104
10X_P7_6_TGACAACCAAGGGTCA,3-F-56,B cell,0,B cell,-2.273291,0.2326973,8891,0.4650940597057342
10X_P7_6_TGACAACCACACATGT,3-F-56,B cell,0,B cell,-2.2733319,2.4073033,8892,0.6899141073226929
10X_P7_6_TGACAACCAGCCACCA,3-F-56,B cell,0,B cell,-3.088971,3.151488,8893,1.1791692972183228
10X_P7_6_TGACAACCAGTGGAGT,3-F-56,B cell,0,B cell,-1.9166619,-0.088196635,8894,0.986251711845398
10X_P7_6_TGACAACCATTACGAC,3-F-56,B cell,1,Unmatched_1,-1.5593846,5.914521,8895,0.4152737259864807
10X_P7_6_TGACAACGTAAACACA,3-F-56,natural killer cell,6,natural killer cell,6.3468347,25.379555,8896,3.061663150787353
10X_P7_6_TGACAACTCAGAAATG,3-F-56,dendritic cell,10,dendritic cell,15.832911,0.0006657986,8897,3.773796558380127
10X_P7_6_TGACAACTCAGCTCTC,3-F-56,B cell,0,B cell,-0.99206513,1.4949354,8898,1.210561990737915
10X_P7_6_TGACAACTCCAAACAC,3-F-56,B cell,4,Unmatched_4,-2.6191,8.516105,8899,0.8759949207305908
10X_P7_6_TGACAACTCGCCATAA,3-F-56,T cell,3,T cell,2.801172,23.1746,8900,0.5545807480812073
10X_P7_6_TGACAACTCGCTAGCG,3-F-56,T cell,2,Unmatched_2,1.7224298,25.4737,8901,0.8879956603050232
10X_P7_6_TGACAACTCTATCCCG,3-F-56,T cell,9,Unmatched_9,7.032738,23.656038,8902,1.571925401687622
10X_P7_6_TGACAACTCTTCGAGA,3-F-56,B cell,0,B cell,-3.0652606,1.3811779,8903,0.6054168343544006
10X_P7_6_TGACGGCAGACACTAA,3-F-56,B cell,0,B cell,-1.1856788,1.6343496,8904,1.254549860954285
10X_P7_6_TGACGGCAGATAGTCA,3-F-56,T cell,2,Unmatched_2,3.793118,25.76674,8905,1.2240129709243774
10X_P7_6_TGACGGCAGCAGGTCA,3-F-56,B cell,0,B cell,-2.078996,1.4815482,8906,0.479395180940628
10X_P7_6_TGACGGCAGGCTACGA,3-F-56,B cell,1,Unmatched_1,-2.831015,4.1085587,8907,1.2105532884597778
10X_P7_6_TGACGGCAGGCTAGCA,3-F-56,B cell,1,Unmatched_1,-1.5324166,6.202734,8908,0.4362719655036926
10X_P7_6_TGACGGCAGTGAACAT,3-F-56,B cell,0,B cell,-2.7135794,1.7150614,8909,0.4712893068790436
10X_P7_6_TGACGGCCAAGAGTCG,3-F-56,B cell,1,Unmatched_1,-1.763666,5.113242,8910,0.5411338210105896
10X_P7_6_TGACGGCCACATCCGG,3-F-56,B cell,0,B cell,-0.29492813,1.9573339,8911,0.6508726477622986
10X_P7_6_TGACGGCCACCCAGTG,3-F-56,natural killer cell,6,natural killer cell,7.1011333,26.48594,8912,1.8774073123931885
10X_P7_6_TGACGGCCAGTATGCT,3-F-56,B cell,0,B cell,-2.9427998,1.4796262,8913,0.5340214371681213
10X_P7_6_TGACGGCCATAAAGGT,3-F-56,B cell,4,Unmatched_4,-3.780278,3.7861714,8914,1.2515944242477417
10X_P7_6_TGACGGCCATCCAACA,3-F-56,B cell,0,B cell,-3.3546927,-0.53690326,8915,0.8603969812393188
10X_P7_6_TGACGGCCATTCTCAT,3-F-56,B cell,0,B cell,-1.8541011,1.6230353,8916,0.9557532668113708
10X_P7_6_TGACGGCGTGAGGGTT,3-F-56,B cell,1,Unmatched_1,-2.6457002,5.9002852,8917,0.490308403968811
10X_P7_6_TGACGGCGTGCTGTAT,3-F-56,B cell,1,Unmatched_1,-0.74692065,5.9058037,8918,1.356220245361328
10X_P7_6_TGACGGCTCAATAAGG,3-F-56,B cell,0,B cell,-1.8339968,2.9436934,8919,0.8084788918495178
10X_P7_6_TGACGGCTCAGGCCCA,3-F-56,B cell,0,B cell,-2.1210709,1.525509,8920,0.4718185663223266
10X_P7_6_TGACGGCTCCGTCAAA,3-F-56,B cell,0,B cell,-0.77021945,0.9449385,8921,0.5659864544868469
10X_P7_6_TGACGGCTCTTGCATT,3-F-56,T cell,3,T cell,4.6090965,24.40465,8922,0.9248425960540771
10X_P7_6_TGACTAGAGCAAATCA,3-F-56,B cell,0,B cell,-0.4978751,2.822492,8923,0.6791386604309082
10X_P7_6_TGACTAGAGCTTCGCG,3-F-56,B cell,0,B cell,-1.6496272,4.093369,8924,0.6674755811691284
10X_P7_6_TGACTAGCAGGGTACA,3-F-56,T cell,2,Unmatched_2,4.2051816,26.527632,8925,0.9819383025169371
10X_P7_6_TGACTAGCATCCCATC,3-F-56,B cell,0,B cell,-1.621493,1.8864305,8926,1.009092926979065
10X_P7_6_TGACTAGTCCAAGCCG,3-F-56,B cell,0,B cell,-3.1049514,0.48583704,8927,0.8597526550292969
10X_P7_6_TGACTAGTCGCTTGTC,3-F-56,B cell,1,Unmatched_1,0.6123021,3.1416025,8928,0.4876479506492615
10X_P7_6_TGACTTTAGACCCACC,3-F-56,B cell,0,B cell,-3.636217,1.4970913,8929,0.4229953289031982
10X_P7_6_TGACTTTAGAGGGATA,3-F-56,B cell,0,B cell,-0.77701837,0.21461616,8930,0.4392063617706299
10X_P7_6_TGACTTTAGTTCGCAT,3-F-56,T cell,3,T cell,3.3805711,23.654472,8931,0.5854529142379761
10X_P7_6_TGACTTTCAGAGTGTG,3-F-56,B cell,0,B cell,-0.9450586,1.8647768,8932,1.3679417371749878
10X_P7_6_TGACTTTCAGATAATG,3-F-56,B cell,0,B cell,-2.2936802,-1.2167909,8933,1.483283519744873
10X_P7_6_TGACTTTGTCCAGTTA,3-F-56,B cell,0,B cell,-2.689217,0.55260587,8934,0.4459283053874969
10X_P7_6_TGACTTTGTCCGCTGA,3-F-56,B cell,1,Unmatched_1,-3.4832551,5.834954,8935,0.8272190690040588
10X_P7_6_TGACTTTGTGTTCTTT,3-F-56,B cell,0,B cell,-1.9434628,1.6985643,8936,1.0206009149551392
10X_P7_6_TGACTTTGTTGAGTTC,3-F-56,B cell,0,B cell,-1.8926945,2.4785798,8937,0.8575351238250732
10X_P7_6_TGAGAGGAGCGCTTAT,3-F-56,B cell,4,Unmatched_4,-3.049522,3.5942345,8938,0.7168712019920349
10X_P7_6_TGAGAGGAGGCAGGTT,3-F-56,B cell,0,B cell,-3.7541194,-0.18374519,8939,0.6619901061058044
10X_P7_6_TGAGAGGAGGCGTACA,3-F-56,B cell,0,B cell,-2.757532,-1.1377245,8940,1.2526216506958008
10X_P7_6_TGAGAGGAGTACGACG,3-F-56,B cell,0,B cell,-2.399313,2.0097663,8941,0.7923348546028137
10X_P7_6_TGAGAGGAGTTACCCA,3-F-56,T cell,2,Unmatched_2,1.7242808,25.606218,8942,0.9976674914360046
10X_P7_6_TGAGAGGCAAGCCGCT,3-F-56,T cell,2,Unmatched_2,1.8584151,25.626455,8943,0.659249484539032
10X_P7_6_TGAGAGGCAAGCGATG,3-F-56,B cell,1,Unmatched_1,-2.7424142,4.743704,8944,0.886578381061554
10X_P7_6_TGAGAGGCAGTTCCCT,3-F-56,T cell,2,Unmatched_2,3.3610954,24.33714,8945,1.663862705230713
10X_P7_6_TGAGAGGCATCGGACC,3-F-56,B cell,0,B cell,0.392472,0.305756,8946,0.4037396311759949
10X_P7_6_TGAGAGGTCAGAGGTG,3-F-56,B cell,0,B cell,-2.0569527,-1.3228402,8947,1.0150378942489624
10X_P7_6_TGAGAGGTCAGCATGT,3-F-56,B cell,1,Unmatched_1,-2.2770717,6.1976576,8948,0.5627405643463135
10X_P7_6_TGAGAGGTCCGAACGC,3-F-56,B cell,0,B cell,-1.9491999,0.8712705,8949,0.6263303756713867
10X_P7_6_TGAGCATAGAGTAAGG,3-F-56,T cell,3,T cell,3.4578915,22.696857,8950,0.6844721436500549
10X_P7_6_TGAGCATAGCTAGGCA,3-F-56,T cell,2,Unmatched_2,2.5558338,26.480307,8951,0.5446814894676208
10X_P7_6_TGAGCATAGGTAGCTG,3-F-56,B cell,11,Unmatched_11,-2.8714805,6.462025,8952,0.7063124775886536
10X_P7_6_TGAGCATAGTGGACGT,3-F-56,T cell,9,Unmatched_9,7.0118585,23.677153,8953,2.3949522972106934
10X_P7_6_TGAGCATAGTTGAGTA,3-F-56,B cell,0,B cell,-0.72511107,3.050812,8954,0.7252697348594666
10X_P7_6_TGAGCATCAGATTGCT,3-F-56,B cell,1,Unmatched_1,-2.3231099,3.7806885,8955,0.9668847322463988
10X_P7_6_TGAGCATCATGTAGTC,3-F-56,B cell,4,Unmatched_4,-5.1136546,3.215377,8956,1.1701587438583374
10X_P7_6_TGAGCATGTAGAGTGC,3-F-56,B cell,2,Unmatched_2,0.7605364,22.807018,8957,1.255956530570984
10X_P7_6_TGAGCATGTATATCCG,3-F-56,B cell,1,Unmatched_1,-2.9059665,5.885306,8958,0.5536435842514038
10X_P7_6_TGAGCATGTCTAGGTT,3-F-56,B cell,0,B cell,-5.076079,0.57454956,8959,1.7772018909454346
10X_P7_6_TGAGCATGTGCAGGTA,3-F-56,T cell,6,natural killer cell,6.418357,25.416819,8960,3.007115840911865
10X_P7_6_TGAGCATGTTCACCTC,3-F-56,B cell,0,B cell,-4.58119,3.1964817,8961,1.3861002922058103
10X_P7_6_TGAGCATTCCGCATCT,3-F-56,T cell,9,Unmatched_9,6.898629,23.7646,8962,1.8240681886672971
10X_P7_6_TGAGCATTCCGCGCAA,3-F-56,B cell,0,B cell,-1.0382533,0.2606092,8963,0.6913496255874634
10X_P7_6_TGAGCATTCTCGCATC,3-F-56,B cell,0,B cell,-1.6990442,0.67908883,8964,0.8399291634559631
10X_P7_6_TGAGCCGAGAGCTGGT,3-F-56,B cell,0,B cell,-0.9927126,0.58335197,8965,0.6852450966835022
10X_P7_6_TGAGCCGAGATGGCGT,3-F-56,natural killer cell,6,natural killer cell,6.9324255,26.233633,8966,2.2367000579833984
10X_P7_6_TGAGCCGAGTACGACG,3-F-56,B cell,1,Unmatched_1,-1.8090441,4.03782,8967,0.4786640405654907
10X_P7_6_TGAGCCGAGTACTTGC,3-F-56,B cell,0,B cell,-2.1588504,-0.8899118,8968,0.839747428894043
10X_P7_6_TGAGCCGCACTGTGTA,3-F-56,B cell,0,B cell,-2.4453397,0.7371696,8969,0.6675994992256165
10X_P7_6_TGAGCCGCAGAGTGTG,3-F-56,T cell,3,T cell,4.7387853,25.065136,8970,3.646089553833008
10X_P7_6_TGAGCCGCAGCGTTCG,3-F-56,T cell,3,T cell,3.5834758,23.091148,8971,0.6594409346580505
10X_P7_6_TGAGCCGGTGCAACTT,3-F-56,B cell,0,B cell,-2.0204031,2.1295416,8972,0.7192714810371399
10X_P7_6_TGAGCCGTCCAGAGGA,3-F-56,B cell,1,Unmatched_1,-1.2620028,5.267866,8973,0.5878704190254211
10X_P7_6_TGAGCCGTCCGATATG,3-F-56,B cell,0,B cell,-0.843462,-0.3337967,8974,0.9284268617630004
10X_P7_6_TGAGCCGTCTGTCAAG,3-F-56,B cell,0,B cell,-1.6860414,0.6462601,8975,0.5028525590896606
10X_P7_6_TGAGGGAAGACAAAGG,3-F-56,T cell,2,Unmatched_2,2.7917316,26.454617,8976,3.646089553833008
10X_P7_6_TGAGGGAAGTCTCGGC,3-F-56,B cell,0,B cell,-0.1991623,-0.97495884,8977,0.493603378534317
10X_P7_6_TGAGGGACAAGTCTGT,3-F-56,macrophage,5,macrophage,13.437251,15.409803,8978,1.9366592168807983
10X_P7_6_TGAGGGACACACCGAC,3-F-56,B cell,1,Unmatched_1,-2.404056,4.184611,8979,0.809147298336029
10X_P7_6_TGAGGGACACGACGAA,3-F-56,T cell,3,T cell,3.2723482,23.749702,8980,0.979849338531494
10X_P7_6_TGAGGGACACTTACGA,3-F-56,T cell,2,Unmatched_2,2.482355,25.798157,8981,0.5599362850189209
10X_P7_6_TGAGGGACATACTCTT,3-F-56,natural killer cell,6,natural killer cell,7.1568236,26.476166,8982,1.7701867818832395
10X_P7_6_TGAGGGAGTAGAAAGG,3-F-56,B cell,0,B cell,-2.304593,4.08792,8983,0.8623952865600586
10X_P7_6_TGAGGGAGTCGCTTTC,3-F-56,B cell,0,B cell,-2.4971912,2.292624,8984,0.515663743019104
10X_P7_6_TGAGGGAGTCTGCGGT,3-F-56,B cell,0,B cell,-2.701286,1.7468379,8985,0.55804044008255
10X_P7_6_TGAGGGAGTGTAATGA,3-F-56,T cell,3,T cell,3.3500726,22.738943,8986,0.7116497755050659
10X_P7_6_TGAGGGAGTGTTAAGA,3-F-56,B cell,0,B cell,-0.75101686,0.4442878,8987,0.7144539952278137
10X_P7_6_TGAGGGAGTTAGAACA,3-F-56,B cell,0,B cell,-4.3456006,0.20755084,8988,1.0303115844726562
10X_P7_6_TGAGGGATCACGCATA,3-F-56,B cell,0,B cell,-1.8981231,3.5674603,8989,0.5703309774398804
10X_P7_6_TGAGGGATCCCACTTG,3-F-56,B cell,0,B cell,-3.542626,2.4621186,8990,0.8916997313499451
10X_P7_6_TGAGGGATCCGTTGTC,3-F-56,B cell,0,B cell,-2.4914813,2.2089324,8991,0.6002992987632751
10X_P7_6_TGATTTCAGCGATCCC,3-F-56,T cell,2,Unmatched_2,4.1328044,25.709328,8992,1.071085810661316
10X_P7_6_TGATTTCAGCGCTTAT,3-F-56,natural killer cell,6,natural killer cell,7.109693,26.488762,8993,2.113166570663452
10X_P7_6_TGATTTCAGCGTAGTG,3-F-56,T cell,2,Unmatched_2,2.7818139,26.303629,8994,0.6791595220565796
10X_P7_6_TGATTTCAGGTTCCTA,3-F-56,B cell,0,B cell,-0.6668938,1.9405785,8995,0.918200671672821
10X_P7_6_TGATTTCAGTCAAGGC,3-F-56,B cell,0,B cell,-2.1804671,0.15244615,8996,1.4611326456069946
10X_P7_6_TGATTTCAGTTAACGA,3-F-56,B cell,2,Unmatched_2,4.5005517,25.683233,8997,1.4077720642089844
10X_P7_6_TGATTTCCAACCGCCA,3-F-56,T cell,2,Unmatched_2,2.1711507,25.630882,8998,0.7166475057601929
10X_P7_6_TGATTTCCACAACGCC,3-F-56,B cell,1,Unmatched_1,-2.7968493,5.0413194,8999,1.2829828262329102
10X_P7_6_TGATTTCCAGACGCAA,3-F-56,T cell,3,T cell,2.7292347,23.536411,9000,0.7304167151451111
10X_P7_6_TGATTTCCAGCTTAAC,3-F-56,B cell,0,B cell,-2.8929262,-1.1807553,9001,2.367963552474976
10X_P7_6_TGATTTCCAGGACCCT,3-F-56,natural killer cell,6,natural killer cell,6.373325,25.395351,9002,2.6677587032318115
10X_P7_6_TGATTTCGTCCGAACC,3-F-56,B cell,1,Unmatched_1,-1.7527615,4.2615104,9003,0.4840954840183258
10X_P7_6_TGATTTCGTGACAAAT,3-F-56,B cell,0,B cell,-0.69901687,1.0946689,9004,0.7313026189804077
10X_P7_6_TGATTTCGTGTCAATC,3-F-56,B cell,0,B cell,-1.8503771,2.4662695,9005,0.6027021408081055
10X_P7_6_TGATTTCGTTCTGAAC,3-F-56,B cell,0,B cell,-2.1775901,1.4029615,9006,1.1155587434768677
10X_P7_6_TGATTTCTCTACGAGT,3-F-56,T cell,2,Unmatched_2,3.253873,25.845121,9007,0.7543376088142395
10X_P7_6_TGCACCTAGATCCGAG,3-F-56,T cell,2,Unmatched_2,3.4554484,25.764084,9008,0.78514564037323
10X_P7_6_TGCACCTAGTCCGTAT,3-F-56,B cell,0,B cell,-3.5404992,-0.4879935,9009,0.6586571335792542
10X_P7_6_TGCACCTAGTGTTGAA,3-F-56,T cell,3,T cell,4.546898,24.385147,9010,0.7940263152122498
10X_P7_6_TGCACCTCACATTAGC,3-F-56,T cell,2,Unmatched_2,1.663767,25.635773,9011,1.081047534942627
10X_P7_6_TGCACCTCATTACGAC,3-F-56,B cell,0,B cell,-2.1462483,0.2552805,9012,0.6686729788780212
10X_P7_6_TGCACCTGTGGCAAAC,3-F-56,B cell,0,B cell,-0.41409048,-1.147834,9013,0.7124013900756836
10X_P7_6_TGCACCTTCCAAACTG,3-F-56,T cell,3,T cell,3.7459674,23.664684,9014,1.17337965965271
10X_P7_6_TGCACCTTCGCCGTGA,3-F-56,B cell,0,B cell,-2.1556892,0.0003457359,9015,0.7074645161628723
10X_P7_6_TGCACCTTCTCGCTTG,3-F-56,T cell,2,Unmatched_2,1.9785308,25.899353,9016,0.8507818579673767
10X_P7_6_TGCACCTTCTTTAGGG,3-F-56,B cell,4,Unmatched_4,-4.9649935,4.409605,9017,1.092382788658142
10X_P7_6_TGCCAAAAGACTAAGT,3-F-56,B cell,0,B cell,-0.7606168,-0.8527001,9018,0.6893265247344971
10X_P7_6_TGCCAAACACCATGTA,3-F-56,B cell,1,Unmatched_1,-1.2986159,6.3834395,9019,0.5559093952178955
10X_P7_6_TGCCAAAGTTTAAGCC,3-F-56,B cell,1,Unmatched_1,13.057676,13.562518,9020,2.8559908866882324
10X_P7_6_TGCCAAATCGGATGGA,3-F-56,B cell,0,B cell,-1.6065369,2.325706,9021,0.9642091989517212
10X_P7_6_TGCCAAATCTCGTTTA,3-F-56,B cell,0,B cell,-1.6189976,0.6589607,9022,0.5747861266136169
10X_P7_6_TGCCAAATCTCTGTCG,3-F-56,B cell,0,B cell,-0.5041073,1.6308192,9023,0.6182036399841309
10X_P7_6_TGCCAAATCTTAACCT,3-F-56,B cell,0,B cell,-2.679607,1.0019299,9024,0.4496872127056122
10X_P7_6_TGCCCATAGAGGTACC,3-F-56,B cell,1,Unmatched_1,-2.6434171,5.1928115,9025,0.4473491013050079
10X_P7_6_TGCCCATAGAGGTTAT,3-F-56,macrophage,5,macrophage,13.423891,15.401501,9026,1.9306974411010744
10X_P7_6_TGCCCATAGCTGTTCA,3-F-56,T cell,3,T cell,4.4919844,24.300274,9027,1.3190306425094604
10X_P7_6_TGCCCATAGTAATCCC,3-F-56,T cell,2,Unmatched_2,3.0109484,26.017408,9028,0.7040020227432251
10X_P7_6_TGCCCATCAATCAGAA,3-F-56,B cell,3,T cell,0.81029063,22.965445,9029,1.5375425815582275
10X_P7_6_TGCCCATCACCGAAAG,3-F-56,B cell,0,B cell,-2.451194,2.4950874,9030,1.055877923965454
10X_P7_6_TGCCCATCATCAGTCA,3-F-56,T cell,2,Unmatched_2,4.8222895,26.718128,9031,1.416656255722046
10X_P7_6_TGCCCATGTAGAAAGG,3-F-56,B cell,0,B cell,-0.48161337,2.8612058,9032,0.9360554218292236
10X_P7_6_TGCCCATGTAGATTAG,3-F-56,T cell,2,Unmatched_2,4.2277784,26.378641,9033,1.2228405475616455
10X_P7_6_TGCCCATGTCAGAATA,3-F-56,B cell,1,Unmatched_1,-1.3268676,5.2313447,9034,0.6382229328155518
10X_P7_6_TGCCCATGTCCGCTGA,3-F-56,B cell,0,B cell,-2.132507,3.0879788,9035,0.983287751674652
10X_P7_6_TGCCCATGTTAAAGTG,3-F-56,B cell,1,Unmatched_1,-1.4159775,3.9736607,9036,0.7772013545036316
10X_P7_6_TGCCCATGTTCGAATC,3-F-56,B cell,0,B cell,-2.0146294,1.1214787,9037,1.0525654554367063
10X_P7_6_TGCCCATTCAACCATG,3-F-56,T cell,3,T cell,2.4976115,23.31477,9038,0.7376489639282227
10X_P7_6_TGCCCTAAGACATAAC,3-F-56,B cell,0,B cell,-1.8159641,0.20700091,9039,0.95291668176651
10X_P7_6_TGCCCTAAGTACGATA,3-F-56,B cell,1,Unmatched_1,-2.3962348,5.942794,9040,0.6146293878555298
10X_P7_6_TGCCCTACAATCAGAA,3-F-56,B cell,4,Unmatched_4,-3.728899,3.9339986,9041,0.7868291735649109
10X_P7_6_TGCCCTACACAGCCCA,3-F-56,B cell,0,B cell,-2.9930365,3.0159297,9042,0.8107950687408447
10X_P7_6_TGCCCTACACGTAAGG,3-F-56,B cell,1,Unmatched_1,-1.0416461,6.14999,9043,0.6311509013175964
10X_P7_6_TGCCCTAGTCGCCATG,3-F-56,B cell,1,Unmatched_1,-2.1262333,6.2714286,9044,0.56942218542099
10X_P7_6_TGCCCTATCAGTACGT,3-F-56,B cell,0,B cell,-0.05352788,0.36463526,9045,0.6526653170585632
10X_P7_6_TGCCCTATCCGCAAGC,3-F-56,B cell,1,Unmatched_1,-1.5427865,5.297615,9046,0.912442982196808
10X_P7_6_TGCGCAGAGGCTCTTA,3-F-56,B cell,0,B cell,0.2403513,0.3863632,9047,0.452237457036972
10X_P7_6_TGCGCAGAGTGTTGAA,3-F-56,T cell,2,Unmatched_2,2.8180387,25.707808,9048,1.0791524648666382
10X_P7_6_TGCGCAGCACCTATCC,3-F-56,T cell,2,Unmatched_2,4.8482237,26.679823,9049,1.491277098655701
10X_P7_6_TGCGCAGCAGGTTTCA,3-F-56,natural killer cell,6,natural killer cell,7.1112413,26.54326,9050,1.9553297758102417
10X_P7_6_TGCGCAGGTACTCTCC,3-F-56,B cell,1,Unmatched_1,-2.4313717,4.9281883,9051,0.7889724969863892
10X_P7_6_TGCGCAGGTAGGACAC,3-F-56,T cell,2,Unmatched_2,4.081106,26.509224,9052,0.9872220754623412
10X_P7_6_TGCGCAGGTATCGCAT,3-F-56,T cell,3,T cell,4.457954,25.164858,9053,2.0244140625
10X_P7_6_TGCGCAGTCAGCGATT,3-F-56,B cell,0,B cell,-2.4177911,0.9589307,9054,0.563278317451477
10X_P7_6_TGCGCAGTCGTCACGG,3-F-56,T cell,3,T cell,4.2824297,24.162487,9055,0.9305803775787354
10X_P7_6_TGCGGGTAGATGTTAG,3-F-56,B cell,0,B cell,-2.2536848,3.641635,9056,0.539355456829071
10X_P7_6_TGCGGGTAGCAGCGTA,3-F-56,T cell,3,T cell,4.612629,24.436417,9057,0.8598795533180237
10X_P7_6_TGCGGGTCACTCGACG,3-F-56,B cell,0,B cell,-2.2310154,1.2349466,9058,0.4086014330387115
10X_P7_6_TGCGGGTCAGAGCCAA,3-F-56,T cell,2,Unmatched_2,2.5072007,25.70514,9059,0.720698893070221
10X_P7_6_TGCGGGTCAGCGAACA,3-F-56,T cell,2,Unmatched_2,2.1748579,26.331213,9060,1.0218085050582886
10X_P7_6_TGCGGGTCAGCTGTAT,3-F-56,B cell,0,B cell,-2.0597973,-0.18007262,9061,0.7538749575614929
10X_P7_6_TGCGGGTCATAGTAAG,3-F-56,B cell,0,B cell,-3.4999964,2.6049712,9062,0.5696763396263123
10X_P7_6_TGCGGGTGTTAAGGGC,3-F-56,B cell,0,B cell,-0.9676637,-0.0035709564,9063,0.6822944283485413
10X_P7_6_TGCGGGTTCAACACCA,3-F-56,B cell,4,Unmatched_4,-5.1268516,2.9142556,9064,1.0794236660003662
10X_P7_6_TGCGGGTTCAGTCCCT,3-F-56,B cell,0,B cell,-1.5846776,2.3842502,9065,1.05376398563385
10X_P7_6_TGCGGGTTCCTTGGTC,3-F-56,B cell,0,B cell,-2.3611825,0.4246878,9066,0.5334874987602234
10X_P7_6_TGCGTGGCAGGCGATA,3-F-56,B cell,1,Unmatched_1,-2.1271894,6.1123295,9067,0.574150562286377
10X_P7_6_TGCGTGGCAGGCTCAC,3-F-56,B cell,0,B cell,-3.3127427,0.683809,9068,0.4071672260761261
10X_P7_6_TGCGTGGCATGTAGTC,3-F-56,B cell,0,B cell,-3.3132842,3.0553522,9069,0.8460284471511841
10X_P7_6_TGCGTGGGTCGACTAT,3-F-56,B cell,0,B cell,-1.1251495,0.54173416,9070,0.6064842939376831
10X_P7_6_TGCGTGGGTCTCAACA,3-F-56,B cell,1,Unmatched_1,-2.1490147,6.0045323,9071,0.5293482542037964
10X_P7_6_TGCGTGGGTGCTCTTC,3-F-56,B cell,0,B cell,-2.8128095,2.6886642,9072,0.7404212951660156
10X_P7_6_TGCGTGGGTTGTGGCC,3-F-56,B cell,1,Unmatched_1,-2.1294057,5.1750665,9073,0.6397676467895508
10X_P7_6_TGCGTGGTCAGCAACT,3-F-56,T cell,3,T cell,3.5961573,22.765825,9074,0.5759313702583313
10X_P7_6_TGCGTGGTCATAAAGG,3-F-56,B cell,0,B cell,-1.7756273,3.7081459,9075,0.687454342842102
10X_P7_6_TGCGTGGTCCGTTGTC,3-F-56,B cell,1,Unmatched_1,-1.9298862,5.7606516,9076,0.5124728679656982
10X_P7_6_TGCGTGGTCGCTTGTC,3-F-56,B cell,0,B cell,-1.6952227,0.5921291,9077,0.5247015953063965
10X_P7_6_TGCGTGGTCTTAACCT,3-F-56,B cell,1,Unmatched_1,-1.2494935,6.4568205,9078,0.6549394726753235
10X_P7_6_TGCGTGGTCTTCCTTC,3-F-56,T cell,3,T cell,3.4814448,23.952028,9079,0.6306045651435852
10X_P7_6_TGCTACCAGCTAGCCC,3-F-56,B cell,0,B cell,0.25419843,-0.23798203,9080,0.438776433467865
10X_P7_6_TGCTACCCAACGATCT,3-F-56,B cell,1,Unmatched_1,-1.6556906,5.034755,9081,0.6292164325714111
10X_P7_6_TGCTACCCAATCCGAT,3-F-56,macrophage,5,macrophage,11.505014,14.570754,9082,2.078627586364746
10X_P7_6_TGCTACCCATCCCATC,3-F-56,B cell,0,B cell,-1.0818795,1.6543808,9083,0.938403308391571
10X_P7_6_TGCTACCGTAGAGCTG,3-F-56,B cell,1,Unmatched_1,-0.9662258,5.9506326,9084,0.7313060760498047
10X_P7_6_TGCTACCGTGACGGTA,3-F-56,B cell,0,B cell,-1.4420667,2.7937374,9085,0.7596918344497681
10X_P7_6_TGCTACCGTGTCGCTG,3-F-56,T cell,3,T cell,2.924286,23.273693,9086,0.6150275468826294
10X_P7_6_TGCTACCTCAACACTG,3-F-56,B cell,0,B cell,-0.31125468,-1.0560288,9087,0.5900307893753052
10X_P7_6_TGCTACCTCGATGAGG,3-F-56,B cell,4,Unmatched_4,-5.1431875,4.336815,9088,1.199781894683838
10X_P7_6_TGCTGCTAGTTCGCAT,3-F-56,B cell,0,B cell,-0.96321136,1.3159516,9089,0.5569667220115662
10X_P7_6_TGCTGCTCAACGATCT,3-F-56,natural killer cell,6,natural killer cell,7.0876136,26.506804,9090,1.4136537313461304
10X_P7_6_TGCTGCTCAATGACCT,3-F-56,B cell,0,B cell,-4.0089197,0.62274,9091,1.2170429229736328
10X_P7_6_TGCTGCTCACGGACAA,3-F-56,B cell,0,B cell,-1.5914587,3.0437794,9092,0.5931174755096436
10X_P7_6_TGCTGCTCAGACACTT,3-F-56,B cell,0,B cell,-0.64067185,-1.1457746,9093,0.5238233804702759
10X_P7_6_TGCTGCTCAGATAATG,3-F-56,B cell,0,B cell,-0.96748775,1.0939677,9094,0.8425677418708801
10X_P7_6_TGCTGCTCATGTCGAT,3-F-56,B cell,0,B cell,-2.5759046,1.5825859,9095,0.411320149898529
10X_P7_6_TGCTGCTGTTCGCTAA,3-F-56,B cell,14,Unmatched_14,8.240732,15.677744,9096,5.334986209869385
10X_P7_6_TGCTGCTGTTCTGTTT,3-F-56,B cell,0,B cell,-0.99937594,2.52148,9097,1.40440034866333
10X_P7_6_TGCTGCTGTTGATTGC,3-F-56,B cell,0,B cell,-0.22822171,0.0019004731,9098,0.8527597188949585
10X_P7_6_TGCTGCTGTTTGACAC,3-F-56,T cell,3,T cell,3.820389,23.780128,9099,1.0848324298858645
10X_P7_6_TGCTGCTTCACCTTAT,3-F-56,B cell,1,Unmatched_1,-1.75588,4.864655,9100,0.6056455373764038
10X_P7_6_TGCTGCTTCAGCTGGC,3-F-56,B cell,0,B cell,-2.847023,2.9940186,9101,1.2401736974716189
10X_P7_6_TGCTGCTTCCACTGGG,3-F-56,B cell,0,B cell,-0.6161074,2.099048,9102,0.7437880039215088
10X_P7_6_TGCTGCTTCCCACTTG,3-F-56,macrophage,5,macrophage,4.658845,13.982278,9103,2.113917827606201
10X_P7_6_TGCTGCTTCCTGCTTG,3-F-56,T cell,2,Unmatched_2,2.0643673,26.384413,9104,0.6321696639060974
10X_P7_6_TGCTGCTTCTGTCAAG,3-F-56,B cell,1,Unmatched_1,-2.7090125,6.123554,9105,0.47503462433815
10X_P7_6_TGGACGCAGAGGACGG,3-F-56,B cell,4,Unmatched_4,8.884343,14.309365,9106,1.4366453886032104
10X_P7_6_TGGACGCAGCAGGTCA,3-F-56,B cell,0,B cell,-2.2338305,1.3116676,9107,0.6151918172836304
10X_P7_6_TGGACGCAGTACGCGA,3-F-56,B cell,0,B cell,-0.27372167,-0.8281007,9108,0.6348518133163452
10X_P7_6_TGGACGCCACAAGCCC,3-F-56,B cell,0,B cell,0.525549,2.7070484,9109,1.040573239326477
10X_P7_6_TGGACGCCACATAACC,3-F-56,T cell,2,Unmatched_2,2.3118289,26.3501,9110,0.5274898409843445
10X_P7_6_TGGACGCCACCATCCT,3-F-56,B cell,0,B cell,-2.397876,1.7528656,9111,0.4686474204063415
10X_P7_6_TGGACGCCATACAGCT,3-F-56,T cell,2,Unmatched_2,4.620405,26.142437,9112,1.4176580905914309
10X_P7_6_TGGACGCGTCATATGC,3-F-56,B cell,1,Unmatched_1,-2.3206723,6.121081,9113,1.0849609375
10X_P7_6_TGGACGCGTCTCCATC,3-F-56,macrophage,5,macrophage,11.220494,14.514687,9114,1.6192702054977417
10X_P7_6_TGGACGCTCAGCGACC,3-F-56,B cell,7,Unmatched_7,-5.398234,0.9686253,9115,1.8040858507156368
10X_P7_6_TGGACGCTCCGCTGTT,3-F-56,B cell,0,B cell,-0.562319,-0.88021934,9116,0.7855864763259888
10X_P7_6_TGGACGCTCTACGAGT,3-F-56,B cell,0,B cell,-3.8209743,-0.28700104,9117,0.9927246570587158
10X_P7_6_TGGCCAGAGGCTAGCA,3-F-56,T cell,2,Unmatched_2,1.8907588,25.546177,9118,0.725195586681366
10X_P7_6_TGGCCAGCAAGAAGAG,3-F-56,T cell,2,Unmatched_2,1.7883631,25.409086,9119,0.9350918531417848
10X_P7_6_TGGCCAGCACCGGAAA,3-F-56,B cell,4,Unmatched_4,-3.9277077,4.2377315,9120,0.7671428918838501
10X_P7_6_TGGCCAGGTACAAGTA,3-F-56,B cell,0,B cell,-3.1212792,0.18038362,9121,0.6245875954627991
10X_P7_6_TGGCCAGGTCTAGCCG,3-F-56,T cell,2,Unmatched_2,2.0292897,25.87421,9122,0.6252550482749939
10X_P7_6_TGGCCAGGTCTCCCTA,3-F-56,T cell,3,T cell,3.703859,22.939257,9123,0.8631447553634644
10X_P7_6_TGGCCAGGTGTGCGTC,3-F-56,T cell,2,Unmatched_2,2.7017996,26.126516,9124,0.5429869890213013
10X_P7_6_TGGCCAGGTTCAGGCC,3-F-56,B cell,0,B cell,-2.7428384,1.6973335,9125,0.5003964900970459
10X_P7_6_TGGCCAGTCCGGGTGT,3-F-56,B cell,0,B cell,-3.0897253,1.2355448,9126,0.9074816703796388
10X_P7_6_TGGCGCAAGAGTTGGC,3-F-56,B cell,0,B cell,-0.35107768,-0.98779315,9127,0.6226173043251038
10X_P7_6_TGGCGCACAAGTCTAC,3-F-56,B cell,0,B cell,-1.5049821,1.3824626,9128,0.5404201745986938
10X_P7_6_TGGCGCACAGACGCCT,3-F-56,B cell,0,B cell,-3.771059,3.1626422,9129,1.2621791362762451
10X_P7_6_TGGCGCACAGGACCCT,3-F-56,B cell,0,B cell,-1.8577989,3.88421,9130,0.889433741569519
10X_P7_6_TGGCGCACATCACCCT,3-F-56,B cell,7,Unmatched_7,-5.500964,1.2230622,9131,1.3542253971099854
10X_P7_6_TGGCGCACATCCCATC,3-F-56,T cell,2,Unmatched_2,2.885455,25.483768,9132,0.5823179483413696
10X_P7_6_TGGCGCAGTAAGGATT,3-F-56,macrophage,8,Unmatched_8,10.724915,11.733241,9133,3.646089553833008
10X_P7_6_TGGCGCAGTAATTGGA,3-F-56,B cell,1,Unmatched_1,-1.6600648,5.9229903,9134,0.5343053936958313
10X_P7_6_TGGCGCAGTATATCCG,3-F-56,B cell,1,Unmatched_1,-1.0725362,5.525721,9135,0.9400426745414734
10X_P7_6_TGGCGCAGTCCCGACA,3-F-56,B cell,1,Unmatched_1,-1.8215207,5.9558764,9136,0.4869564473628998
10X_P7_6_TGGCGCAGTCGCGTGT,3-F-56,natural killer cell,6,natural killer cell,7.197878,26.002428,9137,1.980213522911072
10X_P7_6_TGGCGCAGTGCCTGGT,3-F-56,B cell,0,B cell,-2.350687,0.13452245,9138,0.4320890009403229
10X_P7_6_TGGCGCAGTTACGGAG,3-F-56,T cell,2,Unmatched_2,3.681617,25.092129,9139,1.1175354719161987
10X_P7_6_TGGCGCATCACAGGCC,3-F-56,B cell,0,B cell,-4.067235,1.4507668,9140,1.0489201545715332
10X_P7_6_TGGCGCATCCGAAGAG,3-F-56,B cell,1,Unmatched_1,-1.8620675,5.559361,9141,0.4409581124782562
10X_P7_6_TGGCGCATCCTTTCTC,3-F-56,B cell,0,B cell,-1.3381377,2.0109863,9142,0.9669909477233888
10X_P7_6_TGGCGCATCGTGACAT,3-F-56,T cell,2,Unmatched_2,2.0431788,26.336082,9143,0.827333390712738
10X_P7_6_TGGCGCATCTGATTCT,3-F-56,B cell,1,Unmatched_1,-2.0192397,4.072356,9144,0.791270911693573
10X_P7_6_TGGCTGGAGAAGGCCT,3-F-56,B cell,4,Unmatched_4,-3.5627315,3.4200094,9145,0.7843218445777893
10X_P7_6_TGGCTGGAGGCATGGT,3-F-56,T cell,2,Unmatched_2,4.449364,25.740234,9146,1.4351375102996826
10X_P7_6_TGGCTGGCAGATAATG,3-F-56,B cell,0,B cell,-0.5828809,1.3473849,9147,1.0310181379318235
10X_P7_6_TGGCTGGGTGTGACCC,3-F-56,B cell,0,B cell,-1.1175462,-0.32395512,9148,0.6489645838737488
10X_P7_6_TGGCTGGTCAACGGGA,3-F-56,T cell,3,T cell,2.977566,22.850725,9149,0.5889688730239868
10X_P7_6_TGGCTGGTCCACTCCA,3-F-56,B cell,0,B cell,-3.027376,1.7869896,9150,0.8677011728286743
10X_P7_6_TGGCTGGTCGCATGGC,3-F-56,natural killer cell,6,natural killer cell,7.337101,26.260443,9151,1.7898547649383545
10X_P7_6_TGGCTGGTCGGTGTCG,3-F-56,T cell,3,T cell,4.5016904,25.168804,9152,1.5809872150421145
10X_P7_6_TGGGAAGAGGAGTCTG,3-F-56,B cell,0,B cell,-1.9455839,3.493535,9153,0.6514807939529419
10X_P7_6_TGGGAAGAGTACCGGA,3-F-56,T cell,9,Unmatched_9,6.940784,23.74626,9154,1.814422607421875
10X_P7_6_TGGGAAGCAAGGGTCA,3-F-56,B cell,0,B cell,-2.4087756,3.1928856,9155,0.71457839012146
10X_P7_6_TGGGAAGCACAAGCCC,3-F-56,B cell,0,B cell,-2.0379233,0.048424337,9156,0.4995512962341308
10X_P7_6_TGGGAAGCAGGTCTCG,3-F-56,T cell,2,Unmatched_2,3.8519583,24.750326,9157,2.007201671600342
10X_P7_6_TGGGAAGCAGGTGGAT,3-F-56,B cell,4,Unmatched_4,-4.835479,3.1717288,9158,0.6964297890663147
10X_P7_6_TGGGAAGGTTTCCACC,3-F-56,B cell,0,B cell,0.24722673,0.43365493,9159,0.5119935274124146
10X_P7_6_TGGGAAGTCAGCACAT,3-F-56,T cell,2,Unmatched_2,2.5536246,26.335928,9160,0.5734297633171082
10X_P7_6_TGGGAAGTCGCCAAAT,3-F-56,B cell,4,Unmatched_4,-4.0516996,4.182144,9161,0.8200241923332214
10X_P7_6_TGGGAAGTCGTTGCCT,3-F-56,B cell,0,B cell,-1.3961715,1.5998017,9162,0.4127934277057647
10X_P7_6_TGGGAAGTCTTCGAGA,3-F-56,B cell,4,Unmatched_4,-3.6503918,3.6284785,9163,0.9101664423942566
10X_P7_6_TGGGCGTAGAAGGTTT,3-F-56,B cell,2,Unmatched_2,0.35907975,23.111479,9164,0.8379021883010864
10X_P7_6_TGGGCGTAGTGCCAGA,3-F-56,B cell,0,B cell,-2.065299,0.03699675,9165,0.4923640787601471
10X_P7_6_TGGGCGTAGTGGTCCC,3-F-56,T cell,3,T cell,3.2870717,23.04332,9166,0.5918405652046204
10X_P7_6_TGGGCGTCAACGATCT,3-F-56,B cell,1,Unmatched_1,-1.3865395,5.7507777,9167,0.5701591372489929
10X_P7_6_TGGGCGTCATGGTCTA,3-F-56,B cell,0,B cell,-2.6602614,1.4095381,9168,0.4051945507526397
10X_P7_6_TGGGCGTGTAGGCATG,3-F-56,B cell,0,B cell,-0.3576255,-0.48341346,9169,0.4293593466281891
10X_P7_6_TGGGCGTGTATGAAAC,3-F-56,natural killer cell,6,natural killer cell,7.1126485,26.41919,9170,2.071753025054932
10X_P7_6_TGGGCGTGTCCCGACA,3-F-56,B cell,0,B cell,-0.983127,1.9627721,9171,0.87913978099823
10X_P7_6_TGGGCGTGTCGAAAGC,3-F-56,B cell,0,B cell,-2.9129577,-0.40172148,9172,0.9248581528663636
10X_P7_6_TGGGCGTTCAATAAGG,3-F-56,macrophage,13,Unmatched_13,13.082168,13.589685,9173,2.825871706008911
10X_P7_6_TGGTTAGAGAGGGCTT,3-F-56,T cell,3,T cell,3.2468295,23.718483,9174,0.9208149313926696
10X_P7_6_TGGTTAGAGCAGGTCA,3-F-56,B cell,4,Unmatched_4,-4.946675,4.385992,9175,1.933416724205017
10X_P7_6_TGGTTAGAGCTAAGAT,3-F-56,T cell,9,Unmatched_9,7.0753894,23.613775,9176,2.5223848819732666
10X_P7_6_TGGTTAGCAATAGCGG,3-F-56,T cell,3,T cell,2.8854241,23.375149,9177,0.7131569385528564
10X_P7_6_TGGTTAGCATCGTCGG,3-F-56,B cell,1,Unmatched_1,-1.3690436,6.4421973,9178,0.4260166585445404
10X_P7_6_TGGTTAGGTCACAAGG,3-F-56,B cell,0,B cell,-4.6213346,0.18321228,9179,0.6227394342422485
10X_P7_6_TGGTTAGGTCTAGAGG,3-F-56,B cell,0,B cell,-0.79402316,2.3464983,9180,1.1427206993103027
10X_P7_6_TGGTTAGGTCTCTCTG,3-F-56,B cell,0,B cell,-0.9627178,3.020476,9181,1.4857397079467771
10X_P7_6_TGGTTAGGTGACTCAT,3-F-56,B cell,1,Unmatched_1,-1.2126083,6.111246,9182,0.5141056776046753
10X_P7_6_TGGTTAGGTGTCCTCT,3-F-56,B cell,0,B cell,-0.9001816,0.68601996,9183,0.6695679426193237
10X_P7_6_TGGTTAGTCAGGCCCA,3-F-56,B cell,0,B cell,-3.916573,1.4142281,9184,0.4741191864013672
10X_P7_6_TGGTTAGTCGGCTTGG,3-F-56,B cell,0,B cell,-2.3627126,1.3423357,9185,0.740757167339325
10X_P7_6_TGGTTAGTCGTGGGAA,3-F-56,B cell,0,B cell,-2.196687,1.6210859,9186,0.5614973902702332
10X_P7_6_TGGTTAGTCTCGAGTA,3-F-56,B cell,0,B cell,-0.4532871,-1.0329381,9187,0.5455793142318726
10X_P7_6_TGGTTCCAGATCGATA,3-F-56,B cell,1,Unmatched_1,-2.318412,4.5887475,9188,0.5920432209968567
10X_P7_6_TGGTTCCAGCGTCTAT,3-F-56,B cell,4,Unmatched_4,-2.5733836,8.907454,9189,1.0519566535949707
10X_P7_6_TGGTTCCAGGCAAAGA,3-F-56,B cell,1,Unmatched_1,-2.5284958,5.903911,9190,0.4818933308124542
10X_P7_6_TGGTTCCAGTATTGGA,3-F-56,B cell,0,B cell,-1.7141918,2.2525842,9191,0.570250928401947
10X_P7_6_TGGTTCCCAAACGTGG,3-F-56,B cell,1,Unmatched_1,-1.6636498,6.231912,9192,0.4784292876720428
10X_P7_6_TGGTTCCCACAGGCCT,3-F-56,B cell,0,B cell,-2.175725,-0.80059713,9193,0.5965349078178406
10X_P7_6_TGGTTCCCATACGCCG,3-F-56,T cell,2,Unmatched_2,2.3108132,25.397444,9194,1.3703727722167969
10X_P7_6_TGGTTCCCATCGTCGG,3-F-56,B cell,1,Unmatched_1,-0.99163306,5.714293,9195,0.535187304019928
10X_P7_6_TGGTTCCGTAGCGCAA,3-F-56,T cell,2,Unmatched_2,3.0765896,25.68108,9196,2.8559908866882324
10X_P7_6_TGGTTCCGTCCCTTGT,3-F-56,T cell,2,Unmatched_2,3.468895,25.894747,9197,0.8317423462867737
10X_P7_6_TGGTTCCGTCCTGCTT,3-F-56,B cell,4,Unmatched_4,-2.6287682,8.661619,9198,0.9521092772483826
10X_P7_6_TGGTTCCGTTCGTGAT,3-F-56,B cell,0,B cell,-0.46485034,-0.87836474,9199,0.5452458262443542
10X_P7_6_TGGTTCCTCAACGGCC,3-F-56,B cell,4,Unmatched_4,-3.901119,4.341349,9200,0.8125261664390564
10X_P7_6_TGGTTCCTCACAACGT,3-F-56,B cell,0,B cell,-1.6618725,3.6570947,9201,0.6641285419464111
10X_P7_6_TGGTTCCTCCTAAGTG,3-F-56,B cell,1,Unmatched_1,-2.1913965,5.984706,9202,1.3612765073776243
10X_P7_6_TGTATTCAGCCTTGAT,3-F-56,B cell,1,Unmatched_1,-1.3883697,6.4284444,9203,0.5300000309944153
10X_P7_6_TGTATTCAGTTGTCGT,3-F-56,B cell,0,B cell,-1.6366515,2.222514,9204,0.8090150356292725
10X_P7_6_TGTATTCCAGACGCTC,3-F-56,T cell,3,T cell,4.9479628,24.687548,9205,0.9600892663002014
10X_P7_6_TGTATTCCAGACGTAG,3-F-56,B cell,2,Unmatched_2,0.7496159,22.817844,9206,1.1527438163757324
10X_P7_6_TGTATTCCATATACGC,3-F-56,B cell,1,Unmatched_1,-1.9953588,6.0807953,9207,0.4391832947731018
10X_P7_6_TGTATTCGTAAATGAC,3-F-56,B cell,0,B cell,-2.1279252,2.909128,9208,0.7314519286155701
10X_P7_6_TGTATTCGTTGAGTTC,3-F-56,B cell,0,B cell,0.07319238,0.59375113,9209,0.4866534471511841
10X_P7_6_TGTATTCTCGAGGTAG,3-F-56,T cell,2,Unmatched_2,4.1242623,26.533712,9210,0.8131436705589294
10X_P7_6_TGTATTCTCGTTTAGG,3-F-56,B cell,0,B cell,-1.6226522,4.107021,9211,0.620101273059845
10X_P7_6_TGTATTCTCTACCTGC,3-F-56,T cell,3,T cell,3.0651538,22.820183,9212,0.6618115305900574
10X_P7_6_TGTCCCAAGAGGTACC,3-F-56,T cell,3,T cell,3.2834964,23.279705,9213,0.7758088111877441
10X_P7_6_TGTCCCAAGGCTAGGT,3-F-56,B cell,0,B cell,-1.0944101,0.90521425,9214,0.6995097994804382
10X_P7_6_TGTCCCAGTGGCGAAT,3-F-56,B cell,0,B cell,-0.088462375,0.49037737,9215,0.424512654542923
10X_P7_6_TGTCCCAGTGTCGCTG,3-F-56,B cell,0,B cell,-2.2687953,2.0168965,9216,0.5763867497444153
10X_P7_6_TGTCCCAGTTTCCACC,3-F-56,B cell,0,B cell,-0.5668959,-0.3419808,9217,0.7504276633262634
10X_P7_6_TGTCCCATCTTTCCTC,3-F-56,B cell,4,Unmatched_4,-5.1624417,2.8604074,9218,1.0389689207077026
10X_P7_6_TGTGGTAAGAAGGTTT,3-F-56,B cell,0,B cell,-4.866472,0.58884144,9219,1.3855434656143188
10X_P7_6_TGTGGTAAGAGTTGGC,3-F-56,B cell,0,B cell,-2.269092,-0.7778157,9220,1.184514045715332
10X_P7_6_TGTGGTAAGCTCAACT,3-F-56,B cell,4,Unmatched_4,-4.317671,4.274973,9221,0.7462788820266724
10X_P7_6_TGTGGTAAGGTGGGTT,3-F-56,B cell,1,Unmatched_1,-1.2713895,4.8047566,9222,0.5480763912200928
10X_P7_6_TGTGGTAAGTCCATAC,3-F-56,T cell,2,Unmatched_2,4.2634172,26.619955,9223,1.1250405311584473
10X_P7_6_TGTGGTAAGTCCGTAT,3-F-56,macrophage,5,macrophage,4.6588597,13.986905,9224,2.532930374145508
10X_P7_6_TGTGGTAAGTTCCACA,3-F-56,B cell,1,Unmatched_1,-1.4669224,5.6550355,9225,0.417696863412857
10X_P7_6_TGTGGTACAAAGAATC,3-F-56,B cell,0,B cell,-1.688604,0.43321583,9226,0.5982399582862854
10X_P7_6_TGTGGTAGTCTAAAGA,3-F-56,T cell,2,Unmatched_2,2.5896773,26.45178,9227,0.4930790364742279
10X_P7_6_TGTGGTAGTCTAGTGT,3-F-56,B cell,0,B cell,-4.743343,1.5233282,9228,1.0546473264694214
10X_P7_6_TGTGGTATCAGTTGAC,3-F-56,T cell,2,Unmatched_2,1.8133801,25.568132,9229,0.614226222038269
10X_P7_6_TGTGGTATCGTGGTCG,3-F-56,B cell,1,Unmatched_1,-1.750089,4.4030643,9230,0.4942162334918976
10X_P7_6_TGTGGTATCTACTTAC,3-F-56,T cell,3,T cell,3.7512586,23.225569,9231,0.6026615500450134
10X_P7_6_TGTGTTTAGAGGGCTT,3-F-56,B cell,0,B cell,-0.5896064,2.3765278,9232,0.4114924669265747
10X_P7_6_TGTGTTTCAAGGTTTC,3-F-56,T cell,2,Unmatched_2,2.747346,25.87966,9233,0.9364882111549376
10X_P7_6_TGTGTTTCACTTCTGC,3-F-56,T cell,9,Unmatched_9,7.0063887,23.677473,9234,1.5305360555648804
10X_P7_6_TGTGTTTCATAAGACA,3-F-56,B cell,0,B cell,-2.6099064,0.29185104,9235,0.5135780572891235
10X_P7_6_TGTGTTTCATCAGTCA,3-F-56,T cell,3,T cell,3.0197186,22.892311,9236,0.6272361874580383
10X_P7_6_TGTGTTTGTATCAGTC,3-F-56,B cell,0,B cell,-2.5710042,0.6216356,9237,1.0308011770248413
10X_P7_6_TGTGTTTGTGTCTGAT,3-F-56,T cell,3,T cell,4.879354,24.433086,9238,1.3243175745010376
10X_P7_6_TGTGTTTGTTGGGACA,3-F-56,B cell,6,natural killer cell,0.7764323,2.944831,9239,1.0861512422561646
10X_P7_6_TGTGTTTTCATATCGG,3-F-56,B cell,0,B cell,-2.7639453,0.33930954,9240,0.4279631376266479
10X_P7_6_TGTGTTTTCATTGCGA,3-F-56,T cell,3,T cell,3.2307072,22.731274,9241,0.6610561013221741
10X_P7_6_TGTGTTTTCCGTTGCT,3-F-56,B cell,0,B cell,-1.9758434,0.07471355,9242,0.8596669435501099
10X_P7_6_TGTGTTTTCTTTAGTC,3-F-56,T cell,2,Unmatched_2,4.4265904,25.760931,9243,1.744923710823059
10X_P7_6_TGTTCCGAGATCCGAG,3-F-56,B cell,0,B cell,-1.2398685,0.6758391,9244,1.0279054641723633
10X_P7_6_TGTTCCGAGCACGCCT,3-F-56,B cell,0,B cell,-3.1166399,0.30144525,9245,0.8649126887321472
10X_P7_6_TGTTCCGAGCGTTTAC,3-F-56,B cell,4,Unmatched_4,-3.9216492,3.262437,9246,1.2850836515426636
10X_P7_6_TGTTCCGAGGCGACAT,3-F-56,T cell,2,Unmatched_2,2.8119893,26.385391,9247,0.837396502494812
10X_P7_6_TGTTCCGAGTTCCACA,3-F-56,T cell,2,Unmatched_2,2.8366325,25.657358,9248,0.7823940515518188
10X_P7_6_TGTTCCGCAGTCAGCC,3-F-56,T cell,3,T cell,5.2766843,24.846561,9249,1.0052485466003418
10X_P7_6_TGTTCCGCAGTTTACG,3-F-56,B cell,0,B cell,-0.94447863,-0.57227707,9250,0.6681681871414185
10X_P7_6_TGTTCCGGTAGATTAG,3-F-56,T cell,2,Unmatched_2,4.264707,25.688046,9251,1.3408929109573364
10X_P7_6_TGTTCCGTCAGTACGT,3-F-56,B cell,1,Unmatched_1,-1.832019,4.4079056,9252,0.6106130480766296
10X_P7_6_TTAACTCAGCAAATCA,3-F-56,B cell,1,Unmatched_1,-1.3712959,5.3345256,9253,0.7289091944694519
10X_P7_6_TTAACTCAGGCTATCT,3-F-56,B cell,0,B cell,-1.5626426,1.9091063,9254,0.5574197769165039
10X_P7_6_TTAACTCGTACATGTC,3-F-56,B cell,0,B cell,-1.6797138,0.78358513,9255,0.5789718627929688
10X_P7_6_TTAACTCGTAGCGATG,3-F-56,B cell,0,B cell,-0.39511463,2.0665097,9256,0.4267201125621795
10X_P7_6_TTAACTCGTCAATACC,3-F-56,T cell,3,T cell,2.527692,23.180023,9257,0.7468730211257935
10X_P7_6_TTAACTCGTGAAGGCT,3-F-56,T cell,3,T cell,3.4628556,23.39084,9258,0.806365430355072
10X_P7_6_TTAACTCGTGATAAAC,3-F-56,B cell,1,Unmatched_1,-1.3967831,6.130961,9259,0.4291954934597015
10X_P7_6_TTAACTCTCAAACCAC,3-F-56,T cell,3,T cell,3.5785232,22.973904,9260,0.5486451983451843
10X_P7_6_TTAACTCTCCAATGGT,3-F-56,natural killer cell,6,natural killer cell,7.2356977,25.996792,9261,2.286675214767456
10X_P7_6_TTAACTCTCCTCATTA,3-F-56,T cell,3,T cell,3.2878542,23.603878,9262,0.6473272442817688
10X_P7_6_TTAACTCTCGACAGCC,3-F-56,B cell,0,B cell,-2.129165,3.2142866,9263,1.2355271577835083
10X_P7_6_TTAACTCTCGGCCGAT,3-F-56,T cell,2,Unmatched_2,2.85066,26.372648,9264,0.784883975982666
10X_P7_6_TTAACTCTCTTCTGGC,3-F-56,B cell,0,B cell,-0.80675125,0.9325567,9265,0.5789174437522888
10X_P7_6_TTAACTCTCTTTAGGG,3-F-56,B cell,1,Unmatched_1,-1.3945385,5.6372466,9266,0.5508018732070923
10X_P7_6_TTAGGACAGACTTTCG,3-F-56,B cell,0,B cell,-2.626508,0.6664632,9267,0.5597881078720093
10X_P7_6_TTAGGACAGAGCAATT,3-F-56,T cell,9,Unmatched_9,7.1569796,23.53087,9268,1.3741817474365234
10X_P7_6_TTAGGACAGTGTGAAT,3-F-56,T cell,2,Unmatched_2,1.9575697,25.732378,9269,0.6657351851463318
10X_P7_6_TTAGGACCACGTAAGG,3-F-56,B cell,4,Unmatched_4,-5.0434628,3.1827183,9270,1.4626340866088867
10X_P7_6_TTAGGACCATCACGAT,3-F-56,B cell,0,B cell,-2.1015234,2.707158,9271,0.7671564817428589
10X_P7_6_TTAGGACCATGAACCT,3-F-56,T cell,3,T cell,3.8711042,23.40706,9272,0.7049679160118103
10X_P7_6_TTAGGACCATTTGCTT,3-F-56,macrophage,8,Unmatched_8,10.512319,11.966901,9273,3.646089553833008
10X_P7_6_TTAGGACGTAAAGTCA,3-F-56,T cell,3,T cell,2.5809565,23.083782,9274,0.6604672074317932
10X_P7_6_TTAGGACGTCTTCTCG,3-F-56,B cell,0,B cell,-3.2366405,1.4943881,9275,0.479751855134964
10X_P7_6_TTAGGACGTGCACTTA,3-F-56,B cell,0,B cell,-0.68367124,2.532441,9276,0.4795006215572357
10X_P7_6_TTAGGACGTGGCGAAT,3-F-56,B cell,0,B cell,-0.8284187,2.225248,9277,1.1963104009628296
10X_P7_6_TTAGGACGTTACGACT,3-F-56,B cell,0,B cell,-0.8001741,-0.45372078,9278,0.5959276556968689
10X_P7_6_TTAGGACGTTCAGTAC,3-F-56,B cell,0,B cell,-2.4091597,2.0866287,9279,1.0213693380355835
10X_P7_6_TTAGGACGTTCCGGCA,3-F-56,B cell,2,Unmatched_2,0.7516098,22.83238,9280,1.387868881225586
10X_P7_6_TTAGGACTCTGTCCGT,3-F-56,B cell,1,Unmatched_1,-1.4160078,6.227988,9281,0.4999176859855652
10X_P7_6_TTAGGACTCTTATCTG,3-F-56,B cell,0,B cell,-0.75391155,0.43588644,9282,0.6681962609291077
10X_P7_6_TTAGGCAAGGCTACGA,3-F-56,T cell,2,Unmatched_2,4.612864,26.094067,9283,1.422542929649353
10X_P7_6_TTAGGCAAGGGTTCCC,3-F-56,B cell,1,Unmatched_1,-1.1326861,5.8076725,9284,0.4962688386440277
10X_P7_6_TTAGGCACAAGGACTG,3-F-56,B cell,0,B cell,-3.076156,0.080845974,9285,0.6540975570678711
10X_P7_6_TTAGGCACAATCGAAA,3-F-56,B cell,0,B cell,-2.8162947,3.0706732,9286,1.1447862386703491
10X_P7_6_TTAGGCACAATCGGTT,3-F-56,T cell,3,T cell,4.852538,24.432322,9287,1.0254076719284058
10X_P7_6_TTAGGCACAATGGATA,3-F-56,macrophage,5,macrophage,12.591135,14.864947,9288,2.270204782485962
10X_P7_6_TTAGGCACAATTGCTG,3-F-56,T cell,2,Unmatched_2,2.2740636,26.27397,9289,0.8589416742324829
10X_P7_6_TTAGGCACACTTCGAA,3-F-56,B cell,0,B cell,-2.6024492,1.9301468,9290,0.5551900267601013
10X_P7_6_TTAGGCAGTAAGGGAA,3-F-56,B cell,0,B cell,-1.8658969,1.9152243,9291,1.251957893371582
10X_P7_6_TTAGGCAGTAGGGACT,3-F-56,macrophage,8,Unmatched_8,10.075106,12.308412,9292,2.127711057662964
10X_P7_6_TTAGGCAGTATGAATG,3-F-56,B cell,1,Unmatched_1,-2.3749015,6.825319,9293,0.8776401281356812
10X_P7_6_TTAGGCATCAACACCA,3-F-56,B cell,0,B cell,-1.8338318,1.4462435,9294,0.5298378467559814
10X_P7_6_TTAGGCATCAGCTCTC,3-F-56,B cell,1,Unmatched_1,-2.2231514,6.1388645,9295,0.6133954524993896
10X_P7_6_TTAGTTCAGAATGTGT,3-F-56,natural killer cell,6,natural killer cell,7.057372,26.378403,9296,1.7285521030426023
10X_P7_6_TTAGTTCAGACTAGGC,3-F-56,B cell,1,Unmatched_1,-1.350242,4.379286,9297,0.5934123992919922
10X_P7_6_TTAGTTCAGACTGTAA,3-F-56,B cell,0,B cell,-3.2534347,0.17240325,9298,0.8769533038139343
10X_P7_6_TTAGTTCAGAGACTTA,3-F-56,B cell,0,B cell,-4.1901636,1.113278,9299,0.6314173936843872
10X_P7_6_TTAGTTCAGAGATGAG,3-F-56,B cell,1,Unmatched_1,-2.3218553,5.6881657,9300,0.5096235871315002
10X_P7_6_TTAGTTCAGAGGACGG,3-F-56,T cell,2,Unmatched_2,3.3843994,26.137936,9301,0.8512678146362305
10X_P7_6_TTAGTTCAGAGTACAT,3-F-56,B cell,1,Unmatched_1,-1.2458826,5.7215614,9302,0.4083234369754791
10X_P7_6_TTAGTTCAGATAGTCA,3-F-56,B cell,1,Unmatched_1,-1.7199248,5.5066175,9303,0.4889399707317352
10X_P7_6_TTAGTTCAGCATGGCA,3-F-56,T cell,3,T cell,2.618406,23.026438,9304,0.6152448654174805
10X_P7_6_TTAGTTCAGCTGCAAG,3-F-56,B cell,4,Unmatched_4,-3.7567503,3.506609,9305,0.833265483379364
10X_P7_6_TTAGTTCCATTGAGCT,3-F-56,T cell,2,Unmatched_2,2.1209583,26.366625,9306,0.8005263209342957
10X_P7_6_TTAGTTCGTTGGGACA,3-F-56,B cell,0,B cell,-1.1597615,2.144236,9307,1.313623547554016
10X_P7_6_TTAGTTCTCATATCGG,3-F-56,B cell,7,Unmatched_7,-5.3683395,1.3425989,9308,1.3119736909866333
10X_P7_6_TTAGTTCTCTCTTATG,3-F-56,T cell,2,Unmatched_2,4.789964,26.654123,9309,1.2567987442016602
10X_P7_6_TTATGCTAGGGCACTA,3-F-56,B cell,0,B cell,-1.7203162,-0.73143876,9310,1.1043378114700315
10X_P7_6_TTATGCTCAGTATGCT,3-F-56,B cell,4,Unmatched_4,-4.3828034,4.375,9311,0.7131732702255249
10X_P7_6_TTATGCTCATAGAAAC,3-F-56,B cell,0,B cell,-1.8447919,3.3696814,9312,0.7493137121200562
10X_P7_6_TTATGCTGTAAACCTC,3-F-56,B cell,0,B cell,-0.91603875,1.8660326,9313,1.0215399265289309
10X_P7_6_TTATGCTGTCTTCAAG,3-F-56,T cell,2,Unmatched_2,2.6081736,25.57702,9314,0.7663315534591675
10X_P7_6_TTATGCTGTGGTCCGT,3-F-56,T cell,2,Unmatched_2,2.2692997,25.570797,9315,0.6269071698188782
10X_P7_6_TTATGCTTCGACAGCC,3-F-56,B cell,1,Unmatched_1,-2.397947,4.8824797,9316,0.5473122596740723
10X_P7_6_TTATGCTTCTCTAGGA,3-F-56,B cell,0,B cell,-1.540568,0.022310363,9317,1.082646727561951
10X_P7_6_TTCCCAGAGACAAGCC,3-F-56,B cell,0,B cell,-4.238104,0.80816865,9318,0.6826086044311523
10X_P7_6_TTCCCAGAGCCGTCGT,3-F-56,B cell,0,B cell,-1.091335,2.0203638,9319,1.251359224319458
10X_P7_6_TTCCCAGCAATCCAAC,3-F-56,macrophage,8,Unmatched_8,10.06415,12.317686,9320,2.5354292392730717
10X_P7_6_TTCCCAGCACCTCGGA,3-F-56,T cell,3,T cell,4.430763,24.797419,9321,0.8516778945922852
10X_P7_6_TTCCCAGCAGCGTCCA,3-F-56,B cell,0,B cell,-2.4203985,-0.028451163,9322,0.5843507647514343
10X_P7_6_TTCCCAGGTAGGGACT,3-F-56,B cell,0,B cell,-0.62758356,1.1623727,9323,0.8865411877632141
10X_P7_6_TTCCCAGGTCCCTTGT,3-F-56,B cell,0,B cell,-2.2636242,1.6071974,9324,0.5079116821289062
10X_P7_6_TTCCCAGGTCTGGTCG,3-F-56,T cell,2,Unmatched_2,1.746621,25.579435,9325,0.6898669600486755
10X_P7_6_TTCCCAGGTTGGGACA,3-F-56,B cell,0,B cell,-3.4353228,2.6050208,9326,0.6213898658752441
10X_P7_6_TTCCCAGTCAAACGGG,3-F-56,B cell,0,B cell,-0.35294726,1.4990395,9327,0.6236560344696045
10X_P7_6_TTCCCAGTCCGTAGGC,3-F-56,B cell,0,B cell,-0.3401932,0.5823239,9328,0.5962183475494385
10X_P7_6_TTCCCAGTCCTTGGTC,3-F-56,B cell,0,B cell,-2.904416,2.7373056,9329,0.908279299736023
10X_P7_6_TTCCCAGTCGCGGATC,3-F-56,B cell,1,Unmatched_1,-2.2542953,6.099925,9330,0.4874536991119385
10X_P7_6_TTCCCAGTCTGCGTAA,3-F-56,T cell,3,T cell,3.6089065,23.342226,9331,0.7460637092590332
10X_P7_6_TTCCCAGTCTGTTTGT,3-F-56,B cell,0,B cell,-1.5587778,1.6717081,9332,1.131102442741394
10X_P7_6_TTCGAAGAGACCCACC,3-F-56,B cell,0,B cell,-2.02366,0.19705766,9333,0.8428949117660522
10X_P7_6_TTCGAAGCATGTCCTC,3-F-56,B cell,0,B cell,-2.0529928,2.5930393,9334,1.0800305604934692
10X_P7_6_TTCGAAGGTATCAGTC,3-F-56,B cell,1,Unmatched_1,-2.392453,5.0791283,9335,0.6418509483337402
10X_P7_6_TTCGAAGGTTAAGATG,3-F-56,B cell,0,B cell,-1.6457496,2.650107,9336,0.5939159989356995
10X_P7_6_TTCGAAGTCAGAGGTG,3-F-56,T cell,3,T cell,5.430404,24.99537,9337,2.381690502166748
10X_P7_6_TTCGAAGTCATAACCG,3-F-56,B cell,4,Unmatched_4,-5.0560184,4.364605,9338,1.14130699634552
10X_P7_6_TTCGAAGTCATCTGCC,3-F-56,dendritic cell,10,dendritic cell,15.836691,-0.0033378848,9339,3.125739574432373
10X_P7_6_TTCGAAGTCCCTAACC,3-F-56,B cell,12,Unmatched_12,9.18665,9.664926,9340,3.694250106811523
10X_P7_6_TTCGGTCAGCTAAACA,3-F-56,T cell,3,T cell,3.59239,22.747679,9341,0.6917418837547302
10X_P7_6_TTCGGTCAGCTGTTCA,3-F-56,macrophage,5,macrophage,4.6447453,13.96842,9342,2.6838767528533936
10X_P7_6_TTCGGTCAGGGTCTCC,3-F-56,B cell,0,B cell,-1.6844176,2.0007987,9343,0.9928867816925048
10X_P7_6_TTCGGTCAGGTGACCA,3-F-56,B cell,1,Unmatched_1,-1.3904959,4.4888926,9344,0.6002434492111206
10X_P7_6_TTCGGTCAGTGTTTGC,3-F-56,T cell,9,Unmatched_9,6.909184,23.761997,9345,2.573024034500122
10X_P7_6_TTCGGTCCAACGATCT,3-F-56,T cell,3,T cell,3.218314,23.222004,9346,0.9930508136749268
10X_P7_6_TTCGGTCCAAGCTGTT,3-F-56,B cell,0,B cell,-2.2965775,1.9851153,9347,1.1460449695587158
10X_P7_6_TTCGGTCCACAGCCCA,3-F-56,B cell,0,B cell,-0.81345814,0.32182232,9348,0.6819239258766174
10X_P7_6_TTCGGTCCACGGCCAT,3-F-56,B cell,0,B cell,-1.5416406,3.8375595,9349,0.8585488200187683
10X_P7_6_TTCGGTCGTAGCAAAT,3-F-56,macrophage,8,Unmatched_8,10.714618,11.742984,9350,3.646089553833008
10X_P7_6_TTCGGTCGTCCTGCTT,3-F-56,B cell,0,B cell,-3.1437852,1.397146,9351,0.3868860900402069
10X_P7_6_TTCGGTCGTCTTCAAG,3-F-56,B cell,9,Unmatched_9,6.6859274,23.838326,9352,3.646089553833008
10X_P7_6_TTCGGTCGTGCACCAC,3-F-56,B cell,1,Unmatched_1,-2.7885387,4.234659,9353,0.7053683400154114
10X_P7_6_TTCGGTCTCACGGTTA,3-F-56,macrophage,8,Unmatched_8,10.389883,12.103413,9354,2.4602320194244385
10X_P7_6_TTCGGTCTCGGTCTAA,3-F-56,B cell,4,Unmatched_4,-5.0371227,3.183125,9355,1.7395175695419312
10X_P7_6_TTCTACAAGACGCTTT,3-F-56,B cell,1,Unmatched_1,-2.492832,5.74688,9356,0.5480907559394836
10X_P7_6_TTCTACACAATGAAAC,3-F-56,T cell,3,T cell,3.5661824,22.758892,9357,1.0860846042633057
10X_P7_6_TTCTACACAGGGATTG,3-F-56,T cell,2,Unmatched_2,2.7805226,26.351223,9358,0.6809159517288208
10X_P7_6_TTCTACACAGGGTATG,3-F-56,B cell,1,Unmatched_1,-2.5778165,6.0928607,9359,0.6093610525131226
10X_P7_6_TTCTACAGTAAGGGCT,3-F-56,T cell,9,Unmatched_9,7.0209117,23.6669,9360,1.9337613582611084
10X_P7_6_TTCTACAGTGATAAGT,3-F-56,natural killer cell,6,natural killer cell,7.4170814,26.095827,9361,2.0772221088409424
10X_P7_6_TTCTACATCGGCCGAT,3-F-56,B cell,0,B cell,-2.2344494,-0.20008011,9362,0.6607391834259033
10X_P7_6_TTCTACATCTCGAGTA,3-F-56,T cell,9,Unmatched_9,7.129653,23.558716,9363,2.128291130065918
10X_P7_6_TTCTCAAAGTTAGGTA,3-F-56,macrophage,5,macrophage,11.104294,14.432019,9364,1.5396965742111206
10X_P7_6_TTCTCAACAAACCTAC,3-F-56,B cell,0,B cell,-0.93292534,-0.041275762,9365,0.6340961456298828
10X_P7_6_TTCTCAACAACCGCCA,3-F-56,T cell,3,T cell,2.703978,23.499966,9366,1.07688307762146
10X_P7_6_TTCTCAACACTTCTGC,3-F-56,B cell,4,Unmatched_4,-4.168324,4.218263,9367,0.7138665914535522
10X_P7_6_TTCTCAACAGCATGAG,3-F-56,B cell,4,Unmatched_4,-4.6715837,3.3521316,9368,1.0635828971862793
10X_P7_6_TTCTCAAGTGAAAGAG,3-F-56,T cell,3,T cell,3.503012,23.651155,9369,0.5933430790901184
10X_P7_6_TTCTCAAGTGACTCAT,3-F-56,B cell,0,B cell,-1.5516037,3.00939,9370,0.8148521780967712
10X_P7_6_TTCTCAAGTTACCGAT,3-F-56,B cell,4,Unmatched_4,-3.616691,3.9081879,9371,0.7796609997749329
10X_P7_6_TTCTCAATCATGTGGT,3-F-56,T cell,3,T cell,5.206458,24.830023,9372,1.3049728870391846
10X_P7_6_TTCTCAATCCATGAGT,3-F-56,T cell,3,T cell,5.1144886,24.78367,9373,1.290030837059021
10X_P7_6_TTCTCCTCAACTGCGC,3-F-56,B cell,0,B cell,-4.0724177,1.3253014,9374,0.8108408451080322
10X_P7_6_TTCTCCTCATACGCTA,3-F-56,B cell,1,Unmatched_1,-1.919603,6.0862412,9375,0.6059801578521729
10X_P7_6_TTCTCCTCATCGGTTA,3-F-56,B cell,0,B cell,-2.226051,1.3834343,9376,0.82253098487854
10X_P7_6_TTCTCCTGTAGCGCAA,3-F-56,B cell,0,B cell,-0.4831388,2.5388277,9377,0.6362790465354919
10X_P7_6_TTCTCCTGTATCGCAT,3-F-56,T cell,9,Unmatched_9,7.105908,23.58277,9378,1.7217999696731567
10X_P7_6_TTCTCCTGTGTCAATC,3-F-56,B cell,1,Unmatched_1,-1.291696,6.2771506,9379,0.6518226861953735
10X_P7_6_TTCTCCTTCAACACTG,3-F-56,T cell,3,T cell,4.730717,24.563911,9380,1.3783279657363892
10X_P7_6_TTCTCCTTCAGTGCAT,3-F-56,B cell,0,B cell,-0.8652885,-0.75368744,9381,0.5627959370613098
10X_P7_6_TTCTCCTTCGCCAAAT,3-F-56,T cell,3,T cell,4.7637596,24.356657,9382,1.0832417011260986
10X_P7_6_TTCTCCTTCTGCTGCT,3-F-56,B cell,1,Unmatched_1,-3.9617972,6.360587,9383,1.2185773849487305
10X_P7_6_TTCTCCTTCTTCCTTC,3-F-56,B cell,0,B cell,-0.31121832,0.6484463,9384,0.5033961534500122
10X_P7_6_TTCTTAGAGACAGACC,3-F-56,T cell,3,T cell,3.0912328,23.280508,9385,1.5854252576828003
10X_P7_6_TTCTTAGAGAGCCTAG,3-F-56,B cell,0,B cell,-3.134175,0.7298948,9386,0.4396083354949951
10X_P7_6_TTCTTAGAGAGTAATC,3-F-56,B cell,0,B cell,-1.1111395,3.0159292,9387,0.8247235417366028
10X_P7_6_TTCTTAGAGCGACGTA,3-F-56,macrophage,8,Unmatched_8,10.020278,12.371876,9388,3.039308786392212
10X_P7_6_TTCTTAGAGCGTGTCC,3-F-56,B cell,0,B cell,-1.5532374,-0.019317046,9389,0.66922527551651
10X_P7_6_TTCTTAGCAATGGACG,3-F-56,B cell,0,B cell,-1.6729738,0.5452838,9390,0.437432050704956
10X_P7_6_TTCTTAGCAGTAAGCG,3-F-56,B cell,0,B cell,-3.0511413,-0.53080714,9391,0.7551974058151245
10X_P7_6_TTCTTAGCAGTATGCT,3-F-56,B cell,1,Unmatched_1,-2.0975518,6.246959,9392,0.8909421563148499
10X_P7_6_TTCTTAGCATCACGTA,3-F-56,B cell,0,B cell,-2.3829787,1.4067792,9393,0.7442801594734192
10X_P7_6_TTCTTAGGTAGAGCTG,3-F-56,B cell,1,Unmatched_1,-1.6662517,6.3199887,9394,0.5431894063949585
10X_P7_6_TTCTTAGGTAGCAAAT,3-F-56,B cell,4,Unmatched_4,-2.6030612,8.879174,9395,1.1837867498397827
10X_P7_6_TTCTTAGGTAGCGTCC,3-F-56,B cell,0,B cell,-0.95277214,-1.4147242,9396,0.7842549085617065
10X_P7_6_TTCTTAGGTCACTTCC,3-F-56,B cell,0,B cell,-2.2811708,2.256708,9397,0.7616826295852661
10X_P7_6_TTCTTAGGTCCATGAT,3-F-56,B cell,0,B cell,-1.3404204,2.4848833,9398,0.7014948725700378
10X_P7_6_TTCTTAGGTCGACTAT,3-F-56,T cell,3,T cell,2.981136,23.267118,9399,0.6802202463150024
10X_P7_6_TTCTTAGGTGTTCGAT,3-F-56,T cell,3,T cell,5.3617983,24.952219,9400,1.5113505125045776
10X_P7_6_TTCTTAGTCAGTTCGA,3-F-56,B cell,1,Unmatched_1,-3.8295553,6.2165217,9401,0.8200646042823792
10X_P7_6_TTCTTAGTCCCTAACC,3-F-56,T cell,2,Unmatched_2,4.2771482,25.755505,9402,1.2819838523864746
10X_P7_6_TTGAACGAGAGACGAA,3-F-56,B cell,0,B cell,-1.5403968,3.585997,9403,0.7669224739074707
10X_P7_6_TTGAACGAGATACACA,3-F-56,T cell,2,Unmatched_2,2.6510975,26.355383,9404,0.6587234139442444
10X_P7_6_TTGAACGAGCACCGTC,3-F-56,B cell,0,B cell,-0.24991532,-0.6863318,9405,0.6353641152381897
10X_P7_6_TTGAACGAGGATGGTC,3-F-56,T cell,3,T cell,3.709962,22.840143,9406,0.6684019565582275
10X_P7_6_TTGAACGAGTCCGTAT,3-F-56,B cell,7,Unmatched_7,-5.6269894,1.0799882,9407,2.334892988204956
10X_P7_6_TTGAACGAGTGAAGAG,3-F-56,B cell,2,Unmatched_2,0.31600502,23.101742,9408,1.7869219779968262
10X_P7_6_TTGAACGCAAGGGTCA,3-F-56,B cell,0,B cell,-1.6205665,2.9775012,9409,1.0255590677261353
10X_P7_6_TTGAACGCACCTCGTT,3-F-56,B cell,0,B cell,-2.5991652,0.15812053,9410,0.3964556753635406
10X_P7_6_TTGAACGGTCTTGATG,3-F-56,T cell,2,Unmatched_2,2.1967244,25.412397,9411,0.6683420538902283
10X_P7_6_TTGAACGTCCACGAAT,3-F-56,B cell,0,B cell,-0.5237608,-0.8008827,9412,0.5206536054611206
10X_P7_6_TTGAACGTCGTAGGTT,3-F-56,B cell,0,B cell,-2.0466208,1.7373773,9413,2.641234874725342
10X_P7_6_TTGACTTAGAACAATC,3-F-56,T cell,3,T cell,3.7483666,23.292488,9414,0.5901384353637695
10X_P7_6_TTGACTTAGGCAATTA,3-F-56,B cell,2,Unmatched_2,0.7316612,22.82529,9415,1.1759848594665527
10X_P7_6_TTGACTTCAAGCGAGT,3-F-56,B cell,0,B cell,-2.6449869,1.2052329,9416,0.505145251750946
10X_P7_6_TTGACTTCAATCCAAC,3-F-56,T cell,3,T cell,3.9236052,24.214315,9417,0.9487002491950988
10X_P7_6_TTGACTTCACATTTCT,3-F-56,B cell,0,B cell,-3.0931232,1.1057572,9418,0.3981156647205353
10X_P7_6_TTGACTTCAGATGGCA,3-F-56,B cell,5,macrophage,4.396785,13.597818,9419,2.8559908866882324
10X_P7_6_TTGACTTCATGTTGAC,3-F-56,B cell,1,Unmatched_1,-1.2318915,5.9096184,9420,0.695319652557373
10X_P7_6_TTGACTTGTCATTAGC,3-F-56,B cell,0,B cell,-0.81706893,-1.277321,9421,0.6717339158058167
10X_P7_6_TTGACTTGTCGAACAG,3-F-56,B cell,0,B cell,-0.59793186,0.42644992,9422,0.5888117551803589
10X_P7_6_TTGACTTGTCTTTCAT,3-F-56,B cell,0,B cell,-0.7093284,2.9123137,9423,0.6285446882247925
10X_P7_6_TTGACTTGTGATAAAC,3-F-56,B cell,4,Unmatched_4,-3.7315233,4.392608,9424,0.9356841444969176
10X_P7_6_TTGACTTGTTATCCGA,3-F-56,B cell,0,B cell,-2.0362616,2.0628219,9425,0.5912601351737976
10X_P7_6_TTGACTTTCGGTCTAA,3-F-56,B cell,0,B cell,-0.8634878,2.698627,9426,0.8390174508094788
10X_P7_6_TTGACTTTCTGACCTC,3-F-56,B cell,0,B cell,-0.8599872,2.577953,9427,1.3056151866912842
10X_P7_6_TTGCCGTAGTGGAGAA,3-F-56,B cell,0,B cell,-2.1691437,0.3851842,9428,0.637174665927887
10X_P7_6_TTGCCGTCAAATTGCC,3-F-56,B cell,0,B cell,-0.10006982,0.48181114,9429,0.4272478520870209
10X_P7_6_TTGCCGTCACGAAAGC,3-F-56,B cell,0,B cell,-1.8011918,2.2472477,9430,0.90338134765625
10X_P7_6_TTGCCGTCACGACTCG,3-F-56,B cell,1,Unmatched_1,-1.8126633,6.306514,9431,0.4365143477916717
10X_P7_6_TTGCCGTTCCCATTAT,3-F-56,B cell,0,B cell,-1.7691936,1.0683945,9432,0.8633357882499695
10X_P7_6_TTGCCGTTCTGAGTGT,3-F-56,B cell,0,B cell,-1.5605525,1.3351675,9433,0.751031756401062
10X_P7_6_TTGCCGTTCTGCAAGT,3-F-56,T cell,2,Unmatched_2,2.1991682,26.28072,9434,0.5408984422683716
10X_P7_6_TTGCCGTTCTTCAACT,3-F-56,B cell,0,B cell,-3.9250827,-0.26900455,9435,0.9139835238456726
10X_P7_6_TTGCGTCAGAGTTGGC,3-F-56,B cell,0,B cell,-2.3114977,3.627665,9436,0.6821879744529724
10X_P7_6_TTGCGTCAGCCGATTT,3-F-56,B cell,1,Unmatched_1,-2.0315144,6.159986,9437,0.5350918769836426
10X_P7_6_TTGCGTCAGGTGGGTT,3-F-56,B cell,0,B cell,-0.8661356,0.0216546,9438,0.4879755079746246
10X_P7_6_TTGCGTCAGTGGAGTC,3-F-56,B cell,0,B cell,-1.140089,2.7097967,9439,0.8900179266929626
10X_P7_6_TTGCGTCCAACGATGG,3-F-56,B cell,0,B cell,-2.2705822,-0.53966856,9440,0.5296441316604614
10X_P7_6_TTGCGTCCACATGGGA,3-F-56,B cell,1,Unmatched_1,-1.5572482,6.3034663,9441,0.5046576857566833
10X_P7_6_TTGCGTCTCACCCGAG,3-F-56,T cell,2,Unmatched_2,2.0534048,25.970947,9442,0.6303737759590149
10X_P7_6_TTGCGTCTCACCGTAA,3-F-56,macrophage,5,macrophage,12.559671,14.814574,9443,2.661242723464966
10X_P7_6_TTGCGTCTCACTCCTG,3-F-56,T cell,3,T cell,3.5853772,23.36486,9444,0.7807908654212952
10X_P7_6_TTGCGTCTCATCGGAT,3-F-56,B cell,0,B cell,-2.2811425,1.617724,9445,0.7638683319091797
10X_P7_6_TTGCGTCTCCTCATTA,3-F-56,B cell,12,Unmatched_12,9.147601,9.704197,9446,3.0889596939086914
10X_P7_6_TTGCGTCTCCTGCTTG,3-F-56,B cell,12,Unmatched_12,9.165501,9.684018,9447,3.8256642818450928
10X_P7_6_TTGCGTCTCTTAACCT,3-F-56,B cell,0,B cell,-1.7200884,3.5096133,9448,0.5763226747512817
10X_P7_6_TTGGAACCACTCAGGC,3-F-56,B cell,0,B cell,0.2347146,-0.44399014,9449,0.5939982533454895
10X_P7_6_TTGGAACGTATGAAAC,3-F-56,B cell,0,B cell,-1.2223994,2.2321036,9450,0.9697622656822203
10X_P7_6_TTGGAACGTCGGATCC,3-F-56,T cell,3,T cell,4.1662836,24.221865,9451,1.1008617877960205
10X_P7_6_TTGGAACGTCTCTTTA,3-F-56,B cell,0,B cell,-3.5953064,2.6880505,9452,0.6708083748817444
10X_P7_6_TTGGAACGTTAAGGGC,3-F-56,B cell,1,Unmatched_1,-1.7517873,4.54831,9453,0.8583981394767761
10X_P7_6_TTGGAACGTTATCACG,3-F-56,T cell,2,Unmatched_2,4.6717534,26.163153,9454,1.2680902481079102
10X_P7_6_TTGGAACTCCAAAGTC,3-F-56,B cell,0,B cell,-3.485184,-0.6815775,9455,0.8685566186904907
10X_P7_6_TTGGAACTCCCTCTTT,3-F-56,T cell,2,Unmatched_2,2.9040186,25.553146,9456,0.6614683866500854
10X_P7_6_TTGGAACTCTCTGAGA,3-F-56,B cell,0,B cell,-3.4742055,1.0845976,9457,0.464819997549057
10X_P7_6_TTGGAACTCTTTAGTC,3-F-56,T cell,3,T cell,3.440775,22.76356,9458,1.1989567279815674
10X_P7_6_TTGGCAACAAGCTGGA,3-F-56,B cell,0,B cell,-0.35147053,2.7877939,9459,0.9686402082443236
10X_P7_6_TTGGCAACAGACAGGT,3-F-56,B cell,0,B cell,-4.3781676,3.2821033,9460,0.6041911840438843
10X_P7_6_TTGGCAAGTGTGCGTC,3-F-56,macrophage,13,Unmatched_13,13.089636,13.599623,9461,2.8559908866882324
10X_P7_6_TTGGCAATCAACTCTT,3-F-56,B cell,4,Unmatched_4,9.146103,14.119599,9462,1.6141570806503296
10X_P7_6_TTGGCAATCATAAAGG,3-F-56,B cell,2,Unmatched_2,0.3067001,23.181591,9463,0.8691458702087402
10X_P7_6_TTGGCAATCATAGCAC,3-F-56,macrophage,4,Unmatched_4,9.3022585,14.049231,9464,2.8559908866882324
10X_P7_6_TTGGCAATCATTCACT,3-F-56,B cell,0,B cell,-3.3803475,0.6065191,9465,0.4508585333824157
10X_P7_6_TTGGCAATCCGCGCAA,3-F-56,T cell,9,Unmatched_9,6.923043,23.764805,9466,1.5793471336364746
10X_P7_6_TTGGCAATCTCGGACG,3-F-56,T cell,9,Unmatched_9,6.953071,23.731236,9467,1.6766436100006104
10X_P7_6_TTGGCAATCTGCTGCT,3-F-56,macrophage,5,macrophage,11.820843,14.617268,9468,1.994352459907532
10X_P7_6_TTGTAGGAGACTAAGT,3-F-56,B cell,0,B cell,-2.8229742,1.1944968,9469,0.3899121284484863
10X_P7_6_TTGTAGGAGTAGCCGA,3-F-56,B cell,1,Unmatched_1,-1.7657099,4.7801647,9470,0.5610657334327698
10X_P7_6_TTGTAGGCACCCTATC,3-F-56,B cell,0,B cell,-2.0539799,1.5893078,9471,0.9931208491325378
10X_P7_6_TTGTAGGCAGGCTGAA,3-F-56,B cell,0,B cell,-0.6310649,-0.5223841,9472,0.6488962769508362
10X_P7_6_TTGTAGGCATCCCATC,3-F-56,B cell,1,Unmatched_1,-1.5230963,5.347811,9473,0.4776038527488708
10X_P7_6_TTGTAGGGTGACTACT,3-F-56,B cell,0,B cell,-2.5515668,0.8187169,9474,1.0960949659347534
10X_P7_6_TTGTAGGGTGGTACAG,3-F-56,T cell,3,T cell,3.656464,23.201368,9475,0.5825861692428589
10X_P7_6_TTGTAGGGTTTGACTG,3-F-56,B cell,0,B cell,-2.3979619,0.5899329,9476,0.6444492340087891
10X_P7_6_TTGTAGGTCAGAGCTT,3-F-56,B cell,0,B cell,-0.39362407,-0.32247055,9477,0.4660382866859436
10X_P7_6_TTGTAGGTCATCGATG,3-F-56,B cell,0,B cell,-0.81667554,-0.1963619,9478,0.5141873359680176
10X_P7_6_TTGTAGGTCGATCCCT,3-F-56,T cell,3,T cell,3.4975486,23.001158,9479,0.6725156903266907
10X_P7_6_TTGTAGGTCTACCTGC,3-F-56,T cell,2,Unmatched_2,2.7859516,25.530487,9480,0.7755126357078552
10X_P7_6_TTTACTGAGAGCCCAA,3-F-56,T cell,3,T cell,3.1460035,23.341599,9481,0.7173525094985962
10X_P7_6_TTTACTGAGCGACGTA,3-F-56,B cell,0,B cell,-1.4361535,3.3543923,9482,0.8010507822036743
10X_P7_6_TTTACTGAGCTAGTGG,3-F-56,B cell,0,B cell,-2.5392966,2.0954607,9483,0.8346484899520874
10X_P7_6_TTTACTGAGGTGACCA,3-F-56,B cell,0,B cell,-0.46544403,-1.1463852,9484,0.5719706416130066
10X_P7_6_TTTACTGCAAGCGCTC,3-F-56,B cell,0,B cell,-0.6760951,1.581548,9485,0.635236382484436
10X_P7_6_TTTACTGCAATGCCAT,3-F-56,macrophage,5,macrophage,11.05053,14.407374,9486,1.9007614850997925
10X_P7_6_TTTACTGCAGGATTGG,3-F-56,T cell,2,Unmatched_2,4.4652944,25.742367,9487,2.248386859893799
10X_P7_6_TTTACTGCAGTCGATT,3-F-56,B cell,0,B cell,-0.3178934,-0.39814603,9488,0.559330940246582
10X_P7_6_TTTACTGCATGGTCAT,3-F-56,B cell,0,B cell,-1.2269669,-0.44696528,9489,0.7139358520507812
10X_P7_6_TTTACTGGTTACGCGC,3-F-56,B cell,0,B cell,-0.72425824,1.2495703,9490,0.960837721824646
10X_P7_6_TTTACTGTCACAGGCC,3-F-56,T cell,3,T cell,3.9108286,24.486797,9491,2.178501605987549
10X_P7_6_TTTATGCAGCTGCGAA,3-F-56,B cell,0,B cell,-0.31838247,-0.88631105,9492,0.5005823373794556
10X_P7_6_TTTATGCCAAGCTGGA,3-F-56,T cell,3,T cell,3.6913524,23.87,9493,0.9468437433242798
10X_P7_6_TTTATGCCAGCCTATA,3-F-56,T cell,2,Unmatched_2,1.7878207,25.603573,9494,0.6931513547897339
10X_P7_6_TTTATGCGTCAAACTC,3-F-56,B cell,4,Unmatched_4,-3.849712,4.4603977,9495,0.9415521025657654
10X_P7_6_TTTATGCGTTCAACCA,3-F-56,B cell,0,B cell,-2.0523238,-0.47531277,9496,1.0070788860321045
10X_P7_6_TTTATGCTCACCGTAA,3-F-56,B cell,0,B cell,-1.7411176,0.3924111,9497,0.6104722619056702
10X_P7_6_TTTATGCTCCACGACG,3-F-56,T cell,2,Unmatched_2,2.393087,26.033531,9498,0.5931814312934875
10X_P7_6_TTTATGCTCTGCTTGC,3-F-56,macrophage,8,Unmatched_8,10.594899,11.895865,9499,3.646089553833008
10X_P7_6_TTTCCTCCAACTGGCC,3-F-56,natural killer cell,6,natural killer cell,7.068175,26.38579,9500,1.7988336086273191
10X_P7_6_TTTCCTCCAAGTAATG,3-F-56,B cell,0,B cell,-0.631612,0.5293646,9501,0.6490715742111206
10X_P7_6_TTTCCTCCAATGCCAT,3-F-56,T cell,3,T cell,4.884125,24.342518,9502,1.0137487649917605
10X_P7_6_TTTCCTCCAGTGGAGT,3-F-56,B cell,0,B cell,-2.3544822,0.57789123,9503,0.6617565751075745
10X_P7_6_TTTCCTCCAGTTCCCT,3-F-56,B cell,0,B cell,-0.6532912,0.10453838,9504,0.5463960766792297
10X_P7_6_TTTCCTCCATAACCTG,3-F-56,T cell,2,Unmatched_2,3.7246408,26.302105,9505,0.7213007807731628
10X_P7_6_TTTCCTCCATAGACTC,3-F-56,dendritic cell,10,dendritic cell,15.894644,-0.061489686,9506,4.423102378845215
10X_P7_6_TTTCCTCGTCACCTAA,3-F-56,B cell,0,B cell,-0.7487457,2.523727,9507,0.6182940006256104
10X_P7_6_TTTCCTCGTCTCTCGT,3-F-56,B cell,14,Unmatched_14,8.202776,15.741051,9508,5.334986209869385
10X_P7_6_TTTCCTCGTGACTACT,3-F-56,B cell,0,B cell,-1.2980125,2.2044816,9509,1.380295991897583
10X_P7_6_TTTCCTCGTGCAGGTA,3-F-56,B cell,0,B cell,-0.611784,-1.2679924,9510,0.5400534868240356
10X_P7_6_TTTCCTCTCACATAGC,3-F-56,B cell,4,Unmatched_4,-3.7954478,3.8146238,9511,0.809630274772644
10X_P7_6_TTTCCTCTCCATGCTC,3-F-56,T cell,3,T cell,3.519354,23.136868,9512,0.5347078442573547
10X_P7_6_TTTGCGCAGACTAGGC,3-F-56,B cell,2,Unmatched_2,0.6913745,22.84794,9513,1.218714952468872
10X_P7_6_TTTGCGCAGCGACGTA,3-F-56,B cell,7,Unmatched_7,-5.4953804,1.1543001,9514,1.268188238143921
10X_P7_6_TTTGCGCAGCGGCTTC,3-F-56,B cell,0,B cell,-1.1239318,-0.77737385,9515,0.6253570914268494
10X_P7_6_TTTGCGCAGGAATGGA,3-F-56,B cell,0,B cell,-0.21545987,1.0280168,9516,0.4021951556205749
10X_P7_6_TTTGCGCCAACTGGCC,3-F-56,T cell,2,Unmatched_2,2.4528196,26.043343,9517,0.7266070246696472
10X_P7_6_TTTGCGCCACATCCGG,3-F-56,T cell,3,T cell,3.4015977,23.382639,9518,1.0692659616470337
10X_P7_6_TTTGCGCCATGCTGGC,3-F-56,B cell,0,B cell,-2.493163,0.9182166,9519,0.4232401251792907
10X_P7_6_TTTGCGCGTCGATTGT,3-F-56,B cell,0,B cell,-0.5867715,1.5447495,9520,0.8576521277427673
10X_P7_6_TTTGCGCGTCTTCGTC,3-F-56,B cell,0,B cell,-3.665206,-0.23684834,9521,0.7796059250831604
10X_P7_6_TTTGCGCGTGAGGGAG,3-F-56,B cell,0,B cell,-0.7157714,0.93853045,9522,0.7288639545440674
10X_P7_6_TTTGCGCGTGCGGTAA,3-F-56,B cell,1,Unmatched_1,-3.003964,4.4925423,9523,0.7591232657432556
10X_P7_6_TTTGCGCGTTTAGCTG,3-F-56,B cell,0,B cell,-0.5350953,-0.68144923,9524,0.5137931704521179
10X_P7_6_TTTGCGCTCACGCGGT,3-F-56,B cell,0,B cell,-0.17011167,0.4256366,9525,0.8432939648628235
10X_P7_6_TTTGCGCTCGAGCCCA,3-F-56,B cell,4,Unmatched_4,-4.26891,4.131088,9526,1.507912278175354
10X_P7_6_TTTGCGCTCGCCTGAG,3-F-56,B cell,0,B cell,-1.7044451,0.5623681,9527,0.545712411403656
10X_P7_6_TTTGGTTAGAGGACGG,3-F-56,B cell,4,Unmatched_4,-5.0787883,1.1580614,9528,1.1139328479766846
10X_P7_6_TTTGGTTCACAACGCC,3-F-56,B cell,1,Unmatched_1,-1.9059247,5.5549755,9529,0.5985816121101379
10X_P7_6_TTTGGTTCACTTGGAT,3-F-56,T cell,2,Unmatched_2,2.4292457,26.402294,9530,0.5736920833587646
10X_P7_6_TTTGGTTCATGGAATA,3-F-56,B cell,12,Unmatched_12,9.122595,9.727193,9531,3.5029664039611816
10X_P7_6_TTTGGTTGTATGAATG,3-F-56,B cell,0,B cell,-0.4228378,0.22090572,9532,1.1197552680969238
10X_P7_6_TTTGGTTGTCACTGGC,3-F-56,T cell,3,T cell,3.6132083,22.739985,9533,0.5937139987945557
10X_P7_6_TTTGGTTGTCAGCTAT,3-F-56,T cell,2,Unmatched_2,2.1550817,25.536886,9534,1.0460978746414185
10X_P7_6_TTTGGTTGTGGGTCAA,3-F-56,macrophage,5,macrophage,11.051589,14.42499,9535,1.6105846166610718
10X_P7_6_TTTGGTTTCAGAGACG,3-F-56,B cell,0,B cell,-2.2570097,2.0386586,9536,1.1166081428527832
10X_P7_6_TTTGGTTTCGAATCCA,3-F-56,B cell,0,B cell,-0.71250856,0.37161466,9537,0.5731300711631775
10X_P7_6_TTTGGTTTCGGAAACG,3-F-56,B cell,0,B cell,-1.3843502,1.5652807,9538,0.5348469018936157
10X_P7_6_TTTGGTTTCTAACTGG,3-F-56,B cell,1,Unmatched_1,-0.9184582,5.499617,9539,0.7994515895843506
10X_P7_6_TTTGGTTTCTGGGCCA,3-F-56,B cell,0,B cell,-2.245694,2.952317,9540,1.1450533866882324
10X_P7_6_TTTGTCAAGCGATATA,3-F-56,B cell,4,Unmatched_4,-4.76237,4.4983115,9541,0.7094572186470032
10X_P7_6_TTTGTCAAGGGCACTA,3-F-56,B cell,1,Unmatched_1,-1.0706103,6.2728605,9542,0.4631751477718353
10X_P7_6_TTTGTCACAAGTACCT,3-F-56,B cell,0,B cell,-0.83335155,-1.2795677,9543,0.6379160284996033
10X_P7_6_TTTGTCACAAGTTCTG,3-F-56,B cell,0,B cell,-2.1654525,0.62061304,9544,0.6804389357566833
10X_P7_6_TTTGTCAGTAGTGAAT,3-F-56,T cell,3,T cell,4.549759,25.248438,9545,3.646089553833008
10X_P7_6_TTTGTCAGTCACTGGC,3-F-56,B cell,0,B cell,-1.073979,-0.15055352,9546,0.6291061043739319
10X_P7_6_TTTGTCAGTTTGCATG,3-F-56,B cell,0,B cell,-2.1314478,0.55241734,9547,1.2492926120758057
10X_P7_6_TTTGTCATCAAACCAC,3-F-56,B cell,0,B cell,-3.037215,1.7489367,9548,0.4597322344779968
10X_P7_6_TTTGTCATCGTGACAT,3-F-56,B cell,0,B cell,-3.7007663,2.179638,9549,1.3153698444366455
10X_P7_6_TTTGTCATCTCAACTT,3-F-56,T cell,2,Unmatched_2,2.431535,25.386587,9550,0.8730420470237732
10X_P7_6_TTTGTCATCTTAGAGC,3-F-56,macrophage,5,macrophage,13.276753,15.279641,9551,2.261985540390014
