cell_id,batch,true_label,predicted_label,aligned_predicted_label,umap_1,umap_2,cell_index,scraw_reconstruction_weight
W31105,single_batch,7MEP,6,7MEP,-7.5256763,-0.03019201,0,0.8805757761001587
W31106,single_batch,15Mo,4,13Baso,-11.907796,2.7674792,1,0.8005107641220093
W31107,single_batch,3Ery,0,2Ery,-1.892208,-4.403288,2,0.9162594079971312
W31108,single_batch,15Mo,4,13Baso,-11.113309,4.4996514,3,1.5644587278366089
W31109,single_batch,3Ery,0,2Ery,-1.7986526,-4.079429,4,0.7156978845596313
W31110,single_batch,15Mo,1,10GMP,-10.60328,2.8875577,5,1.3745357990264893
W31111,single_batch,4Ery,3,5Ery,-4.0864863,-3.769515,6,0.8800175786018372
W31113,single_batch,2Ery,6,7MEP,-6.77214,0.38763756,7,1.6441582441329956
W31114,single_batch,3Ery,8,3Ery,-3.8992846,-4.1511626,8,1.6707574129104614
W31115,single_batch,2Ery,0,2Ery,-2.5417328,-2.3833942,9,0.7262600660324097
W31116,single_batch,2Ery,3,5Ery,-3.1650982,-2.8884406,10,0.711112380027771
W31117,single_batch,17Neu,1,10GMP,-8.549968,1.6255523,11,1.1597810983657837
W31118,single_batch,14Mo,4,13Baso,-11.120525,3.1907296,12,0.717006504535675
W31119,single_batch,13Baso,1,10GMP,-10.037358,1.6255732,13,0.6713036894798279
W31120,single_batch,3Ery,0,2Ery,-2.5097852,-2.6903057,14,0.807770848274231
W31121,single_batch,7MEP,6,7MEP,-6.9827976,0.21167511,15,1.0759141445159912
W31122,single_batch,3Ery,8,3Ery,-2.8337421,-4.4422975,16,0.963287353515625
W31123,single_batch,3Ery,0,2Ery,-2.8683212,-2.8817675,17,0.7634353041648865
W31124,single_batch,2Ery,0,2Ery,-1.5550984,-2.6219947,18,1.126794695854187
W31125,single_batch,8Mk,9,8Mk,-8.498289,-1.3778226,19,1.9605720043182373
W31126,single_batch,3Ery,3,5Ery,-4.8771214,-2.9850616,20,1.008517146110535
W31127,single_batch,9GMP,1,10GMP,-10.296416,2.4707313,21,1.567166447639465
W31128,single_batch,8Mk,9,8Mk,-8.058789,-1.364684,22,1.6114331483840942
W31129,single_batch,10GMP,1,10GMP,-8.96178,0.19133277,23,0.8577512502670288
W31130,single_batch,15Mo,5,14Mo,-10.479903,0.8585954,24,0.9068087339401244
W31131,single_batch,16Neu,2,16Neu,-10.083168,3.8905418,25,0.95908385515213
W31132,single_batch,4Ery,0,2Ery,-3.1673791,-2.2794948,26,0.7272450923919678
W31133,single_batch,13Baso,1,10GMP,-9.593523,2.0157142,27,0.8844754695892334
W31134,single_batch,17Neu,1,10GMP,-8.672351,1.2118963,28,1.4518486261367798
W31136,single_batch,3Ery,0,2Ery,-1.9576463,-4.0534472,29,0.7977144122123718
W31137,single_batch,2Ery,0,2Ery,-3.0138338,-3.4671102,30,0.6668222546577454
W31138,single_batch,3Ery,3,5Ery,-3.5065646,-4.158997,31,1.1589863300323486
W31139,single_batch,5Ery,7,6Ery,-4.992652,-1.940765,32,0.6649419665336609
W31140,single_batch,3Ery,3,5Ery,-3.7866662,-3.7179363,33,1.131696701049805
W31141,single_batch,13Baso,5,14Mo,-10.79828,1.6352578,34,0.7035702466964722
W31142,single_batch,1Ery,0,2Ery,-2.2068417,-1.4451363,35,1.9677064418792725
W31143,single_batch,3Ery,0,2Ery,-1.6901512,-3.8546517,36,1.139961004257202
W31144,single_batch,6Ery,3,5Ery,-4.077534,-3.7427714,37,0.9297738075256348
W31145,single_batch,15Mo,5,14Mo,-9.736806,3.26333,38,0.9748445749282836
W31146,single_batch,3Ery,3,5Ery,-4.383133,-2.5571826,39,0.6255022883415222
W31147,single_batch,3Ery,0,2Ery,-2.4574125,-2.6737304,40,0.8573838472366333
W31148,single_batch,14Mo,4,13Baso,-11.916184,3.159442,41,0.7460975646972656
W31149,single_batch,19Lymph,11,19Lymph,-10.623114,-4.022826,42,2.595523834228516
W31150,single_batch,12Baso,1,10GMP,-9.016371,1.5325246,43,0.9324617981910706
W31151,single_batch,3Ery,8,3Ery,-2.0340183,-4.494319,44,0.965106964111328
W31152,single_batch,14Mo,4,13Baso,-12.08715,2.9317663,45,0.8218165636062622
W31153,single_batch,6Ery,3,5Ery,-4.136397,-3.435265,46,1.0422184467315674
W31154,single_batch,4Ery,3,5Ery,-3.1912923,-3.4639745,47,0.7487584352493286
W31155,single_batch,7MEP,6,7MEP,-7.9410977,-0.22534256,48,2.1452016830444336
W31156,single_batch,2Ery,0,2Ery,-2.1803493,-2.4130802,49,0.8586075305938721
W31157,single_batch,13Baso,1,10GMP,-10.176799,1.3256254,50,1.0685791969299316
W31158,single_batch,14Mo,2,16Neu,-10.322542,4.4834757,51,0.8255376219749451
W31159,single_batch,6Ery,7,6Ery,-5.2139435,-2.6124113,52,1.2698137760162354
W31160,single_batch,18Eos,1,10GMP,-9.078245,1.571729,53,1.4315457344055176
W31161,single_batch,4Ery,3,5Ery,-3.2184246,-2.0569499,54,1.046425461769104
W31162,single_batch,3Ery,3,5Ery,-4.166302,-2.9663076,55,0.5994926691055298
W31163,single_batch,3Ery,3,5Ery,-4.0481577,-3.362078,56,0.6394763588905334
W31164,single_batch,14Mo,4,13Baso,-12.092934,3.0411959,57,0.5930439829826355
W31165,single_batch,2Ery,0,2Ery,-1.5660481,-2.8234694,58,0.862958550453186
W31166,single_batch,13Baso,5,14Mo,-11.31398,1.9105779,59,0.6298144459724426
W31167,single_batch,2Ery,0,2Ery,-1.7598906,-2.4491477,60,0.934917449951172
W31168,single_batch,13Baso,4,13Baso,-12.106061,3.9668145,61,1.566347360610962
W31169,single_batch,13Baso,5,14Mo,-11.230024,1.9167546,62,0.8329395651817322
W31170,single_batch,14Mo,4,13Baso,-11.928568,3.8619518,63,1.0044667720794678
W31171,single_batch,7MEP,6,7MEP,-7.243961,0.22938584,64,0.9454752206802368
W31172,single_batch,7MEP,8,3Ery,-3.1619525,-4.662085,65,2.4089062213897705
W31173,single_batch,7MEP,6,7MEP,-7.546042,-0.13288024,66,1.2213103771209717
W31174,single_batch,10GMP,1,10GMP,-10.409947,1.5582945,67,0.8355689644813538
W31175,single_batch,12Baso,1,10GMP,-9.495736,1.8000107,68,1.0220476388931274
W31176,single_batch,6Ery,7,6Ery,-5.5144486,-1.9072514,69,1.698859930038452
W31177,single_batch,5Ery,7,6Ery,-5.247689,-2.1686385,70,0.6151979565620422
W31178,single_batch,5Ery,7,6Ery,-5.003717,-1.9600477,71,0.6196181774139404
W31179,single_batch,14Mo,2,16Neu,-10.2275305,3.7509162,72,0.9435657262802124
W31180,single_batch,4Ery,0,2Ery,-2.897874,-3.0457726,73,0.6023454070091248
W31181,single_batch,16Neu,2,16Neu,-9.775451,4.3833675,74,0.6393954753875732
W31182,single_batch,16Neu,2,16Neu,-10.658286,4.6430616,75,0.820305347442627
W31183,single_batch,3Ery,0,2Ery,-2.7183437,-3.9363933,76,0.6048137545585632
W31184,single_batch,2Ery,0,2Ery,-2.489618,-2.6019783,77,0.821348249912262
W31185,single_batch,6Ery,3,5Ery,-3.6612945,-1.7780313,78,0.590248167514801
W31186,single_batch,13Baso,5,14Mo,-11.050346,2.06897,79,1.035654067993164
W31187,single_batch,13Baso,1,10GMP,-9.797702,1.6735216,80,0.6535032391548157
W31188,single_batch,10GMP,1,10GMP,-9.8634405,1.4848452,81,0.7239184379577637
W31189,single_batch,14Mo,2,16Neu,-10.342826,3.6745303,82,0.7995785474777222
W31190,single_batch,5Ery,3,5Ery,-4.466223,-2.0603313,83,0.5738287568092346
W31191,single_batch,7MEP,6,7MEP,-7.2711344,-0.03985419,84,1.002310037612915
W31192,single_batch,7MEP,6,7MEP,-7.716762,-0.6061516,85,1.0300674438476562
W31193,single_batch,5Ery,3,5Ery,-3.4745677,-2.9346838,86,0.608435869216919
W31194,single_batch,6Ery,7,6Ery,-5.7839622,-1.8563653,87,1.3392736911773682
W31195,single_batch,2Ery,0,2Ery,-2.123154,-2.4495733,88,0.817608118057251
W31196,single_batch,10GMP,7,6Ery,-7.6598964,-1.1719956,89,1.483912229537964
W31197,single_batch,10GMP,1,10GMP,-9.763322,1.6941106,90,1.0880248546600342
W31198,single_batch,2Ery,0,2Ery,-2.7941139,-2.457314,91,0.5718743801116943
W31199,single_batch,7MEP,6,7MEP,-7.7358656,0.24184455,92,1.8390610218048096
W31200,single_batch,6Ery,7,6Ery,-5.536817,-2.0932214,93,1.0184879302978516
W31201,single_batch,7MEP,6,7MEP,-7.2804136,-0.34853184,94,0.8508400917053223
W31202,single_batch,14Mo,2,16Neu,-10.330579,2.5875947,95,0.7511257529258728
W31203,single_batch,16Neu,5,14Mo,-11.6165285,2.0333614,96,0.7391790151596069
W31204,single_batch,10GMP,1,10GMP,-10.298155,1.6396738,97,1.012600660324097
W31205,single_batch,3Ery,7,6Ery,-5.029532,-2.0910118,98,0.6533200740814209
W31206,single_batch,3Ery,8,3Ery,-2.2296555,-4.452706,99,0.7401643991470337
W31207,single_batch,13Baso,4,13Baso,-12.01103,3.2230504,100,0.6926850080490112
W31209,single_batch,1Ery,0,2Ery,-1.8408059,-2.2857497,101,1.6269662380218506
W31210,single_batch,14Mo,5,14Mo,-11.905435,1.8464519,102,0.8451710939407349
W31211,single_batch,15Mo,4,13Baso,-11.944248,2.4891083,103,1.1771204471588137
W31212,single_batch,2Ery,3,5Ery,-3.5984437,-1.5277193,104,0.5396299362182617
W31213,single_batch,5Ery,7,6Ery,-6.4517183,-1.016133,105,0.7442629337310791
W31214,single_batch,2Ery,0,2Ery,-2.6210895,-1.2689413,106,0.9684303998947144
W31215,single_batch,5Ery,7,6Ery,-5.9967914,-1.3071476,107,0.5641230940818787
W31217,single_batch,3Ery,8,3Ery,-2.1110125,-4.4352913,108,0.6545574069023132
W31218,single_batch,14Mo,5,14Mo,-11.293411,1.8335882,109,0.713670015335083
W31219,single_batch,10GMP,1,10GMP,-10.284748,1.7093025,110,1.510550618171692
W31220,single_batch,2Ery,0,2Ery,-2.0654018,-1.8954614,111,0.717012882232666
W31221,single_batch,7MEP,6,7MEP,-7.433449,0.12428308,112,1.2619071006774902
W31222,single_batch,4Ery,3,5Ery,-3.19157,-3.265349,113,0.8236329555511475
W31223,single_batch,9GMP,1,10GMP,-7.955262,-1.2768197,114,1.5805095434188845
W31224,single_batch,7MEP,6,7MEP,-7.3474336,-0.5895455,115,1.2580124139785769
W31225,single_batch,3Ery,3,5Ery,-3.620187,-1.5408384,116,1.050359129905701
W31226,single_batch,16Neu,2,16Neu,-9.308366,4.2789674,117,1.0793485641479492
W31227,single_batch,11DC,10,11DC,-13.187698,-0.6248962,118,2.630985975265503
W31228,single_batch,10GMP,1,10GMP,-9.425298,0.50459194,119,3.4357717037200928
W31229,single_batch,6Ery,3,5Ery,-4.0489,-3.6975436,120,1.1517884731292725
W31230,single_batch,3Ery,7,6Ery,-5.567146,-2.0395017,121,0.725058913230896
W31231,single_batch,2Ery,3,5Ery,-3.8561401,-1.2612453,122,1.5521152019500732
W31232,single_batch,5Ery,0,2Ery,-2.7089477,-2.5744376,123,0.6728973984718323
W31233,single_batch,2Ery,7,6Ery,-5.677499,-0.6398097,124,1.5808653831481934
W31234,single_batch,2Ery,0,2Ery,-2.8575032,-2.2511787,125,0.7780030965805054
W31236,single_batch,5Ery,7,6Ery,-4.5988574,-1.5430081,126,1.0557184219360352
W31237,single_batch,14Mo,5,14Mo,-11.5612755,1.8401027,127,0.7241411805152893
W31238,single_batch,5Ery,3,5Ery,-4.302989,-3.2893782,128,0.8500366806983948
W31239,single_batch,14Mo,5,14Mo,-11.810131,2.4916008,129,0.5969794392585754
W31240,single_batch,3Ery,3,5Ery,-3.726708,-3.645307,130,0.8490689396858215
W31241,single_batch,2Ery,0,2Ery,-2.7562082,-1.857319,131,1.2695428133010864
W31242,single_batch,16Neu,2,16Neu,-9.281495,3.6616848,132,0.9316227436065674
W31243,single_batch,2Ery,0,2Ery,-1.6849253,-2.432148,133,0.7853730320930481
W31244,single_batch,13Baso,1,10GMP,-9.6137705,0.51564944,134,1.2529267072677612
W31245,single_batch,16Neu,2,16Neu,-9.27006,3.100242,135,1.0233471393585205
W31246,single_batch,2Ery,0,2Ery,-2.9730296,-1.2262324,136,1.0382206439971924
W31247,single_batch,3Ery,0,2Ery,-1.9355197,-2.987701,137,0.62189120054245
W31248,single_batch,3Ery,8,3Ery,-2.9335074,-3.9432192,138,1.185970664024353
W31249,single_batch,14Mo,5,14Mo,-11.516714,1.7306644,139,0.6802626252174377
W31250,single_batch,5Ery,3,5Ery,-3.7222335,-1.5883719,140,0.9268981218338012
W31251,single_batch,16Neu,2,16Neu,-9.6734495,4.7368646,141,1.0409082174301147
W31252,single_batch,14Mo,5,14Mo,-11.458056,1.602696,142,0.5963101387023926
W31253,single_batch,14Mo,1,10GMP,-9.815443,0.73816097,143,0.8961473703384399
W31254,single_batch,13Baso,4,13Baso,-12.299968,3.669874,144,1.3324906826019287
W31255,single_batch,3Ery,0,2Ery,-2.8973722,-2.607251,145,0.6426587700843811
W31256,single_batch,14Mo,5,14Mo,-10.57033,1.1090193,146,1.0231740474700928
W31257,single_batch,7MEP,6,7MEP,-7.436657,-0.12277716,147,0.9955865144729614
W31259,single_batch,14Mo,1,10GMP,-9.66744,1.9988521,148,0.7533931136131287
W31260,single_batch,10GMP,1,10GMP,-9.429418,0.38363117,149,0.965411365032196
W31262,single_batch,2Ery,7,6Ery,-5.9055095,-0.72140807,150,1.4610328674316406
W31263,single_batch,14Mo,1,10GMP,-9.472658,0.99268264,151,0.7783164978027344
W31264,single_batch,15Mo,1,10GMP,-9.369876,2.7448692,152,0.8281445503234863
W31265,single_batch,14Mo,5,14Mo,-11.5658,2.0966969,153,0.8004704117774963
W31266,single_batch,16Neu,2,16Neu,-9.633133,4.331673,154,0.6171149611473083
W31267,single_batch,10GMP,1,10GMP,-9.106921,0.3445837,155,3.482969284057617
W31268,single_batch,7MEP,6,7MEP,-7.4913893,0.14326134,156,0.9949454069137572
W31269,single_batch,5Ery,7,6Ery,-6.0044575,-0.8214148,157,1.3438209295272827
W31270,single_batch,16Neu,2,16Neu,-9.46305,3.893184,158,1.1401504278182983
W31271,single_batch,2Ery,7,6Ery,-5.5622835,-0.93416125,159,1.578487515449524
W31272,single_batch,16Neu,2,16Neu,-9.360924,3.2871768,160,1.017695426940918
W31273,single_batch,14Mo,5,14Mo,-9.512327,2.5543003,161,0.9110047221183776
W31274,single_batch,10GMP,1,10GMP,-9.835587,1.6315919,162,0.7425116300582886
W31275,single_batch,16Neu,2,16Neu,-9.234896,4.098328,163,0.8688207268714905
W31276,single_batch,8Mk,9,8Mk,-8.304212,-0.98255104,164,0.9018140435218812
W31277,single_batch,7MEP,6,7MEP,-6.990822,-0.25615257,165,0.7544301748275757
W31278,single_batch,14Mo,4,13Baso,-11.666096,2.8470235,166,0.9433172345161438
W31279,single_batch,7MEP,6,7MEP,-7.298938,-0.70418984,167,1.1355738639831543
W31280,single_batch,2Ery,3,5Ery,-3.8930888,-1.7302798,168,0.5973852872848511
W31281,single_batch,14Mo,5,14Mo,-12.123186,2.3927515,169,0.6642217636108398
W31282,single_batch,14Mo,1,10GMP,-9.947459,0.5695345,170,1.191085934638977
W31283,single_batch,4Ery,3,5Ery,-3.2526839,-1.6452485,171,0.7514726519584656
W31284,single_batch,5Ery,7,6Ery,-5.5688133,-1.3979806,172,0.6412962675094604
W31285,single_batch,14Mo,1,10GMP,-9.540266,1.3464638,173,0.7062368392944336
W31286,single_batch,14Mo,1,10GMP,-9.953442,0.7044189,174,1.0635433197021484
W31287,single_batch,10GMP,9,8Mk,-8.2843,-0.8759115,175,1.1970036029815674
W31288,single_batch,6Ery,6,7MEP,-7.000764,-0.1243671,176,1.2338694334030151
W31289,single_batch,5Ery,3,5Ery,-3.9233983,-1.8208302,177,0.6072729229927063
W31290,single_batch,14Mo,5,14Mo,-11.018159,1.8116739,178,1.187280774116516
W31291,single_batch,3Ery,0,2Ery,-2.407799,-3.4879825,179,0.8593158721923828
W31292,single_batch,5Ery,3,5Ery,-4.310705,-2.5654428,180,0.5508058071136475
W31293,single_batch,15Mo,2,16Neu,-10.502107,3.4824793,181,1.6231603622436523
W31294,single_batch,5Ery,3,5Ery,-4.1110644,-1.7780328,182,0.571699321269989
W31295,single_batch,14Mo,5,14Mo,-11.76989,1.7980213,183,0.7783944606781006
W31296,single_batch,16Neu,4,13Baso,-11.875671,2.3219838,184,0.710588276386261
W31297,single_batch,8Mk,6,7MEP,-8.288282,-0.8206992,185,1.700923204421997
W31298,single_batch,3Ery,0,2Ery,-1.9910761,-4.0439873,186,1.0805203914642334
W31299,single_batch,14Mo,4,13Baso,-10.511096,2.9999952,187,0.9683358669281006
W31300,single_batch,12Baso,6,7MEP,-7.820712,0.52461964,188,1.87642502784729
W31301,single_batch,14Mo,4,13Baso,-10.501649,3.0155842,189,1.1916362047195437
W31302,single_batch,3Ery,0,2Ery,-1.903394,-4.2285657,190,0.7447632551193237
W31303,single_batch,5Ery,7,6Ery,-6.091052,-1.6032816,191,0.933585286140442
W31305,single_batch,16Neu,1,10GMP,-9.683462,0.5326292,192,1.1678777933120728
W31306,single_batch,15Mo,4,13Baso,-11.100745,4.1833763,193,1.7839176654815674
W31307,single_batch,13Baso,4,13Baso,-12.067259,2.9647202,194,0.8400856256484985
W31309,single_batch,5Ery,3,5Ery,-4.1597877,-2.7987638,195,0.5908673405647278
W31310,single_batch,3Ery,8,3Ery,-2.3749394,-4.8491187,196,1.0338071584701538
W31311,single_batch,13Baso,5,14Mo,-10.612388,1.0137451,197,1.0099080801010132
W31312,single_batch,12Baso,1,10GMP,-8.726238,1.504266,198,1.3870563507080078
W31313,single_batch,8Mk,6,7MEP,-7.900111,-0.022561936,199,0.968911588191986
W31314,single_batch,7MEP,7,6Ery,-7.450369,-0.97176874,200,1.2453253269195557
W31315,single_batch,6Ery,7,6Ery,-5.2439995,-2.6390963,201,0.8973194360733032
W31316,single_batch,2Ery,0,2Ery,-2.1753008,-2.4264097,202,0.7614517211914062
W31317,single_batch,3Ery,0,2Ery,-1.8925081,-4.0344543,203,0.8104414343833923
W31318,single_batch,3Ery,0,2Ery,-2.4062467,-3.8592148,204,1.084566354751587
W31319,single_batch,15Mo,4,13Baso,-11.900935,2.6843226,205,0.8899695873260498
W31321,single_batch,3Ery,8,3Ery,-3.6283696,-4.101555,206,1.9628019332885744
W31322,single_batch,3Ery,0,2Ery,-3.6304948,-3.586,207,0.6493762135505676
W31323,single_batch,3Ery,8,3Ery,-3.5275087,-4.2506857,208,0.8753397464752197
W31324,single_batch,8Mk,7,6Ery,-7.35399,-1.0415435,209,1.4048867225646973
W31325,single_batch,2Ery,3,5Ery,-3.2364123,-2.1638036,210,0.5913810729980469
W31326,single_batch,2Ery,0,2Ery,-2.2660215,-2.7492096,211,0.9478488564491272
W31327,single_batch,14Mo,4,13Baso,-11.112222,3.5721083,212,0.8263857364654541
W31328,single_batch,3Ery,3,5Ery,-3.4016883,-3.5206726,213,0.5434563159942627
W31329,single_batch,15Mo,4,13Baso,-11.530935,4.2154484,214,1.1654237508773804
W31330,single_batch,14Mo,4,13Baso,-11.397958,2.676636,215,0.6680654287338257
W31331,single_batch,7MEP,6,7MEP,-7.0573936,-0.33570287,216,1.3256900310516355
W31332,single_batch,15Mo,2,16Neu,-9.264381,3.2106762,217,0.9598907232284546
W31333,single_batch,3Ery,3,5Ery,-3.7539172,-2.6613739,218,1.0346015691757202
W31334,single_batch,3Ery,3,5Ery,-3.9337673,-3.4363704,219,0.6779026985168457
W31335,single_batch,13Baso,1,10GMP,-9.59388,1.2004688,220,0.8991045951843262
W31336,single_batch,15Mo,4,13Baso,-11.512835,4.164863,221,1.1170023679733276
W31337,single_batch,3Ery,0,2Ery,-2.8525145,-3.13772,222,1.031300067901611
W31338,single_batch,15Mo,4,13Baso,-11.268045,3.8815298,223,0.8035694360733032
W31339,single_batch,13Baso,4,13Baso,-11.806201,2.904165,224,0.8908733129501343
W31340,single_batch,3Ery,3,5Ery,-4.5995083,-2.982186,225,1.1387929916381836
W31341,single_batch,15Mo,2,16Neu,-9.805658,2.754774,226,0.8454363346099854
W31342,single_batch,15Mo,2,16Neu,-10.539453,4.734872,227,0.9517441987991332
W31343,single_batch,13Baso,4,13Baso,-12.222073,3.8950856,228,1.3836735486984253
W31344,single_batch,19Lymph,6,7MEP,-9.905227,1.7692993,229,3.659777164459229
W31345,single_batch,4Ery,3,5Ery,-4.087476,-3.3631048,230,0.6307124495506287
W31346,single_batch,3Ery,3,5Ery,-3.8834438,-3.6906066,231,0.8932633399963379
W31347,single_batch,14Mo,5,14Mo,-11.066308,2.1417592,232,1.0219314098358154
W31348,single_batch,4Ery,3,5Ery,-3.315688,-3.093451,233,0.7419880032539368
W31349,single_batch,6Ery,7,6Ery,-6.465531,-1.0812105,234,1.3551151752471924
W31350,single_batch,16Neu,2,16Neu,-9.985076,4.942393,235,1.669105052947998
W31351,single_batch,14Mo,4,13Baso,-11.880838,3.3693826,236,0.7385181188583374
W31353,single_batch,3Ery,0,2Ery,-2.6360044,-2.2433503,237,0.873775839805603
W31354,single_batch,17Neu,1,10GMP,-8.32279,1.429058,238,2.466611862182617
W31355,single_batch,15Mo,4,13Baso,-11.516273,3.1636848,239,0.5730500817298889
W31356,single_batch,4Ery,3,5Ery,-4.1272206,-3.2139785,240,1.0948498249053955
W31357,single_batch,3Ery,0,2Ery,-2.0427768,-4.1803393,241,0.7636749148368835
W31358,single_batch,6Ery,7,6Ery,-6.391688,-1.2034315,242,1.1401941776275637
W31359,single_batch,14Mo,5,14Mo,-11.11775,2.4132187,243,0.6034470796585083
W31360,single_batch,3Ery,8,3Ery,-2.8198843,-4.874197,244,1.1825201511383057
W31361,single_batch,16Neu,2,16Neu,-9.461329,3.6901355,245,0.8701298236846924
W31362,single_batch,14Mo,4,13Baso,-12.43101,2.687355,246,1.0716642141342163
W31363,single_batch,15Mo,2,16Neu,-10.4128475,3.677566,247,0.8899842500686646
W31364,single_batch,7MEP,6,7MEP,-7.5092444,-0.7846708,248,1.4298574924468994
W31365,single_batch,13Baso,5,14Mo,-10.742254,2.1908073,249,0.7528377771377563
W31366,single_batch,15Mo,2,16Neu,-9.2603655,2.7959583,250,0.9562591314315796
W31367,single_batch,14Mo,4,13Baso,-12.387709,3.2671583,251,0.9731402397155762
W31368,single_batch,3Ery,0,2Ery,-2.4532816,-3.932224,252,0.7279475927352905
W31369,single_batch,2Ery,3,5Ery,-3.4242024,-1.4861714,253,0.9364004135131836
W31370,single_batch,2Ery,0,2Ery,-2.0102057,-3.2749436,254,1.3154590129852295
W31371,single_batch,14Mo,4,13Baso,-10.430987,2.906871,255,0.7007572650909424
W31372,single_batch,2Ery,0,2Ery,-1.7823235,-3.1817565,256,0.9348800182342528
W31373,single_batch,13Baso,1,10GMP,-10.001464,2.6970966,257,2.033128499984741
W31374,single_batch,2Ery,0,2Ery,-2.4011528,-3.1164374,258,0.6625953912734985
W31375,single_batch,3Ery,3,5Ery,-3.9295735,-3.6623876,259,0.7782100439071655
W31376,single_batch,13Baso,1,10GMP,-9.836191,1.6650616,260,0.829692542552948
W31377,single_batch,12Baso,6,7MEP,-8.069164,-0.41617945,261,1.0610839128494265
W31378,single_batch,2Ery,0,2Ery,-2.7949426,-1.7883041,262,0.7662745714187622
W31379,single_batch,10GMP,1,10GMP,-9.626971,1.6454498,263,1.378454327583313
W31380,single_batch,5Ery,3,5Ery,-4.6321683,-1.7267826,264,0.5920002460479736
W31381,single_batch,13Baso,5,14Mo,-11.657324,1.5443112,265,0.7275393009185791
W31382,single_batch,3Ery,3,5Ery,-3.5134182,-3.851505,266,0.915232002735138
W31383,single_batch,9GMP,1,10GMP,-9.539852,0.87916243,267,1.1019134521484375
W31386,single_batch,15Mo,2,16Neu,-10.341934,3.9867125,268,0.7572430372238159
W31387,single_batch,2Ery,0,2Ery,-2.786197,-2.149115,269,0.6399893760681152
W31388,single_batch,10GMP,1,10GMP,-9.142313,0.5914483,270,0.8052379488945007
W31389,single_batch,5Ery,3,5Ery,-4.567998,-2.4816217,271,0.7407804727554321
W31390,single_batch,5Ery,3,5Ery,-4.103365,-2.9437494,272,0.5950738191604614
W31391,single_batch,2Ery,0,2Ery,-2.9279547,-2.1682646,273,0.9270986318588256
W31392,single_batch,14Mo,1,10GMP,-10.061876,1.3787707,274,0.767440140247345
W31393,single_batch,13Baso,5,14Mo,-10.470363,1.519055,275,0.721378743648529
W31394,single_batch,2Ery,0,2Ery,-2.9652605,-1.8827517,276,0.7069640159606934
W31395,single_batch,14Mo,4,13Baso,-11.283167,3.0193956,277,0.7765337228775024
W31396,single_batch,16Neu,2,16Neu,-9.551524,4.310669,278,0.8236140608787537
W31397,single_batch,12Baso,6,7MEP,-7.9956465,0.7186747,279,1.0792953968048096
W31398,single_batch,14Mo,5,14Mo,-11.95582,2.3766868,280,0.5297734141349792
W31399,single_batch,14Mo,5,14Mo,-11.071054,1.0007836,281,1.1227748394012451
W31401,single_batch,3Ery,0,2Ery,-2.6155777,-2.57074,282,0.7738358974456787
W31402,single_batch,14Mo,5,14Mo,-11.044464,1.7110363,283,0.8166550993919373
W31403,single_batch,13Baso,4,13Baso,-10.806138,2.0428264,284,0.7707725167274475
W31405,single_batch,12Baso,1,10GMP,-9.085505,1.1310406,285,0.9115928411483764
W31406,single_batch,5Ery,7,6Ery,-4.782163,-1.6038216,286,0.7102956175804138
W31407,single_batch,10GMP,9,8Mk,-8.292964,-0.88341933,287,1.332608342170715
W31409,single_batch,14Mo,5,14Mo,-11.210708,1.450171,288,0.7639652490615845
W31410,single_batch,4Ery,3,5Ery,-4.758454,-2.1041486,289,0.7049268484115601
W31411,single_batch,15Mo,5,14Mo,-11.834197,2.0517545,290,0.9813584685325624
W31412,single_batch,11DC,10,11DC,-13.228642,-0.63846004,291,3.0075340270996094
W31413,single_batch,3Ery,8,3Ery,-3.1757498,-4.2917767,292,0.7488648891448975
W31414,single_batch,4Ery,3,5Ery,-3.8392336,-2.3041618,293,0.7023805975914001
W31415,single_batch,4Ery,7,6Ery,-5.277104,-1.7101891,294,0.5716501474380493
W31416,single_batch,4Ery,3,5Ery,-4.0813603,-2.643397,295,0.6600736379623413
W31418,single_batch,4Ery,0,2Ery,-2.6425502,-2.5259476,296,0.6839337944984436
W31419,single_batch,5Ery,7,6Ery,-5.424824,-1.1759448,297,1.0665425062179563
W31420,single_batch,1Ery,0,2Ery,-2.311513,-1.4592115,298,1.451534390449524
W31421,single_batch,16Neu,2,16Neu,-9.809668,4.7652373,299,0.8861641883850098
W31422,single_batch,14Mo,4,13Baso,-11.874209,2.42685,300,0.5969600677490234
W31423,single_batch,2Ery,0,2Ery,-2.6370676,-2.4385753,301,0.9280097484588624
W31424,single_batch,5Ery,3,5Ery,-4.827184,-2.305629,302,0.5895187854766846
W31425,single_batch,15Mo,2,16Neu,-9.423377,3.3985326,303,0.90386962890625
W31426,single_batch,5Ery,3,5Ery,-4.453263,-3.1236658,304,0.630108118057251
W31427,single_batch,2Ery,3,5Ery,-3.4990165,-1.3544263,305,0.638361930847168
W31428,single_batch,5Ery,3,5Ery,-4.436221,-2.0270398,306,0.5988292694091797
W31429,single_batch,1Ery,0,2Ery,-2.448078,-1.3408924,307,1.2212142944335938
W31430,single_batch,7MEP,6,7MEP,-7.58408,-0.29978046,308,1.4314978122711182
W31431,single_batch,2Ery,3,5Ery,-3.800783,-1.3479563,309,1.1300113201141355
W31432,single_batch,14Mo,5,14Mo,-9.46297,2.7259643,310,0.81681889295578
W31433,single_batch,10GMP,9,8Mk,-8.387704,-1.001218,311,1.209343433380127
W31434,single_batch,2Ery,3,5Ery,-3.6559508,-1.7619066,312,0.8928340673446655
W31436,single_batch,14Mo,5,14Mo,-11.797263,2.170279,313,0.8164022564888
W31437,single_batch,6Ery,6,7MEP,-7.0036335,-0.24628209,314,0.9623265862464904
W31439,single_batch,9GMP,9,8Mk,-8.068876,-1.177957,315,1.4940407276153564
W31440,single_batch,3Ery,8,3Ery,-1.9920595,-4.7872815,316,0.8860654234886169
W31441,single_batch,2Ery,3,5Ery,-3.9850945,-1.3690778,317,0.727761447429657
W31442,single_batch,3Ery,3,5Ery,-3.9795284,-2.0666945,318,0.5612301230430603
W31443,single_batch,12Baso,6,7MEP,-7.7830086,-0.10210292,319,1.098189353942871
W31444,single_batch,2Ery,3,5Ery,-3.8412635,-1.3359811,320,1.561832070350647
W31445,single_batch,18Eos,1,10GMP,-8.948199,0.660744,321,1.5730737447738647
W31446,single_batch,5Ery,3,5Ery,-4.1790013,-2.684347,322,0.5967276096343994
W31447,single_batch,3Ery,3,5Ery,-4.1801786,-1.8289222,323,0.6089308857917786
W31448,single_batch,15Mo,5,14Mo,-11.059426,3.5910544,324,0.519302487373352
W31451,single_batch,14Mo,1,10GMP,-9.6420965,1.1768258,325,0.7933334708213806
W31452,single_batch,2Ery,0,2Ery,-2.6145895,-1.8432252,326,0.6289041042327881
W31453,single_batch,6Ery,7,6Ery,-6.6932316,-0.8640179,327,1.295590877532959
W31454,single_batch,14Mo,5,14Mo,-9.980628,0.9488062,328,0.7821029424667358
W31455,single_batch,2Ery,0,2Ery,-2.5247548,-1.3442824,329,1.5062789916992188
W31456,single_batch,5Ery,3,5Ery,-4.8729916,-2.0265093,330,0.9700236320495604
W31457,single_batch,12Baso,6,7MEP,-8.062151,0.72480774,331,1.2873836755752563
W31458,single_batch,7MEP,6,7MEP,-7.4731026,-0.843745,332,0.8996352553367615
W31459,single_batch,17Neu,1,10GMP,-8.300223,1.3896441,333,1.5505695343017578
W31460,single_batch,14Mo,5,14Mo,-11.139194,1.2028409,334,0.6578991413116455
W31461,single_batch,2Ery,3,5Ery,-3.3390634,-1.5806769,335,0.5705335140228271
W31462,single_batch,5Ery,7,6Ery,-6.0704217,-0.8779846,336,1.2920489311218262
W31463,single_batch,2Ery,3,5Ery,-2.9426794,-1.2980427,337,0.8246307969093323
W31464,single_batch,14Mo,5,14Mo,-11.565499,1.8136368,338,0.932805061340332
W31465,single_batch,13Baso,5,14Mo,-10.656396,0.7448478,339,1.048766851425171
W31466,single_batch,15Mo,4,13Baso,-11.827305,3.397274,340,1.1588134765625
W31467,single_batch,2Ery,0,2Ery,-2.5956383,-2.104286,341,0.8151761293411255
W31468,single_batch,13Baso,5,14Mo,-10.303567,1.5940931,342,0.6872828006744385
W31469,single_batch,16Neu,2,16Neu,-9.600179,4.0577145,343,1.2935869693756104
W31470,single_batch,5Ery,0,2Ery,-2.8136578,-2.4374402,344,0.8087896108627319
W31471,single_batch,14Mo,4,13Baso,-12.341393,2.956357,345,1.2386834621429443
W31472,single_batch,16Neu,2,16Neu,-9.243409,3.1721835,346,1.129857897758484
W31473,single_batch,14Mo,5,14Mo,-9.780131,3.1815648,347,0.5601582527160645
W31474,single_batch,16Neu,2,16Neu,-9.373325,4.5936813,348,0.7682418823242188
W31475,single_batch,14Mo,5,14Mo,-11.559098,1.428267,349,0.8992217779159546
W31476,single_batch,8Mk,9,8Mk,-8.4724655,-1.3457197,350,1.564126968383789
W31477,single_batch,10GMP,1,10GMP,-9.638756,1.739648,351,0.8201355934143066
W31478,single_batch,14Mo,5,14Mo,-10.773158,0.9619182,352,0.8324594497680664
W31479,single_batch,5Ery,3,5Ery,-4.451407,-1.6417216,353,0.8588113784790039
W31480,single_batch,7MEP,6,7MEP,-7.328282,0.12559114,354,1.431497573852539
W31481,single_batch,2Ery,0,2Ery,-2.8145838,-1.4249622,355,0.8245651125907898
W31483,single_batch,14Mo,1,10GMP,-8.98529,2.0979946,356,1.2331095933914185
W31484,single_batch,13Baso,5,14Mo,-12.002139,1.9222318,357,0.7285100817680359
W31485,single_batch,2Ery,3,5Ery,-3.6397872,-2.0260437,358,0.4832963943481445
W31486,single_batch,5Ery,3,5Ery,-4.534096,-2.4659257,359,0.5801317095756531
W31487,single_batch,14Mo,5,14Mo,-11.637021,1.5266511,360,1.1238653659820557
W31489,single_batch,14Mo,4,13Baso,-11.725682,3.5282423,361,0.6869228482246399
W31491,single_batch,9GMP,1,10GMP,-9.849155,1.6555678,362,1.0011565685272217
W31492,single_batch,4Ery,8,3Ery,-2.95658,-3.520517,363,0.6313222050666809
W31493,single_batch,10GMP,1,10GMP,-9.338306,0.39735186,364,1.0729420185089111
W31494,single_batch,13Baso,2,16Neu,-10.423615,2.8527272,365,0.5567682385444641
W31495,single_batch,10GMP,1,10GMP,-9.473519,1.4808171,366,0.976721465587616
W31497,single_batch,7MEP,6,7MEP,-7.428372,-0.05503434,367,0.9047372341156006
W31498,single_batch,10GMP,1,10GMP,-9.787074,1.2172652,368,0.8600077629089355
W31499,single_batch,3Ery,8,3Ery,-3.9814045,-4.0913615,369,0.8091830611228943
W31500,single_batch,2Ery,0,2Ery,-2.5327296,-3.0407727,370,1.2219204902648926
W31501,single_batch,14Mo,4,13Baso,-11.630111,3.4293334,371,0.6503531336784363
W31502,single_batch,10GMP,1,10GMP,-8.960864,0.2402902,372,0.91171532869339
W31503,single_batch,15Mo,2,16Neu,-9.728816,3.3123057,373,0.8364837169647217
W31504,single_batch,13Baso,4,13Baso,-11.380128,4.178748,374,1.2400784492492676
W31505,single_batch,7MEP,6,7MEP,-7.728695,0.2533279,375,0.8768980503082275
W31506,single_batch,6Ery,6,7MEP,-7.507823,0.075978674,376,1.107643723487854
W31507,single_batch,7MEP,7,6Ery,-6.2441363,-1.4257923,377,1.151525378227234
W31508,single_batch,5Ery,7,6Ery,-5.078538,-2.3436909,378,0.7281031012535095
W31509,single_batch,14Mo,5,14Mo,-11.350317,2.4792955,379,0.5759788751602173
W31510,single_batch,13Baso,5,14Mo,-11.661456,2.153007,380,0.8775144815444946
W31511,single_batch,10GMP,1,10GMP,-10.289941,1.5517383,381,1.0672385692596436
W31512,single_batch,7MEP,7,6Ery,-6.0932446,-1.5661204,382,1.059574842453003
W31513,single_batch,3Ery,8,3Ery,-2.2373805,-4.920111,383,1.2400529384613037
W31514,single_batch,7MEP,6,7MEP,-7.485028,0.12298909,384,1.8712072372436523
W31515,single_batch,13Baso,5,14Mo,-10.773461,1.6600606,385,0.6841422915458679
W31516,single_batch,1Ery,0,2Ery,-2.3198946,-1.8206537,386,0.6907581090927124
W31517,single_batch,14Mo,5,14Mo,-10.267009,1.0244629,387,0.7552337646484375
W31518,single_batch,13Baso,5,14Mo,-11.484494,1.4551194,388,1.0356512069702148
W31519,single_batch,10GMP,1,10GMP,-9.349641,0.42156258,389,1.0979100465774536
W31520,single_batch,9GMP,1,10GMP,-9.86019,2.10625,390,1.5630972385406494
W31521,single_batch,3Ery,8,3Ery,-2.9361548,-4.5632634,391,0.8247438669204712
W31522,single_batch,13Baso,4,13Baso,-11.498899,2.9457579,392,0.7605366706848145
W31523,single_batch,2Ery,0,2Ery,-2.402387,-1.9348361,393,0.6268735527992249
W31524,single_batch,13Baso,1,10GMP,-9.709431,0.7532369,394,0.8306716084480286
W31525,single_batch,2Ery,0,2Ery,-2.7790217,-2.225454,395,0.6524699926376343
W31526,single_batch,6Ery,6,7MEP,-7.1386766,0.040187273,396,0.9895249009132384
W31527,single_batch,6Ery,6,7MEP,-6.767099,-0.72205156,397,0.8618756532669067
W31528,single_batch,13Baso,5,14Mo,-10.731721,1.0638909,398,1.0558441877365112
W31529,single_batch,3Ery,8,3Ery,-2.9802277,-4.4430747,399,1.0250213146209717
W31530,single_batch,13Baso,5,14Mo,-11.347849,2.52535,400,0.689765214920044
W31531,single_batch,11DC,10,11DC,-13.225068,-0.6378023,401,2.9828622341156006
W31532,single_batch,14Mo,2,16Neu,-9.522789,3.4999075,402,1.275584697723389
W31533,single_batch,10GMP,1,10GMP,-9.176017,0.28592205,403,1.193448543548584
W31534,single_batch,8Mk,9,8Mk,-8.450933,-1.2408968,404,1.2463972568511963
W31535,single_batch,9GMP,1,10GMP,-9.22149,0.8636464,405,0.9303776621818542
W31536,single_batch,2Ery,0,2Ery,-3.127251,-2.617505,406,0.6911267638206482
W31537,single_batch,13Baso,1,10GMP,-9.6977,0.509353,407,0.8517394065856934
W31538,single_batch,14Mo,5,14Mo,-11.587111,1.9828514,408,0.6165619492530823
W31539,single_batch,13Baso,1,10GMP,-9.336068,0.6532872,409,0.9928154945373536
W31540,single_batch,14Mo,5,14Mo,-11.261829,1.0598665,410,1.169655680656433
W31541,single_batch,5Ery,3,5Ery,-3.6465597,-1.9429053,411,0.586676299571991
W31542,single_batch,14Mo,5,14Mo,-10.948584,1.414339,412,1.0067782402038574
W31543,single_batch,5Ery,7,6Ery,-6.1802397,-1.4257683,413,0.6371078491210938
W31544,single_batch,13Baso,4,13Baso,-11.084505,2.988834,414,0.6917672157287598
W31545,single_batch,12Baso,1,10GMP,-8.536005,1.6031957,415,1.0968499183654783
W31546,single_batch,16Neu,2,16Neu,-9.453152,4.330038,416,0.7175710201263428
W31547,single_batch,11DC,10,11DC,-13.125646,-0.61257064,417,3.659777164459229
W31548,single_batch,13Baso,1,10GMP,-9.421558,0.81898445,418,0.947983741760254
W31549,single_batch,13Baso,5,14Mo,-11.394778,1.8487161,419,0.7480721473693848
W31550,single_batch,2Ery,0,2Ery,-2.5484843,-1.7114468,420,0.8789111375808716
W31551,single_batch,2Ery,3,5Ery,-3.7246234,-1.965419,421,0.5620602369308472
W31552,single_batch,14Mo,5,14Mo,-10.501673,1.33008,422,0.5941433906555176
W31553,single_batch,7MEP,6,7MEP,-7.3597355,0.111102045,423,1.1841343641281128
W31554,single_batch,4Ery,3,5Ery,-4.276049,-2.5122914,424,0.5624036192893982
W31555,single_batch,6Ery,7,6Ery,-6.424997,-0.91063166,425,1.5216782093048096
W31556,single_batch,13Baso,5,14Mo,-10.38735,1.1072663,426,0.7314236164093018
W31558,single_batch,14Mo,5,14Mo,-10.6181555,1.1078159,427,0.875471830368042
W31559,single_batch,14Mo,5,14Mo,-11.781992,1.9596734,428,0.7639806866645813
W31560,single_batch,6Ery,6,7MEP,-7.379587,0.027236873,429,0.926264226436615
W31562,single_batch,12Baso,1,10GMP,-8.443535,1.1863303,430,1.6507930755615234
W31563,single_batch,6Ery,7,6Ery,-4.5808673,-3.1697721,431,0.9030526876449584
W31564,single_batch,14Mo,1,10GMP,-10.001321,0.9766245,432,0.7588448524475098
W31565,single_batch,2Ery,3,5Ery,-3.901497,-2.5700412,433,0.5768106579780579
W31566,single_batch,13Baso,5,14Mo,-10.936589,1.6148177,434,0.7868156433105469
W31567,single_batch,13Baso,5,14Mo,-11.768022,1.4301125,435,1.0433483123779297
W31568,single_batch,14Mo,5,14Mo,-11.097277,1.6556256,436,0.6876773238182068
W31569,single_batch,7MEP,6,7MEP,-7.3612714,0.15345624,437,1.0340285301208496
W31570,single_batch,7MEP,6,7MEP,-7.3868175,-0.14243723,438,1.2672672271728516
W31571,single_batch,15Mo,2,16Neu,-9.398889,3.5995228,439,0.9249546527862548
W31572,single_batch,5Ery,7,6Ery,-5.8382254,-1.3645587,440,0.5817908048629761
W31573,single_batch,5Ery,7,6Ery,-5.9687705,-1.3139056,441,0.6742642521858215
W31575,single_batch,5Ery,7,6Ery,-6.2314525,-0.77923083,442,0.9427149295806884
W31576,single_batch,5Ery,3,5Ery,-4.055774,-2.019021,443,0.5252790451049805
W31577,single_batch,15Mo,2,16Neu,-10.159696,4.090714,444,0.6415125131607056
W31578,single_batch,1Ery,0,2Ery,-2.1799228,-1.8506666,445,0.941045880317688
W31580,single_batch,13Baso,5,14Mo,-10.240276,1.9761459,446,0.7769066691398621
W31581,single_batch,10GMP,4,13Baso,-10.415867,2.3369303,447,1.0857194662094116
W31583,single_batch,12Baso,7,6Ery,-6.0243263,-1.2173771,448,0.9597541689872742
W31586,single_batch,4Ery,8,3Ery,-2.8199477,-3.6330743,449,0.6252905130386353
W31587,single_batch,7MEP,6,7MEP,-7.8765697,0.22127667,450,2.204590320587158
W31588,single_batch,15Mo,2,16Neu,-9.864322,4.9074874,451,1.4250493049621582
W31589,single_batch,19Lymph,11,19Lymph,-10.606084,-4.004705,452,2.2679638862609863
W31590,single_batch,13Baso,4,13Baso,-11.881465,3.5704012,453,0.8127399682998657
W31591,single_batch,13Baso,4,13Baso,-11.30979,3.322367,454,0.958522081375122
W31593,single_batch,3Ery,8,3Ery,-2.228213,-4.6217484,455,0.8698618412017822
W31594,single_batch,3Ery,3,5Ery,-4.031599,-2.3694835,456,0.5653104186058044
W31595,single_batch,15Mo,2,16Neu,-9.31197,3.9620903,457,1.0838042497634888
W31596,single_batch,16Neu,2,16Neu,-9.252019,4.5352697,458,0.7859316468238831
W31597,single_batch,13Baso,5,14Mo,-11.345296,2.7287486,459,0.6769877672195435
W31598,single_batch,2Ery,0,2Ery,-2.5597897,-3.1996748,460,0.8450114727020264
W31599,single_batch,15Mo,2,16Neu,-9.963361,4.0579515,461,0.9606037735939026
W31600,single_batch,17Neu,6,7MEP,-7.91643,0.7711769,462,1.4388113021850586
W31601,single_batch,15Mo,2,16Neu,-10.362204,3.4539604,463,0.8547019958496094
W31602,single_batch,13Baso,1,10GMP,-10.227213,1.4820684,464,0.7639007568359375
W31603,single_batch,16Neu,2,16Neu,-9.4645,3.8736153,465,1.0315892696380615
W31604,single_batch,6Ery,6,7MEP,-7.03243,0.004071786,466,0.9530140161514282
W31605,single_batch,5Ery,3,5Ery,-4.6355047,-3.012361,467,0.6957491636276245
W31606,single_batch,15Mo,2,16Neu,-10.954814,3.5090535,468,0.8913128972053528
W31607,single_batch,9GMP,6,7MEP,-7.8534775,-0.70235497,469,1.1610835790634155
W31608,single_batch,13Baso,4,13Baso,-11.363089,3.2539485,470,0.6291298866271973
W31609,single_batch,15Mo,2,16Neu,-10.884333,4.628039,471,1.234647274017334
W31611,single_batch,13Baso,5,14Mo,-11.077899,1.5634261,472,0.9109563827514648
W31613,single_batch,6Ery,6,7MEP,-6.808223,-0.3934105,473,0.8986810445785522
W31614,single_batch,7MEP,6,7MEP,-7.4357386,0.0982243,474,0.8201028108596802
W31615,single_batch,12Baso,1,10GMP,-8.665737,0.25817242,475,0.996554970741272
W31617,single_batch,15Mo,2,16Neu,-9.823734,4.574979,476,0.6136703491210938
W31618,single_batch,2Ery,0,2Ery,-2.79558,-1.4536333,477,0.6815563440322876
W31620,single_batch,13Baso,1,10GMP,-9.606204,0.40919366,478,1.0927352905273438
W31621,single_batch,10GMP,6,7MEP,-6.8220897,-0.40310222,479,1.2179869413375854
W31622,single_batch,14Mo,2,16Neu,-9.519137,3.492724,480,0.8201719522476196
W31623,single_batch,14Mo,5,14Mo,-11.764876,1.7872376,481,1.157123327255249
W31624,single_batch,14Mo,5,14Mo,-9.482732,3.2178183,482,1.1395045518875122
W31625,single_batch,15Mo,2,16Neu,-10.180002,4.68787,483,0.7424837350845337
W31626,single_batch,5Ery,7,6Ery,-5.993101,-1.2973562,484,0.6257823705673218
W31628,single_batch,16Neu,2,16Neu,-9.906857,4.4216747,485,0.67513507604599
W31629,single_batch,5Ery,7,6Ery,-5.5257607,-1.9237816,486,0.6207860708236694
W31630,single_batch,14Mo,2,16Neu,-10.494511,3.508754,487,1.1880966424942017
W31631,single_batch,13Baso,5,14Mo,-11.296029,1.7937212,488,0.5927742719650269
W31632,single_batch,15Mo,2,16Neu,-10.311081,4.9141135,489,1.2057150602340698
W31634,single_batch,2Ery,0,2Ery,-2.3266933,-1.820224,490,0.6196014881134033
W31635,single_batch,2Ery,0,2Ery,-2.7639458,-1.6478406,491,0.9315782189369202
W31636,single_batch,2Ery,0,2Ery,-2.932855,-1.4776121,492,1.2965245246887207
W31638,single_batch,13Baso,5,14Mo,-10.487559,0.86303246,493,0.931270718574524
W31639,single_batch,13Baso,5,14Mo,-11.26851,1.6548026,494,0.8619663715362549
W31640,single_batch,5Ery,7,6Ery,-5.3251524,-2.4586017,495,0.7175646424293518
W31641,single_batch,5Ery,7,6Ery,-5.8652596,-1.1863176,496,0.8007959127426147
W31642,single_batch,9GMP,1,10GMP,-8.873723,0.24620534,497,1.008708357810974
W31644,single_batch,14Mo,5,14Mo,-11.573296,1.8460807,498,0.6337317824363708
W31645,single_batch,7MEP,6,7MEP,-7.459408,-0.022755986,499,1.6605381965637207
W31646,single_batch,14Mo,1,10GMP,-9.893329,1.5758559,500,0.6958954334259033
W31647,single_batch,11DC,10,11DC,-13.03856,-0.45455483,501,3.635919570922852
W31648,single_batch,16Neu,2,16Neu,-9.2162485,4.033625,502,0.8483180999755859
W31649,single_batch,2Ery,0,2Ery,-1.8227054,-3.1527824,503,1.0883296728134155
W31650,single_batch,2Ery,3,5Ery,-3.958933,-1.7585201,504,0.5184775590896606
W31651,single_batch,10GMP,6,7MEP,-8.038119,0.0051661134,505,1.1061506271362305
W31652,single_batch,8Mk,9,8Mk,-8.407688,-1.3246392,506,1.2121371030807495
W31653,single_batch,2Ery,0,2Ery,-3.0876234,-1.604342,507,0.799209475517273
W31654,single_batch,5Ery,3,5Ery,-4.7224693,-2.33003,508,0.564436137676239
W31655,single_batch,13Baso,4,13Baso,-12.172737,2.7901092,509,0.873801589012146
W31656,single_batch,13Baso,5,14Mo,-11.935938,1.8420231,510,1.368138074874878
W31657,single_batch,12Baso,1,10GMP,-9.707012,1.9727373,511,0.7677466869354248
W31658,single_batch,7MEP,6,7MEP,-7.2193666,-0.10811578,512,0.7573509216308594
W31659,single_batch,7MEP,6,7MEP,-7.3089194,-0.15119614,513,0.9822903871536256
W31660,single_batch,13Baso,5,14Mo,-11.3750925,0.864737,514,1.6222758293151855
W31661,single_batch,6Ery,6,7MEP,-7.160756,0.10662482,515,0.97098970413208
W31662,single_batch,5Ery,3,5Ery,-4.3396754,-1.7906191,516,0.5785398483276367
W31663,single_batch,16Neu,2,16Neu,-9.307876,4.634059,517,1.0877565145492554
W31664,single_batch,14Mo,5,14Mo,-11.719706,1.3798456,518,1.2227163314819336
W31665,single_batch,13Baso,5,14Mo,-11.293431,1.6845839,519,0.8530188798904419
W31666,single_batch,2Ery,0,2Ery,-2.998422,-2.3136177,520,0.5875478982925415
W31667,single_batch,14Mo,5,14Mo,-10.325731,0.96587235,521,0.8623064756393433
W31668,single_batch,5Ery,3,5Ery,-4.3673043,-1.5265087,522,0.6906089782714844
W31669,single_batch,7MEP,6,7MEP,-7.6102047,0.07470172,523,1.6172442436218262
W31670,single_batch,10GMP,5,14Mo,-10.659161,1.8298728,524,1.2682174444198608
W31671,single_batch,19Lymph,11,19Lymph,-10.637649,-4.0370564,525,2.6454036235809326
W31674,single_batch,14Mo,1,10GMP,-8.808039,1.3737324,526,1.1045523881912231
W31676,single_batch,4Ery,8,3Ery,-2.701455,-3.6133509,527,0.8221319317817688
W31678,single_batch,14Mo,2,16Neu,-10.293555,3.7029967,528,0.7371980547904968
W31681,single_batch,12Baso,7,6Ery,-8.092596,0.58813006,529,0.9901986122131348
W31682,single_batch,9GMP,1,10GMP,-9.305016,0.9802766,530,1.2421000003814695
W31683,single_batch,15Mo,2,16Neu,-10.768123,4.664329,531,1.2819608449935913
W31684,single_batch,17Neu,1,10GMP,-8.355365,1.506376,532,2.0884523391723637
W31685,single_batch,7MEP,6,7MEP,-7.4458003,-0.61866605,533,1.3111625909805298
W31686,single_batch,16Neu,2,16Neu,-9.375333,4.420594,534,0.9531287550926208
W31687,single_batch,13Baso,4,13Baso,-11.9559555,3.1130185,535,1.161019802093506
W31689,single_batch,3Ery,8,3Ery,-2.7073376,-4.8366284,536,1.0176613330841064
W31690,single_batch,15Mo,2,16Neu,-9.692218,4.66314,537,0.6467896699905396
W31691,single_batch,3Ery,0,2Ery,-2.875418,-3.1307669,538,0.5956562161445618
W31692,single_batch,7MEP,6,7MEP,-6.847462,-0.5313683,539,1.0952240228652954
W31693,single_batch,8Mk,9,8Mk,-8.45354,-1.2802166,540,1.619444727897644
W31694,single_batch,19Lymph,11,19Lymph,-10.60584,-4.0049815,541,2.292836904525757
W31695,single_batch,3Ery,3,5Ery,-4.1453433,-2.1251705,542,0.6804715394973755
W31696,single_batch,13Baso,5,14Mo,-12.075203,2.104629,543,1.3340814113616943
W31697,single_batch,9GMP,1,10GMP,-9.404626,0.7247269,544,0.8172810077667236
W31698,single_batch,3Ery,3,5Ery,-3.7654357,-3.3693452,545,0.6917264461517334
W31699,single_batch,3Ery,3,5Ery,-3.7780616,-3.1810706,546,0.731304407119751
W31700,single_batch,2Ery,0,2Ery,-2.0051835,-2.123041,547,1.3186604976654053
W31701,single_batch,16Neu,2,16Neu,-9.217604,4.194253,548,0.830895185470581
W31702,single_batch,14Mo,5,14Mo,-12.245657,2.5255723,549,0.7936642169952393
W31703,single_batch,16Neu,2,16Neu,-9.386062,4.6269884,550,0.9024449586868286
W31704,single_batch,6Ery,6,7MEP,-7.195118,-0.3997371,551,3.659777164459229
W31705,single_batch,14Mo,5,14Mo,-11.459746,1.9685482,552,0.5714834928512573
W31706,single_batch,5Ery,7,6Ery,-5.9648247,-1.2344117,553,0.8079787492752075
W31707,single_batch,14Mo,5,14Mo,-11.639277,1.798972,554,0.7053132653236389
W31708,single_batch,14Mo,2,16Neu,-10.737077,3.3738434,555,0.6198511719703674
W31709,single_batch,19Lymph,6,7MEP,-8.137042,0.0070910626,556,1.953449010848999
W31711,single_batch,15Mo,2,16Neu,-9.381368,3.4421735,557,1.3608331680297852
W31712,single_batch,13Baso,1,10GMP,-9.72086,0.9090363,558,0.938236117362976
W31713,single_batch,14Mo,2,16Neu,-8.966472,2.3739061,559,0.7869116067886353
W31714,single_batch,13Baso,5,14Mo,-10.857531,1.6733474,560,0.7597826719284058
W31715,single_batch,17Neu,1,10GMP,-8.364739,1.4641702,561,1.3217947483062744
W31716,single_batch,14Mo,5,14Mo,-10.966251,1.060348,562,0.7673368453979492
W31717,single_batch,1Ery,0,2Ery,-2.3949797,-1.3296449,563,1.0891319513320925
W31718,single_batch,2Ery,3,5Ery,-3.5238132,-2.177664,564,0.6473987102508545
W31719,single_batch,5Ery,3,5Ery,-4.5498843,-2.7745976,565,0.562036395072937
W31720,single_batch,6Ery,6,7MEP,-7.4215355,0.10740719,566,1.1510659456253052
W31721,single_batch,15Mo,4,13Baso,-11.718827,4.096996,567,2.146331787109375
W31722,single_batch,10GMP,1,10GMP,-9.788534,1.3427525,568,0.7547430396080017
W31723,single_batch,6Ery,6,7MEP,-6.876507,-0.021428961,569,0.7695651054382324
W31724,single_batch,10GMP,1,10GMP,-9.311692,0.44077864,570,0.974312663078308
W31725,single_batch,7MEP,6,7MEP,-7.21994,0.22210844,571,1.1525189876556396
W31726,single_batch,14Mo,5,14Mo,-11.649306,1.5937514,572,1.0860517024993896
W31727,single_batch,13Baso,4,13Baso,-10.897376,2.3968468,573,0.9636266827583312
W31728,single_batch,2Ery,0,2Ery,-2.9984534,-1.9895346,574,0.7128493785858154
W31729,single_batch,14Mo,4,13Baso,-11.05985,4.4091673,575,1.300187349319458
W31730,single_batch,14Mo,2,16Neu,-10.072288,3.6541386,576,0.65748131275177
W31731,single_batch,6Ery,6,7MEP,-7.281461,0.2244758,577,1.5195486545562744
W31732,single_batch,13Baso,1,10GMP,-9.054217,0.46820083,578,1.0173184871673584
W31733,single_batch,14Mo,5,14Mo,-11.484834,1.665683,579,0.7648492455482483
W31734,single_batch,14Mo,1,10GMP,-9.960291,0.717856,580,0.9209803342819214
W31735,single_batch,2Ery,3,5Ery,-4.028705,-1.7951891,581,0.5331348776817322
W31736,single_batch,6Ery,7,6Ery,-5.6169868,-1.9462492,582,0.657418429851532
W31737,single_batch,13Baso,5,14Mo,-11.212311,2.169658,583,0.8496957421302795
W31738,single_batch,10GMP,1,10GMP,-9.18293,0.39612418,584,0.8850950002670288
W31739,single_batch,15Mo,2,16Neu,-9.30217,3.4115899,585,0.9221667051315308
W31740,single_batch,16Neu,2,16Neu,-9.481868,4.6444926,586,0.9681569933891296
W31741,single_batch,10GMP,1,10GMP,-9.390796,1.6780727,587,0.688072681427002
W31742,single_batch,1Ery,0,2Ery,-2.2351985,-1.3983525,588,3.074099540710449
W31743,single_batch,14Mo,5,14Mo,-11.764126,2.4738126,589,0.7334644794464111
W31744,single_batch,12Baso,1,10GMP,-8.743092,1.4844245,590,0.9861587285995485
W31745,single_batch,10GMP,1,10GMP,-9.942629,1.5975194,591,1.3410439491271973
W31746,single_batch,12Baso,1,10GMP,-8.81056,0.56124026,592,0.9823763966560364
W31748,single_batch,16Neu,2,16Neu,-9.328006,4.5322137,593,0.7276135683059692
W31749,single_batch,10GMP,1,10GMP,-9.5930395,1.5496805,594,0.7724927067756653
W31750,single_batch,13Baso,5,14Mo,-11.039513,2.0663807,595,0.9675328135490416
W31751,single_batch,16Neu,2,16Neu,-9.52636,4.529994,596,0.7719130516052246
W31752,single_batch,6Ery,6,7MEP,-6.6449203,-0.6212168,597,0.9520441293716432
W31755,single_batch,5Ery,6,7MEP,-6.6566796,-0.34609914,598,0.9975911378860474
W31756,single_batch,10GMP,1,10GMP,-9.526402,1.423133,599,0.7991457581520081
W31758,single_batch,13Baso,5,14Mo,-11.051389,1.9398727,600,0.7060827612876892
W31759,single_batch,19Lymph,11,19Lymph,-10.658834,-4.055646,601,2.5049920082092285
W31760,single_batch,14Mo,5,14Mo,-9.600246,2.8420932,602,0.8542240858078003
W31761,single_batch,5Ery,3,5Ery,-4.4307427,-1.6871598,603,0.719566822052002
W31762,single_batch,13Baso,5,14Mo,-11.352854,1.9856863,604,0.7173770666122437
W31764,single_batch,13Baso,5,14Mo,-11.763252,2.348916,605,0.666595458984375
W31765,single_batch,13Baso,5,14Mo,-11.952372,2.0308077,606,0.9172194004058838
W31766,single_batch,19Lymph,11,19Lymph,-10.63014,-4.0265365,607,2.5794448852539062
W31767,single_batch,13Baso,1,10GMP,-9.036533,2.088966,608,0.9211272597312928
W31768,single_batch,4Ery,8,3Ery,-2.4647763,-4.258547,609,0.7818591594696045
W31771,single_batch,12Baso,1,10GMP,-8.444041,-0.48258403,610,1.0261691808700562
W31773,single_batch,10GMP,1,10GMP,-9.760901,1.0704023,611,0.9050507545471193
W31774,single_batch,11DC,10,11DC,-13.045623,-0.45707592,612,3.617234706878662
W31775,single_batch,1Ery,0,2Ery,-2.1983798,-1.6253558,613,1.4249202013015747
W31776,single_batch,19Lymph,11,19Lymph,-10.600619,-3.9854164,614,2.179653644561768
W31777,single_batch,3Ery,0,2Ery,-2.6652358,-2.9717083,615,1.211548089981079
W31778,single_batch,6Ery,6,7MEP,-7.0959992,-0.6050223,616,1.2315969467163086
W31779,single_batch,6Ery,7,6Ery,-6.6480327,-0.9310892,617,0.7636072635650635
W31780,single_batch,2Ery,0,2Ery,-2.615982,-2.3025727,618,0.7747489213943481
W31781,single_batch,2Ery,0,2Ery,-1.8841578,-2.2205703,619,1.1348968744277954
W31782,single_batch,13Baso,5,14Mo,-11.436118,1.9504596,620,0.8345438241958618
W31783,single_batch,3Ery,7,6Ery,-4.7994256,-3.0446749,621,1.0352416038513184
W31785,single_batch,15Mo,2,16Neu,-9.572621,4.8210335,622,0.7234925031661987
W31786,single_batch,2Ery,0,2Ery,-2.993287,-2.1565318,623,0.6356397867202759
W31787,single_batch,10GMP,1,10GMP,-9.137827,1.5149463,624,0.955815851688385
W31788,single_batch,5Ery,7,6Ery,-6.242929,-1.2582544,625,0.7491371631622314
W31789,single_batch,13Baso,5,14Mo,-10.455478,0.8581875,626,1.6817240715026855
W31791,single_batch,9GMP,1,10GMP,-9.381559,0.50551707,627,1.0876609086990356
W31792,single_batch,9GMP,1,10GMP,-8.98481,0.18335702,628,1.0454580783843994
W31793,single_batch,12Baso,1,10GMP,-8.703212,1.391588,629,0.9846210479736328
W31794,single_batch,17Neu,1,10GMP,-8.26585,1.3287226,630,1.2964906692504885
W31795,single_batch,6Ery,6,7MEP,-6.666769,-0.5049646,631,0.9661494493484496
W31796,single_batch,7MEP,6,7MEP,-7.221176,0.09575492,632,1.9611743688583372
W31797,single_batch,6Ery,7,6Ery,-5.391971,-2.0280535,633,0.6510810256004333
W31798,single_batch,14Mo,5,14Mo,-11.718049,2.3407805,634,0.5663114786148071
W31799,single_batch,14Mo,5,14Mo,-10.706835,0.9912671,635,1.3996505737304688
W31800,single_batch,19Lymph,11,19Lymph,-10.586156,-3.9823802,636,2.3204538822174072
W31801,single_batch,13Baso,5,14Mo,-11.265517,1.9848392,637,0.6927118301391602
W31802,single_batch,13Baso,5,14Mo,-10.649518,1.261827,638,1.038931369781494
W31803,single_batch,2Ery,3,5Ery,-3.7397327,-1.8038964,639,1.1770668029785156
W31804,single_batch,13Baso,5,14Mo,-10.596969,0.7381848,640,1.4565186500549316
W31805,single_batch,7MEP,6,7MEP,-7.519255,0.33384758,641,1.320051193237305
W31806,single_batch,3Ery,3,5Ery,-4.305163,-2.4680152,642,0.6087904572486877
W31807,single_batch,13Baso,1,10GMP,-9.628302,0.7397131,643,0.9446150064468384
W31808,single_batch,15Mo,2,16Neu,-9.926442,3.6571436,644,0.8223517537117004
W31809,single_batch,13Baso,5,14Mo,-10.416264,0.70338595,645,3.659777164459229
W31810,single_batch,11DC,10,11DC,-13.196543,-0.60958797,646,2.6983962059021
W31811,single_batch,17Neu,1,10GMP,-8.319088,1.4413658,647,1.8941121101379397
W31812,single_batch,13Baso,1,10GMP,-10.185503,2.9249866,648,0.7351248860359192
W31813,single_batch,14Mo,5,14Mo,-11.184282,1.0819952,649,0.8623833656311035
W31814,single_batch,2Ery,3,5Ery,-4.0071015,-1.456614,650,0.6685019731521606
W31815,single_batch,11DC,10,11DC,-13.205393,-0.6197043,651,2.632516384124756
W31816,single_batch,13Baso,1,10GMP,-9.717182,1.4163878,652,0.7486450672149658
W31817,single_batch,13Baso,5,14Mo,-10.763695,0.9348102,653,1.2260661125183103
W31818,single_batch,2Ery,0,2Ery,-2.9788954,-2.2871056,654,0.7599073648452759
W31819,single_batch,2Ery,0,2Ery,-2.5308475,-1.4365373,655,0.8278457522392273
W31820,single_batch,16Neu,2,16Neu,-9.351913,4.0944877,656,0.8687081933021545
W31821,single_batch,14Mo,5,14Mo,-10.26856,1.0522804,657,0.6760796308517456
W31822,single_batch,10GMP,1,10GMP,-9.112135,0.3110835,658,0.7862496376037598
W31823,single_batch,16Neu,2,16Neu,-9.272036,4.135059,659,0.8549556732177734
W31824,single_batch,13Baso,4,13Baso,-11.543851,3.4419458,660,0.7970848083496094
W31825,single_batch,10GMP,1,10GMP,-10.141992,1.416397,661,0.7233790159225464
W31826,single_batch,16Neu,2,16Neu,-9.557662,3.932752,662,0.6887672543525696
W31827,single_batch,2Ery,7,6Ery,-5.975213,-0.668278,663,1.1658008098602295
W31828,single_batch,14Mo,5,14Mo,-11.634976,2.1449316,664,0.5703374743461609
W31829,single_batch,12Baso,6,7MEP,-8.288648,0.5333215,665,1.951139092445373
W31830,single_batch,9GMP,1,10GMP,-9.400402,0.5761341,666,1.2711989879608154
W31831,single_batch,2Ery,0,2Ery,-2.957231,-2.4465587,667,0.5789977312088013
W31832,single_batch,2Ery,0,2Ery,-1.8216279,-3.2939246,668,0.7406894564628601
W31834,single_batch,2Ery,3,5Ery,-3.2786891,-1.2941626,669,0.9380702376365662
W31835,single_batch,6Ery,7,6Ery,-5.6328316,-1.4241316,670,0.7567697167396545
W31836,single_batch,13Baso,4,13Baso,-12.138646,2.8069937,671,1.0493662357330322
W31837,single_batch,14Mo,1,10GMP,-9.8054285,0.7348777,672,0.9256685972213744
W31838,single_batch,2Ery,0,2Ery,-3.25161,-2.0004473,673,0.6613012552261353
W31839,single_batch,5Ery,0,2Ery,-3.254542,-2.4680107,674,0.5015724897384644
W31840,single_batch,16Neu,2,16Neu,-9.778975,4.8668017,675,0.7538267374038696
W31841,single_batch,6Ery,6,7MEP,-6.770429,-0.39651293,676,0.9084118604660034
W31842,single_batch,13Baso,1,10GMP,-10.051491,0.73796654,677,0.852532148361206
W31845,single_batch,14Mo,5,14Mo,-11.577184,1.1574616,678,1.2326070070266724
W31846,single_batch,5Ery,7,6Ery,-4.723664,-1.5848635,679,0.6010822057723999
W31847,single_batch,5Ery,3,5Ery,-4.5106306,-1.4864231,680,0.8714734315872192
W31849,single_batch,2Ery,0,2Ery,-2.2311375,-2.0070322,681,0.7737380862236023
W31850,single_batch,4Ery,3,5Ery,-3.523304,-3.1444204,682,0.6807821989059448
W31851,single_batch,2Ery,0,2Ery,-2.849057,-1.3682113,683,1.0370194911956787
W31854,single_batch,10GMP,1,10GMP,-9.590569,0.4871983,684,0.8720464110374451
W31855,single_batch,5Ery,3,5Ery,-4.268436,-2.1253564,685,0.5693822503089905
W31856,single_batch,13Baso,5,14Mo,-10.258959,1.0766063,686,0.7198129892349243
W31857,single_batch,13Baso,4,13Baso,-10.912998,2.987715,687,0.5504060387611389
W31858,single_batch,2Ery,3,5Ery,-3.217087,-2.1527064,688,0.6854321956634521
W31859,single_batch,12Baso,6,7MEP,-8.204769,0.67733884,689,1.0353410243988037
W31860,single_batch,12Baso,1,10GMP,-8.523044,1.4646661,690,1.016817569732666
W31861,single_batch,15Mo,2,16Neu,-9.291053,3.194456,691,1.065121293067932
W31864,single_batch,13Baso,5,14Mo,-10.480743,2.8637,692,0.6696200370788574
W31865,single_batch,13Baso,5,14Mo,-11.44154,2.2322211,693,0.7321460843086243
W31866,single_batch,13Baso,5,14Mo,-12.880113,-0.28583813,694,1.7830865383148191
W31868,single_batch,13Baso,5,14Mo,-10.975242,1.437639,695,0.8474088311195374
W31870,single_batch,10GMP,1,10GMP,-10.131023,1.7771772,696,0.7228512763977051
W31871,single_batch,14Mo,2,16Neu,-9.41137,3.6340277,697,1.2244365215301514
W31872,single_batch,13Baso,4,13Baso,-12.170715,2.7083259,698,0.7145589590072632
W36865,single_batch,7MEP,6,7MEP,-7.5272517,0.27228042,699,0.7806593179702759
W36866,single_batch,13Baso,5,14Mo,-10.718963,1.312667,700,0.9311293959617616
W36867,single_batch,9GMP,6,7MEP,-7.614474,-0.05049532,701,0.9204959869384766
W36868,single_batch,14Mo,4,13Baso,-11.263247,3.4588997,702,0.5681302547454834
W36869,single_batch,1Ery,0,2Ery,-1.4425025,-2.9507968,703,1.3896149396896362
W36871,single_batch,3Ery,8,3Ery,-2.4571269,-4.813856,704,1.249133586883545
W36873,single_batch,13Baso,4,13Baso,-12.086788,3.0756083,705,1.2431554794311523
W36874,single_batch,13Baso,5,14Mo,-11.756169,1.1829753,706,1.813042163848877
W36875,single_batch,15Mo,2,16Neu,-10.1754265,4.8422623,707,1.2173161506652832
W36876,single_batch,2Ery,3,5Ery,-3.9050891,-1.1373006,708,1.266850233078003
W36877,single_batch,13Baso,4,13Baso,-10.903204,3.2625284,709,1.2188071012496948
W36878,single_batch,5Ery,0,2Ery,-2.8178024,-3.757066,710,0.5606294870376587
W36879,single_batch,14Mo,4,13Baso,-12.092865,3.0253296,711,0.8395814299583435
W36881,single_batch,3Ery,0,2Ery,-1.9540342,-3.665566,712,0.8144371509552002
W36882,single_batch,6Ery,7,6Ery,-6.0286713,-1.2898076,713,0.7243399620056152
W36883,single_batch,2Ery,0,2Ery,-2.2074583,-3.3930106,714,0.7027954459190369
W36884,single_batch,19Lymph,11,19Lymph,-10.604655,-4.000468,715,2.291494131088257
W36885,single_batch,15Mo,2,16Neu,-10.107232,3.6345222,716,0.7194914817810059
W36886,single_batch,12Baso,1,10GMP,-9.034727,1.4817177,717,1.0126943588256836
W36887,single_batch,7MEP,6,7MEP,-7.5265718,-0.2815144,718,1.113451600074768
W36889,single_batch,2Ery,0,2Ery,-1.502383,-2.8748302,719,1.2761352062225342
W36890,single_batch,8Mk,9,8Mk,-8.426293,-1.2408439,720,1.8981819152832031
W36891,single_batch,14Mo,4,13Baso,-11.962867,3.3554554,721,0.7942067980766296
W36892,single_batch,14Mo,4,13Baso,-11.832001,3.262338,722,0.7013494372367859
W36893,single_batch,8Mk,1,10GMP,-8.94379,0.17566445,723,1.2638925313949585
W36894,single_batch,5Ery,3,5Ery,-4.374036,-3.1364198,724,0.7698198556900024
W36895,single_batch,14Mo,1,10GMP,-9.181744,2.0759544,725,1.1102173328399658
W36897,single_batch,2Ery,0,2Ery,-1.7284768,-2.617444,726,0.8346022963523865
W36898,single_batch,3Ery,8,3Ery,-2.8674676,-4.691379,727,0.8154382109642029
W36899,single_batch,9GMP,1,10GMP,-9.685697,1.7341381,728,0.8708991408348083
W36900,single_batch,5Ery,3,5Ery,-4.3191853,-2.2638283,729,0.5864214301109314
W36901,single_batch,3Ery,0,2Ery,-2.8639855,-3.2408006,730,0.677985429763794
W36902,single_batch,5Ery,3,5Ery,-4.61602,-2.9462674,731,0.5431241393089294
W36903,single_batch,14Mo,4,13Baso,-11.966585,2.693959,732,0.6871054172515869
W36905,single_batch,2Ery,0,2Ery,-1.8203008,-3.2559125,733,0.6143678426742554
W36906,single_batch,2Ery,0,2Ery,-1.7877855,-3.2276914,734,0.6867642402648926
W36907,single_batch,14Mo,2,16Neu,-9.912755,3.0907505,735,0.7224639654159546
W36908,single_batch,16Neu,2,16Neu,-9.759733,4.5293345,736,0.8138501048088074
W36909,single_batch,9GMP,6,7MEP,-7.823824,-0.32943755,737,1.1901962757110596
W36910,single_batch,16Neu,2,16Neu,-9.843127,4.898798,738,1.5873587131500244
W36911,single_batch,15Mo,2,16Neu,-10.696495,4.699592,739,1.667452335357666
W36912,single_batch,10GMP,1,10GMP,-10.45776,1.982197,740,0.875654399394989
W36913,single_batch,3Ery,0,2Ery,-2.4880242,-3.7728484,741,0.5617109537124634
W36914,single_batch,14Mo,4,13Baso,-11.400019,2.5318458,742,0.8270995020866394
W36915,single_batch,8Mk,7,6Ery,-7.7423263,-1.2177287,743,1.5138542652130127
W36916,single_batch,14Mo,1,10GMP,-9.398782,2.3323677,744,0.9486702680587769
W36917,single_batch,15Mo,5,14Mo,-11.936324,2.3982227,745,1.726531744003296
W36918,single_batch,16Neu,2,16Neu,-9.534135,3.6934588,746,0.9940853118896484
W36919,single_batch,5Ery,3,5Ery,-4.4255214,-2.4092522,747,0.5574524402618408
W36920,single_batch,14Mo,4,13Baso,-11.329921,2.993641,748,0.7112469673156738
W36921,single_batch,16Neu,2,16Neu,-9.119798,3.1696048,749,1.8705909252166748
W36922,single_batch,4Ery,3,5Ery,-4.7008615,-1.8691766,750,0.6773977279663086
W36923,single_batch,2Ery,0,2Ery,-1.676524,-2.7291265,751,0.9488693475723268
W36924,single_batch,13Baso,4,13Baso,-12.395842,2.5389867,752,0.9705278277397156
W36925,single_batch,14Mo,4,13Baso,-12.41831,3.2822068,753,1.6611452102661133
W36926,single_batch,13Baso,1,10GMP,-10.373464,1.8232026,754,0.7688641548156738
W36927,single_batch,5Ery,7,6Ery,-5.740091,-1.9183979,755,1.1246066093444824
W36928,single_batch,13Baso,1,10GMP,-10.132832,2.0812988,756,1.0177333354949951
W36929,single_batch,7MEP,6,7MEP,-7.4529037,-0.2249477,757,1.0715736150741575
W36930,single_batch,15Mo,2,16Neu,-9.666365,4.5089126,758,0.6260378360748291
W36931,single_batch,6Ery,7,6Ery,-6.4773088,-0.99005944,759,0.8278146386146545
W36932,single_batch,16Neu,2,16Neu,-9.71801,4.578398,760,0.6276772618293762
W36933,single_batch,15Mo,2,16Neu,-10.861309,4.3613625,761,1.0598700046539309
W36934,single_batch,12Baso,1,10GMP,-8.449176,1.3084759,762,1.096137523651123
W36935,single_batch,6Ery,6,7MEP,-7.241371,-0.6738044,763,1.3728235960006714
W36936,single_batch,13Baso,5,14Mo,-12.021788,1.1920166,764,1.691422462463379
W36939,single_batch,14Mo,2,16Neu,-9.896145,3.3495553,765,1.07160484790802
W36940,single_batch,16Neu,2,16Neu,-9.592896,4.656468,766,0.7299468517303467
W36941,single_batch,14Mo,4,13Baso,-11.72835,2.367692,767,0.7378082275390625
W36942,single_batch,14Mo,5,14Mo,-11.749811,1.6142496,768,0.6177392601966858
W36943,single_batch,2Ery,0,2Ery,-2.5377626,-1.8965985,769,0.6917394399642944
W36944,single_batch,6Ery,6,7MEP,-6.835547,-0.719563,770,1.0149950981140137
W36945,single_batch,6Ery,6,7MEP,-7.628843,-0.41096696,771,0.749839186668396
W36946,single_batch,13Baso,4,13Baso,-10.550791,2.589936,772,0.8248234987258911
W36947,single_batch,14Mo,5,14Mo,-11.4606905,2.3125503,773,0.7136106491088867
W36948,single_batch,16Neu,2,16Neu,-9.771575,4.632903,774,0.8309135437011719
W36949,single_batch,2Ery,0,2Ery,-1.8023715,-3.8999355,775,0.8213880658149719
W36950,single_batch,2Ery,0,2Ery,-1.5141724,-2.6449091,776,1.072501540184021
W36951,single_batch,5Ery,3,5Ery,-4.1886964,-2.8707242,777,0.5032666921615601
W36952,single_batch,2Ery,3,5Ery,-3.2640753,-2.9599347,778,0.5861346125602722
W36953,single_batch,5Ery,3,5Ery,-4.4657464,-2.584363,779,0.6299010515213013
W36954,single_batch,1Ery,0,2Ery,-1.9365853,-2.453129,780,0.8146718740463257
W36955,single_batch,13Baso,5,14Mo,-10.793056,1.7877235,781,0.6988239884376526
W36956,single_batch,14Mo,5,14Mo,-11.491843,1.8464825,782,0.8330650925636292
W36957,single_batch,14Mo,4,13Baso,-11.333337,2.5846882,783,0.6295573711395264
W36958,single_batch,16Neu,2,16Neu,-9.742405,4.764394,784,0.813119113445282
W36959,single_batch,1Ery,0,2Ery,-1.9529808,-2.331029,785,0.7583937048912048
W36960,single_batch,6Ery,3,5Ery,-3.4758396,-4.209133,786,0.8874501585960388
W36961,single_batch,14Mo,2,16Neu,-10.562436,3.3076272,787,1.03203022480011
W36962,single_batch,14Mo,4,13Baso,-11.319886,3.5318806,788,0.7039651274681091
W36963,single_batch,15Mo,4,13Baso,-10.613285,3.459562,789,0.9802166819572448
W36964,single_batch,13Baso,4,13Baso,-12.371804,3.1499205,790,1.4697405099868774
W36966,single_batch,15Mo,2,16Neu,-10.009466,3.570512,791,1.3064589500427246
W36967,single_batch,1Ery,0,2Ery,-1.4593661,-3.0124724,792,1.3760173320770264
W36969,single_batch,8Mk,9,8Mk,-8.505765,-1.4052683,793,1.767570734024048
W36970,single_batch,15Mo,2,16Neu,-9.77761,4.455112,794,0.7028871774673462
W36971,single_batch,14Mo,4,13Baso,-12.300918,2.3884614,795,0.718962550163269
W36972,single_batch,10GMP,1,10GMP,-9.55666,1.5790864,796,0.7483574151992798
W36973,single_batch,9GMP,1,10GMP,-9.802238,1.9228234,797,0.7571683526039124
W36974,single_batch,4Ery,3,5Ery,-4.5838666,-2.8205233,798,0.6385902762413025
W36975,single_batch,15Mo,4,13Baso,-11.130795,3.7246008,799,0.8304161429405212
W36976,single_batch,4Ery,6,7MEP,-6.800237,0.38483658,800,1.4186818599700928
W36977,single_batch,11DC,10,11DC,-13.177872,-0.6029849,801,2.8523237705230717
W36978,single_batch,2Ery,0,2Ery,-1.5600508,-2.754426,802,0.8518232703208923
W36979,single_batch,14Mo,4,13Baso,-11.066455,2.9103222,803,0.8919925093650818
W36980,single_batch,14Mo,5,14Mo,-10.191339,1.1159782,804,0.6666572690010071
W36981,single_batch,8Mk,9,8Mk,-8.372837,-1.3432791,805,1.3515968322753906
W36982,single_batch,13Baso,1,10GMP,-10.013525,2.4399517,806,0.9935780167579652
W36983,single_batch,6Ery,7,6Ery,-5.293837,-2.44965,807,0.6275630593299866
W36984,single_batch,13Baso,5,14Mo,-10.701701,1.4319332,808,0.7584178447723389
W36985,single_batch,4Ery,3,5Ery,-4.1901207,-2.4895494,809,0.6898888945579529
W36987,single_batch,13Baso,1,10GMP,-9.951136,1.197519,810,0.9483513832092284
W36990,single_batch,15Mo,4,13Baso,-11.712386,2.5232363,811,0.8262828588485718
W36991,single_batch,13Baso,5,14Mo,-10.69648,1.6931562,812,0.6228907108306885
W36992,single_batch,4Ery,8,3Ery,-2.7581174,-4.0553,813,0.5806987881660461
W36993,single_batch,2Ery,0,2Ery,-2.4402373,-1.699797,814,0.9295922517776488
W36994,single_batch,16Neu,2,16Neu,-9.472473,4.2449903,815,0.8256285786628723
W36995,single_batch,2Ery,0,2Ery,-2.526416,-1.3038602,816,1.1161521673202517
W36996,single_batch,5Ery,7,6Ery,-5.1935997,-1.8417726,817,0.8084154725074768
W36997,single_batch,2Ery,0,2Ery,-2.180051,-1.6870905,818,1.05745530128479
W36998,single_batch,5Ery,7,6Ery,-5.7687974,-1.5917287,819,0.6805247068405151
W36999,single_batch,10GMP,5,14Mo,-10.608418,1.9016442,820,1.387728214263916
W37000,single_batch,13Baso,4,13Baso,-11.636913,3.2755938,821,1.2089627981185913
W37001,single_batch,13Baso,5,14Mo,-10.583316,1.1994486,822,1.0437753200531006
W37003,single_batch,8Mk,9,8Mk,-8.134761,-0.81543714,823,1.103684425354004
W37004,single_batch,16Neu,2,16Neu,-9.800946,4.1739297,824,0.6128728985786438
W37005,single_batch,13Baso,5,14Mo,-10.80383,1.7395431,825,0.7850808501243591
W37006,single_batch,7MEP,6,7MEP,-7.0784516,0.24873422,826,1.0278749465942385
W37008,single_batch,4Ery,0,2Ery,-3.0373523,-2.431826,827,0.6870225667953491
W37009,single_batch,13Baso,4,13Baso,-10.365111,2.5988789,828,0.8376381993293762
W37010,single_batch,6Ery,6,7MEP,-7.2689204,-0.2577038,829,0.7520527839660645
W37011,single_batch,2Ery,3,5Ery,-3.4972947,-1.3289475,830,0.6567798852920532
W37012,single_batch,14Mo,1,10GMP,-9.691541,0.5271311,831,1.3279719352722168
W37013,single_batch,16Neu,2,16Neu,-9.60686,4.1857033,832,0.7320387363433838
W37014,single_batch,2Ery,0,2Ery,-2.0062125,-2.6034162,833,1.1827055215835571
W37015,single_batch,13Baso,1,10GMP,-9.646783,2.4842126,834,0.8299109935760498
W37016,single_batch,14Mo,1,10GMP,-9.13887,2.4344075,835,1.2583999633789062
W37017,single_batch,6Ery,7,6Ery,-5.8680816,-1.2970982,836,1.388107180595398
W37018,single_batch,2Ery,0,2Ery,-2.3359427,-1.4438999,837,0.7706202268600464
W37019,single_batch,2Ery,3,5Ery,-3.9014835,-1.7090607,838,0.6278785467147827
W37020,single_batch,2Ery,0,2Ery,-2.583595,-1.5791712,839,0.7332051396369934
W37022,single_batch,8Mk,7,6Ery,-7.9044104,-1.2134116,840,1.4800405502319336
W37023,single_batch,2Ery,0,2Ery,-2.674411,-2.468203,841,0.6598567366600037
W37024,single_batch,4Ery,0,2Ery,-2.2568953,-3.8190641,842,0.8191788196563721
W37025,single_batch,14Mo,5,14Mo,-11.276664,1.0073317,843,1.1290987730026243
W37026,single_batch,17Neu,1,10GMP,-8.2859335,1.1941502,844,1.5251469612121582
W37027,single_batch,5Ery,7,6Ery,-5.8583555,-1.0733695,845,0.6735450029373169
W37028,single_batch,13Baso,4,13Baso,-11.347002,2.666242,846,0.6069111824035645
W37029,single_batch,7MEP,6,7MEP,-7.6216826,0.081484154,847,0.8579977750778198
W37030,single_batch,3Ery,3,5Ery,-4.1424174,-3.4187367,848,0.755108118057251
W37031,single_batch,5Ery,3,5Ery,-3.8609414,-3.419575,849,0.8235211372375488
W37032,single_batch,13Baso,5,14Mo,-11.619362,2.231539,850,0.7614210844039917
W37034,single_batch,8Mk,9,8Mk,-8.5010605,-1.320531,851,1.7071114778518677
W37035,single_batch,6Ery,6,7MEP,-7.252857,-0.19381474,852,0.780001163482666
W37036,single_batch,5Ery,3,5Ery,-4.320916,-1.9118162,853,0.5774996876716614
W37037,single_batch,5Ery,7,6Ery,-5.622896,-1.4675409,854,0.573686957359314
W37038,single_batch,11DC,10,11DC,-13.16551,-0.57096446,855,3.1149158477783203
W37039,single_batch,5Ery,0,2Ery,-3.2790902,-1.6328095,856,0.5648325681686401
W37040,single_batch,15Mo,2,16Neu,-9.340048,3.314291,857,1.2922601699829102
W37041,single_batch,2Ery,3,5Ery,-3.5055099,-1.8851122,858,0.6607705354690552
W37042,single_batch,2Ery,0,2Ery,-2.2974591,-2.667725,859,0.7419877052307129
W37043,single_batch,15Mo,2,16Neu,-9.998921,4.16208,860,0.7628390192985535
W37044,single_batch,15Mo,2,16Neu,-9.795604,3.775908,861,0.7630524635314941
W37045,single_batch,13Baso,4,13Baso,-10.9178705,3.3633323,862,1.1139144897460938
W37046,single_batch,14Mo,4,13Baso,-12.0421715,2.4147167,863,0.5597435832023621
W37047,single_batch,14Mo,4,13Baso,-11.842397,2.5399663,864,0.6632381677627563
W37048,single_batch,14Mo,5,14Mo,-11.603327,1.3078706,865,0.9660062193870544
W37049,single_batch,5Ery,7,6Ery,-5.1138916,-2.4598866,866,0.8492594361305237
W37050,single_batch,7MEP,6,7MEP,-7.449438,-0.57004267,867,0.8043914437294006
W37051,single_batch,3Ery,3,5Ery,-4.6397705,-2.705728,868,0.7371293306350708
W37052,single_batch,2Ery,3,5Ery,-3.1622784,-2.4863744,869,0.6548858284950256
W37053,single_batch,7MEP,6,7MEP,-7.555465,-0.29752693,870,0.9055944085121156
W37054,single_batch,1Ery,0,2Ery,-2.1978128,-1.5521644,871,1.2515172958374023
W37055,single_batch,14Mo,4,13Baso,-11.983359,2.956837,872,1.009374976158142
W37056,single_batch,2Ery,3,5Ery,-3.1275802,-2.380289,873,0.6394607424736023
W37057,single_batch,15Mo,2,16Neu,-9.868129,3.4078712,874,0.9443953633308412
W37058,single_batch,13Baso,4,13Baso,-11.311829,3.7870455,875,1.0225845575332642
W37059,single_batch,4Ery,3,5Ery,-4.5057464,-2.08961,876,0.6224613189697266
W37060,single_batch,13Baso,4,13Baso,-11.619908,4.223213,877,1.9792814254760744
W37061,single_batch,6Ery,7,6Ery,-7.3606,-1.3816615,878,0.7273960709571838
W37063,single_batch,9GMP,1,10GMP,-9.7767315,2.140814,879,1.1626577377319336
W37065,single_batch,3Ery,0,2Ery,-2.050825,-4.222181,880,0.9736106395721436
W37066,single_batch,6Ery,7,6Ery,-5.616042,-1.8711559,881,0.6956613063812256
W37067,single_batch,1Ery,0,2Ery,-2.3761284,-1.6732296,882,1.1401467323303225
W37068,single_batch,4Ery,8,3Ery,-2.938086,-3.955366,883,0.7870904207229614
W37069,single_batch,13Baso,4,13Baso,-11.859649,3.285623,884,1.1821815967559814
W37070,single_batch,9GMP,1,10GMP,-9.937498,2.1554132,885,1.1889710426330566
W37072,single_batch,7MEP,6,7MEP,-7.707649,0.024598423,886,1.014473557472229
W37073,single_batch,14Mo,5,14Mo,-11.900176,1.8142821,887,0.7698268294334412
W37074,single_batch,13Baso,2,16Neu,-9.84698,3.240069,888,1.1131210327148438
W37075,single_batch,13Baso,4,13Baso,-11.75711,3.497755,889,0.9434661865234376
W37076,single_batch,19Lymph,11,19Lymph,-10.608333,-4.0070715,890,2.677751064300537
W37077,single_batch,10GMP,1,10GMP,-9.970065,1.1712731,891,1.0642914772033691
W37078,single_batch,9GMP,1,10GMP,-8.860184,1.3315927,892,0.8756679892539978
W37079,single_batch,5Ery,7,6Ery,-5.4697204,-1.9922719,893,0.8696163892745972
W37080,single_batch,16Neu,2,16Neu,-9.655566,4.7140064,894,0.8812295794487
W37081,single_batch,14Mo,5,14Mo,-11.7084255,1.950214,895,1.7227002382278442
W37082,single_batch,15Mo,2,16Neu,-10.052712,3.5697653,896,0.932795524597168
W37083,single_batch,2Ery,0,2Ery,-2.6897578,-2.0286124,897,0.9312366247177124
W37084,single_batch,3Ery,0,2Ery,-2.0753345,-3.3334796,898,0.894469678401947
W37085,single_batch,13Baso,1,10GMP,-9.569786,2.1428454,899,0.9350317716598512
W37086,single_batch,6Ery,7,6Ery,-5.5710654,-1.7470256,900,0.621835470199585
W37087,single_batch,4Ery,3,5Ery,-3.9314902,-1.4484776,901,0.8778082132339478
W37088,single_batch,3Ery,0,2Ery,-2.4224553,-3.6815226,902,0.7192385196685791
W37089,single_batch,16Neu,2,16Neu,-9.764186,4.766579,903,0.7240390181541443
W37090,single_batch,9GMP,1,10GMP,-9.455074,1.8522668,904,1.264148235321045
W37091,single_batch,9GMP,1,10GMP,-8.989389,0.18880945,905,1.1496108770370483
W37092,single_batch,12Baso,6,7MEP,-7.6577516,0.23417307,906,1.2830272912979126
W37093,single_batch,7MEP,6,7MEP,-7.642409,-0.405581,907,0.9905852675437928
W37094,single_batch,16Neu,2,16Neu,-9.63478,4.1685085,908,0.6966375708580017
W37095,single_batch,6Ery,7,6Ery,-5.8410487,-1.9635787,909,1.2442405223846436
W37096,single_batch,13Baso,4,13Baso,-10.877533,2.6934626,910,0.8677124977111816
W37097,single_batch,17Neu,1,10GMP,-8.530098,1.5387839,911,1.0983014106750488
W37098,single_batch,14Mo,5,14Mo,-11.651634,1.3284248,912,1.0841373205184937
W37099,single_batch,3Ery,0,2Ery,-2.728064,-3.1764758,913,0.5744886994361877
W37100,single_batch,16Neu,2,16Neu,-9.893195,4.777406,914,0.7331161499023438
W37101,single_batch,13Baso,4,13Baso,-10.591886,2.7796297,915,0.9474177956581116
W37102,single_batch,14Mo,5,14Mo,-12.336698,2.4999437,916,0.9989266395568848
W37103,single_batch,3Ery,0,2Ery,-1.4587934,-3.4146254,917,1.3051705360412598
W37104,single_batch,14Mo,5,14Mo,-11.16773,2.4223654,918,1.1500890254974363
W37105,single_batch,16Neu,2,16Neu,-9.701605,4.724737,919,0.6552814841270447
W37106,single_batch,2Ery,0,2Ery,-1.872134,-3.379947,920,0.8522315621376038
W37107,single_batch,18Eos,1,10GMP,-8.96628,1.872314,921,1.400733470916748
W37108,single_batch,7MEP,6,7MEP,-7.201696,-0.1282115,922,1.1709729433059692
W37109,single_batch,7MEP,6,7MEP,-7.263976,-0.065834,923,0.7711218595504761
W37110,single_batch,5Ery,3,5Ery,-4.330429,-3.1923587,924,0.6589310169219971
W37111,single_batch,16Neu,5,14Mo,-12.067818,2.225162,925,1.175791621208191
W37112,single_batch,2Ery,0,2Ery,-2.191537,-2.573806,926,0.6318353414535522
W37113,single_batch,5Ery,3,5Ery,-4.251915,-2.1933951,927,0.5839818716049194
W37114,single_batch,13Baso,5,14Mo,-11.262393,2.0504227,928,0.5665322542190552
W37115,single_batch,6Ery,6,7MEP,-7.012115,-0.027513372,929,0.9041551947593688
W37116,single_batch,14Mo,5,14Mo,-11.816682,1.8916951,930,0.5989589691162109
W37117,single_batch,12Baso,1,10GMP,-8.44258,1.5043273,931,1.0950136184692385
W37118,single_batch,13Baso,1,10GMP,-10.3191,1.7293385,932,0.6229903697967529
W37119,single_batch,5Ery,3,5Ery,-4.1752186,-3.1560879,933,0.5650436878204346
W37120,single_batch,2Ery,3,5Ery,-3.6126049,-2.2230957,934,0.5931299328804016
W37121,single_batch,2Ery,0,2Ery,-1.8782674,-3.2827837,935,0.5513492822647095
W37122,single_batch,14Mo,4,13Baso,-12.145686,3.0276384,936,0.655603289604187
W37123,single_batch,16Neu,2,16Neu,-9.723528,4.4070096,937,0.757350504398346
W37124,single_batch,14Mo,1,10GMP,-9.605791,2.7093868,938,1.0064069032669067
W37125,single_batch,1Ery,0,2Ery,-1.8011787,-2.5786972,939,0.7965967655181885
W37126,single_batch,11DC,10,11DC,-13.215505,-0.6311834,940,2.973390579223633
W37127,single_batch,1Ery,0,2Ery,-1.7860173,-2.2318532,941,0.9560988545417786
W37128,single_batch,13Baso,1,10GMP,-9.620249,1.8453991,942,0.6954159736633301
W37130,single_batch,3Ery,3,5Ery,-4.083004,-2.165015,943,0.5929053425788879
W37131,single_batch,5Ery,3,5Ery,-3.8531246,-3.2164316,944,0.569501519203186
W37132,single_batch,16Neu,2,16Neu,-9.560497,4.6064763,945,0.7839577198028564
W37133,single_batch,16Neu,2,16Neu,-10.044024,4.7280183,946,0.8600644469261169
W37134,single_batch,6Ery,7,6Ery,-5.9376273,-1.6547645,947,0.8501268029212952
W37135,single_batch,1Ery,0,2Ery,-1.5406516,-2.624483,948,1.2162723541259766
W37137,single_batch,14Mo,1,10GMP,-10.408738,2.9085395,949,1.1644595861434937
W37138,single_batch,16Neu,2,16Neu,-10.100995,3.9545863,950,0.6812241077423096
W37139,single_batch,2Ery,0,2Ery,-2.0343947,-3.5000155,951,0.5959095358848572
W37140,single_batch,10GMP,7,6Ery,-7.490713,-1.1185672,952,1.2278119325637815
W37141,single_batch,5Ery,3,5Ery,-4.8105702,-1.8540847,953,0.5541915893554688
W37142,single_batch,14Mo,4,13Baso,-12.381393,2.7720232,954,1.2698590755462646
W37143,single_batch,2Ery,0,2Ery,-2.6753345,-1.5937657,955,0.6339492201805115
W37144,single_batch,6Ery,3,5Ery,-4.766835,-2.8176687,956,0.7264021039009094
W37145,single_batch,5Ery,3,5Ery,-3.8645136,-3.371052,957,0.7408859729766846
W37146,single_batch,1Ery,0,2Ery,-2.2636323,-1.3521096,958,2.2989697456359863
W37147,single_batch,5Ery,6,7MEP,-7.676167,-0.19687873,959,0.7832551598548889
W37148,single_batch,15Mo,2,16Neu,-9.725685,3.7534103,960,0.6581649780273438
W37149,single_batch,19Lymph,11,19Lymph,-10.616756,-4.0153003,961,2.437758207321167
W37150,single_batch,10GMP,1,10GMP,-9.737764,0.7697211,962,0.9589346051216124
W37151,single_batch,2Ery,0,2Ery,-1.934939,-3.1465502,963,0.8311078548431396
W37152,single_batch,5Ery,3,5Ery,-4.2949753,-3.149878,964,0.7111984491348267
W37153,single_batch,7MEP,6,7MEP,-7.059145,0.090523966,965,0.7916682958602905
W37154,single_batch,6Ery,3,5Ery,-3.8969018,-3.9579902,966,1.1144416332244873
W37155,single_batch,11DC,10,11DC,-13.222697,-0.6296556,967,3.651306629180908
W37156,single_batch,4Ery,0,2Ery,-2.6734202,-3.506023,968,0.7628574371337891
W37157,single_batch,15Mo,4,13Baso,-12.1102,2.943654,969,0.7876256704330444
W37158,single_batch,3Ery,0,2Ery,-1.8124514,-3.3546925,970,0.6821721196174622
W37159,single_batch,2Ery,0,2Ery,-1.736035,-2.8395758,971,1.0877209901809692
W37161,single_batch,7MEP,6,7MEP,-7.357045,-0.16635074,972,0.8300094604492188
W37162,single_batch,1Ery,0,2Ery,-1.5407342,-2.7426736,973,1.5640325546264648
W37163,single_batch,7MEP,6,7MEP,-7.0880737,0.03369252,974,1.1700282096862793
W37164,single_batch,5Ery,7,6Ery,-5.3579335,-1.8539886,975,0.6086260676383972
W37165,single_batch,3Ery,8,3Ery,-2.7978194,-4.7947397,976,0.6742537617683411
W37166,single_batch,3Ery,3,5Ery,-3.7273476,-2.7702775,977,0.7704572081565857
W37167,single_batch,13Baso,4,13Baso,-10.563947,2.8310251,978,0.822314977645874
W37168,single_batch,3Ery,8,3Ery,-3.0049431,-4.4745665,979,0.7373923063278198
W37169,single_batch,15Mo,2,16Neu,-9.956697,4.4550657,980,0.6372848749160767
W37170,single_batch,15Mo,4,13Baso,-11.836105,2.6208336,981,0.8680218458175659
W37171,single_batch,4Ery,3,5Ery,-3.8858013,-2.429287,982,0.5713021755218506
W37172,single_batch,14Mo,4,13Baso,-11.230138,2.692256,983,0.7471251487731934
W37173,single_batch,2Ery,0,2Ery,-3.0056138,-1.7024926,984,0.7061680555343628
W37174,single_batch,2Ery,0,2Ery,-2.0481575,-3.1632714,985,0.968619704246521
W37175,single_batch,16Neu,2,16Neu,-9.889476,4.854594,986,0.8590794801712036
W37176,single_batch,13Baso,4,13Baso,-11.629323,3.7831278,987,1.021698832511902
W37177,single_batch,14Mo,4,13Baso,-10.634606,2.578678,988,0.8113133907318115
W37178,single_batch,5Ery,7,6Ery,-5.530627,-1.7125567,989,0.6474697589874268
W37179,single_batch,16Neu,2,16Neu,-9.494468,3.4484265,990,0.7784399390220642
W37180,single_batch,14Mo,5,14Mo,-11.467677,1.1952095,991,1.1817526817321775
W37181,single_batch,16Neu,2,16Neu,-9.528766,3.548364,992,0.9219862222671508
W37182,single_batch,8Mk,9,8Mk,-8.411902,-1.400304,993,1.6146371364593506
W37183,single_batch,7MEP,6,7MEP,-7.189595,-0.37108988,994,0.9114938378334044
W37184,single_batch,8Mk,6,7MEP,-7.6034627,-0.11865684,995,1.7506556510925293
W37185,single_batch,14Mo,5,14Mo,-11.309441,1.180686,996,0.8354895114898682
W37186,single_batch,10GMP,5,14Mo,-10.521307,1.4005555,997,0.9402273297309875
W37187,single_batch,5Ery,3,5Ery,-4.0933204,-3.3229828,998,0.8122843503952026
W37188,single_batch,10GMP,6,7MEP,-8.159622,-0.7612737,999,1.2306699752807615
W37190,single_batch,3Ery,3,5Ery,-3.7748327,-2.669972,1000,0.5527445077896118
W37191,single_batch,13Baso,1,10GMP,-10.210953,2.3775525,1001,0.8377708196640015
W37192,single_batch,14Mo,5,14Mo,-10.594562,1.2330483,1002,0.9132442474365234
W37193,single_batch,3Ery,0,2Ery,-2.2638404,-3.3098807,1003,0.7685753107070923
W37194,single_batch,2Ery,3,5Ery,-4.769784,-1.2029742,1004,0.5547890663146973
W37195,single_batch,2Ery,3,5Ery,-3.3322635,-1.2144486,1005,1.0760278701782229
W37196,single_batch,14Mo,1,10GMP,-9.53605,3.1646993,1006,0.7431914806365967
W37197,single_batch,2Ery,3,5Ery,-3.5385277,-1.337577,1007,0.6704459190368652
W37198,single_batch,6Ery,7,6Ery,-6.1226974,-1.4440418,1008,0.8103687763214111
W37199,single_batch,4Ery,3,5Ery,-3.1973317,-3.2961524,1009,0.5983577370643616
W37200,single_batch,15Mo,2,16Neu,-10.108679,4.2907257,1010,0.6975196003913879
W37201,single_batch,13Baso,4,13Baso,-11.134199,2.7037163,1011,0.7330764532089233
W37202,single_batch,6Ery,7,6Ery,-6.210235,-0.86276424,1012,1.3986735343933103
W37203,single_batch,12Baso,6,7MEP,-8.055979,0.5754392,1013,1.2512612342834473
W37204,single_batch,16Neu,2,16Neu,-9.163389,4.2099724,1014,1.1407800912857056
W37205,single_batch,14Mo,5,14Mo,-11.716366,2.4197059,1015,1.3399217128753662
W37206,single_batch,15Mo,2,16Neu,-9.999208,3.8437479,1016,1.057262659072876
W37207,single_batch,13Baso,4,13Baso,-12.091223,3.948549,1017,1.4916242361068726
W37208,single_batch,2Ery,0,2Ery,-2.4664433,-2.3968775,1018,0.6253209710121155
W37209,single_batch,14Mo,5,14Mo,-11.35651,1.2081028,1019,0.8358375430107117
W37210,single_batch,14Mo,5,14Mo,-10.831578,0.877373,1020,0.8231401443481445
W37211,single_batch,12Baso,1,10GMP,-8.198773,0.51381737,1021,1.1365394592285156
W37212,single_batch,10GMP,6,7MEP,-8.27964,0.5025648,1022,1.0957684516906738
W37213,single_batch,7MEP,6,7MEP,-7.4147396,-0.25540632,1023,0.8185117244720459
W37215,single_batch,2Ery,0,2Ery,-2.3965697,-2.505045,1024,0.563322901725769
W37216,single_batch,4Ery,7,6Ery,-5.3436737,-2.1440866,1025,0.7565655708312988
W37217,single_batch,3Ery,3,5Ery,-3.6182475,-1.6227294,1026,0.564488410949707
W37218,single_batch,16Neu,2,16Neu,-9.518756,3.7801044,1027,1.199174404144287
W37219,single_batch,5Ery,7,6Ery,-5.390559,-1.0887374,1028,1.1451159715652466
W37220,single_batch,2Ery,3,5Ery,-3.5216875,-1.0981598,1029,1.2246705293655396
W37221,single_batch,3Ery,3,5Ery,-4.2528358,-3.168979,1030,0.8345764875411987
W37223,single_batch,2Ery,0,2Ery,-2.8404984,-2.5870283,1031,0.7202867269515991
W37224,single_batch,14Mo,5,14Mo,-11.300869,1.3298084,1032,0.9143388867378236
W37225,single_batch,14Mo,4,13Baso,-12.166712,2.8381727,1033,0.7121714353561401
W37226,single_batch,8Mk,9,8Mk,-8.520992,-1.3437012,1034,1.3761221170425415
W37227,single_batch,5Ery,3,5Ery,-3.7724633,-1.7917126,1035,0.4987946152687073
W37228,single_batch,7MEP,6,7MEP,-7.281458,-0.31236562,1036,0.8914329409599304
W37229,single_batch,7MEP,6,7MEP,-7.6956096,0.21459325,1037,1.0405759811401367
W37230,single_batch,16Neu,2,16Neu,-9.514267,4.5308676,1038,0.6802226305007935
W37231,single_batch,2Ery,0,2Ery,-2.885906,-2.0247517,1039,0.7093298435211182
W37232,single_batch,13Baso,4,13Baso,-10.76747,2.4679348,1040,1.1073181629180908
W37233,single_batch,5Ery,3,5Ery,-3.97624,-3.1348367,1041,0.6729369163513184
W37234,single_batch,5Ery,3,5Ery,-4.482235,-1.7853339,1042,0.6242292523384094
W37235,single_batch,14Mo,2,16Neu,-9.730406,3.624946,1043,0.9513483047485352
W37236,single_batch,6Ery,7,6Ery,-6.0614963,-1.1320318,1044,1.1041696071624756
W37237,single_batch,14Mo,5,14Mo,-11.512756,1.1867867,1045,0.7585289478302002
W37238,single_batch,7MEP,6,7MEP,-7.493138,-0.33134425,1046,1.1945013999938965
W37239,single_batch,2Ery,0,2Ery,-2.9745324,-1.7249993,1047,0.7372426986694336
W37240,single_batch,13Baso,1,10GMP,-10.15413,1.2605524,1048,0.829048216342926
W37241,single_batch,2Ery,0,2Ery,-2.3522553,-1.4306934,1049,0.7374148368835449
W37242,single_batch,14Mo,1,10GMP,-10.015829,0.738965,1050,0.8441992998123169
W37243,single_batch,2Ery,3,5Ery,-3.4253993,-1.3331724,1051,0.6432336568832397
W37244,single_batch,15Mo,2,16Neu,-9.827169,3.7240212,1052,0.6614251136779785
W37245,single_batch,3Ery,3,5Ery,-4.8836746,-2.0311985,1053,0.5475852489471436
W37246,single_batch,5Ery,3,5Ery,-4.2365146,-3.037528,1054,0.7543897032737732
W37247,single_batch,10GMP,9,8Mk,-8.390893,-0.75237995,1055,1.0454448461532593
W37248,single_batch,6Ery,7,6Ery,-5.7553086,-1.4811156,1056,1.1129435300827026
W37249,single_batch,15Mo,1,10GMP,-9.781556,0.38076895,1057,1.0629078149795532
W37250,single_batch,1Ery,0,2Ery,-1.705834,-3.975777,1058,1.095170974731445
W37251,single_batch,4Ery,3,5Ery,-3.8113663,-3.7157009,1059,0.9452625513076782
W37252,single_batch,12Baso,6,7MEP,-7.8539476,0.5924034,1060,1.730102777481079
W37253,single_batch,4Ery,3,5Ery,-4.2264705,-1.4451497,1061,1.1894426345825195
W37258,single_batch,13Baso,4,13Baso,-12.320198,3.6093705,1062,1.3490053415298462
W37259,single_batch,6Ery,8,3Ery,-3.1434083,-4.364641,1063,0.7721457481384277
W37260,single_batch,3Ery,6,7MEP,-6.7159133,0.308079,1064,0.9819316267967224
W37261,single_batch,8Mk,7,6Ery,-7.293859,-1.6839076,1065,2.1790120601654053
W37262,single_batch,6Ery,8,3Ery,-3.623348,-4.340309,1066,1.3178797960281372
W37264,single_batch,3Ery,3,5Ery,-4.121056,-1.2776328,1067,0.8661659955978394
W37265,single_batch,3Ery,8,3Ery,-2.6684797,-4.0927186,1068,0.8117965459823608
W37266,single_batch,4Ery,8,3Ery,-2.0848024,-4.677279,1069,0.957058608531952
W37267,single_batch,16Neu,2,16Neu,-10.757872,4.7591906,1070,1.081416368484497
W37268,single_batch,7MEP,6,7MEP,-7.454999,-0.58877957,1071,1.436060667037964
W37269,single_batch,3Ery,8,3Ery,-2.1715417,-4.3156166,1072,0.828884482383728
W37270,single_batch,15Mo,2,16Neu,-10.809628,4.701844,1073,1.4846938848495483
W37273,single_batch,10GMP,4,13Baso,-10.561442,1.952534,1074,1.6109346151351929
W37274,single_batch,12Baso,1,10GMP,-9.323131,2.1413617,1075,1.3388580083847046
W37275,single_batch,3Ery,0,2Ery,-2.066764,-4.0292664,1076,0.7801516056060791
W37276,single_batch,3Ery,8,3Ery,-2.5942495,-4.2822914,1077,0.725256085395813
W37277,single_batch,14Mo,4,13Baso,-11.8772,4.001973,1078,1.3095908164978027
W37278,single_batch,9GMP,1,10GMP,-9.865925,2.075281,1079,1.2073769569396973
W37279,single_batch,12Baso,1,10GMP,-9.227301,2.0658333,1080,1.0687922239303589
W37280,single_batch,15Mo,2,16Neu,-10.09273,4.248828,1081,0.6856757998466492
W37281,single_batch,15Mo,2,16Neu,-10.551419,4.7469974,1082,1.4121665954589844
W37282,single_batch,2Ery,0,2Ery,-1.9898168,-3.2918952,1083,0.8108994960784912
W37283,single_batch,14Mo,5,14Mo,-11.68617,2.2338164,1084,0.8047320246696472
W37284,single_batch,4Ery,3,5Ery,-3.5916333,-2.8674257,1085,0.5987693667411804
W37285,single_batch,3Ery,8,3Ery,-2.3119764,-4.563939,1086,0.7263861298561096
W37286,single_batch,14Mo,4,13Baso,-11.824691,3.5443916,1087,0.7835099697113037
W37288,single_batch,14Mo,4,13Baso,-11.802279,2.9080942,1088,0.6433112621307373
W37289,single_batch,8Mk,9,8Mk,-8.439429,-1.4466047,1089,2.680690288543701
W37290,single_batch,16Neu,2,16Neu,-9.396192,4.782395,1090,1.354262351989746
W37291,single_batch,10GMP,1,10GMP,-9.318653,0.32773924,1091,0.971908450126648
W37292,single_batch,2Ery,0,2Ery,-2.811416,-2.6733656,1092,0.7355015873908997
W37293,single_batch,2Ery,0,2Ery,-2.3694048,-2.3143368,1093,0.9103811979293824
W37294,single_batch,3Ery,8,3Ery,-2.7658484,-4.4402914,1094,0.777185320854187
W37295,single_batch,9GMP,6,7MEP,-7.75066,-0.741686,1095,0.9820027947425842
W37296,single_batch,15Mo,2,16Neu,-10.558031,4.8014574,1096,1.404604196548462
W37297,single_batch,14Mo,4,13Baso,-11.910252,3.003051,1097,1.066591501235962
W37298,single_batch,5Ery,3,5Ery,-4.368981,-2.3793604,1098,0.5190768241882324
W37300,single_batch,14Mo,5,14Mo,-10.21389,1.4629276,1099,0.7997028231620789
W37301,single_batch,2Ery,0,2Ery,-2.1248012,-3.3162673,1100,0.8720136880874634
W37302,single_batch,13Baso,4,13Baso,-11.999544,2.5375926,1101,1.300007462501526
W37303,single_batch,14Mo,4,13Baso,-12.124091,3.9115388,1102,1.1046462059020996
W37304,single_batch,14Mo,4,13Baso,-12.167845,3.8735125,1103,1.114558219909668
W37305,single_batch,14Mo,4,13Baso,-10.604527,3.0822968,1104,0.7635182738304138
W37306,single_batch,2Ery,0,2Ery,-2.404289,-3.8986866,1105,0.655078649520874
W37307,single_batch,2Ery,0,2Ery,-2.2238085,-2.4996648,1106,1.076052188873291
W37308,single_batch,13Baso,5,14Mo,-11.131053,1.2455144,1107,0.9434111714363098
W37309,single_batch,6Ery,7,6Ery,-6.373848,-0.8418812,1108,1.054532527923584
W37310,single_batch,7MEP,6,7MEP,-7.6237407,0.23041463,1109,1.0572713613510132
W37311,single_batch,7MEP,6,7MEP,-7.5413833,0.12847127,1110,0.877483606338501
W37312,single_batch,13Baso,4,13Baso,-10.568315,2.742285,1111,1.0007991790771484
W37313,single_batch,3Ery,8,3Ery,-3.0979252,-4.3657026,1112,0.7453532218933105
W37314,single_batch,3Ery,7,6Ery,-6.3794513,-1.6818905,1113,0.9879197478294371
W37315,single_batch,14Mo,5,14Mo,-10.820226,1.8353305,1114,0.8562520146369934
W37317,single_batch,2Ery,6,7MEP,-6.7691708,0.33451155,1115,1.3100720643997192
W37318,single_batch,2Ery,0,2Ery,-2.4682481,-1.5285892,1116,0.8708953857421875
W37319,single_batch,8Mk,9,8Mk,-8.262406,-1.3199483,1117,1.4662320613861084
W37320,single_batch,7MEP,6,7MEP,-7.5609956,-0.6120274,1118,1.1388015747070312
W37322,single_batch,16Neu,2,16Neu,-9.292104,4.6540623,1119,1.0895248651504517
W37323,single_batch,5Ery,7,6Ery,-5.448197,-1.9647439,1120,0.6068892478942871
W37324,single_batch,14Mo,4,13Baso,-12.29655,2.951608,1121,0.8875857591629028
W37325,single_batch,2Ery,3,5Ery,-3.8587563,-2.3852153,1122,0.590680718421936
W37326,single_batch,14Mo,5,14Mo,-11.397745,1.7635236,1123,0.584052562713623
W37327,single_batch,8Mk,7,6Ery,-7.864481,-1.6012027,1124,1.549946904182434
W37328,single_batch,7MEP,7,6Ery,-7.0458236,-1.0264984,1125,1.1748777627944946
W37329,single_batch,19Lymph,11,19Lymph,-10.626462,-4.0257907,1126,2.2671613693237305
W37330,single_batch,14Mo,2,16Neu,-10.670073,3.8639474,1127,1.187472581863403
W37331,single_batch,12Baso,6,7MEP,-7.11117,0.15563999,1128,1.093459129333496
W37332,single_batch,13Baso,5,14Mo,-11.1403675,2.2270343,1129,0.7596842050552368
W37334,single_batch,12Baso,7,6Ery,-7.691038,-1.2498046,1130,1.3459256887435913
W37335,single_batch,13Baso,4,13Baso,-11.832978,3.1477387,1131,1.0851155519485474
W37336,single_batch,4Ery,8,3Ery,-2.4626124,-4.949123,1132,1.1931195259094238
W37337,single_batch,14Mo,4,13Baso,-11.44297,4.148401,1133,1.1259915828704834
W37338,single_batch,2Ery,8,3Ery,-2.0605485,-4.4423814,1134,0.940718948841095
W37339,single_batch,5Ery,3,5Ery,-3.3766475,-2.4047496,1135,0.5228607058525085
W37340,single_batch,11DC,10,11DC,-13.0899,-0.503157,1136,3.659777164459229
W37341,single_batch,16Neu,2,16Neu,-9.991415,4.8543463,1137,1.222376823425293
W37342,single_batch,3Ery,8,3Ery,-2.196853,-4.914461,1138,1.01114022731781
W37343,single_batch,11DC,10,11DC,-13.206643,-0.61777157,1139,3.11422061920166
W37344,single_batch,3Ery,8,3Ery,-2.4618616,-4.312697,1140,0.6789693832397461
W37345,single_batch,4Ery,8,3Ery,-2.6176755,-4.2308598,1141,0.8344746828079224
W37346,single_batch,3Ery,0,2Ery,-1.715693,-3.4213533,1142,0.8790549039840698
W37347,single_batch,6Ery,7,6Ery,-5.8777223,-1.6812441,1143,1.2655162811279297
W37348,single_batch,15Mo,2,16Neu,-10.831893,4.6054974,1144,1.293393850326538
W37349,single_batch,17Neu,1,10GMP,-8.396739,1.5606202,1145,1.9184255599975584
W37350,single_batch,14Mo,5,14Mo,-12.048348,2.2174442,1146,0.723471462726593
W37353,single_batch,4Ery,8,3Ery,-2.5855038,-4.08258,1147,0.6019124388694763
W37354,single_batch,9GMP,4,13Baso,-10.453124,1.8189663,1148,1.2109817266464231
W37355,single_batch,7MEP,6,7MEP,-7.0999904,-0.38683993,1149,0.9267755150794984
W37356,single_batch,7MEP,6,7MEP,-7.275155,-0.04364283,1150,0.8182389736175537
W37357,single_batch,14Mo,4,13Baso,-11.181148,4.282965,1151,1.0921013355255127
W37358,single_batch,13Baso,4,13Baso,-11.128838,2.6994567,1152,0.8508058190345764
W37361,single_batch,4Ery,8,3Ery,-2.698594,-4.172731,1153,0.8381142616271973
W37362,single_batch,13Baso,1,10GMP,-9.468754,0.84215343,1154,0.8299040198326111
W37363,single_batch,14Mo,4,13Baso,-12.126841,2.8888063,1155,0.7988735437393188
W37364,single_batch,3Ery,3,5Ery,-3.6260912,-2.8851185,1156,0.6289312839508057
W37365,single_batch,2Ery,0,2Ery,-2.2216172,-2.1073387,1157,0.7956869602203369
W37366,single_batch,3Ery,8,3Ery,-2.5543256,-4.9686275,1158,1.565843939781189
W37367,single_batch,14Mo,4,13Baso,-11.826158,3.5112662,1159,0.6857906579971313
W37369,single_batch,6Ery,3,5Ery,-3.5659735,-3.5613296,1160,0.9377697706222534
W37371,single_batch,2Ery,0,2Ery,-2.557582,-1.5159957,1161,0.7862488031387329
W37372,single_batch,10GMP,5,14Mo,-10.972898,1.9722357,1162,1.1800053119659424
W37373,single_batch,13Baso,5,14Mo,-11.589252,1.6534588,1163,0.9198648929595948
W37374,single_batch,5Ery,7,6Ery,-5.318161,-2.1513202,1164,0.6456775665283203
W37375,single_batch,7MEP,6,7MEP,-7.364639,-0.13324215,1165,0.9218233227729796
W37376,single_batch,13Baso,4,13Baso,-11.743411,3.21619,1166,0.8630481362342834
W37377,single_batch,3Ery,0,2Ery,-2.6272504,-2.8000665,1167,0.6837985515594482
W37378,single_batch,2Ery,0,2Ery,-2.7313058,-2.5696094,1168,0.7154945135116577
W37379,single_batch,14Mo,4,13Baso,-11.65732,2.52331,1169,0.6337169408798218
W37380,single_batch,3Ery,0,2Ery,-2.6199841,-3.143204,1170,0.7789693474769592
W37381,single_batch,2Ery,3,5Ery,-3.6679995,-2.1060004,1171,0.5440527200698853
W37382,single_batch,10GMP,6,7MEP,-7.2837725,0.09993017,1172,0.8422240018844604
W37384,single_batch,13Baso,4,13Baso,-12.160821,3.930835,1173,1.5979238748550415
W37385,single_batch,14Mo,4,13Baso,-11.695124,3.7604606,1174,0.927910566329956
W37386,single_batch,4Ery,3,5Ery,-3.3120399,-3.5527446,1175,0.7661347389221191
W37387,single_batch,5Ery,3,5Ery,-4.5529666,-1.7953653,1176,0.6090361475944519
W37388,single_batch,18Eos,1,10GMP,-8.662149,1.8573459,1177,1.3381366729736328
W37389,single_batch,2Ery,7,6Ery,-5.856789,-0.5048373,1178,1.4516445398330688
W37390,single_batch,14Mo,2,16Neu,-10.337375,3.9107316,1179,0.8093258738517761
W37391,single_batch,3Ery,8,3Ery,-2.2015994,-4.663702,1180,0.7726743221282959
W37392,single_batch,13Baso,1,10GMP,-10.1729765,1.6989423,1181,0.5981104969978333
W37393,single_batch,5Ery,7,6Ery,-4.6095285,-3.1099517,1182,0.8345584869384766
W37394,single_batch,12Baso,1,10GMP,-8.7457485,1.664226,1183,1.0962817668914795
W37395,single_batch,5Ery,7,6Ery,-5.9540076,-1.4160193,1184,0.921011447906494
W37396,single_batch,2Ery,0,2Ery,-2.3657742,-3.374676,1185,0.7690675258636475
W37397,single_batch,7MEP,6,7MEP,-7.7393,0.031032268,1186,1.048635959625244
W37398,single_batch,5Ery,7,6Ery,-6.3527718,-0.8913191,1187,1.080496907234192
W37399,single_batch,16Neu,2,16Neu,-9.522702,4.391002,1188,0.731762170791626
W37401,single_batch,15Mo,4,13Baso,-11.059047,4.5904202,1189,1.6607204675674438
W37402,single_batch,14Mo,1,10GMP,-9.01208,2.0381012,1190,1.1487618684768677
W37403,single_batch,5Ery,3,5Ery,-3.7647989,-3.0008183,1191,0.6612669825553894
W37405,single_batch,16Neu,2,16Neu,-10.4388685,4.20868,1192,0.7286030650138855
W37406,single_batch,2Ery,3,5Ery,-3.2998428,-2.7056482,1193,0.5110118985176086
W37407,single_batch,2Ery,0,2Ery,-2.3590448,-2.657036,1194,1.3134645223617554
W37409,single_batch,6Ery,7,6Ery,-5.17784,-2.6549752,1195,1.2221999168395996
W37410,single_batch,2Ery,0,2Ery,-2.9728658,-2.2471354,1196,0.6650620102882385
W37411,single_batch,5Ery,0,2Ery,-3.165185,-2.4440265,1197,0.6448236703872681
W37412,single_batch,14Mo,5,14Mo,-10.7780485,1.8672442,1198,0.8178584575653076
W37413,single_batch,2Ery,0,2Ery,-1.9839238,-3.4070096,1199,0.5894619226455688
W37414,single_batch,3Ery,8,3Ery,-2.9690955,-4.8479843,1200,1.4113094806671145
W37415,single_batch,5Ery,3,5Ery,-3.5874546,-3.7398138,1201,0.9351661205291748
W37417,single_batch,16Neu,2,16Neu,-10.33314,4.9054966,1202,1.018415093421936
W37418,single_batch,10GMP,1,10GMP,-10.154593,2.137511,1203,1.0958659648895264
W37419,single_batch,14Mo,5,14Mo,-11.491334,2.039211,1204,0.6242050528526306
W37420,single_batch,1Ery,0,2Ery,-2.0216465,-2.0001094,1205,1.5855154991149902
W37421,single_batch,2Ery,0,2Ery,-2.7289934,-1.6420302,1206,0.8417621850967407
W37422,single_batch,3Ery,8,3Ery,-1.9375128,-4.767052,1207,1.296318769454956
W37424,single_batch,15Mo,2,16Neu,-9.586157,4.723009,1208,0.7607914805412292
W37425,single_batch,7MEP,6,7MEP,-7.856186,-0.89057404,1209,1.211355686187744
W37426,single_batch,4Ery,3,5Ery,-3.973539,-2.4426627,1210,0.5258414149284363
W37427,single_batch,7MEP,6,7MEP,-7.3766165,-0.061039913,1211,1.2634879350662231
W37428,single_batch,5Ery,7,6Ery,-4.904025,-2.3698478,1212,0.954452633857727
W37429,single_batch,2Ery,3,5Ery,-3.5601075,-2.987948,1213,0.6165571212768555
W37430,single_batch,13Baso,4,13Baso,-10.845847,2.3385491,1214,1.0502328872680664
W37431,single_batch,14Mo,4,13Baso,-11.720221,4.0353336,1215,1.0441354513168335
W37432,single_batch,15Mo,4,13Baso,-11.385831,3.7076998,1216,0.7441270351409912
W37433,single_batch,2Ery,0,2Ery,-2.1270561,-3.4063077,1217,0.7327977418899536
W37434,single_batch,14Mo,5,14Mo,-10.160371,2.4417496,1218,1.4081881046295166
W37435,single_batch,6Ery,7,6Ery,-5.4185233,-2.4513488,1219,0.9088096618652344
W37436,single_batch,12Baso,1,10GMP,-9.932756,2.502437,1220,1.4549907445907593
W37437,single_batch,2Ery,8,3Ery,-2.3691757,-3.5876052,1221,1.2009464502334597
W37439,single_batch,19Lymph,11,19Lymph,-10.633064,-4.0320754,1222,2.9042422771453857
W37442,single_batch,6Ery,7,6Ery,-5.419105,-2.4151602,1223,1.4930014610290527
W37443,single_batch,14Mo,4,13Baso,-11.761228,4.020328,1224,1.0354634523391724
W37446,single_batch,6Ery,7,6Ery,-6.052811,-1.31431,1225,0.8926475048065186
W37449,single_batch,17Neu,1,10GMP,-8.297946,1.4067451,1226,1.8031378984451292
W37450,single_batch,6Ery,7,6Ery,-5.015628,-2.9752696,1227,0.9216795563697816
W37451,single_batch,6Ery,6,7MEP,-7.3674984,0.06558785,1228,0.8097872734069824
W37452,single_batch,9GMP,1,10GMP,-8.918893,0.55875903,1229,0.9670327305793762
W37453,single_batch,3Ery,8,3Ery,-2.5958736,-4.5303154,1230,0.6308061480522156
W37454,single_batch,14Mo,4,13Baso,-12.0774975,2.9441433,1231,0.6944600343704224
W37455,single_batch,6Ery,8,3Ery,-3.4000652,-4.4975944,1232,1.9696680307388303
W37456,single_batch,15Mo,4,13Baso,-11.372257,4.436368,1233,2.309394121170044
W37457,single_batch,15Mo,4,13Baso,-11.155914,3.6281927,1234,1.4136931896209717
W37458,single_batch,13Baso,4,13Baso,-11.931081,2.8527014,1235,0.6682021617889404
W37459,single_batch,3Ery,0,2Ery,-2.3843596,-3.115049,1236,1.1404800415039062
W37460,single_batch,16Neu,2,16Neu,-9.577429,4.093535,1237,0.8699238300323486
W37461,single_batch,7MEP,6,7MEP,-7.5374174,-0.019508746,1238,0.8560541868209839
W37462,single_batch,3Ery,8,3Ery,-2.1132956,-4.970997,1239,2.1165337562561035
W37463,single_batch,13Baso,4,13Baso,-11.574317,3.9002826,1240,0.906548798084259
W37465,single_batch,3Ery,8,3Ery,-2.319986,-4.248119,1241,0.7256593704223633
W37466,single_batch,14Mo,4,13Baso,-11.013974,3.2177677,1242,0.9297453761100768
W37467,single_batch,14Mo,4,13Baso,-12.400057,3.4631624,1243,1.278188705444336
W37468,single_batch,8Mk,9,8Mk,-8.107613,-1.2797436,1244,1.2679693698883057
W37469,single_batch,16Neu,2,16Neu,-9.598638,4.0541577,1245,1.0592573881149292
W37470,single_batch,14Mo,1,10GMP,-9.718282,2.6402984,1246,0.9970450401306152
W37471,single_batch,17Neu,1,10GMP,-8.408242,1.5239558,1247,1.9378235340118408
W37473,single_batch,3Ery,8,3Ery,-2.035041,-4.390238,1248,0.881314218044281
W37474,single_batch,5Ery,3,5Ery,-4.5443034,-1.9589701,1249,0.6134620904922485
W37475,single_batch,10GMP,1,10GMP,-9.717765,1.3672789,1250,0.810625433921814
W37476,single_batch,16Neu,2,16Neu,-9.711079,4.154487,1251,0.6120626926422119
W37477,single_batch,2Ery,3,5Ery,-3.5195901,-2.6205614,1252,0.6634823083877563
W37478,single_batch,14Mo,5,14Mo,-10.486186,1.380565,1253,0.7484057545661926
W37479,single_batch,6Ery,7,6Ery,-6.0984483,-1.7753404,1254,0.7975889444351196
W37480,single_batch,14Mo,4,13Baso,-11.741405,3.5403993,1255,0.7361965179443359
W37481,single_batch,13Baso,4,13Baso,-11.66193,3.8154802,1256,1.33151376247406
W37482,single_batch,5Ery,7,6Ery,-5.412377,-1.9412544,1257,0.6455349922180176
W37483,single_batch,10GMP,1,10GMP,-8.117009,-1.196054,1258,0.7497459053993225
W37484,single_batch,7MEP,6,7MEP,-7.349448,0.040532753,1259,0.89835524559021
W37485,single_batch,2Ery,3,5Ery,-3.8202338,-1.7363913,1260,0.7753196954727173
W37486,single_batch,2Ery,3,5Ery,-3.3068051,-2.0646784,1261,0.5584810972213745
W37487,single_batch,2Ery,0,2Ery,-2.6692257,-2.4310684,1262,0.9644051790237428
W37488,single_batch,14Mo,4,13Baso,-11.529054,3.9180007,1263,1.13315749168396
W37489,single_batch,7MEP,7,6Ery,-6.7784195,-1.0034304,1264,1.0343831777572632
W37490,single_batch,8Mk,9,8Mk,-8.41095,-1.417885,1265,1.7575159072875977
W37491,single_batch,14Mo,5,14Mo,-11.849427,2.3462665,1266,0.6027472019195557
W37492,single_batch,2Ery,3,5Ery,-3.6204922,-1.5853207,1267,0.8651013970375061
W37493,single_batch,2Ery,0,2Ery,-3.1047127,-2.1797128,1268,0.7290810346603394
W37494,single_batch,14Mo,5,14Mo,-11.383599,2.0995586,1269,0.8307710289955139
W37496,single_batch,13Baso,4,13Baso,-10.681586,2.8667822,1270,0.7610231637954712
W37497,single_batch,7MEP,7,6Ery,-5.4470363,-2.6313293,1271,1.3352279663085938
W37498,single_batch,4Ery,8,3Ery,-2.1066952,-4.602026,1272,0.8525866866111755
W37499,single_batch,13Baso,4,13Baso,-10.809058,2.784805,1273,0.7471407651901245
W37500,single_batch,13Baso,5,14Mo,-11.388758,1.2341168,1274,0.757166862487793
W37501,single_batch,5Ery,7,6Ery,-6.0031586,-1.1325669,1275,0.6308455467224121
W37502,single_batch,2Ery,0,2Ery,-2.7677035,-1.5295706,1276,0.7692679166793823
W37503,single_batch,18Eos,1,10GMP,-9.12552,0.8267266,1277,1.814574956893921
W37504,single_batch,15Mo,2,16Neu,-10.622223,4.65073,1278,0.976987361907959
W37505,single_batch,5Ery,3,5Ery,-4.032094,-3.6633675,1279,1.1369352340698242
W37506,single_batch,7MEP,6,7MEP,-7.0339,0.13988921,1280,0.9591267108917236
W37507,single_batch,2Ery,0,2Ery,-2.4548159,-1.5331148,1281,0.7066231966018677
W37508,single_batch,13Baso,4,13Baso,-12.426356,2.660169,1282,1.3002712726593018
W37509,single_batch,14Mo,5,14Mo,-11.681968,1.3210832,1283,1.2062742710113523
W37510,single_batch,6Ery,7,6Ery,-6.404377,-1.0227968,1284,1.0852761268615725
W37511,single_batch,5Ery,7,6Ery,-4.9729304,-2.3607123,1285,0.7820847034454346
W37512,single_batch,4Ery,8,3Ery,-3.1992083,-4.031105,1286,0.5704365372657776
W37514,single_batch,13Baso,5,14Mo,-11.488379,2.0624113,1287,0.7942012548446655
W37515,single_batch,7MEP,6,7MEP,-7.2760987,-0.46537516,1288,0.9960384964942932
W37516,single_batch,5Ery,7,6Ery,-6.285245,-0.793657,1289,1.226710557937622
W37517,single_batch,5Ery,3,5Ery,-4.33277,-1.8787035,1290,0.9306902885437012
W37518,single_batch,10GMP,5,14Mo,-10.201609,1.4292252,1291,1.0215153694152832
W37519,single_batch,16Neu,2,16Neu,-10.040335,4.260261,1292,0.6615413427352905
W37520,single_batch,2Ery,8,3Ery,-2.4009564,-4.024701,1293,0.7064564228057861
W37521,single_batch,14Mo,2,16Neu,-10.59374,3.5223675,1294,0.681894063949585
W37522,single_batch,3Ery,8,3Ery,-2.7088602,-3.8203404,1295,0.5787869691848755
W37523,single_batch,2Ery,3,5Ery,-3.4813871,-3.1573863,1296,0.6180792450904846
W37524,single_batch,10GMP,4,13Baso,-10.3953495,2.4717474,1297,0.9348046779632568
W37525,single_batch,16Neu,2,16Neu,-9.81543,4.383076,1298,0.6923418045043945
W37526,single_batch,8Mk,6,7MEP,-7.8928976,-0.31058106,1299,1.0827107429504397
W37527,single_batch,6Ery,7,6Ery,-5.6287885,-2.230117,1300,1.2480299472808838
W37528,single_batch,15Mo,4,13Baso,-11.760467,4.0052814,1301,1.1854040622711182
W37529,single_batch,5Ery,3,5Ery,-3.6373441,-3.3310802,1302,0.681693971157074
W37530,single_batch,10GMP,1,10GMP,-9.835361,1.2300619,1303,0.7088016271591187
W37531,single_batch,7MEP,6,7MEP,-7.4786906,-0.4862472,1304,0.8457471132278442
W37532,single_batch,14Mo,4,13Baso,-11.908938,2.8884513,1305,0.7333937883377075
W37533,single_batch,19Lymph,11,19Lymph,-10.5956135,-3.992405,1306,2.4101686477661133
W37534,single_batch,2Ery,8,3Ery,-2.3530588,-4.174266,1307,0.5907319188117981
W37535,single_batch,15Mo,2,16Neu,-10.31166,4.312504,1308,0.670105516910553
W37537,single_batch,3Ery,8,3Ery,-2.6574597,-4.0520835,1309,0.8172953128814697
W37538,single_batch,6Ery,7,6Ery,-5.5732594,-2.193719,1310,0.8855127096176147
W37539,single_batch,1Ery,0,2Ery,-1.8022785,-2.3865564,1311,1.2478543519973757
W37540,single_batch,2Ery,0,2Ery,-2.4686365,-3.9606042,1312,0.9395266771316528
W37541,single_batch,3Ery,8,3Ery,-1.9795047,-4.650707,1313,1.1108771562576294
W37542,single_batch,4Ery,8,3Ery,-2.2880433,-4.3869624,1314,0.6714686155319214
W37545,single_batch,6Ery,7,6Ery,-4.6797237,-3.4729304,1315,0.9723881483078004
W37546,single_batch,13Baso,4,13Baso,-11.994222,3.092848,1316,0.9360789060592652
W37548,single_batch,3Ery,8,3Ery,-3.1604812,-4.1524987,1317,0.6911346912384033
W37549,single_batch,5Ery,3,5Ery,-4.606326,-3.2056034,1318,0.8229445219039917
W37551,single_batch,14Mo,1,10GMP,-9.683224,0.49759987,1319,1.4769833087921145
W37552,single_batch,13Baso,4,13Baso,-11.270869,3.8242779,1320,0.8903874754905701
W37553,single_batch,13Baso,4,13Baso,-11.383307,3.3558636,1321,0.8638690710067749
W37554,single_batch,3Ery,8,3Ery,-2.421728,-4.2510033,1322,0.5990792512893677
W37555,single_batch,4Ery,3,5Ery,-3.395372,-3.514461,1323,0.5852517485618591
W37557,single_batch,7MEP,6,7MEP,-7.236363,-0.5480646,1324,0.946196675300598
W37558,single_batch,10GMP,1,10GMP,-9.851882,1.2551152,1325,0.8683002591133118
W37559,single_batch,11DC,10,11DC,-13.2516575,-0.66113204,1326,3.4023261070251465
W37561,single_batch,3Ery,8,3Ery,-2.367116,-4.218362,1327,0.5969527959823608
W37562,single_batch,13Baso,1,10GMP,-9.750963,1.987882,1328,0.8325669765472412
W37563,single_batch,2Ery,0,2Ery,-2.7377205,-2.66659,1329,0.8652545213699341
W37564,single_batch,13Baso,5,14Mo,-11.074425,1.3408644,1330,0.8956550359725952
W37565,single_batch,2Ery,8,3Ery,-2.204493,-3.9482796,1331,0.7563687562942505
W37566,single_batch,4Ery,8,3Ery,-2.7701774,-4.2810793,1332,0.635810136795044
W37567,single_batch,10GMP,1,10GMP,-9.223345,0.33647728,1333,1.4455006122589111
W37568,single_batch,16Neu,2,16Neu,-9.834503,4.9835567,1334,1.3712366819381714
W37569,single_batch,14Mo,5,14Mo,-9.633245,2.8494296,1335,0.8660381436347961
W37570,single_batch,16Neu,2,16Neu,-10.0242195,4.4491863,1336,0.6802907586097717
W37572,single_batch,10GMP,1,10GMP,-8.571261,-0.806288,1337,1.0263094902038574
W37573,single_batch,2Ery,3,5Ery,-3.8361797,-2.3621495,1338,0.5294163227081299
W37574,single_batch,2Ery,0,2Ery,-2.4463203,-2.458165,1339,0.7803702354431152
W37575,single_batch,6Ery,7,6Ery,-5.776326,-2.1395953,1340,1.2632269859313965
W37577,single_batch,3Ery,8,3Ery,-1.9966584,-4.7701125,1341,0.934603214263916
W37578,single_batch,14Mo,4,13Baso,-12.26168,3.281137,1342,1.1158676147460938
W37579,single_batch,14Mo,5,14Mo,-10.17188,1.2502953,1343,0.8958147764205933
W37580,single_batch,15Mo,2,16Neu,-9.802133,3.798591,1344,0.8808319568634033
W37581,single_batch,10GMP,1,10GMP,-10.036913,2.34101,1345,1.1676530838012695
W37582,single_batch,13Baso,5,14Mo,-11.873384,1.2723656,1346,1.2528791427612305
W37583,single_batch,3Ery,3,5Ery,-3.424165,-3.8471262,1347,0.7453145384788513
W37584,single_batch,7MEP,6,7MEP,-7.654995,-0.34583184,1348,1.9184703826904297
W37585,single_batch,13Baso,4,13Baso,-11.871891,3.586731,1349,0.8798249959945679
W37586,single_batch,2Ery,0,2Ery,-2.147768,-1.7617779,1350,0.7049875259399414
W37587,single_batch,14Mo,4,13Baso,-10.912627,3.061778,1351,0.6624293923377991
W37588,single_batch,14Mo,4,13Baso,-12.410882,2.6302009,1352,1.288516879081726
W37589,single_batch,15Mo,5,14Mo,-12.035285,2.312422,1353,0.6302232146263123
W37591,single_batch,4Ery,8,3Ery,-2.8906207,-3.654075,1354,0.6352221965789795
W37593,single_batch,15Mo,2,16Neu,-10.713443,4.1471195,1355,0.8982774019241333
W37594,single_batch,14Mo,4,13Baso,-12.142144,2.9178457,1356,0.81464022397995
W37595,single_batch,10GMP,1,10GMP,-9.269225,0.59119695,1357,0.9544909000396729
W37596,single_batch,13Baso,5,14Mo,-10.258361,1.9539845,1358,0.8001710176467896
W37597,single_batch,16Neu,2,16Neu,-9.771753,4.066053,1359,0.8573086857795715
W37599,single_batch,8Mk,9,8Mk,-8.4823265,-1.3812449,1360,1.8139361143112185
W37601,single_batch,13Baso,4,13Baso,-11.301742,3.0048013,1361,1.0223345756530762
W37602,single_batch,5Ery,3,5Ery,-4.4564714,-3.1973383,1362,0.8371356725692749
W37603,single_batch,6Ery,7,6Ery,-6.0241776,-1.3587999,1363,0.5970016717910767
W37604,single_batch,14Mo,5,14Mo,-11.251087,2.233386,1364,0.5763677954673767
W37605,single_batch,2Ery,3,5Ery,-4.0608673,-2.3934827,1365,0.6258699297904968
W37606,single_batch,6Ery,7,6Ery,-5.302896,-2.4579356,1366,1.1184881925582886
W37607,single_batch,3Ery,8,3Ery,-2.7681336,-4.8715644,1367,0.8661060929298401
W37608,single_batch,14Mo,1,10GMP,-9.549529,0.4086971,1368,1.3201804161071775
W37609,single_batch,7MEP,7,6Ery,-5.495279,-2.198784,1369,1.1490695476531982
W37610,single_batch,7MEP,6,7MEP,-7.5889406,-0.17888457,1370,1.0414494276046753
W37611,single_batch,14Mo,4,13Baso,-11.994656,2.6822808,1371,0.7125414609909058
W37612,single_batch,5Ery,7,6Ery,-6.126572,-0.8405188,1372,1.1315968036651611
W37613,single_batch,13Baso,5,14Mo,-11.908521,2.0348172,1373,0.9983683824539183
W37614,single_batch,2Ery,3,5Ery,-3.3999698,-1.8195901,1374,1.0271658897399902
W37615,single_batch,16Neu,2,16Neu,-9.972902,4.3881183,1375,0.6295974254608154
W37617,single_batch,12Baso,7,6Ery,-6.788736,-0.669076,1376,1.1616106033325195
W37618,single_batch,14Mo,2,16Neu,-10.424071,3.0971165,1377,0.8106721043586731
W37619,single_batch,8Mk,9,8Mk,-8.516552,-1.2073545,1378,1.4765045642852783
W37620,single_batch,4Ery,8,3Ery,-3.137422,-3.5474591,1379,0.98710435628891
W37621,single_batch,3Ery,8,3Ery,-2.769029,-4.746443,1380,0.743459939956665
W37622,single_batch,2Ery,8,3Ery,-2.484892,-4.212884,1381,0.6277723908424377
W37624,single_batch,14Mo,4,13Baso,-12.169001,3.433795,1382,0.7168659567832947
W37625,single_batch,7MEP,6,7MEP,-8.307967,-0.2601846,1383,1.0155431032180786
W37626,single_batch,19Lymph,11,19Lymph,-10.588746,-3.976657,1384,2.7292981147766118
W37627,single_batch,7MEP,9,8Mk,-8.29512,-1.4378291,1385,1.6249860525131226
W37628,single_batch,10GMP,9,8Mk,-7.9649377,-0.535076,1386,0.992642104625702
W37629,single_batch,13Baso,5,14Mo,-11.438221,1.9319549,1387,0.8292887210845947
W37630,single_batch,2Ery,0,2Ery,-2.4457664,-2.598422,1388,0.8932121992111206
W37631,single_batch,2Ery,0,2Ery,-2.3426032,-2.4969537,1389,1.2241449356079102
W37633,single_batch,3Ery,8,3Ery,-2.9007154,-3.6931884,1390,0.8217366933822632
W37634,single_batch,3Ery,8,3Ery,-2.7508945,-4.6012044,1391,1.1044678688049316
W37635,single_batch,6Ery,7,6Ery,-5.939245,-1.3974359,1392,0.8852143287658691
W37642,single_batch,7MEP,6,7MEP,-7.1162066,-0.5852698,1393,1.3547606468200684
W37644,single_batch,8Mk,1,10GMP,-9.331183,1.3302175,1394,1.011228084564209
W37650,single_batch,2Ery,6,7MEP,-6.848761,0.33772257,1395,1.342260479927063
W37651,single_batch,1Ery,0,2Ery,-1.58539,-2.757376,1396,1.0282726287841797
W37653,single_batch,9GMP,1,10GMP,-8.968656,0.40027303,1397,0.9459607005119324
W37654,single_batch,13Baso,4,13Baso,-12.186122,3.9194772,1398,1.5436944961547852
W37657,single_batch,15Mo,1,10GMP,-10.261544,0.7103482,1399,1.1184420585632324
W37658,single_batch,6Ery,7,6Ery,-7.247871,-1.1849942,1400,1.0068016052246094
W37660,single_batch,13Baso,4,13Baso,-11.211201,3.3780327,1401,1.2246356010437012
W37661,single_batch,3Ery,0,2Ery,-2.1784139,-3.8405664,1402,0.5652396082878113
W37663,single_batch,16Neu,2,16Neu,-10.35833,4.716049,1403,1.4265248775482178
W37664,single_batch,14Mo,4,13Baso,-11.726083,3.213007,1404,0.6880463361740112
W37665,single_batch,5Ery,3,5Ery,-4.263692,-2.3113465,1405,0.5841624736785889
W37666,single_batch,7MEP,6,7MEP,-7.371955,-0.53286344,1406,0.9983780980110168
W37667,single_batch,13Baso,4,13Baso,-11.664883,2.5899441,1407,1.2127299308776855
W37668,single_batch,4Ery,3,5Ery,-3.7892594,-3.9766374,1408,0.791130542755127
W37669,single_batch,13Baso,4,13Baso,-11.585041,2.8331566,1409,0.5832142233848572
W37670,single_batch,2Ery,0,2Ery,-2.5417593,-3.9104831,1410,0.6065798401832581
W37673,single_batch,15Mo,2,16Neu,-9.7751045,3.5518088,1411,0.7685467600822449
W37674,single_batch,7MEP,6,7MEP,-7.4712253,-0.11338504,1412,1.819033980369568
W37675,single_batch,3Ery,0,2Ery,-2.8209798,-3.6679065,1413,0.6518737077713013
W37676,single_batch,10GMP,1,10GMP,-9.447754,1.4922888,1414,0.6731807589530945
W37680,single_batch,13Baso,4,13Baso,-11.597024,3.413688,1415,0.8464909791946411
W37682,single_batch,3Ery,0,2Ery,-2.974345,-3.5277276,1416,0.606164813041687
W37683,single_batch,1Ery,0,2Ery,-1.5325845,-2.8270326,1417,1.5706284046173096
W37684,single_batch,13Baso,1,10GMP,-10.056703,2.4404042,1418,1.1381011009216309
W37685,single_batch,13Baso,5,14Mo,-10.611865,1.7000992,1419,0.7292375564575195
W37686,single_batch,7MEP,6,7MEP,-7.1956115,-0.5644719,1420,0.9461113214492798
W37687,single_batch,16Neu,5,14Mo,-11.976003,2.465887,1421,1.0231266021728516
W37689,single_batch,14Mo,4,13Baso,-11.321772,2.4857302,1422,0.8198872208595276
W37691,single_batch,3Ery,0,2Ery,-1.8087255,-4.6074915,1423,1.47646164894104
W37692,single_batch,2Ery,0,2Ery,-2.0803678,-2.8480895,1424,0.994492769241333
W37693,single_batch,1Ery,0,2Ery,-1.9295908,-2.7019625,1425,0.9721091985702516
W37694,single_batch,13Baso,4,13Baso,-11.157253,2.749222,1426,0.8404078483581543
W37696,single_batch,15Mo,2,16Neu,-10.590065,4.7211614,1427,1.1214380264282229
W37698,single_batch,8Mk,9,8Mk,-8.188542,-1.4137157,1428,1.5344616174697876
W37699,single_batch,2Ery,0,2Ery,-1.7448976,-3.2200375,1429,0.6569008827209473
W37700,single_batch,14Mo,4,13Baso,-12.338958,3.2103002,1430,0.9938527345657348
W37701,single_batch,14Mo,4,13Baso,-11.803774,2.88639,1431,0.6876469850540161
W37702,single_batch,14Mo,5,14Mo,-10.630697,1.0350337,1432,0.9252392053604126
W37704,single_batch,9GMP,1,10GMP,-9.835556,2.0745053,1433,1.2130935192108154
W37706,single_batch,14Mo,4,13Baso,-12.1401205,2.9146256,1434,0.7849177718162537
W37707,single_batch,14Mo,2,16Neu,-10.109549,3.3241246,1435,1.036563515663147
W37708,single_batch,2Ery,0,2Ery,-2.1223302,-2.618483,1436,0.8290239572525024
W37709,single_batch,7MEP,6,7MEP,-7.486999,-0.15627654,1437,1.1815681457519531
W37710,single_batch,2Ery,0,2Ery,-1.7003994,-3.561135,1438,0.8461469411849976
W37711,single_batch,16Neu,2,16Neu,-9.466438,4.3282676,1439,1.0843274593353271
W37712,single_batch,10GMP,4,13Baso,-10.8193245,2.78967,1440,1.1799001693725586
W37713,single_batch,6Ery,7,6Ery,-6.2088847,-0.973221,1441,1.1013545989990234
W37714,single_batch,2Ery,0,2Ery,-1.6914235,-3.4082355,1442,1.0607975721359253
W37715,single_batch,15Mo,4,13Baso,-11.305551,2.8549995,1443,0.5616087913513184
W37716,single_batch,14Mo,2,16Neu,-10.231512,3.1857188,1444,0.8515316843986511
W37717,single_batch,15Mo,2,16Neu,-10.379596,4.6829953,1445,0.9454603791236876
W37718,single_batch,3Ery,3,5Ery,-4.2790117,-3.22744,1446,0.6440130472183228
W37719,single_batch,12Baso,1,10GMP,-8.879484,1.4073585,1447,1.0769357681274414
W37720,single_batch,2Ery,0,2Ery,-1.9664774,-3.1909657,1448,0.527791440486908
W37721,single_batch,13Baso,4,13Baso,-11.032751,2.6532083,1449,1.2666540145874023
W37722,single_batch,13Baso,4,13Baso,-11.112344,2.8804784,1450,0.536207377910614
W37723,single_batch,7MEP,6,7MEP,-7.2565703,0.008905768,1451,1.045541763305664
W37724,single_batch,6Ery,7,6Ery,-5.3091054,-2.3449206,1452,0.7453507781028748
W37725,single_batch,5Ery,8,3Ery,-3.020727,-4.6826468,1453,0.822452187538147
W37726,single_batch,2Ery,3,5Ery,-3.8808978,-1.0758916,1454,1.619462013244629
W37727,single_batch,19Lymph,11,19Lymph,-10.63611,-4.0354066,1455,2.3811521530151367
W37728,single_batch,14Mo,2,16Neu,-10.550232,3.27727,1456,1.394386649131775
W37729,single_batch,12Baso,6,7MEP,-7.502295,0.04607849,1457,1.123286247253418
W37730,single_batch,2Ery,0,2Ery,-2.85621,-2.89677,1458,0.970575988292694
W37731,single_batch,16Neu,2,16Neu,-9.888375,4.803859,1459,0.8452614545822144
W37737,single_batch,4Ery,3,5Ery,-3.907273,-3.753796,1460,0.7781842947006226
W37738,single_batch,6Ery,7,6Ery,-6.382142,-0.9924339,1461,0.750685453414917
W37739,single_batch,13Baso,4,13Baso,-10.623817,2.6812274,1462,1.004923939704895
W37745,single_batch,4Ery,3,5Ery,-4.243251,-2.784624,1463,0.6484537124633789
W37746,single_batch,2Ery,0,2Ery,-2.2189841,-3.2399101,1464,0.5995465517044067
W37747,single_batch,4Ery,0,2Ery,-2.8422406,-2.683067,1465,0.7745447158813477
W37748,single_batch,15Mo,1,10GMP,-9.376401,2.878208,1466,1.0064029693603516
W37753,single_batch,1Ery,0,2Ery,-1.4568617,-2.9057488,1467,1.4037426710128784
W37754,single_batch,15Mo,2,16Neu,-10.61414,4.6878195,1468,1.1912479400634766
W37756,single_batch,13Baso,5,14Mo,-10.732228,1.6261306,1469,0.7451513409614563
W37758,single_batch,15Mo,5,14Mo,-10.704934,2.2756774,1470,1.0945039987564087
W37759,single_batch,3Ery,7,6Ery,-5.923111,-0.24946202,1471,1.8610661029815676
W37761,single_batch,6Ery,3,5Ery,-4.818413,-2.927487,1472,1.2359039783477783
W37762,single_batch,12Baso,6,7MEP,-7.8742404,0.61497253,1473,1.681434154510498
W37763,single_batch,12Baso,1,10GMP,-8.344277,1.2150494,1474,0.8947019577026367
W37764,single_batch,13Baso,1,10GMP,-10.015468,0.52067965,1475,1.2283108234405518
W37765,single_batch,5Ery,3,5Ery,-4.638788,-2.887901,1476,0.651636004447937
W37766,single_batch,16Neu,1,10GMP,-9.586314,0.42267004,1477,1.6870423555374146
W37769,single_batch,6Ery,3,5Ery,-4.1036825,-2.640202,1478,0.7067092657089233
W37770,single_batch,13Baso,5,14Mo,-11.537466,1.6953928,1479,0.718009352684021
W37771,single_batch,2Ery,0,2Ery,-1.5706456,-3.338342,1480,0.825515627861023
W37772,single_batch,14Mo,4,13Baso,-11.966818,3.2612212,1481,0.958736002445221
W37776,single_batch,3Ery,7,6Ery,-6.1313386,-0.58192825,1482,1.3572325706481934
W37777,single_batch,14Mo,5,14Mo,-12.019569,1.7154685,1483,0.6955100893974304
W37778,single_batch,8Mk,9,8Mk,-8.136315,-1.0451636,1484,1.0880694389343262
W37779,single_batch,2Ery,3,5Ery,-3.903584,-1.0126406,1485,2.109889268875122
W37780,single_batch,9GMP,1,10GMP,-9.642285,0.8823103,1486,1.2819252014160156
W37781,single_batch,4Ery,3,5Ery,-3.8841312,-3.8165438,1487,0.7077711820602417
W37782,single_batch,3Ery,8,3Ery,-2.8822792,-4.8299556,1488,1.137220025062561
W37786,single_batch,3Ery,3,5Ery,-3.8796465,-3.126238,1489,0.6861845850944519
W37788,single_batch,14Mo,4,13Baso,-10.680301,2.734279,1490,0.6656244993209839
W37790,single_batch,2Ery,7,6Ery,-5.6328397,-0.56471777,1491,1.6467093229293823
W37793,single_batch,10GMP,4,13Baso,-10.541597,2.3040445,1492,0.8808548450469971
W37794,single_batch,16Neu,2,16Neu,-9.716982,4.93504,1493,1.4721124172210691
W37795,single_batch,6Ery,7,6Ery,-5.852344,-1.7246481,1494,0.6006677150726318
W37796,single_batch,14Mo,4,13Baso,-11.66361,3.118338,1495,0.6374218463897705
W37797,single_batch,16Neu,2,16Neu,-9.810355,4.542694,1496,1.0377707481384275
W37798,single_batch,5Ery,3,5Ery,-3.519155,-4.1153255,1497,0.6255165934562683
W37799,single_batch,10GMP,1,10GMP,-9.631969,0.43453783,1498,1.2452402114868164
W37800,single_batch,16Neu,4,13Baso,-12.259659,2.8558362,1499,1.2183332443237305
W37801,single_batch,12Baso,7,6Ery,-7.445208,-0.9427014,1500,1.127847671508789
W37802,single_batch,11DC,10,11DC,-13.09746,-0.4783498,1501,3.318672180175781
W37803,single_batch,15Mo,2,16Neu,-10.110283,3.707579,1502,1.1764659881591797
W37804,single_batch,2Ery,0,2Ery,-3.3583617,-2.308784,1503,0.6639737486839294
W37805,single_batch,13Baso,4,13Baso,-11.18593,3.1033566,1504,0.8819442987442017
W37806,single_batch,7MEP,6,7MEP,-7.450858,0.14718659,1505,1.0221856832504272
W37807,single_batch,13Baso,4,13Baso,-11.511416,2.7475696,1506,1.2887074947357178
W37809,single_batch,13Baso,5,14Mo,-11.274823,1.7668087,1507,0.5947290062904358
W37811,single_batch,2Ery,0,2Ery,-2.9060028,-1.8347229,1508,1.1572058200836182
W37812,single_batch,6Ery,3,5Ery,-4.365399,-3.759328,1509,1.2976806163787842
W37813,single_batch,14Mo,4,13Baso,-11.125077,3.0468843,1510,0.682805061340332
W37817,single_batch,5Ery,3,5Ery,-4.689607,-2.1144767,1511,0.5869319438934326
W37818,single_batch,16Neu,2,16Neu,-9.445913,4.6306005,1512,0.7264524102210999
W37819,single_batch,5Ery,7,6Ery,-5.292536,-1.9489731,1513,0.6468544602394104
W37820,single_batch,6Ery,7,6Ery,-5.4013124,-2.1155746,1514,0.8041119575500488
W37821,single_batch,18Eos,1,10GMP,-8.880236,0.60597175,1515,1.436836838722229
W37822,single_batch,14Mo,4,13Baso,-11.421392,3.0890884,1516,0.824273407459259
W37825,single_batch,14Mo,4,13Baso,-10.689564,3.0985618,1517,0.8264051675796509
W37826,single_batch,13Baso,4,13Baso,-11.676043,3.6893852,1518,0.815457820892334
W37828,single_batch,15Mo,2,16Neu,-10.659434,4.7549396,1519,1.064921259880066
W37830,single_batch,2Ery,6,7MEP,-6.6735873,0.32576242,1520,1.2005455493927002
W37833,single_batch,2Ery,0,2Ery,-1.5491086,-3.3820887,1521,1.0794942378997805
W37835,single_batch,13Baso,4,13Baso,-11.036651,2.756802,1522,1.3613250255584717
W37838,single_batch,3Ery,6,7MEP,-6.7345033,0.33238554,1523,1.0462017059326172
W37841,single_batch,2Ery,0,2Ery,-2.3563771,-2.67083,1524,1.0911743640899658
W37842,single_batch,15Mo,5,14Mo,-12.034635,2.4618917,1525,0.8845287561416626
W37843,single_batch,12Baso,1,10GMP,-9.15467,1.8200793,1526,1.071528673171997
W37844,single_batch,7MEP,7,6Ery,-7.182984,-1.3414763,1527,1.0779356956481934
W37847,single_batch,3Ery,6,7MEP,-6.722078,0.4300348,1528,1.270047307014465
W37848,single_batch,4Ery,6,7MEP,-6.714403,0.42083675,1529,1.3505840301513672
W37849,single_batch,15Mo,2,16Neu,-10.460656,4.6184273,1530,0.9541740417480468
W37850,single_batch,14Mo,4,13Baso,-12.153792,2.8872974,1531,0.9172599911689758
W37851,single_batch,4Ery,0,2Ery,-3.0531104,-3.743746,1532,0.5874398350715637
W37852,single_batch,4Ery,0,2Ery,-2.934574,-2.3635938,1533,0.6492080688476562
W37853,single_batch,13Baso,5,14Mo,-10.979396,1.974356,1534,0.6363798975944519
W37854,single_batch,9GMP,1,10GMP,-8.427933,-0.20096205,1535,1.465593338012695
W37857,single_batch,12Baso,6,7MEP,-8.083776,0.75270385,1536,1.7422144412994385
W37858,single_batch,2Ery,0,2Ery,-2.4946692,-2.4102488,1537,0.6427747011184692
W37859,single_batch,4Ery,3,5Ery,-4.774225,-2.4866364,1538,0.9730274081230164
W37860,single_batch,9GMP,7,6Ery,-7.9328423,-1.3883195,1539,1.2396118640899658
W37861,single_batch,16Neu,2,16Neu,-9.802878,4.8102946,1540,0.6735718846321106
W37863,single_batch,16Neu,1,10GMP,-9.280339,2.9375372,1541,1.4866151809692385
W37864,single_batch,2Ery,3,5Ery,-3.3181987,-2.2273555,1542,0.6367248892784119
W37865,single_batch,2Ery,0,2Ery,-2.020677,-2.6764169,1543,0.9594573974609376
W37866,single_batch,16Neu,2,16Neu,-9.77459,4.7763076,1544,0.9071255326271056
W37867,single_batch,7MEP,7,6Ery,-6.74035,-0.9361441,1545,1.0122778415679932
W37868,single_batch,14Mo,1,10GMP,-9.543246,2.3771908,1546,0.7589170932769775
W37870,single_batch,14Mo,1,10GMP,-9.7262535,0.5015639,1547,1.121473789215088
W37872,single_batch,14Mo,1,10GMP,-9.965654,2.5563922,1548,1.3323708772659302
W37873,single_batch,5Ery,3,5Ery,-4.506159,-2.0859377,1549,0.6270595788955688
W37874,single_batch,5Ery,3,5Ery,-4.2544074,-2.4142008,1550,0.5502216815948486
W37875,single_batch,3Ery,0,2Ery,-2.8319163,-3.2558653,1551,0.7597421407699585
W37876,single_batch,3Ery,0,2Ery,-2.3031855,-4.127187,1552,0.6854124069213867
W37878,single_batch,2Ery,0,2Ery,-2.6965122,-1.5580041,1553,0.9602552652359008
W37879,single_batch,18Eos,1,10GMP,-9.033938,2.2545812,1554,1.2583799362182615
W37880,single_batch,14Mo,4,13Baso,-11.596762,2.6810591,1555,0.5661367177963257
W37881,single_batch,3Ery,0,2Ery,-2.0833998,-3.5208867,1556,0.849972128868103
W37882,single_batch,14Mo,4,13Baso,-11.216348,2.9609628,1557,0.8800158500671387
W37883,single_batch,14Mo,2,16Neu,-9.976984,3.3025937,1558,1.2141013145446775
W37885,single_batch,12Baso,6,7MEP,-7.222282,-0.12104866,1559,3.421072006225586
W37886,single_batch,14Mo,4,13Baso,-11.467516,2.577954,1560,1.206186294555664
W37887,single_batch,4Ery,8,3Ery,-2.7608147,-4.787244,1561,0.7585951089859009
W37888,single_batch,3Ery,8,3Ery,-2.0322394,-4.901529,1562,1.538644790649414
W37889,single_batch,14Mo,4,13Baso,-11.957663,3.2297115,1563,0.804510235786438
W37890,single_batch,7MEP,6,7MEP,-6.91651,-0.2657928,1564,0.8825825452804565
W37891,single_batch,5Ery,6,7MEP,-7.198581,-0.3606743,1565,0.8582717776298523
W37892,single_batch,12Baso,1,10GMP,-8.881379,1.338049,1566,1.1986565589904783
W37893,single_batch,2Ery,0,2Ery,-2.513557,-3.748714,1567,0.7745803594589233
W37894,single_batch,15Mo,5,14Mo,-10.402161,0.65646213,1568,0.950898289680481
W37895,single_batch,14Mo,2,16Neu,-9.636307,3.3715243,1569,0.9518715739250184
W37896,single_batch,3Ery,0,2Ery,-2.6955924,-3.7404175,1570,0.7948724627494812
W37898,single_batch,14Mo,5,14Mo,-10.624616,1.1203911,1571,1.3412902355194092
W37899,single_batch,2Ery,0,2Ery,-2.8303924,-2.0727575,1572,0.7970402836799622
W37900,single_batch,3Ery,0,2Ery,-3.040625,-3.7318819,1573,0.575737476348877
W37901,single_batch,2Ery,0,2Ery,-2.06874,-1.8976885,1574,0.6892819404602051
W37902,single_batch,16Neu,2,16Neu,-9.841856,4.5101285,1575,0.7855372428894043
W37903,single_batch,7MEP,6,7MEP,-7.024257,-0.4429317,1576,0.7821778059005737
W37904,single_batch,2Ery,0,2Ery,-1.9882154,-2.5983453,1577,0.9611462354660034
W37906,single_batch,10GMP,1,10GMP,-10.014633,2.0566723,1578,1.0787074565887451
W37907,single_batch,7MEP,6,7MEP,-7.7932153,0.48762554,1579,1.3422459363937378
W37908,single_batch,5Ery,6,7MEP,-6.741313,0.19031079,1580,1.05579674243927
W37909,single_batch,5Ery,6,7MEP,-6.867471,-0.07168954,1581,0.963847517967224
W37910,single_batch,13Baso,1,10GMP,-10.005441,2.2422109,1582,1.1705868244171145
W37913,single_batch,6Ery,7,6Ery,-6.862968,-0.76384646,1583,0.9198599457740784
W37914,single_batch,7MEP,6,7MEP,-7.3153577,-0.16500208,1584,1.2402656078338623
W37915,single_batch,3Ery,8,3Ery,-2.7139492,-4.71941,1585,0.6377300024032593
W37916,single_batch,10GMP,6,7MEP,-7.9651155,0.16355772,1586,1.0306696891784668
W37917,single_batch,5Ery,3,5Ery,-4.281383,-2.9536831,1587,0.5919919610023499
W37918,single_batch,5Ery,3,5Ery,-4.425679,-2.9944544,1588,0.5932753682136536
W37919,single_batch,1Ery,0,2Ery,-2.5067177,-1.4275743,1589,0.7001139521598816
W37921,single_batch,13Baso,4,13Baso,-12.222659,2.6944091,1590,1.1233124732971191
W37922,single_batch,15Mo,5,14Mo,-12.025262,2.643607,1591,1.0570099353790283
W37923,single_batch,3Ery,7,6Ery,-5.3105063,-2.2985055,1592,0.8778977394104004
W37924,single_batch,6Ery,7,6Ery,-6.1055503,-1.4098806,1593,1.392242670059204
W37929,single_batch,14Mo,4,13Baso,-10.463689,3.0491982,1594,0.7628680467605591
W37930,single_batch,11DC,10,11DC,-13.083878,-0.48514065,1595,3.10960054397583
W37935,single_batch,3Ery,3,5Ery,-3.791474,-3.586164,1596,1.4127435684204102
W37937,single_batch,3Ery,3,5Ery,-3.8775268,-3.710548,1597,0.7782156467437744
W37938,single_batch,3Ery,0,2Ery,-1.8536679,-4.588126,1598,1.0158580541610718
W37939,single_batch,16Neu,2,16Neu,-9.925141,4.6853657,1599,0.6328838467597961
W37940,single_batch,3Ery,3,5Ery,-4.5884566,-2.5062606,1600,0.646247386932373
W37941,single_batch,9GMP,4,13Baso,-10.627029,2.748805,1601,1.4932081699371338
W37942,single_batch,14Mo,5,14Mo,-10.614678,0.82270736,1602,0.8271018862724304
W37943,single_batch,12Baso,6,7MEP,-7.848446,0.65101695,1603,2.2239174842834477
W37945,single_batch,9GMP,1,10GMP,-8.738431,0.30483037,1604,0.8825207948684692
W37946,single_batch,14Mo,4,13Baso,-11.501004,2.8530276,1605,0.6851496696472168
W37948,single_batch,14Mo,4,13Baso,-11.42314,3.019828,1606,0.9066803455352784
W37951,single_batch,8Mk,6,7MEP,-8.004867,-0.609361,1607,1.1917543411254885
W37952,single_batch,5Ery,7,6Ery,-6.439615,0.21574694,1608,0.9379794597625732
W37953,single_batch,15Mo,2,16Neu,-9.490426,3.8181863,1609,1.452225685119629
W37954,single_batch,15Mo,4,13Baso,-11.718322,2.5990124,1610,0.8420531153678894
W37955,single_batch,3Ery,0,2Ery,-1.5917118,-3.4578505,1611,1.0040929317474363
W37956,single_batch,16Neu,2,16Neu,-9.76674,4.5278153,1612,0.7662063241004944
W37957,single_batch,15Mo,1,10GMP,-9.90588,0.5911238,1613,1.1107943058013916
W37959,single_batch,4Ery,3,5Ery,-4.414906,-2.0110617,1614,0.7594714164733887
W37960,single_batch,3Ery,7,6Ery,-5.3222985,-1.1389463,1615,0.6999781131744385
W37961,single_batch,8Mk,9,8Mk,-8.304332,-1.1928829,1616,1.1022703647613523
W37962,single_batch,15Mo,4,13Baso,-11.146799,3.8881946,1617,0.9620528221130372
W37963,single_batch,14Mo,2,16Neu,-9.575298,3.4394732,1618,0.7275691032409668
W37964,single_batch,5Ery,7,6Ery,-5.7215023,-1.2572037,1619,1.2924129962921145
W37965,single_batch,3Ery,7,6Ery,-5.5166554,-1.3550287,1620,1.092691421508789
W37967,single_batch,4Ery,6,7MEP,-6.8524046,0.39425817,1621,1.4931204319000244
W37969,single_batch,2Ery,0,2Ery,-2.9696395,-2.4786437,1622,0.6169481873512268
W37970,single_batch,8Mk,6,7MEP,-8.3379755,0.4299114,1623,1.202717900276184
W37971,single_batch,7MEP,6,7MEP,-7.075402,-0.6200996,1624,1.0021417140960691
W37972,single_batch,10GMP,5,14Mo,-10.513261,1.6769302,1625,0.9153420329093932
W37974,single_batch,15Mo,2,16Neu,-9.61661,3.8942356,1626,1.2033087015151978
W37975,single_batch,14Mo,4,13Baso,-11.386115,3.699666,1627,0.6826176643371582
W37977,single_batch,13Baso,1,10GMP,-10.122508,1.8051126,1628,0.8279483318328857
W37978,single_batch,3Ery,0,2Ery,-2.0012462,-3.8310394,1629,0.6871444582939148
W37979,single_batch,7MEP,6,7MEP,-7.747479,-0.58308464,1630,1.081403136253357
W37980,single_batch,2Ery,0,2Ery,-1.7363929,-2.59437,1631,1.3061097860336304
W37982,single_batch,13Baso,4,13Baso,-12.106982,3.276037,1632,0.7361714243888855
W37983,single_batch,2Ery,6,7MEP,-6.746049,0.38411596,1633,1.4651367664337158
W37984,single_batch,10GMP,4,13Baso,-10.514504,1.8617882,1634,0.8989171981811523
W37985,single_batch,2Ery,0,2Ery,-1.5320712,-2.7392712,1635,0.955843448638916
W37986,single_batch,2Ery,0,2Ery,-1.9674684,-2.821671,1636,0.6656816005706787
W37988,single_batch,2Ery,0,2Ery,-2.1942933,-2.57192,1637,0.996946394443512
W37989,single_batch,12Baso,1,10GMP,-8.675866,1.4537677,1638,0.940430760383606
W37990,single_batch,14Mo,4,13Baso,-11.596171,3.2780924,1639,0.6556722521781921
W37991,single_batch,1Ery,0,2Ery,-1.4376484,-2.9460263,1640,1.7671674489974976
W37992,single_batch,14Mo,1,10GMP,-10.183513,0.6726903,1641,3.659777164459229
W37993,single_batch,14Mo,1,10GMP,-8.73142,1.8366305,1642,0.8900430798530579
W37994,single_batch,2Ery,0,2Ery,-1.4674845,-2.8472514,1643,1.6139079332351685
W37995,single_batch,14Mo,2,16Neu,-10.746082,3.7635036,1644,0.8197100758552551
W37996,single_batch,16Neu,2,16Neu,-10.026985,4.520508,1645,0.6688543558120728
W37997,single_batch,14Mo,5,14Mo,-11.743947,2.6853704,1646,0.6182230114936829
W38000,single_batch,8Mk,6,7MEP,-8.40471,-1.0289359,1647,1.1854383945465088
W38001,single_batch,16Neu,5,14Mo,-11.559493,1.4824164,1648,0.8830509185791016
W38002,single_batch,16Neu,2,16Neu,-9.541159,4.260198,1649,1.073117733001709
W38003,single_batch,2Ery,0,2Ery,-2.9330218,-1.7051873,1650,0.6980497241020203
W38004,single_batch,8Mk,9,8Mk,-8.4814005,-1.2653308,1651,1.255782961845398
W38005,single_batch,5Ery,3,5Ery,-3.9014318,-3.59166,1652,1.0013248920440674
W38006,single_batch,6Ery,7,6Ery,-5.3470755,-2.08818,1653,0.8624540567398071
W38007,single_batch,19Lymph,11,19Lymph,-10.586972,-3.9846482,1654,2.220594882965088
W38008,single_batch,15Mo,5,14Mo,-10.365986,0.85262984,1655,1.1481537818908691
W38009,single_batch,13Baso,1,10GMP,-9.861879,0.68886185,1656,1.1081573963165283
W38010,single_batch,5Ery,3,5Ery,-4.5111837,-2.815568,1657,0.6318516731262207
W38011,single_batch,14Mo,4,13Baso,-11.075513,3.395432,1658,0.7955788373947144
W38012,single_batch,5Ery,3,5Ery,-4.1920834,-3.1752567,1659,0.7635372281074524
W38013,single_batch,6Ery,7,6Ery,-5.9372034,-1.5072387,1660,0.6111706495285034
W38014,single_batch,16Neu,2,16Neu,-9.816139,4.6087728,1661,0.8156971335411072
W38017,single_batch,3Ery,8,3Ery,-2.0533714,-4.952931,1662,1.3261183500289917
W38018,single_batch,15Mo,4,13Baso,-11.095999,4.4831347,1663,1.3962959051132202
W38019,single_batch,7MEP,6,7MEP,-7.0030413,-0.702479,1664,1.1234545707702637
W38020,single_batch,7MEP,7,6Ery,-6.8381743,-0.8131752,1665,1.2229015827178955
W38021,single_batch,10GMP,4,13Baso,-10.794585,3.0060387,1666,1.7253764867782593
W38022,single_batch,14Mo,4,13Baso,-11.924275,3.9434047,1667,1.2774356603622437
W38023,single_batch,3Ery,0,2Ery,-1.9576131,-4.254181,1668,0.6906127333641052
W38025,single_batch,4Ery,3,5Ery,-3.668373,-3.5902262,1669,1.002474665641785
W38026,single_batch,13Baso,4,13Baso,-11.923659,3.2387168,1670,0.8341847658157349
W38027,single_batch,15Mo,4,13Baso,-11.995455,3.3637547,1671,1.1075183153152466
W38028,single_batch,11DC,10,11DC,-13.215204,-0.62433594,1672,3.2291550636291504
W38030,single_batch,17Neu,1,10GMP,-8.317266,1.3815988,1673,1.5313271284103394
W38031,single_batch,4Ery,3,5Ery,-3.7357376,-3.461705,1674,0.7043276429176331
W38032,single_batch,6Ery,8,3Ery,-3.731819,-4.1585164,1675,0.808676540851593
W38033,single_batch,3Ery,0,2Ery,-1.8759516,-4.195013,1676,0.9221237897872924
W38034,single_batch,3Ery,8,3Ery,-2.203493,-4.9576936,1677,1.0381739139556885
W38035,single_batch,7MEP,6,7MEP,-7.8608403,0.13251011,1678,1.2995432615280151
W38036,single_batch,8Mk,1,10GMP,-9.713972,1.8465235,1679,1.5222995281219482
W38037,single_batch,6Ery,7,6Ery,-5.7246413,-1.9972156,1680,1.0603798627853394
W38038,single_batch,11DC,6,7MEP,-12.940874,-0.60546947,1681,3.659777164459229
W38039,single_batch,16Neu,2,16Neu,-10.4447155,4.787445,1682,1.010711431503296
W38040,single_batch,3Ery,8,3Ery,-2.409635,-4.9349785,1683,0.9637636542320251
W38041,single_batch,14Mo,4,13Baso,-12.451544,3.2496576,1684,1.7610992193222046
W38042,single_batch,4Ery,8,3Ery,-3.2641122,-3.8777478,1685,0.5724290609359741
W38043,single_batch,4Ery,8,3Ery,-2.6835601,-4.4223175,1686,0.5704914331436157
W38044,single_batch,11DC,10,11DC,-13.220402,-0.629378,1687,3.659777164459229
W38045,single_batch,3Ery,7,6Ery,-5.639946,-2.1695693,1688,0.7105565071105957
W38046,single_batch,14Mo,4,13Baso,-12.155613,4.0107837,1689,1.3089923858642578
W38047,single_batch,15Mo,4,13Baso,-11.867015,3.3269384,1690,0.9683616757392884
W38048,single_batch,3Ery,8,3Ery,-2.0715032,-4.9626446,1691,1.3512790203094482
W38049,single_batch,10GMP,5,14Mo,-10.769436,1.6983494,1692,1.023019790649414
W38050,single_batch,6Ery,3,5Ery,-4.182738,-3.8708208,1693,2.1131420135498047
W38051,single_batch,2Ery,0,2Ery,-2.7880926,-2.235728,1694,0.6644012928009033
W38052,single_batch,16Neu,2,16Neu,-10.212515,4.2943907,1695,0.7119532227516174
W38053,single_batch,15Mo,2,16Neu,-9.932926,4.1293616,1696,0.7229273319244385
W38054,single_batch,7MEP,6,7MEP,-7.8302903,-0.8302263,1697,1.0094597339630127
W38055,single_batch,3Ery,8,3Ery,-2.2597785,-5.0498257,1698,1.1591236591339111
W38056,single_batch,10GMP,1,10GMP,-9.993687,2.4046087,1699,1.5604922771453855
W38057,single_batch,3Ery,8,3Ery,-2.1235366,-5.0318174,1700,2.152987480163574
W38058,single_batch,14Mo,4,13Baso,-11.333559,2.9434068,1701,0.5670461058616638
W38059,single_batch,7MEP,6,7MEP,-7.7406893,-0.24906492,1702,1.617790460586548
W38060,single_batch,6Ery,7,6Ery,-5.1839414,-2.6267002,1703,0.6206408143043518
W38061,single_batch,10GMP,4,13Baso,-10.528745,2.1314225,1704,0.915730357170105
W38062,single_batch,10GMP,1,10GMP,-9.968705,1.6078107,1705,0.7386900186538696
W38063,single_batch,3Ery,0,2Ery,-2.1467347,-4.168016,1706,0.6313165426254272
W38064,single_batch,7MEP,6,7MEP,-7.2296057,0.109962404,1707,0.9038255214691162
W38065,single_batch,2Ery,0,2Ery,-1.8552793,-3.8492358,1708,0.7057542204856873
W38066,single_batch,4Ery,8,3Ery,-3.0965343,-3.5774682,1709,0.67322838306427
W38067,single_batch,7MEP,6,7MEP,-7.325328,-0.34433642,1710,1.2494986057281494
W38068,single_batch,13Baso,5,14Mo,-10.685164,1.226166,1711,0.8452566862106323
W38069,single_batch,6Ery,7,6Ery,-5.0043807,-2.5393493,1712,0.6638556122779846
W38070,single_batch,15Mo,2,16Neu,-9.861533,3.6814415,1713,0.7446532249450684
W38071,single_batch,8Mk,7,6Ery,-7.5027885,-1.1668546,1714,1.0793540477752686
W38072,single_batch,10GMP,4,13Baso,-10.6400175,2.2267194,1715,1.1309545040130615
W38073,single_batch,4Ery,8,3Ery,-2.9612958,-4.8096666,1716,1.143713116645813
W38074,single_batch,4Ery,8,3Ery,-2.7755566,-3.7268202,1717,0.6191548109054565
W38075,single_batch,3Ery,8,3Ery,-2.7417104,-4.811808,1718,0.7760751843452454
W38076,single_batch,7MEP,7,6Ery,-6.028674,-1.7583526,1719,1.3560837507247925
W38077,single_batch,2Ery,0,2Ery,-2.1369224,-2.158226,1720,1.3513002395629885
W38078,single_batch,16Neu,2,16Neu,-9.758178,4.431583,1721,0.685089647769928
W38079,single_batch,3Ery,3,5Ery,-3.1726203,-3.4622772,1722,0.7168510556221008
W38080,single_batch,3Ery,8,3Ery,-2.8586173,-4.8623,1723,1.1883788108825684
W38081,single_batch,6Ery,3,5Ery,-4.593257,-3.3359077,1724,0.895376980304718
W38082,single_batch,6Ery,7,6Ery,-5.913623,-1.8642365,1725,0.9783845543861388
W38083,single_batch,7MEP,6,7MEP,-7.1168323,-0.34666285,1726,1.1704572439193726
W38084,single_batch,4Ery,8,3Ery,-2.995322,-4.54022,1727,0.9428529739379884
W38085,single_batch,16Neu,2,16Neu,-10.568478,4.653828,1728,0.8851646184921265
W38086,single_batch,2Ery,0,2Ery,-2.0320663,-3.4668198,1729,1.0375914573669434
W38087,single_batch,13Baso,4,13Baso,-11.027825,2.5505974,1730,1.0933887958526611
W38088,single_batch,10GMP,1,10GMP,-9.829802,1.2501352,1731,1.303899884223938
W38090,single_batch,3Ery,8,3Ery,-2.8765192,-3.8505356,1732,0.6109156012535095
W38091,single_batch,3Ery,8,3Ery,-2.1772468,-4.89338,1733,1.3222105503082275
W38092,single_batch,10GMP,1,10GMP,-9.460702,1.7685754,1734,0.8640741109848022
W38093,single_batch,6Ery,7,6Ery,-5.9046993,-1.3080366,1735,2.6556639671325684
W38094,single_batch,14Mo,1,10GMP,-9.642481,2.2150931,1736,1.2079880237579346
W38095,single_batch,15Mo,4,13Baso,-11.444078,4.3203406,1737,1.387305498123169
W38096,single_batch,7MEP,6,7MEP,-7.562255,-0.57856613,1738,1.1038968563079834
W38097,single_batch,13Baso,1,10GMP,-9.884525,1.0121771,1739,3.659777164459229
W38098,single_batch,14Mo,5,14Mo,-11.953188,2.511184,1740,0.5602478981018066
W38100,single_batch,14Mo,4,13Baso,-12.0526905,2.843566,1741,0.7299610376358032
W38101,single_batch,14Mo,5,14Mo,-11.616811,2.1330225,1742,0.5868245959281921
W38102,single_batch,2Ery,0,2Ery,-2.4050689,-3.068945,1743,0.9078474044799804
W38103,single_batch,16Neu,2,16Neu,-9.659091,3.9486635,1744,0.6928947567939758
W38104,single_batch,7MEP,6,7MEP,-7.5247574,-0.4152727,1745,1.042571187019348
W38105,single_batch,14Mo,4,13Baso,-11.836825,2.6911151,1746,0.6105120182037354
W38106,single_batch,10GMP,4,13Baso,-11.69674,3.2136273,1747,1.5897603034973145
W38107,single_batch,14Mo,4,13Baso,-12.028975,3.6935601,1748,0.8085527420043945
W38108,single_batch,6Ery,7,6Ery,-5.4410543,-2.089891,1749,0.7947211265563965
W38109,single_batch,14Mo,4,13Baso,-12.084681,3.9143002,1750,1.261265993118286
W38110,single_batch,16Neu,2,16Neu,-9.628082,4.839792,1751,0.8817536234855652
W38111,single_batch,2Ery,8,3Ery,-2.4571302,-4.380211,1752,0.7388627529144287
W38112,single_batch,10GMP,5,14Mo,-10.951837,1.7945172,1753,0.9334539175033568
W38113,single_batch,16Neu,2,16Neu,-9.173561,4.2255473,1754,1.082641363143921
W38114,single_batch,14Mo,1,10GMP,-9.820356,0.6541914,1755,0.988103210926056
W38115,single_batch,14Mo,4,13Baso,-11.067559,2.5575442,1756,0.9995046257972716
W38116,single_batch,5Ery,3,5Ery,-4.8983254,-2.5132153,1757,0.5756332278251648
W38117,single_batch,12Baso,1,10GMP,-8.722729,1.5719665,1758,0.8731927871704102
W38118,single_batch,4Ery,8,3Ery,-3.2359636,-4.0258236,1759,0.5575579404830933
W38119,single_batch,3Ery,8,3Ery,-2.00166,-4.796496,1760,0.8094273209571838
W38121,single_batch,13Baso,4,13Baso,-11.092265,3.62178,1761,1.4430263042449951
W38123,single_batch,2Ery,0,2Ery,-2.0370035,-3.366978,1762,1.0613245964050293
W38124,single_batch,4Ery,3,5Ery,-3.626236,-2.9987922,1763,0.704602837562561
W38125,single_batch,4Ery,3,5Ery,-4.597418,-2.7379913,1764,0.6041198968887329
W38126,single_batch,3Ery,3,5Ery,-4.3192987,-2.6260655,1765,0.5392128229141235
W38127,single_batch,3Ery,3,5Ery,-4.100451,-3.1921878,1766,0.5980902314186096
W38128,single_batch,13Baso,4,13Baso,-11.231546,3.119231,1767,0.8065225481987
W38129,single_batch,12Baso,6,7MEP,-7.7720532,-0.016355222,1768,1.440115451812744
W38130,single_batch,14Mo,5,14Mo,-11.399065,2.5709784,1769,0.7103041410446167
W38131,single_batch,16Neu,2,16Neu,-9.526503,4.7848372,1770,1.39988112449646
W38132,single_batch,3Ery,3,5Ery,-4.4563794,-3.263628,1771,0.5989468097686768
W38133,single_batch,5Ery,3,5Ery,-4.505473,-2.6936255,1772,0.8129603862762451
W38134,single_batch,6Ery,7,6Ery,-6.4907603,-0.96882516,1773,1.276547908782959
W38135,single_batch,7MEP,6,7MEP,-7.3434463,0.0813234,1774,1.2820438146591189
W38136,single_batch,4Ery,8,3Ery,-2.8238683,-4.5326567,1775,0.6643420457839966
W38137,single_batch,4Ery,8,3Ery,-3.4610012,-3.7813613,1776,0.6370574831962585
W38138,single_batch,5Ery,3,5Ery,-3.8696446,-3.0927544,1777,0.5927936434745789
W38140,single_batch,14Mo,5,14Mo,-11.606834,2.376802,1778,0.6115484833717346
W38141,single_batch,14Mo,4,13Baso,-10.915338,2.4469218,1779,0.7405096292495728
W38142,single_batch,2Ery,0,2Ery,-2.8999155,-2.0570471,1780,0.7331740856170654
W38143,single_batch,12Baso,6,7MEP,-7.469864,0.5724308,1781,0.92219078540802
W38144,single_batch,3Ery,8,3Ery,-2.068,-4.7096496,1782,0.9438371062278748
W38145,single_batch,5Ery,3,5Ery,-3.3323877,-2.3930533,1783,0.6440572738647461
W38146,single_batch,2Ery,0,2Ery,-3.0025976,-2.1804752,1784,1.0346457958221436
W38147,single_batch,2Ery,0,2Ery,-2.2482746,-1.5205718,1785,0.7338980436325073
W38148,single_batch,16Neu,2,16Neu,-9.291631,4.1452236,1786,0.930609941482544
W38149,single_batch,7MEP,6,7MEP,-7.802633,0.1463587,1787,1.0161727666854858
W38150,single_batch,5Ery,7,6Ery,-5.163824,-1.254598,1788,0.5586118698120117
W38151,single_batch,2Ery,0,2Ery,-2.9649963,-1.6049441,1789,1.0361573696136477
W38152,single_batch,7MEP,6,7MEP,-7.1751266,-0.2706135,1790,0.9616864919662476
W38153,single_batch,3Ery,7,6Ery,-4.535321,-3.4325135,1791,1.023190140724182
W38154,single_batch,4Ery,3,5Ery,-4.037377,-2.8471274,1792,0.6991411447525024
W38155,single_batch,2Ery,0,2Ery,-1.9708781,-3.459386,1793,0.8502010107040405
W38156,single_batch,5Ery,3,5Ery,-4.6234756,-2.3969882,1794,0.5034271478652954
W38157,single_batch,10GMP,1,10GMP,-9.194631,0.58441836,1795,0.9190986156463624
W38158,single_batch,1Ery,0,2Ery,-1.8387971,-2.1251206,1796,1.517688870429993
W38159,single_batch,10GMP,1,10GMP,-9.043007,0.5871087,1797,1.004410743713379
W38160,single_batch,11DC,10,11DC,-13.245087,-0.65637344,1798,2.7919390201568604
W38161,single_batch,16Neu,5,14Mo,-12.214713,2.4565144,1799,0.8513001203536987
W38162,single_batch,2Ery,3,5Ery,-3.4835021,-3.4182954,1800,0.5795148015022278
W38163,single_batch,2Ery,0,2Ery,-2.687491,-3.1783679,1801,0.6248425841331482
W38164,single_batch,2Ery,0,2Ery,-2.6537287,-1.2995126,1802,1.0738046169281006
W38165,single_batch,5Ery,7,6Ery,-5.975038,-1.0491488,1803,0.9680646061897278
W38166,single_batch,5Ery,3,5Ery,-4.722552,-2.4556441,1804,0.5784777402877808
W38167,single_batch,14Mo,5,14Mo,-11.999056,1.8755542,1805,0.6453979015350342
W38168,single_batch,14Mo,4,13Baso,-11.760994,3.551029,1806,0.7779569029808044
W38169,single_batch,16Neu,2,16Neu,-10.472856,4.769542,1807,0.8831814527511597
W38170,single_batch,10GMP,9,8Mk,-8.390285,-1.073511,1808,1.3257150650024414
W38171,single_batch,14Mo,4,13Baso,-12.304101,2.8964174,1809,0.6164687871932983
W38172,single_batch,14Mo,4,13Baso,-11.19765,3.161942,1810,0.5761731863021851
W38173,single_batch,4Ery,3,5Ery,-4.0294476,-2.236684,1811,0.5474773645401001
W38175,single_batch,2Ery,0,2Ery,-1.8547456,-2.8069832,1812,0.8813836574554443
W38176,single_batch,6Ery,3,5Ery,-3.8534942,-3.6376848,1813,0.7953312993049622
W38177,single_batch,2Ery,0,2Ery,-2.6864932,-2.6328576,1814,1.2269304990768433
W38178,single_batch,19Lymph,11,19Lymph,-10.625612,-4.0257506,1815,2.4471194744110107
W38180,single_batch,16Neu,2,16Neu,-9.952063,4.209079,1816,0.5877180695533752
W38181,single_batch,1Ery,3,5Ery,-3.1155276,-1.4642354,1817,0.7442643046379089
W38182,single_batch,13Baso,5,14Mo,-10.751367,1.6056455,1818,0.8347166776657104
W38183,single_batch,3Ery,8,3Ery,-2.5052211,-4.27379,1819,0.5587858557701111
W38184,single_batch,15Mo,4,13Baso,-11.322955,3.9924345,1820,0.788823127746582
W38185,single_batch,3Ery,3,5Ery,-3.3113601,-3.2743952,1821,0.9030654430389404
W38186,single_batch,5Ery,3,5Ery,-3.3245628,-2.731198,1822,0.61228346824646
W38187,single_batch,2Ery,0,2Ery,-2.7475004,-2.6830559,1823,0.6429687142372131
W38188,single_batch,2Ery,0,2Ery,-2.7912493,-1.4319967,1824,0.9869186282157898
W38189,single_batch,16Neu,2,16Neu,-9.381139,4.804349,1825,1.1657495498657229
W38190,single_batch,4Ery,3,5Ery,-3.5386791,-3.2765632,1826,0.5827715992927551
W38191,single_batch,12Baso,1,10GMP,-8.487169,1.4979246,1827,0.9247938394546508
W38192,single_batch,3Ery,8,3Ery,-2.823164,-3.2765777,1828,1.0823440551757812
W38193,single_batch,12Baso,7,6Ery,-7.438553,-1.139311,1829,0.9785934686660768
W38194,single_batch,14Mo,2,16Neu,-11.963384,3.416275,1830,0.6714131236076355
W38195,single_batch,15Mo,2,16Neu,-10.409779,3.7660558,1831,0.6980082988739014
W38196,single_batch,14Mo,5,14Mo,-11.205615,1.8500518,1832,0.8106935024261475
W38197,single_batch,10GMP,1,10GMP,-10.273699,1.4697108,1833,0.8551228046417236
W38198,single_batch,6Ery,7,6Ery,-5.612472,-1.9785335,1834,0.667098879814148
W38199,single_batch,12Baso,1,10GMP,-8.767613,1.72453,1835,1.2672970294952393
W38200,single_batch,2Ery,0,2Ery,-2.3626244,-3.3141222,1836,0.8946677446365356
W38201,single_batch,3Ery,8,3Ery,-2.310957,-4.084553,1837,0.6810318231582642
W38202,single_batch,4Ery,3,5Ery,-4.022128,-2.3744335,1838,0.623373806476593
W38203,single_batch,7MEP,6,7MEP,-7.534967,-0.2008016,1839,0.9280357956886292
W38204,single_batch,4Ery,0,2Ery,-2.8227327,-3.1476,1840,0.7466917634010315
W38205,single_batch,15Mo,4,13Baso,-11.352212,4.3072977,1841,1.000970482826233
W38206,single_batch,2Ery,0,2Ery,-1.9532177,-3.7075086,1842,0.7935630083084106
W38207,single_batch,7MEP,6,7MEP,-7.842001,0.67250586,1843,3.154568672180176
W38208,single_batch,14Mo,2,16Neu,-10.413213,3.635677,1844,0.9905587434768676
W38209,single_batch,3Ery,8,3Ery,-2.8147376,-4.542969,1845,0.7059169411659241
W38210,single_batch,13Baso,4,13Baso,-11.994686,3.6514747,1846,0.8732389211654663
W38211,single_batch,3Ery,8,3Ery,-1.9858676,-4.381916,1847,0.9620825052261353
W38212,single_batch,15Mo,2,16Neu,-10.3803625,3.7836206,1848,0.8719666004180908
W38213,single_batch,15Mo,2,16Neu,-10.693853,4.579163,1849,1.1001256704330444
W38214,single_batch,13Baso,4,13Baso,-12.187219,3.9718728,1850,1.7210291624069214
W38215,single_batch,14Mo,4,13Baso,-11.515276,3.6993623,1851,0.9258428812026978
W38217,single_batch,4Ery,0,2Ery,-1.7625746,-4.227318,1852,1.5327579975128174
W38218,single_batch,14Mo,4,13Baso,-11.974979,3.8937354,1853,0.9748721718788148
W38219,single_batch,6Ery,7,6Ery,-6.0022173,-1.3675803,1854,0.8862243890762329
W38220,single_batch,3Ery,8,3Ery,-2.7934022,-4.8852806,1855,0.9232293367385864
W38221,single_batch,14Mo,4,13Baso,-11.575942,3.5901337,1856,0.6948649883270264
W38222,single_batch,8Mk,7,6Ery,-7.620027,-1.5174923,1857,1.2633227109909058
W38223,single_batch,8Mk,9,8Mk,-8.31082,-1.0023525,1858,1.816440463066101
W38224,single_batch,7MEP,6,7MEP,-7.161368,0.14241649,1859,1.594250202178955
W38225,single_batch,15Mo,2,16Neu,-10.673557,4.7686377,1860,1.311558961868286
W38226,single_batch,15Mo,2,16Neu,-9.827616,3.9474604,1861,1.1816221475601196
W38227,single_batch,13Baso,4,13Baso,-10.886848,2.4228287,1862,0.9200812578201294
W38228,single_batch,16Neu,2,16Neu,-10.500971,4.809183,1863,1.1944149732589722
W38229,single_batch,6Ery,7,6Ery,-6.8721375,-0.74028885,1864,0.9321990609169006
W38230,single_batch,3Ery,0,2Ery,-1.6826959,-3.8267379,1865,1.1564443111419678
W38231,single_batch,2Ery,0,2Ery,-2.3463063,-3.1704237,1866,1.0080080032348633
W38232,single_batch,13Baso,4,13Baso,-10.606607,2.9420404,1867,0.9563581943511964
W38233,single_batch,3Ery,8,3Ery,-2.317873,-4.1294956,1868,0.8045144081115723
W38234,single_batch,3Ery,8,3Ery,-2.3851595,-4.4231052,1869,0.5926117300987244
W38235,single_batch,13Baso,4,13Baso,-12.2530775,3.8598256,1870,1.2040245532989502
W38236,single_batch,11DC,10,11DC,-13.226795,-0.63565814,1871,3.659777164459229
W38237,single_batch,10GMP,1,10GMP,-10.3231945,1.3619976,1872,0.8930225372314453
W38238,single_batch,4Ery,8,3Ery,-3.1365387,-4.115023,1873,0.7305045127868652
W38239,single_batch,2Ery,0,2Ery,-2.2434638,-2.5679274,1874,0.6371259689331055
W38240,single_batch,7MEP,7,6Ery,-6.2576475,-1.5451119,1875,1.2770764827728271
W38241,single_batch,7MEP,6,7MEP,-7.5246716,0.10606188,1876,1.0541318655014038
W38242,single_batch,6Ery,3,5Ery,-3.258381,-3.0571442,1877,0.8361775875091553
W38243,single_batch,3Ery,8,3Ery,-3.261476,-3.6649194,1878,0.912329077720642
W38244,single_batch,16Neu,2,16Neu,-10.105841,4.180885,1879,0.6763732433319092
W38245,single_batch,7MEP,6,7MEP,-7.6428514,-0.091912605,1880,0.8175721168518066
W38246,single_batch,14Mo,4,13Baso,-10.793776,2.9806376,1881,0.675408661365509
W38247,single_batch,3Ery,8,3Ery,-2.7313242,-4.9772506,1882,2.1852617263793945
W38248,single_batch,6Ery,3,5Ery,-3.6591065,-3.5087764,1883,0.7593179941177368
W38249,single_batch,9GMP,1,10GMP,-10.230865,1.7614099,1884,1.2310216426849363
W38250,single_batch,12Baso,1,10GMP,-8.792206,1.6731943,1885,1.0555548667907717
W38251,single_batch,3Ery,8,3Ery,-2.171718,-4.4010468,1886,0.6285746693611145
W38252,single_batch,14Mo,4,13Baso,-12.174316,2.8113072,1887,0.9064805507659912
W38253,single_batch,10GMP,1,10GMP,-9.833109,1.5292276,1888,0.7289302349090576
W38254,single_batch,4Ery,3,5Ery,-3.5777662,-3.2335627,1889,0.6741344332695007
W38255,single_batch,7MEP,7,6Ery,-6.281186,-1.5761242,1890,1.2763969898223877
W38256,single_batch,6Ery,7,6Ery,-5.370522,-2.3741455,1891,0.9417976140975952
W38257,single_batch,14Mo,4,13Baso,-10.804764,2.6128905,1892,0.6567381620407104
W38258,single_batch,14Mo,4,13Baso,-12.01418,2.911718,1893,0.7369235754013062
W38259,single_batch,4Ery,0,2Ery,-2.6660566,-2.9613407,1894,0.6668979525566101
W38260,single_batch,3Ery,0,2Ery,-1.9991821,-3.3593385,1895,0.908200740814209
W38261,single_batch,3Ery,3,5Ery,-3.6051068,-3.5128214,1896,0.9584559202194214
W38262,single_batch,2Ery,0,2Ery,-2.5305955,-3.2216365,1897,0.6487895250320435
W38263,single_batch,16Neu,2,16Neu,-10.637539,4.70663,1898,1.0156033039093018
W38264,single_batch,3Ery,8,3Ery,-1.886299,-4.562004,1899,0.808897852897644
W38266,single_batch,7MEP,6,7MEP,-6.9870706,-0.5855618,1900,1.0218722820281982
W38267,single_batch,18Eos,1,10GMP,-8.897273,1.9709047,1901,1.1474584341049194
W38268,single_batch,6Ery,7,6Ery,-4.993519,-3.0651598,1902,1.0148067474365234
W38269,single_batch,13Baso,4,13Baso,-12.2393465,3.6609838,1903,1.4788657426834106
W38270,single_batch,4Ery,3,5Ery,-4.240497,-3.1011155,1904,0.8251487612724304
W38271,single_batch,10GMP,1,10GMP,-9.777766,1.5752095,1905,0.779141366481781
W38272,single_batch,6Ery,8,3Ery,-3.921709,-4.17255,1906,1.5596657991409302
W38273,single_batch,2Ery,3,5Ery,-3.4339654,-2.7313051,1907,0.6876276731491089
W38274,single_batch,12Baso,6,7MEP,-7.938934,-0.11544721,1908,1.2415311336517334
W38275,single_batch,1Ery,0,2Ery,-2.1852496,-1.8470279,1909,0.9107499718666076
W38276,single_batch,4Ery,7,6Ery,-5.012092,-2.5387728,1910,0.8039870858192444
W38277,single_batch,13Baso,5,14Mo,-11.018863,2.320962,1911,1.0497676134109497
W38278,single_batch,14Mo,2,16Neu,-10.654635,3.5119917,1912,0.8978224992752075
W38279,single_batch,14Mo,2,16Neu,-10.245035,3.4966733,1913,1.0443395376205444
W38280,single_batch,13Baso,4,13Baso,-10.48813,2.6717608,1914,1.1555315256118774
W38282,single_batch,3Ery,8,3Ery,-2.8740742,-4.026989,1915,0.7600671052932739
W38283,single_batch,3Ery,0,2Ery,-1.8060184,-3.6739182,1916,1.3498560190200806
W38284,single_batch,16Neu,2,16Neu,-9.845011,4.3417907,1917,0.6104975938796997
W38285,single_batch,15Mo,2,16Neu,-10.323577,4.2427855,1918,0.9961673021316528
W38286,single_batch,14Mo,5,14Mo,-10.520315,2.0860462,1919,0.6692814826965332
W38287,single_batch,3Ery,8,3Ery,-3.2163413,-4.4375434,1920,0.7885348796844482
W38288,single_batch,6Ery,7,6Ery,-5.679542,-1.9164054,1921,0.8303987979888916
W38289,single_batch,2Ery,0,2Ery,-2.8622642,-3.0640724,1922,0.5420488119125366
W38290,single_batch,10GMP,4,13Baso,-10.838058,2.2007675,1923,0.890687108039856
W38291,single_batch,14Mo,2,16Neu,-10.440653,3.3270452,1924,0.9439867734909058
W38292,single_batch,5Ery,7,6Ery,-5.3045163,-2.3808124,1925,0.706986665725708
W38293,single_batch,4Ery,3,5Ery,-3.4972072,-3.1180577,1926,0.7689604163169861
W38294,single_batch,15Mo,2,16Neu,-10.872261,4.3796396,1927,1.0335105657577517
W38295,single_batch,13Baso,5,14Mo,-12.29649,2.4813962,1928,1.214491605758667
W38296,single_batch,15Mo,5,14Mo,-12.187676,2.4438584,1929,1.09052312374115
W38297,single_batch,13Baso,5,14Mo,-11.06704,1.824936,1930,0.7074925899505615
W38298,single_batch,14Mo,5,14Mo,-11.136047,2.3398116,1931,0.5911663770675659
W38299,single_batch,12Baso,1,10GMP,-8.184382,1.2912579,1932,1.3723342418670654
W38300,single_batch,16Neu,2,16Neu,-9.687384,3.9827116,1933,0.638523519039154
W38301,single_batch,13Baso,1,10GMP,-9.219676,0.413644,1934,0.8472217321395874
W38302,single_batch,6Ery,3,5Ery,-3.4084687,-2.802521,1935,0.7395653128623962
W38303,single_batch,15Mo,2,16Neu,-9.898989,3.6400206,1936,0.9680565595626832
W38304,single_batch,4Ery,3,5Ery,-3.1734252,-3.5115151,1937,0.7954893112182617
W38305,single_batch,14Mo,2,16Neu,-10.1831455,3.0568469,1938,1.290276288986206
W38306,single_batch,13Baso,1,10GMP,-10.087976,1.3357931,1939,0.861340343952179
W38307,single_batch,15Mo,2,16Neu,-10.289436,4.1270294,1940,0.7915872931480408
W38308,single_batch,3Ery,3,5Ery,-3.3757937,-3.2345686,1941,0.6244456171989441
W38309,single_batch,10GMP,1,10GMP,-8.197104,-0.48260024,1942,0.9508382081985474
W38310,single_batch,13Baso,1,10GMP,-10.335885,1.4803078,1943,0.8358766436576843
W38311,single_batch,4Ery,0,2Ery,-2.6499782,-3.5524387,1944,0.7873444557189941
W38313,single_batch,8Mk,1,10GMP,-8.313117,-0.28922552,1945,1.0989696979522705
W38314,single_batch,3Ery,3,5Ery,-3.6472023,-2.9091249,1946,0.5488191843032837
W38315,single_batch,14Mo,5,14Mo,-11.141603,1.2489152,1947,0.6449403762817383
W38316,single_batch,15Mo,5,14Mo,-11.497402,1.3594922,1948,1.8733954429626465
W38318,single_batch,16Neu,2,16Neu,-9.6562195,3.9931028,1949,1.3512358665466309
W38319,single_batch,15Mo,2,16Neu,-10.696747,3.2571988,1950,0.8668776750564575
W38320,single_batch,9GMP,1,10GMP,-10.297087,2.3287036,1951,1.1234424114227295
W38321,single_batch,16Neu,2,16Neu,-9.2114725,4.6573577,1952,1.5784783363342283
W38322,single_batch,12Baso,1,10GMP,-8.595166,1.489,1953,0.9000920057296753
W38323,single_batch,10GMP,6,7MEP,-7.9829,0.11391387,1954,1.548208236694336
W38324,single_batch,14Mo,2,16Neu,-10.009377,3.078588,1955,1.0025917291641235
W38326,single_batch,14Mo,4,13Baso,-12.302758,2.70911,1956,1.0482097864151
W38327,single_batch,14Mo,5,14Mo,-11.974903,2.384717,1957,0.6358538866043091
W38328,single_batch,7MEP,7,6Ery,-6.189345,-1.4873048,1958,1.3041749000549316
W38329,single_batch,15Mo,4,13Baso,-12.437368,2.7744088,1959,1.2061760425567627
W38330,single_batch,17Neu,1,10GMP,-8.318019,1.4421431,1960,1.67592191696167
W38331,single_batch,2Ery,0,2Ery,-1.8720766,-3.32183,1961,0.7064157724380493
W38332,single_batch,14Mo,2,16Neu,-10.10316,3.6637957,1962,0.9978258609771729
W38333,single_batch,14Mo,1,10GMP,-10.171587,1.7435758,1963,0.8138278722763062
W38334,single_batch,4Ery,8,3Ery,-2.876841,-4.7803273,1964,0.6685659289360046
W38335,single_batch,6Ery,7,6Ery,-5.848258,-1.6150317,1965,0.7124100923538208
W38336,single_batch,15Mo,2,16Neu,-10.665074,4.8032594,1966,1.1171518564224243
W38337,single_batch,2Ery,0,2Ery,-2.8282304,-2.0979187,1967,0.5927330255508423
W38338,single_batch,2Ery,3,5Ery,-3.5762367,-3.3883996,1968,0.6100143194198608
W38339,single_batch,5Ery,7,6Ery,-5.8049045,-1.0903797,1969,0.6102243065834045
W38340,single_batch,2Ery,3,5Ery,-3.446117,-2.2391672,1970,0.5784990191459656
W38341,single_batch,2Ery,0,2Ery,-3.1674047,-1.6446382,1971,0.7934534549713135
W38342,single_batch,14Mo,5,14Mo,-11.797378,1.950496,1972,0.6213401556015015
W38343,single_batch,2Ery,0,2Ery,-2.2945588,-2.8263788,1973,0.7266073226928711
W38344,single_batch,14Mo,5,14Mo,-10.785952,1.6945649,1974,0.7225608825683594
W38345,single_batch,15Mo,5,14Mo,-11.736502,1.8915712,1975,0.7215331792831421
W38346,single_batch,5Ery,3,5Ery,-4.29232,-2.7829704,1976,0.4958797097206116
W38347,single_batch,6Ery,7,6Ery,-6.49062,-0.70407665,1977,1.325223445892334
W38348,single_batch,13Baso,1,10GMP,-9.61319,0.7497434,1978,1.0344552993774414
W38349,single_batch,6Ery,6,7MEP,-7.0937366,-0.37645683,1979,0.8562577962875366
W38350,single_batch,13Baso,5,14Mo,-11.19927,1.1516821,1980,0.9000070691108704
W38351,single_batch,5Ery,7,6Ery,-6.3068357,-1.0637625,1981,0.6886966228485107
W38352,single_batch,15Mo,4,13Baso,-12.162803,3.2842827,1982,0.7549489736557007
W38353,single_batch,3Ery,3,5Ery,-3.3804357,-3.0285723,1983,0.6662104725837708
W38354,single_batch,10GMP,1,10GMP,-9.194828,0.38299388,1984,0.820941686630249
W38355,single_batch,2Ery,3,5Ery,-3.520834,-1.4140087,1985,0.6327604651451111
W38356,single_batch,14Mo,5,14Mo,-11.809199,1.6584187,1986,0.6872979998588562
W38357,single_batch,2Ery,3,5Ery,-4.119927,-2.91489,1987,0.8159340620040894
W38358,single_batch,14Mo,1,10GMP,-9.261956,1.0859723,1988,0.841434121131897
W38359,single_batch,2Ery,0,2Ery,-2.6742094,-2.5031083,1989,0.6884288787841797
W38360,single_batch,2Ery,0,2Ery,-1.6782653,-3.10698,1990,0.8193951845169067
W38361,single_batch,2Ery,0,2Ery,-3.0095026,-2.2040653,1991,0.6237583756446838
W38362,single_batch,5Ery,3,5Ery,-3.8951156,-2.9021883,1992,0.5455118417739868
W38363,single_batch,14Mo,5,14Mo,-11.70432,2.31398,1993,0.604957640171051
W38364,single_batch,1Ery,0,2Ery,-2.521131,-1.5387111,1994,0.663131058216095
W38365,single_batch,5Ery,3,5Ery,-3.9705968,-3.130885,1995,0.8831934928894043
W38366,single_batch,4Ery,3,5Ery,-3.642879,-2.3085709,1996,0.6549898982048035
W38367,single_batch,2Ery,0,2Ery,-2.9776838,-2.2138453,1997,0.7594389915466309
W38368,single_batch,10GMP,1,10GMP,-9.639677,1.7989002,1998,0.83091801404953
W38369,single_batch,2Ery,3,5Ery,-4.0079484,-2.8738885,1999,0.5930873155593872
W38370,single_batch,2Ery,3,5Ery,-3.6122892,-1.6002874,2000,0.5153440237045288
W38372,single_batch,7MEP,6,7MEP,-7.0993743,0.110476546,2001,1.0993425846099854
W38373,single_batch,2Ery,0,2Ery,-2.3368552,-1.571725,2002,0.6845932006835938
W38374,single_batch,7MEP,6,7MEP,-7.471613,0.34847102,2003,1.428351640701294
W38375,single_batch,1Ery,0,2Ery,-1.9831784,-1.930945,2004,1.5664702653884888
W38376,single_batch,7MEP,6,7MEP,-7.4102564,-1.1117228,2005,1.0464882850646973
W38377,single_batch,9GMP,1,10GMP,-9.253317,0.49124432,2006,0.8473237156867981
W38379,single_batch,2Ery,3,5Ery,-3.521475,-1.8898164,2007,0.6402283906936646
W38380,single_batch,17Neu,6,7MEP,-8.011441,0.73431367,2008,1.42430579662323
W38381,single_batch,14Mo,5,14Mo,-11.527487,1.4904411,2009,0.9557996988296508
W38382,single_batch,14Mo,4,13Baso,-12.372236,2.6099024,2010,0.965158224105835
W38383,single_batch,13Baso,4,13Baso,-11.488415,3.0315833,2011,0.6777116060256958
W38384,single_batch,7MEP,6,7MEP,-7.6687284,-0.005053919,2012,0.8671947121620178
W38385,single_batch,16Neu,2,16Neu,-9.348936,4.0046573,2013,0.8283388614654541
W38386,single_batch,2Ery,3,5Ery,-3.2770598,-2.2828188,2014,0.5815267562866211
W38387,single_batch,2Ery,0,2Ery,-3.1456816,-1.8335309,2015,0.9394127726554872
W38388,single_batch,7MEP,6,7MEP,-7.225501,0.0015048835,2016,0.8718963265419006
W38389,single_batch,6Ery,7,6Ery,-6.366695,-0.88067114,2017,1.1349183320999146
W38390,single_batch,14Mo,4,13Baso,-12.295121,2.6326363,2018,0.7936643362045288
W38391,single_batch,4Ery,8,3Ery,-3.031837,-4.0068307,2019,0.5977789163589478
W38392,single_batch,6Ery,6,7MEP,-6.8576465,-0.41089338,2020,3.659777164459229
W38393,single_batch,2Ery,0,2Ery,-1.8787618,-3.324135,2021,0.6627486944198608
W38394,single_batch,4Ery,8,3Ery,-2.9512303,-3.179014,2022,0.890055775642395
W38395,single_batch,1Ery,0,2Ery,-1.801067,-3.3586497,2023,0.897117018699646
W38396,single_batch,5Ery,7,6Ery,-5.4179344,-1.8521472,2024,0.5401033163070679
W38397,single_batch,19Lymph,11,19Lymph,-10.622244,-4.021189,2025,2.1775360107421875
W38398,single_batch,8Mk,9,8Mk,-8.62505,-0.56827265,2026,0.9689109921455384
W38399,single_batch,4Ery,3,5Ery,-4.1066637,-2.7373986,2027,0.5709172487258911
W38400,single_batch,6Ery,6,7MEP,-6.7453284,-0.5896836,2028,0.8271926641464233
W38401,single_batch,13Baso,4,13Baso,-12.318968,3.7517302,2029,1.2423288822174072
W38402,single_batch,6Ery,3,5Ery,-4.0938697,-3.7152781,2030,1.5417680740356443
W38403,single_batch,13Baso,4,13Baso,-12.32702,3.517213,2031,1.076653003692627
W38404,single_batch,7MEP,6,7MEP,-7.0562844,-0.59715587,2032,1.324442744255066
W38405,single_batch,3Ery,8,3Ery,-2.5825198,-5.0116553,2033,1.395922064781189
W38406,single_batch,3Ery,8,3Ery,-1.9708253,-4.8443694,2034,1.1309232711791992
W38407,single_batch,13Baso,4,13Baso,-11.609354,3.0436034,2035,0.6313798427581787
W38409,single_batch,3Ery,7,6Ery,-4.845424,-3.2522235,2036,1.2454208135604858
W38410,single_batch,15Mo,2,16Neu,-10.864097,4.4628315,2037,1.101207613945007
W38411,single_batch,14Mo,4,13Baso,-11.587659,4.030059,2038,0.7597929239273071
W38412,single_batch,6Ery,3,5Ery,-4.040216,-3.26928,2039,0.591244101524353
W38413,single_batch,10GMP,4,13Baso,-10.307361,1.8493041,2040,1.0505964756011963
W38414,single_batch,16Neu,2,16Neu,-10.083526,4.8333783,2041,1.2030630111694336
W38415,single_batch,4Ery,8,3Ery,-3.2956522,-4.0757813,2042,0.68254154920578
W38416,single_batch,14Mo,4,13Baso,-12.309438,3.548554,2043,0.9171394109725952
W38417,single_batch,14Mo,4,13Baso,-12.145282,3.996153,2044,1.511632204055786
W38418,single_batch,10GMP,1,10GMP,-9.569716,1.1979699,2045,1.1825865507125854
W38419,single_batch,3Ery,3,5Ery,-4.315318,-3.1923032,2046,0.7161412239074707
W38420,single_batch,10GMP,4,13Baso,-10.690278,2.370395,2047,1.2642697095870972
W38421,single_batch,14Mo,2,16Neu,-9.948795,3.4494746,2048,1.2811157703399658
W38422,single_batch,3Ery,8,3Ery,-2.811751,-4.9226594,2049,0.8944575190544128
W38423,single_batch,4Ery,0,2Ery,-2.2327232,-3.7531216,2050,0.6048704385757446
W38424,single_batch,19Lymph,11,19Lymph,-10.630608,-4.0295234,2051,2.882175207138061
W38425,single_batch,14Mo,5,14Mo,-10.457324,0.9864652,2052,1.3072164058685305
W38426,single_batch,3Ery,0,2Ery,-2.1438587,-2.7151291,2053,0.9126898646354676
W38427,single_batch,15Mo,2,16Neu,-10.265387,3.5255284,2054,0.833243727684021
W38428,single_batch,15Mo,2,16Neu,-10.306021,4.0385695,2055,0.87298583984375
W38429,single_batch,10GMP,4,13Baso,-10.590338,2.0469658,2056,0.7961751818656921
W38430,single_batch,15Mo,2,16Neu,-10.823406,4.6661563,2057,1.04675030708313
W38431,single_batch,15Mo,2,16Neu,-9.798679,3.2784286,2058,0.8522285223007202
W38433,single_batch,14Mo,4,13Baso,-11.92787,2.4517674,2059,0.6945734620094299
W38434,single_batch,13Baso,5,14Mo,-11.333141,1.0569557,2060,1.4212579727172852
W38435,single_batch,16Neu,2,16Neu,-9.314747,3.6362221,2061,0.725987434387207
W38436,single_batch,14Mo,1,10GMP,-9.48977,2.5849192,2062,0.9063162207603456
W38437,single_batch,4Ery,3,5Ery,-3.381762,-4.233243,2063,0.6189950704574585
W38438,single_batch,14Mo,2,16Neu,-9.455257,3.6040375,2064,0.7687195539474487
W38439,single_batch,9GMP,6,7MEP,-7.9726205,-0.56903875,2065,0.950249195098877
W38440,single_batch,3Ery,8,3Ery,-2.54638,-3.7689707,2066,0.7059744000434875
W38441,single_batch,14Mo,4,13Baso,-11.87276,2.5402634,2067,0.7028208374977112
W38443,single_batch,3Ery,0,2Ery,-2.758215,-3.6771553,2068,0.5777727365493774
W38444,single_batch,10GMP,1,10GMP,-9.966566,1.3676032,2069,0.9556973576545716
W38445,single_batch,16Neu,2,16Neu,-9.425689,3.9419084,2070,1.063406229019165
W38446,single_batch,16Neu,2,16Neu,-9.175404,4.453186,2071,0.8963284492492676
W38447,single_batch,13Baso,4,13Baso,-11.401207,2.5006595,2072,0.7486528158187866
W38448,single_batch,1Ery,0,2Ery,-1.4557015,-3.414615,2073,1.5862805843353271
W38449,single_batch,6Ery,6,7MEP,-7.288027,-0.26827425,2074,0.9049627780914308
W38450,single_batch,2Ery,3,5Ery,-3.695667,-1.1566533,2075,0.6970938444137573
W38451,single_batch,14Mo,1,10GMP,-9.509252,0.4689266,2076,1.1707913875579834
W38452,single_batch,2Ery,3,5Ery,-3.5333345,-1.7028385,2077,0.6146544814109802
W38453,single_batch,14Mo,2,16Neu,-9.29244,3.3892384,2078,0.7441087961196899
W38454,single_batch,5Ery,7,6Ery,-5.2161717,-1.1581659,2079,0.6897718906402588
W38455,single_batch,2Ery,0,2Ery,-3.0730953,-1.9647675,2080,0.6539079546928406
W38456,single_batch,9GMP,4,13Baso,-10.873184,2.878544,2081,1.3429406881332395
W38457,single_batch,13Baso,4,13Baso,-11.978036,2.7428627,2082,0.6598591208457947
W38458,single_batch,2Ery,3,5Ery,-3.4021335,-1.1331605,2083,0.7183548212051392
W38459,single_batch,3Ery,3,5Ery,-4.815984,-2.0544329,2084,0.8126401901245117
W38460,single_batch,16Neu,2,16Neu,-9.260193,3.7090757,2085,0.9807761907577516
W38461,single_batch,13Baso,1,10GMP,-9.652943,2.1094465,2086,0.6939191818237305
W38462,single_batch,14Mo,5,14Mo,-11.805267,1.5339822,2087,0.6497114896774292
W38463,single_batch,4Ery,3,5Ery,-4.0037684,-3.0779073,2088,0.844695508480072
W38464,single_batch,3Ery,8,3Ery,-2.8553145,-4.777362,2089,0.9437401294708252
W38465,single_batch,6Ery,3,5Ery,-6.919803,-1.6717242,2090,1.393898367881775
W38466,single_batch,7MEP,6,7MEP,-7.0069385,0.16090003,2091,1.0535638332366943
W38467,single_batch,10GMP,1,10GMP,-9.538601,0.5954637,2092,0.9480485916137696
W38468,single_batch,4Ery,3,5Ery,-3.802982,-1.4090574,2093,0.5538785457611084
W38469,single_batch,2Ery,3,5Ery,-3.5642416,-1.5818957,2094,0.9034970998764038
W38470,single_batch,16Neu,2,16Neu,-9.824189,4.511518,2095,0.6210519671440125
W38471,single_batch,12Baso,1,10GMP,-8.591818,1.6016845,2096,0.96350359916687
W38472,single_batch,19Lymph,11,19Lymph,-10.569236,-3.9662251,2097,2.996452808380127
W38474,single_batch,7MEP,6,7MEP,-7.1253653,-0.2786163,2098,0.8111616969108582
W38475,single_batch,13Baso,5,14Mo,-10.999542,1.2135155,2099,0.8781390190124512
W38477,single_batch,4Ery,3,5Ery,-3.9855342,-2.796924,2100,0.917721152305603
W38478,single_batch,7MEP,6,7MEP,-7.352213,0.29730982,2101,1.0196216106414795
W38480,single_batch,4Ery,3,5Ery,-3.618817,-3.2488086,2102,0.6021597981452942
W38481,single_batch,12Baso,1,10GMP,-8.3100395,1.3906312,2103,1.0439960956573486
W38482,single_batch,5Ery,7,6Ery,-6.205544,-1.0121424,2104,0.9365392923355104
W38483,single_batch,2Ery,3,5Ery,-3.7953944,-1.5769182,2105,0.6193776726722717
W38484,single_batch,2Ery,0,2Ery,-2.6650312,-1.2222306,2106,0.7495459914207458
W38485,single_batch,9GMP,1,10GMP,-9.222665,0.3329268,2107,0.8076561689376831
W38486,single_batch,1Ery,0,2Ery,-2.3648887,-1.3641346,2108,1.2973198890686035
W38487,single_batch,11DC,10,11DC,-13.176471,-0.5821754,2109,2.6980926990509038
W38488,single_batch,3Ery,0,2Ery,-2.5386214,-3.4866695,2110,0.6617406606674194
W38489,single_batch,14Mo,5,14Mo,-10.434084,0.91612643,2111,0.7571346163749695
W38491,single_batch,16Neu,2,16Neu,-9.472832,3.9330602,2112,0.9382368326187134
W38492,single_batch,2Ery,0,2Ery,-1.8069674,-3.3153303,2113,1.0915277004241943
W38493,single_batch,5Ery,3,5Ery,-4.115699,-3.1696045,2114,0.7910386323928833
W38494,single_batch,14Mo,2,16Neu,-9.945433,3.6004653,2115,0.5746362209320068
W38495,single_batch,15Mo,4,13Baso,-11.66165,3.3010354,2116,0.981508731842041
W38496,single_batch,9GMP,1,10GMP,-9.857893,2.2885923,2117,1.3991364240646362
W38497,single_batch,9GMP,1,10GMP,-8.998714,0.28555077,2118,1.0340521335601809
W38498,single_batch,14Mo,4,13Baso,-11.839806,2.8766668,2119,0.6442873477935791
W38500,single_batch,2Ery,0,2Ery,-2.5069504,-1.2943141,2120,0.6403789520263672
W38501,single_batch,4Ery,0,2Ery,-2.1080823,-3.495803,2121,0.5696154236793518
W38502,single_batch,5Ery,3,5Ery,-3.56453,-2.3814912,2122,0.563255786895752
W38503,single_batch,4Ery,3,5Ery,-3.3992214,-3.1125515,2123,0.6794334053993225
W38505,single_batch,3Ery,8,3Ery,-2.4999087,-4.3468437,2124,0.8155072927474976
W38506,single_batch,16Neu,2,16Neu,-9.2482395,4.379676,2125,0.8521097302436829
W38507,single_batch,2Ery,0,2Ery,-2.71309,-1.2413946,2126,0.719505786895752
W38509,single_batch,16Neu,2,16Neu,-9.325318,3.7563722,2127,0.8240036964416504
W38510,single_batch,2Ery,0,2Ery,-2.5084343,-1.3201587,2128,0.7304193377494812
W38512,single_batch,13Baso,4,13Baso,-10.646686,2.3609033,2129,1.0023629665374756
W38515,single_batch,2Ery,3,5Ery,-3.4607553,-1.3844833,2130,0.738335371017456
W38516,single_batch,6Ery,7,6Ery,-5.759154,-0.8849548,2131,1.1899280548095703
W38517,single_batch,6Ery,7,6Ery,-5.2836566,-1.2907726,2132,0.52362060546875
W38519,single_batch,14Mo,5,14Mo,-11.058215,1.1705681,2133,0.8091431856155396
W38521,single_batch,2Ery,3,5Ery,-3.4683027,-1.1090301,2134,0.646598756313324
W38522,single_batch,2Ery,0,2Ery,-3.1231334,-1.0549213,2135,1.0031654834747314
W38523,single_batch,8Mk,9,8Mk,-8.2432,-0.8842685,2136,1.083077907562256
W38524,single_batch,8Mk,9,8Mk,-8.430627,-1.2554849,2137,0.956295371055603
W38525,single_batch,14Mo,5,14Mo,-10.92905,0.96869814,2138,0.9315060377120972
W38526,single_batch,14Mo,5,14Mo,-11.693682,1.392717,2139,0.6316647529602051
W38527,single_batch,1Ery,0,2Ery,-2.4757128,-1.3944416,2140,0.7852393388748169
W38528,single_batch,4Ery,8,3Ery,-2.7355525,-4.2612314,2141,0.6813974380493164
W38529,single_batch,7MEP,6,7MEP,-7.140584,0.20718066,2142,0.8223781585693359
W38530,single_batch,16Neu,2,16Neu,-9.386947,3.7778351,2143,1.4276893138885498
W38531,single_batch,16Neu,2,16Neu,-9.217909,3.3049269,2144,0.8676732182502747
W38532,single_batch,14Mo,1,10GMP,-9.933532,0.75534165,2145,1.0179444551467896
W38533,single_batch,3Ery,3,5Ery,-3.5474892,-1.363973,2146,0.5168704390525818
W38534,single_batch,2Ery,3,5Ery,-3.1478596,-1.2660903,2147,0.9575543403625488
W38535,single_batch,16Neu,5,14Mo,-12.0391,1.6676679,2148,0.9393576383590698
W38536,single_batch,17Neu,1,10GMP,-8.367443,1.4989955,2149,1.9985759258270264
W38537,single_batch,6Ery,3,5Ery,-3.9225054,-1.459171,2150,0.6769139766693115
W38538,single_batch,2Ery,3,5Ery,-3.3187304,-1.3104434,2151,0.587507963180542
W38539,single_batch,14Mo,5,14Mo,-10.226438,0.75720644,2152,1.028484344482422
W38540,single_batch,16Neu,2,16Neu,-9.249821,3.3025467,2153,1.08660888671875
W38541,single_batch,7MEP,6,7MEP,-7.2178082,0.29796597,2154,0.8444021940231323
W38543,single_batch,2Ery,0,2Ery,-2.3568661,-3.3541086,2155,0.7802624702453613
W38544,single_batch,3Ery,8,3Ery,-2.1443462,-4.994615,2156,1.1864984035491943
W38545,single_batch,2Ery,7,6Ery,-5.0827403,-1.0640272,2157,1.0004898309707642
W38546,single_batch,6Ery,6,7MEP,-6.960359,0.20009981,2158,1.4482362270355225
W38547,single_batch,6Ery,7,6Ery,-6.4033966,-0.4887188,2159,1.011932373046875
W38548,single_batch,6Ery,6,7MEP,-6.7838535,-0.41437638,2160,1.0120728015899658
W38549,single_batch,10GMP,6,7MEP,-8.464262,0.11972727,2161,1.0988787412643433
W38550,single_batch,12Baso,6,7MEP,-7.1315637,-0.38669506,2162,0.976936101913452
W38551,single_batch,12Baso,6,7MEP,-8.265992,0.48608637,2163,1.2417227029800415
W38552,single_batch,4Ery,3,5Ery,-3.5522792,-3.6683245,2164,0.9118629097938538
W38553,single_batch,2Ery,3,5Ery,-3.4643004,-1.0959365,2165,0.6754393577575684
W38554,single_batch,4Ery,7,6Ery,-5.8802834,-0.84359646,2166,0.981961190700531
W38555,single_batch,2Ery,3,5Ery,-3.4560874,-1.0993489,2167,1.0351394414901731
W38556,single_batch,14Mo,5,14Mo,-11.497687,1.2187884,2168,1.1806533336639404
W38558,single_batch,3Ery,3,5Ery,-3.539968,-1.1664058,2169,0.6035611033439636
W38559,single_batch,6Ery,7,6Ery,-6.2993093,-0.98349327,2170,1.018048882484436
W38560,single_batch,3Ery,0,2Ery,-1.8525475,-3.8761694,2171,0.8364851474761963
W38561,single_batch,10GMP,6,7MEP,-8.144622,0.5587229,2172,1.8693814277648928
W38563,single_batch,2Ery,3,5Ery,-3.5880148,-1.2965958,2173,0.7980105876922607
W38564,single_batch,14Mo,1,10GMP,-10.072711,0.7561042,2174,1.1288974285125732
W38565,single_batch,16Neu,2,16Neu,-9.128773,3.7491152,2175,1.2119121551513672
W38567,single_batch,18Eos,1,10GMP,-9.375738,1.0698369,2176,1.3644320964813232
W38568,single_batch,13Baso,4,13Baso,-10.986651,2.658753,2177,1.0986862182617188
W38569,single_batch,6Ery,7,6Ery,-6.048982,-0.8320232,2178,1.359184980392456
W38570,single_batch,14Mo,5,14Mo,-11.870654,1.3891115,2179,0.8855092525482178
W38571,single_batch,13Baso,5,14Mo,-10.962517,1.2799034,2180,0.8171535730361938
W38572,single_batch,2Ery,3,5Ery,-3.759235,-1.315724,2181,0.7078743577003479
W38573,single_batch,2Ery,3,5Ery,-3.3907433,-1.1873772,2182,0.8353767991065979
W38575,single_batch,5Ery,7,6Ery,-6.2105675,-1.2039847,2183,1.2359224557876587
W38576,single_batch,10GMP,5,14Mo,-10.972646,2.2194788,2184,0.7802138924598694
W38577,single_batch,5Ery,3,5Ery,-3.8124607,-1.55844,2185,0.5210925936698914
W38578,single_batch,14Mo,5,14Mo,-11.07628,1.2346585,2186,0.9605192542076112
W38579,single_batch,13Baso,1,10GMP,-9.357462,0.4262412,2187,1.1107850074768066
W38580,single_batch,14Mo,1,10GMP,-9.584284,2.2114873,2188,0.7902281284332275
W38581,single_batch,16Neu,2,16Neu,-9.368154,3.773803,2189,0.6960017681121826
W38582,single_batch,2Ery,3,5Ery,-3.5563345,-1.3501974,2190,0.6580767631530762
W38583,single_batch,10GMP,9,8Mk,-8.429593,-1.2818117,2191,1.301137924194336
W38584,single_batch,4Ery,3,5Ery,-3.949345,-2.5505273,2192,0.6641412973403931
W38585,single_batch,16Neu,2,16Neu,-9.548694,4.554972,2193,0.6954423189163208
W38586,single_batch,6Ery,7,6Ery,-6.416591,-0.849244,2194,1.0597354173660278
W38587,single_batch,15Mo,2,16Neu,-9.589924,3.528096,2195,0.763442873954773
W38588,single_batch,14Mo,1,10GMP,-10.233082,2.7863736,2196,1.378185749053955
W38589,single_batch,12Baso,6,7MEP,-8.216482,0.85499716,2197,1.27534818649292
W38590,single_batch,7MEP,6,7MEP,-7.6290493,0.2337276,2198,0.9546064138412476
W38591,single_batch,10GMP,1,10GMP,-9.588728,1.3329296,2199,0.7687065005302429
W38592,single_batch,15Mo,5,14Mo,-11.948096,2.0192604,2200,0.8273844718933105
W38593,single_batch,3Ery,8,3Ery,-1.9871799,-4.903639,2201,2.319150686264038
W38594,single_batch,15Mo,2,16Neu,-10.478463,4.695213,2202,1.0208617448806765
W38595,single_batch,3Ery,8,3Ery,-1.9353399,-4.8248706,2203,1.298981785774231
W38596,single_batch,9GMP,1,10GMP,-9.620375,1.2039789,2204,0.7653676271438599
W38597,single_batch,2Ery,0,2Ery,-2.646862,-2.3593814,2205,0.8256361484527588
W38598,single_batch,7MEP,1,10GMP,-8.189017,-0.38966465,2206,1.270939588546753
W38599,single_batch,3Ery,0,2Ery,-2.721061,-3.2611778,2207,0.618491530418396
W38601,single_batch,13Baso,5,14Mo,-11.770304,2.3079627,2208,0.7099280953407288
W38602,single_batch,16Neu,2,16Neu,-9.717519,4.3907876,2209,0.6874384880065918
W38603,single_batch,13Baso,4,13Baso,-11.313853,2.4516907,2210,0.8215377926826477
W38604,single_batch,2Ery,0,2Ery,-1.774051,-4.0117345,2211,0.9551740884780884
W38605,single_batch,15Mo,2,16Neu,-10.074219,4.385788,2212,0.8475093841552734
W38606,single_batch,7MEP,6,7MEP,-7.4505515,-0.012728571,2213,1.1765663623809814
W38607,single_batch,6Ery,7,6Ery,-6.416172,-0.9241739,2214,1.034195899963379
W38608,single_batch,5Ery,3,5Ery,-4.20264,-2.7760017,2215,0.6233644485473633
W38609,single_batch,13Baso,4,13Baso,-11.946048,3.072507,2216,0.7171432971954346
W38610,single_batch,10GMP,1,10GMP,-10.374283,2.3395889,2217,0.659546971321106
W38611,single_batch,9GMP,1,10GMP,-9.353751,0.24957746,2218,1.2059801816940308
W38612,single_batch,13Baso,5,14Mo,-10.939643,1.4410143,2219,1.1180040836334229
W38613,single_batch,13Baso,4,13Baso,-11.449972,2.3812194,2220,1.3265233039855957
W38614,single_batch,12Baso,6,7MEP,-10.513257,-3.888829,2221,2.722236633300781
W38615,single_batch,5Ery,3,5Ery,-4.6381855,-1.882579,2222,0.5997931957244873
W38616,single_batch,13Baso,1,10GMP,-9.9403925,0.86125344,2223,0.886398196220398
W38617,single_batch,15Mo,2,16Neu,-10.239309,4.599255,2224,1.0171574354171753
W38618,single_batch,14Mo,4,13Baso,-11.979546,2.0875516,2225,0.7421447038650513
W38619,single_batch,10GMP,1,10GMP,-10.069843,1.2649721,2226,0.7128946185112
W38620,single_batch,15Mo,5,14Mo,-12.079926,1.7874471,2227,0.8513245582580566
W38622,single_batch,4Ery,3,5Ery,-4.3342266,-2.7090874,2228,0.6413539052009583
W38623,single_batch,5Ery,7,6Ery,-5.774043,-1.0802164,2229,1.2415790557861328
W38624,single_batch,8Mk,9,8Mk,-8.360847,-1.1841346,2230,1.158403992652893
W38625,single_batch,13Baso,4,13Baso,-11.772408,2.825644,2231,0.6870541572570801
W38626,single_batch,7MEP,6,7MEP,-7.0727396,-0.022003049,2232,1.3163093328475952
W38627,single_batch,14Mo,5,14Mo,-11.638464,1.0983536,2233,0.8965098261833191
W38628,single_batch,14Mo,5,14Mo,-11.896664,1.3581073,2234,0.986795961856842
W38629,single_batch,2Ery,0,2Ery,-3.0207386,-1.5413477,2235,1.217642903327942
W38630,single_batch,6Ery,6,7MEP,-7.0143414,0.10005505,2236,0.9848521947860718
W38631,single_batch,2Ery,0,2Ery,-2.2602746,-1.69883,2237,0.972881317138672
W38632,single_batch,13Baso,5,14Mo,-11.083183,1.6980263,2238,0.7653374671936035
W38633,single_batch,7MEP,6,7MEP,-7.750563,-0.54311645,2239,1.066316843032837
W38634,single_batch,16Neu,2,16Neu,-9.166934,4.2082543,2240,0.8538755774497986
W38636,single_batch,14Mo,5,14Mo,-11.714842,1.1529762,2241,1.282703161239624
W38637,single_batch,3Ery,7,6Ery,-5.250609,-1.1229297,2242,0.7692686915397644
W38638,single_batch,16Neu,2,16Neu,-9.230518,3.8745465,2243,0.6882470846176147
W38639,single_batch,19Lymph,6,7MEP,-8.308506,-0.123638414,2244,2.481974601745605
W38640,single_batch,10GMP,1,10GMP,-9.71124,1.2700646,2245,0.8335041403770447
W38643,single_batch,12Baso,1,10GMP,-8.212664,1.2133361,2246,1.3761742115020752
W38644,single_batch,10GMP,1,10GMP,-9.151017,0.4012048,2247,1.0045565366744995
W38645,single_batch,13Baso,5,14Mo,-11.166823,1.265637,2248,0.774024486541748
W38646,single_batch,1Ery,0,2Ery,-2.5830417,-1.2066756,2249,1.5851154327392578
W38647,single_batch,16Neu,2,16Neu,-9.243822,3.4412975,2250,0.9311931133270264
W38648,single_batch,6Ery,6,7MEP,-7.4944973,-0.05966072,2251,0.9111438393592834
W38649,single_batch,14Mo,4,13Baso,-11.388441,3.0424767,2252,0.6653507947921753
W38650,single_batch,2Ery,3,5Ery,-3.3362422,-1.0569243,2253,0.8010663986206055
W38651,single_batch,14Mo,5,14Mo,-11.060851,1.1985631,2254,0.7469168305397034
W38652,single_batch,10GMP,1,10GMP,-9.003039,0.26076376,2255,0.9267910718917848
W38653,single_batch,14Mo,1,10GMP,-10.0527115,0.71762496,2256,0.6924906373023987
W38654,single_batch,16Neu,2,16Neu,-9.203773,3.6043472,2257,1.123575210571289
W38655,single_batch,9GMP,6,7MEP,-7.951768,-0.23462492,2258,1.0218725204467771
W38656,single_batch,3Ery,7,6Ery,-5.422426,-1.8882297,2259,0.8378503322601318
W38657,single_batch,3Ery,8,3Ery,-2.2729821,-4.2507086,2260,0.7330820560455322
W38659,single_batch,14Mo,2,16Neu,-9.311466,3.3454206,2261,1.015379548072815
W38660,single_batch,2Ery,3,5Ery,-3.500864,-1.4201009,2262,0.8052380084991455
W38662,single_batch,12Baso,1,10GMP,-8.403377,1.0202047,2263,1.1305441856384275
W38663,single_batch,9GMP,1,10GMP,-9.479169,1.0408951,2264,1.0114972591400146
W38664,single_batch,1Ery,0,2Ery,-1.5359317,-2.6123269,2265,1.3472442626953125
W38666,single_batch,3Ery,3,5Ery,-3.36081,-3.1437187,2266,0.9413373470306396
W38668,single_batch,5Ery,3,5Ery,-3.6711154,-1.3938448,2267,0.5502508282661438
W38669,single_batch,2Ery,3,5Ery,-3.61937,-1.2760969,2268,0.6546715497970581
W38670,single_batch,8Mk,9,8Mk,-8.402172,-1.3324226,2269,1.5248819589614868
W38672,single_batch,2Ery,0,2Ery,-1.7586445,-3.2703032,2270,0.8774012327194214
W38673,single_batch,16Neu,2,16Neu,-9.584031,4.376421,2271,0.6941325068473816
W38674,single_batch,5Ery,3,5Ery,-4.4698534,-1.9353236,2272,0.6363232731819153
W38675,single_batch,10GMP,1,10GMP,-8.823076,1.2303722,2273,0.7939428687095642
W38676,single_batch,13Baso,5,14Mo,-11.5755825,2.4751418,2274,0.5672934055328369
W38677,single_batch,16Neu,2,16Neu,-9.233694,3.8467324,2275,0.785773754119873
W38678,single_batch,14Mo,5,14Mo,-11.569455,1.1410755,2276,2.43363618850708
W38679,single_batch,2Ery,3,5Ery,-3.421393,-1.3462684,2277,0.6953147649765015
W38680,single_batch,5Ery,3,5Ery,-3.9908702,-1.5393213,2278,0.5975106358528137
W38681,single_batch,15Mo,4,13Baso,-12.407554,2.8308794,2279,0.8842279314994812
W38682,single_batch,7MEP,6,7MEP,-7.406134,0.11778837,2280,1.0330222845077517
W38683,single_batch,15Mo,2,16Neu,-9.424672,3.7092597,2281,0.92067289352417
W38684,single_batch,5Ery,3,5Ery,-4.106516,-2.7527888,2282,0.598357081413269
W38685,single_batch,6Ery,7,6Ery,-5.497832,-2.2274616,2283,1.1414527893066406
W38686,single_batch,5Ery,7,6Ery,-5.6306953,-1.6046258,2284,0.7529178857803345
W38687,single_batch,2Ery,0,2Ery,-2.583745,-3.0329373,2285,0.6746722459793091
W38688,single_batch,3Ery,0,2Ery,-2.198028,-3.446312,2286,0.7678683996200562
W38689,single_batch,15Mo,2,16Neu,-9.607863,4.1773996,2287,1.051471710205078
W38690,single_batch,7MEP,6,7MEP,-7.2142196,-0.38124913,2288,0.8827817440032959
W38691,single_batch,3Ery,0,2Ery,-3.2040515,-3.866744,2289,0.5919216275215149
W38692,single_batch,15Mo,5,14Mo,-11.814275,1.987785,2290,0.6459943652153015
W38693,single_batch,16Neu,2,16Neu,-9.73262,4.788596,2291,0.7595816850662231
W38694,single_batch,6Ery,7,6Ery,-5.5844626,-2.0744026,2292,1.166820406913757
W38695,single_batch,7MEP,6,7MEP,-7.2097406,0.11007015,2293,1.538893222808838
W38697,single_batch,6Ery,7,6Ery,-5.457573,-2.3768914,2294,1.1633846759796145
W38698,single_batch,6Ery,7,6Ery,-6.2244034,-1.0934306,2295,0.8826788067817688
W38699,single_batch,10GMP,1,10GMP,-9.188885,0.38697612,2296,0.8329700231552124
W38700,single_batch,4Ery,3,5Ery,-3.9762568,-3.328403,2297,0.5922505259513855
W38701,single_batch,13Baso,5,14Mo,-11.446117,1.5013137,2298,0.6154147386550903
W38702,single_batch,14Mo,2,16Neu,-9.68303,3.4287744,2299,0.7839572429656982
W38703,single_batch,13Baso,4,13Baso,-10.600068,2.5930552,2300,0.5528494715690613
W38704,single_batch,3Ery,0,2Ery,-1.7963648,-4.2133403,2301,0.7027889490127563
W38705,single_batch,6Ery,7,6Ery,-5.8973722,-1.2623059,2302,1.1242941617965698
W38707,single_batch,8Mk,6,7MEP,-8.159365,-0.68491095,2303,1.322952389717102
W38709,single_batch,14Mo,5,14Mo,-11.402875,1.3390183,2304,0.7647790908813477
W38710,single_batch,2Ery,0,2Ery,-2.6072693,-1.2888961,2305,0.7322724461555481
W38711,single_batch,9GMP,1,10GMP,-9.256403,0.43141812,2306,1.3605451583862305
W38712,single_batch,6Ery,7,6Ery,-5.488268,-2.4465053,2307,1.3437548875808716
W38713,single_batch,15Mo,2,16Neu,-9.589052,3.3940957,2308,0.8975740671157837
W38714,single_batch,13Baso,5,14Mo,-10.845659,1.8203382,2309,0.7524693608283997
W38715,single_batch,3Ery,7,6Ery,-5.764135,-0.8746557,2310,0.9273284077644348
W38716,single_batch,16Neu,2,16Neu,-9.282276,3.870658,2311,0.7958464622497559
W38717,single_batch,2Ery,0,2Ery,-2.2018218,-1.545679,2312,1.234205722808838
W38718,single_batch,9GMP,1,10GMP,-9.595141,0.7483069,2313,1.13763427734375
W38719,single_batch,14Mo,2,16Neu,-9.890603,3.5745153,2314,0.9480191469192504
W38720,single_batch,3Ery,8,3Ery,-2.8095763,-4.7082973,2315,0.7456045746803284
W38721,single_batch,14Mo,5,14Mo,-11.978918,1.5372735,2316,0.7230076789855957
W38722,single_batch,14Mo,5,14Mo,-11.418619,1.1693888,2317,0.99075448513031
W38723,single_batch,16Neu,5,14Mo,-11.574081,1.0981542,2318,0.9845026731491088
W38724,single_batch,14Mo,5,14Mo,-11.48869,1.0670774,2319,0.7421755790710449
W38726,single_batch,9GMP,6,7MEP,-8.16543,-0.24949253,2320,1.17341947555542
W38727,single_batch,3Ery,0,2Ery,-4.040053,-3.1615744,2321,0.6386392116546631
W38728,single_batch,13Baso,4,13Baso,-12.265002,3.6170678,2322,1.2999902963638306
W38729,single_batch,10GMP,6,7MEP,-7.7672234,-0.5609167,2323,0.9603230357170104
W38730,single_batch,14Mo,1,10GMP,-9.492209,3.0231159,2324,0.736294150352478
W38732,single_batch,3Ery,6,7MEP,-6.529306,-0.50757366,2325,1.1946754455566406
W38733,single_batch,6Ery,7,6Ery,-6.338117,-0.81240094,2326,1.1415698528289795
W38734,single_batch,14Mo,5,14Mo,-11.020503,1.6278851,2327,0.6009224653244019
W38735,single_batch,4Ery,3,5Ery,-4.9437785,-1.7995166,2328,0.5348837971687317
W38736,single_batch,3Ery,0,2Ery,-1.8667374,-4.262018,2329,0.8352020978927612
W38737,single_batch,2Ery,3,5Ery,-3.3913407,-1.1147506,2330,0.9140485525131226
W38738,single_batch,2Ery,3,5Ery,-3.5001783,-1.1236931,2331,0.5673685073852539
W38739,single_batch,14Mo,5,14Mo,-10.868535,1.1642168,2332,0.7240867018699646
W38740,single_batch,2Ery,3,5Ery,-3.5442863,-1.4194866,2333,0.5847567319869995
W38741,single_batch,8Mk,6,7MEP,-7.6023855,-0.6225123,2334,1.6971280574798584
W38742,single_batch,10GMP,1,10GMP,-9.128399,1.1857947,2335,0.8734778165817261
W38744,single_batch,10GMP,1,10GMP,-9.289359,0.33930546,2336,0.9224807620048524
W38745,single_batch,14Mo,1,10GMP,-9.51128,2.2089982,2337,0.8513455390930176
W38747,single_batch,10GMP,1,10GMP,-8.746765,0.29516143,2338,1.3002960681915283
W38748,single_batch,16Neu,5,14Mo,-11.130198,1.0452573,2339,0.8457400798797607
W38750,single_batch,10GMP,5,14Mo,-10.838218,1.3360809,2340,0.8624271154403687
W38751,single_batch,10GMP,5,14Mo,-10.683942,1.7394238,2341,0.8204630017280579
W38752,single_batch,13Baso,4,13Baso,-11.862979,3.534497,2342,0.7851799726486206
W38753,single_batch,16Neu,2,16Neu,-9.225251,4.4823833,2343,0.7874197959899902
W38754,single_batch,2Ery,7,6Ery,-5.1571608,-1.1110591,2344,0.7719769477844238
W38755,single_batch,16Neu,2,16Neu,-9.260331,3.8504329,2345,1.3199983835220337
W38756,single_batch,2Ery,3,5Ery,-3.3520267,-1.1682117,2346,1.075958013534546
W38757,single_batch,14Mo,5,14Mo,-11.800679,1.2126462,2347,1.2725226879119873
W38758,single_batch,11DC,10,11DC,-13.208912,-0.6240687,2348,2.5927207469940186
W38759,single_batch,14Mo,2,16Neu,-9.515406,3.5415764,2349,1.4271154403686523
W38760,single_batch,11DC,10,11DC,-13.154918,-0.5672421,2350,2.793041467666626
W38761,single_batch,14Mo,1,10GMP,-9.948672,0.69276875,2351,1.3356268405914309
W38765,single_batch,13Baso,4,13Baso,-12.398757,2.3607056,2352,1.145302176475525
W38767,single_batch,2Ery,0,2Ery,-1.9376514,-3.1946619,2353,0.764811635017395
W38768,single_batch,2Ery,0,2Ery,-1.6926006,-3.7501905,2354,0.8222726583480835
W38769,single_batch,16Neu,2,16Neu,-9.427102,3.7699857,2355,1.1161737442016602
W38770,single_batch,2Ery,7,6Ery,-5.176255,-1.0128912,2356,0.9591221809387208
W38771,single_batch,2Ery,0,2Ery,-2.463744,-2.0953984,2357,0.6715373992919922
W38772,single_batch,14Mo,5,14Mo,-11.790254,1.2167914,2358,0.8125455975532532
W38773,single_batch,5Ery,3,5Ery,-3.8659656,-1.2683862,2359,0.5582417249679565
W38774,single_batch,2Ery,3,5Ery,-3.692232,-1.4913045,2360,0.6827948093414307
W38775,single_batch,7MEP,6,7MEP,-7.2734456,-0.0053305784,2361,1.3453885316848757
W38776,single_batch,9GMP,6,7MEP,-8.674878,0.08232344,2362,0.9995522499084472
W38777,single_batch,2Ery,0,2Ery,-2.7318053,-2.5254269,2363,0.6906977891921997
W38778,single_batch,10GMP,1,10GMP,-9.166348,0.3891194,2364,1.370302438735962
W38779,single_batch,7MEP,6,7MEP,-7.512785,-0.34434563,2365,0.9047248363494872
W38781,single_batch,6Ery,7,6Ery,-6.5361753,-1.2119777,2366,0.8557249307632446
W38782,single_batch,15Mo,4,13Baso,-12.030613,2.4189498,2367,1.1224749088287354
W38783,single_batch,5Ery,3,5Ery,-4.192376,-3.0339735,2368,0.6137139797210693
W38784,single_batch,5Ery,3,5Ery,-4.194778,-2.8377593,2369,1.051621675491333
W38785,single_batch,15Mo,2,16Neu,-9.968479,4.198636,2370,0.7468446493148804
W38786,single_batch,14Mo,5,14Mo,-10.615879,1.1797445,2371,0.756636917591095
W38788,single_batch,8Mk,9,8Mk,-8.404616,-1.1534078,2372,1.3136080503463743
W38789,single_batch,14Mo,4,13Baso,-11.967064,3.5905266,2373,0.7725892663002014
W38790,single_batch,15Mo,2,16Neu,-10.022116,4.060503,2374,0.71412593126297
W38791,single_batch,4Ery,6,7MEP,-6.152857,-0.5396495,2375,0.8206210136413574
W38793,single_batch,14Mo,4,13Baso,-10.810063,3.3811483,2376,0.8611615896224976
W38794,single_batch,13Baso,1,10GMP,-9.579873,0.38769612,2377,0.9449122548103333
W38795,single_batch,6Ery,7,6Ery,-6.711977,-0.93087393,2378,0.8549723029136658
W38796,single_batch,4Ery,8,3Ery,-2.814702,-4.198389,2379,0.7480441927909851
W38797,single_batch,13Baso,4,13Baso,-12.280483,3.2285655,2380,1.3514667749404907
W38798,single_batch,4Ery,3,5Ery,-3.4910674,-3.3714604,2381,0.8039133548736572
W38799,single_batch,9GMP,1,10GMP,-9.625577,1.0529324,2382,0.8260077834129333
W38800,single_batch,3Ery,8,3Ery,-2.721107,-3.6564941,2383,0.8323214054107666
W38801,single_batch,8Mk,9,8Mk,-8.374882,-1.202321,2384,1.4687206745147705
W38802,single_batch,8Mk,9,8Mk,-8.493728,-1.4165227,2385,1.989962220191956
W38803,single_batch,15Mo,2,16Neu,-10.146219,4.190285,2386,0.9819916486740112
W38804,single_batch,2Ery,0,2Ery,-2.325117,-2.2031024,2387,0.7808916568756104
W38805,single_batch,12Baso,1,10GMP,-8.403504,1.4602917,2388,0.977565348148346
W38806,single_batch,3Ery,8,3Ery,-3.3124568,-4.4201183,2389,1.3645780086517334
W38807,single_batch,15Mo,2,16Neu,-9.828903,4.832915,2390,0.9829776883125304
W38808,single_batch,15Mo,2,16Neu,-10.24929,4.697006,2391,0.9868518114089966
W38809,single_batch,9GMP,1,10GMP,-9.473932,0.7305567,2392,0.8965762853622437
W38810,single_batch,3Ery,8,3Ery,-2.1812243,-4.198035,2393,0.6347423791885376
W38811,single_batch,10GMP,1,10GMP,-9.751443,1.215951,2394,0.8546205759048462
W38812,single_batch,15Mo,2,16Neu,-9.594756,3.7769568,2395,1.1029449701309204
W38813,single_batch,16Neu,2,16Neu,-9.406353,4.321396,2396,0.7536799311637878
W38814,single_batch,4Ery,8,3Ery,-3.1302586,-4.4654546,2397,0.713390588760376
W38815,single_batch,3Ery,8,3Ery,-3.4703026,-4.303632,2398,1.3353004455566406
W38816,single_batch,14Mo,4,13Baso,-10.991335,3.2039192,2399,0.7956457138061523
W38818,single_batch,3Ery,8,3Ery,-2.7057872,-4.962988,2400,1.442490816116333
W38819,single_batch,16Neu,2,16Neu,-9.936503,4.9822836,2401,1.0169830322265625
W38820,single_batch,6Ery,7,6Ery,-6.1033626,-1.4024817,2402,1.0254807472229004
W38821,single_batch,5Ery,7,6Ery,-5.3823824,-2.03712,2403,0.7612528800964355
W38822,single_batch,13Baso,1,10GMP,-9.851563,2.1241562,2404,0.8362923860549927
W38823,single_batch,13Baso,4,13Baso,-11.453044,4.030878,2405,1.242150068283081
W38824,single_batch,11DC,10,11DC,-13.230787,-0.63902485,2406,2.646217107772827
W38825,single_batch,13Baso,4,13Baso,-11.875501,3.2125535,2407,0.7835458517074585
W38826,single_batch,8Mk,9,8Mk,-8.170102,-0.9958297,2408,1.268171310424805
W38827,single_batch,2Ery,0,2Ery,-2.791969,-2.8760986,2409,0.8854272365570068
W38828,single_batch,13Baso,5,14Mo,-11.2641945,1.779994,2410,0.8530986309051514
W38829,single_batch,13Baso,4,13Baso,-11.399874,4.030501,2411,1.0060617923736572
W38830,single_batch,8Mk,9,8Mk,-7.9599266,-1.3809237,2412,1.1883065700531006
W38831,single_batch,8Mk,9,8Mk,-8.367878,-1.1319959,2413,1.3026295900344849
W38832,single_batch,15Mo,2,16Neu,-10.492606,4.84866,2414,1.2999885082244873
W38833,single_batch,14Mo,5,14Mo,-11.228225,1.7472539,2415,0.6476438641548157
W38834,single_batch,14Mo,1,10GMP,-9.589621,1.0643625,2416,0.890433669090271
W38835,single_batch,19Lymph,11,19Lymph,-10.573415,-3.968776,2417,2.4704909324646
W38836,single_batch,6Ery,6,7MEP,-7.038248,-0.67409974,2418,0.9089633226394652
W38837,single_batch,5Ery,3,5Ery,-4.2275963,-2.4212646,2419,0.7357651591300964
W38838,single_batch,15Mo,2,16Neu,-9.772006,3.5276768,2420,0.9097558259963988
W38839,single_batch,7MEP,7,6Ery,-6.973674,-1.0687641,2421,1.5703924894332886
W38840,single_batch,15Mo,2,16Neu,-9.732994,3.7049868,2422,0.9836979508399964
W38841,single_batch,15Mo,2,16Neu,-10.720208,4.7521486,2423,1.034615397453308
W38843,single_batch,6Ery,7,6Ery,-4.592742,-3.1448905,2424,1.1780290603637695
W38845,single_batch,12Baso,1,10GMP,-9.175643,0.42768356,2425,1.2334537506103516
W38846,single_batch,2Ery,0,2Ery,-2.4161868,-2.6745775,2426,0.6801150441169739
W38847,single_batch,13Baso,4,13Baso,-12.079872,3.2758133,2427,1.280287742614746
W38848,single_batch,3Ery,6,7MEP,-6.8218746,0.4204489,2428,0.9470163583755492
W38849,single_batch,4Ery,8,3Ery,-2.6777894,-4.7323594,2429,0.838941216468811
W38850,single_batch,14Mo,5,14Mo,-10.289516,1.1483568,2430,0.910755455493927
W38851,single_batch,10GMP,1,10GMP,-9.587797,1.3082188,2431,0.7130014300346375
W38852,single_batch,16Neu,2,16Neu,-9.33672,4.4527855,2432,0.8040530681610107
W38853,single_batch,15Mo,2,16Neu,-9.884312,4.981068,2433,0.8825383186340332
W38854,single_batch,6Ery,6,7MEP,-7.1947117,-0.58214253,2434,0.9200339317321776
W38855,single_batch,13Baso,4,13Baso,-11.697158,3.0368226,2435,1.2156758308410645
W38856,single_batch,19Lymph,11,19Lymph,-10.62153,-4.021123,2436,2.4375338554382324
W38858,single_batch,15Mo,2,16Neu,-10.232286,4.6208463,2437,0.9824545383453368
W38859,single_batch,6Ery,7,6Ery,-7.0342813,-0.84237164,2438,0.7686331272125244
W38860,single_batch,2Ery,0,2Ery,-2.244689,-2.1542826,2439,0.7259505391120911
W38861,single_batch,15Mo,2,16Neu,-10.386483,4.3326283,2440,0.8862376809120178
W38862,single_batch,3Ery,0,2Ery,-2.5627244,-4.0161953,2441,0.7109062671661377
W38863,single_batch,13Baso,1,10GMP,-9.409563,1.0915776,2442,1.1623073816299438
W38864,single_batch,6Ery,7,6Ery,-6.1925197,-1.3629218,2443,0.9839802384376526
W38865,single_batch,13Baso,4,13Baso,-11.079176,2.4439094,2444,0.5749472379684448
W38866,single_batch,9GMP,1,10GMP,-9.691225,1.4839611,2445,1.1794887781143188
W38867,single_batch,10GMP,1,10GMP,-9.333559,0.54008055,2446,0.8968290090560913
W38868,single_batch,10GMP,1,10GMP,-9.782828,1.4499028,2447,0.6788281202316284
W38869,single_batch,14Mo,4,13Baso,-10.747145,3.2619374,2448,0.8162351846694946
W38870,single_batch,2Ery,0,2Ery,-2.7544024,-2.9006119,2449,0.7655651569366455
W38871,single_batch,6Ery,7,6Ery,-6.4515033,-1.1080539,2450,0.997018814086914
W38872,single_batch,10GMP,5,14Mo,-10.689863,1.9132735,2451,0.950296938419342
W38873,single_batch,7MEP,6,7MEP,-7.379877,-0.08610483,2452,0.9604188799858092
W38874,single_batch,6Ery,6,7MEP,-6.892441,0.21158159,2453,0.7608064413070679
W38875,single_batch,14Mo,5,14Mo,-10.353735,1.1208519,2454,0.7999382019042969
W38876,single_batch,2Ery,0,2Ery,-2.451134,-3.280438,2455,1.2384295463562012
W38877,single_batch,2Ery,0,2Ery,-2.327808,-2.847346,2456,0.977790892124176
W38878,single_batch,7MEP,6,7MEP,-7.643321,0.3910534,2457,1.129281997680664
W38879,single_batch,5Ery,3,5Ery,-3.8751764,-3.0829864,2458,0.667113184928894
W38880,single_batch,13Baso,4,13Baso,-11.494524,3.4342368,2459,1.0352139472961426
W38881,single_batch,13Baso,5,14Mo,-12.030627,2.3070621,2460,1.697285532951355
W38882,single_batch,14Mo,5,14Mo,-11.103219,1.9466636,2461,0.7468929290771484
W38883,single_batch,3Ery,0,2Ery,-1.9007025,-4.1216755,2462,1.2159518003463743
W38884,single_batch,13Baso,5,14Mo,-12.0746,2.0412323,2463,0.9072326421737672
W38886,single_batch,4Ery,8,3Ery,-3.3796196,-3.6448226,2464,0.5723105669021606
W38887,single_batch,3Ery,0,2Ery,-2.5173726,-3.5159016,2465,0.6198495626449585
W38889,single_batch,2Ery,0,2Ery,-1.9639813,-2.3834038,2466,0.9242157936096193
W38890,single_batch,15Mo,2,16Neu,-9.214957,3.9524457,2467,1.089749813079834
W38891,single_batch,7MEP,6,7MEP,-7.1164365,0.017952306,2468,1.0079665184020996
W38892,single_batch,1Ery,0,2Ery,-2.0555048,-1.8207666,2469,1.5607876777648926
W38893,single_batch,15Mo,2,16Neu,-9.4649,4.3012834,2470,0.7991521954536438
W38894,single_batch,2Ery,0,2Ery,-2.5038743,-2.9417403,2471,0.8287146687507629
W38895,single_batch,13Baso,5,14Mo,-10.196348,1.2206801,2472,0.8202102184295654
W38896,single_batch,8Mk,9,8Mk,-8.323334,-1.0245432,2473,1.1789902448654177
W38897,single_batch,9GMP,1,10GMP,-9.913524,2.02469,2474,0.9047514200210572
W38898,single_batch,19Lymph,11,19Lymph,-10.540669,-3.9271715,2475,2.3637025356292725
W38899,single_batch,11DC,10,11DC,-13.21368,-0.62648803,2476,2.679197311401367
W38900,single_batch,8Mk,9,8Mk,-8.350164,-1.145222,2477,1.4323055744171145
W38901,single_batch,17Neu,1,10GMP,-8.435878,1.5453069,2478,1.464221715927124
W38902,single_batch,13Baso,4,13Baso,-10.833387,1.9345748,2479,0.9617791771888732
W38903,single_batch,13Baso,4,13Baso,-10.547343,2.8383863,2480,0.9793980121612548
W38904,single_batch,13Baso,1,10GMP,-8.595424,1.7712704,2481,0.8870433568954468
W38905,single_batch,3Ery,8,3Ery,-2.645164,-4.2433677,2482,0.5951155424118042
W38906,single_batch,12Baso,7,6Ery,-7.1325526,-0.94053435,2483,1.0258318185806274
W38907,single_batch,16Neu,2,16Neu,-9.222034,4.461831,2484,1.1490403413772583
W38908,single_batch,10GMP,1,10GMP,-9.821639,1.4623218,2485,0.7171674966812134
W38909,single_batch,15Mo,2,16Neu,-10.10418,4.555665,2486,0.9737765789031982
W38910,single_batch,7MEP,6,7MEP,-7.377127,-0.2008038,2487,0.9368916153907776
W38911,single_batch,13Baso,1,10GMP,-10.17111,2.7802029,2488,0.96752667427063
W38912,single_batch,13Baso,5,14Mo,-11.339452,2.308611,2489,0.5746837854385376
W38913,single_batch,14Mo,2,16Neu,-10.807684,4.092089,2490,1.112762451171875
W38914,single_batch,16Neu,2,16Neu,-9.435588,4.664325,2491,0.9523922204971312
W38915,single_batch,3Ery,8,3Ery,-2.8281612,-4.496998,2492,0.6561443209648132
W38916,single_batch,7MEP,6,7MEP,-7.1644726,-0.44219553,2493,0.923180341720581
W38917,single_batch,13Baso,5,14Mo,-11.789266,1.9277023,2494,0.7442733645439148
W38918,single_batch,13Baso,5,14Mo,-11.324943,1.9452474,2495,0.7084555625915527
W38919,single_batch,3Ery,8,3Ery,-3.165367,-3.621537,2496,1.239821434020996
W38920,single_batch,1Ery,0,2Ery,-1.5862015,-3.9094377,2497,2.3793721199035645
W38921,single_batch,14Mo,4,13Baso,-11.414817,3.4473574,2498,0.7159215211868286
W38922,single_batch,15Mo,2,16Neu,-9.866582,4.240574,2499,0.8575184345245361
W38923,single_batch,10GMP,1,10GMP,-9.752704,1.4369434,2500,0.7011777758598328
W38924,single_batch,15Mo,5,14Mo,-10.215122,4.0466237,2501,1.1455389261245728
W38925,single_batch,4Ery,8,3Ery,-2.9161224,-4.1892858,2502,0.8406692743301392
W38926,single_batch,9GMP,1,10GMP,-9.0741625,0.93326277,2503,1.1587984561920166
W38927,single_batch,14Mo,4,13Baso,-11.261284,4.2860837,2504,1.0925447940826416
W38928,single_batch,9GMP,4,13Baso,-10.585675,2.3607495,2505,1.37267804145813
W38929,single_batch,13Baso,1,10GMP,-9.823461,1.2284122,2506,0.6618468761444092
W38930,single_batch,10GMP,1,10GMP,-9.446304,0.7727419,2507,0.8457072973251343
W38931,single_batch,9GMP,1,10GMP,-9.244898,0.47375724,2508,1.1062052249908447
W38932,single_batch,5Ery,7,6Ery,-5.8948517,-1.5853851,2509,0.6184296011924744
W38933,single_batch,2Ery,0,2Ery,-2.731836,-2.6698587,2510,0.6594921946525574
W38934,single_batch,7MEP,6,7MEP,-7.5617547,-0.52154,2511,1.2668308019638062
W38935,single_batch,13Baso,5,14Mo,-12.013054,2.2346382,2512,0.8798922896385193
W38937,single_batch,6Ery,7,6Ery,-6.032896,-1.730654,2513,1.118945837020874
W38938,single_batch,7MEP,6,7MEP,-7.4012876,-0.82316756,2514,0.9929800033569336
W38939,single_batch,10GMP,1,10GMP,-8.988754,0.22220309,2515,1.1289503574371338
W38940,single_batch,7MEP,6,7MEP,-7.452424,-0.45822862,2516,0.9023007154464722
W38941,single_batch,10GMP,1,10GMP,-9.8987875,2.205995,2517,1.1817591190338137
W38942,single_batch,3Ery,3,5Ery,-3.2900288,-3.3929596,2518,0.6225156784057617
W38943,single_batch,5Ery,8,3Ery,-3.0606494,-4.196899,2519,0.9070420861244202
W38944,single_batch,10GMP,6,7MEP,-8.760275,0.09363013,2520,1.0461583137512207
W38945,single_batch,6Ery,6,7MEP,-7.0586147,-0.4572481,2521,0.8676646947860718
W38946,single_batch,19Lymph,11,19Lymph,-10.615546,-4.0113287,2522,2.432218313217163
W38947,single_batch,8Mk,9,8Mk,-8.278729,-1.1980913,2523,1.214982986450195
W38948,single_batch,4Ery,3,5Ery,-3.58403,-3.215106,2524,0.6860557794570923
W38949,single_batch,14Mo,5,14Mo,-11.713153,2.6607494,2525,0.5926886796951294
W38950,single_batch,16Neu,2,16Neu,-9.922469,4.970917,2526,0.7859576344490051
W38951,single_batch,14Mo,4,13Baso,-10.834326,2.942668,2527,0.7431226968765259
W38952,single_batch,10GMP,1,10GMP,-10.114172,1.8163792,2528,0.7086995840072632
W38953,single_batch,10GMP,1,10GMP,-9.245978,0.6211392,2529,1.0440614223480225
W38954,single_batch,13Baso,4,13Baso,-11.759331,3.155281,2530,0.7802777290344238
W38955,single_batch,7MEP,6,7MEP,-7.595604,-0.34517145,2531,1.1542918682098389
W38956,single_batch,15Mo,2,16Neu,-10.182012,4.579828,2532,0.9665745496749878
W38957,single_batch,10GMP,5,14Mo,-10.930937,1.535717,2533,0.6629506945610046
W38958,single_batch,15Mo,2,16Neu,-10.270534,3.6635933,2534,0.74961256980896
W38959,single_batch,15Mo,2,16Neu,-10.570123,4.7012916,2535,0.9747130870819092
W38960,single_batch,14Mo,2,16Neu,-10.470718,3.4144866,2536,1.096422791481018
W38961,single_batch,5Ery,7,6Ery,-5.11069,-2.7541707,2537,0.6384233236312866
W38962,single_batch,13Baso,4,13Baso,-11.973693,3.0333643,2538,1.037225604057312
W38963,single_batch,9GMP,6,7MEP,-8.365214,0.052345924,2539,1.172504186630249
W38964,single_batch,7MEP,6,7MEP,-7.417875,-0.021062724,2540,0.9603129625320436
W38965,single_batch,14Mo,2,16Neu,-10.489364,3.647151,2541,0.9255333542823792
W38966,single_batch,6Ery,7,6Ery,-5.458672,-2.3322756,2542,0.6845372319221497
W38967,single_batch,2Ery,0,2Ery,-2.1129782,-2.1650107,2543,0.8185523748397827
W38968,single_batch,8Mk,9,8Mk,-8.429756,-1.0880193,2544,1.283219575881958
W38969,single_batch,7MEP,6,7MEP,-7.525097,-0.158175,2545,0.7789479494094849
W38970,single_batch,5Ery,7,6Ery,-4.940202,-2.110493,2546,0.6097379922866821
W38971,single_batch,7MEP,6,7MEP,-7.6107364,-0.6940154,2547,1.0293803215026855
W38972,single_batch,13Baso,4,13Baso,-11.63172,2.8990679,2548,0.8499588966369629
W38973,single_batch,7MEP,6,7MEP,-7.4337025,0.14852017,2549,0.952651023864746
W38974,single_batch,5Ery,3,5Ery,-3.8323843,-3.3325446,2550,0.6450208425521851
W38975,single_batch,8Mk,9,8Mk,-8.300811,-1.4510696,2551,1.417473316192627
W38976,single_batch,2Ery,0,2Ery,-1.968268,-1.9025277,2552,0.96755188703537
W38977,single_batch,2Ery,0,2Ery,-2.663698,-3.452534,2553,0.6508800983428955
W38978,single_batch,4Ery,3,5Ery,-3.3497174,-3.5223856,2554,1.0073602199554443
W38979,single_batch,14Mo,5,14Mo,-11.840708,2.2410626,2555,0.9282063245773317
W38980,single_batch,15Mo,2,16Neu,-9.760929,4.933176,2556,0.8859865665435791
W38981,single_batch,13Baso,4,13Baso,-10.889626,2.0963066,2557,1.4976000785827637
W38982,single_batch,3Ery,0,2Ery,-2.4683275,-3.402849,2558,0.6677927374839783
W38983,single_batch,2Ery,0,2Ery,-2.7793796,-3.1238196,2559,0.7166379690170288
W38985,single_batch,5Ery,7,6Ery,-6.655178,-1.1056722,2560,1.0975914001464844
W38987,single_batch,13Baso,1,10GMP,-10.678326,1.4451866,2561,0.6944107413291931
W38989,single_batch,3Ery,3,5Ery,-3.4327805,-3.3807328,2562,0.7718074321746826
W38990,single_batch,6Ery,6,7MEP,-7.9248986,0.13471627,2563,0.8978005647659302
W38991,single_batch,8Mk,9,8Mk,-8.293142,-0.92467266,2564,1.0629661083221436
W38992,single_batch,6Ery,7,6Ery,-6.763421,-1.2386198,2565,0.9851734638214112
W38993,single_batch,15Mo,2,16Neu,-9.748815,4.916294,2566,1.34872567653656
W38994,single_batch,2Ery,0,2Ery,-2.4276986,-3.598778,2567,1.105928659439087
W38996,single_batch,5Ery,3,5Ery,-4.343274,-2.2261596,2568,0.57811039686203
W38997,single_batch,6Ery,7,6Ery,-7.5387764,-0.9075931,2569,1.0511560440063477
W38998,single_batch,9GMP,1,10GMP,-9.415794,1.4310873,2570,0.7310438752174377
W38999,single_batch,8Mk,9,8Mk,-7.9171643,-0.7743164,2571,1.3819817304611206
W39000,single_batch,15Mo,2,16Neu,-10.547068,4.4590697,2572,1.1895149946212769
W39001,single_batch,13Baso,4,13Baso,-11.981887,3.0435336,2573,1.1406123638153076
W39002,single_batch,10GMP,1,10GMP,-9.457211,0.63301194,2574,0.8355922102928162
W39003,single_batch,15Mo,2,16Neu,-9.316545,4.361501,2575,0.8150101900100708
W39004,single_batch,15Mo,2,16Neu,-10.272863,4.6993747,2576,1.0544874668121338
W39005,single_batch,2Ery,0,2Ery,-2.4149134,-2.139897,2577,0.7323633432388306
W39006,single_batch,13Baso,5,14Mo,-11.659161,2.2851653,2578,0.565645694732666
W39007,single_batch,14Mo,5,14Mo,-11.630087,1.8338656,2579,0.6900740265846252
W39008,single_batch,9GMP,9,8Mk,-8.188315,-1.2044917,2580,0.8994367122650146
W39009,single_batch,2Ery,0,2Ery,-2.5186758,-3.0365107,2581,0.6813931465148926
W39010,single_batch,3Ery,8,3Ery,-3.0567498,-3.715329,2582,0.8188713192939758
W39011,single_batch,17Neu,1,10GMP,-8.403142,1.4452674,2583,1.53462815284729
W39012,single_batch,16Neu,2,16Neu,-9.2844,4.115441,2584,0.8470013737678528
W39013,single_batch,13Baso,5,14Mo,-11.877938,2.097312,2585,1.0500661134719849
W39015,single_batch,6Ery,7,6Ery,-6.2087464,-1.1962731,2586,0.6474036574363708
W39017,single_batch,13Baso,4,13Baso,-11.837632,2.9388607,2587,0.99875807762146
W39018,single_batch,10GMP,1,10GMP,-9.517461,0.6666949,2588,0.987250804901123
W39019,single_batch,13Baso,4,13Baso,-12.473485,2.5583823,2589,0.7209479808807373
W39020,single_batch,13Baso,5,14Mo,-11.861791,1.3709486,2590,1.2584571838378906
W39021,single_batch,2Ery,3,5Ery,-3.458051,-2.6931732,2591,0.6260082125663757
W39022,single_batch,6Ery,6,7MEP,-7.246124,0.23018686,2592,0.8936455845832825
W39023,single_batch,15Mo,4,13Baso,-11.008105,4.613538,2593,1.7985916137695312
W39024,single_batch,14Mo,2,16Neu,-10.1108675,3.66261,2594,0.7129927277565002
W39025,single_batch,14Mo,4,13Baso,-11.7411995,3.678137,2595,0.627257764339447
W39026,single_batch,13Baso,5,14Mo,-10.915985,1.7475929,2596,0.8169206380844116
W39027,single_batch,14Mo,5,14Mo,-11.05753,1.1094394,2597,0.8017547726631165
W39028,single_batch,6Ery,7,6Ery,-5.8384404,-1.7115048,2598,0.6266798377037048
W39029,single_batch,13Baso,5,14Mo,-12.233954,2.345415,2599,1.1524749994277954
W39030,single_batch,17Neu,6,7MEP,-8.032125,0.74564093,2600,1.653968334197998
W39031,single_batch,2Ery,0,2Ery,-3.227751,-2.589368,2601,0.609825611114502
W39032,single_batch,6Ery,6,7MEP,-6.963036,-0.38022503,2602,0.8713898062705994
W39033,single_batch,7MEP,6,7MEP,-7.5819907,0.18224211,2603,1.2497187852859497
W39034,single_batch,10GMP,1,10GMP,-10.0723915,1.9783716,2604,0.9187928438186646
W39035,single_batch,10GMP,1,10GMP,-9.750476,1.1530398,2605,0.951080083847046
W39036,single_batch,6Ery,7,6Ery,-6.3672795,-1.4202646,2606,0.8510046005249023
W39037,single_batch,15Mo,2,16Neu,-10.080069,4.058141,2607,0.7108083367347717
W39038,single_batch,15Mo,2,16Neu,-9.21163,4.4101505,2608,0.7798814177513123
W39039,single_batch,6Ery,6,7MEP,-6.9925427,0.011583857,2609,1.7428616285324097
W39040,single_batch,4Ery,8,3Ery,-3.7032588,-3.594562,2610,1.0886350870132446
W39041,single_batch,8Mk,9,8Mk,-8.465703,-1.2666788,2611,1.321607232093811
W39042,single_batch,6Ery,6,7MEP,-6.969739,-0.05542,2612,0.7279417514801025
W39043,single_batch,13Baso,1,10GMP,-9.399709,2.1584103,2613,0.8297207951545715
W39044,single_batch,13Baso,1,10GMP,-10.504297,1.943333,2614,0.798346221446991
W39045,single_batch,5Ery,7,6Ery,-4.983584,-2.1441646,2615,1.0109870433807373
W39047,single_batch,10GMP,1,10GMP,-9.7520485,0.7917917,2616,0.9495193958282472
W39048,single_batch,10GMP,9,8Mk,-8.316487,-1.1486441,2617,1.1358857154846191
W39050,single_batch,10GMP,1,10GMP,-9.8812685,1.8190604,2618,0.8318575620651245
W39051,single_batch,2Ery,3,5Ery,-3.6946688,-2.878969,2619,0.6507549285888672
W39052,single_batch,11DC,10,11DC,-13.20817,-0.6198518,2620,2.887206077575684
W39053,single_batch,16Neu,2,16Neu,-9.589837,4.750957,2621,0.7865757346153259
W39054,single_batch,14Mo,1,10GMP,-10.204169,3.1659076,2622,1.1015814542770386
W39055,single_batch,5Ery,7,6Ery,-5.1948166,-1.8231188,2623,0.7086843252182007
W39056,single_batch,10GMP,4,13Baso,-10.49582,1.9879949,2624,1.3179683685302734
W39057,single_batch,6Ery,7,6Ery,-5.370481,-2.274356,2625,0.9752001166343688
W39058,single_batch,2Ery,0,2Ery,-2.683274,-2.9071882,2626,0.6202839016914368
W39059,single_batch,10GMP,4,13Baso,-10.768772,2.367371,2627,1.0162596702575684
W39060,single_batch,15Mo,2,16Neu,-9.773918,4.5274954,2628,0.6750351786613464
W39061,single_batch,16Neu,2,16Neu,-9.363158,4.6290293,2629,1.1233049631118774
W39062,single_batch,6Ery,7,6Ery,-7.0027533,-1.1278859,2630,0.9183545112609864
W39063,single_batch,19Lymph,11,19Lymph,-10.574189,-3.9738183,2631,2.334765911102295
W39064,single_batch,10GMP,1,10GMP,-9.985634,1.5597565,2632,1.252006769180298
W39065,single_batch,15Mo,2,16Neu,-10.580695,4.8616276,2633,1.1971931457519531
W39066,single_batch,13Baso,4,13Baso,-12.194729,3.651635,2634,0.8340708017349243
W39067,single_batch,5Ery,7,6Ery,-5.601256,-2.042285,2635,0.6105982661247253
W39068,single_batch,7MEP,6,7MEP,-7.5779786,-0.244063,2636,0.958323299884796
W39069,single_batch,4Ery,3,5Ery,-3.6281326,-3.5100374,2637,0.7327540516853333
W39070,single_batch,7MEP,6,7MEP,-7.6412525,-0.6383667,2638,1.4248971939086914
W39071,single_batch,3Ery,8,3Ery,-4.2427154,-3.8582373,2639,0.9113569259643556
W39072,single_batch,19Lymph,11,19Lymph,-10.617898,-4.01783,2640,2.501241683959961
W39073,single_batch,13Baso,2,16Neu,-10.398404,3.5536473,2641,0.7023048400878906
W39074,single_batch,13Baso,5,14Mo,-11.785934,1.8264642,2642,0.9746422171592712
W39075,single_batch,13Baso,4,13Baso,-10.283742,2.8438642,2643,1.0000495910644531
W39076,single_batch,3Ery,0,2Ery,-2.7420819,-3.506616,2644,0.661373496055603
W39077,single_batch,1Ery,0,2Ery,-1.8392692,-2.357238,2645,1.2144674062728882
W39078,single_batch,15Mo,2,16Neu,-10.110205,3.6620934,2646,1.1224429607391355
W39079,single_batch,8Mk,6,7MEP,-7.7388525,-0.28137493,2647,1.2406888008117676
W39081,single_batch,7MEP,6,7MEP,-7.3583436,0.02304076,2648,1.3822181224822998
W39082,single_batch,7MEP,6,7MEP,-7.2892647,0.08218968,2649,1.071360468864441
W39083,single_batch,13Baso,1,10GMP,-9.27583,0.53923124,2650,0.9926281571388244
W39084,single_batch,13Baso,5,14Mo,-11.078878,1.6553868,2651,1.0603151321411133
W39085,single_batch,5Ery,3,5Ery,-3.8489852,-1.7118117,2652,1.1221171617507937
W39087,single_batch,6Ery,6,7MEP,-6.899666,0.14418939,2653,1.063922643661499
W39088,single_batch,15Mo,2,16Neu,-10.329985,4.949455,2654,1.289538860321045
W39089,single_batch,13Baso,5,14Mo,-12.147315,2.248648,2655,0.7596245408058167
W39090,single_batch,14Mo,2,16Neu,-10.677058,3.962431,2656,1.0112006664276123
W39091,single_batch,10GMP,6,7MEP,-7.8199253,-0.5083453,2657,0.9815560579299928
W39092,single_batch,13Baso,5,14Mo,-10.805288,0.8207963,2658,1.013956069946289
W39093,single_batch,7MEP,6,7MEP,-7.8987637,0.0024383499,2659,1.0963743925094604
W39094,single_batch,15Mo,2,16Neu,-9.34617,3.877148,2660,0.7377063035964966
W39095,single_batch,8Mk,9,8Mk,-8.065739,-1.3989016,2661,1.5691227912902832
W39096,single_batch,9GMP,4,13Baso,-10.496926,2.0211358,2662,1.5040642023086548
W39097,single_batch,4Ery,7,6Ery,-5.2660637,-2.1742432,2663,0.6217734813690186
W39098,single_batch,17Neu,1,10GMP,-9.062997,0.5559562,2664,1.155303716659546
W39099,single_batch,2Ery,0,2Ery,-3.0124032,-1.8208297,2665,0.6486111879348755
W39100,single_batch,14Mo,5,14Mo,-11.62259,2.193103,2666,0.7851107120513916
W39101,single_batch,15Mo,2,16Neu,-9.9378805,4.636305,2667,0.7590488195419312
W39103,single_batch,14Mo,2,16Neu,-10.657923,3.3511374,2668,1.0144696235656738
W39104,single_batch,6Ery,7,6Ery,-4.848326,-3.2220616,2669,0.9001703858375549
W39105,single_batch,6Ery,6,7MEP,-7.304785,-0.1299129,2670,1.0403223037719729
W39106,single_batch,10GMP,1,10GMP,-10.176928,1.475966,2671,0.7987552881240845
W39107,single_batch,6Ery,6,7MEP,-7.0856743,0.036647562,2672,0.7583072185516357
W39109,single_batch,13Baso,5,14Mo,-10.773494,2.2412424,2673,0.7307625412940979
W39110,single_batch,6Ery,6,7MEP,-6.8264766,-0.08982774,2674,1.2314577102661133
W39111,single_batch,12Baso,1,10GMP,-8.58664,1.5196568,2675,1.08915114402771
W39112,single_batch,3Ery,8,3Ery,-2.2396448,-4.9209437,2676,1.1422152519226074
W39113,single_batch,13Baso,5,14Mo,-10.59461,1.010682,2677,0.7227669358253479
W39114,single_batch,13Baso,5,14Mo,-11.519143,1.5713307,2678,0.893915057182312
W39115,single_batch,16Neu,2,16Neu,-9.40807,4.6661563,2679,0.9125370383262634
W39116,single_batch,10GMP,5,14Mo,-10.55947,1.6310345,2680,1.3183751106262207
W39117,single_batch,16Neu,2,16Neu,-9.22287,4.3649616,2681,1.0158554315567017
W39118,single_batch,13Baso,5,14Mo,-10.838855,0.9378085,2682,0.9751183390617372
W39119,single_batch,5Ery,7,6Ery,-5.1411495,-2.5903225,2683,0.6098501086235046
W39120,single_batch,2Ery,0,2Ery,-2.594123,-3.0620947,2684,0.7992066740989685
W39121,single_batch,9GMP,6,7MEP,-8.379455,0.04557844,2685,1.280558466911316
W39122,single_batch,16Neu,2,16Neu,-9.475051,4.817031,2686,0.7395004630088806
W39123,single_batch,8Mk,9,8Mk,-8.476835,-0.7599528,2687,0.9395641684532166
W39124,single_batch,11DC,10,11DC,-13.152317,-0.57913846,2688,3.459411144256592
W39125,single_batch,13Baso,5,14Mo,-10.364439,1.4170617,2689,0.7777504920959473
W39126,single_batch,10GMP,1,10GMP,-9.694902,0.93740624,2690,1.5587626695632937
W39127,single_batch,5Ery,7,6Ery,-4.8715887,-3.094568,2691,0.6784645915031433
W39128,single_batch,15Mo,5,14Mo,-10.987639,2.304412,2692,1.0218892097473145
W39129,single_batch,13Baso,4,13Baso,-12.111338,3.2661066,2693,0.6885881423950195
W39130,single_batch,9GMP,1,10GMP,-9.264978,0.45941874,2694,1.3787747621536257
W39131,single_batch,14Mo,2,16Neu,-9.965803,3.0499163,2695,0.7298992872238159
W39134,single_batch,13Baso,1,10GMP,-9.552276,1.9731634,2696,0.8234446048736572
W39135,single_batch,14Mo,5,14Mo,-11.527249,2.2327325,2697,0.7478053569793701
W39137,single_batch,15Mo,2,16Neu,-9.291936,4.0446157,2698,1.26668381690979
W39138,single_batch,15Mo,2,16Neu,-9.754609,4.067238,2699,0.7654885649681091
W39139,single_batch,10GMP,1,10GMP,-9.7540655,1.4048978,2700,0.7917621731758118
W39140,single_batch,15Mo,2,16Neu,-9.602101,4.539243,2701,0.7644895911216736
W39141,single_batch,16Neu,2,16Neu,-9.401355,4.7569613,2702,0.9529438018798828
W39142,single_batch,6Ery,7,6Ery,-6.0723805,-1.2258409,2703,0.7757908701896667
W39143,single_batch,2Ery,3,5Ery,-3.5000954,-3.1953416,2704,0.5826860666275024
W39144,single_batch,13Baso,4,13Baso,-11.781546,3.8164637,2705,0.6709862947463989
W39145,single_batch,5Ery,6,7MEP,-6.6108046,-0.57432276,2706,0.8875442147254944
W39146,single_batch,7MEP,6,7MEP,-7.033687,-0.09101654,2707,1.3146421909332275
W39147,single_batch,19Lymph,11,19Lymph,-10.572797,-3.98402,2708,2.6742258071899414
W39148,single_batch,6Ery,6,7MEP,-6.704846,-0.015654655,2709,0.8588151931762695
W39149,single_batch,13Baso,5,14Mo,-11.301827,2.070636,2710,0.5581721067428589
W39150,single_batch,2Ery,0,2Ery,-2.2861557,-2.6066372,2711,0.7359704971313477
W39151,single_batch,11DC,10,11DC,-13.2155485,-0.6029366,2712,3.139023780822754
W39152,single_batch,7MEP,6,7MEP,-7.081774,-0.08513153,2713,0.8858252763748169
W39153,single_batch,13Baso,1,10GMP,-8.967349,1.339535,2714,1.2339056730270386
W39154,single_batch,2Ery,3,5Ery,-3.4638822,-3.0403955,2715,0.7150251865386963
W39155,single_batch,14Mo,5,14Mo,-11.510132,2.6169412,2716,0.544550359249115
W39156,single_batch,13Baso,5,14Mo,-11.795313,1.4067014,2717,0.7989166975021362
W39157,single_batch,8Mk,9,8Mk,-8.333396,-1.4867651,2718,1.5606120824813845
W39158,single_batch,13Baso,2,16Neu,-10.431514,3.8451142,2719,0.8791462182998657
W39159,single_batch,7MEP,7,6Ery,-7.453123,-1.3817128,2720,1.4287827014923096
W39160,single_batch,10GMP,1,10GMP,-9.790973,1.730065,2721,0.8121151924133301
W39161,single_batch,10GMP,1,10GMP,-10.346625,1.5569654,2722,0.9052795171737672
W39162,single_batch,14Mo,2,16Neu,-10.408332,3.820689,2723,1.0679548978805542
W39163,single_batch,16Neu,2,16Neu,-9.47428,4.775063,2724,0.92582368850708
W39164,single_batch,2Ery,3,5Ery,-3.484155,-3.172086,2725,0.7150010466575623
W39165,single_batch,13Baso,4,13Baso,-12.410057,2.9887595,2726,1.0476830005645752
W39166,single_batch,7MEP,6,7MEP,-7.6841755,-0.35137528,2727,1.097461819648743
W39167,single_batch,15Mo,2,16Neu,-10.783031,4.4161806,2728,1.0471842288970947
W39168,single_batch,3Ery,8,3Ery,-2.5791667,-4.2752194,2729,0.5491414070129395
