cell_id,batch,true_label,predicted_label,aligned_predicted_label,umap_1,umap_2,cell_index,scraw_reconstruction_weight
bbag094_zeisel_cell_00001,unknown,unknown,2,6,25.285414,-11.552228,0,3.0590591430664062
bbag094_zeisel_cell_00002,1,1,4,1,-1.1016527,-5.5068145,1,1.123892307281494
bbag094_zeisel_cell_00003,1,1,4,1,-1.0997207,-5.4933143,2,0.9837443232536316
bbag094_zeisel_cell_00004,1,1,4,1,-1.104248,-5.509619,3,1.643536925315857
bbag094_zeisel_cell_00005,1,1,4,1,-1.119764,-5.516686,4,1.2413737773895264
bbag094_zeisel_cell_00006,1,1,4,1,-1.0962445,-5.491073,5,1.090116024017334
bbag094_zeisel_cell_00007,1,1,4,1,-1.1085486,-5.5070553,6,1.541007161140442
bbag094_zeisel_cell_00008,1,1,4,1,-1.1324861,-5.5316186,7,1.045740008354187
bbag094_zeisel_cell_00009,1,1,4,1,-0.9544832,-5.4269266,8,1.2213668823242188
bbag094_zeisel_cell_00010,1,1,4,1,-1.1084952,-5.506509,9,1.446796417236328
bbag094_zeisel_cell_00011,1,1,4,1,-1.087167,-5.484762,10,1.0423201322555542
bbag094_zeisel_cell_00012,1,1,4,1,-1.0242249,-5.4265995,11,1.2541903257369995
bbag094_zeisel_cell_00013,1,1,4,1,3.4894743,-5.0178027,12,1.5373095273971558
bbag094_zeisel_cell_00014,1,1,4,1,3.4491432,-5.0418887,13,1.4586032629013062
bbag094_zeisel_cell_00015,1,1,4,1,3.573223,-4.9311943,14,2.079357624053955
bbag094_zeisel_cell_00016,1,1,4,1,3.5481477,-4.969966,15,1.6551836729049685
bbag094_zeisel_cell_00017,1,1,4,1,3.5681868,-4.94948,16,1.5489071607589722
bbag094_zeisel_cell_00018,1,1,4,1,3.584906,-4.9316344,17,1.7758216857910156
bbag094_zeisel_cell_00019,1,1,4,1,3.568991,-4.948744,18,1.9509806632995603
bbag094_zeisel_cell_00020,1,1,4,1,3.3073566,-5.1459107,19,2.0504612922668457
bbag094_zeisel_cell_00021,1,1,4,1,2.0413933,-5.5524077,20,1.0005872249603271
bbag094_zeisel_cell_00022,1,1,4,1,1.9353734,-5.613804,21,1.003839373588562
bbag094_zeisel_cell_00023,1,1,4,1,1.9105132,-5.627384,22,1.1438277959823608
bbag094_zeisel_cell_00024,1,1,4,1,1.232348,-5.7909145,23,1.11873197555542
bbag094_zeisel_cell_00025,1,1,4,1,1.3571167,-5.8110924,24,0.904599130153656
bbag094_zeisel_cell_00026,1,1,4,1,1.6248301,-5.711367,25,1.186985731124878
bbag094_zeisel_cell_00027,1,1,4,1,1.2370526,-5.826409,26,1.021336317062378
bbag094_zeisel_cell_00028,1,1,4,1,1.2264944,-5.7756186,27,1.2670129537582395
bbag094_zeisel_cell_00029,1,1,4,1,1.4240766,-5.742927,28,0.9508160352706908
bbag094_zeisel_cell_00030,1,1,4,1,1.3156781,-5.834607,29,1.1257705688476562
bbag094_zeisel_cell_00031,1,1,4,1,1.5521901,-5.7393003,30,1.0400986671447754
bbag094_zeisel_cell_00032,1,1,4,1,1.8098105,-5.6007233,31,0.9921159148216248
bbag094_zeisel_cell_00033,1,1,4,1,1.2728615,-5.840194,32,0.9925581216812134
bbag094_zeisel_cell_00034,1,1,4,1,1.2842885,-5.7974,33,0.7808264493942261
bbag094_zeisel_cell_00035,1,1,4,1,1.5494319,-5.739461,34,1.0169038772583008
bbag094_zeisel_cell_00036,1,1,4,1,1.5054787,-5.7466764,35,0.902140736579895
bbag094_zeisel_cell_00037,1,1,4,1,1.3815413,-5.841889,36,0.9595917463302612
bbag094_zeisel_cell_00038,1,1,4,1,1.4658531,-5.7040176,37,0.8719852566719055
bbag094_zeisel_cell_00039,1,1,4,1,1.4144928,-5.731474,38,0.8662610650062561
bbag094_zeisel_cell_00040,1,1,4,1,1.0186205,-5.6918273,39,1.188857078552246
bbag094_zeisel_cell_00041,1,1,4,1,0.7354835,-5.455913,40,1.0159817934036257
bbag094_zeisel_cell_00042,1,1,4,1,0.61858785,-5.373293,41,0.9322909116744996
bbag094_zeisel_cell_00043,1,1,4,1,0.54003525,-5.34319,42,0.986664652824402
bbag094_zeisel_cell_00044,1,1,4,1,0.5070941,-5.310629,43,0.9549872279167176
bbag094_zeisel_cell_00045,1,1,4,1,0.7111195,-5.3511553,44,0.9067134261131288
bbag094_zeisel_cell_00046,1,1,4,1,0.15532187,-5.1025386,45,0.9316190481185912
bbag094_zeisel_cell_00047,1,1,4,1,0.040190574,-4.851187,46,0.8190536499023438
bbag094_zeisel_cell_00048,1,1,4,1,-0.54537416,-3.8597727,47,0.9978810548782348
bbag094_zeisel_cell_00049,1,1,4,1,0.044203408,-4.7938695,48,0.9625416994094848
bbag094_zeisel_cell_00050,1,1,4,1,-0.30111215,-4.208993,49,0.9321288466453552
bbag094_zeisel_cell_00051,1,1,4,1,-0.43727392,-4.10379,50,0.8699144721031189
bbag094_zeisel_cell_00052,1,1,4,1,-0.51585,-3.9068983,51,0.8249256610870361
bbag094_zeisel_cell_00053,1,1,4,1,-0.14022909,-4.5204663,52,0.9185099601745604
bbag094_zeisel_cell_00054,1,1,4,1,-0.50838476,-3.9093444,53,0.8038550019264221
bbag094_zeisel_cell_00055,1,1,4,1,-0.098766744,-4.4995737,54,0.9522616863250732
bbag094_zeisel_cell_00056,1,1,4,1,-0.078392036,-4.9463267,55,0.8799720406532288
bbag094_zeisel_cell_00057,1,1,4,1,-0.16718489,-4.3902383,56,0.9964482188224792
bbag094_zeisel_cell_00058,1,1,4,1,-0.21198876,-4.2691855,57,0.8184670805931091
bbag094_zeisel_cell_00059,1,1,4,1,-0.38838786,-5.1385713,58,0.9936712980270386
bbag094_zeisel_cell_00060,1,1,4,1,-0.358348,-4.8873987,59,1.014841079711914
bbag094_zeisel_cell_00061,1,1,4,1,-0.3663389,-5.1560984,60,1.5549482107162476
bbag094_zeisel_cell_00062,1,1,4,1,-0.49266547,-5.19986,61,1.393654704093933
bbag094_zeisel_cell_00063,1,1,4,1,-0.49560446,-5.207037,62,1.1000839471817017
bbag094_zeisel_cell_00064,1,1,4,1,-0.4222122,-5.160275,63,1.7942893505096436
bbag094_zeisel_cell_00065,1,1,4,1,-0.43769225,-5.176647,64,1.0532138347625732
bbag094_zeisel_cell_00066,1,1,4,1,-0.60207564,-5.272886,65,1.4354289770126345
bbag094_zeisel_cell_00067,1,1,4,1,-0.42033586,-5.175742,66,0.8388391137123108
bbag094_zeisel_cell_00068,1,1,4,1,-0.36536196,-5.1186028,67,1.2105427980422974
bbag094_zeisel_cell_00069,1,1,4,1,-0.49431437,-3.960169,68,1.0829142332077026
bbag094_zeisel_cell_00070,1,1,4,1,-0.32887557,-4.1413884,69,1.0156372785568235
bbag094_zeisel_cell_00071,1,1,4,1,-0.4468004,-4.0034657,70,0.9592838287353516
bbag094_zeisel_cell_00072,1,1,4,1,-0.35215542,-5.1059422,71,1.0455236434936523
bbag094_zeisel_cell_00073,1,1,4,1,-0.19871002,-5.1261997,72,0.9871671795845032
bbag094_zeisel_cell_00074,1,1,4,1,-0.21504506,-5.1869683,73,1.0910154581069946
bbag094_zeisel_cell_00075,1,1,4,1,0.6445292,-5.4582353,74,1.4673186540603638
bbag094_zeisel_cell_00076,1,1,4,1,0.57755303,-5.3877163,75,0.8931676745414734
bbag094_zeisel_cell_00077,1,1,4,1,0.50521314,-5.356591,76,0.896510660648346
bbag094_zeisel_cell_00078,1,1,4,1,0.38904527,-5.3241825,77,0.9135100841522216
bbag094_zeisel_cell_00079,1,1,4,1,0.59135205,-5.404067,78,0.8899993896484375
bbag094_zeisel_cell_00080,1,1,4,1,0.5787338,-5.3873873,79,0.776783287525177
bbag094_zeisel_cell_00081,1,1,4,1,0.4775056,-5.3055496,80,0.8320988416671753
bbag094_zeisel_cell_00082,1,1,4,1,0.5659028,-5.3401766,81,0.8852041363716125
bbag094_zeisel_cell_00083,1,1,4,1,0.5303584,-5.369489,82,0.878177285194397
bbag094_zeisel_cell_00084,1,1,4,1,0.662601,-5.4459863,83,0.9398356080055236
bbag094_zeisel_cell_00085,1,1,4,1,0.6576338,-5.4229774,84,1.0619893074035645
bbag094_zeisel_cell_00086,1,1,4,1,0.71844876,-5.3848133,85,0.9282947778701782
bbag094_zeisel_cell_00087,1,1,4,1,0.7263372,-5.402788,86,1.2358427047729492
bbag094_zeisel_cell_00088,1,1,4,1,0.6869235,-5.4323387,87,0.8670601844787598
bbag094_zeisel_cell_00089,1,1,4,1,0.5050494,-5.4069552,88,1.059356451034546
bbag094_zeisel_cell_00090,1,1,4,1,0.6821023,-5.490195,89,0.8711298108100891
bbag094_zeisel_cell_00091,1,1,4,1,0.90976197,-5.514605,90,0.9198563098907472
bbag094_zeisel_cell_00092,1,1,4,1,0.98523134,-5.5881495,91,0.8666840195655823
bbag094_zeisel_cell_00093,1,1,4,1,0.9826918,-5.671839,92,1.3609613180160522
bbag094_zeisel_cell_00094,1,1,4,1,0.86803454,-5.552396,93,0.9641864895820618
bbag094_zeisel_cell_00095,1,1,4,1,1.3600365,-5.8062806,94,0.956897795200348
bbag094_zeisel_cell_00096,1,1,4,1,1.2381257,-5.8263283,95,1.3936933279037476
bbag094_zeisel_cell_00097,1,1,4,1,1.0116501,-5.589308,96,1.496932029724121
bbag094_zeisel_cell_00098,1,1,4,1,1.1514469,-5.624682,97,0.9518578052520752
bbag094_zeisel_cell_00099,1,1,4,1,3.3942542,-5.0670376,98,1.9189600944519043
bbag094_zeisel_cell_00100,1,1,4,1,3.5441835,-4.9748607,99,1.8663731813430784
bbag094_zeisel_cell_00101,1,1,4,1,3.5447366,-4.982517,100,2.125306367874145
bbag094_zeisel_cell_00102,1,1,4,1,3.537318,-4.98662,101,2.02292799949646
bbag094_zeisel_cell_00103,1,1,4,1,3.4889863,-5.0289907,102,1.9984519481658936
bbag094_zeisel_cell_00104,1,1,4,1,3.577879,-4.946494,103,2.1031839847564697
bbag094_zeisel_cell_00105,1,1,4,1,3.6013272,-4.922571,104,2.006086826324463
bbag094_zeisel_cell_00106,1,1,4,1,3.5056984,-5.0054283,105,2.0098578929901123
bbag094_zeisel_cell_00107,1,1,4,1,3.5576673,-4.9768863,106,1.9310969114303589
bbag094_zeisel_cell_00108,1,1,4,1,3.5225236,-4.9966784,107,1.9922839403152464
bbag094_zeisel_cell_00109,1,1,9,8,10.082722,-9.347727,108,2.938446521759033
bbag094_zeisel_cell_00110,1,1,4,1,3.5860476,-4.938137,109,1.8566166162490845
bbag094_zeisel_cell_00111,1,1,4,1,3.5069015,-5.0097666,110,1.9354194402694704
bbag094_zeisel_cell_00112,1,1,4,1,3.410127,-5.0704346,111,1.5210069417953491
bbag094_zeisel_cell_00113,1,1,4,1,3.4160175,-5.0839567,112,1.6362675428390503
bbag094_zeisel_cell_00114,1,1,4,1,3.613512,-4.905649,113,1.6976503133773804
bbag094_zeisel_cell_00115,1,1,4,1,3.3860738,-5.0805,114,1.4936774969100952
bbag094_zeisel_cell_00116,1,1,4,1,3.4343696,-5.064177,115,1.412533402442932
bbag094_zeisel_cell_00117,1,1,1,4,13.622296,-10.414432,116,2.0568175315856934
bbag094_zeisel_cell_00118,1,1,4,1,3.5572946,-4.955079,117,1.5745645761489868
bbag094_zeisel_cell_00119,1,1,4,1,3.1752558,-5.2393074,118,1.6855674982070925
bbag094_zeisel_cell_00120,1,1,4,1,3.3010201,-5.157942,119,1.718733310699463
bbag094_zeisel_cell_00121,1,1,4,1,3.477758,-5.047585,120,1.9115796089172363
bbag094_zeisel_cell_00122,1,1,4,1,3.572699,-4.9450774,121,1.482154130935669
bbag094_zeisel_cell_00123,1,1,4,1,3.5911753,-4.9255204,122,1.7956836223602295
bbag094_zeisel_cell_00124,1,1,4,1,3.4352148,-5.056731,123,1.4968385696411133
bbag094_zeisel_cell_00125,1,1,4,1,3.5954432,-4.924063,124,1.9430221319198608
bbag094_zeisel_cell_00126,1,1,4,1,3.493244,-5.0185404,125,1.6209430694580078
bbag094_zeisel_cell_00127,1,1,4,1,3.4795146,-5.0234833,126,2.1031839847564697
bbag094_zeisel_cell_00128,1,1,4,1,3.181701,-5.227746,127,1.6279244422912598
bbag094_zeisel_cell_00129,1,1,4,1,3.4631193,-5.0406923,128,1.5176180601119995
bbag094_zeisel_cell_00130,1,1,4,1,2.2689703,-5.398105,129,1.4598286151885986
bbag094_zeisel_cell_00131,1,1,5,7,18.377874,-13.464716,130,1.3766920566558838
bbag094_zeisel_cell_00132,1,1,4,1,1.9295084,-5.6404123,131,1.23413348197937
bbag094_zeisel_cell_00133,1,1,4,1,2.4238605,-5.349796,132,1.4648027420043943
bbag094_zeisel_cell_00134,1,1,4,1,2.3768017,-5.407501,133,1.429039716720581
bbag094_zeisel_cell_00135,1,1,2,6,2.747515,-5.576106,134,1.3650178909301758
bbag094_zeisel_cell_00136,1,1,4,1,2.1634953,-5.481353,135,1.8340319395065308
bbag094_zeisel_cell_00137,1,1,4,1,2.1629803,-5.450491,136,1.4143850803375244
bbag094_zeisel_cell_00138,1,1,4,1,2.2050736,-5.454608,137,1.1309539079666138
bbag094_zeisel_cell_00139,1,1,4,1,2.1252148,-5.503995,138,1.1241211891174316
bbag094_zeisel_cell_00140,1,1,4,1,2.0323467,-5.536727,139,1.050678253173828
bbag094_zeisel_cell_00141,1,1,4,1,1.647899,-5.7068715,140,1.985356092453003
bbag094_zeisel_cell_00142,1,1,1,4,2.1812654,-5.5011415,141,1.85511326789856
bbag094_zeisel_cell_00143,1,1,4,1,-1.054096,-5.457199,142,0.8070445656776428
bbag094_zeisel_cell_00144,1,1,4,1,2.0932832,-5.4311438,143,1.1764428615570068
bbag094_zeisel_cell_00145,1,1,4,1,2.0948439,-5.491538,144,1.1422135829925537
bbag094_zeisel_cell_00146,1,1,4,1,1.4386656,-5.8063054,145,1.5228934288024902
bbag094_zeisel_cell_00147,1,1,1,4,-0.22336619,-4.6941814,146,1.9117835760116575
bbag094_zeisel_cell_00148,1,1,4,1,-0.29167,-4.840387,147,1.9398751258850095
bbag094_zeisel_cell_00149,1,1,4,1,-0.18546131,-4.641839,148,1.746936321258545
bbag094_zeisel_cell_00150,1,1,4,1,-0.3010182,-4.622534,149,1.671467661857605
bbag094_zeisel_cell_00151,1,1,4,1,-0.20805833,-4.6574707,150,1.336719036102295
bbag094_zeisel_cell_00152,1,1,4,1,-0.39899287,-4.0437956,151,0.8659628033638
bbag094_zeisel_cell_00153,1,1,4,1,-0.38620323,-4.0866523,152,1.413028597831726
bbag094_zeisel_cell_00154,1,1,4,1,-0.49888498,-3.9048285,153,0.8318750262260437
bbag094_zeisel_cell_00155,1,1,4,1,-0.41264772,-4.023794,154,0.8273686170578003
bbag094_zeisel_cell_00156,1,1,4,1,-0.57137525,-3.8319716,155,0.9513923525810242
bbag094_zeisel_cell_00157,1,1,4,1,-0.5680017,-3.833008,156,0.7777484655380249
bbag094_zeisel_cell_00158,1,1,4,1,-0.5558835,-3.8504758,157,0.932388186454773
bbag094_zeisel_cell_00159,1,1,4,1,-0.58762795,-3.8135512,158,0.8311394453048706
bbag094_zeisel_cell_00160,1,1,4,1,-0.53716344,-3.862104,159,1.0990641117095947
bbag094_zeisel_cell_00161,1,1,4,1,-0.55792856,-3.839261,160,0.8299444913864136
bbag094_zeisel_cell_00162,1,1,4,1,-0.5332155,-3.8745003,161,0.8835005164146423
bbag094_zeisel_cell_00163,1,1,4,1,-0.54665786,-3.857664,162,0.7566229701042175
bbag094_zeisel_cell_00164,1,1,4,1,-0.5612802,-3.8448832,163,0.9594016671180724
bbag094_zeisel_cell_00165,1,1,4,1,-0.5288514,-3.8819218,164,1.0887471437454224
bbag094_zeisel_cell_00166,1,1,4,1,-0.54126114,-3.8676484,165,0.9197576642036438
bbag094_zeisel_cell_00167,1,1,4,1,-0.5189622,-3.8887846,166,0.8175350427627563
bbag094_zeisel_cell_00168,1,1,4,1,-0.46950218,-3.939853,167,0.9304781556129456
bbag094_zeisel_cell_00169,1,1,4,1,-0.43898314,-4.009642,168,0.9845380783081056
bbag094_zeisel_cell_00170,1,1,4,1,-0.14523815,-4.3116484,169,1.0595815181732178
bbag094_zeisel_cell_00171,1,1,4,1,-0.25467476,-4.8501177,170,1.6005852222442627
bbag094_zeisel_cell_00172,1,1,4,1,-0.48943177,-3.9254467,171,0.8273665308952332
bbag094_zeisel_cell_00173,1,1,4,1,-0.2931719,-4.1662383,172,1.020916223526001
bbag094_zeisel_cell_00174,1,1,4,1,-0.44725582,-3.9431975,173,0.9973171949386596
bbag094_zeisel_cell_00175,1,1,4,1,-0.4600516,-3.9693263,174,1.085210204124451
bbag094_zeisel_cell_00176,1,1,4,1,-0.11534823,-4.371613,175,0.8308880925178528
bbag094_zeisel_cell_00177,1,1,4,1,-0.31596455,-4.163989,176,1.290595769882202
bbag094_zeisel_cell_00178,1,1,4,1,-0.27823824,-4.203151,177,0.8786110281944275
bbag094_zeisel_cell_00179,1,1,4,1,-0.051277317,-4.4207797,178,1.0566484928131104
bbag094_zeisel_cell_00180,1,1,4,1,-0.19527954,-4.417969,179,2.002232551574707
bbag094_zeisel_cell_00181,1,1,4,1,-0.15180404,-4.354255,180,1.0061241388320925
bbag094_zeisel_cell_00182,1,1,4,1,-0.25676778,-4.2281795,181,1.139060378074646
bbag094_zeisel_cell_00183,1,1,4,1,-0.16356052,-4.3623533,182,0.9633028507232666
bbag094_zeisel_cell_00184,1,1,4,1,-0.26380897,-4.2016377,183,0.9455857872962952
bbag094_zeisel_cell_00185,1,1,4,1,-0.15718508,-4.3794975,184,1.0619804859161377
bbag094_zeisel_cell_00186,1,1,4,1,-0.16137569,-4.320624,185,1.9817802906036377
bbag094_zeisel_cell_00187,1,1,4,1,-0.18829072,-4.3496685,186,0.8776936531066895
bbag094_zeisel_cell_00188,1,1,4,1,-0.46844333,-3.9479759,187,2.0196986198425293
bbag094_zeisel_cell_00189,1,1,4,1,-0.18997812,-4.2672443,188,1.30872642993927
bbag094_zeisel_cell_00190,1,1,4,1,-0.20663497,-4.3681917,189,2.011035919189453
bbag094_zeisel_cell_00191,1,1,4,1,-0.07441775,-4.413516,190,0.9512527585029602
bbag094_zeisel_cell_00192,1,1,4,1,0.09464361,-4.571791,191,1.2187706232070925
bbag094_zeisel_cell_00193,1,1,4,1,0.0010415114,-4.5502257,192,1.0575308799743652
bbag094_zeisel_cell_00194,1,1,4,1,-0.16867596,-4.538806,193,0.8631311655044556
bbag094_zeisel_cell_00195,1,1,4,1,0.21051814,-4.701662,194,1.427151799201965
bbag094_zeisel_cell_00196,1,1,4,1,0.082590744,-4.548669,195,1.3765660524368286
bbag094_zeisel_cell_00197,1,1,4,1,-0.0003812364,-4.509947,196,1.270796775817871
bbag094_zeisel_cell_00198,1,1,4,1,-0.016677033,-4.6551447,197,1.3166358470916748
bbag094_zeisel_cell_00199,1,1,4,1,-0.39664036,-5.0304575,198,1.1721879243850708
bbag094_zeisel_cell_00200,1,1,4,1,-0.14549112,-4.486907,199,0.8944252729415894
bbag094_zeisel_cell_00201,1,1,4,1,-0.7376649,-5.227355,200,1.4535188674926758
bbag094_zeisel_cell_00202,1,1,4,1,-1.0274484,-5.429264,201,0.914881467819214
bbag094_zeisel_cell_00203,1,1,4,1,-1.042496,-5.4486766,202,0.8129132390022278
bbag094_zeisel_cell_00204,1,1,4,1,-1.0597242,-5.503817,203,1.4930111169815063
bbag094_zeisel_cell_00205,1,1,4,1,-1.0785487,-5.4771585,204,1.0059814453125
bbag094_zeisel_cell_00206,1,1,4,1,-1.1021608,-5.496088,205,2.073047637939453
bbag094_zeisel_cell_00207,1,1,4,1,-1.136797,-5.5217395,206,1.9314864873886108
bbag094_zeisel_cell_00208,1,1,4,1,-0.9925786,-5.400168,207,1.0212526321411133
bbag094_zeisel_cell_00209,1,1,4,1,-1.0991259,-5.4972215,208,1.0729031562805176
bbag094_zeisel_cell_00210,1,1,4,1,-1.0869584,-5.483267,209,0.8945046663284302
bbag094_zeisel_cell_00211,1,1,4,1,-1.1148673,-5.519541,210,1.0331405401229858
bbag094_zeisel_cell_00212,1,1,4,1,-0.41801676,-5.137555,211,1.9572428464889529
bbag094_zeisel_cell_00213,1,1,4,1,-0.95512044,-5.4397564,212,1.414531946182251
bbag094_zeisel_cell_00214,1,1,4,1,-0.51563877,-5.20667,213,1.090202808380127
bbag094_zeisel_cell_00215,1,1,4,1,-0.7304411,-5.348173,214,1.3382045030593872
bbag094_zeisel_cell_00216,1,1,4,1,-0.36998102,-5.119625,215,1.0406184196472168
bbag094_zeisel_cell_00217,1,1,4,1,-0.042285103,-4.431374,216,1.2302159070968628
bbag094_zeisel_cell_00218,1,1,4,1,-0.109914,-4.5762663,217,1.292179822921753
bbag094_zeisel_cell_00219,1,1,0,3,0.19315654,-4.680697,218,1.4645625352859497
bbag094_zeisel_cell_00220,1,1,4,1,1.3190848,-5.632135,219,1.2700088024139404
bbag094_zeisel_cell_00221,1,1,4,1,1.3050399,-5.792184,220,1.011724829673767
bbag094_zeisel_cell_00222,1,1,4,1,1.252624,-5.6876373,221,0.8387832045555115
bbag094_zeisel_cell_00223,1,1,4,1,-0.5073282,-3.9588928,222,1.1396926641464231
bbag094_zeisel_cell_00224,1,1,4,1,1.3368461,-5.7962446,223,0.8943235278129578
bbag094_zeisel_cell_00225,1,1,4,1,1.6800992,-5.6914077,224,1.008663296699524
bbag094_zeisel_cell_00226,1,1,4,1,1.4910005,-5.684113,225,0.9086171984672546
bbag094_zeisel_cell_00227,1,1,4,1,-0.75066286,-5.283938,226,1.774610996246338
bbag094_zeisel_cell_00228,1,1,4,1,1.216595,-5.8193316,227,1.854972004890442
bbag094_zeisel_cell_00229,1,1,4,1,-1.0079583,-5.4148717,228,1.2751874923706057
bbag094_zeisel_cell_00230,1,1,4,1,-0.98832077,-5.4105506,229,0.958881378173828
bbag094_zeisel_cell_00231,1,1,4,1,-1.1565548,-5.5506635,230,1.259071946144104
bbag094_zeisel_cell_00232,1,1,4,1,-1.0623858,-5.4674606,231,1.037875413894653
bbag094_zeisel_cell_00233,1,1,5,7,18.127235,-15.39172,232,1.33902108669281
bbag094_zeisel_cell_00234,1,1,4,1,-1.0433874,-5.447723,233,1.0527931451797483
bbag094_zeisel_cell_00235,1,1,4,1,1.0891048,-5.3779287,234,2.0001320838928223
bbag094_zeisel_cell_00236,1,1,4,1,2.0196984,-5.4357233,235,1.3254717588424685
bbag094_zeisel_cell_00237,1,1,4,1,1.3349912,-5.826222,236,0.8400750756263733
bbag094_zeisel_cell_00238,1,1,4,1,1.3133403,-5.8430743,237,0.916713535785675
bbag094_zeisel_cell_00239,1,1,4,1,1.5252296,-5.781206,238,2.0098578929901123
bbag094_zeisel_cell_00240,1,1,4,1,1.979892,-5.4829497,239,1.454441785812378
bbag094_zeisel_cell_00241,1,1,4,1,1.2355636,-5.7971025,240,2.1031839847564697
bbag094_zeisel_cell_00242,1,1,4,1,0.83396715,-5.464676,241,1.0206505060195925
bbag094_zeisel_cell_00243,1,1,4,1,0.8567233,-5.4324365,242,1.2925676107406616
bbag094_zeisel_cell_00244,1,1,4,1,1.3513688,-5.820725,243,0.844996452331543
bbag094_zeisel_cell_00245,1,1,4,1,1.8934269,-5.530877,244,1.1002734899520874
bbag094_zeisel_cell_00246,1,1,4,1,1.3005764,-5.8313785,245,0.9916508793830872
bbag094_zeisel_cell_00247,1,1,4,1,1.666576,-5.6095004,246,0.993882179260254
bbag094_zeisel_cell_00248,1,1,4,1,1.3008703,-5.889993,247,1.2881460189819336
bbag094_zeisel_cell_00249,1,1,6,5,17.857718,-6.101378,248,2.33571457862854
bbag094_zeisel_cell_00250,1,1,4,1,1.2724372,-5.762848,249,1.9427218437194824
bbag094_zeisel_cell_00251,1,1,4,1,1.6320163,-5.47687,250,1.4515511989593506
bbag094_zeisel_cell_00252,1,1,4,1,1.2600988,-5.8361354,251,1.1696736812591553
bbag094_zeisel_cell_00253,1,1,4,1,1.3377364,-5.831926,252,0.9412161707878112
bbag094_zeisel_cell_00254,1,1,4,1,2.1137607,-5.5332985,253,1.508712649345398
bbag094_zeisel_cell_00255,1,1,4,1,-0.10960908,-4.3293295,254,0.9657975435256958
bbag094_zeisel_cell_00256,1,1,3,2,21.323275,-10.68864,255,1.9815795421600344
bbag094_zeisel_cell_00257,1,1,4,1,0.16122523,-4.849559,256,1.0221623182296753
bbag094_zeisel_cell_00258,1,1,4,1,-0.20472008,-4.268508,257,1.0226894617080688
bbag094_zeisel_cell_00259,1,1,4,1,2.255594,-5.351415,258,2.0920755863189697
bbag094_zeisel_cell_00260,1,1,0,3,11.712261,-5.34582,259,0.3845422863960266
bbag094_zeisel_cell_00261,1,1,4,1,-0.10095941,-4.4130764,260,1.0497812032699585
bbag094_zeisel_cell_00262,1,1,4,1,0.82689905,-5.4444594,261,0.979921579360962
bbag094_zeisel_cell_00263,1,1,4,1,-0.28254193,-4.211158,262,0.9103906750679016
bbag094_zeisel_cell_00264,1,1,4,1,3.569506,-4.949529,263,1.4929975271224976
bbag094_zeisel_cell_00265,1,1,4,1,3.539187,-4.988601,264,1.9809540510177608
bbag094_zeisel_cell_00266,1,1,4,1,3.5699117,-4.958704,265,1.5041145086288452
bbag094_zeisel_cell_00267,1,1,4,1,0.17128228,-4.9247184,266,0.997751772403717
bbag094_zeisel_cell_00268,1,1,9,8,10.518783,-8.747203,267,3.0590591430664062
bbag094_zeisel_cell_00269,1,1,4,1,-0.10252715,-4.5227404,268,1.0566723346710205
bbag094_zeisel_cell_00270,1,1,4,1,0.5716115,-5.382438,269,1.5821833610534668
bbag094_zeisel_cell_00271,1,1,4,1,2.0911682,-5.5062957,270,1.2276359796524048
bbag094_zeisel_cell_00272,1,1,4,1,0.85462016,-5.5251536,271,0.9438443183898926
bbag094_zeisel_cell_00273,1,1,4,1,3.3888693,-5.109507,272,1.829328775405884
bbag094_zeisel_cell_00274,1,1,4,1,-0.12577747,-4.410237,273,1.090229630470276
bbag094_zeisel_cell_00275,1,1,4,1,-0.013649662,-4.7123184,274,0.9195544123649596
bbag094_zeisel_cell_00276,1,1,4,1,2.9548645,-5.226469,275,1.1852675676345823
bbag094_zeisel_cell_00277,1,1,4,1,-1.0524943,-5.4439173,276,0.987748086452484
bbag094_zeisel_cell_00278,1,1,4,1,1.8323914,-5.4746323,277,1.2425035238265991
bbag094_zeisel_cell_00279,1,1,4,1,3.4022734,-5.0867333,278,1.8008685111999512
bbag094_zeisel_cell_00280,1,1,4,1,1.9218383,-5.644234,279,1.1841667890548706
bbag094_zeisel_cell_00281,1,1,4,1,3.1839402,-5.192259,280,1.4673080444335938
bbag094_zeisel_cell_00282,1,1,4,1,2.2991629,-5.3601723,281,1.947403907775879
bbag094_zeisel_cell_00283,1,1,4,1,1.916042,-5.637399,282,0.991185188293457
bbag094_zeisel_cell_00284,1,1,4,1,1.3074373,-5.7676344,283,0.854890763759613
bbag094_zeisel_cell_00285,1,1,4,1,2.0778925,-5.532871,284,1.2429929971694946
bbag094_zeisel_cell_00286,1,1,4,1,1.9075475,-5.6385336,285,0.896586537361145
bbag094_zeisel_cell_00287,1,1,4,1,2.0793314,-5.595075,286,1.114309787750244
bbag094_zeisel_cell_00288,1,1,4,1,2.3135169,-5.412915,287,1.166643738746643
bbag094_zeisel_cell_00289,1,1,4,1,1.2561547,-5.8661814,288,0.8909735083580017
bbag094_zeisel_cell_00290,1,1,4,1,1.3427595,-5.816291,289,0.98495751619339
bbag094_zeisel_cell_00291,1,1,4,1,1.2791392,-5.8618965,290,1.2606565952301023
bbag094_zeisel_cell_00292,2,2,3,2,21.351868,-10.272682,291,0.3845422863960266
bbag094_zeisel_cell_00293,2,2,3,2,21.579369,-10.168325,292,0.4355190992355346
bbag094_zeisel_cell_00294,2,2,3,2,21.751478,-11.3354,293,0.4350613355636596
bbag094_zeisel_cell_00295,2,2,3,2,25.050041,-10.985847,294,1.6948026418685913
bbag094_zeisel_cell_00296,2,2,3,2,21.918268,-11.569881,295,1.019654631614685
bbag094_zeisel_cell_00297,2,2,3,2,21.588926,-11.502684,296,0.3845422863960266
bbag094_zeisel_cell_00298,2,2,3,2,21.513567,-10.001935,297,0.3845422863960266
bbag094_zeisel_cell_00299,2,2,3,2,21.824461,-11.50256,298,0.3845422863960266
bbag094_zeisel_cell_00300,2,2,3,2,21.835682,-11.489472,299,0.3845422863960266
bbag094_zeisel_cell_00301,2,2,1,4,14.594864,-9.757618,300,0.5011898279190063
bbag094_zeisel_cell_00302,2,2,3,2,21.576645,-10.257977,301,0.3845422863960266
bbag094_zeisel_cell_00303,2,2,3,2,21.574835,-10.251537,302,0.3845422863960266
bbag094_zeisel_cell_00304,2,2,3,2,21.846048,-11.539635,303,0.3845422863960266
bbag094_zeisel_cell_00305,2,2,3,2,21.398016,-9.777847,304,0.3845422863960266
bbag094_zeisel_cell_00306,2,2,6,5,17.582697,-6.4433184,305,2.37495231628418
bbag094_zeisel_cell_00307,2,2,3,2,21.84594,-11.551729,306,0.5606767535209656
bbag094_zeisel_cell_00308,2,2,3,2,21.586052,-10.184906,307,0.3869554400444031
bbag094_zeisel_cell_00309,2,2,2,6,22.042519,-11.496745,308,1.5848379135131836
bbag094_zeisel_cell_00310,2,2,3,2,21.508865,-10.10158,309,0.3845422863960266
bbag094_zeisel_cell_00311,2,2,3,2,21.47397,-10.112303,310,1.057736873626709
bbag094_zeisel_cell_00312,2,2,1,4,14.490527,-9.75706,311,0.6420546770095825
bbag094_zeisel_cell_00313,2,2,3,2,21.457993,-9.887152,312,0.3845422863960266
bbag094_zeisel_cell_00314,2,2,3,2,21.442131,-9.876098,313,0.3845422863960266
bbag094_zeisel_cell_00315,2,2,3,2,21.540253,-10.133251,314,0.3845422863960266
bbag094_zeisel_cell_00316,2,2,5,7,18.68948,-13.21524,315,1.3736419677734375
bbag094_zeisel_cell_00317,2,2,3,2,21.546194,-10.604412,316,1.3158260583877563
bbag094_zeisel_cell_00318,2,2,3,2,21.517447,-10.224782,317,0.3845422863960266
bbag094_zeisel_cell_00319,2,2,3,2,21.851456,-11.502646,318,0.3845422863960266
bbag094_zeisel_cell_00320,2,2,3,2,21.529552,-10.016817,319,0.3845422863960266
bbag094_zeisel_cell_00321,2,2,6,5,17.645561,-6.3307714,320,2.37495231628418
bbag094_zeisel_cell_00322,2,2,3,2,21.811611,-11.605891,321,0.7180292010307312
bbag094_zeisel_cell_00323,2,2,1,4,11.551029,-11.418917,322,0.6692092418670654
bbag094_zeisel_cell_00324,2,2,3,2,20.95175,-10.254078,323,0.3845422863960266
bbag094_zeisel_cell_00325,2,2,3,2,21.357231,-10.310756,324,0.3845422863960266
bbag094_zeisel_cell_00326,2,2,3,2,21.07756,-10.01899,325,0.3845422863960266
bbag094_zeisel_cell_00327,2,2,3,2,21.294886,-9.796359,326,0.3845422863960266
bbag094_zeisel_cell_00328,2,2,3,2,21.078281,-9.998063,327,0.3845422863960266
bbag094_zeisel_cell_00329,2,2,3,2,20.99997,-10.011941,328,0.4677700102329254
bbag094_zeisel_cell_00330,2,2,3,2,21.368624,-9.754312,329,0.3845422863960266
bbag094_zeisel_cell_00331,2,2,3,2,21.427761,-9.875415,330,0.4162026345729828
bbag094_zeisel_cell_00332,2,2,3,2,21.339375,-9.719489,331,0.3845422863960266
bbag094_zeisel_cell_00333,2,2,3,2,21.502316,-9.87585,332,0.3845422863960266
bbag094_zeisel_cell_00334,2,2,3,2,21.325897,-9.869411,333,0.3845422863960266
bbag094_zeisel_cell_00335,2,2,3,2,21.301714,-10.176453,334,0.3845422863960266
bbag094_zeisel_cell_00336,2,2,3,2,21.32373,-10.104407,335,0.3845422863960266
bbag094_zeisel_cell_00337,2,2,3,2,21.033722,-10.040302,336,0.3845422863960266
bbag094_zeisel_cell_00338,2,2,3,2,21.07074,-10.110732,337,0.3845422863960266
bbag094_zeisel_cell_00339,2,2,3,2,21.272362,-9.883316,338,0.3845422863960266
bbag094_zeisel_cell_00340,2,2,3,2,21.30735,-10.23241,339,0.3845422863960266
bbag094_zeisel_cell_00341,2,2,3,2,21.270754,-9.898833,340,0.3845422863960266
bbag094_zeisel_cell_00342,2,2,3,2,21.271255,-9.832152,341,0.3845422863960266
bbag094_zeisel_cell_00343,2,2,3,2,21.311459,-9.787646,342,0.3845422863960266
bbag094_zeisel_cell_00344,2,2,2,6,26.243513,-10.542807,343,1.532152771949768
bbag094_zeisel_cell_00345,2,2,1,4,14.5515,-9.844449,344,0.6443580389022827
bbag094_zeisel_cell_00346,2,2,3,2,21.657335,-11.419173,345,0.3845422863960266
bbag094_zeisel_cell_00347,2,2,3,2,21.042572,-10.080444,346,0.3845422863960266
bbag094_zeisel_cell_00348,2,2,3,2,21.371885,-10.072502,347,0.5040351748466492
bbag094_zeisel_cell_00349,2,2,1,4,14.47694,-9.666412,348,1.925657629966736
bbag094_zeisel_cell_00350,2,2,2,6,23.790495,-11.34952,349,1.937352418899536
bbag094_zeisel_cell_00351,2,2,3,2,21.043638,-11.357314,350,0.3845422863960266
bbag094_zeisel_cell_00352,2,2,3,2,21.738771,-11.656284,351,0.3932329416275024
bbag094_zeisel_cell_00353,2,2,3,2,21.21538,-10.022451,352,0.3845422863960266
bbag094_zeisel_cell_00354,2,2,3,2,21.523172,-11.5492735,353,0.4028051495552063
bbag094_zeisel_cell_00355,2,2,3,2,21.563717,-11.418412,354,0.3845422863960266
bbag094_zeisel_cell_00356,2,2,3,2,21.84912,-11.618043,355,1.2647082805633545
bbag094_zeisel_cell_00357,2,2,3,2,21.711792,-11.306919,356,0.9480087161064148
bbag094_zeisel_cell_00358,2,2,3,2,21.795883,-11.423498,357,0.6667230129241943
bbag094_zeisel_cell_00359,2,2,3,2,21.13674,-10.534172,358,0.3845422863960266
bbag094_zeisel_cell_00360,2,2,3,2,25.795301,-10.579815,359,1.7103339433670044
bbag094_zeisel_cell_00361,2,2,3,2,21.23635,-10.811913,360,0.3845422863960266
bbag094_zeisel_cell_00362,2,2,3,2,20.971672,-11.364736,361,0.3845422863960266
bbag094_zeisel_cell_00363,2,2,3,2,21.144592,-10.7852335,362,0.3845422863960266
bbag094_zeisel_cell_00364,2,2,3,2,21.87689,-11.494124,363,0.7259710431098938
bbag094_zeisel_cell_00365,2,2,3,2,21.422338,-10.494579,364,1.1433095932006836
bbag094_zeisel_cell_00366,2,2,2,6,25.467016,-11.332032,365,1.5707521438598633
bbag094_zeisel_cell_00367,2,2,3,2,21.695923,-11.259965,366,0.3845422863960266
bbag094_zeisel_cell_00368,2,2,3,2,21.268566,-10.617637,367,0.3845422863960266
bbag094_zeisel_cell_00369,2,2,3,2,21.440107,-10.773864,368,0.3845422863960266
bbag094_zeisel_cell_00370,2,2,3,2,21.326391,-10.707555,369,0.3845422863960266
bbag094_zeisel_cell_00371,2,2,3,2,21.563013,-10.245878,370,0.3845422863960266
bbag094_zeisel_cell_00372,2,2,3,2,21.702066,-11.3579855,371,0.3845422863960266
bbag094_zeisel_cell_00373,2,2,1,4,14.606147,-9.642074,372,2.501277208328247
bbag094_zeisel_cell_00374,2,2,3,2,21.176346,-11.384849,373,0.3845422863960266
bbag094_zeisel_cell_00375,2,2,3,2,21.82921,-11.53083,374,0.3845422863960266
bbag094_zeisel_cell_00376,2,2,3,2,21.410585,-11.290949,375,0.3845422863960266
bbag094_zeisel_cell_00377,2,2,6,5,17.88055,-6.194187,376,2.023301839828491
bbag094_zeisel_cell_00378,2,2,3,2,21.394062,-10.7571945,377,0.3845422863960266
bbag094_zeisel_cell_00379,2,2,3,2,21.818264,-11.449056,378,0.5724805593490601
bbag094_zeisel_cell_00380,2,2,3,2,21.497065,-10.594684,379,0.3845422863960266
bbag094_zeisel_cell_00381,2,2,1,4,14.600417,-9.747803,380,0.5565984845161438
bbag094_zeisel_cell_00382,2,2,3,2,21.491531,-10.719323,381,0.3845422863960266
bbag094_zeisel_cell_00383,2,2,7,9,16.615894,-6.528769,382,2.37495231628418
bbag094_zeisel_cell_00384,2,2,3,2,21.568935,-10.541632,383,0.3845422863960266
bbag094_zeisel_cell_00385,2,2,3,2,21.804558,-11.506851,384,0.6438883543014526
bbag094_zeisel_cell_00386,2,2,3,2,21.573956,-10.347619,385,0.3845422863960266
bbag094_zeisel_cell_00387,2,2,3,2,21.933245,-11.533103,386,0.4026219546794891
bbag094_zeisel_cell_00388,2,2,1,4,14.46842,-9.790736,387,0.5564507842063904
bbag094_zeisel_cell_00389,2,2,3,2,20.989565,-10.497682,388,0.3845422863960266
bbag094_zeisel_cell_00390,2,2,3,2,21.056162,-11.094751,389,0.3845422863960266
bbag094_zeisel_cell_00391,2,2,3,2,21.049252,-10.983563,390,0.3845422863960266
bbag094_zeisel_cell_00392,2,2,3,2,21.15381,-10.159599,391,0.3845422863960266
bbag094_zeisel_cell_00393,2,2,3,2,21.116657,-10.303085,392,0.3845422863960266
bbag094_zeisel_cell_00394,2,2,3,2,20.936817,-11.544601,393,0.3845422863960266
bbag094_zeisel_cell_00395,2,2,1,4,14.44378,-9.543785,394,1.9471491575241089
bbag094_zeisel_cell_00396,2,2,3,2,21.089762,-10.896591,395,0.3845422863960266
bbag094_zeisel_cell_00397,2,2,3,2,21.234255,-10.2331085,396,0.3845422863960266
bbag094_zeisel_cell_00398,2,2,3,2,21.261757,-10.418436,397,0.3845422863960266
bbag094_zeisel_cell_00399,2,2,3,2,21.0507,-10.633292,398,0.4367800652980804
bbag094_zeisel_cell_00400,2,2,3,2,20.892504,-11.109686,399,0.3845422863960266
bbag094_zeisel_cell_00401,2,2,3,2,21.152475,-10.759037,400,0.3845422863960266
bbag094_zeisel_cell_00402,2,2,5,7,18.717163,-13.560224,401,2.024531841278076
bbag094_zeisel_cell_00403,2,2,3,2,21.126545,-11.320383,402,0.3845422863960266
bbag094_zeisel_cell_00404,2,2,2,6,24.31217,-11.921152,403,1.825008988380432
bbag094_zeisel_cell_00405,2,2,3,2,21.562006,-10.55555,404,0.3845422863960266
bbag094_zeisel_cell_00406,2,2,3,2,21.018728,-11.274631,405,0.3845422863960266
bbag094_zeisel_cell_00407,2,2,3,2,20.82235,-10.851212,406,0.3845422863960266
bbag094_zeisel_cell_00408,2,2,3,2,20.832556,-10.436233,407,0.3845422863960266
bbag094_zeisel_cell_00409,2,2,3,2,20.842499,-10.753271,408,0.3845422863960266
bbag094_zeisel_cell_00410,2,2,3,2,21.106905,-10.473172,409,0.3845422863960266
bbag094_zeisel_cell_00411,2,2,3,2,20.905855,-10.290076,410,0.3845422863960266
bbag094_zeisel_cell_00412,2,2,3,2,20.8651,-10.514939,411,0.3845422863960266
bbag094_zeisel_cell_00413,2,2,3,2,21.10152,-10.44326,412,0.3845422863960266
bbag094_zeisel_cell_00414,2,2,3,2,20.922087,-10.726353,413,0.3845422863960266
bbag094_zeisel_cell_00415,2,2,2,6,25.91395,-10.608551,414,1.406516194343567
bbag094_zeisel_cell_00416,2,2,3,2,20.93285,-11.327239,415,0.3845422863960266
bbag094_zeisel_cell_00417,2,2,3,2,21.043837,-10.897119,416,0.3845422863960266
bbag094_zeisel_cell_00418,2,2,1,4,14.389447,-9.585413,417,0.9662636518478394
bbag094_zeisel_cell_00419,2,2,3,2,21.092682,-10.694496,418,0.3845422863960266
bbag094_zeisel_cell_00420,2,2,3,2,21.071838,-10.215226,419,0.3845422863960266
bbag094_zeisel_cell_00421,2,2,3,2,21.385958,-10.48798,420,0.3845422863960266
bbag094_zeisel_cell_00422,2,2,3,2,21.011147,-10.114697,421,0.3845422863960266
bbag094_zeisel_cell_00423,2,2,2,6,26.282408,-10.781024,422,1.4289600849151611
bbag094_zeisel_cell_00424,2,2,3,2,21.297998,-10.826146,423,0.3845422863960266
bbag094_zeisel_cell_00425,2,2,3,2,20.928017,-10.233759,424,0.3845422863960266
bbag094_zeisel_cell_00426,2,2,2,6,26.145226,-10.527252,425,1.6657490730285645
bbag094_zeisel_cell_00427,2,2,3,2,21.054024,-10.893105,426,0.3845422863960266
bbag094_zeisel_cell_00428,2,2,3,2,20.928904,-10.725273,427,0.3845422863960266
bbag094_zeisel_cell_00429,2,2,3,2,21.25661,-10.057941,428,0.3845422863960266
bbag094_zeisel_cell_00430,2,2,2,6,24.491629,-12.051043,429,1.6547966003417969
bbag094_zeisel_cell_00431,2,2,3,2,21.156137,-10.520323,430,0.3845422863960266
bbag094_zeisel_cell_00432,2,2,3,2,21.085625,-10.708557,431,0.3845422863960266
bbag094_zeisel_cell_00433,2,2,10,unknown,15.9022665,-11.4574375,432,2.062971353530884
bbag094_zeisel_cell_00434,2,2,2,6,24.935984,-11.567707,433,1.7695441246032717
bbag094_zeisel_cell_00435,2,2,3,2,21.46408,-10.915268,434,0.3845422863960266
bbag094_zeisel_cell_00436,2,2,2,6,25.86743,-10.641497,435,1.729642033576965
bbag094_zeisel_cell_00437,2,2,3,2,21.136385,-10.571865,436,0.403004914522171
bbag094_zeisel_cell_00438,2,2,3,2,20.900692,-10.2931795,437,0.3845422863960266
bbag094_zeisel_cell_00439,2,2,3,2,20.966503,-10.177019,438,0.3845422863960266
bbag094_zeisel_cell_00440,2,2,3,2,21.233442,-10.010514,439,0.3845422863960266
bbag094_zeisel_cell_00441,2,2,3,2,21.121677,-10.29531,440,0.3845422863960266
bbag094_zeisel_cell_00442,2,2,3,2,21.412626,-10.05142,441,0.3845422863960266
bbag094_zeisel_cell_00443,2,2,2,6,25.9732,-10.646577,442,1.5031898021697998
bbag094_zeisel_cell_00444,2,2,1,4,14.420463,-9.531064,443,0.6338390111923218
bbag094_zeisel_cell_00445,2,2,3,2,21.131416,-10.246849,444,0.3845422863960266
bbag094_zeisel_cell_00446,2,2,3,2,20.832357,-10.385884,445,0.3845422863960266
bbag094_zeisel_cell_00447,2,2,3,2,21.050482,-10.198306,446,0.3845422863960266
bbag094_zeisel_cell_00448,2,2,3,2,21.074905,-10.6374235,447,0.3845422863960266
bbag094_zeisel_cell_00449,2,2,3,2,20.94684,-10.083583,448,0.3845422863960266
bbag094_zeisel_cell_00450,2,2,2,6,25.924837,-10.609929,449,1.4408854246139526
bbag094_zeisel_cell_00451,2,2,3,2,20.86504,-10.201976,450,0.3845422863960266
bbag094_zeisel_cell_00452,2,2,2,6,26.091368,-10.74801,451,1.3876663446426392
bbag094_zeisel_cell_00453,2,2,3,2,21.14531,-11.253254,452,1.358675479888916
bbag094_zeisel_cell_00454,2,2,3,2,21.17764,-10.873585,453,0.3845422863960266
bbag094_zeisel_cell_00455,2,2,3,2,20.901709,-10.278603,454,0.3845422863960266
bbag094_zeisel_cell_00456,2,2,3,2,20.83458,-10.453873,455,0.3845422863960266
bbag094_zeisel_cell_00457,2,2,3,2,20.997595,-11.07845,456,0.3845422863960266
bbag094_zeisel_cell_00458,2,2,1,4,14.418973,-9.5260515,457,1.178155541419983
bbag094_zeisel_cell_00459,2,2,3,2,21.39919,-10.537599,458,0.3845422863960266
bbag094_zeisel_cell_00460,2,2,3,2,20.926151,-10.260479,459,0.3845422863960266
bbag094_zeisel_cell_00461,2,2,3,2,21.06052,-11.73887,460,0.3845422863960266
bbag094_zeisel_cell_00462,2,2,3,2,20.9356,-10.183535,461,0.3845422863960266
bbag094_zeisel_cell_00463,2,2,3,2,21.091091,-10.0818405,462,0.3845422863960266
bbag094_zeisel_cell_00464,2,2,6,5,17.923988,-6.1852174,463,2.110419988632202
bbag094_zeisel_cell_00465,2,2,3,2,21.077188,-10.699785,464,0.3845422863960266
bbag094_zeisel_cell_00466,2,2,3,2,21.15252,-11.264632,465,0.3845422863960266
bbag094_zeisel_cell_00467,2,2,3,2,21.117733,-10.823203,466,0.3845422863960266
bbag094_zeisel_cell_00468,2,2,3,2,20.828747,-10.821586,467,0.3845422863960266
bbag094_zeisel_cell_00469,2,2,3,2,20.855925,-11.006065,468,0.3845422863960266
bbag094_zeisel_cell_00470,2,2,3,2,21.793348,-13.350765,469,1.8858555555343628
bbag094_zeisel_cell_00471,2,2,3,2,21.722015,-13.285153,470,1.5047742128372192
bbag094_zeisel_cell_00472,2,2,3,2,21.784958,-13.277833,471,1.7868300676345823
bbag094_zeisel_cell_00473,2,2,3,2,21.849773,-13.369153,472,0.3845422863960266
bbag094_zeisel_cell_00474,2,2,3,2,21.784323,-12.865933,473,0.6429205536842346
bbag094_zeisel_cell_00475,2,2,3,2,21.764683,-13.2933655,474,1.940893650054932
bbag094_zeisel_cell_00476,2,2,3,2,21.82082,-13.312741,475,1.6205497980117798
bbag094_zeisel_cell_00477,2,2,7,9,16.622063,-6.530401,476,2.323085308074951
bbag094_zeisel_cell_00478,2,2,3,2,21.909975,-13.417338,477,0.3845422863960266
bbag094_zeisel_cell_00479,2,2,3,2,22.138065,-12.732268,478,1.42475426197052
bbag094_zeisel_cell_00480,2,2,3,2,21.709833,-13.211858,479,1.6000524759292605
bbag094_zeisel_cell_00481,2,2,3,2,21.831978,-13.423844,480,0.8496869206428528
bbag094_zeisel_cell_00482,2,2,2,6,26.539047,-10.33225,481,1.6781278848648071
bbag094_zeisel_cell_00483,2,2,3,2,21.852644,-13.427467,482,1.70716392993927
bbag094_zeisel_cell_00484,2,2,3,2,21.869347,-13.427511,483,0.3845422863960266
bbag094_zeisel_cell_00485,2,2,3,2,21.846804,-13.406192,484,1.550134539604187
bbag094_zeisel_cell_00486,2,2,3,2,21.832008,-13.418782,485,0.5104801654815674
bbag094_zeisel_cell_00487,2,2,3,2,21.78862,-13.332661,486,1.0526467561721802
bbag094_zeisel_cell_00488,2,2,3,2,21.850296,-13.3852215,487,1.8051531314849851
bbag094_zeisel_cell_00489,2,2,3,2,21.847694,-13.378454,488,0.4870947301387787
bbag094_zeisel_cell_00490,2,2,3,2,21.771889,-13.377611,489,1.1605716943740845
bbag094_zeisel_cell_00491,2,2,3,2,21.851248,-13.337636,490,0.3845422863960266
bbag094_zeisel_cell_00492,2,2,3,2,21.86027,-13.4095955,491,0.3845422863960266
bbag094_zeisel_cell_00493,2,2,3,2,21.883705,-13.445507,492,0.3845422863960266
bbag094_zeisel_cell_00494,2,2,3,2,21.795473,-13.490941,493,2.069469928741455
bbag094_zeisel_cell_00495,2,2,3,2,21.379112,-12.545383,494,1.4200836420059204
bbag094_zeisel_cell_00496,2,2,1,4,14.580457,-9.663876,495,1.7413254976272583
bbag094_zeisel_cell_00497,2,2,3,2,21.876646,-12.784869,496,0.4205324947834015
bbag094_zeisel_cell_00498,2,2,2,6,26.473007,-10.81266,497,1.3234065771102903
bbag094_zeisel_cell_00499,2,2,2,6,21.966995,-12.714707,498,1.530930757522583
bbag094_zeisel_cell_00500,2,2,5,7,18.53121,-13.62895,499,1.100343108177185
bbag094_zeisel_cell_00501,2,2,3,2,21.852266,-12.783344,500,0.4041016399860382
bbag094_zeisel_cell_00502,2,2,2,6,26.37835,-10.705191,501,1.3731776475906372
bbag094_zeisel_cell_00503,2,2,3,2,21.89427,-12.824769,502,1.6585577726364136
bbag094_zeisel_cell_00504,2,2,3,2,21.765404,-12.757348,503,0.3921388685703277
bbag094_zeisel_cell_00505,2,2,2,6,24.465403,-12.06784,504,1.8169649839401243
bbag094_zeisel_cell_00506,2,2,3,2,21.786833,-12.954787,505,0.3951656520366668
bbag094_zeisel_cell_00507,2,2,3,2,21.882578,-12.737435,506,0.8359179496765137
bbag094_zeisel_cell_00508,2,2,3,2,21.820261,-12.97743,507,0.4395366609096527
bbag094_zeisel_cell_00509,2,2,2,6,26.051296,-10.522889,508,1.5369778871536257
bbag094_zeisel_cell_00510,2,2,3,2,21.801445,-12.693408,509,0.3845422863960266
bbag094_zeisel_cell_00511,2,2,3,2,21.858273,-12.780281,510,0.3845422863960266
bbag094_zeisel_cell_00512,2,2,5,7,18.69622,-13.466961,511,1.828113675117493
bbag094_zeisel_cell_00513,2,2,1,4,14.854621,-9.6811905,512,0.6581350564956665
bbag094_zeisel_cell_00514,2,2,2,6,24.247282,-11.959928,513,1.8048912286758425
bbag094_zeisel_cell_00515,2,2,1,4,14.767575,-9.549841,514,0.6237351894378662
bbag094_zeisel_cell_00516,2,2,3,2,21.875525,-12.843406,515,0.9953270554542542
bbag094_zeisel_cell_00517,2,2,3,2,21.384018,-12.586587,516,0.3912104368209839
bbag094_zeisel_cell_00518,2,2,3,2,21.644058,-12.599242,517,0.3845422863960266
bbag094_zeisel_cell_00519,2,2,3,2,21.874311,-12.825038,518,0.4882047176361084
bbag094_zeisel_cell_00520,2,2,3,2,21.848886,-12.620031,519,0.392718642950058
bbag094_zeisel_cell_00521,2,2,3,2,21.828575,-12.929162,520,0.5305920839309692
bbag094_zeisel_cell_00522,2,2,3,2,21.708946,-12.670216,521,0.3984158039093017
bbag094_zeisel_cell_00523,2,2,3,2,21.332651,-12.571427,522,0.3845422863960266
bbag094_zeisel_cell_00524,2,2,1,4,14.794894,-9.553383,523,0.8403277397155762
bbag094_zeisel_cell_00525,2,2,3,2,21.090992,-11.738628,524,0.3845422863960266
bbag094_zeisel_cell_00526,2,2,3,2,21.315388,-12.514452,525,0.3845422863960266
bbag094_zeisel_cell_00527,2,2,3,2,21.182163,-12.419333,526,0.3845422863960266
bbag094_zeisel_cell_00528,2,2,0,3,11.735355,-5.1702867,527,1.2234739065170288
bbag094_zeisel_cell_00529,2,2,3,2,20.991722,-11.459545,528,0.3845422863960266
bbag094_zeisel_cell_00530,2,2,3,2,20.888943,-11.550644,529,0.3845422863960266
bbag094_zeisel_cell_00531,2,2,3,2,21.0537,-11.834985,530,0.3845422863960266
bbag094_zeisel_cell_00532,2,2,3,2,21.006561,-12.046392,531,0.3845422863960266
bbag094_zeisel_cell_00533,2,2,3,2,21.3349,-12.512014,532,0.3845422863960266
bbag094_zeisel_cell_00534,2,2,3,2,21.33486,-12.54426,533,0.3845422863960266
bbag094_zeisel_cell_00535,2,2,3,2,21.791319,-12.6931505,534,0.3963383436203003
bbag094_zeisel_cell_00536,2,2,3,2,21.359226,-12.566002,535,0.3845422863960266
bbag094_zeisel_cell_00537,2,2,3,2,21.078562,-12.045121,536,0.3845422863960266
bbag094_zeisel_cell_00538,2,2,3,2,21.905903,-12.518677,537,1.8245670795440676
bbag094_zeisel_cell_00539,2,2,5,7,18.363464,-13.713706,538,0.8986111283302307
bbag094_zeisel_cell_00540,2,2,3,2,21.353634,-12.555422,539,0.3845422863960266
bbag094_zeisel_cell_00541,2,2,3,2,21.31679,-12.5385895,540,0.3845422863960266
bbag094_zeisel_cell_00542,2,2,1,4,14.7471075,-9.4447565,541,2.0113863945007324
bbag094_zeisel_cell_00543,2,2,3,2,21.573814,-11.8997755,542,0.4482892155647278
bbag094_zeisel_cell_00544,2,2,3,2,21.352037,-12.548216,543,0.3845422863960266
bbag094_zeisel_cell_00545,2,2,3,2,21.789991,-12.744244,544,0.3845422863960266
bbag094_zeisel_cell_00546,2,2,3,2,24.012466,-11.3671055,545,1.9127799272537231
bbag094_zeisel_cell_00547,2,2,3,2,20.931074,-11.56978,546,0.4768906533718109
bbag094_zeisel_cell_00548,2,2,3,2,21.702702,-13.215142,547,1.811935782432556
bbag094_zeisel_cell_00549,2,2,3,2,21.079544,-11.824038,548,0.3845422863960266
bbag094_zeisel_cell_00550,2,2,3,2,20.962036,-11.934638,549,0.7493796348571777
bbag094_zeisel_cell_00551,2,2,3,2,20.869532,-11.952739,550,1.5389307737350464
bbag094_zeisel_cell_00552,2,2,3,2,21.726938,-13.235591,551,1.6734877824783323
bbag094_zeisel_cell_00553,2,2,3,2,21.756538,-13.301822,552,1.854308843612671
bbag094_zeisel_cell_00554,2,2,3,2,21.040518,-11.843706,553,0.3845422863960266
bbag094_zeisel_cell_00555,2,2,5,7,18.709423,-13.441076,554,2.0098578929901123
bbag094_zeisel_cell_00556,2,2,1,4,14.744057,-9.478553,555,1.7343568801879885
bbag094_zeisel_cell_00557,2,2,3,2,21.74863,-13.234393,556,1.5814861059188845
bbag094_zeisel_cell_00558,2,2,3,2,21.740763,-13.228052,557,1.682874321937561
bbag094_zeisel_cell_00559,2,2,5,7,18.960077,-13.756469,558,1.891255617141724
bbag094_zeisel_cell_00560,2,2,3,2,20.870552,-11.49074,559,1.474835753440857
bbag094_zeisel_cell_00561,2,2,1,4,14.602854,-9.490016,560,1.3274942636489868
bbag094_zeisel_cell_00562,2,2,5,7,18.78424,-13.144794,561,1.588748574256897
bbag094_zeisel_cell_00563,2,2,1,4,14.558016,-9.5837145,562,1.9676666259765625
bbag094_zeisel_cell_00564,2,2,3,2,21.356352,-11.349658,563,2.1101624965667725
bbag094_zeisel_cell_00565,2,2,1,4,14.636932,-9.494999,564,2.062971353530884
bbag094_zeisel_cell_00566,2,2,3,2,21.65107,-12.694179,565,0.3845422863960266
bbag094_zeisel_cell_00567,2,2,6,5,17.9453,-6.158136,566,1.8463729619979856
bbag094_zeisel_cell_00568,2,2,1,4,14.448271,-9.667716,567,0.8908485174179077
bbag094_zeisel_cell_00569,2,2,1,4,14.627549,-9.487595,568,2.2541418075561523
bbag094_zeisel_cell_00570,2,2,3,2,21.242174,-11.8259325,569,0.3845422863960266
bbag094_zeisel_cell_00571,2,2,3,2,21.213865,-12.291545,570,0.3845422863960266
bbag094_zeisel_cell_00572,2,2,4,1,-0.86149925,-5.3241754,571,1.1460150480270386
bbag094_zeisel_cell_00573,2,2,2,6,25.582296,-10.585304,572,1.4441970586776731
bbag094_zeisel_cell_00574,2,2,3,2,21.341747,-10.814884,573,0.3845422863960266
bbag094_zeisel_cell_00575,2,2,5,7,18.487186,-13.282214,574,1.5278396606445312
bbag094_zeisel_cell_00576,2,2,1,4,14.331806,-9.609263,575,0.7953111529350281
bbag094_zeisel_cell_00577,2,2,5,7,18.813822,-13.481369,576,2.069469928741455
bbag094_zeisel_cell_00578,2,2,3,2,21.607271,-12.872363,577,0.3845422863960266
bbag094_zeisel_cell_00579,2,2,3,2,21.314728,-10.88476,578,0.3907183706760406
bbag094_zeisel_cell_00580,2,2,5,7,18.224041,-15.277274,579,1.0507394075393677
bbag094_zeisel_cell_00581,2,2,3,2,21.878942,-13.027642,580,0.3845422863960266
bbag094_zeisel_cell_00582,2,2,1,4,14.358525,-9.712638,581,0.6815697550773621
bbag094_zeisel_cell_00583,2,2,3,2,21.334532,-12.566932,582,0.3991043269634247
bbag094_zeisel_cell_00584,2,2,3,2,21.535112,-12.798137,583,0.4630047082901001
bbag094_zeisel_cell_00585,2,2,3,2,21.76884,-12.710086,584,0.3845422863960266
bbag094_zeisel_cell_00586,2,2,3,2,22.359726,-12.688704,585,1.9805189371109009
bbag094_zeisel_cell_00587,2,2,3,2,21.591398,-12.789192,586,0.3845422863960266
bbag094_zeisel_cell_00588,2,2,3,2,21.225353,-12.398679,587,0.3845422863960266
bbag094_zeisel_cell_00589,2,2,3,2,20.876242,-11.46699,588,0.3845422863960266
bbag094_zeisel_cell_00590,2,2,3,2,21.368408,-12.586317,589,0.3845422863960266
bbag094_zeisel_cell_00591,2,2,3,2,19.044338,-13.195917,590,1.8548091650009155
bbag094_zeisel_cell_00592,2,2,3,2,24.856297,-11.091766,591,1.917807340621948
bbag094_zeisel_cell_00593,2,2,8,Unmatched_8,10.393821,-11.925653,592,2.133726119995117
bbag094_zeisel_cell_00594,2,2,6,5,17.688477,-6.2810593,593,2.3224475383758545
bbag094_zeisel_cell_00595,2,2,3,2,21.74206,-11.348637,594,0.3951859474182129
bbag094_zeisel_cell_00596,2,2,3,2,20.957434,-11.41518,595,0.3845422863960266
bbag094_zeisel_cell_00597,2,2,3,2,21.162722,-11.283322,596,0.3845422863960266
bbag094_zeisel_cell_00598,2,2,3,2,21.028194,-11.527177,597,0.4609005749225616
bbag094_zeisel_cell_00599,2,2,3,2,21.387575,-11.598864,598,0.3845422863960266
bbag094_zeisel_cell_00600,2,2,6,5,17.341887,-6.403343,599,2.37495231628418
bbag094_zeisel_cell_00601,2,2,1,4,14.574107,-9.487324,600,0.9493279457092284
bbag094_zeisel_cell_00602,2,2,3,2,18.94734,-13.077594,601,1.7729871273040771
bbag094_zeisel_cell_00603,2,2,2,6,25.73191,-10.585203,602,1.7452521324157717
bbag094_zeisel_cell_00604,2,2,7,9,16.648777,-6.497741,603,2.3530235290527344
bbag094_zeisel_cell_00605,2,2,3,2,21.489948,-10.60264,604,0.4531306028366089
bbag094_zeisel_cell_00606,2,2,3,2,21.561296,-13.1466055,605,1.8427510261535645
bbag094_zeisel_cell_00607,2,2,3,2,21.166824,-10.956003,606,0.3845422863960266
bbag094_zeisel_cell_00608,2,2,3,2,21.391155,-11.546809,607,0.6029232740402222
bbag094_zeisel_cell_00609,2,2,3,2,21.53974,-10.498475,608,0.3845422863960266
bbag094_zeisel_cell_00610,2,2,3,2,21.08644,-11.26139,609,0.3845422863960266
bbag094_zeisel_cell_00611,2,2,7,9,16.676271,-6.479362,610,2.3703362941741943
bbag094_zeisel_cell_00612,2,2,3,2,21.45963,-11.191641,611,1.6962890625
bbag094_zeisel_cell_00613,2,2,2,6,24.190647,-11.875375,612,1.8978149890899656
bbag094_zeisel_cell_00614,2,2,1,4,14.833126,-9.60509,613,0.9032931923866272
bbag094_zeisel_cell_00615,2,2,3,2,21.786125,-12.645218,614,0.6165102124214172
bbag094_zeisel_cell_00616,2,2,3,2,21.17695,-11.325136,615,0.3845422863960266
bbag094_zeisel_cell_00617,2,2,3,2,21.076683,-11.185435,616,0.3845422863960266
bbag094_zeisel_cell_00618,2,2,3,2,21.303337,-12.423643,617,0.4515607953071594
bbag094_zeisel_cell_00619,2,2,3,2,21.84251,-13.160209,618,0.7370041608810425
bbag094_zeisel_cell_00620,2,2,3,2,21.299408,-11.740935,619,0.3845422863960266
bbag094_zeisel_cell_00621,2,2,5,7,19.027693,-13.107345,620,1.9657344818115237
bbag094_zeisel_cell_00622,2,2,2,6,25.688978,-10.536339,621,1.6035407781600952
bbag094_zeisel_cell_00623,2,2,3,2,21.64592,-11.490167,622,0.3845422863960266
bbag094_zeisel_cell_00624,2,2,3,2,21.239347,-11.600025,623,0.3845422863960266
bbag094_zeisel_cell_00625,2,2,1,4,14.782503,-9.481644,624,0.9636961817741394
bbag094_zeisel_cell_00626,2,2,3,2,21.45782,-11.534269,625,0.3845422863960266
bbag094_zeisel_cell_00627,2,2,3,2,21.762506,-11.280732,626,1.9000895023345947
bbag094_zeisel_cell_00628,2,2,3,2,21.102383,-11.39307,627,0.3845422863960266
bbag094_zeisel_cell_00629,2,2,1,4,14.689456,-9.777207,628,0.4211553931236267
bbag094_zeisel_cell_00630,2,2,3,2,21.581308,-11.286596,629,1.7144334316253662
bbag094_zeisel_cell_00631,2,2,3,2,21.086872,-10.869081,630,0.3845422863960266
bbag094_zeisel_cell_00632,2,2,3,2,20.88138,-11.465705,631,0.3845422863960266
bbag094_zeisel_cell_00633,2,2,3,2,21.157543,-11.712112,632,0.3845422863960266
bbag094_zeisel_cell_00634,2,2,3,2,21.201061,-10.881856,633,0.3845422863960266
bbag094_zeisel_cell_00635,2,2,3,2,20.920158,-11.649198,634,0.3845422863960266
bbag094_zeisel_cell_00636,2,2,5,7,18.933891,-13.086737,635,1.6597683429718018
bbag094_zeisel_cell_00637,2,2,3,2,21.31279,-11.4519005,636,0.4765678644180298
bbag094_zeisel_cell_00638,2,2,3,2,21.443201,-11.466217,637,1.168964982032776
bbag094_zeisel_cell_00639,2,2,3,2,21.01944,-11.601131,638,0.3845422863960266
bbag094_zeisel_cell_00640,2,2,3,2,21.616533,-13.086789,639,1.5171456336975098
bbag094_zeisel_cell_00641,2,2,3,2,21.273514,-11.592647,640,0.3845422863960266
bbag094_zeisel_cell_00642,2,2,5,7,18.649431,-13.865885,641,1.1732875108718872
bbag094_zeisel_cell_00643,2,2,3,2,21.448544,-10.602322,642,0.3845422863960266
bbag094_zeisel_cell_00644,2,2,3,2,20.850967,-11.232254,643,0.3845422863960266
bbag094_zeisel_cell_00645,2,2,3,2,20.991215,-11.423608,644,0.3845422863960266
bbag094_zeisel_cell_00646,2,2,5,7,18.870825,-13.129134,645,1.6360541582107544
bbag094_zeisel_cell_00647,2,2,3,2,21.217356,-11.074805,646,0.3845422863960266
bbag094_zeisel_cell_00648,2,2,5,7,18.387705,-13.807491,647,0.9549962878227234
bbag094_zeisel_cell_00649,2,2,3,2,20.964415,-11.619565,648,0.3845422863960266
bbag094_zeisel_cell_00650,2,2,5,7,23.864166,-12.035364,649,2.008617639541626
bbag094_zeisel_cell_00651,2,2,3,2,21.218378,-11.0130625,650,0.3845422863960266
bbag094_zeisel_cell_00652,2,2,3,2,21.330257,-10.735928,651,0.3845422863960266
bbag094_zeisel_cell_00653,2,2,2,6,25.569183,-11.360257,652,1.568610429763794
bbag094_zeisel_cell_00654,2,2,3,2,21.388401,-10.675606,653,0.3845422863960266
bbag094_zeisel_cell_00655,2,2,3,2,20.893345,-11.256058,654,0.9182680249214172
bbag094_zeisel_cell_00656,2,2,2,6,26.696825,-10.773149,655,1.054181694984436
bbag094_zeisel_cell_00657,2,2,5,7,18.413626,-13.591981,656,1.2125940322875977
bbag094_zeisel_cell_00658,2,2,3,2,20.85319,-10.839784,657,0.3845422863960266
bbag094_zeisel_cell_00659,2,2,2,6,25.426775,-11.481314,658,1.3969237804412842
bbag094_zeisel_cell_00660,2,2,1,4,14.571325,-9.566942,659,1.3981437683105469
bbag094_zeisel_cell_00661,2,2,1,4,14.7070875,-9.581621,660,2.3361246585845947
bbag094_zeisel_cell_00662,2,2,3,2,20.81624,-11.413614,661,0.3845422863960266
bbag094_zeisel_cell_00663,2,2,3,2,21.411531,-10.748871,662,0.3845422863960266
bbag094_zeisel_cell_00664,2,2,5,7,18.866531,-13.740362,663,2.062971353530884
bbag094_zeisel_cell_00665,2,2,3,2,21.702944,-12.558367,664,0.3845422863960266
bbag094_zeisel_cell_00666,2,2,3,2,21.303997,-11.444009,665,0.3845422863960266
bbag094_zeisel_cell_00667,2,2,3,2,20.874557,-11.5736885,666,0.3845422863960266
bbag094_zeisel_cell_00668,2,2,1,4,14.436238,-9.550089,667,1.1750015020370483
bbag094_zeisel_cell_00669,2,2,5,7,18.73536,-13.339458,668,1.266699194908142
bbag094_zeisel_cell_00670,2,2,3,2,20.729479,-11.45002,669,0.5751917958259583
bbag094_zeisel_cell_00671,2,2,3,2,20.979265,-12.249099,670,0.6566335558891296
bbag094_zeisel_cell_00672,2,2,3,2,21.30019,-11.52738,671,0.3845422863960266
bbag094_zeisel_cell_00673,2,2,5,7,18.665796,-13.536094,672,1.1139276027679443
bbag094_zeisel_cell_00674,2,2,5,7,18.579245,-13.467734,673,1.0553125143051147
bbag094_zeisel_cell_00675,2,2,3,2,21.024483,-11.288976,674,0.3845422863960266
bbag094_zeisel_cell_00676,2,2,3,2,21.083944,-11.890492,675,0.3845422863960266
bbag094_zeisel_cell_00677,2,2,3,2,20.737364,-11.817367,676,0.4206167459487915
bbag094_zeisel_cell_00678,2,2,3,2,21.103159,-10.97332,677,0.4027033448219299
bbag094_zeisel_cell_00679,2,2,3,2,20.913702,-10.803057,678,0.3845422863960266
bbag094_zeisel_cell_00680,2,2,3,2,21.333803,-10.914436,679,0.3845422863960266
bbag094_zeisel_cell_00681,2,2,1,4,14.757861,-9.454931,680,1.1637903451919556
bbag094_zeisel_cell_00682,3,3,0,3,8.985871,-6.687828,681,0.3845422863960266
bbag094_zeisel_cell_00683,3,3,0,3,9.025861,-6.388551,682,0.3845422863960266
bbag094_zeisel_cell_00684,3,3,0,3,11.499908,-5.0865593,683,0.3845422863960266
bbag094_zeisel_cell_00685,3,3,0,3,10.098802,-7.0990458,684,0.3845422863960266
bbag094_zeisel_cell_00686,3,3,0,3,10.331831,-7.216643,685,0.3845422863960266
bbag094_zeisel_cell_00687,3,3,0,3,11.205288,-5.4202986,686,0.3845422863960266
bbag094_zeisel_cell_00688,3,3,3,2,21.33667,-11.45977,687,0.3845422863960266
bbag094_zeisel_cell_00689,3,3,0,3,10.483285,-6.695065,688,0.3845422863960266
bbag094_zeisel_cell_00690,3,3,9,8,10.53798,-8.859538,689,3.0590591430664062
bbag094_zeisel_cell_00691,3,3,5,7,18.891203,-13.481825,690,1.9728604555130005
bbag094_zeisel_cell_00692,3,3,0,3,10.096627,-7.4142637,691,0.3845422863960266
bbag094_zeisel_cell_00693,3,3,0,3,10.996235,-7.6324606,692,0.8194326758384705
bbag094_zeisel_cell_00694,3,3,5,7,18.57449,-13.117762,693,1.3356188535690308
bbag094_zeisel_cell_00695,3,3,0,3,9.7290535,-6.895107,694,0.3845422863960266
bbag094_zeisel_cell_00696,3,3,5,7,11.272483,-7.7450557,695,1.985854268074036
bbag094_zeisel_cell_00697,3,3,3,2,21.932188,-13.47924,696,0.5522396564483643
bbag094_zeisel_cell_00698,3,3,2,6,23.893427,-11.321974,697,1.6460102796554563
bbag094_zeisel_cell_00699,3,3,0,3,11.1324215,-6.3581495,698,0.3845422863960266
bbag094_zeisel_cell_00700,3,3,0,3,0.23807919,-4.519746,699,1.0954184532165527
bbag094_zeisel_cell_00701,3,3,0,3,10.696761,-7.808501,700,1.9739586114883425
bbag094_zeisel_cell_00702,3,3,0,3,10.809679,-7.119553,701,0.3845422863960266
bbag094_zeisel_cell_00703,3,3,4,1,-0.20884739,-4.2963653,702,0.95512855052948
bbag094_zeisel_cell_00704,3,3,5,7,18.630915,-13.437216,703,1.1436171531677246
bbag094_zeisel_cell_00705,3,3,1,4,11.557802,-9.21124,704,2.536815404891968
bbag094_zeisel_cell_00706,3,3,1,4,11.6255455,-11.290984,705,2.062971353530884
bbag094_zeisel_cell_00707,3,3,0,3,10.106576,-6.994403,706,0.3845422863960266
bbag094_zeisel_cell_00708,3,3,0,3,10.944048,-6.103248,707,0.3845422863960266
bbag094_zeisel_cell_00709,3,3,1,4,11.744989,-9.426455,708,0.9943669438362122
bbag094_zeisel_cell_00710,3,3,0,3,11.941192,-5.514174,709,0.3845422863960266
bbag094_zeisel_cell_00711,3,3,3,2,21.835878,-13.415356,710,1.936249136924744
bbag094_zeisel_cell_00712,3,3,3,2,21.33809,-9.886952,711,0.3845422863960266
bbag094_zeisel_cell_00713,3,3,3,2,21.843872,-12.827794,712,0.4000755548477173
bbag094_zeisel_cell_00714,3,3,3,2,21.431004,-9.811107,713,0.8363826870918274
bbag094_zeisel_cell_00715,3,3,3,2,21.845966,-13.41576,714,1.8139146566390991
bbag094_zeisel_cell_00716,3,3,0,3,10.826849,-6.837177,715,0.3845422863960266
bbag094_zeisel_cell_00717,3,3,6,5,18.07234,-6.184354,716,1.88332200050354
bbag094_zeisel_cell_00718,3,3,0,3,11.120119,-7.7514887,717,1.8974976539611816
bbag094_zeisel_cell_00719,3,3,0,3,10.597655,-7.4743934,718,0.3845422863960266
bbag094_zeisel_cell_00720,3,3,0,3,11.536401,-5.903996,719,0.3845422863960266
bbag094_zeisel_cell_00721,3,3,0,3,9.549188,-6.915202,720,0.3845422863960266
bbag094_zeisel_cell_00722,3,3,3,2,20.94877,-10.135603,721,0.3845422863960266
bbag094_zeisel_cell_00723,3,3,0,3,10.924425,-5.5708203,722,0.3845422863960266
bbag094_zeisel_cell_00724,3,3,3,2,21.045683,-9.978684,723,0.4592885673046112
bbag094_zeisel_cell_00725,3,3,0,3,0.2752949,-4.6657195,724,1.5476638078689575
bbag094_zeisel_cell_00726,3,3,5,7,18.765114,-13.596789,725,1.2468043565750122
bbag094_zeisel_cell_00727,3,3,3,2,21.610064,-11.501664,726,0.3845422863960266
bbag094_zeisel_cell_00728,3,3,2,6,25.251192,-11.083222,727,1.4887186288833618
bbag094_zeisel_cell_00729,3,3,0,3,11.208429,-6.581509,728,0.3845422863960266
bbag094_zeisel_cell_00730,3,3,3,2,21.357718,-9.757555,729,0.3845422863960266
bbag094_zeisel_cell_00731,3,3,3,2,21.346972,-9.725956,730,0.3886959850788116
bbag094_zeisel_cell_00732,3,3,7,9,16.745,-6.4396715,731,2.37495231628418
bbag094_zeisel_cell_00733,3,3,3,2,21.479885,-9.93959,732,0.3845422863960266
bbag094_zeisel_cell_00734,3,3,3,2,21.372816,-9.743415,733,0.3845422863960266
bbag094_zeisel_cell_00735,3,3,3,2,21.368977,-9.75218,734,0.3845422863960266
bbag094_zeisel_cell_00736,3,3,3,2,21.84696,-10.037936,735,1.8906291723251345
bbag094_zeisel_cell_00737,3,3,0,3,10.857466,-5.9447207,736,0.3845422863960266
bbag094_zeisel_cell_00738,3,3,3,2,21.591784,-10.087297,737,0.391784518957138
bbag094_zeisel_cell_00739,3,3,3,2,18.870094,-12.969034,738,1.7514550685882568
bbag094_zeisel_cell_00740,3,3,3,2,21.135342,-10.490586,739,0.3845422863960266
bbag094_zeisel_cell_00741,3,3,0,3,11.594743,-6.198819,740,0.3845422863960266
bbag094_zeisel_cell_00742,3,3,3,2,21.549181,-10.138817,741,0.3845422863960266
bbag094_zeisel_cell_00743,3,3,3,2,21.011465,-9.977668,742,0.3845422863960266
bbag094_zeisel_cell_00744,3,3,3,2,21.207985,-9.826995,743,0.3845422863960266
bbag094_zeisel_cell_00745,3,3,3,2,20.956114,-10.084263,744,0.3845422863960266
bbag094_zeisel_cell_00746,3,3,2,6,26.355392,-10.805721,745,1.5419931411743164
bbag094_zeisel_cell_00747,3,3,3,2,21.383932,-9.826941,746,0.3845422863960266
bbag094_zeisel_cell_00748,3,3,0,3,10.548949,-7.3804517,747,0.3845422863960266
bbag094_zeisel_cell_00749,3,3,0,3,11.02083,-7.672006,748,1.9583377838134768
bbag094_zeisel_cell_00750,3,3,0,3,10.30712,-7.701747,749,0.699974536895752
bbag094_zeisel_cell_00751,3,3,0,3,9.972933,-7.1418757,750,0.3845422863960266
bbag094_zeisel_cell_00752,3,3,7,9,16.523664,-6.6099696,751,2.3394205570220947
bbag094_zeisel_cell_00753,3,3,0,3,10.314274,-7.3838563,752,0.3845422863960266
bbag094_zeisel_cell_00754,3,3,2,6,24.754385,-11.900425,753,2.1190593242645264
bbag094_zeisel_cell_00755,3,3,0,3,11.116989,-7.5655017,754,0.8157124519348145
bbag094_zeisel_cell_00756,3,3,0,3,11.3427105,-6.481992,755,0.3845422863960266
bbag094_zeisel_cell_00757,3,3,0,3,10.54038,-7.202536,756,0.3845422863960266
bbag094_zeisel_cell_00758,3,3,0,3,10.861986,-7.460375,757,2.050302743911743
bbag094_zeisel_cell_00759,3,3,0,3,10.856461,-6.3258333,758,0.6669550538063049
bbag094_zeisel_cell_00760,3,3,0,3,9.860882,-7.073089,759,0.3845422863960266
bbag094_zeisel_cell_00761,3,3,1,4,11.778488,-9.444241,760,1.988109350204468
bbag094_zeisel_cell_00762,3,3,5,7,18.43129,-14.01735,761,0.8793790936470032
bbag094_zeisel_cell_00763,3,3,0,3,10.627302,-7.180562,762,0.3956279158592224
bbag094_zeisel_cell_00764,3,3,0,3,11.188487,-6.9022956,763,0.5640764832496643
bbag094_zeisel_cell_00765,3,3,0,3,10.272176,-7.118426,764,0.3845422863960266
bbag094_zeisel_cell_00766,3,3,0,3,11.079719,-7.892679,765,1.2510859966278076
bbag094_zeisel_cell_00767,3,3,0,3,11.403835,-6.5440283,766,0.3845422863960266
bbag094_zeisel_cell_00768,3,3,0,3,10.318241,-7.3974447,767,1.8795002698898315
bbag094_zeisel_cell_00769,3,3,0,3,11.499274,-6.451421,768,0.3845422863960266
bbag094_zeisel_cell_00770,3,3,4,1,3.2989075,-5.1375513,769,1.8048368692398071
bbag094_zeisel_cell_00771,3,3,0,3,10.327901,-7.1743746,770,0.3845422863960266
bbag094_zeisel_cell_00772,3,3,0,3,10.440034,-7.7343745,771,0.3845422863960266
bbag094_zeisel_cell_00773,3,3,0,3,11.736683,-5.387119,772,0.3845422863960266
bbag094_zeisel_cell_00774,3,3,0,3,10.148182,-7.189286,773,0.3845422863960266
bbag094_zeisel_cell_00775,3,3,2,6,25.217695,-11.531579,774,1.5796209573745728
bbag094_zeisel_cell_00776,3,3,0,3,10.814251,-7.7115407,775,1.0256872177124023
bbag094_zeisel_cell_00777,3,3,1,4,11.709003,-9.346396,776,0.901630997657776
bbag094_zeisel_cell_00778,3,3,2,6,25.579248,-10.594962,777,1.5742428302764893
bbag094_zeisel_cell_00779,3,3,0,3,10.228014,-7.351568,778,0.3845422863960266
bbag094_zeisel_cell_00780,3,3,0,3,11.444527,-6.1451926,779,0.3845422863960266
bbag094_zeisel_cell_00781,3,3,6,5,17.488276,-6.39166,780,2.37495231628418
bbag094_zeisel_cell_00782,3,3,0,3,10.536717,-7.6609793,781,0.6315993666648865
bbag094_zeisel_cell_00783,3,3,0,3,10.333861,-7.3284183,782,0.3845422863960266
bbag094_zeisel_cell_00784,3,3,0,3,11.620518,-6.4423194,783,0.5047101378440857
bbag094_zeisel_cell_00785,3,3,3,2,21.88408,-13.52919,784,1.460018515586853
bbag094_zeisel_cell_00786,3,3,0,3,10.54514,-7.553722,785,1.0069239139556885
bbag094_zeisel_cell_00787,3,3,4,1,1.490469,-5.6968894,786,1.740566372871399
bbag094_zeisel_cell_00788,3,3,7,9,16.728035,-6.4358807,787,2.37495231628418
bbag094_zeisel_cell_00789,3,3,0,3,10.938034,-7.118227,788,0.3845422863960266
bbag094_zeisel_cell_00790,3,3,1,4,11.657967,-9.328509,789,2.322486162185669
bbag094_zeisel_cell_00791,3,3,0,3,10.019628,-7.1043096,790,0.3845422863960266
bbag094_zeisel_cell_00792,3,3,0,3,10.734007,-7.8252745,791,0.8650174140930176
bbag094_zeisel_cell_00793,3,3,2,6,10.965123,-7.6419587,792,2.047677516937256
bbag094_zeisel_cell_00794,3,3,1,4,13.866011,-9.820457,793,2.062971353530884
bbag094_zeisel_cell_00795,3,3,0,3,11.897264,-5.9397016,794,1.4039192199707031
bbag094_zeisel_cell_00796,3,3,0,3,9.143526,-7.095104,795,0.3845422863960266
bbag094_zeisel_cell_00797,3,3,0,3,10.751918,-6.970742,796,0.3845422863960266
bbag094_zeisel_cell_00798,3,3,0,3,10.285719,-7.106873,797,0.3845422863960266
bbag094_zeisel_cell_00799,3,3,0,3,10.15283,-6.962145,798,0.3845422863960266
bbag094_zeisel_cell_00800,3,3,0,3,9.609076,-5.5354886,799,0.3845422863960266
bbag094_zeisel_cell_00801,3,3,5,7,18.565477,-14.048045,800,1.0398943424224854
bbag094_zeisel_cell_00802,3,3,0,3,10.341081,-7.7034874,801,1.0002574920654297
bbag094_zeisel_cell_00803,3,3,1,4,11.585285,-9.261951,802,1.8773167133331297
bbag094_zeisel_cell_00804,3,3,5,7,18.281462,-14.248347,803,2.0098578929901123
bbag094_zeisel_cell_00805,3,3,0,3,10.495419,-7.5499873,804,0.3845422863960266
bbag094_zeisel_cell_00806,3,3,5,7,17.968721,-13.647023,805,1.1527907848358154
bbag094_zeisel_cell_00807,3,3,0,3,11.712376,-5.5135593,806,0.3845422863960266
bbag094_zeisel_cell_00808,3,3,0,3,10.575192,-6.0825787,807,0.3845422863960266
bbag094_zeisel_cell_00809,3,3,5,7,18.235056,-14.129749,808,0.8883406519889832
bbag094_zeisel_cell_00810,3,3,0,3,11.534773,-5.142664,809,0.3845422863960266
bbag094_zeisel_cell_00811,3,3,0,3,11.434986,-5.0996995,810,0.3845422863960266
bbag094_zeisel_cell_00812,3,3,0,3,9.203255,-7.1793003,811,0.3845422863960266
bbag094_zeisel_cell_00813,3,3,0,3,10.500947,-6.4703755,812,0.3845422863960266
bbag094_zeisel_cell_00814,3,3,5,7,18.069921,-14.200398,813,0.8538281321525574
bbag094_zeisel_cell_00815,3,3,0,3,10.211195,-7.1254635,814,0.3845422863960266
bbag094_zeisel_cell_00816,3,3,1,4,11.382176,-9.111946,815,2.062971353530884
bbag094_zeisel_cell_00817,3,3,0,3,9.527545,-7.1246877,816,0.3845422863960266
bbag094_zeisel_cell_00818,3,3,0,3,9.992268,-6.9440737,817,0.3845422863960266
bbag094_zeisel_cell_00819,3,3,0,3,10.438183,-7.672639,818,0.3845422863960266
bbag094_zeisel_cell_00820,3,3,0,3,10.264954,-7.373661,819,0.3845422863960266
bbag094_zeisel_cell_00821,3,3,0,3,9.957074,-7.3094788,820,0.3845422863960266
bbag094_zeisel_cell_00822,3,3,2,6,25.348448,-11.004812,821,1.3385566473007202
bbag094_zeisel_cell_00823,3,3,1,4,11.701394,-9.428829,822,2.0369694232940674
bbag094_zeisel_cell_00824,3,3,0,3,10.719266,-7.803592,823,1.709991455078125
bbag094_zeisel_cell_00825,3,3,1,4,11.538086,-9.186181,824,2.464755058288574
bbag094_zeisel_cell_00826,3,3,0,3,11.470556,-9.117939,825,1.036235809326172
bbag094_zeisel_cell_00827,3,3,0,3,10.76019,-7.675724,826,0.6701193451881409
bbag094_zeisel_cell_00828,3,3,0,3,10.553878,-7.173387,827,0.3845422863960266
bbag094_zeisel_cell_00829,3,3,0,3,10.803874,-7.678404,828,1.587867021560669
bbag094_zeisel_cell_00830,3,3,0,3,10.237752,-7.430319,829,0.3845422863960266
bbag094_zeisel_cell_00831,3,3,0,3,10.562549,-7.400001,830,0.3845422863960266
bbag094_zeisel_cell_00832,3,3,5,7,18.713701,-13.012955,831,2.024665117263794
bbag094_zeisel_cell_00833,3,3,0,3,10.50738,-7.7811365,832,1.005733847618103
bbag094_zeisel_cell_00834,3,3,5,7,18.577492,-13.87137,833,0.9819931983947754
bbag094_zeisel_cell_00835,3,3,0,3,11.012395,-7.6489553,834,1.0986859798431396
bbag094_zeisel_cell_00836,3,3,0,3,9.289891,-6.7643814,835,0.3845422863960266
bbag094_zeisel_cell_00837,3,3,1,4,11.580403,-9.200427,836,2.062971353530884
bbag094_zeisel_cell_00838,3,3,1,4,11.422232,-8.936666,837,1.962951421737671
bbag094_zeisel_cell_00839,3,3,5,7,18.252966,-14.102353,838,1.0031906366348269
bbag094_zeisel_cell_00840,3,3,0,3,10.191252,-7.5649185,839,0.4769715368747711
bbag094_zeisel_cell_00841,3,3,0,3,10.029212,-7.514493,840,0.3845422863960266
bbag094_zeisel_cell_00842,3,3,0,3,10.319323,-7.5485883,841,0.3845422863960266
bbag094_zeisel_cell_00843,3,3,1,4,11.530036,-9.267168,842,1.998561143875122
bbag094_zeisel_cell_00844,3,3,1,4,23.780054,-11.354629,843,1.9406970739364624
bbag094_zeisel_cell_00845,3,3,0,3,10.985475,-8.135267,844,2.016300201416016
bbag094_zeisel_cell_00846,3,3,1,4,14.3710575,-9.58797,845,1.05148184299469
bbag094_zeisel_cell_00847,3,3,2,6,23.962408,-11.382281,846,1.5049254894256592
bbag094_zeisel_cell_00848,3,3,0,3,10.899626,-8.2682705,847,1.9673049449920652
bbag094_zeisel_cell_00849,3,3,0,3,11.3500185,-6.758218,848,0.3845422863960266
bbag094_zeisel_cell_00850,3,3,0,3,11.201564,-6.2048426,849,0.3845422863960266
bbag094_zeisel_cell_00851,3,3,0,3,10.968888,-7.8020315,850,0.8777121305465698
bbag094_zeisel_cell_00852,3,3,0,3,11.087588,-6.5034027,851,0.3845422863960266
bbag094_zeisel_cell_00853,3,3,5,7,18.610191,-13.112975,852,1.942020058631897
bbag094_zeisel_cell_00854,3,3,5,7,18.736322,-13.012059,853,1.5674055814743042
bbag094_zeisel_cell_00855,3,3,1,4,11.721784,-9.430262,854,0.8416275978088379
bbag094_zeisel_cell_00856,3,3,0,3,9.606234,-6.45442,855,0.3845422863960266
bbag094_zeisel_cell_00857,3,3,0,3,10.680073,-7.3505535,856,0.8025141358375549
bbag094_zeisel_cell_00858,3,3,0,3,10.361242,-7.762232,857,0.3871800601482391
bbag094_zeisel_cell_00859,3,3,0,3,10.617106,-6.1948175,858,0.3845422863960266
bbag094_zeisel_cell_00860,3,3,4,1,-0.1629033,-4.3317933,859,1.5459034442901611
bbag094_zeisel_cell_00861,3,3,0,3,11.776522,-5.386926,860,0.3845422863960266
bbag094_zeisel_cell_00862,3,3,0,3,11.409307,-6.5606585,861,0.3845422863960266
bbag094_zeisel_cell_00863,3,3,0,3,11.291905,-6.871358,862,0.3845422863960266
bbag094_zeisel_cell_00864,3,3,0,3,11.036878,-7.015735,863,0.3845422863960266
bbag094_zeisel_cell_00865,3,3,0,3,12.000811,-5.498147,864,0.6748979091644287
bbag094_zeisel_cell_00866,3,3,0,3,10.14026,-7.687144,865,0.3845422863960266
bbag094_zeisel_cell_00867,3,3,0,3,11.311468,-6.9582133,866,0.8363346457481384
bbag094_zeisel_cell_00868,3,3,0,3,11.018849,-7.2793374,867,0.3845422863960266
bbag094_zeisel_cell_00869,3,3,5,7,18.861301,-13.599178,868,1.708822250366211
bbag094_zeisel_cell_00870,3,3,0,3,10.710293,-8.487322,869,2.062971353530884
bbag094_zeisel_cell_00871,3,3,5,7,18.279505,-13.872004,870,0.9229442477226256
bbag094_zeisel_cell_00872,3,3,0,3,11.215616,-7.661307,871,1.9659944772720337
bbag094_zeisel_cell_00873,3,3,0,3,10.697681,-8.231629,872,0.4527275264263153
bbag094_zeisel_cell_00874,3,3,0,3,10.788311,-7.2479715,873,0.3845422863960266
bbag094_zeisel_cell_00875,3,3,0,3,10.835644,-6.959335,874,0.3845422863960266
bbag094_zeisel_cell_00876,3,3,0,3,10.745113,-7.785961,875,1.1987324953079224
bbag094_zeisel_cell_00877,3,3,0,3,11.643065,-6.0316944,876,0.3845422863960266
bbag094_zeisel_cell_00878,3,3,0,3,11.925004,-5.461871,877,0.5970597267150879
bbag094_zeisel_cell_00879,3,3,0,3,11.018523,-6.5990744,878,0.3845422863960266
bbag094_zeisel_cell_00880,3,3,0,3,11.853656,-5.49802,879,0.3845422863960266
bbag094_zeisel_cell_00881,3,3,0,3,11.75241,-5.590678,880,0.3845422863960266
bbag094_zeisel_cell_00882,3,3,0,3,11.572836,-5.4003606,881,0.3845422863960266
bbag094_zeisel_cell_00883,3,3,0,3,11.823545,-5.6252985,882,0.3845422863960266
bbag094_zeisel_cell_00884,3,3,0,3,11.685917,-5.3255267,883,0.3845422863960266
bbag094_zeisel_cell_00885,3,3,2,6,25.494473,-10.575008,884,1.7794963121414185
bbag094_zeisel_cell_00886,3,3,0,3,11.575818,-6.0267024,885,0.7380858063697815
bbag094_zeisel_cell_00887,3,3,6,5,12.039967,-5.746605,886,2.37495231628418
bbag094_zeisel_cell_00888,3,3,0,3,11.9192,-5.4149985,887,0.3845422863960266
bbag094_zeisel_cell_00889,3,3,0,3,11.066179,-5.5120564,888,0.3845422863960266
bbag094_zeisel_cell_00890,3,3,5,7,18.675865,-13.825726,889,1.0015935897827148
bbag094_zeisel_cell_00891,3,3,0,3,11.878103,-6.0131183,890,0.590211033821106
bbag094_zeisel_cell_00892,3,3,5,7,18.393896,-13.976669,891,0.8976603746414185
bbag094_zeisel_cell_00893,3,3,0,3,11.664067,-6.2549014,892,0.3845422863960266
bbag094_zeisel_cell_00894,3,3,0,3,11.761721,-6.0613155,893,0.3845422863960266
bbag094_zeisel_cell_00895,3,3,0,3,11.695869,-5.5336614,894,0.3845422863960266
bbag094_zeisel_cell_00896,3,3,1,4,11.753461,-9.544241,895,1.8000624179840088
bbag094_zeisel_cell_00897,3,3,0,3,11.665981,-6.324599,896,0.3845422863960266
bbag094_zeisel_cell_00898,3,3,0,3,11.354869,-5.9519014,897,0.3845422863960266
bbag094_zeisel_cell_00899,3,3,0,3,11.651537,-6.3440266,898,0.3845422863960266
bbag094_zeisel_cell_00900,3,3,0,3,11.734929,-6.1133957,899,0.3845422863960266
bbag094_zeisel_cell_00901,3,3,0,3,11.518332,-5.913525,900,0.3845422863960266
bbag094_zeisel_cell_00902,3,3,0,3,11.671092,-6.2029805,901,0.3845422863960266
bbag094_zeisel_cell_00903,3,3,0,3,11.573578,-6.263426,902,0.3845422863960266
bbag094_zeisel_cell_00904,3,3,0,3,10.397525,-6.9689746,903,0.3845422863960266
bbag094_zeisel_cell_00905,3,3,0,3,11.6682205,-6.2461143,904,0.3845422863960266
bbag094_zeisel_cell_00906,3,3,0,3,11.565179,-6.352818,905,0.3845422863960266
bbag094_zeisel_cell_00907,3,3,0,3,11.627354,-6.0117984,906,0.3845422863960266
bbag094_zeisel_cell_00908,3,3,0,3,11.357199,-5.932233,907,0.3845422863960266
bbag094_zeisel_cell_00909,3,3,0,3,11.557427,-6.3467784,908,0.3845422863960266
bbag094_zeisel_cell_00910,3,3,0,3,10.445261,-6.748529,909,0.3845422863960266
bbag094_zeisel_cell_00911,3,3,0,3,11.683381,-6.028865,910,0.3845422863960266
bbag094_zeisel_cell_00912,3,3,0,3,11.395108,-6.4765077,911,0.3845422863960266
bbag094_zeisel_cell_00913,3,3,0,3,11.4745455,-6.3955307,912,0.3845422863960266
bbag094_zeisel_cell_00914,3,3,5,7,18.834782,-13.592523,913,1.3220083713531494
bbag094_zeisel_cell_00915,3,3,0,3,9.60194,-5.7524424,914,0.3845422863960266
bbag094_zeisel_cell_00916,3,3,0,3,10.762161,-6.6811495,915,0.3845422863960266
bbag094_zeisel_cell_00917,3,3,0,3,10.625824,-5.4116683,916,0.3845422863960266
bbag094_zeisel_cell_00918,3,3,2,6,26.197313,-10.685232,917,1.367850661277771
bbag094_zeisel_cell_00919,3,3,0,3,11.974247,-5.499672,918,2.013130187988281
bbag094_zeisel_cell_00920,3,3,0,3,10.819338,-6.563122,919,0.3845422863960266
bbag094_zeisel_cell_00921,3,3,2,6,25.563843,-10.548731,920,1.848066806793213
bbag094_zeisel_cell_00922,3,3,0,3,11.380076,-6.05138,921,0.3845422863960266
bbag094_zeisel_cell_00923,3,3,4,1,3.0044596,-5.23475,922,1.3946293592453003
bbag094_zeisel_cell_00924,3,3,0,3,11.231187,-6.3882985,923,0.3845422863960266
bbag094_zeisel_cell_00925,3,3,0,3,10.698582,-6.4872255,924,0.3845422863960266
bbag094_zeisel_cell_00926,3,3,0,3,11.247473,-7.005557,925,0.3845422863960266
bbag094_zeisel_cell_00927,3,3,0,3,10.625905,-6.904937,926,0.3845422863960266
bbag094_zeisel_cell_00928,3,3,0,3,10.788317,-6.8287163,927,0.3845422863960266
bbag094_zeisel_cell_00929,3,3,0,3,11.419515,-6.0557046,928,0.3845422863960266
bbag094_zeisel_cell_00930,3,3,0,3,10.963899,-5.9840326,929,0.3845422863960266
bbag094_zeisel_cell_00931,3,3,0,3,11.115849,-6.4094505,930,0.3845422863960266
bbag094_zeisel_cell_00932,3,3,0,3,10.908265,-6.560112,931,0.3845422863960266
bbag094_zeisel_cell_00933,3,3,0,3,10.625621,-6.380792,932,0.3845422863960266
bbag094_zeisel_cell_00934,3,3,0,3,11.370539,-6.323975,933,0.3845422863960266
bbag094_zeisel_cell_00935,3,3,5,7,18.858961,-13.5517025,934,1.2266405820846558
bbag094_zeisel_cell_00936,3,3,4,1,2.207217,-5.472049,935,1.126037359237671
bbag094_zeisel_cell_00937,3,3,2,6,24.428211,-11.520863,936,1.7464555501937866
bbag094_zeisel_cell_00938,3,3,0,3,9.987621,-6.6771584,937,0.3845422863960266
bbag094_zeisel_cell_00939,3,3,0,3,11.213553,-6.234495,938,0.3845422863960266
bbag094_zeisel_cell_00940,3,3,0,3,10.526333,-6.4819674,939,0.3845422863960266
bbag094_zeisel_cell_00941,3,3,0,3,10.994882,-6.122453,940,0.3845422863960266
bbag094_zeisel_cell_00942,3,3,0,3,11.8833,-5.596273,941,0.3845422863960266
bbag094_zeisel_cell_00943,3,3,0,3,11.773403,-5.569256,942,0.4594062268733978
bbag094_zeisel_cell_00944,3,3,0,3,11.17273,-6.339335,943,0.3845422863960266
bbag094_zeisel_cell_00945,3,3,5,7,18.704592,-13.718484,944,1.2976551055908203
bbag094_zeisel_cell_00946,3,3,7,9,16.692719,-6.4594197,945,2.37495231628418
bbag094_zeisel_cell_00947,3,3,0,3,11.3743305,-5.3296103,946,0.3845422863960266
bbag094_zeisel_cell_00948,3,3,0,3,10.499824,-5.8546133,947,0.3845422863960266
bbag094_zeisel_cell_00949,3,3,0,3,11.7634325,-6.3675723,948,1.1783260107040403
bbag094_zeisel_cell_00950,3,3,0,3,11.577111,-6.169486,949,0.3845422863960266
bbag094_zeisel_cell_00951,3,3,0,3,11.5109625,-6.086444,950,0.3845422863960266
bbag094_zeisel_cell_00952,3,3,0,3,11.555141,-5.6884627,951,0.3845422863960266
bbag094_zeisel_cell_00953,3,3,5,7,18.791426,-13.238438,952,1.650858759880066
bbag094_zeisel_cell_00954,3,3,0,3,10.737504,-5.3721695,953,0.3845422863960266
bbag094_zeisel_cell_00955,3,3,5,7,18.427202,-13.790546,954,1.1065170764923096
bbag094_zeisel_cell_00956,3,3,0,3,10.944094,-8.096563,955,1.301641821861267
bbag094_zeisel_cell_00957,3,3,5,7,18.91149,-13.433369,956,1.9566813707351685
bbag094_zeisel_cell_00958,3,3,0,3,11.616788,-6.0434713,957,0.3845422863960266
bbag094_zeisel_cell_00959,3,3,0,3,10.094629,-6.382607,958,0.3845422863960266
bbag094_zeisel_cell_00960,3,3,0,3,11.187379,-6.353085,959,0.3845422863960266
bbag094_zeisel_cell_00961,3,3,0,3,11.767652,-5.736532,960,0.6662553548812866
bbag094_zeisel_cell_00962,3,3,0,3,11.082283,-6.2921386,961,0.3845422863960266
bbag094_zeisel_cell_00963,3,3,2,6,25.483517,-10.576995,962,1.8909465074539185
bbag094_zeisel_cell_00964,3,3,0,3,10.510323,-5.859457,963,0.3845422863960266
bbag094_zeisel_cell_00965,3,3,0,3,11.359333,-6.6423383,964,0.3845422863960266
bbag094_zeisel_cell_00966,3,3,1,4,11.623335,-9.315245,965,1.5989906787872314
bbag094_zeisel_cell_00967,3,3,0,3,11.010039,-6.2988605,966,0.4041754305362701
bbag094_zeisel_cell_00968,3,3,0,3,11.0283785,-6.5276103,967,0.3845422863960266
bbag094_zeisel_cell_00969,3,3,0,3,11.294079,-6.15109,968,0.3845422863960266
bbag094_zeisel_cell_00970,3,3,0,3,10.610936,-6.643461,969,0.3845422863960266
bbag094_zeisel_cell_00971,3,3,0,3,11.417766,-6.3654385,970,0.3845422863960266
bbag094_zeisel_cell_00972,3,3,5,7,18.710161,-13.782942,971,1.1262048482894895
bbag094_zeisel_cell_00973,3,3,0,3,10.159857,-6.836247,972,0.3845422863960266
bbag094_zeisel_cell_00974,3,3,0,3,11.745647,-5.640217,973,0.3845422863960266
bbag094_zeisel_cell_00975,3,3,0,3,11.847381,-6.2670174,974,1.3689534664154053
bbag094_zeisel_cell_00976,3,3,0,3,11.7832365,-5.6095066,975,0.3845422863960266
bbag094_zeisel_cell_00977,3,3,0,3,11.398534,-6.375667,976,0.3845422863960266
bbag094_zeisel_cell_00978,3,3,0,3,11.8158455,-5.6503234,977,0.3845422863960266
bbag094_zeisel_cell_00979,3,3,0,3,11.045482,-6.885588,978,0.5194512009620667
bbag094_zeisel_cell_00980,3,3,0,3,9.899234,-5.9952383,979,0.3845422863960266
bbag094_zeisel_cell_00981,3,3,0,3,9.556621,-5.802899,980,0.3845422863960266
bbag094_zeisel_cell_00982,3,3,0,3,10.455374,-6.8886237,981,0.3845422863960266
bbag094_zeisel_cell_00983,3,3,0,3,11.696382,-5.8038344,982,0.3845422863960266
bbag094_zeisel_cell_00984,3,3,2,6,25.357882,-10.773213,983,1.3794145584106443
bbag094_zeisel_cell_00985,3,3,0,3,10.442524,-5.9091377,984,0.3845422863960266
bbag094_zeisel_cell_00986,3,3,0,3,11.843822,-5.5790987,985,0.3845422863960266
bbag094_zeisel_cell_00987,3,3,0,3,11.258483,-7.0129976,986,0.3845422863960266
bbag094_zeisel_cell_00988,3,3,0,3,10.292301,-6.310057,987,0.3845422863960266
bbag094_zeisel_cell_00989,3,3,0,3,11.083979,-6.641305,988,0.3845422863960266
bbag094_zeisel_cell_00990,3,3,0,3,11.433612,-6.603295,989,0.530028223991394
bbag094_zeisel_cell_00991,3,3,0,3,10.715407,-6.9962206,990,0.3845422863960266
bbag094_zeisel_cell_00992,3,3,0,3,10.779817,-6.8801,991,0.3845422863960266
bbag094_zeisel_cell_00993,3,3,0,3,10.649225,-7.2125707,992,0.3845422863960266
bbag094_zeisel_cell_00994,3,3,0,3,11.505618,-5.2555013,993,0.3845422863960266
bbag094_zeisel_cell_00995,3,3,0,3,11.279313,-7.2814054,994,0.3845422863960266
bbag094_zeisel_cell_00996,3,3,0,3,11.376181,-6.5845265,995,0.3845422863960266
bbag094_zeisel_cell_00997,3,3,0,3,11.120996,-6.720451,996,0.74050372838974
bbag094_zeisel_cell_00998,3,3,0,3,11.12593,-6.830022,997,0.3845422863960266
bbag094_zeisel_cell_00999,3,3,0,3,10.484901,-7.371259,998,0.3845422863960266
bbag094_zeisel_cell_01000,3,3,0,3,10.664068,-7.136876,999,0.3845422863960266
bbag094_zeisel_cell_01001,3,3,1,4,11.583849,-9.258003,1000,1.963202953338623
bbag094_zeisel_cell_01002,3,3,0,3,10.886418,-7.138196,1001,0.3845422863960266
bbag094_zeisel_cell_01003,3,3,4,1,3.2558587,-5.183674,1002,1.4061694145202637
bbag094_zeisel_cell_01004,3,3,0,3,11.56939,-6.4809775,1003,0.3845422863960266
bbag094_zeisel_cell_01005,3,3,0,3,11.728677,-5.853548,1004,1.766438364982605
bbag094_zeisel_cell_01006,3,3,0,3,10.033305,-6.825476,1005,0.3845422863960266
bbag094_zeisel_cell_01007,3,3,0,3,11.588854,-6.5485005,1006,0.3845422863960266
bbag094_zeisel_cell_01008,3,3,2,6,25.468983,-11.041214,1007,1.4941667318344116
bbag094_zeisel_cell_01009,3,3,0,3,11.283303,-6.882142,1008,0.3845422863960266
bbag094_zeisel_cell_01010,3,3,2,6,25.167885,-10.8795395,1009,1.5623949766159058
bbag094_zeisel_cell_01011,3,3,0,3,10.738297,-7.17142,1010,0.3845422863960266
bbag094_zeisel_cell_01012,3,3,5,7,18.827934,-13.612492,1011,2.0250017642974854
bbag094_zeisel_cell_01013,3,3,2,6,25.610985,-10.555244,1012,1.9513262510299685
bbag094_zeisel_cell_01014,3,3,0,3,10.60663,-7.501053,1013,0.404807835817337
bbag094_zeisel_cell_01015,3,3,0,3,10.694829,-7.1589613,1014,0.544344425201416
bbag094_zeisel_cell_01016,3,3,0,3,11.217759,-7.4815674,1015,0.4705450236797333
bbag094_zeisel_cell_01017,3,3,7,9,16.707924,-6.445997,1016,2.3563039302825928
bbag094_zeisel_cell_01018,3,3,0,3,11.354073,-7.051465,1017,1.5324864387512207
bbag094_zeisel_cell_01019,3,3,5,7,18.371153,-13.617692,1018,1.402786374092102
bbag094_zeisel_cell_01020,3,3,0,3,11.151678,-7.688253,1019,1.6021465063095093
bbag094_zeisel_cell_01021,3,3,0,3,10.151767,-7.614764,1020,0.3845422863960266
bbag094_zeisel_cell_01022,3,3,2,6,25.454659,-10.525556,1021,1.8403738737106323
bbag094_zeisel_cell_01023,3,3,0,3,10.936038,-7.725048,1022,1.4814859628677368
bbag094_zeisel_cell_01024,3,3,0,3,11.2359495,-7.561891,1023,1.7597767114639282
bbag094_zeisel_cell_01025,3,3,0,3,24.36282,-11.129181,1024,1.947759032249451
bbag094_zeisel_cell_01026,3,3,0,3,10.216693,-7.1231966,1025,0.3845422863960266
bbag094_zeisel_cell_01027,3,3,2,6,24.202717,-11.818948,1026,1.9265847206115725
bbag094_zeisel_cell_01028,3,3,1,4,11.352418,-8.820752,1027,2.028737068176269
bbag094_zeisel_cell_01029,3,3,0,3,11.183754,-7.684544,1028,1.7751226425170898
bbag094_zeisel_cell_01030,3,3,5,7,18.71515,-12.989646,1029,1.7589558362960815
bbag094_zeisel_cell_01031,3,3,1,4,11.543628,-9.1970215,1030,2.027953147888184
bbag094_zeisel_cell_01032,3,3,0,3,9.857822,-6.1879444,1031,0.3845422863960266
bbag094_zeisel_cell_01033,3,3,0,3,10.969535,-6.921298,1032,0.3845422863960266
bbag094_zeisel_cell_01034,3,3,0,3,9.976691,-7.3607464,1033,0.3845422863960266
bbag094_zeisel_cell_01035,3,3,0,3,10.137221,-7.0694246,1034,0.3845422863960266
bbag094_zeisel_cell_01036,3,3,0,3,10.447935,-7.317971,1035,0.3845422863960266
bbag094_zeisel_cell_01037,3,3,0,3,9.1796,-6.431351,1036,0.3845422863960266
bbag094_zeisel_cell_01038,3,3,2,6,24.140886,-11.831816,1037,1.961708903312683
bbag094_zeisel_cell_01039,3,3,0,3,10.184352,-7.330898,1038,0.3845422863960266
bbag094_zeisel_cell_01040,3,3,0,3,10.822905,-7.129127,1039,0.3845422863960266
bbag094_zeisel_cell_01041,3,3,0,3,10.251988,-7.6917944,1040,0.3845422863960266
bbag094_zeisel_cell_01042,3,3,0,3,10.309952,-6.999323,1041,0.3845422863960266
bbag094_zeisel_cell_01043,3,3,0,3,9.953593,-7.418428,1042,0.3845422863960266
bbag094_zeisel_cell_01044,3,3,0,3,10.012844,-7.304598,1043,0.3845422863960266
bbag094_zeisel_cell_01045,3,3,0,3,9.902293,-7.103482,1044,0.3845422863960266
bbag094_zeisel_cell_01046,3,3,0,3,9.955629,-7.6498823,1045,0.3845422863960266
bbag094_zeisel_cell_01047,3,3,0,3,10.882631,-7.828715,1046,0.8477680683135986
bbag094_zeisel_cell_01048,3,3,0,3,10.954106,-8.053925,1047,1.774501085281372
bbag094_zeisel_cell_01049,3,3,0,3,10.435177,-7.351928,1048,0.3845422863960266
bbag094_zeisel_cell_01050,3,3,1,4,11.554192,-9.208855,1049,2.062971353530884
bbag094_zeisel_cell_01051,3,3,2,6,25.802748,-10.604221,1050,1.49168598651886
bbag094_zeisel_cell_01052,3,3,0,3,10.165702,-7.2487597,1051,0.3845422863960266
bbag094_zeisel_cell_01053,3,3,0,3,9.9588375,-7.490034,1052,0.3845422863960266
bbag094_zeisel_cell_01054,3,3,0,3,9.98193,-7.5116386,1053,0.3845422863960266
bbag094_zeisel_cell_01055,3,3,0,3,9.94013,-7.1125555,1054,0.3845422863960266
bbag094_zeisel_cell_01056,3,3,0,3,10.220862,-7.7213044,1055,0.3845422863960266
bbag094_zeisel_cell_01057,3,3,0,3,10.175042,-7.52399,1056,0.3845422863960266
bbag094_zeisel_cell_01058,3,3,0,3,10.21716,-7.6569877,1057,0.3845422863960266
bbag094_zeisel_cell_01059,3,3,0,3,9.740124,-7.4617233,1058,0.3845422863960266
bbag094_zeisel_cell_01060,3,3,0,3,10.0299015,-7.594797,1059,0.3845422863960266
bbag094_zeisel_cell_01061,3,3,0,3,9.623965,-7.425137,1060,0.3845422863960266
bbag094_zeisel_cell_01062,3,3,0,3,10.234881,-6.9813337,1061,0.3845422863960266
bbag094_zeisel_cell_01063,3,3,0,3,9.13732,-6.4082417,1062,0.3845422863960266
bbag094_zeisel_cell_01064,3,3,0,3,10.024817,-7.5957522,1063,0.3845422863960266
bbag094_zeisel_cell_01065,3,3,0,3,10.036188,-7.2050376,1064,0.3845422863960266
bbag094_zeisel_cell_01066,3,3,2,6,25.611614,-10.584753,1065,1.466480731964111
bbag094_zeisel_cell_01067,3,3,0,3,10.118709,-7.695507,1066,0.3845422863960266
bbag094_zeisel_cell_01068,3,3,1,4,11.65405,-9.333425,1067,2.150106430053711
bbag094_zeisel_cell_01069,3,3,0,3,10.087529,-7.3059506,1068,0.3845422863960266
bbag094_zeisel_cell_01070,3,3,0,3,9.6482115,-7.249466,1069,0.3845422863960266
bbag094_zeisel_cell_01071,3,3,2,6,25.6602,-10.778494,1070,1.5471593141555786
bbag094_zeisel_cell_01072,3,3,0,3,8.892544,-6.4891148,1071,0.3845422863960266
bbag094_zeisel_cell_01073,3,3,0,3,10.095001,-7.4679394,1072,0.872467577457428
bbag094_zeisel_cell_01074,3,3,0,3,8.798081,-6.6433864,1073,0.3845422863960266
bbag094_zeisel_cell_01075,3,3,0,3,10.093047,-7.1685634,1074,0.3845422863960266
bbag094_zeisel_cell_01076,3,3,0,3,9.143826,-6.5580454,1075,0.3845422863960266
bbag094_zeisel_cell_01077,3,3,0,3,9.686158,-7.0091157,1076,0.3845422863960266
bbag094_zeisel_cell_01078,3,3,0,3,10.292197,-7.7115445,1077,0.3845422863960266
bbag094_zeisel_cell_01079,3,3,0,3,9.822532,-7.041862,1078,0.3845422863960266
bbag094_zeisel_cell_01080,3,3,0,3,9.930392,-7.0721774,1079,0.3845422863960266
bbag094_zeisel_cell_01081,3,3,0,3,9.796491,-7.352385,1080,0.3845422863960266
bbag094_zeisel_cell_01082,3,3,7,9,16.701664,-6.4503264,1081,2.37495231628418
bbag094_zeisel_cell_01083,3,3,0,3,10.53789,-8.351767,1082,0.3845422863960266
bbag094_zeisel_cell_01084,3,3,0,3,8.958481,-6.027872,1083,0.3845422863960266
bbag094_zeisel_cell_01085,3,3,0,3,8.753256,-6.4110413,1084,0.3845422863960266
bbag094_zeisel_cell_01086,3,3,0,3,9.761649,-7.347268,1085,0.3845422863960266
bbag094_zeisel_cell_01087,3,3,0,3,9.7480545,-6.9723935,1086,0.3845422863960266
bbag094_zeisel_cell_01088,3,3,0,3,11.555009,-9.222479,1087,0.9411678314208984
bbag094_zeisel_cell_01089,3,3,0,3,9.815784,-7.0377836,1088,0.3845422863960266
bbag094_zeisel_cell_01090,3,3,0,3,9.662532,-7.0734897,1089,0.3845422863960266
bbag094_zeisel_cell_01091,3,3,0,3,10.067451,-6.7573757,1090,0.3845422863960266
bbag094_zeisel_cell_01092,3,3,7,9,16.698269,-6.4561405,1091,2.370459794998169
bbag094_zeisel_cell_01093,3,3,0,3,8.874771,-6.0351567,1092,0.3845422863960266
bbag094_zeisel_cell_01094,3,3,0,3,9.724181,-6.740408,1093,0.3845422863960266
bbag094_zeisel_cell_01095,3,3,0,3,8.944095,-6.437852,1094,0.3845422863960266
bbag094_zeisel_cell_01096,3,3,5,7,17.895906,-14.36471,1095,0.7888087630271912
bbag094_zeisel_cell_01097,3,3,0,3,8.71658,-6.236846,1096,0.3845422863960266
bbag094_zeisel_cell_01098,3,3,0,3,8.66789,-6.54864,1097,0.3845422863960266
bbag094_zeisel_cell_01099,3,3,0,3,9.451985,-6.0748596,1098,0.3845422863960266
bbag094_zeisel_cell_01100,3,3,5,7,18.850803,-13.57006,1099,1.5484298467636108
bbag094_zeisel_cell_01101,3,3,0,3,9.734483,-7.0294724,1100,0.3845422863960266
bbag094_zeisel_cell_01102,3,3,0,3,8.897812,-6.734306,1101,0.3845422863960266
bbag094_zeisel_cell_01103,3,3,0,3,8.687252,-6.5752687,1102,0.3845422863960266
bbag094_zeisel_cell_01104,3,3,0,3,8.722963,-6.707827,1103,0.3845422863960266
bbag094_zeisel_cell_01105,3,3,0,3,8.887197,-6.3582354,1104,0.3845422863960266
bbag094_zeisel_cell_01106,3,3,0,3,8.602023,-6.2747545,1105,0.3845422863960266
bbag094_zeisel_cell_01107,3,3,0,3,9.606663,-5.94712,1106,0.3845422863960266
bbag094_zeisel_cell_01108,3,3,0,3,9.139409,-6.1174626,1107,0.3845422863960266
bbag094_zeisel_cell_01109,3,3,0,3,9.176697,-6.310115,1108,0.3845422863960266
bbag094_zeisel_cell_01110,3,3,1,4,11.476851,-9.102286,1109,2.0602810382843018
bbag094_zeisel_cell_01111,3,3,5,7,18.565811,-13.889113,1110,0.9847334027290344
bbag094_zeisel_cell_01112,3,3,0,3,8.7373,-6.1554375,1111,0.3845422863960266
bbag094_zeisel_cell_01113,3,3,0,3,8.844503,-6.4933043,1112,0.3845422863960266
bbag094_zeisel_cell_01114,3,3,0,3,9.317066,-7.2321095,1113,0.3845422863960266
bbag094_zeisel_cell_01115,3,3,0,3,8.912896,-6.9620323,1114,0.3845422863960266
bbag094_zeisel_cell_01116,3,3,0,3,9.617694,-6.5227127,1115,1.471083402633667
bbag094_zeisel_cell_01117,3,3,0,3,9.576372,-6.432653,1116,0.3845422863960266
bbag094_zeisel_cell_01118,3,3,0,3,8.573178,-6.442442,1117,0.3845422863960266
bbag094_zeisel_cell_01119,3,3,0,3,8.5859375,-6.219561,1118,0.3845422863960266
bbag094_zeisel_cell_01120,3,3,0,3,9.374165,-7.255122,1119,0.3845422863960266
bbag094_zeisel_cell_01121,3,3,0,3,9.060222,-7.019809,1120,0.3845422863960266
bbag094_zeisel_cell_01122,3,3,1,4,11.595214,-9.266091,1121,0.882005512714386
bbag094_zeisel_cell_01123,3,3,0,3,9.337665,-6.1620636,1122,0.3845422863960266
bbag094_zeisel_cell_01124,3,3,0,3,9.736408,-7.06443,1123,0.3845422863960266
bbag094_zeisel_cell_01125,3,3,9,8,10.659733,-8.680361,1124,3.0590591430664062
bbag094_zeisel_cell_01126,3,3,0,3,9.676217,-5.9814577,1125,0.3845422863960266
bbag094_zeisel_cell_01127,3,3,0,3,0.46824458,-4.5821147,1126,1.4795104265213013
bbag094_zeisel_cell_01128,3,3,0,3,8.672607,-6.305211,1127,0.3845422863960266
bbag094_zeisel_cell_01129,3,3,0,3,8.958268,-6.9837537,1128,0.3845422863960266
bbag094_zeisel_cell_01130,3,3,0,3,9.676073,-7.222074,1129,0.3845422863960266
bbag094_zeisel_cell_01131,3,3,0,3,8.792663,-6.3831644,1130,0.3845422863960266
bbag094_zeisel_cell_01132,3,3,1,4,11.551983,-9.212321,1131,2.463353157043457
bbag094_zeisel_cell_01133,3,3,0,3,9.234697,-7.174028,1132,0.3845422863960266
bbag094_zeisel_cell_01134,3,3,0,3,9.048033,-7.015472,1133,0.3845422863960266
bbag094_zeisel_cell_01135,3,3,5,7,18.81006,-13.643054,1134,1.2268284559249878
bbag094_zeisel_cell_01136,3,3,0,3,9.552593,-7.4225087,1135,0.3897195160388946
bbag094_zeisel_cell_01137,3,3,6,5,16.89669,-6.422675,1136,2.37495231628418
bbag094_zeisel_cell_01138,3,3,0,3,8.680413,-6.4442945,1137,0.3845422863960266
bbag094_zeisel_cell_01139,3,3,2,6,25.953075,-10.655105,1138,1.3618427515029907
bbag094_zeisel_cell_01140,3,3,0,3,8.958855,-6.734457,1139,0.3845422863960266
bbag094_zeisel_cell_01141,3,3,0,3,8.507229,-6.4330406,1140,0.3845422863960266
bbag094_zeisel_cell_01142,3,3,0,3,9.836422,-6.7806525,1141,0.3845422863960266
bbag094_zeisel_cell_01143,3,3,0,3,8.546823,-6.1659546,1142,0.3845422863960266
bbag094_zeisel_cell_01144,3,3,0,3,9.52318,-5.4241004,1143,0.3845422863960266
bbag094_zeisel_cell_01145,3,3,5,7,18.117008,-14.103483,1144,0.8350086212158203
bbag094_zeisel_cell_01146,3,3,7,9,16.70231,-6.471279,1145,2.339101791381836
bbag094_zeisel_cell_01147,3,3,0,3,11.51088,-5.0762935,1146,0.3845422863960266
bbag094_zeisel_cell_01148,3,3,0,3,9.50387,-7.307775,1147,1.5351465940475464
bbag094_zeisel_cell_01149,3,3,0,3,8.799596,-6.416617,1148,0.3845422863960266
bbag094_zeisel_cell_01150,3,3,0,3,9.62476,-6.159717,1149,0.3845422863960266
bbag094_zeisel_cell_01151,3,3,2,6,25.350935,-10.872941,1150,1.3803316354751587
bbag094_zeisel_cell_01152,3,3,0,3,10.004581,-5.447664,1151,1.8072922229766848
bbag094_zeisel_cell_01153,3,3,2,6,26.403242,-10.788357,1152,1.3688925504684448
bbag094_zeisel_cell_01154,3,3,2,6,25.483898,-11.034536,1153,1.394924879074097
bbag094_zeisel_cell_01155,3,3,0,3,8.629619,-6.1298065,1154,0.3845422863960266
bbag094_zeisel_cell_01156,3,3,0,3,8.912794,-6.6182833,1155,0.3845422863960266
bbag094_zeisel_cell_01157,3,3,0,3,9.219564,-6.8558664,1156,0.3845422863960266
bbag094_zeisel_cell_01158,3,3,0,3,8.573036,-6.025124,1157,0.3845422863960266
bbag094_zeisel_cell_01159,3,3,0,3,8.780248,-6.2246556,1158,0.3845422863960266
bbag094_zeisel_cell_01160,3,3,0,3,8.749848,-6.4030075,1159,0.3845422863960266
bbag094_zeisel_cell_01161,3,3,0,3,8.641048,-6.160476,1160,0.3845422863960266
bbag094_zeisel_cell_01162,3,3,0,3,8.732549,-6.466168,1161,0.3845422863960266
bbag094_zeisel_cell_01163,3,3,0,3,2.100073,-5.231511,1162,1.824912428855896
bbag094_zeisel_cell_01164,3,3,0,3,8.647694,-6.270486,1163,0.3845422863960266
bbag094_zeisel_cell_01165,3,3,0,3,9.793105,-6.429005,1164,1.6160213947296145
bbag094_zeisel_cell_01166,3,3,0,3,8.6782255,-6.124945,1165,0.3845422863960266
bbag094_zeisel_cell_01167,3,3,5,7,18.596481,-13.920752,1166,1.103979229927063
bbag094_zeisel_cell_01168,3,3,0,3,9.499783,-6.765454,1167,0.3845422863960266
bbag094_zeisel_cell_01169,3,3,2,6,25.828644,-10.898603,1168,1.3609706163406372
bbag094_zeisel_cell_01170,3,3,0,3,10.649549,-7.847722,1169,1.974839687347412
bbag094_zeisel_cell_01171,3,3,0,3,8.615544,-6.2873483,1170,0.3845422863960266
bbag094_zeisel_cell_01172,3,3,0,3,10.002819,-6.780244,1171,0.3845422863960266
bbag094_zeisel_cell_01173,3,3,0,3,8.90925,-5.9155025,1172,0.3845422863960266
bbag094_zeisel_cell_01174,3,3,7,9,16.710066,-6.4516554,1173,2.37495231628418
bbag094_zeisel_cell_01175,3,3,0,3,8.586279,-5.956097,1174,0.3845422863960266
bbag094_zeisel_cell_01176,3,3,0,3,8.924141,-6.3569975,1175,0.3845422863960266
bbag094_zeisel_cell_01177,3,3,0,3,8.749562,-5.5803,1176,0.3845422863960266
bbag094_zeisel_cell_01178,3,3,0,3,8.799541,-6.0522604,1177,0.3845422863960266
bbag094_zeisel_cell_01179,3,3,0,3,8.750056,-5.942724,1178,0.3845422863960266
bbag094_zeisel_cell_01180,3,3,0,3,9.580753,-5.8248973,1179,0.3845422863960266
bbag094_zeisel_cell_01181,3,3,0,3,9.456291,-5.6107097,1180,0.3845422863960266
bbag094_zeisel_cell_01182,3,3,0,3,8.755015,-6.218472,1181,0.3845422863960266
bbag094_zeisel_cell_01183,3,3,0,3,8.590313,-5.871749,1182,0.3845422863960266
bbag094_zeisel_cell_01184,3,3,2,6,25.659727,-10.465861,1183,1.879838943481445
bbag094_zeisel_cell_01185,3,3,0,3,8.617976,-6.3554063,1184,0.3845422863960266
bbag094_zeisel_cell_01186,3,3,0,3,9.10826,-5.604079,1185,0.3845422863960266
bbag094_zeisel_cell_01187,3,3,0,3,8.770678,-6.1453443,1186,0.3845422863960266
bbag094_zeisel_cell_01188,3,3,0,3,8.819993,-6.3135867,1187,0.3845422863960266
bbag094_zeisel_cell_01189,3,3,0,3,11.558782,-9.205764,1188,0.7664151787757874
bbag094_zeisel_cell_01190,3,3,0,3,9.023883,-5.5166945,1189,0.3845422863960266
bbag094_zeisel_cell_01191,3,3,0,3,8.726072,-6.077484,1190,0.3845422863960266
bbag094_zeisel_cell_01192,3,3,0,3,9.392936,-5.5835853,1191,0.3845422863960266
bbag094_zeisel_cell_01193,3,3,0,3,10.050087,-5.5797024,1192,0.4851191341876983
bbag094_zeisel_cell_01194,3,3,2,6,24.97624,-10.971082,1193,2.005683183670044
bbag094_zeisel_cell_01195,3,3,0,3,8.810774,-6.054102,1194,0.3845422863960266
bbag094_zeisel_cell_01196,3,3,0,3,11.185802,-7.203086,1195,0.8896446228027344
bbag094_zeisel_cell_01197,3,3,0,3,9.410976,-5.8596234,1196,0.3845422863960266
bbag094_zeisel_cell_01198,3,3,0,3,8.961329,-5.755479,1197,0.3845422863960266
bbag094_zeisel_cell_01199,3,3,0,3,8.490993,-6.1182437,1198,0.3845422863960266
bbag094_zeisel_cell_01200,3,3,0,3,9.789907,-6.7792673,1199,0.3845422863960266
bbag094_zeisel_cell_01201,3,3,0,3,10.046475,-7.0262156,1200,0.3845422863960266
bbag094_zeisel_cell_01202,3,3,0,3,9.068618,-5.5968547,1201,0.3845422863960266
bbag094_zeisel_cell_01203,3,3,0,3,9.304889,-6.481926,1202,0.3845422863960266
bbag094_zeisel_cell_01204,3,3,0,3,9.333014,-6.1752276,1203,0.3845422863960266
bbag094_zeisel_cell_01205,3,3,0,3,9.638584,-6.1243844,1204,0.3845422863960266
bbag094_zeisel_cell_01206,3,3,0,3,3.1592548,-5.2660985,1205,1.874067783355713
bbag094_zeisel_cell_01207,3,3,0,3,9.009013,-6.2747784,1206,0.3845422863960266
bbag094_zeisel_cell_01208,3,3,0,3,8.712651,-6.0506606,1207,0.3845422863960266
bbag094_zeisel_cell_01209,3,3,0,3,9.38328,-6.1895437,1208,0.3845422863960266
bbag094_zeisel_cell_01210,3,3,0,3,10.684557,-8.593074,1209,1.7819108963012695
bbag094_zeisel_cell_01211,3,3,0,3,9.062791,-5.633387,1210,0.3845422863960266
bbag094_zeisel_cell_01212,3,3,0,3,9.307052,-6.161612,1211,0.3845422863960266
bbag094_zeisel_cell_01213,3,3,0,3,9.005414,-5.7455606,1212,0.3845422863960266
bbag094_zeisel_cell_01214,3,3,5,7,18.501879,-14.044139,1213,0.9811235070228576
bbag094_zeisel_cell_01215,3,3,0,3,9.798496,-5.3761997,1214,0.3845422863960266
bbag094_zeisel_cell_01216,3,3,0,3,9.4309845,-5.754808,1215,0.3845422863960266
bbag094_zeisel_cell_01217,3,3,0,3,9.239645,-6.153697,1216,0.3845422863960266
bbag094_zeisel_cell_01218,3,3,0,3,10.524702,-5.5064874,1217,0.3845422863960266
bbag094_zeisel_cell_01219,3,3,0,3,9.525785,-6.118603,1218,0.3845422863960266
bbag094_zeisel_cell_01220,3,3,0,3,9.38994,-5.709031,1219,0.3845422863960266
bbag094_zeisel_cell_01221,3,3,0,3,10.373656,-6.1907625,1220,0.3845422863960266
bbag094_zeisel_cell_01222,3,3,0,3,9.28981,-5.5818653,1221,0.3845422863960266
bbag094_zeisel_cell_01223,3,3,0,3,9.749463,-6.0599065,1222,0.3845422863960266
bbag094_zeisel_cell_01224,3,3,0,3,9.951148,-6.1055207,1223,0.3845422863960266
bbag094_zeisel_cell_01225,3,3,0,3,10.002107,-5.435317,1224,0.3845422863960266
bbag094_zeisel_cell_01226,3,3,0,3,11.145114,-5.073524,1225,0.3845422863960266
bbag094_zeisel_cell_01227,3,3,0,3,9.5917425,-5.909222,1226,0.3845422863960266
bbag094_zeisel_cell_01228,3,3,2,6,24.301609,-11.8628,1227,1.9933613538742063
bbag094_zeisel_cell_01229,3,3,0,3,11.237019,-5.1744423,1228,0.3845422863960266
bbag094_zeisel_cell_01230,3,3,3,2,21.860146,-13.396831,1229,1.0800940990447998
bbag094_zeisel_cell_01231,3,3,0,3,10.191417,-5.5882607,1230,0.3845422863960266
bbag094_zeisel_cell_01232,3,3,2,6,25.63363,-10.506209,1231,1.9100419282913208
bbag094_zeisel_cell_01233,3,3,0,3,10.252115,-5.8146157,1232,0.3845422863960266
bbag094_zeisel_cell_01234,3,3,0,3,11.500487,-5.0926194,1233,0.3845422863960266
bbag094_zeisel_cell_01235,3,3,0,3,11.322134,-5.110199,1234,0.3845422863960266
bbag094_zeisel_cell_01236,3,3,0,3,11.564883,-5.080653,1235,0.3845422863960266
bbag094_zeisel_cell_01237,3,3,0,3,10.376485,-5.6692386,1236,0.3845422863960266
bbag094_zeisel_cell_01238,3,3,0,3,25.459715,-10.455159,1237,1.752372145652771
bbag094_zeisel_cell_01239,3,3,0,3,10.246979,-5.683275,1238,0.3845422863960266
bbag094_zeisel_cell_01240,3,3,0,3,11.581241,-5.1349688,1239,0.3845422863960266
bbag094_zeisel_cell_01241,3,3,0,3,11.679477,-5.3129997,1240,0.3845422863960266
bbag094_zeisel_cell_01242,3,3,4,1,-0.06750131,-4.405173,1241,1.240721344947815
bbag094_zeisel_cell_01243,3,3,0,3,11.56977,-5.373878,1242,0.3845422863960266
bbag094_zeisel_cell_01244,3,3,2,6,24.26229,-11.816406,1243,1.95769202709198
bbag094_zeisel_cell_01245,3,3,0,3,11.747464,-6.184937,1244,0.3845422863960266
bbag094_zeisel_cell_01246,3,3,0,3,11.4834175,-5.923396,1245,0.3845422863960266
bbag094_zeisel_cell_01247,3,3,5,7,18.523266,-13.867849,1246,0.992954969406128
bbag094_zeisel_cell_01248,3,3,2,6,24.271399,-11.897072,1247,1.7212742567062378
bbag094_zeisel_cell_01249,3,3,0,3,18.767963,-13.021165,1248,1.7360448837280271
bbag094_zeisel_cell_01250,3,3,0,3,10.117588,-5.564903,1249,0.3845422863960266
bbag094_zeisel_cell_01251,3,3,0,3,10.253753,-5.5155163,1250,0.3845422863960266
bbag094_zeisel_cell_01252,3,3,0,3,11.433278,-5.9340944,1251,0.3845422863960266
bbag094_zeisel_cell_01253,3,3,0,3,9.954161,-5.449937,1252,0.3845422863960266
bbag094_zeisel_cell_01254,3,3,0,3,10.728438,-8.421906,1253,0.3845422863960266
bbag094_zeisel_cell_01255,3,3,2,6,25.644403,-10.516309,1254,1.935706734657288
bbag094_zeisel_cell_01256,3,3,0,3,10.098949,-5.4415307,1255,0.3845422863960266
bbag094_zeisel_cell_01257,3,3,0,3,9.813956,-6.6447177,1256,0.3845422863960266
bbag094_zeisel_cell_01258,3,3,0,3,9.565015,-5.7165976,1257,0.3845422863960266
bbag094_zeisel_cell_01259,3,3,0,3,9.9597435,-5.2643285,1258,0.3845422863960266
bbag094_zeisel_cell_01260,3,3,0,3,9.708997,-5.223273,1259,0.3845422863960266
bbag094_zeisel_cell_01261,3,3,5,7,18.693026,-13.831484,1260,1.0051339864730835
bbag094_zeisel_cell_01262,3,3,0,3,9.919597,-5.3502636,1261,0.3845422863960266
bbag094_zeisel_cell_01263,3,3,0,3,11.134463,-6.168364,1262,0.3845422863960266
bbag094_zeisel_cell_01264,3,3,5,7,18.350897,-14.008488,1263,1.493213772773743
bbag094_zeisel_cell_01265,3,3,0,3,9.82587,-5.3399973,1264,0.3845422863960266
bbag094_zeisel_cell_01266,3,3,0,3,9.837979,-5.254789,1265,0.3845422863960266
bbag094_zeisel_cell_01267,3,3,0,3,10.98061,-6.359945,1266,0.3947760462760925
bbag094_zeisel_cell_01268,3,3,0,3,9.573934,-5.665553,1267,0.3845422863960266
bbag094_zeisel_cell_01269,3,3,0,3,10.388513,-5.2390895,1268,0.3845422863960266
bbag094_zeisel_cell_01270,3,3,0,3,9.511991,-5.3970194,1269,0.3845422863960266
bbag094_zeisel_cell_01271,3,3,0,3,11.427372,-5.0753813,1270,0.3845422863960266
bbag094_zeisel_cell_01272,3,3,5,7,18.853716,-13.589537,1271,1.345685601234436
bbag094_zeisel_cell_01273,3,3,0,3,9.592383,-5.3053026,1272,0.3845422863960266
bbag094_zeisel_cell_01274,3,3,0,3,9.16536,-5.7484746,1273,0.3845422863960266
bbag094_zeisel_cell_01275,3,3,5,7,18.866652,-13.561187,1274,1.3663649559020996
bbag094_zeisel_cell_01276,3,3,0,3,10.821099,-5.1310854,1275,0.3845422863960266
bbag094_zeisel_cell_01277,3,3,0,3,10.557948,-6.17798,1276,1.7617462873458862
bbag094_zeisel_cell_01278,3,3,2,6,25.34084,-10.771202,1277,1.5606712102890017
bbag094_zeisel_cell_01279,3,3,0,3,10.657888,-5.6629844,1278,0.3845422863960266
bbag094_zeisel_cell_01280,3,3,0,3,9.984233,-5.506833,1279,0.3845422863960266
bbag094_zeisel_cell_01281,3,3,0,3,10.692257,-4.995397,1280,0.3845422863960266
bbag094_zeisel_cell_01282,3,3,0,3,9.950589,-5.449335,1281,0.3845422863960266
bbag094_zeisel_cell_01283,3,3,0,3,10.001125,-5.5112567,1282,0.3845422863960266
bbag094_zeisel_cell_01284,3,3,0,3,9.5350485,-5.2379465,1283,0.3845422863960266
bbag094_zeisel_cell_01285,3,3,0,3,11.384992,-5.0032625,1284,0.3845422863960266
bbag094_zeisel_cell_01286,3,3,0,3,11.161165,-5.4816866,1285,0.3845422863960266
bbag094_zeisel_cell_01287,3,3,2,6,26.517258,-10.32991,1286,1.9548864364624023
bbag094_zeisel_cell_01288,3,3,0,3,9.460196,-5.4199896,1287,0.3845422863960266
bbag094_zeisel_cell_01289,3,3,0,3,9.678547,-5.221793,1288,0.3845422863960266
bbag094_zeisel_cell_01290,3,3,0,3,11.542525,-5.9640365,1289,0.3845422863960266
bbag094_zeisel_cell_01291,3,3,0,3,11.407931,-6.0017066,1290,0.3845422863960266
bbag094_zeisel_cell_01292,3,3,0,3,10.577085,-5.535676,1291,0.3845422863960266
bbag094_zeisel_cell_01293,3,3,3,2,21.928083,-13.446696,1292,2.1784818172454834
bbag094_zeisel_cell_01294,3,3,0,3,10.427023,-6.014388,1293,0.3845422863960266
bbag094_zeisel_cell_01295,3,3,0,3,11.07111,-6.115258,1294,0.3845422863960266
bbag094_zeisel_cell_01296,3,3,0,3,11.093319,-6.1941447,1295,0.3845422863960266
bbag094_zeisel_cell_01297,3,3,0,3,10.533639,-5.1335044,1296,0.3845422863960266
bbag094_zeisel_cell_01298,3,3,2,6,25.082354,-10.95487,1297,2.0842127799987797
bbag094_zeisel_cell_01299,3,3,0,3,11.377785,-6.2514734,1298,0.3845422863960266
bbag094_zeisel_cell_01300,3,3,0,3,9.947071,-5.836284,1299,0.3845422863960266
bbag094_zeisel_cell_01301,3,3,0,3,10.640173,-5.7037907,1300,0.3845422863960266
bbag094_zeisel_cell_01302,3,3,4,1,2.1747296,-5.390866,1301,1.5143963098526
bbag094_zeisel_cell_01303,3,3,0,3,10.492858,-5.048224,1302,0.3845422863960266
bbag094_zeisel_cell_01304,3,3,0,3,10.561992,-5.3115745,1303,0.3845422863960266
bbag094_zeisel_cell_01305,3,3,0,3,11.619425,-5.853778,1304,0.3845422863960266
bbag094_zeisel_cell_01306,3,3,2,6,25.813042,-10.685222,1305,1.328508377075195
bbag094_zeisel_cell_01307,3,3,0,3,11.234084,-5.3340673,1306,0.3845422863960266
bbag094_zeisel_cell_01308,3,3,0,3,10.603959,-5.6051226,1307,0.4116046726703644
bbag094_zeisel_cell_01309,3,3,2,6,26.26067,-10.392803,1308,1.575617432594299
bbag094_zeisel_cell_01310,3,3,0,3,10.785903,-5.9239683,1309,0.3845422863960266
bbag094_zeisel_cell_01311,3,3,0,3,10.349279,-6.131058,1310,0.3845422863960266
bbag094_zeisel_cell_01312,3,3,0,3,10.60948,-5.3654323,1311,0.3845422863960266
bbag094_zeisel_cell_01313,3,3,0,3,10.0701885,-5.426443,1312,0.3845422863960266
bbag094_zeisel_cell_01314,3,3,0,3,10.717106,-5.1780148,1313,0.3845422863960266
bbag094_zeisel_cell_01315,3,3,0,3,10.800641,-5.3094883,1314,0.3845422863960266
bbag094_zeisel_cell_01316,3,3,0,3,11.672514,-5.738125,1315,0.3845422863960266
bbag094_zeisel_cell_01317,3,3,0,3,9.833461,-5.158829,1316,0.3845422863960266
bbag094_zeisel_cell_01318,3,3,0,3,11.484383,-5.4120255,1317,0.3845422863960266
bbag094_zeisel_cell_01319,3,3,5,7,18.666367,-13.819581,1318,0.999762237071991
bbag094_zeisel_cell_01320,3,3,0,3,10.60947,-5.5319185,1319,0.3845422863960266
bbag094_zeisel_cell_01321,3,3,0,3,10.738922,-5.4427977,1320,0.3845422863960266
bbag094_zeisel_cell_01322,3,3,0,3,10.728335,-5.9514127,1321,0.3845422863960266
bbag094_zeisel_cell_01323,3,3,0,3,10.4043455,-5.177855,1322,0.3845422863960266
bbag094_zeisel_cell_01324,3,3,0,3,11.387578,-5.640263,1323,0.3845422863960266
bbag094_zeisel_cell_01325,3,3,0,3,10.574807,-5.9289384,1324,0.3845422863960266
bbag094_zeisel_cell_01326,3,3,0,3,10.647019,-5.4382625,1325,0.3845422863960266
bbag094_zeisel_cell_01327,3,3,5,7,18.434906,-13.973905,1326,0.9409343600273132
bbag094_zeisel_cell_01328,3,3,0,3,10.899274,-5.392517,1327,0.3845422863960266
bbag094_zeisel_cell_01329,3,3,0,3,10.627405,-5.252242,1328,0.3845422863960266
bbag094_zeisel_cell_01330,3,3,0,3,11.325024,-5.49702,1329,0.3845422863960266
bbag094_zeisel_cell_01331,3,3,0,3,10.512678,-5.668339,1330,0.3845422863960266
bbag094_zeisel_cell_01332,3,3,0,3,10.530031,-5.312973,1331,0.3845422863960266
bbag094_zeisel_cell_01333,3,3,0,3,10.622008,-5.3943353,1332,0.3845422863960266
bbag094_zeisel_cell_01334,3,3,1,4,11.612685,-9.7523365,1333,0.9067009687423706
bbag094_zeisel_cell_01335,3,3,0,3,10.854391,-5.279272,1334,0.3845422863960266
bbag094_zeisel_cell_01336,3,3,0,3,10.788332,-5.314317,1335,0.3845422863960266
bbag094_zeisel_cell_01337,3,3,0,3,10.815463,-5.909014,1336,0.3845422863960266
bbag094_zeisel_cell_01338,3,3,2,6,25.325006,-10.910132,1337,1.3175603151321411
bbag094_zeisel_cell_01339,3,3,0,3,10.591447,-5.327407,1338,0.3845422863960266
bbag094_zeisel_cell_01340,3,3,0,3,10.620794,-5.48839,1339,0.3845422863960266
bbag094_zeisel_cell_01341,3,3,0,3,11.103079,-5.755277,1340,0.3845422863960266
bbag094_zeisel_cell_01342,3,3,0,3,10.662706,-5.3826985,1341,0.3845422863960266
bbag094_zeisel_cell_01343,3,3,0,3,10.814163,-5.969316,1342,0.3845422863960266
bbag094_zeisel_cell_01344,3,3,0,3,11.243492,-6.0663853,1343,0.3845422863960266
bbag094_zeisel_cell_01345,3,3,0,3,11.464409,-5.671965,1344,0.3845422863960266
bbag094_zeisel_cell_01346,3,3,0,3,11.59353,-5.357498,1345,0.3845422863960266
bbag094_zeisel_cell_01347,3,3,0,3,8.862166,-6.9315844,1346,0.3845422863960266
bbag094_zeisel_cell_01348,3,3,0,3,8.876682,-6.04433,1347,0.3845422863960266
bbag094_zeisel_cell_01349,3,3,0,3,9.061384,-7.1033688,1348,0.3845422863960266
bbag094_zeisel_cell_01350,3,3,0,3,8.848761,-6.520401,1349,0.3845422863960266
bbag094_zeisel_cell_01351,3,3,5,7,18.87149,-13.609592,1350,1.5545552968978882
bbag094_zeisel_cell_01352,3,3,0,3,9.0814085,-6.854627,1351,0.3845422863960266
bbag094_zeisel_cell_01353,3,3,0,3,9.252777,-5.507145,1352,0.3845422863960266
bbag094_zeisel_cell_01354,3,3,0,3,9.993613,-7.4669633,1353,0.3845422863960266
bbag094_zeisel_cell_01355,3,3,0,3,9.260716,-6.2465463,1354,0.3845422863960266
bbag094_zeisel_cell_01356,3,3,5,7,18.83954,-13.580043,1355,1.579287886619568
bbag094_zeisel_cell_01357,3,3,0,3,9.536578,-5.609982,1356,0.3845422863960266
bbag094_zeisel_cell_01358,3,3,0,3,8.510749,-5.8653946,1357,0.3845422863960266
bbag094_zeisel_cell_01359,3,3,0,3,8.700823,-6.226537,1358,0.3845422863960266
bbag094_zeisel_cell_01360,3,3,0,3,10.160765,-7.163152,1359,0.3845422863960266
bbag094_zeisel_cell_01361,3,3,2,6,25.298155,-10.951725,1360,1.3730230331420898
bbag094_zeisel_cell_01362,3,3,0,3,9.010461,-6.131239,1361,0.3845422863960266
bbag094_zeisel_cell_01363,3,3,0,3,8.982283,-6.5518494,1362,0.3845422863960266
bbag094_zeisel_cell_01364,3,3,0,3,9.738131,-5.640619,1363,0.3845422863960266
bbag094_zeisel_cell_01365,3,3,9,8,10.648286,-8.60492,1364,2.864908218383789
bbag094_zeisel_cell_01366,3,3,0,3,8.886731,-5.7169085,1365,0.3845422863960266
bbag094_zeisel_cell_01367,3,3,0,3,11.521841,-5.2074547,1366,0.3845422863960266
bbag094_zeisel_cell_01368,3,3,0,3,9.272702,-5.3496075,1367,0.3845422863960266
bbag094_zeisel_cell_01369,3,3,0,3,8.716373,-6.292579,1368,0.3845422863960266
bbag094_zeisel_cell_01370,3,3,0,3,10.791175,-5.2107897,1369,0.3845422863960266
bbag094_zeisel_cell_01371,3,3,0,3,8.809279,-6.5400944,1370,0.3845422863960266
bbag094_zeisel_cell_01372,3,3,8,Unmatched_8,11.121753,-8.855023,1371,1.771640062332153
bbag094_zeisel_cell_01373,3,3,0,3,9.088649,-6.7631855,1372,0.508231520652771
bbag094_zeisel_cell_01374,3,3,1,4,11.718143,-9.516436,1373,0.7822725772857666
bbag094_zeisel_cell_01375,3,3,0,3,11.408239,-5.9987717,1374,0.3845422863960266
bbag094_zeisel_cell_01376,3,3,0,3,10.543065,-5.3205757,1375,0.3845422863960266
bbag094_zeisel_cell_01377,3,3,0,3,11.578078,-6.0450335,1376,0.3845422863960266
bbag094_zeisel_cell_01378,3,3,0,3,11.157109,-5.993287,1377,0.3845422863960266
bbag094_zeisel_cell_01379,3,3,0,3,8.563323,-6.152693,1378,0.3845422863960266
bbag094_zeisel_cell_01380,3,3,0,3,8.544728,-6.3914227,1379,0.3845422863960266
bbag094_zeisel_cell_01381,3,3,9,8,10.228141,-9.16786,1380,3.0590591430664062
bbag094_zeisel_cell_01382,3,3,0,3,8.798615,-6.1506143,1381,0.3845422863960266
bbag094_zeisel_cell_01383,3,3,0,3,8.89847,-6.7312655,1382,0.3845422863960266
bbag094_zeisel_cell_01384,3,3,5,7,18.076502,-14.014118,1383,0.8631701469421387
bbag094_zeisel_cell_01385,3,3,0,3,9.219568,-5.4423943,1384,0.3845422863960266
bbag094_zeisel_cell_01386,3,3,0,3,8.687452,-6.3533783,1385,0.4560806453227997
bbag094_zeisel_cell_01387,3,3,9,8,10.66679,-8.59891,1386,2.864908218383789
bbag094_zeisel_cell_01388,3,3,5,7,18.82548,-13.548373,1387,1.5075973272323608
bbag094_zeisel_cell_01389,3,3,0,3,10.434653,-5.2474713,1388,0.3845422863960266
bbag094_zeisel_cell_01390,3,3,0,3,9.08235,-5.7211285,1389,0.3845422863960266
bbag094_zeisel_cell_01391,3,3,0,3,9.042081,-5.368184,1390,0.3845422863960266
bbag094_zeisel_cell_01392,3,3,0,3,11.794342,-5.2156243,1391,0.3845422863960266
bbag094_zeisel_cell_01393,3,3,0,3,9.099293,-5.382184,1392,0.3845422863960266
bbag094_zeisel_cell_01394,3,3,0,3,9.369307,-5.3984528,1393,0.3845422863960266
bbag094_zeisel_cell_01395,3,3,0,3,10.276842,-5.5646935,1394,0.3845422863960266
bbag094_zeisel_cell_01396,3,3,0,3,8.763709,-5.5277586,1395,0.3845422863960266
bbag094_zeisel_cell_01397,3,3,0,3,8.591146,-6.1855593,1396,0.3845422863960266
bbag094_zeisel_cell_01398,3,3,0,3,9.805515,-5.939585,1397,0.3845422863960266
bbag094_zeisel_cell_01399,3,3,0,3,8.826173,-6.6052585,1398,0.3845422863960266
bbag094_zeisel_cell_01400,3,3,0,3,8.662301,-5.7145233,1399,0.3845422863960266
bbag094_zeisel_cell_01401,3,3,0,3,8.821303,-5.5331917,1400,0.3845422863960266
bbag094_zeisel_cell_01402,3,3,2,6,24.233784,-11.889354,1401,1.65593159198761
bbag094_zeisel_cell_01403,3,3,0,3,10.694548,-5.684374,1402,0.3845422863960266
bbag094_zeisel_cell_01404,3,3,0,3,10.392365,-5.159823,1403,0.3845422863960266
bbag094_zeisel_cell_01405,3,3,0,3,10.654825,-6.098631,1404,0.3845422863960266
bbag094_zeisel_cell_01406,3,3,0,3,8.464724,-6.050625,1405,0.3845422863960266
bbag094_zeisel_cell_01407,3,3,0,3,9.169034,-7.1195316,1406,0.3845422863960266
bbag094_zeisel_cell_01408,3,3,0,3,9.717007,-5.9055643,1407,0.3845422863960266
bbag094_zeisel_cell_01409,3,3,0,3,8.529803,-6.3088937,1408,0.3845422863960266
bbag094_zeisel_cell_01410,3,3,0,3,8.838047,-5.6428623,1409,0.3845422863960266
bbag094_zeisel_cell_01411,3,3,5,7,18.283466,-14.125231,1410,0.8834447860717773
bbag094_zeisel_cell_01412,3,3,0,3,8.706564,-5.65803,1411,0.3845422863960266
bbag094_zeisel_cell_01413,3,3,0,3,8.644433,-6.1265426,1412,0.3845422863960266
bbag094_zeisel_cell_01414,3,3,0,3,9.189459,-6.0315127,1413,0.3845422863960266
bbag094_zeisel_cell_01415,3,3,0,3,10.099179,-6.6679134,1414,0.3845422863960266
bbag094_zeisel_cell_01416,3,3,0,3,8.542563,-6.221318,1415,0.3845422863960266
bbag094_zeisel_cell_01417,3,3,0,3,9.038338,-6.587735,1416,0.3845422863960266
bbag094_zeisel_cell_01418,3,3,0,3,9.019244,-6.9982696,1417,0.3845422863960266
bbag094_zeisel_cell_01419,3,3,0,3,8.471442,-6.1755586,1418,0.3845422863960266
bbag094_zeisel_cell_01420,3,3,0,3,8.995589,-5.366022,1419,0.3845422863960266
bbag094_zeisel_cell_01421,3,3,0,3,8.555442,-6.0352135,1420,0.3845422863960266
bbag094_zeisel_cell_01422,3,3,0,3,8.92893,-6.357798,1421,0.3845422863960266
bbag094_zeisel_cell_01423,3,3,0,3,8.864702,-5.5037627,1422,0.3845422863960266
bbag094_zeisel_cell_01424,3,3,0,3,8.614048,-5.818067,1423,0.3845422863960266
bbag094_zeisel_cell_01425,3,3,0,3,9.11811,-5.573923,1424,0.3845422863960266
bbag094_zeisel_cell_01426,3,3,5,7,17.895931,-14.212358,1425,0.7333235144615173
bbag094_zeisel_cell_01427,3,3,9,8,10.501649,-8.958958,1426,3.0590591430664062
bbag094_zeisel_cell_01428,3,3,0,3,11.413041,-5.726115,1427,0.3845422863960266
bbag094_zeisel_cell_01429,3,3,0,3,10.819522,-5.3202214,1428,0.3845422863960266
bbag094_zeisel_cell_01430,3,3,0,3,11.343281,-5.1860237,1429,0.3845422863960266
bbag094_zeisel_cell_01431,3,3,0,3,11.415323,-5.6861324,1430,0.3845422863960266
bbag094_zeisel_cell_01432,3,3,0,3,11.40131,-5.722213,1431,0.5864828824996948
bbag094_zeisel_cell_01433,3,3,0,3,10.657784,-5.769441,1432,0.3845422863960266
bbag094_zeisel_cell_01434,3,3,0,3,10.535362,-5.8068266,1433,0.3845422863960266
bbag094_zeisel_cell_01435,3,3,0,3,8.794643,-5.630049,1434,0.3845422863960266
bbag094_zeisel_cell_01436,3,3,0,3,8.961112,-5.94982,1435,0.3845422863960266
bbag094_zeisel_cell_01437,3,3,0,3,8.347622,-6.2291007,1436,0.3845422863960266
bbag094_zeisel_cell_01438,3,3,0,3,9.89559,-5.658243,1437,0.3845422863960266
bbag094_zeisel_cell_01439,3,3,0,3,9.235889,-5.490593,1438,0.3845422863960266
bbag094_zeisel_cell_01440,3,3,0,3,8.899286,-6.969555,1439,0.3845422863960266
bbag094_zeisel_cell_01441,3,3,0,3,8.721273,-6.5732203,1440,0.3845422863960266
bbag094_zeisel_cell_01442,3,3,4,1,3.3472567,-5.1292396,1441,1.953168272972107
bbag094_zeisel_cell_01443,3,3,1,4,11.714094,-9.40711,1442,1.0266996622085571
bbag094_zeisel_cell_01444,3,3,8,Unmatched_8,10.323553,-12.1661625,1443,2.20261025428772
bbag094_zeisel_cell_01445,3,3,0,3,8.514764,-6.0125346,1444,0.3845422863960266
bbag094_zeisel_cell_01446,3,3,7,9,16.55444,-6.583263,1445,2.2740478515625
bbag094_zeisel_cell_01447,3,3,0,3,10.425958,-5.460222,1446,0.3845422863960266
bbag094_zeisel_cell_01448,3,3,0,3,8.990317,-5.4453506,1447,0.3845422863960266
bbag094_zeisel_cell_01449,3,3,0,3,9.679112,-5.151029,1448,0.3845422863960266
bbag094_zeisel_cell_01450,3,3,0,3,8.97991,-5.395505,1449,0.3845422863960266
bbag094_zeisel_cell_01451,3,3,0,3,9.066838,-6.0302014,1450,0.3845422863960266
bbag094_zeisel_cell_01452,3,3,0,3,11.425181,-5.2539005,1451,0.3845422863960266
bbag094_zeisel_cell_01453,3,3,0,3,11.059801,-6.0994544,1452,0.3845422863960266
bbag094_zeisel_cell_01454,3,3,0,3,10.250788,-5.0880094,1453,0.3845422863960266
bbag094_zeisel_cell_01455,3,3,3,2,21.894506,-13.466287,1454,1.809618592262268
bbag094_zeisel_cell_01456,3,3,0,3,8.906808,-6.899633,1455,0.3845422863960266
bbag094_zeisel_cell_01457,3,3,0,3,10.687858,-5.998564,1456,1.4108424186706543
bbag094_zeisel_cell_01458,3,3,0,3,10.19523,-5.580107,1457,0.3845422863960266
bbag094_zeisel_cell_01459,3,3,0,3,8.951668,-5.4971504,1458,0.3956638872623443
bbag094_zeisel_cell_01460,3,3,1,4,11.989,-10.263891,1459,2.062971353530884
bbag094_zeisel_cell_01461,3,3,0,3,8.822007,-6.8868866,1460,0.3845422863960266
bbag094_zeisel_cell_01462,3,3,0,3,10.044629,-7.275089,1461,0.3845422863960266
bbag094_zeisel_cell_01463,3,3,0,3,9.070592,-6.2856374,1462,0.3845422863960266
bbag094_zeisel_cell_01464,3,3,0,3,9.45886,-5.389076,1463,0.3845422863960266
bbag094_zeisel_cell_01465,3,3,0,3,9.705519,-5.88142,1464,0.3845422863960266
bbag094_zeisel_cell_01466,3,3,0,3,8.993214,-6.2167025,1465,0.3845422863960266
bbag094_zeisel_cell_01467,3,3,0,3,8.652702,-6.014793,1466,0.3845422863960266
bbag094_zeisel_cell_01468,3,3,0,3,8.688278,-5.931649,1467,0.3845422863960266
bbag094_zeisel_cell_01469,3,3,0,3,9.071164,-5.95963,1468,0.3845422863960266
bbag094_zeisel_cell_01470,3,3,5,7,18.505646,-14.000142,1469,1.0638220310211182
bbag094_zeisel_cell_01471,3,3,0,3,9.5139065,-5.517138,1470,0.3845422863960266
bbag094_zeisel_cell_01472,3,3,0,3,8.964576,-5.4786854,1471,0.3845422863960266
bbag094_zeisel_cell_01473,3,3,0,3,8.748985,-5.6767883,1472,0.3845422863960266
bbag094_zeisel_cell_01474,3,3,0,3,8.751426,-6.181733,1473,0.3845422863960266
bbag094_zeisel_cell_01475,3,3,0,3,8.803571,-5.5860076,1474,0.3845422863960266
bbag094_zeisel_cell_01476,3,3,0,3,9.764861,-5.5460715,1475,0.3845422863960266
bbag094_zeisel_cell_01477,3,3,0,3,10.228865,-5.0607758,1476,0.6501706838607788
bbag094_zeisel_cell_01478,3,3,1,4,11.692022,-9.390469,1477,1.1012464761734009
bbag094_zeisel_cell_01479,3,3,7,9,16.70735,-6.4465237,1478,2.37495231628418
bbag094_zeisel_cell_01480,3,3,0,3,10.019312,-5.170091,1479,0.3845422863960266
bbag094_zeisel_cell_01481,3,3,0,3,9.897107,-5.2500787,1480,0.3845422863960266
bbag094_zeisel_cell_01482,3,3,0,3,10.796301,-5.230695,1481,0.3845422863960266
bbag094_zeisel_cell_01483,3,3,0,3,10.761648,-5.17791,1482,0.3845422863960266
bbag094_zeisel_cell_01484,3,3,0,3,10.845599,-5.5516324,1483,0.4236237704753876
bbag094_zeisel_cell_01485,3,3,0,3,11.60177,-6.05638,1484,0.3845422863960266
bbag094_zeisel_cell_01486,3,3,9,8,10.089863,-9.339327,1485,2.5545148849487305
bbag094_zeisel_cell_01487,3,3,0,3,8.657928,-6.1313086,1486,0.3845422863960266
bbag094_zeisel_cell_01488,3,3,0,3,8.769889,-5.595808,1487,0.3845422863960266
bbag094_zeisel_cell_01489,3,3,0,3,8.763327,-5.668725,1488,0.3845422863960266
bbag094_zeisel_cell_01490,3,3,0,3,8.712996,-6.6247416,1489,0.3845422863960266
bbag094_zeisel_cell_01491,3,3,0,3,8.634731,-6.02204,1490,0.3845422863960266
bbag094_zeisel_cell_01492,3,3,0,3,8.660013,-6.2492213,1491,0.3845422863960266
bbag094_zeisel_cell_01493,3,3,0,3,8.60115,-6.261181,1492,0.3845422863960266
bbag094_zeisel_cell_01494,3,3,0,3,9.006901,-5.7936125,1493,0.3845422863960266
bbag094_zeisel_cell_01495,3,3,0,3,8.5478945,-6.239519,1494,0.3845422863960266
bbag094_zeisel_cell_01496,3,3,0,3,8.6479845,-5.842486,1495,0.3845422863960266
bbag094_zeisel_cell_01497,3,3,0,3,9.146689,-5.3268065,1496,0.3845422863960266
bbag094_zeisel_cell_01498,3,3,0,3,9.228785,-6.253104,1497,0.3845422863960266
bbag094_zeisel_cell_01499,3,3,0,3,9.420092,-6.179495,1498,0.3845422863960266
bbag094_zeisel_cell_01500,3,3,0,3,10.13932,-5.5106816,1499,0.3845422863960266
bbag094_zeisel_cell_01501,3,3,0,3,9.6225195,-5.3481803,1500,0.3845422863960266
bbag094_zeisel_cell_01502,3,3,0,3,9.46632,-5.5832963,1501,0.3845422863960266
bbag094_zeisel_cell_01503,3,3,2,6,25.534395,-10.559426,1502,1.6947963237762451
bbag094_zeisel_cell_01504,3,3,5,7,18.78782,-13.655724,1503,1.149397850036621
bbag094_zeisel_cell_01505,3,3,0,3,10.173628,-6.6446815,1504,0.3845422863960266
bbag094_zeisel_cell_01506,3,3,0,3,9.945559,-6.6585097,1505,0.3845422863960266
bbag094_zeisel_cell_01507,3,3,0,3,11.102737,-5.4746203,1506,0.3845422863960266
bbag094_zeisel_cell_01508,3,3,0,3,11.14114,-5.4134154,1507,0.3845422863960266
bbag094_zeisel_cell_01509,3,3,0,3,10.512397,-5.598219,1508,0.3845422863960266
bbag094_zeisel_cell_01510,3,3,5,7,18.480753,-13.992269,1509,0.8814399838447571
bbag094_zeisel_cell_01511,3,3,0,3,10.79129,-5.0477386,1510,0.3845422863960266
bbag094_zeisel_cell_01512,3,3,0,3,11.169149,-5.2643485,1511,0.3845422863960266
bbag094_zeisel_cell_01513,3,3,0,3,11.68576,-5.1463614,1512,0.3845422863960266
bbag094_zeisel_cell_01514,3,3,0,3,10.628332,-5.5799465,1513,0.3845422863960266
bbag094_zeisel_cell_01515,3,3,0,3,8.972736,-5.6951375,1514,0.3845422863960266
bbag094_zeisel_cell_01516,3,3,0,3,8.483873,-5.793839,1515,0.3845422863960266
bbag094_zeisel_cell_01517,3,3,0,3,8.95427,-5.49612,1516,0.3845422863960266
bbag094_zeisel_cell_01518,3,3,0,3,8.654528,-5.7616014,1517,0.3845422863960266
bbag094_zeisel_cell_01519,3,3,0,3,9.321377,-5.545741,1518,0.3845422863960266
bbag094_zeisel_cell_01520,3,3,0,3,8.67595,-5.604737,1519,0.3845422863960266
bbag094_zeisel_cell_01521,3,3,0,3,9.275566,-6.3314347,1520,1.0331560373306274
bbag094_zeisel_cell_01522,3,3,6,5,17.959469,-6.1559277,1521,2.007258892059326
bbag094_zeisel_cell_01523,3,3,0,3,8.714524,-5.6776156,1522,0.3845422863960266
bbag094_zeisel_cell_01524,3,3,1,4,11.784491,-9.53963,1523,2.2171359062194824
bbag094_zeisel_cell_01525,3,3,0,3,9.444009,-5.3925815,1524,0.3845422863960266
bbag094_zeisel_cell_01526,3,3,0,3,8.754234,-5.8661456,1525,0.3845422863960266
bbag094_zeisel_cell_01527,3,3,0,3,8.920123,-5.7218437,1526,0.3845422863960266
bbag094_zeisel_cell_01528,3,3,0,3,9.513685,-6.1234818,1527,0.3845422863960266
bbag094_zeisel_cell_01529,3,3,0,3,11.581422,-5.072189,1528,0.3845422863960266
bbag094_zeisel_cell_01530,3,3,0,3,9.581502,-5.157669,1529,0.3845422863960266
bbag094_zeisel_cell_01531,3,3,1,4,11.801988,-9.45301,1530,0.4919681847095489
bbag094_zeisel_cell_01532,3,3,9,8,10.06737,-9.361085,1531,3.0495758056640625
bbag094_zeisel_cell_01533,3,3,0,3,10.433422,-5.1054907,1532,0.3845422863960266
bbag094_zeisel_cell_01534,3,3,0,3,11.327005,-5.2660017,1533,0.3845422863960266
bbag094_zeisel_cell_01535,3,3,0,3,11.326901,-5.7104874,1534,0.3845422863960266
bbag094_zeisel_cell_01536,3,3,0,3,9.587706,-6.0875697,1535,0.4141023457050323
bbag094_zeisel_cell_01537,3,3,0,3,9.81952,-6.720524,1536,0.3845422863960266
bbag094_zeisel_cell_01538,3,3,0,3,8.5684595,-5.9102917,1537,0.3845422863960266
bbag094_zeisel_cell_01539,3,3,0,3,10.431255,-5.056884,1538,0.3845422863960266
bbag094_zeisel_cell_01540,3,3,8,Unmatched_8,10.272145,-12.139896,1539,1.8862144947052
bbag094_zeisel_cell_01541,3,3,0,3,8.959436,-5.4821377,1540,0.3845422863960266
bbag094_zeisel_cell_01542,3,3,0,3,9.03472,-5.496656,1541,0.3845422863960266
bbag094_zeisel_cell_01543,3,3,0,3,9.429717,-5.3849525,1542,0.3845422863960266
bbag094_zeisel_cell_01544,3,3,0,3,9.294982,-5.818632,1543,0.3845422863960266
bbag094_zeisel_cell_01545,3,3,0,3,10.482226,-7.6030416,1544,1.3290871381759644
bbag094_zeisel_cell_01546,3,3,2,6,26.536139,-10.92484,1545,1.1966537237167358
bbag094_zeisel_cell_01547,3,3,0,3,10.412427,-5.616654,1546,0.3845422863960266
bbag094_zeisel_cell_01548,3,3,0,3,11.07987,-6.0792255,1547,0.3845422863960266
bbag094_zeisel_cell_01549,3,3,0,3,10.761665,-8.266636,1548,0.3845422863960266
bbag094_zeisel_cell_01550,3,3,0,3,10.471582,-5.617659,1549,0.3845422863960266
bbag094_zeisel_cell_01551,3,3,0,3,8.961394,-6.288566,1550,0.3845422863960266
bbag094_zeisel_cell_01552,3,3,0,3,8.950483,-5.7432327,1551,0.3845422863960266
bbag094_zeisel_cell_01553,3,3,0,3,9.378484,-5.809609,1552,0.3845422863960266
bbag094_zeisel_cell_01554,3,3,0,3,10.335651,-5.215321,1553,0.3845422863960266
bbag094_zeisel_cell_01555,3,3,0,3,9.440891,-5.984013,1554,0.3845422863960266
bbag094_zeisel_cell_01556,3,3,0,3,9.181793,-5.895944,1555,0.3845422863960266
bbag094_zeisel_cell_01557,3,3,0,3,9.454061,-5.7767367,1556,0.3845422863960266
bbag094_zeisel_cell_01558,3,3,0,3,9.191272,-5.4986563,1557,0.3845422863960266
bbag094_zeisel_cell_01559,3,3,0,3,11.541475,-9.14482,1558,0.3869360685348511
bbag094_zeisel_cell_01560,3,3,0,3,8.989382,-5.373229,1559,0.3845422863960266
bbag094_zeisel_cell_01561,3,3,0,3,9.369668,-5.3408847,1560,0.3845422863960266
bbag094_zeisel_cell_01562,3,3,0,3,9.034269,-6.282788,1561,0.3845422863960266
bbag094_zeisel_cell_01563,3,3,0,3,10.482628,-5.129599,1562,0.3845422863960266
bbag094_zeisel_cell_01564,3,3,0,3,10.796095,-6.6089296,1563,2.023803472518921
bbag094_zeisel_cell_01565,3,3,5,7,18.650454,-13.828445,1564,1.1061838865280151
bbag094_zeisel_cell_01566,3,3,0,3,10.880248,-5.342982,1565,0.8357598781585693
bbag094_zeisel_cell_01567,3,3,8,Unmatched_8,10.357264,-12.075943,1566,2.008019208908081
bbag094_zeisel_cell_01568,3,3,0,3,10.7749405,-5.493844,1567,0.3845422863960266
bbag094_zeisel_cell_01569,3,3,2,6,25.357548,-10.975585,1568,1.3124759197235107
bbag094_zeisel_cell_01570,3,3,3,2,21.914078,-13.485355,1569,0.3845422863960266
bbag094_zeisel_cell_01571,3,3,0,3,8.692018,-5.982445,1570,0.3845422863960266
bbag094_zeisel_cell_01572,3,3,0,3,8.485402,-5.976772,1571,0.3845422863960266
bbag094_zeisel_cell_01573,3,3,5,7,18.431341,-14.046267,1572,0.7935141921043396
bbag094_zeisel_cell_01574,3,3,0,3,9.520093,-5.3757877,1573,0.3845422863960266
bbag094_zeisel_cell_01575,3,3,0,3,10.951781,-5.330342,1574,0.3845422863960266
bbag094_zeisel_cell_01576,3,3,0,3,11.621779,-5.088254,1575,0.3845422863960266
bbag094_zeisel_cell_01577,3,3,0,3,10.659177,-6.32696,1576,0.3845422863960266
bbag094_zeisel_cell_01578,3,3,0,3,8.540151,-6.0642056,1577,0.3845422863960266
bbag094_zeisel_cell_01579,3,3,5,7,18.535057,-13.865713,1578,0.9514891505241394
bbag094_zeisel_cell_01580,3,3,0,3,9.518192,-6.304068,1579,0.3845422863960266
bbag094_zeisel_cell_01581,3,3,0,3,9.9523325,-6.003228,1580,0.3845422863960266
bbag094_zeisel_cell_01582,3,3,0,3,2.33959,-5.3292356,1581,1.7990562915802002
bbag094_zeisel_cell_01583,3,3,1,4,11.735837,-9.436462,1582,0.8582333922386169
bbag094_zeisel_cell_01584,3,3,1,4,11.768353,-9.461584,1583,0.878021240234375
bbag094_zeisel_cell_01585,3,3,0,3,9.725004,-5.2957134,1584,0.3845422863960266
bbag094_zeisel_cell_01586,3,3,0,3,11.116074,-5.206869,1585,0.3845422863960266
bbag094_zeisel_cell_01587,3,3,0,3,10.754943,-5.1714864,1586,0.3845422863960266
bbag094_zeisel_cell_01588,3,3,0,3,10.553608,-5.072016,1587,0.3845422863960266
bbag094_zeisel_cell_01589,3,3,0,3,9.721774,-5.359535,1588,0.3845422863960266
bbag094_zeisel_cell_01590,3,3,0,3,9.699179,-6.2482953,1589,0.3845422863960266
bbag094_zeisel_cell_01591,3,3,0,3,8.815822,-5.4861817,1590,0.3845422863960266
bbag094_zeisel_cell_01592,3,3,0,3,8.802026,-5.58924,1591,0.3845422863960266
bbag094_zeisel_cell_01593,3,3,0,3,9.415139,-5.576185,1592,0.3845422863960266
bbag094_zeisel_cell_01594,3,3,5,7,18.872616,-13.696147,1593,1.3026458024978638
bbag094_zeisel_cell_01595,3,3,0,3,10.908809,-5.356285,1594,0.3845422863960266
bbag094_zeisel_cell_01596,3,3,1,4,11.709093,-9.465635,1595,1.0284873247146606
bbag094_zeisel_cell_01597,3,3,0,3,9.568743,-5.309974,1596,0.3845422863960266
bbag094_zeisel_cell_01598,3,3,0,3,11.008819,-5.2905965,1597,0.3845422863960266
bbag094_zeisel_cell_01599,3,3,0,3,10.815524,-5.233833,1598,0.3845422863960266
bbag094_zeisel_cell_01600,3,3,0,3,10.592157,-5.1079288,1599,0.3845422863960266
bbag094_zeisel_cell_01601,3,3,5,7,18.559471,-13.892737,1600,0.9337902069091796
bbag094_zeisel_cell_01602,3,3,0,3,10.009148,-5.1140547,1601,0.3845422863960266
bbag094_zeisel_cell_01603,3,3,0,3,9.929262,-5.402538,1602,0.3845422863960266
bbag094_zeisel_cell_01604,3,3,0,3,8.714557,-6.189206,1603,0.3845422863960266
bbag094_zeisel_cell_01605,3,3,0,3,9.651061,-5.1887774,1604,0.3845422863960266
bbag094_zeisel_cell_01606,3,3,0,3,8.79167,-5.610255,1605,0.3845422863960266
bbag094_zeisel_cell_01607,3,3,0,3,9.044975,-5.566076,1606,0.3845422863960266
bbag094_zeisel_cell_01608,3,3,0,3,8.858247,-5.550998,1607,0.3845422863960266
bbag094_zeisel_cell_01609,3,3,1,4,13.974552,-10.457699,1608,0.6372972130775452
bbag094_zeisel_cell_01610,3,3,0,3,10.278088,-5.353557,1609,0.3845422863960266
bbag094_zeisel_cell_01611,3,3,0,3,10.519278,-5.3632436,1610,0.3845422863960266
bbag094_zeisel_cell_01612,3,3,0,3,10.559425,-5.296978,1611,0.3845422863960266
bbag094_zeisel_cell_01613,3,3,0,3,10.642538,-5.16332,1612,0.3845422863960266
bbag094_zeisel_cell_01614,3,3,0,3,10.777316,-5.7829866,1613,0.3845422863960266
bbag094_zeisel_cell_01615,3,3,0,3,11.405331,-5.6373243,1614,0.3845422863960266
bbag094_zeisel_cell_01616,3,3,0,3,9.135128,-6.587655,1615,0.3845422863960266
bbag094_zeisel_cell_01617,3,3,1,4,11.948719,-11.170405,1616,0.6093752980232239
bbag094_zeisel_cell_01618,3,3,0,3,9.19881,-5.381057,1617,0.3845422863960266
bbag094_zeisel_cell_01619,3,3,0,3,11.6480055,-9.329286,1618,0.8579552173614502
bbag094_zeisel_cell_01620,3,3,0,3,8.901263,-5.6827025,1619,0.3845422863960266
bbag094_zeisel_cell_01621,3,3,0,3,9.564868,-5.7081475,1620,0.3845422863960266
bbag094_zeisel_cell_01622,3,3,0,3,9.454623,-5.561199,1621,0.3845422863960266
bbag094_zeisel_cell_01623,3,3,2,6,24.246948,-11.837779,1622,1.9641642570495603
bbag094_zeisel_cell_01624,3,3,5,7,18.229164,-15.20537,1623,0.7978603839874268
bbag094_zeisel_cell_01625,3,3,0,3,10.167749,-5.144772,1624,0.3845422863960266
bbag094_zeisel_cell_01626,3,3,0,3,10.455714,-5.5952415,1625,0.3845422863960266
bbag094_zeisel_cell_01627,3,3,0,3,11.556288,-5.179243,1626,0.3845422863960266
bbag094_zeisel_cell_01628,3,3,1,4,11.633291,-9.328798,1627,0.9535596966743468
bbag094_zeisel_cell_01629,3,3,0,3,10.689654,-8.5547085,1628,0.5627931356430054
bbag094_zeisel_cell_01630,4,4,8,Unmatched_8,10.382669,-12.29218,1629,1.924227952957153
bbag094_zeisel_cell_01631,4,4,8,Unmatched_8,10.451552,-12.348856,1630,1.7038638591766355
bbag094_zeisel_cell_01632,4,4,8,Unmatched_8,10.357915,-12.270816,1631,1.7230890989303589
bbag094_zeisel_cell_01633,4,4,8,Unmatched_8,10.335043,-12.276723,1632,1.2086355686187744
bbag094_zeisel_cell_01634,4,4,2,6,23.791693,-11.373354,1633,1.7253060340881348
bbag094_zeisel_cell_01635,4,4,8,Unmatched_8,10.464834,-12.343289,1634,2.032806873321533
bbag094_zeisel_cell_01636,4,4,8,Unmatched_8,10.409764,-12.359414,1635,2.4214930534362797
bbag094_zeisel_cell_01637,4,4,8,Unmatched_8,10.598719,-12.163148,1636,0.7723801732063293
bbag094_zeisel_cell_01638,4,4,9,8,10.091504,-9.343358,1637,2.7437758445739746
bbag094_zeisel_cell_01639,4,4,8,Unmatched_8,10.495835,-12.324435,1638,0.4260123670101166
bbag094_zeisel_cell_01640,4,4,8,Unmatched_8,10.432826,-12.316581,1639,0.5047628879547119
bbag094_zeisel_cell_01641,4,4,8,Unmatched_8,10.431876,-12.314939,1640,1.5161690711975098
bbag094_zeisel_cell_01642,4,4,8,Unmatched_8,10.3735,-12.290802,1641,0.4886829257011413
bbag094_zeisel_cell_01643,4,4,8,Unmatched_8,10.42146,-12.306964,1642,0.4977733492851257
bbag094_zeisel_cell_01644,4,4,8,Unmatched_8,10.431908,-12.346254,1643,0.517177164554596
bbag094_zeisel_cell_01645,4,4,8,Unmatched_8,10.409678,-12.286973,1644,1.201884388923645
bbag094_zeisel_cell_01646,4,4,8,Unmatched_8,10.456282,-12.286391,1645,1.0547999143600464
bbag094_zeisel_cell_01647,4,4,8,Unmatched_8,10.338394,-12.237158,1646,2.1052112579345703
bbag094_zeisel_cell_01648,4,4,8,Unmatched_8,10.352863,-12.257635,1647,2.364304304122925
bbag094_zeisel_cell_01649,4,4,8,Unmatched_8,10.414752,-12.319841,1648,0.8623107671737671
bbag094_zeisel_cell_01650,4,4,8,Unmatched_8,10.303912,-12.199881,1649,1.81168270111084
bbag094_zeisel_cell_01651,4,4,8,Unmatched_8,10.384127,-12.214289,1650,0.70952308177948
bbag094_zeisel_cell_01652,4,4,8,Unmatched_8,10.356167,-12.25793,1651,1.432502269744873
bbag094_zeisel_cell_01653,4,4,8,Unmatched_8,10.361252,-12.243792,1652,0.8587059378623962
bbag094_zeisel_cell_01654,4,4,8,Unmatched_8,10.361325,-12.218218,1653,2.37495231628418
bbag094_zeisel_cell_01655,4,4,8,Unmatched_8,10.782674,-12.106673,1654,1.053036332130432
bbag094_zeisel_cell_01656,4,4,8,Unmatched_8,10.408064,-12.308557,1655,1.6895405054092407
bbag094_zeisel_cell_01657,4,4,8,Unmatched_8,10.425134,-12.3218565,1656,0.3845422863960266
bbag094_zeisel_cell_01658,4,4,8,Unmatched_8,10.334197,-12.24629,1657,1.8104528188705444
bbag094_zeisel_cell_01659,4,4,8,Unmatched_8,10.431242,-12.326028,1658,0.393690288066864
bbag094_zeisel_cell_01660,4,4,8,Unmatched_8,10.464032,-12.307685,1659,1.885738968849182
bbag094_zeisel_cell_01661,4,4,8,Unmatched_8,10.56695,-12.213159,1660,1.3320589065551758
bbag094_zeisel_cell_01662,4,4,8,Unmatched_8,10.356508,-12.263437,1661,1.113807201385498
bbag094_zeisel_cell_01663,4,4,8,Unmatched_8,10.411686,-12.328915,1662,0.9064489006996156
bbag094_zeisel_cell_01664,4,4,8,Unmatched_8,10.348087,-12.236637,1663,1.988109350204468
bbag094_zeisel_cell_01665,4,4,1,4,11.660356,-11.417215,1664,0.5061697959899902
bbag094_zeisel_cell_01666,4,4,8,Unmatched_8,10.318103,-12.214297,1665,0.5314235091209412
bbag094_zeisel_cell_01667,4,4,8,Unmatched_8,10.400983,-12.251712,1666,0.3845422863960266
bbag094_zeisel_cell_01668,4,4,6,5,17.815779,-5.9265437,1667,1.8547686338424685
bbag094_zeisel_cell_01669,4,4,8,Unmatched_8,10.428035,-12.2514515,1668,2.0098578929901123
bbag094_zeisel_cell_01670,4,4,8,Unmatched_8,10.356259,-12.249467,1669,0.4501112401485443
bbag094_zeisel_cell_01671,4,4,8,Unmatched_8,10.409486,-12.275757,1670,0.3845422863960266
bbag094_zeisel_cell_01672,4,4,8,Unmatched_8,10.432702,-12.330413,1671,0.5480320453643799
bbag094_zeisel_cell_01673,4,4,1,4,12.70192,-11.306349,1672,1.904152989387512
bbag094_zeisel_cell_01674,4,4,1,4,11.920539,-11.40553,1673,1.482622146606445
bbag094_zeisel_cell_01675,4,4,1,4,12.412006,-11.723777,1674,0.5893557071685791
bbag094_zeisel_cell_01676,4,4,1,4,11.926398,-11.510382,1675,0.7335497140884399
bbag094_zeisel_cell_01677,4,4,1,4,12.671502,-11.569014,1676,0.5258078575134277
bbag094_zeisel_cell_01678,4,4,1,4,12.613818,-11.475408,1677,0.3845422863960266
bbag094_zeisel_cell_01679,4,4,1,4,11.833904,-11.390686,1678,0.3845422863960266
bbag094_zeisel_cell_01680,4,4,1,4,12.580861,-11.513802,1679,0.6915061473846436
bbag094_zeisel_cell_01681,4,4,1,4,14.462292,-9.647653,1680,1.790579915046692
bbag094_zeisel_cell_01682,4,4,1,4,12.181622,-11.660905,1681,0.5865358114242554
bbag094_zeisel_cell_01683,4,4,1,4,11.557317,-11.40888,1682,1.992867112159729
bbag094_zeisel_cell_01684,4,4,1,4,11.445975,-11.531299,1683,0.5088849663734436
bbag094_zeisel_cell_01685,4,4,1,4,11.756305,-11.350145,1684,0.5743104219436646
bbag094_zeisel_cell_01686,4,4,1,4,11.797556,-11.481853,1685,0.4099880158901214
bbag094_zeisel_cell_01687,4,4,1,4,11.480622,-11.523018,1686,1.5122195482254028
bbag094_zeisel_cell_01688,4,4,1,4,11.963949,-11.148812,1687,1.063587665557861
bbag094_zeisel_cell_01689,4,4,1,4,11.473881,-11.506251,1688,0.5449016094207764
bbag094_zeisel_cell_01690,4,4,1,4,11.940685,-11.163819,1689,2.027780055999756
bbag094_zeisel_cell_01691,4,4,1,4,11.861588,-11.507063,1690,1.7418066263198853
bbag094_zeisel_cell_01692,4,4,1,4,11.687251,-11.403389,1691,0.6813358068466187
bbag094_zeisel_cell_01693,4,4,1,4,12.262985,-11.246876,1692,0.3845422863960266
bbag094_zeisel_cell_01694,4,4,8,Unmatched_8,10.826614,-12.00838,1693,0.5110610127449036
bbag094_zeisel_cell_01695,4,4,1,4,13.32413,-10.331795,1694,1.7359566688537598
bbag094_zeisel_cell_01696,4,4,1,4,11.472777,-11.493836,1695,0.5038245320320129
bbag094_zeisel_cell_01697,4,4,1,4,11.756035,-11.427766,1696,0.3845422863960266
bbag094_zeisel_cell_01698,4,4,1,4,11.862007,-11.450986,1697,1.4530775547027588
bbag094_zeisel_cell_01699,4,4,1,4,11.994233,-11.386542,1698,0.3845422863960266
bbag094_zeisel_cell_01700,4,4,7,9,16.678226,-12.802465,1699,2.37495231628418
bbag094_zeisel_cell_01701,4,4,1,4,11.944139,-11.253163,1700,0.3845422863960266
bbag094_zeisel_cell_01702,4,4,1,4,11.489812,-11.621087,1701,1.5397770404815674
bbag094_zeisel_cell_01703,4,4,1,4,11.50981,-11.645428,1702,1.0945754051208496
bbag094_zeisel_cell_01704,4,4,1,4,12.928664,-11.209267,1703,2.37495231628418
bbag094_zeisel_cell_01705,4,4,1,4,11.778877,-11.696342,1704,0.9549349546432496
bbag094_zeisel_cell_01706,4,4,1,4,11.519727,-11.53883,1705,1.9417550563812256
bbag094_zeisel_cell_01707,4,4,1,4,11.806742,-9.574633,1706,2.4728376865386963
bbag094_zeisel_cell_01708,4,4,1,4,12.3943,-11.170818,1707,2.1031839847564697
bbag094_zeisel_cell_01709,4,4,1,4,12.272706,-11.200956,1708,0.7442310452461243
bbag094_zeisel_cell_01710,4,4,1,4,11.869288,-11.316328,1709,0.3845422863960266
bbag094_zeisel_cell_01711,4,4,7,9,16.43621,-6.69937,1710,2.3430299758911133
bbag094_zeisel_cell_01712,4,4,1,4,16.504486,-13.091682,1711,1.4917160272598269
bbag094_zeisel_cell_01713,4,4,1,4,13.02875,-10.426782,1712,2.024665117263794
bbag094_zeisel_cell_01714,4,4,2,6,26.541817,-11.906733,1713,1.5746837854385376
bbag094_zeisel_cell_01715,4,4,2,6,26.343052,-11.756539,1714,1.3697236776351929
bbag094_zeisel_cell_01716,4,4,1,4,12.37364,-11.286834,1715,0.3845422863960266
bbag094_zeisel_cell_01717,4,4,1,4,12.024752,-11.351252,1716,1.249308466911316
bbag094_zeisel_cell_01718,4,4,1,4,16.669292,-13.3634615,1717,1.0119246244430542
bbag094_zeisel_cell_01719,4,4,1,4,12.826814,-11.762439,1718,0.5535821318626404
bbag094_zeisel_cell_01720,4,4,1,4,12.094526,-11.55156,1719,1.1574071645736694
bbag094_zeisel_cell_01721,4,4,1,4,16.799273,-13.467318,1720,1.220369815826416
bbag094_zeisel_cell_01722,4,4,1,4,11.898384,-11.345852,1721,1.8976688385009768
bbag094_zeisel_cell_01723,4,4,2,6,26.454584,-12.024855,1722,1.689683437347412
bbag094_zeisel_cell_01724,4,4,1,4,12.479994,-11.440826,1723,0.3845422863960266
bbag094_zeisel_cell_01725,4,4,7,9,16.422533,-6.7132487,1724,2.3123836517333984
bbag094_zeisel_cell_01726,4,4,1,4,12.819868,-11.339304,1725,0.3845422863960266
bbag094_zeisel_cell_01727,4,4,1,4,11.473254,-11.484155,1726,0.3845422863960266
bbag094_zeisel_cell_01728,4,4,1,4,13.825653,-11.109562,1727,0.4652044475078583
bbag094_zeisel_cell_01729,4,4,1,4,12.702755,-11.301471,1728,0.3845422863960266
bbag094_zeisel_cell_01730,4,4,1,4,11.8166275,-11.419391,1729,0.5594640374183655
bbag094_zeisel_cell_01731,4,4,1,4,12.168756,-11.315753,1730,0.3845422863960266
bbag094_zeisel_cell_01732,4,4,1,4,12.705301,-11.537751,1731,0.3845422863960266
bbag094_zeisel_cell_01733,4,4,1,4,11.887773,-11.226119,1732,0.4606387615203857
bbag094_zeisel_cell_01734,4,4,1,4,11.8767605,-11.372777,1733,0.5216113924980164
bbag094_zeisel_cell_01735,4,4,1,4,16.805265,-13.487454,1734,1.299611210823059
bbag094_zeisel_cell_01736,4,4,1,4,11.580988,-11.366341,1735,0.5802268981933594
bbag094_zeisel_cell_01737,4,4,1,4,11.646507,-11.509247,1736,0.5003399848937988
bbag094_zeisel_cell_01738,4,4,1,4,11.877335,-11.365347,1737,0.3845422863960266
bbag094_zeisel_cell_01739,4,4,2,6,23.968555,-12.227371,1738,1.7201145887374878
bbag094_zeisel_cell_01740,4,4,1,4,11.309552,-11.636468,1739,1.7036458253860474
bbag094_zeisel_cell_01741,4,4,1,4,11.487815,-11.458617,1740,0.4122140407562256
bbag094_zeisel_cell_01742,4,4,2,6,26.503067,-11.929838,1741,1.1520144939422607
bbag094_zeisel_cell_01743,4,4,1,4,11.791092,-11.37882,1742,0.3845422863960266
bbag094_zeisel_cell_01744,4,4,1,4,11.410431,-11.5438175,1743,1.264768123626709
bbag094_zeisel_cell_01745,4,4,1,4,12.009201,-11.024495,1744,0.6227363348007202
bbag094_zeisel_cell_01746,4,4,1,4,14.491343,-9.502504,1745,0.7150765061378479
bbag094_zeisel_cell_01747,4,4,1,4,11.945641,-11.3118305,1746,0.3845422863960266
bbag094_zeisel_cell_01748,4,4,1,4,11.830837,-11.388792,1747,0.3845422863960266
bbag094_zeisel_cell_01749,4,4,1,4,11.688994,-11.337185,1748,0.4224434792995453
bbag094_zeisel_cell_01750,4,4,1,4,11.515624,-11.460471,1749,0.4006474614143371
bbag094_zeisel_cell_01751,4,4,1,4,11.44212,-11.537818,1750,1.7107125520706177
bbag094_zeisel_cell_01752,4,4,1,4,11.578191,-11.462082,1751,0.4921073317527771
bbag094_zeisel_cell_01753,4,4,1,4,11.933183,-11.508475,1752,0.5308396816253662
bbag094_zeisel_cell_01754,4,4,1,4,11.82108,-11.253013,1753,0.8542143106460571
bbag094_zeisel_cell_01755,4,4,1,4,11.479186,-11.606734,1754,1.3987582921981812
bbag094_zeisel_cell_01756,4,4,1,4,11.431791,-11.564883,1755,0.7032437324523926
bbag094_zeisel_cell_01757,4,4,1,4,11.516036,-11.473245,1756,0.4626296162605285
bbag094_zeisel_cell_01758,4,4,1,4,11.912536,-11.52806,1757,0.5059992074966431
bbag094_zeisel_cell_01759,4,4,1,4,11.547771,-11.548414,1758,1.7217018604278564
bbag094_zeisel_cell_01760,4,4,1,4,11.43023,-11.543205,1759,0.8384156823158264
bbag094_zeisel_cell_01761,4,4,1,4,11.645114,-11.410561,1760,0.3880565464496612
bbag094_zeisel_cell_01762,4,4,1,4,11.504431,-11.496214,1761,0.4321572482585907
bbag094_zeisel_cell_01763,4,4,1,4,13.507168,-12.696199,1762,0.3845422863960266
bbag094_zeisel_cell_01764,4,4,6,5,18.058887,-6.101272,1763,1.9308547973632808
bbag094_zeisel_cell_01765,4,4,1,4,13.342351,-12.199864,1764,0.5162124633789062
bbag094_zeisel_cell_01766,4,4,1,4,13.411224,-12.520668,1765,0.3845422863960266
bbag094_zeisel_cell_01767,4,4,1,4,13.106241,-12.401391,1766,0.3845422863960266
bbag094_zeisel_cell_01768,4,4,1,4,13.338077,-11.297353,1767,0.428650289773941
bbag094_zeisel_cell_01769,4,4,1,4,13.210405,-12.401658,1768,0.3845422863960266
bbag094_zeisel_cell_01770,4,4,1,4,14.053334,-12.7314825,1769,0.4842544198036194
bbag094_zeisel_cell_01771,4,4,1,4,23.969744,-11.615519,1770,2.062971353530884
bbag094_zeisel_cell_01772,4,4,1,4,13.268405,-12.129278,1771,0.4875885844230652
bbag094_zeisel_cell_01773,4,4,2,6,26.522057,-11.938125,1772,1.1244250535964966
bbag094_zeisel_cell_01774,4,4,1,4,13.14242,-12.457353,1773,0.453456699848175
bbag094_zeisel_cell_01775,4,4,1,4,16.724325,-13.30417,1774,1.1023457050323486
bbag094_zeisel_cell_01776,4,4,2,6,26.523197,-11.984403,1775,1.2796015739440918
bbag094_zeisel_cell_01777,4,4,1,4,13.6720085,-10.334642,1776,1.9644660949707031
bbag094_zeisel_cell_01778,4,4,1,4,13.39158,-12.636355,1777,0.3845422863960266
bbag094_zeisel_cell_01779,4,4,1,4,16.53934,-12.932433,1778,1.6823434829711914
bbag094_zeisel_cell_01780,4,4,1,4,13.503454,-12.283824,1779,0.3845422863960266
bbag094_zeisel_cell_01781,4,4,1,4,12.904216,-12.164041,1780,1.0241981744766235
bbag094_zeisel_cell_01782,4,4,1,4,13.525044,-12.018723,1781,1.695540189743042
bbag094_zeisel_cell_01783,4,4,1,4,13.1835,-12.539152,1782,0.3845422863960266
bbag094_zeisel_cell_01784,4,4,1,4,13.20041,-12.598044,1783,0.3845422863960266
bbag094_zeisel_cell_01785,4,4,1,4,13.889291,-12.6372,1784,0.3845422863960266
bbag094_zeisel_cell_01786,4,4,1,4,13.283367,-12.580904,1785,0.3845422863960266
bbag094_zeisel_cell_01787,4,4,1,4,14.634842,-9.713825,1786,0.5160419344902039
bbag094_zeisel_cell_01788,4,4,1,4,16.487967,-12.961094,1787,2.071986436843872
bbag094_zeisel_cell_01789,4,4,1,4,13.320103,-12.734098,1788,0.3845422863960266
bbag094_zeisel_cell_01790,4,4,2,6,26.54516,-11.914654,1789,1.124279499053955
bbag094_zeisel_cell_01791,4,4,1,4,16.667725,-13.210791,1790,1.1301116943359375
bbag094_zeisel_cell_01792,4,4,1,4,13.166087,-12.531917,1791,0.3845422863960266
bbag094_zeisel_cell_01793,4,4,1,4,13.001077,-12.131728,1792,1.8214054107666016
bbag094_zeisel_cell_01794,4,4,1,4,14.359849,-10.477657,1793,0.3845422863960266
bbag094_zeisel_cell_01795,4,4,1,4,13.518107,-12.630064,1794,0.3845422863960266
bbag094_zeisel_cell_01796,4,4,2,6,26.495497,-12.079117,1795,1.9484838247299197
bbag094_zeisel_cell_01797,4,4,1,4,13.505704,-12.454984,1796,0.3845422863960266
bbag094_zeisel_cell_01798,4,4,1,4,13.221792,-12.623858,1797,0.4431678652763366
bbag094_zeisel_cell_01799,4,4,1,4,13.884724,-12.591838,1798,0.3845422863960266
bbag094_zeisel_cell_01800,4,4,6,5,17.736542,-5.986855,1799,2.2603063583374023
bbag094_zeisel_cell_01801,4,4,1,4,13.301714,-12.5544,1800,0.3845422863960266
bbag094_zeisel_cell_01802,4,4,1,4,13.858621,-12.594887,1801,0.3845422863960266
bbag094_zeisel_cell_01803,4,4,1,4,14.098798,-11.19262,1802,0.3845422863960266
bbag094_zeisel_cell_01804,4,4,1,4,16.714184,-13.351955,1803,1.255899429321289
bbag094_zeisel_cell_01805,4,4,1,4,-0.3111243,-5.069145,1804,1.7586582899093628
bbag094_zeisel_cell_01806,4,4,1,4,16.569237,-12.886755,1805,1.9655568599700928
bbag094_zeisel_cell_01807,4,4,1,4,13.877002,-12.585484,1806,0.3845422863960266
bbag094_zeisel_cell_01808,4,4,2,6,26.490328,-11.904615,1807,1.4126616716384888
bbag094_zeisel_cell_01809,4,4,1,4,14.091141,-11.330192,1808,0.6084011197090149
bbag094_zeisel_cell_01810,4,4,1,4,13.659122,-11.386275,1809,1.4864248037338257
bbag094_zeisel_cell_01811,4,4,1,4,26.402655,-12.339468,1810,0.6498032808303833
bbag094_zeisel_cell_01812,4,4,1,4,14.287572,-11.521317,1811,0.4226279556751251
bbag094_zeisel_cell_01813,4,4,1,4,13.961964,-12.66912,1812,0.3845422863960266
bbag094_zeisel_cell_01814,4,4,1,4,14.485847,-9.793145,1813,0.7172054648399353
bbag094_zeisel_cell_01815,4,4,1,4,14.641001,-9.751034,1814,0.5874812006950378
bbag094_zeisel_cell_01816,4,4,1,4,15.854924,-12.699523,1815,1.679470777511597
bbag094_zeisel_cell_01817,4,4,2,6,23.95488,-12.232833,1816,1.7420077323913574
bbag094_zeisel_cell_01818,4,4,1,4,14.109379,-12.657557,1817,0.4389126598834991
bbag094_zeisel_cell_01819,4,4,1,4,13.423002,-12.628812,1818,0.3845422863960266
bbag094_zeisel_cell_01820,4,4,1,4,13.594567,-11.387404,1819,0.3845422863960266
bbag094_zeisel_cell_01821,4,4,1,4,13.876902,-12.903175,1820,0.3845422863960266
bbag094_zeisel_cell_01822,4,4,1,4,13.858476,-12.689292,1821,0.6578180193901062
bbag094_zeisel_cell_01823,4,4,1,4,14.053895,-12.564037,1822,0.3845422863960266
bbag094_zeisel_cell_01824,4,4,1,4,14.077489,-12.678557,1823,0.3845422863960266
bbag094_zeisel_cell_01825,4,4,2,6,26.419342,-12.199869,1824,1.765560507774353
bbag094_zeisel_cell_01826,4,4,1,4,13.950261,-12.602037,1825,0.3845422863960266
bbag094_zeisel_cell_01827,4,4,1,4,13.940091,-12.8033285,1826,0.3845422863960266
bbag094_zeisel_cell_01828,4,4,1,4,15.932937,-12.600978,1827,1.441565752029419
bbag094_zeisel_cell_01829,4,4,2,6,26.49082,-11.929433,1828,1.3333913087844849
bbag094_zeisel_cell_01830,4,4,1,4,13.512183,-12.682146,1829,0.4614662230014801
bbag094_zeisel_cell_01831,4,4,1,4,16.94109,-13.778701,1830,0.9895046353340148
bbag094_zeisel_cell_01832,4,4,6,5,17.815763,-5.8722024,1831,2.018902063369751
bbag094_zeisel_cell_01833,4,4,1,4,16.4499,-12.825048,1832,1.9301875829696653
bbag094_zeisel_cell_01834,4,4,1,4,13.714976,-12.862648,1833,0.6348004341125488
bbag094_zeisel_cell_01835,4,4,1,4,14.344571,-10.76101,1834,0.4014846682548523
bbag094_zeisel_cell_01836,4,4,1,4,13.848323,-13.012371,1835,0.5521464943885803
bbag094_zeisel_cell_01837,4,4,1,4,13.497235,-12.621996,1836,0.3845422863960266
bbag094_zeisel_cell_01838,4,4,1,4,13.952084,-12.939076,1837,0.3845422863960266
bbag094_zeisel_cell_01839,4,4,1,4,13.423283,-12.586629,1838,0.3880922198295593
bbag094_zeisel_cell_01840,4,4,1,4,13.865798,-12.959767,1839,0.3845422863960266
bbag094_zeisel_cell_01841,4,4,1,4,14.587705,-11.748691,1840,0.3845422863960266
bbag094_zeisel_cell_01842,4,4,7,9,16.421762,-6.714756,1841,2.3650121688842773
bbag094_zeisel_cell_01843,4,4,1,4,14.326916,-12.191614,1842,0.5327039957046509
bbag094_zeisel_cell_01844,4,4,1,4,14.087743,-12.636338,1843,0.4226199984550476
bbag094_zeisel_cell_01845,4,4,1,4,14.209391,-12.777289,1844,0.3845422863960266
bbag094_zeisel_cell_01846,4,4,1,4,13.831047,-12.945995,1845,0.4166430234909057
bbag094_zeisel_cell_01847,4,4,1,4,13.929112,-12.974574,1846,0.3845422863960266
bbag094_zeisel_cell_01848,4,4,1,4,14.351656,-12.6263275,1847,0.3845422863960266
bbag094_zeisel_cell_01849,4,4,1,4,13.782792,-12.0836935,1848,0.5865694284439087
bbag094_zeisel_cell_01850,4,4,2,6,26.504948,-12.067121,1849,1.468980073928833
bbag094_zeisel_cell_01851,4,4,1,4,14.140435,-12.26918,1850,0.3845422863960266
bbag094_zeisel_cell_01852,4,4,2,6,25.145145,-11.706149,1851,1.38112473487854
bbag094_zeisel_cell_01853,4,4,1,4,13.902758,-12.6039505,1852,0.3845422863960266
bbag094_zeisel_cell_01854,4,4,1,4,14.640381,-12.639108,1853,0.751375675201416
bbag094_zeisel_cell_01855,4,4,1,4,14.15553,-12.418506,1854,0.3976129293441772
bbag094_zeisel_cell_01856,4,4,1,4,13.981647,-12.892314,1855,0.5902191996574402
bbag094_zeisel_cell_01857,4,4,1,4,14.362355,-12.208528,1856,0.3845422863960266
bbag094_zeisel_cell_01858,4,4,1,4,14.16204,-12.372988,1857,0.3845422863960266
bbag094_zeisel_cell_01859,4,4,1,4,14.726158,-12.291266,1858,0.3845422863960266
bbag094_zeisel_cell_01860,4,4,1,4,14.03505,-12.077004,1859,0.4063324928283691
bbag094_zeisel_cell_01861,4,4,6,5,17.956629,-6.0384464,1860,1.7240642309188845
bbag094_zeisel_cell_01862,4,4,1,4,14.365883,-11.544196,1861,0.3845422863960266
bbag094_zeisel_cell_01863,4,4,2,6,26.470306,-12.077705,1862,1.7957351207733154
bbag094_zeisel_cell_01864,4,4,1,4,13.57814,-12.765635,1863,0.8203391432762146
bbag094_zeisel_cell_01865,4,4,1,4,14.296811,-9.815229,1864,0.966983675956726
bbag094_zeisel_cell_01866,4,4,1,4,14.345458,-12.674631,1865,0.5706282258033752
bbag094_zeisel_cell_01867,4,4,1,4,14.391323,-11.42224,1866,0.3845422863960266
bbag094_zeisel_cell_01868,4,4,1,4,14.434823,-11.625826,1867,0.3845422863960266
bbag094_zeisel_cell_01869,4,4,1,4,16.281301,-12.743205,1868,1.8386026620864868
bbag094_zeisel_cell_01870,4,4,1,4,16.5155,-12.810342,1869,1.3895105123519895
bbag094_zeisel_cell_01871,4,4,1,4,14.258041,-11.929135,1870,2.3344826698303223
bbag094_zeisel_cell_01872,4,4,1,4,14.224102,-12.398147,1871,0.3973812162876129
bbag094_zeisel_cell_01873,4,4,1,4,14.303943,-11.690047,1872,0.3845422863960266
bbag094_zeisel_cell_01874,4,4,2,6,26.417942,-12.1419935,1873,1.468572974205017
bbag094_zeisel_cell_01875,4,4,2,6,26.495716,-12.134526,1874,1.8149759769439695
bbag094_zeisel_cell_01876,4,4,1,4,14.497522,-12.660912,1875,0.6578977704048157
bbag094_zeisel_cell_01877,4,4,1,4,14.3204975,-12.319176,1876,0.3845422863960266
bbag094_zeisel_cell_01878,4,4,1,4,16.58517,-12.850311,1877,2.032914400100708
bbag094_zeisel_cell_01879,4,4,1,4,14.659454,-12.005631,1878,0.3845422863960266
bbag094_zeisel_cell_01880,4,4,2,6,24.045637,-12.19061,1879,1.6725801229476929
bbag094_zeisel_cell_01881,4,4,2,6,26.501295,-12.079677,1880,1.7552316188812256
bbag094_zeisel_cell_01882,4,4,2,6,24.08723,-11.6146965,1881,1.659258246421814
bbag094_zeisel_cell_01883,4,4,1,4,14.714402,-12.540805,1882,0.3871760666370392
bbag094_zeisel_cell_01884,4,4,2,6,26.551558,-11.837854,1883,1.3873629570007324
bbag094_zeisel_cell_01885,4,4,1,4,14.281323,-12.433487,1884,0.3845422863960266
bbag094_zeisel_cell_01886,4,4,1,4,14.680312,-12.584486,1885,0.5102478265762329
bbag094_zeisel_cell_01887,4,4,1,4,14.726893,-11.803189,1886,0.4965980052947998
bbag094_zeisel_cell_01888,4,4,1,4,14.360099,-11.447341,1887,0.3845422863960266
bbag094_zeisel_cell_01889,4,4,1,4,14.454599,-11.99399,1888,0.3986057341098785
bbag094_zeisel_cell_01890,4,4,1,4,14.625459,-11.655246,1889,0.3845422863960266
bbag094_zeisel_cell_01891,4,4,2,6,24.067852,-12.207071,1890,1.7161641120910645
bbag094_zeisel_cell_01892,4,4,1,4,13.6697445,-10.309205,1891,1.7382303476333618
bbag094_zeisel_cell_01893,4,4,1,4,14.038744,-12.483756,1892,0.6117172241210938
bbag094_zeisel_cell_01894,4,4,1,4,14.164624,-12.0041275,1893,0.3876982927322387
bbag094_zeisel_cell_01895,4,4,1,4,13.829623,-12.122884,1894,0.702825665473938
bbag094_zeisel_cell_01896,4,4,1,4,14.306329,-11.664174,1895,0.3845422863960266
bbag094_zeisel_cell_01897,4,4,2,6,24.108728,-11.942336,1896,1.74846088886261
bbag094_zeisel_cell_01898,4,4,1,4,14.338856,-9.904995,1897,1.7019802331924438
bbag094_zeisel_cell_01899,4,4,2,6,24.028912,-12.190439,1898,1.5414376258850098
bbag094_zeisel_cell_01900,4,4,1,4,14.556972,-11.716678,1899,0.7898382544517517
bbag094_zeisel_cell_01901,4,4,1,4,11.794323,-9.38765,1900,0.4478529095649719
bbag094_zeisel_cell_01902,4,4,1,4,13.972829,-11.933814,1901,0.5335038304328918
bbag094_zeisel_cell_01903,4,4,1,4,14.7829075,-10.587171,1902,1.95001757144928
bbag094_zeisel_cell_01904,4,4,2,6,26.529327,-11.804674,1903,1.1855549812316897
bbag094_zeisel_cell_01905,4,4,1,4,13.900563,-12.043155,1904,0.419544905424118
bbag094_zeisel_cell_01906,4,4,6,5,17.678244,-6.049051,1905,2.37495231628418
bbag094_zeisel_cell_01907,4,4,6,5,17.779963,-6.0485654,1906,2.191662549972534
bbag094_zeisel_cell_01908,4,4,1,4,14.082934,-12.2719,1907,1.6288557052612305
bbag094_zeisel_cell_01909,4,4,1,4,14.254995,-12.332848,1908,1.2380621433258057
bbag094_zeisel_cell_01910,4,4,1,4,14.645824,-11.926347,1909,0.9963321685791016
bbag094_zeisel_cell_01911,4,4,6,5,18.026428,-5.9296823,1910,1.6387282609939575
bbag094_zeisel_cell_01912,4,4,1,4,14.751781,-12.556703,1911,0.4735420942306518
bbag094_zeisel_cell_01913,4,4,2,6,26.474476,-12.077705,1912,2.002491235733032
bbag094_zeisel_cell_01914,4,4,1,4,14.6969185,-12.73561,1913,0.5787139534950256
bbag094_zeisel_cell_01915,4,4,2,6,26.449848,-11.887898,1914,1.095517873764038
bbag094_zeisel_cell_01916,4,4,2,6,24.036083,-12.214627,1915,1.7881346940994265
bbag094_zeisel_cell_01917,4,4,2,6,26.42288,-11.678637,1916,1.3574527502059937
bbag094_zeisel_cell_01918,4,4,1,4,14.714285,-12.146137,1917,2.0312232971191406
bbag094_zeisel_cell_01919,4,4,1,4,13.544718,-11.267796,1918,0.3845422863960266
bbag094_zeisel_cell_01920,4,4,2,6,26.397427,-11.791905,1919,1.0984816551208496
bbag094_zeisel_cell_01921,4,4,1,4,14.010292,-12.930112,1920,0.3845422863960266
bbag094_zeisel_cell_01922,4,4,1,4,14.499237,-12.618972,1921,0.3845422863960266
bbag094_zeisel_cell_01923,4,4,1,4,13.672847,-10.320896,1922,1.8794176578521729
bbag094_zeisel_cell_01924,4,4,1,4,14.334106,-12.674134,1923,0.3845422863960266
bbag094_zeisel_cell_01925,4,4,1,4,16.619017,-12.978307,1924,1.1189137697219849
bbag094_zeisel_cell_01926,4,4,1,4,14.2153425,-12.852627,1925,0.3845422863960266
bbag094_zeisel_cell_01927,4,4,1,4,16.654655,-12.905621,1926,1.8256981372833248
bbag094_zeisel_cell_01928,4,4,1,4,13.696358,-10.386242,1927,2.024665117263794
bbag094_zeisel_cell_01929,4,4,1,4,14.713205,-11.178979,1928,0.3845422863960266
bbag094_zeisel_cell_01930,4,4,1,4,16.012665,-12.708819,1929,2.062971353530884
bbag094_zeisel_cell_01931,4,4,1,4,14.414188,-12.434152,1930,1.5758709907531738
bbag094_zeisel_cell_01932,4,4,1,4,14.03612,-10.287298,1931,0.4340807199478149
bbag094_zeisel_cell_01933,4,4,1,4,14.33758,-12.032278,1932,0.5058086514472961
bbag094_zeisel_cell_01934,4,4,2,6,23.979473,-12.228805,1933,2.0098578929901123
bbag094_zeisel_cell_01935,4,4,1,4,14.101443,-10.7042055,1934,0.3845422863960266
bbag094_zeisel_cell_01936,4,4,1,4,14.228219,-12.5026655,1935,0.3845422863960266
bbag094_zeisel_cell_01937,4,4,1,4,14.461137,-11.642829,1936,0.9250011444091796
bbag094_zeisel_cell_01938,4,4,1,4,14.100114,-12.295029,1937,1.6652500629425049
bbag094_zeisel_cell_01939,4,4,1,4,26.373476,-12.34196,1938,1.9807820320129397
bbag094_zeisel_cell_01940,4,4,2,6,26.55511,-12.057768,1939,1.3300158977508545
bbag094_zeisel_cell_01941,4,4,1,4,-0.8857745,-5.344992,1940,2.1701114177703857
bbag094_zeisel_cell_01942,4,4,1,4,13.579397,-12.697911,1941,0.4970754981040954
bbag094_zeisel_cell_01943,4,4,1,4,13.988866,-12.654668,1942,0.3845422863960266
bbag094_zeisel_cell_01944,4,4,1,4,13.488072,-11.10862,1943,0.6922981142997742
bbag094_zeisel_cell_01945,4,4,1,4,13.816693,-12.97266,1944,0.573100209236145
bbag094_zeisel_cell_01946,4,4,6,5,17.825434,-5.8942437,1945,1.5728819370269775
bbag094_zeisel_cell_01947,4,4,1,4,14.706837,-12.425798,1946,0.4100441932678222
bbag094_zeisel_cell_01948,4,4,1,4,14.1758,-12.686713,1947,0.4630274772644043
bbag094_zeisel_cell_01949,4,4,1,4,16.774845,-13.389184,1948,0.9929933547973632
bbag094_zeisel_cell_01950,4,4,6,5,17.831354,-5.840446,1949,1.7577810287475586
bbag094_zeisel_cell_01951,4,4,1,4,13.627132,-10.368363,1950,1.784517526626587
bbag094_zeisel_cell_01952,4,4,1,4,14.368776,-12.819414,1951,0.3845422863960266
bbag094_zeisel_cell_01953,4,4,1,4,16.69518,-13.156435,1952,1.6024863719940186
bbag094_zeisel_cell_01954,4,4,1,4,14.470933,-12.839396,1953,0.4126110076904297
bbag094_zeisel_cell_01955,4,4,1,4,13.905122,-10.530195,1954,1.5365543365478516
bbag094_zeisel_cell_01956,4,4,1,4,14.504773,-12.862374,1955,0.3928307294845581
bbag094_zeisel_cell_01957,4,4,1,4,14.8008995,-12.715937,1956,0.3944191336631775
bbag094_zeisel_cell_01958,4,4,1,4,14.718402,-12.564314,1957,0.4112389683723449
bbag094_zeisel_cell_01959,4,4,1,4,14.493257,-12.727724,1958,0.3845422863960266
bbag094_zeisel_cell_01960,4,4,1,4,14.676396,-12.617816,1959,0.3845422863960266
bbag094_zeisel_cell_01961,4,4,2,6,23.819548,-11.422274,1960,1.6950860023498535
bbag094_zeisel_cell_01962,4,4,1,4,14.72037,-12.633458,1961,0.4916985929012298
bbag094_zeisel_cell_01963,4,4,1,4,14.348506,-12.544463,1962,0.3862864375114441
bbag094_zeisel_cell_01964,4,4,2,6,26.444773,-12.110781,1963,1.511338472366333
bbag094_zeisel_cell_01965,4,4,1,4,14.710738,-12.371837,1964,0.3845422863960266
bbag094_zeisel_cell_01966,4,4,1,4,13.952179,-12.9744625,1965,0.3845422863960266
bbag094_zeisel_cell_01967,4,4,1,4,14.748628,-11.885298,1966,0.3942169845104217
bbag094_zeisel_cell_01968,4,4,7,9,16.37735,-6.787345,1967,2.3651375770568848
bbag094_zeisel_cell_01969,4,4,1,4,14.57911,-12.614397,1968,0.424493134021759
bbag094_zeisel_cell_01970,4,4,1,4,14.769251,-12.383037,1969,0.4142707586288452
bbag094_zeisel_cell_01971,4,4,1,4,14.631481,-12.709254,1970,0.3845422863960266
bbag094_zeisel_cell_01972,4,4,1,4,14.514206,-11.702006,1971,0.409491091966629
bbag094_zeisel_cell_01973,4,4,1,4,16.872355,-13.594642,1972,1.123660922050476
bbag094_zeisel_cell_01974,4,4,1,4,14.827162,-9.641715,1973,0.6250035166740417
bbag094_zeisel_cell_01975,4,4,1,4,14.724003,-11.94044,1974,0.4297813475131988
bbag094_zeisel_cell_01976,4,4,1,4,14.773223,-11.863588,1975,0.457405537366867
bbag094_zeisel_cell_01977,4,4,1,4,14.747503,-12.345148,1976,0.3845422863960266
bbag094_zeisel_cell_01978,4,4,1,4,14.145403,-12.762883,1977,0.4111452400684356
bbag094_zeisel_cell_01979,4,4,1,4,26.402382,-12.34078,1978,0.6527347564697266
bbag094_zeisel_cell_01980,4,4,1,4,14.427153,-12.038714,1979,0.3845422863960266
bbag094_zeisel_cell_01981,4,4,1,4,14.466177,-12.27922,1980,0.3845422863960266
bbag094_zeisel_cell_01982,4,4,1,4,14.65163,-12.248849,1981,0.3845422863960266
bbag094_zeisel_cell_01983,4,4,1,4,14.768208,-12.585659,1982,0.3845422863960266
bbag094_zeisel_cell_01984,4,4,1,4,14.087545,-12.431006,1983,0.3845422863960266
bbag094_zeisel_cell_01985,4,4,1,4,14.377349,-11.887863,1984,0.3845422863960266
bbag094_zeisel_cell_01986,4,4,1,4,14.7926445,-12.531312,1985,0.4653799533843994
bbag094_zeisel_cell_01987,4,4,1,4,14.523562,-9.777215,1986,0.4311321079730987
bbag094_zeisel_cell_01988,4,4,1,4,14.764902,-11.562042,1987,0.4369561076164245
bbag094_zeisel_cell_01989,4,4,1,4,14.287986,-12.113114,1988,0.4249616861343384
bbag094_zeisel_cell_01990,4,4,1,4,14.760145,-12.418192,1989,0.3845422863960266
bbag094_zeisel_cell_01991,4,4,2,6,26.482752,-12.22897,1990,1.5069059133529663
bbag094_zeisel_cell_01992,4,4,1,4,16.044554,-12.6200075,1991,1.5009909868240356
bbag094_zeisel_cell_01993,4,4,1,4,16.702412,-13.265703,1992,1.2531781196594238
bbag094_zeisel_cell_01994,4,4,6,5,17.593182,-6.257111,1993,2.1031839847564697
bbag094_zeisel_cell_01995,4,4,1,4,14.766816,-12.534658,1994,0.3845422863960266
bbag094_zeisel_cell_01996,4,4,2,6,26.446968,-12.167522,1995,1.5554052591323853
bbag094_zeisel_cell_01997,4,4,1,4,14.5786,-9.891931,1996,0.4558242857456207
bbag094_zeisel_cell_01998,4,4,1,4,14.665386,-12.302718,1997,0.5879642367362976
bbag094_zeisel_cell_01999,4,4,1,4,14.798013,-11.984539,1998,0.9076853394508362
bbag094_zeisel_cell_02000,4,4,1,4,14.139993,-12.712443,1999,0.511193573474884
bbag094_zeisel_cell_02001,4,4,2,6,26.524601,-11.7044935,2000,1.1529557704925537
bbag094_zeisel_cell_02002,4,4,1,4,14.7369585,-12.296295,2001,0.3845422863960266
bbag094_zeisel_cell_02003,4,4,1,4,14.643595,-11.423642,2002,0.3845422863960266
bbag094_zeisel_cell_02004,4,4,1,4,14.468368,-9.801644,2003,2.034209012985229
bbag094_zeisel_cell_02005,4,4,1,4,14.85167,-9.739983,2004,0.9058113098144532
bbag094_zeisel_cell_02006,4,4,1,4,14.754694,-12.412295,2005,0.4125010073184967
bbag094_zeisel_cell_02007,4,4,1,4,13.79023,-10.397251,2006,1.8536330461502075
bbag094_zeisel_cell_02008,4,4,2,6,25.178581,-11.630592,2007,1.528822898864746
bbag094_zeisel_cell_02009,4,4,1,4,14.370649,-12.156404,2008,0.3845422863960266
bbag094_zeisel_cell_02010,4,4,1,4,14.418349,-11.90303,2009,0.3845422863960266
bbag094_zeisel_cell_02011,4,4,1,4,14.493685,-11.740805,2010,0.4698392152786255
bbag094_zeisel_cell_02012,4,4,1,4,14.778733,-11.809242,2011,0.5546068549156189
bbag094_zeisel_cell_02013,4,4,1,4,14.921322,-12.180996,2012,0.5504154562950134
bbag094_zeisel_cell_02014,4,4,1,4,14.753286,-12.526639,2013,0.3845422863960266
bbag094_zeisel_cell_02015,4,4,1,4,14.753539,-12.158868,2014,0.3845422863960266
bbag094_zeisel_cell_02016,4,4,1,4,14.71393,-11.571508,2015,0.5865544080734253
bbag094_zeisel_cell_02017,4,4,1,4,14.701932,-11.691377,2016,0.495711475610733
bbag094_zeisel_cell_02018,4,4,1,4,14.624364,-11.94797,2017,0.3845422863960266
bbag094_zeisel_cell_02019,4,4,1,4,14.684196,-12.057992,2018,0.3845422863960266
bbag094_zeisel_cell_02020,4,4,1,4,14.782731,-12.496329,2019,0.4502009749412536
bbag094_zeisel_cell_02021,4,4,1,4,14.815137,-12.377522,2020,0.4685149788856506
bbag094_zeisel_cell_02022,4,4,1,4,16.468275,-12.842926,2021,1.7855662107467651
bbag094_zeisel_cell_02023,4,4,2,6,26.448986,-12.157758,2022,1.849218726158142
bbag094_zeisel_cell_02024,4,4,1,4,14.771621,-12.360932,2023,0.4919647574424743
bbag094_zeisel_cell_02025,4,4,1,4,14.69422,-12.504142,2024,0.3845422863960266
bbag094_zeisel_cell_02026,4,4,1,4,14.217612,-12.21931,2025,0.3845422863960266
bbag094_zeisel_cell_02027,4,4,1,4,16.714333,-13.310743,2026,0.986818552017212
bbag094_zeisel_cell_02028,4,4,1,4,14.79253,-12.52492,2027,0.4598400890827179
bbag094_zeisel_cell_02029,4,4,2,6,26.549692,-12.087426,2028,1.9870353937149048
bbag094_zeisel_cell_02030,4,4,1,4,14.493822,-9.909659,2029,0.6669490337371826
bbag094_zeisel_cell_02031,4,4,1,4,14.765993,-10.06806,2030,0.845176637172699
bbag094_zeisel_cell_02032,4,4,1,4,14.728059,-11.965492,2031,0.4211086630821228
bbag094_zeisel_cell_02033,4,4,1,4,15.161817,-12.680008,2032,1.3162254095077517
bbag094_zeisel_cell_02034,4,4,2,6,24.048351,-11.675714,2033,1.850991129875183
bbag094_zeisel_cell_02035,4,4,2,6,24.003624,-11.736087,2034,1.5631742477416992
bbag094_zeisel_cell_02036,4,4,1,4,14.892194,-9.6521015,2035,0.8300914764404297
bbag094_zeisel_cell_02037,4,4,1,4,14.419634,-11.746986,2036,0.3845422863960266
bbag094_zeisel_cell_02038,4,4,7,9,16.44779,-6.6912923,2037,2.204134702682495
bbag094_zeisel_cell_02039,4,4,1,4,16.460205,-13.05454,2038,2.020581722259521
bbag094_zeisel_cell_02040,4,4,6,5,17.649487,-6.2411942,2039,2.356533527374268
bbag094_zeisel_cell_02041,4,4,1,4,14.881849,-9.89077,2040,1.8976725339889529
bbag094_zeisel_cell_02042,4,4,1,4,14.824467,-9.630173,2041,0.6230766773223877
bbag094_zeisel_cell_02043,4,4,6,5,17.70178,-6.023302,2042,2.37495231628418
bbag094_zeisel_cell_02044,4,4,2,6,23.939848,-12.1767235,2043,1.783159255981445
bbag094_zeisel_cell_02045,4,4,1,4,16.292307,-12.722767,2044,1.5304677486419678
bbag094_zeisel_cell_02046,4,4,1,4,10.658266,-12.139816,2045,0.3985241651535034
bbag094_zeisel_cell_02047,4,4,1,4,16.802002,-13.416183,2046,0.9598464369773864
bbag094_zeisel_cell_02048,4,4,1,4,14.153722,-12.067562,2047,0.4288660287857055
bbag094_zeisel_cell_02049,4,4,1,4,14.781579,-9.907959,2048,0.7445729374885559
bbag094_zeisel_cell_02050,4,4,1,4,14.189721,-11.835583,2049,0.3845422863960266
bbag094_zeisel_cell_02051,4,4,2,6,26.567602,-10.411832,2050,1.5797998905181885
bbag094_zeisel_cell_02052,4,4,6,5,17.989452,-6.1023474,2051,1.965791702270508
bbag094_zeisel_cell_02053,4,4,2,6,24.018143,-12.194379,2052,1.814895272254944
bbag094_zeisel_cell_02054,4,4,1,4,15.944253,-12.551299,2053,1.2947862148284912
bbag094_zeisel_cell_02055,4,4,1,4,14.572534,-12.679791,2054,0.4363549053668976
bbag094_zeisel_cell_02056,4,4,1,4,14.508859,-12.275614,2055,0.3951834142208099
bbag094_zeisel_cell_02057,4,4,7,9,16.45669,-6.675521,2056,2.3464059829711914
bbag094_zeisel_cell_02058,4,4,6,5,17.853434,-6.0197,2057,2.2851979732513428
bbag094_zeisel_cell_02059,4,4,1,4,16.885496,-13.603184,2058,1.032468318939209
bbag094_zeisel_cell_02060,4,4,1,4,16.930574,-13.735117,2059,0.957259237766266
bbag094_zeisel_cell_02061,4,4,1,4,18.02048,-15.225175,2060,0.9709274172782898
bbag094_zeisel_cell_02062,4,4,1,4,14.372159,-12.221882,2061,0.3845422863960266
bbag094_zeisel_cell_02063,4,4,1,4,14.712993,-11.525447,2062,0.3845422863960266
bbag094_zeisel_cell_02064,4,4,1,4,14.753678,-11.6647215,2063,0.6350944638252258
bbag094_zeisel_cell_02065,4,4,2,6,26.35883,-12.148722,2064,1.1165581941604614
bbag094_zeisel_cell_02066,4,4,1,4,15.703437,-12.511089,2065,1.537783980369568
bbag094_zeisel_cell_02067,4,4,1,4,14.472522,-9.827028,2066,1.2618687152862549
bbag094_zeisel_cell_02068,4,4,1,4,11.884262,-9.522245,2067,0.5130672454833984
bbag094_zeisel_cell_02069,4,4,1,4,14.8320055,-11.695691,2068,0.5229724645614624
bbag094_zeisel_cell_02070,4,4,1,4,14.2952,-10.311432,2069,0.4802920520305633
bbag094_zeisel_cell_02071,4,4,1,4,13.621933,-11.271716,2070,0.5652333498001099
bbag094_zeisel_cell_02072,4,4,1,4,16.579987,-13.153764,2071,1.1689985990524292
bbag094_zeisel_cell_02073,4,4,1,4,14.918487,-11.784525,2072,0.3845422863960266
bbag094_zeisel_cell_02074,4,4,6,5,17.709557,-6.0348873,2073,2.37495231628418
bbag094_zeisel_cell_02075,4,4,1,4,16.113005,-12.680584,2074,1.4733495712280271
bbag094_zeisel_cell_02076,4,4,1,4,14.556057,-11.503586,2075,1.627642035484314
bbag094_zeisel_cell_02077,4,4,1,4,14.3702135,-10.121526,2076,0.4235441088676452
bbag094_zeisel_cell_02078,4,4,1,4,15.191244,-12.240588,2077,0.3845422863960266
bbag094_zeisel_cell_02079,4,4,1,4,14.703117,-11.761708,2078,0.3845422863960266
bbag094_zeisel_cell_02080,4,4,2,6,26.404028,-12.229972,2079,1.8009965419769287
bbag094_zeisel_cell_02081,4,4,1,4,14.737118,-11.23219,2080,0.6400372982025146
bbag094_zeisel_cell_02082,4,4,1,4,13.967695,-12.606193,2081,0.395652025938034
bbag094_zeisel_cell_02083,4,4,1,4,14.389131,-9.723862,2082,0.8517428040504456
bbag094_zeisel_cell_02084,4,4,1,4,14.802604,-11.820982,2083,0.7064018249511719
bbag094_zeisel_cell_02085,4,4,1,4,26.433983,-12.330482,2084,2.0310287475585938
bbag094_zeisel_cell_02086,4,4,2,6,26.480255,-11.939857,2085,1.187303066253662
bbag094_zeisel_cell_02087,4,4,1,4,14.568767,-11.309667,2086,0.3881866931915283
bbag094_zeisel_cell_02088,4,4,2,6,26.42307,-12.250352,2087,1.7909488677978516
bbag094_zeisel_cell_02089,4,4,1,4,14.499917,-11.712437,2088,0.390818327665329
bbag094_zeisel_cell_02090,4,4,2,6,26.390827,-12.363621,2089,1.9828569889068604
bbag094_zeisel_cell_02091,4,4,1,4,14.61459,-11.3476095,2090,0.3845422863960266
bbag094_zeisel_cell_02092,4,4,2,6,26.359568,-12.4011965,2091,1.6671957969665527
bbag094_zeisel_cell_02093,4,4,1,4,14.8663225,-11.410896,2092,1.581135630607605
bbag094_zeisel_cell_02094,4,4,1,4,14.311607,-10.046535,2093,0.5714311599731445
bbag094_zeisel_cell_02095,4,4,1,4,13.82182,-11.110389,2094,0.3845422863960266
bbag094_zeisel_cell_02096,4,4,1,4,14.268226,-10.765505,2095,0.3845422863960266
bbag094_zeisel_cell_02097,4,4,1,4,14.33569,-11.135017,2096,0.5114493370056152
bbag094_zeisel_cell_02098,4,4,1,4,16.68529,-12.925359,2097,1.202358961105347
bbag094_zeisel_cell_02099,4,4,1,4,16.584509,-12.758858,2098,1.350475192070007
bbag094_zeisel_cell_02100,4,4,1,4,16.583078,-12.826121,2099,1.271506667137146
bbag094_zeisel_cell_02101,4,4,1,4,14.442232,-11.590636,2100,0.4125605821609497
bbag094_zeisel_cell_02102,4,4,2,6,26.28764,-12.459012,2101,1.6018738746643066
bbag094_zeisel_cell_02103,4,4,1,4,13.445936,-10.856311,2102,1.994413137435913
bbag094_zeisel_cell_02104,4,4,1,4,14.337313,-11.443317,2103,0.3881905376911163
bbag094_zeisel_cell_02105,4,4,1,4,14.953377,-11.314789,2104,0.3845422863960266
bbag094_zeisel_cell_02106,4,4,2,6,24.073313,-12.137175,2105,1.733476638793945
bbag094_zeisel_cell_02107,4,4,1,4,14.360274,-11.38479,2106,0.6612066030502319
bbag094_zeisel_cell_02108,4,4,1,4,13.145286,-11.176394,2107,0.3845422863960266
bbag094_zeisel_cell_02109,4,4,1,4,14.785355,-9.547656,2108,1.8551093339920044
bbag094_zeisel_cell_02110,4,4,1,4,15.387789,-11.36947,2109,0.3845422863960266
bbag094_zeisel_cell_02111,4,4,1,4,15.552565,-11.387641,2110,0.3845422863960266
bbag094_zeisel_cell_02112,4,4,1,4,15.710938,-11.387296,2111,0.4279040098190307
bbag094_zeisel_cell_02113,4,4,1,4,16.595623,-12.817662,2112,1.072668194770813
bbag094_zeisel_cell_02114,4,4,1,4,14.777106,-11.83326,2113,0.6307927370071411
bbag094_zeisel_cell_02115,4,4,1,4,15.827295,-11.434034,2114,1.7705824375152588
bbag094_zeisel_cell_02116,4,4,1,4,15.549777,-11.324921,2115,0.4040688574314117
bbag094_zeisel_cell_02117,4,4,1,4,16.733047,-13.369278,2116,1.0307937860488892
bbag094_zeisel_cell_02118,4,4,1,4,15.559632,-11.376665,2117,0.5208441615104675
bbag094_zeisel_cell_02119,4,4,1,4,15.569795,-11.635817,2118,1.1964223384857178
bbag094_zeisel_cell_02120,4,4,1,4,15.711727,-11.377274,2119,0.4688439667224884
bbag094_zeisel_cell_02121,4,4,6,5,17.810516,-6.0204363,2120,2.301465511322021
bbag094_zeisel_cell_02122,4,4,10,unknown,15.947763,-11.406846,2121,1.555599570274353
bbag094_zeisel_cell_02123,4,4,1,4,16.094896,-12.179514,2122,2.190897226333618
bbag094_zeisel_cell_02124,4,4,1,4,14.712492,-9.526662,2123,0.3845422863960266
bbag094_zeisel_cell_02125,4,4,1,4,16.080482,-12.08528,2124,1.3527034521102903
bbag094_zeisel_cell_02126,4,4,10,unknown,15.855405,-11.424077,2125,1.5852893590927124
bbag094_zeisel_cell_02127,4,4,10,unknown,15.86071,-11.431165,2126,1.9459178447723389
bbag094_zeisel_cell_02128,4,4,10,unknown,15.885446,-11.452453,2127,2.0098578929901123
bbag094_zeisel_cell_02129,4,4,1,4,15.664761,-11.389727,2128,0.4665403962135315
bbag094_zeisel_cell_02130,4,4,1,4,15.709773,-11.373758,2129,0.4148030579090118
bbag094_zeisel_cell_02131,4,4,1,4,15.5521145,-11.315137,2130,0.5216792225837708
bbag094_zeisel_cell_02132,4,4,7,9,16.409508,-6.738398,2131,2.3448400497436523
bbag094_zeisel_cell_02133,4,4,2,6,24.00058,-12.192019,2132,1.742750883102417
bbag094_zeisel_cell_02134,4,4,10,unknown,15.899343,-11.471096,2133,2.0098578929901123
bbag094_zeisel_cell_02135,4,4,1,4,16.8155,-13.506696,2134,1.014136791229248
bbag094_zeisel_cell_02136,4,4,1,4,14.168371,-11.249738,2135,0.4290492832660675
bbag094_zeisel_cell_02137,4,4,1,4,15.296442,-11.134427,2136,1.799813151359558
bbag094_zeisel_cell_02138,4,4,1,4,15.8189945,-11.473951,2137,1.9452688694000244
bbag094_zeisel_cell_02139,4,4,1,4,15.554078,-11.315455,2138,0.3845422863960266
bbag094_zeisel_cell_02140,4,4,1,4,16.883442,-13.603548,2139,0.9892799854278564
bbag094_zeisel_cell_02141,4,4,6,5,17.758629,-5.8855214,2140,2.08862566947937
bbag094_zeisel_cell_02142,4,4,6,5,18.06024,-6.123377,2141,2.264247417449951
bbag094_zeisel_cell_02143,4,4,1,4,16.577818,-13.13294,2142,1.4887890815734863
bbag094_zeisel_cell_02144,4,4,1,4,15.577094,-11.316486,2143,0.3845422863960266
bbag094_zeisel_cell_02145,4,4,2,6,24.042706,-12.116581,2144,1.603274703025818
bbag094_zeisel_cell_02146,4,4,1,4,14.879464,-11.428614,2145,1.571070909500122
bbag094_zeisel_cell_02147,4,4,1,4,23.970882,-11.614386,2146,0.4378555715084076
bbag094_zeisel_cell_02148,4,4,6,5,17.895744,-6.0947666,2147,2.033244132995605
bbag094_zeisel_cell_02149,4,4,2,6,25.660364,-11.183512,2148,1.269357681274414
bbag094_zeisel_cell_02150,4,4,1,4,14.879771,-11.652875,2149,0.8806986212730408
bbag094_zeisel_cell_02151,4,4,1,4,14.231509,-11.061862,2150,0.6419006586074829
bbag094_zeisel_cell_02152,4,4,1,4,13.759936,-11.098034,2151,0.3845422863960266
bbag094_zeisel_cell_02153,4,4,1,4,14.442178,-10.676535,2152,1.314350724220276
bbag094_zeisel_cell_02154,4,4,1,4,14.24438,-9.720016,2153,0.7994234561920166
bbag094_zeisel_cell_02155,4,4,1,4,16.552765,-13.123229,2154,0.990824282169342
bbag094_zeisel_cell_02156,4,4,1,4,14.4380865,-11.094158,2155,0.4289586246013641
bbag094_zeisel_cell_02157,4,4,1,4,13.624102,-10.302803,2156,2.364027500152588
bbag094_zeisel_cell_02158,4,4,1,4,14.494469,-10.611711,2157,0.8183697462081909
bbag094_zeisel_cell_02159,4,4,2,6,26.464954,-12.230841,2158,1.6176795959472656
bbag094_zeisel_cell_02160,4,4,1,4,13.32376,-11.185318,2159,1.893785834312439
bbag094_zeisel_cell_02161,4,4,2,6,26.404078,-12.297085,2160,1.6271361112594604
bbag094_zeisel_cell_02162,4,4,1,4,14.422165,-11.195854,2161,1.096418857574463
bbag094_zeisel_cell_02163,4,4,1,4,14.3110895,-11.142784,2162,0.6905508637428284
bbag094_zeisel_cell_02164,4,4,1,4,14.49254,-10.970935,2163,1.0263839960098269
bbag094_zeisel_cell_02165,4,4,1,4,14.445291,-10.916192,2164,0.3845422863960266
bbag094_zeisel_cell_02166,4,4,1,4,14.425205,-11.12421,2165,0.5749910473823547
bbag094_zeisel_cell_02167,4,4,1,4,14.246541,-11.439059,2166,0.3845422863960266
bbag094_zeisel_cell_02168,4,4,1,4,14.246715,-11.328915,2167,0.3941455483436584
bbag094_zeisel_cell_02169,4,4,1,4,14.592205,-11.17303,2168,0.3881185948848724
bbag094_zeisel_cell_02170,4,4,1,4,14.34413,-9.622651,2169,1.4038912057876587
bbag094_zeisel_cell_02171,4,4,1,4,14.277083,-11.230237,2170,0.4209203124046325
bbag094_zeisel_cell_02172,4,4,1,4,13.710184,-10.336225,2171,2.3751490116119385
bbag094_zeisel_cell_02173,4,4,1,4,14.461281,-11.254946,2172,0.3845422863960266
bbag094_zeisel_cell_02174,4,4,1,4,14.353619,-10.013358,2173,0.5687690377235413
bbag094_zeisel_cell_02175,4,4,1,4,14.464222,-11.291743,2174,0.4588046967983246
bbag094_zeisel_cell_02176,4,4,1,4,14.899942,-11.485134,2175,1.194199562072754
bbag094_zeisel_cell_02177,4,4,1,4,14.237681,-9.643103,2176,1.547511100769043
bbag094_zeisel_cell_02178,4,4,1,4,14.520012,-11.272565,2177,0.3845422863960266
bbag094_zeisel_cell_02179,4,4,1,4,14.294904,-11.281534,2178,0.3845422863960266
bbag094_zeisel_cell_02180,4,4,6,5,17.790468,-5.8141313,2179,1.5832961797714231
bbag094_zeisel_cell_02181,4,4,1,4,16.088423,-12.68414,2180,1.6097633838653564
bbag094_zeisel_cell_02182,4,4,1,4,14.45891,-10.6663,2181,0.7252223491668701
bbag094_zeisel_cell_02183,4,4,1,4,13.655523,-10.3155985,2182,1.6724576950073242
bbag094_zeisel_cell_02184,4,4,1,4,16.334717,-12.571995,2183,1.8328192234039309
bbag094_zeisel_cell_02185,4,4,1,4,14.874297,-11.9609,2184,0.3981117904186249
bbag094_zeisel_cell_02186,4,4,1,4,14.637055,-11.522165,2185,0.3845422863960266
bbag094_zeisel_cell_02187,4,4,1,4,14.856218,-11.7768955,2186,0.6992045640945435
bbag094_zeisel_cell_02188,4,4,1,4,14.17896,-11.222295,2187,0.3845422863960266
bbag094_zeisel_cell_02189,4,4,1,4,14.664021,-10.051383,2188,1.5531624555587769
bbag094_zeisel_cell_02190,4,4,1,4,14.371627,-10.491442,2189,0.4198703467845917
bbag094_zeisel_cell_02191,4,4,1,4,14.734648,-11.634505,2190,0.6410338878631592
bbag094_zeisel_cell_02192,4,4,2,6,25.701612,-10.923388,2191,1.4505921602249146
bbag094_zeisel_cell_02193,4,4,1,4,14.3618,-10.6493845,2192,0.3882003426551819
bbag094_zeisel_cell_02194,4,4,6,5,17.855204,-6.010777,2193,1.7010338306427002
bbag094_zeisel_cell_02195,4,4,1,4,14.577679,-11.361762,2194,0.3845422863960266
bbag094_zeisel_cell_02196,4,4,1,4,14.856269,-9.692027,2195,0.7416154146194458
bbag094_zeisel_cell_02197,4,4,1,4,14.779313,-9.585221,2196,0.7623445391654968
bbag094_zeisel_cell_02198,4,4,1,4,14.264645,-11.269339,2197,0.6009935736656189
bbag094_zeisel_cell_02199,4,4,7,9,16.47844,-6.6536503,2198,2.349595546722412
bbag094_zeisel_cell_02200,4,4,1,4,14.329063,-10.57892,2199,2.0583791732788086
bbag094_zeisel_cell_02201,4,4,1,4,13.941079,-12.066574,2200,0.3845422863960266
bbag094_zeisel_cell_02202,4,4,2,6,26.360022,-12.369447,2201,2.181349992752075
bbag094_zeisel_cell_02203,4,4,1,4,14.244157,-10.576381,2202,1.7944549322128296
bbag094_zeisel_cell_02204,4,4,1,4,13.3678,-11.943709,2203,0.3845422863960266
bbag094_zeisel_cell_02205,4,4,1,4,14.308022,-9.997442,2204,0.6605393886566162
bbag094_zeisel_cell_02206,4,4,1,4,14.303794,-10.116094,2205,0.3998863399028778
bbag094_zeisel_cell_02207,4,4,2,6,26.345575,-10.68833,2206,1.3869030475616455
bbag094_zeisel_cell_02208,4,4,2,6,26.468954,-10.416728,2207,1.2627906799316406
bbag094_zeisel_cell_02209,4,4,1,4,14.378771,-9.915037,2208,0.39333575963974
bbag094_zeisel_cell_02210,4,4,1,4,14.366407,-9.951091,2209,0.4056800603866577
bbag094_zeisel_cell_02211,4,4,1,4,15.062369,-11.089686,2210,0.4435128569602966
bbag094_zeisel_cell_02212,4,4,1,4,11.069083,-9.143991,2211,2.062971353530884
bbag094_zeisel_cell_02213,4,4,1,4,14.432902,-10.748708,2212,0.7536398768424988
bbag094_zeisel_cell_02214,4,4,1,4,14.203568,-10.610156,2213,0.4693552553653717
bbag094_zeisel_cell_02215,4,4,1,4,16.735622,-13.248462,2214,1.0199332237243652
bbag094_zeisel_cell_02216,4,4,1,4,13.592455,-10.3515215,2215,1.8939321041107176
bbag094_zeisel_cell_02217,4,4,1,4,13.766414,-10.583395,2216,1.6780705451965332
bbag094_zeisel_cell_02218,4,4,1,4,14.431843,-10.646766,2217,0.7662377953529358
bbag094_zeisel_cell_02219,4,4,2,6,25.58708,-11.301484,2218,1.2597084045410156
bbag094_zeisel_cell_02220,4,4,6,5,17.784916,-5.9575863,2219,2.184220314025879
bbag094_zeisel_cell_02221,4,4,1,4,13.257118,-11.897008,2220,0.8447365760803223
bbag094_zeisel_cell_02222,4,4,1,4,13.360811,-10.824747,2221,2.18648362159729
bbag094_zeisel_cell_02223,4,4,1,4,14.406325,-11.030041,2222,0.6483749151229858
bbag094_zeisel_cell_02224,4,4,2,6,26.46205,-11.827594,2223,1.0811847448349
bbag094_zeisel_cell_02225,4,4,1,4,14.327401,-10.194228,2224,1.2818684577941897
bbag094_zeisel_cell_02226,4,4,1,4,13.213296,-10.4505205,2225,1.94027578830719
bbag094_zeisel_cell_02227,4,4,1,4,11.652627,-9.336652,2226,1.7241456508636477
bbag094_zeisel_cell_02228,4,4,4,1,3.4488935,-5.0590105,2227,2.062971353530884
bbag094_zeisel_cell_02229,4,4,1,4,14.299998,-9.618255,2228,1.941370129585266
bbag094_zeisel_cell_02230,4,4,1,4,11.856831,-9.538777,2229,0.7346128225326538
bbag094_zeisel_cell_02231,4,4,1,4,14.61326,-9.800544,2230,0.576904296875
bbag094_zeisel_cell_02232,4,4,1,4,12.7525835,-11.464546,2231,0.3845422863960266
bbag094_zeisel_cell_02233,4,4,1,4,11.825583,-9.622252,2232,0.9329795241355896
bbag094_zeisel_cell_02234,4,4,1,4,12.823628,-11.348123,2233,1.175513744354248
bbag094_zeisel_cell_02235,4,4,1,4,12.555642,-10.859578,2234,1.079808473587036
bbag094_zeisel_cell_02236,4,4,2,6,24.196032,-12.263437,2235,1.7000523805618286
bbag094_zeisel_cell_02237,4,4,1,4,12.550961,-11.199799,2236,0.5464175343513489
bbag094_zeisel_cell_02238,4,4,7,9,16.414978,-6.7153745,2237,2.34850549697876
bbag094_zeisel_cell_02239,4,4,1,4,12.0426855,-11.444332,2238,0.3907365500926971
bbag094_zeisel_cell_02240,4,4,1,4,12.765741,-10.536542,2239,0.474456787109375
bbag094_zeisel_cell_02241,4,4,1,4,13.414573,-11.445865,2240,0.5868571400642395
bbag094_zeisel_cell_02242,4,4,2,6,23.919432,-12.247957,2241,1.7392741441726685
bbag094_zeisel_cell_02243,4,4,1,4,13.17431,-11.636699,2242,0.5840454697608948
bbag094_zeisel_cell_02244,4,4,1,4,14.443666,-10.892032,2243,1.0566728115081787
bbag094_zeisel_cell_02245,4,4,1,4,12.800287,-10.828888,2244,0.5352970361709595
bbag094_zeisel_cell_02246,4,4,2,6,24.110092,-12.067916,2245,1.6115096807479858
bbag094_zeisel_cell_02247,4,4,1,4,14.654901,-9.460757,2246,2.044492721557617
bbag094_zeisel_cell_02248,4,4,1,4,13.364563,-12.577917,2247,0.3845422863960266
bbag094_zeisel_cell_02249,4,4,1,4,13.302297,-10.849362,2248,0.795429527759552
bbag094_zeisel_cell_02250,4,4,1,4,13.002466,-12.028989,2249,0.64417964220047
bbag094_zeisel_cell_02251,4,4,1,4,16.074667,-12.257939,2250,1.7602239847183228
bbag094_zeisel_cell_02252,4,4,1,4,13.032698,-11.207674,2251,1.4995505809783936
bbag094_zeisel_cell_02253,4,4,1,4,12.367436,-10.9631405,2252,0.3845422863960266
bbag094_zeisel_cell_02254,4,4,1,4,14.273943,-11.367649,2253,0.5379132628440857
bbag094_zeisel_cell_02255,4,4,1,4,13.336041,-11.706819,2254,1.5235446691513062
bbag094_zeisel_cell_02256,4,4,1,4,13.247685,-11.751715,2255,0.7148424386978149
bbag094_zeisel_cell_02257,4,4,1,4,12.452819,-11.711539,2256,0.5226387977600098
bbag094_zeisel_cell_02258,4,4,1,4,13.190552,-11.254842,2257,0.3845422863960266
bbag094_zeisel_cell_02259,4,4,1,4,13.244915,-12.42831,2258,0.3845422863960266
bbag094_zeisel_cell_02260,4,4,6,5,17.962498,-6.095856,2259,1.998711943626404
bbag094_zeisel_cell_02261,4,4,6,5,17.891289,-5.9687867,2260,1.891183972358704
bbag094_zeisel_cell_02262,4,4,1,4,13.322571,-11.45482,2261,0.3845422863960266
bbag094_zeisel_cell_02263,4,4,1,4,16.584064,-12.935783,2262,1.982837557792664
bbag094_zeisel_cell_02264,4,4,1,4,13.151855,-12.315799,2263,0.4243462681770324
bbag094_zeisel_cell_02265,4,4,1,4,12.640021,-11.460924,2264,0.3890114724636078
bbag094_zeisel_cell_02266,4,4,1,4,16.676744,-12.906402,2265,1.5692002773284912
bbag094_zeisel_cell_02267,4,4,1,4,13.686745,-11.461475,2266,1.2359449863433838
bbag094_zeisel_cell_02268,4,4,1,4,13.457342,-11.366597,2267,0.5524583458900452
bbag094_zeisel_cell_02269,4,4,1,4,14.702712,-11.066984,2268,0.5832820534706116
bbag094_zeisel_cell_02270,4,4,1,4,13.1920805,-11.590366,2269,0.407192051410675
bbag094_zeisel_cell_02271,4,4,1,4,16.672935,-12.866312,2270,1.5921199321746826
bbag094_zeisel_cell_02272,4,4,1,4,13.324869,-11.29921,2271,0.3845422863960266
bbag094_zeisel_cell_02273,4,4,1,4,16.558285,-13.119768,2272,1.1538169384002686
bbag094_zeisel_cell_02274,4,4,1,4,14.210566,-12.579092,2273,0.4065022468566894
bbag094_zeisel_cell_02275,4,4,1,4,13.0799465,-11.930341,2274,0.4328992664813995
bbag094_zeisel_cell_02276,4,4,1,4,12.593524,-11.598604,2275,0.3845422863960266
bbag094_zeisel_cell_02277,4,4,2,6,26.661469,-10.310671,2276,1.1991468667984009
bbag094_zeisel_cell_02278,4,4,2,6,26.613487,-11.486588,2277,1.4783096313476562
bbag094_zeisel_cell_02279,4,4,6,5,17.76634,-5.933322,2278,1.98711371421814
bbag094_zeisel_cell_02280,4,4,1,4,13.581268,-11.948379,2279,2.0890867710113525
bbag094_zeisel_cell_02281,4,4,2,6,26.580154,-11.904784,2280,1.425682783126831
bbag094_zeisel_cell_02282,4,4,1,4,16.32589,-6.911763,2281,1.8814802169799805
bbag094_zeisel_cell_02283,4,4,2,6,24.062588,-12.188008,2282,2.0098578929901123
bbag094_zeisel_cell_02284,4,4,1,4,11.628132,-9.298133,2283,0.722242534160614
bbag094_zeisel_cell_02285,4,4,2,6,26.487305,-12.2354765,2284,1.7186293601989746
bbag094_zeisel_cell_02286,4,4,1,4,13.289587,-11.69455,2285,0.3845422863960266
bbag094_zeisel_cell_02287,4,4,1,4,13.102409,-12.034144,2286,0.3962701261043548
bbag094_zeisel_cell_02288,4,4,1,4,12.978807,-12.106165,2287,0.3868573009967804
bbag094_zeisel_cell_02289,4,4,6,5,17.768349,-5.875707,2288,2.0245349407196045
bbag094_zeisel_cell_02290,4,4,1,4,13.128319,-12.039794,2289,0.3876937925815582
bbag094_zeisel_cell_02291,4,4,2,6,26.564821,-11.880485,2290,1.2339187860488892
bbag094_zeisel_cell_02292,4,4,1,4,13.393201,-11.591924,2291,0.3845422863960266
bbag094_zeisel_cell_02293,4,4,1,4,13.637723,-11.582944,2292,1.7779160737991333
bbag094_zeisel_cell_02294,4,4,1,4,13.043769,-12.046131,2293,0.3989466726779938
bbag094_zeisel_cell_02295,4,4,1,4,12.945396,-12.066979,2294,0.5762787461280823
bbag094_zeisel_cell_02296,4,4,1,4,12.793075,-11.989416,2295,0.782497227191925
bbag094_zeisel_cell_02297,4,4,1,4,12.780685,-11.972776,2296,0.6902583837509155
bbag094_zeisel_cell_02298,4,4,1,4,12.848687,-12.048062,2297,1.0202631950378418
bbag094_zeisel_cell_02299,4,4,1,4,14.87845,-9.647679,2298,0.5870053768157959
bbag094_zeisel_cell_02300,4,4,1,4,12.296862,-11.740491,2299,0.5956292748451233
bbag094_zeisel_cell_02301,4,4,1,4,16.453035,-12.914477,2300,1.7608246803283691
bbag094_zeisel_cell_02302,4,4,1,4,13.025023,-11.964399,2301,0.5375146269798279
bbag094_zeisel_cell_02303,4,4,1,4,13.225765,-12.195576,2302,0.3931240737438202
bbag094_zeisel_cell_02304,4,4,2,6,25.321508,-11.552069,2303,2.05629301071167
bbag094_zeisel_cell_02305,4,4,1,4,12.8691225,-12.102081,2304,1.3661292791366575
bbag094_zeisel_cell_02306,4,4,1,4,16.213243,-12.8302355,2305,2.532088041305542
bbag094_zeisel_cell_02307,4,4,2,6,26.532928,-11.930271,2306,1.47757887840271
bbag094_zeisel_cell_02308,4,4,2,6,26.528494,-11.978107,2307,1.5145795345306396
bbag094_zeisel_cell_02309,4,4,1,4,12.701922,-11.973762,2308,0.7746336460113525
bbag094_zeisel_cell_02310,4,4,1,4,13.382265,-11.919301,2309,0.3845422863960266
bbag094_zeisel_cell_02311,4,4,1,4,12.788671,-11.983555,2310,0.758993923664093
bbag094_zeisel_cell_02312,4,4,1,4,13.122765,-11.998114,2311,0.5033910870552063
bbag094_zeisel_cell_02313,4,4,1,4,13.230901,-11.876031,2312,0.3845422863960266
bbag094_zeisel_cell_02314,4,4,7,9,16.340912,-6.8197403,2313,2.37495231628418
bbag094_zeisel_cell_02315,4,4,6,5,17.776455,-5.916298,2314,1.8830621242523196
bbag094_zeisel_cell_02316,4,4,1,4,13.153314,-11.715324,2315,2.567370176315308
bbag094_zeisel_cell_02317,4,4,1,4,13.100285,-11.531648,2316,0.8393010497093201
bbag094_zeisel_cell_02318,4,4,1,4,12.985245,-11.965489,2317,0.421200156211853
bbag094_zeisel_cell_02319,4,4,1,4,16.828867,-13.529086,2318,1.057412028312683
bbag094_zeisel_cell_02320,4,4,1,4,12.755611,-11.8944025,2319,0.5766872763633728
bbag094_zeisel_cell_02321,4,4,1,4,12.862476,-11.989713,2320,0.9984824061393738
bbag094_zeisel_cell_02322,4,4,7,9,16.488424,-6.6403613,2321,2.3581912517547607
bbag094_zeisel_cell_02323,4,4,1,4,13.856259,-12.093762,2322,0.4174564778804779
bbag094_zeisel_cell_02324,4,4,1,4,12.416643,-11.698448,2323,0.3845422863960266
bbag094_zeisel_cell_02325,4,4,1,4,16.699114,-12.88973,2324,1.7938380241394043
bbag094_zeisel_cell_02326,4,4,1,4,16.767223,-13.433604,2325,1.1166868209838867
bbag094_zeisel_cell_02327,4,4,1,4,13.455429,-11.964641,2326,1.2887239456176758
bbag094_zeisel_cell_02328,4,4,1,4,11.692342,-9.3696575,2327,2.062971353530884
bbag094_zeisel_cell_02329,4,4,1,4,11.513476,-9.277632,2328,2.062971353530884
bbag094_zeisel_cell_02330,4,4,1,4,13.470671,-11.774355,2329,0.6372241973876953
bbag094_zeisel_cell_02331,4,4,1,4,12.837337,-11.592425,2330,0.3845422863960266
bbag094_zeisel_cell_02332,4,4,2,6,26.53516,-11.963237,2331,1.3075398206710815
bbag094_zeisel_cell_02333,4,4,1,4,13.589,-12.107275,2332,0.6503687500953674
bbag094_zeisel_cell_02334,4,4,2,6,26.488941,-11.81116,2333,1.1252962350845337
bbag094_zeisel_cell_02335,4,4,1,4,13.490119,-11.522101,2334,1.8073890209198
bbag094_zeisel_cell_02336,4,4,1,4,12.880205,-11.494409,2335,0.4022950828075409
bbag094_zeisel_cell_02337,4,4,1,4,13.237714,-11.864405,2336,0.4006097614765167
bbag094_zeisel_cell_02338,4,4,1,4,16.25014,-7.0184927,2337,1.6072818040847778
bbag094_zeisel_cell_02339,4,4,1,4,14.839621,-9.562252,2338,2.6182847023010254
bbag094_zeisel_cell_02340,4,4,1,4,13.651892,-12.005234,2339,0.5392395257949829
bbag094_zeisel_cell_02341,4,4,1,4,16.132133,-12.777308,2340,1.6441855430603027
bbag094_zeisel_cell_02342,4,4,1,4,11.640629,-9.316282,2341,0.928065538406372
bbag094_zeisel_cell_02343,4,4,1,4,11.66719,-9.3366,2342,1.7854636907577517
bbag094_zeisel_cell_02344,4,4,1,4,13.584241,-11.447832,2343,0.4794940054416656
bbag094_zeisel_cell_02345,4,4,1,4,14.265398,-11.488494,2344,0.3845422863960266
bbag094_zeisel_cell_02346,4,4,2,6,26.278803,-11.750472,2345,1.2976950407028198
bbag094_zeisel_cell_02347,4,4,1,4,13.373032,-11.906411,2346,0.8045252561569214
bbag094_zeisel_cell_02348,4,4,6,5,17.849192,-5.910432,2347,1.801909565925598
bbag094_zeisel_cell_02349,4,4,1,4,13.587312,-10.556555,2348,1.9961892366409304
bbag094_zeisel_cell_02350,4,4,1,4,13.944306,-11.312549,2349,0.3845422863960266
bbag094_zeisel_cell_02351,4,4,2,6,24.105974,-12.22109,2350,1.7426631450653076
bbag094_zeisel_cell_02352,4,4,1,4,13.894633,-12.460751,2351,0.3845422863960266
bbag094_zeisel_cell_02353,4,4,1,4,26.38791,-12.409373,2352,0.5207351446151733
bbag094_zeisel_cell_02354,4,4,1,4,14.513435,-11.235729,2353,0.3845422863960266
bbag094_zeisel_cell_02355,4,4,2,6,26.49164,-12.185637,2354,2.062971353530884
bbag094_zeisel_cell_02356,4,4,1,4,16.73501,-12.941153,2355,1.0308400392532349
bbag094_zeisel_cell_02357,4,4,1,4,13.389666,-11.1156,2356,0.4037571847438812
bbag094_zeisel_cell_02358,4,4,1,4,14.059192,-11.263706,2357,0.3845422863960266
bbag094_zeisel_cell_02359,4,4,1,4,14.314059,-11.495402,2358,0.7665407061576843
bbag094_zeisel_cell_02360,4,4,1,4,14.205058,-11.281864,2359,0.3845422863960266
bbag094_zeisel_cell_02361,4,4,1,4,13.341878,-11.198891,2360,0.4435663223266601
bbag094_zeisel_cell_02362,4,4,1,4,13.369989,-10.979811,2361,0.3845422863960266
bbag094_zeisel_cell_02363,4,4,1,4,12.727399,-11.284234,2362,0.3845422863960266
bbag094_zeisel_cell_02364,4,4,2,6,26.528828,-11.718821,2363,1.2521343231201172
bbag094_zeisel_cell_02365,4,4,1,4,14.028207,-11.338398,2364,0.3845422863960266
bbag094_zeisel_cell_02366,4,4,1,4,16.847565,-13.471442,2365,1.243821620941162
bbag094_zeisel_cell_02367,4,4,1,4,16.436644,-12.898756,2366,1.6554440259933472
bbag094_zeisel_cell_02368,4,4,1,4,16.642092,-13.235374,2367,0.9467175602912904
bbag094_zeisel_cell_02369,4,4,1,4,14.549352,-11.38387,2368,2.011873483657837
bbag094_zeisel_cell_02370,4,4,1,4,13.303816,-11.102527,2369,0.477230429649353
bbag094_zeisel_cell_02371,4,4,2,6,26.461971,-11.71979,2370,1.486918807029724
bbag094_zeisel_cell_02372,4,4,1,4,13.074002,-11.287529,2371,0.8334559798240662
bbag094_zeisel_cell_02373,4,4,1,4,14.179744,-11.931267,2372,0.3845422863960266
bbag094_zeisel_cell_02374,4,4,7,9,16.455214,-6.677508,2373,2.333124876022339
bbag094_zeisel_cell_02375,4,4,1,4,14.402573,-10.970978,2374,0.5221270322799683
bbag094_zeisel_cell_02376,4,4,1,4,14.11054,-10.903858,2375,0.3845422863960266
bbag094_zeisel_cell_02377,4,4,1,4,14.778658,-9.485102,2376,0.7896724939346313
bbag094_zeisel_cell_02378,4,4,1,4,14.333338,-10.769748,2377,0.3845422863960266
bbag094_zeisel_cell_02379,4,4,6,5,17.74634,-6.0922165,2378,2.1197268962860107
bbag094_zeisel_cell_02380,4,4,7,9,16.326366,-6.8745847,2379,2.37495231628418
bbag094_zeisel_cell_02381,4,4,1,4,13.927593,-11.280721,2380,0.3845422863960266
bbag094_zeisel_cell_02382,4,4,2,6,26.377474,-12.313859,2381,1.5788943767547607
bbag094_zeisel_cell_02383,4,4,2,6,26.392817,-12.3668585,2382,1.7809081077575684
bbag094_zeisel_cell_02384,4,4,1,4,12.078993,-9.630908,2383,0.5575031638145447
bbag094_zeisel_cell_02385,4,4,1,4,12.73418,-11.466852,2384,0.3845422863960266
bbag094_zeisel_cell_02386,4,4,1,4,12.766199,-11.699784,2385,0.3845422863960266
bbag094_zeisel_cell_02387,4,4,1,4,13.753825,-11.343928,2386,0.3845422863960266
bbag094_zeisel_cell_02388,4,4,2,6,25.438135,-11.483235,2387,1.820123672485352
bbag094_zeisel_cell_02389,4,4,1,4,26.46627,-12.21934,2388,2.062971353530884
bbag094_zeisel_cell_02390,4,4,1,4,12.725308,-11.465451,2389,0.3845422863960266
bbag094_zeisel_cell_02391,4,4,1,4,12.948007,-11.415146,2390,0.3845422863960266
bbag094_zeisel_cell_02392,4,4,1,4,16.170105,-12.768952,2391,1.4733091592788696
bbag094_zeisel_cell_02393,4,4,1,4,13.129239,-11.239822,2392,0.8644872903823853
bbag094_zeisel_cell_02394,4,4,1,4,13.618122,-12.0227375,2393,0.3845422863960266
bbag094_zeisel_cell_02395,4,4,1,4,12.751009,-11.645496,2394,0.3845422863960266
bbag094_zeisel_cell_02396,4,4,1,4,12.693931,-11.539579,2395,0.3845422863960266
bbag094_zeisel_cell_02397,4,4,1,4,13.9371805,-11.561515,2396,0.3845422863960266
bbag094_zeisel_cell_02398,4,4,1,4,13.785804,-12.545875,2397,0.3845422863960266
bbag094_zeisel_cell_02399,4,4,1,4,12.7089815,-11.7228155,2398,2.348644971847534
bbag094_zeisel_cell_02400,4,4,2,6,23.827154,-11.425328,2399,1.6806926727294922
bbag094_zeisel_cell_02401,4,4,1,4,14.315173,-11.478327,2400,0.4024820923805237
bbag094_zeisel_cell_02402,4,4,1,4,13.868412,-11.428658,2401,0.5036144256591797
bbag094_zeisel_cell_02403,4,4,1,4,13.7654915,-11.802862,2402,0.3845422863960266
bbag094_zeisel_cell_02404,4,4,1,4,14.1701,-11.302376,2403,0.3962330520153045
bbag094_zeisel_cell_02405,4,4,1,4,23.842833,-12.192743,2404,1.768768310546875
bbag094_zeisel_cell_02406,4,4,1,4,12.701574,-11.594343,2405,0.3915651738643646
bbag094_zeisel_cell_02407,4,4,7,9,16.429432,-6.7111125,2406,2.278446674346924
bbag094_zeisel_cell_02408,4,4,2,6,26.551321,-11.916514,2407,1.439130187034607
bbag094_zeisel_cell_02409,4,4,1,4,13.365203,-11.869114,2408,0.3845422863960266
bbag094_zeisel_cell_02410,4,4,1,4,13.688481,-11.890592,2409,0.3845422863960266
bbag094_zeisel_cell_02411,4,4,1,4,12.6254015,-11.554349,2410,0.3845422863960266
bbag094_zeisel_cell_02412,4,4,1,4,13.54979,-12.011639,2411,0.465878427028656
bbag094_zeisel_cell_02413,4,4,1,4,16.707096,-13.305303,2412,1.3500945568084717
bbag094_zeisel_cell_02414,4,4,2,6,26.506279,-11.8665495,2413,1.0521897077560425
bbag094_zeisel_cell_02415,4,4,1,4,12.712448,-11.513299,2414,0.3845422863960266
bbag094_zeisel_cell_02416,4,4,1,4,13.924017,-11.652691,2415,0.3845422863960266
bbag094_zeisel_cell_02417,4,4,1,4,12.793914,-11.509309,2416,0.3845422863960266
bbag094_zeisel_cell_02418,4,4,2,6,26.503777,-11.911114,2417,1.645409107208252
bbag094_zeisel_cell_02419,4,4,1,4,13.660584,-11.767386,2418,2.062971353530884
bbag094_zeisel_cell_02420,4,4,6,5,18.087126,-5.8811307,2419,1.6207373142242432
bbag094_zeisel_cell_02421,4,4,1,4,12.844858,-11.705668,2420,0.4034768044948578
bbag094_zeisel_cell_02422,4,4,1,4,13.132151,-11.8847685,2421,0.675139307975769
bbag094_zeisel_cell_02423,4,4,2,6,26.580639,-11.554638,2422,1.3277751207351685
bbag094_zeisel_cell_02424,4,4,1,4,13.201771,-11.838078,2423,0.3845422863960266
bbag094_zeisel_cell_02425,4,4,2,6,23.905247,-12.261633,2424,1.9927453994750977
bbag094_zeisel_cell_02426,4,4,1,4,23.881294,-12.281302,2425,1.885825753211975
bbag094_zeisel_cell_02427,4,4,1,4,23.882664,-12.236218,2426,2.062971353530884
bbag094_zeisel_cell_02428,4,4,1,4,13.324734,-11.698122,2427,0.3974048495292663
bbag094_zeisel_cell_02429,4,4,2,6,26.503975,-11.785807,2428,1.1411863565444946
bbag094_zeisel_cell_02430,4,4,1,4,13.6343975,-12.002457,2429,0.3845422863960266
bbag094_zeisel_cell_02431,4,4,6,5,18.097464,-5.8675838,2430,1.5539017915725708
bbag094_zeisel_cell_02432,4,4,1,4,13.583129,-12.410523,2431,0.6116783618927002
bbag094_zeisel_cell_02433,4,4,1,4,13.720671,-12.080052,2432,0.3845422863960266
bbag094_zeisel_cell_02434,4,4,1,4,13.587358,-11.965837,2433,0.3845422863960266
bbag094_zeisel_cell_02435,4,4,1,4,13.75323,-12.032989,2434,0.5020078420639038
bbag094_zeisel_cell_02436,4,4,1,4,13.729264,-11.976194,2435,0.3845422863960266
bbag094_zeisel_cell_02437,4,4,1,4,13.625957,-12.306293,2436,0.6486503481864929
bbag094_zeisel_cell_02438,4,4,1,4,13.395639,-11.759203,2437,0.6367460489273071
bbag094_zeisel_cell_02439,4,4,1,4,14.356016,-11.763311,2438,0.3845422863960266
bbag094_zeisel_cell_02440,4,4,1,4,13.885071,-12.137398,2439,0.4003647267818451
bbag094_zeisel_cell_02441,4,4,1,4,14.262143,-12.0842285,2440,0.6432722210884094
bbag094_zeisel_cell_02442,4,4,2,6,24.02124,-12.2226,2441,1.831615328788757
bbag094_zeisel_cell_02443,4,4,2,6,26.561493,-11.894979,2442,1.0253934860229492
bbag094_zeisel_cell_02444,4,4,1,4,13.940922,-12.32161,2443,0.3845422863960266
bbag094_zeisel_cell_02445,4,4,1,4,13.714519,-12.004362,2444,0.3845422863960266
bbag094_zeisel_cell_02446,4,4,1,4,13.971179,-12.406256,2445,0.6022776961326599
bbag094_zeisel_cell_02447,4,4,1,4,13.872788,-12.125126,2446,0.4816054105758667
bbag094_zeisel_cell_02448,4,4,1,4,13.976456,-11.880812,2447,0.6792210340499878
bbag094_zeisel_cell_02449,4,4,1,4,14.403952,-9.791366,2448,2.062971353530884
bbag094_zeisel_cell_02450,5,5,7,9,16.456648,-6.6785216,2449,2.37495231628418
bbag094_zeisel_cell_02451,5,5,6,5,18.106672,-6.081681,2450,2.37495231628418
bbag094_zeisel_cell_02452,5,5,7,9,16.497623,-6.6344557,2451,2.37495231628418
bbag094_zeisel_cell_02453,5,5,7,9,16.471245,-6.6600094,2452,2.343848705291748
bbag094_zeisel_cell_02454,5,5,7,9,16.476652,-6.653682,2453,2.37495231628418
bbag094_zeisel_cell_02455,5,5,7,9,16.443396,-6.686624,2454,2.37495231628418
bbag094_zeisel_cell_02456,5,5,7,9,16.47704,-6.652989,2455,2.37495231628418
bbag094_zeisel_cell_02457,5,5,2,6,26.764011,-11.09405,2456,2.37495231628418
bbag094_zeisel_cell_02458,5,5,7,9,16.508348,-6.617835,2457,2.37495231628418
bbag094_zeisel_cell_02459,5,5,7,9,16.46851,-6.6590796,2458,2.37495231628418
bbag094_zeisel_cell_02460,5,5,7,9,16.459124,-6.6683135,2459,2.367140531539917
bbag094_zeisel_cell_02461,5,5,7,9,16.513369,-6.6168213,2460,2.37495231628418
bbag094_zeisel_cell_02462,5,5,7,9,16.484737,-6.640633,2461,2.37495231628418
bbag094_zeisel_cell_02463,5,5,6,5,17.749968,-5.95818,2462,2.333316802978516
bbag094_zeisel_cell_02464,5,5,7,9,16.435629,-6.6980515,2463,2.37495231628418
bbag094_zeisel_cell_02465,5,5,7,9,16.467896,-6.66036,2464,2.37495231628418
bbag094_zeisel_cell_02466,5,5,7,9,16.421486,-6.7128444,2465,2.37495231628418
bbag094_zeisel_cell_02467,5,5,7,9,16.52881,-6.6105604,2466,2.37495231628418
bbag094_zeisel_cell_02468,5,5,7,9,16.455048,-6.668365,2467,2.37495231628418
bbag094_zeisel_cell_02469,5,5,7,9,16.44702,-6.6903896,2468,2.37495231628418
bbag094_zeisel_cell_02470,5,5,7,9,16.462296,-6.666102,2469,2.37495231628418
bbag094_zeisel_cell_02471,5,5,7,9,16.465384,-6.6661925,2470,2.37495231628418
bbag094_zeisel_cell_02472,5,5,10,unknown,15.923945,-11.426727,2471,2.37495231628418
bbag094_zeisel_cell_02473,5,5,7,9,16.485231,-6.642208,2472,2.3713207244873047
bbag094_zeisel_cell_02474,5,5,6,5,17.751003,-5.8319097,2473,1.6592979431152344
bbag094_zeisel_cell_02475,5,5,6,5,17.859827,-5.84709,2474,2.37495231628418
bbag094_zeisel_cell_02476,5,5,6,5,18.003153,-5.7838607,2475,2.302623987197876
bbag094_zeisel_cell_02477,5,5,6,5,18.193665,-5.9035945,2476,1.8663325309753416
bbag094_zeisel_cell_02478,5,5,6,5,18.242186,-5.884184,2477,1.717451810836792
bbag094_zeisel_cell_02479,5,5,6,5,17.83724,-5.802816,2478,1.7167869806289673
bbag094_zeisel_cell_02480,5,5,6,5,18.112787,-5.93478,2479,2.37495231628418
bbag094_zeisel_cell_02481,5,5,6,5,18.297037,-5.8260603,2480,1.6957155466079712
bbag094_zeisel_cell_02482,5,5,6,5,18.09301,-5.892703,2481,1.9716689586639404
bbag094_zeisel_cell_02483,5,5,6,5,18.158777,-5.7745256,2482,2.0776727199554443
bbag094_zeisel_cell_02484,5,5,6,5,18.03219,-5.830194,2483,2.148784637451172
bbag094_zeisel_cell_02485,5,5,6,5,17.802856,-5.781402,2484,1.9607954025268557
bbag094_zeisel_cell_02486,5,5,6,5,17.800137,-5.8970795,2485,2.349794864654541
bbag094_zeisel_cell_02487,5,5,6,5,18.246346,-5.891612,2486,2.230595111846924
bbag094_zeisel_cell_02488,5,5,6,5,18.037432,-6.0967827,2487,2.37495231628418
bbag094_zeisel_cell_02489,5,5,6,5,18.188759,-5.960509,2488,1.549216628074646
bbag094_zeisel_cell_02490,5,5,6,5,18.249401,-5.9134755,2489,2.006428003311157
bbag094_zeisel_cell_02491,5,5,6,5,18.212042,-5.9313254,2490,1.6434543132781982
bbag094_zeisel_cell_02492,5,5,6,5,18.094011,-6.083323,2491,1.681122064590454
bbag094_zeisel_cell_02493,5,5,6,5,18.192442,-5.935049,2492,2.0456130504608154
bbag094_zeisel_cell_02494,5,5,6,5,17.984343,-6.1014304,2493,1.915618062019348
bbag094_zeisel_cell_02495,5,5,6,5,18.088404,-6.0605474,2494,1.5223616361618042
bbag094_zeisel_cell_02496,5,5,6,5,17.809067,-6.229436,2495,2.37495231628418
bbag094_zeisel_cell_02497,5,5,6,5,18.08707,-6.151062,2496,1.83665931224823
bbag094_zeisel_cell_02498,5,5,6,5,18.158522,-6.0319004,2497,1.7179161310195925
bbag094_zeisel_cell_02499,5,5,6,5,17.835411,-6.0031056,2498,1.9561402797698972
bbag094_zeisel_cell_02500,5,5,6,5,18.017145,-6.206347,2499,2.354630947113037
bbag094_zeisel_cell_02501,5,5,6,5,18.244186,-5.991517,2500,1.674876093864441
bbag094_zeisel_cell_02502,5,5,6,5,17.830013,-5.993499,2501,1.5434497594833374
bbag094_zeisel_cell_02503,5,5,6,5,18.18377,-5.9589367,2502,1.6628563404083252
bbag094_zeisel_cell_02504,5,5,6,5,18.20428,-5.955006,2503,1.8223429918289185
bbag094_zeisel_cell_02505,5,5,6,5,18.214012,-5.994104,2504,1.7428027391433716
bbag094_zeisel_cell_02506,5,5,6,5,18.065264,-6.0544877,2505,1.6710808277130127
bbag094_zeisel_cell_02507,5,5,6,5,18.151777,-6.060348,2506,1.6972980499267578
bbag094_zeisel_cell_02508,5,5,6,5,18.16746,-6.0715103,2507,1.807661533355713
bbag094_zeisel_cell_02509,5,5,6,5,18.2569,-5.9607677,2508,1.6332968473434448
bbag094_zeisel_cell_02510,5,5,6,5,18.216356,-6.077279,2509,1.763882398605347
bbag094_zeisel_cell_02511,5,5,6,5,18.178919,-6.1284494,2510,2.37495231628418
bbag094_zeisel_cell_02512,5,5,6,5,18.07257,-6.039497,2511,2.37495231628418
bbag094_zeisel_cell_02513,5,5,6,5,17.96763,-6.2057137,2512,2.37495231628418
bbag094_zeisel_cell_02514,5,5,6,5,18.18438,-5.9776454,2513,1.6895841360092163
bbag094_zeisel_cell_02515,5,5,6,5,18.023594,-6.173557,2514,2.37495231628418
bbag094_zeisel_cell_02516,5,5,6,5,17.936163,-5.8598995,2515,1.7667425870895386
bbag094_zeisel_cell_02517,5,5,6,5,18.127226,-6.110258,2516,1.5637325048446655
bbag094_zeisel_cell_02518,5,5,6,5,18.141584,-6.146049,2517,1.6566967964172363
bbag094_zeisel_cell_02519,5,5,6,5,18.194683,-6.0199623,2518,1.5972745418548584
bbag094_zeisel_cell_02520,5,5,6,5,18.16546,-5.9478908,2519,2.2647666931152344
bbag094_zeisel_cell_02521,5,5,6,5,18.208717,-6.0710864,2520,1.6846896409988403
bbag094_zeisel_cell_02522,5,5,6,5,18.175043,-6.208693,2521,1.9071048498153689
bbag094_zeisel_cell_02523,5,5,6,5,17.984056,-6.1575656,2522,2.37495231628418
bbag094_zeisel_cell_02524,5,5,6,5,17.982819,-6.196782,2523,1.889150619506836
bbag094_zeisel_cell_02525,5,5,6,5,18.172705,-6.103966,2524,1.5613489151000977
bbag094_zeisel_cell_02526,5,5,6,5,18.101463,-6.1023164,2525,1.6900869607925415
bbag094_zeisel_cell_02527,5,5,6,5,18.23413,-6.121038,2526,1.5719212293624878
bbag094_zeisel_cell_02528,5,5,6,5,17.860453,-6.3175435,2527,2.37495231628418
bbag094_zeisel_cell_02529,5,5,2,6,23.816755,-11.327247,2528,2.37495231628418
bbag094_zeisel_cell_02530,5,5,6,5,17.787897,-5.91617,2529,2.279085874557495
bbag094_zeisel_cell_02531,5,5,6,5,17.894773,-6.1874228,2530,2.37495231628418
bbag094_zeisel_cell_02532,5,5,6,5,18.180511,-6.176436,2531,1.725575566291809
bbag094_zeisel_cell_02533,5,5,6,5,18.026934,-6.133835,2532,1.7004159688949585
bbag094_zeisel_cell_02534,5,5,6,5,18.265675,-6.013524,2533,2.37495231628418
bbag094_zeisel_cell_02535,5,5,6,5,18.206919,-6.124788,2534,1.6898598670959473
bbag094_zeisel_cell_02536,5,5,6,5,17.706202,-5.991062,2535,2.37495231628418
bbag094_zeisel_cell_02537,5,5,6,5,18.001474,-6.1418185,2536,1.7718430757522583
bbag094_zeisel_cell_02538,5,5,6,5,17.874874,-5.9168973,2537,1.8355495929718015
bbag094_zeisel_cell_02539,5,5,6,5,17.816519,-5.7789297,2538,1.6413384675979614
bbag094_zeisel_cell_02540,5,5,6,5,17.756868,-6.0067554,2539,2.37495231628418
bbag094_zeisel_cell_02541,5,5,6,5,18.098093,-6.1628237,2540,1.641707420349121
bbag094_zeisel_cell_02542,5,5,6,5,17.876139,-6.077843,2541,2.024796724319458
bbag094_zeisel_cell_02543,5,5,6,5,18.274172,-6.0277824,2542,1.8126485347747805
bbag094_zeisel_cell_02544,5,5,6,5,18.12604,-6.207849,2543,2.37495231628418
bbag094_zeisel_cell_02545,5,5,6,5,17.95557,-5.7692633,2544,2.111250400543213
bbag094_zeisel_cell_02546,5,5,6,5,17.717564,-5.847942,2545,2.186152458190918
bbag094_zeisel_cell_02547,5,5,6,5,17.805433,-6.014543,2546,2.37495231628418
bbag094_zeisel_cell_02548,6,6,2,6,25.415264,-11.531734,2547,1.3247694969177246
bbag094_zeisel_cell_02549,6,6,2,6,25.495834,-11.373387,2548,1.3077328205108645
bbag094_zeisel_cell_02550,6,6,2,6,25.321344,-11.580291,2549,1.5338172912597656
bbag094_zeisel_cell_02551,6,6,2,6,25.484648,-11.473261,2550,1.4787287712097168
bbag094_zeisel_cell_02552,6,6,2,6,25.48233,-11.011281,2551,1.806397795677185
bbag094_zeisel_cell_02553,6,6,2,6,25.494076,-11.006906,2552,1.6263422966003418
bbag094_zeisel_cell_02554,6,6,2,6,25.510065,-11.303382,2553,1.3858370780944824
bbag094_zeisel_cell_02555,6,6,2,6,26.476555,-11.026343,2554,1.0762388706207275
bbag094_zeisel_cell_02556,6,6,2,6,26.243765,-10.9773855,2555,1.5503485202789309
bbag094_zeisel_cell_02557,6,6,2,6,26.561607,-11.242739,2556,1.092723727226257
bbag094_zeisel_cell_02558,6,6,2,6,26.553724,-10.801038,2557,0.9576892256736756
bbag094_zeisel_cell_02559,6,6,2,6,26.348305,-11.098796,2558,1.0914640426635742
bbag094_zeisel_cell_02560,6,6,2,6,25.908434,-11.325296,2559,1.426803469657898
bbag094_zeisel_cell_02561,6,6,2,6,25.736753,-11.485361,2560,1.2652788162231443
bbag094_zeisel_cell_02562,6,6,2,6,25.798273,-11.44207,2561,1.159282088279724
bbag094_zeisel_cell_02563,6,6,2,6,25.500742,-11.56615,2562,1.9799288511276243
bbag094_zeisel_cell_02564,6,6,2,6,25.987087,-11.334547,2563,1.023419976234436
bbag094_zeisel_cell_02565,6,6,2,6,25.480753,-11.519531,2564,2.0473721027374268
bbag094_zeisel_cell_02566,6,6,2,6,25.609035,-11.489367,2565,1.5962474346160889
bbag094_zeisel_cell_02567,6,6,2,6,25.891706,-11.422038,2566,1.318463921546936
bbag094_zeisel_cell_02568,6,6,2,6,25.298288,-11.623793,2567,1.7136962413787842
bbag094_zeisel_cell_02569,6,6,2,6,26.34566,-10.927662,2568,1.383861064910889
bbag094_zeisel_cell_02570,6,6,2,6,26.999943,-10.896781,2569,1.8373411893844604
bbag094_zeisel_cell_02571,6,6,2,6,25.827282,-11.475794,2570,1.4733096361160278
bbag094_zeisel_cell_02572,6,6,2,6,26.278652,-10.957712,2571,1.13168203830719
bbag094_zeisel_cell_02573,6,6,2,6,25.87199,-11.443078,2572,1.0162371397018433
bbag094_zeisel_cell_02574,6,6,2,6,25.206417,-11.679002,2573,1.9323660135269165
bbag094_zeisel_cell_02575,6,6,2,6,26.572227,-11.04986,2574,1.08940327167511
bbag094_zeisel_cell_02576,6,6,2,6,26.467218,-10.925105,2575,1.312423825263977
bbag094_zeisel_cell_02577,6,6,2,6,26.605534,-11.163064,2576,1.0508991479873655
bbag094_zeisel_cell_02578,6,6,2,6,26.53135,-11.301137,2577,1.0426751375198364
bbag094_zeisel_cell_02579,6,6,2,6,26.76838,-10.612117,2578,1.449196696281433
bbag094_zeisel_cell_02580,6,6,2,6,26.719635,-11.181852,2579,0.9729853868484496
bbag094_zeisel_cell_02581,6,6,2,6,26.76081,-11.062653,2580,1.215047001838684
bbag094_zeisel_cell_02582,6,6,2,6,26.591286,-11.258587,2581,1.3946470022201538
bbag094_zeisel_cell_02583,6,6,2,6,26.817953,-11.042715,2582,1.0395009517669678
bbag094_zeisel_cell_02584,6,6,2,6,26.62399,-11.197211,2583,1.3345094919204712
bbag094_zeisel_cell_02585,6,6,2,6,26.65141,-11.227668,2584,1.0209254026412964
bbag094_zeisel_cell_02586,6,6,2,6,26.6845,-11.183675,2585,0.980818510055542
bbag094_zeisel_cell_02587,6,6,2,6,26.579128,-11.138451,2586,1.2552602291107178
bbag094_zeisel_cell_02588,6,6,2,6,26.788673,-11.069224,2587,1.1247190237045288
bbag094_zeisel_cell_02589,6,6,2,6,26.722574,-11.045917,2588,0.9898402094841005
bbag094_zeisel_cell_02590,6,6,2,6,26.88448,-11.021232,2589,1.2430864572525024
bbag094_zeisel_cell_02591,6,6,2,6,26.76923,-11.070098,2590,1.019683599472046
bbag094_zeisel_cell_02592,6,6,2,6,26.689451,-10.9980545,2591,1.6109086275100708
bbag094_zeisel_cell_02593,6,6,2,6,26.813046,-11.0037985,2592,1.7186006307601929
bbag094_zeisel_cell_02594,6,6,2,6,26.305613,-10.811294,2593,1.242281436920166
bbag094_zeisel_cell_02595,6,6,2,6,26.98825,-10.925727,2594,1.4170780181884766
bbag094_zeisel_cell_02596,6,6,2,6,26.853512,-11.003632,2595,0.991657257080078
bbag094_zeisel_cell_02597,6,6,2,6,26.925138,-11.012411,2596,1.4922672510147097
bbag094_zeisel_cell_02598,6,6,2,6,26.871021,-10.97452,2597,1.2410454750061035
bbag094_zeisel_cell_02599,6,6,2,6,26.90149,-11.019385,2598,0.9783639311790466
bbag094_zeisel_cell_02600,6,6,2,6,26.847061,-10.667848,2599,2.05629301071167
bbag094_zeisel_cell_02601,6,6,2,6,26.799715,-11.082258,2600,1.0882972478866575
bbag094_zeisel_cell_02602,6,6,2,6,25.55013,-11.41475,2601,1.6451934576034546
bbag094_zeisel_cell_02603,6,6,2,6,26.87001,-10.975564,2602,1.0680497884750366
bbag094_zeisel_cell_02604,6,6,2,6,26.944971,-10.780309,2603,1.6334346532821655
bbag094_zeisel_cell_02605,6,6,2,6,26.935339,-10.8980875,2604,1.4130146503448486
bbag094_zeisel_cell_02606,6,6,2,6,26.870949,-11.075342,2605,0.9757020473480223
bbag094_zeisel_cell_02607,6,6,2,6,26.890589,-10.929088,2606,0.8832677006721497
bbag094_zeisel_cell_02608,6,6,2,6,26.985683,-10.898841,2607,1.1756746768951416
bbag094_zeisel_cell_02609,6,6,2,6,26.957666,-10.905586,2608,1.0321530103683472
bbag094_zeisel_cell_02610,6,6,2,6,26.867598,-10.975279,2609,0.9765684604644777
bbag094_zeisel_cell_02611,6,6,2,6,26.937195,-10.955515,2610,1.5990631580352783
bbag094_zeisel_cell_02612,6,6,2,6,27.010792,-10.950701,2611,1.2529751062393188
bbag094_zeisel_cell_02613,6,6,2,6,26.94662,-10.848458,2612,0.9521860480308532
bbag094_zeisel_cell_02614,6,6,2,6,26.999659,-10.857153,2613,1.4778083562850952
bbag094_zeisel_cell_02615,6,6,2,6,26.888147,-10.869521,2614,1.1062352657318115
bbag094_zeisel_cell_02616,6,6,2,6,27.050638,-10.905266,2615,1.1829326152801514
bbag094_zeisel_cell_02617,6,6,2,6,27.01192,-10.8699,2616,1.020899534225464
bbag094_zeisel_cell_02618,6,6,2,6,26.91788,-10.910298,2617,1.2040956020355225
bbag094_zeisel_cell_02619,6,6,2,6,26.988644,-10.937914,2618,1.6267372369766235
bbag094_zeisel_cell_02620,6,6,2,6,26.875065,-11.027563,2619,1.2586230039596558
bbag094_zeisel_cell_02621,6,6,2,6,26.98323,-10.971915,2620,1.089868426322937
bbag094_zeisel_cell_02622,6,6,2,6,26.96929,-10.853131,2621,1.6343098878860474
bbag094_zeisel_cell_02623,6,6,2,6,26.969265,-10.8265915,2622,1.1498146057128906
bbag094_zeisel_cell_02624,6,6,2,6,26.931055,-10.924851,2623,1.026273488998413
bbag094_zeisel_cell_02625,6,6,2,6,26.992493,-10.845446,2624,1.028174638748169
bbag094_zeisel_cell_02626,6,6,2,6,26.94252,-10.820086,2625,0.9976919293403624
bbag094_zeisel_cell_02627,6,6,2,6,26.90341,-10.845355,2626,1.0734888315200806
bbag094_zeisel_cell_02628,6,6,2,6,26.698889,-10.817221,2627,1.1278026103973389
bbag094_zeisel_cell_02629,6,6,2,6,27.00428,-10.897901,2628,1.2415581941604614
bbag094_zeisel_cell_02630,6,6,2,6,26.087574,-11.337404,2629,1.6978967189788818
bbag094_zeisel_cell_02631,6,6,2,6,25.382471,-11.557284,2630,1.5224915742874146
bbag094_zeisel_cell_02632,6,6,2,6,27.01054,-10.884936,2631,1.0641738176345823
bbag094_zeisel_cell_02633,6,6,2,6,25.376247,-11.515874,2632,1.462022066116333
bbag094_zeisel_cell_02634,6,6,2,6,26.65623,-10.590717,2633,1.7081407308578491
bbag094_zeisel_cell_02635,6,6,2,6,25.738958,-11.185922,2634,1.4210057258605957
bbag094_zeisel_cell_02636,6,6,2,6,25.710741,-11.127461,2635,1.5902154445648191
bbag094_zeisel_cell_02637,6,6,2,6,25.550133,-11.137774,2636,1.4229888916015625
bbag094_zeisel_cell_02638,6,6,2,6,25.499699,-11.321474,2637,1.8649601936340328
bbag094_zeisel_cell_02639,6,6,2,6,25.512606,-11.179461,2638,1.624947428703308
bbag094_zeisel_cell_02640,6,6,2,6,25.541233,-11.275079,2639,1.4793850183486938
bbag094_zeisel_cell_02641,6,6,2,6,25.923553,-11.103507,2640,1.105723857879639
bbag094_zeisel_cell_02642,6,6,2,6,25.52133,-11.180373,2641,2.0098578929901123
bbag094_zeisel_cell_02643,6,6,2,6,25.633621,-11.246646,2642,1.2796952724456787
bbag094_zeisel_cell_02644,6,6,2,6,25.505548,-11.173204,2643,1.4783302545547483
bbag094_zeisel_cell_02645,6,6,2,6,25.483902,-11.188585,2644,2.0098578929901123
bbag094_zeisel_cell_02646,6,6,2,6,25.59302,-11.139317,2645,1.3084471225738523
bbag094_zeisel_cell_02647,6,6,2,6,25.517519,-11.122639,2646,1.5869873762130735
bbag094_zeisel_cell_02648,6,6,2,6,25.60693,-11.108867,2647,1.6533937454223633
bbag094_zeisel_cell_02649,6,6,2,6,25.516834,-11.136445,2648,1.5343971252441406
bbag094_zeisel_cell_02650,6,6,2,6,25.589201,-11.47966,2649,1.3599131107330322
bbag094_zeisel_cell_02651,6,6,2,6,25.295574,-10.965617,2650,1.8079067468643188
bbag094_zeisel_cell_02652,6,6,2,6,25.546274,-11.176625,2651,1.369696021080017
bbag094_zeisel_cell_02653,6,6,2,6,25.314573,-10.97159,2652,1.7778578996658323
bbag094_zeisel_cell_02654,6,6,2,6,25.421686,-11.0801525,2653,1.89764416217804
bbag094_zeisel_cell_02655,6,6,2,6,26.544847,-10.971211,2654,0.9783177375793456
bbag094_zeisel_cell_02656,6,6,2,6,25.570597,-10.540758,2655,1.8709267377853396
bbag094_zeisel_cell_02657,6,6,2,6,26.284418,-10.754721,2656,1.4214197397232056
bbag094_zeisel_cell_02658,6,6,2,6,26.10795,-10.709304,2657,1.7261885404586792
bbag094_zeisel_cell_02659,6,6,2,6,26.184385,-10.752423,2658,1.5221620798110962
bbag094_zeisel_cell_02660,6,6,2,6,26.115553,-10.881801,2659,1.5063581466674805
bbag094_zeisel_cell_02661,6,6,2,6,26.131714,-10.787801,2660,1.752223014831543
bbag094_zeisel_cell_02662,6,6,2,6,26.296394,-10.790682,2661,1.822706699371338
bbag094_zeisel_cell_02663,6,6,2,6,26.398766,-10.875583,2662,1.621719479560852
bbag094_zeisel_cell_02664,6,6,2,6,26.731947,-10.261343,2663,1.4354619979858398
bbag094_zeisel_cell_02665,6,6,2,6,26.617794,-10.335676,2664,1.825289726257324
bbag094_zeisel_cell_02666,6,6,2,6,26.725334,-10.214175,2665,1.6418464183807373
bbag094_zeisel_cell_02667,6,6,2,6,26.705128,-10.252292,2666,1.54123055934906
bbag094_zeisel_cell_02668,6,6,2,6,26.725632,-10.229652,2667,2.0342397689819336
bbag094_zeisel_cell_02669,6,6,2,6,26.706747,-10.207442,2668,1.392611384391785
bbag094_zeisel_cell_02670,6,6,2,6,26.719433,-10.205616,2669,1.7369716167449951
bbag094_zeisel_cell_02671,6,6,2,6,26.771088,-10.212333,2670,1.5222476720809937
bbag094_zeisel_cell_02672,6,6,2,6,26.76452,-10.341968,2671,1.8471014499664309
bbag094_zeisel_cell_02673,6,6,2,6,26.633814,-10.348537,2672,1.4305869340896606
bbag094_zeisel_cell_02674,6,6,2,6,26.744856,-10.229886,2673,1.9070496559143064
bbag094_zeisel_cell_02675,6,6,2,6,26.730818,-10.279971,2674,1.7552720308303833
bbag094_zeisel_cell_02676,6,6,2,6,26.587986,-10.28301,2675,1.6359213590621948
bbag094_zeisel_cell_02677,6,6,2,6,26.670185,-10.32607,2676,1.415859580039978
bbag094_zeisel_cell_02678,6,6,2,6,26.67767,-10.287417,2677,1.7981730699539185
bbag094_zeisel_cell_02679,6,6,2,6,26.615145,-10.297951,2678,1.637725591659546
bbag094_zeisel_cell_02680,6,6,2,6,26.603554,-10.869392,2679,1.2056859731674194
bbag094_zeisel_cell_02681,6,6,2,6,26.65242,-10.272719,2680,1.5234363079071045
bbag094_zeisel_cell_02682,6,6,2,6,26.754086,-10.391121,2681,1.912203550338745
bbag094_zeisel_cell_02683,6,6,2,6,26.6871,-10.478804,2682,1.3899908065795898
bbag094_zeisel_cell_02684,6,6,2,6,26.411116,-10.358144,2683,2.0098578929901123
bbag094_zeisel_cell_02685,6,6,2,6,26.59626,-11.139291,2684,0.9645732045173644
bbag094_zeisel_cell_02686,6,6,2,6,25.665287,-11.068316,2685,1.321099042892456
bbag094_zeisel_cell_02687,6,6,2,6,26.604324,-10.746315,2686,1.4837275743484497
bbag094_zeisel_cell_02688,6,6,2,6,26.651894,-11.192334,2687,1.0897620916366575
bbag094_zeisel_cell_02689,6,6,2,6,26.556744,-10.377101,2688,1.833316445350647
bbag094_zeisel_cell_02690,6,6,2,6,26.727552,-10.205758,2689,1.6930177211761477
bbag094_zeisel_cell_02691,6,6,2,6,25.710287,-11.065822,2690,1.6626992225646973
bbag094_zeisel_cell_02692,6,6,2,6,26.689531,-10.22213,2691,2.05629301071167
bbag094_zeisel_cell_02693,6,6,2,6,26.776882,-10.136124,2692,1.4293739795684814
bbag094_zeisel_cell_02694,6,6,2,6,26.294392,-10.549535,2693,1.2047563791275024
bbag094_zeisel_cell_02695,6,6,2,6,26.70488,-10.222819,2694,1.2903131246566772
bbag094_zeisel_cell_02696,6,6,2,6,26.767206,-11.006997,2695,1.0809024572372437
bbag094_zeisel_cell_02697,6,6,2,6,26.28669,-10.890419,2696,1.173437237739563
bbag094_zeisel_cell_02698,6,6,2,6,26.554176,-10.4491625,2697,1.4767589569091797
bbag094_zeisel_cell_02699,6,6,2,6,26.530363,-10.507971,2698,1.3689701557159424
bbag094_zeisel_cell_02700,6,6,2,6,26.395844,-10.52441,2699,1.949291706085205
bbag094_zeisel_cell_02701,6,6,2,6,26.101843,-10.713158,2700,2.2773170471191406
bbag094_zeisel_cell_02702,6,6,5,7,18.807981,-13.055588,2701,1.99812114238739
bbag094_zeisel_cell_02703,6,6,2,6,26.343138,-11.129226,2702,1.643859624862671
bbag094_zeisel_cell_02704,6,6,2,6,26.321394,-10.698876,2703,1.6464214324951172
bbag094_zeisel_cell_02705,6,6,2,6,24.027748,-11.658952,2704,2.0098578929901123
bbag094_zeisel_cell_02706,6,6,2,6,26.226494,-10.827541,2705,1.489619493484497
bbag094_zeisel_cell_02707,6,6,2,6,25.815586,-10.56061,2706,1.976201415061951
bbag094_zeisel_cell_02708,6,6,2,6,24.055992,-11.641251,2707,2.0098578929901123
bbag094_zeisel_cell_02709,6,6,2,6,26.642689,-11.189859,2708,2.044769287109375
bbag094_zeisel_cell_02710,6,6,2,6,26.812181,-10.935259,2709,1.2518174648284912
bbag094_zeisel_cell_02711,6,6,2,6,27.015596,-10.830762,2710,0.9697431921958924
bbag094_zeisel_cell_02712,6,6,2,6,26.679752,-11.217447,2711,1.0561776161193848
bbag094_zeisel_cell_02713,6,6,2,6,26.922796,-11.022725,2712,0.926965355873108
bbag094_zeisel_cell_02714,6,6,2,6,26.203436,-10.825046,2713,1.580155611038208
bbag094_zeisel_cell_02715,6,6,2,6,26.69645,-10.731821,2714,1.151934266090393
bbag094_zeisel_cell_02716,6,6,2,6,26.598671,-10.337987,2715,1.383621335029602
bbag094_zeisel_cell_02717,6,6,2,6,26.439503,-10.4703,2716,1.7448216676712036
bbag094_zeisel_cell_02718,6,6,2,6,26.503386,-10.76035,2717,1.118962287902832
bbag094_zeisel_cell_02719,6,6,2,6,26.848232,-10.815822,2718,1.1050430536270142
bbag094_zeisel_cell_02720,6,6,2,6,26.458572,-10.793686,2719,1.2419219017028809
bbag094_zeisel_cell_02721,6,6,2,6,26.587833,-10.577543,2720,1.682172775268555
bbag094_zeisel_cell_02722,6,6,2,6,26.581835,-10.278559,2721,2.0098578929901123
bbag094_zeisel_cell_02723,7,7,5,7,17.475586,-15.167993,2722,0.9940767288208008
bbag094_zeisel_cell_02724,7,7,5,7,17.488575,-15.375132,2723,0.8700371384620667
bbag094_zeisel_cell_02725,7,7,5,7,17.474733,-15.164131,2724,0.8147768974304199
bbag094_zeisel_cell_02726,7,7,5,7,17.505756,-15.218375,2725,0.6947829127311707
bbag094_zeisel_cell_02727,7,7,5,7,17.458399,-15.230108,2726,0.9775450825691224
bbag094_zeisel_cell_02728,7,7,5,7,17.513802,-15.284736,2727,0.6708945035934448
bbag094_zeisel_cell_02729,7,7,5,7,17.570494,-15.088157,2728,0.8733993768692017
bbag094_zeisel_cell_02730,7,7,5,7,17.609146,-15.197412,2729,0.6449363231658936
bbag094_zeisel_cell_02731,7,7,5,7,17.554956,-15.298519,2730,0.6705483794212341
bbag094_zeisel_cell_02732,7,7,5,7,17.520395,-15.354584,2731,1.091662883758545
bbag094_zeisel_cell_02733,7,7,5,7,17.943428,-15.64851,2732,1.6640444993972778
bbag094_zeisel_cell_02734,7,7,5,7,18.141294,-15.221996,2733,1.2349443435668943
bbag094_zeisel_cell_02735,7,7,5,7,17.693624,-15.678461,2734,0.7063881754875183
bbag094_zeisel_cell_02736,7,7,5,7,17.59358,-15.544173,2735,0.924560844898224
bbag094_zeisel_cell_02737,7,7,5,7,17.599699,-15.521052,2736,0.9292332530021667
bbag094_zeisel_cell_02738,7,7,5,7,17.630655,-15.749032,2737,1.1946635246276855
bbag094_zeisel_cell_02739,7,7,5,7,17.64611,-15.720267,2738,1.034685492515564
bbag094_zeisel_cell_02740,7,7,5,7,17.65909,-15.755283,2739,0.9452721476554872
bbag094_zeisel_cell_02741,7,7,5,7,17.658367,-15.752794,2740,1.4674034118652344
bbag094_zeisel_cell_02742,7,7,5,7,17.703669,-15.752979,2741,0.9582176804542542
bbag094_zeisel_cell_02743,7,7,5,7,17.785358,-15.763667,2742,0.9935048818588256
bbag094_zeisel_cell_02744,7,7,5,7,17.728636,-15.758149,2743,0.7974970936775208
bbag094_zeisel_cell_02745,7,7,5,7,17.741196,-15.606558,2744,0.7073100209236145
bbag094_zeisel_cell_02746,7,7,5,7,17.717146,-15.72598,2745,0.7562527060508728
bbag094_zeisel_cell_02747,7,7,5,7,17.674091,-15.778954,2746,0.827297568321228
bbag094_zeisel_cell_02748,7,7,5,7,18.132204,-15.375984,2747,0.7371426224708557
bbag094_zeisel_cell_02749,7,7,5,7,17.770613,-15.753422,2748,0.7926337718963623
bbag094_zeisel_cell_02750,7,7,5,7,17.813059,-15.656529,2749,0.6069021821022034
bbag094_zeisel_cell_02751,7,7,5,7,17.701591,-15.785608,2750,0.811375617980957
bbag094_zeisel_cell_02752,7,7,5,7,18.243362,-15.389262,2751,2.0098578929901123
bbag094_zeisel_cell_02753,7,7,5,7,17.87017,-15.730878,2752,0.7482587695121765
bbag094_zeisel_cell_02754,7,7,5,7,17.752092,-15.7873125,2753,0.6510254740715027
bbag094_zeisel_cell_02755,7,7,5,7,18.033897,-15.49797,2754,0.5899208188056946
bbag094_zeisel_cell_02756,7,7,5,7,18.254139,-15.3666315,2755,1.7739120721817017
bbag094_zeisel_cell_02757,7,7,5,7,17.889263,-15.600253,2756,1.1809700727462769
bbag094_zeisel_cell_02758,7,7,5,7,17.756552,-15.076498,2757,0.5991439819335938
bbag094_zeisel_cell_02759,7,7,5,7,17.750166,-15.336861,2758,0.7343177795410156
bbag094_zeisel_cell_02760,7,7,5,7,17.829529,-15.638676,2759,0.6324433088302612
bbag094_zeisel_cell_02761,7,7,5,7,18.347069,-15.339039,2760,1.578434705734253
bbag094_zeisel_cell_02762,7,7,5,7,17.877615,-15.478988,2761,0.5594432353973389
bbag094_zeisel_cell_02763,7,7,5,7,17.742779,-15.721959,2762,0.6785262227058411
bbag094_zeisel_cell_02764,7,7,5,7,17.93594,-15.484257,2763,1.2529757022857666
bbag094_zeisel_cell_02765,7,7,5,7,17.7507,-15.237584,2764,0.9330967664718628
bbag094_zeisel_cell_02766,7,7,5,7,17.841772,-15.725244,2765,0.7727818489074707
bbag094_zeisel_cell_02767,7,7,5,7,18.157877,-15.486074,2766,0.7916733026504517
bbag094_zeisel_cell_02768,7,7,5,7,17.782673,-15.48148,2767,0.6246107220649719
bbag094_zeisel_cell_02769,7,7,5,7,18.133371,-15.52822,2768,1.7916724681854248
bbag094_zeisel_cell_02770,7,7,5,7,18.024395,-15.655815,2769,0.7411865592002869
bbag094_zeisel_cell_02771,7,7,5,7,18.062359,-15.611445,2770,0.6029420495033264
bbag094_zeisel_cell_02772,7,7,5,7,17.994276,-15.651117,2771,0.6833750605583191
bbag094_zeisel_cell_02773,7,7,5,7,18.073366,-15.512414,2772,0.8512942790985107
bbag094_zeisel_cell_02774,7,7,5,7,18.067192,-15.541309,2773,0.6136180758476257
bbag094_zeisel_cell_02775,7,7,5,7,18.0003,-15.605036,2774,0.5862215161323547
bbag094_zeisel_cell_02776,7,7,5,7,18.126724,-15.503021,2775,0.9073551297187804
bbag094_zeisel_cell_02777,7,7,5,7,18.0503,-15.627254,2776,0.7636296153068542
bbag094_zeisel_cell_02778,7,7,2,6,23.96184,-12.252389,2777,2.0098578929901123
bbag094_zeisel_cell_02779,7,7,5,7,18.381596,-15.344707,2778,1.8887524604797363
bbag094_zeisel_cell_02780,7,7,5,7,17.97031,-15.687331,2779,0.841865062713623
bbag094_zeisel_cell_02781,7,7,5,7,18.014011,-15.638902,2780,0.7696095705032349
bbag094_zeisel_cell_02782,7,7,5,7,18.219988,-15.439786,2781,1.8829172849655151
bbag094_zeisel_cell_02783,7,7,5,7,18.167492,-15.096444,2782,1.530595064163208
bbag094_zeisel_cell_02784,7,7,5,7,17.876411,-15.65685,2783,0.6346304416656494
bbag094_zeisel_cell_02785,7,7,5,7,18.364101,-15.362868,2784,1.178618311882019
bbag094_zeisel_cell_02786,7,7,5,7,18.124058,-15.557098,2785,0.6176235675811768
bbag094_zeisel_cell_02787,7,7,5,7,18.086798,-15.564515,2786,0.8683629631996155
bbag094_zeisel_cell_02788,7,7,5,7,18.085552,-15.5066395,2787,0.7106280326843262
bbag094_zeisel_cell_02789,7,7,5,7,18.1753,-15.535132,2788,2.0098578929901123
bbag094_zeisel_cell_02790,7,7,5,7,18.16015,-15.511885,2789,1.5964200496673584
bbag094_zeisel_cell_02791,7,7,5,7,18.152615,-15.498517,2790,1.1604076623916626
bbag094_zeisel_cell_02792,7,7,5,7,18.134897,-15.53711,2791,0.753710925579071
bbag094_zeisel_cell_02793,7,7,5,7,17.922026,-15.358771,2792,0.8028693795204163
bbag094_zeisel_cell_02794,7,7,5,7,18.110567,-15.560118,2793,0.7651006579399109
bbag094_zeisel_cell_02795,7,7,5,7,18.086708,-15.586023,2794,0.888238251209259
bbag094_zeisel_cell_02796,7,7,5,7,23.778545,-12.398431,2795,1.858163595199585
bbag094_zeisel_cell_02797,7,7,5,7,17.522009,-15.248584,2796,0.6710553169250488
bbag094_zeisel_cell_02798,7,7,5,7,17.840908,-15.59285,2797,0.6342761516571045
bbag094_zeisel_cell_02799,7,7,5,7,17.73416,-15.222184,2798,0.8438447713851929
bbag094_zeisel_cell_02800,7,7,5,7,17.825163,-15.186239,2799,0.979451596736908
bbag094_zeisel_cell_02801,7,7,5,7,17.900211,-15.357802,2800,0.6523864269256592
bbag094_zeisel_cell_02802,7,7,1,4,16.848991,-13.522487,2801,1.028199553489685
bbag094_zeisel_cell_02803,7,7,5,7,17.68838,-15.037338,2802,1.0760016441345217
bbag094_zeisel_cell_02804,7,7,5,7,17.729387,-15.027188,2803,0.6520450711250305
bbag094_zeisel_cell_02805,7,7,5,7,17.648506,-15.07045,2804,0.6462051868438721
bbag094_zeisel_cell_02806,7,7,5,7,17.753017,-14.8118305,2805,0.5946031212806702
bbag094_zeisel_cell_02807,7,7,5,7,17.506563,-15.128766,2806,0.7570241093635559
bbag094_zeisel_cell_02808,7,7,1,4,16.781027,-13.446015,2807,1.56754732131958
bbag094_zeisel_cell_02809,7,7,5,7,17.682734,-14.917811,2808,0.8972377777099609
bbag094_zeisel_cell_02810,7,7,5,7,17.533268,-15.085004,2809,0.7084524035453796
bbag094_zeisel_cell_02811,7,7,5,7,17.59304,-14.84984,2810,0.6460925340652466
bbag094_zeisel_cell_02812,7,7,5,7,17.596893,-14.978765,2811,0.6968343257904053
bbag094_zeisel_cell_02813,7,7,5,7,17.877544,-14.4911785,2812,0.7167730331420898
bbag094_zeisel_cell_02814,7,7,5,7,17.85671,-14.552503,2813,0.6454072594642639
bbag094_zeisel_cell_02815,7,7,5,7,17.624372,-14.62031,2814,0.992727756500244
bbag094_zeisel_cell_02816,7,7,1,4,16.822174,-13.47539,2815,2.37495231628418
bbag094_zeisel_cell_02817,7,7,1,4,16.702267,-13.416359,2816,2.1031839847564697
bbag094_zeisel_cell_02818,7,7,5,7,17.585405,-14.500706,2817,0.6584320068359375
bbag094_zeisel_cell_02819,7,7,5,7,17.9071,-14.321826,2818,0.6061051487922668
bbag094_zeisel_cell_02820,7,7,5,7,17.898354,-14.243426,2819,0.6895832419395447
bbag094_zeisel_cell_02821,7,7,5,7,17.661911,-14.327881,2820,0.8715384602546692
bbag094_zeisel_cell_02822,7,7,2,6,24.05781,-12.254278,2821,2.0098578929901123
bbag094_zeisel_cell_02823,7,7,5,7,17.528193,-14.17068,2822,1.0022525787353516
bbag094_zeisel_cell_02824,7,7,5,7,17.774887,-14.370973,2823,1.0562574863433838
bbag094_zeisel_cell_02825,7,7,5,7,17.624128,-14.26688,2824,1.0049779415130615
bbag094_zeisel_cell_02826,7,7,5,7,17.715824,-14.515808,2825,0.6633394956588745
bbag094_zeisel_cell_02827,7,7,5,7,17.818842,-14.231922,2826,0.9631940722465516
bbag094_zeisel_cell_02828,7,7,5,7,17.589035,-14.287178,2827,0.5803937911987305
bbag094_zeisel_cell_02829,7,7,5,7,17.973198,-14.230869,2828,1.1625386476516724
bbag094_zeisel_cell_02830,7,7,1,4,16.820045,-13.484451,2829,1.157629132270813
bbag094_zeisel_cell_02831,7,7,5,7,17.626766,-14.387335,2830,0.734244167804718
bbag094_zeisel_cell_02832,7,7,5,7,17.821474,-14.179874,2831,1.759347915649414
bbag094_zeisel_cell_02833,7,7,5,7,17.865355,-14.259957,2832,0.7605396509170532
bbag094_zeisel_cell_02834,7,7,5,7,17.656574,-14.270565,2833,0.7638257741928101
bbag094_zeisel_cell_02835,7,7,5,7,17.601198,-14.310791,2834,1.075422286987305
bbag094_zeisel_cell_02836,7,7,5,7,17.651094,-14.691669,2835,0.8468623161315918
bbag094_zeisel_cell_02837,7,7,5,7,17.614933,-14.30612,2836,0.6945672035217285
bbag094_zeisel_cell_02838,7,7,5,7,17.637466,-14.238119,2837,0.7834093570709229
bbag094_zeisel_cell_02839,7,7,5,7,17.747667,-14.213095,2838,0.7048555612564087
bbag094_zeisel_cell_02840,7,7,5,7,17.810896,-14.260159,2839,0.9196627736091614
bbag094_zeisel_cell_02841,7,7,5,7,17.39968,-14.026047,2840,0.7451627254486084
bbag094_zeisel_cell_02842,7,7,7,9,16.531145,-6.606903,2841,2.3377037048339844
bbag094_zeisel_cell_02843,7,7,5,7,17.687513,-14.242957,2842,0.5539244413375854
bbag094_zeisel_cell_02844,7,7,5,7,17.624403,-14.305468,2843,2.0098578929901123
bbag094_zeisel_cell_02845,7,7,5,7,17.816774,-14.336241,2844,0.6485952734947205
bbag094_zeisel_cell_02846,7,7,5,7,17.50607,-14.351582,2845,0.7325037717819214
bbag094_zeisel_cell_02847,7,7,5,7,17.802452,-14.206095,2846,1.412907958030701
bbag094_zeisel_cell_02848,7,7,5,7,17.877834,-14.156211,2847,0.5954393148422241
bbag094_zeisel_cell_02849,7,7,5,7,18.060633,-14.235939,2848,0.9531058073043824
bbag094_zeisel_cell_02850,7,7,2,6,23.714094,-11.38691,2849,2.0098578929901123
bbag094_zeisel_cell_02851,7,7,5,7,17.541311,-14.516624,2850,0.6962473392486572
bbag094_zeisel_cell_02852,7,7,5,7,17.964071,-14.441801,2851,0.8072313070297241
bbag094_zeisel_cell_02853,7,7,5,7,17.735462,-14.308145,2852,0.9621997475624084
bbag094_zeisel_cell_02854,7,7,5,7,17.99771,-14.274582,2853,0.9365817904472352
bbag094_zeisel_cell_02855,7,7,5,7,17.51172,-14.309171,2854,0.6588975787162781
bbag094_zeisel_cell_02856,7,7,2,6,26.749454,-11.087454,2855,1.8866677284240725
bbag094_zeisel_cell_02857,7,7,5,7,17.562233,-14.266698,2856,0.6490254402160645
bbag094_zeisel_cell_02858,7,7,2,6,26.239075,-11.122394,2857,1.7341630458831787
bbag094_zeisel_cell_02859,7,7,5,7,17.40966,-14.315049,2858,0.7396518588066101
bbag094_zeisel_cell_02860,7,7,5,7,17.503988,-14.066926,2859,0.8526321053504944
bbag094_zeisel_cell_02861,7,7,5,7,17.684572,-14.235546,2860,1.0519959926605225
bbag094_zeisel_cell_02862,7,7,5,7,18.179409,-13.587118,2861,0.9264519810676576
bbag094_zeisel_cell_02863,7,7,5,7,17.490448,-14.368555,2862,0.7620759606361389
bbag094_zeisel_cell_02864,7,7,5,7,17.539015,-14.222691,2863,0.70771723985672
bbag094_zeisel_cell_02865,7,7,5,7,17.60566,-14.20739,2864,0.6894304156303406
bbag094_zeisel_cell_02866,7,7,2,6,26.018272,-11.137432,2865,1.9782828092575075
bbag094_zeisel_cell_02867,7,7,5,7,17.492756,-14.296223,2866,0.7001116275787354
bbag094_zeisel_cell_02868,7,7,5,7,17.085379,-13.722628,2867,1.054452419281006
bbag094_zeisel_cell_02869,7,7,5,7,17.519678,-14.537333,2868,2.37495231628418
bbag094_zeisel_cell_02870,7,7,2,6,24.0217,-12.212499,2869,2.0098578929901123
bbag094_zeisel_cell_02871,7,7,5,7,17.5992,-14.367942,2870,0.8794265389442444
bbag094_zeisel_cell_02872,7,7,5,7,17.491095,-14.456978,2871,1.0098824501037598
bbag094_zeisel_cell_02873,7,7,5,7,17.474586,-14.382249,2872,0.9666637778282166
bbag094_zeisel_cell_02874,7,7,5,7,17.451424,-14.478873,2873,1.1165530681610107
bbag094_zeisel_cell_02875,7,7,5,7,17.484236,-14.440741,2874,0.6440623998641968
bbag094_zeisel_cell_02876,7,7,5,7,17.501379,-14.790219,2875,0.8640509843826294
bbag094_zeisel_cell_02877,7,7,5,7,17.6503,-14.424532,2876,1.104780912399292
bbag094_zeisel_cell_02878,7,7,5,7,17.486937,-14.424319,2877,0.8575278520584106
bbag094_zeisel_cell_02879,7,7,5,7,17.450493,-14.521152,2878,1.0947118997573853
bbag094_zeisel_cell_02880,7,7,5,7,17.480616,-15.016641,2879,1.0782006978988647
bbag094_zeisel_cell_02881,7,7,5,7,17.455917,-14.716711,2880,1.1986281871795654
bbag094_zeisel_cell_02882,7,7,5,7,17.484312,-14.608174,2881,1.0532009601593018
bbag094_zeisel_cell_02883,7,7,5,7,17.42565,-15.0711975,2882,1.0573910474777222
bbag094_zeisel_cell_02884,7,7,5,7,17.464725,-15.131648,2883,0.9806047677993774
bbag094_zeisel_cell_02885,7,7,5,7,18.120203,-14.057489,2884,0.7317985892295837
bbag094_zeisel_cell_02886,7,7,9,8,10.081274,-9.347938,2885,3.0590591430664062
bbag094_zeisel_cell_02887,7,7,2,6,26.200726,-10.948034,2886,1.381638526916504
bbag094_zeisel_cell_02888,7,7,5,7,17.297634,-13.089169,2887,2.125306367874145
bbag094_zeisel_cell_02889,7,7,5,7,18.528666,-13.164199,2888,2.0277862548828125
bbag094_zeisel_cell_02890,7,7,5,7,18.371336,-13.744391,2889,0.9546840190887452
bbag094_zeisel_cell_02891,7,7,5,7,17.771019,-14.233302,2890,0.6270745992660522
bbag094_zeisel_cell_02892,7,7,5,7,18.061743,-13.980628,2891,0.8044299483299255
bbag094_zeisel_cell_02893,7,7,2,6,26.265512,-10.7578745,2892,1.755224585533142
bbag094_zeisel_cell_02894,7,7,5,7,18.54834,-13.741322,2893,1.4587031602859497
bbag094_zeisel_cell_02895,7,7,5,7,18.271538,-14.594809,2894,1.5979247093200684
bbag094_zeisel_cell_02896,7,7,5,7,18.525476,-13.495623,2895,1.116664171218872
bbag094_zeisel_cell_02897,7,7,4,1,1.2796936,-5.703751,2896,1.8061330318450928
bbag094_zeisel_cell_02898,7,7,5,7,18.058426,-14.30492,2897,1.8969602584838867
bbag094_zeisel_cell_02899,7,7,5,7,18.55353,-13.991126,2898,1.0320204496383667
bbag094_zeisel_cell_02900,7,7,5,7,18.213139,-14.115214,2899,0.9881044030189514
bbag094_zeisel_cell_02901,7,7,5,7,17.791035,-14.927313,2900,1.0464016199111938
bbag094_zeisel_cell_02902,7,7,5,7,18.588348,-14.042172,2901,1.2192813158035278
bbag094_zeisel_cell_02903,7,7,5,7,17.778456,-14.193924,2902,0.5690575838088989
bbag094_zeisel_cell_02904,7,7,5,7,18.46876,-13.163913,2903,1.5432549715042114
bbag094_zeisel_cell_02905,7,7,5,7,18.518585,-13.1279125,2904,1.463016152381897
bbag094_zeisel_cell_02906,7,7,5,7,16.968824,-13.372996,2905,1.0200474262237549
bbag094_zeisel_cell_02907,7,7,5,7,18.254532,-15.0094185,2906,0.9520756602287292
bbag094_zeisel_cell_02908,7,7,5,7,17.769867,-14.38731,2907,0.6198817491531372
bbag094_zeisel_cell_02909,7,7,5,7,18.507671,-13.640172,2908,1.473110318183899
bbag094_zeisel_cell_02910,7,7,5,7,17.529663,-13.473992,2909,2.0098578929901123
bbag094_zeisel_cell_02911,7,7,2,6,26.65164,-11.058594,2910,1.6646510362625122
bbag094_zeisel_cell_02912,7,7,5,7,17.640491,-14.447837,2911,0.7813090682029724
bbag094_zeisel_cell_02913,7,7,5,7,17.3909,-13.127356,2912,1.0258195400238037
bbag094_zeisel_cell_02914,7,7,5,7,18.785398,-13.098738,2913,1.813754200935364
bbag094_zeisel_cell_02915,7,7,5,7,18.731916,-13.150604,2914,2.062971353530884
bbag094_zeisel_cell_02916,7,7,5,7,17.9732,-14.266621,2915,0.693838894367218
bbag094_zeisel_cell_02917,7,7,1,4,16.799135,-13.58231,2916,1.5102148056030271
bbag094_zeisel_cell_02918,7,7,5,7,17.865112,-14.231062,2917,0.6738827228546143
bbag094_zeisel_cell_02919,7,7,5,7,18.199162,-14.441928,2918,2.0098578929901123
bbag094_zeisel_cell_02920,7,7,5,7,18.306364,-13.513791,2919,1.8782601356506348
bbag094_zeisel_cell_02921,8,8,5,7,18.25314,-13.804999,2920,0.9602335691452026
bbag094_zeisel_cell_02922,8,8,9,8,10.084914,-9.345158,2921,3.0590591430664062
bbag094_zeisel_cell_02923,8,8,9,8,10.044481,-9.386292,2922,3.0590591430664062
bbag094_zeisel_cell_02924,8,8,9,8,10.121238,-9.3078785,2923,3.047860860824585
bbag094_zeisel_cell_02925,8,8,9,8,10.055738,-9.378169,2924,3.0590591430664062
bbag094_zeisel_cell_02926,8,8,9,8,10.103864,-9.327754,2925,2.642503023147583
bbag094_zeisel_cell_02927,8,8,9,8,10.077994,-9.351828,2926,3.022221803665161
bbag094_zeisel_cell_02928,8,8,9,8,10.064138,-9.366543,2927,3.00058388710022
bbag094_zeisel_cell_02929,8,8,9,8,10.043912,-9.389375,2928,3.050199031829834
bbag094_zeisel_cell_02930,8,8,9,8,10.037724,-9.394909,2929,2.859200954437256
bbag094_zeisel_cell_02931,8,8,9,8,10.120118,-9.307806,2930,3.0590591430664062
bbag094_zeisel_cell_02932,8,8,9,8,10.139416,-9.290167,2931,3.0590591430664062
bbag094_zeisel_cell_02933,8,8,9,8,10.1354685,-9.288009,2932,3.0590591430664062
bbag094_zeisel_cell_02934,8,8,9,8,10.055561,-9.376354,2933,2.951950788497925
bbag094_zeisel_cell_02935,8,8,9,8,10.168556,-9.259996,2934,2.99470329284668
bbag094_zeisel_cell_02936,8,8,9,8,10.074876,-9.355571,2935,3.0590591430664062
bbag094_zeisel_cell_02937,8,8,2,6,23.942343,-11.541836,2936,2.0098578929901123
bbag094_zeisel_cell_02938,8,8,10,unknown,15.880339,-11.44754,2937,2.0098578929901123
bbag094_zeisel_cell_02939,8,8,10,unknown,15.885588,-11.454161,2938,2.0098578929901123
bbag094_zeisel_cell_02940,8,8,10,unknown,15.860121,-11.420699,2939,2.0098578929901123
bbag094_zeisel_cell_02941,8,8,5,7,18.008907,-13.992234,2940,0.7994709610939026
bbag094_zeisel_cell_02942,8,8,1,4,17.077824,-13.125225,2941,1.0361591577529907
bbag094_zeisel_cell_02943,8,8,1,4,17.00285,-13.014231,2942,0.8201159238815308
bbag094_zeisel_cell_02944,8,8,1,4,17.17378,-13.158413,2943,0.9243636727333068
bbag094_zeisel_cell_02945,8,8,5,7,18.418371,-13.414673,2944,1.9940948486328125
bbag094_zeisel_cell_02946,8,8,5,7,18.44495,-13.599303,2945,1.1706125736236572
bbag094_zeisel_cell_02947,9,9,2,6,25.209337,-11.677294,2946,1.2856444120407104
bbag094_zeisel_cell_02948,9,9,2,6,24.466768,-12.187656,2947,1.4692392349243164
bbag094_zeisel_cell_02949,9,9,2,6,24.567873,-12.12309,2948,1.247956156730652
bbag094_zeisel_cell_02950,9,9,2,6,24.454575,-12.144146,2949,1.7020301818847656
bbag094_zeisel_cell_02951,9,9,2,6,25.115295,-11.713619,2950,1.4703302383422852
bbag094_zeisel_cell_02952,9,9,2,6,24.585138,-12.08494,2951,1.5695081949234009
bbag094_zeisel_cell_02953,9,9,2,6,24.614092,-12.157016,2952,1.2659238576889038
bbag094_zeisel_cell_02954,9,9,2,6,24.515768,-12.129776,2953,1.5525909662246704
bbag094_zeisel_cell_02955,9,9,2,6,24.317553,-12.216525,2954,2.0098578929901123
bbag094_zeisel_cell_02956,9,9,2,6,25.187685,-11.637404,2955,1.736925721168518
bbag094_zeisel_cell_02957,9,9,2,6,24.521729,-12.137032,2956,1.344845175743103
bbag094_zeisel_cell_02958,9,9,2,6,24.609499,-12.182238,2957,1.515273928642273
bbag094_zeisel_cell_02959,9,9,2,6,24.443909,-12.100159,2958,1.916636824607849
bbag094_zeisel_cell_02960,9,9,2,6,24.616796,-12.201608,2959,1.6381973028182983
bbag094_zeisel_cell_02961,9,9,2,6,24.061705,-12.195282,2960,1.9030935764312744
bbag094_zeisel_cell_02962,9,9,2,6,24.6185,-12.1534815,2961,1.88343346118927
bbag094_zeisel_cell_02963,9,9,2,6,24.574503,-12.159055,2962,1.265673041343689
bbag094_zeisel_cell_02964,9,9,2,6,24.679867,-12.281047,2963,1.7450815439224243
bbag094_zeisel_cell_02965,9,9,2,6,24.663141,-12.214628,2964,2.0098578929901123
bbag094_zeisel_cell_02966,9,9,2,6,24.616877,-12.211981,2965,2.37495231628418
bbag094_zeisel_cell_02967,9,9,2,6,24.640512,-12.229432,2966,1.3379433155059814
bbag094_zeisel_cell_02968,9,9,2,6,24.567293,-12.171393,2967,1.3463969230651855
bbag094_zeisel_cell_02969,9,9,2,6,24.635462,-12.221197,2968,1.4038610458374023
bbag094_zeisel_cell_02970,9,9,2,6,24.805645,-12.013767,2969,1.9241101741790767
bbag094_zeisel_cell_02971,9,9,2,6,24.87369,-11.897929,2970,1.7575371265411377
bbag094_zeisel_cell_02972,9,9,2,6,24.685776,-12.254059,2971,1.7174955606460571
bbag094_zeisel_cell_02973,9,9,2,6,24.642046,-12.247669,2972,1.292533278465271
bbag094_zeisel_cell_02974,9,9,2,6,24.66856,-12.218094,2973,1.7361160516738892
bbag094_zeisel_cell_02975,9,9,2,6,24.636166,-12.23043,2974,1.5693939924240112
bbag094_zeisel_cell_02976,9,9,2,6,24.653517,-12.260878,2975,1.3869074583053589
bbag094_zeisel_cell_02977,9,9,2,6,24.606981,-12.279368,2976,1.644174337387085
bbag094_zeisel_cell_02978,9,9,2,6,24.607765,-12.187394,2977,1.4718937873840332
bbag094_zeisel_cell_02979,9,9,2,6,24.685986,-12.282402,2978,2.37495231628418
bbag094_zeisel_cell_02980,9,9,2,6,24.668024,-12.276229,2979,2.2773170471191406
bbag094_zeisel_cell_02981,9,9,2,6,24.576452,-12.204518,2980,1.2626148462295532
bbag094_zeisel_cell_02982,9,9,2,6,24.625778,-12.291568,2981,1.708523511886597
bbag094_zeisel_cell_02983,9,9,2,6,24.410662,-12.031035,2982,1.60946786403656
bbag094_zeisel_cell_02984,9,9,2,6,24.626133,-12.232128,2983,1.166884422302246
bbag094_zeisel_cell_02985,9,9,2,6,24.590513,-12.146457,2984,1.828196406364441
bbag094_zeisel_cell_02986,9,9,2,6,24.609108,-12.26072,2985,1.26738440990448
bbag094_zeisel_cell_02987,9,9,2,6,25.256485,-11.657218,2986,1.691184639930725
bbag094_zeisel_cell_02988,9,9,2,6,24.511862,-12.263752,2987,1.7189433574676514
bbag094_zeisel_cell_02989,9,9,2,6,24.155125,-12.148974,2988,2.0571439266204834
bbag094_zeisel_cell_02990,9,9,2,6,24.911951,-11.906083,2989,1.4435243606567385
bbag094_zeisel_cell_02991,9,9,2,6,24.404003,-11.93718,2990,1.932177186012268
bbag094_zeisel_cell_02992,9,9,2,6,24.85122,-11.889478,2991,1.5178580284118652
bbag094_zeisel_cell_02993,9,9,2,6,24.438644,-12.01526,2992,1.6615946292877195
bbag094_zeisel_cell_02994,9,9,2,6,24.259268,-11.864611,2993,2.009021282196045
bbag094_zeisel_cell_02995,9,9,2,6,24.263193,-12.118028,2994,2.2773170471191406
bbag094_zeisel_cell_02996,9,9,2,6,24.301897,-11.947872,2995,1.8713276386260984
bbag094_zeisel_cell_02997,9,9,9,8,10.099626,-9.329807,2996,3.0590591430664062
bbag094_zeisel_cell_02998,9,9,0,3,10.572045,-7.1082935,2997,1.8577011823654173
bbag094_zeisel_cell_02999,9,9,4,1,-1.0472416,-5.443735,2998,1.8176298141479488
bbag094_zeisel_cell_03000,9,9,4,1,-1.1098244,-5.504444,2999,2.071431398391724
bbag094_zeisel_cell_03001,9,9,2,6,24.378008,-12.036002,3000,1.944135069847107
bbag094_zeisel_cell_03002,9,9,2,6,25.085352,-11.747872,3001,1.7429287433624268
bbag094_zeisel_cell_03003,9,9,2,6,24.95213,-11.809899,3002,1.7088578939437866
bbag094_zeisel_cell_03004,9,9,2,6,24.41216,-11.962104,3003,1.6818971633911133
bbag094_zeisel_cell_03005,9,9,2,6,24.402504,-12.217736,3004,2.149081230163574
bbag094_zeisel_cell_03006,9,9,2,6,26.186316,-11.685632,3005,1.5065093040466309
