cell_id,batch,true_label,predicted_label,aligned_predicted_label,umap_1,umap_2,cell_index,scraw_reconstruction_weight
bbag094_zeisel_cell_00001,unknown,unknown,0,3,2.413988,1.0144072,0,3.0590591430664062
bbag094_zeisel_cell_00002,1,1,5,1,-2.6962974,4.350894,1,1.123892307281494
bbag094_zeisel_cell_00003,1,1,5,1,-2.7540996,4.1853724,2,0.9837443232536316
bbag094_zeisel_cell_00004,1,1,5,1,-2.62715,4.4127707,3,1.643536925315857
bbag094_zeisel_cell_00005,1,1,5,1,-2.7462697,4.2659492,4,1.2413737773895264
bbag094_zeisel_cell_00006,1,1,5,1,-2.7423913,4.036728,5,1.090116024017334
bbag094_zeisel_cell_00007,1,1,5,1,-2.6938145,3.9564908,6,1.541007161140442
bbag094_zeisel_cell_00008,1,1,5,1,-2.7165906,4.1870127,7,1.045740008354187
bbag094_zeisel_cell_00009,1,1,5,1,-1.8965911,3.4404461,8,1.2213668823242188
bbag094_zeisel_cell_00010,1,1,5,1,-2.6698706,3.9737484,9,1.446796417236328
bbag094_zeisel_cell_00011,1,1,5,1,-2.5802777,3.7513578,10,1.0423201322555542
bbag094_zeisel_cell_00012,1,1,5,1,-2.2384524,3.9240985,11,1.2541903257369995
bbag094_zeisel_cell_00013,1,1,9,Unmatched_9,-0.0036047038,3.2133303,12,1.5373095273971558
bbag094_zeisel_cell_00014,1,1,4,2,-2.0259144,1.0816112,13,1.4586032629013062
bbag094_zeisel_cell_00015,1,1,9,Unmatched_9,0.1028731,3.3932207,14,2.079357624053955
bbag094_zeisel_cell_00016,1,1,9,Unmatched_9,0.09643031,3.3670692,15,1.6551836729049685
bbag094_zeisel_cell_00017,1,1,9,Unmatched_9,0.070884936,3.3467562,16,1.5489071607589722
bbag094_zeisel_cell_00018,1,1,9,Unmatched_9,0.11275787,3.3920748,17,1.7758216857910156
bbag094_zeisel_cell_00019,1,1,9,Unmatched_9,0.11487691,3.381671,18,1.9509806632995603
bbag094_zeisel_cell_00020,1,1,1,4,-0.53637576,7.5637245,19,2.0504612922668457
bbag094_zeisel_cell_00021,1,1,5,1,-3.3067327,2.2245755,20,1.0005872249603271
bbag094_zeisel_cell_00022,1,1,5,1,-3.5926151,2.1313002,21,1.003839373588562
bbag094_zeisel_cell_00023,1,1,5,1,-3.5884163,2.1014168,22,1.1438277959823608
bbag094_zeisel_cell_00024,1,1,5,1,-3.5787795,2.951289,23,1.11873197555542
bbag094_zeisel_cell_00025,1,1,5,1,-3.79937,2.837388,24,0.904599130153656
bbag094_zeisel_cell_00026,1,1,5,1,-3.4582336,2.4393086,25,1.186985731124878
bbag094_zeisel_cell_00027,1,1,5,1,-3.712097,2.8964007,26,1.021336317062378
bbag094_zeisel_cell_00028,1,1,5,1,-3.7742598,2.5416965,27,1.2670129537582395
bbag094_zeisel_cell_00029,1,1,5,1,-3.7208092,2.4308295,28,0.9508160352706908
bbag094_zeisel_cell_00030,1,1,5,1,-3.8569539,2.4192364,29,1.1257705688476562
bbag094_zeisel_cell_00031,1,1,5,1,-3.8019965,2.4800904,30,1.0400986671447754
bbag094_zeisel_cell_00032,1,1,5,1,-2.9903607,2.5039253,31,0.9921159148216248
bbag094_zeisel_cell_00033,1,1,5,1,-3.759653,2.5569718,32,0.9925581216812134
bbag094_zeisel_cell_00034,1,1,5,1,-3.8318126,2.4271703,33,0.7808264493942261
bbag094_zeisel_cell_00035,1,1,5,1,-3.850533,2.4433506,34,1.0169038772583008
bbag094_zeisel_cell_00036,1,1,5,1,-3.8442698,2.4343145,35,0.902140736579895
bbag094_zeisel_cell_00037,1,1,5,1,-3.8433917,2.4905565,36,0.9595917463302612
bbag094_zeisel_cell_00038,1,1,5,1,-3.8384743,2.4471302,37,0.8719852566719055
bbag094_zeisel_cell_00039,1,1,5,1,-3.879421,2.4803576,38,0.8662610650062561
bbag094_zeisel_cell_00040,1,1,5,1,-3.1997128,3.3528492,39,1.188857078552246
bbag094_zeisel_cell_00041,1,1,5,1,-3.3470178,3.38615,40,1.0159817934036257
bbag094_zeisel_cell_00042,1,1,5,1,-3.1368778,3.7456462,41,0.9322909116744996
bbag094_zeisel_cell_00043,1,1,5,1,-3.1784527,3.650502,42,0.986664652824402
bbag094_zeisel_cell_00044,1,1,5,1,-3.1999059,3.640291,43,0.9549872279167176
bbag094_zeisel_cell_00045,1,1,5,1,-3.1735039,3.6792908,44,0.9067134261131288
bbag094_zeisel_cell_00046,1,1,5,1,-2.9221947,3.963821,45,0.9316190481185912
bbag094_zeisel_cell_00047,1,1,5,1,-2.8385262,4.111274,46,0.8190536499023438
bbag094_zeisel_cell_00048,1,1,5,1,-1.8104382,4.3763103,47,0.9978810548782348
bbag094_zeisel_cell_00049,1,1,5,1,-2.8577461,4.03046,48,0.9625416994094848
bbag094_zeisel_cell_00050,1,1,5,1,-2.5173407,4.025342,49,0.9321288466453552
bbag094_zeisel_cell_00051,1,1,5,1,-2.1186743,3.9833188,50,0.8699144721031189
bbag094_zeisel_cell_00052,1,1,5,1,-1.6307063,4.3772793,51,0.8249256610870361
bbag094_zeisel_cell_00053,1,1,5,1,-2.3459868,3.5591006,52,0.9185099601745604
bbag094_zeisel_cell_00054,1,1,5,1,-1.6266216,4.41477,53,0.8038550019264221
bbag094_zeisel_cell_00055,1,1,5,1,-1.6396137,3.3954875,54,0.9522616863250732
bbag094_zeisel_cell_00056,1,1,5,1,-2.8069472,4.240434,55,0.8799720406532288
bbag094_zeisel_cell_00057,1,1,5,1,-1.58988,3.423534,56,0.9964482188224792
bbag094_zeisel_cell_00058,1,1,5,1,-1.5584003,3.5509539,57,0.8184670805931091
bbag094_zeisel_cell_00059,1,1,5,1,-2.551089,4.4619064,58,0.9936712980270386
bbag094_zeisel_cell_00060,1,1,5,1,-1.681372,4.405999,59,1.014841079711914
bbag094_zeisel_cell_00061,1,1,5,1,-2.4969184,4.450581,60,1.5549482107162476
bbag094_zeisel_cell_00062,1,1,5,1,-2.580511,4.444011,61,1.393654704093933
bbag094_zeisel_cell_00063,1,1,5,1,-2.5920384,4.453328,62,1.1000839471817017
bbag094_zeisel_cell_00064,1,1,5,1,-2.5009422,4.5177875,63,1.7942893505096436
bbag094_zeisel_cell_00065,1,1,5,1,-2.5797806,4.4582424,64,1.0532138347625732
bbag094_zeisel_cell_00066,1,1,5,1,-2.5574489,4.485956,65,1.4354289770126345
bbag094_zeisel_cell_00067,1,1,5,1,-2.3813636,4.317727,66,0.8388391137123108
bbag094_zeisel_cell_00068,1,1,5,1,-2.4499316,4.4057317,67,1.2105427980422974
bbag094_zeisel_cell_00069,1,1,5,1,-1.9917881,3.8582613,68,1.0829142332077026
bbag094_zeisel_cell_00070,1,1,5,1,-1.6388525,3.489186,69,1.0156372785568235
bbag094_zeisel_cell_00071,1,1,5,1,-1.8448153,3.8355453,70,0.9592838287353516
bbag094_zeisel_cell_00072,1,1,5,1,-2.0972338,3.6145926,71,1.0455236434936523
bbag094_zeisel_cell_00073,1,1,5,1,-2.1447594,3.6771312,72,0.9871671795845032
bbag094_zeisel_cell_00074,1,1,5,1,-2.5980904,3.5581825,73,1.0910154581069946
bbag094_zeisel_cell_00075,1,1,5,1,-3.0004706,3.1723313,74,1.4673186540603638
bbag094_zeisel_cell_00076,1,1,5,1,-3.12332,3.3719323,75,0.8931676745414734
bbag094_zeisel_cell_00077,1,1,5,1,-3.0122652,3.3997293,76,0.896510660648346
bbag094_zeisel_cell_00078,1,1,5,1,-3.0762641,3.3999233,77,0.9135100841522216
bbag094_zeisel_cell_00079,1,1,5,1,-3.116913,3.3966155,78,0.8899993896484375
bbag094_zeisel_cell_00080,1,1,5,1,-3.1064086,3.39181,79,0.776783287525177
bbag094_zeisel_cell_00081,1,1,5,1,-2.853861,3.5113587,80,0.8320988416671753
bbag094_zeisel_cell_00082,1,1,5,1,-3.117716,3.4130337,81,0.8852041363716125
bbag094_zeisel_cell_00083,1,1,5,1,-3.143636,3.3947868,82,0.878177285194397
bbag094_zeisel_cell_00084,1,1,5,1,-3.1368985,3.4424493,83,0.9398356080055236
bbag094_zeisel_cell_00085,1,1,5,1,-3.1772273,3.3611736,84,1.0619893074035645
bbag094_zeisel_cell_00086,1,1,5,1,-3.1852703,3.3329504,85,0.9282947778701782
bbag094_zeisel_cell_00087,1,1,5,1,-3.1613386,3.325697,86,1.2358427047729492
bbag094_zeisel_cell_00088,1,1,5,1,-3.2205482,3.3093882,87,0.8670601844787598
bbag094_zeisel_cell_00089,1,1,5,1,-2.9988935,3.4541447,88,1.059356451034546
bbag094_zeisel_cell_00090,1,1,5,1,-3.1594992,3.424388,89,0.8711298108100891
bbag094_zeisel_cell_00091,1,1,5,1,-3.2586544,3.2337835,90,0.9198563098907472
bbag094_zeisel_cell_00092,1,1,5,1,-3.3483932,3.068936,91,0.8666840195655823
bbag094_zeisel_cell_00093,1,1,5,1,-3.298499,3.103147,92,1.3609613180160522
bbag094_zeisel_cell_00094,1,1,5,1,-3.123944,3.3903332,93,0.9641864895820618
bbag094_zeisel_cell_00095,1,1,5,1,-3.7587774,2.5665421,94,0.956897795200348
bbag094_zeisel_cell_00096,1,1,5,1,-3.6284468,2.987188,95,1.3936933279037476
bbag094_zeisel_cell_00097,1,1,5,1,2.8044298,8.703459,96,1.496932029724121
bbag094_zeisel_cell_00098,1,1,5,1,-3.3330708,3.113738,97,0.9518578052520752
bbag094_zeisel_cell_00099,1,1,9,Unmatched_9,0.22150908,4.0213766,98,1.9189600944519043
bbag094_zeisel_cell_00100,1,1,9,Unmatched_9,0.35015687,4.012882,99,1.8663731813430784
bbag094_zeisel_cell_00101,1,1,2,7,2.282885,8.819532,100,2.125306367874145
bbag094_zeisel_cell_00102,1,1,9,Unmatched_9,0.3840694,4.2210097,101,2.02292799949646
bbag094_zeisel_cell_00103,1,1,9,Unmatched_9,0.4394499,4.2385345,102,1.9984519481658936
bbag094_zeisel_cell_00104,1,1,2,7,3.0488536,9.703078,103,2.1031839847564697
bbag094_zeisel_cell_00105,1,1,9,Unmatched_9,0.28278628,4.303709,104,2.006086826324463
bbag094_zeisel_cell_00106,1,1,9,Unmatched_9,0.31368783,4.059903,105,2.0098578929901123
bbag094_zeisel_cell_00107,1,1,9,Unmatched_9,0.31278533,4.3051586,106,1.9310969114303589
bbag094_zeisel_cell_00108,1,1,9,Unmatched_9,0.44679898,4.2406926,107,1.9922839403152464
bbag094_zeisel_cell_00109,1,1,10,8,11.757904,2.3803825,108,2.938446521759033
bbag094_zeisel_cell_00110,1,1,9,Unmatched_9,0.24576426,3.7518125,109,1.8566166162490845
bbag094_zeisel_cell_00111,1,1,9,Unmatched_9,0.14082298,3.5996084,110,1.9354194402694704
bbag094_zeisel_cell_00112,1,1,9,Unmatched_9,0.1420872,3.4957356,111,1.5210069417953491
bbag094_zeisel_cell_00113,1,1,9,Unmatched_9,0.3078866,3.922142,112,1.6362675428390503
bbag094_zeisel_cell_00114,1,1,9,Unmatched_9,0.134789,3.4337068,113,1.6976503133773804
bbag094_zeisel_cell_00115,1,1,4,2,-1.9762183,1.0583348,114,1.4936774969100952
bbag094_zeisel_cell_00116,1,1,9,Unmatched_9,-0.34367043,3.2711258,115,1.412533402442932
bbag094_zeisel_cell_00117,1,1,1,4,-1.6029421,7.415925,116,2.0568175315856934
bbag094_zeisel_cell_00118,1,1,9,Unmatched_9,0.06972317,3.370701,117,1.5745645761489868
bbag094_zeisel_cell_00119,1,1,3,6,3.4289484,4.9454803,118,1.6855674982070925
bbag094_zeisel_cell_00120,1,1,4,2,-1.8407514,1.0441048,119,1.718733310699463
bbag094_zeisel_cell_00121,1,1,9,Unmatched_9,0.2422452,4.381116,120,1.9115796089172363
bbag094_zeisel_cell_00122,1,1,9,Unmatched_9,0.14252909,3.4691713,121,1.482154130935669
bbag094_zeisel_cell_00123,1,1,9,Unmatched_9,0.10977521,3.405136,122,1.7956836223602295
bbag094_zeisel_cell_00124,1,1,9,Unmatched_9,0.1313451,3.4355316,123,1.4968385696411133
bbag094_zeisel_cell_00125,1,1,9,Unmatched_9,0.116946824,3.4156475,124,1.9430221319198608
bbag094_zeisel_cell_00126,1,1,9,Unmatched_9,0.19607908,3.6098163,125,1.6209430694580078
bbag094_zeisel_cell_00127,1,1,2,7,2.715443,9.608506,126,2.1031839847564697
bbag094_zeisel_cell_00128,1,1,4,2,-1.7260014,1.0904458,127,1.6279244422912598
bbag094_zeisel_cell_00129,1,1,3,6,3.4959083,5.155849,128,1.5176180601119995
bbag094_zeisel_cell_00130,1,1,5,1,-3.0481086,2.1215038,129,1.4598286151885986
bbag094_zeisel_cell_00131,1,1,2,7,3.4128072,9.108317,130,1.3766920566558838
bbag094_zeisel_cell_00132,1,1,5,1,-3.401644,2.134473,131,1.23413348197937
bbag094_zeisel_cell_00133,1,1,5,1,-2.9777305,2.093438,132,1.4648027420043943
bbag094_zeisel_cell_00134,1,1,5,1,-2.9977572,2.086032,133,1.429039716720581
bbag094_zeisel_cell_00135,1,1,3,6,3.2147965,5.8474154,134,1.3650178909301758
bbag094_zeisel_cell_00136,1,1,5,1,-3.3294964,2.190736,135,1.8340319395065308
bbag094_zeisel_cell_00137,1,1,5,1,-3.3539414,2.276903,136,1.4143850803375244
bbag094_zeisel_cell_00138,1,1,5,1,-3.3273473,2.2724257,137,1.1309539079666138
bbag094_zeisel_cell_00139,1,1,5,1,-3.3520393,2.3245008,138,1.1241211891174316
bbag094_zeisel_cell_00140,1,1,5,1,-3.5553737,2.362137,139,1.050678253173828
bbag094_zeisel_cell_00141,1,1,5,1,-3.6668034,2.480481,140,1.985356092453003
bbag094_zeisel_cell_00142,1,1,5,1,-3.1334321,2.2742994,141,1.85511326789856
bbag094_zeisel_cell_00143,1,1,5,1,-2.761803,4.25158,142,0.8070445656776428
bbag094_zeisel_cell_00144,1,1,5,1,-3.4353719,2.3334382,143,1.1764428615570068
bbag094_zeisel_cell_00145,1,1,5,1,-3.5516014,2.3386867,144,1.1422135829925537
bbag094_zeisel_cell_00146,1,1,3,6,3.3471694,6.312331,145,1.5228934288024902
bbag094_zeisel_cell_00147,1,1,1,4,-2.0506573,6.469944,146,1.9117835760116575
bbag094_zeisel_cell_00148,1,1,5,1,-1.9572613,3.9337413,147,1.9398751258850095
bbag094_zeisel_cell_00149,1,1,5,1,-2.1477664,4.495639,148,1.746936321258545
bbag094_zeisel_cell_00150,1,1,1,4,-2.01252,6.422175,149,1.671467661857605
bbag094_zeisel_cell_00151,1,1,5,1,-2.3080196,4.4462123,150,1.336719036102295
bbag094_zeisel_cell_00152,1,1,5,1,-1.7878317,3.9601395,151,0.8659628033638
bbag094_zeisel_cell_00153,1,1,5,1,-1.7648267,4.0044656,152,1.413028597831726
bbag094_zeisel_cell_00154,1,1,5,1,-1.7120539,4.349603,153,0.8318750262260437
bbag094_zeisel_cell_00155,1,1,5,1,-1.5259758,4.136436,154,0.8273686170578003
bbag094_zeisel_cell_00156,1,1,5,1,-1.6640742,4.4614844,155,0.9513923525810242
bbag094_zeisel_cell_00157,1,1,5,1,-1.651238,4.433394,156,0.7777484655380249
bbag094_zeisel_cell_00158,1,1,5,1,-1.6363555,4.4384503,157,0.932388186454773
bbag094_zeisel_cell_00159,1,1,5,1,-1.6614857,4.472702,158,0.8311394453048706
bbag094_zeisel_cell_00160,1,1,5,1,-1.6460339,4.467482,159,1.0990641117095947
bbag094_zeisel_cell_00161,1,1,5,1,-1.7367224,4.410396,160,0.8299444913864136
bbag094_zeisel_cell_00162,1,1,5,1,-1.6274681,4.465237,161,0.8835005164146423
bbag094_zeisel_cell_00163,1,1,5,1,-1.6223537,4.477231,162,0.7566229701042175
bbag094_zeisel_cell_00164,1,1,5,1,-1.6465404,4.4618917,163,0.9594016671180724
bbag094_zeisel_cell_00165,1,1,5,1,-1.6354986,4.491777,164,1.0887471437454224
bbag094_zeisel_cell_00166,1,1,5,1,-1.64704,4.4887033,165,0.9197576642036438
bbag094_zeisel_cell_00167,1,1,5,1,-1.741791,4.358417,166,0.8175350427627563
bbag094_zeisel_cell_00168,1,1,5,1,-1.8609357,4.1962123,167,0.9304781556129456
bbag094_zeisel_cell_00169,1,1,5,1,-1.8521314,4.04116,168,0.9845380783081056
bbag094_zeisel_cell_00170,1,1,5,1,-1.9170585,4.0011954,169,1.0595815181732178
bbag094_zeisel_cell_00171,1,1,2,7,2.7375453,9.58778,170,1.6005852222442627
bbag094_zeisel_cell_00172,1,1,5,1,-1.6176089,3.8632402,171,0.8273665308952332
bbag094_zeisel_cell_00173,1,1,5,1,-1.5619752,3.8304534,172,1.020916223526001
bbag094_zeisel_cell_00174,1,1,5,1,-1.5325896,3.8816833,173,0.9973171949386596
bbag094_zeisel_cell_00175,1,1,5,1,-1.5141963,3.7832055,174,1.085210204124451
bbag094_zeisel_cell_00176,1,1,5,1,-1.6919332,3.8759036,175,0.8308880925178528
bbag094_zeisel_cell_00177,1,1,5,1,-1.5645454,3.8693771,176,1.290595769882202
bbag094_zeisel_cell_00178,1,1,5,1,-1.3512151,3.6574793,177,0.8786110281944275
bbag094_zeisel_cell_00179,1,1,5,1,-1.6370903,3.8215158,178,1.0566484928131104
bbag094_zeisel_cell_00180,1,1,2,7,3.4572341,9.328996,179,2.002232551574707
bbag094_zeisel_cell_00181,1,1,5,1,-1.4218204,3.754764,180,1.0061241388320925
bbag094_zeisel_cell_00182,1,1,5,1,-1.3954246,3.78239,181,1.139060378074646
bbag094_zeisel_cell_00183,1,1,5,1,-1.3739681,3.6763482,182,0.9633028507232666
bbag094_zeisel_cell_00184,1,1,5,1,-1.4297909,3.809513,183,0.9455857872962952
bbag094_zeisel_cell_00185,1,1,5,1,-1.5092652,3.8826866,184,1.0619804859161377
bbag094_zeisel_cell_00186,1,1,5,1,-1.2981443,4.486136,185,1.9817802906036377
bbag094_zeisel_cell_00187,1,1,5,1,-1.4819741,3.7090704,186,0.8776936531066895
bbag094_zeisel_cell_00188,1,1,5,1,-1.5807155,4.00433,187,2.0196986198425293
bbag094_zeisel_cell_00189,1,1,5,1,-1.3870479,3.7243152,188,1.30872642993927
bbag094_zeisel_cell_00190,1,1,2,7,3.7427144,9.419519,189,2.011035919189453
bbag094_zeisel_cell_00191,1,1,5,1,-1.8955969,4.083432,190,0.9512527585029602
bbag094_zeisel_cell_00192,1,1,0,3,0.03924935,0.83400387,191,1.2187706232070925
bbag094_zeisel_cell_00193,1,1,5,1,-1.9930393,3.8332,192,1.0575308799743652
bbag094_zeisel_cell_00194,1,1,5,1,-1.6457347,3.7555625,193,0.8631311655044556
bbag094_zeisel_cell_00195,1,1,0,3,0.5204632,-0.47044545,194,1.427151799201965
bbag094_zeisel_cell_00196,1,1,5,1,-1.6951026,3.8947935,195,1.3765660524368286
bbag094_zeisel_cell_00197,1,1,5,1,-1.7530276,3.9462717,196,1.270796775817871
bbag094_zeisel_cell_00198,1,1,5,1,-1.9250989,3.9633906,197,1.3166358470916748
bbag094_zeisel_cell_00199,1,1,5,1,-2.055764,4.05168,198,1.1721879243850708
bbag094_zeisel_cell_00200,1,1,5,1,-1.8327686,3.9534197,199,0.8944252729415894
bbag094_zeisel_cell_00201,1,1,5,1,-2.1289084,4.098435,200,1.4535188674926758
bbag094_zeisel_cell_00202,1,1,5,1,-2.6688805,3.9005773,201,0.914881467819214
bbag094_zeisel_cell_00203,1,1,5,1,-2.5817797,3.6975453,202,0.8129132390022278
bbag094_zeisel_cell_00204,1,1,5,1,-2.6797228,4.352221,203,1.4930111169815063
bbag094_zeisel_cell_00205,1,1,5,1,-2.7591283,4.237156,204,1.0059814453125
bbag094_zeisel_cell_00206,1,1,5,1,-2.1575048,5.2023983,205,2.073047637939453
bbag094_zeisel_cell_00207,1,1,3,6,3.4159296,5.070977,206,1.9314864873886108
bbag094_zeisel_cell_00208,1,1,5,1,-2.6876104,4.0732427,207,1.0212526321411133
bbag094_zeisel_cell_00209,1,1,5,1,-2.770866,4.304196,208,1.0729031562805176
bbag094_zeisel_cell_00210,1,1,5,1,-2.7233808,4.334592,209,0.8945046663284302
bbag094_zeisel_cell_00211,1,1,5,1,-2.7246318,4.3461647,210,1.0331405401229858
bbag094_zeisel_cell_00212,1,1,5,1,-2.379332,4.6160383,211,1.9572428464889529
bbag094_zeisel_cell_00213,1,1,5,1,-2.6905284,4.14127,212,1.414531946182251
bbag094_zeisel_cell_00214,1,1,5,1,-2.5851378,4.4621367,213,1.090202808380127
bbag094_zeisel_cell_00215,1,1,5,1,-2.5945501,4.4381037,214,1.3382045030593872
bbag094_zeisel_cell_00216,1,1,5,1,-2.365219,4.6959586,215,1.0406184196472168
bbag094_zeisel_cell_00217,1,1,5,1,-1.8626652,3.9527202,216,1.2302159070968628
bbag094_zeisel_cell_00218,1,1,5,1,-1.826661,3.9655507,217,1.292179822921753
bbag094_zeisel_cell_00219,1,1,0,3,1.2162702,0.8490576,218,1.4645625352859497
bbag094_zeisel_cell_00220,1,1,5,1,-3.7288656,2.4827406,219,1.2700088024139404
bbag094_zeisel_cell_00221,1,1,5,1,-3.5249996,2.8361185,220,1.011724829673767
bbag094_zeisel_cell_00222,1,1,5,1,-3.8680732,2.4421437,221,0.8387832045555115
bbag094_zeisel_cell_00223,1,1,5,1,-1.7990355,3.866588,222,1.1396926641464231
bbag094_zeisel_cell_00224,1,1,5,1,-3.7647843,2.5389175,223,0.8943235278129578
bbag094_zeisel_cell_00225,1,1,5,1,-3.696512,2.3946114,224,1.008663296699524
bbag094_zeisel_cell_00226,1,1,5,1,-3.7013028,2.4215236,225,0.9086171984672546
bbag094_zeisel_cell_00227,1,1,5,1,-2.0844533,5.4871798,226,1.774610996246338
bbag094_zeisel_cell_00228,1,1,5,1,-3.5512574,2.9811316,227,1.854972004890442
bbag094_zeisel_cell_00229,1,1,5,1,-2.6883202,4.0080276,228,1.2751874923706057
bbag094_zeisel_cell_00230,1,1,5,1,-2.74231,4.0983214,229,0.958881378173828
bbag094_zeisel_cell_00231,1,1,5,1,-2.744272,4.116138,230,1.259071946144104
bbag094_zeisel_cell_00232,1,1,5,1,-2.7406168,4.056595,231,1.037875413894653
bbag094_zeisel_cell_00233,1,1,2,7,3.8794072,11.029754,232,1.33902108669281
bbag094_zeisel_cell_00234,1,1,5,1,-2.7159607,3.9966002,233,1.0527931451797483
bbag094_zeisel_cell_00235,1,1,5,1,2.966697,8.763558,234,2.0001320838928223
bbag094_zeisel_cell_00236,1,1,5,1,-2.7983341,2.731158,235,1.3254717588424685
bbag094_zeisel_cell_00237,1,1,5,1,-3.5327692,2.9992602,236,0.8400750756263733
bbag094_zeisel_cell_00238,1,1,5,1,-3.7759206,2.8335998,237,0.916713535785675
bbag094_zeisel_cell_00239,1,1,5,1,-3.783145,2.4892266,238,2.0098578929901123
bbag094_zeisel_cell_00240,1,1,5,1,-2.607051,2.6042473,239,1.454441785812378
bbag094_zeisel_cell_00241,1,1,5,1,2.7483354,9.0347,240,2.1031839847564697
bbag094_zeisel_cell_00242,1,1,5,1,-3.258346,3.2444477,241,1.0206505060195925
bbag094_zeisel_cell_00243,1,1,5,1,-3.1996725,3.3119123,242,1.2925676107406616
bbag094_zeisel_cell_00244,1,1,5,1,-3.7341716,2.8351462,243,0.844996452331543
bbag094_zeisel_cell_00245,1,1,5,1,-2.9515808,2.8927262,244,1.1002734899520874
bbag094_zeisel_cell_00246,1,1,5,1,-3.7147896,2.9065506,245,0.9916508793830872
bbag094_zeisel_cell_00247,1,1,5,1,-3.7134697,2.5238106,246,0.993882179260254
bbag094_zeisel_cell_00248,1,1,5,1,-3.6816373,2.9487834,247,1.2881460189819336
bbag094_zeisel_cell_00249,1,1,6,5,7.6311693,8.149531,248,2.33571457862854
bbag094_zeisel_cell_00250,1,1,5,1,2.6896842,8.737771,249,1.9427218437194824
bbag094_zeisel_cell_00251,1,1,5,1,-3.472923,3.0273917,250,1.4515511989593506
bbag094_zeisel_cell_00252,1,1,5,1,-3.7322166,2.793338,251,1.1696736812591553
bbag094_zeisel_cell_00253,1,1,5,1,-3.6899388,2.6672177,252,0.9412161707878112
bbag094_zeisel_cell_00254,1,1,5,1,-3.3719985,1.8294445,253,1.508712649345398
bbag094_zeisel_cell_00255,1,1,5,1,-1.5091568,3.778651,254,0.9657975435256958
bbag094_zeisel_cell_00256,1,1,4,2,-1.7246516,0.4511953,255,1.9815795421600344
bbag094_zeisel_cell_00257,1,1,5,1,-1.9973496,3.6974342,256,1.0221623182296753
bbag094_zeisel_cell_00258,1,1,5,1,-1.4175322,3.782118,257,1.0226894617080688
bbag094_zeisel_cell_00259,1,1,4,2,-1.8182148,0.7789776,258,2.0920755863189697
bbag094_zeisel_cell_00260,1,1,0,3,0.87271935,0.875025,259,0.3845422863960266
bbag094_zeisel_cell_00261,1,1,5,1,-1.4803566,3.716847,260,1.0497812032699585
bbag094_zeisel_cell_00262,1,1,5,1,-3.2381003,3.2571926,261,0.979921579360962
bbag094_zeisel_cell_00263,1,1,5,1,-1.5740945,3.453838,262,0.9103906750679016
bbag094_zeisel_cell_00264,1,1,2,7,3.438832,10.094959,263,1.4929975271224976
bbag094_zeisel_cell_00265,1,1,9,Unmatched_9,0.34282228,3.6293814,264,1.9809540510177608
bbag094_zeisel_cell_00266,1,1,9,Unmatched_9,0.10287484,3.4067073,265,1.5041145086288452
bbag094_zeisel_cell_00267,1,1,5,1,-3.2609916,3.53368,266,0.997751772403717
bbag094_zeisel_cell_00268,1,1,10,8,11.732769,2.4094393,267,3.0590591430664062
bbag094_zeisel_cell_00269,1,1,5,1,-1.5369506,3.4037411,268,1.0566723346710205
bbag094_zeisel_cell_00270,1,1,5,1,2.7502422,8.727039,269,1.5821833610534668
bbag094_zeisel_cell_00271,1,1,5,1,-3.6100926,2.1272757,270,1.2276359796524048
bbag094_zeisel_cell_00272,1,1,5,1,-3.3853722,3.0516043,271,0.9438443183898926
bbag094_zeisel_cell_00273,1,1,9,Unmatched_9,0.14345081,3.4820576,272,1.829328775405884
bbag094_zeisel_cell_00274,1,1,5,1,-0.71423334,3.2451322,273,1.090229630470276
bbag094_zeisel_cell_00275,1,1,5,1,-3.142979,3.7194495,274,0.9195544123649596
bbag094_zeisel_cell_00276,1,1,9,Unmatched_9,0.0558581,3.2528634,275,1.1852675676345823
bbag094_zeisel_cell_00277,1,1,5,1,-2.5410185,3.6622686,276,0.987748086452484
bbag094_zeisel_cell_00278,1,1,5,1,-3.021888,2.914717,277,1.2425035238265991
bbag094_zeisel_cell_00279,1,1,9,Unmatched_9,0.15745565,3.330461,278,1.8008685111999512
bbag094_zeisel_cell_00280,1,1,5,1,-3.5944638,2.11079,279,1.1841667890548706
bbag094_zeisel_cell_00281,1,1,9,Unmatched_9,0.12099279,3.4802563,280,1.4673080444335938
bbag094_zeisel_cell_00282,1,1,4,2,-1.3109953,0.7049808,281,1.947403907775879
bbag094_zeisel_cell_00283,1,1,5,1,-3.5433643,2.0928426,282,0.991185188293457
bbag094_zeisel_cell_00284,1,1,5,1,-3.5404778,2.7414596,283,0.854890763759613
bbag094_zeisel_cell_00285,1,1,5,1,-3.3656886,2.2464886,284,1.2429929971694946
bbag094_zeisel_cell_00286,1,1,5,1,-3.5083127,2.0760608,285,0.896586537361145
bbag094_zeisel_cell_00287,1,1,5,1,-3.5348747,2.0798252,286,1.114309787750244
bbag094_zeisel_cell_00288,1,1,5,1,-3.1377122,2.113271,287,1.166643738746643
bbag094_zeisel_cell_00289,1,1,5,1,-3.71518,2.9110308,288,0.8909735083580017
bbag094_zeisel_cell_00290,1,1,5,1,-3.831984,2.443507,289,0.98495751619339
bbag094_zeisel_cell_00291,1,1,5,1,-3.6954553,2.929785,290,1.2606565952301023
bbag094_zeisel_cell_00292,2,2,4,2,-2.5031457,0.27296242,291,0.3845422863960266
bbag094_zeisel_cell_00293,2,2,4,2,-2.818143,0.45246533,292,0.4355190992355346
bbag094_zeisel_cell_00294,2,2,5,1,-1.5800613,2.6423473,293,0.4350613355636596
bbag094_zeisel_cell_00295,2,2,3,6,2.5043876,5.6511497,294,1.6948026418685913
bbag094_zeisel_cell_00296,2,2,4,2,-2.0538864,1.0454814,295,1.019654631614685
bbag094_zeisel_cell_00297,2,2,4,2,-1.8431379,0.68731356,296,0.3845422863960266
bbag094_zeisel_cell_00298,2,2,4,2,-2.7222924,0.5326155,297,0.3845422863960266
bbag094_zeisel_cell_00299,2,2,4,2,-1.972447,0.48127154,298,0.3845422863960266
bbag094_zeisel_cell_00300,2,2,4,2,-1.8726531,1.2823563,299,0.3845422863960266
bbag094_zeisel_cell_00301,2,2,1,4,-1.7111623,8.07372,300,0.5011898279190063
bbag094_zeisel_cell_00302,2,2,4,2,-2.7392552,0.5592027,301,0.3845422863960266
bbag094_zeisel_cell_00303,2,2,4,2,-2.9279928,0.4236279,302,0.3845422863960266
bbag094_zeisel_cell_00304,2,2,4,2,-1.6610016,0.3952096,303,0.3845422863960266
bbag094_zeisel_cell_00305,2,2,4,2,-2.9352732,-0.2383299,304,0.3845422863960266
bbag094_zeisel_cell_00306,2,2,6,5,7.4903727,7.847528,305,2.37495231628418
bbag094_zeisel_cell_00307,2,2,4,2,-2.0651872,0.76302725,306,0.5606767535209656
bbag094_zeisel_cell_00308,2,2,4,2,-2.7892413,0.46722096,307,0.3869554400444031
bbag094_zeisel_cell_00309,2,2,3,6,3.5156121,5.1255546,308,1.5848379135131836
bbag094_zeisel_cell_00310,2,2,4,2,-2.8615456,0.44392034,309,0.3845422863960266
bbag094_zeisel_cell_00311,2,2,4,2,-1.7781099,0.356566,310,1.057736873626709
bbag094_zeisel_cell_00312,2,2,1,4,-2.1524007,8.058714,311,0.6420546770095825
bbag094_zeisel_cell_00313,2,2,4,2,-2.926552,0.39814076,312,0.3845422863960266
bbag094_zeisel_cell_00314,2,2,4,2,-2.4979825,0.21932375,313,0.3845422863960266
bbag094_zeisel_cell_00315,2,2,4,2,-2.880864,0.40441683,314,0.3845422863960266
bbag094_zeisel_cell_00316,2,2,2,7,3.3192754,9.053271,315,1.3736419677734375
bbag094_zeisel_cell_00317,2,2,5,1,-3.3679624,2.368432,316,1.3158260583877563
bbag094_zeisel_cell_00318,2,2,4,2,-2.5897782,0.5048779,317,0.3845422863960266
bbag094_zeisel_cell_00319,2,2,4,2,-2.0455275,0.8998819,318,0.3845422863960266
bbag094_zeisel_cell_00320,2,2,4,2,-2.9175858,0.40054485,319,0.3845422863960266
bbag094_zeisel_cell_00321,2,2,6,5,7.725799,7.9156795,320,2.37495231628418
bbag094_zeisel_cell_00322,2,2,1,4,-1.7368436,7.6329694,321,0.7180292010307312
bbag094_zeisel_cell_00323,2,2,7,unknown,0.054282468,10.646748,322,0.6692092418670654
bbag094_zeisel_cell_00324,2,2,4,2,-2.839806,-0.33869904,323,0.3845422863960266
bbag094_zeisel_cell_00325,2,2,4,2,-2.8942225,-0.29847065,324,0.3845422863960266
bbag094_zeisel_cell_00326,2,2,4,2,-2.6632488,-0.34694773,325,0.3845422863960266
bbag094_zeisel_cell_00327,2,2,4,2,-2.775655,-0.37741238,326,0.3845422863960266
bbag094_zeisel_cell_00328,2,2,4,2,-2.595901,-0.44444883,327,0.3845422863960266
bbag094_zeisel_cell_00329,2,2,4,2,-2.611548,-0.46462277,328,0.4677700102329254
bbag094_zeisel_cell_00330,2,2,4,2,-2.7124019,-0.46346253,329,0.3845422863960266
bbag094_zeisel_cell_00331,2,2,4,2,-2.6086771,-0.34428152,330,0.4162026345729828
bbag094_zeisel_cell_00332,2,2,4,2,-3.0680633,-0.1991742,331,0.3845422863960266
bbag094_zeisel_cell_00333,2,2,4,2,-2.5176666,-0.21685953,332,0.3845422863960266
bbag094_zeisel_cell_00334,2,2,4,2,-2.7118244,-0.44881174,333,0.3845422863960266
bbag094_zeisel_cell_00335,2,2,4,2,-2.7819374,-0.3744318,334,0.3845422863960266
bbag094_zeisel_cell_00336,2,2,4,2,-2.609635,-0.39586192,335,0.3845422863960266
bbag094_zeisel_cell_00337,2,2,4,2,-2.673793,-0.47457615,336,0.3845422863960266
bbag094_zeisel_cell_00338,2,2,4,2,-2.5972059,-0.3928526,337,0.3845422863960266
bbag094_zeisel_cell_00339,2,2,4,2,-2.9618318,-0.28930125,338,0.3845422863960266
bbag094_zeisel_cell_00340,2,2,4,2,-2.4811528,0.2949785,339,0.3845422863960266
bbag094_zeisel_cell_00341,2,2,4,2,-2.7321465,-0.46343896,340,0.3845422863960266
bbag094_zeisel_cell_00342,2,2,4,2,-2.6631386,-0.47927222,341,0.3845422863960266
bbag094_zeisel_cell_00343,2,2,4,2,-2.6916559,-0.3442154,342,0.3845422863960266
bbag094_zeisel_cell_00344,2,2,3,6,3.2840254,5.8595524,343,1.532152771949768
bbag094_zeisel_cell_00345,2,2,1,4,-1.998592,8.071359,344,0.6443580389022827
bbag094_zeisel_cell_00346,2,2,4,2,-2.2657216,0.010887085,345,0.3845422863960266
bbag094_zeisel_cell_00347,2,2,4,2,-2.6426227,-0.4614904,346,0.3845422863960266
bbag094_zeisel_cell_00348,2,2,4,2,-2.3688076,-0.2720545,347,0.5040351748466492
bbag094_zeisel_cell_00349,2,2,1,4,-1.945735,7.7705708,348,1.925657629966736
bbag094_zeisel_cell_00350,2,2,9,Unmatched_9,1.0446332,5.0897837,349,1.937352418899536
bbag094_zeisel_cell_00351,2,2,4,2,-1.4736371,0.24554928,350,0.3845422863960266
bbag094_zeisel_cell_00352,2,2,4,2,-1.544266,0.3891505,351,0.3932329416275024
bbag094_zeisel_cell_00353,2,2,4,2,-2.8119836,-0.3596897,352,0.3845422863960266
bbag094_zeisel_cell_00354,2,2,4,2,-1.7113824,0.32981548,353,0.4028051495552063
bbag094_zeisel_cell_00355,2,2,4,2,-2.1077144,-0.04975182,354,0.3845422863960266
bbag094_zeisel_cell_00356,2,2,4,2,-2.53345,3.5229883,355,1.2647082805633545
bbag094_zeisel_cell_00357,2,2,5,1,-1.5693624,2.6038053,356,0.9480087161064148
bbag094_zeisel_cell_00358,2,2,5,1,-1.5683681,2.6079736,357,0.6667230129241943
bbag094_zeisel_cell_00359,2,2,4,2,-1.6257563,0.6956753,358,0.3845422863960266
bbag094_zeisel_cell_00360,2,2,3,6,3.4054742,5.2114835,359,1.7103339433670044
bbag094_zeisel_cell_00361,2,2,4,2,-2.762984,0.5206753,360,0.3845422863960266
bbag094_zeisel_cell_00362,2,2,4,2,-1.8770578,1.1044945,361,0.3845422863960266
bbag094_zeisel_cell_00363,2,2,4,2,-2.796837,0.49019194,362,0.3845422863960266
bbag094_zeisel_cell_00364,2,2,4,2,-2.169031,0.820728,363,0.7259710431098938
bbag094_zeisel_cell_00365,2,2,4,2,-2.0685277,1.0278125,364,1.1433095932006836
bbag094_zeisel_cell_00366,2,2,3,6,2.0993416,5.3464756,365,1.5707521438598633
bbag094_zeisel_cell_00367,2,2,5,1,-1.4692868,2.4434395,366,0.3845422863960266
bbag094_zeisel_cell_00368,2,2,4,2,-2.720915,0.5347778,367,0.3845422863960266
bbag094_zeisel_cell_00369,2,2,4,2,-1.765915,1.0815182,368,0.3845422863960266
bbag094_zeisel_cell_00370,2,2,4,2,-2.84857,0.48271632,369,0.3845422863960266
bbag094_zeisel_cell_00371,2,2,4,2,-2.6924937,0.57261056,370,0.3845422863960266
bbag094_zeisel_cell_00372,2,2,5,1,-1.6007824,2.6462755,371,0.3845422863960266
bbag094_zeisel_cell_00373,2,2,1,4,-1.8439808,7.8419814,372,2.501277208328247
bbag094_zeisel_cell_00374,2,2,4,2,-1.8626486,0.72263694,373,0.3845422863960266
bbag094_zeisel_cell_00375,2,2,4,2,-1.7974867,0.9093696,374,0.3845422863960266
bbag094_zeisel_cell_00376,2,2,4,2,-2.057595,0.7159139,375,0.3845422863960266
bbag094_zeisel_cell_00377,2,2,6,5,7.566269,7.899635,376,2.023301839828491
bbag094_zeisel_cell_00378,2,2,4,2,-2.629557,0.4865877,377,0.3845422863960266
bbag094_zeisel_cell_00379,2,2,4,2,-2.1065354,0.68997467,378,0.5724805593490601
bbag094_zeisel_cell_00380,2,2,4,2,-2.9398806,0.3651068,379,0.3845422863960266
bbag094_zeisel_cell_00381,2,2,1,4,-2.5739381,9.186866,380,0.5565984845161438
bbag094_zeisel_cell_00382,2,2,4,2,-2.3674896,0.57618356,381,0.3845422863960266
bbag094_zeisel_cell_00383,2,2,7,unknown,2.1597457,12.5819025,382,2.37495231628418
bbag094_zeisel_cell_00384,2,2,4,2,-2.597407,0.4532361,383,0.3845422863960266
bbag094_zeisel_cell_00385,2,2,4,2,-1.7998747,0.80726546,384,0.6438883543014526
bbag094_zeisel_cell_00386,2,2,4,2,-2.4193637,0.53973347,385,0.3845422863960266
bbag094_zeisel_cell_00387,2,2,4,2,-1.9725586,0.8586578,386,0.4026219546794891
bbag094_zeisel_cell_00388,2,2,1,4,-2.1857002,8.220256,387,0.5564507842063904
bbag094_zeisel_cell_00389,2,2,4,2,-2.4051452,-0.1350027,388,0.3845422863960266
bbag094_zeisel_cell_00390,2,2,4,2,-2.1841338,0.68350506,389,0.3845422863960266
bbag094_zeisel_cell_00391,2,2,4,2,-1.8111752,0.55665195,390,0.3845422863960266
bbag094_zeisel_cell_00392,2,2,4,2,-2.831883,-0.3391005,391,0.3845422863960266
bbag094_zeisel_cell_00393,2,2,4,2,-2.2719285,0.10023486,392,0.3845422863960266
bbag094_zeisel_cell_00394,2,2,0,3,-0.45643285,0.60916245,393,0.3845422863960266
bbag094_zeisel_cell_00395,2,2,1,4,-1.7610303,7.461539,394,1.9471491575241089
bbag094_zeisel_cell_00396,2,2,4,2,-1.9254265,0.266373,395,0.3845422863960266
bbag094_zeisel_cell_00397,2,2,4,2,-2.2786531,-0.24006851,396,0.3845422863960266
bbag094_zeisel_cell_00398,2,2,4,2,-2.649359,-0.3499017,397,0.3845422863960266
bbag094_zeisel_cell_00399,2,2,4,2,-1.9338398,-0.029649958,398,0.4367800652980804
bbag094_zeisel_cell_00400,2,2,4,2,-1.7885339,0.21229334,399,0.3845422863960266
bbag094_zeisel_cell_00401,2,2,4,2,-2.0501869,0.38437667,400,0.3845422863960266
bbag094_zeisel_cell_00402,2,2,2,7,3.5560555,9.494209,401,2.024531841278076
bbag094_zeisel_cell_00403,2,2,4,2,-1.9112988,0.5826196,402,0.3845422863960266
bbag094_zeisel_cell_00404,2,2,8,9,0.72788376,5.8429694,403,1.825008988380432
bbag094_zeisel_cell_00405,2,2,4,2,-2.1991096,-0.10155213,404,0.3845422863960266
bbag094_zeisel_cell_00406,2,2,0,3,0.7312872,-0.59599113,405,0.3845422863960266
bbag094_zeisel_cell_00407,2,2,4,2,-1.805144,0.11016863,406,0.3845422863960266
bbag094_zeisel_cell_00408,2,2,4,2,-2.4620302,-0.035095904,407,0.3845422863960266
bbag094_zeisel_cell_00409,2,2,0,3,1.7249678,-0.76030195,408,0.3845422863960266
bbag094_zeisel_cell_00410,2,2,4,2,-2.2714825,0.4745248,409,0.3845422863960266
bbag094_zeisel_cell_00411,2,2,4,2,-2.5927508,-0.44696203,410,0.3845422863960266
bbag094_zeisel_cell_00412,2,2,4,2,-2.4262877,0.29835957,411,0.3845422863960266
bbag094_zeisel_cell_00413,2,2,4,2,-2.2331991,0.07966221,412,0.3845422863960266
bbag094_zeisel_cell_00414,2,2,0,3,0.86479706,-0.8798,413,0.3845422863960266
bbag094_zeisel_cell_00415,2,2,3,6,3.3096647,5.164875,414,1.406516194343567
bbag094_zeisel_cell_00416,2,2,4,2,-2.513131,0.34442788,415,0.3845422863960266
bbag094_zeisel_cell_00417,2,2,4,2,-2.0900834,0.100613736,416,0.3845422863960266
bbag094_zeisel_cell_00418,2,2,1,4,-2.097675,7.970469,417,0.9662636518478394
bbag094_zeisel_cell_00419,2,2,4,2,-2.456002,0.29995143,418,0.3845422863960266
bbag094_zeisel_cell_00420,2,2,4,2,-2.3468316,-0.22874588,419,0.3845422863960266
bbag094_zeisel_cell_00421,2,2,4,2,-2.2116675,-0.27526158,420,0.3845422863960266
bbag094_zeisel_cell_00422,2,2,4,2,-2.254779,-0.1424479,421,0.3845422863960266
bbag094_zeisel_cell_00423,2,2,3,6,3.2762172,5.7519293,422,1.4289600849151611
bbag094_zeisel_cell_00424,2,2,4,2,-2.4320757,0.6193872,423,0.3845422863960266
bbag094_zeisel_cell_00425,2,2,4,2,-2.5577066,-0.45773277,424,0.3845422863960266
bbag094_zeisel_cell_00426,2,2,3,6,3.353835,6.096883,425,1.6657490730285645
bbag094_zeisel_cell_00427,2,2,4,2,-1.9127141,0.13162142,426,0.3845422863960266
bbag094_zeisel_cell_00428,2,2,4,2,-2.3421545,-0.11834958,427,0.3845422863960266
bbag094_zeisel_cell_00429,2,2,4,2,-2.2436883,-0.23757146,428,0.3845422863960266
bbag094_zeisel_cell_00430,2,2,8,9,0.7519711,5.858908,429,1.6547966003417969
bbag094_zeisel_cell_00431,2,2,4,2,-2.541205,0.43649095,430,0.3845422863960266
bbag094_zeisel_cell_00432,2,2,4,2,-2.1563272,-0.18976821,431,0.3845422863960266
bbag094_zeisel_cell_00433,2,2,9,Unmatched_9,0.4994737,4.273275,432,2.062971353530884
bbag094_zeisel_cell_00434,2,2,3,6,1.9938705,5.290416,433,1.7695441246032717
bbag094_zeisel_cell_00435,2,2,4,2,-1.9910299,0.23692805,434,0.3845422863960266
bbag094_zeisel_cell_00436,2,2,3,6,3.317873,5.6560864,435,1.729642033576965
bbag094_zeisel_cell_00437,2,2,4,2,-1.6844677,0.17679359,436,0.403004914522171
bbag094_zeisel_cell_00438,2,2,4,2,-2.570584,-0.4367851,437,0.3845422863960266
bbag094_zeisel_cell_00439,2,2,4,2,-2.3703704,-0.28830716,438,0.3845422863960266
bbag094_zeisel_cell_00440,2,2,4,2,-2.2720604,0.35953164,439,0.3845422863960266
bbag094_zeisel_cell_00441,2,2,4,2,-1.7259203,0.16661587,440,0.3845422863960266
bbag094_zeisel_cell_00442,2,2,4,2,-2.300873,-0.22253047,441,0.3845422863960266
bbag094_zeisel_cell_00443,2,2,3,6,3.2244594,5.6911983,442,1.5031898021697998
bbag094_zeisel_cell_00444,2,2,1,4,-1.687054,7.402744,443,0.6338390111923218
bbag094_zeisel_cell_00445,2,2,4,2,-2.7203765,-0.39663586,444,0.3845422863960266
bbag094_zeisel_cell_00446,2,2,4,2,-2.248893,0.11085272,445,0.3845422863960266
bbag094_zeisel_cell_00447,2,2,4,2,-2.057973,0.24151866,446,0.3845422863960266
bbag094_zeisel_cell_00448,2,2,4,2,-2.4866195,0.3178728,447,0.3845422863960266
bbag094_zeisel_cell_00449,2,2,4,2,-2.489539,-0.34342763,448,0.3845422863960266
bbag094_zeisel_cell_00450,2,2,3,6,3.4223309,5.7721224,449,1.4408854246139526
bbag094_zeisel_cell_00451,2,2,4,2,-2.674897,-0.40935326,450,0.3845422863960266
bbag094_zeisel_cell_00452,2,2,2,7,3.039909,7.884412,451,1.3876663446426392
bbag094_zeisel_cell_00453,2,2,0,3,2.0103672,2.2080345,452,1.358675479888916
bbag094_zeisel_cell_00454,2,2,4,2,-2.4724572,-0.01477554,453,0.3845422863960266
bbag094_zeisel_cell_00455,2,2,4,2,-2.3504345,-0.2184212,454,0.3845422863960266
bbag094_zeisel_cell_00456,2,2,4,2,-2.5487626,-0.28049293,455,0.3845422863960266
bbag094_zeisel_cell_00457,2,2,4,2,-1.3479054,0.20953153,456,0.3845422863960266
bbag094_zeisel_cell_00458,2,2,1,4,-1.5670456,7.939949,457,1.178155541419983
bbag094_zeisel_cell_00459,2,2,4,2,-2.1726356,0.29254663,458,0.3845422863960266
bbag094_zeisel_cell_00460,2,2,4,2,-2.4714491,0.23048976,459,0.3845422863960266
bbag094_zeisel_cell_00461,2,2,4,2,-1.6444309,0.5643277,460,0.3845422863960266
bbag094_zeisel_cell_00462,2,2,4,2,-2.690025,-0.4828324,461,0.3845422863960266
bbag094_zeisel_cell_00463,2,2,4,2,-2.5465107,0.3712229,462,0.3845422863960266
bbag094_zeisel_cell_00464,2,2,6,5,7.605243,7.8706064,463,2.110419988632202
bbag094_zeisel_cell_00465,2,2,4,2,-1.9706045,0.60351485,464,0.3845422863960266
bbag094_zeisel_cell_00466,2,2,4,2,-1.8813708,0.40005088,465,0.3845422863960266
bbag094_zeisel_cell_00467,2,2,4,2,-1.6820593,0.57439876,466,0.3845422863960266
bbag094_zeisel_cell_00468,2,2,4,2,-1.8556149,0.123464204,467,0.3845422863960266
bbag094_zeisel_cell_00469,2,2,4,2,-1.8337615,0.020851834,468,0.3845422863960266
bbag094_zeisel_cell_00470,2,2,4,2,-0.21318044,1.7721759,469,1.8858555555343628
bbag094_zeisel_cell_00471,2,2,4,2,-0.3569866,1.7417924,470,1.5047742128372192
bbag094_zeisel_cell_00472,2,2,4,2,-0.23307449,1.6077007,471,1.7868300676345823
bbag094_zeisel_cell_00473,2,2,4,2,-0.17544685,1.7533473,472,0.3845422863960266
bbag094_zeisel_cell_00474,2,2,4,2,-0.16966502,1.7350721,473,0.6429205536842346
bbag094_zeisel_cell_00475,2,2,4,2,0.0025888276,1.8340578,474,1.940893650054932
bbag094_zeisel_cell_00476,2,2,4,2,-0.2870086,1.744882,475,1.6205497980117798
bbag094_zeisel_cell_00477,2,2,7,unknown,2.2030206,12.041368,476,2.323085308074951
bbag094_zeisel_cell_00478,2,2,4,2,-0.09613512,1.4768692,477,0.3845422863960266
bbag094_zeisel_cell_00479,2,2,3,6,3.2313764,4.9630327,478,1.42475426197052
bbag094_zeisel_cell_00480,2,2,4,2,-0.38463947,1.6602753,479,1.6000524759292605
bbag094_zeisel_cell_00481,2,2,4,2,-0.12362053,1.7139448,480,0.8496869206428528
bbag094_zeisel_cell_00482,2,2,3,6,3.5598903,6.4280043,481,1.6781278848648071
bbag094_zeisel_cell_00483,2,2,4,2,-0.25268614,1.7462708,482,1.70716392993927
bbag094_zeisel_cell_00484,2,2,4,2,-0.110538416,1.7072661,483,0.3845422863960266
bbag094_zeisel_cell_00485,2,2,4,2,-0.1627439,1.8262106,484,1.550134539604187
bbag094_zeisel_cell_00486,2,2,4,2,-0.1529305,1.7825751,485,0.5104801654815674
bbag094_zeisel_cell_00487,2,2,4,2,-0.19257711,1.7180177,486,1.0526467561721802
bbag094_zeisel_cell_00488,2,2,4,2,-0.20358174,1.7023594,487,1.8051531314849851
bbag094_zeisel_cell_00489,2,2,4,2,-0.17417598,1.7435519,488,0.4870947301387787
bbag094_zeisel_cell_00490,2,2,4,2,-0.20745865,1.8437428,489,1.1605716943740845
bbag094_zeisel_cell_00491,2,2,4,2,0.10918949,1.6006329,490,0.3845422863960266
bbag094_zeisel_cell_00492,2,2,4,2,-0.2595263,1.7730095,491,0.3845422863960266
bbag094_zeisel_cell_00493,2,2,4,2,-0.02227092,1.6591703,492,0.3845422863960266
bbag094_zeisel_cell_00494,2,2,2,7,3.8011825,9.6718855,493,2.069469928741455
bbag094_zeisel_cell_00495,2,2,4,2,-1.0265107,0.75899523,494,1.4200836420059204
bbag094_zeisel_cell_00496,2,2,3,6,1.794406,7.254864,495,1.7413254976272583
bbag094_zeisel_cell_00497,2,2,4,2,-1.5369366,1.686142,496,0.4205324947834015
bbag094_zeisel_cell_00498,2,2,3,6,3.5905125,5.2932496,497,1.3234065771102903
bbag094_zeisel_cell_00499,2,2,3,6,3.5278533,4.960895,498,1.530930757522583
bbag094_zeisel_cell_00500,2,2,2,7,3.3204932,9.40098,499,1.100343108177185
bbag094_zeisel_cell_00501,2,2,4,2,-1.4610431,1.6270331,500,0.4041016399860382
bbag094_zeisel_cell_00502,2,2,3,6,3.6120396,5.095419,501,1.3731776475906372
bbag094_zeisel_cell_00503,2,2,4,2,-1.0869038,0.93824935,502,1.6585577726364136
bbag094_zeisel_cell_00504,2,2,4,2,-1.4349406,1.592871,503,0.3921388685703277
bbag094_zeisel_cell_00505,2,2,8,9,0.44852227,5.9561644,504,1.8169649839401243
bbag094_zeisel_cell_00506,2,2,4,2,-1.5326701,1.7071561,505,0.3951656520366668
bbag094_zeisel_cell_00507,2,2,4,2,-1.5253264,1.6431005,506,0.8359179496765137
bbag094_zeisel_cell_00508,2,2,4,2,-1.2780122,1.564351,507,0.4395366609096527
bbag094_zeisel_cell_00509,2,2,3,6,3.5521345,4.9994335,508,1.5369778871536257
bbag094_zeisel_cell_00510,2,2,4,2,-1.6038479,1.6980977,509,0.3845422863960266
bbag094_zeisel_cell_00511,2,2,4,2,-1.5663505,1.6737214,510,0.3845422863960266
bbag094_zeisel_cell_00512,2,2,2,7,3.9808226,9.552758,511,1.828113675117493
bbag094_zeisel_cell_00513,2,2,1,4,-2.335257,8.116005,512,0.6581350564956665
bbag094_zeisel_cell_00514,2,2,8,9,0.6045897,5.8577013,513,1.8048912286758425
bbag094_zeisel_cell_00515,2,2,1,4,-2.0099425,7.799556,514,0.6237351894378662
bbag094_zeisel_cell_00516,2,2,1,4,-1.9843466,7.8912845,515,0.9953270554542542
bbag094_zeisel_cell_00517,2,2,4,2,-1.0973282,1.3022876,516,0.3912104368209839
bbag094_zeisel_cell_00518,2,2,4,2,-1.5877538,1.6693234,517,0.3845422863960266
bbag094_zeisel_cell_00519,2,2,4,2,-1.5421866,1.6856683,518,0.4882047176361084
bbag094_zeisel_cell_00520,2,2,4,2,-1.5915884,1.686565,519,0.392718642950058
bbag094_zeisel_cell_00521,2,2,4,2,-1.5730673,1.7163191,520,0.5305920839309692
bbag094_zeisel_cell_00522,2,2,4,2,-1.5086999,1.6731052,521,0.3984158039093017
bbag094_zeisel_cell_00523,2,2,0,3,0.2227012,0.9544094,522,0.3845422863960266
bbag094_zeisel_cell_00524,2,2,1,4,-2.3159363,7.9164286,523,0.8403277397155762
bbag094_zeisel_cell_00525,2,2,4,2,-1.7984298,0.99729514,524,0.3845422863960266
bbag094_zeisel_cell_00526,2,2,4,2,-1.2238272,1.4495384,525,0.3845422863960266
bbag094_zeisel_cell_00527,2,2,4,2,-1.1905255,1.1633908,526,0.3845422863960266
bbag094_zeisel_cell_00528,2,2,3,6,3.379755,4.6987057,527,1.2234739065170288
bbag094_zeisel_cell_00529,2,2,1,4,-1.8102746,7.248543,528,0.3845422863960266
bbag094_zeisel_cell_00530,2,2,4,2,-1.3959051,0.81501985,529,0.3845422863960266
bbag094_zeisel_cell_00531,2,2,4,2,-1.3790177,0.7890823,530,0.3845422863960266
bbag094_zeisel_cell_00532,2,2,4,2,-1.4229635,0.77473056,531,0.3845422863960266
bbag094_zeisel_cell_00533,2,2,4,2,-0.4365272,1.2401417,532,0.3845422863960266
bbag094_zeisel_cell_00534,2,2,4,2,-0.98419607,1.3397665,533,0.3845422863960266
bbag094_zeisel_cell_00535,2,2,4,2,-1.6643243,1.6920727,534,0.3963383436203003
bbag094_zeisel_cell_00536,2,2,4,2,-1.3611605,1.5963719,535,0.3845422863960266
bbag094_zeisel_cell_00537,2,2,4,2,-1.0745462,1.2024173,536,0.3845422863960266
bbag094_zeisel_cell_00538,2,2,4,2,-1.4132264,1.5346559,537,1.8245670795440676
bbag094_zeisel_cell_00539,2,2,2,7,3.1972709,9.571792,538,0.8986111283302307
bbag094_zeisel_cell_00540,2,2,4,2,-1.472017,1.6613513,539,0.3845422863960266
bbag094_zeisel_cell_00541,2,2,4,2,-1.4052328,1.6246339,540,0.3845422863960266
bbag094_zeisel_cell_00542,2,2,1,4,-1.5064372,8.121148,541,2.0113863945007324
bbag094_zeisel_cell_00543,2,2,4,2,-1.5458846,1.6617596,542,0.4482892155647278
bbag094_zeisel_cell_00544,2,2,4,2,-1.1612821,1.1462269,543,0.3845422863960266
bbag094_zeisel_cell_00545,2,2,4,2,-1.630072,1.5510083,544,0.3845422863960266
bbag094_zeisel_cell_00546,2,2,5,1,-1.2514427,4.5937047,545,1.9127799272537231
bbag094_zeisel_cell_00547,2,2,5,1,-1.1824236,0.4507327,546,0.4768906533718109
bbag094_zeisel_cell_00548,2,2,4,2,-0.44537973,1.6703218,547,1.811935782432556
bbag094_zeisel_cell_00549,2,2,5,1,-1.0992694,0.3238315,548,0.3845422863960266
bbag094_zeisel_cell_00550,2,2,4,2,-1.2387058,0.68797714,549,0.7493796348571777
bbag094_zeisel_cell_00551,2,2,4,2,-1.151705,0.5637348,550,1.5389307737350464
bbag094_zeisel_cell_00552,2,2,4,2,-0.3714227,1.7409551,551,1.6734877824783323
bbag094_zeisel_cell_00553,2,2,4,2,-0.3003116,1.7478415,552,1.854308843612671
bbag094_zeisel_cell_00554,2,2,4,2,-1.4349363,1.0100247,553,0.3845422863960266
bbag094_zeisel_cell_00555,2,2,2,7,3.1916006,9.304357,554,2.0098578929901123
bbag094_zeisel_cell_00556,2,2,1,4,-2.1893463,7.5693316,555,1.7343568801879885
bbag094_zeisel_cell_00557,2,2,4,2,-0.40333274,1.7541472,556,1.5814861059188845
bbag094_zeisel_cell_00558,2,2,5,1,-2.9739537,2.0944378,557,1.682874321937561
bbag094_zeisel_cell_00559,2,2,2,7,3.299187,10.821375,558,1.891255617141724
bbag094_zeisel_cell_00560,2,2,5,1,-1.034947,0.29858577,559,1.474835753440857
bbag094_zeisel_cell_00561,2,2,1,4,-1.6654984,7.5036983,560,1.3274942636489868
bbag094_zeisel_cell_00562,2,2,2,7,3.503532,8.951275,561,1.588748574256897
bbag094_zeisel_cell_00563,2,2,1,4,-1.416931,7.8976083,562,1.9676666259765625
bbag094_zeisel_cell_00564,2,2,5,1,-1.194463,0.40142554,563,2.1101624965667725
bbag094_zeisel_cell_00565,2,2,1,4,-1.0220633,7.774648,564,2.062971353530884
bbag094_zeisel_cell_00566,2,2,4,2,-1.2167071,1.449828,565,0.3845422863960266
bbag094_zeisel_cell_00567,2,2,6,5,7.441091,8.01848,566,1.8463729619979856
bbag094_zeisel_cell_00568,2,2,1,4,-1.9155809,7.7913866,567,0.8908485174179077
bbag094_zeisel_cell_00569,2,2,1,4,-1.5746651,7.4222555,568,2.2541418075561523
bbag094_zeisel_cell_00570,2,2,4,2,-1.4348838,0.99874294,569,0.3845422863960266
bbag094_zeisel_cell_00571,2,2,4,2,-1.33261,1.6167803,570,0.3845422863960266
bbag094_zeisel_cell_00572,2,2,5,1,-2.7271788,4.340718,571,1.1460150480270386
bbag094_zeisel_cell_00573,2,2,3,6,3.4613826,4.7772193,572,1.4441970586776731
bbag094_zeisel_cell_00574,2,2,4,2,-2.1477475,0.73949975,573,0.3845422863960266
bbag094_zeisel_cell_00575,2,2,2,7,2.6822712,9.477058,574,1.5278396606445312
bbag094_zeisel_cell_00576,2,2,1,4,-1.804126,7.553687,575,0.7953111529350281
bbag094_zeisel_cell_00577,2,2,2,7,3.3028076,9.474708,576,2.069469928741455
bbag094_zeisel_cell_00578,2,2,4,2,-0.8829908,1.1232482,577,0.3845422863960266
bbag094_zeisel_cell_00579,2,2,4,2,-2.1799176,0.7826323,578,0.3907183706760406
bbag094_zeisel_cell_00580,2,2,2,7,3.340646,10.938445,579,1.0507394075393677
bbag094_zeisel_cell_00581,2,2,4,2,-1.1432706,1.5026004,580,0.3845422863960266
bbag094_zeisel_cell_00582,2,2,1,4,-1.1934406,7.6494384,581,0.6815697550773621
bbag094_zeisel_cell_00583,2,2,4,2,-1.1542948,1.450314,582,0.3991043269634247
bbag094_zeisel_cell_00584,2,2,4,2,-0.9011275,1.2685955,583,0.4630047082901001
bbag094_zeisel_cell_00585,2,2,4,2,-1.0320836,1.2860582,584,0.3845422863960266
bbag094_zeisel_cell_00586,2,2,8,9,0.6160713,5.6346908,585,1.9805189371109009
bbag094_zeisel_cell_00587,2,2,4,2,-0.89546126,1.2193917,586,0.3845422863960266
bbag094_zeisel_cell_00588,2,2,4,2,-1.0978763,1.3156059,587,0.3845422863960266
bbag094_zeisel_cell_00589,2,2,0,3,-0.84874815,0.43196538,588,0.3845422863960266
bbag094_zeisel_cell_00590,2,2,4,2,-1.0969836,1.2953681,589,0.3845422863960266
bbag094_zeisel_cell_00591,2,2,2,7,3.5450268,8.931685,590,1.8548091650009155
bbag094_zeisel_cell_00592,2,2,5,1,-1.1379942,4.6867304,591,1.917807340621948
bbag094_zeisel_cell_00593,2,2,7,unknown,0.39294082,11.180694,592,2.133726119995117
bbag094_zeisel_cell_00594,2,2,6,5,7.530176,7.8593636,593,2.3224475383758545
bbag094_zeisel_cell_00595,2,2,5,1,-1.5774035,2.628104,594,0.3951859474182129
bbag094_zeisel_cell_00596,2,2,4,2,-1.3598725,0.8315697,595,0.3845422863960266
bbag094_zeisel_cell_00597,2,2,4,2,-1.509335,0.37116966,596,0.3845422863960266
bbag094_zeisel_cell_00598,2,2,0,3,-0.6467975,0.75149727,597,0.4609005749225616
bbag094_zeisel_cell_00599,2,2,4,2,-1.8174658,0.8047632,598,0.3845422863960266
bbag094_zeisel_cell_00600,2,2,6,5,7.601017,7.8175764,599,2.37495231628418
bbag094_zeisel_cell_00601,2,2,1,4,-1.202816,7.616131,600,0.9493279457092284
bbag094_zeisel_cell_00602,2,2,2,7,3.3889744,9.118775,601,1.7729871273040771
bbag094_zeisel_cell_00603,2,2,3,6,3.357769,5.153919,602,1.7452521324157717
bbag094_zeisel_cell_00604,2,2,7,unknown,2.2091641,12.627663,603,2.3530235290527344
bbag094_zeisel_cell_00605,2,2,4,2,-1.8166895,0.4787942,604,0.4531306028366089
bbag094_zeisel_cell_00606,2,2,4,2,-0.89882874,1.1834952,605,1.8427510261535645
bbag094_zeisel_cell_00607,2,2,4,2,-1.7271004,0.64819354,606,0.3845422863960266
bbag094_zeisel_cell_00608,2,2,4,2,-0.6656556,1.1750563,607,0.6029232740402222
bbag094_zeisel_cell_00609,2,2,4,2,-2.2507675,0.71257746,608,0.3845422863960266
bbag094_zeisel_cell_00610,2,2,4,2,-1.2692444,0.41039425,609,0.3845422863960266
bbag094_zeisel_cell_00611,2,2,7,unknown,2.1473947,12.553599,610,2.3703362941741943
bbag094_zeisel_cell_00612,2,2,5,1,-1.1930398,0.44144714,611,1.6962890625
bbag094_zeisel_cell_00613,2,2,8,9,0.5747204,5.9050426,612,1.8978149890899656
bbag094_zeisel_cell_00614,2,2,1,4,-1.6046269,8.165572,613,0.9032931923866272
bbag094_zeisel_cell_00615,2,2,4,2,-1.4267526,1.6257505,614,0.6165102124214172
bbag094_zeisel_cell_00616,2,2,4,2,-1.6580728,0.52451867,615,0.3845422863960266
bbag094_zeisel_cell_00617,2,2,4,2,-1.5220345,0.27205905,616,0.3845422863960266
bbag094_zeisel_cell_00618,2,2,4,2,-0.85268074,1.2302853,617,0.4515607953071594
bbag094_zeisel_cell_00619,2,2,4,2,-1.0198656,1.5013132,618,0.7370041608810425
bbag094_zeisel_cell_00620,2,2,4,2,-1.5075603,0.31963012,619,0.3845422863960266
bbag094_zeisel_cell_00621,2,2,8,9,0.8712056,6.4497166,620,1.9657344818115237
bbag094_zeisel_cell_00622,2,2,3,6,3.3760982,5.055994,621,1.6035407781600952
bbag094_zeisel_cell_00623,2,2,0,3,-0.7044983,0.6078612,622,0.3845422863960266
bbag094_zeisel_cell_00624,2,2,4,2,-1.4890642,0.72748727,623,0.3845422863960266
bbag094_zeisel_cell_00625,2,2,1,4,-2.0784009,8.518014,624,0.9636961817741394
bbag094_zeisel_cell_00626,2,2,0,3,-1.1874017,0.14328776,625,0.3845422863960266
bbag094_zeisel_cell_00627,2,2,0,3,1.5556821,-1.2206013,626,1.9000895023345947
bbag094_zeisel_cell_00628,2,2,4,2,-1.5016507,0.21339715,627,0.3845422863960266
bbag094_zeisel_cell_00629,2,2,1,4,-2.5751803,8.636878,628,0.4211553931236267
bbag094_zeisel_cell_00630,2,2,0,3,1.6440228,-1.1504865,629,1.7144334316253662
bbag094_zeisel_cell_00631,2,2,4,2,-2.3622499,0.58206564,630,0.3845422863960266
bbag094_zeisel_cell_00632,2,2,1,4,-1.890049,7.1835,631,0.3845422863960266
bbag094_zeisel_cell_00633,2,2,0,3,-0.7839388,0.4817793,632,0.3845422863960266
bbag094_zeisel_cell_00634,2,2,4,2,-2.1612518,0.72268546,633,0.3845422863960266
bbag094_zeisel_cell_00635,2,2,4,2,-1.3686006,0.5745694,634,0.3845422863960266
bbag094_zeisel_cell_00636,2,2,2,7,3.480543,8.979903,635,1.6597683429718018
bbag094_zeisel_cell_00637,2,2,1,4,-1.8501346,7.1224566,636,0.4765678644180298
bbag094_zeisel_cell_00638,2,2,0,3,-1.1175593,0.07171067,637,1.168964982032776
bbag094_zeisel_cell_00639,2,2,4,2,-2.023666,0.70310366,638,0.3845422863960266
bbag094_zeisel_cell_00640,2,2,0,3,-0.050730564,0.9008896,639,1.5171456336975098
bbag094_zeisel_cell_00641,2,2,4,2,-1.7624301,0.7711901,640,0.3845422863960266
bbag094_zeisel_cell_00642,2,2,2,7,3.8569832,9.4576845,641,1.1732875108718872
bbag094_zeisel_cell_00643,2,2,5,1,-3.2526183,3.0921109,642,0.3845422863960266
bbag094_zeisel_cell_00644,2,2,4,2,-1.816411,0.5244751,643,0.3845422863960266
bbag094_zeisel_cell_00645,2,2,4,2,-1.7027253,0.7454812,644,0.3845422863960266
bbag094_zeisel_cell_00646,2,2,2,7,2.895737,9.028381,645,1.6360541582107544
bbag094_zeisel_cell_00647,2,2,4,2,-2.146921,0.5895715,646,0.3845422863960266
bbag094_zeisel_cell_00648,2,2,2,7,3.1704154,9.414437,647,0.9549962878227234
bbag094_zeisel_cell_00649,2,2,5,1,-2.9982674,2.0576522,648,0.3845422863960266
bbag094_zeisel_cell_00650,2,2,8,9,0.89910156,6.20376,649,2.008617639541626
bbag094_zeisel_cell_00651,2,2,4,2,-2.6763287,0.6075571,650,0.3845422863960266
bbag094_zeisel_cell_00652,2,2,4,2,-2.2691956,0.728903,651,0.3845422863960266
bbag094_zeisel_cell_00653,2,2,3,6,2.505126,5.5151896,652,1.568610429763794
bbag094_zeisel_cell_00654,2,2,4,2,-2.416228,0.4597849,653,0.3845422863960266
bbag094_zeisel_cell_00655,2,2,1,4,-1.5689129,7.690443,654,0.9182680249214172
bbag094_zeisel_cell_00656,2,2,3,6,3.5351362,5.9378443,655,1.054181694984436
bbag094_zeisel_cell_00657,2,2,2,7,3.1404333,9.336006,656,1.2125940322875977
bbag094_zeisel_cell_00658,2,2,4,2,-2.0972595,0.9374696,657,0.3845422863960266
bbag094_zeisel_cell_00659,2,2,3,6,2.1137233,5.2763824,658,1.3969237804412842
bbag094_zeisel_cell_00660,2,2,1,4,-0.95427454,8.179821,659,1.3981437683105469
bbag094_zeisel_cell_00661,2,2,1,4,-1.1266158,7.5560975,660,2.3361246585845947
bbag094_zeisel_cell_00662,2,2,4,2,-1.7740066,0.13554211,661,0.3845422863960266
bbag094_zeisel_cell_00663,2,2,4,2,-2.278748,0.64258313,662,0.3845422863960266
bbag094_zeisel_cell_00664,2,2,2,7,3.2125053,10.864137,663,2.062971353530884
bbag094_zeisel_cell_00665,2,2,4,2,-1.3970371,1.5594923,664,0.3845422863960266
bbag094_zeisel_cell_00666,2,2,4,2,-2.41372,0.61892635,665,0.3845422863960266
bbag094_zeisel_cell_00667,2,2,4,2,-1.2262862,0.81137127,666,0.3845422863960266
bbag094_zeisel_cell_00668,2,2,1,4,-1.4411561,7.7922072,667,1.1750015020370483
bbag094_zeisel_cell_00669,2,2,2,7,3.3323133,9.199118,668,1.266699194908142
bbag094_zeisel_cell_00670,2,2,1,4,-1.8512244,7.2177463,669,0.5751917958259583
bbag094_zeisel_cell_00671,2,2,4,2,-1.5740573,0.7808804,670,0.6566335558891296
bbag094_zeisel_cell_00672,2,2,4,2,-1.986935,0.6587602,671,0.3845422863960266
bbag094_zeisel_cell_00673,2,2,2,7,3.394486,9.4505,672,1.1139276027679443
bbag094_zeisel_cell_00674,2,2,2,7,3.4593818,9.388244,673,1.0553125143051147
bbag094_zeisel_cell_00675,2,2,4,2,-1.7447397,0.440199,674,0.3845422863960266
bbag094_zeisel_cell_00676,2,2,4,2,-1.1891497,0.5437739,675,0.3845422863960266
bbag094_zeisel_cell_00677,2,2,4,2,-1.1707927,0.5267651,676,0.4206167459487915
bbag094_zeisel_cell_00678,2,2,4,2,-2.0473728,0.74308556,677,0.4027033448219299
bbag094_zeisel_cell_00679,2,2,4,2,-1.4142406,0.29683164,678,0.3845422863960266
bbag094_zeisel_cell_00680,2,2,4,2,-2.0156288,0.8000899,679,0.3845422863960266
bbag094_zeisel_cell_00681,2,2,1,4,-1.9304615,7.184157,680,1.1637903451919556
bbag094_zeisel_cell_00682,3,3,0,3,2.712713,0.4059396,681,0.3845422863960266
bbag094_zeisel_cell_00683,3,3,0,3,2.571516,-0.1721324,682,0.3845422863960266
bbag094_zeisel_cell_00684,3,3,4,2,0.15608703,1.4577708,683,0.3845422863960266
bbag094_zeisel_cell_00685,3,3,0,3,2.5804307,0.39306912,684,0.3845422863960266
bbag094_zeisel_cell_00686,3,3,0,3,2.7965364,0.5194005,685,0.3845422863960266
bbag094_zeisel_cell_00687,3,3,0,3,1.2485352,0.7136875,686,0.3845422863960266
bbag094_zeisel_cell_00688,3,3,4,2,-1.9368296,0.61615115,687,0.3845422863960266
bbag094_zeisel_cell_00689,3,3,0,3,1.6645309,0.5934093,688,0.3845422863960266
bbag094_zeisel_cell_00690,3,3,10,8,11.786989,2.3921719,689,3.0590591430664062
bbag094_zeisel_cell_00691,3,3,2,7,3.8255558,9.448717,690,1.9728604555130005
bbag094_zeisel_cell_00692,3,3,0,3,2.8181133,0.5851179,691,0.3845422863960266
bbag094_zeisel_cell_00693,3,3,0,3,2.2659197,1.7742665,692,0.8194326758384705
bbag094_zeisel_cell_00694,3,3,2,7,4.0328536,9.186048,693,1.3356188535690308
bbag094_zeisel_cell_00695,3,3,0,3,2.9709911,0.19286515,694,0.3845422863960266
bbag094_zeisel_cell_00696,3,3,2,7,4.0379567,9.286765,695,1.985854268074036
bbag094_zeisel_cell_00697,3,3,4,2,-0.046492524,1.6935649,696,0.5522396564483643
bbag094_zeisel_cell_00698,3,3,9,Unmatched_9,1.0207716,5.1076365,697,1.6460102796554563
bbag094_zeisel_cell_00699,3,3,0,3,1.2005723,0.27733082,698,0.3845422863960266
bbag094_zeisel_cell_00700,3,3,5,1,-1.2477804,3.6699796,699,1.0954184532165527
bbag094_zeisel_cell_00701,3,3,0,3,1.9861975,2.1425676,700,1.9739586114883425
bbag094_zeisel_cell_00702,3,3,0,3,2.1619418,0.4305709,701,0.3845422863960266
bbag094_zeisel_cell_00703,3,3,5,1,-1.5866214,3.5477183,702,0.95512855052948
bbag094_zeisel_cell_00704,3,3,2,7,4.1220145,9.598049,703,1.1436171531677246
bbag094_zeisel_cell_00705,3,3,1,4,-0.6685047,8.05778,704,2.536815404891968
bbag094_zeisel_cell_00706,3,3,1,4,-0.025332758,10.288246,705,2.062971353530884
bbag094_zeisel_cell_00707,3,3,0,3,2.9668195,0.2687953,706,0.3845422863960266
bbag094_zeisel_cell_00708,3,3,0,3,1.57663,0.6555969,707,0.3845422863960266
bbag094_zeisel_cell_00709,3,3,1,4,-0.99933374,8.25724,708,0.9943669438362122
bbag094_zeisel_cell_00710,3,3,0,3,0.81406766,1.1973721,709,0.3845422863960266
bbag094_zeisel_cell_00711,3,3,4,2,-0.28693324,1.7581275,710,1.936249136924744
bbag094_zeisel_cell_00712,3,3,4,2,-2.9730241,-0.17476794,711,0.3845422863960266
bbag094_zeisel_cell_00713,3,3,4,2,-1.612274,1.7137779,712,0.4000755548477173
bbag094_zeisel_cell_00714,3,3,4,2,-2.7893856,0.5134414,713,0.8363826870918274
bbag094_zeisel_cell_00715,3,3,4,2,-0.20150459,1.7850025,714,1.8139146566390991
bbag094_zeisel_cell_00716,3,3,0,3,1.6379279,1.1327443,715,0.3845422863960266
bbag094_zeisel_cell_00717,3,3,6,5,7.7956824,8.107708,716,1.88332200050354
bbag094_zeisel_cell_00718,3,3,0,3,2.0774558,2.1070008,717,1.8974976539611816
bbag094_zeisel_cell_00719,3,3,0,3,2.3971105,1.0177426,718,0.3845422863960266
bbag094_zeisel_cell_00720,3,3,0,3,1.29223,0.6999321,719,0.3845422863960266
bbag094_zeisel_cell_00721,3,3,0,3,2.5553904,0.42506814,720,0.3845422863960266
bbag094_zeisel_cell_00722,3,3,4,2,-3.015508,-0.23496664,721,0.3845422863960266
bbag094_zeisel_cell_00723,3,3,0,3,-0.077287816,0.5341913,722,0.3845422863960266
bbag094_zeisel_cell_00724,3,3,4,2,-2.7731147,0.48031554,723,0.4592885673046112
bbag094_zeisel_cell_00725,3,3,5,1,-1.5930767,3.428372,724,1.5476638078689575
bbag094_zeisel_cell_00726,3,3,2,7,3.7467244,9.407797,725,1.2468043565750122
bbag094_zeisel_cell_00727,3,3,4,2,-1.9725741,0.8734405,726,0.3845422863960266
bbag094_zeisel_cell_00728,3,3,3,6,2.3630211,5.4911103,727,1.4887186288833618
bbag094_zeisel_cell_00729,3,3,0,3,1.3622354,1.2218624,728,0.3845422863960266
bbag094_zeisel_cell_00730,3,3,4,2,-3.0841544,-0.18782648,729,0.3845422863960266
bbag094_zeisel_cell_00731,3,3,4,2,-3.0970411,-0.16507988,730,0.3886959850788116
bbag094_zeisel_cell_00732,3,3,7,unknown,2.082102,12.497422,731,2.37495231628418
bbag094_zeisel_cell_00733,3,3,4,2,-3.0756316,-0.17706302,732,0.3845422863960266
bbag094_zeisel_cell_00734,3,3,4,2,-3.0839045,-0.1849063,733,0.3845422863960266
bbag094_zeisel_cell_00735,3,3,4,2,-3.055047,-0.18646204,734,0.3845422863960266
bbag094_zeisel_cell_00736,3,3,3,6,3.3290193,5.8020163,735,1.8906291723251345
bbag094_zeisel_cell_00737,3,3,0,3,1.4870373,0.25688705,736,0.3845422863960266
bbag094_zeisel_cell_00738,3,3,4,2,-2.8245275,0.4870348,737,0.391784518957138
bbag094_zeisel_cell_00739,3,3,4,2,-3.0411906,-0.18667957,738,1.7514550685882568
bbag094_zeisel_cell_00740,3,3,4,2,-2.8595953,0.3852159,739,0.3845422863960266
bbag094_zeisel_cell_00741,3,3,0,3,1.38623,0.6917711,740,0.3845422863960266
bbag094_zeisel_cell_00742,3,3,4,2,-2.9552753,0.35453016,741,0.3845422863960266
bbag094_zeisel_cell_00743,3,3,4,2,-3.0761733,-0.11393819,742,0.3845422863960266
bbag094_zeisel_cell_00744,3,3,4,2,-3.100431,-0.18503773,743,0.3845422863960266
bbag094_zeisel_cell_00745,3,3,4,2,-2.2174609,0.060470838,744,0.3845422863960266
bbag094_zeisel_cell_00746,3,3,3,6,3.3339577,5.874561,745,1.5419931411743164
bbag094_zeisel_cell_00747,3,3,4,2,-3.1170814,-0.020770846,746,0.3845422863960266
bbag094_zeisel_cell_00748,3,3,0,3,2.2018442,1.2959774,747,0.3845422863960266
bbag094_zeisel_cell_00749,3,3,0,3,1.9889855,1.8912514,748,1.9583377838134768
bbag094_zeisel_cell_00750,3,3,2,7,3.7437344,8.979483,749,0.699974536895752
bbag094_zeisel_cell_00751,3,3,0,3,1.9884249,0.40559986,750,0.3845422863960266
bbag094_zeisel_cell_00752,3,3,7,unknown,2.2024877,12.621475,751,2.3394205570220947
bbag094_zeisel_cell_00753,3,3,0,3,2.3419466,1.5307118,752,0.3845422863960266
bbag094_zeisel_cell_00754,3,3,3,6,2.0933673,5.3214035,753,2.1190593242645264
bbag094_zeisel_cell_00755,3,3,0,3,-1.0540552,8.285956,754,0.8157124519348145
bbag094_zeisel_cell_00756,3,3,0,3,1.860596,1.0151658,755,0.3845422863960266
bbag094_zeisel_cell_00757,3,3,0,3,2.270512,1.7476091,756,0.3845422863960266
bbag094_zeisel_cell_00758,3,3,0,3,2.737981,0.6672317,757,2.050302743911743
bbag094_zeisel_cell_00759,3,3,0,3,1.9768597,1.1326164,758,0.6669550538063049
bbag094_zeisel_cell_00760,3,3,0,3,2.4963121,1.2233765,759,0.3845422863960266
bbag094_zeisel_cell_00761,3,3,1,4,-0.97002566,8.468566,760,1.988109350204468
bbag094_zeisel_cell_00762,3,3,2,7,3.6998465,9.947299,761,0.8793790936470032
bbag094_zeisel_cell_00763,3,3,0,3,2.023931,1.1615345,762,0.3956279158592224
bbag094_zeisel_cell_00764,3,3,0,3,1.9110968,1.0899382,763,0.5640764832496643
bbag094_zeisel_cell_00765,3,3,0,3,1.9541922,1.2827965,764,0.3845422863960266
bbag094_zeisel_cell_00766,3,3,0,3,1.7663885,1.4444304,765,1.2510859966278076
bbag094_zeisel_cell_00767,3,3,0,3,1.8507017,1.0942757,766,0.3845422863960266
bbag094_zeisel_cell_00768,3,3,0,3,2.4903276,1.095463,767,1.8795002698898315
bbag094_zeisel_cell_00769,3,3,0,3,1.5375202,0.91874045,768,0.3845422863960266
bbag094_zeisel_cell_00770,3,3,9,Unmatched_9,0.09492467,3.3980496,769,1.8048368692398071
bbag094_zeisel_cell_00771,3,3,0,3,2.327879,0.69377714,770,0.3845422863960266
bbag094_zeisel_cell_00772,3,3,0,3,2.1763556,1.5012766,771,0.3845422863960266
bbag094_zeisel_cell_00773,3,3,0,3,0.22629376,0.9272629,772,0.3845422863960266
bbag094_zeisel_cell_00774,3,3,0,3,2.7472568,0.43208587,773,0.3845422863960266
bbag094_zeisel_cell_00775,3,3,3,6,1.9814714,5.208759,774,1.5796209573745728
bbag094_zeisel_cell_00776,3,3,0,3,2.0887399,2.1697297,775,1.0256872177124023
bbag094_zeisel_cell_00777,3,3,1,4,-1.5619799,8.103258,776,0.901630997657776
bbag094_zeisel_cell_00778,3,3,3,6,3.4440415,5.346715,777,1.5742428302764893
bbag094_zeisel_cell_00779,3,3,0,3,2.0749083,1.177267,778,0.3845422863960266
bbag094_zeisel_cell_00780,3,3,0,3,1.0291151,0.9998498,779,0.3845422863960266
bbag094_zeisel_cell_00781,3,3,6,5,7.3304577,7.9187665,780,2.37495231628418
bbag094_zeisel_cell_00782,3,3,0,3,2.356786,1.750119,781,0.6315993666648865
bbag094_zeisel_cell_00783,3,3,0,3,2.3711643,1.3244537,782,0.3845422863960266
bbag094_zeisel_cell_00784,3,3,0,3,1.554785,1.400833,783,0.5047101378440857
bbag094_zeisel_cell_00785,3,3,5,1,-0.5908104,3.332799,784,1.460018515586853
bbag094_zeisel_cell_00786,3,3,0,3,2.3950443,1.0768597,785,1.0069239139556885
bbag094_zeisel_cell_00787,3,3,5,1,-3.5868237,3.0032637,786,1.740566372871399
bbag094_zeisel_cell_00788,3,3,7,unknown,2.2350864,12.6517315,787,2.37495231628418
bbag094_zeisel_cell_00789,3,3,0,3,1.7067323,1.2627668,788,0.3845422863960266
bbag094_zeisel_cell_00790,3,3,1,4,-1.0133867,8.303331,789,2.322486162185669
bbag094_zeisel_cell_00791,3,3,0,3,2.5229976,0.57465714,790,0.3845422863960266
bbag094_zeisel_cell_00792,3,3,0,3,1.743589,1.4260656,791,0.8650174140930176
bbag094_zeisel_cell_00793,3,3,8,9,0.74557674,5.849708,792,2.047677516937256
bbag094_zeisel_cell_00794,3,3,1,4,-1.7861658,6.732393,793,2.062971353530884
bbag094_zeisel_cell_00795,3,3,0,3,0.04476403,0.93474,794,1.4039192199707031
bbag094_zeisel_cell_00796,3,3,0,3,2.9065418,-0.6755946,795,0.3845422863960266
bbag094_zeisel_cell_00797,3,3,0,3,3.019165,0.2583565,796,0.3845422863960266
bbag094_zeisel_cell_00798,3,3,0,3,2.5497305,0.42900077,797,0.3845422863960266
bbag094_zeisel_cell_00799,3,3,0,3,2.3113132,1.2946606,798,0.3845422863960266
bbag094_zeisel_cell_00800,3,3,0,3,3.022813,0.26795632,799,0.3845422863960266
bbag094_zeisel_cell_00801,3,3,2,7,3.678373,9.817813,800,1.0398943424224854
bbag094_zeisel_cell_00802,3,3,0,3,2.19399,1.9741976,801,1.0002574920654297
bbag094_zeisel_cell_00803,3,3,1,4,-0.692019,7.729132,802,1.8773167133331297
bbag094_zeisel_cell_00804,3,3,2,7,3.141332,8.085977,803,2.0098578929901123
bbag094_zeisel_cell_00805,3,3,0,3,2.384247,1.4959191,804,0.3845422863960266
bbag094_zeisel_cell_00806,3,3,2,7,4.0172353,9.262345,805,1.1527907848358154
bbag094_zeisel_cell_00807,3,3,4,2,0.08930889,1.4410233,806,0.3845422863960266
bbag094_zeisel_cell_00808,3,3,0,3,1.942431,-0.23027916,807,0.3845422863960266
bbag094_zeisel_cell_00809,3,3,2,7,3.7035453,9.667449,808,0.8883406519889832
bbag094_zeisel_cell_00810,3,3,4,2,-0.052176014,1.6239028,809,0.3845422863960266
bbag094_zeisel_cell_00811,3,3,4,2,0.3921217,1.4162799,810,0.3845422863960266
bbag094_zeisel_cell_00812,3,3,0,3,3.515734,-0.3763436,811,0.3845422863960266
bbag094_zeisel_cell_00813,3,3,0,3,2.1541936,0.44302028,812,0.3845422863960266
bbag094_zeisel_cell_00814,3,3,2,7,3.4565668,9.746372,813,0.8538281321525574
bbag094_zeisel_cell_00815,3,3,0,3,2.795215,0.46681362,814,0.3845422863960266
bbag094_zeisel_cell_00816,3,3,1,4,-0.49249253,7.7419095,815,2.062971353530884
bbag094_zeisel_cell_00817,3,3,0,3,2.8100886,-0.34554362,816,0.3845422863960266
bbag094_zeisel_cell_00818,3,3,0,3,3.263708,0.18292548,817,0.3845422863960266
bbag094_zeisel_cell_00819,3,3,0,3,1.9571038,1.4715108,818,0.3845422863960266
bbag094_zeisel_cell_00820,3,3,0,3,2.256848,1.4232801,819,0.3845422863960266
bbag094_zeisel_cell_00821,3,3,0,3,2.166946,1.6183598,820,0.3845422863960266
bbag094_zeisel_cell_00822,3,3,3,6,2.4385571,5.48868,821,1.3385566473007202
bbag094_zeisel_cell_00823,3,3,1,4,-0.24624431,9.852966,822,2.0369694232940674
bbag094_zeisel_cell_00824,3,3,0,3,2.3401713,1.7355342,823,1.709991455078125
bbag094_zeisel_cell_00825,3,3,1,4,-0.6304794,8.12371,824,2.464755058288574
bbag094_zeisel_cell_00826,3,3,0,3,2.0681858,2.1975074,825,1.036235809326172
bbag094_zeisel_cell_00827,3,3,0,3,2.0958493,2.002298,826,0.6701193451881409
bbag094_zeisel_cell_00828,3,3,0,3,3.2692363,0.019985955,827,0.3845422863960266
bbag094_zeisel_cell_00829,3,3,0,3,2.6522267,0.944565,828,1.587867021560669
bbag094_zeisel_cell_00830,3,3,0,3,2.363203,1.2058309,829,0.3845422863960266
bbag094_zeisel_cell_00831,3,3,0,3,2.2631705,1.4587244,830,0.3845422863960266
bbag094_zeisel_cell_00832,3,3,2,7,3.890261,9.1898155,831,2.024665117263794
bbag094_zeisel_cell_00833,3,3,0,3,2.347441,1.7210447,832,1.005733847618103
bbag094_zeisel_cell_00834,3,3,2,7,3.5004723,9.548213,833,0.9819931983947754
bbag094_zeisel_cell_00835,3,3,0,3,1.8296907,1.5306185,834,1.0986859798431396
bbag094_zeisel_cell_00836,3,3,0,3,2.796587,0.56656694,835,0.3845422863960266
bbag094_zeisel_cell_00837,3,3,1,4,-1.2401482,8.977982,836,2.062971353530884
bbag094_zeisel_cell_00838,3,3,0,3,2.1375463,2.148304,837,1.962951421737671
bbag094_zeisel_cell_00839,3,3,2,7,3.0048265,9.693662,838,1.0031906366348269
bbag094_zeisel_cell_00840,3,3,0,3,2.4970021,1.1676174,839,0.4769715368747711
bbag094_zeisel_cell_00841,3,3,0,3,2.4550722,1.4956932,840,0.3845422863960266
bbag094_zeisel_cell_00842,3,3,0,3,2.357969,1.3301433,841,0.3845422863960266
bbag094_zeisel_cell_00843,3,3,1,4,0.05717883,8.519237,842,1.998561143875122
bbag094_zeisel_cell_00844,3,3,1,4,-0.036481928,8.483764,843,1.9406970739364624
bbag094_zeisel_cell_00845,3,3,0,3,2.1172578,2.1241372,844,2.016300201416016
bbag094_zeisel_cell_00846,3,3,1,4,-2.161945,8.001584,845,1.05148184299469
bbag094_zeisel_cell_00847,3,3,9,Unmatched_9,1.1051186,5.165095,846,1.5049254894256592
bbag094_zeisel_cell_00848,3,3,0,3,1.3502268,1.7336584,847,1.9673049449920652
bbag094_zeisel_cell_00849,3,3,0,3,1.035648,0.31359336,848,0.3845422863960266
bbag094_zeisel_cell_00850,3,3,0,3,1.4064901,0.35752955,849,0.3845422863960266
bbag094_zeisel_cell_00851,3,3,0,3,1.7548097,1.8075832,850,0.8777121305465698
bbag094_zeisel_cell_00852,3,3,0,3,0.974787,-0.27177528,851,0.3845422863960266
bbag094_zeisel_cell_00853,3,3,2,7,4.029049,9.220636,852,1.942020058631897
bbag094_zeisel_cell_00854,3,3,2,7,3.9457085,9.141669,853,1.5674055814743042
bbag094_zeisel_cell_00855,3,3,1,4,-1.3074545,7.695366,854,0.8416275978088379
bbag094_zeisel_cell_00856,3,3,0,3,2.3922575,0.06108064,855,0.3845422863960266
bbag094_zeisel_cell_00857,3,3,0,3,2.5325813,0.92653984,856,0.8025141358375549
bbag094_zeisel_cell_00858,3,3,0,3,2.5164201,1.0821204,857,0.3871800601482391
bbag094_zeisel_cell_00859,3,3,0,3,1.5711836,0.23957255,858,0.3845422863960266
bbag094_zeisel_cell_00860,3,3,5,1,-1.8208892,3.839697,859,1.5459034442901611
bbag094_zeisel_cell_00861,3,3,0,3,0.7021574,1.2834282,860,0.3845422863960266
bbag094_zeisel_cell_00862,3,3,0,3,1.5198056,1.4420942,861,0.3845422863960266
bbag094_zeisel_cell_00863,3,3,0,3,1.8744242,0.6687245,862,0.3845422863960266
bbag094_zeisel_cell_00864,3,3,0,3,1.8082362,0.6485188,863,0.3845422863960266
bbag094_zeisel_cell_00865,3,3,4,2,0.32620764,1.4740567,864,0.6748979091644287
bbag094_zeisel_cell_00866,3,3,0,3,2.3995752,1.3620288,865,0.3845422863960266
bbag094_zeisel_cell_00867,3,3,0,3,1.5661714,1.0141981,866,0.8363346457481384
bbag094_zeisel_cell_00868,3,3,0,3,1.7241867,1.3437572,867,0.3845422863960266
bbag094_zeisel_cell_00869,3,3,2,7,3.5912344,9.585517,868,1.708822250366211
bbag094_zeisel_cell_00870,3,3,0,3,1.2669847,1.433614,869,2.062971353530884
bbag094_zeisel_cell_00871,3,3,2,7,4.1265264,9.869943,870,0.9229442477226256
bbag094_zeisel_cell_00872,3,3,0,3,1.578222,1.6025463,871,1.9659944772720337
bbag094_zeisel_cell_00873,3,3,0,3,2.3565621,1.3327103,872,0.4527275264263153
bbag094_zeisel_cell_00874,3,3,0,3,1.9345293,1.182614,873,0.3845422863960266
bbag094_zeisel_cell_00875,3,3,0,3,1.6713985,1.394986,874,0.3845422863960266
bbag094_zeisel_cell_00876,3,3,0,3,2.3099928,1.8172425,875,1.1987324953079224
bbag094_zeisel_cell_00877,3,3,0,3,0.9890258,0.7512007,876,0.3845422863960266
bbag094_zeisel_cell_00878,3,3,4,2,-0.20795187,1.4475377,877,0.5970597267150879
bbag094_zeisel_cell_00879,3,3,0,3,0.3728978,1.6417181,878,0.3845422863960266
bbag094_zeisel_cell_00880,3,3,4,2,-0.054620825,1.5089067,879,0.3845422863960266
bbag094_zeisel_cell_00881,3,3,4,2,-0.09899471,1.2752848,880,0.3845422863960266
bbag094_zeisel_cell_00882,3,3,0,3,0.19778368,0.93356544,881,0.3845422863960266
bbag094_zeisel_cell_00883,3,3,4,2,-0.15270722,1.187794,882,0.3845422863960266
bbag094_zeisel_cell_00884,3,3,4,2,0.10734026,1.1189443,883,0.3845422863960266
bbag094_zeisel_cell_00885,3,3,3,6,3.4302824,4.7972383,884,1.7794963121414185
bbag094_zeisel_cell_00886,3,3,3,6,3.3429737,4.8515115,885,0.7380858063697815
bbag094_zeisel_cell_00887,3,3,6,5,7.513537,7.8711796,886,2.37495231628418
bbag094_zeisel_cell_00888,3,3,0,3,0.39334756,1.3313218,887,0.3845422863960266
bbag094_zeisel_cell_00889,3,3,0,3,0.49224424,0.45535576,888,0.3845422863960266
bbag094_zeisel_cell_00890,3,3,2,7,3.8691118,9.882736,889,1.0015935897827148
bbag094_zeisel_cell_00891,3,3,0,3,0.7518942,1.1657676,890,0.590211033821106
bbag094_zeisel_cell_00892,3,3,2,7,3.9388685,9.975284,891,0.8976603746414185
bbag094_zeisel_cell_00893,3,3,0,3,1.3829912,0.52385896,892,0.3845422863960266
bbag094_zeisel_cell_00894,3,3,0,3,0.8646147,0.7418633,893,0.3845422863960266
bbag094_zeisel_cell_00895,3,3,4,2,0.26083735,1.2796184,894,0.3845422863960266
bbag094_zeisel_cell_00896,3,3,1,4,-0.8480009,9.455688,895,1.8000624179840088
bbag094_zeisel_cell_00897,3,3,0,3,1.3018203,0.7252672,896,0.3845422863960266
bbag094_zeisel_cell_00898,3,3,0,3,1.0670344,0.29615796,897,0.3845422863960266
bbag094_zeisel_cell_00899,3,3,0,3,1.4636317,0.6955992,898,0.3845422863960266
bbag094_zeisel_cell_00900,3,3,0,3,1.2563874,0.6836205,899,0.3845422863960266
bbag094_zeisel_cell_00901,3,3,0,3,1.4012774,0.7114204,900,0.3845422863960266
bbag094_zeisel_cell_00902,3,3,0,3,1.0077019,1.0488728,901,0.3845422863960266
bbag094_zeisel_cell_00903,3,3,0,3,1.272387,0.6733955,902,0.3845422863960266
bbag094_zeisel_cell_00904,3,3,0,3,3.2316365,0.013242663,903,0.3845422863960266
bbag094_zeisel_cell_00905,3,3,0,3,1.4670703,0.66286415,904,0.3845422863960266
bbag094_zeisel_cell_00906,3,3,0,3,1.3332759,0.5535759,905,0.3845422863960266
bbag094_zeisel_cell_00907,3,3,0,3,1.3862948,0.29531285,906,0.3845422863960266
bbag094_zeisel_cell_00908,3,3,0,3,1.2998676,0.42443576,907,0.3845422863960266
bbag094_zeisel_cell_00909,3,3,0,3,1.245491,0.8593173,908,0.3845422863960266
bbag094_zeisel_cell_00910,3,3,0,3,2.3935418,0.40943643,909,0.3845422863960266
bbag094_zeisel_cell_00911,3,3,0,3,0.8580378,0.6176169,910,0.3845422863960266
bbag094_zeisel_cell_00912,3,3,0,3,1.4306505,0.60568786,911,0.3845422863960266
bbag094_zeisel_cell_00913,3,3,0,3,1.4346286,0.513582,912,0.3845422863960266
bbag094_zeisel_cell_00914,3,3,2,7,4.040086,9.627497,913,1.3220083713531494
bbag094_zeisel_cell_00915,3,3,0,3,2.3136373,-0.15623692,914,0.3845422863960266
bbag094_zeisel_cell_00916,3,3,0,3,1.6415653,-0.17288403,915,0.3845422863960266
bbag094_zeisel_cell_00917,3,3,0,3,1.0998862,-0.52318203,916,0.3845422863960266
bbag094_zeisel_cell_00918,3,3,3,6,3.4333076,5.642036,917,1.367850661277771
bbag094_zeisel_cell_00919,3,3,0,3,-0.1033365,0.9581615,918,2.013130187988281
bbag094_zeisel_cell_00920,3,3,0,3,1.5742352,0.29304466,919,0.3845422863960266
bbag094_zeisel_cell_00921,3,3,3,6,3.2389596,5.4561105,920,1.848066806793213
bbag094_zeisel_cell_00922,3,3,0,3,1.2220021,0.30562857,921,0.3845422863960266
bbag094_zeisel_cell_00923,3,3,9,Unmatched_9,-0.2911577,3.4039638,922,1.3946293592453003
bbag094_zeisel_cell_00924,3,3,0,3,1.5062875,0.2846595,923,0.3845422863960266
bbag094_zeisel_cell_00925,3,3,0,3,2.3068163,-0.048028503,924,0.3845422863960266
bbag094_zeisel_cell_00926,3,3,0,3,2.079173,0.6878388,925,0.3845422863960266
bbag094_zeisel_cell_00927,3,3,0,3,1.6084347,0.07588733,926,0.3845422863960266
bbag094_zeisel_cell_00928,3,3,0,3,1.9084889,0.8205191,927,0.3845422863960266
bbag094_zeisel_cell_00929,3,3,0,3,0.1886593,0.2362951,928,0.3845422863960266
bbag094_zeisel_cell_00930,3,3,0,3,0.7292369,-0.6216758,929,0.3845422863960266
bbag094_zeisel_cell_00931,3,3,0,3,1.4837186,0.20353672,930,0.3845422863960266
bbag094_zeisel_cell_00932,3,3,0,3,1.4926424,0.20899916,931,0.3845422863960266
bbag094_zeisel_cell_00933,3,3,0,3,1.3447046,-0.01455197,932,0.3845422863960266
bbag094_zeisel_cell_00934,3,3,0,3,1.3899958,0.41434833,933,0.3845422863960266
bbag094_zeisel_cell_00935,3,3,2,7,3.8901799,9.569542,934,1.2266405820846558
bbag094_zeisel_cell_00936,3,3,5,1,-3.5057523,2.1383786,935,1.126037359237671
bbag094_zeisel_cell_00937,3,3,8,9,0.80908334,5.89737,936,1.7464555501937866
bbag094_zeisel_cell_00938,3,3,0,3,1.3096768,-0.68508476,937,0.3845422863960266
bbag094_zeisel_cell_00939,3,3,0,3,0.8567578,-0.5682448,938,0.3845422863960266
bbag094_zeisel_cell_00940,3,3,0,3,1.7413443,0.07154555,939,0.3845422863960266
bbag094_zeisel_cell_00941,3,3,0,3,1.1492707,-0.15314078,940,0.3845422863960266
bbag094_zeisel_cell_00942,3,3,0,3,-0.082176685,0.8640799,941,0.3845422863960266
bbag094_zeisel_cell_00943,3,3,0,3,0.023117589,0.8866816,942,0.4594062268733978
bbag094_zeisel_cell_00944,3,3,0,3,0.8481033,-0.45555088,943,0.3845422863960266
bbag094_zeisel_cell_00945,3,3,2,7,3.9041712,9.358216,944,1.2976551055908203
bbag094_zeisel_cell_00946,3,3,7,unknown,2.2031329,12.62036,945,2.37495231628418
bbag094_zeisel_cell_00947,3,3,0,3,-0.30421355,0.5526563,946,0.3845422863960266
bbag094_zeisel_cell_00948,3,3,0,3,1.0361191,-0.7950622,947,0.3845422863960266
bbag094_zeisel_cell_00949,3,3,0,3,0.66193086,0.27934995,948,1.1783260107040403
bbag094_zeisel_cell_00950,3,3,0,3,1.3213458,0.24303061,949,0.3845422863960266
bbag094_zeisel_cell_00951,3,3,0,3,1.0524192,0.42851275,950,0.3845422863960266
bbag094_zeisel_cell_00952,3,3,0,3,0.80012447,-0.55328876,951,0.3845422863960266
bbag094_zeisel_cell_00953,3,3,2,7,4.102837,9.558052,952,1.650858759880066
bbag094_zeisel_cell_00954,3,3,0,3,0.66819096,-0.6203198,953,0.3845422863960266
bbag094_zeisel_cell_00955,3,3,2,7,4.002342,9.527029,954,1.1065170764923096
bbag094_zeisel_cell_00956,3,3,0,3,1.0658447,1.5573211,955,1.301641821861267
bbag094_zeisel_cell_00957,3,3,2,7,3.8769474,9.449076,956,1.9566813707351685
bbag094_zeisel_cell_00958,3,3,0,3,1.2188344,0.43680227,957,0.3845422863960266
bbag094_zeisel_cell_00959,3,3,0,3,1.9855133,0.15336744,958,0.3845422863960266
bbag094_zeisel_cell_00960,3,3,0,3,0.82926893,-0.5202043,959,0.3845422863960266
bbag094_zeisel_cell_00961,3,3,0,3,-0.7355027,0.37604877,960,0.6662553548812866
bbag094_zeisel_cell_00962,3,3,0,3,1.0849445,-0.45573917,961,0.3845422863960266
bbag094_zeisel_cell_00963,3,3,3,6,3.2586784,5.202917,962,1.8909465074539185
bbag094_zeisel_cell_00964,3,3,0,3,0.9101006,0.09694484,963,0.3845422863960266
bbag094_zeisel_cell_00965,3,3,0,3,0.8828043,0.2160492,964,0.3845422863960266
bbag094_zeisel_cell_00966,3,3,1,4,-1.8069096,7.439179,965,1.5989906787872314
bbag094_zeisel_cell_00967,3,3,0,3,0.84496504,-0.5038326,966,0.4041754305362701
bbag094_zeisel_cell_00968,3,3,0,3,1.3637145,0.09589913,967,0.3845422863960266
bbag094_zeisel_cell_00969,3,3,0,3,0.5999874,0.4420268,968,0.3845422863960266
bbag094_zeisel_cell_00970,3,3,0,3,1.9407303,0.06174752,969,0.3845422863960266
bbag094_zeisel_cell_00971,3,3,0,3,1.1625059,0.15091597,970,0.3845422863960266
bbag094_zeisel_cell_00972,3,3,2,7,3.780904,9.570142,971,1.1262048482894895
bbag094_zeisel_cell_00973,3,3,0,3,2.3046665,-0.24491067,972,0.3845422863960266
bbag094_zeisel_cell_00974,3,3,0,3,1.1507576,-0.73089796,973,0.3845422863960266
bbag094_zeisel_cell_00975,3,3,0,3,0.0922889,0.8768469,974,1.3689534664154053
bbag094_zeisel_cell_00976,3,3,0,3,-0.4106699,0.47121584,975,0.3845422863960266
bbag094_zeisel_cell_00977,3,3,0,3,1.8250282,0.989922,976,0.3845422863960266
bbag094_zeisel_cell_00978,3,3,0,3,0.08042155,0.8278879,977,0.3845422863960266
bbag094_zeisel_cell_00979,3,3,0,3,1.5448552,-0.13677675,978,0.5194512009620667
bbag094_zeisel_cell_00980,3,3,0,3,2.7740738,-1.0490772,979,0.3845422863960266
bbag094_zeisel_cell_00981,3,3,0,3,2.9088235,-0.9087389,980,0.3845422863960266
bbag094_zeisel_cell_00982,3,3,0,3,1.7021855,-0.32147628,981,0.3845422863960266
bbag094_zeisel_cell_00983,3,3,0,3,0.46129382,0.8624157,982,0.3845422863960266
bbag094_zeisel_cell_00984,3,3,3,6,2.5611334,5.4134526,983,1.3794145584106443
bbag094_zeisel_cell_00985,3,3,0,3,0.009688444,0.6839989,984,0.3845422863960266
bbag094_zeisel_cell_00986,3,3,4,2,-0.022043822,1.3824251,985,0.3845422863960266
bbag094_zeisel_cell_00987,3,3,0,3,1.1661149,0.62915903,986,0.3845422863960266
bbag094_zeisel_cell_00988,3,3,0,3,0.14364575,0.87715375,987,0.3845422863960266
bbag094_zeisel_cell_00989,3,3,0,3,0.4833892,1.2955773,988,0.3845422863960266
bbag094_zeisel_cell_00990,3,3,0,3,1.5492331,1.481422,989,0.530028223991394
bbag094_zeisel_cell_00991,3,3,0,3,1.9491992,-0.55845135,990,0.3845422863960266
bbag094_zeisel_cell_00992,3,3,0,3,1.9638871,0.5536236,991,0.3845422863960266
bbag094_zeisel_cell_00993,3,3,0,3,3.3474667,-0.64175034,992,0.3845422863960266
bbag094_zeisel_cell_00994,3,3,0,3,-0.20462337,0.88589466,993,0.3845422863960266
bbag094_zeisel_cell_00995,3,3,0,3,1.6748723,1.4276023,994,0.3845422863960266
bbag094_zeisel_cell_00996,3,3,0,3,1.3469361,0.998899,995,0.3845422863960266
bbag094_zeisel_cell_00997,3,3,0,3,0.5809174,0.23064198,996,0.74050372838974
bbag094_zeisel_cell_00998,3,3,0,3,1.4897568,0.31985426,997,0.3845422863960266
bbag094_zeisel_cell_00999,3,3,0,3,2.2949948,0.25493693,998,0.3845422863960266
bbag094_zeisel_cell_01000,3,3,0,3,2.0092454,0.42065746,999,0.3845422863960266
bbag094_zeisel_cell_01001,3,3,1,4,-0.8137246,7.7207246,1000,1.963202953338623
bbag094_zeisel_cell_01002,3,3,0,3,2.1831827,0.48864827,1001,0.3845422863960266
bbag094_zeisel_cell_01003,3,3,9,Unmatched_9,0.0772879,3.700275,1002,1.4061694145202637
bbag094_zeisel_cell_01004,3,3,0,3,1.419122,1.0595633,1003,0.3845422863960266
bbag094_zeisel_cell_01005,3,3,5,1,-1.6394852,3.7822576,1004,1.766438364982605
bbag094_zeisel_cell_01006,3,3,0,3,0.15366052,1.0714549,1005,0.3845422863960266
bbag094_zeisel_cell_01007,3,3,0,3,1.5233037,1.1838967,1006,0.3845422863960266
bbag094_zeisel_cell_01008,3,3,3,6,2.2846646,5.427457,1007,1.4941667318344116
bbag094_zeisel_cell_01009,3,3,0,3,1.6884623,0.640056,1008,0.3845422863960266
bbag094_zeisel_cell_01010,3,3,2,7,3.160901,8.046181,1009,1.5623949766159058
bbag094_zeisel_cell_01011,3,3,0,3,2.3581977,1.078286,1010,0.3845422863960266
bbag094_zeisel_cell_01012,3,3,2,7,1.6662472,10.444921,1011,2.0250017642974854
bbag094_zeisel_cell_01013,3,3,3,6,3.2355437,5.466832,1012,1.9513262510299685
bbag094_zeisel_cell_01014,3,3,0,3,3.4865265,-0.4175382,1013,0.404807835817337
bbag094_zeisel_cell_01015,3,3,0,3,2.3077185,0.61965317,1014,0.544344425201416
bbag094_zeisel_cell_01016,3,3,0,3,1.7688423,1.4741242,1015,0.4705450236797333
bbag094_zeisel_cell_01017,3,3,7,unknown,2.1310053,12.52025,1016,2.3563039302825928
bbag094_zeisel_cell_01018,3,3,0,3,1.484914,1.1521834,1017,1.5324864387512207
bbag094_zeisel_cell_01019,3,3,2,7,4.0147038,9.220226,1018,1.402786374092102
bbag094_zeisel_cell_01020,3,3,0,3,1.7494258,1.7330095,1019,1.6021465063095093
bbag094_zeisel_cell_01021,3,3,0,3,2.5083606,0.5730134,1020,0.3845422863960266
bbag094_zeisel_cell_01022,3,3,3,6,3.572909,5.3582454,1021,1.8403738737106323
bbag094_zeisel_cell_01023,3,3,0,3,2.1003308,2.0910852,1022,1.4814859628677368
bbag094_zeisel_cell_01024,3,3,0,3,1.7501651,1.5190969,1023,1.7597767114639282
bbag094_zeisel_cell_01025,3,3,0,3,-0.43859637,3.657177,1024,1.947759032249451
bbag094_zeisel_cell_01026,3,3,0,3,2.0613892,0.09881426,1025,0.3845422863960266
bbag094_zeisel_cell_01027,3,3,8,9,0.70828986,5.8639517,1026,1.9265847206115725
bbag094_zeisel_cell_01028,3,3,1,4,-0.5350891,7.8682885,1027,2.028737068176269
bbag094_zeisel_cell_01029,3,3,5,1,-1.0390234,3.6839688,1028,1.7751226425170898
bbag094_zeisel_cell_01030,3,3,2,7,3.9470503,9.174555,1029,1.7589558362960815
bbag094_zeisel_cell_01031,3,3,1,4,-0.5423008,7.6874957,1030,2.027953147888184
bbag094_zeisel_cell_01032,3,3,0,3,2.276271,1.234195,1031,0.3845422863960266
bbag094_zeisel_cell_01033,3,3,0,3,2.1748576,0.28249508,1032,0.3845422863960266
bbag094_zeisel_cell_01034,3,3,0,3,2.473142,0.17561354,1033,0.3845422863960266
bbag094_zeisel_cell_01035,3,3,0,3,2.1157444,-0.53254616,1034,0.3845422863960266
bbag094_zeisel_cell_01036,3,3,0,3,1.980406,1.4499294,1035,0.3845422863960266
bbag094_zeisel_cell_01037,3,3,0,3,2.5644975,0.119819626,1036,0.3845422863960266
bbag094_zeisel_cell_01038,3,3,8,9,0.6993514,5.924359,1037,1.961708903312683
bbag094_zeisel_cell_01039,3,3,0,3,2.6391842,0.61566854,1038,0.3845422863960266
bbag094_zeisel_cell_01040,3,3,0,3,2.0505383,0.4099576,1039,0.3845422863960266
bbag094_zeisel_cell_01041,3,3,0,3,2.7076533,0.758275,1040,0.3845422863960266
bbag094_zeisel_cell_01042,3,3,0,3,2.0097117,-0.35845375,1041,0.3845422863960266
bbag094_zeisel_cell_01043,3,3,0,3,2.7955885,0.6835221,1042,0.3845422863960266
bbag094_zeisel_cell_01044,3,3,0,3,2.8788757,0.5512369,1043,0.3845422863960266
bbag094_zeisel_cell_01045,3,3,0,3,2.6838596,0.25007996,1044,0.3845422863960266
bbag094_zeisel_cell_01046,3,3,0,3,3.5361254,-0.61981493,1045,0.3845422863960266
bbag094_zeisel_cell_01047,3,3,0,3,2.288169,1.7922713,1046,0.8477680683135986
bbag094_zeisel_cell_01048,3,3,1,4,-0.5298579,7.510057,1047,1.774501085281372
bbag094_zeisel_cell_01049,3,3,0,3,2.6697679,0.016975345,1048,0.3845422863960266
bbag094_zeisel_cell_01050,3,3,1,4,-0.6962412,7.8222256,1049,2.062971353530884
bbag094_zeisel_cell_01051,3,3,3,6,3.341674,5.746216,1050,1.49168598651886
bbag094_zeisel_cell_01052,3,3,0,3,2.4844303,0.45736188,1051,0.3845422863960266
bbag094_zeisel_cell_01053,3,3,0,3,2.8928752,0.31504926,1052,0.3845422863960266
bbag094_zeisel_cell_01054,3,3,0,3,2.801748,-0.05898511,1053,0.3845422863960266
bbag094_zeisel_cell_01055,3,3,0,3,2.2416344,0.27287462,1054,0.3845422863960266
bbag094_zeisel_cell_01056,3,3,0,3,3.5276449,-0.83157,1055,0.3845422863960266
bbag094_zeisel_cell_01057,3,3,0,3,2.7778811,0.278386,1056,0.3845422863960266
bbag094_zeisel_cell_01058,3,3,0,3,2.9278305,0.12892559,1057,0.3845422863960266
bbag094_zeisel_cell_01059,3,3,0,3,2.5189762,1.112216,1058,0.3845422863960266
bbag094_zeisel_cell_01060,3,3,0,3,2.7851186,0.48823228,1059,0.3845422863960266
bbag094_zeisel_cell_01061,3,3,0,3,3.022987,-0.2878771,1060,0.3845422863960266
bbag094_zeisel_cell_01062,3,3,0,3,2.1312323,-0.7667153,1061,0.3845422863960266
bbag094_zeisel_cell_01063,3,3,0,3,2.6051214,0.27529228,1062,0.3845422863960266
bbag094_zeisel_cell_01064,3,3,0,3,3.1500893,-0.11298054,1063,0.3845422863960266
bbag094_zeisel_cell_01065,3,3,0,3,2.534889,0.014742092,1064,0.3845422863960266
bbag094_zeisel_cell_01066,3,3,3,6,3.206612,5.623547,1065,1.466480731964111
bbag094_zeisel_cell_01067,3,3,0,3,3.5100849,-0.41521853,1066,0.3845422863960266
bbag094_zeisel_cell_01068,3,3,1,4,-0.7671044,7.82563,1067,2.150106430053711
bbag094_zeisel_cell_01069,3,3,0,3,2.8060322,0.42635486,1068,0.3845422863960266
bbag094_zeisel_cell_01070,3,3,0,3,3.0401118,-1.1887907,1069,0.3845422863960266
bbag094_zeisel_cell_01071,3,3,3,6,2.1792943,7.0756073,1070,1.5471593141555786
bbag094_zeisel_cell_01072,3,3,0,3,2.8162725,-0.21987757,1071,0.3845422863960266
bbag094_zeisel_cell_01073,3,3,0,3,2.8101149,0.1940417,1072,0.872467577457428
bbag094_zeisel_cell_01074,3,3,0,3,2.768724,0.4210921,1073,0.3845422863960266
bbag094_zeisel_cell_01075,3,3,0,3,2.4013379,-0.005218428,1074,0.3845422863960266
bbag094_zeisel_cell_01076,3,3,0,3,2.6847942,0.045889124,1075,0.3845422863960266
bbag094_zeisel_cell_01077,3,3,0,3,2.8094893,-0.23061085,1076,0.3845422863960266
bbag094_zeisel_cell_01078,3,3,0,3,2.1274974,1.5028144,1077,0.3845422863960266
bbag094_zeisel_cell_01079,3,3,0,3,2.6429973,-0.4634968,1078,0.3845422863960266
bbag094_zeisel_cell_01080,3,3,0,3,2.470743,-0.15505272,1079,0.3845422863960266
bbag094_zeisel_cell_01081,3,3,0,3,2.7269413,-0.39264134,1080,0.3845422863960266
bbag094_zeisel_cell_01082,3,3,7,unknown,2.192402,12.614113,1081,2.37495231628418
bbag094_zeisel_cell_01083,3,3,0,3,2.0473936,-1.178021,1082,0.3845422863960266
bbag094_zeisel_cell_01084,3,3,0,3,2.3464465,-0.8422126,1083,0.3845422863960266
bbag094_zeisel_cell_01085,3,3,0,3,2.6965864,-0.40628174,1084,0.3845422863960266
bbag094_zeisel_cell_01086,3,3,0,3,2.9368002,-0.27226755,1085,0.3845422863960266
bbag094_zeisel_cell_01087,3,3,0,3,2.581806,-0.9520837,1086,0.3845422863960266
bbag094_zeisel_cell_01088,3,3,1,4,-1.4214481,9.249707,1087,0.9411678314208984
bbag094_zeisel_cell_01089,3,3,0,3,2.655525,0.19190305,1088,0.3845422863960266
bbag094_zeisel_cell_01090,3,3,0,3,2.4907794,-0.7855521,1089,0.3845422863960266
bbag094_zeisel_cell_01091,3,3,0,3,2.546431,0.09184605,1090,0.3845422863960266
bbag094_zeisel_cell_01092,3,3,7,unknown,2.2275274,12.668147,1091,2.370459794998169
bbag094_zeisel_cell_01093,3,3,0,3,2.7033226,-0.17606235,1092,0.3845422863960266
bbag094_zeisel_cell_01094,3,3,0,3,2.0228646,-0.37382826,1093,0.3845422863960266
bbag094_zeisel_cell_01095,3,3,0,3,2.6875472,0.18904218,1094,0.3845422863960266
bbag094_zeisel_cell_01096,3,3,2,7,4.0051303,10.163122,1095,0.7888087630271912
bbag094_zeisel_cell_01097,3,3,0,3,2.736402,-0.7370257,1096,0.3845422863960266
bbag094_zeisel_cell_01098,3,3,0,3,2.86563,-0.34688392,1097,0.3845422863960266
bbag094_zeisel_cell_01099,3,3,0,3,2.0786357,-0.33045265,1098,0.3845422863960266
bbag094_zeisel_cell_01100,3,3,2,7,3.5641763,9.530189,1099,1.5484298467636108
bbag094_zeisel_cell_01101,3,3,0,3,2.8474958,-1.0106108,1100,0.3845422863960266
bbag094_zeisel_cell_01102,3,3,0,3,2.6019409,0.2760498,1101,0.3845422863960266
bbag094_zeisel_cell_01103,3,3,0,3,3.091557,-0.2595796,1102,0.3845422863960266
bbag094_zeisel_cell_01104,3,3,0,3,3.0341473,-0.13053757,1103,0.3845422863960266
bbag094_zeisel_cell_01105,3,3,0,3,2.9582152,-1.0879905,1104,0.3845422863960266
bbag094_zeisel_cell_01106,3,3,0,3,2.9018672,-0.7050678,1105,0.3845422863960266
bbag094_zeisel_cell_01107,3,3,0,3,2.420226,-0.6213923,1106,0.3845422863960266
bbag094_zeisel_cell_01108,3,3,0,3,2.4724348,-0.43991512,1107,0.3845422863960266
bbag094_zeisel_cell_01109,3,3,0,3,2.927903,-0.19287464,1108,0.3845422863960266
bbag094_zeisel_cell_01110,3,3,1,4,-1.2403934,9.409197,1109,2.0602810382843018
bbag094_zeisel_cell_01111,3,3,2,7,3.7340202,9.926127,1110,0.9847334027290344
bbag094_zeisel_cell_01112,3,3,0,3,3.0629747,-0.964921,1111,0.3845422863960266
bbag094_zeisel_cell_01113,3,3,0,3,2.6455069,-0.24698271,1112,0.3845422863960266
bbag094_zeisel_cell_01114,3,3,0,3,3.1710763,-0.3302599,1113,0.3845422863960266
bbag094_zeisel_cell_01115,3,3,0,3,3.5432265,-0.43396312,1114,0.3845422863960266
bbag094_zeisel_cell_01116,3,3,3,6,3.470638,5.4026084,1115,1.471083402633667
bbag094_zeisel_cell_01117,3,3,0,3,1.5864522,-0.8299086,1116,0.3845422863960266
bbag094_zeisel_cell_01118,3,3,0,3,2.9838147,-0.425997,1117,0.3845422863960266
bbag094_zeisel_cell_01119,3,3,0,3,3.0120833,-1.2508829,1118,0.3845422863960266
bbag094_zeisel_cell_01120,3,3,0,3,3.4581847,-0.44475746,1119,0.3845422863960266
bbag094_zeisel_cell_01121,3,3,0,3,3.5890956,-0.7505248,1120,0.3845422863960266
bbag094_zeisel_cell_01122,3,3,1,4,-1.5535262,9.440701,1121,0.882005512714386
bbag094_zeisel_cell_01123,3,3,0,3,3.227768,-0.9716459,1122,0.3845422863960266
bbag094_zeisel_cell_01124,3,3,0,3,2.8472943,-0.1931763,1123,0.3845422863960266
bbag094_zeisel_cell_01125,3,3,10,8,11.754797,2.3504474,1124,3.0590591430664062
bbag094_zeisel_cell_01126,3,3,0,3,2.2330654,-0.6360239,1125,0.3845422863960266
bbag094_zeisel_cell_01127,3,3,5,1,-1.1543614,3.6257646,1126,1.4795104265213013
bbag094_zeisel_cell_01128,3,3,0,3,3.3144212,-0.84473366,1127,0.3845422863960266
bbag094_zeisel_cell_01129,3,3,0,3,3.6136312,-0.76146984,1128,0.3845422863960266
bbag094_zeisel_cell_01130,3,3,0,3,2.3112254,1.2418166,1129,0.3845422863960266
bbag094_zeisel_cell_01131,3,3,0,3,3.3186266,-1.1008328,1130,0.3845422863960266
bbag094_zeisel_cell_01132,3,3,1,4,-0.53577846,9.399245,1131,2.463353157043457
bbag094_zeisel_cell_01133,3,3,0,3,3.6275606,-0.7374773,1132,0.3845422863960266
bbag094_zeisel_cell_01134,3,3,0,3,3.30886,-0.48689675,1133,0.3845422863960266
bbag094_zeisel_cell_01135,3,3,2,7,3.6200445,9.715246,1134,1.2268284559249878
bbag094_zeisel_cell_01136,3,3,0,3,3.1916928,-0.51587856,1135,0.3897195160388946
bbag094_zeisel_cell_01137,3,3,6,5,7.711066,8.205774,1136,2.37495231628418
bbag094_zeisel_cell_01138,3,3,0,3,3.0688376,-1.2675774,1137,0.3845422863960266
bbag094_zeisel_cell_01139,3,3,3,6,3.219034,5.7945204,1138,1.3618427515029907
bbag094_zeisel_cell_01140,3,3,0,3,3.069156,-0.44458196,1139,0.3845422863960266
bbag094_zeisel_cell_01141,3,3,0,3,3.130376,-1.0024348,1140,0.3845422863960266
bbag094_zeisel_cell_01142,3,3,0,3,3.2176921,-0.56736773,1141,0.3845422863960266
bbag094_zeisel_cell_01143,3,3,0,3,2.7621686,-1.5032783,1142,0.3845422863960266
bbag094_zeisel_cell_01144,3,3,0,3,-0.33536813,0.43335208,1143,0.3845422863960266
bbag094_zeisel_cell_01145,3,3,2,7,3.2681746,9.745962,1144,0.8350086212158203
bbag094_zeisel_cell_01146,3,3,7,unknown,2.2729485,12.685287,1145,2.339101791381836
bbag094_zeisel_cell_01147,3,3,0,3,-0.13678077,0.9756049,1146,0.3845422863960266
bbag094_zeisel_cell_01148,3,3,3,6,3.6272357,5.461576,1147,1.5351465940475464
bbag094_zeisel_cell_01149,3,3,0,3,3.3748713,-1.0072131,1148,0.3845422863960266
bbag094_zeisel_cell_01150,3,3,0,3,2.1483417,-0.6732337,1149,0.3845422863960266
bbag094_zeisel_cell_01151,3,3,3,6,2.6790245,5.374653,1150,1.3803316354751587
bbag094_zeisel_cell_01152,3,3,5,1,-1.9784658,3.1782734,1151,1.8072922229766848
bbag094_zeisel_cell_01153,3,3,3,6,3.5690265,5.64321,1152,1.3688925504684448
bbag094_zeisel_cell_01154,3,3,3,6,2.5136306,5.4747963,1153,1.394924879074097
bbag094_zeisel_cell_01155,3,3,0,3,2.714008,-0.49059576,1154,0.3845422863960266
bbag094_zeisel_cell_01156,3,3,0,3,2.8973684,-0.68786377,1155,0.3845422863960266
bbag094_zeisel_cell_01157,3,3,0,3,2.9154873,-1.4222174,1156,0.3845422863960266
bbag094_zeisel_cell_01158,3,3,0,3,2.9243615,-1.3601863,1157,0.3845422863960266
bbag094_zeisel_cell_01159,3,3,0,3,3.5677533,-0.7645911,1158,0.3845422863960266
bbag094_zeisel_cell_01160,3,3,0,3,2.580963,-0.37143707,1159,0.3845422863960266
bbag094_zeisel_cell_01161,3,3,0,3,2.9933827,-1.4559271,1160,0.3845422863960266
bbag094_zeisel_cell_01162,3,3,0,3,2.890258,-0.8420644,1161,0.3845422863960266
bbag094_zeisel_cell_01163,3,3,5,1,-1.9297758,3.662501,1162,1.824912428855896
bbag094_zeisel_cell_01164,3,3,0,3,3.2282097,-1.0426506,1163,0.3845422863960266
bbag094_zeisel_cell_01165,3,3,0,3,1.7985976,1.9165279,1164,1.6160213947296145
bbag094_zeisel_cell_01166,3,3,0,3,2.8361814,-1.4258353,1165,0.3845422863960266
bbag094_zeisel_cell_01167,3,3,2,7,3.4062777,9.728561,1166,1.103979229927063
bbag094_zeisel_cell_01168,3,3,1,4,1.9805365,2.1967363,1167,0.3845422863960266
bbag094_zeisel_cell_01169,3,3,3,6,2.9469357,5.9994354,1168,1.3609706163406372
bbag094_zeisel_cell_01170,3,3,0,3,1.939351,2.1167126,1169,1.974839687347412
bbag094_zeisel_cell_01171,3,3,0,3,2.6900008,-0.6434427,1170,0.3845422863960266
bbag094_zeisel_cell_01172,3,3,0,3,2.9774377,-0.5939458,1171,0.3845422863960266
bbag094_zeisel_cell_01173,3,3,0,3,2.4595113,-0.8319247,1172,0.3845422863960266
bbag094_zeisel_cell_01174,3,3,7,unknown,2.1833603,12.256495,1173,2.37495231628418
bbag094_zeisel_cell_01175,3,3,0,3,2.9933815,-1.177976,1174,0.3845422863960266
bbag094_zeisel_cell_01176,3,3,0,3,2.5854244,-0.7010095,1175,0.3845422863960266
bbag094_zeisel_cell_01177,3,3,0,3,2.45361,-0.85250103,1176,0.3845422863960266
bbag094_zeisel_cell_01178,3,3,0,3,1.9984038,-1.1879623,1177,0.3845422863960266
bbag094_zeisel_cell_01179,3,3,0,3,2.3987641,-1.3502504,1178,0.3845422863960266
bbag094_zeisel_cell_01180,3,3,0,3,2.8566787,-1.4297991,1179,0.3845422863960266
bbag094_zeisel_cell_01181,3,3,0,3,2.0933986,-0.8552179,1180,0.3845422863960266
bbag094_zeisel_cell_01182,3,3,0,3,2.4951618,-0.9737067,1181,0.3845422863960266
bbag094_zeisel_cell_01183,3,3,0,3,2.6710658,-1.4577326,1182,0.3845422863960266
bbag094_zeisel_cell_01184,3,3,3,6,3.5140915,6.3797894,1183,1.879838943481445
bbag094_zeisel_cell_01185,3,3,0,3,2.508737,-0.7588358,1184,0.3845422863960266
bbag094_zeisel_cell_01186,3,3,0,3,2.808665,-1.455956,1185,0.3845422863960266
bbag094_zeisel_cell_01187,3,3,0,3,2.8034792,-1.4399064,1186,0.3845422863960266
bbag094_zeisel_cell_01188,3,3,0,3,3.481752,-0.9294942,1187,0.3845422863960266
bbag094_zeisel_cell_01189,3,3,1,4,1.998842,2.297398,1188,0.7664151787757874
bbag094_zeisel_cell_01190,3,3,0,3,1.8617774,-1.3262159,1189,0.3845422863960266
bbag094_zeisel_cell_01191,3,3,0,3,1.9847734,-0.90207756,1190,0.3845422863960266
bbag094_zeisel_cell_01192,3,3,0,3,1.553545,-0.50644803,1191,0.3845422863960266
bbag094_zeisel_cell_01193,3,3,5,1,-1.81382,3.4698813,1192,0.4851191341876983
bbag094_zeisel_cell_01194,3,3,3,6,1.9209142,5.684117,1193,2.005683183670044
bbag094_zeisel_cell_01195,3,3,0,3,1.8997318,-0.24547915,1194,0.3845422863960266
bbag094_zeisel_cell_01196,3,3,0,3,1.17868,1.7353624,1195,0.8896446228027344
bbag094_zeisel_cell_01197,3,3,0,3,2.8662555,-1.4356451,1196,0.3845422863960266
bbag094_zeisel_cell_01198,3,3,0,3,2.2769666,-1.1664286,1197,0.3845422863960266
bbag094_zeisel_cell_01199,3,3,0,3,2.1741521,-0.6456024,1198,0.3845422863960266
bbag094_zeisel_cell_01200,3,3,0,3,1.987251,-0.7311353,1199,0.3845422863960266
bbag094_zeisel_cell_01201,3,3,0,3,2.4970405,-0.016819227,1200,0.3845422863960266
bbag094_zeisel_cell_01202,3,3,0,3,2.2050276,-0.67816186,1201,0.3845422863960266
bbag094_zeisel_cell_01203,3,3,0,3,2.6924543,-0.91658396,1202,0.3845422863960266
bbag094_zeisel_cell_01204,3,3,0,3,2.2767618,-1.0725856,1203,0.3845422863960266
bbag094_zeisel_cell_01205,3,3,0,3,1.7253671,-1.1547877,1204,0.3845422863960266
bbag094_zeisel_cell_01206,3,3,5,1,-0.5955346,3.3676703,1205,1.874067783355713
bbag094_zeisel_cell_01207,3,3,0,3,2.279128,-0.5389634,1206,0.3845422863960266
bbag094_zeisel_cell_01208,3,3,0,3,2.700422,-1.4447166,1207,0.3845422863960266
bbag094_zeisel_cell_01209,3,3,0,3,1.8450294,-1.1564769,1208,0.3845422863960266
bbag094_zeisel_cell_01210,3,3,0,3,1.181828,1.6547681,1209,1.7819108963012695
bbag094_zeisel_cell_01211,3,3,0,3,2.6116252,-1.5062271,1210,0.3845422863960266
bbag094_zeisel_cell_01212,3,3,0,3,2.252916,-0.5300603,1211,0.3845422863960266
bbag094_zeisel_cell_01213,3,3,0,3,2.1221557,-1.229634,1212,0.3845422863960266
bbag094_zeisel_cell_01214,3,3,2,7,3.6323931,10.292357,1213,0.9811235070228576
bbag094_zeisel_cell_01215,3,3,0,3,1.56552,-1.0991873,1214,0.3845422863960266
bbag094_zeisel_cell_01216,3,3,0,3,1.896387,-0.6729246,1215,0.3845422863960266
bbag094_zeisel_cell_01217,3,3,0,3,2.0584793,-1.2119484,1216,0.3845422863960266
bbag094_zeisel_cell_01218,3,3,0,3,2.8223274,-1.1262807,1217,0.3845422863960266
bbag094_zeisel_cell_01219,3,3,0,3,1.9964396,-0.3658756,1218,0.3845422863960266
bbag094_zeisel_cell_01220,3,3,0,3,2.5360825,-1.4848739,1219,0.3845422863960266
bbag094_zeisel_cell_01221,3,3,0,3,-0.37479272,0.3955527,1220,0.3845422863960266
bbag094_zeisel_cell_01222,3,3,0,3,2.4453323,-1.4306961,1221,0.3845422863960266
bbag094_zeisel_cell_01223,3,3,0,3,2.5367076,-1.4136773,1222,0.3845422863960266
bbag094_zeisel_cell_01224,3,3,0,3,2.9964924,-1.0108603,1223,0.3845422863960266
bbag094_zeisel_cell_01225,3,3,0,3,1.4525871,-1.199414,1224,0.3845422863960266
bbag094_zeisel_cell_01226,3,3,0,3,-0.6947067,0.44965926,1225,0.3845422863960266
bbag094_zeisel_cell_01227,3,3,0,3,2.0164223,-0.841549,1226,0.3845422863960266
bbag094_zeisel_cell_01228,3,3,8,9,0.6542611,5.8587503,1227,1.9933613538742063
bbag094_zeisel_cell_01229,3,3,0,3,-0.6579834,0.5135313,1228,0.3845422863960266
bbag094_zeisel_cell_01230,3,3,4,2,-0.38646543,1.6567363,1229,1.0800940990447998
bbag094_zeisel_cell_01231,3,3,0,3,1.349649,-1.1201106,1230,0.3845422863960266
bbag094_zeisel_cell_01232,3,3,3,6,3.205361,5.4900002,1231,1.9100419282913208
bbag094_zeisel_cell_01233,3,3,0,3,-0.43265146,0.44176126,1232,0.3845422863960266
bbag094_zeisel_cell_01234,3,3,0,3,-0.49594665,0.41051117,1233,0.3845422863960266
bbag094_zeisel_cell_01235,3,3,0,3,-0.46036434,0.46292606,1234,0.3845422863960266
bbag094_zeisel_cell_01236,3,3,0,3,-0.45862624,0.41979298,1235,0.3845422863960266
bbag094_zeisel_cell_01237,3,3,0,3,-0.36773676,0.7369298,1236,0.3845422863960266
bbag094_zeisel_cell_01238,3,3,3,6,3.3347468,5.0781336,1237,1.752372145652771
bbag094_zeisel_cell_01239,3,3,0,3,0.123185545,0.7675155,1238,0.3845422863960266
bbag094_zeisel_cell_01240,3,3,0,3,-0.24486281,0.7347006,1239,0.3845422863960266
bbag094_zeisel_cell_01241,3,3,0,3,-0.39757413,0.44842145,1240,0.3845422863960266
bbag094_zeisel_cell_01242,3,3,5,1,-1.6342801,3.8743784,1241,1.240721344947815
bbag094_zeisel_cell_01243,3,3,0,3,-0.21132408,0.39707497,1242,0.3845422863960266
bbag094_zeisel_cell_01244,3,3,8,9,0.65722036,5.7863765,1243,1.95769202709198
bbag094_zeisel_cell_01245,3,3,0,3,0.32381856,0.91560405,1244,0.3845422863960266
bbag094_zeisel_cell_01246,3,3,0,3,0.68792546,0.644247,1245,0.3845422863960266
bbag094_zeisel_cell_01247,3,3,2,7,3.7806697,9.635576,1246,0.992954969406128
bbag094_zeisel_cell_01248,3,3,8,9,0.6269137,5.872259,1247,1.7212742567062378
bbag094_zeisel_cell_01249,3,3,2,7,3.5754373,8.968113,1248,1.7360448837280271
bbag094_zeisel_cell_01250,3,3,0,3,2.7640026,-1.0708858,1249,0.3845422863960266
bbag094_zeisel_cell_01251,3,3,0,3,1.1055427,-0.6311962,1250,0.3845422863960266
bbag094_zeisel_cell_01252,3,3,0,3,0.7859836,-0.35999978,1251,0.3845422863960266
bbag094_zeisel_cell_01253,3,3,0,3,1.248764,-0.980492,1252,0.3845422863960266
bbag094_zeisel_cell_01254,3,3,0,3,1.1554728,-0.38544554,1253,0.3845422863960266
bbag094_zeisel_cell_01255,3,3,3,6,3.4409125,5.424278,1254,1.935706734657288
bbag094_zeisel_cell_01256,3,3,0,3,1.2662497,-1.0021722,1255,0.3845422863960266
bbag094_zeisel_cell_01257,3,3,0,3,1.9684204,0.08917838,1256,0.3845422863960266
bbag094_zeisel_cell_01258,3,3,0,3,1.7386005,-0.526571,1257,0.3845422863960266
bbag094_zeisel_cell_01259,3,3,0,3,1.6732358,-0.82746136,1258,0.3845422863960266
bbag094_zeisel_cell_01260,3,3,0,3,1.1839105,-0.8436138,1259,0.3845422863960266
bbag094_zeisel_cell_01261,3,3,2,7,3.8705442,9.492385,1260,1.0051339864730835
bbag094_zeisel_cell_01262,3,3,0,3,1.273114,-0.9554078,1261,0.3845422863960266
bbag094_zeisel_cell_01263,3,3,0,3,1.4604625,-0.13235189,1262,0.3845422863960266
bbag094_zeisel_cell_01264,3,3,2,7,3.1611722,9.725618,1263,1.493213772773743
bbag094_zeisel_cell_01265,3,3,0,3,1.339343,-0.9990204,1264,0.3845422863960266
bbag094_zeisel_cell_01266,3,3,0,3,2.0257976,-0.8188179,1265,0.3845422863960266
bbag094_zeisel_cell_01267,3,3,0,3,1.3334489,0.059740774,1266,0.3947760462760925
bbag094_zeisel_cell_01268,3,3,0,3,1.5767204,-0.37367576,1267,0.3845422863960266
bbag094_zeisel_cell_01269,3,3,0,3,1.2329215,-0.34673262,1268,0.3845422863960266
bbag094_zeisel_cell_01270,3,3,0,3,1.8715123,-1.1820402,1269,0.3845422863960266
bbag094_zeisel_cell_01271,3,3,0,3,-0.44098294,0.38445872,1270,0.3845422863960266
bbag094_zeisel_cell_01272,3,3,2,7,3.895402,9.460991,1271,1.345685601234436
bbag094_zeisel_cell_01273,3,3,0,3,1.4649885,-0.8653059,1272,0.3845422863960266
bbag094_zeisel_cell_01274,3,3,0,3,2.3552368,-0.7103232,1273,0.3845422863960266
bbag094_zeisel_cell_01275,3,3,2,7,3.8101354,9.762247,1274,1.3663649559020996
bbag094_zeisel_cell_01276,3,3,0,3,0.5897101,0.08422889,1275,0.3845422863960266
bbag094_zeisel_cell_01277,3,3,2,7,4.102313,9.474808,1276,1.7617462873458862
bbag094_zeisel_cell_01278,3,3,3,6,2.6374915,5.458185,1277,1.5606712102890017
bbag094_zeisel_cell_01279,3,3,0,3,1.1957258,-0.41942984,1278,0.3845422863960266
bbag094_zeisel_cell_01280,3,3,0,3,1.0903394,-0.94231594,1279,0.3845422863960266
bbag094_zeisel_cell_01281,3,3,0,3,0.06456875,0.24003005,1280,0.3845422863960266
bbag094_zeisel_cell_01282,3,3,4,2,-2.0287268,-0.30877405,1281,0.3845422863960266
bbag094_zeisel_cell_01283,3,3,0,3,1.2975397,-1.0637101,1282,0.3845422863960266
bbag094_zeisel_cell_01284,3,3,0,3,1.8287778,-1.1922036,1283,0.3845422863960266
bbag094_zeisel_cell_01285,3,3,0,3,-0.4459803,0.38004804,1284,0.3845422863960266
bbag094_zeisel_cell_01286,3,3,0,3,0.54077876,0.5622843,1285,0.3845422863960266
bbag094_zeisel_cell_01287,3,3,2,7,3.194796,8.032168,1286,1.9548864364624023
bbag094_zeisel_cell_01288,3,3,0,3,1.5929704,-1.2119982,1287,0.3845422863960266
bbag094_zeisel_cell_01289,3,3,0,3,1.3293757,-1.0813204,1288,0.3845422863960266
bbag094_zeisel_cell_01290,3,3,0,3,0.4355145,0.6422668,1289,0.3845422863960266
bbag094_zeisel_cell_01291,3,3,0,3,0.9540287,0.40285587,1290,0.3845422863960266
bbag094_zeisel_cell_01292,3,3,0,3,0.9825713,-0.6224043,1291,0.3845422863960266
bbag094_zeisel_cell_01293,3,3,4,2,-0.40538108,1.633116,1292,2.1784818172454834
bbag094_zeisel_cell_01294,3,3,0,3,1.6953499,1.703002,1293,0.3845422863960266
bbag094_zeisel_cell_01295,3,3,0,3,0.99201185,0.56556445,1294,0.3845422863960266
bbag094_zeisel_cell_01296,3,3,0,3,1.4826115,-0.29005468,1295,0.3845422863960266
bbag094_zeisel_cell_01297,3,3,0,3,0.8009252,-0.71919185,1296,0.3845422863960266
bbag094_zeisel_cell_01298,3,3,3,6,1.8236532,5.664734,1297,2.0842127799987797
bbag094_zeisel_cell_01299,3,3,0,3,1.3046079,0.25587747,1298,0.3845422863960266
bbag094_zeisel_cell_01300,3,3,0,3,1.7052273,-0.9572163,1299,0.3845422863960266
bbag094_zeisel_cell_01301,3,3,0,3,1.104478,-0.20025714,1300,0.3845422863960266
bbag094_zeisel_cell_01302,3,3,5,1,-3.4311872,2.207938,1301,1.5143963098526
bbag094_zeisel_cell_01303,3,3,0,3,0.11833031,0.18059352,1302,0.3845422863960266
bbag094_zeisel_cell_01304,3,3,0,3,0.5297242,-0.42271778,1303,0.3845422863960266
bbag094_zeisel_cell_01305,3,3,0,3,0.61620015,0.5905842,1304,0.3845422863960266
bbag094_zeisel_cell_01306,3,3,3,6,3.219556,5.638695,1305,1.328508377075195
bbag094_zeisel_cell_01307,3,3,0,3,0.2966627,0.81969,1306,0.3845422863960266
bbag094_zeisel_cell_01308,3,3,0,3,0.5679941,0.12009389,1307,0.4116046726703644
bbag094_zeisel_cell_01309,3,3,3,6,3.5430014,6.233795,1308,1.575617432594299
bbag094_zeisel_cell_01310,3,3,0,3,0.95933026,0.010142405,1309,0.3845422863960266
bbag094_zeisel_cell_01311,3,3,0,3,0.12841628,0.78185743,1310,0.3845422863960266
bbag094_zeisel_cell_01312,3,3,0,3,0.8621178,-0.7056118,1311,0.3845422863960266
bbag094_zeisel_cell_01313,3,3,0,3,1.4342536,-1.165279,1312,0.3845422863960266
bbag094_zeisel_cell_01314,3,3,0,3,0.6187098,-0.29562607,1313,0.3845422863960266
bbag094_zeisel_cell_01315,3,3,0,3,0.43314967,0.13533443,1314,0.3845422863960266
bbag094_zeisel_cell_01316,3,3,0,3,-0.28229842,0.4200331,1315,0.3845422863960266
bbag094_zeisel_cell_01317,3,3,0,3,1.2307564,-1.0044314,1316,0.3845422863960266
bbag094_zeisel_cell_01318,3,3,0,3,0.39983588,0.72412914,1317,0.3845422863960266
bbag094_zeisel_cell_01319,3,3,2,7,3.835236,9.593833,1318,0.999762237071991
bbag094_zeisel_cell_01320,3,3,0,3,0.73816097,-0.7094249,1319,0.3845422863960266
bbag094_zeisel_cell_01321,3,3,0,3,0.7682072,-0.16906996,1320,0.3845422863960266
bbag094_zeisel_cell_01322,3,3,0,3,0.88160366,-0.5618738,1321,0.3845422863960266
bbag094_zeisel_cell_01323,3,3,0,3,0.9789988,-0.8465606,1322,0.3845422863960266
bbag094_zeisel_cell_01324,3,3,0,3,0.5521748,0.5328639,1323,0.3845422863960266
bbag094_zeisel_cell_01325,3,3,0,3,1.6751258,-1.3424957,1324,0.3845422863960266
bbag094_zeisel_cell_01326,3,3,0,3,0.7232437,-0.41847706,1325,0.3845422863960266
bbag094_zeisel_cell_01327,3,3,2,7,3.874805,9.467976,1326,0.9409343600273132
bbag094_zeisel_cell_01328,3,3,0,3,0.8228866,-0.7050541,1327,0.3845422863960266
bbag094_zeisel_cell_01329,3,3,0,3,0.7376333,-0.7266396,1328,0.3845422863960266
bbag094_zeisel_cell_01330,3,3,0,3,0.4703057,0.62088954,1329,0.3845422863960266
bbag094_zeisel_cell_01331,3,3,0,3,0.7399517,-0.6688758,1330,0.3845422863960266
bbag094_zeisel_cell_01332,3,3,0,3,1.0016097,-0.93190175,1331,0.3845422863960266
bbag094_zeisel_cell_01333,3,3,0,3,0.80131584,-0.6736913,1332,0.3845422863960266
bbag094_zeisel_cell_01334,3,3,1,4,-0.0732532,10.227589,1333,0.9067009687423706
bbag094_zeisel_cell_01335,3,3,0,3,0.92243993,-0.6801654,1334,0.3845422863960266
bbag094_zeisel_cell_01336,3,3,0,3,0.6323218,-0.70152867,1335,0.3845422863960266
bbag094_zeisel_cell_01337,3,3,0,3,1.1477057,-1.0356747,1336,0.3845422863960266
bbag094_zeisel_cell_01338,3,3,3,6,2.5138059,5.4530797,1337,1.3175603151321411
bbag094_zeisel_cell_01339,3,3,0,3,0.6435295,-0.61383086,1338,0.3845422863960266
bbag094_zeisel_cell_01340,3,3,0,3,1.0406466,-0.86800957,1339,0.3845422863960266
bbag094_zeisel_cell_01341,3,3,0,3,0.68762326,-0.6874877,1340,0.3845422863960266
bbag094_zeisel_cell_01342,3,3,0,3,0.7044074,-0.71440446,1341,0.3845422863960266
bbag094_zeisel_cell_01343,3,3,0,3,0.851526,-0.5254949,1342,0.3845422863960266
bbag094_zeisel_cell_01344,3,3,0,3,1.2036471,0.210054,1343,0.3845422863960266
bbag094_zeisel_cell_01345,3,3,0,3,0.92181486,0.38143146,1344,0.3845422863960266
bbag094_zeisel_cell_01346,3,3,0,3,0.1377735,0.81739926,1345,0.3845422863960266
bbag094_zeisel_cell_01347,3,3,0,3,3.0443017,0.12627871,1346,0.3845422863960266
bbag094_zeisel_cell_01348,3,3,0,3,3.110994,0.19719927,1347,0.3845422863960266
bbag094_zeisel_cell_01349,3,3,0,3,3.275055,-0.07713917,1348,0.3845422863960266
bbag094_zeisel_cell_01350,3,3,0,3,2.7718499,0.17903198,1349,0.3845422863960266
bbag094_zeisel_cell_01351,3,3,2,7,3.4744184,10.060338,1350,1.5545552968978882
bbag094_zeisel_cell_01352,3,3,0,3,3.2481027,0.227483,1351,0.3845422863960266
bbag094_zeisel_cell_01353,3,3,0,3,3.177431,0.10064555,1352,0.3845422863960266
bbag094_zeisel_cell_01354,3,3,0,3,2.5550723,0.24778174,1353,0.3845422863960266
bbag094_zeisel_cell_01355,3,3,0,3,2.9185338,-0.038877126,1354,0.3845422863960266
bbag094_zeisel_cell_01356,3,3,2,7,3.6760666,10.0243,1355,1.579287886619568
bbag094_zeisel_cell_01357,3,3,0,3,1.9173489,0.39451525,1356,0.3845422863960266
bbag094_zeisel_cell_01358,3,3,0,3,2.9681442,0.08920616,1357,0.3845422863960266
bbag094_zeisel_cell_01359,3,3,0,3,2.7767355,0.39695075,1358,0.3845422863960266
bbag094_zeisel_cell_01360,3,3,0,3,2.3647666,0.35968432,1359,0.3845422863960266
bbag094_zeisel_cell_01361,3,3,3,6,2.4082718,5.590014,1360,1.3730230331420898
bbag094_zeisel_cell_01362,3,3,0,3,2.4929488,0.15655017,1361,0.3845422863960266
bbag094_zeisel_cell_01363,3,3,0,3,3.0817451,0.26474106,1362,0.3845422863960266
bbag094_zeisel_cell_01364,3,3,0,3,0.8645816,0.5279014,1363,0.3845422863960266
bbag094_zeisel_cell_01365,3,3,10,8,11.768238,2.340381,1364,2.864908218383789
bbag094_zeisel_cell_01366,3,3,0,3,2.3607867,-0.15391558,1365,0.3845422863960266
bbag094_zeisel_cell_01367,3,3,0,3,0.5929246,-0.08587461,1366,0.3845422863960266
bbag094_zeisel_cell_01368,3,3,0,3,1.5383273,-0.7594489,1367,0.3845422863960266
bbag094_zeisel_cell_01369,3,3,0,3,2.8033013,0.27017954,1368,0.3845422863960266
bbag094_zeisel_cell_01370,3,3,0,3,0.45371825,-0.05004094,1369,0.3845422863960266
bbag094_zeisel_cell_01371,3,3,0,3,3.494307,-0.44292185,1370,0.3845422863960266
bbag094_zeisel_cell_01372,3,3,7,unknown,0.36157978,11.126922,1371,1.771640062332153
bbag094_zeisel_cell_01373,3,3,1,4,-1.1676258,9.286344,1372,0.508231520652771
bbag094_zeisel_cell_01374,3,3,1,4,-0.4485005,9.394039,1373,0.7822725772857666
bbag094_zeisel_cell_01375,3,3,0,3,0.78769934,0.101690456,1374,0.3845422863960266
bbag094_zeisel_cell_01376,3,3,0,3,1.5316424,0.12982856,1375,0.3845422863960266
bbag094_zeisel_cell_01377,3,3,0,3,1.2125854,0.6707791,1376,0.3845422863960266
bbag094_zeisel_cell_01378,3,3,0,3,1.4850663,0.38467377,1377,0.3845422863960266
bbag094_zeisel_cell_01379,3,3,0,3,3.2354221,-0.48951164,1378,0.3845422863960266
bbag094_zeisel_cell_01380,3,3,0,3,3.2792737,-0.017325683,1379,0.3845422863960266
bbag094_zeisel_cell_01381,3,3,10,8,11.761822,2.3665576,1380,3.0590591430664062
bbag094_zeisel_cell_01382,3,3,0,3,2.460107,0.071062,1381,0.3845422863960266
bbag094_zeisel_cell_01383,3,3,0,3,2.769674,0.4755946,1382,0.3845422863960266
bbag094_zeisel_cell_01384,3,3,2,7,3.589278,10.231575,1383,0.8631701469421387
bbag094_zeisel_cell_01385,3,3,0,3,2.6638966,0.16807412,1384,0.3845422863960266
bbag094_zeisel_cell_01386,3,3,0,3,2.6868808,0.09506489,1385,0.4560806453227997
bbag094_zeisel_cell_01387,3,3,10,8,11.752167,2.3481832,1386,2.864908218383789
bbag094_zeisel_cell_01388,3,3,2,7,3.5545096,9.771035,1387,1.5075973272323608
bbag094_zeisel_cell_01389,3,3,0,3,1.4552144,0.20920353,1388,0.3845422863960266
bbag094_zeisel_cell_01390,3,3,0,3,2.471079,0.118779935,1389,0.3845422863960266
bbag094_zeisel_cell_01391,3,3,0,3,2.2372782,-0.28075626,1390,0.3845422863960266
bbag094_zeisel_cell_01392,3,3,0,3,0.6179612,1.28164,1391,0.3845422863960266
bbag094_zeisel_cell_01393,3,3,0,3,1.9537718,-0.3415589,1392,0.3845422863960266
bbag094_zeisel_cell_01394,3,3,0,3,2.4956472,0.036559578,1393,0.3845422863960266
bbag094_zeisel_cell_01395,3,3,0,3,1.275987,-0.10174869,1394,0.3845422863960266
bbag094_zeisel_cell_01396,3,3,0,3,1.8367258,-0.4403052,1395,0.3845422863960266
bbag094_zeisel_cell_01397,3,3,0,3,3.112439,-1.0596641,1396,0.3845422863960266
bbag094_zeisel_cell_01398,3,3,0,3,3.346793,-0.21352044,1397,0.3845422863960266
bbag094_zeisel_cell_01399,3,3,0,3,3.3811035,-0.6807577,1398,0.3845422863960266
bbag094_zeisel_cell_01400,3,3,0,3,2.3064156,-1.1582899,1399,0.3845422863960266
bbag094_zeisel_cell_01401,3,3,0,3,2.2285435,-0.57123065,1400,0.3845422863960266
bbag094_zeisel_cell_01402,3,3,8,9,0.5529656,5.7967644,1401,1.65593159198761
bbag094_zeisel_cell_01403,3,3,0,3,0.6068584,-0.1334508,1402,0.3845422863960266
bbag094_zeisel_cell_01404,3,3,0,3,1.4830409,0.14358991,1403,0.3845422863960266
bbag094_zeisel_cell_01405,3,3,0,3,1.5048735,0.20220107,1404,0.3845422863960266
bbag094_zeisel_cell_01406,3,3,0,3,2.9554634,-0.79207134,1405,0.3845422863960266
bbag094_zeisel_cell_01407,3,3,0,3,3.5181153,-0.38176772,1406,0.3845422863960266
bbag094_zeisel_cell_01408,3,3,0,3,3.2143555,0.022427868,1407,0.3845422863960266
bbag094_zeisel_cell_01409,3,3,0,3,3.0301561,0.19780046,1408,0.3845422863960266
bbag094_zeisel_cell_01410,3,3,0,3,2.524703,-0.11412409,1409,0.3845422863960266
bbag094_zeisel_cell_01411,3,3,2,7,4.0782776,10.448601,1410,0.8834447860717773
bbag094_zeisel_cell_01412,3,3,0,3,2.5352445,0.03141521,1411,0.3845422863960266
bbag094_zeisel_cell_01413,3,3,0,3,2.5498624,0.014684252,1412,0.3845422863960266
bbag094_zeisel_cell_01414,3,3,0,3,2.0555875,-0.61788493,1413,0.3845422863960266
bbag094_zeisel_cell_01415,3,3,0,3,2.0382924,0.80896807,1414,0.3845422863960266
bbag094_zeisel_cell_01416,3,3,0,3,3.4757304,-0.36655647,1415,0.3845422863960266
bbag094_zeisel_cell_01417,3,3,0,3,2.6334844,0.17650187,1416,0.3845422863960266
bbag094_zeisel_cell_01418,3,3,0,3,3.5673614,-0.5936245,1417,0.3845422863960266
bbag094_zeisel_cell_01419,3,3,0,3,3.4974735,-0.37496126,1418,0.3845422863960266
bbag094_zeisel_cell_01420,3,3,0,3,1.9603379,-0.52630585,1419,0.3845422863960266
bbag094_zeisel_cell_01421,3,3,0,3,3.2785852,-0.86233705,1420,0.3845422863960266
bbag094_zeisel_cell_01422,3,3,0,3,2.9056761,-0.14048506,1421,0.3845422863960266
bbag094_zeisel_cell_01423,3,3,0,3,2.691936,-1.4298855,1422,0.3845422863960266
bbag094_zeisel_cell_01424,3,3,0,3,3.2952409,-0.92780507,1423,0.3845422863960266
bbag094_zeisel_cell_01425,3,3,0,3,1.801326,-0.8742997,1424,0.3845422863960266
bbag094_zeisel_cell_01426,3,3,2,7,4.0085807,10.278315,1425,0.7333235144615173
bbag094_zeisel_cell_01427,3,3,10,8,11.77668,2.3649638,1426,3.0590591430664062
bbag094_zeisel_cell_01428,3,3,0,3,0.7079529,0.3323478,1427,0.3845422863960266
bbag094_zeisel_cell_01429,3,3,0,3,0.56214434,0.23152304,1428,0.3845422863960266
bbag094_zeisel_cell_01430,3,3,3,6,3.3541875,4.757751,1429,0.3845422863960266
bbag094_zeisel_cell_01431,3,3,0,3,0.69188505,0.5788713,1430,0.3845422863960266
bbag094_zeisel_cell_01432,3,3,0,3,0.53069514,-0.089741,1431,0.5864828824996948
bbag094_zeisel_cell_01433,3,3,0,3,1.4691699,0.3070592,1432,0.3845422863960266
bbag094_zeisel_cell_01434,3,3,0,3,1.4114453,0.34317917,1433,0.3845422863960266
bbag094_zeisel_cell_01435,3,3,0,3,2.5386324,0.07681628,1434,0.3845422863960266
bbag094_zeisel_cell_01436,3,3,0,3,2.3357594,-0.7243828,1435,0.3845422863960266
bbag094_zeisel_cell_01437,3,3,0,3,3.547647,-0.7779732,1436,0.3845422863960266
bbag094_zeisel_cell_01438,3,3,0,3,2.0861742,0.05409381,1437,0.3845422863960266
bbag094_zeisel_cell_01439,3,3,0,3,1.9841665,-0.6750562,1438,0.3845422863960266
bbag094_zeisel_cell_01440,3,3,0,3,3.4660127,-0.8511097,1439,0.3845422863960266
bbag094_zeisel_cell_01441,3,3,0,3,2.678135,-0.6555447,1440,0.3845422863960266
bbag094_zeisel_cell_01442,3,3,9,Unmatched_9,0.4044135,4.127955,1441,1.953168272972107
bbag094_zeisel_cell_01443,3,3,1,4,-0.9409649,7.757677,1442,1.0266996622085571
bbag094_zeisel_cell_01444,3,3,7,unknown,0.35695833,11.134016,1443,2.20261025428772
bbag094_zeisel_cell_01445,3,3,0,3,3.340115,-0.7839984,1444,0.3845422863960266
bbag094_zeisel_cell_01446,3,3,7,unknown,2.244964,12.674706,1445,2.2740478515625
bbag094_zeisel_cell_01447,3,3,0,3,2.9790235,-1.0167407,1446,0.3845422863960266
bbag094_zeisel_cell_01448,3,3,0,3,2.0595388,-0.92492163,1447,0.3845422863960266
bbag094_zeisel_cell_01449,3,3,0,3,1.6699839,-0.7432752,1448,0.3845422863960266
bbag094_zeisel_cell_01450,3,3,0,3,1.7110945,-0.77405816,1449,0.3845422863960266
bbag094_zeisel_cell_01451,3,3,0,3,1.9205965,-0.78895456,1450,0.3845422863960266
bbag094_zeisel_cell_01452,3,3,0,3,0.34502327,0.84882045,1451,0.3845422863960266
bbag094_zeisel_cell_01453,3,3,0,3,1.3014458,0.20669293,1452,0.3845422863960266
bbag094_zeisel_cell_01454,3,3,0,3,1.4539068,0.17854965,1453,0.3845422863960266
bbag094_zeisel_cell_01455,3,3,4,2,-0.43312845,1.6181364,1454,1.809618592262268
bbag094_zeisel_cell_01456,3,3,0,3,3.0236742,-0.56697106,1455,0.3845422863960266
bbag094_zeisel_cell_01457,3,3,0,3,1.7965738,1.5582691,1456,1.4108424186706543
bbag094_zeisel_cell_01458,3,3,0,3,0.99177575,-0.52644974,1457,0.3845422863960266
bbag094_zeisel_cell_01459,3,3,0,3,2.1450553,-0.32881588,1458,0.3956638872623443
bbag094_zeisel_cell_01460,3,3,1,4,-0.6273509,9.93231,1459,2.062971353530884
bbag094_zeisel_cell_01461,3,3,0,3,3.2230167,-0.41015518,1460,0.3845422863960266
bbag094_zeisel_cell_01462,3,3,0,3,3.2616928,-0.3869173,1461,0.3845422863960266
bbag094_zeisel_cell_01463,3,3,0,3,3.404721,-0.8805668,1462,0.3845422863960266
bbag094_zeisel_cell_01464,3,3,0,3,1.8922241,-0.4933762,1463,0.3845422863960266
bbag094_zeisel_cell_01465,3,3,0,3,3.4619098,-0.8536289,1464,0.3845422863960266
bbag094_zeisel_cell_01466,3,3,0,3,2.8817203,-0.14985651,1465,0.3845422863960266
bbag094_zeisel_cell_01467,3,3,0,3,3.3280272,-0.7360716,1466,0.3845422863960266
bbag094_zeisel_cell_01468,3,3,0,3,2.5950787,-0.68283963,1467,0.3845422863960266
bbag094_zeisel_cell_01469,3,3,0,3,2.2047749,-0.5304968,1468,0.3845422863960266
bbag094_zeisel_cell_01470,3,3,2,7,2.5858395,10.520415,1469,1.0638220310211182
bbag094_zeisel_cell_01471,3,3,0,3,1.662165,-0.27163175,1470,0.3845422863960266
bbag094_zeisel_cell_01472,3,3,0,3,2.388067,-0.53759766,1471,0.3845422863960266
bbag094_zeisel_cell_01473,3,3,0,3,2.358764,-0.7131476,1472,0.3845422863960266
bbag094_zeisel_cell_01474,3,3,0,3,2.2360091,-0.26079428,1473,0.3845422863960266
bbag094_zeisel_cell_01475,3,3,0,3,1.8167925,-0.7425304,1474,0.3845422863960266
bbag094_zeisel_cell_01476,3,3,0,3,1.8036004,-1.0216221,1475,0.3845422863960266
bbag094_zeisel_cell_01477,3,3,0,3,1.6196798,-1.0064708,1476,0.6501706838607788
bbag094_zeisel_cell_01478,3,3,1,4,-1.3383616,7.8782563,1477,1.1012464761734009
bbag094_zeisel_cell_01479,3,3,7,unknown,2.250177,12.659196,1478,2.37495231628418
bbag094_zeisel_cell_01480,3,3,0,3,1.163788,-0.25249788,1479,0.3845422863960266
bbag094_zeisel_cell_01481,3,3,0,3,1.1207576,-0.55239123,1480,0.3845422863960266
bbag094_zeisel_cell_01482,3,3,0,3,0.63071,-0.3221379,1481,0.3845422863960266
bbag094_zeisel_cell_01483,3,3,0,3,0.76710063,0.54999423,1482,0.3845422863960266
bbag094_zeisel_cell_01484,3,3,0,3,1.027606,-0.3115334,1483,0.4236237704753876
bbag094_zeisel_cell_01485,3,3,0,3,0.9520073,0.49643576,1484,0.3845422863960266
bbag094_zeisel_cell_01486,3,3,10,8,11.775479,2.3459632,1485,2.5545148849487305
bbag094_zeisel_cell_01487,3,3,0,3,2.6775002,-0.06798731,1486,0.3845422863960266
bbag094_zeisel_cell_01488,3,3,0,3,2.6941333,-0.8783902,1487,0.3845422863960266
bbag094_zeisel_cell_01489,3,3,0,3,3.1392677,-0.64385396,1488,0.3845422863960266
bbag094_zeisel_cell_01490,3,3,0,3,3.013904,-0.5648018,1489,0.3845422863960266
bbag094_zeisel_cell_01491,3,3,0,3,3.5003157,-0.8733981,1490,0.3845422863960266
bbag094_zeisel_cell_01492,3,3,0,3,2.6354368,-0.5939673,1491,0.3845422863960266
bbag094_zeisel_cell_01493,3,3,0,3,2.4983735,-0.69197387,1492,0.3845422863960266
bbag094_zeisel_cell_01494,3,3,0,3,3.504666,-0.9449435,1493,0.3845422863960266
bbag094_zeisel_cell_01495,3,3,0,3,2.7510047,-1.276765,1494,0.3845422863960266
bbag094_zeisel_cell_01496,3,3,0,3,2.8175528,-1.246048,1495,0.3845422863960266
bbag094_zeisel_cell_01497,3,3,0,3,2.384696,-1.438535,1496,0.3845422863960266
bbag094_zeisel_cell_01498,3,3,0,3,1.8536428,-0.39548028,1497,0.3845422863960266
bbag094_zeisel_cell_01499,3,3,3,6,3.4113665,5.389869,1498,0.3845422863960266
bbag094_zeisel_cell_01500,3,3,0,3,1.2820245,-0.12083708,1499,0.3845422863960266
bbag094_zeisel_cell_01501,3,3,0,3,1.1342915,-0.49073598,1500,0.3845422863960266
bbag094_zeisel_cell_01502,3,3,0,3,0.9224111,0.5296241,1501,0.3845422863960266
bbag094_zeisel_cell_01503,3,3,3,6,3.3276138,6.0326104,1502,1.6947963237762451
bbag094_zeisel_cell_01504,3,3,2,7,3.534922,9.717348,1503,1.149397850036621
bbag094_zeisel_cell_01505,3,3,0,3,1.8299093,1.4604558,1504,0.3845422863960266
bbag094_zeisel_cell_01506,3,3,0,3,2.2965965,0.261244,1505,0.3845422863960266
bbag094_zeisel_cell_01507,3,3,0,3,0.7784771,0.4563737,1506,0.3845422863960266
bbag094_zeisel_cell_01508,3,3,0,3,0.6912321,0.55867785,1507,0.3845422863960266
bbag094_zeisel_cell_01509,3,3,0,3,1.1960535,0.054061823,1508,0.3845422863960266
bbag094_zeisel_cell_01510,3,3,2,7,3.6576078,9.8606415,1509,0.8814399838447571
bbag094_zeisel_cell_01511,3,3,0,3,0.32758743,0.9384962,1510,0.3845422863960266
bbag094_zeisel_cell_01512,3,3,0,3,0.35767686,0.7553791,1511,0.3845422863960266
bbag094_zeisel_cell_01513,3,3,0,3,-0.17622185,0.90083677,1512,0.3845422863960266
bbag094_zeisel_cell_01514,3,3,0,3,0.5312726,0.23033097,1513,0.3845422863960266
bbag094_zeisel_cell_01515,3,3,0,3,3.099036,-0.995896,1514,0.3845422863960266
bbag094_zeisel_cell_01516,3,3,0,3,2.7494438,-1.393415,1515,0.3845422863960266
bbag094_zeisel_cell_01517,3,3,0,3,2.7722964,-1.2788899,1516,0.3845422863960266
bbag094_zeisel_cell_01518,3,3,0,3,2.43608,-0.6975267,1517,0.3845422863960266
bbag094_zeisel_cell_01519,3,3,0,3,2.8472362,-1.3523934,1518,0.3845422863960266
bbag094_zeisel_cell_01520,3,3,0,3,3.0767217,-0.9853626,1519,0.3845422863960266
bbag094_zeisel_cell_01521,3,3,0,3,1.7766393,1.8616233,1520,1.0331560373306274
bbag094_zeisel_cell_01522,3,3,6,5,7.6380963,8.119212,1521,2.007258892059326
bbag094_zeisel_cell_01523,3,3,0,3,2.3194828,-1.0952053,1522,0.3845422863960266
bbag094_zeisel_cell_01524,3,3,1,4,-0.9671989,9.557665,1523,2.2171359062194824
bbag094_zeisel_cell_01525,3,3,0,3,1.5974336,-0.3545973,1524,0.3845422863960266
bbag094_zeisel_cell_01526,3,3,0,3,2.7319515,-0.71586,1525,0.3845422863960266
bbag094_zeisel_cell_01527,3,3,0,3,2.6964066,-1.425766,1526,0.3845422863960266
bbag094_zeisel_cell_01528,3,3,0,3,2.167999,-0.6681634,1527,0.3845422863960266
bbag094_zeisel_cell_01529,3,3,4,2,-0.8210041,0.7423551,1528,0.3845422863960266
bbag094_zeisel_cell_01530,3,3,0,3,0.84685975,-0.67851764,1529,0.3845422863960266
bbag094_zeisel_cell_01531,3,3,1,4,-1.1035533,7.6883874,1530,0.4919681847095489
bbag094_zeisel_cell_01532,3,3,10,8,11.773416,2.3549848,1531,3.0495758056640625
bbag094_zeisel_cell_01533,3,3,0,3,1.0224954,-0.22271357,1532,0.3845422863960266
bbag094_zeisel_cell_01534,3,3,0,3,0.5250283,-0.098714836,1533,0.3845422863960266
bbag094_zeisel_cell_01535,3,3,0,3,0.88166815,0.820775,1534,0.3845422863960266
bbag094_zeisel_cell_01536,3,3,1,4,-0.51000726,7.502317,1535,0.4141023457050323
bbag094_zeisel_cell_01537,3,3,0,3,3.460002,-0.776977,1536,0.3845422863960266
bbag094_zeisel_cell_01538,3,3,0,3,3.3952456,-0.98310196,1537,0.3845422863960266
bbag094_zeisel_cell_01539,3,3,0,3,0.9862868,0.0550202,1538,0.3845422863960266
bbag094_zeisel_cell_01540,3,3,7,unknown,0.38991332,11.180462,1539,1.8862144947052
bbag094_zeisel_cell_01541,3,3,0,3,2.4734263,-0.8626057,1540,0.3845422863960266
bbag094_zeisel_cell_01542,3,3,0,3,2.0897682,-0.83076686,1541,0.3845422863960266
bbag094_zeisel_cell_01543,3,3,0,3,1.7200685,-0.4938504,1542,0.3845422863960266
bbag094_zeisel_cell_01544,3,3,0,3,2.2782326,-0.951669,1543,0.3845422863960266
bbag094_zeisel_cell_01545,3,3,0,3,3.0407472,-0.13667142,1544,1.3290871381759644
bbag094_zeisel_cell_01546,3,3,3,6,3.3862045,5.756219,1545,1.1966537237167358
bbag094_zeisel_cell_01547,3,3,0,3,1.7854556,-0.74456835,1546,0.3845422863960266
bbag094_zeisel_cell_01548,3,3,0,3,1.1743551,0.28706586,1547,0.3845422863960266
bbag094_zeisel_cell_01549,3,3,0,3,0.12009706,0.6965573,1548,0.3845422863960266
bbag094_zeisel_cell_01550,3,3,0,3,1.2378536,-0.6413585,1549,0.3845422863960266
bbag094_zeisel_cell_01551,3,3,0,3,3.204548,-0.89619404,1550,0.3845422863960266
bbag094_zeisel_cell_01552,3,3,0,3,2.7618985,-1.3886796,1551,0.3845422863960266
bbag094_zeisel_cell_01553,3,3,0,3,1.5702934,0.9075,1552,0.3845422863960266
bbag094_zeisel_cell_01554,3,3,0,3,0.6090735,-0.63109624,1553,0.3845422863960266
bbag094_zeisel_cell_01555,3,3,0,3,3.2508795,-0.8829495,1554,0.3845422863960266
bbag094_zeisel_cell_01556,3,3,0,3,2.8131742,-1.0379782,1555,0.3845422863960266
bbag094_zeisel_cell_01557,3,3,0,3,2.1204298,-0.4165503,1556,0.3845422863960266
bbag094_zeisel_cell_01558,3,3,0,3,2.9536817,-1.0286975,1557,0.3845422863960266
bbag094_zeisel_cell_01559,3,3,1,4,-1.2280478,7.826603,1558,0.3869360685348511
bbag094_zeisel_cell_01560,3,3,0,3,2.3063078,-1.3959922,1559,0.3845422863960266
bbag094_zeisel_cell_01561,3,3,0,3,1.7069529,-0.8841839,1560,0.3845422863960266
bbag094_zeisel_cell_01562,3,3,0,3,3.3629355,-0.6873665,1561,0.3845422863960266
bbag094_zeisel_cell_01563,3,3,0,3,0.98365,-0.80671036,1562,0.3845422863960266
bbag094_zeisel_cell_01564,3,3,0,3,1.7038063,1.8714514,1563,2.023803472518921
bbag094_zeisel_cell_01565,3,3,2,7,3.2207923,10.829146,1564,1.1061838865280151
bbag094_zeisel_cell_01566,3,3,0,3,0.6529281,-0.45953187,1565,0.8357598781585693
bbag094_zeisel_cell_01567,3,3,7,unknown,0.32556054,11.003046,1566,2.008019208908081
bbag094_zeisel_cell_01568,3,3,0,3,0.529556,-0.26356515,1567,0.3845422863960266
bbag094_zeisel_cell_01569,3,3,3,6,2.493982,5.5234847,1568,1.3124759197235107
bbag094_zeisel_cell_01570,3,3,4,2,-0.15414594,1.797279,1569,0.3845422863960266
bbag094_zeisel_cell_01571,3,3,0,3,3.2998612,-0.7874454,1570,0.3845422863960266
bbag094_zeisel_cell_01572,3,3,0,3,3.3759048,-1.0336502,1571,0.3845422863960266
bbag094_zeisel_cell_01573,3,3,2,7,3.647905,9.929284,1572,0.7935141921043396
bbag094_zeisel_cell_01574,3,3,0,3,1.5145342,-0.56524175,1573,0.3845422863960266
bbag094_zeisel_cell_01575,3,3,0,3,0.5442874,0.60438275,1574,0.3845422863960266
bbag094_zeisel_cell_01576,3,3,0,3,-0.41784114,0.5105832,1575,0.3845422863960266
bbag094_zeisel_cell_01577,3,3,0,3,1.2721926,0.986188,1576,0.3845422863960266
bbag094_zeisel_cell_01578,3,3,0,3,2.8084528,-1.2270659,1577,0.3845422863960266
bbag094_zeisel_cell_01579,3,3,2,7,3.545069,9.674905,1578,0.9514891505241394
bbag094_zeisel_cell_01580,3,3,0,3,2.0432322,-0.41832244,1579,0.3845422863960266
bbag094_zeisel_cell_01581,3,3,0,3,2.679087,-1.4703339,1580,0.3845422863960266
bbag094_zeisel_cell_01582,3,3,5,1,-2.667832,2.6527884,1581,1.7990562915802002
bbag094_zeisel_cell_01583,3,3,1,4,-1.2135667,7.697036,1582,0.8582333922386169
bbag094_zeisel_cell_01584,3,3,1,4,-1.1156588,7.6370564,1583,0.878021240234375
bbag094_zeisel_cell_01585,3,3,0,3,1.1548828,-0.7318451,1584,0.3845422863960266
bbag094_zeisel_cell_01586,3,3,0,3,0.26847118,0.8294323,1585,0.3845422863960266
bbag094_zeisel_cell_01587,3,3,0,3,0.724176,-0.31547105,1586,0.3845422863960266
bbag094_zeisel_cell_01588,3,3,0,3,0.76820594,0.0038021412,1587,0.3845422863960266
bbag094_zeisel_cell_01589,3,3,5,1,-2.008038,3.2524638,1588,0.3845422863960266
bbag094_zeisel_cell_01590,3,3,0,3,2.7233117,-1.4461639,1589,0.3845422863960266
bbag094_zeisel_cell_01591,3,3,0,3,1.5222473,-0.96150607,1590,0.3845422863960266
bbag094_zeisel_cell_01592,3,3,0,3,2.153153,-1.1206183,1591,0.3845422863960266
bbag094_zeisel_cell_01593,3,3,0,3,1.5808136,-1.2858626,1592,0.3845422863960266
bbag094_zeisel_cell_01594,3,3,2,7,2.1728883,10.096228,1593,1.3026458024978638
bbag094_zeisel_cell_01595,3,3,0,3,0.6680157,0.20009911,1594,0.3845422863960266
bbag094_zeisel_cell_01596,3,3,1,4,-0.21924587,9.855366,1595,1.0284873247146606
bbag094_zeisel_cell_01597,3,3,0,3,2.1893926,-0.9962358,1596,0.3845422863960266
bbag094_zeisel_cell_01598,3,3,0,3,0.7166176,0.03247774,1597,0.3845422863960266
bbag094_zeisel_cell_01599,3,3,0,3,0.64593667,-0.23573573,1598,0.3845422863960266
bbag094_zeisel_cell_01600,3,3,0,3,0.3893217,0.7179678,1599,0.3845422863960266
bbag094_zeisel_cell_01601,3,3,2,7,3.836798,9.830917,1600,0.9337902069091796
bbag094_zeisel_cell_01602,3,3,0,3,1.0540673,-0.1415766,1601,0.3845422863960266
bbag094_zeisel_cell_01603,3,3,0,3,2.2396045,-0.9758141,1602,0.3845422863960266
bbag094_zeisel_cell_01604,3,3,0,3,3.3873203,-1.010663,1603,0.3845422863960266
bbag094_zeisel_cell_01605,3,3,0,3,2.7422497,-1.0747949,1604,0.3845422863960266
bbag094_zeisel_cell_01606,3,3,0,3,1.6877407,-0.63522136,1605,0.3845422863960266
bbag094_zeisel_cell_01607,3,3,0,3,2.482201,-0.52130705,1606,0.3845422863960266
bbag094_zeisel_cell_01608,3,3,0,3,1.5027263,-1.191078,1607,0.3845422863960266
bbag094_zeisel_cell_01609,3,3,1,4,-1.1803892,7.7351103,1608,0.6372972130775452
bbag094_zeisel_cell_01610,3,3,0,3,1.2889662,-0.684174,1609,0.3845422863960266
bbag094_zeisel_cell_01611,3,3,0,3,1.6677058,1.6736228,1610,0.3845422863960266
bbag094_zeisel_cell_01612,3,3,0,3,0.71999866,0.5516173,1611,0.3845422863960266
bbag094_zeisel_cell_01613,3,3,0,3,0.2957362,0.20475759,1612,0.3845422863960266
bbag094_zeisel_cell_01614,3,3,0,3,1.159046,0.2575191,1613,0.3845422863960266
bbag094_zeisel_cell_01615,3,3,0,3,0.5727728,0.339897,1614,0.3845422863960266
bbag094_zeisel_cell_01616,3,3,0,3,3.0209568,-0.96429163,1615,0.3845422863960266
bbag094_zeisel_cell_01617,3,3,1,4,-0.6721044,10.207054,1616,0.6093752980232239
bbag094_zeisel_cell_01618,3,3,0,3,1.7191775,-1.0809205,1617,0.3845422863960266
bbag094_zeisel_cell_01619,3,3,1,4,-1.078539,7.6381116,1618,0.8579552173614502
bbag094_zeisel_cell_01620,3,3,0,3,2.3629441,-1.447714,1619,0.3845422863960266
bbag094_zeisel_cell_01621,3,3,0,3,1.7355232,-0.7753662,1620,0.3845422863960266
bbag094_zeisel_cell_01622,3,3,0,3,1.6792672,-0.18322776,1621,0.3845422863960266
bbag094_zeisel_cell_01623,3,3,8,9,0.62936664,5.78424,1622,1.9641642570495603
bbag094_zeisel_cell_01624,3,3,2,7,3.4945884,10.9371805,1623,0.7978603839874268
bbag094_zeisel_cell_01625,3,3,0,3,1.3328766,-0.31956035,1624,0.3845422863960266
bbag094_zeisel_cell_01626,3,3,0,3,0.83947045,0.08259377,1625,0.3845422863960266
bbag094_zeisel_cell_01627,3,3,0,3,0.3056147,0.931811,1626,0.3845422863960266
bbag094_zeisel_cell_01628,3,3,1,4,-1.0793601,7.652874,1627,0.9535596966743468
bbag094_zeisel_cell_01629,3,3,0,3,1.681647,1.7777706,1628,0.5627931356430054
bbag094_zeisel_cell_01630,4,4,7,unknown,0.42091352,11.232688,1629,1.924227952957153
bbag094_zeisel_cell_01631,4,4,7,unknown,0.26214722,11.026317,1630,1.7038638591766355
bbag094_zeisel_cell_01632,4,4,7,unknown,0.42996225,11.241232,1631,1.7230890989303589
bbag094_zeisel_cell_01633,4,4,7,unknown,0.42843142,11.252073,1632,1.2086355686187744
bbag094_zeisel_cell_01634,4,4,3,6,1.9326842,5.1304927,1633,1.7253060340881348
bbag094_zeisel_cell_01635,4,4,7,unknown,0.2172263,10.926323,1634,2.032806873321533
bbag094_zeisel_cell_01636,4,4,7,unknown,0.39076683,11.185496,1635,2.4214930534362797
bbag094_zeisel_cell_01637,4,4,7,unknown,0.03526527,10.976474,1636,0.7723801732063293
bbag094_zeisel_cell_01638,4,4,10,8,11.758913,2.3799417,1637,2.7437758445739746
bbag094_zeisel_cell_01639,4,4,7,unknown,0.089318834,10.734995,1638,0.4260123670101166
bbag094_zeisel_cell_01640,4,4,7,unknown,0.13907877,10.81669,1639,0.5047628879547119
bbag094_zeisel_cell_01641,4,4,7,unknown,0.17813602,10.902553,1640,1.5161690711975098
bbag094_zeisel_cell_01642,4,4,7,unknown,0.2706444,11.042972,1641,0.4886829257011413
bbag094_zeisel_cell_01643,4,4,7,unknown,0.3504578,11.153219,1642,0.4977733492851257
bbag094_zeisel_cell_01644,4,4,7,unknown,0.24368772,11.013736,1643,0.517177164554596
bbag094_zeisel_cell_01645,4,4,7,unknown,0.3347602,11.117692,1644,1.201884388923645
bbag094_zeisel_cell_01646,4,4,7,unknown,1.4397521,11.008217,1645,1.0547999143600464
bbag094_zeisel_cell_01647,4,4,7,unknown,0.43065807,11.250255,1646,2.1052112579345703
bbag094_zeisel_cell_01648,4,4,7,unknown,1.476487,11.873984,1647,2.364304304122925
bbag094_zeisel_cell_01649,4,4,7,unknown,0.27593204,11.090367,1648,0.8623107671737671
bbag094_zeisel_cell_01650,4,4,7,unknown,0.43771872,11.192895,1649,1.81168270111084
bbag094_zeisel_cell_01651,4,4,7,unknown,0.120597795,10.964545,1650,0.70952308177948
bbag094_zeisel_cell_01652,4,4,7,unknown,0.37659234,11.1716585,1651,1.432502269744873
bbag094_zeisel_cell_01653,4,4,7,unknown,0.45579436,11.257279,1652,0.8587059378623962
bbag094_zeisel_cell_01654,4,4,7,unknown,1.4451523,11.151658,1653,2.37495231628418
bbag094_zeisel_cell_01655,4,4,7,unknown,1.5373447,10.811613,1654,1.053036332130432
bbag094_zeisel_cell_01656,4,4,7,unknown,0.41796112,11.159137,1655,1.6895405054092407
bbag094_zeisel_cell_01657,4,4,7,unknown,0.25312448,11.002117,1656,0.3845422863960266
bbag094_zeisel_cell_01658,4,4,1,4,-1.774963,7.226915,1657,1.8104528188705444
bbag094_zeisel_cell_01659,4,4,7,unknown,0.30806416,11.09886,1658,0.393690288066864
bbag094_zeisel_cell_01660,4,4,7,unknown,0.15420362,10.815752,1659,1.885738968849182
bbag094_zeisel_cell_01661,4,4,7,unknown,1.4338119,11.042099,1660,1.3320589065551758
bbag094_zeisel_cell_01662,4,4,7,unknown,0.39575276,11.243622,1661,1.113807201385498
bbag094_zeisel_cell_01663,4,4,7,unknown,0.38442403,11.187687,1662,0.9064489006996156
bbag094_zeisel_cell_01664,4,4,7,unknown,0.44563067,11.16622,1663,1.988109350204468
bbag094_zeisel_cell_01665,4,4,1,4,-0.16427715,10.184821,1664,0.5061697959899902
bbag094_zeisel_cell_01666,4,4,7,unknown,0.3479192,10.986891,1665,0.5314235091209412
bbag094_zeisel_cell_01667,4,4,7,unknown,0.20380595,11.039563,1666,0.3845422863960266
bbag094_zeisel_cell_01668,4,4,6,5,7.290671,8.262531,1667,1.8547686338424685
bbag094_zeisel_cell_01669,4,4,3,6,0.1573666,10.465181,1668,2.0098578929901123
bbag094_zeisel_cell_01670,4,4,7,unknown,0.31047168,11.10607,1669,0.4501112401485443
bbag094_zeisel_cell_01671,4,4,7,unknown,0.15033206,10.931271,1670,0.3845422863960266
bbag094_zeisel_cell_01672,4,4,7,unknown,0.24026786,10.824659,1671,0.5480320453643799
bbag094_zeisel_cell_01673,4,4,1,4,-0.76852673,9.963196,1672,1.904152989387512
bbag094_zeisel_cell_01674,4,4,2,7,1.4926881,9.801581,1673,1.482622146606445
bbag094_zeisel_cell_01675,4,4,1,4,-1.0830053,10.220291,1674,0.5893557071685791
bbag094_zeisel_cell_01676,4,4,1,4,-0.8305182,10.205069,1675,0.7335497140884399
bbag094_zeisel_cell_01677,4,4,1,4,-1.3444762,10.397317,1676,0.5258078575134277
bbag094_zeisel_cell_01678,4,4,1,4,-1.5246662,10.65206,1677,0.3845422863960266
bbag094_zeisel_cell_01679,4,4,1,4,-1.4983249,10.661396,1678,0.3845422863960266
bbag094_zeisel_cell_01680,4,4,1,4,-1.2774259,10.354319,1679,0.6915061473846436
bbag094_zeisel_cell_01681,4,4,4,2,-1.810348,0.16204818,1680,1.790579915046692
bbag094_zeisel_cell_01682,4,4,1,4,-0.8796073,10.190026,1681,0.5865358114242554
bbag094_zeisel_cell_01683,4,4,1,4,0.04699735,10.489888,1682,1.992867112159729
bbag094_zeisel_cell_01684,4,4,1,4,-0.040847346,10.564339,1683,0.5088849663734436
bbag094_zeisel_cell_01685,4,4,1,4,-0.34915283,9.897333,1684,0.5743104219436646
bbag094_zeisel_cell_01686,4,4,1,4,-0.51331973,10.194767,1685,0.4099880158901214
bbag094_zeisel_cell_01687,4,4,1,4,-0.4277764,10.398995,1686,1.5122195482254028
bbag094_zeisel_cell_01688,4,4,1,4,-1.3341222,7.9082937,1687,1.063587665557861
bbag094_zeisel_cell_01689,4,4,1,4,-0.19748549,10.490609,1688,0.5449016094207764
bbag094_zeisel_cell_01690,4,4,1,4,-1.3509729,7.83779,1689,2.027780055999756
bbag094_zeisel_cell_01691,4,4,1,4,-0.39098606,10.013647,1690,1.7418066263198853
bbag094_zeisel_cell_01692,4,4,1,4,-0.42939824,9.978976,1691,0.6813358068466187
bbag094_zeisel_cell_01693,4,4,1,4,-0.5505808,10.009925,1692,0.3845422863960266
bbag094_zeisel_cell_01694,4,4,7,unknown,0.03896587,10.637234,1693,0.5110610127449036
bbag094_zeisel_cell_01695,4,4,5,1,-1.9497397,3.9064677,1694,1.7359566688537598
bbag094_zeisel_cell_01696,4,4,1,4,-0.13577989,10.042483,1695,0.5038245320320129
bbag094_zeisel_cell_01697,4,4,1,4,-0.43057382,10.0551815,1696,0.3845422863960266
bbag094_zeisel_cell_01698,4,4,1,4,0.43085504,9.584264,1697,1.4530775547027588
bbag094_zeisel_cell_01699,4,4,1,4,-0.6296388,9.746086,1698,0.3845422863960266
bbag094_zeisel_cell_01700,4,4,6,5,6.779955,7.990223,1699,2.37495231628418
bbag094_zeisel_cell_01701,4,4,1,4,-0.23295815,9.907979,1700,0.3845422863960266
bbag094_zeisel_cell_01702,4,4,2,7,1.6335566,10.414604,1701,1.5397770404815674
bbag094_zeisel_cell_01703,4,4,2,7,1.6484888,10.453606,1702,1.0945754051208496
bbag094_zeisel_cell_01704,4,4,6,5,7.1545467,8.313489,1703,2.37495231628418
bbag094_zeisel_cell_01705,4,4,2,7,1.7473785,10.371002,1704,0.9549349546432496
bbag094_zeisel_cell_01706,4,4,2,7,1.7372135,10.454666,1705,1.9417550563812256
bbag094_zeisel_cell_01707,4,4,1,4,-0.42507094,7.5034842,1706,2.4728376865386963
bbag094_zeisel_cell_01708,4,4,6,5,7.10586,8.250725,1707,2.1031839847564697
bbag094_zeisel_cell_01709,4,4,1,4,-0.64498353,10.114877,1708,0.7442310452461243
bbag094_zeisel_cell_01710,4,4,1,4,-0.5273325,9.987151,1709,0.3845422863960266
bbag094_zeisel_cell_01711,4,4,7,unknown,1.8846515,12.443493,1710,2.3430299758911133
bbag094_zeisel_cell_01712,4,4,2,7,1.92168,10.164866,1711,1.4917160272598269
bbag094_zeisel_cell_01713,4,4,1,4,-0.03300776,8.1965,1712,2.024665117263794
bbag094_zeisel_cell_01714,4,4,3,6,2.4909446,6.879445,1713,1.5746837854385376
bbag094_zeisel_cell_01715,4,4,3,6,2.9067109,6.7355433,1714,1.3697236776351929
bbag094_zeisel_cell_01716,4,4,1,4,-1.4788764,10.620552,1715,0.3845422863960266
bbag094_zeisel_cell_01717,4,4,2,7,0.94375396,9.217718,1716,1.249308466911316
bbag094_zeisel_cell_01718,4,4,2,7,2.1138678,10.052754,1717,1.0119246244430542
bbag094_zeisel_cell_01719,4,4,1,4,-1.0294288,9.559917,1718,0.5535821318626404
bbag094_zeisel_cell_01720,4,4,1,4,-0.9041314,10.11696,1719,1.1574071645736694
bbag094_zeisel_cell_01721,4,4,2,7,2.2492633,10.023699,1720,1.220369815826416
bbag094_zeisel_cell_01722,4,4,2,7,1.5205643,10.36087,1721,1.8976688385009768
bbag094_zeisel_cell_01723,4,4,3,6,2.3702784,7.050202,1722,1.689683437347412
bbag094_zeisel_cell_01724,4,4,1,4,-0.5947546,10.062039,1723,0.3845422863960266
bbag094_zeisel_cell_01725,4,4,7,unknown,1.9090247,12.408064,1724,2.3123836517333984
bbag094_zeisel_cell_01726,4,4,1,4,-0.88718086,9.368248,1725,0.3845422863960266
bbag094_zeisel_cell_01727,4,4,1,4,-0.06341399,10.562625,1726,0.3845422863960266
bbag094_zeisel_cell_01728,4,4,1,4,-1.6670173,8.8607855,1727,0.4652044475078583
bbag094_zeisel_cell_01729,4,4,1,4,-0.743404,9.364687,1728,0.3845422863960266
bbag094_zeisel_cell_01730,4,4,1,4,-0.63992447,10.262436,1729,0.5594640374183655
bbag094_zeisel_cell_01731,4,4,1,4,-0.7275969,9.439347,1730,0.3845422863960266
bbag094_zeisel_cell_01732,4,4,1,4,-0.51684844,9.432999,1731,0.3845422863960266
bbag094_zeisel_cell_01733,4,4,1,4,-0.35788634,9.519898,1732,0.4606387615203857
bbag094_zeisel_cell_01734,4,4,1,4,-0.5492998,9.513757,1733,0.5216113924980164
bbag094_zeisel_cell_01735,4,4,2,7,1.7982851,10.311047,1734,1.299611210823059
bbag094_zeisel_cell_01736,4,4,1,4,-0.25320154,9.939547,1735,0.5802268981933594
bbag094_zeisel_cell_01737,4,4,1,4,-0.2172715,10.021545,1736,0.5003399848937988
bbag094_zeisel_cell_01738,4,4,1,4,-1.3344982,7.8344674,1737,0.3845422863960266
bbag094_zeisel_cell_01739,4,4,8,9,0.5500802,6.3502593,1738,1.7201145887374878
bbag094_zeisel_cell_01740,4,4,3,6,0.18710306,10.39246,1739,1.7036458253860474
bbag094_zeisel_cell_01741,4,4,1,4,-0.037407424,10.470694,1740,0.4122140407562256
bbag094_zeisel_cell_01742,4,4,3,6,0.25030988,10.224495,1741,1.1520144939422607
bbag094_zeisel_cell_01743,4,4,1,4,-0.08005533,10.286469,1742,0.3845422863960266
bbag094_zeisel_cell_01744,4,4,1,4,0.008241657,10.394558,1743,1.264768123626709
bbag094_zeisel_cell_01745,4,4,1,4,-0.3157335,9.922661,1744,0.6227363348007202
bbag094_zeisel_cell_01746,4,4,1,4,-1.2398816,7.885562,1745,0.7150765061378479
bbag094_zeisel_cell_01747,4,4,1,4,-0.5592854,10.165135,1746,0.3845422863960266
bbag094_zeisel_cell_01748,4,4,1,4,-0.28909507,10.171375,1747,0.3845422863960266
bbag094_zeisel_cell_01749,4,4,1,4,-0.1987264,9.870615,1748,0.4224434792995453
bbag094_zeisel_cell_01750,4,4,1,4,-0.17979029,9.886244,1749,0.4006474614143371
bbag094_zeisel_cell_01751,4,4,1,4,-0.080974616,10.145732,1750,1.7107125520706177
bbag094_zeisel_cell_01752,4,4,1,4,-0.06305856,10.2415695,1751,0.4921073317527771
bbag094_zeisel_cell_01753,4,4,1,4,-0.6601381,10.21154,1752,0.5308396816253662
bbag094_zeisel_cell_01754,4,4,1,4,-0.19768669,9.903714,1753,0.8542143106460571
bbag094_zeisel_cell_01755,4,4,2,7,1.6637384,10.42556,1754,1.3987582921981812
bbag094_zeisel_cell_01756,4,4,1,4,-0.021732152,10.354011,1755,0.7032437324523926
bbag094_zeisel_cell_01757,4,4,1,4,-0.084914856,10.269511,1756,0.4626296162605285
bbag094_zeisel_cell_01758,4,4,1,4,-0.6625944,10.184627,1757,0.5059992074966431
bbag094_zeisel_cell_01759,4,4,3,6,0.30291516,10.075898,1758,1.7217018604278564
bbag094_zeisel_cell_01760,4,4,1,4,-0.07819474,10.2725115,1759,0.8384156823158264
bbag094_zeisel_cell_01761,4,4,1,4,-0.19032735,9.937821,1760,0.3880565464496612
bbag094_zeisel_cell_01762,4,4,1,4,-0.124209955,10.28943,1761,0.4321572482585907
bbag094_zeisel_cell_01763,4,4,1,4,-2.7041736,9.768505,1762,0.3845422863960266
bbag094_zeisel_cell_01764,4,4,6,5,7.401888,8.359665,1763,1.9308547973632808
bbag094_zeisel_cell_01765,4,4,1,4,-2.4381442,9.855756,1764,0.5162124633789062
bbag094_zeisel_cell_01766,4,4,1,4,-2.4240565,9.424436,1765,0.3845422863960266
bbag094_zeisel_cell_01767,4,4,1,4,-2.3221543,9.48822,1766,0.3845422863960266
bbag094_zeisel_cell_01768,4,4,1,4,-0.35466367,7.855881,1767,0.428650289773941
bbag094_zeisel_cell_01769,4,4,1,4,-2.4838498,9.70864,1768,0.3845422863960266
bbag094_zeisel_cell_01770,4,4,1,4,-2.7622669,9.625209,1769,0.4842544198036194
bbag094_zeisel_cell_01771,4,4,1,4,0.11787986,8.338408,1770,2.062971353530884
bbag094_zeisel_cell_01772,4,4,1,4,-2.8326209,9.750303,1771,0.4875885844230652
bbag094_zeisel_cell_01773,4,4,3,6,1.7382778,7.337812,1772,1.1244250535964966
bbag094_zeisel_cell_01774,4,4,1,4,-2.3462338,9.664167,1773,0.453456699848175
bbag094_zeisel_cell_01775,4,4,2,7,2.1356964,9.736407,1774,1.1023457050323486
bbag094_zeisel_cell_01776,4,4,3,6,1.6678303,7.350157,1775,1.2796015739440918
bbag094_zeisel_cell_01777,4,4,1,4,-1.9056075,6.656397,1776,1.9644660949707031
bbag094_zeisel_cell_01778,4,4,1,4,-2.6373007,9.662861,1777,0.3845422863960266
bbag094_zeisel_cell_01779,4,4,2,7,1.9521989,9.263336,1778,1.6823434829711914
bbag094_zeisel_cell_01780,4,4,1,4,-2.5766265,9.666902,1779,0.3845422863960266
bbag094_zeisel_cell_01781,4,4,1,4,-2.1652422,9.848425,1780,1.0241981744766235
bbag094_zeisel_cell_01782,4,4,1,4,-1.4632636,8.633416,1781,1.695540189743042
bbag094_zeisel_cell_01783,4,4,1,4,-2.4827054,9.644979,1782,0.3845422863960266
bbag094_zeisel_cell_01784,4,4,1,4,-2.6134722,9.643863,1783,0.3845422863960266
bbag094_zeisel_cell_01785,4,4,1,4,-2.6279132,9.58991,1784,0.3845422863960266
bbag094_zeisel_cell_01786,4,4,1,4,-2.543172,9.805216,1785,0.3845422863960266
bbag094_zeisel_cell_01787,4,4,1,4,-1.9790328,7.9122615,1786,0.5160419344902039
bbag094_zeisel_cell_01788,4,4,2,7,2.0891883,9.651029,1787,2.071986436843872
bbag094_zeisel_cell_01789,4,4,1,4,-2.8881323,9.755842,1788,0.3845422863960266
bbag094_zeisel_cell_01790,4,4,3,6,2.3893878,7.2930417,1789,1.124279499053955
bbag094_zeisel_cell_01791,4,4,2,7,2.1306274,9.6526785,1790,1.1301116943359375
bbag094_zeisel_cell_01792,4,4,1,4,-2.488628,9.763574,1791,0.3845422863960266
bbag094_zeisel_cell_01793,4,4,1,4,-2.104149,9.819961,1792,1.8214054107666016
bbag094_zeisel_cell_01794,4,4,1,4,-1.7343303,7.8361263,1793,0.3845422863960266
bbag094_zeisel_cell_01795,4,4,1,4,-2.8875802,9.732772,1794,0.3845422863960266
bbag094_zeisel_cell_01796,4,4,3,6,2.2594237,7.2380185,1795,1.9484838247299197
bbag094_zeisel_cell_01797,4,4,1,4,-2.61643,9.776989,1796,0.3845422863960266
bbag094_zeisel_cell_01798,4,4,1,4,-2.5473762,9.718621,1797,0.4431678652763366
bbag094_zeisel_cell_01799,4,4,1,4,-2.6455057,9.410138,1798,0.3845422863960266
bbag094_zeisel_cell_01800,4,4,6,5,7.1632338,8.352551,1799,2.2603063583374023
bbag094_zeisel_cell_01801,4,4,1,4,-2.1842284,9.726875,1800,0.3845422863960266
bbag094_zeisel_cell_01802,4,4,1,4,-2.4804251,9.70786,1801,0.3845422863960266
bbag094_zeisel_cell_01803,4,4,1,4,-1.1558468,8.439978,1802,0.3845422863960266
bbag094_zeisel_cell_01804,4,4,2,7,1.9994667,9.515159,1803,1.255899429321289
bbag094_zeisel_cell_01805,4,4,1,4,-2.0762072,6.2429366,1804,1.7586582899093628
bbag094_zeisel_cell_01806,4,4,2,7,1.9053975,9.291798,1805,1.9655568599700928
bbag094_zeisel_cell_01807,4,4,1,4,-2.5315123,9.642077,1806,0.3845422863960266
bbag094_zeisel_cell_01808,4,4,3,6,1.6545162,7.325418,1807,1.4126616716384888
bbag094_zeisel_cell_01809,4,4,1,4,-0.8828167,8.664804,1808,0.6084011197090149
bbag094_zeisel_cell_01810,4,4,1,4,0.5675683,8.385412,1809,1.4864248037338257
bbag094_zeisel_cell_01811,4,4,3,6,1.1929048,7.6606827,1810,0.6498032808303833
bbag094_zeisel_cell_01812,4,4,1,4,-0.7031849,8.765698,1811,0.4226279556751251
bbag094_zeisel_cell_01813,4,4,1,4,-1.571419,9.123108,1812,0.3845422863960266
bbag094_zeisel_cell_01814,4,4,1,4,-1.9072187,7.6960874,1813,0.7172054648399353
bbag094_zeisel_cell_01815,4,4,1,4,-2.1264887,7.8204803,1814,0.5874812006950378
bbag094_zeisel_cell_01816,4,4,2,7,1.6692932,9.172731,1815,1.679470777511597
bbag094_zeisel_cell_01817,4,4,8,9,0.6727154,6.5439143,1816,1.7420077323913574
bbag094_zeisel_cell_01818,4,4,1,4,-2.4061716,9.473376,1817,0.4389126598834991
bbag094_zeisel_cell_01819,4,4,1,4,-2.3260133,9.78882,1818,0.3845422863960266
bbag094_zeisel_cell_01820,4,4,1,4,-0.63682365,8.805939,1819,0.3845422863960266
bbag094_zeisel_cell_01821,4,4,1,4,-2.7682095,9.552355,1820,0.3845422863960266
bbag094_zeisel_cell_01822,4,4,2,7,1.4291831,9.274921,1821,0.6578180193901062
bbag094_zeisel_cell_01823,4,4,1,4,-2.6895247,9.5456915,1822,0.3845422863960266
bbag094_zeisel_cell_01824,4,4,1,4,-2.6866264,9.449213,1823,0.3845422863960266
bbag094_zeisel_cell_01825,4,4,3,6,1.6418722,7.3634586,1824,1.765560507774353
bbag094_zeisel_cell_01826,4,4,1,4,-2.7468696,9.653042,1825,0.3845422863960266
bbag094_zeisel_cell_01827,4,4,1,4,-2.470622,9.279808,1826,0.3845422863960266
bbag094_zeisel_cell_01828,4,4,1,4,-1.6229415,9.093212,1827,1.441565752029419
bbag094_zeisel_cell_01829,4,4,3,6,1.761255,7.296435,1828,1.3333913087844849
bbag094_zeisel_cell_01830,4,4,1,4,-2.6549253,9.688075,1829,0.4614662230014801
bbag094_zeisel_cell_01831,4,4,2,7,2.5866797,10.489606,1830,0.9895046353340148
bbag094_zeisel_cell_01832,4,4,6,5,7.29647,7.678705,1831,2.018902063369751
bbag094_zeisel_cell_01833,4,4,2,7,1.5226536,9.25206,1832,1.9301875829696653
bbag094_zeisel_cell_01834,4,4,1,4,-2.7669957,9.487497,1833,0.6348004341125488
bbag094_zeisel_cell_01835,4,4,1,4,-2.0256832,8.25846,1834,0.4014846682548523
bbag094_zeisel_cell_01836,4,4,1,4,-2.9123182,9.714567,1835,0.5521464943885803
bbag094_zeisel_cell_01837,4,4,1,4,-2.0637484,8.684768,1836,0.3845422863960266
bbag094_zeisel_cell_01838,4,4,1,4,-2.880381,9.645225,1837,0.3845422863960266
bbag094_zeisel_cell_01839,4,4,1,4,-2.3696876,9.276807,1838,0.3880922198295593
bbag094_zeisel_cell_01840,4,4,1,4,-2.9068217,9.73879,1839,0.3845422863960266
bbag094_zeisel_cell_01841,4,4,1,4,-1.9536994,8.587037,1840,0.3845422863960266
bbag094_zeisel_cell_01842,4,4,7,unknown,1.9492573,12.425224,1841,2.3650121688842773
bbag094_zeisel_cell_01843,4,4,1,4,-1.9709295,8.651668,1842,0.5327039957046509
bbag094_zeisel_cell_01844,4,4,1,4,-2.647237,9.558585,1843,0.4226199984550476
bbag094_zeisel_cell_01845,4,4,1,4,-1.8765411,9.114971,1844,0.3845422863960266
bbag094_zeisel_cell_01846,4,4,1,4,-2.5430229,9.520652,1845,0.4166430234909057
bbag094_zeisel_cell_01847,4,4,1,4,-2.8777616,9.704667,1846,0.3845422863960266
bbag094_zeisel_cell_01848,4,4,1,4,-2.058722,10.812161,1847,0.3845422863960266
bbag094_zeisel_cell_01849,4,4,1,4,-1.8263721,10.722372,1848,0.5865694284439087
bbag094_zeisel_cell_01850,4,4,3,6,2.730723,6.909464,1849,1.468980073928833
bbag094_zeisel_cell_01851,4,4,1,4,-1.3018026,8.8044,1850,0.3845422863960266
bbag094_zeisel_cell_01852,4,4,3,6,2.1807349,6.4448576,1851,1.38112473487854
bbag094_zeisel_cell_01853,4,4,1,4,-1.4666481,8.992723,1852,0.3845422863960266
bbag094_zeisel_cell_01854,4,4,1,4,-1.3422211,8.734622,1853,0.751375675201416
bbag094_zeisel_cell_01855,4,4,1,4,-1.3523506,8.781885,1854,0.3976129293441772
bbag094_zeisel_cell_01856,4,4,1,4,-2.1309686,9.200713,1855,0.5902191996574402
bbag094_zeisel_cell_01857,4,4,1,4,-1.8404677,8.205145,1856,0.3845422863960266
bbag094_zeisel_cell_01858,4,4,1,4,-1.5886312,8.890947,1857,0.3845422863960266
bbag094_zeisel_cell_01859,4,4,1,4,-2.0351377,8.752043,1858,0.3845422863960266
bbag094_zeisel_cell_01860,4,4,1,4,-1.803516,8.795922,1859,0.4063324928283691
bbag094_zeisel_cell_01861,4,4,6,5,7.193951,8.302863,1860,1.7240642309188845
bbag094_zeisel_cell_01862,4,4,1,4,-1.3550316,8.849001,1861,0.3845422863960266
bbag094_zeisel_cell_01863,4,4,3,6,2.1625824,7.0681353,1862,1.7957351207733154
bbag094_zeisel_cell_01864,4,4,1,4,-0.97856665,8.94168,1863,0.8203391432762146
bbag094_zeisel_cell_01865,4,4,1,4,-1.4907367,7.423681,1864,0.966983675956726
bbag094_zeisel_cell_01866,4,4,1,4,-2.1747622,8.610406,1865,0.5706282258033752
bbag094_zeisel_cell_01867,4,4,1,4,-1.2456795,8.739176,1866,0.3845422863960266
bbag094_zeisel_cell_01868,4,4,1,4,-1.8938469,8.835982,1867,0.3845422863960266
bbag094_zeisel_cell_01869,4,4,2,7,1.5690341,9.358186,1868,1.8386026620864868
bbag094_zeisel_cell_01870,4,4,2,7,1.6189998,9.351084,1869,1.3895105123519895
bbag094_zeisel_cell_01871,4,4,9,Unmatched_9,0.17254592,4.4200783,1870,2.3344826698303223
bbag094_zeisel_cell_01872,4,4,1,4,-2.2244947,8.920156,1871,0.3973812162876129
bbag094_zeisel_cell_01873,4,4,1,4,-1.971662,10.854402,1872,0.3845422863960266
bbag094_zeisel_cell_01874,4,4,3,6,1.9752647,7.132187,1873,1.468572974205017
bbag094_zeisel_cell_01875,4,4,3,6,2.0408633,7.1317463,1874,1.8149759769439695
bbag094_zeisel_cell_01876,4,4,1,4,-2.2273366,8.825003,1875,0.6578977704048157
bbag094_zeisel_cell_01877,4,4,1,4,-1.9540033,10.825994,1876,0.3845422863960266
bbag094_zeisel_cell_01878,4,4,2,7,1.6483483,9.459077,1877,2.032914400100708
bbag094_zeisel_cell_01879,4,4,1,4,-2.29942,8.298331,1878,0.3845422863960266
bbag094_zeisel_cell_01880,4,4,8,9,0.4887994,6.478522,1879,1.6725801229476929
bbag094_zeisel_cell_01881,4,4,3,6,2.157894,7.1174603,1880,1.7552316188812256
bbag094_zeisel_cell_01882,4,4,9,Unmatched_9,0.7298099,4.5627685,1881,1.659258246421814
bbag094_zeisel_cell_01883,4,4,1,4,-1.8490789,8.845302,1882,0.3871760666370392
bbag094_zeisel_cell_01884,4,4,3,6,2.8088493,6.8447385,1883,1.3873629570007324
bbag094_zeisel_cell_01885,4,4,1,4,-2.0231502,10.71634,1884,0.3845422863960266
bbag094_zeisel_cell_01886,4,4,1,4,-2.6354444,8.789744,1885,0.5102478265762329
bbag094_zeisel_cell_01887,4,4,1,4,-1.7922902,8.13293,1886,0.4965980052947998
bbag094_zeisel_cell_01888,4,4,1,4,-0.99392223,8.828748,1887,0.3845422863960266
bbag094_zeisel_cell_01889,4,4,1,4,-2.0842216,10.793896,1888,0.3986057341098785
bbag094_zeisel_cell_01890,4,4,1,4,-1.9627862,10.886786,1889,0.3845422863960266
bbag094_zeisel_cell_01891,4,4,8,9,0.4701642,6.475608,1890,1.7161641120910645
bbag094_zeisel_cell_01892,4,4,3,6,1.0491444,7.538985,1891,1.7382303476333618
bbag094_zeisel_cell_01893,4,4,1,4,-2.0056856,10.715395,1892,0.6117172241210938
bbag094_zeisel_cell_01894,4,4,1,4,-1.8191519,10.353259,1893,0.3876982927322387
bbag094_zeisel_cell_01895,4,4,1,4,-1.7658588,8.6536045,1894,0.702825665473938
bbag094_zeisel_cell_01896,4,4,1,4,-1.1768105,8.871455,1895,0.3845422863960266
bbag094_zeisel_cell_01897,4,4,5,1,-1.1852862,4.7536635,1896,1.74846088886261
bbag094_zeisel_cell_01898,4,4,1,4,-1.7732488,8.032222,1897,1.7019802331924438
bbag094_zeisel_cell_01899,4,4,8,9,0.8848788,6.3074255,1898,1.5414376258850098
bbag094_zeisel_cell_01900,4,4,1,4,-2.0303416,8.481506,1899,0.7898382544517517
bbag094_zeisel_cell_01901,4,4,1,4,-1.212785,8.005777,1900,0.4478529095649719
bbag094_zeisel_cell_01902,4,4,1,4,-1.7810667,9.351079,1901,0.5335038304328918
bbag094_zeisel_cell_01903,4,4,1,4,-1.6598108,8.172405,1902,1.95001757144928
bbag094_zeisel_cell_01904,4,4,3,6,2.9149113,6.7245355,1903,1.1855549812316897
bbag094_zeisel_cell_01905,4,4,1,4,-1.7809538,9.369186,1904,0.419544905424118
bbag094_zeisel_cell_01906,4,4,6,5,7.3079867,8.293943,1905,2.37495231628418
bbag094_zeisel_cell_01907,4,4,6,5,7.2378445,8.346179,1906,2.191662549972534
bbag094_zeisel_cell_01908,4,4,1,4,-1.8290218,8.367302,1907,1.6288557052612305
bbag094_zeisel_cell_01909,4,4,1,4,-1.9342272,8.2723675,1908,1.2380621433258057
bbag094_zeisel_cell_01910,4,4,1,4,-2.2265956,8.064268,1909,0.9963321685791016
bbag094_zeisel_cell_01911,4,4,6,5,7.2136655,8.372746,1910,1.6387282609939575
bbag094_zeisel_cell_01912,4,4,1,4,-2.3150375,8.784272,1911,0.4735420942306518
bbag094_zeisel_cell_01913,4,4,3,6,2.7961364,6.8271356,1912,2.002491235733032
bbag094_zeisel_cell_01914,4,4,1,4,-2.0382645,9.092518,1913,0.5787139534950256
bbag094_zeisel_cell_01915,4,4,3,6,2.1476524,7.060985,1914,1.095517873764038
bbag094_zeisel_cell_01916,4,4,8,9,0.45802885,6.5199194,1915,1.7881346940994265
bbag094_zeisel_cell_01917,4,4,2,7,3.1654665,7.9229035,1916,1.3574527502059937
bbag094_zeisel_cell_01918,4,4,7,unknown,1.8213822,12.357186,1917,2.0312232971191406
bbag094_zeisel_cell_01919,4,4,1,4,-0.6521395,9.011192,1918,0.3845422863960266
bbag094_zeisel_cell_01920,4,4,3,6,2.2548766,7.0199885,1919,1.0984816551208496
bbag094_zeisel_cell_01921,4,4,1,4,-2.602942,9.2740965,1920,0.3845422863960266
bbag094_zeisel_cell_01922,4,4,1,4,-2.0449598,10.725292,1921,0.3845422863960266
bbag094_zeisel_cell_01923,4,4,1,4,-1.9754521,6.890015,1922,1.8794176578521729
bbag094_zeisel_cell_01924,4,4,1,4,-2.432357,8.405513,1923,0.3845422863960266
bbag094_zeisel_cell_01925,4,4,2,7,1.8060509,9.42957,1924,1.1189137697219849
bbag094_zeisel_cell_01926,4,4,1,4,-1.633165,9.063228,1925,0.3845422863960266
bbag094_zeisel_cell_01927,4,4,2,7,1.6694889,9.478158,1926,1.8256981372833248
bbag094_zeisel_cell_01928,4,4,1,4,-2.089507,6.2358394,1927,2.024665117263794
bbag094_zeisel_cell_01929,4,4,1,4,-2.1457098,8.130798,1928,0.3845422863960266
bbag094_zeisel_cell_01930,4,4,1,4,0.8006735,8.536815,1929,2.062971353530884
bbag094_zeisel_cell_01931,4,4,1,4,-2.618647,8.754803,1930,1.5758709907531738
bbag094_zeisel_cell_01932,4,4,1,4,-2.3856175,7.892026,1931,0.4340807199478149
bbag094_zeisel_cell_01933,4,4,1,4,-1.9283695,8.959853,1932,0.5058086514472961
bbag094_zeisel_cell_01934,4,4,8,9,0.38629526,6.55092,1933,2.0098578929901123
bbag094_zeisel_cell_01935,4,4,1,4,-1.9307432,7.4449244,1934,0.3845422863960266
bbag094_zeisel_cell_01936,4,4,1,4,-2.6448624,9.156165,1935,0.3845422863960266
bbag094_zeisel_cell_01937,4,4,1,4,-1.8373721,8.348392,1936,0.9250011444091796
bbag094_zeisel_cell_01938,4,4,8,9,0.44688722,6.549243,1937,1.6652500629425049
bbag094_zeisel_cell_01939,4,4,1,4,-2.5047414,8.979471,1938,1.9807820320129397
bbag094_zeisel_cell_01940,4,4,3,6,1.6427127,7.3598027,1939,1.3300158977508545
bbag094_zeisel_cell_01941,4,4,1,4,-2.1100745,6.147997,1940,2.1701114177703857
bbag094_zeisel_cell_01942,4,4,1,4,-2.4104853,9.258804,1941,0.4970754981040954
bbag094_zeisel_cell_01943,4,4,1,4,-2.6622026,9.603889,1942,0.3845422863960266
bbag094_zeisel_cell_01944,4,4,1,4,-2.1632247,9.144176,1943,0.6922981142997742
bbag094_zeisel_cell_01945,4,4,1,4,-2.921567,9.757061,1944,0.573100209236145
bbag094_zeisel_cell_01946,4,4,6,5,7.191793,8.316721,1945,1.5728819370269775
bbag094_zeisel_cell_01947,4,4,1,4,-2.4534588,8.927338,1946,0.4100441932678222
bbag094_zeisel_cell_01948,4,4,1,4,-2.5847,9.067593,1947,0.4630274772644043
bbag094_zeisel_cell_01949,4,4,2,7,2.1594584,9.923433,1948,0.9929933547973632
bbag094_zeisel_cell_01950,4,4,6,5,7.254482,8.313948,1949,1.7577810287475586
bbag094_zeisel_cell_01951,4,4,1,4,-2.0893934,6.399222,1950,1.784517526626587
bbag094_zeisel_cell_01952,4,4,1,4,-2.7565007,9.269006,1951,0.3845422863960266
bbag094_zeisel_cell_01953,4,4,2,7,1.7520226,9.277394,1952,1.6024863719940186
bbag094_zeisel_cell_01954,4,4,1,4,-2.782054,9.318707,1953,0.4126110076904297
bbag094_zeisel_cell_01955,4,4,1,4,-2.066056,6.5182357,1954,1.5365543365478516
bbag094_zeisel_cell_01956,4,4,1,4,-2.6989596,8.90141,1955,0.3928307294845581
bbag094_zeisel_cell_01957,4,4,1,4,-2.6229334,8.838009,1956,0.3944191336631775
bbag094_zeisel_cell_01958,4,4,1,4,-2.3951404,9.005658,1957,0.4112389683723449
bbag094_zeisel_cell_01959,4,4,1,4,-2.4953501,8.725432,1958,0.3845422863960266
bbag094_zeisel_cell_01960,4,4,1,4,-2.6997862,8.949075,1959,0.3845422863960266
bbag094_zeisel_cell_01961,4,4,9,Unmatched_9,1.0322305,5.087021,1960,1.6950860023498535
bbag094_zeisel_cell_01962,4,4,1,4,-2.5922418,8.847569,1961,0.4916985929012298
bbag094_zeisel_cell_01963,4,4,1,4,-2.3570354,8.398294,1962,0.3862864375114441
bbag094_zeisel_cell_01964,4,4,3,6,2.040622,7.119032,1963,1.511338472366333
bbag094_zeisel_cell_01965,4,4,1,4,-2.3972096,8.867108,1964,0.3845422863960266
bbag094_zeisel_cell_01966,4,4,1,4,-2.7232602,9.152861,1965,0.3845422863960266
bbag094_zeisel_cell_01967,4,4,1,4,-2.27237,8.12795,1966,0.3942169845104217
bbag094_zeisel_cell_01968,4,4,7,unknown,1.8377848,12.37311,1967,2.3651375770568848
bbag094_zeisel_cell_01969,4,4,1,4,-2.5710464,8.82954,1968,0.424493134021759
bbag094_zeisel_cell_01970,4,4,1,4,-2.1207066,8.68772,1969,0.4142707586288452
bbag094_zeisel_cell_01971,4,4,1,4,-2.0271795,8.928009,1970,0.3845422863960266
bbag094_zeisel_cell_01972,4,4,1,4,-2.4102335,8.535754,1971,0.409491091966629
bbag094_zeisel_cell_01973,4,4,2,7,2.9173408,10.817781,1972,1.123660922050476
bbag094_zeisel_cell_01974,4,4,1,4,-2.4240556,7.681687,1973,0.6250035166740417
bbag094_zeisel_cell_01975,4,4,1,4,-2.2140903,8.457539,1974,0.4297813475131988
bbag094_zeisel_cell_01976,4,4,1,4,-2.1609652,8.253835,1975,0.457405537366867
bbag094_zeisel_cell_01977,4,4,1,4,-2.6451087,9.037294,1976,0.3845422863960266
bbag094_zeisel_cell_01978,4,4,1,4,-2.718123,9.263244,1977,0.4111452400684356
bbag094_zeisel_cell_01979,4,4,1,4,-0.18238874,8.000919,1978,0.6527347564697266
bbag094_zeisel_cell_01980,4,4,1,4,-1.9692259,8.552193,1979,0.3845422863960266
bbag094_zeisel_cell_01981,4,4,1,4,-2.059539,8.711273,1980,0.3845422863960266
bbag094_zeisel_cell_01982,4,4,1,4,-2.2793503,8.661529,1981,0.3845422863960266
bbag094_zeisel_cell_01983,4,4,1,4,-2.672595,8.777556,1982,0.3845422863960266
bbag094_zeisel_cell_01984,4,4,1,4,-2.422548,9.038611,1983,0.3845422863960266
bbag094_zeisel_cell_01985,4,4,1,4,-2.142458,9.1820755,1984,0.3845422863960266
bbag094_zeisel_cell_01986,4,4,1,4,-2.3382845,8.6203,1985,0.4653799533843994
bbag094_zeisel_cell_01987,4,4,1,4,-1.8182406,7.6032643,1986,0.4311321079730987
bbag094_zeisel_cell_01988,4,4,1,4,-1.3713716,8.323448,1987,0.4369561076164245
bbag094_zeisel_cell_01989,4,4,1,4,-2.1478577,8.838984,1988,0.4249616861343384
bbag094_zeisel_cell_01990,4,4,1,4,-1.9520314,9.018399,1989,0.3845422863960266
bbag094_zeisel_cell_01991,4,4,3,6,2.06794,7.103914,1990,1.5069059133529663
bbag094_zeisel_cell_01992,4,4,2,7,1.7483459,9.653168,1991,1.5009909868240356
bbag094_zeisel_cell_01993,4,4,2,7,1.8617243,9.591816,1992,1.2531781196594238
bbag094_zeisel_cell_01994,4,4,6,5,7.2665625,8.33215,1993,2.1031839847564697
bbag094_zeisel_cell_01995,4,4,1,4,-2.5431056,8.853435,1994,0.3845422863960266
bbag094_zeisel_cell_01996,4,4,3,6,2.9552774,6.8937173,1995,1.5554052591323853
bbag094_zeisel_cell_01997,4,4,1,4,-2.329486,8.3232975,1996,0.4558242857456207
bbag094_zeisel_cell_01998,4,4,1,4,-2.0631,8.4525585,1997,0.5879642367362976
bbag094_zeisel_cell_01999,4,4,1,4,-2.5918205,9.0885,1998,0.9076853394508362
bbag094_zeisel_cell_02000,4,4,1,4,-2.8477488,9.794996,1999,0.511193573474884
bbag094_zeisel_cell_02001,4,4,3,6,2.4141538,6.988289,2000,1.1529557704925537
bbag094_zeisel_cell_02002,4,4,1,4,-1.9444895,8.334559,2001,0.3845422863960266
bbag094_zeisel_cell_02003,4,4,1,4,-1.317947,8.814887,2002,0.3845422863960266
bbag094_zeisel_cell_02004,4,4,1,4,-1.9626644,7.7558413,2003,2.034209012985229
bbag094_zeisel_cell_02005,4,4,1,4,-2.419665,7.717547,2004,0.9058113098144532
bbag094_zeisel_cell_02006,4,4,1,4,-2.1026883,8.747235,2005,0.4125010073184967
bbag094_zeisel_cell_02007,4,4,1,4,-2.060203,6.34845,2006,1.8536330461502075
bbag094_zeisel_cell_02008,4,4,3,6,2.1804426,5.4778743,2007,1.528822898864746
bbag094_zeisel_cell_02009,4,4,1,4,-1.7273434,8.196071,2008,0.3845422863960266
bbag094_zeisel_cell_02010,4,4,1,4,-2.2254202,8.660709,2009,0.3845422863960266
bbag094_zeisel_cell_02011,4,4,1,4,-2.1847036,8.776402,2010,0.4698392152786255
bbag094_zeisel_cell_02012,4,4,1,4,-2.2761343,8.006909,2011,0.5546068549156189
bbag094_zeisel_cell_02013,4,4,1,4,-1.8252876,8.787122,2012,0.5504154562950134
bbag094_zeisel_cell_02014,4,4,1,4,-2.107326,8.588227,2013,0.3845422863960266
bbag094_zeisel_cell_02015,4,4,1,4,-2.0346653,8.741649,2014,0.3845422863960266
bbag094_zeisel_cell_02016,4,4,1,4,-2.0815427,8.030178,2015,0.5865544080734253
bbag094_zeisel_cell_02017,4,4,1,4,-2.182406,8.313311,2016,0.495711475610733
bbag094_zeisel_cell_02018,4,4,1,4,-2.2721934,8.568888,2017,0.3845422863960266
bbag094_zeisel_cell_02019,4,4,1,4,-2.3570786,8.273857,2018,0.3845422863960266
bbag094_zeisel_cell_02020,4,4,1,4,-2.1257455,8.684945,2019,0.4502009749412536
bbag094_zeisel_cell_02021,4,4,1,4,-1.2260025,8.677732,2020,0.4685149788856506
bbag094_zeisel_cell_02022,4,4,2,7,1.6659911,9.318376,2021,1.7855662107467651
bbag094_zeisel_cell_02023,4,4,3,6,2.2455866,7.0826354,2022,1.849218726158142
bbag094_zeisel_cell_02024,4,4,1,4,-2.0982764,8.668638,2023,0.4919647574424743
bbag094_zeisel_cell_02025,4,4,1,4,-2.3521838,8.776423,2024,0.3845422863960266
bbag094_zeisel_cell_02026,4,4,1,4,-2.2285964,8.791285,2025,0.3845422863960266
bbag094_zeisel_cell_02027,4,4,2,7,2.187323,9.953681,2026,0.986818552017212
bbag094_zeisel_cell_02028,4,4,1,4,-2.1507595,8.769986,2027,0.4598400890827179
bbag094_zeisel_cell_02029,4,4,3,6,2.2960837,7.043421,2028,1.9870353937149048
bbag094_zeisel_cell_02030,4,4,1,4,-2.1578004,7.66455,2029,0.6669490337371826
bbag094_zeisel_cell_02031,4,4,1,4,-2.076136,7.595491,2030,0.845176637172699
bbag094_zeisel_cell_02032,4,4,1,4,-2.161028,8.554089,2031,0.4211086630821228
bbag094_zeisel_cell_02033,4,4,1,4,-1.9776552,8.738314,2032,1.3162254095077517
bbag094_zeisel_cell_02034,4,4,9,Unmatched_9,0.7962239,4.633269,2033,1.850991129875183
bbag094_zeisel_cell_02035,4,4,8,9,0.57890046,5.7916117,2034,1.5631742477416992
bbag094_zeisel_cell_02036,4,4,1,4,-2.3540943,7.6057253,2035,0.8300914764404297
bbag094_zeisel_cell_02037,4,4,1,4,-1.7871519,8.253907,2036,0.3845422863960266
bbag094_zeisel_cell_02038,4,4,7,unknown,1.9221357,12.411752,2037,2.204134702682495
bbag094_zeisel_cell_02039,4,4,2,7,2.1218092,9.99815,2038,2.020581722259521
bbag094_zeisel_cell_02040,4,4,6,5,7.399921,8.061612,2039,2.356533527374268
bbag094_zeisel_cell_02041,4,4,1,4,-1.3653408,7.7054915,2040,1.8976725339889529
bbag094_zeisel_cell_02042,4,4,1,4,-2.3648512,7.6457834,2041,0.6230766773223877
bbag094_zeisel_cell_02043,4,4,6,5,7.352381,7.46454,2042,2.37495231628418
bbag094_zeisel_cell_02044,4,4,8,9,0.506217,6.4245753,2043,1.783159255981445
bbag094_zeisel_cell_02045,4,4,2,7,1.7275542,9.673861,2044,1.5304677486419678
bbag094_zeisel_cell_02046,4,4,1,4,-1.1676306,9.257417,2045,0.3985241651535034
bbag094_zeisel_cell_02047,4,4,2,7,2.2407472,10.006555,2046,0.9598464369773864
bbag094_zeisel_cell_02048,4,4,1,4,-1.9946558,8.959709,2047,0.4288660287857055
bbag094_zeisel_cell_02049,4,4,1,4,-1.7636607,8.002267,2048,0.7445729374885559
bbag094_zeisel_cell_02050,4,4,1,4,-1.8230139,8.460628,2049,0.3845422863960266
bbag094_zeisel_cell_02051,4,4,3,6,3.446163,6.5356193,2050,1.5797998905181885
bbag094_zeisel_cell_02052,4,4,6,5,7.1817513,8.322207,2051,1.965791702270508
bbag094_zeisel_cell_02053,4,4,8,9,0.49242216,6.4848547,2052,1.814895272254944
bbag094_zeisel_cell_02054,4,4,1,4,-0.94758403,8.697364,2053,1.2947862148284912
bbag094_zeisel_cell_02055,4,4,1,4,-1.3840493,8.854529,2054,0.4363549053668976
bbag094_zeisel_cell_02056,4,4,1,4,-1.5544219,9.017346,2055,0.3951834142208099
bbag094_zeisel_cell_02057,4,4,7,unknown,1.9295535,12.399015,2056,2.3464059829711914
bbag094_zeisel_cell_02058,4,4,6,5,7.328203,8.100207,2057,2.2851979732513428
bbag094_zeisel_cell_02059,4,4,2,7,2.63881,10.58106,2058,1.032468318939209
bbag094_zeisel_cell_02060,4,4,2,7,2.7142472,10.653085,2059,0.957259237766266
bbag094_zeisel_cell_02061,4,4,2,7,3.1054122,10.937738,2060,0.9709274172782898
bbag094_zeisel_cell_02062,4,4,1,4,-1.9109983,8.803711,2061,0.3845422863960266
bbag094_zeisel_cell_02063,4,4,1,4,-1.3483344,8.393278,2062,0.3845422863960266
bbag094_zeisel_cell_02064,4,4,1,4,-1.4603771,8.235456,2063,0.6350944638252258
bbag094_zeisel_cell_02065,4,4,3,6,1.7752792,7.0915346,2064,1.1165581941604614
bbag094_zeisel_cell_02066,4,4,1,4,2.8736324,10.852986,2065,1.537783980369568
bbag094_zeisel_cell_02067,4,4,1,4,-1.9703293,7.8920817,2066,1.2618687152862549
bbag094_zeisel_cell_02068,4,4,1,4,-0.7871546,7.771812,2067,0.5130672454833984
bbag094_zeisel_cell_02069,4,4,1,4,-1.1509621,8.608189,2068,0.5229724645614624
bbag094_zeisel_cell_02070,4,4,1,4,-1.142164,8.367716,2069,0.4802920520305633
bbag094_zeisel_cell_02071,4,4,1,4,-0.487966,8.892637,2070,0.5652333498001099
bbag094_zeisel_cell_02072,4,4,2,7,2.382838,9.934825,2071,1.1689985990524292
bbag094_zeisel_cell_02073,4,4,1,4,-1.3082393,8.8234625,2072,0.3845422863960266
bbag094_zeisel_cell_02074,4,4,6,5,7.2324204,8.247095,2073,2.37495231628418
bbag094_zeisel_cell_02075,4,4,2,7,2.1573334,10.185295,2074,1.4733495712280271
bbag094_zeisel_cell_02076,4,4,1,4,-1.7249572,8.201329,2075,1.627642035484314
bbag094_zeisel_cell_02077,4,4,1,4,-1.7305529,7.7680993,2076,0.4235441088676452
bbag094_zeisel_cell_02078,4,4,1,4,-1.553548,8.995718,2077,0.3845422863960266
bbag094_zeisel_cell_02079,4,4,1,4,-1.3006432,8.7491665,2078,0.3845422863960266
bbag094_zeisel_cell_02080,4,4,3,6,1.4207228,7.426028,2079,1.8009965419769287
bbag094_zeisel_cell_02081,4,4,1,4,-1.0957836,8.671449,2080,0.6400372982025146
bbag094_zeisel_cell_02082,4,4,1,4,-1.7449423,8.89168,2081,0.395652025938034
bbag094_zeisel_cell_02083,4,4,1,4,-1.8348064,7.618759,2082,0.8517428040504456
bbag094_zeisel_cell_02084,4,4,1,4,-1.4874697,9.025151,2083,0.7064018249511719
bbag094_zeisel_cell_02085,4,4,3,6,0.90793926,7.82482,2084,2.0310287475585938
bbag094_zeisel_cell_02086,4,4,3,6,2.1951008,7.029143,2085,1.187303066253662
bbag094_zeisel_cell_02087,4,4,1,4,-1.093882,8.7100725,2086,0.3881866931915283
bbag094_zeisel_cell_02088,4,4,3,6,1.9452679,7.1729164,2087,1.7909488677978516
bbag094_zeisel_cell_02089,4,4,1,4,-1.2101959,8.5955925,2088,0.390818327665329
bbag094_zeisel_cell_02090,4,4,3,6,1.3919108,7.4505205,2089,1.9828569889068604
bbag094_zeisel_cell_02091,4,4,1,4,-0.83946276,8.785649,2090,0.3845422863960266
bbag094_zeisel_cell_02092,4,4,3,6,1.1318858,7.66034,2091,1.6671957969665527
bbag094_zeisel_cell_02093,4,4,1,4,0.7726679,7.8936577,2092,1.581135630607605
bbag094_zeisel_cell_02094,4,4,1,4,-1.7627275,7.6404524,2093,0.5714311599731445
bbag094_zeisel_cell_02095,4,4,1,4,-1.2269175,8.389318,2094,0.3845422863960266
bbag094_zeisel_cell_02096,4,4,1,4,-1.4346244,7.8533597,2095,0.3845422863960266
bbag094_zeisel_cell_02097,4,4,1,4,-0.7811319,8.567237,2096,0.5114493370056152
bbag094_zeisel_cell_02098,4,4,2,7,1.8732775,9.340125,2097,1.202358961105347
bbag094_zeisel_cell_02099,4,4,2,7,1.8049843,9.346968,2098,1.350475192070007
bbag094_zeisel_cell_02100,4,4,2,7,1.7584065,9.2739935,2099,1.271506667137146
bbag094_zeisel_cell_02101,4,4,1,4,-1.059632,8.664405,2100,0.4125605821609497
bbag094_zeisel_cell_02102,4,4,3,6,1.3905133,7.3551254,2101,1.6018738746643066
bbag094_zeisel_cell_02103,4,4,1,4,-1.1437309,7.6840096,2102,1.994413137435913
bbag094_zeisel_cell_02104,4,4,1,4,-1.0084618,8.618639,2103,0.3881905376911163
bbag094_zeisel_cell_02105,4,4,1,4,-0.5305251,8.813265,2104,0.3845422863960266
bbag094_zeisel_cell_02106,4,4,8,9,0.7218009,6.480154,2105,1.733476638793945
bbag094_zeisel_cell_02107,4,4,2,7,1.2900603,9.609697,2106,0.6612066030502319
bbag094_zeisel_cell_02108,4,4,1,4,-0.76368266,9.137464,2107,0.3845422863960266
bbag094_zeisel_cell_02109,4,4,1,4,-1.6746345,7.813867,2108,1.8551093339920044
bbag094_zeisel_cell_02110,4,4,1,4,-0.28669283,8.677458,2109,0.3845422863960266
bbag094_zeisel_cell_02111,4,4,1,4,-0.369946,8.738062,2110,0.3845422863960266
bbag094_zeisel_cell_02112,4,4,1,4,-0.28735515,8.709189,2111,0.4279040098190307
bbag094_zeisel_cell_02113,4,4,2,7,1.8831128,9.237996,2112,1.072668194770813
bbag094_zeisel_cell_02114,4,4,1,4,-1.6163933,8.876822,2113,0.6307927370071411
bbag094_zeisel_cell_02115,4,4,9,Unmatched_9,0.63671684,4.4793158,2114,1.7705824375152588
bbag094_zeisel_cell_02116,4,4,1,4,-0.26024425,8.657316,2115,0.4040688574314117
bbag094_zeisel_cell_02117,4,4,2,7,2.6101017,9.783223,2116,1.0307937860488892
bbag094_zeisel_cell_02118,4,4,1,4,-0.34379482,8.773169,2117,0.5208441615104675
bbag094_zeisel_cell_02119,4,4,1,4,-0.13536371,8.745722,2118,1.1964223384857178
bbag094_zeisel_cell_02120,4,4,1,4,-0.33102244,8.5977955,2119,0.4688439667224884
bbag094_zeisel_cell_02121,4,4,6,5,7.3209333,8.12408,2120,2.301465511322021
bbag094_zeisel_cell_02122,4,4,9,Unmatched_9,0.73584336,4.5228724,2121,1.555599570274353
bbag094_zeisel_cell_02123,4,4,1,4,0.08420505,8.503532,2122,2.190897226333618
bbag094_zeisel_cell_02124,4,4,1,4,-1.5237757,7.999722,2123,0.3845422863960266
bbag094_zeisel_cell_02125,4,4,2,7,1.9731246,9.149685,2124,1.3527034521102903
bbag094_zeisel_cell_02126,4,4,9,Unmatched_9,0.6301504,4.4275355,2125,1.5852893590927124
bbag094_zeisel_cell_02127,4,4,9,Unmatched_9,0.5800957,4.3612742,2126,1.9459178447723389
bbag094_zeisel_cell_02128,4,4,9,Unmatched_9,0.6200497,4.400203,2127,2.0098578929901123
bbag094_zeisel_cell_02129,4,4,1,4,-0.30875728,8.714953,2128,0.4665403962135315
bbag094_zeisel_cell_02130,4,4,1,4,-0.28811952,8.696777,2129,0.4148030579090118
bbag094_zeisel_cell_02131,4,4,1,4,-0.17438903,8.56803,2130,0.5216792225837708
bbag094_zeisel_cell_02132,4,4,7,unknown,1.9579864,12.344782,2131,2.3448400497436523
bbag094_zeisel_cell_02133,4,4,8,9,0.5239746,6.474503,2132,1.742750883102417
bbag094_zeisel_cell_02134,4,4,9,Unmatched_9,0.59999007,4.3998466,2133,2.0098578929901123
bbag094_zeisel_cell_02135,4,4,2,7,2.539533,10.439073,2134,1.014136791229248
bbag094_zeisel_cell_02136,4,4,1,4,-0.88672423,8.547558,2135,0.4290492832660675
bbag094_zeisel_cell_02137,4,4,1,4,0.05025372,8.296594,2136,1.799813151359558
bbag094_zeisel_cell_02138,4,4,1,4,-0.027629986,8.423376,2137,1.9452688694000244
bbag094_zeisel_cell_02139,4,4,1,4,-0.15251702,8.550688,2138,0.3845422863960266
bbag094_zeisel_cell_02140,4,4,2,7,2.6204016,10.564043,2139,0.9892799854278564
bbag094_zeisel_cell_02141,4,4,6,5,7.3211403,8.388639,2140,2.08862566947937
bbag094_zeisel_cell_02142,4,4,6,5,7.267027,8.164442,2141,2.264247417449951
bbag094_zeisel_cell_02143,4,4,2,7,2.2404873,9.723172,2142,1.4887890815734863
bbag094_zeisel_cell_02144,4,4,1,4,-0.19305304,8.562494,2143,0.3845422863960266
bbag094_zeisel_cell_02145,4,4,8,9,0.6309485,6.1451,2144,1.603274703025818
bbag094_zeisel_cell_02146,4,4,1,4,-0.1450992,8.588267,2145,1.571070909500122
bbag094_zeisel_cell_02147,4,4,1,4,-0.1358358,8.566358,2146,0.4378555715084076
bbag094_zeisel_cell_02148,4,4,6,5,7.3225822,7.9814553,2147,2.033244132995605
bbag094_zeisel_cell_02149,4,4,3,6,2.224744,5.7677526,2148,1.269357681274414
bbag094_zeisel_cell_02150,4,4,1,4,-1.1664089,8.638605,2149,0.8806986212730408
bbag094_zeisel_cell_02151,4,4,1,4,-0.7997036,9.025407,2150,0.6419006586074829
bbag094_zeisel_cell_02152,4,4,1,4,-0.50638247,8.749355,2151,0.3845422863960266
bbag094_zeisel_cell_02153,4,4,1,4,-1.3278593,8.260046,2152,1.314350724220276
bbag094_zeisel_cell_02154,4,4,1,4,-1.3546823,7.4101834,2153,0.7994234561920166
bbag094_zeisel_cell_02155,4,4,2,7,1.9630097,10.00178,2154,0.990824282169342
bbag094_zeisel_cell_02156,4,4,1,4,-1.0457299,9.0112705,2155,0.4289586246013641
bbag094_zeisel_cell_02157,4,4,1,4,-1.8349758,6.707718,2156,2.364027500152588
bbag094_zeisel_cell_02158,4,4,1,4,-1.0335876,8.529049,2157,0.8183697462081909
bbag094_zeisel_cell_02159,4,4,3,6,2.4887624,6.9248967,2158,1.6176795959472656
bbag094_zeisel_cell_02160,4,4,2,7,1.6330435,9.184254,2159,1.893785834312439
bbag094_zeisel_cell_02161,4,4,3,6,1.3339704,7.4839916,2160,1.6271361112594604
bbag094_zeisel_cell_02162,4,4,1,4,-1.8820018,9.619767,2161,1.096418857574463
bbag094_zeisel_cell_02163,4,4,1,4,-1.7003002,10.083623,2162,0.6905508637428284
bbag094_zeisel_cell_02164,4,4,1,4,-0.9214037,8.560599,2163,1.0263839960098269
bbag094_zeisel_cell_02165,4,4,1,4,-0.6537506,8.52282,2164,0.3845422863960266
bbag094_zeisel_cell_02166,4,4,1,4,-0.6431335,8.798936,2165,0.5749910473823547
bbag094_zeisel_cell_02167,4,4,1,4,-0.60027236,8.865081,2166,0.3845422863960266
bbag094_zeisel_cell_02168,4,4,1,4,-1.940108,9.969703,2167,0.3941455483436584
bbag094_zeisel_cell_02169,4,4,1,4,-1.0405465,8.582292,2168,0.3881185948848724
bbag094_zeisel_cell_02170,4,4,1,4,-1.4561838,7.412668,2169,1.4038912057876587
bbag094_zeisel_cell_02171,4,4,1,4,-0.88757855,8.782982,2170,0.4209203124046325
bbag094_zeisel_cell_02172,4,4,1,4,-1.809891,6.817182,2171,2.3751490116119385
bbag094_zeisel_cell_02173,4,4,1,4,-1.6621073,8.0960245,2172,0.3845422863960266
bbag094_zeisel_cell_02174,4,4,1,4,-1.7784764,7.4585433,2173,0.5687690377235413
bbag094_zeisel_cell_02175,4,4,1,4,-1.8321066,8.904682,2174,0.4588046967983246
bbag094_zeisel_cell_02176,4,4,1,4,-1.0331161,8.722899,2175,1.194199562072754
bbag094_zeisel_cell_02177,4,4,1,4,-1.4712409,7.438151,2176,1.547511100769043
bbag094_zeisel_cell_02178,4,4,1,4,-1.2108277,9.434546,2177,0.3845422863960266
bbag094_zeisel_cell_02179,4,4,1,4,-1.0346475,8.737998,2178,0.3845422863960266
bbag094_zeisel_cell_02180,4,4,6,5,7.3905997,8.426164,2179,1.5832961797714231
bbag094_zeisel_cell_02181,4,4,2,7,1.7950367,9.605384,2180,1.6097633838653564
bbag094_zeisel_cell_02182,4,4,1,4,-2.0785453,7.496411,2181,0.7252223491668701
bbag094_zeisel_cell_02183,4,4,1,4,-2.073439,6.2962027,2182,1.6724576950073242
bbag094_zeisel_cell_02184,4,4,2,7,1.8526881,9.837108,2183,1.8328192234039309
bbag094_zeisel_cell_02185,4,4,1,4,-1.1557684,8.654178,2184,0.3981117904186249
bbag094_zeisel_cell_02186,4,4,1,4,-1.8084193,7.983307,2185,0.3845422863960266
bbag094_zeisel_cell_02187,4,4,1,4,-1.2571635,8.75335,2186,0.6992045640945435
bbag094_zeisel_cell_02188,4,4,1,4,-1.7860019,10.341424,2187,0.3845422863960266
bbag094_zeisel_cell_02189,4,4,1,4,-1.9007033,7.5726066,2188,1.5531624555587769
bbag094_zeisel_cell_02190,4,4,1,4,-1.8397695,7.86535,2189,0.4198703467845917
bbag094_zeisel_cell_02191,4,4,1,4,-1.1248454,8.542867,2190,0.6410338878631592
bbag094_zeisel_cell_02192,4,4,3,6,2.0455308,7.023232,2191,1.4505921602249146
bbag094_zeisel_cell_02193,4,4,1,4,-1.167321,8.5520525,2192,0.3882003426551819
bbag094_zeisel_cell_02194,4,4,6,5,7.169839,8.339794,2193,1.7010338306427002
bbag094_zeisel_cell_02195,4,4,1,4,-1.0027825,8.38858,2194,0.3845422863960266
bbag094_zeisel_cell_02196,4,4,1,4,-1.7841209,7.949432,2195,0.7416154146194458
bbag094_zeisel_cell_02197,4,4,1,4,-2.359134,7.66245,2196,0.7623445391654968
bbag094_zeisel_cell_02198,4,4,1,4,-2.2365031,8.386281,2197,0.6009935736656189
bbag094_zeisel_cell_02199,4,4,7,unknown,1.9320978,12.354113,2198,2.349595546722412
bbag094_zeisel_cell_02200,4,4,6,5,6.985064,8.033028,2199,2.0583791732788086
bbag094_zeisel_cell_02201,4,4,1,4,-1.7687826,9.410997,2200,0.3845422863960266
bbag094_zeisel_cell_02202,4,4,3,6,1.3781264,7.513934,2201,2.181349992752075
bbag094_zeisel_cell_02203,4,4,1,4,-0.80445194,7.6581736,2202,1.7944549322128296
bbag094_zeisel_cell_02204,4,4,1,4,-1.346594,9.710209,2203,0.3845422863960266
bbag094_zeisel_cell_02205,4,4,1,4,-1.7366372,7.487156,2204,0.6605393886566162
bbag094_zeisel_cell_02206,4,4,1,4,-1.7704912,7.600258,2205,0.3998863399028778
bbag094_zeisel_cell_02207,4,4,3,6,3.6357014,5.3861775,2206,1.3869030475616455
bbag094_zeisel_cell_02208,4,4,3,6,3.0808017,5.3127146,2207,1.2627906799316406
bbag094_zeisel_cell_02209,4,4,1,4,-1.7634166,7.4654436,2208,0.39333575963974
bbag094_zeisel_cell_02210,4,4,1,4,-1.8491658,7.5751047,2209,0.4056800603866577
bbag094_zeisel_cell_02211,4,4,1,4,-1.3340198,8.279884,2210,0.4435128569602966
bbag094_zeisel_cell_02212,4,4,2,7,2.8002357,9.830061,2211,2.062971353530884
bbag094_zeisel_cell_02213,4,4,1,4,-1.7446904,7.981193,2212,0.7536398768424988
bbag094_zeisel_cell_02214,4,4,1,4,-1.5830383,7.918214,2213,0.4693552553653717
bbag094_zeisel_cell_02215,4,4,2,7,1.938232,9.346172,2214,1.0199332237243652
bbag094_zeisel_cell_02216,4,4,1,4,-1.9557407,6.504143,2215,1.8939321041107176
bbag094_zeisel_cell_02217,4,4,1,4,-1.9414169,7.412497,2216,1.6780705451965332
bbag094_zeisel_cell_02218,4,4,1,4,-2.734301,9.484307,2217,0.7662377953529358
bbag094_zeisel_cell_02219,4,4,3,6,2.1960323,5.6542253,2218,1.2597084045410156
bbag094_zeisel_cell_02220,4,4,6,5,7.1783667,8.384882,2219,2.184220314025879
bbag094_zeisel_cell_02221,4,4,1,4,-1.1834154,9.577118,2220,0.8447365760803223
bbag094_zeisel_cell_02222,4,4,1,4,-0.5291112,7.6871967,2221,2.18648362159729
bbag094_zeisel_cell_02223,4,4,1,4,-0.8538333,8.754087,2222,0.6483749151229858
bbag094_zeisel_cell_02224,4,4,3,6,2.3837547,6.931555,2223,1.0811847448349
bbag094_zeisel_cell_02225,4,4,1,4,-1.466949,7.851145,2224,1.2818684577941897
bbag094_zeisel_cell_02226,4,4,1,4,-0.17998914,8.181797,2225,1.94027578830719
bbag094_zeisel_cell_02227,4,4,1,4,2.0225163,2.322208,2226,1.7241456508636477
bbag094_zeisel_cell_02228,4,4,1,4,-1.2117081,7.319926,2227,2.062971353530884
bbag094_zeisel_cell_02229,4,4,4,2,-1.5700086,6.9716144,2228,1.941370129585266
bbag094_zeisel_cell_02230,4,4,1,4,-0.6742644,7.5856223,2229,0.7346128225326538
bbag094_zeisel_cell_02231,4,4,1,4,-1.7500691,7.556318,2230,0.576904296875
bbag094_zeisel_cell_02232,4,4,1,4,-0.92825997,10.026397,2231,0.3845422863960266
bbag094_zeisel_cell_02233,4,4,1,4,-1.0678669,7.6724825,2232,0.9329795241355896
bbag094_zeisel_cell_02234,4,4,1,4,-0.9144272,9.515473,2233,1.175513744354248
bbag094_zeisel_cell_02235,4,4,1,4,-1.2738087,7.812884,2234,1.079808473587036
bbag094_zeisel_cell_02236,4,4,8,9,0.5198227,6.0479627,2235,1.7000523805618286
bbag094_zeisel_cell_02237,4,4,1,4,-0.36217192,9.145367,2236,0.5464175343513489
bbag094_zeisel_cell_02238,4,4,7,unknown,1.9061232,12.392994,2237,2.34850549697876
bbag094_zeisel_cell_02239,4,4,1,4,-0.6635911,10.058914,2238,0.3907365500926971
bbag094_zeisel_cell_02240,4,4,1,4,-1.1410601,7.3876796,2239,0.474456787109375
bbag094_zeisel_cell_02241,4,4,1,4,-1.2889345,9.200403,2240,0.5868571400642395
bbag094_zeisel_cell_02242,4,4,8,9,0.4981233,6.47546,2241,1.7392741441726685
bbag094_zeisel_cell_02243,4,4,1,4,-1.2285564,8.94317,2242,0.5840454697608948
bbag094_zeisel_cell_02244,4,4,1,4,-2.3009427,9.85134,2243,1.0566728115081787
bbag094_zeisel_cell_02245,4,4,1,4,-1.4247473,7.828872,2244,0.5352970361709595
bbag094_zeisel_cell_02246,4,4,8,9,0.57943887,5.992852,2245,1.6115096807479858
bbag094_zeisel_cell_02247,4,4,4,2,-1.290261,0.95393884,2246,2.044492721557617
bbag094_zeisel_cell_02248,4,4,1,4,-2.5541837,9.784571,2247,0.3845422863960266
bbag094_zeisel_cell_02249,4,4,1,4,-1.6865892,7.0759354,2248,0.795429527759552
bbag094_zeisel_cell_02250,4,4,1,4,-1.351699,9.748087,2249,0.64417964220047
bbag094_zeisel_cell_02251,4,4,2,7,1.648929,9.153909,2250,1.7602239847183228
bbag094_zeisel_cell_02252,4,4,1,4,0.55977863,8.3448,2251,1.4995505809783936
bbag094_zeisel_cell_02253,4,4,1,4,-1.412952,7.8305545,2252,0.3845422863960266
bbag094_zeisel_cell_02254,4,4,1,4,-1.6121067,9.6889,2253,0.5379132628440857
bbag094_zeisel_cell_02255,4,4,1,4,-0.7696643,7.793908,2254,1.5235446691513062
bbag094_zeisel_cell_02256,4,4,1,4,2.4407096,7.455159,2255,0.7148424386978149
bbag094_zeisel_cell_02257,4,4,1,4,-0.7510173,10.116391,2256,0.5226387977600098
bbag094_zeisel_cell_02258,4,4,1,4,-2.16989,9.329074,2257,0.3845422863960266
bbag094_zeisel_cell_02259,4,4,1,4,-2.337251,9.377274,2258,0.3845422863960266
bbag094_zeisel_cell_02260,4,4,6,5,7.140469,8.271934,2259,1.998711943626404
bbag094_zeisel_cell_02261,4,4,6,5,7.3505287,8.443399,2260,1.891183972358704
bbag094_zeisel_cell_02262,4,4,1,4,-2.2791247,9.807767,2261,0.3845422863960266
bbag094_zeisel_cell_02263,4,4,2,7,1.8926102,8.947305,2262,1.982837557792664
bbag094_zeisel_cell_02264,4,4,1,4,-2.3978994,9.863824,2263,0.4243462681770324
bbag094_zeisel_cell_02265,4,4,1,4,-0.74135774,9.974513,2264,0.3890114724636078
bbag094_zeisel_cell_02266,4,4,2,7,1.9291708,9.270546,2265,1.5692002773284912
bbag094_zeisel_cell_02267,4,4,2,7,1.8783855,9.168756,2266,1.2359449863433838
bbag094_zeisel_cell_02268,4,4,1,4,-1.4454017,9.261721,2267,0.5524583458900452
bbag094_zeisel_cell_02269,4,4,1,4,-0.5934825,8.876699,2268,0.5832820534706116
bbag094_zeisel_cell_02270,4,4,1,4,-1.8560964,9.865739,2269,0.407192051410675
bbag094_zeisel_cell_02271,4,4,2,7,2.0777953,9.079095,2270,1.5921199321746826
bbag094_zeisel_cell_02272,4,4,1,4,-1.4204098,7.268072,2271,0.3845422863960266
bbag094_zeisel_cell_02273,4,4,2,7,1.9022799,9.669257,2272,1.1538169384002686
bbag094_zeisel_cell_02274,4,4,1,4,-2.7415524,9.492963,2273,0.4065022468566894
bbag094_zeisel_cell_02275,4,4,1,4,-2.4789174,9.916527,2274,0.4328992664813995
bbag094_zeisel_cell_02276,4,4,1,4,-1.0935457,9.938247,2275,0.3845422863960266
bbag094_zeisel_cell_02277,4,4,3,6,3.39846,6.6364365,2276,1.1991468667984009
bbag094_zeisel_cell_02278,4,4,3,6,3.0285215,6.7435274,2277,1.4783096313476562
bbag094_zeisel_cell_02279,4,4,6,5,7.4393144,8.469043,2278,1.98711371421814
bbag094_zeisel_cell_02280,4,4,1,4,-2.4534292,9.947771,2279,2.0890867710113525
bbag094_zeisel_cell_02281,4,4,3,6,2.9352033,6.684411,2280,1.425682783126831
bbag094_zeisel_cell_02282,4,4,7,unknown,1.860259,12.371096,2281,1.8814802169799805
bbag094_zeisel_cell_02283,4,4,8,9,0.740049,6.401479,2282,2.0098578929901123
bbag094_zeisel_cell_02284,4,4,1,4,-0.9445774,8.010208,2283,0.722242534160614
bbag094_zeisel_cell_02285,4,4,3,6,3.1874092,6.7517123,2284,1.7186293601989746
bbag094_zeisel_cell_02286,4,4,1,4,-1.2872548,9.574092,2285,0.3845422863960266
bbag094_zeisel_cell_02287,4,4,1,4,-1.6099203,9.930806,2286,0.3962701261043548
bbag094_zeisel_cell_02288,4,4,1,4,-1.7624363,9.79836,2287,0.3868573009967804
bbag094_zeisel_cell_02289,4,4,6,5,7.1390705,8.365267,2288,2.0245349407196045
bbag094_zeisel_cell_02290,4,4,1,4,-1.4561325,9.976119,2289,0.3876937925815582
bbag094_zeisel_cell_02291,4,4,3,6,2.5048912,6.947199,2290,1.2339187860488892
bbag094_zeisel_cell_02292,4,4,1,4,-1.351285,9.428567,2291,0.3845422863960266
bbag094_zeisel_cell_02293,4,4,1,4,-1.6021781,10.467371,2292,1.7779160737991333
bbag094_zeisel_cell_02294,4,4,1,4,-1.906362,9.590026,2293,0.3989466726779938
bbag094_zeisel_cell_02295,4,4,1,4,-1.4009013,10.051963,2294,0.5762787461280823
bbag094_zeisel_cell_02296,4,4,1,4,-1.2210716,10.145527,2295,0.782497227191925
bbag094_zeisel_cell_02297,4,4,1,4,-1.3271183,10.074845,2296,0.6902583837509155
bbag094_zeisel_cell_02298,4,4,1,4,-1.3162726,10.1650095,2297,1.0202631950378418
bbag094_zeisel_cell_02299,4,4,1,4,-2.4100823,7.5977025,2298,0.5870053768157959
bbag094_zeisel_cell_02300,4,4,1,4,-0.8109987,10.158295,2299,0.5956292748451233
bbag094_zeisel_cell_02301,4,4,2,7,2.1683204,9.649882,2300,1.7608246803283691
bbag094_zeisel_cell_02302,4,4,1,4,-1.3226637,9.967671,2301,0.5375146269798279
bbag094_zeisel_cell_02303,4,4,1,4,-1.4661486,9.737306,2302,0.3931240737438202
bbag094_zeisel_cell_02304,4,4,3,6,2.019783,5.2584367,2303,2.05629301071167
bbag094_zeisel_cell_02305,4,4,1,4,-1.435154,10.053558,2304,1.3661292791366575
bbag094_zeisel_cell_02306,4,4,2,7,1.9763664,9.441155,2305,2.532088041305542
bbag094_zeisel_cell_02307,4,4,3,6,2.3659027,7.266514,2306,1.47757887840271
bbag094_zeisel_cell_02308,4,4,3,6,2.5334451,7.0822325,2307,1.5145795345306396
bbag094_zeisel_cell_02309,4,4,1,4,-1.1866659,10.207099,2308,0.7746336460113525
bbag094_zeisel_cell_02310,4,4,1,4,-1.5927176,10.069027,2309,0.3845422863960266
bbag094_zeisel_cell_02311,4,4,1,4,-1.2022488,10.146067,2310,0.758993923664093
bbag094_zeisel_cell_02312,4,4,1,4,-1.2976617,9.968336,2311,0.5033910870552063
bbag094_zeisel_cell_02313,4,4,1,4,-1.5552711,9.594496,2312,0.3845422863960266
bbag094_zeisel_cell_02314,4,4,7,unknown,1.9081082,12.333152,2313,2.37495231628418
bbag094_zeisel_cell_02315,4,4,6,5,7.2159357,8.3338175,2314,1.8830621242523196
bbag094_zeisel_cell_02316,4,4,1,4,-0.53565633,7.713559,2315,2.567370176315308
bbag094_zeisel_cell_02317,4,4,1,4,-0.6218013,7.657488,2316,0.8393010497093201
bbag094_zeisel_cell_02318,4,4,1,4,-1.2594806,10.058196,2317,0.421200156211853
bbag094_zeisel_cell_02319,4,4,2,7,2.1260989,9.999807,2318,1.057412028312683
bbag094_zeisel_cell_02320,4,4,1,4,-1.2057655,10.120277,2319,0.5766872763633728
bbag094_zeisel_cell_02321,4,4,1,4,-1.327102,10.092343,2320,0.9984824061393738
bbag094_zeisel_cell_02322,4,4,7,unknown,2.0881786,12.329943,2321,2.3581912517547607
bbag094_zeisel_cell_02323,4,4,1,4,-1.6043229,9.531579,2322,0.4174564778804779
bbag094_zeisel_cell_02324,4,4,1,4,-1.1584086,10.092249,2323,0.3845422863960266
bbag094_zeisel_cell_02325,4,4,2,7,2.0584989,9.557615,2324,1.7938380241394043
bbag094_zeisel_cell_02326,4,4,2,7,2.8293228,9.830639,2325,1.1166868209838867
bbag094_zeisel_cell_02327,4,4,1,4,-1.4004484,9.450866,2326,1.2887239456176758
bbag094_zeisel_cell_02328,4,4,1,4,-0.5855838,7.80881,2327,2.062971353530884
bbag094_zeisel_cell_02329,4,4,1,4,-0.5023246,7.654124,2328,2.062971353530884
bbag094_zeisel_cell_02330,4,4,1,4,-1.4024376,9.751839,2329,0.6372241973876953
bbag094_zeisel_cell_02331,4,4,1,4,-1.0988884,9.868993,2330,0.3845422863960266
bbag094_zeisel_cell_02332,4,4,3,6,2.4550593,7.0387917,2331,1.3075398206710815
bbag094_zeisel_cell_02333,4,4,1,4,-1.4868011,9.5857,2332,0.6503687500953674
bbag094_zeisel_cell_02334,4,4,3,6,2.273374,7.0052204,2333,1.1252962350845337
bbag094_zeisel_cell_02335,4,4,2,7,1.7979075,10.066772,2334,1.8073890209198
bbag094_zeisel_cell_02336,4,4,1,4,-1.1010243,9.92214,2335,0.4022950828075409
bbag094_zeisel_cell_02337,4,4,1,4,-1.2278388,9.865134,2336,0.4006097614765167
bbag094_zeisel_cell_02338,4,4,1,4,-1.6885287,9.39075,2337,1.6072818040847778
bbag094_zeisel_cell_02339,4,4,1,4,-2.3105545,7.516987,2338,2.6182847023010254
bbag094_zeisel_cell_02340,4,4,1,4,-1.5360503,9.524143,2339,0.5392395257949829
bbag094_zeisel_cell_02341,4,4,1,4,-1.7163575,9.438118,2340,1.6441855430603027
bbag094_zeisel_cell_02342,4,4,1,4,-0.79284316,7.6835637,2341,0.928065538406372
bbag094_zeisel_cell_02343,4,4,1,4,-0.9077464,7.64037,2342,1.7854636907577517
bbag094_zeisel_cell_02344,4,4,2,7,1.4604976,9.767112,2343,0.4794940054416656
bbag094_zeisel_cell_02345,4,4,1,4,-0.70767856,8.90236,2344,0.3845422863960266
bbag094_zeisel_cell_02346,4,4,3,6,1.9980997,7.1161156,2345,1.2976950407028198
bbag094_zeisel_cell_02347,4,4,1,4,-0.9137139,7.7200856,2346,0.8045252561569214
bbag094_zeisel_cell_02348,4,4,6,5,7.2076564,8.354294,2347,1.801909565925598
bbag094_zeisel_cell_02349,4,4,1,4,-1.8946356,6.630225,2348,1.9961892366409304
bbag094_zeisel_cell_02350,4,4,1,4,-0.904129,9.217808,2349,0.3845422863960266
bbag094_zeisel_cell_02351,4,4,8,9,0.60700095,6.258715,2350,1.7426631450653076
bbag094_zeisel_cell_02352,4,4,1,4,-1.0898345,8.972343,2351,0.3845422863960266
bbag094_zeisel_cell_02353,4,4,1,4,0.35570404,8.182883,2352,0.5207351446151733
bbag094_zeisel_cell_02354,4,4,1,4,-1.0914445,8.350297,2353,0.3845422863960266
bbag094_zeisel_cell_02355,4,4,3,6,2.1317775,7.1043205,2354,2.062971353530884
bbag094_zeisel_cell_02356,4,4,2,7,1.8988682,9.415619,2355,1.0308400392532349
bbag094_zeisel_cell_02357,4,4,1,4,-0.8147741,9.333337,2356,0.4037571847438812
bbag094_zeisel_cell_02358,4,4,1,4,-0.7486978,9.069076,2357,0.3845422863960266
bbag094_zeisel_cell_02359,4,4,1,4,-0.8473152,8.803689,2358,0.7665407061576843
bbag094_zeisel_cell_02360,4,4,1,4,-0.8486037,8.718081,2359,0.3845422863960266
bbag094_zeisel_cell_02361,4,4,1,4,-0.7082039,8.836364,2360,0.4435663223266601
bbag094_zeisel_cell_02362,4,4,1,4,-1.0829844,9.113699,2361,0.3845422863960266
bbag094_zeisel_cell_02363,4,4,1,4,-0.7167211,9.381298,2362,0.3845422863960266
bbag094_zeisel_cell_02364,4,4,3,6,2.3545623,6.9475193,2363,1.2521343231201172
bbag094_zeisel_cell_02365,4,4,1,4,-0.8972001,9.264933,2364,0.3845422863960266
bbag094_zeisel_cell_02366,4,4,2,7,2.2727265,9.974964,2365,1.243821620941162
bbag094_zeisel_cell_02367,4,4,2,7,1.5730265,9.343291,2366,1.6554440259933472
bbag094_zeisel_cell_02368,4,4,2,7,2.1072836,9.906094,2367,0.9467175602912904
bbag094_zeisel_cell_02369,4,4,8,9,0.29953942,6.6714334,2368,2.011873483657837
bbag094_zeisel_cell_02370,4,4,1,4,-0.49653998,9.068952,2369,0.477230429649353
bbag094_zeisel_cell_02371,4,4,3,6,2.2620044,7.0958176,2370,1.486918807029724
bbag094_zeisel_cell_02372,4,4,1,4,-0.4303983,8.787413,2371,0.8334559798240662
bbag094_zeisel_cell_02373,4,4,1,4,-0.8609615,8.972597,2372,0.3845422863960266
bbag094_zeisel_cell_02374,4,4,7,unknown,1.9621588,12.432838,2373,2.333124876022339
bbag094_zeisel_cell_02375,4,4,1,4,-1.8168002,8.20362,2374,0.5221270322799683
bbag094_zeisel_cell_02376,4,4,1,4,-1.3696967,8.410739,2375,0.3845422863960266
bbag094_zeisel_cell_02377,4,4,1,4,-1.7121465,7.8362412,2376,0.7896724939346313
bbag094_zeisel_cell_02378,4,4,1,4,-1.9150708,7.9023795,2377,0.3845422863960266
bbag094_zeisel_cell_02379,4,4,6,5,7.2705636,8.292439,2378,2.1197268962860107
bbag094_zeisel_cell_02380,4,4,7,unknown,1.8570161,12.319483,2379,2.37495231628418
bbag094_zeisel_cell_02381,4,4,1,4,-1.1555988,9.204144,2380,0.3845422863960266
bbag094_zeisel_cell_02382,4,4,3,6,1.4965379,7.4469094,2381,1.5788943767547607
bbag094_zeisel_cell_02383,4,4,3,6,1.4755236,7.4909277,2382,1.7809081077575684
bbag094_zeisel_cell_02384,4,4,1,4,-1.0095241,8.232539,2383,0.5575031638145447
bbag094_zeisel_cell_02385,4,4,1,4,-0.67342114,9.654166,2384,0.3845422863960266
bbag094_zeisel_cell_02386,4,4,1,4,-1.1020409,9.915162,2385,0.3845422863960266
bbag094_zeisel_cell_02387,4,4,1,4,-0.75960195,9.122506,2386,0.3845422863960266
bbag094_zeisel_cell_02388,4,4,3,6,2.088126,5.4187613,2387,1.820123672485352
bbag094_zeisel_cell_02389,4,4,3,6,1.454589,7.5656238,2388,2.062971353530884
bbag094_zeisel_cell_02390,4,4,1,4,-1.5129365,10.620988,2389,0.3845422863960266
bbag094_zeisel_cell_02391,4,4,1,4,-0.8186714,9.22133,2390,0.3845422863960266
bbag094_zeisel_cell_02392,4,4,2,7,1.5043644,9.457983,2391,1.4733091592788696
bbag094_zeisel_cell_02393,4,4,1,4,-0.84717983,9.230531,2392,0.8644872903823853
bbag094_zeisel_cell_02394,4,4,1,4,-1.433508,9.21218,2393,0.3845422863960266
bbag094_zeisel_cell_02395,4,4,1,4,-1.2076619,10.187797,2394,0.3845422863960266
bbag094_zeisel_cell_02396,4,4,1,4,-1.2453375,9.738597,2395,0.3845422863960266
bbag094_zeisel_cell_02397,4,4,1,4,-1.8326674,10.857913,2396,0.3845422863960266
bbag094_zeisel_cell_02398,4,4,1,4,-1.9788996,10.826567,2397,0.3845422863960266
bbag094_zeisel_cell_02399,4,4,1,4,-0.9767489,9.661966,2398,2.348644971847534
bbag094_zeisel_cell_02400,4,4,9,Unmatched_9,0.76873964,4.7939386,2399,1.6806926727294922
bbag094_zeisel_cell_02401,4,4,1,4,-1.8442104,10.821663,2400,0.4024820923805237
bbag094_zeisel_cell_02402,4,4,1,4,-1.4514261,10.509713,2401,0.5036144256591797
bbag094_zeisel_cell_02403,4,4,1,4,-1.8911501,10.831658,2402,0.3845422863960266
bbag094_zeisel_cell_02404,4,4,1,4,-1.757614,10.7483225,2403,0.3962330520153045
bbag094_zeisel_cell_02405,4,4,8,9,0.45179924,6.5092626,2404,1.768768310546875
bbag094_zeisel_cell_02406,4,4,1,4,-1.6056947,10.711496,2405,0.3915651738643646
bbag094_zeisel_cell_02407,4,4,7,unknown,2.0159063,12.004197,2406,2.278446674346924
bbag094_zeisel_cell_02408,4,4,3,6,2.90887,6.784755,2407,1.439130187034607
bbag094_zeisel_cell_02409,4,4,1,4,-1.7489818,10.544244,2408,0.3845422863960266
bbag094_zeisel_cell_02410,4,4,1,4,-1.4702152,9.883422,2409,0.3845422863960266
bbag094_zeisel_cell_02411,4,4,1,4,-1.5243692,10.637049,2410,0.3845422863960266
bbag094_zeisel_cell_02412,4,4,1,4,-1.630677,10.499161,2411,0.465878427028656
bbag094_zeisel_cell_02413,4,4,2,7,2.0428238,10.033256,2412,1.3500945568084717
bbag094_zeisel_cell_02414,4,4,3,6,2.7842505,6.9230433,2413,1.0521897077560425
bbag094_zeisel_cell_02415,4,4,1,4,-1.6271385,10.733425,2414,0.3845422863960266
bbag094_zeisel_cell_02416,4,4,1,4,-1.8708671,10.814448,2415,0.3845422863960266
bbag094_zeisel_cell_02417,4,4,1,4,-1.502134,10.531859,2416,0.3845422863960266
bbag094_zeisel_cell_02418,4,4,3,6,3.0982635,6.6615424,2417,1.645409107208252
bbag094_zeisel_cell_02419,4,4,8,9,0.4325287,6.2989306,2418,2.062971353530884
bbag094_zeisel_cell_02420,4,4,6,5,7.54215,8.42621,2419,1.6207373142242432
bbag094_zeisel_cell_02421,4,4,1,4,-1.631479,10.675189,2420,0.4034768044948578
bbag094_zeisel_cell_02422,4,4,1,4,-1.6367215,10.584185,2421,0.675139307975769
bbag094_zeisel_cell_02423,4,4,3,6,2.9642928,6.758389,2422,1.3277751207351685
bbag094_zeisel_cell_02424,4,4,1,4,-1.6533877,10.613017,2423,0.3845422863960266
bbag094_zeisel_cell_02425,4,4,8,9,0.43035638,6.3901963,2424,1.9927453994750977
bbag094_zeisel_cell_02426,4,4,8,9,0.4135836,6.416649,2425,1.885825753211975
bbag094_zeisel_cell_02427,4,4,8,9,0.37671864,6.5470543,2426,2.062971353530884
bbag094_zeisel_cell_02428,4,4,1,4,-1.6645321,10.562626,2427,0.3974048495292663
bbag094_zeisel_cell_02429,4,4,3,6,2.3827274,7.0896907,2428,1.1411863565444946
bbag094_zeisel_cell_02430,4,4,1,4,-1.8354652,10.731004,2429,0.3845422863960266
bbag094_zeisel_cell_02431,4,4,6,5,7.4961767,8.428182,2430,1.5539017915725708
bbag094_zeisel_cell_02432,4,4,1,4,-2.3592849,9.34794,2431,0.6116783618927002
bbag094_zeisel_cell_02433,4,4,1,4,-1.9356638,10.751834,2432,0.3845422863960266
bbag094_zeisel_cell_02434,4,4,1,4,-1.8268534,10.752667,2433,0.3845422863960266
bbag094_zeisel_cell_02435,4,4,1,4,-1.8801636,10.684715,2434,0.5020078420639038
bbag094_zeisel_cell_02436,4,4,1,4,-1.8251427,10.750745,2435,0.3845422863960266
bbag094_zeisel_cell_02437,4,4,1,4,-1.802687,10.121378,2436,0.6486503481864929
bbag094_zeisel_cell_02438,4,4,1,4,-1.7242634,10.299574,2437,0.6367460489273071
bbag094_zeisel_cell_02439,4,4,1,4,-1.8632087,10.812363,2438,0.3845422863960266
bbag094_zeisel_cell_02440,4,4,1,4,-1.8955292,10.808236,2439,0.4003647267818451
bbag094_zeisel_cell_02441,4,4,1,4,-1.8256123,10.407815,2440,0.6432722210884094
bbag094_zeisel_cell_02442,4,4,8,9,0.432911,6.420172,2441,1.831615328788757
bbag094_zeisel_cell_02443,4,4,3,6,2.9234157,6.8817325,2442,1.0253934860229492
bbag094_zeisel_cell_02444,4,4,1,4,-1.9634613,10.776024,2443,0.3845422863960266
bbag094_zeisel_cell_02445,4,4,1,4,-1.9652784,10.697761,2444,0.3845422863960266
bbag094_zeisel_cell_02446,4,4,1,4,-2.0124934,10.726229,2445,0.6022776961326599
bbag094_zeisel_cell_02447,4,4,1,4,-1.9315783,10.573836,2446,0.4816054105758667
bbag094_zeisel_cell_02448,4,4,1,4,-1.7519524,10.486329,2447,0.6792210340499878
bbag094_zeisel_cell_02449,4,4,1,4,-1.3300269,7.287286,2448,2.062971353530884
bbag094_zeisel_cell_02450,5,5,7,unknown,2.1133938,12.532868,2449,2.37495231628418
bbag094_zeisel_cell_02451,5,5,6,5,7.381772,8.150415,2450,2.37495231628418
bbag094_zeisel_cell_02452,5,5,7,unknown,2.0879261,12.490962,2451,2.37495231628418
bbag094_zeisel_cell_02453,5,5,7,unknown,2.0314164,12.421959,2452,2.343848705291748
bbag094_zeisel_cell_02454,5,5,7,unknown,2.229676,12.669142,2453,2.37495231628418
bbag094_zeisel_cell_02455,5,5,7,unknown,1.9646511,12.33252,2454,2.37495231628418
bbag094_zeisel_cell_02456,5,5,7,unknown,2.133524,12.54921,2455,2.37495231628418
bbag094_zeisel_cell_02457,5,5,3,6,3.7648153,6.1827774,2456,2.37495231628418
bbag094_zeisel_cell_02458,5,5,3,6,3.477151,6.413646,2457,2.37495231628418
bbag094_zeisel_cell_02459,5,5,7,unknown,2.0903847,12.502786,2458,2.37495231628418
bbag094_zeisel_cell_02460,5,5,7,unknown,2.093148,12.497663,2459,2.367140531539917
bbag094_zeisel_cell_02461,5,5,7,unknown,2.0586314,12.445056,2460,2.37495231628418
bbag094_zeisel_cell_02462,5,5,7,unknown,2.0691833,12.223514,2461,2.37495231628418
bbag094_zeisel_cell_02463,5,5,2,7,3.2159643,9.824948,2462,2.333316802978516
bbag094_zeisel_cell_02464,5,5,7,unknown,1.8625277,12.180461,2463,2.37495231628418
bbag094_zeisel_cell_02465,5,5,7,unknown,2.198526,12.635425,2464,2.37495231628418
bbag094_zeisel_cell_02466,5,5,7,unknown,2.1826851,12.601142,2465,2.37495231628418
bbag094_zeisel_cell_02467,5,5,7,unknown,1.839026,11.894485,2466,2.37495231628418
bbag094_zeisel_cell_02468,5,5,3,6,3.0992994,7.185124,2467,2.37495231628418
bbag094_zeisel_cell_02469,5,5,7,unknown,1.9056426,12.195956,2468,2.37495231628418
bbag094_zeisel_cell_02470,5,5,7,unknown,2.2154818,12.658522,2469,2.37495231628418
bbag094_zeisel_cell_02471,5,5,3,6,2.5348556,6.831001,2470,2.37495231628418
bbag094_zeisel_cell_02472,5,5,9,Unmatched_9,0.5895489,4.3895283,2471,2.37495231628418
bbag094_zeisel_cell_02473,5,5,7,unknown,2.1530957,12.456252,2472,2.3713207244873047
bbag094_zeisel_cell_02474,5,5,6,5,7.6940436,8.29761,2473,1.6592979431152344
bbag094_zeisel_cell_02475,5,5,6,5,7.3250914,7.4051676,2474,2.37495231628418
bbag094_zeisel_cell_02476,5,5,0,3,3.12977,0.31383753,2475,2.302623987197876
bbag094_zeisel_cell_02477,5,5,6,5,7.864756,8.225839,2476,1.8663325309753416
bbag094_zeisel_cell_02478,5,5,6,5,7.7467513,8.409743,2477,1.717451810836792
bbag094_zeisel_cell_02479,5,5,6,5,7.7056537,8.421338,2478,1.7167869806289673
bbag094_zeisel_cell_02480,5,5,3,6,4.114382,6.2241926,2479,2.37495231628418
bbag094_zeisel_cell_02481,5,5,6,5,7.813034,8.377767,2480,1.6957155466079712
bbag094_zeisel_cell_02482,5,5,6,5,7.761375,8.390109,2481,1.9716689586639404
bbag094_zeisel_cell_02483,5,5,6,5,7.2384615,8.022254,2482,2.0776727199554443
bbag094_zeisel_cell_02484,5,5,6,5,7.257151,8.381625,2483,2.148784637451172
bbag094_zeisel_cell_02485,5,5,6,5,7.741958,8.3983555,2484,1.9607954025268557
bbag094_zeisel_cell_02486,5,5,6,5,7.370061,7.460812,2485,2.349794864654541
bbag094_zeisel_cell_02487,5,5,6,5,7.666121,8.353169,2486,2.230595111846924
bbag094_zeisel_cell_02488,5,5,3,6,4.134755,6.2337055,2487,2.37495231628418
bbag094_zeisel_cell_02489,5,5,6,5,7.3720965,8.128683,2488,1.549216628074646
bbag094_zeisel_cell_02490,5,5,6,5,7.744,8.396325,2489,2.006428003311157
bbag094_zeisel_cell_02491,5,5,6,5,7.743339,8.131347,2490,1.6434543132781982
bbag094_zeisel_cell_02492,5,5,6,5,7.481744,8.003005,2491,1.681122064590454
bbag094_zeisel_cell_02493,5,5,6,5,7.475594,8.042615,2492,2.0456130504608154
bbag094_zeisel_cell_02494,5,5,6,5,7.4438295,8.530732,2493,1.915618062019348
bbag094_zeisel_cell_02495,5,5,6,5,7.49274,7.781196,2494,1.5223616361618042
bbag094_zeisel_cell_02496,5,5,6,5,7.4611797,7.6527553,2495,2.37495231628418
bbag094_zeisel_cell_02497,5,5,6,5,7.456927,7.841697,2496,1.83665931224823
bbag094_zeisel_cell_02498,5,5,6,5,7.6805515,8.145261,2497,1.7179161310195925
bbag094_zeisel_cell_02499,5,5,6,5,7.353704,7.9421644,2498,1.9561402797698972
bbag094_zeisel_cell_02500,5,5,6,5,7.1925735,8.029397,2499,2.354630947113037
bbag094_zeisel_cell_02501,5,5,6,5,7.6900063,8.177568,2500,1.674876093864441
bbag094_zeisel_cell_02502,5,5,6,5,7.524823,8.109593,2501,1.5434497594833374
bbag094_zeisel_cell_02503,5,5,6,5,7.729563,8.06283,2502,1.6628563404083252
bbag094_zeisel_cell_02504,5,5,6,5,7.795336,8.364447,2503,1.8223429918289185
bbag094_zeisel_cell_02505,5,5,6,5,7.6327586,8.03574,2504,1.7428027391433716
bbag094_zeisel_cell_02506,5,5,6,5,7.434507,7.93866,2505,1.6710808277130127
bbag094_zeisel_cell_02507,5,5,6,5,7.735089,8.094201,2506,1.6972980499267578
bbag094_zeisel_cell_02508,5,5,6,5,7.643504,8.185222,2507,1.807661533355713
bbag094_zeisel_cell_02509,5,5,6,5,7.7780013,8.05371,2508,1.6332968473434448
bbag094_zeisel_cell_02510,5,5,6,5,7.7438135,8.079111,2509,1.763882398605347
bbag094_zeisel_cell_02511,5,5,3,6,4.125695,6.209994,2510,2.37495231628418
bbag094_zeisel_cell_02512,5,5,3,6,4.1046176,6.2093945,2511,2.37495231628418
bbag094_zeisel_cell_02513,5,5,3,6,4.071022,6.171493,2512,2.37495231628418
bbag094_zeisel_cell_02514,5,5,6,5,7.4712024,7.885114,2513,1.6895841360092163
bbag094_zeisel_cell_02515,5,5,3,6,4.0751667,6.20285,2514,2.37495231628418
bbag094_zeisel_cell_02516,5,5,6,5,7.185773,8.3883505,2515,1.7667425870895386
bbag094_zeisel_cell_02517,5,5,6,5,7.7786493,8.081653,2516,1.5637325048446655
bbag094_zeisel_cell_02518,5,5,6,5,7.7280645,8.188427,2517,1.6566967964172363
bbag094_zeisel_cell_02519,5,5,6,5,7.809306,8.02824,2518,1.5972745418548584
bbag094_zeisel_cell_02520,5,5,0,3,2.5680008,1.218275,2519,2.2647666931152344
bbag094_zeisel_cell_02521,5,5,6,5,7.825458,8.381486,2520,1.6846896409988403
bbag094_zeisel_cell_02522,5,5,6,5,7.7264547,8.019399,2521,1.9071048498153689
bbag094_zeisel_cell_02523,5,5,2,7,4.143079,10.885356,2522,2.37495231628418
bbag094_zeisel_cell_02524,5,5,6,5,7.5245204,7.7229633,2523,1.889150619506836
bbag094_zeisel_cell_02525,5,5,6,5,7.2507443,7.9926324,2524,1.5613489151000977
bbag094_zeisel_cell_02526,5,5,6,5,7.567119,7.8875184,2525,1.6900869607925415
bbag094_zeisel_cell_02527,5,5,6,5,7.678406,8.015435,2526,1.5719212293624878
bbag094_zeisel_cell_02528,5,5,3,6,4.0782137,6.10823,2527,2.37495231628418
bbag094_zeisel_cell_02529,5,5,3,6,2.0179641,5.27716,2528,2.37495231628418
bbag094_zeisel_cell_02530,5,5,6,5,6.9720783,8.033162,2529,2.279085874557495
bbag094_zeisel_cell_02531,5,5,6,5,7.353966,7.45753,2530,2.37495231628418
bbag094_zeisel_cell_02532,5,5,6,5,7.513829,8.082715,2531,1.725575566291809
bbag094_zeisel_cell_02533,5,5,6,5,7.5377703,8.468345,2532,1.7004159688949585
bbag094_zeisel_cell_02534,5,5,6,5,7.670327,8.07609,2533,2.37495231628418
bbag094_zeisel_cell_02535,5,5,6,5,7.7358437,8.055828,2534,1.6898598670959473
bbag094_zeisel_cell_02536,5,5,6,5,7.3505607,7.436802,2535,2.37495231628418
bbag094_zeisel_cell_02537,5,5,6,5,7.3130283,7.989509,2536,1.7718430757522583
bbag094_zeisel_cell_02538,5,5,6,5,7.416304,8.118772,2537,1.8355495929718015
bbag094_zeisel_cell_02539,5,5,6,5,7.274441,8.068249,2538,1.6413384675979614
bbag094_zeisel_cell_02540,5,5,6,5,7.3484077,7.4500403,2539,2.37495231628418
bbag094_zeisel_cell_02541,5,5,6,5,7.498585,8.121706,2540,1.641707420349121
bbag094_zeisel_cell_02542,5,5,6,5,7.3191814,8.031757,2541,2.024796724319458
bbag094_zeisel_cell_02543,5,5,6,5,7.708393,8.136668,2542,1.8126485347747805
bbag094_zeisel_cell_02544,5,5,3,6,4.08562,6.1879463,2543,2.37495231628418
bbag094_zeisel_cell_02545,5,5,9,Unmatched_9,0.8759255,4.642398,2544,2.111250400543213
bbag094_zeisel_cell_02546,5,5,6,5,7.6388264,8.391445,2545,2.186152458190918
bbag094_zeisel_cell_02547,5,5,6,5,7.217485,8.011835,2546,2.37495231628418
bbag094_zeisel_cell_02548,6,6,3,6,2.0652626,5.2619085,2547,1.3247694969177246
bbag094_zeisel_cell_02549,6,6,3,6,2.1221597,5.3386817,2548,1.3077328205108645
bbag094_zeisel_cell_02550,6,6,3,6,2.12723,5.3840523,2549,1.5338172912597656
bbag094_zeisel_cell_02551,6,6,3,6,2.174878,5.312668,2550,1.4787287712097168
bbag094_zeisel_cell_02552,6,6,5,1,-3.452845,2.3474376,2551,1.806397795677185
bbag094_zeisel_cell_02553,6,6,3,6,2.6793778,5.921624,2552,1.6263422966003418
bbag094_zeisel_cell_02554,6,6,3,6,2.612591,5.836718,2553,1.3858370780944824
bbag094_zeisel_cell_02555,6,6,3,6,2.7888842,6.2054577,2554,1.0762388706207275
bbag094_zeisel_cell_02556,6,6,3,6,2.841144,6.3556733,2555,1.5503485202789309
bbag094_zeisel_cell_02557,6,6,3,6,3.071973,6.813405,2556,1.092723727226257
bbag094_zeisel_cell_02558,6,6,3,6,2.7452621,6.299706,2557,0.9576892256736756
bbag094_zeisel_cell_02559,6,6,3,6,2.9667594,5.9714327,2558,1.0914640426635742
bbag094_zeisel_cell_02560,6,6,3,6,2.7404985,5.7849503,2559,1.426803469657898
bbag094_zeisel_cell_02561,6,6,3,6,2.0624766,5.2182946,2560,1.2652788162231443
bbag094_zeisel_cell_02562,6,6,3,6,2.8751023,5.6505303,2561,1.159282088279724
bbag094_zeisel_cell_02563,6,6,3,6,2.0560749,5.2743545,2562,1.9799288511276243
bbag094_zeisel_cell_02564,6,6,3,6,3.030684,5.700096,2563,1.023419976234436
bbag094_zeisel_cell_02565,6,6,3,6,2.020817,5.2797813,2564,2.0473721027374268
bbag094_zeisel_cell_02566,6,6,3,6,2.0116231,5.2384996,2565,1.5962474346160889
bbag094_zeisel_cell_02567,6,6,3,6,3.1924362,6.3928814,2566,1.318463921546936
bbag094_zeisel_cell_02568,6,6,3,6,2.0525596,5.274127,2567,1.7136962413787842
bbag094_zeisel_cell_02569,6,6,3,6,3.4536366,5.604527,2568,1.383861064910889
bbag094_zeisel_cell_02570,6,6,3,6,2.1623058,5.3064814,2569,1.8373411893844604
bbag094_zeisel_cell_02571,6,6,3,6,3.4552217,4.735484,2570,1.4733096361160278
bbag094_zeisel_cell_02572,6,6,2,7,3.0008469,7.9656057,2571,1.13168203830719
bbag094_zeisel_cell_02573,6,6,3,6,3.178414,6.454757,2572,1.0162371397018433
bbag094_zeisel_cell_02574,6,6,3,6,2.119481,5.3983965,2573,1.9323660135269165
bbag094_zeisel_cell_02575,6,6,3,6,2.6636863,7.4675546,2574,1.08940327167511
bbag094_zeisel_cell_02576,6,6,3,6,2.8424222,7.5874133,2575,1.312423825263977
bbag094_zeisel_cell_02577,6,6,3,6,3.088625,6.7939644,2576,1.0508991479873655
bbag094_zeisel_cell_02578,6,6,3,6,3.0068858,6.8048124,2577,1.0426751375198364
bbag094_zeisel_cell_02579,6,6,3,6,3.1696208,6.649572,2578,1.449196696281433
bbag094_zeisel_cell_02580,6,6,3,6,3.0031607,6.6709666,2579,0.9729853868484496
bbag094_zeisel_cell_02581,6,6,3,6,3.2194784,6.5757403,2580,1.215047001838684
bbag094_zeisel_cell_02582,6,6,3,6,3.0680344,6.7655883,2581,1.3946470022201538
bbag094_zeisel_cell_02583,6,6,3,6,3.2842548,6.393956,2582,1.0395009517669678
bbag094_zeisel_cell_02584,6,6,3,6,3.2244015,6.562827,2583,1.3345094919204712
bbag094_zeisel_cell_02585,6,6,3,6,3.2611597,6.6190124,2584,1.0209254026412964
bbag094_zeisel_cell_02586,6,6,3,6,3.1193385,6.7584596,2585,0.980818510055542
bbag094_zeisel_cell_02587,6,6,3,6,2.8012626,7.5609365,2586,1.2552602291107178
bbag094_zeisel_cell_02588,6,6,3,6,3.3471284,6.183984,2587,1.1247190237045288
bbag094_zeisel_cell_02589,6,6,3,6,3.2502413,6.459836,2588,0.9898402094841005
bbag094_zeisel_cell_02590,6,6,3,6,3.3708856,6.1735578,2589,1.2430864572525024
bbag094_zeisel_cell_02591,6,6,3,6,3.5957956,6.021451,2590,1.019683599472046
bbag094_zeisel_cell_02592,6,6,3,6,3.6159563,5.442354,2591,1.6109086275100708
bbag094_zeisel_cell_02593,6,6,3,6,3.6176724,5.4414287,2592,1.7186006307601929
bbag094_zeisel_cell_02594,6,6,3,6,3.0099235,4.8312984,2593,1.242281436920166
bbag094_zeisel_cell_02595,6,6,3,6,3.1872082,5.9507732,2594,1.4170780181884766
bbag094_zeisel_cell_02596,6,6,3,6,3.1397245,6.2947083,2595,0.991657257080078
bbag094_zeisel_cell_02597,6,6,3,6,3.1914496,6.0295467,2596,1.4922672510147097
bbag094_zeisel_cell_02598,6,6,3,6,3.6273088,5.8711367,2597,1.2410454750061035
bbag094_zeisel_cell_02599,6,6,3,6,3.4904969,6.0407224,2598,0.9783639311790466
bbag094_zeisel_cell_02600,6,6,3,6,3.961124,6.2578826,2599,2.05629301071167
bbag094_zeisel_cell_02601,6,6,3,6,3.7561598,5.9677453,2600,1.0882972478866575
bbag094_zeisel_cell_02602,6,6,3,6,2.2649632,5.3786097,2601,1.6451934576034546
bbag094_zeisel_cell_02603,6,6,3,6,3.6528363,5.8250256,2602,1.0680497884750366
bbag094_zeisel_cell_02604,6,6,3,6,3.7504158,5.963227,2603,1.6334346532821655
bbag094_zeisel_cell_02605,6,6,3,6,3.4444995,5.6955853,2604,1.4130146503448486
bbag094_zeisel_cell_02606,6,6,3,6,3.5118122,6.1883397,2605,0.9757020473480223
bbag094_zeisel_cell_02607,6,6,3,6,3.6636882,5.3723636,2606,0.8832677006721497
bbag094_zeisel_cell_02608,6,6,3,6,3.634281,5.551183,2607,1.1756746768951416
bbag094_zeisel_cell_02609,6,6,3,6,3.5512936,5.2276664,2608,1.0321530103683472
bbag094_zeisel_cell_02610,6,6,3,6,3.5573664,5.2829614,2609,0.9765684604644777
bbag094_zeisel_cell_02611,6,6,3,6,3.6639664,5.6026726,2610,1.5990631580352783
bbag094_zeisel_cell_02612,6,6,3,6,3.664289,5.706727,2611,1.2529751062393188
bbag094_zeisel_cell_02613,6,6,3,6,3.421999,5.5213585,2612,0.9521860480308532
bbag094_zeisel_cell_02614,6,6,3,6,3.7844357,5.810684,2613,1.4778083562850952
bbag094_zeisel_cell_02615,6,6,3,6,3.5097244,5.667812,2614,1.1062352657318115
bbag094_zeisel_cell_02616,6,6,3,6,3.5520837,5.6291757,2615,1.1829326152801514
bbag094_zeisel_cell_02617,6,6,3,6,3.7374148,5.7023473,2616,1.020899534225464
bbag094_zeisel_cell_02618,6,6,3,6,3.5908964,5.4627447,2617,1.2040956020355225
bbag094_zeisel_cell_02619,6,6,3,6,3.702507,5.6579423,2618,1.6267372369766235
bbag094_zeisel_cell_02620,6,6,3,6,2.7885702,7.4428315,2619,1.2586230039596558
bbag094_zeisel_cell_02621,6,6,3,6,3.618659,5.5291667,2620,1.089868426322937
bbag094_zeisel_cell_02622,6,6,3,6,2.4865322,7.0089316,2621,1.6343098878860474
bbag094_zeisel_cell_02623,6,6,3,6,3.712782,5.6684165,2622,1.1498146057128906
bbag094_zeisel_cell_02624,6,6,3,6,3.6101377,5.896651,2623,1.026273488998413
bbag094_zeisel_cell_02625,6,6,3,6,3.6936603,5.752002,2624,1.028174638748169
bbag094_zeisel_cell_02626,6,6,3,6,3.65645,5.5278144,2625,0.9976919293403624
bbag094_zeisel_cell_02627,6,6,3,6,3.660733,5.7380686,2626,1.0734888315200806
bbag094_zeisel_cell_02628,6,6,3,6,3.4480898,5.7545886,2627,1.1278026103973389
bbag094_zeisel_cell_02629,6,6,3,6,2.745167,7.365529,2628,1.2415581941604614
bbag094_zeisel_cell_02630,6,6,3,6,2.1886299,6.601017,2629,1.6978967189788818
bbag094_zeisel_cell_02631,6,6,3,6,2.1042278,5.45027,2630,1.5224915742874146
bbag094_zeisel_cell_02632,6,6,3,6,3.178773,5.8449984,2631,1.0641738176345823
bbag094_zeisel_cell_02633,6,6,3,6,2.0839484,5.2572727,2632,1.462022066116333
bbag094_zeisel_cell_02634,6,6,3,6,2.3734274,5.596978,2633,1.7081407308578491
bbag094_zeisel_cell_02635,6,6,3,6,2.2908127,5.4905343,2634,1.4210057258605957
bbag094_zeisel_cell_02636,6,6,3,6,2.3266377,5.47471,2635,1.5902154445648191
bbag094_zeisel_cell_02637,6,6,3,6,2.5352743,5.6497145,2636,1.4229888916015625
bbag094_zeisel_cell_02638,6,6,3,6,2.259082,5.471487,2637,1.8649601936340328
bbag094_zeisel_cell_02639,6,6,3,6,2.4402657,5.669426,2638,1.624947428703308
bbag094_zeisel_cell_02640,6,6,3,6,2.4412224,5.567574,2639,1.4793850183486938
bbag094_zeisel_cell_02641,6,6,3,6,2.440317,5.560015,2640,1.105723857879639
bbag094_zeisel_cell_02642,6,6,3,6,2.334498,5.611027,2641,2.0098578929901123
bbag094_zeisel_cell_02643,6,6,3,6,2.2165442,6.456668,2642,1.2796952724456787
bbag094_zeisel_cell_02644,6,6,3,6,2.4173288,5.4274335,2643,1.4783302545547483
bbag094_zeisel_cell_02645,6,6,3,6,2.434302,5.618336,2644,2.0098578929901123
bbag094_zeisel_cell_02646,6,6,3,6,2.6068027,5.4174705,2645,1.3084471225738523
bbag094_zeisel_cell_02647,6,6,3,6,2.4363747,5.72128,2646,1.5869873762130735
bbag094_zeisel_cell_02648,6,6,3,6,2.4527173,5.527204,2647,1.6533937454223633
bbag094_zeisel_cell_02649,6,6,3,6,2.5344903,5.376804,2648,1.5343971252441406
bbag094_zeisel_cell_02650,6,6,3,6,1.8067224,5.9608035,2649,1.3599131107330322
bbag094_zeisel_cell_02651,6,6,3,6,2.8647082,5.5168076,2650,1.8079067468643188
bbag094_zeisel_cell_02652,6,6,3,6,2.5181851,5.472809,2651,1.369696021080017
bbag094_zeisel_cell_02653,6,6,3,6,3.0250134,5.18015,2652,1.7778578996658323
bbag094_zeisel_cell_02654,6,6,3,6,2.6873477,5.322647,2653,1.89764416217804
bbag094_zeisel_cell_02655,6,6,3,6,2.6847467,7.41587,2654,0.9783177375793456
bbag094_zeisel_cell_02656,6,6,3,6,3.3937204,5.330425,2655,1.8709267377853396
bbag094_zeisel_cell_02657,6,6,3,6,3.4733918,5.127419,2656,1.4214197397232056
bbag094_zeisel_cell_02658,6,6,3,6,3.3461854,5.1111546,2657,1.7261885404586792
bbag094_zeisel_cell_02659,6,6,3,6,3.28238,5.095356,2658,1.5221620798110962
bbag094_zeisel_cell_02660,6,6,3,6,2.2697873,5.235029,2659,1.5063581466674805
bbag094_zeisel_cell_02661,6,6,3,6,3.3797212,5.1233063,2660,1.752223014831543
bbag094_zeisel_cell_02662,6,6,3,6,3.2719724,5.7349625,2661,1.822706699371338
bbag094_zeisel_cell_02663,6,6,2,7,2.52022,8.060072,2662,1.621719479560852
bbag094_zeisel_cell_02664,6,6,3,6,3.2747812,6.661921,2663,1.4354619979858398
bbag094_zeisel_cell_02665,6,6,3,6,2.4576137,5.6711607,2664,1.825289726257324
bbag094_zeisel_cell_02666,6,6,3,6,3.393588,6.5935564,2665,1.6418464183807373
bbag094_zeisel_cell_02667,6,6,3,6,3.3891966,6.6110063,2666,1.54123055934906
bbag094_zeisel_cell_02668,6,6,3,6,3.4851117,6.503067,2667,2.0342397689819336
bbag094_zeisel_cell_02669,6,6,3,6,3.5122223,6.368486,2668,1.392611384391785
bbag094_zeisel_cell_02670,6,6,3,6,3.5572512,6.442727,2669,1.7369716167449951
bbag094_zeisel_cell_02671,6,6,3,6,3.5360537,6.4178514,2670,1.5222476720809937
bbag094_zeisel_cell_02672,6,6,3,6,3.4499695,6.2474837,2671,1.8471014499664309
bbag094_zeisel_cell_02673,6,6,3,6,3.3239794,6.656345,2672,1.4305869340896606
bbag094_zeisel_cell_02674,6,6,3,6,3.5710158,6.1813498,2673,1.9070496559143064
bbag094_zeisel_cell_02675,6,6,3,6,3.6355782,6.000451,2674,1.7552720308303833
bbag094_zeisel_cell_02676,6,6,5,1,-3.4805362,2.8975453,2675,1.6359213590621948
bbag094_zeisel_cell_02677,6,6,3,6,3.498892,6.000647,2676,1.415859580039978
bbag094_zeisel_cell_02678,6,6,3,6,3.4358127,6.543065,2677,1.7981730699539185
bbag094_zeisel_cell_02679,6,6,3,6,3.5556645,6.3780646,2678,1.637725591659546
bbag094_zeisel_cell_02680,6,6,3,6,3.2818983,6.6992807,2679,1.2056859731674194
bbag094_zeisel_cell_02681,6,6,3,6,3.3013427,6.475861,2680,1.5234363079071045
bbag094_zeisel_cell_02682,6,6,2,7,3.1728885,7.982501,2681,1.912203550338745
bbag094_zeisel_cell_02683,6,6,3,6,3.459394,6.3175936,2682,1.3899908065795898
bbag094_zeisel_cell_02684,6,6,2,7,2.845221,8.422893,2683,2.0098578929901123
bbag094_zeisel_cell_02685,6,6,3,6,3.1476326,6.736678,2684,0.9645732045173644
bbag094_zeisel_cell_02686,6,6,3,6,2.49872,5.5956306,2685,1.321099042892456
bbag094_zeisel_cell_02687,6,6,3,6,3.28713,6.6428185,2686,1.4837275743484497
bbag094_zeisel_cell_02688,6,6,3,6,3.078987,6.7685995,2687,1.0897620916366575
bbag094_zeisel_cell_02689,6,6,3,6,3.1972208,6.6556487,2688,1.833316445350647
bbag094_zeisel_cell_02690,6,6,3,6,3.5172963,6.4301,2689,1.6930177211761477
bbag094_zeisel_cell_02691,6,6,2,7,3.1592767,8.078492,2690,1.6626992225646973
bbag094_zeisel_cell_02692,6,6,3,6,3.4098182,6.3307753,2691,2.05629301071167
bbag094_zeisel_cell_02693,6,6,3,6,3.2761486,6.537136,2692,1.4293739795684814
bbag094_zeisel_cell_02694,6,6,3,6,2.692541,5.8881297,2693,1.2047563791275024
bbag094_zeisel_cell_02695,6,6,3,6,3.4444435,6.346573,2694,1.2903131246566772
bbag094_zeisel_cell_02696,6,6,3,6,3.1238782,6.1278615,2695,1.0809024572372437
bbag094_zeisel_cell_02697,6,6,2,7,3.0077834,7.881839,2696,1.173437237739563
bbag094_zeisel_cell_02698,6,6,2,7,3.12891,8.012979,2697,1.4767589569091797
bbag094_zeisel_cell_02699,6,6,3,6,3.6904526,5.5451493,2698,1.3689701557159424
bbag094_zeisel_cell_02700,6,6,2,7,3.0119982,8.166606,2699,1.949291706085205
bbag094_zeisel_cell_02701,6,6,3,6,3.0840206,6.6907725,2700,2.2773170471191406
bbag094_zeisel_cell_02702,6,6,2,7,2.411388,8.477772,2701,1.99812114238739
bbag094_zeisel_cell_02703,6,6,3,6,2.753933,7.6510935,2702,1.643859624862671
bbag094_zeisel_cell_02704,6,6,3,6,3.2956543,5.1288075,2703,1.6464214324951172
bbag094_zeisel_cell_02705,6,6,9,Unmatched_9,0.77302176,4.6101365,2704,2.0098578929901123
bbag094_zeisel_cell_02706,6,6,3,6,2.698252,7.489506,2705,1.489619493484497
bbag094_zeisel_cell_02707,6,6,4,2,-1.6585568,0.18908627,2706,1.976201415061951
bbag094_zeisel_cell_02708,6,6,9,Unmatched_9,0.78038514,4.617675,2707,2.0098578929901123
bbag094_zeisel_cell_02709,6,6,3,6,3.0815494,6.6050243,2708,2.044769287109375
bbag094_zeisel_cell_02710,6,6,3,6,3.1355872,6.067842,2709,1.2518174648284912
bbag094_zeisel_cell_02711,6,6,3,6,3.5823927,5.599149,2710,0.9697431921958924
bbag094_zeisel_cell_02712,6,6,3,6,3.1656203,6.694382,2711,1.0561776161193848
bbag094_zeisel_cell_02713,6,6,3,6,2.558869,6.713518,2712,0.926965355873108
bbag094_zeisel_cell_02714,6,6,3,6,3.4286566,5.104565,2713,1.580155611038208
bbag094_zeisel_cell_02715,6,6,3,6,3.5073843,5.590719,2714,1.151934266090393
bbag094_zeisel_cell_02716,6,6,3,6,3.3458858,6.3176494,2715,1.383621335029602
bbag094_zeisel_cell_02717,6,6,3,6,3.4640224,6.4455447,2716,1.7448216676712036
bbag094_zeisel_cell_02718,6,6,3,6,3.3632038,5.887916,2717,1.118962287902832
bbag094_zeisel_cell_02719,6,6,3,6,3.5386896,5.42579,2718,1.1050430536270142
bbag094_zeisel_cell_02720,6,6,3,6,3.711389,5.8408237,2719,1.2419219017028809
bbag094_zeisel_cell_02721,6,6,2,7,2.80082,8.350632,2720,1.682172775268555
bbag094_zeisel_cell_02722,6,6,3,6,3.4761834,6.4878197,2721,2.0098578929901123
bbag094_zeisel_cell_02723,7,7,2,7,4.036439,10.511017,2722,0.9940767288208008
bbag094_zeisel_cell_02724,7,7,2,7,4.1520915,10.77546,2723,0.8700371384620667
bbag094_zeisel_cell_02725,7,7,2,7,4.1424103,10.488086,2724,0.8147768974304199
bbag094_zeisel_cell_02726,7,7,2,7,4.1154037,10.562137,2725,0.6947829127311707
bbag094_zeisel_cell_02727,7,7,2,7,4.1777134,10.577445,2726,0.9775450825691224
bbag094_zeisel_cell_02728,7,7,2,7,4.1751103,10.608052,2727,0.6708945035934448
bbag094_zeisel_cell_02729,7,7,2,7,4.0556316,10.575,2728,0.8733993768692017
bbag094_zeisel_cell_02730,7,7,2,7,4.1497746,10.6165285,2729,0.6449363231658936
bbag094_zeisel_cell_02731,7,7,2,7,4.1905475,10.758077,2730,0.6705483794212341
bbag094_zeisel_cell_02732,7,7,2,7,4.1517606,10.65646,2731,1.091662883758545
bbag094_zeisel_cell_02733,7,7,2,7,2.7763648,10.526797,2732,1.6640444993972778
bbag094_zeisel_cell_02734,7,7,2,7,2.6140304,9.362333,2733,1.2349443435668943
bbag094_zeisel_cell_02735,7,7,2,7,4.055815,11.080083,2734,0.7063881754875183
bbag094_zeisel_cell_02736,7,7,2,7,4.055483,11.026173,2735,0.924560844898224
bbag094_zeisel_cell_02737,7,7,2,7,4.05565,11.020582,2736,0.9292332530021667
bbag094_zeisel_cell_02738,7,7,2,7,4.1528177,10.927876,2737,1.1946635246276855
bbag094_zeisel_cell_02739,7,7,2,7,4.132768,11.026125,2738,1.034685492515564
bbag094_zeisel_cell_02740,7,7,2,7,4.015129,11.001192,2739,0.9452721476554872
bbag094_zeisel_cell_02741,7,7,2,7,4.0463953,11.074558,2740,1.4674034118652344
bbag094_zeisel_cell_02742,7,7,2,7,4.047664,11.098368,2741,0.9582176804542542
bbag094_zeisel_cell_02743,7,7,2,7,3.542234,11.024154,2742,0.9935048818588256
bbag094_zeisel_cell_02744,7,7,2,7,3.9995897,11.144808,2743,0.7974970936775208
bbag094_zeisel_cell_02745,7,7,2,7,3.8555038,11.077427,2744,0.7073100209236145
bbag094_zeisel_cell_02746,7,7,2,7,3.946067,11.155747,2745,0.7562527060508728
bbag094_zeisel_cell_02747,7,7,2,7,3.9856048,11.058292,2746,0.827297568321228
bbag094_zeisel_cell_02748,7,7,2,7,3.3141944,10.680814,2747,0.7371426224708557
bbag094_zeisel_cell_02749,7,7,2,7,3.9826705,11.140582,2748,0.7926337718963623
bbag094_zeisel_cell_02750,7,7,2,7,3.9523144,11.158739,2749,0.6069021821022034
bbag094_zeisel_cell_02751,7,7,2,7,3.9466095,11.14011,2750,0.811375617980957
bbag094_zeisel_cell_02752,7,7,2,7,3.2531068,7.624639,2751,2.0098578929901123
bbag094_zeisel_cell_02753,7,7,2,7,3.9701624,11.148493,2752,0.7482587695121765
bbag094_zeisel_cell_02754,7,7,2,7,3.9604073,11.1169815,2753,0.6510254740715027
bbag094_zeisel_cell_02755,7,7,2,7,3.64493,11.105114,2754,0.5899208188056946
bbag094_zeisel_cell_02756,7,7,2,7,3.232964,7.548198,2755,1.7739120721817017
bbag094_zeisel_cell_02757,7,7,2,7,3.3386717,10.905652,2756,1.1809700727462769
bbag094_zeisel_cell_02758,7,7,2,7,3.7304387,10.902168,2757,0.5991439819335938
bbag094_zeisel_cell_02759,7,7,2,7,3.758803,10.641243,2758,0.7343177795410156
bbag094_zeisel_cell_02760,7,7,2,7,3.4201703,10.81009,2759,0.6324433088302612
bbag094_zeisel_cell_02761,7,7,2,7,3.2070038,7.3971148,2760,1.578434705734253
bbag094_zeisel_cell_02762,7,7,2,7,3.7393413,11.022024,2761,0.5594432353973389
bbag094_zeisel_cell_02763,7,7,2,7,3.8205276,11.048243,2762,0.6785262227058411
bbag094_zeisel_cell_02764,7,7,2,7,3.4676778,10.987426,2763,1.2529757022857666
bbag094_zeisel_cell_02765,7,7,2,7,3.697062,10.801784,2764,0.9330967664718628
bbag094_zeisel_cell_02766,7,7,2,7,3.2756124,10.880964,2765,0.7727818489074707
bbag094_zeisel_cell_02767,7,7,2,7,3.4365354,11.048872,2766,0.7916733026504517
bbag094_zeisel_cell_02768,7,7,2,7,3.9639163,10.982467,2767,0.6246107220649719
bbag094_zeisel_cell_02769,7,7,2,7,3.5297828,11.116691,2768,1.7916724681854248
bbag094_zeisel_cell_02770,7,7,2,7,3.4311523,11.0668335,2769,0.7411865592002869
bbag094_zeisel_cell_02771,7,7,2,7,3.3405054,11.007843,2770,0.6029420495033264
bbag094_zeisel_cell_02772,7,7,2,7,3.6234167,11.043229,2771,0.6833750605583191
bbag094_zeisel_cell_02773,7,7,2,7,3.6353102,11.10953,2772,0.8512942790985107
bbag094_zeisel_cell_02774,7,7,2,7,3.151269,10.961381,2773,0.6136180758476257
bbag094_zeisel_cell_02775,7,7,2,7,3.9202914,11.1572695,2774,0.5862215161323547
bbag094_zeisel_cell_02776,7,7,2,7,3.2682357,10.947665,2775,0.9073551297187804
bbag094_zeisel_cell_02777,7,7,2,7,3.2748547,10.968533,2776,0.7636296153068542
bbag094_zeisel_cell_02778,7,7,8,9,0.95973873,6.654435,2777,2.0098578929901123
bbag094_zeisel_cell_02779,7,7,2,7,3.2450404,7.666326,2778,1.8887524604797363
bbag094_zeisel_cell_02780,7,7,2,7,3.303997,10.951956,2779,0.841865062713623
bbag094_zeisel_cell_02781,7,7,2,7,3.3190355,11.002438,2780,0.7696095705032349
bbag094_zeisel_cell_02782,7,7,2,7,3.1866786,8.084673,2781,1.8829172849655151
bbag094_zeisel_cell_02783,7,7,2,7,3.10232,10.089311,2782,1.530595064163208
bbag094_zeisel_cell_02784,7,7,2,7,3.7731993,11.051884,2783,0.6346304416656494
bbag094_zeisel_cell_02785,7,7,2,7,3.2238228,7.496268,2784,1.178618311882019
bbag094_zeisel_cell_02786,7,7,2,7,3.707341,11.1474905,2785,0.6176235675811768
bbag094_zeisel_cell_02787,7,7,2,7,3.6996837,11.162306,2786,0.8683629631996155
bbag094_zeisel_cell_02788,7,7,2,7,3.7784567,11.151513,2787,0.7106280326843262
bbag094_zeisel_cell_02789,7,7,2,7,3.26675,10.898516,2788,2.0098578929901123
bbag094_zeisel_cell_02790,7,7,2,7,2.8392184,10.734133,2789,1.5964200496673584
bbag094_zeisel_cell_02791,7,7,2,7,3.3001742,10.918915,2790,1.1604076623916626
bbag094_zeisel_cell_02792,7,7,2,7,3.0214834,10.898981,2791,0.753710925579071
bbag094_zeisel_cell_02793,7,7,2,7,3.6157544,10.829906,2792,0.8028693795204163
bbag094_zeisel_cell_02794,7,7,2,7,3.4054794,10.974692,2793,0.7651006579399109
bbag094_zeisel_cell_02795,7,7,2,7,3.4323914,11.019279,2794,0.888238251209259
bbag094_zeisel_cell_02796,7,7,2,7,3.073648,10.748906,2795,1.858163595199585
bbag094_zeisel_cell_02797,7,7,2,7,4.044098,10.622915,2796,0.6710553169250488
bbag094_zeisel_cell_02798,7,7,2,7,3.791483,11.143058,2797,0.6342761516571045
bbag094_zeisel_cell_02799,7,7,2,7,3.6639197,10.765096,2798,0.8438447713851929
bbag094_zeisel_cell_02800,7,7,2,7,2.7943983,9.483809,2799,0.979451596736908
bbag094_zeisel_cell_02801,7,7,2,7,3.6686506,10.775301,2800,0.6523864269256592
bbag094_zeisel_cell_02802,7,7,2,7,2.2995377,10.163861,2801,1.028199553489685
bbag094_zeisel_cell_02803,7,7,2,7,3.7421985,10.436394,2802,1.0760016441345217
bbag094_zeisel_cell_02804,7,7,2,7,3.9360223,10.597745,2803,0.6520450711250305
bbag094_zeisel_cell_02805,7,7,2,7,4.040762,10.520826,2804,0.6462051868438721
bbag094_zeisel_cell_02806,7,7,2,7,3.6529882,10.039398,2805,0.5946031212806702
bbag094_zeisel_cell_02807,7,7,2,7,4.1637764,10.549042,2806,0.7570241093635559
bbag094_zeisel_cell_02808,7,7,2,7,2.0549634,10.099588,2807,1.56754732131958
bbag094_zeisel_cell_02809,7,7,2,7,3.6681585,10.093164,2808,0.8972377777099609
bbag094_zeisel_cell_02810,7,7,2,7,4.161328,10.548095,2809,0.7084524035453796
bbag094_zeisel_cell_02811,7,7,2,7,3.775217,10.223436,2810,0.6460925340652466
bbag094_zeisel_cell_02812,7,7,2,7,3.8267639,10.499965,2811,0.6968343257904053
bbag094_zeisel_cell_02813,7,7,2,7,3.7151864,9.797059,2812,0.7167730331420898
bbag094_zeisel_cell_02814,7,7,2,7,3.7697847,9.923685,2813,0.6454072594642639
bbag094_zeisel_cell_02815,7,7,2,7,3.6061754,9.724472,2814,0.992727756500244
bbag094_zeisel_cell_02816,7,7,7,unknown,2.0419805,11.802789,2815,2.37495231628418
bbag094_zeisel_cell_02817,7,7,2,7,1.7763202,10.370107,2816,2.1031839847564697
bbag094_zeisel_cell_02818,7,7,2,7,3.6887133,9.737522,2817,0.6584320068359375
bbag094_zeisel_cell_02819,7,7,2,7,3.2403207,10.015658,2818,0.6061051487922668
bbag094_zeisel_cell_02820,7,7,2,7,3.6025376,9.811314,2819,0.6895832419395447
bbag094_zeisel_cell_02821,7,7,2,7,3.1985407,9.7730875,2820,0.8715384602546692
bbag094_zeisel_cell_02822,7,7,8,9,0.97314596,6.682065,2821,2.0098578929901123
bbag094_zeisel_cell_02823,7,7,2,7,1.9008806,10.012015,2822,1.0022525787353516
bbag094_zeisel_cell_02824,7,7,2,7,3.206497,9.794623,2823,1.0562574863433838
bbag094_zeisel_cell_02825,7,7,2,7,3.0659182,9.656551,2824,1.0049779415130615
bbag094_zeisel_cell_02826,7,7,2,7,3.746305,9.903496,2825,0.6633394956588745
bbag094_zeisel_cell_02827,7,7,2,7,3.10464,9.496242,2826,0.9631940722465516
bbag094_zeisel_cell_02828,7,7,2,7,3.1638582,9.593876,2827,0.5803937911987305
bbag094_zeisel_cell_02829,7,7,2,7,2.993625,9.433685,2828,1.1625386476516724
bbag094_zeisel_cell_02830,7,7,2,7,2.2474763,10.039527,2829,1.157629132270813
bbag094_zeisel_cell_02831,7,7,2,7,3.0638304,9.624816,2830,0.734244167804718
bbag094_zeisel_cell_02832,7,7,2,7,3.1280236,8.00466,2831,1.759347915649414
bbag094_zeisel_cell_02833,7,7,2,7,3.226746,9.416938,2832,0.7605396509170532
bbag094_zeisel_cell_02834,7,7,2,7,3.2531688,9.577509,2833,0.7638257741928101
bbag094_zeisel_cell_02835,7,7,2,7,3.0949512,9.616451,2834,1.075422286987305
bbag094_zeisel_cell_02836,7,7,2,7,3.8759682,10.369318,2835,0.8468623161315918
bbag094_zeisel_cell_02837,7,7,2,7,3.0971117,9.700053,2836,0.6945672035217285
bbag094_zeisel_cell_02838,7,7,2,7,3.2983174,9.586707,2837,0.7834093570709229
bbag094_zeisel_cell_02839,7,7,2,7,3.0408912,9.501487,2838,0.7048555612564087
bbag094_zeisel_cell_02840,7,7,2,7,3.6880648,9.694567,2839,0.9196627736091614
bbag094_zeisel_cell_02841,7,7,2,7,2.2048585,10.0069895,2840,0.7451627254486084
bbag094_zeisel_cell_02842,7,7,7,unknown,2.087498,12.121336,2841,2.3377037048339844
bbag094_zeisel_cell_02843,7,7,2,7,2.9252965,9.608046,2842,0.5539244413375854
bbag094_zeisel_cell_02844,7,7,2,7,3.168698,8.229919,2843,2.0098578929901123
bbag094_zeisel_cell_02845,7,7,2,7,3.6424005,9.769591,2844,0.6485952734947205
bbag094_zeisel_cell_02846,7,7,2,7,3.2472522,9.835782,2845,0.7325037717819214
bbag094_zeisel_cell_02847,7,7,2,7,3.2350905,9.190233,2846,1.412907958030701
bbag094_zeisel_cell_02848,7,7,2,7,3.1992664,9.432796,2847,0.5954393148422241
bbag094_zeisel_cell_02849,7,7,2,7,3.9136915,9.327326,2848,0.9531058073043824
bbag094_zeisel_cell_02850,7,7,9,Unmatched_9,0.8498399,4.6923676,2849,2.0098578929901123
bbag094_zeisel_cell_02851,7,7,2,7,3.5684555,10.18863,2850,0.6962473392486572
bbag094_zeisel_cell_02852,7,7,2,7,3.7229645,9.920938,2851,0.8072313070297241
bbag094_zeisel_cell_02853,7,7,2,7,3.3357613,9.832899,2852,0.9621997475624084
bbag094_zeisel_cell_02854,7,7,2,7,3.6123307,10.083549,2853,0.9365817904472352
bbag094_zeisel_cell_02855,7,7,2,7,3.2694788,9.873929,2854,0.6588975787162781
bbag094_zeisel_cell_02856,7,7,3,6,3.7089956,6.2373037,2855,1.8866677284240725
bbag094_zeisel_cell_02857,7,7,2,7,3.3396137,9.9914875,2856,0.6490254402160645
bbag094_zeisel_cell_02858,7,7,3,6,2.818979,7.5958314,2857,1.7341630458831787
bbag094_zeisel_cell_02859,7,7,2,7,3.1611164,10.023147,2858,0.7396518588066101
bbag094_zeisel_cell_02860,7,7,2,7,2.5937006,9.903755,2859,0.8526321053504944
bbag094_zeisel_cell_02861,7,7,2,7,2.6598713,9.892239,2860,1.0519959926605225
bbag094_zeisel_cell_02862,7,7,2,7,3.4515898,8.905975,2861,0.9264519810676576
bbag094_zeisel_cell_02863,7,7,2,7,3.3049269,10.068836,2862,0.7620759606361389
bbag094_zeisel_cell_02864,7,7,2,7,2.5522594,9.968033,2863,0.70771723985672
bbag094_zeisel_cell_02865,7,7,2,7,2.6703413,9.961743,2864,0.6894304156303406
bbag094_zeisel_cell_02866,7,7,3,6,2.9089196,7.563371,2865,1.9782828092575075
bbag094_zeisel_cell_02867,7,7,2,7,2.7129107,9.951223,2866,0.7001116275787354
bbag094_zeisel_cell_02868,7,7,2,7,2.3611069,9.947877,2867,1.054452419281006
bbag094_zeisel_cell_02869,7,7,6,5,7.274406,8.032794,2868,2.37495231628418
bbag094_zeisel_cell_02870,7,7,8,9,0.9627659,6.639881,2869,2.0098578929901123
bbag094_zeisel_cell_02871,7,7,2,7,3.3590076,9.910039,2870,0.8794265389442444
bbag094_zeisel_cell_02872,7,7,2,7,3.5611634,10.208609,2871,1.0098824501037598
bbag094_zeisel_cell_02873,7,7,2,7,3.3338356,9.996805,2872,0.9666637778282166
bbag094_zeisel_cell_02874,7,7,2,7,3.5708442,10.23164,2873,1.1165530681610107
bbag094_zeisel_cell_02875,7,7,2,7,3.199207,9.6548815,2874,0.6440623998641968
bbag094_zeisel_cell_02876,7,7,2,7,3.6884818,10.123739,2875,0.8640509843826294
bbag094_zeisel_cell_02877,7,7,2,7,4.047475,9.209797,2876,1.104780912399292
bbag094_zeisel_cell_02878,7,7,2,7,3.4189684,9.364013,2877,0.8575278520584106
bbag094_zeisel_cell_02879,7,7,2,7,3.4057755,10.116719,2878,1.0947118997573853
bbag094_zeisel_cell_02880,7,7,2,7,4.1246777,10.122167,2879,1.0782006978988647
bbag094_zeisel_cell_02881,7,7,2,7,4.0813375,10.433612,2880,1.1986281871795654
bbag094_zeisel_cell_02882,7,7,2,7,3.7352164,10.301476,2881,1.0532009601593018
bbag094_zeisel_cell_02883,7,7,2,7,4.174161,10.562255,2882,1.0573910474777222
bbag094_zeisel_cell_02884,7,7,2,7,4.2016106,10.587541,2883,0.9806047677993774
bbag094_zeisel_cell_02885,7,7,2,7,4.1704206,9.730543,2884,0.7317985892295837
bbag094_zeisel_cell_02886,7,7,10,8,11.747859,2.31983,2885,3.0590591430664062
bbag094_zeisel_cell_02887,7,7,3,6,2.7641866,7.520269,2886,1.381638526916504
bbag094_zeisel_cell_02888,7,7,2,7,1.9563746,9.271118,2887,2.125306367874145
bbag094_zeisel_cell_02889,7,7,5,1,2.6919308,8.763369,2888,2.0277862548828125
bbag094_zeisel_cell_02890,7,7,2,7,2.9940197,9.522437,2889,0.9546840190887452
bbag094_zeisel_cell_02891,7,7,2,7,2.9403648,9.53364,2890,0.6270745992660522
bbag094_zeisel_cell_02892,7,7,2,7,2.7695787,9.250248,2891,0.8044299483299255
bbag094_zeisel_cell_02893,7,7,2,7,3.0838401,7.840375,2892,1.755224585533142
bbag094_zeisel_cell_02894,7,7,2,7,3.7427697,9.284214,2893,1.4587031602859497
bbag094_zeisel_cell_02895,7,7,2,7,3.163741,7.9964213,2894,1.5979247093200684
bbag094_zeisel_cell_02896,7,7,2,7,3.1452527,9.423062,2895,1.116664171218872
bbag094_zeisel_cell_02897,7,7,5,1,-3.5271819,2.3170774,2896,1.8061330318450928
bbag094_zeisel_cell_02898,7,7,2,7,3.1479874,8.020747,2897,1.8969602584838867
bbag094_zeisel_cell_02899,7,7,2,7,3.7618034,9.643472,2898,1.0320204496383667
bbag094_zeisel_cell_02900,7,7,2,7,3.241252,9.446805,2899,0.9881044030189514
bbag094_zeisel_cell_02901,7,7,2,7,3.9324958,10.460757,2900,1.0464016199111938
bbag094_zeisel_cell_02902,7,7,2,7,3.8286405,9.606537,2901,1.2192813158035278
bbag094_zeisel_cell_02903,7,7,2,7,3.1269534,9.552937,2902,0.5690575838088989
bbag094_zeisel_cell_02904,7,7,2,7,1.9518187,8.936527,2903,1.5432549715042114
bbag094_zeisel_cell_02905,7,7,2,7,2.0532851,9.2119255,2904,1.463016152381897
bbag094_zeisel_cell_02906,7,7,2,7,2.0805264,10.006507,2905,1.0200474262237549
bbag094_zeisel_cell_02907,7,7,2,7,4.172245,9.735854,2906,0.9520756602287292
bbag094_zeisel_cell_02908,7,7,2,7,3.7979078,10.402523,2907,0.6198817491531372
bbag094_zeisel_cell_02909,7,7,2,7,2.9872212,9.451387,2908,1.473110318183899
bbag094_zeisel_cell_02910,7,7,3,6,2.7311423,7.563054,2909,2.0098578929901123
bbag094_zeisel_cell_02911,7,7,2,7,3.1674237,8.008687,2910,1.6646510362625122
bbag094_zeisel_cell_02912,7,7,2,7,4.0380216,10.017111,2911,0.7813090682029724
bbag094_zeisel_cell_02913,7,7,2,7,2.1951537,8.968324,2912,1.0258195400238037
bbag094_zeisel_cell_02914,7,7,2,7,3.0569603,8.171903,2913,1.813754200935364
bbag094_zeisel_cell_02915,7,7,4,2,-2.696922,0.63377297,2914,2.062971353530884
bbag094_zeisel_cell_02916,7,7,2,7,3.3505342,9.590583,2915,0.693838894367218
bbag094_zeisel_cell_02917,7,7,2,7,2.784738,10.752085,2916,1.5102148056030271
bbag094_zeisel_cell_02918,7,7,2,7,3.6090322,9.28952,2917,0.6738827228546143
bbag094_zeisel_cell_02919,7,7,2,7,2.9694314,7.816369,2918,2.0098578929901123
bbag094_zeisel_cell_02920,7,7,2,7,3.1427488,8.903788,2919,1.8782601356506348
bbag094_zeisel_cell_02921,8,8,2,7,4.0283275,9.16247,2920,0.9602335691452026
bbag094_zeisel_cell_02922,8,8,10,8,11.7665205,2.3861673,2921,3.0590591430664062
bbag094_zeisel_cell_02923,8,8,10,8,11.746014,2.3878307,2922,3.0590591430664062
bbag094_zeisel_cell_02924,8,8,10,8,11.7532015,2.3587844,2923,3.047860860824585
bbag094_zeisel_cell_02925,8,8,10,8,11.741654,2.3460586,2924,3.0590591430664062
bbag094_zeisel_cell_02926,8,8,10,8,11.751093,2.3973205,2925,2.642503023147583
bbag094_zeisel_cell_02927,8,8,10,8,11.750745,2.3490026,2926,3.022221803665161
bbag094_zeisel_cell_02928,8,8,10,8,11.7338085,2.4165792,2927,3.00058388710022
bbag094_zeisel_cell_02929,8,8,10,8,11.767155,2.3530838,2928,3.050199031829834
bbag094_zeisel_cell_02930,8,8,10,8,11.760017,2.3633113,2929,2.859200954437256
bbag094_zeisel_cell_02931,8,8,10,8,11.685753,2.3050625,2930,3.0590591430664062
bbag094_zeisel_cell_02932,8,8,10,8,11.766527,2.3593912,2931,3.0590591430664062
bbag094_zeisel_cell_02933,8,8,10,8,11.774736,2.3785422,2932,3.0590591430664062
bbag094_zeisel_cell_02934,8,8,10,8,11.759526,2.3727183,2933,2.951950788497925
bbag094_zeisel_cell_02935,8,8,10,8,11.766563,2.3574488,2934,2.99470329284668
bbag094_zeisel_cell_02936,8,8,10,8,11.80775,2.4268568,2935,3.0590591430664062
bbag094_zeisel_cell_02937,8,8,9,Unmatched_9,0.8329929,4.675739,2936,2.0098578929901123
bbag094_zeisel_cell_02938,8,8,9,Unmatched_9,0.65802807,4.4548116,2937,2.0098578929901123
bbag094_zeisel_cell_02939,8,8,9,Unmatched_9,0.6689004,4.4673924,2938,2.0098578929901123
bbag094_zeisel_cell_02940,8,8,9,Unmatched_9,0.66605014,4.5317407,2939,2.0098578929901123
bbag094_zeisel_cell_02941,8,8,2,7,3.2058146,9.360973,2940,0.7994709610939026
bbag094_zeisel_cell_02942,8,8,2,7,1.8986609,9.354774,2941,1.0361591577529907
bbag094_zeisel_cell_02943,8,8,2,7,1.9522821,9.2680855,2942,0.8201159238815308
bbag094_zeisel_cell_02944,8,8,2,7,1.9636593,9.293559,2943,0.9243636727333068
bbag094_zeisel_cell_02945,8,8,5,1,2.7122288,8.769343,2944,1.9940948486328125
bbag094_zeisel_cell_02946,8,8,2,7,3.3910255,9.342557,2945,1.1706125736236572
bbag094_zeisel_cell_02947,9,9,3,6,2.017386,5.3840804,2946,1.2856444120407104
bbag094_zeisel_cell_02948,9,9,8,9,0.7004501,6.5250425,2947,1.4692392349243164
bbag094_zeisel_cell_02949,9,9,8,9,0.6926664,5.7998705,2948,1.247956156730652
bbag094_zeisel_cell_02950,9,9,8,9,0.4221919,6.1522956,2949,1.7020301818847656
bbag094_zeisel_cell_02951,9,9,3,6,2.9880223,6.5825157,2950,1.4703302383422852
bbag094_zeisel_cell_02952,9,9,8,9,0.5062469,5.993729,2951,1.5695081949234009
bbag094_zeisel_cell_02953,9,9,8,9,0.43168855,6.1062164,2952,1.2659238576889038
bbag094_zeisel_cell_02954,9,9,8,9,0.4412292,5.9857473,2953,1.5525909662246704
bbag094_zeisel_cell_02955,9,9,8,9,0.90887886,6.639417,2954,2.0098578929901123
bbag094_zeisel_cell_02956,9,9,3,6,2.3160646,6.719378,2955,1.736925721168518
bbag094_zeisel_cell_02957,9,9,8,9,0.46349132,5.9960136,2956,1.344845175743103
bbag094_zeisel_cell_02958,9,9,8,9,0.50099957,6.030406,2957,1.515273928642273
bbag094_zeisel_cell_02959,9,9,8,9,0.82241005,6.566598,2958,1.916636824607849
bbag094_zeisel_cell_02960,9,9,8,9,0.5409407,6.0303907,2959,1.6381973028182983
bbag094_zeisel_cell_02961,9,9,8,9,0.5421812,6.475007,2960,1.9030935764312744
bbag094_zeisel_cell_02962,9,9,8,9,0.4639549,6.2052245,2961,1.88343346118927
bbag094_zeisel_cell_02963,9,9,5,1,-1.329328,4.6180744,2962,1.265673041343689
bbag094_zeisel_cell_02964,9,9,8,9,0.5021642,6.000618,2963,1.7450815439224243
bbag094_zeisel_cell_02965,9,9,3,6,2.187333,5.4325027,2964,2.0098578929901123
bbag094_zeisel_cell_02966,9,9,6,5,7.378765,7.4876623,2965,2.37495231628418
bbag094_zeisel_cell_02967,9,9,8,9,0.44104078,6.0441933,2966,1.3379433155059814
bbag094_zeisel_cell_02968,9,9,8,9,0.41875866,5.9876714,2967,1.3463969230651855
bbag094_zeisel_cell_02969,9,9,8,9,0.5672753,6.4626637,2968,1.4038610458374023
bbag094_zeisel_cell_02970,9,9,3,6,1.9243014,5.461418,2969,1.9241101741790767
bbag094_zeisel_cell_02971,9,9,3,6,2.0295134,5.2762294,2970,1.7575371265411377
bbag094_zeisel_cell_02972,9,9,8,9,0.45817918,6.087516,2971,1.7174955606460571
bbag094_zeisel_cell_02973,9,9,8,9,0.66772044,5.907264,2972,1.292533278465271
bbag094_zeisel_cell_02974,9,9,8,9,0.35197726,6.078257,2973,1.7361160516738892
bbag094_zeisel_cell_02975,9,9,8,9,0.7962788,5.9712377,2974,1.5693939924240112
bbag094_zeisel_cell_02976,9,9,8,9,0.43786806,6.0363994,2975,1.3869074583053589
bbag094_zeisel_cell_02977,9,9,8,9,0.54652447,5.937116,2976,1.644174337387085
bbag094_zeisel_cell_02978,9,9,8,9,0.60361683,5.9098606,2977,1.4718937873840332
bbag094_zeisel_cell_02979,9,9,6,5,7.3293157,7.4149303,2978,2.37495231628418
bbag094_zeisel_cell_02980,9,9,8,9,0.36822256,6.0723267,2979,2.2773170471191406
bbag094_zeisel_cell_02981,9,9,8,9,0.7452165,5.958899,2980,1.2626148462295532
bbag094_zeisel_cell_02982,9,9,8,9,0.42304963,6.120889,2981,1.708523511886597
bbag094_zeisel_cell_02983,9,9,8,9,0.66033936,5.8328443,2982,1.60946786403656
bbag094_zeisel_cell_02984,9,9,8,9,0.5944549,5.928336,2983,1.166884422302246
bbag094_zeisel_cell_02985,9,9,8,9,0.68597674,5.903002,2984,1.828196406364441
bbag094_zeisel_cell_02986,9,9,8,9,0.49885616,5.954196,2985,1.26738440990448
bbag094_zeisel_cell_02987,9,9,3,6,2.2110882,6.401013,2986,1.691184639930725
bbag094_zeisel_cell_02988,9,9,8,9,0.87871104,6.575796,2987,1.7189433574676514
bbag094_zeisel_cell_02989,9,9,8,9,1.0313768,6.666104,2988,2.0571439266204834
bbag094_zeisel_cell_02990,9,9,3,6,2.226428,5.5528674,2989,1.4435243606567385
bbag094_zeisel_cell_02991,9,9,8,9,0.71954423,5.8330984,2990,1.932177186012268
bbag094_zeisel_cell_02992,9,9,3,6,2.2300956,5.49522,2991,1.5178580284118652
bbag094_zeisel_cell_02993,9,9,8,9,0.72071373,5.8342443,2992,1.6615946292877195
bbag094_zeisel_cell_02994,9,9,5,1,-1.2820872,4.606542,2993,2.009021282196045
bbag094_zeisel_cell_02995,9,9,8,9,1.0646722,6.74621,2994,2.2773170471191406
bbag094_zeisel_cell_02996,9,9,5,1,-1.2130924,4.750829,2995,1.8713276386260984
bbag094_zeisel_cell_02997,9,9,10,8,11.810696,2.409029,2996,3.0590591430664062
bbag094_zeisel_cell_02998,9,9,0,3,-1.7506491,0.6448043,2997,1.8577011823654173
bbag094_zeisel_cell_02999,9,9,5,1,-2.6715758,4.4002438,2998,1.8176298141479488
bbag094_zeisel_cell_03000,9,9,5,1,-2.4737725,4.470067,2999,2.071431398391724
bbag094_zeisel_cell_03001,9,9,8,9,0.77921915,5.802048,3000,1.944135069847107
bbag094_zeisel_cell_03002,9,9,3,6,2.1322014,5.353198,3001,1.7429287433624268
bbag094_zeisel_cell_03003,9,9,3,6,2.3780742,5.411153,3002,1.7088578939437866
bbag094_zeisel_cell_03004,9,9,8,9,0.7765304,5.871172,3003,1.6818971633911133
bbag094_zeisel_cell_03005,9,9,8,9,1.0312642,6.719679,3004,2.149081230163574
bbag094_zeisel_cell_03006,9,9,3,6,2.3562002,6.8241367,3005,1.5065093040466309
