cell_id,batch,true_label,predicted_label,aligned_predicted_label,umap_1,umap_2,cell_index,scraw_reconstruction_weight
10X_P4_7_AAACCTGAGAAGGACA,3-M-8,B cell,0,B cell,1.2507968,5.4099574,0,1.023486852645874
10X_P4_7_AAACCTGAGCTAAGAT,3-M-8,natural killer cell,5,natural killer cell,31.002136,-2.0120885,1,1.941217422485352
10X_P4_7_AAACCTGCAACAACCT,3-M-8,B cell,0,B cell,1.5755955,4.2653546,2,0.6963678598403931
10X_P4_7_AAACCTGCAGCCAATT,3-M-8,B cell,0,B cell,2.1394975,2.8679223,3,0.559109091758728
10X_P4_7_AAACCTGCAGCTCCGA,3-M-8,B cell,0,B cell,2.326373,5.5466003,4,0.7347347736358643
10X_P4_7_AAACCTGTCAGGTAAA,3-M-8,B cell,0,B cell,0.9742891,5.240031,5,0.7711923122406006
10X_P4_7_AAACGGGAGACACGAC,3-M-8,B cell,0,B cell,-1.9073608,5.3776217,6,1.4854729175567627
10X_P4_7_AAACGGGAGGCGACAT,3-M-8,T cell,2,Unmatched_2,29.24862,1.025131,7,1.158543825149536
10X_P4_7_AAACGGGAGGGTATCG,3-M-8,T cell,3,T cell,27.565897,-1.1743088,8,1.0289366245269775
10X_P4_7_AAACGGGAGTGCCATT,3-M-8,B cell,1,Unmatched_1,3.6201622,8.412216,9,1.1613606214523315
10X_P4_7_AAACGGGCACTTGGAT,3-M-8,B cell,0,B cell,-1.1751846,4.0364084,10,0.7755292057991028
10X_P4_7_AAACGGGTCTGATTCT,3-M-8,B cell,0,B cell,1.2992748,5.044941,11,0.7411834001541138
10X_P4_7_AAAGATGAGCCATCGC,3-M-8,macrophage,4,macrophage,1.8991693,16.71667,12,1.7016618251800537
10X_P4_7_AAAGATGAGGACCACA,3-M-8,B cell,0,B cell,-0.3265879,3.7001238,13,0.4868114292621612
10X_P4_7_AAAGATGCAATCACAC,3-M-8,B cell,0,B cell,0.95057005,2.8760467,14,0.8893125653266907
10X_P4_7_AAAGATGTCTGGAGCC,3-M-8,B cell,0,B cell,-1.7278014,4.918944,15,1.289604902267456
10X_P4_7_AAAGCAAAGAATCTCC,3-M-8,B cell,0,B cell,0.16411576,3.9242847,16,0.5059396028518677
10X_P4_7_AAAGCAAAGCTAGCCC,3-M-8,B cell,1,Unmatched_1,3.0699399,7.950359,17,0.4574189782142639
10X_P4_7_AAAGCAAAGTCATGCT,3-M-8,B cell,6,Unmatched_6,26.646112,-1.0477047,18,2.426625490188598
10X_P4_7_AAAGCAACACACCGAC,3-M-8,T cell,3,T cell,26.340883,-0.97793764,19,0.5909874439239502
10X_P4_7_AAAGCAACACCTGGTG,3-M-8,T cell,5,natural killer cell,30.167154,-0.5450641,20,1.7145047187805176
10X_P4_7_AAAGCAACAGGTGGAT,3-M-8,T cell,3,T cell,28.64094,-0.3712415,21,1.9283562898635864
10X_P4_7_AAAGCAACATTACCTT,3-M-8,B cell,0,B cell,0.74229205,6.495826,22,0.8992120027542114
10X_P4_7_AAAGCAAGTCTTGATG,3-M-8,dendritic cell,8,dendritic cell,3.5303488,17.74547,23,3.600733757019043
10X_P4_7_AAAGCAATCACATGCA,3-M-8,B cell,0,B cell,2.103111,3.0463665,24,0.5513540506362915
10X_P4_7_AAAGTAGAGCAGGTCA,3-M-8,B cell,7,Unmatched_7,3.9426756,13.185079,25,0.788469672203064
10X_P4_7_AAAGTAGAGTACACCT,3-M-8,B cell,0,B cell,0.97715956,4.20186,26,1.5043046474456787
10X_P4_7_AAAGTAGCAATCCAAC,3-M-8,B cell,0,B cell,0.87947214,4.541534,27,0.5155666470527649
10X_P4_7_AAAGTAGCAGCCTTGG,3-M-8,B cell,0,B cell,2.1269095,4.7188845,28,1.0563884973526
10X_P4_7_AAAGTAGCATACGCCG,3-M-8,B cell,0,B cell,-0.3222266,4.7716203,29,0.5660615563392639
10X_P4_7_AAAGTAGGTCGGATCC,3-M-8,B cell,0,B cell,2.6768959,2.8421862,30,0.7105804085731506
10X_P4_7_AAAGTAGGTCTCTTAT,3-M-8,B cell,0,B cell,2.1698196,3.4829984,31,1.123249053955078
10X_P4_7_AAAGTAGTCCTCAATT,3-M-8,T cell,3,T cell,26.105577,-1.1017816,32,0.6608986258506775
10X_P4_7_AAATGCCAGATCCGAG,3-M-8,B cell,0,B cell,-1.22875,5.3356533,33,1.284856200218201
10X_P4_7_AAATGCCCAAGAGTCG,3-M-8,B cell,0,B cell,1.5449882,2.941909,34,0.536487340927124
10X_P4_7_AAATGCCGTGCACGAA,3-M-8,B cell,0,B cell,1.0342841,5.0830374,35,0.4137983024120331
10X_P4_7_AAATGCCGTTACGCGC,3-M-8,B cell,7,Unmatched_7,3.927469,13.264405,36,1.0140122175216677
10X_P4_7_AAATGCCTCAAACGGG,3-M-8,B cell,0,B cell,1.6551477,3.4933596,37,0.6823657751083374
10X_P4_7_AACACGTAGACTGGGT,3-M-8,T cell,2,Unmatched_2,29.360388,0.6294248,38,1.3245763778686523
10X_P4_7_AACACGTAGCCGATTT,3-M-8,B cell,7,Unmatched_7,3.9554026,13.139925,39,0.8295219540596008
10X_P4_7_AACACGTCAATCCAAC,3-M-8,B cell,0,B cell,0.7909582,4.4242754,40,0.4659456014633178
10X_P4_7_AACACGTCAGTACACT,3-M-8,B cell,0,B cell,2.0378637,5.8637304,41,0.6010291576385498
10X_P4_7_AACACGTCATGGTAGG,3-M-8,B cell,0,B cell,1.6919541,4.7579246,42,0.7269875407218933
10X_P4_7_AACACGTCATTAACCG,3-M-8,B cell,0,B cell,-0.15916537,5.1192107,43,0.4380486905574798
10X_P4_7_AACACGTGTAACGTTC,3-M-8,T cell,3,T cell,27.588326,-1.2270265,44,1.142742156982422
10X_P4_7_AACACGTGTACTTGAC,3-M-8,B cell,1,Unmatched_1,2.8416045,8.116394,45,0.4896415174007416
10X_P4_7_AACACGTGTCTGATTG,3-M-8,B cell,0,B cell,0.9255025,5.646523,46,0.8424424529075623
10X_P4_7_AACACGTTCCCGACTT,3-M-8,natural killer cell,5,natural killer cell,30.717613,-1.905632,47,2.187960147857666
10X_P4_7_AACACGTTCTCTGTCG,3-M-8,T cell,3,T cell,26.607975,-0.7923455,48,0.7219793796539307
10X_P4_7_AACCATGAGAGACTTA,3-M-8,T cell,3,T cell,25.559225,-0.2460879,49,0.923196017742157
10X_P4_7_AACCATGAGAGTACAT,3-M-8,B cell,0,B cell,2.4383717,3.6220746,50,0.8699737191200256
10X_P4_7_AACCATGAGCCGTCGT,3-M-8,B cell,0,B cell,2.1325176,5.4748416,51,0.7653475999832153
10X_P4_7_AACCATGAGGGAAACA,3-M-8,B cell,0,B cell,2.379318,6.8637295,52,0.4836409389972687
10X_P4_7_AACCATGCATCCAACA,3-M-8,B cell,0,B cell,2.634877,3.9952602,53,0.4486856758594513
10X_P4_7_AACCATGGTCCAAGTT,3-M-8,T cell,2,Unmatched_2,29.679447,0.8956398,54,1.6043522357940674
10X_P4_7_AACCATGGTGCTAGCC,3-M-8,B cell,0,B cell,2.4666462,7.1674953,55,0.5797828435897827
10X_P4_7_AACCATGGTTCGGCAC,3-M-8,B cell,1,Unmatched_1,3.6265545,7.931446,56,0.5620082020759583
10X_P4_7_AACCATGTCACGACTA,3-M-8,B cell,0,B cell,1.703584,2.5669441,57,0.4897491633892059
10X_P4_7_AACCATGTCCAGGGCT,3-M-8,T cell,2,Unmatched_2,29.08852,0.8132222,58,1.2835488319396973
10X_P4_7_AACCATGTCGGAAATA,3-M-8,T cell,3,T cell,26.015802,-1.2598091,59,0.6186610460281372
10X_P4_7_AACCATGTCTTGCAAG,3-M-8,B cell,0,B cell,0.2931746,7.678535,60,1.0730457305908203
10X_P4_7_AACCGCGCACGAGGTA,3-M-8,B cell,2,Unmatched_2,27.438364,0.054159194,61,2.179008960723877
10X_P4_7_AACCGCGGTCGCATAT,3-M-8,B cell,0,B cell,-0.63006127,3.3564007,62,0.8807392120361328
10X_P4_7_AACCGCGGTGATGCCC,3-M-8,B cell,0,B cell,1.3419071,2.3195739,63,1.176284670829773
10X_P4_7_AACCGCGTCCAGAGGA,3-M-8,B cell,0,B cell,1.1941763,2.2225144,64,1.266863465309143
10X_P4_7_AACGTTGCAGCCTATA,3-M-8,macrophage,4,macrophage,4.9539876,16.234457,65,2.9366698265075684
10X_P4_7_AACGTTGCATCAGTCA,3-M-8,B cell,0,B cell,1.6944029,3.1843436,66,0.7596927881240845
10X_P4_7_AACGTTGCATCTCGCT,3-M-8,B cell,0,B cell,0.022529792,3.763289,67,0.4944579005241394
10X_P4_7_AACGTTGCATGAACCT,3-M-8,T cell,2,Unmatched_2,29.61954,0.94140667,68,1.9664891958236692
10X_P4_7_AACGTTGGTCGGATCC,3-M-8,B cell,0,B cell,2.6551883,6.4844823,69,1.263230800628662
10X_P4_7_AACGTTGGTTAAAGTG,3-M-8,B cell,6,Unmatched_6,0.21536638,11.386377,70,1.771750807762146
10X_P4_7_AACGTTGGTTGCGCAC,3-M-8,T cell,2,Unmatched_2,28.621965,0.28618398,71,1.1912775039672852
10X_P4_7_AACGTTGTCGGATGGA,3-M-8,B cell,1,Unmatched_1,3.2484767,8.158042,72,0.4666350483894348
10X_P4_7_AACGTTGTCGGTGTTA,3-M-8,B cell,0,B cell,-1.0262959,4.4492188,73,0.7308927178382874
10X_P4_7_AACTCAGGTCCCGACA,3-M-8,B cell,0,B cell,1.534264,2.646501,74,1.5513226985931396
10X_P4_7_AACTCAGGTCTTGCGG,3-M-8,B cell,0,B cell,1.4799665,2.1537187,75,0.6553718447685242
10X_P4_7_AACTCAGGTGAAAGAG,3-M-8,T cell,3,T cell,26.599848,-1.1223688,76,0.6396356821060181
10X_P4_7_AACTCAGGTTCGTGAT,3-M-8,B cell,0,B cell,0.98451275,4.304482,77,0.4795887768268585
10X_P4_7_AACTCAGGTTTCCACC,3-M-8,B cell,1,Unmatched_1,3.2114196,8.401351,78,0.4769122898578644
10X_P4_7_AACTCAGTCGGATGTT,3-M-8,B cell,0,B cell,-0.43312666,5.8626604,79,1.05878746509552
10X_P4_7_AACTCAGTCGGCGGTT,3-M-8,B cell,1,Unmatched_1,2.5412526,8.067959,80,0.4990973472595215
10X_P4_7_AACTCCCAGCAAATCA,3-M-8,B cell,0,B cell,1.2798884,3.2292943,81,1.2730443477630615
10X_P4_7_AACTCCCAGCCCGAAA,3-M-8,T cell,2,Unmatched_2,27.827023,0.8188479,82,0.8807824850082397
10X_P4_7_AACTCCCCAATGTAAG,3-M-8,B cell,0,B cell,2.4442472,3.765656,83,0.8386660814285278
10X_P4_7_AACTCCCGTGAGCGAT,3-M-8,B cell,1,Unmatched_1,-2.3270593,4.0706425,84,0.8303236365318298
10X_P4_7_AACTCCCGTTACTGAC,3-M-8,B cell,0,B cell,2.6590075,3.8012006,85,0.6976000666618347
10X_P4_7_AACTCCCTCGAATCCA,3-M-8,T cell,3,T cell,26.053167,-1.2659796,86,0.6730039119720459
10X_P4_7_AACTCCCTCGATCCCT,3-M-8,T cell,2,Unmatched_2,27.094692,1.3644102,87,0.6228113174438477
10X_P4_7_AACTCTTAGTACGTTC,3-M-8,B cell,0,B cell,1.6520865,3.2957263,88,0.5113652348518372
10X_P4_7_AACTCTTCAGACACTT,3-M-8,B cell,0,B cell,-0.97630614,4.2812195,89,1.8065109252929688
10X_P4_7_AACTCTTCATTCGACA,3-M-8,macrophage,4,macrophage,3.3607266,16.111662,90,2.3030147552490234
10X_P4_7_AACTCTTGTACCGGCT,3-M-8,B cell,0,B cell,0.74773556,4.5104823,91,0.449844628572464
10X_P4_7_AACTCTTGTCTAGTCA,3-M-8,B cell,0,B cell,2.423685,4.227632,92,0.7662659883499146
10X_P4_7_AACTCTTTCAGAAATG,3-M-8,B cell,0,B cell,0.21812381,4.6049523,93,0.5871680974960327
10X_P4_7_AACTCTTTCCGAAGAG,3-M-8,B cell,0,B cell,0.507961,3.3528395,94,0.4067049622535705
10X_P4_7_AACTGGTGTCAGTGGA,3-M-8,B cell,0,B cell,1.503614,3.3059003,95,1.165610432624817
10X_P4_7_AACTGGTGTCTACCTC,3-M-8,B cell,0,B cell,0.8904835,6.10417,96,1.148526310920715
10X_P4_7_AACTGGTGTCTCACCT,3-M-8,macrophage,0,B cell,4.5929236,14.76723,97,2.458485841751098
10X_P4_7_AACTGGTGTCTGCGGT,3-M-8,T cell,2,Unmatched_2,26.698616,1.3941687,98,0.7513654828071594
10X_P4_7_AACTGGTTCCATGAAC,3-M-8,macrophage,4,macrophage,5.234736,16.100246,99,3.578447103500366
10X_P4_7_AACTGGTTCCTAAGTG,3-M-8,B cell,0,B cell,2.2690217,3.5719094,100,0.8738128542900085
10X_P4_7_AACTTTCAGTGTTGAA,3-M-8,B cell,1,Unmatched_1,3.0070224,8.519942,101,0.5334782600402832
10X_P4_7_AACTTTCCACAAGCCC,3-M-8,T cell,2,Unmatched_2,27.5004,1.4206918,102,0.8046874403953552
10X_P4_7_AACTTTCCACTAGTAC,3-M-8,B cell,1,Unmatched_1,3.7543435,7.8104315,103,0.7327973246574402
10X_P4_7_AACTTTCCATCCTTGC,3-M-8,B cell,0,B cell,0.8222728,6.158135,104,1.154680609703064
10X_P4_7_AACTTTCGTATTACCG,3-M-8,B cell,0,B cell,-1.4405092,5.3857703,105,1.0325086116790771
10X_P4_7_AACTTTCGTGTTTGTG,3-M-8,B cell,0,B cell,0.303872,4.560345,106,0.6363670229911804
10X_P4_7_AACTTTCGTTCCACAA,3-M-8,T cell,3,T cell,26.083439,-1.270302,107,0.5687500238418579
10X_P4_7_AACTTTCTCATCGATG,3-M-8,T cell,2,Unmatched_2,27.204657,0.82434803,108,0.6156254410743713
10X_P4_7_AACTTTCTCTGCCCTA,3-M-8,B cell,0,B cell,2.4493783,3.4207077,109,1.2935062646865845
10X_P4_7_AAGACCTAGTCTCAAC,3-M-8,B cell,0,B cell,0.12593234,4.1641054,110,0.4141935706138611
10X_P4_7_AAGACCTAGTTCGATC,3-M-8,B cell,7,Unmatched_7,4.011789,13.198554,111,0.8032286167144775
10X_P4_7_AAGACCTCATGACGGA,3-M-8,B cell,0,B cell,2.6552439,4.206713,112,1.0589675903320312
10X_P4_7_AAGACCTGTGTGGCTC,3-M-8,B cell,0,B cell,0.9567065,4.3890624,113,0.4539147317409515
10X_P4_7_AAGACCTTCAAAGTAG,3-M-8,T cell,3,T cell,28.523762,-1.3240687,114,1.069114089012146
10X_P4_7_AAGACCTTCAAGAAGT,3-M-8,B cell,0,B cell,1.1357484,4.8559647,115,0.4574678540229797
10X_P4_7_AAGACCTTCGTGGACC,3-M-8,B cell,0,B cell,1.7944967,5.6669,116,0.503838837146759
10X_P4_7_AAGCCGCCATCGTCGG,3-M-8,T cell,3,T cell,26.149107,-1.20734,117,0.6002140641212463
10X_P4_7_AAGCCGCGTACACCGC,3-M-8,B cell,0,B cell,-1.950071,5.492583,118,1.2925270795822144
10X_P4_7_AAGCCGCGTACTTCTT,3-M-8,B cell,0,B cell,2.3113723,4.5008383,119,0.6661296486854553
10X_P4_7_AAGCCGCGTCCTCTTG,3-M-8,B cell,0,B cell,-0.20185202,5.284881,120,0.5253357291221619
10X_P4_7_AAGCCGCTCACTGGGC,3-M-8,B cell,0,B cell,1.4139471,4.113122,121,0.6953959465026855
10X_P4_7_AAGCCGCTCACTTATC,3-M-8,B cell,0,B cell,1.7616671,3.6446762,122,0.5733601450920105
10X_P4_7_AAGCCGCTCAGTTGAC,3-M-8,B cell,1,Unmatched_1,1.754681,7.4169874,123,0.9419008493423462
10X_P4_7_AAGCCGCTCCGCAAGC,3-M-8,B cell,0,B cell,1.2033752,4.7992377,124,1.2058531045913696
10X_P4_7_AAGGAGCCATCTATGG,3-M-8,B cell,0,B cell,1.5862975,6.0329685,125,0.9377111792564392
10X_P4_7_AAGGAGCGTACGCTGC,3-M-8,B cell,1,Unmatched_1,3.310394,7.935994,126,0.566030740737915
10X_P4_7_AAGGAGCGTAGCGCTC,3-M-8,B cell,0,B cell,-0.8153422,3.9249883,127,0.5134485960006714
10X_P4_7_AAGGAGCTCTCGAGTA,3-M-8,B cell,0,B cell,2.7559783,7.0840125,128,0.6035823822021484
10X_P4_7_AAGGAGCTCTTGTCAT,3-M-8,B cell,0,B cell,1.2069966,4.27616,129,0.5013107657432556
10X_P4_7_AAGGCAGAGAAACCAT,3-M-8,T cell,2,Unmatched_2,25.103706,2.0670452,130,1.3374561071395874
10X_P4_7_AAGGCAGAGGCGACAT,3-M-8,B cell,0,B cell,0.041964,6.4375634,131,0.979979395866394
10X_P4_7_AAGGCAGAGTACGTAA,3-M-8,B cell,1,Unmatched_1,3.2447803,7.720302,132,0.6291022896766663
10X_P4_7_AAGGCAGCACAAGTAA,3-M-8,T cell,2,Unmatched_2,27.539686,0.5085076,133,0.9110135436058044
10X_P4_7_AAGGCAGGTACCCAAT,3-M-8,B cell,0,B cell,-0.60332566,3.5557501,134,0.6218422651290894
10X_P4_7_AAGGTTCCAAACCCAT,3-M-8,B cell,0,B cell,0.5050302,3.7407908,135,1.025745153427124
10X_P4_7_AAGGTTCCAAAGCAAT,3-M-8,T cell,2,Unmatched_2,29.265526,0.6330948,136,1.3909597396850586
10X_P4_7_AAGGTTCCAGTAACGG,3-M-8,B cell,0,B cell,0.552641,3.9098504,137,0.4822037816047668
10X_P4_7_AAGGTTCGTCACAAGG,3-M-8,B cell,0,B cell,1.7018067,6.983095,138,0.8627892732620239
10X_P4_7_AAGGTTCGTTCACGGC,3-M-8,B cell,0,B cell,1.8849353,3.5211058,139,0.5269871950149536
10X_P4_7_AAGGTTCTCAGTCAGT,3-M-8,B cell,0,B cell,1.9075928,7.327834,140,1.3637841939926147
10X_P4_7_AAGGTTCTCATAACCG,3-M-8,B cell,0,B cell,1.736882,2.8259923,141,0.7102841734886169
10X_P4_7_AAGGTTCTCGTATCAG,3-M-8,macrophage,4,macrophage,3.6475887,15.743955,142,1.3957505226135254
10X_P4_7_AAGTCTGAGACAAAGG,3-M-8,B cell,0,B cell,2.6774368,3.5010812,143,0.7003345489501953
10X_P4_7_AAGTCTGAGCGAAGGG,3-M-8,T cell,2,Unmatched_2,27.469713,0.9277968,144,0.7513490319252014
10X_P4_7_AAGTCTGGTAGCGTGA,3-M-8,B cell,0,B cell,2.855033,4.2992005,145,0.6961089372634888
10X_P4_7_AAGTCTGGTGTGACCC,3-M-8,B cell,0,B cell,0.2693672,3.9817505,146,0.4861690700054168
10X_P4_7_AAGTCTGTCAGAGGTG,3-M-8,B cell,0,B cell,1.8618548,7.0764723,147,1.1963140964508057
10X_P4_7_AAGTCTGTCTTACCTA,3-M-8,B cell,0,B cell,0.37649068,7.5341506,148,0.7466655373573303
10X_P4_7_AATCCAGAGACATAAC,3-M-8,B cell,0,B cell,1.3418047,5.444475,149,0.6062261462211609
10X_P4_7_AATCCAGAGGCAGGTT,3-M-8,B cell,0,B cell,0.98117614,4.770806,150,0.4655560553073883
10X_P4_7_AATCCAGCAGACAAGC,3-M-8,B cell,0,B cell,4.628445,6.76656,151,1.0176634788513184
10X_P4_7_AATCCAGGTCGCGGTT,3-M-8,B cell,0,B cell,1.9498894,2.4927988,152,0.576426088809967
10X_P4_7_AATCCAGGTCTCGTTC,3-M-8,B cell,0,B cell,1.0653346,4.595255,153,0.5065978765487671
10X_P4_7_AATCCAGTCCAAATGC,3-M-8,B cell,0,B cell,1.8386313,4.9982386,154,1.0980218648910522
10X_P4_7_AATCCAGTCGTTGCCT,3-M-8,B cell,0,B cell,1.1992801,3.0013416,155,0.4588338732719421
10X_P4_7_AATCGGTAGGATTCGG,3-M-8,B cell,0,B cell,0.89706534,4.144379,156,0.5110330581665039
10X_P4_7_AATCGGTCACAAGTAA,3-M-8,B cell,0,B cell,1.9802158,5.5295343,157,1.185766100883484
10X_P4_7_AATCGGTCATTACCTT,3-M-8,B cell,0,B cell,-1.5406297,5.325779,158,1.838529586791992
10X_P4_7_ACACCAACAATCCAAC,3-M-8,T cell,3,T cell,26.023314,-1.1494739,159,0.7046773433685303
10X_P4_7_ACACCAACACATAACC,3-M-8,T cell,2,Unmatched_2,27.290203,1.4951547,160,0.8842522501945496
10X_P4_7_ACACCAACACGTTGGC,3-M-8,B cell,1,Unmatched_1,4.3772073,7.154539,161,1.016200065612793
10X_P4_7_ACACCAATCACCACCT,3-M-8,B cell,1,Unmatched_1,4.2692056,7.053931,162,1.1487312316894531
10X_P4_7_ACACCAATCCCGACTT,3-M-8,B cell,0,B cell,-0.21485105,3.1706822,163,0.8216946721076965
10X_P4_7_ACACCAATCCCTGACT,3-M-8,B cell,0,B cell,2.1813967,3.5565343,164,0.8177560567855835
10X_P4_7_ACACCAATCGAGAACG,3-M-8,B cell,0,B cell,1.7112943,3.3595364,165,0.4865327775478363
10X_P4_7_ACACCAATCGTTACGA,3-M-8,B cell,0,B cell,-0.5596197,5.913341,166,0.9105988144874572
10X_P4_7_ACACCAATCTCAACTT,3-M-8,macrophage,6,Unmatched_6,28.845327,-0.5487679,167,2.768887519836426
10X_P4_7_ACACCCTAGCAGGTCA,3-M-8,B cell,0,B cell,0.80753106,4.864907,168,0.522988498210907
10X_P4_7_ACACCCTAGTGGTAAT,3-M-8,B cell,7,Unmatched_7,4.025744,13.2316475,169,0.664918839931488
10X_P4_7_ACACCCTCACATCCGG,3-M-8,macrophage,4,macrophage,3.7638435,15.874469,170,2.192837715148926
10X_P4_7_ACACCCTCAGGGTATG,3-M-8,macrophage,4,macrophage,1.9619622,16.647705,171,2.024788618087769
10X_P4_7_ACACCCTCATGGTCAT,3-M-8,B cell,0,B cell,0.52839494,5.0732107,172,0.419261485338211
10X_P4_7_ACACCCTCATGTCTCC,3-M-8,macrophage,4,macrophage,3.7024658,15.7719555,173,2.008725166320801
10X_P4_7_ACACCCTGTTCCATGA,3-M-8,T cell,3,T cell,27.527197,-0.42894447,174,1.199110507965088
10X_P4_7_ACACCCTGTTCTGGTA,3-M-8,B cell,6,Unmatched_6,0.35944164,10.729165,175,1.90183424949646
10X_P4_7_ACACCCTTCAGTTTGG,3-M-8,B cell,0,B cell,0.49269477,3.7481391,176,0.6556024551391602
10X_P4_7_ACACCCTTCGGATGTT,3-M-8,B cell,1,Unmatched_1,-2.7759364,4.195118,177,1.0299705266952517
10X_P4_7_ACACCGGAGAGTTGGC,3-M-8,B cell,1,Unmatched_1,-2.5771358,4.051752,178,0.5679802298545837
10X_P4_7_ACACCGGAGTTATCGC,3-M-8,T cell,2,Unmatched_2,27.340809,1.1735785,179,1.6864866018295288
10X_P4_7_ACACCGGGTAAGTAGT,3-M-8,macrophage,4,macrophage,3.6531456,15.784251,180,1.4337486028671265
10X_P4_7_ACACCGGGTACCATCA,3-M-8,B cell,0,B cell,1.4283923,4.0634046,181,1.1272797584533691
10X_P4_7_ACACCGGGTCTGCCAG,3-M-8,B cell,1,Unmatched_1,-2.5911326,4.036622,182,0.8153725862503052
10X_P4_7_ACACCGGGTGTGGCTC,3-M-8,B cell,0,B cell,2.8302505,3.7995827,183,1.4429737329483032
10X_P4_7_ACACCGGGTTCGGGCT,3-M-8,T cell,2,Unmatched_2,28.733482,0.24399129,184,1.2357124090194702
10X_P4_7_ACACTGAAGCTGATAA,3-M-8,T cell,2,Unmatched_2,26.980816,0.7512431,185,1.0382517576217651
10X_P4_7_ACACTGACACAGTCGC,3-M-8,B cell,0,B cell,1.7254349,1.9856341,186,0.6313398480415344
10X_P4_7_ACACTGACATAACCTG,3-M-8,B cell,0,B cell,2.287461,4.927797,187,0.8839406967163086
10X_P4_7_ACACTGAGTAAGTAGT,3-M-8,T cell,2,Unmatched_2,26.990398,1.0412334,188,0.816364586353302
10X_P4_7_ACACTGATCCAAACAC,3-M-8,B cell,0,B cell,2.1643832,2.1964302,189,0.6161819696426392
10X_P4_7_ACACTGATCCGCGTTT,3-M-8,macrophage,4,macrophage,4.802392,15.049821,190,2.3393356800079346
10X_P4_7_ACACTGATCGACGGAA,3-M-8,dendritic cell,8,dendritic cell,3.521629,17.739792,191,3.791379690170288
10X_P4_7_ACAGCCGAGATATGGT,3-M-8,T cell,3,T cell,28.394943,-1.3300209,192,1.34770405292511
10X_P4_7_ACAGCCGCACATTTCT,3-M-8,B cell,7,Unmatched_7,3.9811966,13.122955,193,0.9365663528442384
10X_P4_7_ACAGCCGGTAAATGAC,3-M-8,B cell,0,B cell,0.5164784,4.3589735,194,0.6293482780456543
10X_P4_7_ACAGCCGGTTGTGGCC,3-M-8,B cell,1,Unmatched_1,-2.1767871,4.2154703,195,0.7551702260971069
10X_P4_7_ACAGCCGTCAGTTTGG,3-M-8,B cell,1,Unmatched_1,-2.05825,4.1189356,196,0.4369690716266632
10X_P4_7_ACAGCCGTCCCGGATG,3-M-8,B cell,6,Unmatched_6,0.325922,10.930514,197,1.6132941246032717
10X_P4_7_ACAGCCGTCCCTCTTT,3-M-8,B cell,0,B cell,-1.9570559,5.520538,198,1.4636553525924685
10X_P4_7_ACAGCTAAGTACACCT,3-M-8,B cell,0,B cell,0.31197745,3.9965181,199,0.7382813096046448
10X_P4_7_ACAGCTACAGATCTGT,3-M-8,natural killer cell,5,natural killer cell,31.063286,-2.034586,200,1.925513505935669
10X_P4_7_ACAGCTACATCCAACA,3-M-8,T cell,3,T cell,25.673841,-0.57341355,201,0.5497318506240845
10X_P4_7_ACAGCTACATTCCTCG,3-M-8,B cell,0,B cell,1.9500793,4.6236267,202,0.6520432233810425
10X_P4_7_ACAGCTAGTAGGCTGA,3-M-8,T cell,2,Unmatched_2,27.100986,1.4787832,203,0.8315703868865967
10X_P4_7_ACAGCTAGTCCGAACC,3-M-8,B cell,0,B cell,1.6710666,3.2864902,204,0.6368582844734192
10X_P4_7_ACAGCTAGTTAAGTAG,3-M-8,natural killer cell,5,natural killer cell,31.028395,-2.3750746,205,1.6984151601791382
10X_P4_7_ACAGCTAGTTCCGTCT,3-M-8,B cell,0,B cell,0.17463315,6.9196863,206,1.219274640083313
10X_P4_7_ACAGCTATCGGTGTTA,3-M-8,B cell,0,B cell,2.337567,6.8573437,207,0.6812126040458679
10X_P4_7_ACATACGAGGCAGTCA,3-M-8,B cell,0,B cell,1.116935,4.193681,208,0.5522122383117676
10X_P4_7_ACATACGAGTGTACTC,3-M-8,B cell,6,Unmatched_6,-0.32010698,12.026796,209,4.771324157714844
10X_P4_7_ACATACGCAAGGACTG,3-M-8,natural killer cell,5,natural killer cell,31.055687,-2.2343333,210,1.506039261817932
10X_P4_7_ACATACGCAGCATGAG,3-M-8,natural killer cell,5,natural killer cell,30.98704,-2.4667766,211,2.111988306045532
10X_P4_7_ACATACGCATCGATTG,3-M-8,B cell,0,B cell,2.202085,6.5580053,212,0.6267023682594299
10X_P4_7_ACATACGGTAATTGGA,3-M-8,macrophage,4,macrophage,1.987385,16.665781,213,1.5008059740066528
10X_P4_7_ACATACGTCACTGGGC,3-M-8,B cell,0,B cell,-1.6245086,4.0968194,214,0.8105193972587585
10X_P4_7_ACATACGTCGCAGGCT,3-M-8,B cell,1,Unmatched_1,1.9603349,7.424895,215,0.7774505615234375
10X_P4_7_ACATACGTCTGCGTAA,3-M-8,T cell,2,Unmatched_2,27.018124,1.1630918,216,0.7799270749092102
10X_P4_7_ACATCAGAGAGAACAG,3-M-8,dendritic cell,8,dendritic cell,3.5262399,17.750727,217,3.3695311546325684
10X_P4_7_ACATCAGAGCATGGCA,3-M-8,B cell,0,B cell,0.522088,5.1686254,218,0.3977409899234772
10X_P4_7_ACATCAGAGCTAGGCA,3-M-8,B cell,0,B cell,0.5611777,6.1575823,219,0.7641527652740479
10X_P4_7_ACATCAGCACGTAAGG,3-M-8,B cell,0,B cell,0.6269384,7.2834225,220,0.948961079120636
10X_P4_7_ACATCAGCAGTATGCT,3-M-8,macrophage,4,macrophage,5.158938,16.1775,221,3.534769296646118
10X_P4_7_ACATCAGCATCCTAGA,3-M-8,B cell,0,B cell,-0.603298,3.6232522,222,0.6493025422096252
10X_P4_7_ACATCAGGTCCAGTGC,3-M-8,B cell,0,B cell,1.4790208,4.373722,223,1.09282386302948
10X_P4_7_ACATCAGGTCCGTGAC,3-M-8,T cell,2,Unmatched_2,27.57297,-0.042050574,224,1.4512232542037964
10X_P4_7_ACATCAGGTGTATGGG,3-M-8,B cell,0,B cell,-0.94233304,4.5386443,225,1.068339228630066
10X_P4_7_ACATCAGGTTAGGGTG,3-M-8,B cell,0,B cell,1.6149347,6.865344,226,0.8884880542755127
10X_P4_7_ACATCAGTCCTTGACC,3-M-8,T cell,2,Unmatched_2,26.986816,1.2074829,227,1.2590864896774292
10X_P4_7_ACATGGTGTCTGATCA,3-M-8,B cell,6,Unmatched_6,4.0125046,7.7879386,228,4.844853401184082
10X_P4_7_ACATGGTGTTCACGGC,3-M-8,B cell,1,Unmatched_1,4.6945295,7.180982,229,0.8436683416366577
10X_P4_7_ACATGGTTCTGAGGGA,3-M-8,B cell,0,B cell,2.4780703,7.0893197,230,0.5457376837730408
10X_P4_7_ACATGGTTCTTTACGT,3-M-8,T cell,3,T cell,28.086645,-1.3947202,231,0.9993048906326294
10X_P4_7_ACCAGTAAGCTAGTCT,3-M-8,T cell,2,Unmatched_2,27.317907,1.229541,232,1.0817551612854004
10X_P4_7_ACCAGTACAAATACAG,3-M-8,B cell,0,B cell,-1.7985085,5.3487077,233,1.049906611442566
10X_P4_7_ACCAGTACACGTCTCT,3-M-8,B cell,0,B cell,2.2009258,2.4068298,234,1.6448272466659546
10X_P4_7_ACCAGTACATGCCCGA,3-M-8,B cell,0,B cell,1.4460424,2.7717757,235,0.6881877183914185
10X_P4_7_ACCAGTAGTATTACCG,3-M-8,T cell,2,Unmatched_2,28.752419,0.63968265,236,1.0021464824676514
10X_P4_7_ACCAGTAGTCTGATTG,3-M-8,B cell,0,B cell,-0.62691504,4.728363,237,0.664317786693573
10X_P4_7_ACCAGTAGTTGAGTTC,3-M-8,B cell,0,B cell,1.9223185,4.8920374,238,0.8440962433815002
10X_P4_7_ACCAGTATCCTGCCAT,3-M-8,T cell,3,T cell,26.179762,-0.99879915,239,0.8184153437614441
10X_P4_7_ACCAGTATCTTAACCT,3-M-8,B cell,0,B cell,2.1792889,4.5906754,240,0.782139003276825
10X_P4_7_ACCCACTAGTACGCGA,3-M-8,B cell,0,B cell,-0.2578366,6.638629,241,1.4926269054412842
10X_P4_7_ACCCACTAGTGATCGG,3-M-8,B cell,0,B cell,1.9915797,2.8884022,242,0.6471484899520874
10X_P4_7_ACCCACTCAATCGAAA,3-M-8,B cell,0,B cell,2.4465606,3.3296926,243,0.4703483581542969
10X_P4_7_ACCCACTCATAAAGGT,3-M-8,B cell,0,B cell,0.6466978,4.5195065,244,0.4478453695774078
10X_P4_7_ACCCACTCATGATCCA,3-M-8,B cell,1,Unmatched_1,3.2177043,8.243109,245,0.5517909526824951
10X_P4_7_ACCCACTGTGCAACTT,3-M-8,T cell,2,Unmatched_2,24.948298,1.8547462,246,1.2525153160095217
10X_P4_7_ACCCACTTCAAGGCTT,3-M-8,B cell,0,B cell,1.2098306,3.7496638,247,0.6106608510017395
10X_P4_7_ACCCACTTCGTATCAG,3-M-8,T cell,3,T cell,25.96726,-1.1361488,248,0.665357768535614
10X_P4_7_ACCCACTTCGTCGTTC,3-M-8,B cell,0,B cell,-1.6738483,4.037411,249,1.5004189014434814
10X_P4_7_ACCGTAACACGCGAAA,3-M-8,B cell,1,Unmatched_1,3.0007346,7.4091177,250,0.8826419115066528
10X_P4_7_ACCGTAACATGCCACG,3-M-8,B cell,0,B cell,-1.1401083,4.684056,251,1.2236677408218384
10X_P4_7_ACCGTAAGTAGCTAAA,3-M-8,B cell,0,B cell,1.2921363,6.0944867,252,0.6135482788085938
10X_P4_7_ACCGTAAGTGTCCTCT,3-M-8,T cell,3,T cell,27.975023,-1.2805047,253,1.1831881999969482
10X_P4_7_ACCTTTACAAGTAATG,3-M-8,B cell,0,B cell,-0.3588036,3.0315099,254,0.7147387266159058
10X_P4_7_ACCTTTACAGGCAGTA,3-M-8,macrophage,4,macrophage,4.8096313,15.058686,255,2.41694450378418
10X_P4_7_ACCTTTACATCTACGA,3-M-8,B cell,0,B cell,1.9110523,7.496348,256,1.0818599462509155
10X_P4_7_ACCTTTACATGCCCGA,3-M-8,B cell,0,B cell,-0.93493766,3.7750776,257,0.9765987396240234
10X_P4_7_ACCTTTAGTAGGCATG,3-M-8,B cell,0,B cell,2.1248748,5.841873,258,0.8074945211410522
10X_P4_7_ACCTTTATCATCGCTC,3-M-8,B cell,0,B cell,2.520373,2.8583083,259,0.4739615023136139
10X_P4_7_ACCTTTATCCGCGCAA,3-M-8,B cell,0,B cell,1.5872173,3.6444526,260,0.4799695312976837
10X_P4_7_ACGAGCCAGCCGCCTA,3-M-8,B cell,0,B cell,-0.08769565,2.7943141,261,0.7362527847290039
10X_P4_7_ACGAGCCAGCTAAGAT,3-M-8,T cell,3,T cell,28.307964,-1.5202929,262,1.2020574808120728
10X_P4_7_ACGAGCCAGTGGGCTA,3-M-8,B cell,1,Unmatched_1,3.02245,8.369373,263,0.5397473573684692
10X_P4_7_ACGAGCCGTAAGAGGA,3-M-8,natural killer cell,5,natural killer cell,30.993572,-2.4601283,264,1.732701539993286
10X_P4_7_ACGAGCCGTGAGTGAC,3-M-8,B cell,0,B cell,1.6962241,4.516366,265,0.5273731350898743
10X_P4_7_ACGAGCCGTTAAGATG,3-M-8,B cell,0,B cell,-0.1188554,3.5859556,266,0.4863804578781128
10X_P4_7_ACGAGCCGTTAAGGGC,3-M-8,B cell,0,B cell,0.77487254,7.719023,267,0.9579812288284302
10X_P4_7_ACGAGCCGTTATTCTC,3-M-8,B cell,0,B cell,0.23235013,7.699203,268,0.8808185458183289
10X_P4_7_ACGAGGAAGAAACCGC,3-M-8,B cell,1,Unmatched_1,-2.1835394,4.354555,269,1.0003880262374878
10X_P4_7_ACGAGGAAGCGATGAC,3-M-8,T cell,3,T cell,26.448725,-0.9346385,270,0.6624255180358887
10X_P4_7_ACGAGGAAGTCCTCCT,3-M-8,B cell,0,B cell,0.059391484,3.6699562,271,0.6890280246734619
10X_P4_7_ACGAGGAGTAAACCTC,3-M-8,T cell,3,T cell,25.698956,-0.5070963,272,0.9621938467025756
10X_P4_7_ACGAGGAGTCTAGTCA,3-M-8,B cell,0,B cell,2.7366333,3.2692134,273,0.5925706624984741
10X_P4_7_ACGAGGATCCAAGTAC,3-M-8,T cell,2,Unmatched_2,27.820742,0.7721202,274,0.7189626693725586
10X_P4_7_ACGATACAGAACAATC,3-M-8,B cell,1,Unmatched_1,1.7177262,8.232596,275,1.2388001680374146
10X_P4_7_ACGATACAGATCGATA,3-M-8,B cell,0,B cell,-0.0816968,4.7737503,276,0.4332489967346191
10X_P4_7_ACGATACAGCTGCGAA,3-M-8,B cell,6,Unmatched_6,-0.32608888,12.032225,277,4.070825576782227
10X_P4_7_ACGATACCACACATGT,3-M-8,B cell,1,Unmatched_1,3.0401618,8.209259,278,0.5472631454467773
10X_P4_7_ACGATACGTGCCTTGG,3-M-8,B cell,0,B cell,4.2898593,6.7858677,279,1.0928579568862915
10X_P4_7_ACGATACTCAAGAAGT,3-M-8,T cell,3,T cell,26.137291,-1.2061405,280,0.7696691751480103
10X_P4_7_ACGATACTCAATCTCT,3-M-8,B cell,0,B cell,-0.02257528,5.7897034,281,1.1449410915374756
10X_P4_7_ACGATACTCATCATTC,3-M-8,B cell,0,B cell,0.3417892,3.0628319,282,0.4533144235610962
10X_P4_7_ACGATACTCTACTATC,3-M-8,T cell,2,Unmatched_2,27.79419,0.99169284,283,1.0353692770004272
10X_P4_7_ACGATGTAGCAACGGT,3-M-8,B cell,0,B cell,-1.715405,5.2610207,284,1.1931064128875732
10X_P4_7_ACGATGTAGTGGAGAA,3-M-8,B cell,0,B cell,-2.080759,5.5631704,285,1.4566614627838137
10X_P4_7_ACGATGTGTAGCGTGA,3-M-8,T cell,3,T cell,26.485508,-1.0495002,286,1.0790565013885498
10X_P4_7_ACGATGTGTTGTTTGG,3-M-8,B cell,0,B cell,1.8350995,6.204002,287,0.800643265247345
10X_P4_7_ACGATGTTCAGCTGGC,3-M-8,B cell,3,T cell,27.938406,-1.2130743,288,0.9095465540885924
10X_P4_7_ACGATGTTCTCAAGTG,3-M-8,macrophage,4,macrophage,4.792111,14.967123,289,2.761932611465454
10X_P4_7_ACGATGTTCTGAAAGA,3-M-8,B cell,0,B cell,1.0364001,6.059627,290,0.6995002031326294
10X_P4_7_ACGCAGCAGGGATCTG,3-M-8,B cell,0,B cell,0.10303495,4.9144497,291,0.4924086928367615
10X_P4_7_ACGCAGCCAGCGATCC,3-M-8,dendritic cell,8,dendritic cell,3.533911,17.759829,292,3.166593551635742
10X_P4_7_ACGCAGCGTACCGTAT,3-M-8,B cell,0,B cell,-2.0277076,5.548086,293,1.4295275211334229
10X_P4_7_ACGCAGCGTACGCACC,3-M-8,B cell,0,B cell,1.1932768,4.558689,294,0.4626200795173645
10X_P4_7_ACGCAGCTCGTAGGTT,3-M-8,B cell,0,B cell,-0.44429615,5.0506325,295,0.6109604835510254
10X_P4_7_ACGCCAGAGTGGTAGC,3-M-8,B cell,0,B cell,1.584321,5.791819,296,0.626215934753418
10X_P4_7_ACGCCAGCAAACCCAT,3-M-8,B cell,0,B cell,-0.8717045,5.199123,297,0.7538498044013977
10X_P4_7_ACGCCAGCAAACCTAC,3-M-8,B cell,0,B cell,0.4991855,6.5267515,298,0.9038515686988832
10X_P4_7_ACGCCAGCACCAGATT,3-M-8,B cell,0,B cell,-0.8163146,3.5853076,299,0.5460055470466614
10X_P4_7_ACGCCAGCAGGGTATG,3-M-8,B cell,0,B cell,-0.15109313,2.966541,300,0.9834015965461732
10X_P4_7_ACGCCAGGTAAAGTCA,3-M-8,B cell,0,B cell,2.8027809,5.0211625,301,1.172348141670227
10X_P4_7_ACGCCAGGTATCTGCA,3-M-8,B cell,0,B cell,-2.026932,5.537319,302,1.575316309928894
10X_P4_7_ACGCCAGGTCCGTTAA,3-M-8,B cell,0,B cell,0.7242883,3.8970304,303,0.5637006759643555
10X_P4_7_ACGCCAGGTTGTCTTT,3-M-8,B cell,0,B cell,1.792817,2.9335194,304,0.5765534043312073
10X_P4_7_ACGCCAGGTTTCGCTC,3-M-8,B cell,0,B cell,1.7964176,2.0853927,305,0.5710232853889465
10X_P4_7_ACGCCAGTCAACACGT,3-M-8,B cell,0,B cell,1.7323451,4.573991,306,0.5572216510772705
10X_P4_7_ACGCCAGTCCTCAACC,3-M-8,B cell,0,B cell,-1.709972,5.348549,307,1.0154069662094116
10X_P4_7_ACGCCAGTCTCCAGGG,3-M-8,B cell,0,B cell,2.5077488,6.0067334,308,0.783902645111084
10X_P4_7_ACGCCAGTCTCTGCTG,3-M-8,B cell,1,Unmatched_1,2.4521148,8.275881,309,0.8407605290412903
10X_P4_7_ACGCCGAAGCATCATC,3-M-8,B cell,0,B cell,1.5812442,4.259459,310,0.5801123380661011
10X_P4_7_ACGCCGAAGGAGTTTA,3-M-8,B cell,0,B cell,1.08751,2.0469477,311,0.7277648448944092
10X_P4_7_ACGCCGACACTTCGAA,3-M-8,B cell,0,B cell,1.7857435,6.9437356,312,0.8645347356796265
10X_P4_7_ACGCCGAGTACTCGCG,3-M-8,B cell,0,B cell,-1.2349482,5.2248607,313,0.938434600830078
10X_P4_7_ACGCCGATCCGTTGCT,3-M-8,B cell,0,B cell,-0.14641552,4.2333374,314,0.42786505818367
10X_P4_7_ACGCCGATCGCAAACT,3-M-8,B cell,0,B cell,1.1596904,4.1350274,315,0.4373861253261566
10X_P4_7_ACGCCGATCGGGAGTA,3-M-8,B cell,0,B cell,-0.16467181,2.8011072,316,1.0475304126739502
10X_P4_7_ACGGAGAAGTGACTCT,3-M-8,T cell,3,T cell,28.111414,-1.1458818,317,1.608975887298584
10X_P4_7_ACGGAGAAGTGGAGTC,3-M-8,B cell,0,B cell,2.48324,6.511791,318,0.861505925655365
10X_P4_7_ACGGAGACAATGGAGC,3-M-8,B cell,0,B cell,0.8382105,4.0637255,319,0.616249144077301
10X_P4_7_ACGGAGACAGGGCATA,3-M-8,B cell,0,B cell,-1.6807008,5.553519,320,1.443284034729004
10X_P4_7_ACGGAGACATCGGACC,3-M-8,T cell,3,T cell,25.604664,-0.7011155,321,0.8498496413230896
10X_P4_7_ACGGAGACATGGAATA,3-M-8,B cell,0,B cell,0.23848814,6.2085705,322,0.7606240510940552
10X_P4_7_ACGGAGATCGCACTCT,3-M-8,B cell,0,B cell,0.9925085,4.1683965,323,0.8032535314559937
10X_P4_7_ACGGAGATCTTGTTTG,3-M-8,B cell,0,B cell,-0.5867031,3.355374,324,0.4897748529911041
10X_P4_7_ACGGCCACAATGCCAT,3-M-8,natural killer cell,5,natural killer cell,31.11064,-2.2675078,325,2.1945152282714844
10X_P4_7_ACGGCCACACAAGTAA,3-M-8,B cell,0,B cell,1.7482063,2.3724785,326,1.1616411209106443
10X_P4_7_ACGGCCAGTGCTCTTC,3-M-8,B cell,0,B cell,1.9552348,3.307718,327,0.6248250603675842
10X_P4_7_ACGGCCATCGAGGTAG,3-M-8,B cell,0,B cell,1.273341,4.2704525,328,0.5102478861808777
10X_P4_7_ACGGGCTAGCAATATG,3-M-8,T cell,2,Unmatched_2,29.087362,0.89585733,329,1.2596087455749512
10X_P4_7_ACGGGCTAGCAATCTC,3-M-8,B cell,0,B cell,-1.5355787,5.2159185,330,1.1506901979446411
10X_P4_7_ACGGGCTAGCGTGTCC,3-M-8,B cell,0,B cell,2.4349535,4.1268067,331,0.9090293645858764
10X_P4_7_ACGGGCTCAGTCACTA,3-M-8,B cell,0,B cell,0.36175424,7.4745016,332,1.4080816507339478
10X_P4_7_ACGGGCTGTTCTCATT,3-M-8,B cell,0,B cell,1.0726876,2.4325318,333,0.975086510181427
10X_P4_7_ACGGGCTTCTACCAGA,3-M-8,B cell,0,B cell,-0.65561026,5.900226,334,1.4383091926574707
10X_P4_7_ACGGGTCCAGCCAATT,3-M-8,B cell,0,B cell,2.1675973,5.3685107,335,1.141116738319397
10X_P4_7_ACGGGTCGTGGTTTCA,3-M-8,B cell,0,B cell,2.2666428,2.9869597,336,1.1874568462371826
10X_P4_7_ACGGGTCGTTCCGGCA,3-M-8,B cell,0,B cell,-0.036379814,3.6348555,337,0.583880603313446
10X_P4_7_ACGGGTCTCTCGCTTG,3-M-8,B cell,7,Unmatched_7,3.9332082,13.158201,338,1.0980290174484253
10X_P4_7_ACGTCAACACGGTGTC,3-M-8,B cell,0,B cell,1.5651073,4.2946625,339,1.0727890729904177
10X_P4_7_ACGTCAAGTCATCGGC,3-M-8,B cell,0,B cell,2.3107448,5.1794147,340,0.6888875365257263
10X_P4_7_ACGTCAAGTTGATTCG,3-M-8,macrophage,4,macrophage,2.5355496,16.396263,341,1.8543496131896973
10X_P4_7_ACGTCAATCGAACGGA,3-M-8,macrophage,4,macrophage,3.3635798,16.129978,342,2.4189236164093018
10X_P4_7_ACGTCAATCGGTCTAA,3-M-8,macrophage,4,macrophage,1.9083928,16.703707,343,1.4574615955352783
10X_P4_7_ACTATCTAGAGTGAGA,3-M-8,B cell,0,B cell,-0.4070325,3.984419,344,0.8259643316268921
10X_P4_7_ACTATCTAGTGGCACA,3-M-8,B cell,0,B cell,-0.8702562,5.8532643,345,1.1144431829452517
10X_P4_7_ACTATCTGTACAGTTC,3-M-8,B cell,1,Unmatched_1,3.828865,7.723191,346,0.6791894435882568
10X_P4_7_ACTATCTGTACCGAGA,3-M-8,B cell,0,B cell,2.280989,3.4418044,347,0.4637972116470337
10X_P4_7_ACTATCTGTACGAAAT,3-M-8,T cell,3,T cell,28.512383,-1.2121824,348,1.091504454612732
10X_P4_7_ACTATCTGTCCTCTTG,3-M-8,T cell,5,natural killer cell,30.019068,-0.6300612,349,2.172133207321167
10X_P4_7_ACTATCTGTGACGCCT,3-M-8,T cell,3,T cell,26.155422,-0.14867878,350,1.0712443590164185
10X_P4_7_ACTATCTGTTATCACG,3-M-8,B cell,0,B cell,2.1473696,3.0698218,351,0.8550153970718384
10X_P4_7_ACTATCTTCCTAGTGA,3-M-8,B cell,0,B cell,0.22331336,3.0851007,352,0.7447779178619385
10X_P4_7_ACTATCTTCTCATTCA,3-M-8,B cell,0,B cell,1.2456836,2.5674176,353,1.2196133136749268
10X_P4_7_ACTGAACAGAAGCCCA,3-M-8,B cell,0,B cell,1.8696841,2.0947382,354,0.8620931506156921
10X_P4_7_ACTGAACAGTCCGGTC,3-M-8,B cell,0,B cell,0.3215417,3.3323596,355,0.7065642476081848
10X_P4_7_ACTGAACCATTGAGCT,3-M-8,B cell,0,B cell,-0.64451754,5.0308084,356,0.8390697836875916
10X_P4_7_ACTGAACGTTCGCGAC,3-M-8,T cell,2,Unmatched_2,27.635508,0.81183535,357,0.851363480091095
10X_P4_7_ACTGAACTCCCAAGTA,3-M-8,B cell,0,B cell,-0.49310958,4.2795177,358,0.5461634993553162
10X_P4_7_ACTGAGTAGCGTTTAC,3-M-8,B cell,0,B cell,1.2503035,3.222354,359,0.5423111915588379
10X_P4_7_ACTGAGTCAAAGAATC,3-M-8,B cell,0,B cell,2.1357648,4.637057,360,0.9881994724273682
10X_P4_7_ACTGAGTGTATAGTAG,3-M-8,B cell,0,B cell,1.1761363,6.53176,361,0.9432366490364076
10X_P4_7_ACTGAGTGTGTGGTTT,3-M-8,B cell,0,B cell,2.694109,6.9164896,362,0.8625568747520447
10X_P4_7_ACTGAGTTCAGTTAGC,3-M-8,B cell,0,B cell,0.8582263,5.051223,363,0.7078709602355957
10X_P4_7_ACTGATGAGAAACGAG,3-M-8,T cell,3,T cell,25.9119,-0.98362416,364,0.6576879620552063
10X_P4_7_ACTGATGAGAAGGACA,3-M-8,B cell,0,B cell,0.43574494,6.2454386,365,0.602769136428833
10X_P4_7_ACTGATGAGCTATGCT,3-M-8,B cell,0,B cell,2.418361,2.7080767,366,0.615795910358429
10X_P4_7_ACTGATGGTCGGCATC,3-M-8,B cell,0,B cell,0.5152009,3.6334286,367,0.4911908507347107
10X_P4_7_ACTGATGGTGCCTGTG,3-M-8,B cell,1,Unmatched_1,2.674681,7.5047894,368,0.5779752135276794
10X_P4_7_ACTGATGGTGCGAAAC,3-M-8,T cell,2,Unmatched_2,27.50562,0.5238365,369,0.918643832206726
10X_P4_7_ACTGATGGTTGCCTCT,3-M-8,B cell,0,B cell,2.624661,4.4666643,370,0.7322982549667358
10X_P4_7_ACTGATGTCCACGTGG,3-M-8,B cell,0,B cell,1.2708454,3.634076,371,0.5894753336906433
10X_P4_7_ACTGATGTCGGGAGTA,3-M-8,B cell,0,B cell,1.8255218,4.5896335,372,0.5467048287391663
10X_P4_7_ACTGATGTCGTACCGG,3-M-8,B cell,0,B cell,2.3513274,2.843007,373,0.5123696327209473
10X_P4_7_ACTGATGTCGTTACGA,3-M-8,B cell,0,B cell,-0.692218,3.7542477,374,0.5280721187591553
10X_P4_7_ACTGCTCAGCTAGTGG,3-M-8,B cell,0,B cell,0.7099068,7.018165,375,0.755823016166687
10X_P4_7_ACTGCTCAGGGCATGT,3-M-8,B cell,0,B cell,2.3252811,4.249262,376,0.5241272449493408
10X_P4_7_ACTGCTCAGTAGGCCA,3-M-8,B cell,0,B cell,2.1562681,2.6336663,377,0.695104718208313
10X_P4_7_ACTGCTCTCGTACGGC,3-M-8,T cell,2,Unmatched_2,27.369137,0.9802524,378,1.0991871356964111
10X_P4_7_ACTGTCCAGACATAAC,3-M-8,B cell,0,B cell,1.9092858,5.8857484,379,0.7520142793655396
10X_P4_7_ACTGTCCCACGACGAA,3-M-8,B cell,0,B cell,1.5272963,6.0884595,380,0.6327152252197266
10X_P4_7_ACTGTCCCATGCCTAA,3-M-8,B cell,0,B cell,1.2486589,3.871242,381,0.5526984930038452
10X_P4_7_ACTTACTAGTACGCCC,3-M-8,B cell,0,B cell,2.1529727,5.470689,382,0.9901878833770752
10X_P4_7_ACTTACTCAATTGCTG,3-M-8,B cell,0,B cell,0.9136626,3.6380303,383,0.8134660124778748
10X_P4_7_ACTTACTCAGATAATG,3-M-8,T cell,3,T cell,25.959549,-1.2804329,384,0.6275789141654968
10X_P4_7_ACTTACTCATTAGCCA,3-M-8,macrophage,4,macrophage,2.5309513,16.380812,385,2.1273107528686523
10X_P4_7_ACTTACTGTTTGGCGC,3-M-8,B cell,0,B cell,-0.007977727,4.948947,386,0.4868911802768707
10X_P4_7_ACTTACTTCACTTCAT,3-M-8,macrophage,4,macrophage,2.7471433,16.301092,387,2.5507681369781494
10X_P4_7_ACTTGTTCAAGTACCT,3-M-8,B cell,0,B cell,-1.9964181,5.5590367,388,1.3997461795806885
10X_P4_7_ACTTGTTCAGCTGCAC,3-M-8,B cell,0,B cell,2.086002,3.614901,389,0.7267102003097534
10X_P4_7_ACTTGTTGTAGGCTGA,3-M-8,B cell,0,B cell,2.1953669,4.4173555,390,0.9526953101158142
10X_P4_7_ACTTGTTTCACGGTTA,3-M-8,B cell,0,B cell,0.0141833,4.358102,391,0.4979430735111236
10X_P4_7_ACTTGTTTCGATAGAA,3-M-8,B cell,0,B cell,1.8448379,2.8217754,392,0.8465073704719543
10X_P4_7_ACTTTCAAGCTGATAA,3-M-8,B cell,1,Unmatched_1,3.2941427,7.9603653,393,0.7870822548866272
10X_P4_7_ACTTTCAAGTGCCAGA,3-M-8,B cell,0,B cell,-0.7707047,4.4022183,394,1.0844948291778564
10X_P4_7_ACTTTCACACCAGGTC,3-M-8,B cell,0,B cell,2.4277499,3.1286638,395,0.4885591864585876
10X_P4_7_ACTTTCACATACAGCT,3-M-8,T cell,2,Unmatched_2,27.470482,1.3340436,396,0.7657411098480225
10X_P4_7_ACTTTCAGTAAATGAC,3-M-8,B cell,0,B cell,1.2025616,5.9773226,397,0.5934757590293884
10X_P4_7_ACTTTCAGTACAAGTA,3-M-8,B cell,0,B cell,1.1755079,3.291603,398,0.7495419979095459
10X_P4_7_ACTTTCAGTCAAAGAT,3-M-8,B cell,0,B cell,0.14164627,3.0240324,399,0.9419413805007936
10X_P4_7_ACTTTCAGTTCGCGAC,3-M-8,B cell,0,B cell,0.2549495,4.626403,400,0.5062055587768555
10X_P4_7_ACTTTCAGTTTGCATG,3-M-8,B cell,0,B cell,1.0780337,7.6763177,401,0.8034511208534241
10X_P4_7_ACTTTCATCGCCTGTT,3-M-8,B cell,0,B cell,1.1889231,3.7980952,402,0.6447612047195435
10X_P4_7_ACTTTCATCTCGGACG,3-M-8,B cell,0,B cell,1.4180979,2.084987,403,0.7676642537117004
10X_P4_7_ACTTTCATCTTTACGT,3-M-8,B cell,0,B cell,-0.20439214,4.456747,404,0.6966549158096313
10X_P4_7_AGAATAGAGGGTCTCC,3-M-8,T cell,2,Unmatched_2,28.987993,0.81408143,405,1.0195000171661377
10X_P4_7_AGAATAGCAGATGGCA,3-M-8,B cell,0,B cell,-0.23378123,3.9487045,406,0.4615480601787567
10X_P4_7_AGAATAGGTCAAGCGA,3-M-8,T cell,3,T cell,28.112938,-1.1722622,407,1.2888716459274292
10X_P4_7_AGAATAGGTCATTAGC,3-M-8,B cell,0,B cell,-2.005672,5.5193295,408,1.4722071886062622
10X_P4_7_AGAATAGGTGACTCAT,3-M-8,B cell,0,B cell,-1.6076803,3.9704852,409,0.5818537473678589
10X_P4_7_AGAATAGGTTCCACAA,3-M-8,B cell,0,B cell,0.5548296,3.8000214,410,0.5003259181976318
10X_P4_7_AGAATAGTCGGTGTTA,3-M-8,B cell,0,B cell,-0.64395183,4.5396876,411,0.5384708642959595
10X_P4_7_AGACGTTAGGTAGCTG,3-M-8,T cell,3,T cell,25.989595,-1.0512769,412,0.6173651814460754
10X_P4_7_AGACGTTTCACTTATC,3-M-8,B cell,0,B cell,-0.10827652,4.764591,413,0.6757544875144958
10X_P4_7_AGACGTTTCCACGCAG,3-M-8,B cell,0,B cell,1.2650459,3.9969466,414,0.8156397342681885
10X_P4_7_AGAGCGAAGCGTTCCG,3-M-8,B cell,0,B cell,1.8463616,3.6116133,415,0.6916694641113281
10X_P4_7_AGAGCGAAGGCCCTCA,3-M-8,B cell,0,B cell,1.897354,3.479777,416,0.696198582649231
10X_P4_7_AGAGCGAAGTGGCACA,3-M-8,B cell,0,B cell,1.9423035,3.3747404,417,0.6154502630233765
10X_P4_7_AGAGCGAAGTTGAGAT,3-M-8,B cell,0,B cell,1.5589458,2.5452008,418,0.5496336221694946
10X_P4_7_AGAGCGACAGGGAGAG,3-M-8,B cell,0,B cell,-1.9057931,5.411774,419,1.03676176071167
10X_P4_7_AGAGCGACAGTATCTG,3-M-8,T cell,3,T cell,26.048206,-1.2824345,420,0.7631693482398987
10X_P4_7_AGAGCGAGTAAGTTCC,3-M-8,T cell,3,T cell,28.61331,-0.86316633,421,1.9429675340652464
10X_P4_7_AGAGCGAGTCGCCATG,3-M-8,B cell,0,B cell,2.4519958,4.973547,422,0.8760483860969543
10X_P4_7_AGAGCGAGTCTAAACC,3-M-8,B cell,0,B cell,1.6290219,7.097427,423,1.3190622329711914
10X_P4_7_AGAGCGAGTGTGTGCC,3-M-8,B cell,0,B cell,0.56716317,4.262469,424,0.7377831339836121
10X_P4_7_AGAGCGAGTTCCTCCA,3-M-8,B cell,0,B cell,1.8776537,5.329007,425,1.4392818212509155
10X_P4_7_AGAGCGATCCGAATGT,3-M-8,B cell,1,Unmatched_1,2.5980027,7.252166,426,0.4961791336536407
10X_P4_7_AGAGCTTAGAATTGTG,3-M-8,B cell,0,B cell,2.500456,3.4946702,427,0.5027766227722168
10X_P4_7_AGAGCTTCACCGTTGG,3-M-8,B cell,0,B cell,-1.9074894,5.1776915,428,1.2763742208480835
10X_P4_7_AGAGCTTCACGAGGTA,3-M-8,B cell,1,Unmatched_1,3.4242644,8.58014,429,0.8538232445716858
10X_P4_7_AGAGCTTCACGGATAG,3-M-8,macrophage,4,macrophage,3.3136168,16.080767,430,2.741931676864624
10X_P4_7_AGAGCTTGTTACGCGC,3-M-8,B cell,0,B cell,2.2646158,5.8734164,431,1.0383387804031372
10X_P4_7_AGAGCTTTCAACGAAA,3-M-8,natural killer cell,5,natural killer cell,30.639027,-1.52932,432,2.4463343620300293
10X_P4_7_AGAGCTTTCACTGGGC,3-M-8,B cell,1,Unmatched_1,3.502212,8.56898,433,1.0035427808761597
10X_P4_7_AGAGCTTTCATCTGCC,3-M-8,B cell,0,B cell,0.6775467,4.207815,434,0.4393016993999481
10X_P4_7_AGAGTGGAGTTATCGC,3-M-8,B cell,0,B cell,-1.4330624,5.278691,435,0.8677542209625244
10X_P4_7_AGAGTGGCATATGCTG,3-M-8,macrophage,4,macrophage,1.9277658,16.693443,436,1.711547613143921
10X_P4_7_AGAGTGGGTCTCCATC,3-M-8,macrophage,4,macrophage,3.6528132,15.72134,437,1.4790459871292114
10X_P4_7_AGAGTGGGTTCCCGAG,3-M-8,macrophage,4,macrophage,3.6502225,15.79136,438,1.5097235441207886
10X_P4_7_AGAGTGGGTTTGGCGC,3-M-8,T cell,2,Unmatched_2,27.276094,0.9612205,439,0.7710851430892944
10X_P4_7_AGATCTGAGAAACCGC,3-M-8,B cell,0,B cell,1.8256768,2.4163673,440,0.8445277810096741
10X_P4_7_AGATCTGAGCCAGTTT,3-M-8,B cell,1,Unmatched_1,3.3243043,8.4851675,441,0.6706855297088623
10X_P4_7_AGATCTGAGTCATGCT,3-M-8,T cell,3,T cell,27.90185,-1.287074,442,0.9126273989677428
10X_P4_7_AGATCTGCACTCGACG,3-M-8,B cell,0,B cell,2.5548844,4.088695,443,1.0745530128479004
10X_P4_7_AGATCTGCATAAGACA,3-M-8,B cell,1,Unmatched_1,2.6287005,7.8217287,444,0.7048646211624146
10X_P4_7_AGATCTGGTCGCGAAA,3-M-8,T cell,3,T cell,26.131224,-1.3459,445,0.7501612901687622
10X_P4_7_AGATCTGTCCCGACTT,3-M-8,T cell,2,Unmatched_2,27.663969,1.0621604,446,0.585045337677002
10X_P4_7_AGATCTGTCGGAGCAA,3-M-8,B cell,6,Unmatched_6,0.33979136,11.040297,447,1.7206010818481443
10X_P4_7_AGATCTGTCTTTACGT,3-M-8,B cell,0,B cell,0.48196834,2.3411627,448,1.3302268981933594
10X_P4_7_AGATTGCAGCAATATG,3-M-8,macrophage,4,macrophage,4.7613335,15.017454,449,2.2186670303344727
10X_P4_7_AGATTGCCACCATCCT,3-M-8,B cell,1,Unmatched_1,4.474355,7.299272,450,1.3448712825775146
10X_P4_7_AGATTGCTCATCTGTT,3-M-8,natural killer cell,5,natural killer cell,30.385017,-1.9121922,451,2.2513628005981445
10X_P4_7_AGATTGCTCCCTCAGT,3-M-8,B cell,0,B cell,-0.80300045,3.9973898,452,1.118060827255249
10X_P4_7_AGATTGCTCGCACTCT,3-M-8,B cell,1,Unmatched_1,3.3552804,8.477441,453,0.5768005847930908
10X_P4_7_AGATTGCTCGCCAGCA,3-M-8,dendritic cell,8,dendritic cell,3.5209925,17.714222,454,4.54536771774292
10X_P4_7_AGATTGCTCTGTCTCG,3-M-8,B cell,0,B cell,1.5232146,4.721046,455,0.6283978819847107
10X_P4_7_AGCAGCCAGCCCGAAA,3-M-8,B cell,0,B cell,1.181334,5.8332834,456,0.6668370366096497
10X_P4_7_AGCAGCCAGTTAAGTG,3-M-8,B cell,0,B cell,-0.8307794,5.845134,457,1.7151333093643188
10X_P4_7_AGCAGCCCAAGCGATG,3-M-8,T cell,2,Unmatched_2,27.584171,1.4440825,458,0.6616816520690918
10X_P4_7_AGCAGCCGTCAGAGGT,3-M-8,B cell,0,B cell,2.665785,2.8500996,459,0.5174825191497803
10X_P4_7_AGCAGCCTCCACGAAT,3-M-8,B cell,0,B cell,0.6077346,4.1894245,460,0.4431673288345337
10X_P4_7_AGCAGCCTCGTTTAGG,3-M-8,macrophage,4,macrophage,3.497531,16.091656,461,2.8559908866882324
10X_P4_7_AGCATACCAATGTAAG,3-M-8,B cell,0,B cell,0.4488564,4.9117026,462,0.5070985555648804
10X_P4_7_AGCATACCACCAGATT,3-M-8,natural killer cell,5,natural killer cell,30.821636,-1.6916271,463,2.123568534851074
10X_P4_7_AGCATACGTTGTGGAG,3-M-8,B cell,0,B cell,-1.3303092,5.1773453,464,1.1912328004837036
10X_P4_7_AGCCTAAAGTGTACCT,3-M-8,B cell,0,B cell,1.9766271,4.3809,465,0.8297134041786194
10X_P4_7_AGCCTAAAGTTAGCGG,3-M-8,B cell,0,B cell,2.2935765,5.011284,466,1.4943578243255615
10X_P4_7_AGCCTAACACCTCGGA,3-M-8,macrophage,4,macrophage,3.2634602,16.164898,467,2.097792387008667
10X_P4_7_AGCCTAACATCGGTTA,3-M-8,B cell,0,B cell,1.2065549,4.9815226,468,0.904592216014862
10X_P4_7_AGCCTAAGTTCACCTC,3-M-8,B cell,0,B cell,0.35627267,3.3001852,469,0.5309651494026184
10X_P4_7_AGCCTAATCCTTGGTC,3-M-8,B cell,0,B cell,0.85569215,3.9689262,470,0.5966690182685852
10X_P4_7_AGCCTAATCTGGAGCC,3-M-8,T cell,2,Unmatched_2,26.82921,1.2218037,471,0.66869056224823
10X_P4_7_AGCGGTCCACACAGAG,3-M-8,T cell,2,Unmatched_2,28.998281,1.05849,472,1.118118405342102
10X_P4_7_AGCGGTCCATCCTTGC,3-M-8,B cell,0,B cell,1.1808249,4.159619,473,0.8740639686584473
10X_P4_7_AGCGGTCCATGGTAGG,3-M-8,B cell,0,B cell,1.6989244,4.9364476,474,0.7467648386955261
10X_P4_7_AGCGGTCGTCAAACTC,3-M-8,B cell,0,B cell,2.1808536,6.6860023,475,0.6626791954040527
10X_P4_7_AGCGGTCGTGGCTCCA,3-M-8,B cell,6,Unmatched_6,0.33305785,10.927743,476,1.832210183143616
10X_P4_7_AGCGGTCGTTGGTAAA,3-M-8,B cell,0,B cell,2.295741,3.994198,477,0.8946631550788879
10X_P4_7_AGCGGTCTCCGTAGGC,3-M-8,B cell,0,B cell,1.344244,3.886446,478,0.4770981669425964
10X_P4_7_AGCGGTCTCTCGTTTA,3-M-8,T cell,2,Unmatched_2,27.561539,-0.100981005,479,1.4130319356918335
10X_P4_7_AGCGGTCTCTGAGTGT,3-M-8,B cell,9,Unmatched_9,6.344774,-5.559379,480,5.109276294708252
10X_P4_7_AGCGTATAGTCGCCGT,3-M-8,B cell,0,B cell,1.5358921,2.9354744,481,0.5744776725769043
10X_P4_7_AGCGTATCAACTTGAC,3-M-8,macrophage,4,macrophage,1.891621,16.740017,482,1.891505241394043
10X_P4_7_AGCGTATCACTGTGTA,3-M-8,B cell,1,Unmatched_1,1.966889,7.911751,483,1.046275615692139
10X_P4_7_AGCGTATGTGAGTGAC,3-M-8,B cell,6,Unmatched_6,0.277085,11.288136,484,1.743428349494934
10X_P4_7_AGCGTCGAGTGGGTTG,3-M-8,B cell,0,B cell,1.7979211,2.7258434,485,0.5024919509887695
10X_P4_7_AGCGTCGCACCGGAAA,3-M-8,B cell,0,B cell,-0.5611955,4.83462,486,0.6372848749160767
10X_P4_7_AGCGTCGCAGATAATG,3-M-8,B cell,1,Unmatched_1,3.217663,8.048889,487,0.5331841707229614
10X_P4_7_AGCGTCGCAGGAACGT,3-M-8,T cell,3,T cell,25.821646,-0.7239079,488,0.8458749651908875
10X_P4_7_AGCGTCGCATATACGC,3-M-8,B cell,0,B cell,0.61629033,3.562631,489,0.5362380146980286
10X_P4_7_AGCGTCGGTGCTAGCC,3-M-8,T cell,3,T cell,26.270464,-1.1695123,490,0.5725486874580383
10X_P4_7_AGCGTCGGTGTTCGAT,3-M-8,B cell,0,B cell,0.30895373,7.466139,491,0.815884530544281
10X_P4_7_AGCGTCGTCTAACTGG,3-M-8,B cell,0,B cell,2.4659367,4.74322,492,1.075682520866394
10X_P4_7_AGCGTCGTCTGCCAGG,3-M-8,natural killer cell,5,natural killer cell,31.038786,-2.0015805,493,1.950487732887268
10X_P4_7_AGCTCCTAGGTGGGTT,3-M-8,B cell,0,B cell,1.7704033,2.5783625,494,0.8090221881866455
10X_P4_7_AGCTCCTGTAAGCACG,3-M-8,B cell,0,B cell,0.45071572,3.6152763,495,0.5464333891868591
10X_P4_7_AGCTCCTGTACCGTAT,3-M-8,T cell,2,Unmatched_2,26.884586,0.9899221,496,0.9056524634361268
10X_P4_7_AGCTCCTGTATGAAAC,3-M-8,B cell,1,Unmatched_1,2.5860906,7.674145,497,0.4624189436435699
10X_P4_7_AGCTCCTTCTCGAGTA,3-M-8,B cell,3,T cell,28.06042,-1.3186061,498,1.229277729988098
10X_P4_7_AGCTCCTTCTCTAAGG,3-M-8,B cell,0,B cell,1.5123768,3.6632779,499,0.5191252827644348
10X_P4_7_AGCTCTCAGACGCAAC,3-M-8,B cell,0,B cell,2.301696,3.0490808,500,0.470171570777893
10X_P4_7_AGCTCTCAGATATACG,3-M-8,T cell,3,T cell,27.94704,-1.3549492,501,0.9233231544494628
10X_P4_7_AGCTCTCAGGTAGCTG,3-M-8,T cell,2,Unmatched_2,27.677464,0.2505585,502,1.290213704109192
10X_P4_7_AGCTCTCAGTCTCCTC,3-M-8,B cell,0,B cell,-1.1197611,4.635639,503,1.299983024597168
10X_P4_7_AGCTCTCTCGTACCGG,3-M-8,B cell,6,Unmatched_6,0.3645628,10.773021,504,1.5606205463409424
10X_P4_7_AGCTCTCTCTATGTGG,3-M-8,B cell,7,Unmatched_7,3.9839892,13.293419,505,0.7545590996742249
10X_P4_7_AGCTTGACATACTCTT,3-M-8,B cell,0,B cell,1.8611262,3.2912421,506,1.5661076307296753
10X_P4_7_AGCTTGACATCATCCC,3-M-8,B cell,0,B cell,1.2267977,4.609937,507,0.666801929473877
10X_P4_7_AGCTTGAGTGGTAACG,3-M-8,B cell,1,Unmatched_1,4.567902,14.722345,508,2.120033025741577
10X_P4_7_AGCTTGATCACTATTC,3-M-8,B cell,0,B cell,1.9482727,3.18635,509,0.8787240982055664
10X_P4_7_AGCTTGATCATTCACT,3-M-8,B cell,0,B cell,-1.0345373,3.4113724,510,0.7503170967102051
10X_P4_7_AGCTTGATCGTGACAT,3-M-8,B cell,0,B cell,2.4543889,3.4415262,511,0.490393579006195
10X_P4_7_AGCTTGATCGTTGACA,3-M-8,B cell,0,B cell,1.9355805,3.3349447,512,0.6512618064880371
10X_P4_7_AGGCCACAGCGTGTCC,3-M-8,B cell,0,B cell,2.4137628,2.2503245,513,0.5664424896240234
10X_P4_7_AGGCCACAGCTTATCG,3-M-8,T cell,2,Unmatched_2,27.26468,0.7525327,514,0.6295246481895447
10X_P4_7_AGGCCACAGGGTTCCC,3-M-8,T cell,2,Unmatched_2,27.382936,0.4684263,515,1.2975126504898071
10X_P4_7_AGGCCACAGTACATGA,3-M-8,T cell,2,Unmatched_2,26.973186,0.69945604,516,0.7847273349761963
10X_P4_7_AGGCCACCAGGGCATA,3-M-8,B cell,0,B cell,0.6156676,4.2385173,517,0.5439546704292297
10X_P4_7_AGGCCACCATCGACGC,3-M-8,B cell,0,B cell,-0.033023,5.066715,518,0.7703127861022949
10X_P4_7_AGGCCACTCACCATAG,3-M-8,B cell,0,B cell,0.32260618,5.1314096,519,1.1225379705429075
10X_P4_7_AGGCCACTCGGTGTTA,3-M-8,B cell,0,B cell,1.6455761,2.61091,520,1.1349279880523682
10X_P4_7_AGGCCACTCTACCTGC,3-M-8,T cell,2,Unmatched_2,27.172573,1.3142352,521,0.7430779337882996
10X_P4_7_AGGCCGTCAGGCTGAA,3-M-8,B cell,0,B cell,1.4046745,4.2088666,522,1.043976068496704
10X_P4_7_AGGCCGTGTAAATGAC,3-M-8,T cell,3,T cell,25.790691,-1.1707006,523,1.0686136484146118
10X_P4_7_AGGCCGTGTATATGGA,3-M-8,B cell,0,B cell,0.35750017,3.8380077,524,0.4665451645851135
10X_P4_7_AGGCCGTGTGCCTTGG,3-M-8,B cell,0,B cell,1.7584373,2.7401054,525,1.1248725652694702
10X_P4_7_AGGCCGTTCACCGTAA,3-M-8,B cell,0,B cell,1.7118057,6.8633366,526,0.798525333404541
10X_P4_7_AGGCCGTTCATGTCCC,3-M-8,B cell,1,Unmatched_1,-2.743624,4.157519,527,0.8102736473083496
10X_P4_7_AGGCCGTTCCTAGGGC,3-M-8,B cell,0,B cell,0.69850045,3.8446584,528,0.4231551587581634
10X_P4_7_AGGGAGTAGTGTACGG,3-M-8,T cell,2,Unmatched_2,27.311777,1.3457896,529,0.6142060160636902
10X_P4_7_AGGGAGTCAACACCCG,3-M-8,B cell,7,Unmatched_7,3.8766503,13.090969,530,0.7624801993370056
10X_P4_7_AGGGAGTCACCATGTA,3-M-8,T cell,3,T cell,26.40386,-1.1098651,531,0.543840765953064
10X_P4_7_AGGGAGTGTTACTGAC,3-M-8,T cell,5,natural killer cell,30.171003,-0.54511523,532,1.4089618921279907
10X_P4_7_AGGGAGTGTTCAACCA,3-M-8,T cell,2,Unmatched_2,27.983898,0.4240595,533,1.4817585945129397
10X_P4_7_AGGGAGTTCGCGTAGC,3-M-8,B cell,0,B cell,-0.6657497,5.706282,534,1.1750835180282593
10X_P4_7_AGGGAGTTCTGCGTAA,3-M-8,B cell,0,B cell,2.3022413,2.9818447,535,0.552155077457428
10X_P4_7_AGGGATGAGCTGCGAA,3-M-8,B cell,0,B cell,0.109823525,4.5069594,536,0.7709964513778687
10X_P4_7_AGGGATGAGTTCGATC,3-M-8,B cell,0,B cell,2.2634432,4.6326337,537,0.6894198060035706
10X_P4_7_AGGGATGCAAGGACTG,3-M-8,T cell,2,Unmatched_2,29.300919,0.6278347,538,1.03526508808136
10X_P4_7_AGGGATGCACGCGAAA,3-M-8,B cell,0,B cell,1.0980065,5.597939,539,0.7540658712387085
10X_P4_7_AGGGATGCAGCTCCGA,3-M-8,B cell,0,B cell,0.34260282,3.3344812,540,0.8653855919837952
10X_P4_7_AGGGATGTCACCATAG,3-M-8,macrophage,4,macrophage,4.8746743,16.287535,541,2.716672420501709
10X_P4_7_AGGGATGTCATGCATG,3-M-8,T cell,3,T cell,26.038488,-1.2426691,542,0.6726590394973755
10X_P4_7_AGGGATGTCCCATTAT,3-M-8,T cell,2,Unmatched_2,29.5739,0.9484779,543,1.4859309196472168
10X_P4_7_AGGGTGAAGCAATCTC,3-M-8,B cell,0,B cell,1.897573,2.521056,544,0.4844861626625061
10X_P4_7_AGGGTGAAGGTGATAT,3-M-8,B cell,0,B cell,1.8954403,6.628466,545,0.7473152279853821
10X_P4_7_AGGGTGAAGTGACTCT,3-M-8,T cell,3,T cell,28.625364,-1.4310254,546,1.3695950508117676
10X_P4_7_AGGGTGACAAACAACA,3-M-8,B cell,0,B cell,0.36244276,2.6583598,547,0.6120252013206482
10X_P4_7_AGGGTGACAAGTAATG,3-M-8,B cell,0,B cell,0.81893545,5.646815,548,0.7601567506790161
10X_P4_7_AGGGTGACACCACCAG,3-M-8,B cell,1,Unmatched_1,2.5820954,7.5154767,549,0.6992931365966797
10X_P4_7_AGGGTGACAGCTGGCT,3-M-8,B cell,0,B cell,0.018139392,6.1035204,550,1.2689131498336792
10X_P4_7_AGGGTGACATCGGGTC,3-M-8,T cell,5,natural killer cell,30.125217,-0.5777007,551,1.412495255470276
10X_P4_7_AGGGTGAGTCCGAACC,3-M-8,B cell,1,Unmatched_1,3.328004,8.524157,552,0.5214309692382812
10X_P4_7_AGGGTGATCGGTGTTA,3-M-8,macrophage,4,macrophage,4.368256,14.702334,553,2.7530574798583984
10X_P4_7_AGGTCATCAGACGCAA,3-M-8,B cell,0,B cell,2.625932,4.862005,554,0.8926176428794861
10X_P4_7_AGGTCATCAGCATACT,3-M-8,B cell,0,B cell,2.425373,4.4421954,555,0.6905286312103271
10X_P4_7_AGGTCATCATGCTAGT,3-M-8,B cell,0,B cell,1.1813618,3.63869,556,0.8565283417701721
10X_P4_7_AGGTCATGTTACTGAC,3-M-8,T cell,2,Unmatched_2,27.772669,0.9463427,557,0.6085403561592102
10X_P4_7_AGGTCATTCCCTCTTT,3-M-8,B cell,0,B cell,0.94049805,2.365395,558,0.8557897806167603
10X_P4_7_AGGTCATTCGCCAAAT,3-M-8,B cell,6,Unmatched_6,0.25380704,11.337497,559,2.836709499359131
10X_P4_7_AGGTCCGAGGACACCA,3-M-8,B cell,9,Unmatched_9,6.3436937,-5.5630493,560,5.109276294708252
10X_P4_7_AGGTCCGAGGACCACA,3-M-8,B cell,0,B cell,1.6264592,4.415155,561,0.8359936475753784
10X_P4_7_AGGTCCGCAATGTTGC,3-M-8,B cell,0,B cell,0.37061504,6.935663,562,1.0061582326889038
10X_P4_7_AGGTCCGTCAAACCAC,3-M-8,B cell,0,B cell,2.1836336,3.6944642,563,1.5026098489761353
10X_P4_7_AGGTCCGTCCATTCTA,3-M-8,B cell,0,B cell,2.6987984,4.636984,564,1.5896202325820925
10X_P4_7_AGTAGTCTCAACCATG,3-M-8,B cell,0,B cell,4.1817746,7.4495816,565,0.8920890688896179
10X_P4_7_AGTAGTCTCTCAAACG,3-M-8,B cell,0,B cell,1.5859222,3.863806,566,0.5381304621696472
10X_P4_7_AGTAGTCTCTTGACGA,3-M-8,macrophage,4,macrophage,3.677201,15.752047,567,1.6919615268707275
10X_P4_7_AGTCTTTAGAATGTTG,3-M-8,dendritic cell,8,dendritic cell,3.535371,17.762459,568,3.302907705307007
10X_P4_7_AGTCTTTAGAATTGTG,3-M-8,B cell,0,B cell,-1.8391541,5.447062,569,1.304158091545105
10X_P4_7_AGTCTTTAGACTCGGA,3-M-8,B cell,0,B cell,0.8348467,8.19147,570,0.932510793209076
10X_P4_7_AGTCTTTCACCATCCT,3-M-8,B cell,6,Unmatched_6,0.22629999,11.3797245,571,1.6081907749176023
10X_P4_7_AGTCTTTGTAGCGTAG,3-M-8,B cell,0,B cell,2.2392178,4.0146384,572,0.5781316161155701
10X_P4_7_AGTCTTTTCGTCTGAA,3-M-8,B cell,0,B cell,1.0602858,4.067254,573,0.4189543724060058
10X_P4_7_AGTGAGGAGACACTAA,3-M-8,B cell,0,B cell,1.4488099,2.9136674,574,0.7413995265960693
10X_P4_7_AGTGAGGAGTGGGTTG,3-M-8,T cell,2,Unmatched_2,27.317759,1.3796731,575,0.703929603099823
10X_P4_7_AGTGAGGCAAGTCATC,3-M-8,B cell,0,B cell,2.5128813,2.3092573,576,0.9685800671577454
10X_P4_7_AGTGAGGCACCAGATT,3-M-8,B cell,0,B cell,2.5210423,3.483148,577,0.6770346164703369
10X_P4_7_AGTGAGGCAGCTTAAC,3-M-8,B cell,0,B cell,0.27998966,4.8130226,578,0.4769434332847595
10X_P4_7_AGTGAGGGTAGCAAAT,3-M-8,B cell,0,B cell,2.0799336,3.626362,579,0.8052608370780945
10X_P4_7_AGTGAGGGTGTTTGTG,3-M-8,B cell,1,Unmatched_1,2.8281105,7.209731,580,0.5900049209594727
10X_P4_7_AGTGGGAAGAGGTACC,3-M-8,B cell,0,B cell,0.6225972,5.273698,581,0.5751886367797852
10X_P4_7_AGTGGGAAGCTGTCTA,3-M-8,B cell,0,B cell,1.4765012,5.9252377,582,0.9430450797080994
10X_P4_7_AGTGGGACAAGCGATG,3-M-8,B cell,0,B cell,2.53091,2.5660152,583,0.480483204126358
10X_P4_7_AGTGGGACACTTAAGC,3-M-8,B cell,0,B cell,1.4457245,2.8146796,584,0.750823974609375
10X_P4_7_AGTGGGACAGGAATCG,3-M-8,natural killer cell,5,natural killer cell,30.873844,-1.7785755,585,2.2203586101531982
10X_P4_7_AGTGGGAGTACATCCA,3-M-8,macrophage,4,macrophage,1.9433337,16.712318,586,1.953105926513672
10X_P4_7_AGTGGGAGTGACGGTA,3-M-8,B cell,0,B cell,-0.13704465,3.989538,587,0.5347440242767334
10X_P4_7_AGTGTCAAGACTTGAA,3-M-8,B cell,0,B cell,1.16817,4.3257847,588,0.4333025217056274
10X_P4_7_AGTGTCAAGAGTGACC,3-M-8,T cell,3,T cell,25.659971,-0.33584395,589,0.6033827066421509
10X_P4_7_AGTGTCAAGATGTAAC,3-M-8,T cell,3,T cell,26.729202,-1.0748924,590,1.4153892993927002
10X_P4_7_AGTGTCAAGTAAGTAC,3-M-8,B cell,0,B cell,1.6944523,3.6279342,591,0.725648820400238
10X_P4_7_AGTGTCAGTACCTACA,3-M-8,B cell,0,B cell,0.9549576,4.474616,592,0.413693368434906
10X_P4_7_AGTGTCATCGCGTAGC,3-M-8,B cell,0,B cell,2.4264328,2.90442,593,0.6474881172180176
10X_P4_7_AGTTGGTAGCGGATCA,3-M-8,B cell,0,B cell,0.7235665,5.0510798,594,0.5025596618652344
10X_P4_7_AGTTGGTAGTACATGA,3-M-8,B cell,0,B cell,2.7083209,3.290036,595,0.5203076004981995
10X_P4_7_AGTTGGTAGTGACTCT,3-M-8,T cell,2,Unmatched_2,29.662386,0.906101,596,1.9250346422195437
10X_P4_7_AGTTGGTCATCGGGTC,3-M-8,B cell,0,B cell,2.0894806,4.405144,597,1.5289100408554075
10X_P4_7_AGTTGGTGTACCAGTT,3-M-8,B cell,0,B cell,1.9825982,2.4895654,598,0.8506041169166565
10X_P4_7_AGTTGGTGTCGTCTTC,3-M-8,B cell,0,B cell,1.0561506,3.0883691,599,0.7546740174293518
10X_P4_7_AGTTGGTGTTAAGAAC,3-M-8,T cell,3,T cell,27.914463,-1.2783117,600,1.093831181526184
10X_P4_7_AGTTGGTTCACTCTTA,3-M-8,T cell,3,T cell,28.609406,-1.4706255,601,1.5498796701431274
10X_P4_7_AGTTGGTTCAGTGCAT,3-M-8,B cell,0,B cell,1.1709719,4.622331,602,0.4688026010990143
10X_P4_7_AGTTGGTTCCGAGCCA,3-M-8,B cell,0,B cell,2.3210132,3.8936515,603,0.5897560119628906
10X_P4_7_ATAACGCAGCAACGGT,3-M-8,B cell,0,B cell,1.5402923,5.0298367,604,0.5088052749633789
10X_P4_7_ATAACGCAGGTGTGGT,3-M-8,B cell,0,B cell,0.70335937,7.3473053,605,1.0478378534317017
10X_P4_7_ATAACGCAGTCGTTTG,3-M-8,macrophage,4,macrophage,2.4507833,16.462624,606,2.345665216445923
10X_P4_7_ATAACGCCAAGGACTG,3-M-8,T cell,3,T cell,25.985199,-1.0068958,607,0.8410881757736206
10X_P4_7_ATAACGCGTAACGCGA,3-M-8,B cell,0,B cell,0.5580728,3.547939,608,0.5021790266036987
10X_P4_7_ATAACGCGTAAGAGGA,3-M-8,T cell,3,T cell,28.055128,-1.1288507,609,0.9954317808151244
10X_P4_7_ATAACGCGTCTGCAAT,3-M-8,B cell,0,B cell,0.87714565,6.734041,610,1.47770357131958
10X_P4_7_ATAACGCTCCACGTTC,3-M-8,B cell,0,B cell,1.5305041,2.4021733,611,0.68583744764328
10X_P4_7_ATAACGCTCCGAGCCA,3-M-8,B cell,0,B cell,1.8525991,2.0345762,612,0.5714430809020996
10X_P4_7_ATAACGCTCTCGATGA,3-M-8,B cell,0,B cell,0.42315027,4.298842,613,0.5259304046630859
10X_P4_7_ATAAGAGAGATATGGT,3-M-8,B cell,0,B cell,1.2446198,3.7781727,614,0.5940043330192566
10X_P4_7_ATAAGAGAGGAATGGA,3-M-8,B cell,0,B cell,2.4410596,4.3882484,615,0.967467486858368
10X_P4_7_ATAAGAGAGGACTGGT,3-M-8,B cell,0,B cell,1.6432139,4.481914,616,0.5763081312179565
10X_P4_7_ATAAGAGAGTCTCAAC,3-M-8,B cell,0,B cell,2.2822618,3.062772,617,0.5784378051757812
10X_P4_7_ATAAGAGCAAACCCAT,3-M-8,B cell,1,Unmatched_1,3.1800463,8.334234,618,0.4872403740882873
10X_P4_7_ATAAGAGCAGGGAGAG,3-M-8,B cell,0,B cell,-0.7780462,5.8385596,619,0.7395659685134888
10X_P4_7_ATAAGAGGTGCCTGGT,3-M-8,macrophage,4,macrophage,3.597956,15.822921,620,1.404725432395935
10X_P4_7_ATAAGAGTCAGATAAG,3-M-8,B cell,0,B cell,-0.665337,3.9133034,621,0.7597045302391052
10X_P4_7_ATAAGAGTCATATCGG,3-M-8,macrophage,4,macrophage,4.7878947,15.048301,622,2.776655912399292
10X_P4_7_ATAAGAGTCCGTTGCT,3-M-8,B cell,0,B cell,1.8076503,3.7106915,623,1.0431997776031494
10X_P4_7_ATAAGAGTCGGTTAAC,3-M-8,natural killer cell,5,natural killer cell,30.870916,-1.7973738,624,2.072354316711426
10X_P4_7_ATAGACCAGAGTGACC,3-M-8,B cell,1,Unmatched_1,2.9515626,7.668666,625,0.4836853444576263
10X_P4_7_ATAGACCAGCTGCAAG,3-M-8,B cell,4,macrophage,4.280563,14.465673,626,2.74603271484375
10X_P4_7_ATAGACCAGGATATAC,3-M-8,B cell,7,Unmatched_7,3.937642,13.206275,627,0.8344632983207703
10X_P4_7_ATAGACCCAATGGAGC,3-M-8,T cell,3,T cell,25.911907,-1.3835673,628,0.7475119233131409
10X_P4_7_ATAGACCCAGGGCATA,3-M-8,T cell,2,Unmatched_2,27.833158,1.0880499,629,0.8453033566474915
10X_P4_7_ATAGACCCAGTCAGCC,3-M-8,T cell,3,T cell,28.108826,-1.2223861,630,1.4470657110214231
10X_P4_7_ATAGACCCATGTCCTC,3-M-8,B cell,1,Unmatched_1,2.318089,7.087624,631,0.7442333102226257
10X_P4_7_ATAGACCGTCCCTTGT,3-M-8,T cell,3,T cell,26.125227,-1.2323688,632,0.5590706467628479
10X_P4_7_ATAGACCGTTCCAACA,3-M-8,T cell,2,Unmatched_2,27.416723,1.4155158,633,0.5242605805397034
10X_P4_7_ATAGACCTCAACTCTT,3-M-8,B cell,0,B cell,2.2174184,3.6887577,634,1.106547713279724
10X_P4_7_ATAGACCTCATATCGG,3-M-8,B cell,0,B cell,-0.32649717,4.042207,635,0.449995219707489
10X_P4_7_ATAGACCTCCGCGGTA,3-M-8,T cell,3,T cell,27.17261,-0.6546009,636,0.9948580861091614
10X_P4_7_ATAGACCTCGGCATCG,3-M-8,B cell,0,B cell,2.5578766,4.253791,637,1.1918736696243286
10X_P4_7_ATCACGAAGAGTTGGC,3-M-8,T cell,3,T cell,26.464334,-0.9030005,638,0.7885251045227051
10X_P4_7_ATCACGAAGCGTTCCG,3-M-8,B cell,0,B cell,0.49549982,3.123612,639,0.6134223341941833
10X_P4_7_ATCACGAAGGGTGTTG,3-M-8,B cell,0,B cell,1.4364955,2.414049,640,0.8479127287864685
10X_P4_7_ATCACGACACACAGAG,3-M-8,T cell,2,Unmatched_2,27.78058,0.88679636,641,0.6079350709915161
10X_P4_7_ATCACGACATATACCG,3-M-8,T cell,3,T cell,25.686005,-0.62846464,642,0.7633532285690308
10X_P4_7_ATCACGACATCGATTG,3-M-8,B cell,0,B cell,0.64589393,5.641933,643,0.8741694092750549
10X_P4_7_ATCACGACATGGTCTA,3-M-8,B cell,0,B cell,0.7909107,3.0980449,644,1.0786917209625244
10X_P4_7_ATCACGACATTCCTCG,3-M-8,B cell,0,B cell,1.9034128,2.387285,645,0.8011865019798279
10X_P4_7_ATCACGAGTGTGTGCC,3-M-8,B cell,0,B cell,2.6189954,5.655261,646,1.2835021018981934
10X_P4_7_ATCACGATCAAAGACA,3-M-8,macrophage,4,macrophage,1.9119118,16.703796,647,1.67473042011261
10X_P4_7_ATCACGATCAGTCCCT,3-M-8,B cell,0,B cell,2.270932,5.3234477,648,0.878168523311615
10X_P4_7_ATCACGATCGAACTGT,3-M-8,macrophage,4,macrophage,2.4905148,16.411955,649,1.965598702430725
10X_P4_7_ATCATCTAGAACTGTA,3-M-8,B cell,0,B cell,0.4910711,5.5008383,650,0.7229323983192444
10X_P4_7_ATCATCTAGATGCGAC,3-M-8,B cell,1,Unmatched_1,3.0401027,7.672063,651,0.7287153005599976
10X_P4_7_ATCATCTAGCCCAGCT,3-M-8,B cell,1,Unmatched_1,3.2324638,7.9963098,652,0.9840254187583924
10X_P4_7_ATCATCTAGCTACCGC,3-M-8,T cell,3,T cell,28.120876,-1.2285414,653,0.9621192216873168
10X_P4_7_ATCATCTAGTTATCGC,3-M-8,B cell,0,B cell,0.47841266,6.02192,654,0.7304491996765137
10X_P4_7_ATCATCTAGTTTCCTT,3-M-8,B cell,0,B cell,0.8453044,4.2170486,655,0.5491762161254883
10X_P4_7_ATCATCTCATGGTCAT,3-M-8,B cell,0,B cell,-0.67944163,4.881196,656,0.6934444308280945
10X_P4_7_ATCATCTGTAATTGGA,3-M-8,B cell,0,B cell,-1.0651418,5.3561273,657,0.8163430690765381
10X_P4_7_ATCATCTGTGTGAAAT,3-M-8,B cell,0,B cell,0.91063434,5.8147464,658,0.6031717658042908
10X_P4_7_ATCATCTTCGGCGCTA,3-M-8,T cell,2,Unmatched_2,29.45,0.78881645,659,1.3965433835983276
10X_P4_7_ATCATGGCAACACGCC,3-M-8,B cell,1,Unmatched_1,3.2377117,8.42948,660,0.8455011248588562
10X_P4_7_ATCATGGGTGTGGCTC,3-M-8,macrophage,4,macrophage,4.2815456,14.856806,661,2.776928186416626
10X_P4_7_ATCATGGTCACATACG,3-M-8,B cell,0,B cell,0.7599071,5.0534825,662,0.5708021521568298
10X_P4_7_ATCATGGTCAGCTGGC,3-M-8,B cell,0,B cell,1.7429701,2.5295074,663,0.7827702760696411
10X_P4_7_ATCATGGTCGCTTGTC,3-M-8,T cell,2,Unmatched_2,27.182858,1.3438661,664,0.5083239674568176
10X_P4_7_ATCCACCAGAGTGACC,3-M-8,B cell,0,B cell,1.7259398,5.3019047,665,0.864208459854126
10X_P4_7_ATCCACCCAATCACAC,3-M-8,B cell,0,B cell,1.0708778,5.0519786,666,0.8214250206947327
10X_P4_7_ATCCACCGTAGGACAC,3-M-8,B cell,0,B cell,-0.39478582,4.8772764,667,0.6240364909172058
10X_P4_7_ATCCACCGTATCTGCA,3-M-8,B cell,0,B cell,-0.6670026,4.14749,668,0.4839096665382385
10X_P4_7_ATCCACCGTTAAGTAG,3-M-8,T cell,2,Unmatched_2,28.5021,0.30611372,669,1.0297727584838867
10X_P4_7_ATCCACCTCCCTTGCA,3-M-8,B cell,1,Unmatched_1,3.3726842,8.548995,670,0.6035469770431519
10X_P4_7_ATCCACCTCCTGCTTG,3-M-8,B cell,0,B cell,0.82017773,3.5278578,671,1.0099124908447266
10X_P4_7_ATCCACCTCTACCAGA,3-M-8,B cell,0,B cell,1.5285425,4.903246,672,0.7560403347015381
10X_P4_7_ATCCGAAAGCAGATCG,3-M-8,macrophage,4,macrophage,2.4943244,16.421345,673,1.7847505807876587
10X_P4_7_ATCCGAACACAGGAGT,3-M-8,B cell,0,B cell,1.1184273,4.4931927,674,1.0100401639938354
10X_P4_7_ATCCGAACAGGTCTCG,3-M-8,T cell,6,Unmatched_6,28.968838,-0.6526626,675,2.8559908866882324
10X_P4_7_ATCCGAACATATGCTG,3-M-8,B cell,1,Unmatched_1,2.943077,7.3889365,676,0.560895562171936
10X_P4_7_ATCCGAACATGGATGG,3-M-8,T cell,3,T cell,26.386158,-0.6527683,677,0.7639956474304199
10X_P4_7_ATCCGAACATTGAGCT,3-M-8,B cell,1,Unmatched_1,3.0557137,8.530003,678,0.8659155964851379
10X_P4_7_ATCGAGTAGAGCTTCT,3-M-8,B cell,0,B cell,2.320449,5.0076976,679,0.8044819235801697
10X_P4_7_ATCGAGTAGAGGTTAT,3-M-8,T cell,2,Unmatched_2,28.700832,0.23964442,680,1.2985020875930786
10X_P4_7_ATCGAGTAGCTAGCCC,3-M-8,T cell,3,T cell,27.576084,-1.1876944,681,0.7855665683746338
10X_P4_7_ATCGAGTAGTGGGTTG,3-M-8,B cell,0,B cell,1.8391671,2.3803265,682,0.7453458309173584
10X_P4_7_ATCGAGTAGTGGTAGC,3-M-8,B cell,1,Unmatched_1,2.8137927,8.2085085,683,0.4914356768131256
10X_P4_7_ATCGAGTCAAAGTGCG,3-M-8,B cell,1,Unmatched_1,3.2318516,7.934792,684,0.6378845572471619
10X_P4_7_ATCGAGTCAAGTTAAG,3-M-8,B cell,0,B cell,0.34200785,4.2621136,685,0.574698805809021
10X_P4_7_ATCGAGTCACATGACT,3-M-8,B cell,0,B cell,-1.8405406,5.4230385,686,0.9436581134796144
10X_P4_7_ATCGAGTCACGTCTCT,3-M-8,B cell,6,Unmatched_6,0.6262198,11.235433,687,3.210165023803711
10X_P4_7_ATCGAGTTCGAGAGCA,3-M-8,B cell,0,B cell,1.2777556,2.6131818,688,1.2899106740951538
10X_P4_7_ATCGAGTTCGGCCGAT,3-M-8,B cell,0,B cell,1.1457572,5.709731,689,0.7265636324882507
10X_P4_7_ATCTACTAGCCGATTT,3-M-8,B cell,0,B cell,-0.09306606,6.6235266,690,1.0635592937469482
10X_P4_7_ATCTACTAGGCAATTA,3-M-8,B cell,0,B cell,-1.1348935,5.2745934,691,1.5077593326568604
10X_P4_7_ATCTACTAGGGCTTCC,3-M-8,T cell,3,T cell,25.874804,-1.2669942,692,0.9910976886749268
10X_P4_7_ATCTACTAGTACATGA,3-M-8,B cell,0,B cell,1.0683848,3.1084487,693,0.7344487309455872
10X_P4_7_ATCTACTGTCTCCACT,3-M-8,natural killer cell,5,natural killer cell,30.31299,-1.4154637,694,2.9965202808380127
10X_P4_7_ATCTACTTCACGAAGG,3-M-8,B cell,0,B cell,2.1609287,3.5471132,695,0.8283752799034119
10X_P4_7_ATCTACTTCGTGACAT,3-M-8,B cell,0,B cell,1.8780138,2.5171835,696,1.023845076560974
10X_P4_7_ATCTGCCAGGTGTTAA,3-M-8,B cell,1,Unmatched_1,-2.3924546,4.109642,697,0.5064955949783325
10X_P4_7_ATCTGCCAGTCCCACG,3-M-8,B cell,1,Unmatched_1,-2.7731235,4.1899014,698,0.5285627841949463
10X_P4_7_ATCTGCCCAAGGACAC,3-M-8,B cell,1,Unmatched_1,2.5548472,8.085715,699,0.555867075920105
10X_P4_7_ATCTGCCCATGTCGAT,3-M-8,B cell,0,B cell,2.7753708,4.005908,700,1.1429822444915771
10X_P4_7_ATCTGCCTCACAGTAC,3-M-8,B cell,6,Unmatched_6,0.507598,10.725623,701,1.185337781906128
10X_P4_7_ATCTGCCTCTTGAGGT,3-M-8,B cell,0,B cell,0.771801,4.2854247,702,0.4627550542354584
10X_P4_7_ATGAGGGAGAAGGTGA,3-M-8,B cell,0,B cell,0.3076848,3.19094,703,0.5864827632904053
10X_P4_7_ATGAGGGAGCCCAATT,3-M-8,B cell,0,B cell,1.6450697,6.1920023,704,1.183258295059204
10X_P4_7_ATGAGGGAGCGATCCC,3-M-8,B cell,0,B cell,-0.29218814,6.597708,705,0.7219008803367615
10X_P4_7_ATGAGGGAGTCGTACT,3-M-8,B cell,0,B cell,1.576098,2.4982362,706,0.5446060299873352
10X_P4_7_ATGAGGGGTGACTACT,3-M-8,T cell,2,Unmatched_2,27.246141,1.4407456,707,0.8347326517105103
10X_P4_7_ATGAGGGTCAGATAAG,3-M-8,B cell,0,B cell,0.6655038,4.049368,708,0.3932300806045532
10X_P4_7_ATGAGGGTCCCTTGTG,3-M-8,B cell,0,B cell,2.2847664,4.475778,709,1.129134178161621
10X_P4_7_ATGAGGGTCCGGGTGT,3-M-8,B cell,0,B cell,0.21650815,5.170891,710,0.5313937067985535
10X_P4_7_ATGCGATAGCAGCCTC,3-M-8,B cell,0,B cell,2.039948,5.5369396,711,0.8630911111831665
10X_P4_7_ATGCGATAGCTATGCT,3-M-8,B cell,0,B cell,-1.6929573,5.370769,712,1.348691463470459
10X_P4_7_ATGCGATCACACTGCG,3-M-8,B cell,0,B cell,2.3385782,6.63823,713,0.737944483757019
10X_P4_7_ATGCGATCAGAAGCAC,3-M-8,B cell,1,Unmatched_1,-2.683866,4.0594835,714,1.2366623878479004
10X_P4_7_ATGCGATTCAGGATCT,3-M-8,B cell,1,Unmatched_1,3.031806,8.606052,715,0.5830242037773132
10X_P4_7_ATGCGATTCATGTGGT,3-M-8,B cell,0,B cell,1.5809655,3.7498596,716,0.8241429924964905
10X_P4_7_ATGCGATTCTGACCTC,3-M-8,B cell,0,B cell,1.8095186,3.625012,717,0.7298281192779541
10X_P4_7_ATGGGAGAGACCTAGG,3-M-8,natural killer cell,5,natural killer cell,30.795343,-2.0935495,718,1.8784847259521484
10X_P4_7_ATGGGAGAGGGATCTG,3-M-8,B cell,6,Unmatched_6,0.36945888,10.699315,719,1.6630663871765137
10X_P4_7_ATGGGAGCAAACAACA,3-M-8,T cell,3,T cell,27.367674,-1.0890955,720,0.9746241569519044
10X_P4_7_ATGGGAGCAGTTCATG,3-M-8,T cell,2,Unmatched_2,27.550463,-0.14196813,721,1.4580862522125244
10X_P4_7_ATGGGAGTCAGAAATG,3-M-8,B cell,0,B cell,-1.1315588,5.3026876,722,0.9862236380577089
10X_P4_7_ATGGGAGTCTGAGTGT,3-M-8,B cell,0,B cell,2.3893242,6.7256546,723,0.7370991110801697
10X_P4_7_ATGTGTGAGACTGTAA,3-M-8,B cell,1,Unmatched_1,2.3327506,7.54607,724,0.706103503704071
10X_P4_7_ATGTGTGAGGGTTCCC,3-M-8,B cell,0,B cell,0.464275,5.2850876,725,0.8689329028129578
10X_P4_7_ATGTGTGAGTATGACA,3-M-8,B cell,0,B cell,1.7875317,4.042696,726,0.568157434463501
10X_P4_7_ATGTGTGCAAGACACG,3-M-8,B cell,0,B cell,1.2579818,4.7881765,727,0.5313751697540283
10X_P4_7_ATGTGTGCAGCGAACA,3-M-8,macrophage,4,macrophage,4.8882704,16.305958,728,2.5603744983673096
10X_P4_7_ATGTGTGCATCGGTTA,3-M-8,macrophage,4,macrophage,3.6280508,15.764285,729,1.9278337955474851
10X_P4_7_ATGTGTGGTAGTGAAT,3-M-8,B cell,0,B cell,0.88536984,5.0284905,730,0.4677335023880005
10X_P4_7_ATGTGTGTCAGATAAG,3-M-8,B cell,0,B cell,-0.17726365,4.583795,731,0.5218669772148132
10X_P4_7_ATTACTCAGGAGTTGC,3-M-8,B cell,1,Unmatched_1,2.7930858,7.925544,732,0.737562358379364
10X_P4_7_ATTACTCAGGCAAAGA,3-M-8,macrophage,4,macrophage,5.2834373,16.174797,733,2.2951250076293945
10X_P4_7_ATTACTCGTATGGTTC,3-M-8,B cell,0,B cell,0.6110387,4.1511197,734,0.5573462843894958
10X_P4_7_ATTACTCTCGCGCCAA,3-M-8,T cell,2,Unmatched_2,29.104399,1.0540823,735,0.9248276352882384
10X_P4_7_ATTATCCAGCTGCCCA,3-M-8,T cell,2,Unmatched_2,27.013382,1.2137887,736,0.836637020111084
10X_P4_7_ATTATCCAGGATGGAA,3-M-8,B cell,0,B cell,-0.18769774,4.762003,737,0.6398147940635681
10X_P4_7_ATTATCCCAAGGCTCC,3-M-8,B cell,0,B cell,-0.38412583,3.7083678,738,0.4299241006374359
10X_P4_7_ATTATCCCAAGTAGTA,3-M-8,B cell,0,B cell,2.1688614,3.5794003,739,0.8865920305252075
10X_P4_7_ATTATCCCACGGATAG,3-M-8,T cell,2,Unmatched_2,29.408567,0.6226114,740,1.766099214553833
10X_P4_7_ATTATCCCAGACAAGC,3-M-8,B cell,7,Unmatched_7,4.0582905,13.029617,741,0.6920329332351685
10X_P4_7_ATTATCCGTAAATGTG,3-M-8,B cell,0,B cell,-1.8660347,5.3654413,742,1.4863098859786987
10X_P4_7_ATTATCCTCTGAAAGA,3-M-8,B cell,0,B cell,3.575861,6.190002,743,0.548285961151123
10X_P4_7_ATTCTACCAAGACACG,3-M-8,B cell,0,B cell,-0.11773205,4.7421384,744,0.5611719489097595
10X_P4_7_ATTCTACCACATCCAA,3-M-8,T cell,2,Unmatched_2,26.589031,1.3032572,745,0.6903290748596191
10X_P4_7_ATTCTACGTACAGTTC,3-M-8,B cell,6,Unmatched_6,0.3579569,10.690405,746,1.3986384868621826
10X_P4_7_ATTCTACGTAGCGTAG,3-M-8,B cell,0,B cell,0.79764897,6.4978733,747,1.6423381567001345
10X_P4_7_ATTGGTGAGAAGAAGC,3-M-8,natural killer cell,5,natural killer cell,30.112984,-1.382538,748,1.9470313787460327
10X_P4_7_ATTGGTGAGTCAAGCG,3-M-8,B cell,0,B cell,0.76749444,3.1332753,749,0.864224910736084
10X_P4_7_ATTGGTGAGTGCAAGC,3-M-8,B cell,1,Unmatched_1,2.8114967,7.985625,750,0.4900252819061279
10X_P4_7_ATTGGTGCAAACGTGG,3-M-8,B cell,0,B cell,2.6165934,2.8051794,751,0.5867083072662354
10X_P4_7_ATTGGTGCAATCACAC,3-M-8,B cell,0,B cell,1.9118289,5.029755,752,0.88090980052948
10X_P4_7_ATTGGTGCACCTCGTT,3-M-8,B cell,0,B cell,-0.16381033,4.5016317,753,0.4342035353183746
10X_P4_7_ATTGGTGCAGATGAGC,3-M-8,B cell,1,Unmatched_1,2.6919558,8.502294,754,0.6678717136383057
10X_P4_7_ATTGGTGGTAATCACC,3-M-8,B cell,1,Unmatched_1,3.6299298,7.9835563,755,0.6914094090461731
10X_P4_7_ATTTCTGAGTTTAGGA,3-M-8,T cell,3,T cell,25.869701,-1.2888402,756,0.6201862692832947
10X_P4_7_ATTTCTGCAATCAGAA,3-M-8,B cell,0,B cell,1.7564992,3.486862,757,0.7606709003448486
10X_P4_7_ATTTCTGCACAGAGGT,3-M-8,B cell,1,Unmatched_1,3.3570647,8.522366,758,0.500905454158783
10X_P4_7_ATTTCTGGTCCCTACT,3-M-8,B cell,0,B cell,1.954695,2.6054778,759,0.8572186231613159
10X_P4_7_ATTTCTGGTCGAATCT,3-M-8,B cell,0,B cell,1.3021808,4.0794563,760,0.5276486277580261
10X_P4_7_ATTTCTGGTTGCTCCT,3-M-8,T cell,2,Unmatched_2,26.665997,1.2597342,761,0.7717669606208801
10X_P4_7_ATTTCTGTCGTTGACA,3-M-8,B cell,1,Unmatched_1,2.4533856,7.5572505,762,0.69146728515625
10X_P4_7_ATTTCTGTCTTCAACT,3-M-8,natural killer cell,5,natural killer cell,30.95404,-2.3649762,763,1.5595005750656128
10X_P4_7_ATTTCTGTCTTTCCTC,3-M-8,B cell,0,B cell,0.012257746,6.9428205,764,0.8896068334579468
10X_P4_7_CAACCAAAGAGGGATA,3-M-8,T cell,2,Unmatched_2,29.241962,0.63014287,765,1.0884770154953003
10X_P4_7_CAACCAAAGTACGACG,3-M-8,B cell,0,B cell,1.3434762,2.6860664,766,1.3309917449951172
10X_P4_7_CAACCAAAGTCTCGGC,3-M-8,B cell,0,B cell,0.8189108,4.8500657,767,0.5096030831336975
10X_P4_7_CAACCAACATAGGATA,3-M-8,B cell,5,natural killer cell,29.897259,-0.75343317,768,3.408279657363892
10X_P4_7_CAACCAACATGACGGA,3-M-8,B cell,0,B cell,2.3935368,3.5497262,769,0.6492440104484558
10X_P4_7_CAACCAACATTGCGGC,3-M-8,B cell,0,B cell,0.667747,6.4896593,770,1.3169207572937012
10X_P4_7_CAACCAAGTGCAACGA,3-M-8,T cell,3,T cell,25.423828,-0.6128742,771,0.7674013376235962
10X_P4_7_CAACCAATCAGCGATT,3-M-8,B cell,0,B cell,1.9939711,3.1169138,772,1.542392015457153
10X_P4_7_CAACCAATCAGTTCGA,3-M-8,B cell,0,B cell,1.2104448,4.3902097,773,1.007842183113098
10X_P4_7_CAACCAATCCTTTACA,3-M-8,B cell,0,B cell,1.9010421,5.274012,774,0.8053401708602905
10X_P4_7_CAACCTCAGCAGGCTA,3-M-8,B cell,0,B cell,1.0831027,5.9219613,775,0.8269507884979248
10X_P4_7_CAACCTCAGCGCCTCA,3-M-8,B cell,6,Unmatched_6,0.4152871,10.899121,776,1.6278587579727173
10X_P4_7_CAACCTCAGCGCCTTG,3-M-8,B cell,0,B cell,0.12561344,4.019421,777,0.4318540096282959
10X_P4_7_CAACCTCCAATAGCAA,3-M-8,T cell,2,Unmatched_2,27.219566,0.993039,778,0.4858815968036651
10X_P4_7_CAACCTCCACAAGTAA,3-M-8,B cell,0,B cell,-0.18114729,3.1912622,779,0.5382581949234009
10X_P4_7_CAACCTCCACTATCTT,3-M-8,B cell,0,B cell,-0.44625813,5.673211,780,1.3514999151229858
10X_P4_7_CAACCTCCAGGTCTCG,3-M-8,B cell,0,B cell,0.79927015,7.5930305,781,0.8474079966545105
10X_P4_7_CAACCTCGTTGATTGC,3-M-8,B cell,0,B cell,0.8542213,4.33966,782,0.662937581539154
10X_P4_7_CAACCTCGTTTGCATG,3-M-8,B cell,1,Unmatched_1,3.9741325,7.615413,783,0.648786187171936
10X_P4_7_CAACCTCTCAGTCCCT,3-M-8,T cell,3,T cell,28.090937,-1.426426,784,0.822478175163269
10X_P4_7_CAACTAGCAATCAGAA,3-M-8,B cell,0,B cell,-0.40374058,3.549161,785,0.7440652251243591
10X_P4_7_CAACTAGCACTCAGGC,3-M-8,T cell,2,Unmatched_2,29.037422,1.0664785,786,1.050822377204895
10X_P4_7_CAACTAGCAGAGTGTG,3-M-8,T cell,3,T cell,25.755629,-1.0360478,787,0.7774466276168823
10X_P4_7_CAACTAGGTAGGAGTC,3-M-8,B cell,0,B cell,2.1801124,4.121342,788,0.5555888414382935
10X_P4_7_CAACTAGGTCCGAAGA,3-M-8,B cell,0,B cell,1.8712372,2.264349,789,0.7585068941116333
10X_P4_7_CAACTAGGTCCTCTTG,3-M-8,B cell,0,B cell,2.3041687,3.358098,790,0.634401798248291
10X_P4_7_CAACTAGTCCAGTAGT,3-M-8,B cell,1,Unmatched_1,2.618416,8.437532,791,0.6477147936820984
10X_P4_7_CAACTAGTCCCGGATG,3-M-8,B cell,0,B cell,0.71388346,4.3742948,792,0.4918191730976105
10X_P4_7_CAACTAGTCTTCGGTC,3-M-8,B cell,0,B cell,0.84871876,2.9658084,793,0.5994036197662354
10X_P4_7_CAACTAGTCTTGAGGT,3-M-8,T cell,2,Unmatched_2,29.388655,0.6398322,794,1.334457516670227
10X_P4_7_CAAGAAACAGCTCGAC,3-M-8,B cell,0,B cell,-0.7213366,3.0679095,795,0.9224302172660828
10X_P4_7_CAAGAAACAGCTCGCA,3-M-8,B cell,0,B cell,1.8543252,2.7473052,796,0.9065704941749572
10X_P4_7_CAAGAAACATATGAGA,3-M-8,B cell,0,B cell,1.3800724,3.4502974,797,0.4968665540218353
10X_P4_7_CAAGAAAGTCAACATC,3-M-8,T cell,2,Unmatched_2,27.828413,0.7365212,798,1.026123285293579
10X_P4_7_CAAGAAAGTGTTAAGA,3-M-8,B cell,2,Unmatched_2,27.640375,0.41263768,799,2.2365951538085938
10X_P4_7_CAAGAAAGTTCCTCCA,3-M-8,B cell,0,B cell,2.4950771,4.6496496,800,0.7577584385871887
10X_P4_7_CAAGAAATCAGGCCCA,3-M-8,B cell,0,B cell,0.54768175,7.5488343,801,0.7104490399360657
10X_P4_7_CAAGATCAGAACTCGG,3-M-8,B cell,0,B cell,0.29395258,4.2735286,802,0.8091553449630737
10X_P4_7_CAAGATCAGATCCCGC,3-M-8,B cell,1,Unmatched_1,3.703741,7.944875,803,0.6531914472579956
10X_P4_7_CAAGATCCAATAGCGG,3-M-8,B cell,0,B cell,2.208301,3.2940884,804,0.6071393489837646
10X_P4_7_CAAGATCCACCAGATT,3-M-8,B cell,0,B cell,1.9810065,4.697434,805,0.8161138296127319
10X_P4_7_CAAGATCGTAGCGTGA,3-M-8,B cell,0,B cell,1.3786154,4.902224,806,0.463052749633789
10X_P4_7_CAAGATCGTGATAAAC,3-M-8,B cell,0,B cell,0.55860364,4.9905663,807,0.4073461592197418
10X_P4_7_CAAGATCGTGGTCCGT,3-M-8,macrophage,4,macrophage,2.106516,16.601465,808,2.695998430252075
10X_P4_7_CAAGATCTCAACGAAA,3-M-8,B cell,0,B cell,1.7186044,5.8019686,809,0.683014452457428
10X_P4_7_CAAGATCTCGGTCCGA,3-M-8,B cell,0,B cell,0.93085194,3.694294,810,0.6102755665779114
10X_P4_7_CAAGATCTCTGCTTGC,3-M-8,B cell,0,B cell,2.1257904,2.2565906,811,0.7287712097167969
10X_P4_7_CAAGGCCAGGCGACAT,3-M-8,B cell,0,B cell,2.6943514,2.9100997,812,0.4511019885540008
10X_P4_7_CAAGGCCAGTGAACAT,3-M-8,T cell,3,T cell,26.266651,-1.2424088,813,0.5374870300292969
10X_P4_7_CAAGGCCAGTGTCTCA,3-M-8,B cell,0,B cell,0.6959418,3.0253177,814,0.7445430159568787
10X_P4_7_CAAGGCCCACCTGGTG,3-M-8,B cell,0,B cell,1.5044461,5.1802397,815,1.0205649137496948
10X_P4_7_CAAGGCCGTGGTAACG,3-M-8,B cell,0,B cell,-0.78892666,5.602117,816,1.1772444248199463
10X_P4_7_CAAGGCCTCCCATTTA,3-M-8,B cell,1,Unmatched_1,-2.2854474,4.1700764,817,0.7534834742546082
10X_P4_7_CAAGTTGCATAAGACA,3-M-8,B cell,0,B cell,2.6489065,3.0780842,818,0.7826312780380249
10X_P4_7_CAAGTTGGTGTTGGGA,3-M-8,B cell,7,Unmatched_7,3.959795,13.210892,819,0.7882558703422546
10X_P4_7_CAAGTTGTCCGCTGTT,3-M-8,B cell,0,B cell,0.52294105,5.740153,820,0.8152065873146057
10X_P4_7_CACAAACAGACAATAC,3-M-8,T cell,2,Unmatched_2,26.855318,0.13190234,821,1.3919340372085571
10X_P4_7_CACAAACAGATAGTCA,3-M-8,B cell,0,B cell,2.3184586,4.775362,822,1.2874627113342283
10X_P4_7_CACAAACAGCTCCTTC,3-M-8,B cell,0,B cell,-0.10270991,3.9638994,823,0.4027218222618103
10X_P4_7_CACAAACCAAGTAATG,3-M-8,B cell,0,B cell,2.3245075,3.2424214,824,0.8938585519790649
10X_P4_7_CACAAACCACATGGGA,3-M-8,B cell,0,B cell,1.7033951,5.018624,825,1.4213175773620603
10X_P4_7_CACAAACGTAGCTTGT,3-M-8,B cell,0,B cell,-0.37525722,5.6674933,826,0.760208785533905
10X_P4_7_CACAAACTCAGCTCGG,3-M-8,natural killer cell,5,natural killer cell,30.901966,-1.7988288,827,2.0300350189208984
10X_P4_7_CACAAACTCCGTAGGC,3-M-8,B cell,0,B cell,2.9549408,5.6344566,828,0.651500403881073
10X_P4_7_CACACAAAGACTAAGT,3-M-8,B cell,0,B cell,-1.9952915,5.568773,829,1.3216230869293213
10X_P4_7_CACACAAAGAGACGAA,3-M-8,B cell,0,B cell,-0.41249403,4.206704,830,0.5236895084381104
10X_P4_7_CACACAAGTAGCGTGA,3-M-8,T cell,2,Unmatched_2,27.242943,1.3038626,831,0.6441023349761963
10X_P4_7_CACACAAGTCCGAACC,3-M-8,B cell,0,B cell,2.218515,4.846802,832,0.8777916431427002
10X_P4_7_CACACAAGTCGACTAT,3-M-8,T cell,2,Unmatched_2,28.997221,1.0179768,833,1.1194357872009275
10X_P4_7_CACACAATCTGAAAGA,3-M-8,B cell,0,B cell,-1.5723256,5.1991434,834,1.2917486429214478
10X_P4_7_CACACCTAGTGCGTGA,3-M-8,B cell,0,B cell,0.5122138,4.3358235,835,0.9413902759552002
10X_P4_7_CACACCTCAGCGATCC,3-M-8,dendritic cell,8,dendritic cell,3.5369887,17.772758,836,3.680120229721069
10X_P4_7_CACACCTCATATGAGA,3-M-8,B cell,0,B cell,1.0927149,6.214531,837,0.7236788272857666
10X_P4_7_CACACCTGTCAGAAGC,3-M-8,B cell,0,B cell,-0.9085804,5.4838514,838,1.0290576219558716
10X_P4_7_CACACCTTCACCTTAT,3-M-8,B cell,0,B cell,2.099237,6.4950476,839,0.6888285279273987
10X_P4_7_CACACCTTCACTTCAT,3-M-8,B cell,0,B cell,1.4695114,2.3144646,840,0.7423027753829956
10X_P4_7_CACACCTTCCGTTGCT,3-M-8,B cell,0,B cell,-0.050011195,6.0633307,841,1.1265889406204224
10X_P4_7_CACACTCAGATTACCC,3-M-8,B cell,1,Unmatched_1,3.1193948,8.368612,842,0.4700263440608978
10X_P4_7_CACACTCAGCTTCGCG,3-M-8,B cell,1,Unmatched_1,4.2812085,7.0887513,843,0.8597191572189331
10X_P4_7_CACACTCAGTTCGCAT,3-M-8,natural killer cell,5,natural killer cell,30.629183,-1.5200629,844,2.4090538024902344
10X_P4_7_CACACTCCATGAAGTA,3-M-8,T cell,3,T cell,28.159344,-1.3105597,845,1.094834804534912
10X_P4_7_CACACTCGTGTTCGAT,3-M-8,B cell,0,B cell,2.3412726,4.510139,846,0.5507513880729675
10X_P4_7_CACACTCTCACATGCA,3-M-8,natural killer cell,5,natural killer cell,30.680445,-2.0459719,847,1.945278525352478
10X_P4_7_CACACTCTCCGCATAA,3-M-8,T cell,2,Unmatched_2,29.302296,0.6813361,848,1.2336392402648926
10X_P4_7_CACAGGCAGTGGTCCC,3-M-8,T cell,2,Unmatched_2,29.157543,1.0341635,849,1.023826003074646
10X_P4_7_CACAGGCCATCACGAT,3-M-8,B cell,0,B cell,2.1486497,4.8069344,850,0.8989502191543579
10X_P4_7_CACAGGCGTGACTCAT,3-M-8,B cell,0,B cell,0.062435556,3.14066,851,0.6410555839538574
10X_P4_7_CACAGTAAGCGATCCC,3-M-8,B cell,0,B cell,-0.039556693,6.726999,852,1.2115732431411743
10X_P4_7_CACAGTAAGCGATTCT,3-M-8,macrophage,4,macrophage,3.2747092,16.13335,853,2.558066368103028
10X_P4_7_CACAGTACAGGTGGAT,3-M-8,B cell,0,B cell,1.8729225,3.3257518,854,0.5380644202232361
10X_P4_7_CACAGTAGTTAAGAAC,3-M-8,B cell,0,B cell,-0.04806253,4.7517157,855,0.4219493567943573
10X_P4_7_CACAGTATCCTAGTGA,3-M-8,T cell,3,T cell,26.341854,-0.4239763,856,0.7643689513206482
10X_P4_7_CACAGTATCTGTGCAA,3-M-8,B cell,0,B cell,1.5549223,3.9960961,857,0.5662548542022705
10X_P4_7_CACATAGAGCATGGCA,3-M-8,T cell,2,Unmatched_2,27.327576,0.7355304,858,0.9362283945083618
10X_P4_7_CACATAGAGGCATGTG,3-M-8,T cell,3,T cell,27.831244,-1.1961614,859,0.8692811727523804
10X_P4_7_CACATAGCAATCAGAA,3-M-8,B cell,0,B cell,0.7442643,3.7053077,860,0.4585606455802917
10X_P4_7_CACATAGCAGCCAGAA,3-M-8,B cell,0,B cell,2.5066912,6.1486154,861,1.0471919775009155
10X_P4_7_CACATAGCATGACGGA,3-M-8,B cell,0,B cell,0.2887088,6.737607,862,1.200502634048462
10X_P4_7_CACATAGGTAATTGGA,3-M-8,macrophage,4,macrophage,3.9047995,15.6196375,863,2.7592878341674805
10X_P4_7_CACATAGGTACTCAAC,3-M-8,B cell,1,Unmatched_1,3.091519,8.547932,864,0.5175612568855286
10X_P4_7_CACATAGGTTATCACG,3-M-8,B cell,0,B cell,1.8505224,2.939255,865,0.6163950562477112
10X_P4_7_CACATAGTCCCTCTTT,3-M-8,B cell,0,B cell,2.1809587,5.046433,866,0.5445095896720886
10X_P4_7_CACATAGTCGTACGGC,3-M-8,T cell,3,T cell,25.728466,-1.0870008,867,0.9003008008003235
10X_P4_7_CACATAGTCTCCAGGG,3-M-8,B cell,0,B cell,1.2995173,2.2660425,868,0.8383930921554565
10X_P4_7_CACATTTAGGCTACGA,3-M-8,B cell,0,B cell,1.148193,2.6397495,869,0.8070341944694519
10X_P4_7_CACATTTCAGAGTGTG,3-M-8,T cell,2,Unmatched_2,26.943012,1.3426341,870,0.6434526443481445
10X_P4_7_CACATTTCAGTGACAG,3-M-8,B cell,1,Unmatched_1,-2.7609744,4.2358127,871,0.5868294835090637
10X_P4_7_CACATTTGTAGTACCT,3-M-8,B cell,1,Unmatched_1,4.7168446,7.039361,872,1.0234111547470093
10X_P4_7_CACATTTGTATAATGG,3-M-8,B cell,0,B cell,-1.5404463,5.2242613,873,2.162879943847656
10X_P4_7_CACATTTGTCAATGTC,3-M-8,B cell,0,B cell,2.1369095,3.5763555,874,0.8715435862541199
10X_P4_7_CACATTTGTCGACTGC,3-M-8,B cell,0,B cell,0.6874292,3.526034,875,0.4054425954818725
10X_P4_7_CACATTTGTGTCCTCT,3-M-8,natural killer cell,5,natural killer cell,30.953829,-1.9122142,876,1.8420685529708865
10X_P4_7_CACATTTGTTCAACCA,3-M-8,B cell,1,Unmatched_1,3.573764,7.8596106,877,0.7208598256111145
10X_P4_7_CACATTTTCCAATGGT,3-M-8,B cell,1,Unmatched_1,2.5422177,8.237322,878,0.7190665602684021
10X_P4_7_CACATTTTCCTAGGGC,3-M-8,T cell,2,Unmatched_2,27.336252,0.8552361,879,0.8226222991943359
10X_P4_7_CACATTTTCTGGTATG,3-M-8,B cell,9,Unmatched_9,6.3598294,-5.578909,880,5.109276294708252
10X_P4_7_CACCACTAGCTAGGCA,3-M-8,B cell,0,B cell,1.4651335,2.148138,881,1.331575632095337
10X_P4_7_CACCACTCAAGCTGTT,3-M-8,T cell,3,T cell,25.861687,-1.4066203,882,0.6301344633102417
10X_P4_7_CACCACTCAGCCTGTG,3-M-8,B cell,0,B cell,2.1860807,6.5929365,883,0.6526381969451904
10X_P4_7_CACCACTCATCTCGCT,3-M-8,B cell,0,B cell,0.49612373,3.3691165,884,0.5364036560058594
10X_P4_7_CACCACTTCCAAATGC,3-M-8,macrophage,4,macrophage,3.6315005,15.802722,885,1.479809045791626
10X_P4_7_CACCAGGAGATCTGCT,3-M-8,T cell,3,T cell,25.593094,-0.32485327,886,0.8381630182266235
10X_P4_7_CACCAGGAGGAGCGAG,3-M-8,B cell,0,B cell,1.1903101,4.6918445,887,0.4846328794956207
10X_P4_7_CACCAGGAGTCCGGTC,3-M-8,B cell,0,B cell,0.4565662,7.7836103,888,0.8476896286010742
10X_P4_7_CACCAGGCAAGCGAGT,3-M-8,B cell,1,Unmatched_1,2.4500291,8.138986,889,0.5357930660247803
10X_P4_7_CACCAGGCACCTATCC,3-M-8,B cell,0,B cell,1.4858323,2.92181,890,0.8881524801254272
10X_P4_7_CACCAGGCACGGCCAT,3-M-8,B cell,0,B cell,-0.08085297,5.5123935,891,0.8493369817733765
10X_P4_7_CACCAGGGTAGCTGCC,3-M-8,macrophage,4,macrophage,4.3025136,14.889453,892,2.8559908866882324
10X_P4_7_CACCAGGGTTTGTTTC,3-M-8,T cell,3,T cell,25.686007,-1.1271918,893,0.8875339031219482
10X_P4_7_CACCAGGTCCGAACGC,3-M-8,B cell,0,B cell,2.5908701,4.7360945,894,1.0247313976287842
10X_P4_7_CACCTTGAGGCTCATT,3-M-8,B cell,0,B cell,0.11332617,6.9624195,895,1.0131083726882937
10X_P4_7_CACCTTGCAAGTCTAC,3-M-8,B cell,0,B cell,1.7423532,2.2671201,896,0.6383777260780334
10X_P4_7_CACCTTGCACTCTGTC,3-M-8,B cell,0,B cell,2.541652,7.117369,897,0.9191650748252868
10X_P4_7_CACCTTGCAGCTGTTA,3-M-8,B cell,0,B cell,1.0466874,8.077157,898,1.001444697380066
10X_P4_7_CACCTTGGTCTAGCGC,3-M-8,B cell,0,B cell,0.4304414,3.0937555,899,0.5404943823814392
10X_P4_7_CACCTTGGTGTGCCTG,3-M-8,B cell,0,B cell,2.454709,2.9858084,900,0.4724722802639007
10X_P4_7_CACCTTGGTTGATTGC,3-M-8,B cell,0,B cell,2.0342321,4.0102277,901,0.570507287979126
10X_P4_7_CACCTTGTCAGGATCT,3-M-8,T cell,3,T cell,25.955996,-1.3417878,902,0.8468507528305054
10X_P4_7_CACCTTGTCCGAGCCA,3-M-8,B cell,0,B cell,0.8546602,4.301556,903,0.464829534292221
10X_P4_7_CACCTTGTCCGATATG,3-M-8,B cell,0,B cell,0.0043236543,2.8585176,904,0.7538167834281921
10X_P4_7_CACTCCAAGCTAGTCT,3-M-8,B cell,0,B cell,-0.20147504,5.6302586,905,0.6959598064422607
10X_P4_7_CACTCCAAGGCTAGCA,3-M-8,B cell,0,B cell,0.5664298,2.86863,906,0.7544720768928528
10X_P4_7_CACTCCAAGTTCCACA,3-M-8,macrophage,4,macrophage,1.9885081,16.648905,907,1.658893585205078
10X_P4_7_CACTCCACACGAAATA,3-M-8,B cell,0,B cell,-1.7050923,5.4852695,908,1.0980011224746704
10X_P4_7_CACTCCAGTGCGGTAA,3-M-8,B cell,0,B cell,-0.11383599,2.8475716,909,0.5899845957756042
10X_P4_7_CACTCCATCGCTTAGA,3-M-8,B cell,0,B cell,2.026322,4.915083,910,1.390328288078308
10X_P4_7_CACTCCATCTCGCATC,3-M-8,B cell,0,B cell,1.6249456,4.184565,911,0.8195832967758179
10X_P4_7_CAGAATCAGATCTGAA,3-M-8,B cell,0,B cell,-0.47589573,3.6755936,912,1.380819320678711
10X_P4_7_CAGAATCAGGCCCGTT,3-M-8,B cell,0,B cell,1.0738671,5.1987433,913,0.5117722749710083
10X_P4_7_CAGAATCCACCCTATC,3-M-8,B cell,0,B cell,2.4588976,5.8446226,914,0.999507486820221
10X_P4_7_CAGAATCCAGTGGGAT,3-M-8,B cell,1,Unmatched_1,4.7794046,7.18797,915,0.9363409280776978
10X_P4_7_CAGAATCGTCACTGGC,3-M-8,T cell,2,Unmatched_2,27.51353,1.3760731,916,0.9868209958076476
10X_P4_7_CAGAATCTCAAACAAG,3-M-8,B cell,0,B cell,1.2649626,3.0364366,917,0.6494233012199402
10X_P4_7_CAGAGAGAGGCACATG,3-M-8,B cell,0,B cell,2.5247114,2.876123,918,0.5269798040390015
10X_P4_7_CAGAGAGAGTACACCT,3-M-8,B cell,0,B cell,2.2431383,2.187855,919,0.4842991828918457
10X_P4_7_CAGAGAGCAAGCCGCT,3-M-8,B cell,0,B cell,2.5842187,4.8905845,920,1.371107578277588
10X_P4_7_CAGAGAGCAATGGAGC,3-M-8,T cell,2,Unmatched_2,29.37933,0.83049923,921,1.3148053884506226
10X_P4_7_CAGAGAGCATGCTAGT,3-M-8,macrophage,4,macrophage,4.6059294,16.256773,922,3.646089553833008
10X_P4_7_CAGAGAGGTTCCACGG,3-M-8,B cell,1,Unmatched_1,0.35544407,7.444106,923,0.6569411158561707
10X_P4_7_CAGAGAGTCCACGTGG,3-M-8,B cell,0,B cell,2.3281412,4.232511,924,1.0543335676193235
10X_P4_7_CAGAGAGTCGGTCTAA,3-M-8,B cell,0,B cell,1.6126302,4.238181,925,0.6422258615493774
10X_P4_7_CAGATCAAGTACATGA,3-M-8,B cell,0,B cell,0.3800229,7.6713514,926,0.7692453265190125
10X_P4_7_CAGATCAAGTGGAGAA,3-M-8,B cell,0,B cell,2.0462873,3.3624074,927,0.578766405582428
10X_P4_7_CAGATCACACAGGAGT,3-M-8,B cell,0,B cell,0.2139764,7.767453,928,0.7853969931602478
10X_P4_7_CAGATCACACATTCGA,3-M-8,B cell,0,B cell,2.6130888,5.804646,929,0.6897405982017517
10X_P4_7_CAGATCAGTCAAAGAT,3-M-8,T cell,3,T cell,27.132645,-1.004684,930,1.3108412027359009
10X_P4_7_CAGATCAGTTCAGGCC,3-M-8,B cell,7,Unmatched_7,4.0089726,13.085712,931,0.7279195785522461
10X_P4_7_CAGATCAGTTTGGCGC,3-M-8,B cell,1,Unmatched_1,2.9945261,8.626522,932,0.583324670791626
10X_P4_7_CAGATCATCATCTGCC,3-M-8,B cell,0,B cell,-0.20012227,4.212003,933,0.5003641843795776
10X_P4_7_CAGCAGCAGAAGAAGC,3-M-8,B cell,0,B cell,2.0965602,3.9694288,934,1.4829168319702148
10X_P4_7_CAGCAGCAGAGACTTA,3-M-8,B cell,0,B cell,1.7722964,2.09243,935,0.5886011719703674
10X_P4_7_CAGCAGCAGCTCCTTC,3-M-8,B cell,0,B cell,0.5518911,5.982619,936,1.1392738819122314
10X_P4_7_CAGCAGCAGGGCTCTC,3-M-8,T cell,2,Unmatched_2,27.064953,0.98553777,937,0.5960407257080078
10X_P4_7_CAGCAGCCACCGGAAA,3-M-8,B cell,0,B cell,-2.032175,5.4114537,938,1.5601179599761963
10X_P4_7_CAGCAGCCATATGAGA,3-M-8,B cell,0,B cell,1.3251103,5.687296,939,0.8371381163597107
10X_P4_7_CAGCAGCGTAGGCATG,3-M-8,B cell,0,B cell,2.8110957,4.2415185,940,0.6702332496643066
10X_P4_7_CAGCAGCTCTCCTATA,3-M-8,B cell,0,B cell,1.6836201,3.5725737,941,0.5729643702507019
10X_P4_7_CAGCATAAGAACAACT,3-M-8,B cell,1,Unmatched_1,3.0659297,8.493293,942,0.8070317506790161
10X_P4_7_CAGCATAAGAGTTGGC,3-M-8,B cell,2,Unmatched_2,27.547182,-0.071697235,943,1.7786322832107544
10X_P4_7_CAGCATAAGCCCAACC,3-M-8,B cell,0,B cell,1.1204389,4.764014,944,0.4986738860607147
10X_P4_7_CAGCATAAGGACGAAA,3-M-8,B cell,0,B cell,2.7169318,4.033988,945,0.8119816184043884
10X_P4_7_CAGCATAGTTCCGGCA,3-M-8,natural killer cell,5,natural killer cell,31.026299,-1.9738263,946,1.9201741218566892
10X_P4_7_CAGCATATCTGGTATG,3-M-8,natural killer cell,5,natural killer cell,30.791166,-2.225702,947,2.198771476745605
10X_P4_7_CAGCCGAAGACAAGCC,3-M-8,natural killer cell,5,natural killer cell,30.817087,-1.7796574,948,3.218928337097168
10X_P4_7_CAGCCGAAGAGTGAGA,3-M-8,T cell,2,Unmatched_2,28.792316,0.30293554,949,1.5511852502822876
10X_P4_7_CAGCCGAAGTCCTCCT,3-M-8,B cell,0,B cell,1.2807069,2.647979,950,0.7782604694366455
10X_P4_7_CAGCCGACATTCGACA,3-M-8,B cell,0,B cell,-0.5617414,3.3208723,951,0.9445629119873048
10X_P4_7_CAGCCGAGTCAGTGGA,3-M-8,B cell,0,B cell,1.332314,2.0439062,952,0.5280542969703674
10X_P4_7_CAGCCGATCCATGAGT,3-M-8,B cell,0,B cell,-1.7074152,5.275661,953,1.6134217977523804
10X_P4_7_CAGCGACAGCGATAGC,3-M-8,B cell,0,B cell,2.2472503,2.7252028,954,0.6792160272598267
10X_P4_7_CAGCGACGTACCATCA,3-M-8,B cell,1,Unmatched_1,2.7908432,8.30165,955,0.5529141426086426
10X_P4_7_CAGCGACTCACATGCA,3-M-8,B cell,0,B cell,0.7404604,4.2429857,956,0.4264267385005951
10X_P4_7_CAGCGACTCAGGTAAA,3-M-8,B cell,0,B cell,-2.008807,5.52198,957,1.4902034997940063
10X_P4_7_CAGCGACTCCAGATCA,3-M-8,B cell,0,B cell,0.4103434,3.625164,958,0.4862127304077148
10X_P4_7_CAGCTAAAGGGTGTGT,3-M-8,B cell,0,B cell,1.9776516,7.074768,959,0.8532221913337708
10X_P4_7_CAGCTAACAAGCCTAT,3-M-8,T cell,3,T cell,26.318403,-1.0584269,960,0.905389964580536
10X_P4_7_CAGCTAACATCACGAT,3-M-8,B cell,0,B cell,-0.23649125,5.2744594,961,0.9994781613349916
10X_P4_7_CAGCTAAGTTCACGGC,3-M-8,B cell,0,B cell,-0.78001785,3.4740112,962,1.1458977460861206
10X_P4_7_CAGCTAAGTTGGGACA,3-M-8,B cell,0,B cell,1.165945,4.6261,963,0.6100953817367554
10X_P4_7_CAGCTGGCACAGCCCA,3-M-8,B cell,0,B cell,0.52638614,4.11633,964,0.3917807340621948
10X_P4_7_CAGCTGGCACTAGTAC,3-M-8,natural killer cell,5,natural killer cell,30.869383,-1.783719,965,2.9344255924224854
10X_P4_7_CAGCTGGGTGTGAATA,3-M-8,T cell,2,Unmatched_2,27.572996,1.4014394,966,0.5899057984352112
10X_P4_7_CAGCTGGTCATGCAAC,3-M-8,T cell,2,Unmatched_2,29.158022,1.0645461,967,1.071854591369629
10X_P4_7_CAGGTGCAGAACAATC,3-M-8,T cell,3,T cell,28.566557,-0.8665858,968,1.8700288534164429
10X_P4_7_CAGGTGCCAAGCGATG,3-M-8,B cell,0,B cell,-0.6916971,3.778063,969,0.5516906976699829
10X_P4_7_CAGGTGCCAATAACGA,3-M-8,T cell,3,T cell,25.955954,-1.2820905,970,0.8686590194702148
10X_P4_7_CAGGTGCCACGTCAGC,3-M-8,B cell,0,B cell,1.1207217,3.5836236,971,0.7468056678771973
10X_P4_7_CAGGTGCGTCCCTTGT,3-M-8,B cell,0,B cell,0.7132884,4.1886067,972,0.6212950944900513
10X_P4_7_CAGGTGCGTCGGCTCA,3-M-8,T cell,2,Unmatched_2,27.535646,0.85595614,973,0.8468909859657288
10X_P4_7_CAGTAACAGCTACCGC,3-M-8,B cell,0,B cell,0.0013625649,4.337599,974,0.7075363993644714
10X_P4_7_CAGTAACAGGCATTGG,3-M-8,B cell,0,B cell,2.6605864,3.2054114,975,0.6242691874504089
10X_P4_7_CAGTAACCATCACGAT,3-M-8,B cell,0,B cell,1.8102062,2.4024308,976,1.1883474588394165
10X_P4_7_CAGTAACGTCGCTTCT,3-M-8,B cell,0,B cell,-0.77283615,3.4356368,977,0.7657496333122253
10X_P4_7_CAGTAACTCGACCAGC,3-M-8,B cell,0,B cell,2.5638185,4.6402435,978,1.571491003036499
10X_P4_7_CAGTCCTAGCGATAGC,3-M-8,B cell,6,Unmatched_6,0.32612082,10.949326,979,2.001516103744507
10X_P4_7_CAGTCCTAGGGAAACA,3-M-8,T cell,2,Unmatched_2,28.55287,0.42485717,980,1.210769534111023
10X_P4_7_CAGTCCTCAAAGGCGT,3-M-8,B cell,0,B cell,0.34331927,5.001605,981,0.5029650926589966
10X_P4_7_CAGTCCTCAAGACGTG,3-M-8,B cell,0,B cell,2.2566454,5.36596,982,0.7520237565040588
10X_P4_7_CAGTCCTGTACCAGTT,3-M-8,B cell,0,B cell,1.5371758,3.26642,983,1.2541767358779907
10X_P4_7_CATATGGAGCGCTTAT,3-M-8,natural killer cell,5,natural killer cell,30.331413,-1.5496067,984,2.6501617431640625
10X_P4_7_CATATGGAGCGTGAAC,3-M-8,B cell,0,B cell,0.52009076,7.97051,985,0.690360963344574
10X_P4_7_CATATGGAGGCCATAG,3-M-8,B cell,0,B cell,0.62275666,4.72365,986,0.5147265195846558
10X_P4_7_CATATGGCAGATCCAT,3-M-8,dendritic cell,4,macrophage,3.4826977,17.326366,987,3.319276571273804
10X_P4_7_CATATGGGTAAATGAC,3-M-8,B cell,0,B cell,2.5930939,5.840164,988,1.5417464971542358
10X_P4_7_CATATGGGTAAGGATT,3-M-8,T cell,2,Unmatched_2,29.415264,0.9454225,989,1.5265965461730957
10X_P4_7_CATATGGGTCATATCG,3-M-8,B cell,0,B cell,0.25278926,4.2895994,990,0.4003320038318634
10X_P4_7_CATATTCAGATGGCGT,3-M-8,T cell,2,Unmatched_2,27.129557,1.1066302,991,0.7228307723999023
10X_P4_7_CATATTCAGTCGAGTG,3-M-8,B cell,0,B cell,-0.63918793,5.799663,992,1.2407395839691162
10X_P4_7_CATATTCGTAACGACG,3-M-8,B cell,0,B cell,0.7194744,4.1383657,993,0.4197808504104614
10X_P4_7_CATATTCTCAGAGACG,3-M-8,macrophage,4,macrophage,4.941583,16.229551,994,2.508702039718628
10X_P4_7_CATATTCTCGACCAGC,3-M-8,B cell,0,B cell,0.744433,4.555337,995,0.8520451188087463
10X_P4_7_CATATTCTCTACGAGT,3-M-8,B cell,0,B cell,1.4099284,7.520984,996,0.938519299030304
10X_P4_7_CATCAAGAGAGTGAGA,3-M-8,macrophage,4,macrophage,4.82714,16.26923,997,2.6304595470428467
10X_P4_7_CATCAAGAGTGGTAGC,3-M-8,macrophage,4,macrophage,4.9259615,16.268816,998,2.5775692462921143
10X_P4_7_CATCAAGCACGGCCAT,3-M-8,B cell,0,B cell,2.579872,2.987369,999,0.4535016715526581
10X_P4_7_CATCAAGGTGTGGCTC,3-M-8,B cell,0,B cell,1.2782353,3.1853075,1000,0.4980149865150451
10X_P4_7_CATCAAGTCAATACCG,3-M-8,B cell,0,B cell,1.5273129,5.0774193,1001,1.071581244468689
10X_P4_7_CATCAAGTCACCGTAA,3-M-8,T cell,2,Unmatched_2,27.841694,0.7712704,1002,0.7841165065765381
10X_P4_7_CATCAAGTCAGTCAGT,3-M-8,macrophage,4,macrophage,1.8975596,16.704771,1003,1.6063367128372192
10X_P4_7_CATCAGACAAGGTGTG,3-M-8,B cell,0,B cell,0.8644587,4.568962,1004,0.4165612757205963
10X_P4_7_CATCAGACAGGGATTG,3-M-8,B cell,0,B cell,1.8876446,3.7929182,1005,1.4273566007614136
10X_P4_7_CATCAGAGTAGCGCTC,3-M-8,B cell,0,B cell,0.10270866,2.7366452,1006,1.1392865180969238
10X_P4_7_CATCAGAGTGTCGCTG,3-M-8,B cell,0,B cell,2.2884362,4.0750203,1007,0.4123549461364746
10X_P4_7_CATCAGAGTTCGTGAT,3-M-8,T cell,3,T cell,27.654755,-1.1988049,1008,0.926118552684784
10X_P4_7_CATCAGATCCTCGCAT,3-M-8,T cell,2,Unmatched_2,27.365582,1.0065626,1009,0.618445634841919
10X_P4_7_CATCCACAGCTACCTA,3-M-8,B cell,0,B cell,-0.006340556,5.430707,1010,0.5621943473815918
10X_P4_7_CATCCACCAGGTTTCA,3-M-8,B cell,0,B cell,1.4344485,4.020608,1011,0.8440014719963074
10X_P4_7_CATCCACCATTGGGCC,3-M-8,macrophage,4,macrophage,4.859858,16.264107,1012,2.350681781768799
10X_P4_7_CATCCACGTTGCTCCT,3-M-8,B cell,0,B cell,1.6631198,4.997592,1013,0.6229895353317261
10X_P4_7_CATCCACTCTTCTGGC,3-M-8,B cell,6,Unmatched_6,0.23601004,11.361869,1014,2.4666104316711426
10X_P4_7_CATCGAAAGTGCGTGA,3-M-8,B cell,0,B cell,1.4276589,5.841445,1015,1.0739079713821411
10X_P4_7_CATCGAACACAGGTTT,3-M-8,B cell,0,B cell,1.377095,5.562416,1016,0.8292545080184937
10X_P4_7_CATCGAACATGGGACA,3-M-8,B cell,0,B cell,0.813487,2.8988643,1017,0.6362718939781189
10X_P4_7_CATCGAATCACTTACT,3-M-8,B cell,1,Unmatched_1,-2.6989381,4.1145334,1018,0.933967351913452
10X_P4_7_CATCGAATCTAACTTC,3-M-8,B cell,0,B cell,-1.9005542,5.4209867,1019,1.244503617286682
10X_P4_7_CATCGGGAGACGCTTT,3-M-8,T cell,3,T cell,25.85115,-0.52917707,1020,0.797235906124115
10X_P4_7_CATCGGGAGACTGTAA,3-M-8,T cell,3,T cell,28.016844,-1.2201347,1021,1.5701321363449097
10X_P4_7_CATCGGGAGTCCATAC,3-M-8,B cell,1,Unmatched_1,-2.5686378,4.194425,1022,0.8897705078125
10X_P4_7_CATCGGGGTAAGGGAA,3-M-8,B cell,7,Unmatched_7,3.8972943,13.148885,1023,0.8707578778266907
10X_P4_7_CATCGGGTCGCATGGC,3-M-8,natural killer cell,5,natural killer cell,30.999393,-1.9534799,1024,1.9568796157836916
10X_P4_7_CATGACAAGAGGACGG,3-M-8,B cell,0,B cell,2.3504503,4.831702,1025,1.2687172889709473
10X_P4_7_CATGACACACAAGACG,3-M-8,T cell,2,Unmatched_2,27.197874,1.2345302,1026,0.6564412713050842
10X_P4_7_CATGACACACTTAAGC,3-M-8,B cell,0,B cell,1.1299838,3.9187164,1027,0.5008335709571838
10X_P4_7_CATGACACAGCTTAAC,3-M-8,T cell,2,Unmatched_2,27.400192,1.4195132,1028,0.5638212561607361
10X_P4_7_CATGACACAGGTCGTC,3-M-8,macrophage,4,macrophage,3.379862,16.037876,1029,2.6524553298950195
10X_P4_7_CATGACATCATCACCC,3-M-8,B cell,0,B cell,1.3418373,3.0556767,1030,0.5788241028785706
10X_P4_7_CATGACATCGAACGGA,3-M-8,B cell,0,B cell,2.2162743,5.0754027,1031,1.138654112815857
10X_P4_7_CATGCCTAGATATACG,3-M-8,natural killer cell,5,natural killer cell,30.90962,-1.9058373,1032,1.924152135848999
10X_P4_7_CATGCCTAGCCAGTTT,3-M-8,B cell,0,B cell,1.7471881,2.388911,1033,0.6886404752731323
10X_P4_7_CATGCCTAGCGTCAAG,3-M-8,B cell,0,B cell,2.1223047,5.403649,1034,0.6484684348106384
10X_P4_7_CATGCCTAGCGTCTAT,3-M-8,B cell,0,B cell,0.48296395,3.455837,1035,0.4843732714653015
10X_P4_7_CATGCCTAGGTGCTTT,3-M-8,macrophage,4,macrophage,3.4711244,15.95019,1036,1.53081476688385
10X_P4_7_CATGCCTAGTGTACGG,3-M-8,B cell,0,B cell,-0.13912018,3.2732701,1037,1.4342164993286133
10X_P4_7_CATGCCTGTAGAGCTG,3-M-8,T cell,3,T cell,27.756527,-1.099102,1038,1.027396559715271
10X_P4_7_CATGCCTTCAGAGCTT,3-M-8,T cell,2,Unmatched_2,29.22153,0.8658312,1039,1.5769729614257812
10X_P4_7_CATGCCTTCATCACCC,3-M-8,B cell,0,B cell,1.9184757,4.803864,1040,0.6876533627510071
10X_P4_7_CATGGCGAGCGGATCA,3-M-8,B cell,1,Unmatched_1,3.7488859,7.784817,1041,0.6404039263725281
10X_P4_7_CATGGCGCATTCTCAT,3-M-8,B cell,0,B cell,2.1402035,2.779951,1042,0.5324862003326416
10X_P4_7_CATGGCGGTCCGCTGA,3-M-8,B cell,0,B cell,1.7883731,2.6320338,1043,0.7529996037483215
10X_P4_7_CATGGCGGTGTATGGG,3-M-8,T cell,5,natural killer cell,30.065847,-0.61908495,1044,1.7415916919708252
10X_P4_7_CATGGCGGTTCCAACA,3-M-8,B cell,0,B cell,0.4768733,4.514858,1045,0.3981113731861114
10X_P4_7_CATGGCGTCTTGCATT,3-M-8,macrophage,4,macrophage,3.6573548,15.74175,1046,1.6931742429733276
10X_P4_7_CATTATCAGATATGCA,3-M-8,macrophage,4,macrophage,1.938591,16.686663,1047,1.4806472063064575
10X_P4_7_CATTATCAGCAAATCA,3-M-8,B cell,0,B cell,1.3403984,3.907587,1048,0.7022960782051086
10X_P4_7_CATTATCAGGGTTTCT,3-M-8,B cell,0,B cell,1.7407864,5.183766,1049,0.6525765657424927
10X_P4_7_CATTATCCATAGTAAG,3-M-8,B cell,0,B cell,1.250041,6.761602,1050,0.5695040225982666
10X_P4_7_CATTATCGTCTTCAAG,3-M-8,B cell,0,B cell,1.3271837,5.1373725,1051,0.7758382558822632
10X_P4_7_CATTATCTCCGCAAGC,3-M-8,B cell,0,B cell,0.29610586,7.7549076,1052,0.8728680610656738
10X_P4_7_CATTCGCAGGCGTACA,3-M-8,B cell,1,Unmatched_1,3.6238472,8.447298,1053,0.751706600189209
10X_P4_7_CATTCGCCAGAGTGTG,3-M-8,macrophage,4,macrophage,4.998413,16.200628,1054,3.596492290496826
10X_P4_7_CATTCGCCATCATCCC,3-M-8,B cell,6,Unmatched_6,-0.3239596,12.029144,1055,3.1062629222869877
10X_P4_7_CATTCGCCATGACATC,3-M-8,T cell,2,Unmatched_2,27.038336,0.92957157,1056,0.6852139830589294
10X_P4_7_CATTCGCCATGCTAGT,3-M-8,B cell,0,B cell,2.0446148,2.8919487,1057,0.6834510564804077
10X_P4_7_CATTCGCGTATATGGA,3-M-8,natural killer cell,5,natural killer cell,31.036945,-2.376775,1058,1.7563211917877195
10X_P4_7_CATTCGCGTCTAGCCG,3-M-8,B cell,1,Unmatched_1,1.8464013,7.706426,1059,0.9583277106285096
10X_P4_7_CATTCGCGTGGTAACG,3-M-8,B cell,0,B cell,1.4538589,2.317564,1060,0.64371258020401
10X_P4_7_CATTCGCGTTGCTCCT,3-M-8,T cell,3,T cell,27.84406,-1.2081662,1061,0.9109880328178406
10X_P4_7_CATTCGCTCGACGGAA,3-M-8,B cell,1,Unmatched_1,2.820016,7.8552594,1062,0.6606007814407349
10X_P4_7_CATTCGCTCTATCGCC,3-M-8,B cell,1,Unmatched_1,2.1508193,8.254382,1063,0.6197369694709778
10X_P4_7_CCAATCCAGCGTTGCC,3-M-8,T cell,3,T cell,27.376356,-0.93091714,1064,1.8760154247283936
10X_P4_7_CCAATCCAGCTTTGGT,3-M-8,B cell,0,B cell,2.1812336,2.625879,1065,0.584277868270874
10X_P4_7_CCAATCCAGGCAAAGA,3-M-8,B cell,0,B cell,-0.6606676,4.240316,1066,0.5675040483474731
10X_P4_7_CCAATCCCATACAGCT,3-M-8,B cell,0,B cell,-0.12443882,5.2297173,1067,0.5924184322357178
10X_P4_7_CCAATCCGTTACGTCA,3-M-8,T cell,3,T cell,26.260973,-1.2065669,1068,0.548712968826294
10X_P4_7_CCACCTAAGTCTTGCA,3-M-8,B cell,0,B cell,0.1624613,3.4735124,1069,0.5564255118370056
10X_P4_7_CCACCTACAAATCCGT,3-M-8,T cell,5,natural killer cell,30.044645,-0.64266956,1070,1.988750457763672
10X_P4_7_CCACCTACAAGTCTAC,3-M-8,B cell,0,B cell,0.23351823,3.7055588,1071,0.7125963568687439
10X_P4_7_CCACCTACACATTTCT,3-M-8,B cell,0,B cell,2.1928258,5.983806,1072,0.9992230534553528
10X_P4_7_CCACCTACAGGGCATA,3-M-8,B cell,0,B cell,2.395569,5.1288333,1073,0.9442830085754396
10X_P4_7_CCACCTACATTAGGCT,3-M-8,T cell,2,Unmatched_2,27.966784,0.37421227,1074,1.06778085231781
10X_P4_7_CCACCTAGTGCTCTTC,3-M-8,macrophage,4,macrophage,1.9920747,16.640137,1075,2.2436394691467285
10X_P4_7_CCACCTAGTGTGTGCC,3-M-8,B cell,0,B cell,1.6500411,1.8913677,1076,1.3827441930770874
10X_P4_7_CCACCTAGTTAAGAAC,3-M-8,T cell,2,Unmatched_2,27.21442,1.3152533,1077,0.6742715239524841
10X_P4_7_CCACCTATCACGATGT,3-M-8,B cell,0,B cell,-0.18654469,5.0656085,1078,0.4419993758201599
10X_P4_7_CCACCTATCCGTACAA,3-M-8,B cell,0,B cell,1.0727929,3.148436,1079,0.6007310152053833
10X_P4_7_CCACGGAAGAAGCCCA,3-M-8,B cell,0,B cell,1.9565462,3.6981955,1080,1.2901352643966677
10X_P4_7_CCACGGAAGGTAGCCA,3-M-8,B cell,1,Unmatched_1,3.4841979,7.716455,1081,0.7361220121383667
10X_P4_7_CCACGGACAAGTACCT,3-M-8,B cell,0,B cell,0.41709948,7.2180686,1082,0.9950885772705078
10X_P4_7_CCACGGAGTAAATACG,3-M-8,macrophage,4,macrophage,1.9384598,16.671764,1083,1.7015225887298584
10X_P4_7_CCACGGAGTCACAAGG,3-M-8,B cell,7,Unmatched_7,3.9241617,13.179041,1084,0.7200852036476135
10X_P4_7_CCACGGATCCTGTAGA,3-M-8,T cell,2,Unmatched_2,29.40605,0.7170523,1085,1.166019082069397
10X_P4_7_CCACGGATCGTAGGTT,3-M-8,B cell,0,B cell,2.1839442,4.981722,1086,1.40961754322052
10X_P4_7_CCACTACAGATGGGTC,3-M-8,B cell,1,Unmatched_1,-2.4778688,4.0440884,1087,0.9368566870689392
10X_P4_7_CCACTACAGCTGCGAA,3-M-8,natural killer cell,5,natural killer cell,31.005959,-2.4028454,1088,1.8810853958129885
10X_P4_7_CCACTACAGGGTATCG,3-M-8,B cell,0,B cell,1.0549692,3.7806904,1089,0.4760078489780426
10X_P4_7_CCACTACCACCAGGCT,3-M-8,macrophage,4,macrophage,4.70255,14.980448,1090,2.7347469329833984
10X_P4_7_CCACTACCAGATGGGT,3-M-8,B cell,1,Unmatched_1,-2.2944846,4.1839895,1091,0.7673797011375427
10X_P4_7_CCACTACCATCAGTCA,3-M-8,B cell,0,B cell,0.926606,4.739385,1092,0.4431408643722534
10X_P4_7_CCACTACTCAGTCAGT,3-M-8,B cell,0,B cell,-2.0337365,5.524676,1093,1.2047854661941528
10X_P4_7_CCACTACTCCTAAGTG,3-M-8,B cell,1,Unmatched_1,-2.6261468,4.042579,1094,1.0070945024490356
10X_P4_7_CCACTACTCTCACATT,3-M-8,B cell,0,B cell,-0.064131334,3.0330715,1095,0.7547560334205627
10X_P4_7_CCACTACTCTTGTACT,3-M-8,B cell,0,B cell,1.4342881,2.7365844,1096,0.6979827880859375
10X_P4_7_CCAGCGAAGAGCTTCT,3-M-8,B cell,0,B cell,1.9775429,6.7267027,1097,0.7721945643424988
10X_P4_7_CCAGCGAAGAGTGACC,3-M-8,B cell,0,B cell,0.32113102,4.201868,1098,0.4875754117965698
10X_P4_7_CCAGCGAAGAGTTGGC,3-M-8,B cell,0,B cell,2.5453722,4.64842,1099,1.0542174577713013
10X_P4_7_CCAGCGACAAGAAAGG,3-M-8,B cell,0,B cell,1.3851752,2.1689355,1100,0.709060549736023
10X_P4_7_CCAGCGAGTACCGGCT,3-M-8,B cell,0,B cell,1.1090769,2.764815,1101,0.6920897960662842
10X_P4_7_CCAGCGAGTCACCTAA,3-M-8,B cell,6,Unmatched_6,-0.32966724,12.035999,1102,4.559726238250732
10X_P4_7_CCAGCGAGTGTAACGG,3-M-8,B cell,1,Unmatched_1,3.240354,7.7865043,1103,0.5162107348442078
10X_P4_7_CCATGTCAGATAGCAT,3-M-8,T cell,3,T cell,28.273933,-1.5224591,1104,1.1527202129364014
10X_P4_7_CCATGTCAGATCGATA,3-M-8,B cell,0,B cell,1.3334754,2.1384077,1105,0.7032493948936462
10X_P4_7_CCATGTCCACTACAGT,3-M-8,B cell,0,B cell,2.3763516,5.092687,1106,0.8717384934425354
10X_P4_7_CCATGTCCATACGCCG,3-M-8,T cell,2,Unmatched_2,26.76007,1.3808312,1107,0.552169680595398
10X_P4_7_CCATGTCGTCCGAATT,3-M-8,B cell,6,Unmatched_6,1.6539112,7.2694225,1108,1.272145390510559
10X_P4_7_CCATGTCTCGTCGTTC,3-M-8,B cell,0,B cell,1.5166333,5.886735,1109,0.7138333320617676
10X_P4_7_CCATGTCTCTAGCACA,3-M-8,B cell,0,B cell,-1.8152597,5.362861,1110,1.3009450435638428
10X_P4_7_CCATTCGAGCTTCGCG,3-M-8,B cell,0,B cell,0.7202581,3.6017323,1111,0.535391092300415
10X_P4_7_CCATTCGAGGCTCAGA,3-M-8,T cell,3,T cell,26.022696,-1.2590257,1112,0.5858087539672852
10X_P4_7_CCATTCGCAGGCGATA,3-M-8,T cell,2,Unmatched_2,26.76841,1.2035542,1113,0.7416967749595642
10X_P4_7_CCATTCGCATCGGGTC,3-M-8,B cell,0,B cell,0.5922446,4.447256,1114,0.3869314193725586
10X_P4_7_CCATTCGGTGGTTTCA,3-M-8,B cell,0,B cell,0.7305084,4.485472,1115,0.7068092226982117
10X_P4_7_CCATTCGTCTGTCCGT,3-M-8,macrophage,4,macrophage,3.672807,15.757992,1116,2.746775388717652
10X_P4_7_CCATTCGTCTTACCTA,3-M-8,B cell,0,B cell,0.013489566,4.4884953,1117,0.454474925994873
10X_P4_7_CCCAATCCAAGTCTAC,3-M-8,T cell,3,T cell,25.90296,-1.0834311,1118,0.8793176412582397
10X_P4_7_CCCAATCCAATCTACG,3-M-8,B cell,0,B cell,0.9095215,3.5112414,1119,0.562421977519989
10X_P4_7_CCCAATCCACGCTTTC,3-M-8,B cell,0,B cell,-0.7464275,4.2062383,1120,0.8768125772476196
10X_P4_7_CCCAATCCAGCTTCGG,3-M-8,B cell,1,Unmatched_1,0.9100569,7.3896055,1121,0.9253780841827391
10X_P4_7_CCCAATCGTATGAAAC,3-M-8,B cell,0,B cell,1.6635716,2.7450943,1122,0.5572555065155029
10X_P4_7_CCCAATCGTCTAGCGC,3-M-8,B cell,1,Unmatched_1,3.275086,7.9428687,1123,0.8194105625152588
10X_P4_7_CCCAATCGTGACCAAG,3-M-8,T cell,3,T cell,25.99877,-0.8557015,1124,0.7234815359115601
10X_P4_7_CCCAATCGTTATGTGC,3-M-8,macrophage,4,macrophage,5.0017624,16.2206,1125,3.105686902999878
10X_P4_7_CCCAATCTCCTTTCGG,3-M-8,B cell,0,B cell,1.6066208,4.6387873,1126,0.6995304226875305
10X_P4_7_CCCAATCTCTACTTAC,3-M-8,B cell,1,Unmatched_1,2.759826,7.9791117,1127,0.7643683552742004
10X_P4_7_CCCAGTTCAACTGGCC,3-M-8,B cell,0,B cell,1.6398987,2.4898458,1128,0.6915024518966675
10X_P4_7_CCCAGTTCACGTAAGG,3-M-8,B cell,0,B cell,1.8559958,5.0524225,1129,0.8173031210899353
10X_P4_7_CCCAGTTCACTTCGAA,3-M-8,B cell,0,B cell,0.23231815,3.1522574,1130,0.5820114016532898
10X_P4_7_CCCAGTTCATGGGACA,3-M-8,T cell,3,T cell,26.806772,-1.0054961,1131,0.8968111872673035
10X_P4_7_CCCAGTTGTTAAAGTG,3-M-8,macrophage,4,macrophage,2.4040403,16.485525,1132,2.4008049964904785
10X_P4_7_CCCAGTTGTTCGTCTC,3-M-8,T cell,2,Unmatched_2,27.084694,1.3756458,1133,0.5938869714736938
10X_P4_7_CCCAGTTTCACCACCT,3-M-8,B cell,6,Unmatched_6,0.21400341,11.4118395,1134,2.2728819847106934
10X_P4_7_CCCAGTTTCTGAGTGT,3-M-8,B cell,7,Unmatched_7,4.019203,13.116783,1135,0.5640498399734497
10X_P4_7_CCCATACAGCTCTCGG,3-M-8,B cell,6,Unmatched_6,0.74317193,11.469989,1136,5.334986209869385
10X_P4_7_CCCATACAGGATATAC,3-M-8,B cell,0,B cell,1.7364674,5.2629547,1137,1.4650335311889648
10X_P4_7_CCCATACCAATGGAAT,3-M-8,B cell,0,B cell,1.9101113,2.8446102,1138,0.8248494267463684
10X_P4_7_CCCATACCACAGGCCT,3-M-8,T cell,3,T cell,25.96229,-1.0912246,1139,0.6648342609405518
10X_P4_7_CCCATACCACCTTGTC,3-M-8,natural killer cell,5,natural killer cell,31.054642,-2.3920228,1140,1.8633031845092771
10X_P4_7_CCCATACCATGGATGG,3-M-8,B cell,0,B cell,2.3328705,4.453886,1141,1.263868808746338
10X_P4_7_CCCATACGTTACGCGC,3-M-8,B cell,0,B cell,-1.3475909,5.087044,1142,0.988683819770813
10X_P4_7_CCCATACTCAAGCCTA,3-M-8,macrophage,4,macrophage,1.9380507,16.668041,1143,2.147275447845459
10X_P4_7_CCCATACTCACCTTAT,3-M-8,B cell,0,B cell,-1.2254314,5.520981,1144,1.1735824346542358
10X_P4_7_CCCATACTCCTCCTAG,3-M-8,B cell,1,Unmatched_1,4.4143467,6.9351134,1145,1.371424436569214
10X_P4_7_CCCTCCTAGACAGGCT,3-M-8,B cell,0,B cell,-0.7585448,3.6815708,1146,0.5919845700263977
10X_P4_7_CCCTCCTAGAGTTGGC,3-M-8,B cell,0,B cell,2.3792062,2.909638,1147,0.6513648629188538
10X_P4_7_CCCTCCTCACACATGT,3-M-8,B cell,0,B cell,1.9797974,2.410943,1148,0.4936757385730743
10X_P4_7_CCCTCCTCACGGCGTT,3-M-8,B cell,0,B cell,0.6512957,3.2953515,1149,0.5336176156997681
10X_P4_7_CCCTCCTCATTTGCTT,3-M-8,B cell,0,B cell,1.4938947,5.0970187,1150,0.5442190766334534
10X_P4_7_CCCTCCTGTCGTGGCT,3-M-8,B cell,0,B cell,-0.29516128,5.315938,1151,0.8393764495849609
10X_P4_7_CCCTCCTGTGCAACGA,3-M-8,B cell,0,B cell,2.3444185,4.503479,1152,0.8987191319465637
10X_P4_7_CCCTCCTGTGCGCTTG,3-M-8,B cell,0,B cell,1.2342869,2.70673,1153,0.8503260612487793
10X_P4_7_CCCTCCTTCGCGCCAA,3-M-8,macrophage,4,macrophage,4.987489,16.219048,1154,2.514756679534912
10X_P4_7_CCCTCCTTCTGAGTGT,3-M-8,T cell,2,Unmatched_2,29.32202,0.62635005,1155,1.3219300508499146
10X_P4_7_CCGGGATCACATGGGA,3-M-8,B cell,0,B cell,2.3069704,2.8849142,1156,0.4726133942604065
10X_P4_7_CCGGGATTCGCATGAT,3-M-8,B cell,6,Unmatched_6,-0.31349507,12.017792,1157,3.395867824554444
10X_P4_7_CCGGTAGAGGCAGTCA,3-M-8,B cell,9,Unmatched_9,6.347102,-5.571468,1158,5.109276294708252
10X_P4_7_CCGGTAGAGGTAAACT,3-M-8,B cell,0,B cell,1.1172266,5.4961467,1159,0.6844789385795593
10X_P4_7_CCGGTAGAGGTAGCCA,3-M-8,B cell,0,B cell,1.3139567,4.432585,1160,0.7483024001121521
10X_P4_7_CCGGTAGCAATGGAAT,3-M-8,B cell,0,B cell,2.0499442,2.1291933,1161,0.4765985012054443
10X_P4_7_CCGGTAGCACGAAACG,3-M-8,T cell,2,Unmatched_2,27.528322,0.1050949,1162,1.4450743198394775
10X_P4_7_CCGGTAGTCTGCAGTA,3-M-8,B cell,0,B cell,0.55231214,4.525944,1163,0.4390055239200592
10X_P4_7_CCGTACTAGATAGCAT,3-M-8,T cell,2,Unmatched_2,24.916279,1.8680629,1164,1.0745012760162354
10X_P4_7_CCGTACTGTACAGTGG,3-M-8,B cell,0,B cell,2.382876,2.6086364,1165,0.5831436514854431
10X_P4_7_CCGTACTGTCTCGTTC,3-M-8,B cell,0,B cell,2.4773474,5.285615,1166,0.647416889667511
10X_P4_7_CCGTACTGTGTGACGA,3-M-8,T cell,3,T cell,28.535458,-1.3867018,1167,1.1529661417007446
10X_P4_7_CCGTACTTCAAGGCTT,3-M-8,B cell,0,B cell,-0.11388019,3.9876964,1168,0.4924017190933227
10X_P4_7_CCGTACTTCTCTAGGA,3-M-8,T cell,3,T cell,26.131937,-1.336413,1169,0.6510082483291626
10X_P4_7_CCGTGGAAGGATCGCA,3-M-8,B cell,0,B cell,1.6458614,2.4517655,1170,0.6423416137695312
10X_P4_7_CCGTGGAAGTAATCCC,3-M-8,macrophage,4,macrophage,1.9598931,16.677423,1171,1.5505584478378296
10X_P4_7_CCGTGGAGTTCTGGTA,3-M-8,natural killer cell,5,natural killer cell,30.932327,-1.8761251,1172,1.9419786930084229
10X_P4_7_CCGTTCAAGCCACTAT,3-M-8,B cell,0,B cell,2.2377665,4.712358,1173,1.0012716054916382
10X_P4_7_CCGTTCACAAGTACCT,3-M-8,B cell,0,B cell,0.6206126,3.3624904,1174,0.9370722770690918
10X_P4_7_CCGTTCACAGCCTGTG,3-M-8,macrophage,4,macrophage,2.168137,16.602888,1175,2.174854278564453
10X_P4_7_CCGTTCACAGGAATCG,3-M-8,B cell,0,B cell,0.38414076,7.6222653,1176,1.5416823625564575
10X_P4_7_CCGTTCACATCAGTAC,3-M-8,T cell,2,Unmatched_2,27.778399,1.0831192,1177,0.6513555645942688
10X_P4_7_CCGTTCAGTAGTGAAT,3-M-8,B cell,1,Unmatched_1,28.87942,-0.5963508,1178,0.8825139999389648
10X_P4_7_CCGTTCAGTCGAGTTT,3-M-8,macrophage,4,macrophage,4.6717544,14.863638,1179,2.553394556045532
10X_P4_7_CCGTTCATCAAACGGG,3-M-8,T cell,3,T cell,26.29593,-0.574126,1180,0.7076012492179871
10X_P4_7_CCGTTCATCCTTTACA,3-M-8,B cell,0,B cell,1.4663371,2.0614293,1181,0.5660305619239807
10X_P4_7_CCGTTCATCGTCGTTC,3-M-8,T cell,2,Unmatched_2,27.68316,1.348053,1182,0.58017897605896
10X_P4_7_CCTAAAGAGCTAAGAT,3-M-8,B cell,0,B cell,1.7858998,3.1315784,1183,0.5854762196540833
10X_P4_7_CCTAAAGAGTACGATA,3-M-8,B cell,0,B cell,1.2582098,3.6390226,1184,0.5275072455406189
10X_P4_7_CCTAAAGAGTTGAGTA,3-M-8,B cell,0,B cell,-0.6034853,4.452496,1185,0.5211012959480286
10X_P4_7_CCTAAAGCACAGCGTC,3-M-8,T cell,3,T cell,26.026554,-0.8977875,1186,0.6077218055725098
10X_P4_7_CCTAAAGCAGATAATG,3-M-8,B cell,0,B cell,0.7018473,3.6501014,1187,0.4092903137207031
10X_P4_7_CCTAAAGGTCCGTTAA,3-M-8,B cell,0,B cell,0.9864711,4.3752747,1188,0.5037120580673218
10X_P4_7_CCTAAAGGTCTCTTTA,3-M-8,T cell,2,Unmatched_2,27.679901,1.4054255,1189,0.7171893119812012
10X_P4_7_CCTAAAGGTCTGCGGT,3-M-8,B cell,0,B cell,1.5020955,3.0345879,1190,1.1239315271377563
10X_P4_7_CCTAAAGGTGGCGAAT,3-M-8,B cell,0,B cell,2.1089115,3.512473,1191,0.8189670443534851
10X_P4_7_CCTAAAGGTTTGTTTC,3-M-8,B cell,0,B cell,-0.12153479,4.469189,1192,0.5441601872444153
10X_P4_7_CCTAAAGTCACATGCA,3-M-8,B cell,0,B cell,1.7229769,2.0004501,1193,0.8802803158760071
10X_P4_7_CCTAAAGTCCTAGAAC,3-M-8,T cell,3,T cell,25.948715,-0.85794383,1194,0.6584625840187073
10X_P4_7_CCTAAAGTCTCTAAGG,3-M-8,T cell,3,T cell,26.557772,-1.0826648,1195,0.689564049243927
10X_P4_7_CCTACACGTAAGGATT,3-M-8,B cell,0,B cell,1.0093273,2.793975,1196,1.3822096586227417
10X_P4_7_CCTACACGTCCAGTTA,3-M-8,T cell,3,T cell,27.699411,-1.0907875,1197,1.1575168371200562
10X_P4_7_CCTACACGTCCGTGAC,3-M-8,B cell,0,B cell,1.7478932,6.4583917,1198,0.7432311177253723
10X_P4_7_CCTACACGTGACAAAT,3-M-8,B cell,0,B cell,2.0321705,3.3711767,1199,0.8312150239944458
10X_P4_7_CCTACACGTGTGCGTC,3-M-8,B cell,0,B cell,-1.8596951,5.3984623,1200,1.2041099071502686
10X_P4_7_CCTACACTCACTGGGC,3-M-8,B cell,0,B cell,1.4060619,3.3095715,1201,0.6527881026268005
10X_P4_7_CCTACACTCGGAATCT,3-M-8,macrophage,4,macrophage,3.6674435,15.743923,1202,1.4573959112167358
10X_P4_7_CCTACCAAGAAACCAT,3-M-8,T cell,2,Unmatched_2,27.015194,1.1978571,1203,0.5423646569252014
10X_P4_7_CCTACCAAGATGAGAG,3-M-8,B cell,0,B cell,2.4162545,3.425254,1204,0.4542210698127746
10X_P4_7_CCTACCAAGCGATCCC,3-M-8,B cell,1,Unmatched_1,2.7638638,8.039214,1205,1.0328691005706787
10X_P4_7_CCTACCACAAGAAGAG,3-M-8,B cell,0,B cell,1.1450133,2.4301383,1206,0.9851574897766112
10X_P4_7_CCTACCACACAAGCCC,3-M-8,B cell,1,Unmatched_1,3.8587594,7.884473,1207,0.693828821182251
10X_P4_7_CCTACCATCACTTATC,3-M-8,B cell,1,Unmatched_1,3.0719361,7.9058747,1208,0.5756077170372009
10X_P4_7_CCTACCATCTCAAACG,3-M-8,B cell,0,B cell,1.8658359,4.805108,1209,0.6855719089508057
10X_P4_7_CCTAGCTAGAGGGATA,3-M-8,B cell,0,B cell,2.145015,2.2267954,1210,0.5123425722122192
10X_P4_7_CCTAGCTGTACCAGTT,3-M-8,B cell,0,B cell,2.092216,2.772658,1211,0.7310590744018555
10X_P4_7_CCTAGCTGTTCGTCTC,3-M-8,B cell,0,B cell,1.8218565,2.2037015,1212,0.7537505030632019
10X_P4_7_CCTAGCTTCCGTCAAA,3-M-8,B cell,0,B cell,-0.49343377,4.339,1213,0.4824883639812469
10X_P4_7_CCTAGCTTCCTTTCTC,3-M-8,B cell,2,Unmatched_2,25.131796,2.0859547,1214,1.3652777671813965
10X_P4_7_CCTAGCTTCTCGTATT,3-M-8,B cell,0,B cell,0.48995137,6.9750595,1215,0.6849316358566284
10X_P4_7_CCTATTAAGCTATGCT,3-M-8,B cell,7,Unmatched_7,3.9637187,13.139973,1216,0.6445969939231873
10X_P4_7_CCTATTAAGCTGATAA,3-M-8,B cell,0,B cell,-0.39556566,3.789162,1217,0.4396556913852691
10X_P4_7_CCTATTAAGGCCCTCA,3-M-8,T cell,5,natural killer cell,30.0966,-0.605879,1218,1.43579363822937
10X_P4_7_CCTATTACACGAAACG,3-M-8,B cell,1,Unmatched_1,3.164553,7.0672393,1219,0.6207572221755981
10X_P4_7_CCTATTACACTGTCGG,3-M-8,B cell,0,B cell,0.51440966,3.8923903,1220,0.4394050538539886
10X_P4_7_CCTATTAGTCGAACAG,3-M-8,B cell,1,Unmatched_1,2.165988,7.7375426,1221,0.6606359481811523
10X_P4_7_CCTATTATCCACGAAT,3-M-8,B cell,0,B cell,0.43116775,5.3691955,1222,0.4725069403648376
10X_P4_7_CCTCAGTAGCCATCGC,3-M-8,B cell,1,Unmatched_1,2.5703177,7.6373987,1223,0.5950284600257874
10X_P4_7_CCTCAGTAGGCTACGA,3-M-8,B cell,1,Unmatched_1,2.9421506,8.313314,1224,0.567499041557312
10X_P4_7_CCTCAGTAGGGTCGAT,3-M-8,B cell,0,B cell,-0.04734013,4.2682734,1225,0.4323536157608032
10X_P4_7_CCTCAGTAGGTGATAT,3-M-8,T cell,3,T cell,25.799562,-1.0239937,1226,0.6798840761184692
10X_P4_7_CCTCAGTGTCACTTCC,3-M-8,B cell,1,Unmatched_1,2.8939028,7.659567,1227,0.4749787747859955
10X_P4_7_CCTCAGTGTTGCGTTA,3-M-8,B cell,0,B cell,-0.7906514,5.807799,1228,1.7196533679962158
10X_P4_7_CCTCAGTTCACATACG,3-M-8,B cell,0,B cell,2.2822948,2.429463,1229,0.7955425381660461
10X_P4_7_CCTCAGTTCCTGCAGG,3-M-8,B cell,0,B cell,2.6613286,3.7783635,1230,0.6810011863708496
10X_P4_7_CCTCAGTTCGACGGAA,3-M-8,B cell,0,B cell,2.0723166,3.100261,1231,0.6370735764503479
10X_P4_7_CCTCAGTTCTCGCATC,3-M-8,B cell,0,B cell,0.4242108,4.4801497,1232,0.419174462556839
10X_P4_7_CCTTACGAGATGTTAG,3-M-8,B cell,0,B cell,1.1097631,4.584663,1233,0.426170140504837
10X_P4_7_CCTTACGAGTGCCATT,3-M-8,B cell,0,B cell,1.9410715,3.4655786,1234,0.7564767599105835
10X_P4_7_CCTTACGCACGACGAA,3-M-8,B cell,1,Unmatched_1,2.6122906,7.9062104,1235,0.4531932771205902
10X_P4_7_CCTTACGGTCAAGCGA,3-M-8,B cell,0,B cell,0.43338856,4.8435516,1236,0.4105656743049621
10X_P4_7_CCTTACGGTGAGTATA,3-M-8,macrophage,4,macrophage,2.5293908,16.385141,1237,2.299140214920044
10X_P4_7_CCTTACGGTGATGCCC,3-M-8,B cell,0,B cell,1.8501896,6.648146,1238,0.6007939577102661
10X_P4_7_CCTTACGTCCTGCCAT,3-M-8,B cell,0,B cell,0.36418062,4.6601477,1239,0.4218600392341614
10X_P4_7_CCTTCCCAGAATCTCC,3-M-8,T cell,2,Unmatched_2,28.690441,0.341684,1240,1.0210440158843994
10X_P4_7_CCTTCCCCACATTTCT,3-M-8,B cell,0,B cell,0.47455704,3.8904285,1241,0.3957195281982422
10X_P4_7_CCTTCCCCAGTACACT,3-M-8,T cell,2,Unmatched_2,27.088022,1.2813598,1242,0.6297685503959656
10X_P4_7_CCTTCCCGTCTTCGTC,3-M-8,B cell,0,B cell,-1.9685956,5.406641,1243,1.3667290210723877
10X_P4_7_CCTTCCCGTGTCGCTG,3-M-8,B cell,0,B cell,0.8360577,3.4897823,1244,0.8792458772659302
10X_P4_7_CCTTCGAAGATAGTCA,3-M-8,B cell,0,B cell,0.6157293,3.370998,1245,0.4344542920589447
10X_P4_7_CCTTCGAAGCAATATG,3-M-8,T cell,3,T cell,27.269293,-0.47365645,1246,1.2789541482925415
10X_P4_7_CCTTCGAAGGATGGAA,3-M-8,T cell,3,T cell,26.558243,-1.1510774,1247,0.5719141364097595
10X_P4_7_CCTTCGAAGGTGACCA,3-M-8,B cell,0,B cell,-1.7580862,5.5860453,1248,1.50033438205719
10X_P4_7_CCTTCGACAGACTCGC,3-M-8,B cell,0,B cell,0.1574915,6.9950128,1249,0.9042415618896484
10X_P4_7_CCTTCGACATCAGTCA,3-M-8,natural killer cell,5,natural killer cell,30.890507,-1.8424102,1250,1.9989382028579712
10X_P4_7_CCTTCGAGTCTGATTG,3-M-8,B cell,1,Unmatched_1,2.4492002,7.37037,1251,0.6288877725601196
10X_P4_7_CCTTCGATCAGTTAGC,3-M-8,T cell,5,natural killer cell,30.063942,-0.679673,1252,1.4120588302612305
10X_P4_7_CCTTCGATCCCTTGCA,3-M-8,B cell,0,B cell,2.6219525,5.2485194,1253,0.7585557103157043
10X_P4_7_CCTTCGATCTGCGACG,3-M-8,B cell,1,Unmatched_1,2.9565978,8.382583,1254,0.523127019405365
10X_P4_7_CCTTCGATCTGGAGCC,3-M-8,B cell,0,B cell,1.2005614,3.3409019,1255,0.7761595249176025
10X_P4_7_CCTTTCTAGATTACCC,3-M-8,B cell,0,B cell,-0.4621426,4.0592346,1256,0.7141595482826233
10X_P4_7_CCTTTCTCAAGCTGGA,3-M-8,B cell,0,B cell,2.7188373,6.8683405,1257,0.5897406339645386
10X_P4_7_CCTTTCTCACTAGTAC,3-M-8,B cell,0,B cell,2.6876798,3.1419845,1258,0.4840993583202362
10X_P4_7_CCTTTCTCATTCCTCG,3-M-8,macrophage,4,macrophage,4.7528815,15.041919,1259,2.117929458618164
10X_P4_7_CCTTTCTGTGCGATAG,3-M-8,B cell,0,B cell,0.15645526,5.305994,1260,0.4570685625076294
10X_P4_7_CCTTTCTGTTGGACCC,3-M-8,B cell,1,Unmatched_1,3.0308723,8.278759,1261,0.5916519165039062
10X_P4_7_CCTTTCTTCCGTTGTC,3-M-8,B cell,0,B cell,2.7342286,4.506388,1262,0.7240542769432068
10X_P4_7_CCTTTCTTCTGGTTCC,3-M-8,B cell,0,B cell,2.5553195,4.0530677,1263,0.708271861076355
10X_P4_7_CGAACATAGGATGTAT,3-M-8,T cell,4,macrophage,4.744113,14.798269,1264,2.8559908866882324
10X_P4_7_CGAACATCACAAGACG,3-M-8,B cell,0,B cell,2.3395236,2.6567922,1265,0.473699152469635
10X_P4_7_CGAACATCACATTCGA,3-M-8,T cell,2,Unmatched_2,27.531027,0.4977877,1266,1.2195760011672974
10X_P4_7_CGAACATCAGGAATCG,3-M-8,B cell,1,Unmatched_1,3.6496663,7.8956256,1267,0.5964049100875854
10X_P4_7_CGAACATCATAACCTG,3-M-8,B cell,0,B cell,0.8176708,5.1049356,1268,0.4823787808418274
10X_P4_7_CGAACATGTTCATGGT,3-M-8,natural killer cell,5,natural killer cell,31.016186,-2.020204,1269,1.757560968399048
10X_P4_7_CGAACATTCCTTAATC,3-M-8,T cell,3,T cell,26.46879,-0.423951,1270,1.0442092418670654
10X_P4_7_CGAATGTAGAGCAATT,3-M-8,T cell,5,natural killer cell,30.036732,-1.2137814,1271,3.646089553833008
10X_P4_7_CGAATGTAGAGTCGGT,3-M-8,B cell,0,B cell,1.2926902,3.0930774,1272,0.6948827505111694
10X_P4_7_CGAATGTAGCCAGAAC,3-M-8,T cell,3,T cell,26.049107,-1.3558096,1273,0.8688789010047913
10X_P4_7_CGAATGTAGGCGCTCT,3-M-8,B cell,0,B cell,2.0493333,2.792691,1274,0.6977485418319702
10X_P4_7_CGAATGTAGTACGACG,3-M-8,macrophage,4,macrophage,2.525485,16.336159,1275,2.8008766174316406
10X_P4_7_CGAATGTAGTCCATAC,3-M-8,B cell,1,Unmatched_1,-2.1591516,4.1982865,1276,0.754574179649353
10X_P4_7_CGAATGTCAGGTCTCG,3-M-8,B cell,5,natural killer cell,30.61558,-2.1713707,1277,3.218928337097168
10X_P4_7_CGAATGTGTATATCCG,3-M-8,natural killer cell,5,natural killer cell,30.911451,-2.31488,1278,1.7250443696975708
10X_P4_7_CGAATGTGTCCCTTGT,3-M-8,B cell,0,B cell,2.6106105,2.7285213,1279,0.8589608669281006
10X_P4_7_CGAATGTGTTGTACAC,3-M-8,B cell,0,B cell,1.253859,6.3082104,1280,0.8038773536682129
10X_P4_7_CGAATGTTCACCACCT,3-M-8,T cell,3,T cell,26.725412,-0.65371513,1281,0.7786232829093933
10X_P4_7_CGACCTTAGATAGTCA,3-M-8,B cell,0,B cell,1.9701895,7.275551,1282,0.6744948029518127
10X_P4_7_CGACCTTGTGCAACTT,3-M-8,B cell,0,B cell,2.5487597,2.9505236,1283,0.6526089310646057
10X_P4_7_CGACCTTGTTAAGACA,3-M-8,B cell,0,B cell,2.414032,5.858169,1284,0.8100572228431702
10X_P4_7_CGACCTTGTTCACGGC,3-M-8,B cell,0,B cell,1.2225653,2.4714773,1285,1.1102114915847778
10X_P4_7_CGACCTTTCCAAACAC,3-M-8,B cell,0,B cell,1.6424078,3.240106,1286,0.6907235383987427
10X_P4_7_CGACCTTTCTCTTGAT,3-M-8,B cell,0,B cell,1.6631268,2.4442434,1287,0.5077734589576721
10X_P4_7_CGACCTTTCTTGACGA,3-M-8,T cell,2,Unmatched_2,28.428234,0.44731334,1288,1.3995128870010376
10X_P4_7_CGACTTCAGACTAAGT,3-M-8,dendritic cell,8,dendritic cell,3.5320556,17.775688,1289,3.625534057617188
10X_P4_7_CGACTTCAGTTAGGTA,3-M-8,B cell,0,B cell,1.3529081,4.1298475,1290,0.5214744806289673
10X_P4_7_CGACTTCCAATCGGTT,3-M-8,B cell,0,B cell,3.567914,6.2531676,1291,1.3229281902313232
10X_P4_7_CGACTTCCAGCTTAAC,3-M-8,T cell,5,natural killer cell,29.973457,-1.1230716,1292,3.646089553833008
10X_P4_7_CGACTTCGTCGGGTCT,3-M-8,T cell,2,Unmatched_2,29.299171,0.5868883,1293,1.3232698440551758
10X_P4_7_CGAGAAGAGAGAACAG,3-M-8,macrophage,4,macrophage,2.5495875,16.37261,1294,2.28572678565979
10X_P4_7_CGAGAAGCAAACAACA,3-M-8,B cell,1,Unmatched_1,1.7880595,7.52931,1295,0.7658834457397461
10X_P4_7_CGAGAAGCACCAGGTC,3-M-8,B cell,1,Unmatched_1,3.4134517,8.512732,1296,0.9142026305198668
10X_P4_7_CGAGAAGGTACAGTGG,3-M-8,B cell,0,B cell,1.1473881,4.7613444,1297,0.7808494567871094
10X_P4_7_CGAGAAGGTACCGTAT,3-M-8,B cell,0,B cell,1.4397666,6.627858,1298,0.6434708833694458
10X_P4_7_CGAGAAGGTAGAAGGA,3-M-8,B cell,0,B cell,1.4056674,2.8600733,1299,0.703359842300415
10X_P4_7_CGAGAAGGTTCCATGA,3-M-8,B cell,0,B cell,0.9679187,3.0093863,1300,0.8484013080596924
10X_P4_7_CGAGAAGGTTTAAGCC,3-M-8,macrophage,4,macrophage,4.756956,15.055631,1301,2.1431751251220703
10X_P4_7_CGAGAAGTCAAACGGG,3-M-8,B cell,1,Unmatched_1,-2.6192372,4.045651,1302,1.4460783004760742
10X_P4_7_CGAGAAGTCGTTACGA,3-M-8,B cell,1,Unmatched_1,-2.0383182,5.029668,1303,1.143810153007507
10X_P4_7_CGAGAAGTCTTTAGGG,3-M-8,B cell,0,B cell,0.26804435,6.4204164,1304,1.308277606964111
10X_P4_7_CGAGCACCAAGAAAGG,3-M-8,B cell,0,B cell,-1.3121616,5.2665415,1305,1.350588083267212
10X_P4_7_CGAGCACTCTTGTACT,3-M-8,B cell,1,Unmatched_1,3.1137912,8.632459,1306,0.5370780825614929
10X_P4_7_CGAGCCAGTCTCGTTC,3-M-8,macrophage,4,macrophage,3.584875,15.835296,1307,1.4598000049591064
10X_P4_7_CGAGCCAGTGCACCAC,3-M-8,B cell,0,B cell,0.7041335,5.240607,1308,0.5931256413459778
10X_P4_7_CGAGCCAGTGTCTGAT,3-M-8,B cell,1,Unmatched_1,3.6178079,7.7115602,1309,0.7555438876152039
10X_P4_7_CGAGCCAGTTGAGTTC,3-M-8,B cell,0,B cell,0.26036233,3.8682883,1310,0.4523495137691498
10X_P4_7_CGAGCCATCCGCAAGC,3-M-8,B cell,0,B cell,-0.9807414,5.402312,1311,0.9941850900650024
10X_P4_7_CGATCGGAGAGGTTAT,3-M-8,B cell,0,B cell,0.9758083,5.3562794,1312,0.4884666502475738
10X_P4_7_CGATCGGAGCCCAACC,3-M-8,T cell,2,Unmatched_2,24.920036,1.8957832,1313,1.0254530906677246
10X_P4_7_CGATCGGAGGGAACGG,3-M-8,macrophage,4,macrophage,5.0543494,16.162987,1314,3.646089553833008
10X_P4_7_CGATCGGCACTTACGA,3-M-8,B cell,0,B cell,0.42419955,7.5571814,1315,0.8408714532852173
10X_P4_7_CGATCGGCAGCTGCTG,3-M-8,B cell,0,B cell,0.3066469,3.6508281,1316,0.6216422915458679
10X_P4_7_CGATCGGGTAGAGCTG,3-M-8,macrophage,0,B cell,3.6035988,6.2299314,1317,2.8559908866882324
10X_P4_7_CGATCGGGTGATGATA,3-M-8,B cell,0,B cell,2.2265015,3.1085057,1318,0.4469034671783447
10X_P4_7_CGATCGGGTTATGCGT,3-M-8,B cell,0,B cell,1.4583906,4.3224397,1319,0.8213617205619812
10X_P4_7_CGATCGGTCTTAGAGC,3-M-8,macrophage,4,macrophage,2.5586593,16.381224,1320,1.983697891235352
10X_P4_7_CGATGGCAGGATGGAA,3-M-8,B cell,0,B cell,2.865019,3.8459504,1321,0.7490083575248718
10X_P4_7_CGATGGCAGGCTAGGT,3-M-8,B cell,0,B cell,0.2901148,3.7255156,1322,0.5249384641647339
10X_P4_7_CGATGGCCACGCCAGT,3-M-8,B cell,0,B cell,2.1811569,2.1520917,1323,0.6829968690872192
10X_P4_7_CGATGGCCATCGATTG,3-M-8,B cell,0,B cell,0.90730923,4.1103177,1324,0.4178377389907837
10X_P4_7_CGATGGCCATCGGTTA,3-M-8,macrophage,4,macrophage,5.267508,16.207733,1325,2.6205923557281494
10X_P4_7_CGATGGCGTATAGTAG,3-M-8,B cell,1,Unmatched_1,2.213536,7.317321,1326,0.6211320757865906
10X_P4_7_CGATGGCGTGCGAAAC,3-M-8,B cell,0,B cell,1.1348388,4.3723392,1327,0.5258423686027527
10X_P4_7_CGATGGCTCCTCAACC,3-M-8,B cell,1,Unmatched_1,3.0025947,7.351565,1328,0.693086564540863
10X_P4_7_CGATGGCTCTCGCATC,3-M-8,B cell,1,Unmatched_1,3.0463057,8.278774,1329,0.4645889401435852
10X_P4_7_CGATGGCTCTGTCAAG,3-M-8,B cell,0,B cell,-0.54547614,4.8045816,1330,0.6181627511978149
10X_P4_7_CGATGGCTCTGTCCGT,3-M-8,B cell,0,B cell,2.6151304,2.9938943,1331,0.7910842299461365
10X_P4_7_CGATGTAAGAGCTTCT,3-M-8,B cell,0,B cell,0.48467502,4.908187,1332,0.4691854417324066
10X_P4_7_CGATGTAAGTCGCCGT,3-M-8,B cell,0,B cell,1.6685736,4.4241138,1333,0.6597214341163635
10X_P4_7_CGATGTAAGTGTCCCG,3-M-8,B cell,0,B cell,-0.018479703,7.0050273,1334,0.8763158917427063
10X_P4_7_CGATGTACATTATCTC,3-M-8,B cell,0,B cell,-0.56385106,4.3974075,1335,0.7597233057022095
10X_P4_7_CGATTGAAGACTACAA,3-M-8,B cell,1,Unmatched_1,3.657252,7.8037963,1336,0.9514670372009276
10X_P4_7_CGATTGAAGTGTTTGC,3-M-8,macrophage,4,macrophage,4.9299355,16.261269,1337,2.33523941040039
10X_P4_7_CGATTGACAGCGTCCA,3-M-8,B cell,0,B cell,0.5258134,7.8122954,1338,1.6644837856292725
10X_P4_7_CGATTGACATACAGCT,3-M-8,B cell,0,B cell,0.61305124,3.1213388,1339,0.4497645795345306
10X_P4_7_CGATTGAGTATTAGCC,3-M-8,B cell,7,Unmatched_7,4.013207,13.1452465,1340,0.7515749335289001
10X_P4_7_CGATTGAGTTCTCATT,3-M-8,dendritic cell,8,dendritic cell,3.5309567,17.756279,1341,4.54536771774292
10X_P4_7_CGATTGATCACTTCAT,3-M-8,natural killer cell,5,natural killer cell,30.814371,-2.031757,1342,1.9384660720825195
10X_P4_7_CGATTGATCGAGCCCA,3-M-8,T cell,5,natural killer cell,30.017618,-0.6060287,1343,1.8181383609771729
10X_P4_7_CGATTGATCGATCCCT,3-M-8,B cell,1,Unmatched_1,-2.1347303,4.2451587,1344,0.9026020765304564
10X_P4_7_CGCCAAGCATTACGAC,3-M-8,B cell,0,B cell,1.8553405,4.162875,1345,0.7953764796257019
10X_P4_7_CGCCAAGGTAGCCTAT,3-M-8,B cell,0,B cell,0.3898012,5.084342,1346,0.4323708117008209
10X_P4_7_CGCCAAGTCTGTTTGT,3-M-8,natural killer cell,5,natural killer cell,31.076902,-2.1337729,1347,1.668165922164917
10X_P4_7_CGCGGTAAGAGTGACC,3-M-8,B cell,0,B cell,1.4957366,3.396332,1348,0.6441747546195984
10X_P4_7_CGCGGTAAGTCCAGGA,3-M-8,B cell,0,B cell,0.18472798,4.1316094,1349,0.4267645478248596
10X_P4_7_CGCGGTAAGTGGAGTC,3-M-8,B cell,0,B cell,0.594723,3.483778,1350,0.5740340352058411
10X_P4_7_CGCGGTACAAAGTCAA,3-M-8,B cell,0,B cell,2.490707,2.5071633,1351,0.4743984043598175
10X_P4_7_CGCGGTACAAGCGATG,3-M-8,B cell,0,B cell,1.3786765,2.2307217,1352,0.7719994783401489
10X_P4_7_CGCGGTACACAGGCCT,3-M-8,macrophage,4,macrophage,4.8634996,16.239082,1353,3.631174802780152
10X_P4_7_CGCGGTACACTGAAGG,3-M-8,B cell,0,B cell,1.9605236,7.4167747,1354,0.6112528443336487
10X_P4_7_CGCGGTACAGGTGGAT,3-M-8,B cell,0,B cell,2.494689,3.4184678,1355,0.4947738647460937
10X_P4_7_CGCGGTACATCTCCCA,3-M-8,B cell,0,B cell,2.3581507,2.4741879,1356,0.5224542617797852
10X_P4_7_CGCGGTAGTAAAGGAG,3-M-8,B cell,0,B cell,3.5470624,6.1355124,1357,0.665696918964386
10X_P4_7_CGCGGTAGTAAGGATT,3-M-8,T cell,2,Unmatched_2,28.210213,0.6131406,1358,0.812874972820282
10X_P4_7_CGCGGTAGTCATATGC,3-M-8,B cell,0,B cell,2.2478373,5.534088,1359,0.8821383118629456
10X_P4_7_CGCGGTAGTCGAACAG,3-M-8,B cell,0,B cell,1.4036645,6.182767,1360,0.8928313255310059
10X_P4_7_CGCGGTATCAGAGACG,3-M-8,T cell,2,Unmatched_2,27.599396,0.15600844,1361,0.9818957448005676
10X_P4_7_CGCGGTATCCGTAGGC,3-M-8,B cell,0,B cell,1.1608425,6.3543344,1362,0.8538609147071838
10X_P4_7_CGCGGTATCCTGTAGA,3-M-8,B cell,0,B cell,-1.6012295,5.749303,1363,1.5249515771865845
10X_P4_7_CGCGTTTAGTGCCATT,3-M-8,T cell,2,Unmatched_2,27.512995,0.68895286,1364,0.5954769849777222
10X_P4_7_CGCGTTTAGTGGACGT,3-M-8,B cell,0,B cell,1.8025538,6.2835817,1365,0.7157095074653625
10X_P4_7_CGCGTTTGTTCTGGTA,3-M-8,macrophage,4,macrophage,1.9283583,16.683172,1366,1.518620848655701
10X_P4_7_CGCTATCAGCGTAGTG,3-M-8,B cell,0,B cell,1.9216186,4.7510667,1367,0.6352593302726746
10X_P4_7_CGCTATCCAAACCTAC,3-M-8,B cell,0,B cell,-0.31746203,4.2068176,1368,0.5271293520927429
10X_P4_7_CGCTATCGTCTCTTAT,3-M-8,B cell,0,B cell,0.9365168,2.8981414,1369,1.1812703609466553
10X_P4_7_CGCTATCGTTGTCTTT,3-M-8,B cell,0,B cell,-0.6201051,5.5238085,1370,0.7147674560546875
10X_P4_7_CGCTGGACATCGATTG,3-M-8,macrophage,4,macrophage,4.9340024,16.27571,1371,2.7014801502227783
10X_P4_7_CGCTGGACATGCTAGT,3-M-8,B cell,0,B cell,2.1651995,2.1786256,1372,0.7764496803283691
10X_P4_7_CGCTGGAGTAACGACG,3-M-8,B cell,0,B cell,2.1054256,3.3260598,1373,0.7384229302406311
10X_P4_7_CGCTGGATCTCCCTGA,3-M-8,B cell,0,B cell,0.52037734,7.7926846,1374,0.8839846253395081
10X_P4_7_CGCTTCAAGAAGAAGC,3-M-8,B cell,1,Unmatched_1,-2.675362,4.0514483,1375,1.2900633811950684
10X_P4_7_CGCTTCAAGAGATGAG,3-M-8,B cell,0,B cell,1.5041645,5.801349,1376,0.4190474152565002
10X_P4_7_CGCTTCAAGCGTCTAT,3-M-8,T cell,2,Unmatched_2,26.602873,1.3335565,1377,0.9337153434753418
10X_P4_7_CGCTTCAAGCTTCGCG,3-M-8,T cell,5,natural killer cell,30.181915,-0.54268396,1378,2.0843794345855717
10X_P4_7_CGCTTCAAGGATGGTC,3-M-8,B cell,0,B cell,1.3474802,3.6360419,1379,0.715928852558136
10X_P4_7_CGCTTCACATATGGTC,3-M-8,B cell,0,B cell,2.0209875,4.3871,1380,0.9406355023384094
10X_P4_7_CGCTTCATCGGCATCG,3-M-8,macrophage,4,macrophage,3.2140098,16.110786,1381,2.7333712577819824
10X_P4_7_CGGACACAGAAACGCC,3-M-8,B cell,1,Unmatched_1,3.9608414,7.7570124,1382,0.9744715094566344
10X_P4_7_CGGACACAGCCAGGAT,3-M-8,B cell,0,B cell,0.8727419,3.3522835,1383,0.5779305696487427
10X_P4_7_CGGACACAGTCAAGCG,3-M-8,macrophage,4,macrophage,1.9334809,16.68227,1384,1.7960710525512695
10X_P4_7_CGGACACCACATGTGT,3-M-8,B cell,0,B cell,2.074445,6.790447,1385,0.6005181670188904
10X_P4_7_CGGACACCACCCTATC,3-M-8,B cell,6,Unmatched_6,0.30412906,11.091766,1386,1.5367624759674072
10X_P4_7_CGGACACGTAAGGGAA,3-M-8,macrophage,4,macrophage,5.13161,16.233816,1387,2.845207452774048
10X_P4_7_CGGACACGTCATATCG,3-M-8,B cell,0,B cell,0.10510908,3.8440247,1388,0.4987170100212097
10X_P4_7_CGGACACGTGATGTCT,3-M-8,B cell,0,B cell,1.2485106,4.4731445,1389,0.613664984703064
10X_P4_7_CGGACACTCAATACCG,3-M-8,T cell,2,Unmatched_2,27.198029,1.3270584,1390,0.6027989387512207
10X_P4_7_CGGACACTCTGTGCAA,3-M-8,B cell,0,B cell,0.86351246,4.551949,1391,0.4805150330066681
10X_P4_7_CGGACACTCTTACCTA,3-M-8,B cell,6,Unmatched_6,0.26968265,11.371646,1392,1.6059705018997192
10X_P4_7_CGGACGTAGAGGTTAT,3-M-8,natural killer cell,5,natural killer cell,30.739147,-1.6132423,1393,2.1586127281188965
10X_P4_7_CGGACGTAGATCCGAG,3-M-8,B cell,0,B cell,2.444634,3.0941656,1394,0.4534163177013397
10X_P4_7_CGGACGTAGATGTCGG,3-M-8,B cell,0,B cell,2.7255573,3.7580414,1395,0.5506287217140198
10X_P4_7_CGGACGTAGGCCATAG,3-M-8,B cell,0,B cell,1.3818363,3.9832575,1396,0.964095652103424
10X_P4_7_CGGACGTCACGTCAGC,3-M-8,B cell,0,B cell,0.46530777,7.5523963,1397,0.8955671191215515
10X_P4_7_CGGACGTGTGTTGGGA,3-M-8,B cell,0,B cell,-0.42238402,4.135222,1398,0.4648005664348602
10X_P4_7_CGGACTGAGCCGATTT,3-M-8,T cell,3,T cell,26.295683,-0.8306095,1399,0.5956377387046814
10X_P4_7_CGGACTGAGTTTGCGT,3-M-8,macrophage,4,macrophage,5.164476,15.95153,1400,2.4945552349090576
10X_P4_7_CGGACTGCACCGCTAG,3-M-8,T cell,2,Unmatched_2,26.550493,1.0576963,1401,1.1295642852783203
10X_P4_7_CGGACTGCACTTCGAA,3-M-8,T cell,5,natural killer cell,30.009672,-0.7084246,1402,1.9935126304626465
10X_P4_7_CGGACTGGTAAATGAC,3-M-8,B cell,4,macrophage,5.079727,16.193993,1403,3.624277591705322
10X_P4_7_CGGACTGGTTCCGGCA,3-M-8,natural killer cell,5,natural killer cell,30.886406,-1.8120459,1404,1.8243119716644287
10X_P4_7_CGGACTGTCCGTAGGC,3-M-8,B cell,0,B cell,0.59559506,4.2827153,1405,0.4384776055812835
10X_P4_7_CGGAGCTAGATGGGTC,3-M-8,B cell,0,B cell,0.4365167,5.405607,1406,1.1836718320846558
10X_P4_7_CGGAGCTAGTACTTGC,3-M-8,B cell,1,Unmatched_1,2.8337526,7.5740113,1407,0.6583341360092163
10X_P4_7_CGGAGCTGTGCCTGGT,3-M-8,T cell,3,T cell,25.849178,-0.605851,1408,0.6550675630569458
10X_P4_7_CGGAGCTGTTCTGGTA,3-M-8,B cell,0,B cell,2.7508683,5.129674,1409,1.0685887336730957
10X_P4_7_CGGAGTCAGAAGGTGA,3-M-8,B cell,0,B cell,1.4657264,4.0017643,1410,0.764955461025238
10X_P4_7_CGGAGTCAGCTAGTCT,3-M-8,B cell,0,B cell,1.7740365,3.8174646,1411,0.9954434037208556
10X_P4_7_CGGAGTCAGGTCATCT,3-M-8,B cell,0,B cell,0.9879436,6.01631,1412,0.9944448471069336
10X_P4_7_CGGAGTCAGTACGCCC,3-M-8,B cell,9,Unmatched_9,6.344047,-5.5635767,1413,5.109276294708252
10X_P4_7_CGGAGTCGTACCGCTG,3-M-8,macrophage,4,macrophage,4.811804,16.293194,1414,2.736594915390014
10X_P4_7_CGGAGTCTCCGCAAGC,3-M-8,T cell,3,T cell,28.697712,-0.39057052,1415,1.9980179071426392
10X_P4_7_CGGCTAGGTCTGATTG,3-M-8,T cell,2,Unmatched_2,29.253275,0.99311024,1416,1.2128305435180664
10X_P4_7_CGGCTAGTCAGCTCGG,3-M-8,macrophage,4,macrophage,4.654751,14.827086,1417,2.3978819847106934
10X_P4_7_CGGCTAGTCGTCACGG,3-M-8,B cell,0,B cell,2.315078,2.6795235,1418,0.4366981983184814
10X_P4_7_CGGGTCAAGACTACAA,3-M-8,T cell,3,T cell,26.222115,-0.884527,1419,0.6772820949554443
10X_P4_7_CGGGTCAAGCTAACAA,3-M-8,B cell,0,B cell,0.40987805,3.956863,1420,0.5644879937171936
10X_P4_7_CGGGTCACAACCGCCA,3-M-8,B cell,0,B cell,1.6568114,4.4069977,1421,0.8758887052536011
10X_P4_7_CGGGTCACAGCCTGTG,3-M-8,B cell,0,B cell,1.9904218,3.1947272,1422,0.5854977369308472
10X_P4_7_CGGGTCACATGATCCA,3-M-8,B cell,0,B cell,1.5698587,7.0058975,1423,1.1297614574432373
10X_P4_7_CGGGTCAGTCTACCTC,3-M-8,B cell,0,B cell,1.398971,5.2638674,1424,0.8480942845344543
10X_P4_7_CGGTTAAAGACACGAC,3-M-8,B cell,0,B cell,0.91241217,3.3330688,1425,0.6236669421195984
10X_P4_7_CGGTTAAAGATCGGGT,3-M-8,T cell,2,Unmatched_2,29.053354,1.0411407,1426,1.1260141134262085
10X_P4_7_CGGTTAAAGCGTCTAT,3-M-8,T cell,2,Unmatched_2,29.649977,0.89260167,1427,1.5868661403656006
10X_P4_7_CGGTTAAAGGTAGCTG,3-M-8,T cell,2,Unmatched_2,27.6282,1.4557234,1428,0.7318007946014404
10X_P4_7_CGGTTAAAGTTAACGA,3-M-8,B cell,1,Unmatched_1,3.2076082,8.261395,1429,0.5005831122398376
10X_P4_7_CGGTTAACAGCGTAAG,3-M-8,T cell,3,T cell,26.406576,-1.0318449,1430,0.890185534954071
10X_P4_7_CGGTTAAGTCCGACGT,3-M-8,macrophage,4,macrophage,2.4476206,16.423672,1431,2.090453147888184
10X_P4_7_CGGTTAATCCGCGCAA,3-M-8,B cell,0,B cell,1.1190933,4.974451,1432,0.721119225025177
10X_P4_7_CGGTTAATCGGCATCG,3-M-8,B cell,0,B cell,0.5788652,7.4358754,1433,1.4543144702911377
10X_P4_7_CGGTTAATCTGCGTAA,3-M-8,T cell,3,T cell,25.82621,-0.86186266,1434,0.5625723600387573
10X_P4_7_CGGTTAATCTTGTTTG,3-M-8,B cell,0,B cell,-0.054559316,4.0095186,1435,0.5025515556335449
10X_P4_7_CGTAGCGAGAAAGTGG,3-M-8,macrophage,4,macrophage,2.5129685,16.38503,1436,2.6211190223693848
10X_P4_7_CGTAGCGAGATGTCGG,3-M-8,B cell,0,B cell,1.7650956,5.013381,1437,0.910941481590271
10X_P4_7_CGTAGCGAGGGTTCCC,3-M-8,B cell,1,Unmatched_1,2.7769806,7.540875,1438,0.6052829027175903
10X_P4_7_CGTAGCGAGGTGCTAG,3-M-8,T cell,2,Unmatched_2,27.16503,1.2015849,1439,0.5625789165496826
10X_P4_7_CGTAGCGCAAGCCCAC,3-M-8,B cell,0,B cell,2.1819842,3.9024546,1440,1.016032338142395
10X_P4_7_CGTAGCGGTCGGATCC,3-M-8,B cell,1,Unmatched_1,2.9057872,7.296987,1441,0.8890538811683655
10X_P4_7_CGTAGCGTCGCTTGTC,3-M-8,B cell,0,B cell,2.4543364,3.0357206,1442,0.4461282193660736
10X_P4_7_CGTAGGCCAAGCCCAC,3-M-8,B cell,0,B cell,2.2318993,3.8031034,1443,0.8774785399436951
10X_P4_7_CGTAGGCCACGGACAA,3-M-8,B cell,9,Unmatched_9,6.3442616,-5.563817,1444,5.109276294708252
10X_P4_7_CGTAGGCGTAATAGCA,3-M-8,B cell,1,Unmatched_1,3.721259,7.854405,1445,0.7239194512367249
10X_P4_7_CGTAGGCGTGGCCCTA,3-M-8,T cell,5,natural killer cell,29.972982,-0.66720384,1446,1.7196671962738037
10X_P4_7_CGTAGGCTCAGTTCGA,3-M-8,B cell,0,B cell,0.07854585,6.591941,1447,0.445159375667572
10X_P4_7_CGTAGGCTCGCATGGC,3-M-8,B cell,0,B cell,-1.3431585,4.7662826,1448,0.7947891354560852
10X_P4_7_CGTAGGCTCTTCAACT,3-M-8,T cell,3,T cell,26.066471,-0.66444147,1449,0.523858904838562
10X_P4_7_CGTCACTAGCCCAGCT,3-M-8,B cell,0,B cell,0.8009497,3.5247655,1450,0.6558430790901184
10X_P4_7_CGTCACTAGCTAGTGG,3-M-8,B cell,1,Unmatched_1,2.872291,7.2044387,1451,0.6555991768836975
10X_P4_7_CGTCACTCACCGCTAG,3-M-8,B cell,0,B cell,-0.6006788,4.2209435,1452,0.7453572154045105
10X_P4_7_CGTCACTGTCCATCCT,3-M-8,B cell,0,B cell,0.61327213,3.9983182,1453,0.464679479598999
10X_P4_7_CGTCACTTCATATCGG,3-M-8,B cell,0,B cell,1.6668851,5.9608717,1454,0.7321319580078125
10X_P4_7_CGTCACTTCCCATTTA,3-M-8,macrophage,4,macrophage,2.5019693,16.40674,1455,1.960994839668274
10X_P4_7_CGTCACTTCTTAGAGC,3-M-8,T cell,3,T cell,25.922783,-0.88783944,1456,0.944918930530548
10X_P4_7_CGTCAGGAGAGCTTCT,3-M-8,B cell,0,B cell,2.672184,4.57813,1457,1.32647705078125
10X_P4_7_CGTCAGGAGGCGATAC,3-M-8,B cell,1,Unmatched_1,3.1199045,8.369156,1458,0.5951021909713745
10X_P4_7_CGTCAGGAGGTAAACT,3-M-8,T cell,3,T cell,26.097046,-1.3024939,1459,0.7736629247665405
10X_P4_7_CGTCAGGCAAACTGCT,3-M-8,T cell,3,T cell,25.779715,-1.1547445,1460,0.8395615816116333
10X_P4_7_CGTCAGGCAACTGCTA,3-M-8,B cell,0,B cell,1.5913053,5.326293,1461,1.5195858478546145
10X_P4_7_CGTCAGGCACATGTGT,3-M-8,B cell,0,B cell,1.9657874,2.8977966,1462,0.5961694121360779
10X_P4_7_CGTCAGGGTGCTTCTC,3-M-8,B cell,0,B cell,1.0232922,4.193071,1463,0.75626140832901
10X_P4_7_CGTCAGGGTTACCGAT,3-M-8,B cell,0,B cell,-1.3669906,5.285693,1464,0.7173293232917786
10X_P4_7_CGTCAGGGTTGAGGTG,3-M-8,T cell,5,natural killer cell,29.769222,-0.92749,1465,3.577594995498657
10X_P4_7_CGTCAGGTCACGACTA,3-M-8,B cell,1,Unmatched_1,4.3627577,7.1904902,1466,0.6647341847419739
10X_P4_7_CGTCAGGTCTCAAGTG,3-M-8,macrophage,4,macrophage,4.670541,14.887753,1467,2.541398286819458
10X_P4_7_CGTCCATAGAAGGTGA,3-M-8,B cell,7,Unmatched_7,3.971583,13.095555,1468,0.761154294013977
10X_P4_7_CGTCCATAGACCTAGG,3-M-8,B cell,0,B cell,1.402235,3.144711,1469,0.6696555614471436
10X_P4_7_CGTCCATAGAGGTAGA,3-M-8,B cell,0,B cell,-1.5859202,5.0502934,1470,1.0920177698135376
10X_P4_7_CGTCCATAGCCTTGAT,3-M-8,B cell,1,Unmatched_1,2.63883,7.136138,1471,0.636124312877655
10X_P4_7_CGTCCATGTTATGCGT,3-M-8,macrophage,4,macrophage,1.8943099,16.752283,1472,1.6894618272781372
10X_P4_7_CGTCCATGTTCGTCTC,3-M-8,B cell,0,B cell,1.6881307,6.0178375,1473,0.6927236914634705
10X_P4_7_CGTCCATTCCTTGCCA,3-M-8,T cell,3,T cell,25.986969,-0.7950002,1474,0.7349543571472168
10X_P4_7_CGTCCATTCGGAGCAA,3-M-8,T cell,3,T cell,25.614655,-0.5631483,1475,0.6083866953849792
10X_P4_7_CGTCCATTCTGACCTC,3-M-8,B cell,6,Unmatched_6,0.32821307,11.058742,1476,1.5457594394683838
10X_P4_7_CGTCTACAGACATAAC,3-M-8,B cell,0,B cell,1.6653179,5.251194,1477,1.0056208372116089
10X_P4_7_CGTCTACGTCTAGTCA,3-M-8,B cell,0,B cell,3.9481292,6.7595086,1478,1.2769640684127808
10X_P4_7_CGTCTACGTTCCGGCA,3-M-8,B cell,0,B cell,0.52716696,4.6027603,1479,0.4932696521282196
10X_P4_7_CGTCTACTCCATGCTC,3-M-8,B cell,0,B cell,1.0153048,3.1098871,1480,0.7632728219032288
10X_P4_7_CGTCTACTCTTGTTTG,3-M-8,B cell,0,B cell,0.65995073,3.8705542,1481,0.5382459163665771
10X_P4_7_CGTGAGCCACCACGTG,3-M-8,B cell,0,B cell,1.9446989,3.7906094,1482,0.8085670471191406
10X_P4_7_CGTGAGCCATGTCTCC,3-M-8,B cell,0,B cell,1.2953633,3.677969,1483,0.6212097406387329
10X_P4_7_CGTGAGCGTAACGTTC,3-M-8,B cell,0,B cell,2.1889465,4.7405186,1484,0.7922413945198059
10X_P4_7_CGTGAGCGTGATAAGT,3-M-8,B cell,0,B cell,0.8120228,6.1752915,1485,0.4580817222595215
10X_P4_7_CGTGAGCGTGGTTTCA,3-M-8,T cell,3,T cell,25.528526,-0.33196497,1486,0.923492431640625
10X_P4_7_CGTGAGCTCAAGGTAA,3-M-8,B cell,0,B cell,1.1338639,4.548655,1487,0.4642930924892425
10X_P4_7_CGTGTAAAGAAACCTA,3-M-8,B cell,0,B cell,1.2093077,2.9342873,1488,0.6274137496948242
10X_P4_7_CGTGTAAAGCGACGTA,3-M-8,B cell,0,B cell,2.4541123,2.7908776,1489,0.6064818501472473
10X_P4_7_CGTGTAAAGTATCGAA,3-M-8,T cell,3,T cell,26.299047,-0.7902275,1490,0.7925105690956116
10X_P4_7_CGTGTAACAAGAGTCG,3-M-8,B cell,0,B cell,2.1863925,2.2105687,1491,0.477841168642044
10X_P4_7_CGTGTAACACCAGGCT,3-M-8,B cell,0,B cell,2.7129796,4.71116,1492,1.2006756067276
10X_P4_7_CGTGTAAGTAAGGGAA,3-M-8,B cell,0,B cell,1.4473832,2.9357421,1493,0.7666826844215393
10X_P4_7_CGTGTAAGTACTTGAC,3-M-8,T cell,3,T cell,26.269318,-0.5481601,1494,1.379711389541626
10X_P4_7_CGTGTAAGTGCCTTGG,3-M-8,T cell,2,Unmatched_2,27.670115,0.8121302,1495,0.6599295735359192
10X_P4_7_CGTGTAAGTTCCAACA,3-M-8,B cell,0,B cell,-0.8155303,5.1328807,1496,1.178220272064209
10X_P4_7_CGTGTAATCAAACCAC,3-M-8,macrophage,4,macrophage,1.9591126,16.654547,1497,2.1261098384857178
10X_P4_7_CGTGTAATCGTTGCCT,3-M-8,B cell,0,B cell,0.34563017,6.7128844,1498,1.0790197849273682
10X_P4_7_CGTGTCTAGCGTTGCC,3-M-8,B cell,0,B cell,2.1922233,5.5497046,1499,0.7820355296134949
10X_P4_7_CGTGTCTAGGCGATAC,3-M-8,T cell,2,Unmatched_2,27.562538,0.21756653,1500,0.7156886458396912
10X_P4_7_CGTGTCTCATGGTCAT,3-M-8,B cell,0,B cell,1.5166464,2.5941675,1501,0.8317409753799438
10X_P4_7_CGTGTCTCATTCCTCG,3-M-8,B cell,0,B cell,0.6318474,5.4473367,1502,0.6353943347930908
10X_P4_7_CGTGTCTGTAGATTAG,3-M-8,B cell,1,Unmatched_1,3.146405,7.805027,1503,0.5287247896194458
10X_P4_7_CGTGTCTTCAGCTGGC,3-M-8,T cell,3,T cell,28.66017,-1.4626036,1504,1.368620991706848
10X_P4_7_CGTGTCTTCCACGTGG,3-M-8,B cell,0,B cell,1.267529,3.4946327,1505,0.7057665586471558
10X_P4_7_CGTTAGAAGCTCAACT,3-M-8,B cell,1,Unmatched_1,-2.486678,4.1997075,1506,1.2938525676727295
10X_P4_7_CGTTAGAAGGCTCAGA,3-M-8,B cell,0,B cell,2.332522,5.693579,1507,0.6188831329345703
10X_P4_7_CGTTAGAAGTACGTTC,3-M-8,B cell,0,B cell,0.8091526,4.799938,1508,0.4965763986110687
10X_P4_7_CGTTAGAAGTCCATAC,3-M-8,B cell,0,B cell,2.5325148,6.166995,1509,0.8294803500175476
10X_P4_7_CGTTAGAAGTTTGCGT,3-M-8,T cell,2,Unmatched_2,27.438372,1.3919353,1510,0.5971512794494629
10X_P4_7_CGTTAGACAGCTGTGC,3-M-8,T cell,3,T cell,28.57677,-0.9338022,1511,1.7715667486190796
10X_P4_7_CGTTAGAGTAAGTGTA,3-M-8,macrophage,4,macrophage,3.4337153,15.9655,1512,1.708687663078308
10X_P4_7_CGTTAGATCAGCTTAG,3-M-8,B cell,0,B cell,-1.9658556,5.450988,1513,1.1816954612731934
10X_P4_7_CGTTAGATCCAGGGCT,3-M-8,T cell,2,Unmatched_2,28.540888,0.14282274,1514,2.302885055541992
10X_P4_7_CGTTAGATCGCGCCAA,3-M-8,B cell,0,B cell,0.28316388,7.8077693,1515,0.8696838021278381
10X_P4_7_CGTTCTGAGAGCCCAA,3-M-8,B cell,0,B cell,2.1158433,4.1547613,1516,0.6747890114784241
10X_P4_7_CGTTCTGTCCCTTGTG,3-M-8,B cell,0,B cell,-0.45322526,5.898522,1517,1.3629952669143677
10X_P4_7_CGTTGGGCAAATCCGT,3-M-8,B cell,0,B cell,2.032685,2.4450629,1518,0.7355424165725708
10X_P4_7_CGTTGGGCACAGGCCT,3-M-8,B cell,0,B cell,0.11199901,7.173693,1519,0.741331934928894
10X_P4_7_CTAACTTAGTAGGTGC,3-M-8,B cell,0,B cell,-2.061319,5.283645,1520,1.4014145135879517
10X_P4_7_CTAACTTAGTGCTGCC,3-M-8,B cell,0,B cell,2.7371192,4.6155157,1521,1.0091521739959717
10X_P4_7_CTAACTTCAAGTTAAG,3-M-8,T cell,3,T cell,26.279795,-0.90333325,1522,0.65562903881073
10X_P4_7_CTAACTTCACAGGAGT,3-M-8,B cell,0,B cell,2.057474,2.324682,1523,0.5544154644012451
10X_P4_7_CTAACTTCACCAACCG,3-M-8,B cell,0,B cell,0.5073572,3.923103,1524,1.4773122072219849
10X_P4_7_CTAACTTCATTGTGCA,3-M-8,B cell,0,B cell,2.5471933,4.145728,1525,0.9562657475471495
10X_P4_7_CTAACTTGTAGAAGGA,3-M-8,T cell,2,Unmatched_2,26.69095,1.2966492,1526,0.6418858170509338
10X_P4_7_CTAACTTGTCGACTGC,3-M-8,B cell,7,Unmatched_7,3.9873095,13.032961,1527,0.9182084798812866
10X_P4_7_CTAACTTGTCGCGTGT,3-M-8,macrophage,4,macrophage,4.9432755,16.23538,1528,2.8932483196258545
10X_P4_7_CTAACTTGTCGCTTCT,3-M-8,T cell,2,Unmatched_2,29.423164,0.67711,1529,1.2573966979980469
10X_P4_7_CTAACTTTCACGCATA,3-M-8,B cell,0,B cell,2.8725204,4.194988,1530,0.5731815695762634
10X_P4_7_CTAACTTTCATTATCC,3-M-8,macrophage,4,macrophage,2.1089516,15.934384,1531,2.4738471508026123
10X_P4_7_CTAACTTTCCGATATG,3-M-8,B cell,0,B cell,1.7927877,3.952025,1532,0.5687556266784668
10X_P4_7_CTAAGACCAATGGAAT,3-M-8,B cell,0,B cell,2.0799496,3.6629746,1533,0.6941308379173279
10X_P4_7_CTAAGACCACACAGAG,3-M-8,B cell,7,Unmatched_7,4.0100255,13.198191,1534,1.0854300260543823
10X_P4_7_CTAAGACCATGTAGTC,3-M-8,macrophage,4,macrophage,2.0871735,15.908201,1535,2.8116672039031982
10X_P4_7_CTAAGACGTTCTGTTT,3-M-8,B cell,0,B cell,1.0623162,4.134737,1536,0.396915853023529
10X_P4_7_CTAAGACTCGTAGGTT,3-M-8,B cell,0,B cell,1.6214807,4.2817674,1537,0.6508813500404358
10X_P4_7_CTAAGACTCTGCTGTC,3-M-8,T cell,3,T cell,26.8195,-1.0679741,1538,1.469616174697876
10X_P4_7_CTAAGACTCTTGCATT,3-M-8,B cell,0,B cell,1.7507178,6.8368826,1539,0.7510309815406799
10X_P4_7_CTAATGGAGCACCGTC,3-M-8,B cell,0,B cell,0.55608577,7.7356176,1540,0.7078083157539368
10X_P4_7_CTAATGGAGCGATGAC,3-M-8,B cell,0,B cell,0.6390846,3.2522328,1541,1.600299835205078
10X_P4_7_CTAATGGAGTTTGCGT,3-M-8,B cell,0,B cell,0.7206632,6.1029835,1542,0.5621944665908813
10X_P4_7_CTAATGGCACGTAAGG,3-M-8,B cell,0,B cell,1.691132,6.0252914,1543,0.6479882001876831
10X_P4_7_CTAATGGCACTGAAGG,3-M-8,macrophage,4,macrophage,3.6404095,15.788378,1544,1.506662368774414
10X_P4_7_CTAATGGCAGATGGCA,3-M-8,B cell,0,B cell,2.3632116,2.9716976,1545,0.4805318117141723
10X_P4_7_CTAATGGTCACAACGT,3-M-8,B cell,0,B cell,-1.6701248,5.388004,1546,1.188007354736328
10X_P4_7_CTACACCAGTGAAGTT,3-M-8,B cell,0,B cell,2.419961,2.9553902,1547,0.4194534718990326
10X_P4_7_CTACACCAGTGGCACA,3-M-8,B cell,0,B cell,0.15717195,5.592504,1548,0.4425403773784637
10X_P4_7_CTACACCCATCCGGGT,3-M-8,B cell,1,Unmatched_1,3.371238,8.471615,1549,0.6457474231719971
10X_P4_7_CTACACCGTAGGAGTC,3-M-8,B cell,0,B cell,-0.97554743,5.257463,1550,1.801641821861267
10X_P4_7_CTACACCGTTGTTTGG,3-M-8,B cell,1,Unmatched_1,3.2636638,8.107334,1551,0.5528899431228638
10X_P4_7_CTACACCTCCCAACGG,3-M-8,B cell,0,B cell,1.1842555,2.6919885,1552,0.6699950098991394
10X_P4_7_CTACACCTCGCATGAT,3-M-8,B cell,0,B cell,-1.5291862,5.195869,1553,1.2422666549682615
10X_P4_7_CTACATTAGGACAGAA,3-M-8,B cell,0,B cell,2.1024492,2.8769886,1554,1.0629078149795532
10X_P4_7_CTACATTCACAACGCC,3-M-8,macrophage,4,macrophage,4.5509815,16.194893,1555,3.646089553833008
10X_P4_7_CTACATTCAGCCACCA,3-M-8,B cell,0,B cell,0.6611029,4.253833,1556,0.4999292492866516
10X_P4_7_CTACATTCAGCCAGAA,3-M-8,macrophage,6,Unmatched_6,28.847446,-0.55685484,1557,2.752264976501465
10X_P4_7_CTACATTCAGTCACTA,3-M-8,B cell,0,B cell,2.3835907,3.25671,1558,0.5310109257698059
10X_P4_7_CTACATTGTGTAAGTA,3-M-8,B cell,0,B cell,2.1834195,3.487861,1559,0.6129906177520752
10X_P4_7_CTACATTGTTGGTTTG,3-M-8,B cell,0,B cell,0.39837748,4.279992,1560,0.3965473473072052
10X_P4_7_CTACATTTCGCCCTTA,3-M-8,natural killer cell,5,natural killer cell,30.88465,-1.7812471,1561,1.82649028301239
10X_P4_7_CTACCCAAGTTCGCGC,3-M-8,macrophage,4,macrophage,4.8829775,16.265951,1562,3.0883588790893555
10X_P4_7_CTACCCACACCTTGTC,3-M-8,B cell,0,B cell,0.7800392,4.8845553,1563,0.412043958902359
10X_P4_7_CTACCCACACGTAAGG,3-M-8,B cell,1,Unmatched_1,4.696771,7.1494193,1564,0.8137258291244507
10X_P4_7_CTACCCACAGGTGCCT,3-M-8,B cell,0,B cell,0.10422768,4.5931525,1565,0.5147191882133484
10X_P4_7_CTACCCACATGAGCGA,3-M-8,B cell,7,Unmatched_7,3.9531431,13.196718,1566,0.930472195148468
10X_P4_7_CTACCCACATTACGAC,3-M-8,B cell,0,B cell,1.7980269,2.6423671,1567,0.5058802366256714
10X_P4_7_CTACCCAGTCGTTGTA,3-M-8,T cell,3,T cell,28.103157,-1.2252235,1568,1.0065340995788574
10X_P4_7_CTACCCAGTCTCGTTC,3-M-8,B cell,0,B cell,0.036883824,4.7298274,1569,0.3912318646907806
10X_P4_7_CTACCCATCCACGACG,3-M-8,B cell,0,B cell,2.571639,4.7335467,1570,1.166598916053772
10X_P4_7_CTACCCATCGGTCCGA,3-M-8,B cell,0,B cell,1.3205956,4.7303853,1571,0.4657896161079407
10X_P4_7_CTACGTCAGAAGGACA,3-M-8,B cell,1,Unmatched_1,3.196998,8.274524,1572,0.5579883456230164
10X_P4_7_CTACGTCAGCTGCAAG,3-M-8,B cell,0,B cell,-1.8609335,5.403309,1573,1.070792317390442
10X_P4_7_CTACGTCAGGGATCTG,3-M-8,B cell,0,B cell,2.11077,3.9497068,1574,0.8839577436447144
10X_P4_7_CTACGTCAGTGGGCTA,3-M-8,B cell,0,B cell,-0.8066555,5.858499,1575,1.3185356855392456
10X_P4_7_CTACGTCCAATGGTCT,3-M-8,B cell,0,B cell,1.9973469,4.9857564,1576,1.0589607954025269
10X_P4_7_CTACGTCCATCGACGC,3-M-8,B cell,0,B cell,1.9438963,3.2257023,1577,0.7930939197540283
10X_P4_7_CTACGTCGTAAAGTCA,3-M-8,B cell,0,B cell,0.25415877,4.60433,1578,0.4658488631248474
10X_P4_7_CTACGTCTCGGCTACG,3-M-8,B cell,0,B cell,0.5995897,4.10409,1579,0.4892418086528778
10X_P4_7_CTACGTCTCGGCTTGG,3-M-8,B cell,0,B cell,-0.85645604,3.566123,1580,0.7799878716468811
10X_P4_7_CTACGTCTCTGCGGCA,3-M-8,B cell,1,Unmatched_1,3.356748,8.573714,1581,0.6197107434272766
10X_P4_7_CTAGAGTAGCAGGCTA,3-M-8,B cell,0,B cell,-2.1961493,4.409233,1582,0.9178640246391296
10X_P4_7_CTAGAGTAGCTAGTGG,3-M-8,T cell,3,T cell,26.082752,-0.8626799,1583,0.6929353475570679
10X_P4_7_CTAGAGTAGTTTCCTT,3-M-8,B cell,0,B cell,1.8701116,2.9185243,1584,0.8431799411773682
10X_P4_7_CTAGAGTCATGGTAGG,3-M-8,B cell,0,B cell,2.2740638,2.3825243,1585,0.5836324691772461
10X_P4_7_CTAGAGTGTTACTGAC,3-M-8,B cell,0,B cell,-0.054671638,5.6247187,1586,0.9912559986114502
10X_P4_7_CTAGAGTTCGGAATCT,3-M-8,B cell,0,B cell,0.41019818,7.9359336,1587,0.8595913648605347
10X_P4_7_CTAGAGTTCTCTTGAT,3-M-8,B cell,0,B cell,0.16689159,3.7987702,1588,0.7941662669181824
10X_P4_7_CTAGCCTAGCTAAGAT,3-M-8,T cell,3,T cell,25.9517,-1.3409055,1589,1.2301479578018188
10X_P4_7_CTAGCCTAGCTGCGAA,3-M-8,B cell,9,Unmatched_9,6.3442335,-5.5639114,1590,5.109276294708252
10X_P4_7_CTAGCCTAGGTGATAT,3-M-8,B cell,0,B cell,-0.5833621,5.9701457,1591,1.1269270181655884
10X_P4_7_CTAGCCTGTAATCACC,3-M-8,B cell,0,B cell,-1.751908,5.1507454,1592,1.0208195447921753
10X_P4_7_CTAGCCTGTCACCTAA,3-M-8,B cell,7,Unmatched_7,3.95369,13.220707,1593,1.0837589502334597
10X_P4_7_CTAGCCTGTCTAGTCA,3-M-8,B cell,0,B cell,2.2439344,4.4417996,1594,0.8406472206115723
10X_P4_7_CTAGCCTGTGTATGGG,3-M-8,B cell,0,B cell,1.1364989,2.7017202,1595,0.6207631826400757
10X_P4_7_CTAGCCTTCGACGGAA,3-M-8,T cell,2,Unmatched_2,29.085943,1.0747905,1596,1.2028690576553345
10X_P4_7_CTAGCCTTCGTACCGG,3-M-8,B cell,0,B cell,0.54115397,4.6789927,1597,0.4671027362346649
10X_P4_7_CTAGCCTTCTGGAGCC,3-M-8,B cell,0,B cell,1.2339762,4.497223,1598,0.6528744697570801
10X_P4_7_CTAGCCTTCTTGTTTG,3-M-8,B cell,1,Unmatched_1,2.796303,8.281409,1599,0.629328727722168
10X_P4_7_CTAGTGAAGGCTACGA,3-M-8,macrophage,4,macrophage,1.9279419,16.684013,1600,1.5479533672332764
10X_P4_7_CTAGTGACATACGCCG,3-M-8,B cell,0,B cell,0.0076614427,4.637699,1601,0.4176736772060394
10X_P4_7_CTAGTGAGTCAAAGCG,3-M-8,T cell,2,Unmatched_2,27.432402,0.5683347,1602,0.809034526348114
10X_P4_7_CTAGTGAGTCGGCTCA,3-M-8,B cell,0,B cell,-0.800064,3.5324564,1603,0.5190793871879578
10X_P4_7_CTAGTGAGTCTCATCC,3-M-8,T cell,2,Unmatched_2,28.978605,0.4862299,1604,1.8983676433563232
10X_P4_7_CTAGTGATCAAGATCC,3-M-8,B cell,0,B cell,-0.98382056,4.663056,1605,1.0792676210403442
10X_P4_7_CTAGTGATCAGATAAG,3-M-8,B cell,0,B cell,1.7267598,4.025104,1606,0.4826883971691131
10X_P4_7_CTAGTGATCCCGACTT,3-M-8,B cell,0,B cell,0.9255477,4.515788,1607,0.4802954196929931
10X_P4_7_CTCACACAGCGTTTAC,3-M-8,macrophage,4,macrophage,4.453183,16.229218,1608,3.646089553833008
10X_P4_7_CTCACACCACCTTGTC,3-M-8,T cell,2,Unmatched_2,26.840693,1.3338933,1609,0.7716518044471741
10X_P4_7_CTCACACGTAATAGCA,3-M-8,T cell,2,Unmatched_2,27.57345,0.001994094,1610,1.11729633808136
10X_P4_7_CTCACACGTATGAATG,3-M-8,B cell,0,B cell,0.69460726,4.012737,1611,0.4459782838821411
10X_P4_7_CTCACACGTCCGTGAC,3-M-8,T cell,3,T cell,28.177946,-1.1253676,1612,1.8652299642562864
10X_P4_7_CTCACACGTGGAAAGA,3-M-8,B cell,0,B cell,0.8197654,3.1814368,1613,0.7708550691604614
10X_P4_7_CTCAGAAAGAACAATC,3-M-8,natural killer cell,5,natural killer cell,30.999636,-1.9043517,1614,1.8860880136489868
10X_P4_7_CTCAGAAAGAGGTACC,3-M-8,macrophage,4,macrophage,5.2547855,16.183277,1615,2.6333134174346924
10X_P4_7_CTCAGAAAGGCTCTTA,3-M-8,B cell,0,B cell,1.2075895,4.5489073,1616,0.4810872077941894
10X_P4_7_CTCAGAACAAATACAG,3-M-8,B cell,0,B cell,2.0232382,7.353961,1617,0.5753992795944214
10X_P4_7_CTCAGAACACAAGTAA,3-M-8,T cell,3,T cell,25.92158,-1.1295087,1618,0.6668609976768494
10X_P4_7_CTCAGAACAGTCAGCC,3-M-8,T cell,2,Unmatched_2,29.140884,1.0203981,1619,1.1616694927215576
10X_P4_7_CTCAGAAGTTTGGGCC,3-M-8,macrophage,4,macrophage,2.098694,15.925096,1620,2.8559908866882324
10X_P4_7_CTCAGAATCGCGGATC,3-M-8,B cell,2,Unmatched_2,27.565496,0.27785456,1621,2.2348592281341557
10X_P4_7_CTCATTAAGGATATAC,3-M-8,B cell,0,B cell,1.0596846,5.9391556,1622,0.6870604157447815
10X_P4_7_CTCATTAGTGAAAGAG,3-M-8,B cell,9,Unmatched_9,6.3438993,-5.5646863,1623,5.109276294708252
10X_P4_7_CTCATTATCAGAAATG,3-M-8,B cell,0,B cell,2.5602567,6.4460597,1624,0.7300280928611755
10X_P4_7_CTCCTAGAGCTAGTTC,3-M-8,T cell,2,Unmatched_2,26.945137,1.2290709,1625,0.911182165145874
10X_P4_7_CTCCTAGAGGGAACGG,3-M-8,B cell,0,B cell,1.4144747,5.5865216,1626,0.9861339330673218
10X_P4_7_CTCCTAGAGTGGGCTA,3-M-8,T cell,2,Unmatched_2,29.103542,1.0598671,1627,1.007840871810913
10X_P4_7_CTCCTAGCAAGCTGGA,3-M-8,B cell,0,B cell,1.5774679,7.517321,1628,1.1552462577819824
10X_P4_7_CTCCTAGCAGGTCTCG,3-M-8,T cell,2,Unmatched_2,29.09527,1.084277,1629,1.1737898588180542
10X_P4_7_CTCCTAGCATTTGCCC,3-M-8,B cell,0,B cell,1.8840567,7.1469865,1630,0.7424682378768921
10X_P4_7_CTCCTAGGTGCAACTT,3-M-8,B cell,0,B cell,2.5048573,5.1299567,1631,0.794345498085022
10X_P4_7_CTCCTAGGTGCGAAAC,3-M-8,B cell,7,Unmatched_7,3.955435,13.135023,1632,0.8448526263237
10X_P4_7_CTCCTAGTCGATGAGG,3-M-8,T cell,2,Unmatched_2,27.5713,1.2784407,1633,0.5431955456733704
10X_P4_7_CTCCTAGTCTGGTGTA,3-M-8,B cell,0,B cell,0.1188462,2.832342,1634,1.1954987049102783
10X_P4_7_CTCCTAGTCTTGCATT,3-M-8,B cell,0,B cell,2.0838487,3.9711237,1635,0.4565962553024292
10X_P4_7_CTCCTAGTCTTGTCAT,3-M-8,B cell,0,B cell,-0.74594754,3.0512898,1636,1.1174945831298828
10X_P4_7_CTCGAAAAGGGAGTAA,3-M-8,B cell,0,B cell,2.5246046,4.0500474,1637,1.0443521738052368
10X_P4_7_CTCGAAAAGTAGTGCG,3-M-8,B cell,1,Unmatched_1,4.77555,7.1640606,1638,1.1026294231414795
10X_P4_7_CTCGAAACATGATCCA,3-M-8,T cell,3,T cell,26.215479,-0.89388686,1639,0.7335766553878784
10X_P4_7_CTCGAGGCACCATGTA,3-M-8,B cell,6,Unmatched_6,-0.33409712,12.041504,1640,3.929778575897217
10X_P4_7_CTCGAGGCATACCATG,3-M-8,B cell,0,B cell,1.2419931,4.1848373,1641,0.502933919429779
10X_P4_7_CTCGAGGGTCGAACAG,3-M-8,B cell,0,B cell,1.4297744,3.2802253,1642,0.6572752594947815
10X_P4_7_CTCGAGGGTTGAACTC,3-M-8,B cell,0,B cell,-1.7593019,5.4260097,1643,1.3231258392333984
10X_P4_7_CTCGAGGTCACAAACC,3-M-8,T cell,2,Unmatched_2,26.906168,1.0365613,1644,0.6572108864784241
10X_P4_7_CTCGGAGCAAGAAAGG,3-M-8,B cell,0,B cell,0.62711,4.483386,1645,0.5371168255805969
10X_P4_7_CTCGGAGCAGACGCTC,3-M-8,B cell,0,B cell,1.2986249,7.464015,1646,0.8737199902534485
10X_P4_7_CTCGGAGCATCGACGC,3-M-8,B cell,0,B cell,-0.0090508545,2.7608886,1647,0.6808501482009888
10X_P4_7_CTCGGAGTCATCACCC,3-M-8,macrophage,0,B cell,4.583783,14.724285,1648,2.1386053562164307
10X_P4_7_CTCGGAGTCCGCAAGC,3-M-8,B cell,7,Unmatched_7,3.947392,13.184206,1649,1.825281262397766
10X_P4_7_CTCGGAGTCCGCAGTG,3-M-8,B cell,0,B cell,2.3714468,4.7545404,1650,0.8523163199424744
10X_P4_7_CTCGGAGTCGCTTAGA,3-M-8,B cell,7,Unmatched_7,3.9689574,13.264121,1651,0.699057936668396
10X_P4_7_CTCGGGAAGAACTCGG,3-M-8,B cell,7,Unmatched_7,4.045419,13.091507,1652,1.0269005298614502
10X_P4_7_CTCGGGAAGCTTTGGT,3-M-8,B cell,0,B cell,1.2753333,4.842419,1653,0.8780052065849304
10X_P4_7_CTCGGGACAAGCTGGA,3-M-8,B cell,0,B cell,-0.57223326,3.392616,1654,0.9431537985801696
10X_P4_7_CTCGGGACACGGTGTC,3-M-8,T cell,3,T cell,26.078262,-1.3019948,1655,0.6769070625305176
10X_P4_7_CTCGGGACACTTACGA,3-M-8,B cell,6,Unmatched_6,0.07002285,11.488663,1656,4.844853401184082
10X_P4_7_CTCGGGAGTACATCCA,3-M-8,B cell,0,B cell,0.35316902,4.439588,1657,0.4159777462482452
10X_P4_7_CTCGGGAGTCATATGC,3-M-8,B cell,7,Unmatched_7,3.9947128,13.189817,1658,0.6723587512969971
10X_P4_7_CTCGGGATCCAGTAGT,3-M-8,B cell,0,B cell,1.7971126,4.0873847,1659,1.385344386100769
10X_P4_7_CTCGTACAGCTAGTTC,3-M-8,macrophage,4,macrophage,1.9471923,16.625906,1660,2.4683268070220947
10X_P4_7_CTCGTACCATATGGTC,3-M-8,B cell,0,B cell,0.20731753,3.7312686,1661,0.4923851490020752
10X_P4_7_CTCGTACCATGCAACT,3-M-8,B cell,0,B cell,0.79821426,3.0686595,1662,0.6072349548339844
10X_P4_7_CTCGTACGTGAACCTT,3-M-8,B cell,0,B cell,2.1466358,6.53017,1663,0.5119650959968567
10X_P4_7_CTCGTACGTGCAGACA,3-M-8,macrophage,4,macrophage,2.0620155,16.633291,1664,1.7743221521377563
10X_P4_7_CTCGTACGTTGTGGCC,3-M-8,B cell,0,B cell,2.5480413,4.5967107,1665,0.8818165063858032
10X_P4_7_CTCGTCAAGAAGGGTA,3-M-8,B cell,0,B cell,0.12020254,7.4677405,1666,0.7939378023147583
10X_P4_7_CTCGTCACACGGTTTA,3-M-8,T cell,2,Unmatched_2,27.721392,1.3241284,1667,0.9282694458961488
10X_P4_7_CTCGTCACATCGGGTC,3-M-8,B cell,0,B cell,-1.1003845,5.4949627,1668,1.1019566059112549
10X_P4_7_CTCGTCACATGCCACG,3-M-8,B cell,0,B cell,1.1368306,3.4234102,1669,1.3152096271514893
10X_P4_7_CTCGTCAGTGCATCTA,3-M-8,macrophage,4,macrophage,2.5352726,16.379915,1670,1.7047622203826904
10X_P4_7_CTCGTCAGTGCCTTGG,3-M-8,B cell,1,Unmatched_1,3.5152488,8.501306,1671,0.5803700685501099
10X_P4_7_CTCGTCATCCATGAAC,3-M-8,macrophage,4,macrophage,4.7698817,15.097731,1672,1.949171781539917
10X_P4_7_CTCGTCATCTTGTTTG,3-M-8,T cell,3,T cell,26.321747,-1.044072,1673,0.9209311008453368
10X_P4_7_CTCTAATAGAGCTTCT,3-M-8,B cell,0,B cell,-0.14832611,5.028227,1674,0.4764169454574585
10X_P4_7_CTCTAATAGCTGAACG,3-M-8,B cell,0,B cell,-1.5953745,3.9820693,1675,0.8501182794570923
10X_P4_7_CTCTAATCAATTGCTG,3-M-8,B cell,0,B cell,1.307155,4.7544074,1676,0.718957781791687
10X_P4_7_CTCTAATCACATTCGA,3-M-8,macrophage,4,macrophage,3.9627657,15.517068,1677,2.810368299484253
10X_P4_7_CTCTACGCAAGAGTCG,3-M-8,T cell,3,T cell,26.8205,-1.1438211,1678,0.7365087866783142
10X_P4_7_CTCTACGCATCGGTTA,3-M-8,T cell,3,T cell,25.809,-1.0755364,1679,0.6821259260177612
10X_P4_7_CTCTACGGTAAGAGGA,3-M-8,B cell,0,B cell,2.0390956,3.8727422,1680,0.6471349000930786
10X_P4_7_CTCTACGGTACCAGTT,3-M-8,B cell,0,B cell,0.46861845,2.9498956,1681,0.5871583819389343
10X_P4_7_CTCTACGGTGATAAAC,3-M-8,macrophage,4,macrophage,2.5304759,16.35864,1682,2.399989366531372
10X_P4_7_CTCTACGTCGGAGGTA,3-M-8,B cell,0,B cell,0.75805616,4.81581,1683,0.4508370161056518
10X_P4_7_CTCTGGTCAACTGCTA,3-M-8,B cell,0,B cell,-0.9408879,3.3931959,1684,0.7415071725845337
10X_P4_7_CTCTGGTCATGGGACA,3-M-8,T cell,2,Unmatched_2,29.114187,1.0677121,1685,1.1331180334091189
10X_P4_7_CTCTGGTGTATAGGGC,3-M-8,B cell,0,B cell,3.1490436,7.3794765,1686,0.9790340065956116
10X_P4_7_CTCTGGTGTTAAAGAC,3-M-8,B cell,0,B cell,-0.7143209,3.4940243,1687,0.8729881644248962
10X_P4_7_CTCTGGTTCCTTTCTC,3-M-8,T cell,3,T cell,25.589447,-1.0382627,1688,0.7154132723808289
10X_P4_7_CTCTGGTTCTGCCCTA,3-M-8,T cell,3,T cell,26.267939,-0.7652224,1689,0.9544485211372375
10X_P4_7_CTGAAACAGGGAGTAA,3-M-8,B cell,0,B cell,1.652777,2.0326152,1690,0.5208169221878052
10X_P4_7_CTGAAACCACTGAAGG,3-M-8,B cell,0,B cell,1.904598,3.0573125,1691,0.6562499403953552
10X_P4_7_CTGAAACCATGCAACT,3-M-8,T cell,3,T cell,28.625704,-0.9762697,1692,3.646089553833008
10X_P4_7_CTGAAACGTAAGAGGA,3-M-8,T cell,3,T cell,26.00587,-1.3435719,1693,0.6879082918167114
10X_P4_7_CTGAAACTCGATAGAA,3-M-8,T cell,2,Unmatched_2,29.473566,0.90591025,1694,1.306472897529602
10X_P4_7_CTGAAGTAGAGCCTAG,3-M-8,natural killer cell,5,natural killer cell,31.022417,-2.35772,1695,1.817561388015747
10X_P4_7_CTGAAGTAGCTCCTCT,3-M-8,T cell,5,natural killer cell,29.894623,-0.6909576,1696,1.880712866783142
10X_P4_7_CTGAAGTCACATTAGC,3-M-8,B cell,0,B cell,-0.9014073,3.321635,1697,0.6856750249862671
10X_P4_7_CTGAAGTCAGATGGCA,3-M-8,B cell,0,B cell,2.4185793,2.470619,1698,0.4568732976913452
10X_P4_7_CTGAAGTCAGTCAGCC,3-M-8,B cell,0,B cell,-0.8036474,5.803622,1699,1.42691969871521
10X_P4_7_CTGAAGTCATTAGGCT,3-M-8,B cell,0,B cell,-0.33286807,3.295049,1700,0.6171186566352844
10X_P4_7_CTGAAGTGTCTCTTAT,3-M-8,B cell,1,Unmatched_1,4.7296696,7.163818,1701,0.7487634420394897
10X_P4_7_CTGAAGTTCCTACAGA,3-M-8,B cell,0,B cell,0.9052984,4.542665,1702,0.4886645674705505
10X_P4_7_CTGAAGTTCGCCAAAT,3-M-8,B cell,1,Unmatched_1,4.6142063,14.754223,1703,2.242883682250977
10X_P4_7_CTGAAGTTCTTATCTG,3-M-8,macrophage,4,macrophage,2.5913146,16.372883,1704,1.8215126991271973
10X_P4_7_CTGATAGAGCACAGGT,3-M-8,macrophage,4,macrophage,3.6712985,15.739433,1705,1.5498541593551636
10X_P4_7_CTGATAGAGTCCAGGA,3-M-8,B cell,6,Unmatched_6,0.36868834,10.649844,1706,1.552817702293396
10X_P4_7_CTGATAGCAATAGCGG,3-M-8,B cell,0,B cell,0.42778617,7.8300853,1707,1.2233891487121582
10X_P4_7_CTGATAGGTCTCGTTC,3-M-8,B cell,0,B cell,1.4140009,3.1497643,1708,0.6812242269515991
10X_P4_7_CTGATAGTCCTTCAAT,3-M-8,B cell,7,Unmatched_7,3.9464405,13.21983,1709,1.3991105556488037
10X_P4_7_CTGATCCAGCGTTTAC,3-M-8,T cell,2,Unmatched_2,27.127785,0.74889463,1710,1.2451845407485962
10X_P4_7_CTGATCCCACAGATTC,3-M-8,T cell,5,natural killer cell,30.134459,-0.57929724,1711,1.9703779220581052
10X_P4_7_CTGATCCGTCTAGTCA,3-M-8,B cell,0,B cell,0.90760684,2.8638961,1712,1.460660457611084
10X_P4_7_CTGATCCGTGAAATCA,3-M-8,B cell,0,B cell,2.2987487,5.5831127,1713,0.7575736045837402
10X_P4_7_CTGATCCGTGTATGGG,3-M-8,B cell,0,B cell,0.88383794,3.623673,1714,0.4549072384834289
10X_P4_7_CTGATCCTCAGAAATG,3-M-8,B cell,0,B cell,2.0490234,6.683807,1715,0.950236678123474
10X_P4_7_CTGATCCTCGCAGGCT,3-M-8,macrophage,4,macrophage,3.339624,16.0414,1716,2.0545897483825684
10X_P4_7_CTGCCTAAGACTTGAA,3-M-8,B cell,0,B cell,2.060956,6.7862782,1717,1.0057029724121094
10X_P4_7_CTGCCTAAGCTTTGGT,3-M-8,B cell,0,B cell,-1.8816254,5.598848,1718,1.6140705347061155
10X_P4_7_CTGCCTAAGGATATAC,3-M-8,B cell,0,B cell,0.051832817,3.3386407,1719,0.7559508681297302
10X_P4_7_CTGCCTAAGGTCATCT,3-M-8,B cell,0,B cell,1.5747019,1.9863402,1720,1.3436226844787598
10X_P4_7_CTGCCTAAGTGGAGAA,3-M-8,B cell,0,B cell,-0.8558467,5.247491,1721,0.8916700482368469
10X_P4_7_CTGCCTAGTAAGAGGA,3-M-8,B cell,0,B cell,1.9353071,2.1650467,1722,0.5782719254493713
10X_P4_7_CTGCCTAGTTGTCTTT,3-M-8,B cell,1,Unmatched_1,4.656422,6.90279,1723,1.073724389076233
10X_P4_7_CTGCCTATCGGATGTT,3-M-8,B cell,0,B cell,2.5803053,2.8080907,1724,0.5646081566810608
10X_P4_7_CTGCCTATCGGCATCG,3-M-8,B cell,1,Unmatched_1,2.8799593,7.921779,1725,0.730016827583313
10X_P4_7_CTGCGGACACAGCCCA,3-M-8,B cell,1,Unmatched_1,2.378459,8.271118,1726,0.5899664759635925
10X_P4_7_CTGCGGACACCAGCAC,3-M-8,B cell,0,B cell,2.4879482,2.9933245,1727,0.476946473121643
10X_P4_7_CTGCGGAGTACCTACA,3-M-8,B cell,0,B cell,1.4510843,5.5396633,1728,0.5233857035636902
10X_P4_7_CTGCGGAGTACTCTCC,3-M-8,T cell,2,Unmatched_2,28.912067,1.1036785,1729,1.4167628288269043
10X_P4_7_CTGCGGAGTATGCTTG,3-M-8,B cell,9,Unmatched_9,6.3439064,-5.5622516,1730,5.109276294708252
10X_P4_7_CTGCGGATCAAGGCTT,3-M-8,B cell,0,B cell,0.50287277,3.2512736,1731,0.5821751952171326
10X_P4_7_CTGCGGATCCAAGCCG,3-M-8,B cell,0,B cell,1.0629616,4.547768,1732,0.5534924864768982
10X_P4_7_CTGCGGATCTGCCAGG,3-M-8,B cell,0,B cell,2.1873386,5.563551,1733,0.6855658292770386
10X_P4_7_CTGCTGTAGCTCAACT,3-M-8,T cell,2,Unmatched_2,28.730433,0.9269489,1734,0.7820654511451721
10X_P4_7_CTGCTGTAGCTCCTTC,3-M-8,B cell,0,B cell,-1.9198996,5.452859,1735,1.1241750717163086
10X_P4_7_CTGCTGTCAAACTGTC,3-M-8,B cell,0,B cell,1.6723963,5.7699246,1736,1.2916699647903442
10X_P4_7_CTGCTGTCAATCGGTT,3-M-8,B cell,0,B cell,0.7903191,3.8168385,1737,0.4778477847576141
10X_P4_7_CTGCTGTCAGGGATTG,3-M-8,B cell,0,B cell,0.47194147,7.6472735,1738,1.3382530212402344
10X_P4_7_CTGCTGTCATCCCACT,3-M-8,T cell,3,T cell,26.634857,-0.775894,1739,1.1428425312042236
10X_P4_7_CTGCTGTGTCTCAACA,3-M-8,T cell,2,Unmatched_2,27.740173,1.235893,1740,0.8767096996307373
10X_P4_7_CTGCTGTGTTGTGGAG,3-M-8,B cell,0,B cell,2.4644835,4.1974545,1741,0.7351201772689819
10X_P4_7_CTGCTGTGTTGTTTGG,3-M-8,natural killer cell,5,natural killer cell,30.80292,-2.0883832,1742,1.990380048751831
10X_P4_7_CTGCTGTTCATCTGCC,3-M-8,macrophage,4,macrophage,4.78851,15.047641,1743,2.002304077148437
10X_P4_7_CTGCTGTTCCTTGGTC,3-M-8,B cell,0,B cell,2.2706022,2.2646456,1744,0.5202217698097229
10X_P4_7_CTGCTGTTCGTTACGA,3-M-8,B cell,9,Unmatched_9,6.34457,-5.5634604,1745,5.109276294708252
10X_P4_7_CTGGTCTAGAGATGAG,3-M-8,B cell,0,B cell,2.1467283,3.3517373,1746,0.6172589063644409
10X_P4_7_CTGGTCTAGCTAACAA,3-M-8,B cell,0,B cell,-0.49497467,5.667981,1747,1.1316107511520386
10X_P4_7_CTGGTCTAGTCCATAC,3-M-8,T cell,3,T cell,25.866285,-1.2176739,1748,0.7370875477790833
10X_P4_7_CTGGTCTAGTTCGATC,3-M-8,B cell,0,B cell,1.71519,2.757943,1749,0.855309784412384
10X_P4_7_CTGGTCTCACACGCTG,3-M-8,macrophage,6,Unmatched_6,28.897833,-0.57993096,1750,2.795902967453003
10X_P4_7_CTGGTCTCACAGACTT,3-M-8,B cell,0,B cell,2.5550196,3.3752508,1751,0.7054277062416077
10X_P4_7_CTGGTCTCACTTCGAA,3-M-8,B cell,0,B cell,-0.35036767,4.8019876,1752,0.4935709536075592
10X_P4_7_CTGGTCTCAGGTCGTC,3-M-8,B cell,0,B cell,-1.8827184,5.440795,1753,1.0772087574005127
10X_P4_7_CTGGTCTTCAGTACGT,3-M-8,B cell,0,B cell,2.2266908,4.126721,1754,0.7164764404296875
10X_P4_7_CTGGTCTTCCATTCTA,3-M-8,B cell,0,B cell,-0.29875126,3.3634014,1755,0.6377468705177307
10X_P4_7_CTGGTCTTCGGAAATA,3-M-8,B cell,0,B cell,2.4576008,2.6705048,1756,0.5423605442047119
10X_P4_7_CTGTGCTAGAATCTCC,3-M-8,B cell,0,B cell,-0.02157161,4.031441,1757,0.4451963901519775
10X_P4_7_CTGTGCTAGCCACTAT,3-M-8,B cell,0,B cell,-2.0225341,5.5622234,1758,1.3436907529830933
10X_P4_7_CTGTGCTAGTGGTAGC,3-M-8,B cell,0,B cell,1.3744385,2.7921462,1759,0.706118106842041
10X_P4_7_CTGTGCTCACCTCGTT,3-M-8,B cell,1,Unmatched_1,2.96435,8.448973,1760,0.7143154740333557
10X_P4_7_CTGTGCTGTCCAAGTT,3-M-8,T cell,2,Unmatched_2,29.668938,0.89985484,1761,1.7151325941085815
10X_P4_7_CTGTGCTGTCGGATCC,3-M-8,T cell,2,Unmatched_2,27.279531,1.0619408,1762,0.700661838054657
10X_P4_7_CTGTGCTGTGTCGCTG,3-M-8,B cell,0,B cell,0.9764269,4.055503,1763,0.6225809454917908
10X_P4_7_CTGTTTAAGAAACCGC,3-M-8,B cell,0,B cell,0.2199051,2.7298956,1764,0.761703372001648
10X_P4_7_CTGTTTAAGGAGTCTG,3-M-8,B cell,2,Unmatched_2,27.530304,0.16052303,1765,1.3607722520828247
10X_P4_7_CTGTTTAAGTAATCCC,3-M-8,B cell,0,B cell,-0.368197,3.6364045,1766,0.9956620931625366
10X_P4_7_CTGTTTAAGTCCATAC,3-M-8,B cell,1,Unmatched_1,2.61148,8.209337,1767,0.4756458699703216
10X_P4_7_CTGTTTAAGTGGTAGC,3-M-8,B cell,0,B cell,0.98839587,5.8864384,1768,1.2337251901626587
10X_P4_7_CTGTTTACAAGCCGCT,3-M-8,B cell,0,B cell,1.6288075,3.2143793,1769,0.95672345161438
10X_P4_7_CTGTTTAGTATCAGTC,3-M-8,macrophage,4,macrophage,1.9248672,16.649273,1770,1.7960671186447144
10X_P4_7_CTGTTTAGTTCCACAA,3-M-8,dendritic cell,8,dendritic cell,3.52015,17.740896,1771,4.421335220336914
10X_P4_7_CTGTTTATCAACGGGA,3-M-8,T cell,3,T cell,26.229807,-1.1975945,1772,0.5757273435592651
10X_P4_7_CTGTTTATCTACTCAT,3-M-8,B cell,0,B cell,1.0372189,3.36023,1773,0.5574343204498291
10X_P4_7_CTTAACTAGGTGTGGT,3-M-8,T cell,3,T cell,26.271372,-1.0886674,1774,0.7858492136001587
10X_P4_7_CTTAACTAGTGTCCAT,3-M-8,B cell,0,B cell,-0.27205604,2.7379012,1775,1.3508416414260864
10X_P4_7_CTTAACTCATGCCCGA,3-M-8,B cell,0,B cell,1.6885405,2.4608374,1776,0.929421603679657
10X_P4_7_CTTAACTGTAAGTTCC,3-M-8,B cell,0,B cell,0.09719742,4.8486757,1777,0.4391242563724518
10X_P4_7_CTTACCGAGAAGGCCT,3-M-8,B cell,0,B cell,2.5755067,6.600891,1778,0.8653116226196289
10X_P4_7_CTTACCGAGCCAGTTT,3-M-8,B cell,0,B cell,0.5958823,3.503483,1779,0.6107780337333679
10X_P4_7_CTTACCGAGGTAAACT,3-M-8,B cell,0,B cell,1.6306485,4.6176686,1780,0.8032422065734863
10X_P4_7_CTTACCGCAAGTCTAC,3-M-8,B cell,0,B cell,1.106681,3.545353,1781,0.9108263850212096
10X_P4_7_CTTACCGCACCCATTC,3-M-8,B cell,0,B cell,-0.32418725,6.592617,1782,1.2304548025131226
10X_P4_7_CTTACCGGTCACTTCC,3-M-8,B cell,1,Unmatched_1,2.1699848,7.7012177,1783,0.7370268106460571
10X_P4_7_CTTACCGTCGTGGTCG,3-M-8,B cell,0,B cell,1.6588504,5.7965546,1784,0.6414192914962769
10X_P4_7_CTTACCGTCTGAGGGA,3-M-8,T cell,2,Unmatched_2,29.042112,0.50938225,1785,1.3638032674789429
10X_P4_7_CTTAGGAAGTCAAGCG,3-M-8,B cell,1,Unmatched_1,-2.3966181,4.0757365,1786,1.7845121622085571
10X_P4_7_CTTAGGAAGTGGAGAA,3-M-8,B cell,0,B cell,2.2222364,4.4289107,1787,0.5012110471725464
10X_P4_7_CTTAGGAAGTGTTAGA,3-M-8,B cell,0,B cell,0.16353135,3.0610278,1788,0.5578049421310425
10X_P4_7_CTTAGGACACATAACC,3-M-8,B cell,0,B cell,2.1451373,4.0635767,1789,0.5433403849601746
10X_P4_7_CTTAGGAGTAGCGATG,3-M-8,B cell,0,B cell,0.756417,2.4586043,1790,1.2032372951507568
10X_P4_7_CTTAGGAGTAGGCTGA,3-M-8,T cell,3,T cell,26.693598,-0.5705657,1791,0.8053973913192749
10X_P4_7_CTTAGGAGTATATCCG,3-M-8,B cell,0,B cell,1.1459149,4.2052317,1792,0.4744839370250702
10X_P4_7_CTTAGGAGTTCTGTTT,3-M-8,B cell,0,B cell,1.8942685,2.209129,1793,0.6403095126152039
10X_P4_7_CTTAGGATCGTCCGTT,3-M-8,B cell,0,B cell,1.0231792,4.0315275,1794,0.3932174146175384
10X_P4_7_CTTCTCTCAAAGTGCG,3-M-8,B cell,0,B cell,-0.7704452,3.6969647,1795,0.9047569036483764
10X_P4_7_CTTCTCTCAAGGTTCT,3-M-8,B cell,6,Unmatched_6,0.2740345,11.226579,1796,1.588623046875
10X_P4_7_CTTCTCTCAAGTTAAG,3-M-8,T cell,2,Unmatched_2,25.214527,2.0650418,1797,1.252631664276123
10X_P4_7_CTTCTCTCACCGATAT,3-M-8,B cell,0,B cell,-0.74369985,5.6313114,1798,0.9072716236114502
10X_P4_7_CTTCTCTCAGCTATTG,3-M-8,T cell,3,T cell,27.385218,-0.48854834,1799,1.096147537231445
10X_P4_7_CTTCTCTGTAAGTAGT,3-M-8,B cell,0,B cell,2.22849,4.5815454,1800,0.9475613832473756
10X_P4_7_CTTCTCTGTACCGCTG,3-M-8,B cell,1,Unmatched_1,-1.9408503,3.9524024,1801,1.395796537399292
10X_P4_7_CTTCTCTGTGACGCCT,3-M-8,B cell,0,B cell,1.3418312,6.3882165,1802,0.7621216773986816
10X_P4_7_CTTCTCTTCCCTTGTG,3-M-8,B cell,0,B cell,0.8674583,4.1711817,1803,0.3996882438659668
10X_P4_7_CTTCTCTTCCTTGCCA,3-M-8,B cell,0,B cell,0.6900123,3.496662,1804,0.6121607422828674
10X_P4_7_CTTCTCTTCGGCATCG,3-M-8,B cell,0,B cell,0.68053865,7.1229153,1805,0.8366022109985352
10X_P4_7_CTTCTCTTCTCTAGGA,3-M-8,B cell,1,Unmatched_1,2.7923665,7.793644,1806,0.767343282699585
10X_P4_7_CTTGGCTAGCGCCTTG,3-M-8,B cell,0,B cell,1.5050671,2.1142437,1807,0.8330273628234863
10X_P4_7_CTTGGCTCACGAAACG,3-M-8,B cell,9,Unmatched_9,6.3444614,-5.5632434,1808,5.109276294708252
10X_P4_7_CTTGGCTTCGTTTGCC,3-M-8,B cell,1,Unmatched_1,3.0458581,8.034978,1809,0.5540930032730103
10X_P4_7_CTTTGCGAGATGAGAG,3-M-8,T cell,5,natural killer cell,29.96919,-0.7166466,1810,1.7878741025924685
10X_P4_7_CTTTGCGAGATGGGTC,3-M-8,B cell,1,Unmatched_1,4.723966,6.98273,1811,1.0720443725585938
10X_P4_7_CTTTGCGAGCCCAATT,3-M-8,B cell,0,B cell,0.7222511,4.180745,1812,0.4545299410820007
10X_P4_7_CTTTGCGAGGTCATCT,3-M-8,T cell,3,T cell,25.846167,-0.5030991,1813,0.7491093277931213
10X_P4_7_CTTTGCGCAGCCTGTG,3-M-8,T cell,3,T cell,26.370401,-0.58403766,1814,0.8486809134483337
10X_P4_7_CTTTGCGGTAATCACC,3-M-8,T cell,3,T cell,25.788317,-0.21918103,1815,1.9646897315979004
10X_P4_7_CTTTGCGGTACGAAAT,3-M-8,T cell,4,macrophage,2.0939515,15.906716,1816,2.8559908866882324
10X_P4_7_CTTTGCGGTTGTTTGG,3-M-8,B cell,0,B cell,-0.08731594,4.3213086,1817,0.8373135328292847
10X_P4_7_CTTTGCGGTTTAAGCC,3-M-8,natural killer cell,5,natural killer cell,31.06118,-2.4051907,1818,1.3903545141220093
10X_P4_7_CTTTGCGTCTCGGACG,3-M-8,macrophage,4,macrophage,2.488151,16.403826,1819,1.939656138420105
10X_P4_7_GAAACTCAGCCACTAT,3-M-8,B cell,0,B cell,0.5512258,5.511645,1820,0.5781688690185547
10X_P4_7_GAAACTCAGGGAGTAA,3-M-8,B cell,0,B cell,-0.06424294,6.9563155,1821,1.5164672136306765
10X_P4_7_GAAACTCCAAGCCGCT,3-M-8,T cell,3,T cell,26.112263,-0.6648352,1822,0.5315333604812622
10X_P4_7_GAAACTCCACCAACCG,3-M-8,B cell,0,B cell,1.9286888,5.6756186,1823,1.1084612607955933
10X_P4_7_GAAACTCGTGTGACGA,3-M-8,B cell,0,B cell,0.7534361,2.8573213,1824,0.7370795011520386
10X_P4_7_GAAACTCTCGCGCCAA,3-M-8,T cell,2,Unmatched_2,29.064322,0.99512905,1825,1.1947753429412842
10X_P4_7_GAAATGAAGACAGAGA,3-M-8,macrophage,4,macrophage,2.504741,16.410053,1826,2.8339850902557373
10X_P4_7_GAAATGAAGAGGGATA,3-M-8,B cell,1,Unmatched_1,1.6054978,8.136463,1827,1.3800238370895386
10X_P4_7_GAAATGAAGTTTCCTT,3-M-8,B cell,0,B cell,1.8520797,3.7024329,1828,0.4796101450920105
10X_P4_7_GAAATGACACCAACCG,3-M-8,B cell,0,B cell,1.4907708,2.4095476,1829,1.1832551956176758
10X_P4_7_GAAATGACACTAAGTC,3-M-8,B cell,0,B cell,0.1738245,3.2100976,1830,0.9920059442520142
10X_P4_7_GAAATGACACTCGACG,3-M-8,B cell,7,Unmatched_7,4.0264344,13.151569,1831,0.7563604116439819
10X_P4_7_GAAATGACATCGATTG,3-M-8,B cell,0,B cell,1.070572,5.8803015,1832,0.8743537068367004
10X_P4_7_GAAATGAGTAACGTTC,3-M-8,B cell,0,B cell,1.6106247,5.010669,1833,1.0836100578308103
10X_P4_7_GAAATGAGTCCCTTGT,3-M-8,B cell,0,B cell,1.6913985,4.3877378,1834,1.1826491355895996
10X_P4_7_GAAATGAGTCCGCTGA,3-M-8,T cell,2,Unmatched_2,29.0829,0.41352218,1835,1.2551894187927246
10X_P4_7_GAAATGAGTGACTACT,3-M-8,B cell,0,B cell,-0.79799473,3.9722772,1836,0.9226194620132446
10X_P4_7_GAAATGAGTTCTGGTA,3-M-8,B cell,0,B cell,-1.2621427,5.276533,1837,1.4189294576644895
10X_P4_7_GAACATCAGAGCAATT,3-M-8,B cell,0,B cell,2.136378,4.608848,1838,0.6193059086799622
10X_P4_7_GAACATCCAGTGGGAT,3-M-8,T cell,3,T cell,25.74462,-0.8152715,1839,0.6322676539421082
10X_P4_7_GAACATCCATATGAGA,3-M-8,B cell,0,B cell,-0.80627865,5.4057736,1840,1.0347731113433838
10X_P4_7_GAACATCCATGGTCAT,3-M-8,B cell,0,B cell,-1.693765,3.9908936,1841,0.5793743133544922
10X_P4_7_GAACATCGTAGAGCTG,3-M-8,T cell,3,T cell,25.784306,-1.2023813,1842,0.5891331434249878
10X_P4_7_GAACATCGTCGAATCT,3-M-8,B cell,0,B cell,-0.65673625,3.2891874,1843,1.2542355060577393
10X_P4_7_GAACATCTCCAGGGCT,3-M-8,B cell,0,B cell,0.18895182,6.9846225,1844,0.8276762962341309
10X_P4_7_GAACCTAAGATGTGGC,3-M-8,B cell,0,B cell,2.2285695,5.749474,1845,0.6811516880989075
10X_P4_7_GAACCTAAGGAGCGTT,3-M-8,B cell,0,B cell,2.6386,3.9123857,1846,0.4258237481117248
10X_P4_7_GAACCTAAGTATGACA,3-M-8,macrophage,4,macrophage,4.7716713,15.044745,1847,2.038830041885376
10X_P4_7_GAACCTACAGTGAGTG,3-M-8,B cell,1,Unmatched_1,3.345947,8.549957,1848,0.5625818371772766
10X_P4_7_GAACCTACATCATCCC,3-M-8,B cell,0,B cell,1.8715237,5.355491,1849,1.0227140188217163
10X_P4_7_GAACCTACATTAGGCT,3-M-8,B cell,9,Unmatched_9,6.3439617,-5.562253,1850,5.109276294708252
10X_P4_7_GAACCTAGTCTGCAAT,3-M-8,B cell,7,Unmatched_7,4.3019743,14.541173,1851,2.468858242034912
10X_P4_7_GAACCTAGTTCAGCGC,3-M-8,B cell,0,B cell,2.450727,2.3743732,1852,0.5095977783203125
10X_P4_7_GAACCTATCTATCCTA,3-M-8,macrophage,4,macrophage,4.79824,15.048104,1853,2.094202280044556
10X_P4_7_GAACCTATCTTTCCTC,3-M-8,B cell,0,B cell,-0.49470016,5.947911,1854,0.9412496089935304
10X_P4_7_GAACGGAAGGATGGAA,3-M-8,B cell,0,B cell,2.0272055,4.9232388,1855,0.7690941691398621
10X_P4_7_GAACGGACACCTGGTG,3-M-8,T cell,2,Unmatched_2,27.265697,0.97869045,1856,0.7607050538063049
10X_P4_7_GAACGGACACGAAACG,3-M-8,B cell,0,B cell,2.5380065,2.5607662,1857,1.2310307025909424
10X_P4_7_GAACGGACATCACGTA,3-M-8,B cell,0,B cell,0.36309153,10.364186,1858,0.8024364113807678
10X_P4_7_GAACGGATCATCGATG,3-M-8,T cell,2,Unmatched_2,27.632904,0.6688964,1859,0.667131781578064
10X_P4_7_GAACGGATCGCCTGTT,3-M-8,B cell,0,B cell,3.4141781,7.9105654,1860,1.0104206800460815
10X_P4_7_GAAGCAGAGCCCGAAA,3-M-8,B cell,0,B cell,1.4835914,4.9924965,1861,0.6495422720909119
10X_P4_7_GAAGCAGCAAGTCTGT,3-M-8,B cell,0,B cell,1.8462403,4.1174197,1862,0.6249556541442871
10X_P4_7_GAAGCAGCATCGGAAG,3-M-8,B cell,0,B cell,-0.1582876,3.5409532,1863,0.5832300186157227
10X_P4_7_GAAGCAGGTTCCATGA,3-M-8,natural killer cell,5,natural killer cell,30.615572,-1.5186195,1864,2.296907663345337
10X_P4_7_GAAGCAGTCCTTGCCA,3-M-8,B cell,0,B cell,0.8599452,7.657169,1865,0.8373764157295227
10X_P4_7_GAATAAGAGGGCTTGA,3-M-8,B cell,0,B cell,-0.9213803,4.546512,1866,1.3249768018722534
10X_P4_7_GAATAAGCAGTAACGG,3-M-8,B cell,0,B cell,0.40093136,3.5088277,1867,0.4990865886211395
10X_P4_7_GAATAAGCATATACCG,3-M-8,B cell,0,B cell,2.6832666,5.1155033,1868,1.1749863624572754
10X_P4_7_GAATAAGTCTGTCTAT,3-M-8,B cell,0,B cell,0.55890423,7.691112,1869,0.7066095471382141
10X_P4_7_GAATGAAGTGTGAATA,3-M-8,B cell,0,B cell,-0.4654847,5.643707,1870,0.9502986073493958
10X_P4_7_GAATGAATCATAAAGG,3-M-8,T cell,3,T cell,26.16158,-1.167462,1871,0.5617481470108032
10X_P4_7_GACACGCCACCCATGG,3-M-8,B cell,0,B cell,2.1855106,3.8823695,1872,1.3382205963134766
10X_P4_7_GACACGCGTACCGTTA,3-M-8,T cell,3,T cell,28.599005,-0.9792509,1873,1.9436542987823489
10X_P4_7_GACACGCGTAGCAAAT,3-M-8,B cell,0,B cell,0.49247333,6.0910635,1874,0.6328529715538025
10X_P4_7_GACACGCGTTATGTGC,3-M-8,B cell,0,B cell,1.6335777,3.5758853,1875,0.694818377494812
10X_P4_7_GACACGCTCATAGCAC,3-M-8,T cell,3,T cell,25.905329,-1.3526474,1876,0.91447913646698
10X_P4_7_GACACGCTCTTGTACT,3-M-8,B cell,0,B cell,2.5998368,2.9104216,1877,0.5784410238265991
10X_P4_7_GACAGAGAGAGTAATC,3-M-8,T cell,3,T cell,28.715076,-1.3762909,1878,1.2594267129898071
10X_P4_7_GACAGAGCAGGGATTG,3-M-8,B cell,0,B cell,2.0490222,4.390022,1879,0.9744921326637268
10X_P4_7_GACAGAGCAGTAGAGC,3-M-8,B cell,0,B cell,0.97818553,3.0755875,1880,0.6021504998207092
10X_P4_7_GACAGAGTCAGATAAG,3-M-8,B cell,0,B cell,2.1337242,3.4159703,1881,0.8783769607543945
10X_P4_7_GACAGAGTCGCTTAGA,3-M-8,T cell,3,T cell,25.950367,-0.33197173,1882,1.223177790641785
10X_P4_7_GACAGAGTCGTTTAGG,3-M-8,B cell,1,Unmatched_1,-2.709556,4.0267253,1883,0.8178069591522217
10X_P4_7_GACAGAGTCTCAAGTG,3-M-8,macrophage,4,macrophage,3.656092,15.760985,1884,2.2065083980560303
10X_P4_7_GACCAATAGCACAGGT,3-M-8,B cell,0,B cell,2.5851672,3.945455,1885,1.277269959449768
10X_P4_7_GACCAATCAATGGTCT,3-M-8,B cell,0,B cell,0.49273267,4.262017,1886,0.8738028407096863
10X_P4_7_GACCAATCACCCATTC,3-M-8,macrophage,4,macrophage,2.5239384,16.35767,1887,2.255434036254883
10X_P4_7_GACCAATCATAACCTG,3-M-8,B cell,0,B cell,1.4035045,1.9971848,1888,0.87237548828125
10X_P4_7_GACCAATTCACATAGC,3-M-8,B cell,0,B cell,-0.38967752,4.054397,1889,0.7595532536506653
10X_P4_7_GACCAATTCCCTCAGT,3-M-8,B cell,7,Unmatched_7,3.9824622,13.157817,1890,0.6419306397438049
10X_P4_7_GACCTGGTCACAGTAC,3-M-8,B cell,0,B cell,0.7953214,4.494672,1891,1.507601022720337
10X_P4_7_GACGCGTAGATGTGTA,3-M-8,B cell,0,B cell,1.8668302,4.0659666,1892,0.746723473072052
10X_P4_7_GACGCGTGTCCCTACT,3-M-8,B cell,0,B cell,2.2771626,6.7061124,1893,0.8200046420097351
10X_P4_7_GACGCGTGTGAACCTT,3-M-8,B cell,1,Unmatched_1,3.6771543,7.6260786,1894,0.6500439047813416
10X_P4_7_GACGCGTTCAATCTCT,3-M-8,B cell,0,B cell,1.2803355,3.2964115,1895,0.9740437269210817
10X_P4_7_GACGCGTTCTCCAGGG,3-M-8,B cell,7,Unmatched_7,4.0422807,13.068205,1896,0.6723403930664062
10X_P4_7_GACGGCTCAGTCGTGC,3-M-8,B cell,1,Unmatched_1,3.854703,7.861077,1897,0.7634276747703552
10X_P4_7_GACGGCTCATCATCCC,3-M-8,T cell,3,T cell,25.905704,-0.6928021,1898,1.1906344890594482
10X_P4_7_GACGGCTGTTCTGAAC,3-M-8,T cell,3,T cell,28.659763,-1.4455464,1899,1.3840162754058838
10X_P4_7_GACGGCTTCGTTACAG,3-M-8,B cell,0,B cell,-0.04203403,6.8740563,1900,0.902616560459137
10X_P4_7_GACGGCTTCTCTGCTG,3-M-8,B cell,0,B cell,0.66099095,3.3341405,1901,0.50582355260849
10X_P4_7_GACGGCTTCTGCTTGC,3-M-8,B cell,0,B cell,2.3363595,4.40218,1902,0.5922996997833252
10X_P4_7_GACGTGCAGAAGGTTT,3-M-8,B cell,0,B cell,2.0430226,4.948175,1903,0.7549095153808594
10X_P4_7_GACGTGCAGTACTTGC,3-M-8,B cell,6,Unmatched_6,0.3534045,10.866406,1904,1.5576422214508057
10X_P4_7_GACGTGCAGTCGTTTG,3-M-8,B cell,0,B cell,0.49970117,7.2722473,1905,1.002565860748291
10X_P4_7_GACGTGCAGTTAGCGG,3-M-8,B cell,0,B cell,0.34213993,3.9962785,1906,0.5211620926856995
10X_P4_7_GACGTGCCAGGTCTCG,3-M-8,B cell,0,B cell,2.5868707,5.489254,1907,1.3491957187652588
10X_P4_7_GACGTGCGTAGCCTAT,3-M-8,B cell,0,B cell,2.7850633,4.675185,1908,0.8179101347923279
10X_P4_7_GACGTGCGTTAGAACA,3-M-8,T cell,5,natural killer cell,30.180004,-0.5414862,1909,2.224050521850586
10X_P4_7_GACGTGCGTTTACTCT,3-M-8,B cell,1,Unmatched_1,4.5674973,7.285364,1910,1.1032626628875732
10X_P4_7_GACGTTATCACTCCTG,3-M-8,T cell,2,Unmatched_2,26.678806,1.2352942,1911,0.8124793171882629
10X_P4_7_GACGTTATCTGCTTGC,3-M-8,B cell,0,B cell,1.32864,2.1670315,1912,0.730167031288147
10X_P4_7_GACTAACCAAGGGTCA,3-M-8,B cell,0,B cell,-0.37874725,4.256791,1913,0.8532407879829407
10X_P4_7_GACTAACCACATCCGG,3-M-8,B cell,0,B cell,0.84015167,3.8889847,1914,0.7863270044326782
10X_P4_7_GACTAACCACCATGTA,3-M-8,B cell,0,B cell,-0.2731094,4.2456613,1915,0.6172490119934082
10X_P4_7_GACTAACCAGTGAGTG,3-M-8,B cell,0,B cell,1.965143,2.4105175,1916,0.7292693257331848
10X_P4_7_GACTAACGTAAACGCG,3-M-8,macrophage,4,macrophage,4.789958,15.041742,1917,2.001013994216919
10X_P4_7_GACTAACGTATAGTAG,3-M-8,B cell,1,Unmatched_1,-2.666293,4.2489195,1918,0.5270878672599792
10X_P4_7_GACTAACGTGGCTCCA,3-M-8,T cell,2,Unmatched_2,29.158571,0.9897729,1919,1.105653166770935
10X_P4_7_GACTAACTCAACGAAA,3-M-8,macrophage,4,macrophage,4.420152,14.7870035,1920,2.8554458618164062
10X_P4_7_GACTAACTCCACTCCA,3-M-8,B cell,6,Unmatched_6,0.21788462,11.369394,1921,1.6404285430908203
10X_P4_7_GACTAACTCCAGAGGA,3-M-8,B cell,0,B cell,0.46636513,7.6857953,1922,1.1129902601242063
10X_P4_7_GACTACAAGCTCTCGG,3-M-8,B cell,0,B cell,1.63905,5.6036406,1923,1.037781834602356
10X_P4_7_GACTACAAGTACGTTC,3-M-8,B cell,0,B cell,0.7705871,5.817839,1924,0.6761960983276367
10X_P4_7_GACTACACACTAAGTC,3-M-8,B cell,0,B cell,2.5080414,5.989136,1925,0.6837969422340393
10X_P4_7_GACTACACACTGTGTA,3-M-8,B cell,0,B cell,1.8267598,5.1049504,1926,1.7357864379882812
10X_P4_7_GACTACACAGGCGATA,3-M-8,B cell,0,B cell,2.6093097,5.1998196,1927,1.3384259939193726
10X_P4_7_GACTACACAGGGCATA,3-M-8,T cell,2,Unmatched_2,26.909866,1.2698117,1928,0.7508895397186279
10X_P4_7_GACTACACATTAGCCA,3-M-8,natural killer cell,5,natural killer cell,30.96136,-2.3473318,1929,1.6412849426269531
10X_P4_7_GACTACAGTGTGTGCC,3-M-8,B cell,0,B cell,-0.86234003,5.8433414,1930,1.5703107118606567
10X_P4_7_GACTACAGTTCGGCAC,3-M-8,B cell,0,B cell,1.2248516,3.8194358,1931,0.5006462931632996
10X_P4_7_GACTACATCCTTGACC,3-M-8,B cell,0,B cell,0.09385134,6.018043,1932,0.6613264679908752
10X_P4_7_GACTGCGCACCGCTAG,3-M-8,B cell,0,B cell,-1.9932736,5.1380234,1933,1.1890724897384644
10X_P4_7_GACTGCGCATCGGGTC,3-M-8,B cell,0,B cell,-0.43231863,5.816783,1934,1.0592176914215088
10X_P4_7_GACTGCGTCCACGACG,3-M-8,B cell,0,B cell,1.0153126,4.1221943,1935,0.4960318207740783
10X_P4_7_GACTGCGTCCGCGCAA,3-M-8,T cell,2,Unmatched_2,27.447962,0.9498442,1936,0.8213977217674255
10X_P4_7_GACTGCGTCTAGAGTC,3-M-8,B cell,0,B cell,1.0987766,4.7518573,1937,1.1247081756591797
10X_P4_7_GAGCAGAAGGAGCGAG,3-M-8,B cell,1,Unmatched_1,2.5261679,8.488166,1938,0.8085598349571228
10X_P4_7_GAGCAGAAGTTACCCA,3-M-8,B cell,0,B cell,0.37321922,10.367174,1939,1.0884350538253784
10X_P4_7_GAGCAGACATCCGTGG,3-M-8,B cell,7,Unmatched_7,4.0022073,13.125044,1940,0.7338733077049255
10X_P4_7_GAGCAGAGTCTAAACC,3-M-8,B cell,7,Unmatched_7,3.887627,13.089409,1941,0.6701899170875549
10X_P4_7_GAGGTGAAGTTGAGTA,3-M-8,macrophage,4,macrophage,2.0069127,16.69048,1942,1.8146194219589236
10X_P4_7_GAGGTGACACATCCGG,3-M-8,macrophage,4,macrophage,2.0843043,16.295332,1943,2.8559908866882324
10X_P4_7_GAGGTGACACGTCAGC,3-M-8,B cell,0,B cell,2.6063054,7.0151234,1944,0.5935309529304504
10X_P4_7_GAGGTGACAGACACTT,3-M-8,T cell,3,T cell,27.043318,-0.66534775,1945,0.8411552309989929
10X_P4_7_GAGGTGAGTACGCACC,3-M-8,B cell,0,B cell,0.8493043,4.0955176,1946,0.520851194858551
10X_P4_7_GAGGTGAGTAGAAGGA,3-M-8,B cell,1,Unmatched_1,3.3148723,8.534036,1947,0.6570256948471069
10X_P4_7_GAGTCCGAGAAACCAT,3-M-8,B cell,0,B cell,-0.65771705,5.2151303,1948,0.6015831232070923
10X_P4_7_GAGTCCGAGACGACGT,3-M-8,B cell,1,Unmatched_1,2.6425874,7.046016,1949,0.6710550785064697
10X_P4_7_GAGTCCGCAAAGTGCG,3-M-8,T cell,2,Unmatched_2,29.499622,0.7371539,1950,1.658374309539795
10X_P4_7_GAGTCCGCAACGATCT,3-M-8,B cell,0,B cell,0.5121497,7.7393923,1951,0.8248404860496521
10X_P4_7_GAGTCCGCAGGGTACA,3-M-8,natural killer cell,5,natural killer cell,30.97381,-1.9560902,1952,1.9816406965255735
10X_P4_7_GAGTCCGCATCGGGTC,3-M-8,B cell,0,B cell,0.43291673,4.0335426,1953,0.4514349997043609
10X_P4_7_GAGTCCGCATTCACTT,3-M-8,B cell,0,B cell,0.43081468,4.496631,1954,0.4089146554470062
10X_P4_7_GAGTCCGGTCTCACCT,3-M-8,B cell,0,B cell,2.6621027,4.244382,1955,0.9475768804550172
10X_P4_7_GAGTCCGGTTCCCGAG,3-M-8,T cell,3,T cell,28.245007,-1.3133147,1956,0.916352152824402
10X_P4_7_GAGTCCGTCAGGCCCA,3-M-8,B cell,0,B cell,0.56667644,4.2054105,1957,0.5336634516716003
10X_P4_7_GAGTCCGTCCAGATCA,3-M-8,natural killer cell,5,natural killer cell,31.051573,-2.0231798,1958,1.8932445049285889
10X_P4_7_GAGTCCGTCCGATATG,3-M-8,macrophage,4,macrophage,2.4955971,16.37419,1959,2.176297187805176
10X_P4_7_GAGTCCGTCGATAGAA,3-M-8,B cell,1,Unmatched_1,-2.5094168,4.01685,1960,0.8660950660705566
10X_P4_7_GATCAGTAGCGTTGCC,3-M-8,macrophage,6,Unmatched_6,3.5958588,15.615346,1961,2.8559908866882324
10X_P4_7_GATCAGTAGGAGTCTG,3-M-8,B cell,0,B cell,0.36775187,7.7175393,1962,1.1885548830032349
10X_P4_7_GATCAGTGTTCGGCAC,3-M-8,B cell,0,B cell,2.3154705,3.8147395,1963,0.749525249004364
10X_P4_7_GATCAGTGTTTACTCT,3-M-8,T cell,3,T cell,28.592892,-1.4087512,1964,1.321177959442139
10X_P4_7_GATCAGTTCGGTCTAA,3-M-8,B cell,0,B cell,1.7433302,3.2521424,1965,1.0378612279891968
10X_P4_7_GATCAGTTCTCGAGTA,3-M-8,B cell,0,B cell,1.8523374,3.5391595,1966,0.5863281488418579
10X_P4_7_GATCGATAGCAGACTG,3-M-8,dendritic cell,8,dendritic cell,3.5627897,17.824335,1967,3.663352727890015
10X_P4_7_GATCGATAGCTGCCCA,3-M-8,B cell,1,Unmatched_1,2.6446595,8.36805,1968,0.6219329833984375
10X_P4_7_GATCGATCACTTGGAT,3-M-8,T cell,2,Unmatched_2,27.446323,1.3002189,1969,0.5936221480369568
10X_P4_7_GATCGATCAGCTTAAC,3-M-8,B cell,0,B cell,1.0157894,3.990115,1970,1.053977131843567
10X_P4_7_GATCGATGTAAACCTC,3-M-8,B cell,0,B cell,0.40138054,4.190134,1971,0.6557081341743469
10X_P4_7_GATCGATGTGACCAAG,3-M-8,B cell,0,B cell,0.4317967,5.3343105,1972,0.5199458003044128
10X_P4_7_GATCGATTCATCTGCC,3-M-8,macrophage,4,macrophage,1.896238,16.729492,1973,1.5679432153701782
10X_P4_7_GATCGATTCGGTGTCG,3-M-8,macrophage,4,macrophage,4.8995566,16.27268,1974,3.143149852752685
10X_P4_7_GATCGCGAGTAATCCC,3-M-8,B cell,0,B cell,1.57621,2.008811,1975,0.4802772998809814
10X_P4_7_GATCGCGAGTCTCAAC,3-M-8,B cell,0,B cell,0.2947115,4.5676594,1976,0.5011309385299683
10X_P4_7_GATCGCGAGTGCGTGA,3-M-8,B cell,1,Unmatched_1,1.8849692,7.7134466,1977,1.261255383491516
10X_P4_7_GATCGCGGTGTTCGAT,3-M-8,B cell,0,B cell,1.0660754,4.470614,1978,0.5218282341957092
10X_P4_7_GATCGCGTCACCCTCA,3-M-8,B cell,9,Unmatched_9,6.343935,-5.561987,1979,5.109276294708252
10X_P4_7_GATCGCGTCTACGAGT,3-M-8,B cell,0,B cell,2.200453,2.5042083,1980,0.4782790541648865
10X_P4_7_GATCGCGTCTGTGCAA,3-M-8,B cell,0,B cell,1.985825,2.416046,1981,0.556125819683075
10X_P4_7_GATCGTAAGGCATGTG,3-M-8,B cell,0,B cell,2.0966942,2.5348783,1982,0.7773441672325134
10X_P4_7_GATCGTACATACCATG,3-M-8,B cell,6,Unmatched_6,0.23514579,11.359384,1983,1.7351988554000854
10X_P4_7_GATCGTACATGCTAGT,3-M-8,B cell,0,B cell,1.1238371,3.1788015,1984,0.6768302917480469
10X_P4_7_GATCGTACATTCGACA,3-M-8,B cell,0,B cell,0.38169572,7.8929806,1985,1.0243074893951416
10X_P4_7_GATCTAGAGCGCCTTG,3-M-8,B cell,6,Unmatched_6,0.33686498,10.917212,1986,1.6241185665130615
10X_P4_7_GATCTAGCAATGTAAG,3-M-8,T cell,3,T cell,28.011578,-1.3899094,1987,0.9358847737312316
10X_P4_7_GATCTAGCAGCCTTGG,3-M-8,B cell,0,B cell,0.97693425,3.523573,1988,0.7476416230201721
10X_P4_7_GATCTAGTCAAACGGG,3-M-8,B cell,0,B cell,-0.41190132,5.86781,1989,1.6850247383117676
10X_P4_7_GATCTAGTCACCACCT,3-M-8,B cell,0,B cell,0.59412247,5.37339,1990,1.1292866468429563
10X_P4_7_GATGAAAAGGACACCA,3-M-8,B cell,0,B cell,1.8206843,4.310552,1991,0.5268117785453796
10X_P4_7_GATGAAACAACTGCTA,3-M-8,macrophage,4,macrophage,4.363361,14.799863,1992,2.8559908866882324
10X_P4_7_GATGAAACAGGCAGTA,3-M-8,B cell,0,B cell,-1.1795458,5.4013095,1993,1.2403156757354736
10X_P4_7_GATGAAACATCGTCGG,3-M-8,B cell,0,B cell,0.19840243,4.113252,1994,0.4038885533809662
10X_P4_7_GATGAAAGTAGAAAGG,3-M-8,B cell,0,B cell,-0.93713754,4.941618,1995,0.7088118195533752
10X_P4_7_GATGAAAGTATTCTCT,3-M-8,T cell,2,Unmatched_2,27.361057,1.0165143,1996,0.6423244476318359
10X_P4_7_GATGAAATCGTAGGAG,3-M-8,B cell,0,B cell,-1.7475988,5.323329,1997,1.1414469480514526
10X_P4_7_GATGAGGAGCTACCGC,3-M-8,B cell,7,Unmatched_7,4.04469,13.11608,1998,0.8412942290306091
10X_P4_7_GATGAGGAGTGTACTC,3-M-8,B cell,0,B cell,1.6094241,4.990885,1999,1.1516541242599487
10X_P4_7_GATGAGGCAGAGCCAA,3-M-8,B cell,0,B cell,0.3925013,4.03099,2000,0.9877227544784546
10X_P4_7_GATGAGGGTCGGCACT,3-M-8,B cell,1,Unmatched_1,4.5739036,7.2859406,2001,1.1350667476654053
10X_P4_7_GATGAGGGTGACTCAT,3-M-8,B cell,0,B cell,0.45280012,6.1715684,2002,0.998199224472046
10X_P4_7_GATGAGGTCCGATATG,3-M-8,macrophage,4,macrophage,2.5843124,16.345966,2003,2.1063244342803955
10X_P4_7_GATGAGGTCCTAGTGA,3-M-8,B cell,0,B cell,2.5227036,5.0096664,2004,0.8619584441184998
10X_P4_7_GATGAGGTCGCCCTTA,3-M-8,B cell,0,B cell,1.5054934,2.1135676,2005,0.967721939086914
10X_P4_7_GATGAGGTCGTATCAG,3-M-8,T cell,2,Unmatched_2,27.2662,0.8413333,2006,0.7360329031944275
10X_P4_7_GATGCTAAGACTTTCG,3-M-8,B cell,0,B cell,2.0586302,2.116155,2007,0.4885494410991668
10X_P4_7_GATGCTAAGGGTTCCC,3-M-8,B cell,0,B cell,2.5136843,4.942473,2008,0.8744866847991943
10X_P4_7_GATGCTACACGCGAAA,3-M-8,B cell,0,B cell,1.3803877,3.352104,2009,0.9833722710609436
10X_P4_7_GATGCTACACGTGAGA,3-M-8,B cell,0,B cell,2.2010944,4.444189,2010,0.7306227087974548
10X_P4_7_GATGCTAGTGTCCTCT,3-M-8,B cell,0,B cell,2.6726332,3.9402592,2011,0.7446399927139282
10X_P4_7_GATGCTAGTTCGTGAT,3-M-8,B cell,0,B cell,1.3392707,4.5120687,2012,1.060130000114441
10X_P4_7_GATGCTATCCAGAAGG,3-M-8,B cell,1,Unmatched_1,2.3380058,7.4999433,2013,0.5676168203353882
10X_P4_7_GATGCTATCTGCGACG,3-M-8,B cell,0,B cell,1.8808718,2.7149637,2014,0.6965246200561523
10X_P4_7_GATGCTATCTGTCTAT,3-M-8,B cell,0,B cell,2.3044446,3.661771,2015,0.8560760617256165
10X_P4_7_GATTCAGCACGAAAGC,3-M-8,macrophage,4,macrophage,2.471447,16.34601,2016,2.089622259140014
10X_P4_7_GATTCAGCATCGACGC,3-M-8,macrophage,4,macrophage,3.4009316,16.0921,2017,2.488036155700684
10X_P4_7_GATTCAGTCAAACCAC,3-M-8,B cell,1,Unmatched_1,2.970046,7.5240946,2018,0.5259758830070496
10X_P4_7_GATTCAGTCCTAAGTG,3-M-8,B cell,0,B cell,-1.7261429,5.689513,2019,1.5319985151290894
10X_P4_7_GATTCAGTCTGGTTCC,3-M-8,T cell,2,Unmatched_2,29.111572,0.56454754,2020,1.279794216156006
10X_P4_7_GCAAACTAGAATTCCC,3-M-8,B cell,0,B cell,0.5101939,7.6454206,2021,0.7877978086471558
10X_P4_7_GCAAACTAGACCCACC,3-M-8,B cell,0,B cell,1.3169698,4.3461413,2022,0.5683931708335876
10X_P4_7_GCAAACTAGTACGTAA,3-M-8,B cell,0,B cell,2.0100186,6.9934688,2023,0.6419180035591125
10X_P4_7_GCAAACTCACAACGCC,3-M-8,B cell,0,B cell,0.64275646,3.6110165,2024,0.8541046380996704
10X_P4_7_GCAAACTCACCCATGG,3-M-8,B cell,0,B cell,0.99548286,3.6481984,2025,0.523435652256012
10X_P4_7_GCAAACTGTAGCTAAA,3-M-8,natural killer cell,5,natural killer cell,30.996824,-1.9993297,2026,1.6587425470352173
10X_P4_7_GCAAACTGTCCAACTA,3-M-8,B cell,0,B cell,0.022031326,4.767607,2027,0.4983337819576263
10X_P4_7_GCAAACTTCCTTGGTC,3-M-8,B cell,0,B cell,1.9528317,2.5007722,2028,0.6310930848121643
10X_P4_7_GCAATCAAGAAAGTGG,3-M-8,macrophage,4,macrophage,3.714063,15.782152,2029,1.4907945394515991
10X_P4_7_GCAATCAAGGCCGAAT,3-M-8,B cell,0,B cell,0.9442935,4.2723827,2030,0.4873894453048706
10X_P4_7_GCAATCAAGTCAATAG,3-M-8,B cell,0,B cell,2.0993938,3.0104127,2031,0.7201048135757446
10X_P4_7_GCAATCACAATCAGAA,3-M-8,T cell,3,T cell,25.816854,-1.2376775,2032,1.179042100906372
10X_P4_7_GCAATCACAGCGTTCG,3-M-8,T cell,3,T cell,28.051743,-1.4296471,2033,0.9175620079040528
10X_P4_7_GCAATCACAGCTGCAC,3-M-8,B cell,0,B cell,-0.24408554,3.0467682,2034,0.4467537403106689
10X_P4_7_GCAATCAGTTCCCGAG,3-M-8,B cell,0,B cell,0.2930465,7.096311,2035,0.7514100670814514
10X_P4_7_GCAATCATCAGATAAG,3-M-8,B cell,0,B cell,-1.9516062,5.5159726,2036,1.36834979057312
10X_P4_7_GCAATCATCTGTGCAA,3-M-8,B cell,0,B cell,0.8750272,7.0413165,2037,0.7016522884368896
10X_P4_7_GCAATCATCTTCATGT,3-M-8,B cell,0,B cell,-1.8192679,5.4015927,2038,1.3472511768341064
10X_P4_7_GCACATAAGCGACGTA,3-M-8,B cell,0,B cell,-1.9289496,5.4521236,2039,1.243607759475708
10X_P4_7_GCACATATCACCACCT,3-M-8,B cell,0,B cell,1.7980729,2.5033743,2040,0.8514103293418884
10X_P4_7_GCACATATCGATAGAA,3-M-8,B cell,1,Unmatched_1,3.187456,8.497572,2041,0.5083448886871338
10X_P4_7_GCACATATCGCCTGAG,3-M-8,B cell,0,B cell,-1.6396408,4.8945603,2042,1.82673180103302
10X_P4_7_GCACTCTAGAGCTGGT,3-M-8,B cell,0,B cell,0.16522108,4.108823,2043,0.4146063923835754
10X_P4_7_GCACTCTAGGATGCGT,3-M-8,B cell,0,B cell,1.639608,3.8634663,2044,0.601872980594635
10X_P4_7_GCACTCTAGGCCATAG,3-M-8,B cell,0,B cell,1.7774872,2.4905136,2045,0.6477438807487488
10X_P4_7_GCACTCTAGGTACTCT,3-M-8,B cell,0,B cell,2.7075536,2.816942,2046,0.7282953858375549
10X_P4_7_GCACTCTAGGTGACCA,3-M-8,B cell,0,B cell,1.6543663,3.1952608,2047,0.9074230790138244
10X_P4_7_GCACTCTGTAGCAAAT,3-M-8,B cell,0,B cell,2.1129491,2.7800057,2048,0.5475412607192993
10X_P4_7_GCACTCTGTCACTTCC,3-M-8,T cell,2,Unmatched_2,27.677408,0.97164494,2049,0.7674530148506165
10X_P4_7_GCACTCTGTCTTCGTC,3-M-8,B cell,0,B cell,2.159495,2.5949733,2050,0.5445201396942139
10X_P4_7_GCACTCTTCCCGACTT,3-M-8,T cell,3,T cell,26.296114,-0.3863652,2051,0.5783079862594604
10X_P4_7_GCACTCTTCTATCCTA,3-M-8,B cell,0,B cell,1.0252966,5.3658004,2052,0.5419487953186035
10X_P4_7_GCAGCCAAGAGGGATA,3-M-8,T cell,5,natural killer cell,30.189423,-0.53076214,2053,1.832000494003296
10X_P4_7_GCAGCCACAATCCGAT,3-M-8,B cell,0,B cell,1.9416205,2.484101,2054,0.8304266333580017
10X_P4_7_GCAGCCAGTTCGGGCT,3-M-8,B cell,0,B cell,1.8793532,3.4653091,2055,0.6068553328514099
10X_P4_7_GCAGCCATCACATGCA,3-M-8,T cell,2,Unmatched_2,27.133938,0.90928906,2056,0.8689074516296387
10X_P4_7_GCAGTTAAGATACACA,3-M-8,B cell,0,B cell,2.5241787,6.3882837,2057,0.7052208185195923
10X_P4_7_GCAGTTAAGCGATGAC,3-M-8,T cell,3,T cell,26.59118,-1.2128171,2058,0.7154337763786316
10X_P4_7_GCAGTTACAACGCACC,3-M-8,B cell,0,B cell,0.8175482,5.03361,2059,0.4024142622947693
10X_P4_7_GCAGTTAGTGTTCGAT,3-M-8,B cell,0,B cell,2.023734,5.1535068,2060,1.3217988014221191
10X_P4_7_GCAGTTATCCTCAATT,3-M-8,B cell,0,B cell,-0.16755007,3.1612792,2061,0.6799225807189941
10X_P4_7_GCAGTTATCTGGTTCC,3-M-8,B cell,6,Unmatched_6,-0.32144263,12.026376,2062,4.844853401184082
10X_P4_7_GCATACAAGGACGAAA,3-M-8,macrophage,4,macrophage,4.708565,14.91638,2063,2.4483091831207275
10X_P4_7_GCATACAAGTCACGCC,3-M-8,B cell,0,B cell,2.290303,3.7060497,2064,0.4741901159286499
10X_P4_7_GCATACAGTCATCCCT,3-M-8,B cell,0,B cell,1.3347815,2.4702065,2065,0.9666099548339844
10X_P4_7_GCATACATCAATCTCT,3-M-8,natural killer cell,5,natural killer cell,31.026217,-2.4598608,2066,1.8151795864105225
10X_P4_7_GCATACATCAGCATGT,3-M-8,B cell,7,Unmatched_7,3.9859526,13.1278105,2067,0.9652466773986816
10X_P4_7_GCATACATCCAAACAC,3-M-8,B cell,0,B cell,0.8995352,2.5773764,2068,0.948554754257202
10X_P4_7_GCATACATCTAACGGT,3-M-8,B cell,0,B cell,1.7142534,2.7582955,2069,0.6674467921257019
10X_P4_7_GCATACATCTTAGAGC,3-M-8,T cell,3,T cell,26.244162,-1.3031642,2070,0.6024250984191895
10X_P4_7_GCATGATAGCTGAACG,3-M-8,T cell,2,Unmatched_2,27.327951,1.280697,2071,0.6198428273200989
10X_P4_7_GCATGATAGTGTTGAA,3-M-8,T cell,2,Unmatched_2,28.691051,0.27999255,2072,1.2600719928741455
10X_P4_7_GCATGATCATACTACG,3-M-8,B cell,1,Unmatched_1,3.7657955,7.8914995,2073,0.6218389272689819
10X_P4_7_GCATGATCATTGAGCT,3-M-8,B cell,0,B cell,-0.74284214,3.4842556,2074,1.1916929483413696
10X_P4_7_GCATGATGTACTCTCC,3-M-8,B cell,0,B cell,-1.5707738,4.184833,2075,0.7602382302284241
10X_P4_7_GCATGATGTCTAACGT,3-M-8,B cell,0,B cell,2.517224,4.6799574,2076,1.146410584449768
10X_P4_7_GCATGATGTGCAGTAG,3-M-8,B cell,1,Unmatched_1,2.8151836,7.6318774,2077,0.6494410037994385
10X_P4_7_GCATGATGTGTGACCC,3-M-8,T cell,3,T cell,28.038351,-1.2505839,2078,1.1300066709518433
10X_P4_7_GCATGATTCAGTTGAC,3-M-8,B cell,0,B cell,-0.04571034,6.8899117,2079,0.9153319001197816
10X_P4_7_GCATGATTCCCAGGTG,3-M-8,B cell,0,B cell,1.0415813,3.141323,2080,0.5099004507064819
10X_P4_7_GCATGATTCGCTTGTC,3-M-8,B cell,0,B cell,0.6212709,4.376017,2081,0.6893424987792969
10X_P4_7_GCATGCGAGCGTGAAC,3-M-8,B cell,1,Unmatched_1,2.424829,8.532032,2082,0.8419239521026611
10X_P4_7_GCATGCGAGGTACTCT,3-M-8,T cell,5,natural killer cell,29.793863,-0.7305699,2083,1.8839211463928225
10X_P4_7_GCATGCGGTTTGTGTG,3-M-8,B cell,1,Unmatched_1,3.5330966,8.118341,2084,0.7199828624725342
10X_P4_7_GCATGCGTCAGTTTGG,3-M-8,B cell,0,B cell,2.5358322,4.4782705,2085,1.1023242473602295
10X_P4_7_GCATGCGTCTATCGCC,3-M-8,B cell,0,B cell,2.3760173,4.5853095,2086,0.908415675163269
10X_P4_7_GCATGCGTCTGTCAAG,3-M-8,B cell,0,B cell,1.374039,5.9994035,2087,0.5967302322387695
10X_P4_7_GCATGTAAGCGTGTCC,3-M-8,T cell,3,T cell,26.306316,-0.92350817,2088,0.5370060205459595
10X_P4_7_GCATGTAAGGGATACC,3-M-8,B cell,0,B cell,1.3354744,3.6097813,2089,0.5495923757553101
10X_P4_7_GCATGTAAGTCGCCGT,3-M-8,B cell,0,B cell,2.2441251,6.4932647,2090,0.7533310651779175
10X_P4_7_GCATGTAAGTGTGGCA,3-M-8,T cell,3,T cell,26.723015,-0.8450931,2091,0.7902469635009766
10X_P4_7_GCATGTACAAACAACA,3-M-8,B cell,6,Unmatched_6,0.23152037,11.385737,2092,2.8559908866882324
10X_P4_7_GCATGTACAGCCTATA,3-M-8,B cell,0,B cell,-0.06428183,5.137577,2093,0.511795163154602
10X_P4_7_GCATGTACAGCTGTAT,3-M-8,B cell,0,B cell,1.3317398,3.805771,2094,0.5930750370025635
10X_P4_7_GCATGTAGTAAAGTCA,3-M-8,T cell,2,Unmatched_2,27.751657,1.3451762,2095,0.5873323082923889
10X_P4_7_GCATGTAGTTTAGCTG,3-M-8,B cell,0,B cell,2.2046354,5.2747293,2096,1.2226396799087524
10X_P4_7_GCATGTATCGGAGCAA,3-M-8,B cell,0,B cell,-0.0016871286,2.869101,2097,0.6370263695716858
10X_P4_7_GCATGTATCTATCGCC,3-M-8,B cell,0,B cell,-2.0704958,5.489615,2098,1.5506469011306765
10X_P4_7_GCATGTATCTCAACTT,3-M-8,B cell,0,B cell,1.4256601,2.7434835,2099,0.7998358607292175
10X_P4_7_GCCAAATAGGGTTCCC,3-M-8,B cell,0,B cell,2.1739123,5.3571725,2100,1.0902570486068726
10X_P4_7_GCCAAATGTCTGGAGA,3-M-8,B cell,0,B cell,-0.66720706,2.8881698,2101,1.5335432291030884
10X_P4_7_GCCTCTAAGATCCCGC,3-M-8,B cell,0,B cell,2.3947768,2.6830475,2102,0.4323165416717529
10X_P4_7_GCCTCTAAGGTAGCCA,3-M-8,B cell,6,Unmatched_6,0.293109,11.108905,2103,2.1103131771087646
10X_P4_7_GCCTCTAAGTCTCAAC,3-M-8,T cell,2,Unmatched_2,27.43339,0.65984315,2104,0.8443012833595276
10X_P4_7_GCCTCTAGTATAGGGC,3-M-8,B cell,0,B cell,2.2821352,2.501575,2105,0.5700377225875854
10X_P4_7_GCCTCTAGTCTTCAAG,3-M-8,B cell,0,B cell,-1.9793642,5.5299034,2106,1.4313268661499023
10X_P4_7_GCCTCTATCACAACGT,3-M-8,B cell,0,B cell,0.6360511,6.548491,2107,0.9801687598228456
10X_P4_7_GCCTCTATCCACTCCA,3-M-8,B cell,6,Unmatched_6,0.33912542,11.18955,2108,2.8559908866882324
10X_P4_7_GCGACCAAGAAGGGTA,3-M-8,B cell,0,B cell,0.20378333,4.0391726,2109,0.8790668249130249
10X_P4_7_GCGACCAAGAGGTACC,3-M-8,T cell,3,T cell,25.571817,-0.2747994,2110,0.6111497282981873
10X_P4_7_GCGACCAAGCAATCTC,3-M-8,B cell,6,Unmatched_6,0.21317993,11.380366,2111,2.8559908866882324
10X_P4_7_GCGACCAAGGGATCTG,3-M-8,B cell,9,Unmatched_9,6.344521,-5.564051,2112,5.109276294708252
10X_P4_7_GCGACCAGTCGCTTCT,3-M-8,T cell,3,T cell,26.326359,-0.72132146,2113,0.7279490828514099
10X_P4_7_GCGACCAGTTAGAACA,3-M-8,B cell,6,Unmatched_6,0.3064781,11.11541,2114,1.6172583103179932
10X_P4_7_GCGACCAGTTCCACGG,3-M-8,B cell,1,Unmatched_1,3.3586516,8.598074,2115,0.5868774056434631
10X_P4_7_GCGACCAGTTCGGCAC,3-M-8,T cell,3,T cell,27.881327,-1.2397602,2116,1.2180368900299072
10X_P4_7_GCGACCAGTTGCGTTA,3-M-8,B cell,1,Unmatched_1,3.1848924,7.885367,2117,0.662382185459137
10X_P4_7_GCGACCATCTCGATGA,3-M-8,B cell,0,B cell,2.1470003,6.561841,2118,0.6697385907173157
10X_P4_7_GCGAGAAAGGCCATAG,3-M-8,B cell,0,B cell,1.0282944,2.627328,2119,1.0455646514892578
10X_P4_7_GCGAGAAAGTACATGA,3-M-8,B cell,0,B cell,2.4201527,5.836915,2120,0.6110547780990601
10X_P4_7_GCGAGAACAGACACTT,3-M-8,B cell,0,B cell,1.5815902,5.645497,2121,0.6798244714736938
10X_P4_7_GCGAGAACATGGTCTA,3-M-8,B cell,0,B cell,0.65892076,4.8174305,2122,0.6912564635276794
10X_P4_7_GCGAGAACATTTGCCC,3-M-8,B cell,1,Unmatched_1,1.6526937,7.2972527,2123,1.2485816478729248
10X_P4_7_GCGAGAAGTCACTGGC,3-M-8,B cell,7,Unmatched_7,4.0075927,13.207626,2124,0.5412358641624451
10X_P4_7_GCGAGAAGTGTGAATA,3-M-8,B cell,0,B cell,2.1813924,2.557747,2125,0.5857134461402893
10X_P4_7_GCGAGAATCAAGGTAA,3-M-8,B cell,0,B cell,1.3154625,2.6865675,2126,1.0624866485595703
10X_P4_7_GCGAGAATCCTTAATC,3-M-8,B cell,7,Unmatched_7,3.9746954,13.142015,2127,0.7921305894851685
10X_P4_7_GCGAGAATCGCGTAGC,3-M-8,T cell,2,Unmatched_2,27.745897,0.53945166,2128,1.1369205713272097
10X_P4_7_GCGCAACAGGCCGAAT,3-M-8,B cell,0,B cell,1.098623,2.477382,2129,1.0583301782608032
10X_P4_7_GCGCAACGTAGGCATG,3-M-8,B cell,0,B cell,0.9533721,4.6352773,2130,0.7251353859901428
10X_P4_7_GCGCAACGTTATGTGC,3-M-8,B cell,0,B cell,2.040701,2.5264976,2131,0.559164822101593
10X_P4_7_GCGCAACGTTCGCGAC,3-M-8,B cell,0,B cell,0.41481826,4.548092,2132,0.4279017448425293
10X_P4_7_GCGCAGTAGCCCGAAA,3-M-8,B cell,0,B cell,0.050590344,2.7069452,2133,1.2329087257385254
10X_P4_7_GCGCAGTAGCTACCTA,3-M-8,B cell,0,B cell,0.58358747,2.6321852,2134,1.6963154077529907
10X_P4_7_GCGCAGTAGGTGCTTT,3-M-8,B cell,0,B cell,1.9946786,2.337325,2135,0.6590426564216614
10X_P4_7_GCGCAGTAGTGTACCT,3-M-8,B cell,0,B cell,2.6710806,3.2116532,2136,0.6726517081260681
10X_P4_7_GCGCAGTCATGGTCTA,3-M-8,B cell,0,B cell,2.882261,4.6425185,2137,0.9164617657661438
10X_P4_7_GCGCAGTTCGTAGATC,3-M-8,B cell,0,B cell,1.5942045,7.0559998,2138,0.9271440505981444
10X_P4_7_GCGCAGTTCTGTCCGT,3-M-8,macrophage,4,macrophage,4.546943,16.25093,2139,3.646089553833008
10X_P4_7_GCGCCAAAGAGTCTGG,3-M-8,B cell,0,B cell,2.5953627,4.1088543,2140,0.4096870720386505
10X_P4_7_GCGCCAACACGTGAGA,3-M-8,B cell,0,B cell,1.0664215,6.0634594,2141,0.920690894126892
10X_P4_7_GCGCCAACAGATCCAT,3-M-8,T cell,2,Unmatched_2,29.208618,1.011679,2142,1.2662309408187866
10X_P4_7_GCGCCAACAGCTATTG,3-M-8,B cell,0,B cell,-0.13703603,4.49434,2143,0.5755413770675659
10X_P4_7_GCGCCAACATTCCTCG,3-M-8,B cell,0,B cell,0.16941424,4.8971086,2144,0.530227541923523
10X_P4_7_GCGCCAAGTGTAAGTA,3-M-8,B cell,0,B cell,0.58056235,3.9705987,2145,0.5208967924118042
10X_P4_7_GCGCCAATCATCATTC,3-M-8,B cell,1,Unmatched_1,3.4917498,8.570578,2146,0.6522122025489807
10X_P4_7_GCGCCAATCGCGATCG,3-M-8,B cell,1,Unmatched_1,3.2224925,7.800035,2147,0.502928614616394
10X_P4_7_GCGCGATAGACGCACA,3-M-8,B cell,1,Unmatched_1,3.3284566,8.383883,2148,0.6133855581283569
10X_P4_7_GCGCGATAGATATGGT,3-M-8,T cell,3,T cell,25.859058,-1.069114,2149,0.7164624333381653
10X_P4_7_GCGCGATAGCTGAACG,3-M-8,natural killer cell,5,natural killer cell,30.991564,-2.4517388,2150,2.3219146728515625
10X_P4_7_GCGCGATCAATCCGAT,3-M-8,B cell,0,B cell,0.18809128,4.274531,2151,0.4096295237541199
10X_P4_7_GCGCGATCAGATCGGA,3-M-8,B cell,0,B cell,2.5440269,2.6038465,2152,0.5290189385414124
10X_P4_7_GCGCGATCAGCTGGCT,3-M-8,macrophage,4,macrophage,5.179896,16.091238,2153,2.8559908866882324
10X_P4_7_GCGCGATTCAACGGGA,3-M-8,B cell,0,B cell,1.1832296,3.9882398,2154,0.4519272446632385
10X_P4_7_GCGCGATTCCGTAGTA,3-M-8,B cell,0,B cell,1.7566164,3.9448571,2155,0.8569912314414978
10X_P4_7_GCGCGATTCCTTGCCA,3-M-8,B cell,0,B cell,1.0385633,2.6680052,2156,0.5539025068283081
10X_P4_7_GCGGGTTAGCCACCTG,3-M-8,B cell,0,B cell,1.346804,5.1109443,2157,0.754781186580658
10X_P4_7_GCGGGTTCAAGCCGTC,3-M-8,macrophage,4,macrophage,2.095985,15.92172,2158,2.700282096862793
10X_P4_7_GCGGGTTTCCATGAGT,3-M-8,T cell,2,Unmatched_2,28.05381,0.9243592,2159,1.0965847969055176
10X_P4_7_GCTCCTAAGTTGAGTA,3-M-8,B cell,0,B cell,1.1982932,4.356758,2160,0.4686728417873382
10X_P4_7_GCTCCTACATACCATG,3-M-8,T cell,2,Unmatched_2,27.262249,0.97223127,2161,1.1022332906723022
10X_P4_7_GCTCCTACATCCAACA,3-M-8,B cell,0,B cell,0.6788992,5.4005575,2162,0.4353588223457336
10X_P4_7_GCTCCTAGTAGCGCTC,3-M-8,T cell,2,Unmatched_2,29.43614,0.66140413,2163,1.4035866260528564
10X_P4_7_GCTCCTAGTTACCAGT,3-M-8,B cell,6,Unmatched_6,0.35926554,10.78521,2164,1.4332674741744995
10X_P4_7_GCTCCTATCAGTGCAT,3-M-8,B cell,0,B cell,2.363548,2.3571537,2165,0.5413312911987305
10X_P4_7_GCTCCTATCGCGCCAA,3-M-8,T cell,3,T cell,26.141445,-0.6678679,2166,0.5993255972862244
10X_P4_7_GCTCTGTAGCATCATC,3-M-8,B cell,1,Unmatched_1,2.8832524,6.8886867,2167,0.5094864964485168
10X_P4_7_GCTCTGTAGTGTTAGA,3-M-8,T cell,3,T cell,26.020882,-1.0146886,2168,0.5247433185577393
10X_P4_7_GCTCTGTCAACACCTA,3-M-8,B cell,0,B cell,-0.06721873,3.0169709,2169,0.4445717334747314
10X_P4_7_GCTCTGTCATCTCCCA,3-M-8,B cell,1,Unmatched_1,3.3401325,8.189039,2170,0.6177715063095093
10X_P4_7_GCTCTGTTCCAAGCCG,3-M-8,B cell,0,B cell,2.3806818,3.739415,2171,0.6947118639945984
10X_P4_7_GCTCTGTTCTATCGCC,3-M-8,B cell,6,Unmatched_6,0.22889243,11.367183,2172,1.5949052572250366
10X_P4_7_GCTGCAGAGAGCCTAG,3-M-8,B cell,0,B cell,-1.7687604,5.6590357,2173,1.607420802116394
10X_P4_7_GCTGCAGAGGAATGGA,3-M-8,B cell,0,B cell,0.641252,2.8160965,2174,0.5513182878494263
10X_P4_7_GCTGCAGAGGGTATCG,3-M-8,B cell,0,B cell,2.6424587,3.9030998,2175,0.8411684632301331
10X_P4_7_GCTGCAGAGTTGTCGT,3-M-8,B cell,0,B cell,1.9073051,5.2083826,2176,1.0908212661743164
10X_P4_7_GCTGCAGCAAGAAAGG,3-M-8,B cell,0,B cell,1.7777084,3.3593428,2177,0.75101637840271
10X_P4_7_GCTGCAGCACTTAACG,3-M-8,T cell,2,Unmatched_2,27.388153,1.4423758,2178,0.6467840075492859
10X_P4_7_GCTGCAGGTAGATTAG,3-M-8,B cell,1,Unmatched_1,3.1455545,8.16654,2179,0.5484151244163513
10X_P4_7_GCTGCAGGTTGTGGCC,3-M-8,B cell,0,B cell,0.50629395,4.077902,2180,0.652488112449646
10X_P4_7_GCTGCAGTCTTAGAGC,3-M-8,B cell,0,B cell,2.2985675,2.8134778,2181,0.5901945233345032
10X_P4_7_GCTGCGAAGCCAGTTT,3-M-8,T cell,2,Unmatched_2,27.152489,1.2020271,2182,0.5416681170463562
10X_P4_7_GCTGCGACATCGGAAG,3-M-8,B cell,0,B cell,0.34838456,7.455779,2183,1.3312814235687256
10X_P4_7_GCTGCGAGTTCCAACA,3-M-8,B cell,1,Unmatched_1,3.3797925,8.388103,2184,0.5676761865615845
10X_P4_7_GCTGCGATCCGTCAAA,3-M-8,B cell,0,B cell,0.6993295,3.790608,2185,0.5444301962852478
10X_P4_7_GCTGCTTAGGACAGAA,3-M-8,B cell,0,B cell,2.1199968,3.2732232,2186,0.94015371799469
10X_P4_7_GCTGCTTAGTTCGATC,3-M-8,B cell,7,Unmatched_7,3.9405613,13.197356,2187,0.915419340133667
10X_P4_7_GCTGCTTCAAGCGATG,3-M-8,B cell,1,Unmatched_1,2.4559915,7.4938464,2188,0.6621972322463989
10X_P4_7_GCTGCTTCAATCGGTT,3-M-8,B cell,0,B cell,-0.92105985,4.112642,2189,0.7448522448539734
10X_P4_7_GCTGCTTCAGGTGGAT,3-M-8,B cell,0,B cell,1.8222647,3.584582,2190,0.7056004405021667
10X_P4_7_GCTGCTTGTAGCGTAG,3-M-8,B cell,0,B cell,0.53969294,3.026854,2191,0.4343659877777099
10X_P4_7_GCTGCTTGTGGGTCAA,3-M-8,B cell,0,B cell,2.3063447,2.5510218,2192,0.656823992729187
10X_P4_7_GCTGCTTGTGTGACGA,3-M-8,natural killer cell,5,natural killer cell,30.903708,-2.325072,2193,1.7677966356277466
10X_P4_7_GCTGCTTTCCAAAGTC,3-M-8,B cell,0,B cell,0.99613935,4.8053274,2194,0.4872964918613434
10X_P4_7_GCTGCTTTCCGATATG,3-M-8,B cell,0,B cell,2.3584957,3.7987468,2195,1.110342264175415
10X_P4_7_GCTGCTTTCTTAGAGC,3-M-8,B cell,0,B cell,-0.87867314,5.759044,2196,1.2289282083511353
10X_P4_7_GCTGGGTAGAATCTCC,3-M-8,B cell,0,B cell,0.8152479,4.202563,2197,0.5583255887031555
10X_P4_7_GCTGGGTAGGCTACGA,3-M-8,B cell,0,B cell,-0.96725017,5.618798,2198,1.2448958158493042
10X_P4_7_GCTGGGTCAATGGACG,3-M-8,B cell,0,B cell,1.8863882,2.4713337,2199,0.7005735635757446
10X_P4_7_GCTGGGTGTCATCGGC,3-M-8,B cell,0,B cell,-1.9198829,5.41126,2200,1.8005657196044922
10X_P4_7_GCTGGGTGTTAGTGGG,3-M-8,B cell,0,B cell,1.0539737,3.4867706,2201,0.6702920794487
10X_P4_7_GCTGGGTTCAGTACGT,3-M-8,B cell,0,B cell,1.2723938,4.362502,2202,0.4051612913608551
10X_P4_7_GCTGGGTTCCCAACGG,3-M-8,B cell,0,B cell,0.21436949,4.676378,2203,0.4043631851673126
10X_P4_7_GCTTCCACACATCCGG,3-M-8,B cell,0,B cell,-0.41766027,5.765692,2204,1.1277954578399658
10X_P4_7_GCTTCCAGTCATCGGC,3-M-8,B cell,0,B cell,-2.0574157,5.447451,2205,1.9943245649337769
10X_P4_7_GCTTCCAGTGCGGTAA,3-M-8,B cell,1,Unmatched_1,3.8102655,7.831016,2206,0.5928062200546265
10X_P4_7_GCTTCCAGTTCCGTCT,3-M-8,B cell,0,B cell,1.2009876,3.528869,2207,0.6688746809959412
10X_P4_7_GCTTCCATCAACCAAC,3-M-8,B cell,0,B cell,2.4842958,4.2429953,2208,0.66019207239151
10X_P4_7_GCTTCCATCATTATCC,3-M-8,B cell,0,B cell,2.1555796,3.0163903,2209,0.5175862312316895
10X_P4_7_GCTTCCATCCTTGCCA,3-M-8,B cell,0,B cell,2.2708895,4.0415134,2210,1.3929381370544434
10X_P4_7_GCTTCCATCGCCGTGA,3-M-8,T cell,2,Unmatched_2,27.557686,0.5736848,2211,1.1147396564483645
10X_P4_7_GCTTCCATCGGTTAAC,3-M-8,B cell,0,B cell,2.1881337,3.4446585,2212,0.6957764625549316
10X_P4_7_GCTTCCATCTTTACGT,3-M-8,macrophage,4,macrophage,4.785929,15.184403,2213,2.1530840396881104
10X_P4_7_GCTTGAAAGCTACCTA,3-M-8,macrophage,4,macrophage,2.0920093,15.920454,2214,2.366365909576416
10X_P4_7_GCTTGAAAGTGCGATG,3-M-8,T cell,3,T cell,26.536781,-0.5766132,2215,0.7919676899909973
10X_P4_7_GCTTGAAAGTGTACCT,3-M-8,B cell,0,B cell,1.4886388,3.9571419,2216,0.7898941040039062
10X_P4_7_GCTTGAACATGATCCA,3-M-8,B cell,1,Unmatched_1,3.1347623,7.8235135,2217,0.5325704216957092
10X_P4_7_GGAAAGCCATTTCACT,3-M-8,B cell,0,B cell,2.0983016,6.1538763,2218,0.7002273201942444
10X_P4_7_GGAACTTCACAGCCCA,3-M-8,B cell,0,B cell,0.28315178,5.014191,2219,0.4669860601425171
10X_P4_7_GGAACTTCAGCTGCAC,3-M-8,B cell,0,B cell,1.765844,4.178409,2220,0.6881362199783325
10X_P4_7_GGAACTTCAGTAAGAT,3-M-8,B cell,0,B cell,1.4901304,4.9624534,2221,0.492821455001831
10X_P4_7_GGAACTTTCCTTTCTC,3-M-8,B cell,7,Unmatched_7,3.9961543,12.972981,2222,0.9068236947059632
10X_P4_7_GGAATAAAGCACACAG,3-M-8,B cell,0,B cell,1.8312237,4.44648,2223,0.899298369884491
10X_P4_7_GGAATAACACCGCTAG,3-M-8,B cell,1,Unmatched_1,2.7692459,8.27383,2224,0.9034532308578492
10X_P4_7_GGAATAAGTTAAGAAC,3-M-8,B cell,0,B cell,1.211727,2.9746742,2225,1.206491470336914
10X_P4_7_GGAATAATCTGGTTCC,3-M-8,B cell,0,B cell,0.43489057,6.710178,2226,1.2895002365112305
10X_P4_7_GGACAAGAGCTGTCTA,3-M-8,B cell,0,B cell,1.905883,2.1958768,2227,0.6059718728065491
10X_P4_7_GGACAAGCAAGGTGTG,3-M-8,macrophage,4,macrophage,3.2324548,16.135674,2228,2.0548481941223145
10X_P4_7_GGACAAGCACCAGTTA,3-M-8,T cell,3,T cell,25.645996,-0.72613686,2229,0.6830317974090576
10X_P4_7_GGACAAGCACGACTCG,3-M-8,B cell,0,B cell,2.532959,4.1921387,2230,0.8179928064346313
10X_P4_7_GGACAAGGTACATCCA,3-M-8,B cell,0,B cell,-1.6194562,5.254341,2231,1.1256849765777588
10X_P4_7_GGACAAGGTACTCAAC,3-M-8,T cell,3,T cell,26.383354,-1.0356989,2232,0.6302940249443054
10X_P4_7_GGACAAGGTGCTGTAT,3-M-8,B cell,0,B cell,0.4439375,7.5230913,2233,0.6664276123046875
10X_P4_7_GGACAAGTCCTAAGTG,3-M-8,T cell,2,Unmatched_2,27.298832,1.0937465,2234,0.9910935163497924
10X_P4_7_GGACAGAAGGGCATGT,3-M-8,B cell,1,Unmatched_1,3.4529035,8.496999,2235,0.4965459704399109
10X_P4_7_GGACAGACACATAACC,3-M-8,B cell,0,B cell,1.6920508,6.834547,2236,0.9692897200584412
10X_P4_7_GGACAGACACGGATAG,3-M-8,B cell,0,B cell,1.8655008,4.6099086,2237,1.2293555736541748
10X_P4_7_GGACAGACAGCTGTGC,3-M-8,B cell,0,B cell,2.1806965,6.8469806,2238,0.6556265950202942
10X_P4_7_GGACAGACATTAGCCA,3-M-8,B cell,0,B cell,0.94768715,6.0310454,2239,0.9149252772331238
10X_P4_7_GGACAGAGTACCGAGA,3-M-8,B cell,1,Unmatched_1,1.6622993,7.3446946,2240,1.0021954774856567
10X_P4_7_GGACAGATCATCGGAT,3-M-8,B cell,0,B cell,2.1679752,4.577761,2241,1.0964070558547974
10X_P4_7_GGACATTAGCGCCTTG,3-M-8,B cell,0,B cell,1.4965627,2.9295464,2242,0.7701522707939148
10X_P4_7_GGACATTAGGTGCTTT,3-M-8,B cell,0,B cell,2.016547,4.012543,2243,0.4413273930549621
10X_P4_7_GGACATTCAGTAGAGC,3-M-8,B cell,0,B cell,0.7688457,3.1103253,2244,0.6091341972351074
10X_P4_7_GGACATTCAGTCCTTC,3-M-8,B cell,0,B cell,1.7585256,2.0447736,2245,0.7079043388366699
10X_P4_7_GGACATTGTCCAACTA,3-M-8,B cell,1,Unmatched_1,3.2475712,8.33651,2246,0.4894462823867798
10X_P4_7_GGACATTGTTAAGGGC,3-M-8,T cell,2,Unmatched_2,29.57452,0.8322156,2247,1.3261947631835938
10X_P4_7_GGACATTGTTATGCGT,3-M-8,natural killer cell,5,natural killer cell,30.690094,-1.5605854,2248,2.617466449737549
10X_P4_7_GGACGTCAGCCACTAT,3-M-8,natural killer cell,5,natural killer cell,30.843718,-1.7345049,2249,2.198636770248413
10X_P4_7_GGACGTCAGCGAGAAA,3-M-8,B cell,0,B cell,0.9732934,4.601171,2250,0.4449565708637237
10X_P4_7_GGACGTCAGGAGCGAG,3-M-8,B cell,0,B cell,2.6655676,4.4920936,2251,1.474609613418579
10X_P4_7_GGACGTCCACGTCTCT,3-M-8,B cell,0,B cell,0.75258636,2.8298335,2252,0.555668294429779
10X_P4_7_GGACGTCGTCCAGTTA,3-M-8,T cell,2,Unmatched_2,27.349152,1.04041,2253,0.6864866614341736
10X_P4_7_GGACGTCGTCTCTTAT,3-M-8,B cell,0,B cell,2.2151184,4.544532,2254,0.969890594482422
10X_P4_7_GGACGTCTCGACAGCC,3-M-8,B cell,0,B cell,0.36531585,4.78106,2255,0.4659060835838318
10X_P4_7_GGAGCAACACAAGTAA,3-M-8,B cell,1,Unmatched_1,3.0823138,8.173413,2256,0.5619463324546814
10X_P4_7_GGAGCAACAGAAGCAC,3-M-8,B cell,1,Unmatched_1,3.2528212,8.583553,2257,0.8511893153190613
10X_P4_7_GGAGCAACATTACCTT,3-M-8,B cell,0,B cell,0.13444656,3.4128273,2258,0.6087731122970581
10X_P4_7_GGAGCAATCGCTTGTC,3-M-8,B cell,0,B cell,0.6379486,3.750941,2259,1.0392475128173828
10X_P4_7_GGAGCAATCTCACATT,3-M-8,B cell,0,B cell,2.6822088,4.7094774,2260,0.8694812655448914
10X_P4_7_GGATGTTAGCGATAGC,3-M-8,B cell,0,B cell,1.3785018,4.4522667,2261,0.4953662455081939
10X_P4_7_GGATGTTAGGTGCACA,3-M-8,macrophage,4,macrophage,5.123672,16.219082,2262,2.563326120376587
10X_P4_7_GGATGTTAGTGAAGTT,3-M-8,B cell,0,B cell,-0.11619214,6.593565,2263,1.3583314418792725
10X_P4_7_GGATGTTCACGAAGCA,3-M-8,T cell,3,T cell,26.180603,-0.6939167,2264,0.8937337398529053
10X_P4_7_GGATGTTCAGCGTTCG,3-M-8,B cell,0,B cell,2.3493576,6.566654,2265,0.7014808058738708
10X_P4_7_GGATGTTGTCTGGTCG,3-M-8,B cell,0,B cell,1.1308581,4.9532776,2266,0.5681423544883728
10X_P4_7_GGATGTTGTCTTCTCG,3-M-8,B cell,7,Unmatched_7,3.9817843,13.239755,2267,0.7720046639442444
10X_P4_7_GGATGTTGTTCGTTGA,3-M-8,B cell,0,B cell,2.627647,2.5130944,2268,0.687754213809967
10X_P4_7_GGATTACAGCGTTCCG,3-M-8,B cell,0,B cell,2.5923696,4.958393,2269,0.9258220195770264
10X_P4_7_GGATTACAGGCAAAGA,3-M-8,B cell,1,Unmatched_1,-2.5876174,4.0709815,2270,1.1567529439926147
10X_P4_7_GGATTACAGGCTATCT,3-M-8,macrophage,4,macrophage,1.9268713,16.679554,2271,2.2594103813171387
10X_P4_7_GGATTACAGGGAACGG,3-M-8,B cell,6,Unmatched_6,-0.33133876,12.038097,2272,4.844853401184082
10X_P4_7_GGATTACAGGTGATTA,3-M-8,macrophage,4,macrophage,2.495466,16.332367,2273,1.9433691501617432
10X_P4_7_GGATTACAGTAGTGCG,3-M-8,B cell,0,B cell,-0.88060325,3.516507,2274,0.7366527318954468
10X_P4_7_GGATTACCACAACGTT,3-M-8,B cell,0,B cell,2.5002747,3.3683226,2275,0.8655384182929993
10X_P4_7_GGATTACCAGCTGTAT,3-M-8,T cell,2,Unmatched_2,25.122639,2.130656,2276,1.5080372095108032
10X_P4_7_GGATTACCATGAAGTA,3-M-8,B cell,0,B cell,0.048469592,3.3762183,2277,0.7698234915733337
10X_P4_7_GGATTACGTCGCGTGT,3-M-8,T cell,2,Unmatched_2,27.42122,0.8936738,2278,0.5604823231697083
10X_P4_7_GGATTACTCACTCCTG,3-M-8,T cell,3,T cell,26.999144,-0.73034936,2279,0.7737802863121033
10X_P4_7_GGCAATTAGAGCTGCA,3-M-8,B cell,0,B cell,2.2114468,5.823077,2280,0.6891567707061768
10X_P4_7_GGCAATTAGATAGGAG,3-M-8,B cell,0,B cell,0.59112495,5.010744,2281,0.7410616278648376
10X_P4_7_GGCAATTAGCCCAACC,3-M-8,B cell,7,Unmatched_7,3.9158764,13.245207,2282,1.337749481201172
10X_P4_7_GGCAATTAGTCTCCTC,3-M-8,B cell,4,macrophage,5.1993394,16.12168,2283,3.646089553833008
10X_P4_7_GGCAATTCAATGAATG,3-M-8,B cell,1,Unmatched_1,2.3734279,7.700842,2284,0.827334463596344
10X_P4_7_GGCAATTCATTGGTAC,3-M-8,B cell,0,B cell,0.63034075,7.1183763,2285,0.8186010122299194
10X_P4_7_GGCAATTGTGGACGAT,3-M-8,natural killer cell,5,natural killer cell,31.049278,-2.3273473,2286,2.013810873031616
10X_P4_7_GGCAATTGTTCGCTAA,3-M-8,T cell,2,Unmatched_2,27.37477,0.6762845,2287,1.016530990600586
10X_P4_7_GGCAATTTCAAGAAGT,3-M-8,B cell,7,Unmatched_7,3.937848,13.132309,2288,0.7802485823631287
10X_P4_7_GGCAATTTCATCGCTC,3-M-8,B cell,1,Unmatched_1,3.3770945,8.506068,2289,0.7036163806915283
10X_P4_7_GGCAATTTCGAACTGT,3-M-8,B cell,0,B cell,1.9965737,4.080872,2290,0.5384799838066101
10X_P4_7_GGCAATTTCTCTTATG,3-M-8,B cell,0,B cell,-0.33524168,3.1416607,2291,0.7709943652153015
10X_P4_7_GGCCGATAGCACCGCT,3-M-8,natural killer cell,5,natural killer cell,31.054909,-2.203757,2292,1.6195807456970217
10X_P4_7_GGCCGATCAAGGCTCC,3-M-8,T cell,2,Unmatched_2,29.16872,1.1035676,2293,1.3953490257263184
10X_P4_7_GGCCGATCACTGAAGG,3-M-8,B cell,0,B cell,1.0974503,5.2403107,2294,0.5583252310752869
10X_P4_7_GGCCGATCAGCTGTTA,3-M-8,B cell,0,B cell,1.5822005,6.837778,2295,0.9612780809402466
10X_P4_7_GGCCGATCATGTCGAT,3-M-8,B cell,1,Unmatched_1,2.201026,7.5231347,2296,0.9536848068237304
10X_P4_7_GGCCGATGTCATACTG,3-M-8,T cell,2,Unmatched_2,26.701923,1.4407119,2297,0.6215779185295105
10X_P4_7_GGCCGATGTCCAAGTT,3-M-8,B cell,0,B cell,1.0249307,2.585155,2298,0.6085847616195679
10X_P4_7_GGCCGATTCACAGTAC,3-M-8,B cell,0,B cell,0.8516798,5.191236,2299,0.4229063689708709
10X_P4_7_GGCCGATTCCGTTGTC,3-M-8,B cell,0,B cell,2.1438353,2.4761746,2300,0.5856874585151672
10X_P4_7_GGCGACTAGAATCTCC,3-M-8,B cell,1,Unmatched_1,-2.339952,4.0979056,2301,1.5314892530441284
10X_P4_7_GGCGACTAGTAGGTGC,3-M-8,B cell,0,B cell,2.6250298,2.9432454,2302,0.4440442025661468
10X_P4_7_GGCGACTAGTGAAGTT,3-M-8,T cell,2,Unmatched_2,26.984768,1.1673787,2303,0.6562097072601318
10X_P4_7_GGCGACTGTAAGTGGC,3-M-8,B cell,1,Unmatched_1,3.0735016,7.8929124,2304,0.730658233165741
10X_P4_7_GGCGACTGTGCCTGCA,3-M-8,B cell,0,B cell,2.6422923,6.6932526,2305,0.7368733286857605
10X_P4_7_GGCGACTTCAGAGACG,3-M-8,B cell,1,Unmatched_1,3.164816,7.7290993,2306,0.7017514705657959
10X_P4_7_GGCGACTTCAGCAACT,3-M-8,T cell,3,T cell,25.701525,-0.51959836,2307,0.655612051486969
10X_P4_7_GGCGACTTCTTACCGC,3-M-8,B cell,0,B cell,1.3975441,2.7952216,2308,0.6664242744445801
10X_P4_7_GGCGTGTAGCGGATCA,3-M-8,T cell,2,Unmatched_2,27.092295,1.2047725,2309,0.6318839192390442
10X_P4_7_GGCGTGTAGTGAACGC,3-M-8,B cell,0,B cell,1.9995005,3.5733428,2310,1.122097730636597
10X_P4_7_GGCGTGTGTAGCGATG,3-M-8,B cell,7,Unmatched_7,4.0126605,13.413325,2311,0.7006981372833252
10X_P4_7_GGCGTGTGTCCCTTGT,3-M-8,B cell,0,B cell,1.732986,3.712031,2312,0.4620237350463867
10X_P4_7_GGCGTGTTCTGCTTGC,3-M-8,B cell,1,Unmatched_1,2.5731318,7.769795,2313,0.8508901596069336
10X_P4_7_GGCTCGAAGCCACGCT,3-M-8,B cell,0,B cell,2.0800142,3.5675845,2314,0.7114452123641968
10X_P4_7_GGCTCGACAGGCTGAA,3-M-8,T cell,2,Unmatched_2,29.672163,0.9081307,2315,1.8081896305084229
10X_P4_7_GGCTCGACATGTAGTC,3-M-8,B cell,0,B cell,0.9741633,2.9017513,2316,0.6370120644569397
10X_P4_7_GGCTCGACATTACCTT,3-M-8,B cell,1,Unmatched_1,2.91557,8.105216,2317,0.5114123225212097
10X_P4_7_GGCTCGAGTAGCTTGT,3-M-8,T cell,3,T cell,26.167828,-0.83200103,2318,0.8480531573295593
10X_P4_7_GGCTCGATCAACACCA,3-M-8,macrophage,4,macrophage,3.3008084,16.12296,2319,2.1565184593200684
10X_P4_7_GGCTCGATCAACACGT,3-M-8,T cell,2,Unmatched_2,29.100513,1.0212325,2320,0.922516107559204
10X_P4_7_GGCTCGATCCACTCCA,3-M-8,B cell,7,Unmatched_7,3.9863634,13.035669,2321,0.6950829029083252
10X_P4_7_GGCTCGATCCCATTAT,3-M-8,natural killer cell,5,natural killer cell,30.422024,-1.4601893,2322,2.8249170780181885
10X_P4_7_GGCTCGATCTGTCTAT,3-M-8,B cell,1,Unmatched_1,2.7853131,7.150781,2323,0.931303083896637
10X_P4_7_GGCTCGATCTTAGCCC,3-M-8,B cell,0,B cell,0.2594614,2.608459,2324,1.7756710052490234
10X_P4_7_GGCTGGTAGATGCGAC,3-M-8,natural killer cell,5,natural killer cell,31.004805,-1.9383864,2325,1.664059042930603
10X_P4_7_GGCTGGTAGGTGGGTT,3-M-8,B cell,0,B cell,-0.37716877,4.946151,2326,0.5258424878120422
10X_P4_7_GGCTGGTCACATCCGG,3-M-8,B cell,0,B cell,2.5325136,4.5526366,2327,1.697759747505188
10X_P4_7_GGCTGGTGTTGTGGCC,3-M-8,B cell,0,B cell,1.7351786,6.9610944,2328,0.9246115684509276
10X_P4_7_GGCTGGTTCAACACCA,3-M-8,B cell,6,Unmatched_6,0.42773622,10.750229,2329,1.5748008489608765
10X_P4_7_GGCTGGTTCACCATAG,3-M-8,B cell,0,B cell,1.447858,6.9416795,2330,0.7838324904441833
10X_P4_7_GGCTGGTTCCATGAAC,3-M-8,T cell,2,Unmatched_2,28.92904,1.0981766,2331,0.8265907764434814
10X_P4_7_GGGAATGAGATCCGAG,3-M-8,B cell,1,Unmatched_1,2.9964192,8.66476,2332,0.6867533326148987
10X_P4_7_GGGAATGAGCCACCTG,3-M-8,B cell,0,B cell,-0.87730336,3.5465937,2333,0.6824135780334473
10X_P4_7_GGGAATGAGGTGCTAG,3-M-8,B cell,0,B cell,-0.17699513,2.8453429,2334,1.2660428285598757
10X_P4_7_GGGAATGCAAGGTTTC,3-M-8,B cell,0,B cell,-0.11467687,4.513157,2335,0.4467641115188598
10X_P4_7_GGGAATGGTAGGCATG,3-M-8,B cell,0,B cell,-0.016272444,4.8002696,2336,0.4567507803440094
10X_P4_7_GGGAATGGTCTAAACC,3-M-8,B cell,0,B cell,2.455456,7.1300898,2337,0.621594250202179
10X_P4_7_GGGAATGTCAGGCGAA,3-M-8,T cell,3,T cell,28.686264,-1.449957,2338,1.603163480758667
10X_P4_7_GGGAATGTCTAGCACA,3-M-8,B cell,0,B cell,-2.0711467,5.5485,2339,1.8949145078659055
10X_P4_7_GGGACCTCAAACCCAT,3-M-8,T cell,2,Unmatched_2,29.46185,0.902352,2340,1.4326194524765017
10X_P4_7_GGGACCTTCATGCAAC,3-M-8,macrophage,4,macrophage,2.0304482,16.630098,2341,2.833225011825561
10X_P4_7_GGGACCTTCTTGTTTG,3-M-8,B cell,0,B cell,0.02604715,3.3380086,2342,0.7476780414581299
10X_P4_7_GGGAGATAGGGATGGG,3-M-8,T cell,2,Unmatched_2,26.938463,0.65670663,2343,0.6464600563049316
10X_P4_7_GGGAGATAGTCCGGTC,3-M-8,B cell,0,B cell,0.49645227,3.30029,2344,1.3249611854553225
10X_P4_7_GGGAGATCAAGCCCAC,3-M-8,natural killer cell,5,natural killer cell,30.876709,-1.7554929,2345,2.506453037261963
10X_P4_7_GGGAGATCAGACGCAA,3-M-8,B cell,0,B cell,-2.0170038,5.4145308,2346,1.4959567785263062
10X_P4_7_GGGAGATGTATCTGCA,3-M-8,B cell,1,Unmatched_1,3.4080217,8.316297,2347,0.4821996688842773
10X_P4_7_GGGAGATTCAGAGACG,3-M-8,B cell,0,B cell,0.46323043,7.1145434,2348,0.9707604050636292
10X_P4_7_GGGATGAAGATGGCGT,3-M-8,macrophage,4,macrophage,2.5182679,16.376806,2349,2.0222384929656982
10X_P4_7_GGGATGAAGCGTCTAT,3-M-8,B cell,0,B cell,1.3187913,3.661107,2350,0.4968352317810058
10X_P4_7_GGGATGAAGTGGACGT,3-M-8,B cell,0,B cell,2.8040729,4.373299,2351,0.5634941458702087
10X_P4_7_GGGATGACAAAGGTGC,3-M-8,B cell,0,B cell,2.7969553,3.2126298,2352,0.4881769120693207
10X_P4_7_GGGATGACATTACGAC,3-M-8,B cell,0,B cell,-0.01824423,7.0278473,2353,0.6899085640907288
10X_P4_7_GGGATGAGTGGTCCGT,3-M-8,T cell,5,natural killer cell,30.107494,-0.5801127,2354,1.2687342166900637
10X_P4_7_GGGATGATCGACGGAA,3-M-8,B cell,1,Unmatched_1,2.9487243,8.486766,2355,0.708336353302002
10X_P4_7_GGGATGATCTTCATGT,3-M-8,B cell,1,Unmatched_1,2.8492086,7.8496356,2356,0.5907912254333496
10X_P4_7_GGGCACTAGATGTAAC,3-M-8,B cell,0,B cell,2.3522503,6.9622135,2357,0.7569533586502075
10X_P4_7_GGGCACTCACATGGGA,3-M-8,macrophage,4,macrophage,4.7713647,15.03334,2358,1.9846917390823364
10X_P4_7_GGGCACTCAGGCTGAA,3-M-8,B cell,0,B cell,1.3126746,5.313387,2359,0.6493877172470093
10X_P4_7_GGGCACTCATGGTTGT,3-M-8,macrophage,4,macrophage,2.5052812,16.396366,2360,2.0614805221557617
10X_P4_7_GGGCACTGTCTCAACA,3-M-8,B cell,0,B cell,2.567439,6.603382,2361,0.720231831073761
10X_P4_7_GGGCACTGTGCAGTAG,3-M-8,B cell,0,B cell,0.5991249,4.287944,2362,1.1325913667678833
10X_P4_7_GGGCACTTCCAGAAGG,3-M-8,T cell,2,Unmatched_2,26.878916,1.4738079,2363,0.6228245496749878
10X_P4_7_GGGCATCAGATAGCAT,3-M-8,B cell,0,B cell,2.29325,2.4177356,2364,0.5070624947547913
10X_P4_7_GGGCATCGTATGAATG,3-M-8,B cell,1,Unmatched_1,3.1174834,7.762797,2365,0.6697258353233337
10X_P4_7_GGGCATCGTCGAAAGC,3-M-8,macrophage,4,macrophage,3.689115,15.688402,2366,1.6142925024032593
10X_P4_7_GGGCATCTCCCTCTTT,3-M-8,B cell,0,B cell,0.35939357,5.4957705,2367,0.4390597939491272
10X_P4_7_GGGCATCTCCCTTGCA,3-M-8,natural killer cell,5,natural killer cell,30.967117,-1.8997123,2368,1.9505771398544312
10X_P4_7_GGGCATCTCCGTTGTC,3-M-8,B cell,9,Unmatched_9,6.3446417,-5.5635037,2369,5.109276294708252
10X_P4_7_GGGTCTGCACTGAAGG,3-M-8,natural killer cell,5,natural killer cell,30.363243,-1.4946508,2370,2.296707391738892
10X_P4_7_GGGTCTGCAGGCTCAC,3-M-8,B cell,0,B cell,0.33567837,7.6016197,2371,1.0402895212173462
10X_P4_7_GGGTCTGGTAGTAGTA,3-M-8,B cell,0,B cell,1.6615562,7.494656,2372,0.7269437313079834
10X_P4_7_GGGTCTGGTGACAAAT,3-M-8,macrophage,4,macrophage,5.087825,16.262571,2373,2.792032241821289
10X_P4_7_GGGTCTGTCAGCGATT,3-M-8,B cell,0,B cell,2.3731487,2.8558893,2374,0.5634447932243347
10X_P4_7_GGGTTGCAGAATAGGG,3-M-8,B cell,0,B cell,0.5953925,3.5747852,2375,0.4526039063930511
10X_P4_7_GGGTTGCAGCGATATA,3-M-8,T cell,2,Unmatched_2,27.675945,0.3343633,2376,0.8471629023551941
10X_P4_7_GGGTTGCAGTGGACGT,3-M-8,B cell,0,B cell,1.5853256,2.7853796,2377,0.5777565240859985
10X_P4_7_GGGTTGCCATGGTCAT,3-M-8,B cell,0,B cell,2.0587423,3.550815,2378,0.4578090012073517
10X_P4_7_GGGTTGCGTCCTCCAT,3-M-8,B cell,0,B cell,-1.894744,5.49546,2379,1.4257127046585083
10X_P4_7_GGGTTGCTCACTATTC,3-M-8,natural killer cell,5,natural killer cell,30.53647,-1.4928061,2380,2.568101644515991
10X_P4_7_GGGTTGCTCTCAAACG,3-M-8,B cell,0,B cell,-0.5517681,5.1151357,2381,1.0949715375900269
10X_P4_7_GGTATTGAGGACAGAA,3-M-8,B cell,0,B cell,-1.6342087,5.393766,2382,1.2821805477142334
10X_P4_7_GGTATTGCATCAGTCA,3-M-8,natural killer cell,5,natural killer cell,31.029114,-1.9434906,2383,1.727372169494629
10X_P4_7_GGTATTGCATCCGGGT,3-M-8,B cell,0,B cell,2.6975093,2.6710665,2384,0.5731319189071655
10X_P4_7_GGTATTGGTTGGACCC,3-M-8,B cell,0,B cell,0.43205458,3.4684765,2385,0.5321611762046814
10X_P4_7_GGTATTGTCAACACTG,3-M-8,T cell,2,Unmatched_2,27.599577,0.11596033,2386,0.9959598183631896
10X_P4_7_GGTGAAGAGGGAACGG,3-M-8,T cell,2,Unmatched_2,27.582952,1.4080483,2387,0.8445477485656738
10X_P4_7_GGTGAAGAGTCCGGTC,3-M-8,T cell,3,T cell,25.750826,-0.9381616,2388,0.8644325733184814
10X_P4_7_GGTGAAGGTACGCACC,3-M-8,T cell,2,Unmatched_2,29.364262,0.605283,2389,1.4590123891830444
10X_P4_7_GGTGAAGGTCCATCCT,3-M-8,T cell,5,natural killer cell,29.835608,-0.666627,2390,2.82959246635437
10X_P4_7_GGTGAAGGTGATGTGG,3-M-8,T cell,2,Unmatched_2,29.185274,0.996093,2391,1.0201338529586792
10X_P4_7_GGTGAAGGTGTTTGTG,3-M-8,natural killer cell,5,natural killer cell,30.681139,-1.5639114,2392,2.51820707321167
10X_P4_7_GGTGAAGTCAAACGGG,3-M-8,B cell,0,B cell,-0.20396192,3.1637838,2393,0.5730937123298645
10X_P4_7_GGTGAAGTCACTGGGC,3-M-8,T cell,3,T cell,25.766556,-0.60084593,2394,0.6397840976715088
10X_P4_7_GGTGAAGTCTGCCCTA,3-M-8,B cell,0,B cell,1.7277045,6.899905,2395,1.7048189640045166
10X_P4_7_GGTGCGTAGGACTGGT,3-M-8,B cell,0,B cell,1.2539765,6.5658445,2396,0.5767329335212708
10X_P4_7_GGTGCGTCAATCGAAA,3-M-8,B cell,0,B cell,1.3685335,5.661607,2397,0.5297518372535706
10X_P4_7_GGTGCGTCAGTCGTGC,3-M-8,macrophage,4,macrophage,2.1851726,16.59742,2398,2.347253799438477
10X_P4_7_GGTGCGTGTACTTAGC,3-M-8,B cell,0,B cell,0.5035415,5.9578753,2399,0.5766993165016174
10X_P4_7_GGTGCGTGTAGAGTGC,3-M-8,B cell,1,Unmatched_1,3.2553947,7.8260627,2400,0.9116170406341552
10X_P4_7_GGTGCGTTCCGTTGCT,3-M-8,B cell,0,B cell,1.9990941,5.830177,2401,1.3071649074554443
10X_P4_7_GGTGCGTTCTGCAAGT,3-M-8,B cell,0,B cell,1.9495871,5.1069283,2402,0.6482717394828796
10X_P4_7_GGTGCGTTCTTACCGC,3-M-8,T cell,3,T cell,26.813612,-1.1656424,2403,0.6800817251205444
10X_P4_7_GGTGTTAAGGCCCTTG,3-M-8,B cell,0,B cell,-1.862514,3.9954762,2404,0.600505530834198
10X_P4_7_GGTGTTAAGTGGTCCC,3-M-8,B cell,0,B cell,0.50510263,4.466135,2405,0.4824691712856293
10X_P4_7_GGTGTTACAGTCAGAG,3-M-8,B cell,0,B cell,0.6799671,3.524598,2406,0.4150901436805725
10X_P4_7_GGTGTTAGTACTTGAC,3-M-8,B cell,1,Unmatched_1,2.7549877,7.4710197,2407,0.5978681445121765
10X_P4_7_GGTGTTAGTGTGACCC,3-M-8,B cell,0,B cell,1.6406898,1.9085835,2408,0.5775447487831116
10X_P4_7_GGTGTTAGTTGTTTGG,3-M-8,B cell,0,B cell,0.41194618,3.7827172,2409,0.8733682632446289
10X_P4_7_GTAACGTAGAACTGTA,3-M-8,B cell,0,B cell,1.8538048,6.312547,2410,0.6097021102905273
10X_P4_7_GTAACGTAGAGCCCAA,3-M-8,B cell,0,B cell,0.071093686,7.090091,2411,0.7358487844467163
10X_P4_7_GTAACGTAGCCTCGTG,3-M-8,B cell,0,B cell,0.8143516,6.26707,2412,0.978637397289276
10X_P4_7_GTAACGTAGGCTCTTA,3-M-8,B cell,0,B cell,2.5712466,4.691381,2413,1.4968996047973633
10X_P4_7_GTAACGTAGTAGCGGT,3-M-8,B cell,0,B cell,0.4205259,7.869247,2414,0.7168768644332886
10X_P4_7_GTAACGTCAGCCTTGG,3-M-8,T cell,2,Unmatched_2,27.695314,1.0223248,2415,0.8019538521766663
10X_P4_7_GTAACGTGTACAGCAG,3-M-8,T cell,2,Unmatched_2,27.274456,0.89461803,2416,0.7077794671058655
10X_P4_7_GTAACGTGTCGGGTCT,3-M-8,B cell,0,B cell,1.4354429,3.7679152,2417,0.7148154377937317
10X_P4_7_GTAACGTTCAACTCTT,3-M-8,macrophage,4,macrophage,4.7327294,15.012263,2418,2.0640649795532227
10X_P4_7_GTAACTGAGCTAGTTC,3-M-8,T cell,3,T cell,28.14384,-1.1448765,2419,1.1046836376190186
10X_P4_7_GTAACTGAGGGATACC,3-M-8,B cell,0,B cell,2.7578232,3.896406,2420,0.693879246711731
10X_P4_7_GTAACTGCAAAGGAAG,3-M-8,B cell,0,B cell,2.029572,3.304316,2421,0.5776645541191101
10X_P4_7_GTAACTGCACCGTTGG,3-M-8,B cell,0,B cell,1.1312097,4.595113,2422,0.9876208901405334
10X_P4_7_GTAACTGCAGTCGATT,3-M-8,B cell,0,B cell,1.2294911,4.37807,2423,0.7129194140434265
10X_P4_7_GTAACTGCATGCATGT,3-M-8,macrophage,4,macrophage,2.8763587,16.269114,2424,2.252784490585327
10X_P4_7_GTAACTGCATTTGCCC,3-M-8,B cell,0,B cell,1.8489583,2.951197,2425,0.8345839977264404
10X_P4_7_GTAACTGGTCGTGGCT,3-M-8,natural killer cell,5,natural killer cell,31.062153,-2.0438535,2426,1.7684710025787354
10X_P4_7_GTAACTGTCGTCACGG,3-M-8,T cell,3,T cell,25.601423,-1.0349162,2427,0.7485613226890564
10X_P4_7_GTACGTAAGACGACGT,3-M-8,B cell,0,B cell,-0.6662062,5.505521,2428,0.9609100818634032
10X_P4_7_GTACGTAAGCCCAACC,3-M-8,T cell,3,T cell,26.378662,-0.6764936,2429,0.5639777183532715
10X_P4_7_GTACGTAAGGGAACGG,3-M-8,B cell,6,Unmatched_6,0.21741472,11.385137,2430,1.6043870449066162
10X_P4_7_GTACGTACACCACGTG,3-M-8,B cell,0,B cell,-0.79412705,5.6617417,2431,1.4178783893585205
10X_P4_7_GTACGTAGTAGTAGTA,3-M-8,B cell,0,B cell,-1.8093215,5.337322,2432,1.0901387929916382
10X_P4_7_GTACGTAGTCAAACTC,3-M-8,macrophage,4,macrophage,3.7066486,15.778932,2433,1.9819504022598269
10X_P4_7_GTACGTAGTGCACTTA,3-M-8,T cell,3,T cell,26.458729,-1.0643066,2434,0.7303796410560608
10X_P4_7_GTACGTATCTCGCATC,3-M-8,B cell,0,B cell,0.05165558,3.6750476,2435,0.42188560962677
10X_P4_7_GTACGTATCTTGCCGT,3-M-8,B cell,0,B cell,-2.0132298,5.5314302,2436,1.3500345945358276
10X_P4_7_GTACTCCAGATCCCAT,3-M-8,B cell,1,Unmatched_1,3.3525424,8.277475,2437,0.4774584770202636
10X_P4_7_GTACTCCAGGCACATG,3-M-8,B cell,0,B cell,1.889763,2.8307943,2438,0.6897257566452026
10X_P4_7_GTACTCCCATACGCTA,3-M-8,B cell,0,B cell,-0.57153124,4.9177833,2439,0.704355001449585
10X_P4_7_GTACTCCGTAAGTGTA,3-M-8,B cell,0,B cell,2.317226,4.914641,2440,0.8192095160484314
10X_P4_7_GTACTCCGTAATTGGA,3-M-8,B cell,0,B cell,1.1471174,2.1355176,2441,1.029977321624756
10X_P4_7_GTACTCCGTATCGCAT,3-M-8,B cell,0,B cell,-0.061126977,3.5652642,2442,0.5134071707725525
10X_P4_7_GTACTCCGTTGGGACA,3-M-8,B cell,0,B cell,0.59972453,4.5117884,2443,0.5013803243637085
10X_P4_7_GTACTCCTCAGGCGAA,3-M-8,B cell,0,B cell,0.7724471,4.9608197,2444,0.5220754742622375
10X_P4_7_GTACTCCTCGCCTGTT,3-M-8,B cell,9,Unmatched_9,6.344514,-5.5639524,2445,5.109276294708252
10X_P4_7_GTACTTTAGCGCCTCA,3-M-8,B cell,0,B cell,2.8153703,4.2163057,2446,0.6092365980148315
10X_P4_7_GTACTTTCACCGAATT,3-M-8,B cell,0,B cell,0.64312893,6.5126834,2447,0.979404866695404
10X_P4_7_GTACTTTCATGGTAGG,3-M-8,B cell,1,Unmatched_1,2.9155319,8.243362,2448,0.8750889301300049
10X_P4_7_GTACTTTGTAAGAGGA,3-M-8,B cell,0,B cell,1.1660157,3.9555676,2449,0.458113819360733
10X_P4_7_GTACTTTGTCACTTCC,3-M-8,B cell,0,B cell,-0.7082771,5.0070124,2450,0.7900692224502563
10X_P4_7_GTACTTTGTGCACTTA,3-M-8,B cell,0,B cell,0.6532365,5.366811,2451,0.5495473146438599
10X_P4_7_GTACTTTGTTGCCTCT,3-M-8,B cell,0,B cell,1.4057571,3.821129,2452,0.6977906823158264
10X_P4_7_GTACTTTGTTGTGGAG,3-M-8,B cell,0,B cell,1.7808752,5.459701,2453,0.7796177864074707
10X_P4_7_GTACTTTTCATAACCG,3-M-8,T cell,3,T cell,26.573074,-0.29205668,2454,0.6188209652900696
10X_P4_7_GTAGGCCAGAAGGACA,3-M-8,B cell,0,B cell,-1.7668451,5.418729,2455,1.1565285921096802
10X_P4_7_GTAGGCCAGCGATGAC,3-M-8,B cell,0,B cell,1.7638551,4.9941497,2456,1.4821370840072632
10X_P4_7_GTAGGCCAGGGTTCCC,3-M-8,B cell,0,B cell,-0.59320253,4.772548,2457,0.8398067951202393
10X_P4_7_GTAGGCCCAAAGCAAT,3-M-8,T cell,2,Unmatched_2,26.742926,1.3961852,2458,0.710950493812561
10X_P4_7_GTAGGCCCAATTGCTG,3-M-8,B cell,0,B cell,1.6643234,2.1685252,2459,0.6581928133964539
10X_P4_7_GTAGGCCCAGATCTGT,3-M-8,B cell,0,B cell,-2.0174096,5.5700545,2460,1.528713941574097
10X_P4_7_GTAGGCCGTGTCTGAT,3-M-8,B cell,0,B cell,0.73296046,2.9840834,2461,0.5608705282211304
10X_P4_7_GTAGGCCGTTCGTTGA,3-M-8,natural killer cell,5,natural killer cell,30.846886,-1.7457643,2462,2.126208782196045
10X_P4_7_GTAGGCCGTTGATTGC,3-M-8,T cell,2,Unmatched_2,28.836775,0.21236928,2463,1.553521990776062
10X_P4_7_GTAGGCCTCGCAAACT,3-M-8,B cell,1,Unmatched_1,3.2058232,7.785062,2464,0.5570510029792786
10X_P4_7_GTAGTCAGTAACGACG,3-M-8,B cell,0,B cell,0.13739772,6.230565,2465,0.6999949812889099
10X_P4_7_GTAGTCAGTCCGTCAG,3-M-8,B cell,0,B cell,1.289102,2.1032486,2466,0.5582964420318604
10X_P4_7_GTAGTCAGTGAGGCTA,3-M-8,B cell,0,B cell,1.3292905,5.3182325,2467,0.8703258037567139
10X_P4_7_GTAGTCAGTGTGACCC,3-M-8,T cell,3,T cell,26.021849,-1.3648405,2468,0.6217691898345947
10X_P4_7_GTAGTCATCATGTCCC,3-M-8,B cell,0,B cell,0.12115771,4.011558,2469,0.4642577767372131
10X_P4_7_GTAGTCATCCAAACAC,3-M-8,B cell,7,Unmatched_7,3.9766598,13.186978,2470,1.0630459785461426
10X_P4_7_GTAGTCATCCCGGATG,3-M-8,B cell,0,B cell,1.769163,4.3037477,2471,0.6422030329704285
10X_P4_7_GTAGTCATCCTTGACC,3-M-8,B cell,0,B cell,1.560388,4.7209487,2472,0.6510596871376038
10X_P4_7_GTATCTTAGCGTGTCC,3-M-8,B cell,0,B cell,0.023315486,2.5846436,2473,1.058168888092041
10X_P4_7_GTATCTTAGTGGTCCC,3-M-8,B cell,0,B cell,-0.6945964,5.336529,2474,1.196407914161682
10X_P4_7_GTATCTTAGTTTAGGA,3-M-8,macrophage,4,macrophage,5.197007,15.988572,2475,3.31620717048645
10X_P4_7_GTATCTTCACCTCGTT,3-M-8,T cell,3,T cell,26.671314,-0.8850399,2476,0.6108533143997192
10X_P4_7_GTATCTTCATGGATGG,3-M-8,B cell,0,B cell,-0.6776129,4.54633,2477,0.6603582501411438
10X_P4_7_GTATCTTGTTAGGGTG,3-M-8,B cell,0,B cell,2.4945772,3.2769978,2478,0.8836466073989868
10X_P4_7_GTATCTTTCGCGGATC,3-M-8,B cell,1,Unmatched_1,3.4857955,8.327305,2479,0.5963499546051025
10X_P4_7_GTATCTTTCGTAGATC,3-M-8,B cell,0,B cell,1.6570162,3.7528515,2480,0.5308107733726501
10X_P4_7_GTATCTTTCTGGCGAC,3-M-8,B cell,0,B cell,1.5779115,3.3903544,2481,0.583350419998169
10X_P4_7_GTATTCTAGAAGGCCT,3-M-8,B cell,0,B cell,0.41074735,7.917524,2482,0.9860353469848632
10X_P4_7_GTATTCTAGCGTCAAG,3-M-8,B cell,0,B cell,-0.04552632,4.944806,2483,1.1567952632904053
10X_P4_7_GTATTCTCAATAACGA,3-M-8,B cell,1,Unmatched_1,25.038258,2.054924,2484,1.3718266487121582
10X_P4_7_GTATTCTCACCAGGCT,3-M-8,B cell,0,B cell,2.021767,4.790164,2485,0.9895581007003784
10X_P4_7_GTATTCTGTCCTCCAT,3-M-8,B cell,0,B cell,1.3947759,2.3667943,2486,0.6746123433113098
10X_P4_7_GTATTCTGTCTCTTTA,3-M-8,B cell,1,Unmatched_1,2.5257108,8.245238,2487,0.6211978793144226
10X_P4_7_GTATTCTTCTATCCCG,3-M-8,B cell,0,B cell,1.0722924,4.393314,2488,0.3885461986064911
10X_P4_7_GTATTCTTCTATCCTA,3-M-8,B cell,0,B cell,-0.62223005,4.6906896,2489,0.5310397148132324
10X_P4_7_GTCAAGTAGATGCCAG,3-M-8,T cell,2,Unmatched_2,27.194878,1.3336858,2490,0.5927919149398804
10X_P4_7_GTCAAGTAGCTGCGAA,3-M-8,B cell,0,B cell,-0.8850475,5.046733,2491,0.800102710723877
10X_P4_7_GTCAAGTAGGCCGAAT,3-M-8,B cell,1,Unmatched_1,2.5057223,7.174682,2492,0.6203545928001404
10X_P4_7_GTCAAGTAGGTACTCT,3-M-8,T cell,2,Unmatched_2,26.875572,0.50272983,2493,0.9285672307014464
10X_P4_7_GTCAAGTAGGTGTGGT,3-M-8,B cell,0,B cell,0.11050807,6.8564825,2494,1.1382611989974976
10X_P4_7_GTCAAGTCAAAGGTGC,3-M-8,T cell,2,Unmatched_2,27.344019,1.4295225,2495,0.5622416138648987
10X_P4_7_GTCAAGTGTACAGTTC,3-M-8,B cell,1,Unmatched_1,4.625824,7.1951485,2496,1.0837342739105225
10X_P4_7_GTCAAGTGTAGTAGTA,3-M-8,B cell,0,B cell,-0.33441275,4.757839,2497,0.4099827706813812
10X_P4_7_GTCAAGTTCCAGTATG,3-M-8,B cell,0,B cell,2.424435,4.5894976,2498,0.6657506227493286
10X_P4_7_GTCACAAAGAAACCTA,3-M-8,B cell,0,B cell,-1.8424499,5.601125,2499,1.465564846992493
10X_P4_7_GTCACAAAGATCCGAG,3-M-8,B cell,0,B cell,1.361938,5.1723332,2500,0.5767711997032166
10X_P4_7_GTCACAACAATAGCGG,3-M-8,macrophage,4,macrophage,3.2257938,16.17359,2501,2.398126602172852
10X_P4_7_GTCACAACAGGTGGAT,3-M-8,T cell,2,Unmatched_2,27.18551,0.8221381,2502,0.827980101108551
10X_P4_7_GTCACAAGTAGCCTAT,3-M-8,B cell,0,B cell,2.2748096,2.373675,2503,0.8538711071014404
10X_P4_7_GTCACAATCGCCCTTA,3-M-8,B cell,0,B cell,2.3774624,6.177736,2504,0.8263726830482483
10X_P4_7_GTCACGGAGATCCCGC,3-M-8,B cell,7,Unmatched_7,4.0024414,13.126172,2505,0.574569582939148
10X_P4_7_GTCACGGAGTGCAAGC,3-M-8,B cell,7,Unmatched_7,3.9544284,13.249647,2506,0.8640416264533997
10X_P4_7_GTCACGGCAAGCGATG,3-M-8,B cell,0,B cell,1.6275489,5.988818,2507,0.7239286303520203
10X_P4_7_GTCACGGGTGCATCTA,3-M-8,B cell,0,B cell,1.90572,3.099296,2508,0.7036954760551453
10X_P4_7_GTCACGGTCCCTAATT,3-M-8,B cell,0,B cell,0.87672424,4.2498226,2509,0.4887992143630981
10X_P4_7_GTCACGGTCCCTTGTG,3-M-8,B cell,0,B cell,0.69820154,4.7138815,2510,0.3903445899486542
10X_P4_7_GTCACGGTCTCAAGTG,3-M-8,macrophage,4,macrophage,2.5425875,16.362701,2511,1.7675673961639404
10X_P4_7_GTCATTTCAAAGGAAG,3-M-8,B cell,0,B cell,2.3842473,5.074708,2512,0.9867016673088074
10X_P4_7_GTCATTTCACAAGCCC,3-M-8,B cell,0,B cell,-1.0136336,5.320095,2513,1.1333553791046145
10X_P4_7_GTCATTTGTCAGTGGA,3-M-8,B cell,6,Unmatched_6,0.25931442,11.302442,2514,1.853298544883728
10X_P4_7_GTCATTTTCAGTTAGC,3-M-8,B cell,0,B cell,0.6773176,6.5625844,2515,0.9720707535743712
10X_P4_7_GTCATTTTCCTATGTT,3-M-8,B cell,0,B cell,2.1804082,3.2211473,2516,0.6500325798988342
10X_P4_7_GTCATTTTCGAGAACG,3-M-8,T cell,5,natural killer cell,30.116678,-0.58322453,2517,1.7400621175765991
10X_P4_7_GTCATTTTCTGCTGTC,3-M-8,B cell,0,B cell,1.9820571,5.302976,2518,0.9950933456420898
10X_P4_7_GTCCTCACATAGAAAC,3-M-8,B cell,0,B cell,-1.4588332,5.1233907,2519,1.1665059328079224
10X_P4_7_GTCCTCAGTTCAGCGC,3-M-8,macrophage,4,macrophage,2.5039911,16.347801,2520,2.002650499343872
10X_P4_7_GTCCTCATCAGAGACG,3-M-8,B cell,0,B cell,1.6637281,2.759493,2521,0.89678955078125
10X_P4_7_GTCGGGTAGCACGCCT,3-M-8,B cell,0,B cell,1.0433226,4.8213487,2522,0.7152115106582642
10X_P4_7_GTCGGGTCAGTCCTTC,3-M-8,B cell,0,B cell,0.15686008,7.0419655,2523,0.7917476892471313
10X_P4_7_GTCGGGTGTAATAGCA,3-M-8,B cell,0,B cell,3.3850343,5.9892464,2524,0.4626699984073639
10X_P4_7_GTCGGGTGTCAATACC,3-M-8,B cell,6,Unmatched_6,0.3516291,10.688544,2525,1.5031535625457764
10X_P4_7_GTCGGGTTCAAGGCTT,3-M-8,B cell,0,B cell,-0.9617499,4.021158,2526,0.6214268803596497
10X_P4_7_GTCGGGTTCACATACG,3-M-8,T cell,2,Unmatched_2,27.592642,0.20671028,2527,0.8117005825042725
10X_P4_7_GTCGGGTTCACCTTAT,3-M-8,B cell,1,Unmatched_1,-2.6437001,4.0572224,2528,1.002475380897522
10X_P4_7_GTCGGGTTCAGTGTTG,3-M-8,B cell,0,B cell,1.3970194,4.022966,2529,0.61710524559021
10X_P4_7_GTCGGGTTCCACGCAG,3-M-8,B cell,0,B cell,-0.77416694,4.171164,2530,0.6250270009040833
10X_P4_7_GTCGGGTTCTTATCTG,3-M-8,B cell,0,B cell,0.76784843,3.441067,2531,0.4867503046989441
10X_P4_7_GTCGGGTTCTTGACGA,3-M-8,macrophage,4,macrophage,4.658977,14.81491,2532,2.8559908866882324
10X_P4_7_GTCGTAACACGACTCG,3-M-8,T cell,3,T cell,28.204193,-1.1658592,2533,0.9551376104354858
10X_P4_7_GTCGTAACAGTCTTCC,3-M-8,B cell,0,B cell,1.1638943,4.332149,2534,0.942613124847412
10X_P4_7_GTCGTAACATAGTAAG,3-M-8,B cell,0,B cell,0.49523705,8.029714,2535,0.8535804152488708
10X_P4_7_GTCGTAAGTTTGACAC,3-M-8,B cell,0,B cell,1.4266957,2.0477502,2536,0.5048756003379822
10X_P4_7_GTCGTAATCAATCTCT,3-M-8,B cell,0,B cell,2.2356205,3.3981671,2537,0.7651028037071228
10X_P4_7_GTCTCGTAGACAAAGG,3-M-8,B cell,0,B cell,2.1680555,4.7153497,2538,1.0681180953979492
10X_P4_7_GTCTCGTAGCAGGTCA,3-M-8,T cell,2,Unmatched_2,27.339075,1.3299453,2539,0.5406951904296875
10X_P4_7_GTCTCGTCAAGTTAAG,3-M-8,B cell,1,Unmatched_1,4.747902,7.182125,2540,0.9075894951820374
10X_P4_7_GTCTCGTCAGGTGCCT,3-M-8,B cell,0,B cell,0.8675103,3.4018064,2541,0.5989535450935364
10X_P4_7_GTCTCGTGTTGAGTTC,3-M-8,B cell,0,B cell,0.46441546,3.8275917,2542,0.4320420026779175
10X_P4_7_GTCTCGTGTTTGACAC,3-M-8,macrophage,4,macrophage,3.4239454,16.186337,2543,2.8559908866882324
10X_P4_7_GTCTCGTTCAACACGT,3-M-8,B cell,0,B cell,1.9299334,4.5275993,2544,1.456040382385254
10X_P4_7_GTCTCGTTCAACCAAC,3-M-8,B cell,0,B cell,0.46660107,7.204795,2545,1.0714555978775024
10X_P4_7_GTCTTCGAGCACAGGT,3-M-8,B cell,0,B cell,0.118811525,4.758134,2546,0.7152659296989441
10X_P4_7_GTCTTCGAGGGAAACA,3-M-8,B cell,0,B cell,-1.9361254,5.5057173,2547,1.000762701034546
10X_P4_7_GTCTTCGTCTTTACGT,3-M-8,T cell,2,Unmatched_2,27.380129,0.82149714,2548,0.6241118907928467
10X_P4_7_GTGAAGGAGAGAGCTC,3-M-8,B cell,0,B cell,2.5722308,5.94423,2549,0.714622974395752
10X_P4_7_GTGAAGGAGTCATCCA,3-M-8,B cell,0,B cell,-1.7960659,5.422407,2550,1.1127079725265503
10X_P4_7_GTGAAGGTCATATCGG,3-M-8,T cell,3,T cell,26.290306,-1.1896019,2551,0.5913897752761841
10X_P4_7_GTGAAGGTCCTCTAGC,3-M-8,macrophage,4,macrophage,4.901433,16.25998,2552,2.5345447063446045
10X_P4_7_GTGAAGGTCGTACCGG,3-M-8,B cell,0,B cell,2.2979515,5.3195972,2553,0.9696503281593324
10X_P4_7_GTGCAGCAGGGCTTGA,3-M-8,B cell,0,B cell,0.5911567,8.129042,2554,1.300886869430542
10X_P4_7_GTGCAGCCAAGGTGTG,3-M-8,B cell,0,B cell,1.8297578,3.9963849,2555,0.5738931894302368
10X_P4_7_GTGCAGCGTACGACCC,3-M-8,B cell,1,Unmatched_1,-2.3974848,4.0959044,2556,0.7182252407073975
10X_P4_7_GTGCAGCGTCCGAGTC,3-M-8,B cell,0,B cell,1.690726,2.7537549,2557,1.1621791124343872
10X_P4_7_GTGCAGCGTGGTAACG,3-M-8,T cell,3,T cell,25.649908,-0.5888433,2558,0.6395719051361084
10X_P4_7_GTGCAGCTCCCTAACC,3-M-8,T cell,2,Unmatched_2,27.560211,0.683387,2559,0.5536213517189026
10X_P4_7_GTGCATAAGAAGGACA,3-M-8,B cell,1,Unmatched_1,2.776581,7.820243,2560,0.6364750862121582
10X_P4_7_GTGCATAAGGTGCTTT,3-M-8,B cell,1,Unmatched_1,1.6813681,7.31129,2561,1.111905813217163
10X_P4_7_GTGCATAAGTGGTAAT,3-M-8,B cell,0,B cell,0.7372985,5.826802,2562,0.8030871748924255
10X_P4_7_GTGCATACATCATCCC,3-M-8,B cell,0,B cell,0.8702002,3.9770648,2563,0.5534062385559082
10X_P4_7_GTGCATAGTCAGGACA,3-M-8,T cell,3,T cell,28.706804,-1.4035558,2564,1.4325001239776611
10X_P4_7_GTGCATAGTGGGTCAA,3-M-8,B cell,1,Unmatched_1,2.3168046,7.201352,2565,0.669854462146759
10X_P4_7_GTGCATATCATAAAGG,3-M-8,B cell,0,B cell,-0.66157216,3.164858,2566,0.6920149922370911
10X_P4_7_GTGCATATCGTTACGA,3-M-8,B cell,0,B cell,0.085514985,5.711414,2567,0.4627290368080139
10X_P4_7_GTGCGGTAGGAATCGC,3-M-8,B cell,0,B cell,-0.08463187,4.3033543,2568,0.3954043984413147
10X_P4_7_GTGCGGTAGGTAGCCA,3-M-8,B cell,0,B cell,1.0417979,3.960737,2569,0.5750012397766113
10X_P4_7_GTGCGGTCAGCTCGAC,3-M-8,B cell,0,B cell,1.7944777,3.5206006,2570,0.8635353446006775
10X_P4_7_GTGCGGTCATATACCG,3-M-8,T cell,2,Unmatched_2,27.592712,0.762766,2571,0.8604147434234619
10X_P4_7_GTGCGGTGTACTTAGC,3-M-8,B cell,0,B cell,-1.9701298,5.5206757,2572,1.3269082307815552
10X_P4_7_GTGCGGTTCTGCTGTC,3-M-8,macrophage,4,macrophage,2.4938374,16.349602,2573,1.778941988945007
10X_P4_7_GTGCTTCAGGAATCGC,3-M-8,T cell,3,T cell,26.183174,-1.0673796,2574,0.6708092093467712
10X_P4_7_GTGCTTCAGGTAGCTG,3-M-8,macrophage,4,macrophage,1.959288,16.637232,2575,2.631270408630371
10X_P4_7_GTGCTTCCAATCGGTT,3-M-8,macrophage,4,macrophage,2.060713,16.658508,2576,2.485585451126098
10X_P4_7_GTGCTTCCACAGACTT,3-M-8,T cell,3,T cell,28.556725,-1.363042,2577,1.015980243682861
10X_P4_7_GTGCTTCCAGTCGATT,3-M-8,macrophage,4,macrophage,2.1104865,15.917556,2578,2.8559908866882324
10X_P4_7_GTGCTTCGTCCAACTA,3-M-8,B cell,0,B cell,-0.108211085,6.7112856,2579,0.8093036413192749
10X_P4_7_GTGCTTCGTCTAGTCA,3-M-8,T cell,3,T cell,25.55988,-0.42405492,2580,0.6619543433189392
10X_P4_7_GTGCTTCTCGTTTAGG,3-M-8,B cell,1,Unmatched_1,3.7258673,7.9098425,2581,0.6023339033126831
10X_P4_7_GTGCTTCTCTGGGCCA,3-M-8,B cell,0,B cell,0.7294222,6.3747435,2582,0.6546902060508728
10X_P4_7_GTGGGTCAGATGTGGC,3-M-8,B cell,9,Unmatched_9,6.344077,-5.5623426,2583,5.109276294708252
10X_P4_7_GTGGGTCAGCGTAGTG,3-M-8,macrophage,4,macrophage,3.698129,15.7902775,2584,1.523585319519043
10X_P4_7_GTGGGTCAGCTCCTCT,3-M-8,B cell,0,B cell,0.54955584,3.0239093,2585,0.773888111114502
10X_P4_7_GTGGGTCAGTATGACA,3-M-8,B cell,0,B cell,1.5112427,4.42306,2586,0.6460670828819275
10X_P4_7_GTGGGTCCACAGGTTT,3-M-8,B cell,7,Unmatched_7,4.0010123,13.139589,2587,1.0399484634399414
10X_P4_7_GTGGGTCTCCGTCAAA,3-M-8,B cell,0,B cell,-1.8865197,5.478304,2588,1.194422483444214
10X_P4_7_GTGGGTCTCGGAGCAA,3-M-8,B cell,0,B cell,0.49240202,8.034231,2589,0.7746604084968567
10X_P4_7_GTGGGTCTCGGTCCGA,3-M-8,B cell,0,B cell,0.12862243,6.4388604,2590,1.1435741186141968
10X_P4_7_GTGTGCGAGCAATCTC,3-M-8,B cell,0,B cell,0.9410953,2.6150918,2591,0.6130909323692322
10X_P4_7_GTGTGCGCAAACCTAC,3-M-8,T cell,2,Unmatched_2,29.066399,0.7969871,2592,1.5889941453933716
10X_P4_7_GTGTGCGCACCCTATC,3-M-8,B cell,0,B cell,2.6160944,4.6976814,2593,1.2182378768920898
10X_P4_7_GTGTGCGCAGCGTCCA,3-M-8,B cell,0,B cell,0.23402674,3.212755,2594,0.8355906009674072
10X_P4_7_GTGTGCGCATATACCG,3-M-8,T cell,3,T cell,25.720541,-0.68334687,2595,0.7361969947814941
10X_P4_7_GTGTGCGGTGCGATAG,3-M-8,B cell,0,B cell,1.0631613,7.144418,2596,0.7520373463630676
10X_P4_7_GTGTTAGAGACAATAC,3-M-8,B cell,1,Unmatched_1,2.6546938,7.939219,2597,0.7821559906005859
10X_P4_7_GTGTTAGAGATCCGAG,3-M-8,B cell,0,B cell,0.39368334,3.9810195,2598,0.6207294464111328
10X_P4_7_GTGTTAGAGGTGCTAG,3-M-8,T cell,2,Unmatched_2,27.432497,1.0082127,2599,0.5993298888206482
10X_P4_7_GTGTTAGCAGGACGTA,3-M-8,B cell,0,B cell,2.0689256,3.5243511,2600,0.8548609018325806
10X_P4_7_GTGTTAGCAGTGGAGT,3-M-8,B cell,0,B cell,-0.15968744,6.364057,2601,0.9641980528831482
10X_P4_7_GTGTTAGCATAGAAAC,3-M-8,T cell,3,T cell,25.639128,-0.36474234,2602,0.6012896299362183
10X_P4_7_GTGTTAGGTACCGAGA,3-M-8,macrophage,4,macrophage,1.9810343,16.692112,2603,1.886922836303711
10X_P4_7_GTGTTAGGTCGCATCG,3-M-8,B cell,1,Unmatched_1,2.9856853,7.4186225,2604,0.8416836857795715
10X_P4_7_GTGTTAGTCACCTCGT,3-M-8,B cell,0,B cell,-0.38684586,4.8601894,2605,0.580191969871521
10X_P4_7_GTGTTAGTCCGTTGTC,3-M-8,B cell,0,B cell,1.3916299,2.0857532,2606,0.6686160564422607
10X_P4_7_GTGTTAGTCGAACTGT,3-M-8,B cell,0,B cell,0.62526864,3.7265944,2607,0.456946849822998
10X_P4_7_GTTAAGCAGGATGTAT,3-M-8,B cell,0,B cell,2.6339195,3.5067499,2608,0.7173291444778442
10X_P4_7_GTTAAGCAGGGTATCG,3-M-8,T cell,2,Unmatched_2,29.090303,0.60828364,2609,1.8086516857147217
10X_P4_7_GTTAAGCCACCAGGTC,3-M-8,B cell,9,Unmatched_9,6.344735,-5.563677,2610,5.109276294708252
10X_P4_7_GTTAAGCGTCGTCTTC,3-M-8,B cell,0,B cell,-0.58313537,3.157038,2611,0.5680593252182007
10X_P4_7_GTTAAGCGTTAAAGAC,3-M-8,B cell,1,Unmatched_1,3.8459125,7.7722077,2612,0.768482506275177
10X_P4_7_GTTAAGCGTTCCACGG,3-M-8,B cell,1,Unmatched_1,3.21122,7.6629806,2613,0.6664474010467529
10X_P4_7_GTTAAGCTCCACGTGG,3-M-8,B cell,0,B cell,-1.44282,5.2929735,2614,0.7825790047645569
10X_P4_7_GTTACAGAGCGAAGGG,3-M-8,B cell,0,B cell,2.58098,2.5496953,2615,0.45866659283638
10X_P4_7_GTTACAGAGCGTTTAC,3-M-8,T cell,3,T cell,27.782528,-1.2233696,2616,0.9702173471450806
10X_P4_7_GTTACAGCAAGGTTCT,3-M-8,B cell,6,Unmatched_6,0.3252128,10.752119,2617,1.9446302652359009
10X_P4_7_GTTACAGCACTCTGTC,3-M-8,B cell,0,B cell,1.7348294,2.316302,2618,0.74032062292099
10X_P4_7_GTTACAGCAGCTTCGG,3-M-8,B cell,0,B cell,3.3933663,5.986814,2619,0.4987249374389648
10X_P4_7_GTTACAGTCCCACTTG,3-M-8,T cell,3,T cell,26.46641,-1.053612,2620,0.6749776005744934
10X_P4_7_GTTACAGTCCTACAGA,3-M-8,B cell,0,B cell,-1.9829495,5.537047,2621,1.6110446453094482
10X_P4_7_GTTACAGTCGACCAGC,3-M-8,T cell,2,Unmatched_2,27.310337,0.8359962,2622,0.5545539259910583
10X_P4_7_GTTCATTAGAGTCTGG,3-M-8,T cell,3,T cell,25.749462,-0.86776763,2623,0.5833593606948853
10X_P4_7_GTTCATTAGCAATCTC,3-M-8,T cell,2,Unmatched_2,29.10484,0.8502821,2624,1.357297658920288
10X_P4_7_GTTCATTAGCGCCTCA,3-M-8,B cell,0,B cell,2.1129005,4.2370276,2625,0.7904710173606873
10X_P4_7_GTTCATTAGCTCCTTC,3-M-8,B cell,0,B cell,1.9697765,2.3576145,2626,0.7716200947761536
10X_P4_7_GTTCATTAGTACGACG,3-M-8,B cell,0,B cell,0.84469044,4.30169,2627,0.6959568858146667
10X_P4_7_GTTCATTGTCATGCAT,3-M-8,T cell,2,Unmatched_2,27.174585,0.66052324,2628,0.9230725169181824
10X_P4_7_GTTCATTGTGCACCAC,3-M-8,B cell,0,B cell,-0.4436828,5.6207576,2629,0.8542984127998352
10X_P4_7_GTTCATTTCGAGCCCA,3-M-8,B cell,0,B cell,0.27348948,3.815507,2630,0.7399378418922424
10X_P4_7_GTTCGGGAGCGTGAAC,3-M-8,B cell,7,Unmatched_7,3.9385514,13.189333,2631,0.7927725911140442
10X_P4_7_GTTCGGGAGGTGATTA,3-M-8,B cell,0,B cell,2.421111,3.6676435,2632,0.594544529914856
10X_P4_7_GTTCGGGAGTCCGTAT,3-M-8,B cell,0,B cell,1.8471408,5.923966,2633,0.6460292935371399
10X_P4_7_GTTCGGGCAAGAAGAG,3-M-8,T cell,3,T cell,26.050962,-1.2800151,2634,0.6433456540107727
10X_P4_7_GTTCGGGCAGTACACT,3-M-8,B cell,1,Unmatched_1,-2.489619,4.06014,2635,1.0457764863967896
10X_P4_7_GTTCGGGCATGCATGT,3-M-8,T cell,3,T cell,28.4695,-1.3505331,2636,1.1808090209960938
10X_P4_7_GTTCGGGTCAATCTCT,3-M-8,B cell,0,B cell,2.6784818,4.5714555,2637,0.9353913068771362
10X_P4_7_GTTCGGGTCACCAGGC,3-M-8,B cell,1,Unmatched_1,0.3967066,7.5489306,2638,0.7236539125442505
10X_P4_7_GTTCGGGTCAGCTTAG,3-M-8,B cell,0,B cell,0.33329022,3.8749208,2639,1.011235594749451
10X_P4_7_GTTCGGGTCGGAGCAA,3-M-8,B cell,0,B cell,2.144164,4.652375,2640,0.9162434339523317
10X_P4_7_GTTCTCGAGCCGTCGT,3-M-8,B cell,0,B cell,2.8900874,4.1922264,2641,0.663759708404541
10X_P4_7_GTTCTCGAGGATATAC,3-M-8,B cell,0,B cell,1.8037916,6.607275,2642,0.9131405353546144
10X_P4_7_GTTCTCGAGTGAAGAG,3-M-8,B cell,7,Unmatched_7,4.033094,13.087084,2643,0.7193773984909058
10X_P4_7_GTTCTCGTCACTTATC,3-M-8,B cell,0,B cell,0.11039311,5.9614644,2644,0.4832911193370819
10X_P4_7_GTTCTCGTCAGGATCT,3-M-8,T cell,5,natural killer cell,29.762133,-0.88539267,2645,2.536139249801636
10X_P4_7_GTTCTCGTCCAAATGC,3-M-8,macrophage,4,macrophage,2.5285869,16.347263,2646,1.898669719696045
10X_P4_7_GTTCTCGTCCCTCTTT,3-M-8,B cell,6,Unmatched_6,0.38557875,10.832318,2647,1.45320463180542
10X_P4_7_GTTCTCGTCTGCTGCT,3-M-8,macrophage,4,macrophage,4.733723,14.986242,2648,2.253464698791504
10X_P4_7_GTTCTCGTCTTAACCT,3-M-8,T cell,2,Unmatched_2,28.763758,0.19729255,2649,1.382614254951477
10X_P4_7_GTTTCTAAGGACTGGT,3-M-8,macrophage,9,Unmatched_9,6.34457,-5.5632305,2650,5.109276294708252
10X_P4_7_GTTTCTAAGGTCGGAT,3-M-8,macrophage,4,macrophage,3.671608,15.776953,2651,2.606382369995117
10X_P4_7_GTTTCTACAATCGAAA,3-M-8,B cell,0,B cell,1.1572027,2.8895693,2652,0.7099160552024841
10X_P4_7_GTTTCTAGTGCAACGA,3-M-8,natural killer cell,5,natural killer cell,31.10156,-2.2326472,2653,1.7105894088745115
10X_P4_7_GTTTCTAGTGCGCTTG,3-M-8,T cell,5,natural killer cell,29.908123,-0.7119191,2654,2.0353634357452397
10X_P4_7_GTTTCTAGTTGGTTTG,3-M-8,B cell,0,B cell,1.3402876,3.8684087,2655,0.8015981912612915
10X_P4_7_GTTTCTATCAAACGGG,3-M-8,B cell,1,Unmatched_1,3.1718416,8.429035,2656,0.6276018619537354
10X_P4_7_GTTTCTATCAGTTCGA,3-M-8,B cell,0,B cell,1.3119996,3.9651787,2657,0.5444350242614746
10X_P4_7_GTTTCTATCCCAAGTA,3-M-8,B cell,0,B cell,1.9412234,2.126835,2658,0.5692784190177917
10X_P4_7_TAAACCGAGAAACCAT,3-M-8,natural killer cell,5,natural killer cell,31.10668,-2.276366,2659,1.9202854633331297
10X_P4_7_TAAACCGAGACTTTCG,3-M-8,B cell,0,B cell,2.061784,6.450484,2660,0.7214359641075134
10X_P4_7_TAAACCGAGAGCTTCT,3-M-8,B cell,0,B cell,1.2812014,2.9404533,2661,1.1818459033966064
10X_P4_7_TAAACCGCAAGCCGCT,3-M-8,B cell,0,B cell,0.6023281,7.3362417,2662,1.606289267539978
10X_P4_7_TAAACCGCAATGTAAG,3-M-8,T cell,2,Unmatched_2,28.969572,0.014559396,2663,2.2170310020446777
10X_P4_7_TAAACCGCACAGCGTC,3-M-8,B cell,0,B cell,1.3955263,5.2317157,2664,0.7622995376586914
10X_P4_7_TAAACCGCATTAGCCA,3-M-8,B cell,1,Unmatched_1,2.7199624,7.9046607,2665,0.5205664038658142
10X_P4_7_TAAACCGGTAGTAGTA,3-M-8,B cell,0,B cell,0.21464834,2.951291,2666,1.199981451034546
10X_P4_7_TAAACCGGTCTAAAGA,3-M-8,macrophage,4,macrophage,4.6057677,14.868246,2667,2.6757397651672363
10X_P4_7_TAAACCGGTTACAGAA,3-M-8,T cell,3,T cell,25.606422,-0.26371196,2668,0.714652419090271
10X_P4_7_TAAGAGAAGAGGGCTT,3-M-8,B cell,0,B cell,0.71194947,6.4640126,2669,0.8568925261497498
10X_P4_7_TAAGAGAAGGGTTTCT,3-M-8,B cell,0,B cell,-0.869911,3.496997,2670,0.961213231086731
10X_P4_7_TAAGAGACAAACGCGA,3-M-8,B cell,0,B cell,2.109142,2.92652,2671,0.6639224886894226
10X_P4_7_TAAGAGACAGGCTGAA,3-M-8,T cell,3,T cell,28.515055,-1.0234915,2672,2.0116562843322754
10X_P4_7_TAAGAGAGTGTGTGCC,3-M-8,B cell,1,Unmatched_1,2.8101811,7.7037354,2673,0.5699694752693176
10X_P4_7_TAAGAGATCAACACCA,3-M-8,B cell,0,B cell,0.048858732,6.295118,2674,1.0518044233322144
10X_P4_7_TAAGCGTAGATTACCC,3-M-8,B cell,2,Unmatched_2,25.187687,2.1543202,2675,1.2281047105789185
10X_P4_7_TAAGCGTCAATCAGAA,3-M-8,T cell,2,Unmatched_2,27.568249,0.56829625,2676,0.8057649731636047
10X_P4_7_TAAGCGTCACAGGCCT,3-M-8,B cell,0,B cell,-0.4021417,4.8086696,2677,1.1414039134979248
10X_P4_7_TAAGCGTCATGAAGTA,3-M-8,B cell,0,B cell,1.7138422,3.157454,2678,0.7362414002418518
10X_P4_7_TAAGCGTCATGCCTTC,3-M-8,B cell,0,B cell,0.99164176,3.3016663,2679,0.5608556270599365
10X_P4_7_TAAGCGTGTTCAGGCC,3-M-8,B cell,0,B cell,2.5440578,4.576536,2680,0.6423135995864868
10X_P4_7_TAAGCGTTCCTAGAAC,3-M-8,B cell,1,Unmatched_1,2.9179325,8.532221,2681,0.6138736009597778
10X_P4_7_TAAGCGTTCGCGGATC,3-M-8,B cell,0,B cell,0.53580934,7.728313,2682,1.0415118932724
10X_P4_7_TAAGCGTTCTTAGCCC,3-M-8,B cell,0,B cell,-1.0514835,3.4009504,2683,1.299918293952942
10X_P4_7_TAAGTGCAGATAGCAT,3-M-8,B cell,0,B cell,-0.51170367,3.622511,2684,0.5818012356758118
10X_P4_7_TAAGTGCAGTACTTGC,3-M-8,B cell,0,B cell,0.11559517,4.1912403,2685,0.4101442098617553
10X_P4_7_TAAGTGCCACAGCGTC,3-M-8,B cell,0,B cell,2.2722778,6.384906,2686,0.5028851628303528
10X_P4_7_TAAGTGCCAGCTTCGG,3-M-8,B cell,0,B cell,2.1917632,6.68222,2687,0.7783277034759521
10X_P4_7_TAAGTGCGTCACTTCC,3-M-8,B cell,0,B cell,0.14136872,3.98764,2688,0.5532354116439819
10X_P4_7_TAAGTGCTCTTAGCCC,3-M-8,B cell,7,Unmatched_7,4.005959,13.154511,2689,0.603626012802124
10X_P4_7_TACACGAAGCTATGCT,3-M-8,B cell,0,B cell,0.6007224,3.7352858,2690,0.7998830080032349
10X_P4_7_TACACGACAAGCTGTT,3-M-8,B cell,0,B cell,0.6417003,2.622901,2691,0.9324253797531128
10X_P4_7_TACACGACATCAGTAC,3-M-8,B cell,0,B cell,0.2237386,4.8139286,2692,0.5228648781776428
10X_P4_7_TACACGAGTAGCTAAA,3-M-8,B cell,0,B cell,2.106835,3.2291012,2693,0.5549083352088928
10X_P4_7_TACACGAGTCACCTAA,3-M-8,B cell,0,B cell,0.64689344,7.3014154,2694,1.608493447303772
10X_P4_7_TACACGAGTCCAGTAT,3-M-8,B cell,0,B cell,1.3682245,2.552743,2695,1.0912468433380127
10X_P4_7_TACACGATCACCACCT,3-M-8,B cell,0,B cell,2.4222403,5.697297,2696,1.447628140449524
10X_P4_7_TACACGATCCATGAAC,3-M-8,B cell,0,B cell,2.359722,7.1781797,2697,0.7435952425003052
10X_P4_7_TACACGATCCTAGAAC,3-M-8,B cell,0,B cell,0.030758234,6.9099283,2698,1.2393381595611572
10X_P4_7_TACACGATCTGGCGTG,3-M-8,B cell,1,Unmatched_1,3.3268359,8.582069,2699,0.5572441816329956
10X_P4_7_TACAGTGGTGATGATA,3-M-8,B cell,0,B cell,-0.802099,5.343178,2700,0.7497214674949646
10X_P4_7_TACAGTGGTGGACGAT,3-M-8,B cell,1,Unmatched_1,3.1601393,8.608739,2701,0.5677149295806885
10X_P4_7_TACAGTGTCAGCTTAG,3-M-8,B cell,0,B cell,0.4387214,7.920847,2702,1.1190141439437866
10X_P4_7_TACAGTGTCCCATTAT,3-M-8,B cell,7,Unmatched_7,3.9840167,13.160601,2703,0.7326165437698364
10X_P4_7_TACAGTGTCCTCTAGC,3-M-8,B cell,6,Unmatched_6,0.47512078,10.814109,2704,1.3906569480895996
10X_P4_7_TACAGTGTCGGTCTAA,3-M-8,B cell,6,Unmatched_6,-0.33111075,12.038725,2705,3.0616793632507324
10X_P4_7_TACAGTGTCTCAACTT,3-M-8,T cell,2,Unmatched_2,29.086075,1.0612181,2706,1.7183529138565063
10X_P4_7_TACCTATCAGTCACTA,3-M-8,B cell,0,B cell,2.6802418,3.3348217,2707,1.0668659210205078
10X_P4_7_TACCTATTCAACACCA,3-M-8,B cell,1,Unmatched_1,3.5373533,7.8387017,2708,1.1421090364456177
10X_P4_7_TACCTATTCACTTCAT,3-M-8,macrophage,4,macrophage,1.95364,16.673817,2709,1.4949504137039185
10X_P4_7_TACCTATTCTTGCCGT,3-M-8,B cell,0,B cell,0.86712164,5.4139647,2710,0.4809508025646209
10X_P4_7_TACCTTAAGAAGGCCT,3-M-8,B cell,0,B cell,2.0651915,5.5236444,2711,0.542942464351654
10X_P4_7_TACCTTAAGTACGTAA,3-M-8,B cell,0,B cell,0.50000936,4.525647,2712,0.647871196269989
10X_P4_7_TACCTTAGTTAAGGGC,3-M-8,B cell,0,B cell,-0.2337061,3.2582536,2713,0.7896072268486023
10X_P4_7_TACGGATAGACACTAA,3-M-8,B cell,0,B cell,0.15240447,4.0318294,2714,0.4462150037288666
10X_P4_7_TACGGATAGGTGATAT,3-M-8,B cell,0,B cell,-0.8887339,4.1040244,2715,0.9336420893669128
10X_P4_7_TACGGATAGTGATCGG,3-M-8,B cell,0,B cell,0.49793297,7.7958055,2716,0.8907615542411804
10X_P4_7_TACGGATCAGGTCTCG,3-M-8,B cell,0,B cell,0.4600723,2.7260633,2717,1.085140824317932
10X_P4_7_TACGGATGTAAATACG,3-M-8,B cell,0,B cell,1.6803919,4.3141255,2718,0.5707667469978333
10X_P4_7_TACGGATGTAGCCTAT,3-M-8,B cell,6,Unmatched_6,0.74596274,11.469879,2719,5.334986209869385
10X_P4_7_TACGGATGTCCGAATT,3-M-8,T cell,2,Unmatched_2,27.384714,1.3026869,2720,0.5644013285636902
10X_P4_7_TACGGATGTCGAAAGC,3-M-8,B cell,0,B cell,0.543869,3.192259,2721,0.7603211998939514
10X_P4_7_TACGGATGTTCCGTCT,3-M-8,B cell,0,B cell,1.973155,4.992169,2722,0.7649577260017395
10X_P4_7_TACGGATTCCTCGCAT,3-M-8,T cell,3,T cell,26.13155,-0.8207777,2723,0.5555885434150696
10X_P4_7_TACGGATTCTACGAGT,3-M-8,B cell,0,B cell,1.7867682,5.3236017,2724,1.636038064956665
10X_P4_7_TACGGGCAGCTGCGAA,3-M-8,B cell,0,B cell,1.6328039,2.7173007,2725,0.5449968576431274
10X_P4_7_TACGGGCAGGTACTCT,3-M-8,B cell,0,B cell,1.2194178,4.3409433,2726,0.6357650756835938
10X_P4_7_TACGGGCCAAGCCGCT,3-M-8,B cell,0,B cell,-1.9130253,5.441338,2727,1.3677653074264526
10X_P4_7_TACGGGCCACAAGTAA,3-M-8,macrophage,4,macrophage,2.4372869,16.466484,2728,2.236887693405152
10X_P4_7_TACGGGCGTAAATACG,3-M-8,dendritic cell,8,dendritic cell,3.5468938,17.79426,2729,3.160393476486206
10X_P4_7_TACGGGCGTCCGTTAA,3-M-8,B cell,0,B cell,0.38160056,4.8382907,2730,0.5083438158035278
10X_P4_7_TACGGGCGTGAAATCA,3-M-8,B cell,0,B cell,1.0448294,4.0287137,2731,0.6659323573112488
10X_P4_7_TACGGGCGTTCACGGC,3-M-8,B cell,0,B cell,0.83900654,5.2620864,2732,1.049704909324646
10X_P4_7_TACGGGCTCAACACCA,3-M-8,T cell,3,T cell,28.878132,-1.1973926,2733,2.2805142402648926
10X_P4_7_TACGGGCTCACGAAGG,3-M-8,B cell,0,B cell,1.6731607,2.6182494,2734,0.5768331289291382
10X_P4_7_TACGGGCTCCGTACAA,3-M-8,B cell,0,B cell,0.49659014,4.0830536,2735,0.5830809473991394
10X_P4_7_TACGGTAAGATGTGGC,3-M-8,T cell,2,Unmatched_2,26.988886,1.1489142,2736,0.7512244582176208
10X_P4_7_TACGGTAAGGGTCGAT,3-M-8,B cell,0,B cell,1.993351,4.6052775,2737,1.15708589553833
10X_P4_7_TACGGTAAGTGGTAGC,3-M-8,B cell,1,Unmatched_1,4.1945915,6.941499,2738,1.306630253791809
10X_P4_7_TACGGTAAGTGTACGG,3-M-8,B cell,0,B cell,1.1894463,6.818792,2739,0.7642309069633484
10X_P4_7_TACGGTACACTGCCAG,3-M-8,B cell,0,B cell,0.5321196,5.144281,2740,0.6577485203742981
10X_P4_7_TACGGTAGTCGGATCC,3-M-8,macrophage,4,macrophage,3.6585116,15.761485,2741,1.4310660362243652
10X_P4_7_TACGGTAGTTGAGTTC,3-M-8,natural killer cell,5,natural killer cell,31.05839,-2.2997687,2742,1.792743444442749
10X_P4_7_TACGGTATCCCTTGTG,3-M-8,macrophage,4,macrophage,4.3823957,16.153645,2743,3.646089553833008
10X_P4_7_TACGGTATCTGTCTCG,3-M-8,B cell,0,B cell,2.3481321,2.4064794,2744,0.5378530025482178
10X_P4_7_TACTCATAGACTTGAA,3-M-8,T cell,3,T cell,25.650892,-0.31546435,2745,0.7482934594154358
10X_P4_7_TACTCATAGAGACTAT,3-M-8,B cell,1,Unmatched_1,2.2845657,7.782146,2746,0.9688660502433776
10X_P4_7_TACTCATCAAGTCTAC,3-M-8,macrophage,4,macrophage,4.990798,16.283697,2747,3.2368879318237305
10X_P4_7_TACTCATCAATCAGAA,3-M-8,T cell,3,T cell,25.674124,-0.84434295,2748,0.5368109345436096
10X_P4_7_TACTCATCACCGCTAG,3-M-8,B cell,0,B cell,0.43459266,3.3229723,2749,1.0400818586349487
10X_P4_7_TACTCATTCACCATAG,3-M-8,dendritic cell,8,dendritic cell,3.5276062,17.767914,2750,3.216588020324707
10X_P4_7_TACTCGCAGAGAACAG,3-M-8,T cell,3,T cell,27.20484,-1.1590092,2751,0.7577052116394043
10X_P4_7_TACTCGCAGCCATCGC,3-M-8,B cell,0,B cell,-0.13801818,6.586038,2752,0.6151935458183289
10X_P4_7_TACTCGCAGCTAGTCT,3-M-8,B cell,7,Unmatched_7,3.9831448,13.22172,2753,0.7031028866767883
10X_P4_7_TACTCGCAGGTCGGAT,3-M-8,B cell,0,B cell,1.5210605,3.7294223,2754,0.6661799550056458
10X_P4_7_TACTCGCAGTCGCCGT,3-M-8,B cell,0,B cell,-1.5957974,4.959716,2755,1.1327629089355469
10X_P4_7_TACTCGCCATACGCCG,3-M-8,B cell,0,B cell,0.52158105,3.5064301,2756,1.100221872329712
10X_P4_7_TACTCGCCATCCAACA,3-M-8,B cell,0,B cell,-1.9953687,5.554096,2757,1.137146234512329
10X_P4_7_TACTTACAGTTACGGG,3-M-8,B cell,0,B cell,2.1960595,2.3612247,2758,0.5434580445289612
10X_P4_7_TACTTACCACCATCCT,3-M-8,B cell,0,B cell,0.33233622,3.1291676,2759,1.0232312679290771
10X_P4_7_TACTTACCAGATCGGA,3-M-8,T cell,5,natural killer cell,29.912138,-0.7423769,2760,2.50032377243042
10X_P4_7_TACTTACCATGCTAGT,3-M-8,B cell,7,Unmatched_7,3.9819446,12.95549,2761,0.7808852791786194
10X_P4_7_TACTTACGTATAGGTA,3-M-8,B cell,0,B cell,0.9006101,5.175086,2762,0.895304262638092
10X_P4_7_TACTTACGTGGGTCAA,3-M-8,T cell,2,Unmatched_2,27.71048,0.9390441,2763,0.7935994863510132
10X_P4_7_TACTTACGTTCAGACT,3-M-8,B cell,0,B cell,-0.45405006,4.1976943,2764,0.6692821979522705
10X_P4_7_TACTTACGTTGAGGTG,3-M-8,B cell,1,Unmatched_1,3.1806142,8.19561,2765,0.6815215945243835
10X_P4_7_TACTTGTAGGTGGGTT,3-M-8,B cell,1,Unmatched_1,3.1823716,8.334564,2766,0.7763405442237854
10X_P4_7_TACTTGTAGTATCGAA,3-M-8,B cell,0,B cell,0.10431785,4.913251,2767,0.4112119376659393
10X_P4_7_TACTTGTCAAGACGTG,3-M-8,B cell,0,B cell,3.0123858,4.95142,2768,1.1258882284164429
10X_P4_7_TACTTGTCACCGAATT,3-M-8,B cell,0,B cell,-0.3098606,3.7957034,2769,0.9339792728424072
10X_P4_7_TACTTGTCACTTAAGC,3-M-8,B cell,0,B cell,-0.5926257,4.4033775,2770,0.8149144053459167
10X_P4_7_TACTTGTCATTGGTAC,3-M-8,B cell,0,B cell,0.59643704,3.0620592,2771,0.941480815410614
10X_P4_7_TAGACCAAGTAAGTAC,3-M-8,T cell,5,natural killer cell,30.078415,-0.6228715,2772,2.628122091293335
10X_P4_7_TAGACCAAGTTGAGAT,3-M-8,B cell,0,B cell,2.1241267,3.5803165,2773,1.0846776962280271
10X_P4_7_TAGACCACAATAGCGG,3-M-8,B cell,0,B cell,2.440446,3.6025212,2774,0.5201693773269653
10X_P4_7_TAGACCACACTGCCAG,3-M-8,B cell,0,B cell,1.460504,3.2992344,2775,0.5040425062179565
10X_P4_7_TAGACCAGTAACGCGA,3-M-8,B cell,0,B cell,1.7863845,4.3819075,2776,0.7744331955909729
10X_P4_7_TAGACCAGTAATTGGA,3-M-8,T cell,2,Unmatched_2,27.277712,0.940144,2777,0.7951736450195312
10X_P4_7_TAGACCAGTACCATCA,3-M-8,B cell,0,B cell,0.7267694,3.0235236,2778,0.6720941662788391
10X_P4_7_TAGACCATCTGCCAGG,3-M-8,B cell,0,B cell,0.8082122,4.139133,2779,0.4575829207897186
10X_P4_7_TAGAGCTAGGCGCTCT,3-M-8,B cell,0,B cell,1.9247687,3.0549526,2780,0.8421501517295837
10X_P4_7_TAGAGCTAGGTGCTTT,3-M-8,B cell,0,B cell,0.8842168,6.092239,2781,0.8221884369850159
10X_P4_7_TAGAGCTCAACCGCCA,3-M-8,B cell,1,Unmatched_1,3.5766132,8.409635,2782,0.5865299701690674
10X_P4_7_TAGAGCTCAATGGATA,3-M-8,B cell,0,B cell,0.68608236,5.5623198,2783,0.7251269817352295
10X_P4_7_TAGAGCTCATACGCTA,3-M-8,B cell,0,B cell,-1.730686,5.198542,2784,1.0936493873596191
10X_P4_7_TAGAGCTGTTAAGATG,3-M-8,B cell,0,B cell,1.0424806,4.6946816,2785,0.4199476838111877
10X_P4_7_TAGAGCTTCACGATGT,3-M-8,B cell,0,B cell,-0.73287743,5.759994,2786,1.4584413766860962
10X_P4_7_TAGAGCTTCTGCCAGG,3-M-8,B cell,0,B cell,-1.8572934,5.4977846,2787,1.2167927026748655
10X_P4_7_TAGCCGGCAAGTACCT,3-M-8,B cell,0,B cell,-0.4754592,5.9739437,2788,0.7086251378059387
10X_P4_7_TAGCCGGGTCCGTGAC,3-M-8,T cell,2,Unmatched_2,27.6406,0.89797086,2789,0.7493866682052612
10X_P4_7_TAGCCGGGTCCTCCAT,3-M-8,natural killer cell,5,natural killer cell,30.83826,-1.717542,2790,2.09731674194336
10X_P4_7_TAGCCGGGTGTTTGGT,3-M-8,B cell,0,B cell,2.6178164,6.7545605,2791,0.967547595500946
10X_P4_7_TAGCCGGGTTGTACAC,3-M-8,B cell,0,B cell,-0.32557926,3.059943,2792,0.821263313293457
10X_P4_7_TAGCCGGTCTCCCTGA,3-M-8,macrophage,4,macrophage,3.6205053,15.80521,2793,1.6078091859817505
10X_P4_7_TAGGCATAGCGATATA,3-M-8,B cell,0,B cell,1.7020756,4.955074,2794,1.2626034021377563
10X_P4_7_TAGGCATAGTTTAGGA,3-M-8,B cell,1,Unmatched_1,-2.5806074,4.0228043,2795,1.0342895984649658
10X_P4_7_TAGGCATCAGCGTAAG,3-M-8,B cell,0,B cell,2.6605794,4.14682,2796,0.7403683662414551
10X_P4_7_TAGGCATGTACGCTGC,3-M-8,T cell,3,T cell,26.996008,-0.4962043,2797,0.8692520260810852
10X_P4_7_TAGGCATTCAGCCTAA,3-M-8,T cell,2,Unmatched_2,28.986374,0.33423853,2798,1.284476399421692
10X_P4_7_TAGTGGTAGAATAGGG,3-M-8,T cell,2,Unmatched_2,28.722933,0.15896088,2799,1.2963145971298218
10X_P4_7_TAGTGGTAGACGCAAC,3-M-8,B cell,0,B cell,0.25134245,3.4619,2800,0.7426565885543823
10X_P4_7_TAGTGGTAGTTTAGGA,3-M-8,B cell,6,Unmatched_6,0.29584742,11.188127,2801,1.6036995649337769
10X_P4_7_TAGTGGTCACACCGCA,3-M-8,B cell,0,B cell,-1.6643509,5.4164734,2802,1.693342924118042
10X_P4_7_TAGTGGTCACCGCTAG,3-M-8,T cell,3,T cell,27.04599,-0.88734543,2803,0.8695421814918518
10X_P4_7_TAGTGGTCACGGCTAC,3-M-8,B cell,0,B cell,1.06471,4.8026247,2804,0.6854943633079529
10X_P4_7_TAGTGGTCAGTAGAGC,3-M-8,macrophage,4,macrophage,1.9100281,16.683973,2805,1.6995350122451782
10X_P4_7_TAGTGGTCAGTGGGAT,3-M-8,T cell,3,T cell,25.750366,-1.1183226,2806,0.8137252330780029
10X_P4_7_TAGTGGTCATTCCTCG,3-M-8,B cell,7,Unmatched_7,3.9900038,13.153388,2807,0.7248622179031372
10X_P4_7_TAGTGGTGTCATATCG,3-M-8,B cell,0,B cell,2.0935256,6.411463,2808,0.7705671787261963
10X_P4_7_TAGTGGTTCAAGATCC,3-M-8,B cell,0,B cell,1.7242812,6.161031,2809,0.684806764125824
10X_P4_7_TAGTTGGAGTACGTTC,3-M-8,B cell,0,B cell,1.9337436,3.9811153,2810,0.50666344165802
10X_P4_7_TAGTTGGAGTGTACTC,3-M-8,B cell,0,B cell,0.97360355,4.4997487,2811,0.5293598175048828
10X_P4_7_TAGTTGGCACGTCTCT,3-M-8,B cell,0,B cell,1.1717316,5.0808873,2812,0.4635277688503265
10X_P4_7_TAGTTGGGTACCCAAT,3-M-8,T cell,2,Unmatched_2,27.755499,1.1831819,2813,0.9376333355903624
10X_P4_7_TAGTTGGGTAGGCTGA,3-M-8,B cell,0,B cell,2.4836347,6.6000733,2814,0.6300650835037231
10X_P4_7_TAGTTGGTCTACGAGT,3-M-8,B cell,1,Unmatched_1,4.6153364,6.895717,2815,1.2002646923065186
10X_P4_7_TAGTTGGTCTGGTATG,3-M-8,B cell,7,Unmatched_7,4.0160294,13.047651,2816,0.8518195152282715
10X_P4_7_TATCAGGAGCGATATA,3-M-8,B cell,0,B cell,-1.68624,5.30701,2817,1.256000280380249
10X_P4_7_TATCAGGAGGAGTTGC,3-M-8,B cell,0,B cell,0.45625842,5.1392145,2818,0.411184012889862
10X_P4_7_TATCAGGCAATGCCAT,3-M-8,B cell,0,B cell,-0.86459476,3.5288975,2819,0.7065238356590271
10X_P4_7_TATCTCAAGAAACGCC,3-M-8,B cell,0,B cell,0.742686,5.297449,2820,0.5919773578643799
10X_P4_7_TATCTCAAGCACGCCT,3-M-8,B cell,0,B cell,1.6155403,6.45528,2821,1.353580117225647
10X_P4_7_TATCTCAAGCCATCGC,3-M-8,T cell,3,T cell,28.692883,-0.9734778,2822,3.646089553833008
10X_P4_7_TATCTCACACCGCTAG,3-M-8,B cell,0,B cell,2.5118458,2.4220695,2823,0.8428635597229004
10X_P4_7_TATCTCACATTAGCCA,3-M-8,T cell,2,Unmatched_2,27.76229,1.1621307,2824,0.6310867071151733
10X_P4_7_TATCTCAGTCGAACAG,3-M-8,B cell,0,B cell,1.4598848,2.08003,2825,0.7263388633728027
10X_P4_7_TATCTCAGTGCACCAC,3-M-8,B cell,7,Unmatched_7,3.9479425,13.168493,2826,0.7515574097633362
10X_P4_7_TATGCCCAGTGCCAGA,3-M-8,B cell,0,B cell,1.6217326,3.18073,2827,0.5386640429496765
10X_P4_7_TATGCCCCACAGCCCA,3-M-8,B cell,0,B cell,2.4759526,4.16677,2828,0.9391390085220336
10X_P4_7_TATGCCCCACGGATAG,3-M-8,B cell,1,Unmatched_1,2.5019696,7.2562957,2829,0.6151848435401917
10X_P4_7_TATGCCCGTAAGCACG,3-M-8,T cell,2,Unmatched_2,27.41796,0.9675605,2830,0.5362696647644043
10X_P4_7_TATGCCCGTTTGACTG,3-M-8,T cell,2,Unmatched_2,28.950947,0.8802265,2831,1.5386662483215332
10X_P4_7_TATGCCCTCGGAAATA,3-M-8,B cell,0,B cell,2.3125868,5.4520645,2832,1.025926113128662
10X_P4_7_TATTACCAGCCTTGAT,3-M-8,B cell,0,B cell,2.5713778,3.0070684,2833,1.193551778793335
10X_P4_7_TATTACCGTTCCCTTG,3-M-8,B cell,0,B cell,0.588966,4.971733,2834,0.449148952960968
10X_P4_7_TATTACCTCATAACCG,3-M-8,B cell,0,B cell,1.4341484,4.5033765,2835,0.5029463768005371
10X_P4_7_TATTACCTCCCTAATT,3-M-8,B cell,0,B cell,2.4772577,3.3612537,2836,0.4208941161632538
10X_P4_7_TATTACCTCGAGCCCA,3-M-8,T cell,2,Unmatched_2,27.940962,0.7693642,2837,1.190697431564331
10X_P4_7_TCAACGAAGGCAATTA,3-M-8,B cell,0,B cell,2.160842,5.8753405,2838,0.7729937434196472
10X_P4_7_TCAACGAAGTGGCACA,3-M-8,T cell,3,T cell,26.358877,-1.0101357,2839,0.6260746121406555
10X_P4_7_TCAACGACAGCTGCTG,3-M-8,T cell,3,T cell,26.248646,-0.7579652,2840,0.949648141860962
10X_P4_7_TCAACGACATACTCTT,3-M-8,B cell,0,B cell,1.9221573,3.4858215,2841,0.6469510793685913
10X_P4_7_TCAACGACATTGTGCA,3-M-8,B cell,0,B cell,2.278206,5.8638206,2842,0.9760875105857848
10X_P4_7_TCAACGAGTCCAGTAT,3-M-8,B cell,0,B cell,-1.8459961,5.4733434,2843,1.6834145784378052
10X_P4_7_TCAACGAGTTTGCATG,3-M-8,macrophage,4,macrophage,3.147796,16.156105,2844,2.2750515937805176
10X_P4_7_TCAACGATCAACACAC,3-M-8,B cell,0,B cell,-0.057421476,2.8416622,2845,0.8020920157432556
10X_P4_7_TCAACGATCCGCAGTG,3-M-8,B cell,0,B cell,0.1638266,7.061285,2846,0.8287054896354675
10X_P4_7_TCAACGATCCGCATAA,3-M-8,B cell,0,B cell,0.8383679,4.8334904,2847,0.6168209314346313
10X_P4_7_TCAACGATCCTCGCAT,3-M-8,B cell,0,B cell,1.5363237,5.4509788,2848,0.9698598384857178
10X_P4_7_TCAACGATCTTTAGTC,3-M-8,B cell,1,Unmatched_1,2.9654403,7.8388743,2849,0.6281936764717102
10X_P4_7_TCAATCTAGAGAGCTC,3-M-8,B cell,0,B cell,-0.3833578,5.6626515,2850,0.8863557577133179
10X_P4_7_TCAATCTAGATGCCAG,3-M-8,B cell,1,Unmatched_1,3.1452436,8.523603,2851,0.613935649394989
10X_P4_7_TCAATCTAGGCCGAAT,3-M-8,B cell,1,Unmatched_1,3.8701599,7.716692,2852,0.8514794111251831
10X_P4_7_TCAATCTCACAGATTC,3-M-8,B cell,0,B cell,0.07002068,3.788196,2853,0.404185801744461
10X_P4_7_TCAATCTCATGCCACG,3-M-8,T cell,2,Unmatched_2,27.474518,1.4445845,2854,0.9697317481040956
10X_P4_7_TCAATCTTCAGGTAAA,3-M-8,B cell,0,B cell,2.272713,3.8284197,2855,3.2803194522857666
10X_P4_7_TCAATCTTCATGGTCA,3-M-8,macrophage,4,macrophage,4.819189,15.151152,2856,2.2841947078704834
10X_P4_7_TCAATCTTCCAAACAC,3-M-8,B cell,0,B cell,1.3457025,2.4738035,2857,1.083332657814026
10X_P4_7_TCACAAGAGACGCAAC,3-M-8,B cell,0,B cell,0.25610992,4.7333183,2858,0.4034081697463989
10X_P4_7_TCACAAGAGCTCCTTC,3-M-8,B cell,0,B cell,-0.0822566,2.8311214,2859,1.1318069696426392
10X_P4_7_TCACAAGCAATCAGAA,3-M-8,B cell,0,B cell,2.130465,5.986051,2860,1.0295491218566897
10X_P4_7_TCACAAGGTACCGTAT,3-M-8,B cell,0,B cell,1.053167,3.1857786,2861,0.5709297060966492
10X_P4_7_TCACGAAAGTTGAGTA,3-M-8,B cell,1,Unmatched_1,4.818634,7.176452,2862,1.1193383932113647
10X_P4_7_TCACGAAGTAAAGGAG,3-M-8,T cell,3,T cell,25.853668,-0.88391894,2863,0.6895344853401184
10X_P4_7_TCACGAAGTAGTGAAT,3-M-8,B cell,0,B cell,1.0705377,2.933467,2864,0.5218941569328308
10X_P4_7_TCACGAAGTCTCTTTA,3-M-8,T cell,2,Unmatched_2,26.94294,1.4874203,2865,0.7202288508415222
10X_P4_7_TCACGAATCAAGGCTT,3-M-8,B cell,0,B cell,2.3726363,6.7366757,2866,0.5283744931221008
10X_P4_7_TCACGAATCATAACCG,3-M-8,B cell,0,B cell,0.72941333,5.110851,2867,0.5339803099632263
10X_P4_7_TCAGATGAGAAACCGC,3-M-8,macrophage,4,macrophage,1.921247,16.720766,2868,1.7423807382583618
10X_P4_7_TCAGATGAGCTGTTCA,3-M-8,B cell,0,B cell,2.0798361,2.9162848,2869,0.7411826252937317
10X_P4_7_TCAGATGAGTACCGGA,3-M-8,natural killer cell,5,natural killer cell,30.895962,-1.8676789,2870,1.9997508525848389
10X_P4_7_TCAGATGGTTTGGGCC,3-M-8,B cell,0,B cell,1.9815962,4.559377,2871,1.5777522325515747
10X_P4_7_TCAGCAACAAGCGAGT,3-M-8,B cell,6,Unmatched_6,0.31959543,11.042686,2872,1.6783134937286377
10X_P4_7_TCAGCAACAATCCAAC,3-M-8,B cell,0,B cell,2.5300133,4.7553697,2873,0.7931329607963562
10X_P4_7_TCAGCAACAATTGCTG,3-M-8,B cell,0,B cell,2.0419898,6.893824,2874,0.7630561590194702
10X_P4_7_TCAGCAACACCCTATC,3-M-8,B cell,1,Unmatched_1,2.821064,7.17587,2875,0.9084110856056212
10X_P4_7_TCAGCAACACTACAGT,3-M-8,B cell,0,B cell,2.471855,5.943612,2876,0.7843635678291321
10X_P4_7_TCAGCAATCAAACCGT,3-M-8,B cell,0,B cell,2.0790534,2.2782147,2877,0.4966982901096344
10X_P4_7_TCAGCAATCTCGGACG,3-M-8,T cell,2,Unmatched_2,26.818998,0.054332484,2878,1.712602972984314
10X_P4_7_TCAGCAATCTGCGGCA,3-M-8,T cell,5,natural killer cell,29.86412,-0.9302183,2879,3.5427961349487305
10X_P4_7_TCAGCTCAGACAGAGA,3-M-8,B cell,0,B cell,1.4579993,5.744558,2880,0.6999968886375427
10X_P4_7_TCAGCTCAGGTGATAT,3-M-8,B cell,0,B cell,0.47782847,3.416805,2881,0.9441982507705688
10X_P4_7_TCAGCTCAGTAACCCT,3-M-8,B cell,0,B cell,-0.88592774,5.8311267,2882,1.4457178115844729
10X_P4_7_TCAGCTCCACGTTGGC,3-M-8,B cell,0,B cell,-1.7487131,4.4761133,2883,1.3913357257843018
10X_P4_7_TCAGCTCGTCGTCTTC,3-M-8,B cell,1,Unmatched_1,2.5603487,7.390839,2884,0.6076202392578125
10X_P4_7_TCAGGATAGCAGATCG,3-M-8,B cell,0,B cell,2.110466,2.7545388,2885,0.5901299118995667
10X_P4_7_TCAGGATAGGTAGCCA,3-M-8,B cell,0,B cell,2.5685894,2.9853663,2886,0.5432372689247131
10X_P4_7_TCAGGATCAAGCCCAC,3-M-8,B cell,0,B cell,-1.5678138,5.176292,2887,1.3618121147155762
10X_P4_7_TCAGGATCATGCCACG,3-M-8,B cell,0,B cell,0.32662806,3.131516,2888,0.6358970403671265
10X_P4_7_TCAGGATGTGCAGGTA,3-M-8,T cell,2,Unmatched_2,26.863127,0.4213588,2889,0.6496954560279846
10X_P4_7_TCAGGATGTTGCGTTA,3-M-8,B cell,1,Unmatched_1,2.3804126,8.213984,2890,0.5818653106689453
10X_P4_7_TCAGGATTCCGAAGAG,3-M-8,B cell,1,Unmatched_1,2.4928615,7.749421,2891,0.8261300325393677
10X_P4_7_TCAGGATTCTAACGGT,3-M-8,B cell,0,B cell,0.36616924,3.6155348,2892,0.4634706676006317
10X_P4_7_TCAGGATTCTGCTGCT,3-M-8,T cell,2,Unmatched_2,29.1231,1.0842365,2893,1.1655899286270142
10X_P4_7_TCAGGATTCTGCTGTC,3-M-8,B cell,0,B cell,1.4424292,4.5186462,2894,0.834058403968811
10X_P4_7_TCAGGTAAGACAATAC,3-M-8,B cell,0,B cell,0.7433736,5.2148776,2895,0.5030633211135864
10X_P4_7_TCAGGTACAGCCTTTC,3-M-8,B cell,0,B cell,0.96907586,3.5981064,2896,0.7329092025756836
10X_P4_7_TCAGGTATCAGCATGT,3-M-8,T cell,3,T cell,26.297276,-0.66878134,2897,0.8421806693077087
10X_P4_7_TCATTACCAGATGAGC,3-M-8,macrophage,4,macrophage,1.8993825,16.711798,2898,1.5332366228103638
10X_P4_7_TCATTACCATCGACGC,3-M-8,B cell,1,Unmatched_1,3.673302,7.878198,2899,0.6506783962249756
10X_P4_7_TCATTACCATTCTTAC,3-M-8,macrophage,4,macrophage,2.4745097,16.411453,2900,2.023527145385742
10X_P4_7_TCATTACGTAGCGCAA,3-M-8,macrophage,4,macrophage,2.4796531,16.439594,2901,2.226987838745117
10X_P4_7_TCATTACGTAGCTGCC,3-M-8,T cell,2,Unmatched_2,24.92555,1.8962889,2902,1.0104013681411743
10X_P4_7_TCATTACGTATATGGA,3-M-8,B cell,0,B cell,1.5832506,5.062225,2903,0.7145324349403381
10X_P4_7_TCATTACTCATCGGAT,3-M-8,B cell,0,B cell,2.1076567,3.0886993,2904,0.6742425560951233
10X_P4_7_TCATTACTCCAGTATG,3-M-8,macrophage,4,macrophage,3.6141348,15.793114,2905,1.5096129179000854
10X_P4_7_TCATTACTCGTGGGAA,3-M-8,B cell,0,B cell,2.6456563,2.4839118,2906,0.7904962301254272
10X_P4_7_TCATTACTCTCGAGTA,3-M-8,B cell,0,B cell,-1.6007525,5.1191034,2907,1.2226356267929075
10X_P4_7_TCATTTGAGCCAGTAG,3-M-8,T cell,2,Unmatched_2,26.992987,1.3269812,2908,0.6804101467132568
10X_P4_7_TCATTTGAGTTCGCAT,3-M-8,B cell,0,B cell,2.0792408,4.872217,2909,1.6394991874694824
10X_P4_7_TCATTTGCACCGGAAA,3-M-8,B cell,0,B cell,1.1086156,2.0468895,2910,1.1414583921432495
10X_P4_7_TCATTTGCATTGTGCA,3-M-8,T cell,2,Unmatched_2,26.852522,0.4157536,2911,0.8115146160125732
10X_P4_7_TCATTTGGTTTAGGAA,3-M-8,B cell,0,B cell,2.1461275,3.3169649,2912,0.6507447361946106
10X_P4_7_TCCACACAGATGTGTA,3-M-8,macrophage,4,macrophage,1.91226,16.697952,2913,1.5850545167922974
10X_P4_7_TCCACACAGCCGCCTA,3-M-8,B cell,0,B cell,2.1753817,3.0223951,2914,0.4589639902114868
10X_P4_7_TCCACACAGGCCATAG,3-M-8,B cell,0,B cell,-0.91854036,3.5444958,2915,1.1295567750930786
10X_P4_7_TCCACACCAAGGACTG,3-M-8,B cell,0,B cell,2.5962317,3.2229285,2916,0.638347864151001
10X_P4_7_TCCACACCATCAGTCA,3-M-8,B cell,0,B cell,1.7042361,6.9165516,2917,1.0325723886489868
10X_P4_7_TCCACACGTCGGCTCA,3-M-8,B cell,2,Unmatched_2,25.188326,2.1512864,2918,2.0047011375427246
10X_P4_7_TCCCGATAGGACGAAA,3-M-8,B cell,0,B cell,1.8674535,5.40697,2919,0.667848527431488
10X_P4_7_TCCCGATAGTGTCCAT,3-M-8,B cell,6,Unmatched_6,0.4161128,10.920567,2920,1.614231824874878
10X_P4_7_TCCCGATAGTGTTTGC,3-M-8,B cell,0,B cell,-0.48268768,4.009786,2921,0.7901723980903625
10X_P4_7_TCCCGATGTCATGCCG,3-M-8,B cell,0,B cell,0.50590116,5.0715513,2922,0.4053879380226135
10X_P4_7_TCCCGATTCACTGGGC,3-M-8,B cell,0,B cell,1.0744103,7.3847876,2923,0.7560359835624695
10X_P4_7_TCCCGATTCCAGATCA,3-M-8,B cell,0,B cell,0.7837504,3.419244,2924,0.4987612962722778
10X_P4_7_TCCCGATTCCATTCTA,3-M-8,B cell,1,Unmatched_1,3.6483738,7.851611,2925,0.5086485147476196
10X_P4_7_TCCCGATTCCTAGGGC,3-M-8,B cell,0,B cell,-1.9476506,5.48504,2926,1.262391448020935
10X_P4_7_TCGAGGCAGCCAGGAT,3-M-8,T cell,2,Unmatched_2,28.074987,0.5659544,2927,1.1055909395217896
10X_P4_7_TCGAGGCAGGAGTTGC,3-M-8,macrophage,4,macrophage,1.9859142,16.703215,2928,1.8346220254898071
10X_P4_7_TCGAGGCAGTCGATAA,3-M-8,B cell,0,B cell,2.259142,5.5660763,2929,1.304118514060974
10X_P4_7_TCGAGGCCACAGCGTC,3-M-8,B cell,7,Unmatched_7,3.7254074,8.59797,2930,0.7118655443191528
10X_P4_7_TCGAGGCCACGGCTAC,3-M-8,B cell,1,Unmatched_1,3.5262163,7.997764,2931,1.0194507837295532
10X_P4_7_TCGAGGCCAGTGGAGT,3-M-8,B cell,0,B cell,0.43912044,4.2160387,2932,0.4689876437187195
10X_P4_7_TCGAGGCCATTAGCCA,3-M-8,B cell,0,B cell,2.442912,2.9550817,2933,0.8468621969223022
10X_P4_7_TCGAGGCGTAAGAGGA,3-M-8,T cell,2,Unmatched_2,28.800917,0.21723233,2934,1.389759182929993
10X_P4_7_TCGAGGCGTCTACCTC,3-M-8,B cell,0,B cell,2.480025,5.294296,2935,1.057386875152588
10X_P4_7_TCGAGGCGTGATGCCC,3-M-8,B cell,0,B cell,2.5326145,5.4657726,2936,0.9540007710456848
10X_P4_7_TCGAGGCGTTGCGCAC,3-M-8,B cell,0,B cell,1.992661,3.3430839,2937,0.6751868724822998
10X_P4_7_TCGAGGCTCTCACATT,3-M-8,B cell,1,Unmatched_1,2.8776417,8.404999,2938,0.5686020255088806
10X_P4_7_TCGCGAGAGATGCCAG,3-M-8,B cell,1,Unmatched_1,3.669739,7.9406667,2939,0.5889906287193298
10X_P4_7_TCGCGAGCAAATTGCC,3-M-8,T cell,2,Unmatched_2,28.466747,0.23500393,2940,1.4031440019607544
10X_P4_7_TCGCGAGGTAGGGACT,3-M-8,B cell,0,B cell,2.4115632,5.0611973,2941,1.098061442375183
10X_P4_7_TCGCGAGGTCTCAACA,3-M-8,B cell,0,B cell,1.5839592,5.8721547,2942,0.8224671483039856
10X_P4_7_TCGCGAGTCAAAGTAG,3-M-8,T cell,2,Unmatched_2,27.596136,1.2332879,2943,1.2186951637268066
10X_P4_7_TCGCGAGTCCGAGCCA,3-M-8,T cell,3,T cell,28.579622,-1.4421257,2944,1.0321193933486938
10X_P4_7_TCGCGAGTCCTGTAGA,3-M-8,T cell,3,T cell,26.319126,-0.5978033,2945,0.8632977604866028
10X_P4_7_TCGCGAGTCTGTCCGT,3-M-8,dendritic cell,8,dendritic cell,3.5541596,17.801876,2946,3.2250189781188965
10X_P4_7_TCGCGTTAGACTTGAA,3-M-8,B cell,0,B cell,2.081617,6.547963,2947,0.8926612138748169
10X_P4_7_TCGCGTTAGAGGTTAT,3-M-8,T cell,2,Unmatched_2,28.757412,0.9940758,2948,0.8452777862548828
10X_P4_7_TCGCGTTGTTAAGATG,3-M-8,T cell,2,Unmatched_2,28.996204,1.1183083,2949,1.1759170293807983
10X_P4_7_TCGCGTTTCACTATTC,3-M-8,B cell,0,B cell,0.6452106,4.339919,2950,0.6566879749298096
10X_P4_7_TCGGGACAGCGCTTAT,3-M-8,B cell,0,B cell,-0.2290111,5.20869,2951,0.8143568634986877
10X_P4_7_TCGGGACAGGCGACAT,3-M-8,B cell,0,B cell,0.60223657,7.405531,2952,0.9207292795181274
10X_P4_7_TCGGGACCAATGGATA,3-M-8,B cell,0,B cell,2.466649,6.715081,2953,0.7975031137466431
10X_P4_7_TCGGGACGTACCGAGA,3-M-8,B cell,0,B cell,0.55673647,5.600674,2954,0.4711504876613617
10X_P4_7_TCGGGACGTCCGCTGA,3-M-8,B cell,1,Unmatched_1,3.080313,8.471877,2955,0.6690115928649902
10X_P4_7_TCGGGACTCGCCAAAT,3-M-8,B cell,0,B cell,-1.6738423,5.201384,2956,1.30885910987854
10X_P4_7_TCGGGACTCGTTGCCT,3-M-8,B cell,0,B cell,-0.8842568,5.6578317,2957,1.3359310626983645
10X_P4_7_TCGGTAAAGATCCGAG,3-M-8,B cell,0,B cell,2.9344668,4.3944054,2958,1.307070016860962
10X_P4_7_TCGGTAAAGCAGGTCA,3-M-8,B cell,0,B cell,0.6000417,6.514843,2959,0.8625465035438538
10X_P4_7_TCGGTAAAGGATCGCA,3-M-8,B cell,0,B cell,1.7440038,2.4947407,2960,1.192432165145874
10X_P4_7_TCGGTAAGTCCCGACA,3-M-8,B cell,0,B cell,0.92959005,6.353182,2961,1.094393968582153
10X_P4_7_TCGGTAAGTCGGCATC,3-M-8,T cell,2,Unmatched_2,26.506996,1.3361839,2962,0.6927289962768555
10X_P4_7_TCGGTAAGTCTCTTAT,3-M-8,B cell,0,B cell,-0.15989202,3.6756835,2963,1.428178787231445
10X_P4_7_TCGGTAAGTCTGCCAG,3-M-8,T cell,2,Unmatched_2,27.59499,0.17037883,2964,0.9854364395141602
10X_P4_7_TCGGTAAGTGAGGCTA,3-M-8,B cell,7,Unmatched_7,3.9911857,13.12095,2965,0.9223234057426452
10X_P4_7_TCGGTAATCATCGCTC,3-M-8,B cell,0,B cell,1.5067601,3.466865,2966,0.588778555393219
10X_P4_7_TCGTACCAGTTTCCTT,3-M-8,T cell,2,Unmatched_2,28.388752,0.34565544,2967,1.180660843849182
10X_P4_7_TCGTACCCACCTCGGA,3-M-8,B cell,0,B cell,1.3372794,4.446678,2968,1.0151946544647217
10X_P4_7_TCGTACCGTAAGGATT,3-M-8,B cell,0,B cell,-0.30112514,3.8172066,2969,0.4451713860034942
10X_P4_7_TCGTACCGTGCAGACA,3-M-8,T cell,3,T cell,25.747807,-0.5058586,2970,1.636325120925903
10X_P4_7_TCGTACCGTGGTTTCA,3-M-8,B cell,0,B cell,2.1436281,2.794404,2971,0.9382855892181396
10X_P4_7_TCGTACCGTTAGATGA,3-M-8,T cell,5,natural killer cell,29.604431,-0.71795577,2972,1.9813694953918457
10X_P4_7_TCGTAGAAGAAACGCC,3-M-8,B cell,0,B cell,0.90044713,4.372584,2973,0.5325748324394226
10X_P4_7_TCGTAGAAGCCAGTAG,3-M-8,B cell,0,B cell,-0.35957018,5.3366437,2974,0.9295299649238586
10X_P4_7_TCGTAGACACGCGAAA,3-M-8,B cell,0,B cell,2.7507439,4.546531,2975,1.0419636964797974
10X_P4_7_TCGTAGACAGCGATCC,3-M-8,B cell,0,B cell,2.0198612,4.716241,2976,1.0484870672225952
10X_P4_7_TCGTAGATCGGATGTT,3-M-8,B cell,0,B cell,1.7495675,1.8972594,2977,0.7750205397605896
10X_P4_7_TCTATTGAGACTGGGT,3-M-8,macrophage,4,macrophage,1.9137273,16.67492,2978,2.133885383605957
10X_P4_7_TCTATTGAGCGGCTTC,3-M-8,B cell,0,B cell,-0.75891894,5.720972,2979,1.1263011693954468
10X_P4_7_TCTATTGCAACTTGAC,3-M-8,B cell,0,B cell,-0.83602846,3.8020346,2980,0.7055248618125916
10X_P4_7_TCTATTGCAAGCCGTC,3-M-8,B cell,0,B cell,0.83740836,2.6527936,2981,1.1958129405975342
10X_P4_7_TCTATTGCAAGTTCTG,3-M-8,T cell,2,Unmatched_2,29.354858,0.69994986,2982,1.3838943243026731
10X_P4_7_TCTATTGGTGCACCAC,3-M-8,B cell,7,Unmatched_7,3.89186,13.232825,2983,0.5670201182365417
10X_P4_7_TCTATTGGTTATGTGC,3-M-8,B cell,0,B cell,0.5282945,7.7502685,2984,1.0029419660568235
10X_P4_7_TCTATTGTCAATCTCT,3-M-8,T cell,2,Unmatched_2,27.20731,1.2982717,2985,0.6083263158798218
10X_P4_7_TCTATTGTCACATAGC,3-M-8,B cell,0,B cell,1.4967037,3.1734087,2986,0.9085671305656432
10X_P4_7_TCTATTGTCGCCAAAT,3-M-8,T cell,2,Unmatched_2,27.836233,1.2530105,2987,0.8245958685874939
10X_P4_7_TCTCATAAGAGTAAGG,3-M-8,B cell,0,B cell,-0.72525847,4.7252226,2988,0.686042070388794
10X_P4_7_TCTCATACACATTTCT,3-M-8,T cell,3,T cell,26.362724,-0.71424264,2989,0.904182195663452
10X_P4_7_TCTCATACATTGCGGC,3-M-8,B cell,0,B cell,-0.12226889,2.6441643,2990,1.3189077377319336
10X_P4_7_TCTCATAGTCTCCCTA,3-M-8,B cell,0,B cell,-1.6764103,5.300021,2991,0.9704625010490416
10X_P4_7_TCTCATAGTTCAGTAC,3-M-8,B cell,0,B cell,2.034504,3.1846201,2992,0.9191299080848694
10X_P4_7_TCTCATATCTTATCTG,3-M-8,B cell,0,B cell,1.9405384,5.0399103,2993,0.6071472764015198
10X_P4_7_TCTCATATCTTCATGT,3-M-8,T cell,2,Unmatched_2,27.134172,1.2142426,2994,0.5714072585105896
10X_P4_7_TCTCTAAAGCCCAGCT,3-M-8,B cell,0,B cell,2.6159556,4.3576317,2995,1.460811734199524
10X_P4_7_TCTCTAACAGTGGGAT,3-M-8,B cell,0,B cell,0.5853591,3.3640907,2996,0.4976585805416107
10X_P4_7_TCTCTAACATGACGGA,3-M-8,B cell,1,Unmatched_1,4.4557743,7.267625,2997,1.20378839969635
10X_P4_7_TCTCTAAGTATAAACG,3-M-8,B cell,0,B cell,1.4332404,4.1231976,2998,0.4073885977268219
10X_P4_7_TCTCTAAGTTCAACCA,3-M-8,B cell,0,B cell,1.8560992,3.3593588,2999,0.504478931427002
10X_P4_7_TCTGAGAAGCCCAATT,3-M-8,B cell,0,B cell,0.9473521,6.413269,3000,1.1326245069503784
10X_P4_7_TCTGAGAAGCTGCCCA,3-M-8,B cell,0,B cell,2.0296388,5.3539505,3001,1.2333412170410156
10X_P4_7_TCTGAGACACCTCGGA,3-M-8,B cell,0,B cell,1.3219199,2.0069556,3002,0.835026204586029
10X_P4_7_TCTGAGACACGGCGTT,3-M-8,macrophage,4,macrophage,4.711149,15.089172,3003,2.6805214881896973
10X_P4_7_TCTGAGAGTCCTCCAT,3-M-8,T cell,2,Unmatched_2,27.721079,1.3469715,3004,0.7306824326515198
10X_P4_7_TCTGAGATCTTTCCTC,3-M-8,B cell,1,Unmatched_1,2.469114,8.363934,3005,0.545711874961853
10X_P4_7_TCTGGAAAGAGTCGGT,3-M-8,B cell,0,B cell,-0.58776265,3.4952168,3006,0.6624049544334412
10X_P4_7_TCTGGAAAGTCATCCA,3-M-8,T cell,2,Unmatched_2,27.475134,1.0571749,3007,0.8487252593040466
10X_P4_7_TCTGGAAAGTTGTCGT,3-M-8,B cell,0,B cell,2.79134,3.0878735,3008,0.5863986611366272
10X_P4_7_TCTGGAACAGACGCCT,3-M-8,B cell,0,B cell,-0.275233,3.4847882,3009,0.5266750454902649
10X_P4_7_TCTGGAACATGGGAAC,3-M-8,B cell,0,B cell,-1.9383688,5.501987,3010,1.1768141984939575
10X_P4_7_TCTGGAAGTCCGTCAG,3-M-8,B cell,1,Unmatched_1,3.112916,8.184371,3011,0.4876708090305328
10X_P4_7_TCTGGAAGTCTCTCGT,3-M-8,B cell,0,B cell,-0.37581384,3.051217,3012,1.304697036743164
10X_P4_7_TCTGGAATCTCCGGTT,3-M-8,B cell,0,B cell,2.3112774,2.7578275,3013,0.4986066520214081
10X_P4_7_TCTGGAATCTCCTATA,3-M-8,T cell,3,T cell,28.716112,-1.4802098,3014,1.47330904006958
10X_P4_7_TCTTCGGAGCGATGAC,3-M-8,T cell,3,T cell,28.684408,-1.3764313,3015,1.4073718786239624
10X_P4_7_TCTTCGGAGTGATCGG,3-M-8,B cell,1,Unmatched_1,4.7630105,7.1435466,3016,1.6632037162780762
10X_P4_7_TCTTCGGCAGTGACAG,3-M-8,B cell,1,Unmatched_1,3.0240207,7.446956,3017,0.5250746011734009
10X_P4_7_TCTTCGGGTAGAGGAA,3-M-8,B cell,0,B cell,0.92975914,7.126305,3018,1.0547513961791992
10X_P4_7_TCTTCGGGTGCATCTA,3-M-8,B cell,0,B cell,-2.0164769,5.3312974,3019,1.4919753074645996
10X_P4_7_TCTTCGGTCTACTATC,3-M-8,B cell,1,Unmatched_1,4.7900043,7.1759434,3020,0.8654419183731079
10X_P4_7_TCTTTCCAGAGACTAT,3-M-8,B cell,0,B cell,2.2264128,3.2810574,3021,0.5774158835411072
10X_P4_7_TCTTTCCAGAGTACAT,3-M-8,natural killer cell,5,natural killer cell,31.025381,-2.3878639,3022,1.5715351104736328
10X_P4_7_TCTTTCCAGGAGTAGA,3-M-8,B cell,0,B cell,1.7560009,2.3218286,3023,0.5949880480766296
10X_P4_7_TCTTTCCCATGCCACG,3-M-8,B cell,6,Unmatched_6,-0.32876602,12.036248,3024,4.098611831665039
10X_P4_7_TCTTTCCGTGGTCTCG,3-M-8,B cell,0,B cell,2.27625,2.3194356,3025,0.9328493475914
10X_P4_7_TCTTTCCGTTACCAGT,3-M-8,B cell,0,B cell,2.3267763,5.6986685,3026,0.9332764148712158
10X_P4_7_TCTTTCCTCCGCATAA,3-M-8,B cell,9,Unmatched_9,6.3439193,-5.56216,3027,5.109276294708252
10X_P4_7_TCTTTCCTCGTACCGG,3-M-8,macrophage,4,macrophage,4.7730446,15.057903,3028,2.1745307445526123
10X_P4_7_TGAAAGAAGATGGCGT,3-M-8,natural killer cell,5,natural killer cell,30.785635,-2.2575283,3029,2.542720079421997
10X_P4_7_TGAAAGAAGGATATAC,3-M-8,B cell,6,Unmatched_6,0.35562542,10.860884,3030,1.5826683044433594
10X_P4_7_TGAAAGAAGTGTTGAA,3-M-8,B cell,0,B cell,2.5743337,5.4460745,3031,1.134352684020996
10X_P4_7_TGAAAGACATGCCTTC,3-M-8,B cell,0,B cell,-0.46964636,4.299602,3032,0.5100321769714355
10X_P4_7_TGAAAGACATTAGGCT,3-M-8,B cell,0,B cell,2.3230898,3.1585321,3033,0.7726233005523682
10X_P4_7_TGAAAGAGTCCGTTAA,3-M-8,T cell,3,T cell,27.032076,-1.0534223,3034,1.043304443359375
10X_P4_7_TGAAAGAGTGCCTTGG,3-M-8,B cell,0,B cell,2.081402,2.3124661,3035,0.7815922498703003
10X_P4_7_TGAAAGAGTGTCCTCT,3-M-8,T cell,3,T cell,25.95419,-0.68598497,3036,0.8446727991104126
10X_P4_7_TGAAAGATCACTTACT,3-M-8,B cell,0,B cell,0.15856299,5.942276,3037,0.881263017654419
10X_P4_7_TGACAACAGTTCGCAT,3-M-8,B cell,0,B cell,-1.9536823,5.2272305,3038,1.5363471508026123
10X_P4_7_TGACAACCACCATGTA,3-M-8,B cell,6,Unmatched_6,0.35731712,10.772886,3039,1.62995445728302
10X_P4_7_TGACAACCAGCTCCGA,3-M-8,T cell,3,T cell,28.424593,-1.2810236,3040,1.0527067184448242
10X_P4_7_TGACAACCATATGAGA,3-M-8,B cell,0,B cell,0.97740954,5.639551,3041,0.6196203827857971
10X_P4_7_TGACAACGTACCGGCT,3-M-8,macrophage,4,macrophage,3.2869995,16.074831,3042,2.8559908866882324
10X_P4_7_TGACAACGTTATGCGT,3-M-8,B cell,0,B cell,1.0744104,2.6494668,3043,0.6981052160263062
10X_P4_7_TGACAACTCATTGCCC,3-M-8,B cell,7,Unmatched_7,3.969599,13.174589,3044,0.7386663556098938
10X_P4_7_TGACGGCAGGCGCTCT,3-M-8,B cell,0,B cell,0.85903287,7.4149303,3045,0.6806304454803467
10X_P4_7_TGACGGCAGGGTCGAT,3-M-8,natural killer cell,5,natural killer cell,30.45449,-1.4703414,3046,3.206796646118164
10X_P4_7_TGACGGCCACTTCGAA,3-M-8,B cell,0,B cell,1.402198,2.6346178,3047,0.8505300879478455
10X_P4_7_TGACGGCGTCTTCAAG,3-M-8,B cell,1,Unmatched_1,2.5210893,8.251909,3048,0.9001767635345459
10X_P4_7_TGACGGCGTGAGTATA,3-M-8,macrophage,4,macrophage,3.6040528,15.772022,3049,1.6392133235931396
10X_P4_7_TGACGGCTCAATCTCT,3-M-8,B cell,1,Unmatched_1,-2.2331972,4.19985,3050,0.8976383209228516
10X_P4_7_TGACGGCTCAGGATCT,3-M-8,B cell,0,B cell,-1.9084347,5.4734235,3051,1.2890056371688845
10X_P4_7_TGACGGCTCCCTTGCA,3-M-8,macrophage,4,macrophage,4.55812,16.249289,3052,3.646089553833008
10X_P4_7_TGACGGCTCGAGAGCA,3-M-8,B cell,0,B cell,2.3067565,4.1073036,3053,0.6014431715011597
10X_P4_7_TGACTAGAGCGTTTAC,3-M-8,B cell,0,B cell,0.29070628,3.7790852,3054,0.4825521409511566
10X_P4_7_TGACTAGCAACGCACC,3-M-8,B cell,0,B cell,0.3631975,4.709583,3055,0.4321476519107818
10X_P4_7_TGACTAGGTCATTAGC,3-M-8,B cell,0,B cell,-0.34822106,4.720411,3056,0.6603990793228149
10X_P4_7_TGACTAGGTCTGCCAG,3-M-8,B cell,0,B cell,2.4138072,5.732943,3057,0.9855780005455016
10X_P4_7_TGACTAGGTCTTTCAT,3-M-8,natural killer cell,5,natural killer cell,31.005539,-2.5082355,3058,1.7657517194747925
10X_P4_7_TGACTAGTCCTCTAGC,3-M-8,B cell,0,B cell,0.03712877,3.026132,3059,0.4936445355415344
10X_P4_7_TGACTAGTCGTATCAG,3-M-8,B cell,0,B cell,2.147161,3.4331074,3060,0.7513819932937622
10X_P4_7_TGACTAGTCTATGTGG,3-M-8,T cell,2,Unmatched_2,26.685959,1.315678,3061,0.8673203587532043
10X_P4_7_TGACTAGTCTTAACCT,3-M-8,dendritic cell,8,dendritic cell,3.5732772,17.84119,3062,4.54536771774292
10X_P4_7_TGACTTTAGCGCTCCA,3-M-8,B cell,0,B cell,1.9584792,4.461304,3063,0.9739357829093932
10X_P4_7_TGACTTTAGGGCACTA,3-M-8,T cell,2,Unmatched_2,29.369553,0.6169267,3064,1.7098779678344729
10X_P4_7_TGACTTTAGGGCTTGA,3-M-8,B cell,1,Unmatched_1,1.7565466,7.2848463,3065,0.9810322523117064
10X_P4_7_TGACTTTAGTTACGGG,3-M-8,natural killer cell,5,natural killer cell,30.868147,-1.8661836,3066,2.6803417205810547
10X_P4_7_TGACTTTCATAGGATA,3-M-8,B cell,0,B cell,0.63175523,5.6845093,3067,0.91365385055542
10X_P4_7_TGACTTTGTGGTCTCG,3-M-8,B cell,0,B cell,-1.0810125,5.613318,3068,1.0214940309524536
10X_P4_7_TGACTTTGTTGGACCC,3-M-8,B cell,0,B cell,-0.3175787,4.669092,3069,0.536527156829834
10X_P4_7_TGACTTTTCAGCGATT,3-M-8,T cell,3,T cell,25.93108,-0.5539156,3070,0.6589772701263428
10X_P4_7_TGACTTTTCTGGAGCC,3-M-8,B cell,0,B cell,1.2498097,4.213563,3071,0.4168975055217743
10X_P4_7_TGAGAGGAGCGTTGCC,3-M-8,B cell,6,Unmatched_6,26.712044,-0.9886728,3072,2.426625490188598
10X_P4_7_TGAGAGGCATAAGACA,3-M-8,B cell,0,B cell,-0.13687457,6.5179543,3073,0.903542459011078
10X_P4_7_TGAGAGGGTCGCTTTC,3-M-8,B cell,0,B cell,0.6646316,4.26416,3074,0.548675000667572
10X_P4_7_TGAGAGGGTGAACCTT,3-M-8,B cell,0,B cell,-2.0115554,5.5042667,3075,1.6205012798309326
10X_P4_7_TGAGAGGTCCCATTAT,3-M-8,B cell,1,Unmatched_1,4.7758617,7.076864,3076,1.1089884042739868
10X_P4_7_TGAGCATAGATGAGAG,3-M-8,B cell,0,B cell,1.7743669,5.682118,3077,1.1599715948104858
10X_P4_7_TGAGCATAGGACATTA,3-M-8,B cell,0,B cell,1.8708864,3.225163,3078,0.832258939743042
10X_P4_7_TGAGCATAGGTGCACA,3-M-8,B cell,0,B cell,-0.6291928,4.841552,3079,0.7874373197555542
10X_P4_7_TGAGCATAGTCGAGTG,3-M-8,T cell,2,Unmatched_2,26.986263,0.8940791,3080,0.832148015499115
10X_P4_7_TGAGCATCACTAAGTC,3-M-8,B cell,0,B cell,2.3604333,3.2168453,3081,0.6744371652603149
10X_P4_7_TGAGCATCACTGTGTA,3-M-8,B cell,1,Unmatched_1,3.5952692,7.6772733,3082,0.5720544457435608
10X_P4_7_TGAGCATCAGACGTAG,3-M-8,B cell,1,Unmatched_1,4.1300497,7.5580635,3083,0.8820482492446899
10X_P4_7_TGAGCATTCCCGGATG,3-M-8,B cell,0,B cell,2.7241828,3.606312,3084,0.5839065909385681
10X_P4_7_TGAGCATTCGTAGATC,3-M-8,B cell,6,Unmatched_6,0.3519924,10.641358,3085,1.6055071353912354
10X_P4_7_TGAGCATTCTGTCTAT,3-M-8,B cell,1,Unmatched_1,2.5522664,7.641806,3086,0.548438310623169
10X_P4_7_TGAGCCGAGACCACGA,3-M-8,B cell,0,B cell,-0.44257644,4.3873544,3087,0.4457008838653564
10X_P4_7_TGAGCCGAGTGCGATG,3-M-8,B cell,0,B cell,1.9515305,7.384534,3088,0.9532570838928224
10X_P4_7_TGAGCCGAGTTTGCGT,3-M-8,T cell,2,Unmatched_2,27.029251,1.0612628,3089,1.28411865234375
10X_P4_7_TGAGCCGCAGCCAGAA,3-M-8,T cell,2,Unmatched_2,29.224585,1.0726175,3090,1.3361910581588743
10X_P4_7_TGAGCCGGTTCCCTTG,3-M-8,B cell,0,B cell,0.6568186,5.152581,3091,1.1777760982513428
10X_P4_7_TGAGGGAAGCAGCCTC,3-M-8,B cell,0,B cell,1.6938446,4.0120764,3092,1.30707049369812
10X_P4_7_TGAGGGAAGCCGTCGT,3-M-8,B cell,0,B cell,2.6176295,2.702849,3093,0.420258104801178
10X_P4_7_TGAGGGACAGGGTTAG,3-M-8,B cell,0,B cell,0.4988805,6.717447,3094,1.1581690311431885
10X_P4_7_TGAGGGAGTCAACATC,3-M-8,B cell,0,B cell,0.6767007,6.3992023,3095,1.0172932147979736
10X_P4_7_TGAGGGAGTGAGGGAG,3-M-8,B cell,0,B cell,-0.5478611,2.9709327,3096,0.9173598289489746
10X_P4_7_TGAGGGATCACCCGAG,3-M-8,B cell,0,B cell,1.3953646,2.6329517,3097,0.5199887752532959
10X_P4_7_TGAGGGATCCGAACGC,3-M-8,natural killer cell,5,natural killer cell,30.83732,-1.8959973,3098,2.138317584991455
10X_P4_7_TGAGGGATCTCGGACG,3-M-8,T cell,3,T cell,26.679956,-0.19287187,3099,1.1714197397232056
10X_P4_7_TGATTTCAGCGTGAGT,3-M-8,B cell,7,Unmatched_7,4.040856,13.2634535,3100,0.8855947256088257
10X_P4_7_TGATTTCAGGCCGAAT,3-M-8,B cell,0,B cell,0.91953427,5.417562,3101,0.5219587087631226
10X_P4_7_TGATTTCAGGGAACGG,3-M-8,macrophage,4,macrophage,4.890315,16.208473,3102,2.7471766471862797
10X_P4_7_TGATTTCGTCATCCCT,3-M-8,B cell,0,B cell,-0.5035762,3.8633249,3103,0.5873090028762817
10X_P4_7_TGATTTCGTCTCTTTA,3-M-8,B cell,0,B cell,1.9086857,4.9199696,3104,0.8034484386444092
10X_P4_7_TGATTTCTCATTGCGA,3-M-8,B cell,0,B cell,0.9417295,5.9475574,3105,1.1039122343063354
10X_P4_7_TGATTTCTCCACTCCA,3-M-8,B cell,0,B cell,1.0596379,5.78839,3106,0.6057767271995544
10X_P4_7_TGCACCTAGAGTACCG,3-M-8,B cell,0,B cell,1.717454,7.0036,3107,1.1985409259796145
10X_P4_7_TGCACCTAGCCCAACC,3-M-8,B cell,1,Unmatched_1,3.2520797,8.490724,3108,0.5067668557167053
10X_P4_7_TGCACCTCACGAAACG,3-M-8,B cell,0,B cell,2.099813,2.6208062,3109,0.6488410234451294
10X_P4_7_TGCACCTCACGAAGCA,3-M-8,B cell,0,B cell,2.7329931,4.311976,3110,0.660813570022583
10X_P4_7_TGCACCTTCAGTTTGG,3-M-8,B cell,0,B cell,0.8452562,5.7618337,3111,0.519582986831665
10X_P4_7_TGCACCTTCTCGCATC,3-M-8,B cell,0,B cell,-0.010031982,6.990158,3112,0.686817467212677
10X_P4_7_TGCCAAAAGCAATATG,3-M-8,B cell,0,B cell,0.4650099,7.6968317,3113,0.8090196847915649
10X_P4_7_TGCCAAAAGCCACTAT,3-M-8,macrophage,4,macrophage,3.6542666,15.777312,3114,1.458319067955017
10X_P4_7_TGCCAAAAGGGCTTGA,3-M-8,B cell,0,B cell,2.2404394,3.2959847,3115,0.6699646711349487
10X_P4_7_TGCCAAACACGTTGGC,3-M-8,B cell,0,B cell,0.31391615,2.8559458,3116,0.6617032885551453
10X_P4_7_TGCCAAACAGTATCTG,3-M-8,B cell,0,B cell,0.26878408,2.8783467,3117,0.6927436590194702
10X_P4_7_TGCCAAAGTCCTAGCG,3-M-8,B cell,1,Unmatched_1,-2.6704817,4.033779,3118,0.7764618992805481
10X_P4_7_TGCCAAATCAGCTTAG,3-M-8,B cell,0,B cell,1.5365276,2.8604934,3119,1.3530564308166504
10X_P4_7_TGCCAAATCGCATGAT,3-M-8,B cell,0,B cell,2.510956,2.4811254,3120,0.5101138353347778
10X_P4_7_TGCCAAATCTAGCACA,3-M-8,B cell,0,B cell,1.1552416,5.428923,3121,0.5351300835609436
10X_P4_7_TGCCCATAGGGTGTTG,3-M-8,dendritic cell,8,dendritic cell,3.5455503,17.793756,3122,3.534819364547729
10X_P4_7_TGCCCATCAGCCAGAA,3-M-8,B cell,0,B cell,-1.0325369,4.1857204,3123,0.6362026929855347
10X_P4_7_TGCCCATCAGCGATCC,3-M-8,B cell,0,B cell,4.307911,14.655985,3124,1.0110889673233032
10X_P4_7_TGCCCATCATAGTAAG,3-M-8,B cell,0,B cell,2.0671127,2.1001105,3125,0.6409743428230286
10X_P4_7_TGCCCATGTTTGTTGG,3-M-8,B cell,0,B cell,2.567173,3.0894868,3126,0.604741632938385
10X_P4_7_TGCCCATTCAAGGTAA,3-M-8,B cell,1,Unmatched_1,2.8453293,7.5000267,3127,0.446489155292511
10X_P4_7_TGCCCATTCAGATAAG,3-M-8,B cell,0,B cell,0.7259013,7.6307993,3128,0.9902676343917848
10X_P4_7_TGCCCATTCAGTCCCT,3-M-8,B cell,6,Unmatched_6,-0.22507457,11.904034,3129,4.844853401184082
10X_P4_7_TGCCCTACACAGAGGT,3-M-8,B cell,1,Unmatched_1,2.946413,8.065885,3130,0.5456339120864868
10X_P4_7_TGCCCTACAGGATCGA,3-M-8,macrophage,4,macrophage,2.2046852,16.595186,3131,2.330097198486328
10X_P4_7_TGCCCTAGTGGTACAG,3-M-8,B cell,0,B cell,2.0372949,3.571849,3132,0.6437302231788635
10X_P4_7_TGCCCTAGTTCGGCAC,3-M-8,B cell,0,B cell,2.3362226,3.4490392,3133,1.0057588815689087
10X_P4_7_TGCGCAGAGGTTACCT,3-M-8,B cell,0,B cell,0.24718529,3.616236,3134,0.6233280897140503
10X_P4_7_TGCGCAGCAATCGGTT,3-M-8,B cell,0,B cell,3.5915792,6.1988854,3135,0.5667769312858582
10X_P4_7_TGCGCAGCAATTCCTT,3-M-8,macrophage,4,macrophage,5.287282,16.174707,3136,2.2923953533172607
10X_P4_7_TGCGCAGCACCTGGTG,3-M-8,B cell,0,B cell,1.4113446,2.235919,3137,1.134482979774475
10X_P4_7_TGCGCAGCATCTACGA,3-M-8,T cell,2,Unmatched_2,29.479933,0.8114511,3138,1.4712125062942505
10X_P4_7_TGCGCAGCATCTCCCA,3-M-8,B cell,0,B cell,2.0546613,4.311125,3139,0.974786341190338
10X_P4_7_TGCGCAGGTCCCTACT,3-M-8,T cell,3,T cell,25.9947,-0.6051467,3140,0.6148821115493774
10X_P4_7_TGCGCAGGTGAAAGAG,3-M-8,B cell,0,B cell,-0.86921084,5.726779,3141,1.171980619430542
10X_P4_7_TGCGCAGGTGACAAAT,3-M-8,B cell,0,B cell,1.914039,4.5219107,3142,0.8076297044754028
10X_P4_7_TGCGCAGTCGTGACAT,3-M-8,B cell,0,B cell,-1.6833274,3.959397,3143,1.237419843673706
10X_P4_7_TGCGGGTAGAAACGAG,3-M-8,B cell,1,Unmatched_1,2.189877,7.3637543,3144,1.0867496728897097
10X_P4_7_TGCGGGTAGACAAAGG,3-M-8,macrophage,4,macrophage,3.267144,16.118765,3145,1.941710948944092
10X_P4_7_TGCGGGTAGGACAGCT,3-M-8,T cell,3,T cell,26.213968,-1.257965,3146,0.6121309399604797
10X_P4_7_TGCGGGTAGTGCCATT,3-M-8,B cell,0,B cell,1.360684,3.1044133,3147,0.9656797647476196
10X_P4_7_TGCGGGTGTAGAAGGA,3-M-8,B cell,0,B cell,1.2979081,2.9463694,3148,0.8683488965034485
10X_P4_7_TGCGGGTGTGACGGTA,3-M-8,B cell,1,Unmatched_1,3.927581,7.7183433,3149,0.7806485891342163
10X_P4_7_TGCGGGTGTTACGTCA,3-M-8,B cell,0,B cell,1.0767708,5.8833647,3150,0.8360154032707214
10X_P4_7_TGCGGGTTCACATGCA,3-M-8,T cell,2,Unmatched_2,27.8525,0.89669377,3151,0.9767922163009644
10X_P4_7_TGCGGGTTCTTTACGT,3-M-8,B cell,9,Unmatched_9,6.3447,-5.5641665,3152,5.109276294708252
10X_P4_7_TGCGTGGAGCTAACTC,3-M-8,B cell,0,B cell,-1.7159581,5.368515,3153,1.0026638507843018
10X_P4_7_TGCGTGGAGGATCGCA,3-M-8,B cell,6,Unmatched_6,0.29618767,11.327208,3154,1.5988898277282717
10X_P4_7_TGCGTGGCACCGCTAG,3-M-8,B cell,0,B cell,2.72812,4.1523914,3155,0.7614189386367798
10X_P4_7_TGCGTGGCAGCCTATA,3-M-8,B cell,0,B cell,0.39742884,7.6052265,3156,0.9131710529327391
10X_P4_7_TGCGTGGGTGACAAAT,3-M-8,B cell,0,B cell,0.6958912,4.0378895,3157,0.5315179228782654
10X_P4_7_TGCGTGGGTGCAGACA,3-M-8,B cell,0,B cell,-1.9809625,5.5433435,3158,1.1585187911987305
10X_P4_7_TGCGTGGGTTGTCGCG,3-M-8,B cell,0,B cell,-0.11095408,6.130524,3159,0.9314737319946288
10X_P4_7_TGCTACCAGGTGCTAG,3-M-8,B cell,0,B cell,0.81122917,4.21323,3160,0.5425546765327454
10X_P4_7_TGCTACCAGGTGCTTT,3-M-8,B cell,0,B cell,1.2895627,6.8052135,3161,0.7490578889846802
10X_P4_7_TGCTACCGTCCTCCAT,3-M-8,B cell,0,B cell,-1.7059969,5.3606653,3162,1.3134973049163818
10X_P4_7_TGCTACCTCCGCTGTT,3-M-8,B cell,6,Unmatched_6,0.23664688,11.345893,3163,1.7014495134353638
10X_P4_7_TGCTACCTCTCGCTTG,3-M-8,B cell,0,B cell,0.7565908,6.1935086,3164,0.90824294090271
10X_P4_7_TGCTGCTAGCAGGTCA,3-M-8,T cell,3,T cell,25.790743,-0.99710006,3165,0.7740308046340942
10X_P4_7_TGCTGCTAGTATCTCG,3-M-8,B cell,6,Unmatched_6,0.23605476,11.32015,3166,1.9422581195831297
10X_P4_7_TGCTGCTAGTCTCAAC,3-M-8,B cell,0,B cell,2.16543,2.675355,3167,0.5031499862670898
10X_P4_7_TGCTGCTCACGAAACG,3-M-8,B cell,0,B cell,2.50303,4.545681,3168,1.1656874418258667
10X_P4_7_TGCTGCTTCACCAGGC,3-M-8,B cell,0,B cell,2.1310697,2.2898724,3169,0.5852096676826477
10X_P4_7_TGCTGCTTCCAGATCA,3-M-8,B cell,0,B cell,-0.90650266,5.8571687,3170,1.2296687364578247
10X_P4_7_TGCTGCTTCGACAGCC,3-M-8,B cell,0,B cell,1.9496826,6.679024,3171,0.9763630628585817
10X_P4_7_TGGACGCAGTTAGCGG,3-M-8,T cell,3,T cell,26.276,-1.1495742,3172,0.6612294316291809
10X_P4_7_TGGACGCCACGAGGTA,3-M-8,B cell,0,B cell,0.82532984,4.677353,3173,0.519556999206543
10X_P4_7_TGGACGCGTCCAAGTT,3-M-8,B cell,0,B cell,1.8867818,4.1636105,3174,0.4949296712875366
10X_P4_7_TGGACGCTCACATACG,3-M-8,B cell,0,B cell,2.173818,5.169629,3175,0.673500657081604
10X_P4_7_TGGACGCTCAGAGACG,3-M-8,B cell,0,B cell,1.1177084,3.9356894,3176,0.6837505102157593
10X_P4_7_TGGACGCTCCCTCAGT,3-M-8,B cell,0,B cell,0.10039417,3.9707172,3177,0.7078232765197754
10X_P4_7_TGGCCAGAGACAGGCT,3-M-8,B cell,0,B cell,2.3242643,2.4287817,3178,0.6186426281929016
10X_P4_7_TGGCCAGAGATCGGGT,3-M-8,B cell,0,B cell,0.4771772,7.7931123,3179,0.9022667407989502
10X_P4_7_TGGCCAGCAGTGGAGT,3-M-8,B cell,0,B cell,2.5474882,3.804055,3180,0.9245015978813172
10X_P4_7_TGGCCAGCAGTGGGAT,3-M-8,T cell,3,T cell,26.057673,-1.2179893,3181,1.141234040260315
10X_P4_7_TGGCCAGGTCAATGTC,3-M-8,T cell,3,T cell,27.866087,-1.2091625,3182,1.1300026178359983
10X_P4_7_TGGCCAGTCTCATTCA,3-M-8,T cell,3,T cell,27.91827,-1.2955338,3183,0.8666697144508362
10X_P4_7_TGGCCAGTCTGACCTC,3-M-8,B cell,0,B cell,2.0090911,6.368088,3184,1.0483160018920898
10X_P4_7_TGGCGCAAGAGCTGGT,3-M-8,T cell,2,Unmatched_2,28.187288,0.4816425,3185,1.5447003841400146
10X_P4_7_TGGCGCAAGCCGCCTA,3-M-8,B cell,0,B cell,-0.23964527,5.698441,3186,0.6482464671134949
10X_P4_7_TGGCGCAAGCTACCTA,3-M-8,B cell,0,B cell,1.3209599,1.9662803,3187,0.7081553936004639
10X_P4_7_TGGCGCACAATGTTGC,3-M-8,B cell,0,B cell,1.9753897,4.500741,3188,0.9897313117980956
10X_P4_7_TGGCGCATCAACACAC,3-M-8,B cell,1,Unmatched_1,2.9186418,8.544376,3189,0.5673856735229492
10X_P4_7_TGGCGCATCCTAGTGA,3-M-8,B cell,1,Unmatched_1,3.67312,7.648285,3190,0.8053927421569824
10X_P4_7_TGGCGCATCTTGTATC,3-M-8,B cell,0,B cell,1.7666862,5.260452,3191,0.781460702419281
10X_P4_7_TGGCTGGCACAAGACG,3-M-8,T cell,3,T cell,26.759424,-1.1374596,3192,0.7806650400161743
10X_P4_7_TGGCTGGCATCCTTGC,3-M-8,B cell,0,B cell,2.3984165,6.8568807,3193,0.6530901789665222
10X_P4_7_TGGCTGGCATTTGCCC,3-M-8,T cell,2,Unmatched_2,26.875515,0.6038576,3194,0.8831900358200073
10X_P4_7_TGGCTGGGTCGCTTCT,3-M-8,B cell,9,Unmatched_9,6.344396,-5.563837,3195,5.109276294708252
10X_P4_7_TGGCTGGTCCCTAACC,3-M-8,B cell,0,B cell,0.68029004,5.618316,3196,0.6237159967422485
10X_P4_7_TGGCTGGTCTTACCTA,3-M-8,B cell,0,B cell,-0.009215432,4.359998,3197,0.5306971073150635
10X_P4_7_TGGGAAGAGAACAACT,3-M-8,B cell,0,B cell,1.6854689,3.9079678,3198,0.6176130175590515
10X_P4_7_TGGGAAGAGGCCATAG,3-M-8,B cell,1,Unmatched_1,3.2083251,8.507211,3199,0.6226677298545837
10X_P4_7_TGGGAAGCAAGCCGTC,3-M-8,B cell,0,B cell,2.196317,2.6180437,3200,0.5680161714553833
10X_P4_7_TGGGAAGCACGGCTAC,3-M-8,B cell,1,Unmatched_1,4.2371297,7.0684104,3201,1.0466209650039673
10X_P4_7_TGGGAAGGTTCCCTTG,3-M-8,macrophage,4,macrophage,1.9127947,16.689295,3202,1.8573273420333865
10X_P4_7_TGGGAAGTCCTTCAAT,3-M-8,B cell,7,Unmatched_7,3.9110684,13.138192,3203,0.8571247458457947
10X_P4_7_TGGGAAGTCGCACTCT,3-M-8,T cell,2,Unmatched_2,29.114285,1.076637,3204,1.2772830724716189
10X_P4_7_TGGGCGTAGGTGCTAG,3-M-8,T cell,2,Unmatched_2,27.659464,0.35688573,3205,1.0103082656860352
10X_P4_7_TGGGCGTAGTGTGGCA,3-M-8,B cell,0,B cell,2.2509549,5.831219,3206,1.120583415031433
10X_P4_7_TGGGCGTCACCTCGGA,3-M-8,B cell,0,B cell,0.10903712,7.471413,3207,1.3041095733642578
10X_P4_7_TGGGCGTCAGATCTGT,3-M-8,B cell,0,B cell,0.57986563,4.3451176,3208,0.39969003200531
10X_P4_7_TGGGCGTGTCTGATCA,3-M-8,macrophage,4,macrophage,5.172103,16.105762,3209,2.6979198455810547
10X_P4_7_TGGGCGTTCACATACG,3-M-8,B cell,0,B cell,1.4608804,3.7913663,3210,0.5621376633644104
10X_P4_7_TGGGCGTTCAGCCTAA,3-M-8,dendritic cell,8,dendritic cell,3.5002587,17.718159,3211,3.885163307189941
10X_P4_7_TGGGCGTTCTACTTAC,3-M-8,B cell,0,B cell,0.673443,4.570525,3212,0.4364533126354217
10X_P4_7_TGGTTAGCACATTTCT,3-M-8,B cell,0,B cell,1.5081823,4.5464168,3213,0.5925208926200867
10X_P4_7_TGGTTAGGTAGAGTGC,3-M-8,B cell,0,B cell,-0.73965204,4.750913,3214,0.5787571668624878
10X_P4_7_TGGTTAGGTAGGGACT,3-M-8,macrophage,4,macrophage,3.3018234,16.14873,3215,2.8559908866882324
10X_P4_7_TGGTTAGGTCTCACCT,3-M-8,B cell,0,B cell,-1.9667926,5.4692764,3216,1.3445440530776978
10X_P4_7_TGGTTAGTCCTCTAGC,3-M-8,B cell,0,B cell,2.0784423,2.7356071,3217,0.5070061087608337
10X_P4_7_TGGTTAGTCGTGGGAA,3-M-8,B cell,0,B cell,0.42510492,3.360304,3218,0.6335965991020203
10X_P4_7_TGGTTCCAGAGCAATT,3-M-8,B cell,0,B cell,0.8555938,3.359833,3219,0.903285801410675
10X_P4_7_TGGTTCCAGTGTCTCA,3-M-8,B cell,0,B cell,-1.4952682,5.162027,3220,0.9667078256607056
10X_P4_7_TGGTTCCCAACTTGAC,3-M-8,B cell,0,B cell,1.0734618,3.4802043,3221,0.7493300437927246
10X_P4_7_TGGTTCCCAAGTCTGT,3-M-8,B cell,0,B cell,-1.4093224,4.810359,3222,1.0318454504013062
10X_P4_7_TGGTTCCCAATGCCAT,3-M-8,B cell,0,B cell,0.5226303,4.9696026,3223,0.4251116514205932
10X_P4_7_TGGTTCCCACTCGACG,3-M-8,B cell,0,B cell,-1.8872807,5.6064906,3224,1.446738600730896
10X_P4_7_TGGTTCCGTCCTCTTG,3-M-8,B cell,0,B cell,1.0326104,5.3161993,3225,0.8165128827095032
10X_P4_7_TGGTTCCGTCTTGCGG,3-M-8,B cell,0,B cell,1.698168,1.905251,3226,1.0930137634277344
10X_P4_7_TGGTTCCTCTCGTATT,3-M-8,B cell,1,Unmatched_1,-2.6368263,4.2628684,3227,0.5142784118652344
10X_P4_7_TGGTTCCTCTTTCCTC,3-M-8,B cell,0,B cell,-0.26122344,3.260235,3228,1.1297880411148071
10X_P4_7_TGTATTCAGCCCTAAT,3-M-8,T cell,5,natural killer cell,30.195084,-0.5245188,3229,1.7315257787704468
10X_P4_7_TGTATTCAGTAGCCGA,3-M-8,B cell,0,B cell,-0.88034034,5.8862987,3230,1.5421935319900513
10X_P4_7_TGTATTCAGTTTCCTT,3-M-8,B cell,0,B cell,0.65836746,2.8643374,3231,0.5838269591331482
10X_P4_7_TGTATTCCACGGTAGA,3-M-8,natural killer cell,5,natural killer cell,30.930313,-1.9206343,3232,1.9253093004226685
10X_P4_7_TGTATTCCATCACGTA,3-M-8,B cell,0,B cell,1.7995942,6.3820605,3233,0.9823287725448608
10X_P4_7_TGTATTCGTGCACTTA,3-M-8,B cell,0,B cell,1.3616439,4.4213123,3234,0.9782407879829408
10X_P4_7_TGTATTCGTTAAGATG,3-M-8,B cell,0,B cell,0.10647566,5.6073656,3235,0.9601982831954956
10X_P4_7_TGTATTCTCACTTACT,3-M-8,B cell,0,B cell,1.8933265,3.7629445,3236,0.5492427945137024
10X_P4_7_TGTATTCTCTGCAGTA,3-M-8,B cell,0,B cell,1.7093798,3.8338594,3237,0.5214595794677734
10X_P4_7_TGTCCCAAGAGATGAG,3-M-8,B cell,0,B cell,0.49028426,3.8258145,3238,0.43679940700531
10X_P4_7_TGTCCCACACAAGCCC,3-M-8,B cell,0,B cell,2.2230299,2.8222063,3239,0.8718995451927185
10X_P4_7_TGTCCCACAGGCTCAC,3-M-8,B cell,0,B cell,1.4968542,2.1268997,3240,0.6883871555328369
10X_P4_7_TGTCCCACATTAACCG,3-M-8,B cell,0,B cell,2.0657845,2.9671965,3241,0.4799525141716003
10X_P4_7_TGTCCCATCCTCATTA,3-M-8,B cell,0,B cell,-0.3974769,4.3742447,3242,0.9205613136291504
10X_P4_7_TGTCCCATCGCAAACT,3-M-8,B cell,0,B cell,0.4717774,3.158675,3243,0.6767826676368713
10X_P4_7_TGTGGTAAGAAACGAG,3-M-8,B cell,0,B cell,2.292096,4.065056,3244,1.447458028793335
10X_P4_7_TGTGGTAAGAATCTCC,3-M-8,B cell,0,B cell,-0.16984935,5.0077424,3245,0.488051176071167
10X_P4_7_TGTGGTAAGATCCGAG,3-M-8,B cell,0,B cell,0.8470479,3.9598813,3246,0.5333844423294067
10X_P4_7_TGTGGTACACCTCGGA,3-M-8,macrophage,4,macrophage,1.9452964,16.658491,3247,2.1994879245758057
10X_P4_7_TGTGGTAGTAAGTGTA,3-M-8,T cell,3,T cell,28.57365,-1.4563757,3248,1.064700722694397
10X_P4_7_TGTGGTATCGTACCGG,3-M-8,B cell,0,B cell,1.5136664,5.777523,3249,0.6082335114479065
10X_P4_7_TGTGGTATCTCAAGTG,3-M-8,B cell,0,B cell,1.9935892,4.396714,3250,0.6943544745445251
10X_P4_7_TGTGTTTAGACTCGGA,3-M-8,macrophage,4,macrophage,4.5077076,16.243135,3251,3.646089553833008
10X_P4_7_TGTGTTTCACAGTCGC,3-M-8,B cell,0,B cell,1.1265026,7.2461166,3252,0.8387081623077393
10X_P4_7_TGTGTTTGTCTAGAGG,3-M-8,T cell,3,T cell,27.6401,-0.704274,3253,1.39865243434906
10X_P4_7_TGTGTTTGTTATCGGT,3-M-8,T cell,2,Unmatched_2,27.587769,1.3837234,3254,0.7662273645401001
10X_P4_7_TGTGTTTGTTCCACGG,3-M-8,B cell,1,Unmatched_1,3.2119992,8.233361,3255,0.8608623743057251
10X_P4_7_TGTGTTTTCAGGTAAA,3-M-8,B cell,6,Unmatched_6,0.34704137,10.555269,3256,0.9457539319992064
10X_P4_7_TGTTCCGCAATCTACG,3-M-8,natural killer cell,5,natural killer cell,30.9268,-1.8892735,3257,1.865394592285156
10X_P4_7_TGTTCCGCATATACGC,3-M-8,B cell,0,B cell,1.5353446,2.3336325,3258,1.063689947128296
10X_P4_7_TGTTCCGCATTGTGCA,3-M-8,B cell,0,B cell,0.7677258,3.9464698,3259,0.5190371870994568
10X_P4_7_TGTTCCGGTGGTCCGT,3-M-8,B cell,0,B cell,0.20228326,4.8639693,3260,0.4716449081897735
10X_P4_7_TTAACTCAGCGTAGTG,3-M-8,B cell,7,Unmatched_7,4.020028,13.01147,3261,0.7496755123138428
10X_P4_7_TTAACTCAGTGGACGT,3-M-8,B cell,1,Unmatched_1,1.790393,7.866363,3262,0.9846774339675904
10X_P4_7_TTAACTCCATCCTAGA,3-M-8,B cell,0,B cell,1.5559946,2.6557276,3263,0.8778613209724426
10X_P4_7_TTAACTCGTCTAAACC,3-M-8,B cell,0,B cell,-1.8255477,5.374456,3264,1.2761095762252808
10X_P4_7_TTAGGACAGCCTCGTG,3-M-8,B cell,0,B cell,2.548366,5.5545936,3265,1.2867748737335205
10X_P4_7_TTAGGACCACGGTAAG,3-M-8,B cell,0,B cell,0.42306447,4.9641776,3266,0.4742924869060516
10X_P4_7_TTAGGACCATGAAGTA,3-M-8,B cell,0,B cell,2.292526,7.1130695,3267,0.986365795135498
10X_P4_7_TTAGGACTCGTTACGA,3-M-8,B cell,0,B cell,1.7327367,3.4372964,3268,0.7933478951454163
10X_P4_7_TTAGGCAAGACAGGCT,3-M-8,T cell,2,Unmatched_2,26.735031,1.3747874,3269,0.9370574951171876
10X_P4_7_TTAGGCAGTCACCTAA,3-M-8,B cell,0,B cell,0.11797762,6.9233093,3270,1.0002093315124512
10X_P4_7_TTAGGCAGTCGCTTCT,3-M-8,T cell,2,Unmatched_2,28.974894,0.3672463,3271,1.1418612003326416
10X_P4_7_TTAGGCAGTGAGTGAC,3-M-8,B cell,0,B cell,2.0310571,7.2354746,3272,0.6859001517295837
10X_P4_7_TTAGGCAGTTTGGCGC,3-M-8,B cell,0,B cell,1.9949493,4.1993537,3273,0.7543075084686279
10X_P4_7_TTAGGCATCATCACCC,3-M-8,B cell,2,Unmatched_2,25.216303,2.1075761,3274,1.6857056617736816
10X_P4_7_TTAGTTCCAGCTATTG,3-M-8,B cell,0,B cell,0.040676426,3.9124563,3275,0.473455011844635
10X_P4_7_TTAGTTCTCGCAAACT,3-M-8,T cell,3,T cell,25.96496,-0.42239663,3276,0.6357765197753906
10X_P4_7_TTATGCTAGTACCGGA,3-M-8,T cell,3,T cell,25.676891,-0.89213383,3277,0.6453453302383423
10X_P4_7_TTATGCTAGTGTCCAT,3-M-8,natural killer cell,5,natural killer cell,31.047935,-2.5088997,3278,2.195178270339966
10X_P4_7_TTATGCTCAGCCTGTG,3-M-8,B cell,0,B cell,0.82825094,2.355214,3279,0.6819819211959839
10X_P4_7_TTATGCTGTACATCCA,3-M-8,B cell,0,B cell,2.5961182,4.4928737,3280,0.9212799668312072
10X_P4_7_TTATGCTGTTTAAGCC,3-M-8,B cell,0,B cell,0.1658881,6.593094,3281,1.3225897550582886
10X_P4_7_TTATGCTGTTTGGCGC,3-M-8,B cell,0,B cell,0.8201688,4.6966524,3282,0.440460056066513
10X_P4_7_TTATGCTTCACGATGT,3-M-8,B cell,0,B cell,2.3109722,2.9141607,3283,0.9684106707572936
10X_P4_7_TTATGCTTCAGGATCT,3-M-8,B cell,0,B cell,2.5197084,3.3084583,3284,0.5243874192237854
10X_P4_7_TTATGCTTCCTTGGTC,3-M-8,B cell,0,B cell,1.4025809,5.702095,3285,1.0331907272338867
10X_P4_7_TTATGCTTCGTTGCCT,3-M-8,B cell,0,B cell,-0.7147946,5.7401857,3286,1.6375792026519775
10X_P4_7_TTATGCTTCTATCCCG,3-M-8,T cell,3,T cell,25.927065,-1.2612389,3287,0.7103680968284607
10X_P4_7_TTCCCAGCAGCTGGCT,3-M-8,macrophage,4,macrophage,4.40861,16.193537,3288,3.646089553833008
10X_P4_7_TTCCCAGTCGTTGCCT,3-M-8,dendritic cell,8,dendritic cell,3.5428174,17.780981,3289,3.0094597339630127
10X_P4_7_TTCGAAGAGGGATACC,3-M-8,B cell,0,B cell,1.215013,4.66058,3290,0.8790189027786255
10X_P4_7_TTCGAAGAGTACGTTC,3-M-8,T cell,3,T cell,26.374714,-1.2039723,3291,0.9066429138183594
10X_P4_7_TTCGAAGCACAGATTC,3-M-8,T cell,3,T cell,26.287315,-0.87518233,3292,0.5473641753196716
10X_P4_7_TTCGAAGCAGTATGCT,3-M-8,T cell,2,Unmatched_2,27.270882,1.1044581,3293,0.6574500799179077
10X_P4_7_TTCGAAGGTAGCGCAA,3-M-8,B cell,0,B cell,1.8328991,2.9379728,3294,0.5101982951164246
10X_P4_7_TTCGAAGGTCGCGAAA,3-M-8,T cell,2,Unmatched_2,29.650648,0.8950952,3295,1.7696692943572998
10X_P4_7_TTCGAAGGTCTCGTTC,3-M-8,B cell,0,B cell,-1.6781868,5.3471866,3296,1.2075880765914917
10X_P4_7_TTCGAAGTCTGGAGCC,3-M-8,T cell,3,T cell,27.03743,-0.46980223,3297,0.760435938835144
10X_P4_7_TTCGAAGTCTTACCGC,3-M-8,B cell,1,Unmatched_1,3.0238097,8.2117815,3298,0.8831735849380493
10X_P4_7_TTCGGTCCATGAACCT,3-M-8,T cell,5,natural killer cell,30.029198,-0.7106806,3299,2.2405333518981934
10X_P4_7_TTCGGTCGTGATAAGT,3-M-8,B cell,1,Unmatched_1,2.8221772,8.168409,3300,0.554761528968811
10X_P4_7_TTCGGTCTCCTCGCAT,3-M-8,T cell,2,Unmatched_2,26.874722,0.87895995,3301,0.7664785385131836
10X_P4_7_TTCGGTCTCGGTGTCG,3-M-8,B cell,0,B cell,1.3106935,4.835635,3302,1.027175784111023
10X_P4_7_TTCGGTCTCTGAGGGA,3-M-8,B cell,0,B cell,0.33499607,2.6645617,3303,0.9268306493759156
10X_P4_7_TTCTACAAGGTGTGGT,3-M-8,B cell,1,Unmatched_1,3.3821669,8.227785,3304,0.7440521121025085
10X_P4_7_TTCTACACAAGGCTCC,3-M-8,T cell,3,T cell,25.943115,-0.12451525,3305,1.2620649337768557
10X_P4_7_TTCTACAGTGACTACT,3-M-8,B cell,0,B cell,2.575816,3.6158018,3306,0.7154163718223572
10X_P4_7_TTCTACAGTTGAACTC,3-M-8,B cell,0,B cell,2.480408,3.7339187,3307,0.6206965446472168
10X_P4_7_TTCTACATCTATGTGG,3-M-8,B cell,0,B cell,-0.10901582,4.9345574,3308,0.4631485044956207
10X_P4_7_TTCTACATCTGCAGTA,3-M-8,B cell,1,Unmatched_1,3.4243426,8.66565,3309,0.6993735432624817
10X_P4_7_TTCTCAAAGTCCATAC,3-M-8,B cell,0,B cell,1.6334107,7.6009436,3310,0.7470678687095642
10X_P4_7_TTCTCAACAGGTGCCT,3-M-8,B cell,0,B cell,0.29232508,5.6835127,3311,0.8678680658340454
10X_P4_7_TTCTCAACAGTAGAGC,3-M-8,B cell,0,B cell,0.5733451,3.9391859,3312,0.5701962113380432
10X_P4_7_TTCTCAAGTAGTAGTA,3-M-8,B cell,6,Unmatched_6,0.34456614,10.877662,3313,1.440518140792847
10X_P4_7_TTCTCAAGTATCTGCA,3-M-8,B cell,1,Unmatched_1,3.160671,8.072092,3314,0.5174161195755005
10X_P4_7_TTCTCAAGTCATGCCG,3-M-8,B cell,1,Unmatched_1,4.4966645,7.2553587,3315,0.7236843109130859
10X_P4_7_TTCTCAAGTCGGCTCA,3-M-8,B cell,0,B cell,0.28199044,4.361774,3316,0.4883727431297302
10X_P4_7_TTCTCAAGTCTCGTTC,3-M-8,macrophage,4,macrophage,5.061033,16.20574,3317,2.854891061782837
10X_P4_7_TTCTCAAGTGTGGCTC,3-M-8,macrophage,4,macrophage,2.378777,16.506462,3318,2.3801076412200928
10X_P4_7_TTCTCAATCAAAGTAG,3-M-8,B cell,0,B cell,0.79740644,4.6223626,3319,0.4867032170295715
10X_P4_7_TTCTCAATCTCTAGGA,3-M-8,B cell,0,B cell,1.239575,5.647038,3320,0.7229109406471252
10X_P4_7_TTCTCAATCTGTACGA,3-M-8,B cell,0,B cell,-1.8819857,5.2564244,3321,1.1546785831451416
10X_P4_7_TTCTCCTAGAACTCGG,3-M-8,B cell,7,Unmatched_7,3.9632435,13.2238865,3322,1.21574866771698
10X_P4_7_TTCTCCTAGAGTTGGC,3-M-8,B cell,0,B cell,1.707242,4.7463737,3323,0.8321313261985779
10X_P4_7_TTCTCCTAGATGCGAC,3-M-8,B cell,0,B cell,2.3792405,4.5053277,3324,0.6832989454269409
10X_P4_7_TTCTCCTCAATCTGCA,3-M-8,B cell,0,B cell,1.9536331,5.77924,3325,1.0094966888427734
10X_P4_7_TTCTCCTCACAGACAG,3-M-8,B cell,0,B cell,1.4674869,3.2570107,3326,0.5995257496833801
10X_P4_7_TTCTCCTGTCTCCATC,3-M-8,B cell,0,B cell,1.6731262,2.3881075,3327,0.7032248377799988
10X_P4_7_TTCTCCTGTCTTCAAG,3-M-8,B cell,1,Unmatched_1,4.339711,7.3594975,3328,1.0020320415496826
10X_P4_7_TTCTCCTTCAGTTAGC,3-M-8,B cell,0,B cell,0.39499763,7.512906,3329,1.0005974769592283
10X_P4_7_TTCTCCTTCCATGAGT,3-M-8,B cell,0,B cell,1.753657,6.115103,3330,0.7550324201583862
10X_P4_7_TTCTCCTTCGACCAGC,3-M-8,B cell,1,Unmatched_1,2.7150598,7.6658683,3331,1.036719560623169
10X_P4_7_TTCTCCTTCTAGAGTC,3-M-8,B cell,0,B cell,1.6695167,2.5478504,3332,0.6689842343330383
10X_P4_7_TTCTCCTTCTGCAGTA,3-M-8,B cell,0,B cell,-0.055415314,6.917487,3333,1.036959171295166
10X_P4_7_TTCTTAGAGATGTGGC,3-M-8,B cell,0,B cell,2.312591,3.7167819,3334,0.8420995473861694
10X_P4_7_TTCTTAGAGCGATCCC,3-M-8,B cell,0,B cell,1.4592441,5.582928,3335,0.857858419418335
10X_P4_7_TTCTTAGAGGGCTTCC,3-M-8,natural killer cell,5,natural killer cell,30.913439,-1.8662295,3336,1.9794142246246336
10X_P4_7_TTCTTAGGTACACCGC,3-M-8,T cell,3,T cell,27.864368,-1.2674819,3337,1.0713324546813965
10X_P4_7_TTCTTAGGTCTGATCA,3-M-8,B cell,0,B cell,0.97233945,4.283792,3338,0.5025411248207092
10X_P4_7_TTCTTAGGTTAGAACA,3-M-8,B cell,0,B cell,-1.2269586,5.135904,3339,1.18391215801239
10X_P4_7_TTCTTAGTCTGTTTGT,3-M-8,B cell,0,B cell,1.7086513,3.4241478,3340,0.809725284576416
10X_P4_7_TTGAACGAGGCTAGGT,3-M-8,B cell,0,B cell,0.37358478,5.5930696,3341,1.7643721103668213
10X_P4_7_TTGAACGAGGGATGGG,3-M-8,T cell,2,Unmatched_2,29.060247,1.1171962,3342,0.9357951283454896
10X_P4_7_TTGAACGAGGTCATCT,3-M-8,B cell,0,B cell,1.6206678,1.9868444,3343,0.5201926827430725
10X_P4_7_TTGAACGGTTCGGGCT,3-M-8,B cell,0,B cell,1.7132487,3.4253175,3344,0.7580237984657288
10X_P4_7_TTGAACGTCTGCCCTA,3-M-8,B cell,0,B cell,-1.5651853,4.135837,3345,1.2934248447418213
10X_P4_7_TTGAACGTCTGTTTGT,3-M-8,B cell,0,B cell,2.3433332,3.8626328,3346,0.7266533374786377
10X_P4_7_TTGAACGTCTTGAGGT,3-M-8,T cell,2,Unmatched_2,27.131578,1.0844885,3347,0.5405690670013428
10X_P4_7_TTGACTTAGACAGAGA,3-M-8,B cell,0,B cell,0.07529601,4.9904356,3348,0.5065121054649353
10X_P4_7_TTGACTTAGCACGCCT,3-M-8,B cell,6,Unmatched_6,0.48350766,10.785594,3349,1.1017248630523682
10X_P4_7_TTGACTTAGCCAGGAT,3-M-8,B cell,0,B cell,1.6017319,2.596497,3350,0.7044568657875061
10X_P4_7_TTGACTTAGGATATAC,3-M-8,B cell,0,B cell,1.7312274,3.3432128,3351,0.470850259065628
10X_P4_7_TTGACTTCAAGTCATC,3-M-8,B cell,0,B cell,0.9787308,7.3689103,3352,0.834589421749115
10X_P4_7_TTGACTTCAATCTGCA,3-M-8,B cell,1,Unmatched_1,2.7714827,7.9857545,3353,0.4655725061893463
10X_P4_7_TTGACTTCAATGAAAC,3-M-8,macrophage,4,macrophage,2.4358041,16.464312,3354,1.9637612104415891
10X_P4_7_TTGACTTCACCGCTAG,3-M-8,B cell,7,Unmatched_7,3.951266,13.193403,3355,1.6065102815628052
10X_P4_7_TTGACTTCATCGGTTA,3-M-8,B cell,0,B cell,0.6665906,5.048263,3356,0.7346450686454773
10X_P4_7_TTGACTTGTCTAGCCG,3-M-8,B cell,0,B cell,1.6906638,3.2890432,3357,1.086589813232422
10X_P4_7_TTGACTTTCAGCTCTC,3-M-8,T cell,3,T cell,26.146961,-0.69081193,3358,0.8616847991943359
10X_P4_7_TTGACTTTCTTTAGGG,3-M-8,macrophage,4,macrophage,3.2812254,16.153355,3359,2.115777015686035
10X_P4_7_TTGCCGTAGGCAAAGA,3-M-8,macrophage,4,macrophage,3.3491805,16.070278,3360,1.8838932514190676
10X_P4_7_TTGCCGTAGGGCTTCC,3-M-8,B cell,1,Unmatched_1,2.5734785,8.108795,3361,0.5625576972961426
10X_P4_7_TTGCCGTAGGGTTTCT,3-M-8,B cell,1,Unmatched_1,2.0937772,7.3723783,3362,0.6168485879898071
10X_P4_7_TTGCCGTAGTTACGGG,3-M-8,B cell,0,B cell,0.80785704,2.9777853,3363,0.6366252303123474
10X_P4_7_TTGCCGTCATGTAGTC,3-M-8,T cell,3,T cell,25.588785,-0.935688,3364,0.6379947662353516
10X_P4_7_TTGCCGTGTCTTGTCC,3-M-8,B cell,1,Unmatched_1,3.1589994,8.294615,3365,0.626941978931427
10X_P4_7_TTGCCGTTCCGCATCT,3-M-8,B cell,1,Unmatched_1,2.7186027,7.541322,3366,0.6222957968711853
10X_P4_7_TTGCCGTTCTTACCGC,3-M-8,B cell,0,B cell,1.3654916,3.3162282,3367,0.5448676943778992
10X_P4_7_TTGCGTCCAGCATGAG,3-M-8,B cell,0,B cell,0.088398285,3.1975424,3368,0.5975401401519775
10X_P4_7_TTGCGTCCATCGACGC,3-M-8,T cell,3,T cell,25.574263,-0.36796966,3369,0.7472226023674011
10X_P4_7_TTGCGTCCATTCTCAT,3-M-8,B cell,0,B cell,0.5616952,4.9302874,3370,0.4362137019634247
10X_P4_7_TTGCGTCGTACTTGAC,3-M-8,B cell,0,B cell,0.26953584,6.9180694,3371,0.9541664719581604
10X_P4_7_TTGCGTCTCATGTCCC,3-M-8,B cell,0,B cell,1.872989,2.1196096,3372,0.4790922701358795
10X_P4_7_TTGCGTCTCGGCATCG,3-M-8,B cell,0,B cell,1.4002564,4.5010366,3373,0.6621789932250977
10X_P4_7_TTGCGTCTCTCATTCA,3-M-8,B cell,0,B cell,2.608892,3.2309196,3374,0.5659748911857605
10X_P4_7_TTGGAACCATTTGCCC,3-M-8,B cell,0,B cell,1.38199,2.9909267,3375,0.874164879322052
10X_P4_7_TTGGAACGTAACGTTC,3-M-8,B cell,0,B cell,0.4347743,4.243764,3376,0.3963671624660492
10X_P4_7_TTGGAACGTATGGTTC,3-M-8,B cell,0,B cell,-0.00265367,4.542026,3377,0.5460801124572754
10X_P4_7_TTGGAACTCCACTCCA,3-M-8,T cell,3,T cell,25.855383,-0.7906091,3378,0.9802072644233704
10X_P4_7_TTGGAACTCGGGAGTA,3-M-8,B cell,0,B cell,0.06391678,6.9740067,3379,0.7220664024353027
10X_P4_7_TTGGAACTCTCCTATA,3-M-8,T cell,3,T cell,26.027597,-1.1160187,3380,0.6300060153007507
10X_P4_7_TTGGAACTCTTAGCCC,3-M-8,macrophage,4,macrophage,5.15132,16.081528,3381,3.646089553833008
10X_P4_7_TTGGCAAAGAACTGTA,3-M-8,B cell,0,B cell,1.1547685,3.656626,3382,0.5048595666885376
10X_P4_7_TTGGCAAAGAAGGGTA,3-M-8,B cell,1,Unmatched_1,1.6255043,8.129207,3383,0.866723895072937
10X_P4_7_TTGGCAAAGATCTGCT,3-M-8,T cell,3,T cell,25.626158,-0.35783684,3384,0.9801461100578308
10X_P4_7_TTGGCAAAGTGGGCTA,3-M-8,B cell,0,B cell,1.3717338,2.8824723,3385,0.4807292520999908
10X_P4_7_TTGGCAACACAACTGT,3-M-8,B cell,6,Unmatched_6,0.22367524,11.402469,3386,1.9995392560958865
10X_P4_7_TTGGCAACACTGTTAG,3-M-8,B cell,6,Unmatched_6,-0.33923233,12.045259,3387,3.6700189113616943
10X_P4_7_TTGGCAACATGATCCA,3-M-8,B cell,9,Unmatched_9,6.355291,-5.574808,3388,5.109276294708252
10X_P4_7_TTGGCAATCCCGACTT,3-M-8,B cell,0,B cell,-0.3841282,3.998,3389,0.4355901777744293
10X_P4_7_TTGTAGGAGTGCAAGC,3-M-8,B cell,0,B cell,1.4202846,5.474651,3390,0.4878611266613006
10X_P4_7_TTGTAGGCATCCTAGA,3-M-8,B cell,0,B cell,2.0524614,5.6567397,3391,0.6952409744262695
10X_P4_7_TTGTAGGTCAACCAAC,3-M-8,T cell,3,T cell,25.646736,-0.7867784,3392,1.3364603519439695
10X_P4_7_TTTACTGAGCGATCCC,3-M-8,B cell,0,B cell,0.06867036,3.5191202,3393,0.4426142573356628
10X_P4_7_TTTACTGAGTCTCCTC,3-M-8,B cell,0,B cell,-0.2805871,6.4431252,3394,1.1720625162124634
10X_P4_7_TTTACTGCATCCCACT,3-M-8,B cell,1,Unmatched_1,2.78047,8.482007,3395,0.5094220638275146
10X_P4_7_TTTACTGCATGTCTCC,3-M-8,B cell,0,B cell,2.139903,6.3849525,3396,1.0961241722106934
10X_P4_7_TTTACTGGTACATCCA,3-M-8,B cell,0,B cell,0.51705074,7.5625234,3397,0.8875442147254944
10X_P4_7_TTTACTGGTCATTAGC,3-M-8,B cell,0,B cell,0.5084992,3.9586024,3398,0.415437638759613
10X_P4_7_TTTACTGTCATGTCCC,3-M-8,B cell,1,Unmatched_1,3.468197,8.476207,3399,0.6224185824394226
10X_P4_7_TTTACTGTCCACGTTC,3-M-8,B cell,1,Unmatched_1,3.1743104,8.298803,3400,0.7008472681045532
10X_P4_7_TTTACTGTCCTTCAAT,3-M-8,T cell,2,Unmatched_2,28.13692,0.74615186,3401,1.0973522663116455
10X_P4_7_TTTATGCAGCCGCCTA,3-M-8,B cell,0,B cell,1.1189066,3.3165884,3402,0.9263055324554444
10X_P4_7_TTTATGCAGGATATAC,3-M-8,T cell,2,Unmatched_2,28.582188,0.9962198,3403,0.8720914125442505
10X_P4_7_TTTATGCAGGTGGGTT,3-M-8,B cell,0,B cell,1.4475454,4.8590107,3404,0.5453992486000061
10X_P4_7_TTTATGCAGTCAATAG,3-M-8,B cell,0,B cell,2.7680483,4.45619,3405,0.4119535386562347
10X_P4_7_TTTATGCGTAAATGTG,3-M-8,B cell,0,B cell,0.40489203,4.41829,3406,0.4338526725769043
10X_P4_7_TTTATGCGTAGGACAC,3-M-8,B cell,0,B cell,2.0918112,6.8685393,3407,0.970879077911377
10X_P4_7_TTTATGCGTCAGCTAT,3-M-8,B cell,0,B cell,2.3145275,6.698211,3408,0.6276696920394897
10X_P4_7_TTTATGCTCAGGCGAA,3-M-8,B cell,0,B cell,0.69402415,3.8164935,3409,0.6974939703941345
10X_P4_7_TTTATGCTCTGCGTAA,3-M-8,dendritic cell,8,dendritic cell,3.5713952,17.839464,3410,4.433892250061035
10X_P4_7_TTTCCTCAGCAATATG,3-M-8,macrophage,4,macrophage,4.732164,15.100249,3411,1.9906184673309328
10X_P4_7_TTTCCTCAGGCTCTTA,3-M-8,B cell,1,Unmatched_1,-2.626628,4.0508146,3412,0.7093110084533691
10X_P4_7_TTTCCTCCAGTCTTCC,3-M-8,B cell,0,B cell,1.4288709,4.370221,3413,1.2784382104873655
10X_P4_7_TTTCCTCCATTACGAC,3-M-8,B cell,1,Unmatched_1,3.4449608,8.51198,3414,0.9413154125213624
10X_P4_7_TTTCCTCGTTTGGCGC,3-M-8,natural killer cell,5,natural killer cell,30.83437,-1.8717711,3415,2.320519208908081
10X_P4_7_TTTCCTCTCATGCTCC,3-M-8,B cell,0,B cell,0.7350061,2.6238365,3416,1.0799133777618408
10X_P4_7_TTTCCTCTCCTTTCGG,3-M-8,B cell,0,B cell,2.3145797,4.2514157,3417,0.6660643219947815
10X_P4_7_TTTGCGCAGGTTCCTA,3-M-8,B cell,4,macrophage,4.6211534,14.738345,3418,2.2186245918273926
10X_P4_7_TTTGCGCCAAGTTCTG,3-M-8,B cell,0,B cell,-1.0343431,4.5804176,3419,1.1173406839370728
10X_P4_7_TTTGCGCCACACCGAC,3-M-8,B cell,0,B cell,0.009197614,6.866062,3420,1.773567795753479
10X_P4_7_TTTGCGCCACCGTTGG,3-M-8,B cell,0,B cell,1.0889379,4.6453867,3421,0.523263692855835
10X_P4_7_TTTGCGCCATCGGACC,3-M-8,B cell,0,B cell,2.363184,5.4207406,3422,0.8379737138748169
10X_P4_7_TTTGCGCTCCAGAGGA,3-M-8,T cell,3,T cell,28.694458,-0.31947312,3423,1.927423596382141
10X_P4_7_TTTGGTTAGACCTTTG,3-M-8,B cell,0,B cell,0.65819657,3.4105542,3424,1.1213982105255127
10X_P4_7_TTTGGTTAGAGGTACC,3-M-8,macrophage,4,macrophage,2.013631,16.641897,3425,1.4955321550369265
10X_P4_7_TTTGGTTAGCGTCTAT,3-M-8,B cell,0,B cell,2.2843356,2.3631256,3426,0.5425099730491638
10X_P4_7_TTTGGTTCACCGGAAA,3-M-8,B cell,0,B cell,1.5214272,2.0756748,3427,0.6214876174926758
10X_P4_7_TTTGGTTCAGACACTT,3-M-8,B cell,0,B cell,-0.5920217,3.8910022,3428,0.4640304744243622
10X_P4_7_TTTGGTTCATCCAACA,3-M-8,B cell,0,B cell,1.5948967,6.0377865,3429,0.8217290639877319
10X_P4_7_TTTGGTTGTGTGTGCC,3-M-8,T cell,2,Unmatched_2,27.33048,1.290408,3430,0.712914764881134
10X_P4_7_TTTGGTTTCTCGCTTG,3-M-8,B cell,0,B cell,0.031354073,4.496046,3431,0.5807229280471802
10X_P4_7_TTTGTCAAGGTACTCT,3-M-8,B cell,0,B cell,0.9047099,6.9486217,3432,0.7179548144340515
10X_P4_7_TTTGTCACACGGTTTA,3-M-8,B cell,1,Unmatched_1,2.5054672,7.5559683,3433,0.5119423866271973
10X_P4_7_TTTGTCACACTGTTAG,3-M-8,natural killer cell,5,natural killer cell,30.99024,-1.9983448,3434,1.7336269617080688
10X_P4_7_TTTGTCATCAAGAAGT,3-M-8,B cell,0,B cell,2.5709374,2.6951408,3435,0.3997486531734466
10X_P4_7_TTTGTCATCAAGATCC,3-M-8,B cell,6,Unmatched_6,0.75413126,11.419032,3436,2.9395086765289307
10X_P4_7_TTTGTCATCATTCACT,3-M-8,B cell,0,B cell,2.1067529,3.4242299,3437,0.6501219868659973
10X_P4_7_TTTGTCATCTGCTGTC,3-M-8,B cell,0,B cell,1.8726405,5.30878,3438,0.8103477954864502
10X_P7_6_AAACCTGAGGCACATG,3-F-56,B cell,1,Unmatched_1,2.7022712,7.616099,3439,0.6857467889785767
10X_P7_6_AAACCTGAGGCATTGG,3-F-56,B cell,0,B cell,2.5424426,4.6136847,3440,0.6178192496299744
10X_P7_6_AAACCTGAGGTGCAAC,3-F-56,B cell,1,Unmatched_1,3.3274567,8.359675,3441,0.5521743297576904
10X_P7_6_AAACCTGAGTACGATA,3-F-56,B cell,0,B cell,-1.8286699,5.3401165,3442,1.4309176206588743
10X_P7_6_AAACCTGCACTTACGA,3-F-56,T cell,3,T cell,25.947302,-1.3150898,3443,0.8364971876144409
10X_P7_6_AAACCTGCATGGAATA,3-F-56,B cell,0,B cell,-0.22515261,3.8594382,3444,0.9002039432525635
10X_P7_6_AAACCTGGTAAGGGAA,3-F-56,B cell,0,B cell,2.6113236,4.085896,3445,0.6188241839408875
10X_P7_6_AAACCTGGTCATGCAT,3-F-56,macrophage,4,macrophage,1.8879806,16.7634,3446,1.540824294090271
10X_P7_6_AAACCTGGTTCGCTAA,3-F-56,T cell,2,Unmatched_2,26.50039,1.3562306,3447,2.236583709716797
10X_P7_6_AAACCTGGTTGTCTTT,3-F-56,B cell,0,B cell,2.2890813,6.828936,3448,0.584006130695343
10X_P7_6_AAACCTGGTTTAGCTG,3-F-56,T cell,3,T cell,26.733696,-0.15362018,3449,1.014598727226257
10X_P7_6_AAACCTGTCAAGATCC,3-F-56,T cell,2,Unmatched_2,27.861816,0.8407041,3450,0.744614839553833
10X_P7_6_AAACCTGTCATGCATG,3-F-56,B cell,0,B cell,0.7821419,4.9456735,3451,0.8194042444229126
10X_P7_6_AAACCTGTCCACGACG,3-F-56,B cell,0,B cell,0.6913376,7.0509834,3452,0.946340262889862
10X_P7_6_AAACCTGTCGAGAGCA,3-F-56,B cell,0,B cell,1.7539158,2.237571,3453,0.9144386053085328
10X_P7_6_AAACCTGTCTCTTATG,3-F-56,B cell,0,B cell,1.6677464,5.220104,3454,1.2806873321533203
10X_P7_6_AAACGGGAGAATCTCC,3-F-56,B cell,0,B cell,2.0172296,2.9213111,3455,0.5373906493186951
10X_P7_6_AAACGGGCAAGGTGTG,3-F-56,B cell,0,B cell,0.7110872,3.9510634,3456,0.4164468348026275
10X_P7_6_AAACGGGCACAGGTTT,3-F-56,B cell,0,B cell,0.44419146,8.038899,3457,0.7727166414260864
10X_P7_6_AAACGGGCACGGCTAC,3-F-56,B cell,0,B cell,-0.07836905,6.934696,3458,1.3291529417037964
10X_P7_6_AAACGGGCATGCATGT,3-F-56,B cell,0,B cell,1.112996,5.272779,3459,0.6326577663421631
10X_P7_6_AAACGGGCATTGAGCT,3-F-56,B cell,0,B cell,2.6615698,2.5459929,3460,0.7048437595367432
10X_P7_6_AAACGGGGTACACCGC,3-F-56,macrophage,4,macrophage,5.0153594,15.656545,3461,3.646089553833008
10X_P7_6_AAACGGGGTAGGAGTC,3-F-56,T cell,3,T cell,26.379322,-0.96446884,3462,0.6805911660194397
10X_P7_6_AAACGGGGTCGAAAGC,3-F-56,B cell,0,B cell,-0.5330295,5.679621,3463,1.2134120464324951
10X_P7_6_AAACGGGGTTGTGGAG,3-F-56,B cell,0,B cell,2.1544182,5.414987,3464,1.0742586851119995
10X_P7_6_AAACGGGTCAGTACGT,3-F-56,B cell,0,B cell,2.0309763,5.490495,3465,0.9603221416473388
10X_P7_6_AAACGGGTCCAACCAA,3-F-56,T cell,2,Unmatched_2,28.736998,-0.10397314,3466,1.9549546241760252
10X_P7_6_AAACGGGTCCATTCTA,3-F-56,B cell,0,B cell,-0.4467093,4.5459275,3467,0.5403420329093933
10X_P7_6_AAACGGGTCCTCGCAT,3-F-56,B cell,6,Unmatched_6,0.75015026,11.441639,3468,5.334986209869385
10X_P7_6_AAACGGGTCTAACTCT,3-F-56,macrophage,4,macrophage,5.265851,16.1192,3469,2.9610321521759038
10X_P7_6_AAAGATGAGCTAAGAT,3-F-56,B cell,0,B cell,1.7133355,4.8617206,3470,0.6981750130653381
10X_P7_6_AAAGATGAGGAATTAC,3-F-56,B cell,0,B cell,1.3501256,7.0627103,3471,0.698354184627533
10X_P7_6_AAAGATGAGGGTTCCC,3-F-56,B cell,0,B cell,2.2971828,3.6688926,3472,0.4249146282672882
10X_P7_6_AAAGATGCAAACGTGG,3-F-56,T cell,3,T cell,25.701715,-1.0040723,3473,1.2327545881271362
10X_P7_6_AAAGATGCAAGGGTCA,3-F-56,B cell,0,B cell,2.434851,2.8433683,3474,0.4274442791938782
10X_P7_6_AAAGATGCACCAGGTC,3-F-56,B cell,0,B cell,1.8291535,4.516116,3475,1.0558297634124756
10X_P7_6_AAAGATGGTCAGAATA,3-F-56,B cell,0,B cell,0.8964195,6.2791905,3476,1.22960364818573
10X_P7_6_AAAGATGGTTACGACT,3-F-56,B cell,0,B cell,1.3090173,5.08571,3477,0.917953073978424
10X_P7_6_AAAGATGGTTCGAATC,3-F-56,T cell,2,Unmatched_2,29.652847,0.90459704,3478,1.432100772857666
10X_P7_6_AAAGATGTCGCATGAT,3-F-56,B cell,0,B cell,2.0239217,6.4081435,3479,0.9009879231452942
10X_P7_6_AAAGATGTCTCAAACG,3-F-56,T cell,2,Unmatched_2,27.223177,1.1981424,3480,0.5284861922264099
10X_P7_6_AAAGCAAAGCTAACAA,3-F-56,T cell,2,Unmatched_2,27.579424,1.3196206,3481,0.6435868144035339
10X_P7_6_AAAGCAAAGTGGGATC,3-F-56,B cell,0,B cell,1.7144026,2.5640948,3482,0.4371977150440216
10X_P7_6_AAAGCAACACCTGGTG,3-F-56,macrophage,4,macrophage,4.81332,15.046607,3483,2.680194616317749
10X_P7_6_AAAGCAACACTTAACG,3-F-56,B cell,0,B cell,1.2362751,6.533898,3484,0.9469541311264038
10X_P7_6_AAAGCAACATGCAACT,3-F-56,B cell,0,B cell,0.4549883,3.8531322,3485,1.5452156066894531
10X_P7_6_AAAGCAAGTAAGCACG,3-F-56,T cell,2,Unmatched_2,28.65488,0.14010634,3486,1.292995572090149
10X_P7_6_AAAGCAAGTCACCTAA,3-F-56,B cell,0,B cell,0.013525495,4.114881,3487,0.4400767982006073
10X_P7_6_AAAGCAATCCCGGATG,3-F-56,B cell,1,Unmatched_1,2.5588906,8.527368,3488,0.554190993309021
10X_P7_6_AAAGTAGAGCGTCAAG,3-F-56,T cell,2,Unmatched_2,26.566908,1.3095549,3489,0.7613769769668579
10X_P7_6_AAAGTAGAGGGAGTAA,3-F-56,B cell,1,Unmatched_1,2.7818363,7.987035,3490,0.4280555844306946
10X_P7_6_AAAGTAGAGTGGTAGC,3-F-56,B cell,0,B cell,2.3080728,5.9293737,3491,0.880754828453064
10X_P7_6_AAAGTAGCACCATGTA,3-F-56,B cell,1,Unmatched_1,2.632252,7.4102907,3492,0.5112960934638977
10X_P7_6_AAAGTAGCACGGTTTA,3-F-56,macrophage,4,macrophage,3.5747037,15.918717,3493,2.07035231590271
10X_P7_6_AAAGTAGCACTTCTGC,3-F-56,T cell,3,T cell,25.533222,-0.554852,3494,0.5943920612335205
10X_P7_6_AAAGTAGGTGTTTGGT,3-F-56,T cell,3,T cell,26.56613,-0.9660888,3495,0.5846291184425354
10X_P7_6_AAAGTAGTCAAACGGG,3-F-56,macrophage,4,macrophage,4.7602873,15.085242,3496,2.614468574523926
10X_P7_6_AAAGTAGTCCACGAAT,3-F-56,B cell,0,B cell,0.53629804,5.1087837,3497,0.7017655372619629
10X_P7_6_AAAGTAGTCTAACTTC,3-F-56,B cell,0,B cell,-0.17489962,3.964475,3498,0.7744813561439514
10X_P7_6_AAATGCCAGGTGTTAA,3-F-56,B cell,0,B cell,0.84448856,3.4083717,3499,0.7127477526664734
10X_P7_6_AAATGCCCATCCTTGC,3-F-56,T cell,3,T cell,25.854286,-1.1562964,3500,0.6610128879547119
10X_P7_6_AAATGCCCATGCATGT,3-F-56,T cell,3,T cell,26.157312,-0.44857606,3501,0.5808563232421875
10X_P7_6_AAATGCCGTGAAAGAG,3-F-56,B cell,0,B cell,1.1240721,5.198014,3502,0.5652545094490051
10X_P7_6_AAATGCCTCAGTTCGA,3-F-56,B cell,0,B cell,-0.36480066,3.8072722,3503,0.42033451795578
10X_P7_6_AAATGCCTCCAAACTG,3-F-56,T cell,2,Unmatched_2,27.15588,0.8459796,3504,0.5714856386184692
10X_P7_6_AAATGCCTCCTTTCGG,3-F-56,B cell,0,B cell,1.1473273,4.473181,3505,0.6720881462097168
10X_P7_6_AAATGCCTCGATGAGG,3-F-56,B cell,0,B cell,1.1704147,5.3775334,3506,1.229105830192566
10X_P7_6_AAATGCCTCGCCATAA,3-F-56,natural killer cell,5,natural killer cell,30.861685,-1.7640833,3507,2.057004928588867
10X_P7_6_AAATGCCTCTCCTATA,3-F-56,B cell,1,Unmatched_1,-2.3402689,4.0995064,3508,0.8529662489891052
10X_P7_6_AAATGCCTCTCGAGTA,3-F-56,B cell,1,Unmatched_1,3.0895884,8.592528,3509,0.4669933021068573
10X_P7_6_AAATGCCTCTTGGGTA,3-F-56,natural killer cell,5,natural killer cell,30.673399,-1.5505552,3510,2.405562400817871
10X_P7_6_AACACGTAGGGTGTGT,3-F-56,T cell,3,T cell,26.0133,-1.1995641,3511,0.673678457736969
10X_P7_6_AACACGTAGGTGCTTT,3-F-56,B cell,0,B cell,1.6734705,2.2527466,3512,0.8659107685089111
10X_P7_6_AACACGTAGTAGGCCA,3-F-56,B cell,0,B cell,0.23680903,6.8385773,3513,1.0763227939605713
10X_P7_6_AACACGTAGTGTCTCA,3-F-56,B cell,0,B cell,0.026361942,4.459234,3514,0.4608778953552246
10X_P7_6_AACACGTCAAATTGCC,3-F-56,B cell,0,B cell,1.1830444,3.3781874,3515,0.532392144203186
10X_P7_6_AACACGTCACAACTGT,3-F-56,B cell,0,B cell,1.876724,2.5846906,3516,0.6506102681159973
10X_P7_6_AACACGTCACAGAGGT,3-F-56,B cell,0,B cell,1.4002821,2.0251107,3517,0.4796734452247619
10X_P7_6_AACACGTCATACGCTA,3-F-56,B cell,0,B cell,1.6765789,7.491138,3518,1.0368499755859375
10X_P7_6_AACACGTCATATACCG,3-F-56,B cell,0,B cell,2.6297407,3.827763,3519,0.5987849831581116
10X_P7_6_AACACGTCATGGTCAT,3-F-56,B cell,1,Unmatched_1,2.899427,8.455574,3520,0.6163233518600464
10X_P7_6_AACACGTCATTCTTAC,3-F-56,T cell,3,T cell,26.085798,-1.1887838,3521,1.196191906929016
10X_P7_6_AACACGTGTAAACACA,3-F-56,B cell,1,Unmatched_1,2.4622478,7.833529,3522,0.4744274914264679
10X_P7_6_AACACGTGTAGCGTAG,3-F-56,B cell,0,B cell,0.68377393,3.8815746,3523,0.5324692130088806
10X_P7_6_AACACGTGTCATGCAT,3-F-56,B cell,0,B cell,1.5100083,2.2793627,3524,0.847588300704956
10X_P7_6_AACACGTGTGCGGTAA,3-F-56,B cell,0,B cell,1.2481557,4.6332912,3525,0.7687005400657654
10X_P7_6_AACACGTGTGTGGCTC,3-F-56,B cell,0,B cell,1.8909612,4.062651,3526,1.3479312658309937
10X_P7_6_AACACGTGTTGGTAAA,3-F-56,B cell,0,B cell,1.8002453,2.8662634,3527,0.533904492855072
10X_P7_6_AACACGTTCCTTAATC,3-F-56,T cell,2,Unmatched_2,27.64865,1.329086,3528,0.5749883055686951
10X_P7_6_AACACGTTCGCAAGCC,3-F-56,T cell,2,Unmatched_2,28.204102,0.7583475,3529,1.158186435699463
10X_P7_6_AACACGTTCGTAGGAG,3-F-56,macrophage,4,macrophage,3.6607857,15.753158,3530,1.823271989822388
10X_P7_6_AACACGTTCTTGAGAC,3-F-56,B cell,0,B cell,2.0529437,5.9496455,3531,0.8889462947845459
10X_P7_6_AACCATGAGACCGGAT,3-F-56,B cell,0,B cell,2.603061,5.30083,3532,0.7637972831726074
10X_P7_6_AACCATGAGATGGGTC,3-F-56,T cell,3,T cell,26.088272,-1.0788437,3533,0.5785765051841736
10X_P7_6_AACCATGAGCTGGAAC,3-F-56,B cell,0,B cell,0.9832284,4.579201,3534,0.6796196699142456
10X_P7_6_AACCATGCAAGCCGTC,3-F-56,T cell,3,T cell,25.90362,-0.77560145,3535,0.6061358451843262
10X_P7_6_AACCATGCACACTGCG,3-F-56,T cell,3,T cell,26.792429,-1.0994203,3536,0.8152740001678467
10X_P7_6_AACCATGCAGACAAAT,3-F-56,B cell,0,B cell,1.9726566,4.4013877,3537,0.94367516040802
10X_P7_6_AACCATGCAGGTTTCA,3-F-56,T cell,2,Unmatched_2,27.584162,0.31023762,3538,1.261355996131897
10X_P7_6_AACCATGCAGTTCCCT,3-F-56,B cell,1,Unmatched_1,2.6132061,7.952066,3539,0.4451453387737274
10X_P7_6_AACCATGCATGTCCTC,3-F-56,B cell,0,B cell,1.2610894,3.9256186,3540,1.121131181716919
10X_P7_6_AACCATGGTACACCGC,3-F-56,macrophage,4,macrophage,3.6545315,15.767263,3541,1.8312867879867556
10X_P7_6_AACCATGGTAGCCTCG,3-F-56,B cell,0,B cell,0.798846,7.6105385,3542,0.6815245747566223
10X_P7_6_AACCATGGTAGGAGTC,3-F-56,macrophage,4,macrophage,2.9097142,16.258028,3543,2.481777667999268
10X_P7_6_AACCATGTCCAAACTG,3-F-56,B cell,2,Unmatched_2,25.020994,2.0195284,3544,1.574053168296814
10X_P7_6_AACCATGTCCTTAATC,3-F-56,B cell,1,Unmatched_1,-2.4452126,4.1697097,3545,0.8470722436904907
10X_P7_6_AACCATGTCGCCATAA,3-F-56,B cell,0,B cell,-0.29628354,3.4477634,3546,0.620350182056427
10X_P7_6_AACCGCGAGTGTCCCG,3-F-56,B cell,0,B cell,1.5272126,2.7041435,3547,0.8340676426887512
10X_P7_6_AACCGCGCAAGCCGCT,3-F-56,B cell,0,B cell,2.5667133,2.9517431,3548,0.4274002313613891
10X_P7_6_AACCGCGCACCGATAT,3-F-56,B cell,0,B cell,0.33869457,7.2561336,3549,0.7282581329345703
10X_P7_6_AACCGCGCATTACCTT,3-F-56,T cell,3,T cell,26.390745,-1.1582879,3550,0.7461553812026978
10X_P7_6_AACCGCGGTCAGAAGC,3-F-56,T cell,3,T cell,26.188465,-1.2762522,3551,0.644310474395752
10X_P7_6_AACCGCGGTCGCTTCT,3-F-56,B cell,1,Unmatched_1,3.3094597,8.526319,3552,0.5936543941497803
10X_P7_6_AACCGCGGTCTAGTCA,3-F-56,T cell,2,Unmatched_2,27.142057,1.2124147,3553,0.6311777234077454
10X_P7_6_AACCGCGGTGATAAAC,3-F-56,B cell,0,B cell,1.6085017,2.8244057,3554,0.5923550724983215
10X_P7_6_AACCGCGGTGTAACGG,3-F-56,natural killer cell,5,natural killer cell,30.437468,-1.4559556,3555,2.5903937816619877
10X_P7_6_AACCGCGGTTGGTGGA,3-F-56,T cell,5,natural killer cell,30.093037,-0.5949328,3556,1.4152299165725708
10X_P7_6_AACCGCGGTTGTCGCG,3-F-56,B cell,0,B cell,1.3667595,3.4259984,3557,0.8085363507270813
10X_P7_6_AACCGCGTCCGCAGTG,3-F-56,T cell,5,natural killer cell,29.912313,-0.76134485,3558,2.768141984939575
10X_P7_6_AACCGCGTCCTAGAAC,3-F-56,B cell,0,B cell,1.9820974,5.7049694,3559,1.3547223806381226
10X_P7_6_AACCGCGTCGGAGGTA,3-F-56,B cell,0,B cell,-1.3256034,4.9555073,3560,1.0842595100402832
10X_P7_6_AACCGCGTCTCTTATG,3-F-56,macrophage,4,macrophage,4.6165185,14.761529,3561,2.099414587020874
10X_P7_6_AACGTTGAGCTTTGGT,3-F-56,natural killer cell,5,natural killer cell,31.162449,-2.198071,3562,2.128554105758667
10X_P7_6_AACGTTGAGGCATTGG,3-F-56,B cell,0,B cell,2.1752343,6.6841497,3563,0.644093930721283
10X_P7_6_AACGTTGAGGGCTCTC,3-F-56,T cell,2,Unmatched_2,27.440712,1.0211959,3564,0.6040268540382385
10X_P7_6_AACGTTGAGGGCTTCC,3-F-56,T cell,2,Unmatched_2,29.127531,1.0691094,3565,1.158653974533081
10X_P7_6_AACGTTGCAACGATCT,3-F-56,T cell,2,Unmatched_2,29.155733,0.52066,3566,1.6757186651229858
10X_P7_6_AACGTTGCAAGCCGTC,3-F-56,natural killer cell,5,natural killer cell,30.646515,-1.5390477,3567,2.5911030769348145
10X_P7_6_AACGTTGCAATCCAAC,3-F-56,B cell,0,B cell,2.385128,3.8909976,3568,0.8164494633674622
10X_P7_6_AACGTTGCAATCCGAT,3-F-56,T cell,2,Unmatched_2,26.626453,1.3555936,3569,0.9607535004615784
10X_P7_6_AACGTTGCACGTCAGC,3-F-56,natural killer cell,5,natural killer cell,30.650404,-2.1548965,3570,3.1208388805389404
10X_P7_6_AACGTTGCAGCTGTTA,3-F-56,T cell,3,T cell,25.91453,-1.2490386,3571,0.5945224165916443
10X_P7_6_AACGTTGGTCGACTGC,3-F-56,B cell,1,Unmatched_1,2.9455664,7.279211,3572,0.6430734395980835
10X_P7_6_AACGTTGGTCGCGGTT,3-F-56,B cell,1,Unmatched_1,2.8051033,7.677327,3573,0.4358761310577392
10X_P7_6_AACGTTGGTCTCGTTC,3-F-56,B cell,0,B cell,2.4752753,5.972182,3574,0.6859999299049377
10X_P7_6_AACGTTGGTGAGGGTT,3-F-56,B cell,0,B cell,1.4120289,2.1303396,3575,0.4815620481967926
10X_P7_6_AACGTTGGTGCTCTTC,3-F-56,B cell,0,B cell,2.5077856,2.6119666,3576,0.5389958024024963
10X_P7_6_AACGTTGGTGGAAAGA,3-F-56,B cell,0,B cell,0.11609073,5.0407057,3577,0.3890653550624847
10X_P7_6_AACGTTGGTTTCGCTC,3-F-56,B cell,0,B cell,2.4662786,6.9250526,3578,0.6591321229934692
10X_P7_6_AACGTTGTCCAGGGCT,3-F-56,B cell,1,Unmatched_1,3.8460414,7.647933,3579,0.6544212102890015
10X_P7_6_AACGTTGTCCTTGCCA,3-F-56,T cell,3,T cell,26.488125,-1.0815699,3580,1.342476725578308
10X_P7_6_AACGTTGTCGGAGCAA,3-F-56,B cell,4,macrophage,4.6085577,14.713979,3581,2.5449018478393555
10X_P7_6_AACGTTGTCGGATGTT,3-F-56,B cell,0,B cell,0.7170701,5.068159,3582,0.442750334739685
10X_P7_6_AACTCAGAGTTTGCGT,3-F-56,B cell,0,B cell,2.378554,3.2467842,3583,0.4557404518127441
10X_P7_6_AACTCAGCACAGTCGC,3-F-56,B cell,0,B cell,1.0629174,4.2911334,3584,0.6421388387680054
10X_P7_6_AACTCAGCACCCATTC,3-F-56,B cell,1,Unmatched_1,2.0339534,7.492858,3585,1.3555076122283936
10X_P7_6_AACTCAGCACCTTGTC,3-F-56,B cell,0,B cell,2.2979808,2.8964884,3586,0.444533109664917
10X_P7_6_AACTCAGGTGATAAAC,3-F-56,B cell,1,Unmatched_1,2.629809,8.2271,3587,0.5521261692047119
10X_P7_6_AACTCAGTCAACACGT,3-F-56,T cell,2,Unmatched_2,29.677565,0.90139276,3588,1.7421643733978271
10X_P7_6_AACTCAGTCACTTATC,3-F-56,B cell,0,B cell,1.721898,4.3879085,3589,0.8144189119338989
10X_P7_6_AACTCAGTCTACCTGC,3-F-56,B cell,0,B cell,-1.7901955,5.3558855,3590,1.4495469331741333
10X_P7_6_AACTCCCAGAGCTGCA,3-F-56,T cell,3,T cell,26.309355,-0.9568992,3591,0.8671213984489441
10X_P7_6_AACTCCCCAAACTGTC,3-F-56,T cell,3,T cell,28.728481,-0.34214604,3592,1.6317596435546875
10X_P7_6_AACTCCCCAGCCAATT,3-F-56,B cell,0,B cell,1.001313,3.723918,3593,1.0033774375915527
10X_P7_6_AACTCCCGTGATAAAC,3-F-56,B cell,0,B cell,1.0946339,4.6965566,3594,0.8691374659538269
10X_P7_6_AACTCCCGTGATGTCT,3-F-56,B cell,0,B cell,0.31591046,6.7894955,3595,1.3118600845336914
10X_P7_6_AACTCCCGTTGGAGGT,3-F-56,B cell,3,T cell,25.02745,1.6355551,3596,1.1658542156219482
10X_P7_6_AACTCCCTCGGTCCGA,3-F-56,B cell,0,B cell,2.1346033,2.9408963,3597,0.5673535466194153
10X_P7_6_AACTCCCTCTACCAGA,3-F-56,B cell,0,B cell,1.0999621,6.6645565,3598,0.7155094146728516
10X_P7_6_AACTCCCTCTGTCTAT,3-F-56,B cell,1,Unmatched_1,1.9647248,7.7246976,3599,0.654486894607544
10X_P7_6_AACTCCCTCTTGAGGT,3-F-56,macrophage,4,macrophage,4.874189,16.24762,3600,3.646089553833008
10X_P7_6_AACTCTTAGACCCACC,3-F-56,T cell,3,T cell,28.075594,-1.283578,3601,0.8163037300109863
10X_P7_6_AACTCTTAGTTTCCTT,3-F-56,T cell,3,T cell,25.82146,-0.7257763,3602,0.5795063972473145
10X_P7_6_AACTCTTCAATAACGA,3-F-56,B cell,0,B cell,-0.83316004,5.7637067,3603,1.326055645942688
10X_P7_6_AACTCTTCATCGTCGG,3-F-56,T cell,3,T cell,27.412462,-0.5170073,3604,1.2102738618850708
10X_P7_6_AACTCTTGTCCTGCTT,3-F-56,B cell,0,B cell,0.5948727,3.5510743,3605,0.8575687408447266
10X_P7_6_AACTCTTGTCGAATCT,3-F-56,B cell,1,Unmatched_1,2.9607735,8.437423,3606,0.4349347651004791
10X_P7_6_AACTCTTGTTCCAACA,3-F-56,T cell,2,Unmatched_2,26.796837,1.4676874,3607,1.1703808307647705
10X_P7_6_AACTCTTTCAACGGCC,3-F-56,macrophage,4,macrophage,4.681533,16.274384,3608,3.519965648651123
10X_P7_6_AACTCTTTCATCGGAT,3-F-56,T cell,3,T cell,28.160334,-1.4623793,3609,0.9491004347801208
10X_P7_6_AACTCTTTCCTGTAGA,3-F-56,T cell,2,Unmatched_2,26.74366,1.295569,3610,0.6163063645362854
10X_P7_6_AACTCTTTCCTTGGTC,3-F-56,B cell,0,B cell,0.66869104,6.8258557,3611,1.3384045362472534
10X_P7_6_AACTCTTTCGCGGATC,3-F-56,T cell,5,natural killer cell,29.926004,-0.761879,3612,2.4168834686279297
10X_P7_6_AACTCTTTCGGAGCAA,3-F-56,B cell,0,B cell,0.120487645,3.1285994,3613,0.8649512529373169
10X_P7_6_AACTCTTTCTCCAGGG,3-F-56,B cell,1,Unmatched_1,2.844088,7.780259,3614,0.6978815793991089
10X_P7_6_AACTCTTTCTGCTGCT,3-F-56,B cell,0,B cell,1.2954222,3.7619646,3615,0.8348473906517029
10X_P7_6_AACTGGTAGAGACTTA,3-F-56,B cell,0,B cell,0.20113073,4.306681,3616,0.408561646938324
10X_P7_6_AACTGGTAGAGCCTAG,3-F-56,T cell,2,Unmatched_2,29.14871,0.86139965,3617,1.0423113107681274
10X_P7_6_AACTGGTAGAGTTGGC,3-F-56,B cell,0,B cell,1.7392397,5.005787,3618,0.991320252418518
10X_P7_6_AACTGGTAGCTAACAA,3-F-56,B cell,1,Unmatched_1,2.6204042,8.170279,3619,0.6318596005439758
10X_P7_6_AACTGGTAGTATCGAA,3-F-56,B cell,1,Unmatched_1,3.2320664,7.9036727,3620,0.481835663318634
10X_P7_6_AACTGGTCAAGCGTAG,3-F-56,T cell,2,Unmatched_2,27.32266,1.1050643,3621,0.8986590504646301
10X_P7_6_AACTGGTCACGCCAGT,3-F-56,B cell,0,B cell,2.5078616,6.2961645,3622,1.2535974979400637
10X_P7_6_AACTGGTCATGCAATC,3-F-56,T cell,2,Unmatched_2,27.499823,1.298464,3623,0.5531079173088074
10X_P7_6_AACTGGTGTCAGAAGC,3-F-56,T cell,3,T cell,25.500034,-0.5951413,3624,1.037486910820007
10X_P7_6_AACTGGTGTCATGCCG,3-F-56,B cell,0,B cell,-0.43878594,3.2796376,3625,0.9198235273361206
10X_P7_6_AACTGGTGTCGCATAT,3-F-56,B cell,1,Unmatched_1,2.249731,7.759467,3626,0.4450175166130066
10X_P7_6_AACTGGTGTTCCATGA,3-F-56,B cell,0,B cell,1.64279,2.6542857,3627,0.4828509390354156
10X_P7_6_AACTGGTTCATACGGT,3-F-56,B cell,2,Unmatched_2,25.205755,2.146263,3628,2.023585319519043
10X_P7_6_AACTTTCAGAGGGATA,3-F-56,macrophage,5,natural killer cell,29.97717,-1.1575402,3629,3.0732510089874268
10X_P7_6_AACTTTCAGCCCTAAT,3-F-56,B cell,0,B cell,1.1960891,2.7176695,3630,0.7459368705749512
10X_P7_6_AACTTTCAGCGTAATA,3-F-56,B cell,1,Unmatched_1,2.8363512,8.431043,3631,0.4987199306488037
10X_P7_6_AACTTTCAGGATGCGT,3-F-56,T cell,3,T cell,25.97048,-0.4617822,3632,0.6185744404792786
10X_P7_6_AACTTTCCAAACCTAC,3-F-56,B cell,0,B cell,2.2842507,7.0250397,3633,0.545244038105011
10X_P7_6_AACTTTCCAAAGCAAT,3-F-56,B cell,0,B cell,-0.8876407,4.4120693,3634,0.793578028678894
10X_P7_6_AACTTTCCAAATTGCC,3-F-56,B cell,0,B cell,1.3387802,4.4946947,3635,0.6530297994613647
10X_P7_6_AACTTTCCAAGCCGCT,3-F-56,B cell,0,B cell,-2.041174,5.497331,3636,1.4542393684387207
10X_P7_6_AACTTTCCAATTCCTT,3-F-56,B cell,0,B cell,1.8501277,4.3696704,3637,1.3420984745025637
10X_P7_6_AACTTTCCAGTAAGAT,3-F-56,T cell,2,Unmatched_2,27.74787,0.6984028,3638,0.7070150971412659
10X_P7_6_AACTTTCGTACACCGC,3-F-56,B cell,3,T cell,28.714508,-0.2957334,3639,1.7510325908660889
10X_P7_6_AACTTTCGTCTAACGT,3-F-56,B cell,0,B cell,0.9185664,2.5558615,3640,0.6727640628814697
10X_P7_6_AACTTTCGTCTTCTCG,3-F-56,T cell,2,Unmatched_2,29.119389,1.0603864,3641,0.8184787034988403
10X_P7_6_AACTTTCGTGTAAGTA,3-F-56,T cell,2,Unmatched_2,26.91598,1.2475505,3642,0.7998231053352356
10X_P7_6_AACTTTCTCAGTTAGC,3-F-56,T cell,2,Unmatched_2,27.422476,1.301553,3643,0.5770264267921448
10X_P7_6_AACTTTCTCCACGACG,3-F-56,B cell,0,B cell,-0.42718723,3.977321,3644,0.4404759705066681
10X_P7_6_AACTTTCTCTTGCATT,3-F-56,T cell,3,T cell,26.15457,-0.48282048,3645,0.6908614039421082
10X_P7_6_AAGACCTAGAAAGTGG,3-F-56,B cell,1,Unmatched_1,2.8148832,7.614643,3646,0.7696467638015747
10X_P7_6_AAGACCTCAGCTGCAC,3-F-56,natural killer cell,5,natural killer cell,31.06436,-2.0838795,3647,1.589057445526123
10X_P7_6_AAGACCTCATCAGTAC,3-F-56,T cell,3,T cell,25.681004,-0.97940373,3648,0.647453784942627
10X_P7_6_AAGACCTCATTCGACA,3-F-56,B cell,0,B cell,2.4374852,6.7925153,3649,0.6498084664344788
10X_P7_6_AAGACCTCATTCTCAT,3-F-56,B cell,1,Unmatched_1,1.9737216,7.781298,3650,0.6201033592224121
10X_P7_6_AAGACCTGTACTCAAC,3-F-56,B cell,0,B cell,-0.07714698,4.0677023,3651,0.6279706954956055
10X_P7_6_AAGACCTTCAGCTCGG,3-F-56,T cell,3,T cell,25.933296,-0.6301478,3652,0.6762301921844482
10X_P7_6_AAGACCTTCCACGCAG,3-F-56,B cell,0,B cell,0.09885,4.1416144,3653,0.4862828254699707
10X_P7_6_AAGCCGCAGACGACGT,3-F-56,B cell,0,B cell,1.846337,5.1169143,3654,1.3965351581573486
10X_P7_6_AAGCCGCAGAGCTGCA,3-F-56,B cell,0,B cell,1.7780511,4.166126,3655,1.1044325828552246
10X_P7_6_AAGCCGCAGAGTCTGG,3-F-56,B cell,0,B cell,1.6238034,5.680009,3656,1.4592429399490356
10X_P7_6_AAGCCGCAGCCCAGCT,3-F-56,B cell,1,Unmatched_1,3.2650878,8.531753,3657,0.5831944346427917
10X_P7_6_AAGCCGCAGTGGGATC,3-F-56,B cell,0,B cell,-0.387263,3.3637223,3658,0.650687575340271
10X_P7_6_AAGCCGCAGTTGTCGT,3-F-56,B cell,0,B cell,0.83199865,4.21885,3659,0.405671089887619
10X_P7_6_AAGCCGCCAAGTCTAC,3-F-56,T cell,5,natural killer cell,30.014631,-0.6349536,3660,1.8208507299423216
10X_P7_6_AAGCCGCCACTAGTAC,3-F-56,B cell,1,Unmatched_1,3.1803608,8.253765,3661,0.4799585044384002
10X_P7_6_AAGCCGCCAGGGTATG,3-F-56,macrophage,4,macrophage,4.4344,16.222288,3662,3.646089553833008
10X_P7_6_AAGCCGCGTAACGACG,3-F-56,T cell,3,T cell,26.07099,-1.0810909,3663,0.5996086001396179
10X_P7_6_AAGCCGCGTACCGTAT,3-F-56,B cell,0,B cell,0.38589892,3.4313393,3664,0.8983701467514038
10X_P7_6_AAGCCGCTCATAAAGG,3-F-56,macrophage,4,macrophage,3.32514,16.181452,3665,2.8559908866882324
10X_P7_6_AAGCCGCTCCTTGGTC,3-F-56,B cell,1,Unmatched_1,1.9766796,7.6954594,3666,0.6986854076385498
10X_P7_6_AAGCCGCTCGTAGGAG,3-F-56,B cell,0,B cell,0.80576146,3.4649262,3667,0.4673525094985962
10X_P7_6_AAGCCGCTCTATCCTA,3-F-56,B cell,0,B cell,0.31611434,4.6792054,3668,0.4061489105224609
10X_P7_6_AAGCCGCTCTCCTATA,3-F-56,B cell,6,Unmatched_6,0.2242806,11.383541,3669,1.5573066473007202
10X_P7_6_AAGCCGCTCTTCAACT,3-F-56,B cell,0,B cell,1.9680337,2.6441,3670,0.4898936748504638
10X_P7_6_AAGGAGCAGACGCTTT,3-F-56,B cell,0,B cell,0.5067366,3.6727138,3671,0.8343841433525085
10X_P7_6_AAGGAGCAGAGCTGGT,3-F-56,T cell,2,Unmatched_2,29.338648,1.0017879,3672,1.4981896877288818
10X_P7_6_AAGGAGCAGCACACAG,3-F-56,B cell,0,B cell,2.0766544,2.3360524,3673,0.5574496984481812
10X_P7_6_AAGGAGCAGCTAGGCA,3-F-56,B cell,0,B cell,1.1794536,3.6785681,3674,0.7062148451805115
10X_P7_6_AAGGAGCAGTGTTGAA,3-F-56,T cell,2,Unmatched_2,28.475164,0.33827803,3675,1.266724705696106
10X_P7_6_AAGGAGCCAATGTTGC,3-F-56,T cell,2,Unmatched_2,26.857632,1.4713371,3676,0.969484806060791
10X_P7_6_AAGGAGCCACAACTGT,3-F-56,B cell,0,B cell,3.5327768,6.18582,3677,0.7944362163543701
10X_P7_6_AAGGAGCCACATTAGC,3-F-56,T cell,3,T cell,26.343552,-0.58641165,3678,2.0511598587036133
10X_P7_6_AAGGAGCCACCCAGTG,3-F-56,B cell,0,B cell,2.6692305,2.7934315,3679,0.4242629110813141
10X_P7_6_AAGGAGCCACTACAGT,3-F-56,B cell,0,B cell,1.9372228,6.9491467,3680,0.767297089099884
10X_P7_6_AAGGAGCCATCCCACT,3-F-56,B cell,1,Unmatched_1,3.231951,8.278928,3681,0.4853477478027344
10X_P7_6_AAGGAGCGTAGGCTGA,3-F-56,B cell,0,B cell,1.8333491,4.0982566,3682,0.6481794714927673
10X_P7_6_AAGGAGCGTCCAACTA,3-F-56,T cell,2,Unmatched_2,28.779585,0.15743855,3683,1.334301233291626
10X_P7_6_AAGGAGCGTCGAACAG,3-F-56,B cell,0,B cell,2.5393746,2.6584547,3684,0.5353527665138245
10X_P7_6_AAGGAGCTCCCTCAGT,3-F-56,T cell,3,T cell,26.702621,-0.14881805,3685,0.8586714267730713
10X_P7_6_AAGGAGCTCGCGATCG,3-F-56,B cell,0,B cell,0.5039978,4.82765,3686,0.6649728417396545
10X_P7_6_AAGGAGCTCGGTGTCG,3-F-56,B cell,0,B cell,2.2118707,2.7546785,3687,0.4500108063220978
10X_P7_6_AAGGAGCTCTGCGTAA,3-F-56,B cell,0,B cell,1.7583319,3.5075226,3688,0.6262657642364502
10X_P7_6_AAGGCAGAGAAACGCC,3-F-56,B cell,0,B cell,0.110004164,4.399869,3689,0.3972691893577575
10X_P7_6_AAGGCAGAGAGTTGGC,3-F-56,T cell,2,Unmatched_2,27.298096,1.1935529,3690,0.63604736328125
10X_P7_6_AAGGCAGAGATAGCAT,3-F-56,T cell,2,Unmatched_2,24.890875,1.831055,3691,1.6428672075271606
10X_P7_6_AAGGCAGAGCGTTCCG,3-F-56,B cell,2,Unmatched_2,25.174314,2.0839868,3692,1.602869749069214
10X_P7_6_AAGGCAGAGGCATGGT,3-F-56,B cell,0,B cell,2.5108657,2.3375902,3693,0.4576082527637481
10X_P7_6_AAGGCAGCAAGCGTAG,3-F-56,B cell,0,B cell,0.44214383,4.9564004,3694,0.9376364350318908
10X_P7_6_AAGGCAGCAATCGGTT,3-F-56,B cell,0,B cell,2.5159678,5.471087,3695,1.2325948476791382
10X_P7_6_AAGGCAGCACATTAGC,3-F-56,B cell,1,Unmatched_1,3.419104,8.506124,3696,0.5137231349945068
10X_P7_6_AAGGCAGCATATACGC,3-F-56,B cell,0,B cell,-1.620265,4.080113,3697,1.4854897260665894
10X_P7_6_AAGGCAGCATCTATGG,3-F-56,T cell,3,T cell,25.952497,-1.0209599,3698,0.5970199108123779
10X_P7_6_AAGGCAGGTAAGCACG,3-F-56,B cell,0,B cell,2.547111,4.0418673,3699,0.4066938459873199
10X_P7_6_AAGGCAGGTCATATGC,3-F-56,T cell,3,T cell,25.776333,-0.42140958,3700,0.8191521167755127
10X_P7_6_AAGGCAGGTGCGATAG,3-F-56,B cell,0,B cell,0.12995048,4.264088,3701,0.7206294536590576
10X_P7_6_AAGGCAGGTTAGAACA,3-F-56,T cell,2,Unmatched_2,27.323017,0.8583169,3702,0.622599184513092
10X_P7_6_AAGGCAGGTTCCAACA,3-F-56,B cell,0,B cell,2.4258225,3.497615,3703,0.6455971002578735
10X_P7_6_AAGGCAGTCAAGGCTT,3-F-56,B cell,0,B cell,0.74073386,4.267665,3704,0.5897352695465088
10X_P7_6_AAGGCAGTCCACGAAT,3-F-56,B cell,0,B cell,2.6380842,5.1267858,3705,0.7587037682533264
10X_P7_6_AAGGCAGTCGCGCCAA,3-F-56,T cell,3,T cell,28.614418,-1.3544393,3706,1.2450944185256958
10X_P7_6_AAGGCAGTCTGGGCCA,3-F-56,B cell,0,B cell,1.3686196,4.8559175,3707,0.5450763702392578
10X_P7_6_AAGGTTCAGAATTCCC,3-F-56,B cell,1,Unmatched_1,2.7938662,8.418797,3708,0.4903904795646667
10X_P7_6_AAGGTTCAGAGAGCTC,3-F-56,B cell,1,Unmatched_1,4.597824,7.2481174,3709,1.5125346183776855
10X_P7_6_AAGGTTCAGTACGTTC,3-F-56,T cell,3,T cell,28.439457,-1.3170441,3710,1.0418239831924438
10X_P7_6_AAGGTTCAGTGTCCCG,3-F-56,B cell,7,Unmatched_7,4.018004,13.449067,3711,0.6640303730964661
10X_P7_6_AAGGTTCCATTCTCAT,3-F-56,natural killer cell,5,natural killer cell,30.676313,-1.5600795,3712,2.242469787597656
10X_P7_6_AAGGTTCGTCATTAGC,3-F-56,macrophage,4,macrophage,2.0790734,15.892226,3713,2.8559908866882324
10X_P7_6_AAGGTTCGTCTAACGT,3-F-56,B cell,0,B cell,-0.59983283,3.6179407,3714,0.5037983655929565
10X_P7_6_AAGGTTCGTCTCATCC,3-F-56,B cell,0,B cell,-0.774968,3.5255878,3715,0.5384560823440552
10X_P7_6_AAGGTTCGTGTGACGA,3-F-56,B cell,0,B cell,1.6562346,5.077184,3716,0.773274302482605
10X_P7_6_AAGGTTCGTTGAACTC,3-F-56,B cell,1,Unmatched_1,3.074968,8.444129,3717,0.8393985033035278
10X_P7_6_AAGGTTCTCCCAAGAT,3-F-56,B cell,0,B cell,1.5156612,3.030067,3718,0.6916079521179199
10X_P7_6_AAGTCTGAGCTCAACT,3-F-56,T cell,2,Unmatched_2,28.792831,0.16264604,3719,1.5991421937942505
10X_P7_6_AAGTCTGAGGCTAGAC,3-F-56,B cell,0,B cell,1.6313393,2.9947965,3720,0.4711102545261383
10X_P7_6_AAGTCTGCACACGCTG,3-F-56,B cell,0,B cell,2.776361,4.900117,3721,1.0018962621688845
10X_P7_6_AAGTCTGCACTCAGGC,3-F-56,B cell,0,B cell,-0.78468984,5.0171413,3722,1.0616353750228882
10X_P7_6_AAGTCTGGTGGCGAAT,3-F-56,B cell,1,Unmatched_1,-2.3693683,4.122092,3723,0.9198243021965028
10X_P7_6_AAGTCTGGTGTGACGA,3-F-56,T cell,2,Unmatched_2,27.629328,0.26121125,3724,1.1280421018600464
10X_P7_6_AAGTCTGGTTGGACCC,3-F-56,natural killer cell,5,natural killer cell,30.63468,-1.5212247,3725,2.343940496444702
10X_P7_6_AAGTCTGTCAGTCCCT,3-F-56,B cell,0,B cell,0.95131963,4.00558,3726,0.5287215709686279
10X_P7_6_AAGTCTGTCCAAACAC,3-F-56,B cell,0,B cell,0.03792854,4.568591,3727,0.4196827709674835
10X_P7_6_AATCCAGAGACATAAC,3-F-56,T cell,2,Unmatched_2,28.730047,0.1106852,3728,1.3611034154891968
10X_P7_6_AATCCAGAGTGCGTGA,3-F-56,natural killer cell,5,natural killer cell,30.58132,-1.6534486,3729,2.938598155975342
10X_P7_6_AATCCAGCAACAACCT,3-F-56,T cell,3,T cell,28.553457,-1.401533,3730,1.305128812789917
10X_P7_6_AATCCAGCACAGACAG,3-F-56,B cell,0,B cell,0.5793703,3.1486688,3731,0.90245920419693
10X_P7_6_AATCCAGGTACAGTTC,3-F-56,T cell,3,T cell,26.274574,-1.0558573,3732,0.5125724673271179
10X_P7_6_AATCCAGGTTACTGAC,3-F-56,B cell,0,B cell,0.39931217,5.0088186,3733,0.3904854655265808
10X_P7_6_AATCCAGTCACATACG,3-F-56,T cell,3,T cell,28.501865,-1.3149908,3734,1.0371043682098389
10X_P7_6_AATCCAGTCTTGTCAT,3-F-56,B cell,0,B cell,2.1992803,3.6201289,3735,0.5885834693908691
10X_P7_6_AATCGGTCAAACTGTC,3-F-56,B cell,0,B cell,0.61627334,5.717077,3736,1.1899856328964231
10X_P7_6_AATCGGTCACTAGTAC,3-F-56,B cell,0,B cell,-0.6660122,3.9954994,3737,0.7260823249816895
10X_P7_6_AATCGGTGTAAATACG,3-F-56,B cell,0,B cell,2.1677225,7.0682664,3738,0.7051490545272827
10X_P7_6_AATCGGTGTAGCTCCG,3-F-56,B cell,0,B cell,1.8785087,6.710731,3739,0.742867112159729
10X_P7_6_AATCGGTGTATGAATG,3-F-56,B cell,0,B cell,0.20273858,2.8468566,3740,0.8512012362480164
10X_P7_6_AATCGGTGTCGGGTCT,3-F-56,B cell,1,Unmatched_1,2.962411,8.412633,3741,0.4653296172618866
10X_P7_6_AATCGGTTCAGAGACG,3-F-56,B cell,1,Unmatched_1,3.4494417,8.04115,3742,0.6824798583984375
10X_P7_6_AATCGGTTCCAAACAC,3-F-56,B cell,0,B cell,-0.23660061,5.4781914,3743,0.5284666419029236
10X_P7_6_AATCGGTTCGCAAACT,3-F-56,B cell,0,B cell,0.98754525,5.496641,3744,0.8921054601669312
10X_P7_6_AATCGGTTCGTCACGG,3-F-56,macrophage,4,macrophage,3.6718564,15.722779,3745,1.5309324264526367
10X_P7_6_AATCGGTTCTGTGCAA,3-F-56,B cell,0,B cell,1.2466122,5.0682244,3746,0.9021757245063782
10X_P7_6_AATCGGTTCTGTTTGT,3-F-56,T cell,2,Unmatched_2,27.080137,1.3690628,3747,0.6473900675773621
10X_P7_6_ACACCAAAGGTGTTAA,3-F-56,T cell,3,T cell,26.380104,-0.66096604,3748,0.6983767747879028
10X_P7_6_ACACCAAAGTGAAGTT,3-F-56,B cell,0,B cell,-0.33182216,3.992782,3749,1.231616735458374
10X_P7_6_ACACCAACACCAGCAC,3-F-56,B cell,0,B cell,0.32471997,3.4087563,3750,0.6625309586524963
10X_P7_6_ACACCAACAGATCTGT,3-F-56,B cell,0,B cell,0.24943979,5.1865373,3751,0.7965441346168518
10X_P7_6_ACACCAAGTCCGTGAC,3-F-56,B cell,0,B cell,-1.6160773,5.317265,3752,1.1856664419174194
10X_P7_6_ACACCAAGTGCAGGTA,3-F-56,T cell,2,Unmatched_2,26.88842,1.1732544,3753,0.6707529425621033
10X_P7_6_ACACCAAGTTCTCATT,3-F-56,B cell,0,B cell,-0.353339,3.9742725,3754,0.8190271258354187
10X_P7_6_ACACCAATCAAGAAGT,3-F-56,B cell,0,B cell,0.38478735,4.004814,3755,0.707843542098999
10X_P7_6_ACACCAATCATGTGGT,3-F-56,T cell,3,T cell,30.438124,-2.0320125,3756,1.83660089969635
10X_P7_6_ACACCAATCCGAACGC,3-F-56,B cell,0,B cell,1.2307277,4.4965496,3757,0.559282660484314
10X_P7_6_ACACCAATCCTCCTAG,3-F-56,B cell,0,B cell,-0.4670261,3.3575013,3758,0.7581087350845337
10X_P7_6_ACACCAATCGGCTTGG,3-F-56,B cell,0,B cell,2.867908,4.5750937,3759,1.1245619058609009
10X_P7_6_ACACCAATCTCTGAGA,3-F-56,B cell,0,B cell,0.30757776,2.9286485,3760,0.7656687498092651
10X_P7_6_ACACCAATCTGTGCAA,3-F-56,B cell,0,B cell,1.92502,2.168182,3761,0.6298054456710815
10X_P7_6_ACACCCTAGCAGACTG,3-F-56,T cell,2,Unmatched_2,27.050142,1.3744593,3762,0.9719563126564026
10X_P7_6_ACACCCTAGTCCGTAT,3-F-56,T cell,3,T cell,26.74766,-0.5837729,3763,0.7249937653541565
10X_P7_6_ACACCCTAGTGAAGAG,3-F-56,B cell,0,B cell,0.22751352,7.476311,3764,0.6900578737258911
10X_P7_6_ACACCCTCAGATGAGC,3-F-56,B cell,0,B cell,0.33442065,4.718229,3765,0.6450016498565674
10X_P7_6_ACACCCTCATTTCACT,3-F-56,B cell,0,B cell,0.2727785,3.9449863,3766,0.4950451552867889
10X_P7_6_ACACCCTGTATCAGTC,3-F-56,B cell,1,Unmatched_1,3.314053,8.215267,3767,0.4646961390972137
10X_P7_6_ACACCCTGTCATACTG,3-F-56,natural killer cell,5,natural killer cell,30.82797,-1.9057927,3768,3.218928337097168
10X_P7_6_ACACCCTTCCACTGGG,3-F-56,B cell,0,B cell,0.4215651,4.4258385,3769,0.4747677445411682
10X_P7_6_ACACCCTTCGGCGCAT,3-F-56,B cell,0,B cell,0.71466273,4.20534,3770,0.5523669719696045
10X_P7_6_ACACCCTTCTAACCGA,3-F-56,B cell,0,B cell,1.2061533,5.3088546,3771,0.9235708713531494
10X_P7_6_ACACCCTTCTCGAGTA,3-F-56,B cell,0,B cell,2.7432723,3.1063094,3772,0.7672087550163269
10X_P7_6_ACACCGGAGATCCGAG,3-F-56,T cell,2,Unmatched_2,27.749458,1.225521,3773,0.5553951263427734
10X_P7_6_ACACCGGAGATGGGTC,3-F-56,natural killer cell,5,natural killer cell,30.990028,-2.429175,3774,1.48161780834198
10X_P7_6_ACACCGGAGCGTGTCC,3-F-56,B cell,0,B cell,0.8615026,2.260055,3775,0.7197126150131226
10X_P7_6_ACACCGGAGGCTCATT,3-F-56,T cell,2,Unmatched_2,29.36562,0.6313087,3776,1.3294715881347656
10X_P7_6_ACACCGGAGGGTCTCC,3-F-56,B cell,0,B cell,1.499811,6.926019,3777,0.5791577100753784
10X_P7_6_ACACCGGAGTTAAGTG,3-F-56,B cell,0,B cell,-0.116800785,3.567047,3778,0.6358433961868286
10X_P7_6_ACACCGGCACAGGTTT,3-F-56,B cell,0,B cell,1.0205332,3.1080043,3779,0.6996452212333679
10X_P7_6_ACACCGGCACCTCGGA,3-F-56,B cell,0,B cell,1.716915,3.9957147,3780,1.0435410737991333
10X_P7_6_ACACCGGCACGGCCAT,3-F-56,B cell,0,B cell,0.9645399,4.5042324,3781,0.7587457895278931
10X_P7_6_ACACCGGCACTGCCAG,3-F-56,B cell,0,B cell,1.2686843,5.019853,3782,1.078543782234192
10X_P7_6_ACACCGGCAGCGATCC,3-F-56,T cell,3,T cell,26.330297,-1.0361713,3783,0.6399717330932617
10X_P7_6_ACACCGGCAGGTGGAT,3-F-56,B cell,1,Unmatched_1,2.8498044,7.7034497,3784,0.6739761829376221
10X_P7_6_ACACCGGCATCCGTGG,3-F-56,B cell,0,B cell,1.3352094,3.2125442,3785,1.1012548208236694
10X_P7_6_ACACCGGCATGCGCAC,3-F-56,B cell,1,Unmatched_1,3.3043718,8.226258,3786,0.4820814430713653
10X_P7_6_ACACCGGGTAGCGTGA,3-F-56,B cell,0,B cell,2.0389977,2.7874615,3787,0.4266799092292785
10X_P7_6_ACACCGGGTCCCTACT,3-F-56,T cell,3,T cell,25.961039,-0.49388242,3788,0.5454406142234802
10X_P7_6_ACACCGGGTCTCAACA,3-F-56,B cell,0,B cell,1.7838236,3.0265284,3789,0.6218714714050293
10X_P7_6_ACACCGGGTGCTCTTC,3-F-56,B cell,1,Unmatched_1,2.755757,8.383734,3790,0.4647489488124847
10X_P7_6_ACACCGGGTGTGCGTC,3-F-56,T cell,2,Unmatched_2,28.786684,0.11418067,3791,1.862244963645935
10X_P7_6_ACACCGGTCGTGACAT,3-F-56,B cell,0,B cell,1.4080799,4.774996,3792,0.7372089624404907
10X_P7_6_ACACCGGTCTATCGCC,3-F-56,T cell,3,T cell,25.614422,-0.6936694,3793,0.5122098326683044
10X_P7_6_ACACCGGTCTGTCTCG,3-F-56,B cell,1,Unmatched_1,3.3572035,8.5449,3794,0.5746281147003174
10X_P7_6_ACACTGAAGCGATAGC,3-F-56,macrophage,4,macrophage,3.5464876,15.866732,3795,1.6524087190628052
10X_P7_6_ACACTGAAGGGATACC,3-F-56,B cell,1,Unmatched_1,3.8874533,7.679822,3796,0.803244948387146
10X_P7_6_ACACTGACAGATCTGT,3-F-56,T cell,3,T cell,28.453642,-1.472053,3797,1.1236557960510254
10X_P7_6_ACACTGACAGGGTTAG,3-F-56,T cell,2,Unmatched_2,27.64176,0.98704267,3798,0.5659512877464294
10X_P7_6_ACACTGACAGTTAACC,3-F-56,B cell,0,B cell,0.73765314,5.8261833,3799,0.6121082901954651
10X_P7_6_ACACTGACATGCATGT,3-F-56,B cell,0,B cell,1.6493498,4.200598,3800,0.7044557332992554
10X_P7_6_ACACTGAGTAGCCTAT,3-F-56,B cell,0,B cell,2.327964,4.5708094,3801,0.913810968399048
10X_P7_6_ACACTGAGTAGTGAAT,3-F-56,B cell,1,Unmatched_1,-2.6483068,4.2036333,3802,0.6638562679290771
10X_P7_6_ACACTGAGTCAGATAA,3-F-56,B cell,0,B cell,0.3223669,3.475357,3803,0.8927249908447266
10X_P7_6_ACACTGAGTCGAATCT,3-F-56,B cell,0,B cell,1.1610116,4.0357585,3804,0.5585517883300781
10X_P7_6_ACACTGAGTCGACTAT,3-F-56,T cell,5,natural killer cell,30.050463,-0.6564943,3805,1.9580317735672
10X_P7_6_ACACTGAGTGCGATAG,3-F-56,B cell,2,Unmatched_2,25.238564,2.1346004,3806,1.9011517763137815
10X_P7_6_ACACTGAGTGCTTCTC,3-F-56,macrophage,4,macrophage,4.935415,16.213003,3807,3.3190481662750244
10X_P7_6_ACACTGAGTGTGGTTT,3-F-56,B cell,0,B cell,1.7121495,3.9906988,3808,0.7511861324310303
10X_P7_6_ACACTGAGTTAGTGGG,3-F-56,B cell,0,B cell,2.413429,2.996395,3809,0.4713950157165527
10X_P7_6_ACACTGATCATGTCTT,3-F-56,B cell,0,B cell,0.036310807,4.7312613,3810,0.406930536031723
10X_P7_6_ACACTGATCCTATGTT,3-F-56,B cell,0,B cell,-1.3760741,4.9263616,3811,1.2716916799545288
10X_P7_6_ACACTGATCGTACGGC,3-F-56,B cell,6,Unmatched_6,0.3531773,10.752438,3812,1.5226752758026123
10X_P7_6_ACAGCCGAGTGGGTTG,3-F-56,B cell,1,Unmatched_1,3.5631971,8.004614,3813,0.5432983040809631
10X_P7_6_ACAGCCGAGTGTTGAA,3-F-56,B cell,0,B cell,2.5897317,3.2854838,3814,0.4248703122138977
10X_P7_6_ACAGCCGCACGAAGCA,3-F-56,B cell,1,Unmatched_1,2.879791,8.081923,3815,1.2486658096313477
10X_P7_6_ACAGCCGCATTTCAGG,3-F-56,T cell,2,Unmatched_2,27.69675,1.1085753,3816,0.6030686497688293
10X_P7_6_ACAGCCGGTACAAGTA,3-F-56,B cell,0,B cell,1.6609974,3.4857516,3817,0.4833419322967529
10X_P7_6_ACAGCCGGTCACACGC,3-F-56,B cell,0,B cell,0.37220046,2.7420573,3818,0.6900419592857361
10X_P7_6_ACAGCCGGTCGATTGT,3-F-56,B cell,0,B cell,-0.3550383,3.6924028,3819,1.3577109575271606
10X_P7_6_ACAGCCGGTCTAGCCG,3-F-56,B cell,0,B cell,0.28030133,2.4256258,3820,0.9752776026725768
10X_P7_6_ACAGCCGGTTCGCGAC,3-F-56,T cell,3,T cell,25.569384,-0.2304297,3821,0.6704036593437195
10X_P7_6_ACAGCCGTCAAGGTAA,3-F-56,T cell,2,Unmatched_2,28.515757,0.29473987,3822,0.8437824845314026
10X_P7_6_ACAGCCGTCCGAAGAG,3-F-56,B cell,0,B cell,1.9191453,3.787858,3823,0.6153010725975037
10X_P7_6_ACAGCCGTCGGAGGTA,3-F-56,T cell,3,T cell,25.846153,-1.2195973,3824,0.6865597367286682
10X_P7_6_ACAGCCGTCGTCTGCT,3-F-56,B cell,0,B cell,-0.84853446,3.3363876,3825,0.5503849983215332
10X_P7_6_ACAGCTAAGACAAGCC,3-F-56,B cell,2,Unmatched_2,24.96425,1.9888922,3826,2.094930648803711
10X_P7_6_ACAGCTAAGAGTGACC,3-F-56,B cell,1,Unmatched_1,3.0508218,7.9560037,3827,0.5551759004592896
10X_P7_6_ACAGCTAAGTGAAGAG,3-F-56,B cell,1,Unmatched_1,3.0242913,7.973539,3828,0.4746954143047333
10X_P7_6_ACAGCTACAGGAATGC,3-F-56,B cell,1,Unmatched_1,3.6666443,7.839619,3829,0.5878829956054688
10X_P7_6_ACAGCTACATAGACTC,3-F-56,B cell,0,B cell,0.74571306,5.4116855,3830,0.6394534707069397
10X_P7_6_ACAGCTAGTAGCACGA,3-F-56,B cell,0,B cell,0.16487674,4.440662,3831,0.4527610242366791
10X_P7_6_ACAGCTAGTCTCCACT,3-F-56,T cell,3,T cell,28.598791,-0.4079532,3832,2.07214879989624
10X_P7_6_ACAGCTAGTCTGCAAT,3-F-56,B cell,0,B cell,-0.09785314,4.305598,3833,0.654352068901062
10X_P7_6_ACAGCTAGTTGATTGC,3-F-56,B cell,0,B cell,2.1923614,6.868666,3834,0.6080114245414734
10X_P7_6_ACAGCTAGTTGGTAAA,3-F-56,B cell,0,B cell,-0.671665,3.8443606,3835,0.4463516771793365
10X_P7_6_ACAGCTATCCTACAGA,3-F-56,T cell,3,T cell,26.082216,-1.2219824,3836,0.562643826007843
10X_P7_6_ACAGCTATCCTAGAAC,3-F-56,B cell,0,B cell,0.19643304,3.8142695,3837,0.4755654633045196
10X_P7_6_ACAGCTATCCTCATTA,3-F-56,B cell,0,B cell,1.899141,4.6661787,3838,1.0312271118164062
10X_P7_6_ACAGCTATCCTTTACA,3-F-56,B cell,0,B cell,2.156097,3.8226976,3839,0.6641340851783752
10X_P7_6_ACATACGAGAATGTTG,3-F-56,B cell,0,B cell,2.4742916,3.946138,3840,0.6416478157043457
10X_P7_6_ACATACGAGCAACGGT,3-F-56,B cell,0,B cell,-0.35821676,2.8926384,3841,1.1710728406906128
10X_P7_6_ACATACGAGGTTACCT,3-F-56,macrophage,4,macrophage,1.8812916,16.75402,3842,1.8586483001708984
10X_P7_6_ACATACGAGTGGTAAT,3-F-56,B cell,0,B cell,0.26706114,7.6098213,3843,0.7897706031799316
10X_P7_6_ACATACGCAAGTTCTG,3-F-56,T cell,3,T cell,25.510782,-0.63710105,3844,1.012796401977539
10X_P7_6_ACATACGCAATGGATA,3-F-56,B cell,0,B cell,0.48949456,7.680837,3845,0.7558610439300537
10X_P7_6_ACATACGCACCAGGTC,3-F-56,T cell,2,Unmatched_2,26.862053,1.1639277,3846,0.7276948094367981
10X_P7_6_ACATACGCAGGGTTAG,3-F-56,T cell,3,T cell,25.911066,-1.27188,3847,0.7392609715461731
10X_P7_6_ACATACGCATCGATTG,3-F-56,B cell,1,Unmatched_1,3.3981667,8.202253,3848,0.4656642079353332
10X_P7_6_ACATACGGTACATGTC,3-F-56,B cell,0,B cell,0.9738431,4.4461207,3849,0.4966024458408355
10X_P7_6_ACATACGGTACCTACA,3-F-56,T cell,3,T cell,25.755615,-0.52532727,3850,0.6873763799667358
10X_P7_6_ACATACGGTAGGCATG,3-F-56,B cell,0,B cell,0.3236134,4.686348,3851,0.439812034368515
10X_P7_6_ACATACGGTATAATGG,3-F-56,B cell,1,Unmatched_1,2.835939,8.066118,3852,0.4258586168289184
10X_P7_6_ACATACGGTATGAATG,3-F-56,macrophage,4,macrophage,3.687378,15.828383,3853,1.769714593887329
10X_P7_6_ACATACGGTCTGCAAT,3-F-56,B cell,0,B cell,-0.7292348,5.9022436,3854,1.3419679403305054
10X_P7_6_ACATACGGTGGCGAAT,3-F-56,B cell,1,Unmatched_1,3.0175335,7.549748,3855,0.77321857213974
10X_P7_6_ACATACGTCACCCGAG,3-F-56,B cell,0,B cell,1.1369674,3.321826,3856,0.7948789000511169
10X_P7_6_ACATACGTCGTACGGC,3-F-56,T cell,3,T cell,26.501925,-1.0944117,3857,0.8097212910652161
10X_P7_6_ACATACGTCGTGACAT,3-F-56,B cell,1,Unmatched_1,3.2065372,8.136841,3858,0.4801077544689178
10X_P7_6_ACATCAGAGCCCAATT,3-F-56,T cell,3,T cell,26.217348,-0.6567912,3859,0.5970078706741333
10X_P7_6_ACATCAGAGCGGATCA,3-F-56,T cell,3,T cell,25.858868,-1.0795001,3860,0.8061637282371521
10X_P7_6_ACATCAGAGCTCCTTC,3-F-56,T cell,5,natural killer cell,30.533798,-2.0414014,3861,3.218928337097168
10X_P7_6_ACATCAGAGGCTAGGT,3-F-56,B cell,0,B cell,1.1584496,3.0689473,3862,0.6693888306617737
10X_P7_6_ACATCAGAGTACGCGA,3-F-56,B cell,0,B cell,-0.8426823,3.4677773,3863,0.8274262547492981
10X_P7_6_ACATCAGAGTTAGGTA,3-F-56,T cell,3,T cell,26.714598,-1.0851029,3864,1.1735540628433228
10X_P7_6_ACATCAGCAGGGTACA,3-F-56,T cell,3,T cell,26.761217,-1.0877653,3865,0.786133348941803
10X_P7_6_ACATCAGGTAGAGGAA,3-F-56,macrophage,4,macrophage,5.3179297,16.18074,3866,2.009247064590454
10X_P7_6_ACATCAGGTCTGGTCG,3-F-56,B cell,0,B cell,1.0270057,4.0897865,3867,0.676891028881073
10X_P7_6_ACATCAGGTGATGTGG,3-F-56,B cell,1,Unmatched_1,1.7648325,7.7950983,3868,0.7039400339126587
10X_P7_6_ACATCAGGTGTGCCTG,3-F-56,T cell,3,T cell,26.31409,-0.8747898,3869,0.5194386839866638
10X_P7_6_ACATCAGGTTGAACTC,3-F-56,T cell,2,Unmatched_2,27.136745,1.1739144,3870,0.5287777185440063
10X_P7_6_ACATCAGTCAGAGGTG,3-F-56,T cell,2,Unmatched_2,27.59773,1.333276,3871,0.5913953185081482
10X_P7_6_ACATGGTAGCTGAAAT,3-F-56,B cell,1,Unmatched_1,2.0876234,7.653119,3872,0.6104628443717957
10X_P7_6_ACATGGTAGTCACGCC,3-F-56,B cell,1,Unmatched_1,3.2569363,8.585925,3873,0.8260102272033691
10X_P7_6_ACATGGTCACCCTATC,3-F-56,T cell,2,Unmatched_2,26.68235,1.3553554,3874,0.557533323764801
10X_P7_6_ACATGGTCAGTAAGCG,3-F-56,B cell,0,B cell,1.0526018,4.6530504,3875,0.7019611597061157
10X_P7_6_ACATGGTGTATGAAAC,3-F-56,B cell,0,B cell,2.142234,3.6912162,3876,0.8313235640525818
10X_P7_6_ACATGGTTCAGCTCTC,3-F-56,B cell,0,B cell,0.47387692,7.9064684,3877,1.4596394300460815
10X_P7_6_ACATGGTTCCTCAATT,3-F-56,B cell,0,B cell,-0.5756895,2.8505595,3878,0.9091330766677856
10X_P7_6_ACATGGTTCGTTGCCT,3-F-56,B cell,0,B cell,0.16716303,5.040911,3879,0.4429602921009063
10X_P7_6_ACATGGTTCTCAACTT,3-F-56,B cell,1,Unmatched_1,3.3097332,8.405606,3880,0.7863762378692627
10X_P7_6_ACATGGTTCTCGATGA,3-F-56,B cell,0,B cell,1.0736016,2.829965,3881,0.7100439071655273
10X_P7_6_ACATGGTTCTTGTCAT,3-F-56,B cell,0,B cell,0.88997215,3.5925658,3882,0.7306470274925232
10X_P7_6_ACCAGTAAGAGCCTAG,3-F-56,B cell,0,B cell,1.1964477,5.6527066,3883,0.9209895133972168
10X_P7_6_ACCAGTAAGCCGTCGT,3-F-56,B cell,0,B cell,2.1337724,6.7447762,3884,0.7075916528701782
10X_P7_6_ACCAGTAAGCTGTCTA,3-F-56,B cell,0,B cell,0.8035387,6.962195,3885,1.4613264799118042
10X_P7_6_ACCAGTAAGCTTATCG,3-F-56,B cell,1,Unmatched_1,3.0042632,7.8560843,3886,0.673337996006012
10X_P7_6_ACCAGTAAGGTTCCTA,3-F-56,T cell,3,T cell,25.980879,-1.0668644,3887,0.596842885017395
10X_P7_6_ACCAGTACAGTTAACC,3-F-56,T cell,3,T cell,25.847784,-0.37493768,3888,1.0195313692092896
10X_P7_6_ACCAGTACATTTCAGG,3-F-56,B cell,1,Unmatched_1,3.0460472,7.5998254,3889,1.222031593322754
10X_P7_6_ACCAGTAGTCATATCG,3-F-56,B cell,1,Unmatched_1,2.9646592,7.7715473,3890,0.6175999045372009
10X_P7_6_ACCAGTAGTCGGATCC,3-F-56,B cell,0,B cell,-0.623491,3.8730025,3891,0.5083654522895813
10X_P7_6_ACCAGTAGTTGCTCCT,3-F-56,B cell,0,B cell,1.0739298,2.8621643,3892,0.6145899891853333
10X_P7_6_ACCAGTATCAGTTGAC,3-F-56,B cell,1,Unmatched_1,3.5396805,7.6450295,3893,0.5423056483268738
10X_P7_6_ACCAGTATCCAATGGT,3-F-56,B cell,0,B cell,-0.64242834,4.0161347,3894,0.582538366317749
10X_P7_6_ACCAGTATCCTTTCGG,3-F-56,B cell,0,B cell,1.5850024,4.838391,3895,1.5098779201507568
10X_P7_6_ACCCACTAGAGAGCTC,3-F-56,B cell,1,Unmatched_1,2.479583,8.050762,3896,0.6809619069099426
10X_P7_6_ACCCACTAGCTAAACA,3-F-56,macrophage,4,macrophage,5.325075,16.179977,3897,2.326709747314453
10X_P7_6_ACCCACTAGCTAGTTC,3-F-56,T cell,3,T cell,25.84487,-0.6753548,3898,0.792270302772522
10X_P7_6_ACCCACTAGTGTGGCA,3-F-56,B cell,1,Unmatched_1,3.0786445,7.970597,3899,0.4385102689266205
10X_P7_6_ACCCACTCATCGACGC,3-F-56,B cell,0,B cell,-0.40215087,4.018931,3900,0.7637216448783875
10X_P7_6_ACCCACTCATCGGAAG,3-F-56,B cell,0,B cell,1.7125937,2.598563,3901,0.5694015026092529
10X_P7_6_ACCCACTCATGTCCTC,3-F-56,B cell,0,B cell,2.2997737,5.246009,3902,1.253138303756714
10X_P7_6_ACCCACTGTGCACTTA,3-F-56,B cell,0,B cell,-0.089786716,4.9590034,3903,0.5406286120414734
10X_P7_6_ACCCACTGTGGTAACG,3-F-56,B cell,2,Unmatched_2,2.8879852,7.8691645,3904,1.530949354171753
10X_P7_6_ACCCACTGTTAGGGTG,3-F-56,B cell,0,B cell,1.1442238,7.356263,3905,0.6278490424156189
10X_P7_6_ACCCACTGTTTGTTGG,3-F-56,B cell,0,B cell,1.8418229,4.9728475,3906,1.5313799381256104
10X_P7_6_ACCCACTTCAGTTAGC,3-F-56,T cell,2,Unmatched_2,29.254574,0.85226375,3907,1.486741304397583
10X_P7_6_ACCCACTTCCCGACTT,3-F-56,B cell,0,B cell,0.65725464,7.3339562,3908,0.6607366800308228
10X_P7_6_ACCCACTTCCTTGCCA,3-F-56,T cell,5,natural killer cell,30.07979,-0.6047782,3909,1.9416987895965576
10X_P7_6_ACCCACTTCTCGCATC,3-F-56,B cell,0,B cell,1.2649198,4.225847,3910,0.9191595911979676
10X_P7_6_ACCGTAAAGAACTGTA,3-F-56,B cell,0,B cell,1.108669,4.4384003,3911,0.4905987977981567
10X_P7_6_ACCGTAAAGCGATGAC,3-F-56,B cell,0,B cell,2.5796888,4.833837,3912,0.9749708771705629
10X_P7_6_ACCGTAAAGCTAGGCA,3-F-56,B cell,0,B cell,2.0028472,5.041516,3913,1.0367285013198853
10X_P7_6_ACCGTAAAGTGAACGC,3-F-56,B cell,0,B cell,2.5379422,3.726122,3914,0.557523250579834
10X_P7_6_ACCGTAACACCAGTTA,3-F-56,T cell,2,Unmatched_2,26.831398,1.0062616,3915,1.2288053035736084
10X_P7_6_ACCGTAAGTCCGTTAA,3-F-56,B cell,0,B cell,2.1898572,2.430744,3916,0.4600250720977783
10X_P7_6_ACCGTAAGTTCCACAA,3-F-56,B cell,0,B cell,1.7182108,3.7909513,3917,0.6651075482368469
10X_P7_6_ACCGTAATCCTGCTTG,3-F-56,T cell,2,Unmatched_2,29.434769,0.8044419,3918,2.056771755218506
10X_P7_6_ACCGTAATCTTGAGGT,3-F-56,B cell,0,B cell,0.6060898,4.2115135,3919,0.5346687436103821
10X_P7_6_ACCTTTAAGACGCACA,3-F-56,T cell,3,T cell,25.581139,-0.19380593,3920,0.7273545861244202
10X_P7_6_ACCTTTAAGGTCATCT,3-F-56,B cell,1,Unmatched_1,3.0995061,8.454849,3921,0.5462437272071838
10X_P7_6_ACCTTTAAGTGCAAGC,3-F-56,T cell,5,natural killer cell,30.112198,-0.5723937,3922,1.812290072441101
10X_P7_6_ACCTTTAAGTTGCAGG,3-F-56,T cell,3,T cell,25.798477,-0.55046785,3923,0.6042608022689819
10X_P7_6_ACCTTTACATCAGTAC,3-F-56,B cell,0,B cell,2.0354738,3.2895882,3924,0.5528912544250488
10X_P7_6_ACCTTTACATCATCCC,3-F-56,B cell,0,B cell,0.7208782,3.1331775,3925,0.6617919206619263
10X_P7_6_ACCTTTACATCCAACA,3-F-56,B cell,0,B cell,1.8041974,4.8186626,3926,1.2148810625076294
10X_P7_6_ACCTTTACATCCGGGT,3-F-56,T cell,3,T cell,25.727133,-0.84337896,3927,0.6479703187942505
10X_P7_6_ACCTTTACATTCCTCG,3-F-56,macrophage,4,macrophage,4.806336,15.049711,3928,2.578231811523437
10X_P7_6_ACCTTTACATTCTTAC,3-F-56,B cell,0,B cell,-0.7825391,3.2173815,3929,0.8541437983512878
10X_P7_6_ACCTTTAGTAATTGGA,3-F-56,B cell,1,Unmatched_1,2.5419202,8.306091,3930,0.6306107640266418
10X_P7_6_ACCTTTAGTCGCGAAA,3-F-56,B cell,0,B cell,1.7510784,4.4023194,3931,1.4882279634475708
10X_P7_6_ACCTTTAGTTAAGGGC,3-F-56,B cell,0,B cell,0.7511812,7.5930376,3932,0.9335559010505676
10X_P7_6_ACCTTTAGTTCCGTCT,3-F-56,B cell,1,Unmatched_1,3.3561964,8.305259,3933,0.4719160795211792
10X_P7_6_ACCTTTATCCGCATAA,3-F-56,B cell,0,B cell,0.45726097,3.4914412,3934,0.7148010730743408
10X_P7_6_ACCTTTATCTGTTTGT,3-F-56,B cell,7,Unmatched_7,3.9016268,13.006038,3935,0.7150033116340637
10X_P7_6_ACCTTTATCTTGGGTA,3-F-56,T cell,2,Unmatched_2,27.330368,1.2455493,3936,0.5298613905906677
10X_P7_6_ACGAGCCAGACTCGGA,3-F-56,T cell,3,T cell,26.162397,-0.48606926,3937,0.6856830716133118
10X_P7_6_ACGAGCCAGAGACTAT,3-F-56,B cell,0,B cell,2.188207,2.4688404,3938,0.4701786935329437
10X_P7_6_ACGAGCCAGATCCGAG,3-F-56,T cell,2,Unmatched_2,27.68743,1.4492568,3939,0.7452943325042725
10X_P7_6_ACGAGCCAGATCGATA,3-F-56,B cell,0,B cell,1.1624309,3.8320944,3940,0.820959210395813
10X_P7_6_ACGAGCCAGATGTCGG,3-F-56,B cell,0,B cell,2.091661,6.3706245,3941,1.036637306213379
10X_P7_6_ACGAGCCCAGTATAAG,3-F-56,B cell,1,Unmatched_1,4.701494,7.005203,3942,0.8963423371315002
10X_P7_6_ACGAGCCCATCATCCC,3-F-56,B cell,0,B cell,2.3020768,6.7944474,3943,0.6022197008132935
10X_P7_6_ACGAGCCCATGTAAGA,3-F-56,B cell,0,B cell,0.19165649,3.787346,3944,0.4897440969944
10X_P7_6_ACGAGCCGTAGGCATG,3-F-56,B cell,0,B cell,-0.42215508,5.281837,3945,0.8632062077522278
10X_P7_6_ACGAGCCGTCTCCCTA,3-F-56,B cell,0,B cell,-0.24081822,3.4027176,3946,0.9116974472999572
10X_P7_6_ACGAGCCGTGAAATCA,3-F-56,T cell,2,Unmatched_2,29.188522,0.92166346,3947,2.302220344543457
10X_P7_6_ACGAGCCGTGTGCCTG,3-F-56,B cell,0,B cell,1.5515597,2.2567194,3948,0.9353421926498412
10X_P7_6_ACGAGCCTCACCAGGC,3-F-56,B cell,1,Unmatched_1,1.9126221,7.6183505,3949,0.7539594769477844
10X_P7_6_ACGAGCCTCAGCTTAG,3-F-56,natural killer cell,5,natural killer cell,31.041891,-2.4497652,3950,1.8961204290390012
10X_P7_6_ACGAGCCTCATGTAGC,3-F-56,B cell,1,Unmatched_1,3.5866015,8.085395,3951,1.0962367057800293
10X_P7_6_ACGAGCCTCCCAAGTA,3-F-56,B cell,0,B cell,2.7519495,2.8151238,3952,0.4502072334289551
10X_P7_6_ACGAGCCTCCTAGAAC,3-F-56,T cell,3,T cell,25.60301,-0.5245404,3953,1.2426371574401855
10X_P7_6_ACGAGGAAGGAACTGC,3-F-56,B cell,0,B cell,1.3820436,4.602699,3954,0.905654788017273
10X_P7_6_ACGAGGAAGTATCGAA,3-F-56,B cell,0,B cell,-1.1143243,4.94783,3955,1.1115378141403198
10X_P7_6_ACGAGGAAGTGTACCT,3-F-56,T cell,2,Unmatched_2,27.49171,0.8259869,3956,0.6185876727104187
10X_P7_6_ACGAGGACAATAGCAA,3-F-56,B cell,0,B cell,1.9884828,2.961445,3957,0.6960516571998596
10X_P7_6_ACGAGGACATGGGAAC,3-F-56,B cell,1,Unmatched_1,4.5229425,7.1489363,3958,1.2466875314712524
10X_P7_6_ACGAGGAGTACAGACG,3-F-56,T cell,2,Unmatched_2,27.430197,1.1033845,3959,0.6772667765617371
10X_P7_6_ACGAGGAGTACAGTGG,3-F-56,B cell,0,B cell,0.4554941,2.6305783,3960,0.99477881193161
10X_P7_6_ACGAGGAGTCTGATTG,3-F-56,B cell,0,B cell,-0.7969989,5.8397794,3961,0.7073491811752319
10X_P7_6_ACGAGGAGTGCCTTGG,3-F-56,B cell,0,B cell,1.9655695,4.6144037,3962,1.2572638988494873
10X_P7_6_ACGAGGAGTGTTTGTG,3-F-56,B cell,1,Unmatched_1,3.1100786,8.037746,3963,0.4231069684028625
10X_P7_6_ACGAGGAGTTAAGACA,3-F-56,B cell,0,B cell,-0.71970576,3.6207232,3964,0.4924705624580383
10X_P7_6_ACGAGGATCAGTTGAC,3-F-56,B cell,1,Unmatched_1,2.3882146,7.9843645,3965,0.6449053883552551
10X_P7_6_ACGAGGATCGGAATCT,3-F-56,B cell,0,B cell,1.7848085,3.172625,3966,0.5646816492080688
10X_P7_6_ACGATACAGAACTGTA,3-F-56,B cell,0,B cell,1.2878453,2.8536928,3967,1.457430720329285
10X_P7_6_ACGATACAGTGTTAGA,3-F-56,B cell,1,Unmatched_1,3.005126,8.570151,3968,0.42332324385643
10X_P7_6_ACGATACCAAGTCTGT,3-F-56,B cell,1,Unmatched_1,4.8452115,7.1680293,3969,1.4724204540252686
10X_P7_6_ACGATACCACAGGCCT,3-F-56,B cell,0,B cell,2.234112,5.6782537,3970,1.0459935665130615
10X_P7_6_ACGATACCACATTTCT,3-F-56,T cell,2,Unmatched_2,27.469875,1.3462712,3971,1.5800232887268066
10X_P7_6_ACGATACCACGTAAGG,3-F-56,B cell,0,B cell,-1.7140489,4.189503,3972,0.8115008473396301
10X_P7_6_ACGATACCAGCTGTAT,3-F-56,B cell,0,B cell,2.4598916,5.90095,3973,0.9525133371353148
10X_P7_6_ACGATACGTAAGGGAA,3-F-56,B cell,0,B cell,0.86192197,5.5570464,3974,1.0985280275344849
10X_P7_6_ACGATACGTACTCGCG,3-F-56,B cell,0,B cell,2.5669935,4.3461776,3975,0.8172072768211365
10X_P7_6_ACGATACGTATTAGCC,3-F-56,B cell,0,B cell,2.2417,2.9104495,3976,0.5468851327896118
10X_P7_6_ACGATACGTATTCTCT,3-F-56,B cell,0,B cell,1.5894347,2.7700691,3977,0.4994060695171356
10X_P7_6_ACGATACGTTCAACCA,3-F-56,B cell,0,B cell,2.4374897,2.7210267,3978,0.4687618315219879
10X_P7_6_ACGATACGTTCCCTTG,3-F-56,T cell,3,T cell,26.086622,-0.8146941,3979,0.8912644386291504
10X_P7_6_ACGATACGTTTCGCTC,3-F-56,B cell,1,Unmatched_1,1.5776045,7.4676642,3980,1.0624885559082031
10X_P7_6_ACGATACGTTTGTTTC,3-F-56,B cell,0,B cell,0.031072447,7.0191126,3981,0.9212841391563416
10X_P7_6_ACGATACTCAAACGGG,3-F-56,T cell,3,T cell,25.87751,-1.2076371,3982,0.6715356707572937
10X_P7_6_ACGATACTCGAGCCCA,3-F-56,macrophage,4,macrophage,3.6794055,15.731237,3983,1.6825603246688845
10X_P7_6_ACGATACTCTGCGACG,3-F-56,T cell,3,T cell,26.08898,-0.9384353,3984,0.5622812509536743
10X_P7_6_ACGATACTCTTTACAC,3-F-56,T cell,2,Unmatched_2,27.457306,0.72127914,3985,0.5587573647499084
10X_P7_6_ACGATGTAGAACTGTA,3-F-56,T cell,2,Unmatched_2,27.817766,0.77123666,3986,0.7134103178977966
10X_P7_6_ACGATGTAGACATAAC,3-F-56,B cell,0,B cell,1.1235603,5.182096,3987,0.9227966070175172
10X_P7_6_ACGATGTAGCCTCGTG,3-F-56,macrophage,4,macrophage,4.629161,15.183922,3988,2.7916691303253174
10X_P7_6_ACGATGTAGTGAATTG,3-F-56,T cell,5,natural killer cell,29.929182,-0.6600812,3989,2.0388379096984863
10X_P7_6_ACGATGTCAATAGCAA,3-F-56,B cell,0,B cell,2.160257,4.8559856,3990,0.7629015445709229
10X_P7_6_ACGATGTGTGGTTTCA,3-F-56,T cell,5,natural killer cell,29.908081,-0.56917197,3991,1.5616633892059326
10X_P7_6_ACGATGTGTGTTTGTG,3-F-56,B cell,0,B cell,1.3856835,5.430781,3992,0.6175717711448669
10X_P7_6_ACGATGTGTTCTGAAC,3-F-56,B cell,0,B cell,0.65908957,4.767504,3993,0.4930667877197265
10X_P7_6_ACGATGTTCAGTTCGA,3-F-56,T cell,2,Unmatched_2,27.54797,1.0387421,3994,0.7533334493637085
10X_P7_6_ACGATGTTCCCTTGCA,3-F-56,T cell,3,T cell,26.817963,-1.1178286,3995,0.8003600835800171
10X_P7_6_ACGATGTTCTCAACTT,3-F-56,natural killer cell,5,natural killer cell,30.393715,-1.4394131,3996,3.1079540252685547
10X_P7_6_ACGATGTTCTTGAGAC,3-F-56,B cell,2,Unmatched_2,24.929651,1.9131004,3997,1.0969562530517578
10X_P7_6_ACGATGTTCTTGTCAT,3-F-56,B cell,0,B cell,1.707844,5.6621575,3998,1.325325846672058
10X_P7_6_ACGCAGCAGAATAGGG,3-F-56,B cell,1,Unmatched_1,4.6954913,7.1862454,3999,1.475974678993225
10X_P7_6_ACGCAGCCACCAGTTA,3-F-56,B cell,0,B cell,0.1934715,5.853103,4000,0.6132709980010986
10X_P7_6_ACGCAGCCACCTGGTG,3-F-56,B cell,1,Unmatched_1,3.9217849,7.654057,4001,0.8906625509262085
10X_P7_6_ACGCAGCGTAGGGACT,3-F-56,B cell,0,B cell,-0.06494042,3.8988998,4002,0.4797336757183075
10X_P7_6_ACGCAGCGTATAATGG,3-F-56,T cell,2,Unmatched_2,27.343452,1.3592672,4003,0.8745561242103577
10X_P7_6_ACGCAGCGTCTTCTCG,3-F-56,B cell,0,B cell,2.2580504,3.7973993,4004,1.209898591041565
10X_P7_6_ACGCAGCGTGCAACGA,3-F-56,B cell,0,B cell,0.6062482,5.2868423,4005,0.4728958904743194
10X_P7_6_ACGCAGCGTGTCCTCT,3-F-56,B cell,0,B cell,1.8420719,2.003938,4006,0.5630710124969482
10X_P7_6_ACGCAGCGTGTGCGTC,3-F-56,T cell,3,T cell,25.83752,-0.35856614,4007,0.5966119170188904
10X_P7_6_ACGCAGCTCAGGTTCA,3-F-56,T cell,2,Unmatched_2,26.610374,1.275132,4008,0.7684217095375061
10X_P7_6_ACGCAGCTCCAGATCA,3-F-56,B cell,0,B cell,2.4559398,6.823143,4009,0.4848673045635223
10X_P7_6_ACGCAGCTCGTTTGCC,3-F-56,B cell,0,B cell,1.6280903,3.1313286,4010,0.602821409702301
10X_P7_6_ACGCAGCTCTTTACAC,3-F-56,B cell,0,B cell,0.43223563,6.336944,4011,1.0064843893051147
10X_P7_6_ACGCCAGAGCAGGTCA,3-F-56,B cell,0,B cell,2.5399396,4.1210856,4012,1.3084115982055664
10X_P7_6_ACGCCAGAGGATGCGT,3-F-56,B cell,0,B cell,0.11659982,4.2954736,4013,0.5866186022758484
10X_P7_6_ACGCCAGAGGGCATGT,3-F-56,B cell,0,B cell,0.15784451,3.5905588,4014,0.575880765914917
10X_P7_6_ACGCCAGAGTACGTTC,3-F-56,B cell,0,B cell,-0.46929616,3.8672142,4015,0.4573908448219299
10X_P7_6_ACGCCAGAGTGAACAT,3-F-56,T cell,3,T cell,25.990404,-0.7578314,4016,0.7548744678497314
10X_P7_6_ACGCCAGAGTGTGGCA,3-F-56,B cell,0,B cell,1.9705161,5.9582543,4017,0.8142309784889221
10X_P7_6_ACGCCAGAGTTCCACA,3-F-56,B cell,1,Unmatched_1,2.0291119,7.2291894,4018,0.9004718661308289
10X_P7_6_ACGCCAGCAAGTCATC,3-F-56,B cell,0,B cell,1.6639577,5.4343567,4019,1.5810304880142212
10X_P7_6_ACGCCAGCACGGACAA,3-F-56,B cell,0,B cell,0.72349,4.2947974,4020,0.4586758315563202
10X_P7_6_ACGCCAGCATGGGAAC,3-F-56,B cell,0,B cell,-0.90072054,3.637751,4021,0.6792204976081848
10X_P7_6_ACGCCAGCATGTAGTC,3-F-56,B cell,3,T cell,28.331514,-1.2845033,4022,1.5700479745864868
10X_P7_6_ACGCCAGGTAGAAAGG,3-F-56,B cell,0,B cell,0.09368371,4.800205,4023,0.459159642457962
10X_P7_6_ACGCCAGGTAGCCTAT,3-F-56,B cell,0,B cell,2.0379367,2.5736327,4024,0.5128236413002014
10X_P7_6_ACGCCAGGTATTCGTG,3-F-56,B cell,0,B cell,0.4838183,5.303207,4025,0.5137913823127747
10X_P7_6_ACGCCAGGTGTCCTCT,3-F-56,B cell,0,B cell,0.7516092,4.1006627,4026,0.4693350791931152
10X_P7_6_ACGCCAGGTGTTCTTT,3-F-56,B cell,0,B cell,-0.6286498,3.5312996,4027,0.5353633761405945
10X_P7_6_ACGCCAGTCAAACAAG,3-F-56,B cell,0,B cell,1.2729863,5.536745,4028,0.953596293926239
10X_P7_6_ACGCCAGTCACGAAGG,3-F-56,T cell,3,T cell,28.157454,-1.505951,4029,0.9330434799194336
10X_P7_6_ACGCCAGTCCAGAGGA,3-F-56,T cell,2,Unmatched_2,27.600624,1.3192708,4030,0.4966411888599396
10X_P7_6_ACGCCAGTCGGCGCAT,3-F-56,B cell,1,Unmatched_1,3.3253973,8.578952,4031,0.49039426445961
10X_P7_6_ACGCCAGTCTTCTGGC,3-F-56,B cell,1,Unmatched_1,3.256686,8.415548,4032,0.5314673185348511
10X_P7_6_ACGCCGAAGCACCGTC,3-F-56,B cell,0,B cell,1.4280761,4.2013917,4033,0.8066756725311279
10X_P7_6_ACGCCGACATTCCTCG,3-F-56,T cell,3,T cell,26.409853,-0.69549674,4034,0.6357343196868896
10X_P7_6_ACGCCGAGTAGCAAAT,3-F-56,T cell,3,T cell,25.769772,-1.1548069,4035,0.6208301782608032
10X_P7_6_ACGCCGAGTCTCCACT,3-F-56,B cell,1,Unmatched_1,3.6097016,8.017849,4036,0.534437358379364
10X_P7_6_ACGCCGAGTCTTCAAG,3-F-56,B cell,0,B cell,-0.57435715,5.0093555,4037,0.636296272277832
10X_P7_6_ACGCCGAGTTAAGGGC,3-F-56,B cell,3,T cell,26.973276,-0.5122254,4038,1.7848049402236938
10X_P7_6_ACGCCGAGTTTAGCTG,3-F-56,B cell,0,B cell,3.107248,4.484735,4039,0.8926609754562378
10X_P7_6_ACGCCGATCAAGCCTA,3-F-56,T cell,2,Unmatched_2,27.50832,0.9816516,4040,0.5357969403266907
10X_P7_6_ACGCCGATCCAAAGTC,3-F-56,macrophage,4,macrophage,2.130044,15.955764,4041,2.8559908866882324
10X_P7_6_ACGCCGATCGGAGCAA,3-F-56,B cell,0,B cell,1.8976437,3.60581,4042,0.5535809993743896
10X_P7_6_ACGCCGATCGTTGCCT,3-F-56,T cell,2,Unmatched_2,28.59367,0.27962908,4043,1.324081301689148
10X_P7_6_ACGCCGATCTTGAGGT,3-F-56,B cell,2,Unmatched_2,24.947145,1.9310912,4044,1.4949488639831543
10X_P7_6_ACGGAGAAGCGTTTAC,3-F-56,B cell,0,B cell,1.3190601,2.2630174,4045,0.7385247349739075
10X_P7_6_ACGGAGACACCAGGTC,3-F-56,B cell,0,B cell,1.9841827,5.0183477,4046,0.8055087924003601
10X_P7_6_ACGGAGACAGTGGAGT,3-F-56,B cell,0,B cell,-2.043003,5.476361,4047,1.2217156887054443
10X_P7_6_ACGGAGAGTAAATGAC,3-F-56,B cell,0,B cell,2.1631434,5.2471533,4048,1.2777962684631348
10X_P7_6_ACGGAGAGTAATCGTC,3-F-56,B cell,0,B cell,1.4744122,4.5484877,4049,0.8002525568008423
10X_P7_6_ACGGAGAGTACTCGCG,3-F-56,T cell,2,Unmatched_2,28.430407,0.4688528,4050,1.3483179807662964
10X_P7_6_ACGGAGAGTCTAGCGC,3-F-56,B cell,0,B cell,2.5530086,3.2171314,4051,0.4412986040115356
10X_P7_6_ACGGAGAGTGGCGAAT,3-F-56,T cell,3,T cell,28.130367,-1.4638559,4052,0.9994288682937622
10X_P7_6_ACGGAGATCACATAGC,3-F-56,B cell,0,B cell,1.0628018,4.0662894,4053,0.5844078660011292
10X_P7_6_ACGGAGATCAGGTTCA,3-F-56,B cell,0,B cell,0.41091332,2.6556246,4054,0.6268576979637146
10X_P7_6_ACGGAGATCATGTAGC,3-F-56,B cell,0,B cell,0.30283114,4.325825,4055,0.4040167033672333
10X_P7_6_ACGGAGATCGACGGAA,3-F-56,B cell,0,B cell,0.32420078,3.576281,4056,0.911413073539734
10X_P7_6_ACGGAGATCGCACTCT,3-F-56,B cell,0,B cell,1.8771236,4.198542,4057,1.1891599893569946
10X_P7_6_ACGGAGATCTGCTGTC,3-F-56,B cell,0,B cell,1.8347502,7.100027,4058,0.7664526104927063
10X_P7_6_ACGGCCACAGTTCATG,3-F-56,B cell,0,B cell,0.9953229,4.6387315,4059,0.6700311303138733
10X_P7_6_ACGGCCACATTGGCGC,3-F-56,B cell,0,B cell,1.9502723,2.5028324,4060,0.5675912499427795
10X_P7_6_ACGGCCAGTACCGTTA,3-F-56,B cell,0,B cell,0.8932987,4.4810443,4061,0.7972065806388855
10X_P7_6_ACGGCCAGTCGAAAGC,3-F-56,dendritic cell,8,dendritic cell,3.568271,17.834944,4062,3.190691471099853
10X_P7_6_ACGGCCATCAACCAAC,3-F-56,B cell,0,B cell,1.4049883,5.5182695,4063,1.188752293586731
10X_P7_6_ACGGCCATCAATCACG,3-F-56,T cell,2,Unmatched_2,28.626923,0.15293431,4064,1.2363262176513672
10X_P7_6_ACGGGCTAGAAGGCCT,3-F-56,B cell,0,B cell,1.817502,2.2528071,4065,0.6319425106048584
10X_P7_6_ACGGGCTAGACCACGA,3-F-56,T cell,3,T cell,28.654903,-1.3726141,4066,1.3102458715438845
10X_P7_6_ACGGGCTAGACTAAGT,3-F-56,B cell,0,B cell,0.93539625,3.8807497,4067,0.6927900910377502
10X_P7_6_ACGGGCTAGATGCCAG,3-F-56,B cell,6,Unmatched_6,0.3224997,10.988066,4068,1.764089584350586
10X_P7_6_ACGGGCTAGCTAAACA,3-F-56,macrophage,4,macrophage,2.520814,16.44843,4069,1.7118487358093262
10X_P7_6_ACGGGCTAGGAGTTTA,3-F-56,B cell,0,B cell,-1.9239565,5.4699016,4070,1.128515124320984
10X_P7_6_ACGGGCTAGGCACATG,3-F-56,B cell,0,B cell,0.90755486,4.130507,4071,0.7137667536735535
10X_P7_6_ACGGGCTCACGGTGTC,3-F-56,B cell,1,Unmatched_1,3.2835188,8.095389,4072,0.4815077781677246
10X_P7_6_ACGGGCTGTACTTAGC,3-F-56,B cell,0,B cell,2.2082431,2.6041684,4073,0.8825110793113708
10X_P7_6_ACGGGCTGTAGCTGCC,3-F-56,B cell,1,Unmatched_1,3.1617718,8.069526,4074,0.404494434595108
10X_P7_6_ACGGGCTGTCAATACC,3-F-56,B cell,0,B cell,-0.31574905,3.366205,4075,0.5056422352790833
10X_P7_6_ACGGGCTGTCTCCACT,3-F-56,B cell,0,B cell,2.0748565,3.6084516,4076,0.6204826831817627
10X_P7_6_ACGGGCTGTGTCCTCT,3-F-56,B cell,0,B cell,1.7186716,3.366364,4077,0.6818671822547913
10X_P7_6_ACGGGCTGTTAAGGGC,3-F-56,T cell,2,Unmatched_2,26.995022,1.0454732,4078,0.6843203902244568
10X_P7_6_ACGGGCTGTTTGTGTG,3-F-56,B cell,0,B cell,2.6236548,2.907822,4079,0.538213849067688
10X_P7_6_ACGGGCTTCATAACCG,3-F-56,macrophage,4,macrophage,5.285589,16.154839,4080,2.337144374847412
10X_P7_6_ACGGGCTTCCCTCAGT,3-F-56,T cell,2,Unmatched_2,26.835875,1.1225808,4081,0.5604676604270935
10X_P7_6_ACGGGTCAGCCAGAAC,3-F-56,B cell,0,B cell,0.007800745,6.9540434,4082,0.9421404600143432
10X_P7_6_ACGGGTCAGCTAAACA,3-F-56,B cell,0,B cell,1.7729514,7.2365155,4083,1.2446094751358032
10X_P7_6_ACGGGTCCAAAGGCGT,3-F-56,B cell,0,B cell,0.19744521,3.7403076,4084,0.5037933588027954
10X_P7_6_ACGGGTCCAATGGATA,3-F-56,B cell,1,Unmatched_1,3.4577956,8.109244,4085,1.0218729972839355
10X_P7_6_ACGGGTCCACAAGCCC,3-F-56,B cell,0,B cell,2.291104,2.997401,4086,0.485678881406784
10X_P7_6_ACGGGTCCAGTAACGG,3-F-56,B cell,0,B cell,2.159771,4.223523,4087,1.84869647026062
10X_P7_6_ACGGGTCCATGTAGTC,3-F-56,B cell,1,Unmatched_1,2.4716263,7.4610877,4088,0.5255681276321411
10X_P7_6_ACGGGTCGTAAAGTCA,3-F-56,B cell,0,B cell,1.9344302,1.983672,4089,0.8911826014518738
10X_P7_6_ACGGGTCGTAAGGATT,3-F-56,B cell,0,B cell,-0.8854727,4.264177,4090,0.8174400925636292
10X_P7_6_ACGGGTCGTATCTGCA,3-F-56,B cell,0,B cell,2.6661348,7.034524,4091,0.5798028111457825
10X_P7_6_ACGGGTCTCAACTCTT,3-F-56,B cell,0,B cell,1.9416016,2.3358517,4092,0.4585713148117065
10X_P7_6_ACGGGTCTCAGGCGAA,3-F-56,macrophage,4,macrophage,3.6525574,15.731101,4093,1.479325532913208
10X_P7_6_ACGGGTCTCCACTCCA,3-F-56,T cell,3,T cell,27.931372,-1.3127611,4094,1.1027008295059204
10X_P7_6_ACGTCAAAGACTTTCG,3-F-56,natural killer cell,5,natural killer cell,31.028032,-2.5048175,4095,1.7609843015670776
10X_P7_6_ACGTCAAAGAGTGACC,3-F-56,B cell,0,B cell,2.0300019,6.710071,4096,0.6259610652923584
10X_P7_6_ACGTCAAAGCGATAGC,3-F-56,B cell,0,B cell,1.2739191,6.3646326,4097,0.7906606197357178
10X_P7_6_ACGTCAACAAACGTGG,3-F-56,B cell,0,B cell,1.9043872,6.287897,4098,0.5722396373748779
10X_P7_6_ACGTCAACAGGAATGC,3-F-56,B cell,0,B cell,1.8219965,4.022955,4099,0.6559653282165527
10X_P7_6_ACGTCAACATAACCTG,3-F-56,B cell,0,B cell,1.7086358,4.8371773,4100,0.8152245879173279
10X_P7_6_ACGTCAAGTTTGGGCC,3-F-56,B cell,1,Unmatched_1,4.3259983,7.1416345,4101,1.4282479286193848
10X_P7_6_ACGTCAATCAACGAAA,3-F-56,T cell,3,T cell,26.043114,-0.5018817,4102,0.582256019115448
10X_P7_6_ACGTCAATCACAATGC,3-F-56,B cell,1,Unmatched_1,4.8006134,7.1557727,4103,0.8221413493156433
10X_P7_6_ACGTCAATCATCGGAT,3-F-56,T cell,2,Unmatched_2,27.223976,1.0463204,4104,0.5334706902503967
10X_P7_6_ACTATCTAGTTAGGTA,3-F-56,T cell,2,Unmatched_2,27.184025,1.0316875,4105,0.5149664878845215
10X_P7_6_ACTATCTCAAATTGCC,3-F-56,B cell,1,Unmatched_1,2.6838746,8.0914545,4106,0.5613123178482056
10X_P7_6_ACTATCTCACACGCTG,3-F-56,B cell,0,B cell,1.6783445,6.0184393,4107,0.6060978770256042
10X_P7_6_ACTATCTCAGACTCGC,3-F-56,B cell,0,B cell,1.417952,2.4486108,4108,0.5881693959236145
10X_P7_6_ACTATCTCATGGATGG,3-F-56,T cell,3,T cell,27.49407,0.07703482,4109,1.347237229347229
10X_P7_6_ACTATCTCATGGTAGG,3-F-56,B cell,0,B cell,0.8910585,5.703009,4110,0.972330629825592
10X_P7_6_ACTATCTGTCAACTGT,3-F-56,T cell,3,T cell,25.738823,-0.6481415,4111,1.0112184286117554
10X_P7_6_ACTATCTTCATTATCC,3-F-56,B cell,0,B cell,1.0119437,2.1617422,4112,0.6320421099662781
10X_P7_6_ACTATCTTCGAATGCT,3-F-56,B cell,0,B cell,2.4468727,3.3307884,4113,0.570777952671051
10X_P7_6_ACTGAACAGCGTAGTG,3-F-56,T cell,3,T cell,28.12178,-1.4519063,4114,0.9322670102119446
10X_P7_6_ACTGAACAGCTAGTGG,3-F-56,B cell,0,B cell,1.2709249,4.562171,4115,0.8776018619537354
10X_P7_6_ACTGAACAGTCTCAAC,3-F-56,B cell,2,Unmatched_2,24.93718,1.919994,4116,1.2954500913619995
10X_P7_6_ACTGAACCACACCGCA,3-F-56,B cell,0,B cell,0.6729618,5.1720757,4117,0.7400458455085754
10X_P7_6_ACTGAACCACGAAAGC,3-F-56,T cell,5,natural killer cell,29.930723,-0.70301074,4118,1.997371792793274
10X_P7_6_ACTGAACCAGACAAGC,3-F-56,T cell,3,T cell,25.931303,-0.47430786,4119,0.7895294427871704
10X_P7_6_ACTGAACCAGGAATCG,3-F-56,macrophage,4,macrophage,1.8779795,16.764135,4120,1.5220235586166382
10X_P7_6_ACTGAACCATTTCAGG,3-F-56,B cell,0,B cell,2.7409859,3.689226,4121,0.5493357181549072
10X_P7_6_ACTGAACGTCAATACC,3-F-56,T cell,3,T cell,26.793291,-0.57129633,4122,0.6381925940513611
10X_P7_6_ACTGAACTCTGTCTCG,3-F-56,B cell,0,B cell,0.8483269,4.6586533,4123,0.618012547492981
10X_P7_6_ACTGAGTAGAACAACT,3-F-56,B cell,0,B cell,0.31722206,2.8730452,4124,0.7750402092933655
10X_P7_6_ACTGAGTAGATCCGAG,3-F-56,T cell,3,T cell,25.740898,-0.73092145,4125,0.574930727481842
10X_P7_6_ACTGAGTAGGCCCTCA,3-F-56,B cell,0,B cell,1.0297589,4.4808273,4126,0.8405027389526367
10X_P7_6_ACTGAGTAGTGACTCT,3-F-56,B cell,0,B cell,1.2088926,7.635078,4127,0.7539687752723694
10X_P7_6_ACTGAGTCAAAGGAAG,3-F-56,B cell,0,B cell,-0.6679287,4.973681,4128,0.7097549438476562
10X_P7_6_ACTGAGTCAGCTGTGC,3-F-56,B cell,0,B cell,1.050621,3.8622258,4129,0.8413286805152893
10X_P7_6_ACTGAGTCAGGACGTA,3-F-56,T cell,2,Unmatched_2,27.5087,1.0144739,4130,0.5955392122268677
10X_P7_6_ACTGAGTGTACGAAAT,3-F-56,B cell,0,B cell,0.6436512,5.012015,4131,0.4194817245006561
10X_P7_6_ACTGAGTGTATTCGTG,3-F-56,B cell,1,Unmatched_1,2.771611,7.9484534,4132,0.4853947460651397
10X_P7_6_ACTGAGTGTTACCAGT,3-F-56,B cell,0,B cell,1.4015073,4.567793,4133,1.1460504531860352
10X_P7_6_ACTGAGTTCCGATATG,3-F-56,macrophage,4,macrophage,2.5035741,16.46398,4134,1.760339856147766
10X_P7_6_ACTGAGTTCTACCTGC,3-F-56,B cell,0,B cell,2.6693957,2.9147613,4135,0.5831291079521179
10X_P7_6_ACTGATGAGGAGTACC,3-F-56,T cell,3,T cell,28.65381,-0.39210972,4136,1.9169913530349727
10X_P7_6_ACTGATGAGGCATTGG,3-F-56,B cell,0,B cell,-0.26959488,3.5550103,4137,0.9583436846733092
10X_P7_6_ACTGATGCAAATCCGT,3-F-56,B cell,0,B cell,1.3963491,4.5121,4138,0.5070580840110779
10X_P7_6_ACTGATGCACGCCAGT,3-F-56,B cell,1,Unmatched_1,3.1271954,8.512381,4139,0.4896186590194702
10X_P7_6_ACTGATGCAGGTCGTC,3-F-56,B cell,1,Unmatched_1,3.4023197,8.415626,4140,0.6289458274841309
10X_P7_6_ACTGATGGTCAGAGGT,3-F-56,B cell,0,B cell,0.4964727,4.928169,4141,0.4352500736713409
10X_P7_6_ACTGATGTCATAGCAC,3-F-56,B cell,1,Unmatched_1,3.1370037,8.531737,4142,0.4915941953659057
10X_P7_6_ACTGATGTCGTGGGAA,3-F-56,B cell,1,Unmatched_1,3.2453308,8.294387,4143,0.462826520204544
10X_P7_6_ACTGCTCAGATCCCGC,3-F-56,B cell,0,B cell,2.1723216,6.6908946,4144,0.6047052145004272
10X_P7_6_ACTGCTCAGGGCACTA,3-F-56,T cell,3,T cell,27.182095,-0.47201687,4145,1.1836479902267456
10X_P7_6_ACTGCTCAGTGGACGT,3-F-56,T cell,3,T cell,26.552715,-0.99296623,4146,0.7261794805526733
10X_P7_6_ACTGCTCAGTGGGATC,3-F-56,B cell,0,B cell,0.98354024,3.387663,4147,1.1302292346954346
10X_P7_6_ACTGCTCCAATGTAAG,3-F-56,B cell,6,Unmatched_6,0.7425686,11.467804,4148,5.334986209869385
10X_P7_6_ACTGCTCCACAGTCGC,3-F-56,T cell,3,T cell,26.472054,-0.30624098,4149,0.8326146006584167
10X_P7_6_ACTGCTCCACCAGGCT,3-F-56,B cell,6,Unmatched_6,-0.3339482,12.04109,4150,3.7071642875671382
10X_P7_6_ACTGCTCCACTGTGTA,3-F-56,T cell,3,T cell,26.868963,-0.7429983,4151,0.8961641192436218
10X_P7_6_ACTGCTCCACTGTTAG,3-F-56,B cell,0,B cell,-0.15447326,6.7822304,4152,1.1023491621017456
10X_P7_6_ACTGCTCCATGGTCAT,3-F-56,B cell,0,B cell,-0.4547754,3.2890155,4153,0.6993577480316162
10X_P7_6_ACTGCTCGTGTGGTTT,3-F-56,B cell,0,B cell,2.1757205,6.524417,4154,0.4902414083480835
10X_P7_6_ACTGCTCGTTGATTCG,3-F-56,B cell,1,Unmatched_1,2.5940785,8.356117,4155,0.5279170870780945
10X_P7_6_ACTGCTCTCAGTACGT,3-F-56,B cell,0,B cell,0.028604755,4.932772,4156,0.7025998830795288
10X_P7_6_ACTGCTCTCAGTGCAT,3-F-56,T cell,3,T cell,25.820251,-0.7398584,4157,0.6490776538848877
10X_P7_6_ACTGCTCTCCAAACAC,3-F-56,B cell,0,B cell,-0.7215995,4.689299,4158,0.6258640885353088
10X_P7_6_ACTGCTCTCCAGGGCT,3-F-56,B cell,1,Unmatched_1,-2.709324,4.007247,4159,1.5245404243469238
10X_P7_6_ACTGTCCAGATCCCAT,3-F-56,B cell,1,Unmatched_1,2.4993095,8.5025,4160,0.4660933911800384
10X_P7_6_ACTGTCCCAAACGTGG,3-F-56,macrophage,4,macrophage,3.6431196,15.749539,4161,1.4810118675231934
10X_P7_6_ACTGTCCCACAACTGT,3-F-56,B cell,0,B cell,2.516584,3.0597117,4162,0.4576324224472046
10X_P7_6_ACTGTCCCAGTTAACC,3-F-56,B cell,0,B cell,-0.70338386,3.4976444,4163,0.7385095953941345
10X_P7_6_ACTGTCCCATGGTAGG,3-F-56,B cell,0,B cell,-2.0108225,5.5603805,4164,1.605683445930481
10X_P7_6_ACTGTCCGTCATGCAT,3-F-56,B cell,1,Unmatched_1,1.7304789,7.957273,4165,1.1051205396652222
10X_P7_6_ACTGTCCGTCCTAGCG,3-F-56,B cell,0,B cell,-0.4021819,4.0372844,4166,0.7687272429466248
10X_P7_6_ACTGTCCGTCGAATCT,3-F-56,B cell,0,B cell,2.631602,4.440599,4167,0.4326286017894745
10X_P7_6_ACTGTCCGTCTAAACC,3-F-56,B cell,1,Unmatched_1,1.8120258,7.782518,4168,0.5132975578308105
10X_P7_6_ACTGTCCGTCTAGCCG,3-F-56,B cell,7,Unmatched_7,4.000531,13.07825,4169,0.7484105825424194
10X_P7_6_ACTGTCCGTTACCGAT,3-F-56,B cell,0,B cell,1.5730313,2.7824779,4170,0.9111191034317015
10X_P7_6_ACTGTCCGTTGGGACA,3-F-56,B cell,0,B cell,0.7284674,4.331709,4171,0.476900190114975
10X_P7_6_ACTGTCCTCCACGACG,3-F-56,B cell,0,B cell,1.6143612,2.3333747,4172,0.9131847023963928
10X_P7_6_ACTGTCCTCTTGGGTA,3-F-56,B cell,0,B cell,0.914376,3.5716474,4173,0.9250037670135498
10X_P7_6_ACTTACTAGATGCCAG,3-F-56,B cell,0,B cell,-0.92250687,3.3724422,4174,1.2358715534210205
10X_P7_6_ACTTACTAGCAGGCTA,3-F-56,macrophage,4,macrophage,2.0772862,15.921656,4175,2.8559908866882324
10X_P7_6_ACTTACTAGCGTGAAC,3-F-56,B cell,0,B cell,1.5592527,6.924553,4176,0.9951486587524414
10X_P7_6_ACTTACTCAGGCTCAC,3-F-56,B cell,0,B cell,-2.0746996,5.5847363,4177,1.492059588432312
10X_P7_6_ACTTACTCATTCACTT,3-F-56,B cell,0,B cell,-0.7660388,4.137163,4178,0.7297695875167847
10X_P7_6_ACTTACTGTAAAGGAG,3-F-56,natural killer cell,5,natural killer cell,30.978378,-2.4425745,4179,1.4593604803085327
10X_P7_6_ACTTACTGTAAGTAGT,3-F-56,B cell,0,B cell,-0.69751596,3.4567733,4180,0.7203772068023682
10X_P7_6_ACTTACTGTAGCTAAA,3-F-56,B cell,0,B cell,0.10054304,4.238867,4181,0.3950350880622864
10X_P7_6_ACTTACTGTCTAAAGA,3-F-56,T cell,3,T cell,25.737207,-1.0669959,4182,0.6514798998832703
10X_P7_6_ACTTACTGTGCTCTTC,3-F-56,B cell,1,Unmatched_1,2.9250185,7.2938833,4183,0.7669129967689514
10X_P7_6_ACTTACTTCACAGTAC,3-F-56,B cell,0,B cell,-1.4239808,4.1137176,4184,0.6934176087379456
10X_P7_6_ACTTACTTCCAAACTG,3-F-56,B cell,1,Unmatched_1,1.8490616,6.509895,4185,0.7878026366233826
10X_P7_6_ACTTACTTCGAGAGCA,3-F-56,T cell,3,T cell,28.189249,-1.2663274,4186,1.1848262548446655
10X_P7_6_ACTTACTTCTCGGACG,3-F-56,natural killer cell,5,natural killer cell,30.688793,-2.1532528,4187,3.218928337097168
10X_P7_6_ACTTACTTCTCGTATT,3-F-56,B cell,0,B cell,-0.9990008,3.2881896,4188,0.9313737750053406
10X_P7_6_ACTTGTTAGAAACCAT,3-F-56,B cell,1,Unmatched_1,2.521379,7.6563835,4189,0.4777686595916748
10X_P7_6_ACTTGTTAGAGACTAT,3-F-56,B cell,0,B cell,1.887632,2.8633785,4190,0.5894755125045776
10X_P7_6_ACTTGTTCAAGCGTAG,3-F-56,B cell,1,Unmatched_1,2.5975435,7.848417,4191,0.5722616910934448
10X_P7_6_ACTTGTTCACAGTCGC,3-F-56,T cell,2,Unmatched_2,27.64119,0.5579183,4192,0.7316662073135376
10X_P7_6_ACTTGTTGTACTCTCC,3-F-56,B cell,0,B cell,0.71548575,5.136771,4193,0.5482799410820007
10X_P7_6_ACTTGTTGTAGAAAGG,3-F-56,B cell,0,B cell,1.9913691,3.6555023,4194,0.590379536151886
10X_P7_6_ACTTGTTGTCACCTAA,3-F-56,T cell,3,T cell,28.445051,-1.2272874,4195,1.6348397731781006
10X_P7_6_ACTTGTTGTCTCAACA,3-F-56,B cell,1,Unmatched_1,2.558011,8.186732,4196,0.5824903249740601
10X_P7_6_ACTTGTTGTCTCCATC,3-F-56,B cell,1,Unmatched_1,3.9855065,7.616699,4197,1.0690147876739502
10X_P7_6_ACTTGTTGTGCCTGCA,3-F-56,macrophage,4,macrophage,3.6396167,15.782035,4198,1.6123813390731812
10X_P7_6_ACTTGTTGTGTTTGGT,3-F-56,T cell,3,T cell,25.961123,-1.2913048,4199,0.7730374932289124
10X_P7_6_ACTTGTTGTGTTTGTG,3-F-56,T cell,2,Unmatched_2,26.82642,1.3209578,4200,0.6700934767723083
10X_P7_6_ACTTGTTTCACCAGGC,3-F-56,B cell,0,B cell,1.557728,6.852667,4201,0.6783065795898438
10X_P7_6_ACTTGTTTCAGCGATT,3-F-56,B cell,0,B cell,1.2059956,2.0339537,4202,1.1094387769699097
10X_P7_6_ACTTGTTTCCGCGTTT,3-F-56,T cell,2,Unmatched_2,27.370657,0.75676775,4203,0.9066872596740724
10X_P7_6_ACTTGTTTCGCCCTTA,3-F-56,B cell,0,B cell,2.3703785,6.574286,4204,0.827530026435852
10X_P7_6_ACTTGTTTCTCAAACG,3-F-56,B cell,0,B cell,0.6312237,7.295453,4205,1.1347875595092771
10X_P7_6_ACTTTCAAGAATGTGT,3-F-56,B cell,1,Unmatched_1,3.213353,7.9094653,4206,0.509077787399292
10X_P7_6_ACTTTCAAGCCACCTG,3-F-56,B cell,0,B cell,0.11439023,2.9550292,4207,0.5337997078895569
10X_P7_6_ACTTTCAAGCCACGTC,3-F-56,B cell,1,Unmatched_1,4.613739,7.1540203,4208,0.7733179926872253
10X_P7_6_ACTTTCAAGCGTTCCG,3-F-56,B cell,0,B cell,-0.8980078,3.4558086,4209,0.5255312323570251
10X_P7_6_ACTTTCAAGCTAAACA,3-F-56,T cell,2,Unmatched_2,28.703342,0.1957791,4210,1.5421812534332275
10X_P7_6_ACTTTCAAGGAGTTGC,3-F-56,B cell,0,B cell,0.7670494,4.4498663,4211,1.4865461587905884
10X_P7_6_ACTTTCACAATGCCAT,3-F-56,T cell,2,Unmatched_2,27.38904,0.8075379,4212,1.030849814414978
10X_P7_6_ACTTTCACACGGCTAC,3-F-56,B cell,0,B cell,2.0901384,6.884712,4213,0.5193602442741394
10X_P7_6_ACTTTCACACGTCAGC,3-F-56,B cell,1,Unmatched_1,3.1111193,8.654695,4214,0.6781759262084961
10X_P7_6_ACTTTCACAGATGGCA,3-F-56,B cell,0,B cell,0.026297001,6.223291,4215,0.943080723285675
10X_P7_6_ACTTTCACAGTGGGAT,3-F-56,B cell,0,B cell,2.2233765,6.4703174,4216,0.6554184556007385
10X_P7_6_ACTTTCATCAAGAAGT,3-F-56,B cell,0,B cell,1.9668244,5.0147166,4217,1.1986109018325806
10X_P7_6_ACTTTCATCACCTCGT,3-F-56,natural killer cell,5,natural killer cell,31.050917,-2.0048513,4218,1.6005487442016602
10X_P7_6_ACTTTCATCAGAGGTG,3-F-56,B cell,0,B cell,-0.6346485,4.6477537,4219,0.7429502010345459
10X_P7_6_ACTTTCATCAGCAACT,3-F-56,B cell,0,B cell,2.617493,2.8980184,4220,0.420926034450531
10X_P7_6_AGAATAGAGAGTGAGA,3-F-56,T cell,3,T cell,26.115372,-1.0086699,4221,0.5625554323196411
10X_P7_6_AGAATAGAGATAGTCA,3-F-56,B cell,0,B cell,2.6116831,3.4718125,4222,1.2023379802703855
10X_P7_6_AGAATAGAGCCAGTTT,3-F-56,B cell,1,Unmatched_1,-2.3759408,4.080899,4223,1.0015548467636108
10X_P7_6_AGAATAGAGGTAGCCA,3-F-56,T cell,3,T cell,25.731293,-0.5223842,4224,0.7696976661682129
10X_P7_6_AGAATAGCAACGATGG,3-F-56,T cell,2,Unmatched_2,27.455276,0.86486655,4225,0.5648273229598999
10X_P7_6_AGAATAGCACGAGGTA,3-F-56,B cell,0,B cell,1.0564821,5.0945783,4226,0.5551086068153381
10X_P7_6_AGAATAGCACGGTAGA,3-F-56,T cell,2,Unmatched_2,26.846233,0.8980162,4227,0.525942862033844
10X_P7_6_AGAATAGCACTGAAGG,3-F-56,macrophage,4,macrophage,1.8785368,16.764908,4228,1.5344552993774414
10X_P7_6_AGAATAGCAGCAGTTT,3-F-56,B cell,1,Unmatched_1,4.4513893,7.0371923,4229,0.9532700181007384
10X_P7_6_AGAATAGCAGTACACT,3-F-56,B cell,0,B cell,0.45295113,3.8068168,4230,1.3050057888031006
10X_P7_6_AGAATAGGTAGCTTGT,3-F-56,B cell,0,B cell,1.7958686,7.14616,4231,0.6798525452613831
10X_P7_6_AGAATAGGTGTGACCC,3-F-56,macrophage,4,macrophage,5.185917,16.113277,4232,3.5491833686828613
10X_P7_6_AGAATAGTCACGAAGG,3-F-56,B cell,0,B cell,0.6462385,5.2066298,4233,0.8776393532752991
10X_P7_6_AGAATAGTCAGGTTCA,3-F-56,B cell,1,Unmatched_1,4.731722,7.16094,4234,0.911740243434906
10X_P7_6_AGAATAGTCCAATGGT,3-F-56,B cell,0,B cell,-1.7134473,5.287898,4235,1.2924628257751465
10X_P7_6_AGAATAGTCCCGGATG,3-F-56,B cell,0,B cell,1.0764427,6.4220476,4236,1.0708779096603394
10X_P7_6_AGAATAGTCGTCTGAA,3-F-56,B cell,0,B cell,2.0837233,2.7994857,4237,0.7987576127052307
10X_P7_6_AGACGTTAGAAACCTA,3-F-56,B cell,0,B cell,2.5546143,2.5679905,4238,0.5455889701843262
10X_P7_6_AGACGTTAGAGTAAGG,3-F-56,T cell,2,Unmatched_2,27.632532,1.4495349,4239,0.8592875003814697
10X_P7_6_AGACGTTAGCGCTTAT,3-F-56,T cell,2,Unmatched_2,28.434677,0.37136215,4240,1.0062731504440308
10X_P7_6_AGACGTTAGTCGTTTG,3-F-56,T cell,3,T cell,25.755922,-0.48219934,4241,0.7392542958259583
10X_P7_6_AGACGTTAGTGGGTTG,3-F-56,B cell,0,B cell,-0.050643593,4.2126427,4242,0.3986541926860809
10X_P7_6_AGACGTTCAAACAACA,3-F-56,B cell,2,Unmatched_2,29.106884,0.5824527,4243,2.8559908866882324
10X_P7_6_AGACGTTCAAACGCGA,3-F-56,B cell,0,B cell,1.3471353,4.138968,4244,0.6239979863166809
10X_P7_6_AGACGTTCAAGCCCAC,3-F-56,macrophage,4,macrophage,3.2260327,16.115025,4245,2.118600606918335
10X_P7_6_AGACGTTCACAACGCC,3-F-56,B cell,0,B cell,1.6173576,6.8920965,4246,0.8744105100631714
10X_P7_6_AGACGTTCATAAGACA,3-F-56,T cell,3,T cell,25.83986,-1.0259742,4247,0.6329258680343628
10X_P7_6_AGACGTTCATGTCTCC,3-F-56,B cell,6,Unmatched_6,0.19800338,11.379727,4248,2.82174015045166
10X_P7_6_AGACGTTGTTACCAGT,3-F-56,B cell,1,Unmatched_1,3.3540604,7.84197,4249,0.6032799482345581
10X_P7_6_AGACGTTGTTGGACCC,3-F-56,B cell,0,B cell,-0.9877352,3.3138494,4250,1.3260979652404783
10X_P7_6_AGACGTTTCCCATTTA,3-F-56,T cell,2,Unmatched_2,27.279585,1.2557055,4251,0.5490275025367737
10X_P7_6_AGACGTTTCGTTTAGG,3-F-56,B cell,0,B cell,1.4570451,4.891971,4252,0.7728464007377625
10X_P7_6_AGACGTTTCTGTTGAG,3-F-56,macrophage,4,macrophage,5.312314,16.181854,4253,3.3065342903137207
10X_P7_6_AGAGCGAAGCACACAG,3-F-56,T cell,2,Unmatched_2,27.14903,1.3767256,4254,0.7667732238769531
10X_P7_6_AGAGCGACAAGGCTCC,3-F-56,B cell,0,B cell,-0.46077573,2.9682138,4255,0.9613144397735596
10X_P7_6_AGAGCGACAATCCAAC,3-F-56,B cell,0,B cell,1.818259,4.6739078,4256,1.0085662603378296
10X_P7_6_AGAGCGACACGAGGTA,3-F-56,macrophage,6,Unmatched_6,3.5925558,15.563824,4257,2.8559908866882324
10X_P7_6_AGAGCGACAGAAGCAC,3-F-56,T cell,5,natural killer cell,30.115961,-0.6044475,4258,1.5857632160186768
10X_P7_6_AGAGCGACAGGTCTCG,3-F-56,T cell,3,T cell,26.566463,-0.7399148,4259,1.0126246213912964
10X_P7_6_AGAGCGACATGTTGAC,3-F-56,B cell,0,B cell,-0.8093431,4.4141345,4260,0.7724196314811707
10X_P7_6_AGAGCGAGTCATGCAT,3-F-56,dendritic cell,8,dendritic cell,3.573145,17.842499,4261,3.3510582447052
10X_P7_6_AGAGCGAGTCCGAACC,3-F-56,B cell,0,B cell,1.2107793,5.076707,4262,0.7965559363365173
10X_P7_6_AGAGCGAGTGATAAGT,3-F-56,B cell,0,B cell,1.9454906,6.3001046,4263,1.2770661115646362
10X_P7_6_AGAGCGAGTTCTCATT,3-F-56,natural killer cell,5,natural killer cell,30.942047,-1.8690969,4264,1.88380765914917
10X_P7_6_AGAGCGATCACCTCGT,3-F-56,T cell,2,Unmatched_2,29.314238,0.58471644,4265,1.86846935749054
10X_P7_6_AGAGCGATCGCATGAT,3-F-56,B cell,0,B cell,0.9035711,4.0295286,4266,0.6571754217147827
10X_P7_6_AGAGCGATCGGAGGTA,3-F-56,B cell,2,Unmatched_2,25.156904,2.146629,4267,2.189345359802246
10X_P7_6_AGAGCGATCTTGCCGT,3-F-56,B cell,0,B cell,-1.7088246,5.1910424,4268,1.1620899438858032
10X_P7_6_AGAGCTTAGCCCTAAT,3-F-56,B cell,0,B cell,0.5583769,8.25271,4269,1.381131649017334
10X_P7_6_AGAGCTTAGGCCCTCA,3-F-56,B cell,0,B cell,1.6369438,3.1090589,4270,0.7569515109062195
10X_P7_6_AGAGCTTAGGCTCATT,3-F-56,B cell,0,B cell,1.4171269,2.130271,4271,0.9750226736068726
10X_P7_6_AGAGCTTAGTCCATAC,3-F-56,B cell,0,B cell,2.0221329,2.6433177,4272,0.4912956058979034
10X_P7_6_AGAGCTTCAAAGGAAG,3-F-56,T cell,3,T cell,25.966928,-0.4891306,4273,0.7620674967765808
10X_P7_6_AGAGCTTCAAGCGTAG,3-F-56,B cell,0,B cell,0.33397576,5.396463,4274,0.5923961400985718
10X_P7_6_AGAGCTTCAATTCCTT,3-F-56,B cell,0,B cell,0.04050435,3.3765302,4275,0.9908466935157776
10X_P7_6_AGAGCTTCACCCTATC,3-F-56,B cell,0,B cell,2.005547,3.9041758,4276,0.7829713225364685
10X_P7_6_AGAGCTTCATTGTGCA,3-F-56,B cell,0,B cell,2.5002818,6.2656274,4277,0.7759033441543579
10X_P7_6_AGAGCTTGTGCGATAG,3-F-56,B cell,0,B cell,1.2611443,5.238139,4278,1.0523388385772705
10X_P7_6_AGAGCTTGTTTGGGCC,3-F-56,B cell,0,B cell,0.2003087,5.0908847,4279,0.7222567200660706
10X_P7_6_AGAGCTTTCGGCATCG,3-F-56,B cell,0,B cell,0.803623,2.265095,4280,0.905736207962036
10X_P7_6_AGAGCTTTCTGGTATG,3-F-56,T cell,3,T cell,28.100544,-1.4620546,4281,0.8623617887496948
10X_P7_6_AGAGTGGAGACAAGCC,3-F-56,B cell,0,B cell,1.2703979,6.189201,4282,1.0768282413482666
10X_P7_6_AGAGTGGAGAGTGAGA,3-F-56,B cell,0,B cell,1.4774492,3.8207939,4283,0.6084251403808594
10X_P7_6_AGAGTGGAGCCTCGTG,3-F-56,B cell,0,B cell,1.8468441,3.7819948,4284,0.5990279912948608
10X_P7_6_AGAGTGGCAAGAGGCT,3-F-56,B cell,1,Unmatched_1,2.6866462,8.333713,4285,0.4469882547855377
10X_P7_6_AGAGTGGCAAGTTGTC,3-F-56,B cell,0,B cell,0.105018295,4.194095,4286,0.9327415823936462
10X_P7_6_AGAGTGGCACAGGAGT,3-F-56,macrophage,4,macrophage,2.6411498,16.33363,4287,2.4416258335113525
10X_P7_6_AGAGTGGCACGACTCG,3-F-56,B cell,0,B cell,1.6861024,4.4482493,4288,0.6037232279777527
10X_P7_6_AGAGTGGCATGTAGTC,3-F-56,B cell,0,B cell,1.1277006,8.028012,4289,0.7735762596130371
10X_P7_6_AGAGTGGGTCAGAATA,3-F-56,B cell,1,Unmatched_1,2.418281,8.548168,4290,0.6828539967536926
10X_P7_6_AGAGTGGTCCCATTAT,3-F-56,B cell,0,B cell,0.20528279,6.2456923,4291,0.8010914325714111
10X_P7_6_AGAGTGGTCCGCGGTA,3-F-56,B cell,0,B cell,-0.25243026,2.688545,4292,1.30145525932312
10X_P7_6_AGAGTGGTCCTCAATT,3-F-56,T cell,2,Unmatched_2,27.346695,0.9422508,4293,0.597791850566864
10X_P7_6_AGAGTGGTCTGCAAGT,3-F-56,B cell,0,B cell,2.7579932,3.3783739,4294,0.4783285558223724
10X_P7_6_AGATCTGAGGGCATGT,3-F-56,B cell,2,Unmatched_2,25.19928,2.152403,4295,1.3146119117736816
10X_P7_6_AGATCTGAGGGTTTCT,3-F-56,B cell,0,B cell,0.8970416,3.8636653,4296,0.5358121395111084
10X_P7_6_AGATCTGAGTCTTGCA,3-F-56,natural killer cell,5,natural killer cell,31.02673,-2.4385395,4297,1.6941475868225098
10X_P7_6_AGATCTGCAAGCGAGT,3-F-56,B cell,0,B cell,-0.8687729,3.963047,4298,0.5971381664276123
10X_P7_6_AGATCTGCACCAGTTA,3-F-56,T cell,3,T cell,28.737751,-0.37250996,4299,2.2162740230560303
10X_P7_6_AGATCTGCACCCAGTG,3-F-56,natural killer cell,5,natural killer cell,31.02464,-1.9941167,4300,2.146066665649414
10X_P7_6_AGATCTGCAGTGGAGT,3-F-56,B cell,1,Unmatched_1,4.816893,7.1789093,4301,0.7386703491210938
10X_P7_6_AGATCTGCATACGCTA,3-F-56,T cell,5,natural killer cell,29.990465,-0.66333574,4302,1.9272465705871584
10X_P7_6_AGATCTGCATTACGAC,3-F-56,B cell,0,B cell,1.3112237,5.389413,4303,0.9632269740104676
10X_P7_6_AGATCTGGTAGCGCTC,3-F-56,B cell,0,B cell,1.7911655,4.5109396,4304,1.0106747150421145
10X_P7_6_AGATCTGGTATCAGTC,3-F-56,B cell,0,B cell,0.7078512,5.0122743,4305,0.5334886312484741
10X_P7_6_AGATCTGGTGCCTTGG,3-F-56,B cell,0,B cell,2.1712012,3.0795143,4306,0.6078373193740845
10X_P7_6_AGATCTGGTGTATGGG,3-F-56,B cell,1,Unmatched_1,1.8340933,8.083911,4307,0.6237195730209351
10X_P7_6_AGATCTGGTGTGGTTT,3-F-56,B cell,0,B cell,2.8525848,5.8031745,4308,1.302037239074707
10X_P7_6_AGATCTGTCATACGGT,3-F-56,B cell,0,B cell,-0.10066445,5.053958,4309,0.6047285199165344
10X_P7_6_AGATCTGTCCTGCCAT,3-F-56,B cell,0,B cell,1.5900486,4.4192076,4310,1.2339024543762207
10X_P7_6_AGATTGCAGCCAGTAG,3-F-56,B cell,0,B cell,1.6039895,5.2208447,4311,0.9043524265289308
10X_P7_6_AGATTGCCAAGCCCAC,3-F-56,B cell,0,B cell,0.4483507,4.0850115,4312,1.0544878244400024
10X_P7_6_AGATTGCCAATCTGCA,3-F-56,B cell,7,Unmatched_7,4.013526,13.258719,4313,0.6144424080848694
10X_P7_6_AGATTGCCAATGTTGC,3-F-56,macrophage,4,macrophage,3.5840106,15.825241,4314,1.4895285367965698
10X_P7_6_AGATTGCCACCACGTG,3-F-56,T cell,2,Unmatched_2,28.661467,0.081602305,4315,1.997142314910889
10X_P7_6_AGATTGCCACCGAAAG,3-F-56,B cell,0,B cell,2.3809705,3.0989008,4316,0.4119453728199005
10X_P7_6_AGATTGCCAGATTGCT,3-F-56,B cell,0,B cell,1.6966304,1.9757524,4317,0.6606423854827881
10X_P7_6_AGATTGCCAGCGTCCA,3-F-56,T cell,2,Unmatched_2,27.228724,0.7802971,4318,1.0095394849777222
10X_P7_6_AGATTGCCATCACCCT,3-F-56,T cell,2,Unmatched_2,27.832533,0.46529678,4319,0.9512117505073548
10X_P7_6_AGATTGCCATGAGCGA,3-F-56,B cell,0,B cell,1.7121999,3.3878162,4320,0.9221935272216796
10X_P7_6_AGATTGCGTAAGCACG,3-F-56,B cell,0,B cell,-0.5452112,4.136395,4321,0.6518450975418091
10X_P7_6_AGATTGCGTATAGTAG,3-F-56,T cell,2,Unmatched_2,27.63946,1.3980173,4322,0.540520191192627
10X_P7_6_AGATTGCGTCAAAGCG,3-F-56,B cell,1,Unmatched_1,3.312821,8.682606,4323,0.6897775530815125
10X_P7_6_AGATTGCGTCACTGGC,3-F-56,natural killer cell,5,natural killer cell,30.838894,-2.2962754,4324,1.9366201162338257
10X_P7_6_AGATTGCGTGATGCCC,3-F-56,T cell,2,Unmatched_2,27.532042,1.2716345,4325,1.060900330543518
10X_P7_6_AGATTGCGTTCCATGA,3-F-56,T cell,2,Unmatched_2,29.033836,0.5756357,4326,1.3494274616241455
10X_P7_6_AGATTGCGTTCGCGAC,3-F-56,B cell,0,B cell,0.38947186,3.7098637,4327,0.7561998963356018
10X_P7_6_AGATTGCGTTGTCTTT,3-F-56,B cell,0,B cell,2.3497958,3.264199,4328,0.6685393452644348
10X_P7_6_AGATTGCGTTTGACTG,3-F-56,B cell,1,Unmatched_1,3.1699352,8.462926,4329,0.5024136900901794
10X_P7_6_AGATTGCTCAGGCGAA,3-F-56,B cell,0,B cell,2.4474235,2.951106,4330,0.5610499978065491
10X_P7_6_AGATTGCTCCTAGAAC,3-F-56,natural killer cell,5,natural killer cell,31.099482,-2.4014626,4331,1.733090043067932
10X_P7_6_AGATTGCTCCTGCCAT,3-F-56,B cell,0,B cell,0.77692515,4.0623074,4332,0.4440780878067016
10X_P7_6_AGATTGCTCTACCAGA,3-F-56,B cell,0,B cell,-0.1889771,6.6386285,4333,0.4741983413696289
10X_P7_6_AGCAGCCAGACTAGAT,3-F-56,B cell,0,B cell,-1.6424172,5.2610025,4334,1.1169040203094482
10X_P7_6_AGCAGCCAGCTTATCG,3-F-56,B cell,1,Unmatched_1,2.6666224,7.628017,4335,0.5397721529006958
10X_P7_6_AGCAGCCAGGATGTAT,3-F-56,natural killer cell,5,natural killer cell,30.96856,-2.4752147,4336,2.0026748180389404
10X_P7_6_AGCAGCCAGTAGCGGT,3-F-56,T cell,2,Unmatched_2,27.527225,0.5324497,4337,0.6361455917358398
10X_P7_6_AGCAGCCCAGACGCTC,3-F-56,B cell,1,Unmatched_1,3.3876872,8.568786,4338,0.5786080956459045
10X_P7_6_AGCAGCCCAGATCCAT,3-F-56,B cell,0,B cell,2.8155336,4.7567453,4339,0.9841709136962892
10X_P7_6_AGCAGCCGTAAGGGAA,3-F-56,B cell,0,B cell,0.91655254,3.3647244,4340,0.7959160208702087
10X_P7_6_AGCAGCCGTCCGAAGA,3-F-56,B cell,0,B cell,0.2703741,6.7554355,4341,1.0632386207580566
10X_P7_6_AGCAGCCGTCCGTTAA,3-F-56,B cell,0,B cell,0.7851467,3.5272956,4342,0.8323994874954224
10X_P7_6_AGCAGCCGTGGCTCCA,3-F-56,B cell,0,B cell,1.6915948,4.6102653,4343,0.5102848410606384
10X_P7_6_AGCAGCCTCAACGGCC,3-F-56,B cell,0,B cell,2.7695122,4.0046825,4344,0.5412464737892151
10X_P7_6_AGCAGCCTCTCTAGGA,3-F-56,macrophage,4,macrophage,5.201343,16.130959,4345,2.9316537380218506
10X_P7_6_AGCAGCCTCTTGGGTA,3-F-56,T cell,5,natural killer cell,29.656153,-0.76163876,4346,2.48372483253479
10X_P7_6_AGCATACAGAGGGATA,3-F-56,B cell,0,B cell,0.86599106,3.487967,4347,0.5327889919281006
10X_P7_6_AGCATACAGCGTGAAC,3-F-56,T cell,3,T cell,26.447195,-0.9350412,4348,0.5904380083084106
10X_P7_6_AGCATACCAACGATGG,3-F-56,B cell,0,B cell,0.60292387,7.1151867,4349,0.8441821336746216
10X_P7_6_AGCATACCAATGGAAT,3-F-56,B cell,0,B cell,0.06236078,2.9675052,4350,0.8747177124023438
10X_P7_6_AGCATACCACAGACTT,3-F-56,B cell,0,B cell,-0.954629,3.413349,4351,0.8410534858703613
10X_P7_6_AGCATACCAGCTTCGG,3-F-56,B cell,0,B cell,0.67436314,2.9108903,4352,0.971771001815796
10X_P7_6_AGCATACCATCTCGCT,3-F-56,B cell,1,Unmatched_1,2.9283004,8.037728,4353,0.5062820315361023
10X_P7_6_AGCATACCATGACATC,3-F-56,B cell,7,Unmatched_7,3.9678025,13.246928,4354,0.9158567786216736
10X_P7_6_AGCATACGTAAAGTCA,3-F-56,B cell,1,Unmatched_1,4.762681,7.1896367,4355,0.7878999710083008
10X_P7_6_AGCATACGTAAGCACG,3-F-56,macrophage,4,macrophage,2.530394,16.43072,4356,2.238407850265503
10X_P7_6_AGCATACTCTCTGCTG,3-F-56,B cell,0,B cell,0.061368633,4.6755857,4357,0.7729597091674805
10X_P7_6_AGCCTAAAGATTACCC,3-F-56,B cell,7,Unmatched_7,4.0280924,13.076175,4358,0.7556331753730774
10X_P7_6_AGCCTAAAGCGCCTCA,3-F-56,B cell,0,B cell,2.4801352,4.4318686,4359,1.1811494827270508
10X_P7_6_AGCCTAAAGTAGCCGA,3-F-56,B cell,0,B cell,-0.26625884,3.286919,4360,0.6744623780250549
10X_P7_6_AGCCTAAAGTAGGTGC,3-F-56,natural killer cell,5,natural killer cell,30.851841,-1.8629056,4361,2.2029452323913574
10X_P7_6_AGCCTAAAGTGGTAGC,3-F-56,B cell,1,Unmatched_1,4.656683,6.9743705,4362,1.110299587249756
10X_P7_6_AGCCTAACACTGTTAG,3-F-56,B cell,1,Unmatched_1,2.6614428,8.295944,4363,0.4704422652721405
10X_P7_6_AGCCTAACAGTGACAG,3-F-56,B cell,0,B cell,1.1439991,3.4812992,4364,0.6142193675041199
10X_P7_6_AGCCTAAGTACAGCAG,3-F-56,B cell,0,B cell,0.5268133,6.1447616,4365,0.9365643858909608
10X_P7_6_AGCCTAAGTCTAAACC,3-F-56,B cell,0,B cell,2.2620673,3.3797023,4366,0.6944611668586731
10X_P7_6_AGCCTAAGTCTCTTTA,3-F-56,B cell,0,B cell,-1.25568,4.1112247,4367,0.6034649610519409
10X_P7_6_AGCCTAAGTGCGCTTG,3-F-56,T cell,2,Unmatched_2,28.33225,0.28035733,4368,1.2217682600021362
10X_P7_6_AGCCTAAGTTCCATGA,3-F-56,T cell,3,T cell,25.73834,-0.35646766,4369,0.6014608144760132
10X_P7_6_AGCCTAATCATTGCCC,3-F-56,B cell,0,B cell,0.7995913,4.4830427,4370,0.7991401553153992
10X_P7_6_AGCCTAATCCAACCAA,3-F-56,B cell,0,B cell,-2.122944,4.396699,4371,0.633767306804657
10X_P7_6_AGCCTAATCTCTTATG,3-F-56,macrophage,4,macrophage,3.6346095,15.808969,4372,1.536455750465393
10X_P7_6_AGCGGTCAGAGCCCAA,3-F-56,B cell,0,B cell,1.5797627,1.9363085,4373,0.6554856896400452
10X_P7_6_AGCGGTCAGAGTACAT,3-F-56,T cell,2,Unmatched_2,27.565626,0.40494218,4374,0.7462836503982544
10X_P7_6_AGCGGTCAGATGCCTT,3-F-56,B cell,0,B cell,2.143282,3.851508,4375,0.6154860258102417
10X_P7_6_AGCGGTCAGGACATTA,3-F-56,natural killer cell,5,natural killer cell,31.00582,-2.007631,4376,1.9415829181671145
10X_P7_6_AGCGGTCCACCCAGTG,3-F-56,B cell,1,Unmatched_1,3.5904984,7.5984054,4377,1.5541387796401978
10X_P7_6_AGCGGTCCACGGTAAG,3-F-56,B cell,0,B cell,-0.39786625,4.305241,4378,0.4077163636684418
10X_P7_6_AGCGGTCTCACCTCGT,3-F-56,natural killer cell,5,natural killer cell,30.919615,-2.371929,4379,1.9532920122146609
10X_P7_6_AGCGGTCTCATAAAGG,3-F-56,B cell,0,B cell,0.81434995,5.0359526,4380,0.6732087135314941
10X_P7_6_AGCGGTCTCCACGTTC,3-F-56,B cell,0,B cell,0.69073963,4.120399,4381,0.6516264081001282
10X_P7_6_AGCGGTCTCCGTTGTC,3-F-56,B cell,0,B cell,0.92351234,7.307993,4382,0.7120823860168457
10X_P7_6_AGCGTATAGAACAACT,3-F-56,B cell,0,B cell,2.059216,2.2707894,4383,0.6201437711715698
10X_P7_6_AGCGTATAGATATACG,3-F-56,B cell,1,Unmatched_1,2.5813577,7.836738,4384,0.5010446310043335
10X_P7_6_AGCGTATAGGCAAAGA,3-F-56,B cell,0,B cell,0.26282024,4.6627135,4385,0.6455104947090149
10X_P7_6_AGCGTATAGTGCAAGC,3-F-56,B cell,0,B cell,0.3658239,3.705242,4386,0.4739993810653686
10X_P7_6_AGCGTATCAAAGGAAG,3-F-56,B cell,0,B cell,1.984838,3.4900143,4387,0.4937845468521118
10X_P7_6_AGCGTATCAATGGAGC,3-F-56,T cell,3,T cell,28.28028,-1.2599797,4388,0.8010919094085693
10X_P7_6_AGCGTATCATCGTCGG,3-F-56,B cell,0,B cell,0.39675933,3.890198,4389,0.4944546222686767
10X_P7_6_AGCGTATCATGGGAAC,3-F-56,B cell,0,B cell,2.3216445,4.7458467,4390,1.0069959163665771
10X_P7_6_AGCGTATGTCATATCG,3-F-56,macrophage,4,macrophage,5.29181,16.186762,4391,2.207233190536499
10X_P7_6_AGCGTATGTGACTCAT,3-F-56,B cell,0,B cell,2.5590637,4.7598147,4392,0.8625195622444153
10X_P7_6_AGCGTATGTTCCATGA,3-F-56,B cell,0,B cell,1.0836954,4.165291,4393,0.9913905262947084
10X_P7_6_AGCGTATGTTGCCTCT,3-F-56,T cell,2,Unmatched_2,26.84,1.3223982,4394,0.876226007938385
10X_P7_6_AGCGTATTCCCAGGTG,3-F-56,B cell,0,B cell,1.816133,3.3351576,4395,0.5245757102966309
10X_P7_6_AGCGTATTCCTCGCAT,3-F-56,B cell,0,B cell,-0.105971776,3.2332132,4396,0.8669458627700806
10X_P7_6_AGCGTATTCGTAGGAG,3-F-56,T cell,2,Unmatched_2,26.867857,1.5019681,4397,0.7449691295623779
10X_P7_6_AGCGTATTCGTTGCCT,3-F-56,B cell,0,B cell,1.0497891,2.6954129,4398,0.6200048923492432
10X_P7_6_AGCGTATTCTCCCTGA,3-F-56,B cell,1,Unmatched_1,2.7910337,7.7554474,4399,0.647843062877655
10X_P7_6_AGCGTCGAGAACAACT,3-F-56,B cell,0,B cell,1.0001111,2.589181,4400,0.6889083385467529
10X_P7_6_AGCGTCGAGCGCCTCA,3-F-56,B cell,0,B cell,0.9659001,2.3963609,4401,0.957151174545288
10X_P7_6_AGCGTCGAGGATCGCA,3-F-56,B cell,2,Unmatched_2,24.906685,1.9375998,4402,1.8080830574035645
10X_P7_6_AGCGTCGAGTCAAGGC,3-F-56,B cell,1,Unmatched_1,3.6480093,8.440447,4403,0.9292857050895692
10X_P7_6_AGCGTCGCAAATCCGT,3-F-56,B cell,0,B cell,2.1842613,4.262062,4404,0.5784914493560791
10X_P7_6_AGCGTCGGTGATAAGT,3-F-56,B cell,0,B cell,1.9987811,5.7381635,4405,0.888586163520813
10X_P7_6_AGCGTCGTCAGCGATT,3-F-56,B cell,0,B cell,1.0459554,6.378468,4406,0.8867990374565125
10X_P7_6_AGCTCCTAGACAATAC,3-F-56,B cell,0,B cell,0.13271184,3.316366,4407,0.6866335272789001
10X_P7_6_AGCTCCTAGCTGAACG,3-F-56,B cell,0,B cell,-0.44733316,3.9290159,4408,0.5274784564971924
10X_P7_6_AGCTCCTAGTAGGCCA,3-F-56,B cell,0,B cell,1.6604154,4.666822,4409,1.526444911956787
10X_P7_6_AGCTCCTCAGCCACCA,3-F-56,B cell,0,B cell,-0.9056871,3.829677,4410,0.5029016733169556
10X_P7_6_AGCTCCTCAGTAGAGC,3-F-56,B cell,0,B cell,0.8009597,3.2240462,4411,0.6452117562294006
10X_P7_6_AGCTCCTCATTGCGGC,3-F-56,B cell,0,B cell,0.32856828,7.7935543,4412,0.7626273036003113
10X_P7_6_AGCTCCTGTAACGACG,3-F-56,B cell,0,B cell,0.36468032,10.512282,4413,1.266848087310791
10X_P7_6_AGCTCCTGTCCTCCAT,3-F-56,B cell,0,B cell,0.94044584,5.2390156,4414,0.8500261902809143
10X_P7_6_AGCTCCTGTGCACGAA,3-F-56,B cell,0,B cell,1.5654362,2.2155845,4415,0.974019169807434
10X_P7_6_AGCTCCTTCAGCATGT,3-F-56,B cell,0,B cell,2.8218582,3.4330337,4416,0.5837058424949646
10X_P7_6_AGCTCCTTCGGAGGTA,3-F-56,B cell,2,Unmatched_2,25.038197,2.1004968,4417,1.6622884273529053
10X_P7_6_AGCTCCTTCGGTCTAA,3-F-56,B cell,0,B cell,1.3589746,5.5703087,4418,0.4786249697208404
10X_P7_6_AGCTCCTTCTTGACGA,3-F-56,B cell,0,B cell,-1.6150866,4.1514015,4419,0.7842495441436768
10X_P7_6_AGCTCTCAGAATTGTG,3-F-56,dendritic cell,8,dendritic cell,3.574856,17.846228,4420,3.024122476577759
10X_P7_6_AGCTCTCAGAGTACAT,3-F-56,B cell,1,Unmatched_1,3.0580297,8.433139,4421,0.4787129759788513
10X_P7_6_AGCTCTCCACGGTAGA,3-F-56,B cell,0,B cell,-0.18231687,2.9617398,4422,0.8869157433509827
10X_P7_6_AGCTCTCCAGGACCCT,3-F-56,B cell,0,B cell,0.68768376,7.830489,4423,1.0184717178344729
10X_P7_6_AGCTCTCCATTGCGGC,3-F-56,T cell,3,T cell,28.732044,-0.34813246,4424,2.113144874572754
10X_P7_6_AGCTCTCGTCGCATCG,3-F-56,B cell,1,Unmatched_1,2.6397672,8.430275,4425,0.5401141047477722
10X_P7_6_AGCTCTCGTCGGCTCA,3-F-56,B cell,1,Unmatched_1,2.9742246,8.231922,4426,0.50970059633255
10X_P7_6_AGCTCTCTCGCAGGCT,3-F-56,B cell,0,B cell,1.611992,4.0785484,4427,0.631853461265564
10X_P7_6_AGCTCTCTCGCGTTTC,3-F-56,B cell,0,B cell,1.4941808,2.4198747,4428,0.5916834473609924
10X_P7_6_AGCTCTCTCTAAGCCA,3-F-56,B cell,2,Unmatched_2,25.190096,2.1573422,4429,1.9248356819152832
10X_P7_6_AGCTCTCTCTCTAGGA,3-F-56,B cell,0,B cell,-0.12565936,4.092258,4430,0.4226968288421631
10X_P7_6_AGCTTGAAGAACTCGG,3-F-56,B cell,1,Unmatched_1,2.9632661,8.291448,4431,0.4715646803379059
10X_P7_6_AGCTTGAAGCACCGCT,3-F-56,B cell,0,B cell,1.224769,3.4510398,4432,0.8922906517982483
10X_P7_6_AGCTTGAAGCGCTCCA,3-F-56,B cell,0,B cell,-0.14506002,4.1719885,4433,0.7556657195091248
10X_P7_6_AGCTTGAAGGATGGTC,3-F-56,T cell,5,natural killer cell,30.165386,-0.5466771,4434,1.4152827262878418
10X_P7_6_AGCTTGACAGATGAGC,3-F-56,B cell,0,B cell,2.20351,6.5147033,4435,1.5311462879180908
10X_P7_6_AGCTTGAGTCCCTACT,3-F-56,B cell,0,B cell,1.2047087,4.3206086,4436,0.5134127140045166
10X_P7_6_AGCTTGAGTCGAGTTT,3-F-56,T cell,2,Unmatched_2,26.619314,1.280316,4437,0.7329850196838379
10X_P7_6_AGCTTGAGTGTTTGGT,3-F-56,B cell,0,B cell,0.82766026,3.644568,4438,0.6891945004463196
10X_P7_6_AGCTTGAGTTCCACAA,3-F-56,B cell,0,B cell,1.4209901,2.467103,4439,0.5531905293464661
10X_P7_6_AGCTTGATCGCAGGCT,3-F-56,B cell,0,B cell,2.2825527,3.8338068,4440,0.6393436789512634
10X_P7_6_AGCTTGATCGTGACAT,3-F-56,B cell,0,B cell,-0.78859156,3.1884518,4441,0.6389655470848083
10X_P7_6_AGCTTGATCTAACCGA,3-F-56,B cell,0,B cell,-1.5538696,5.412321,4442,0.9576550722122192
10X_P7_6_AGCTTGATCTCTGCTG,3-F-56,B cell,0,B cell,2.0196168,2.7323518,4443,0.5149843692779541
10X_P7_6_AGGCCACAGAATTCCC,3-F-56,B cell,0,B cell,2.83147,3.7687912,4444,0.7104911208152771
10X_P7_6_AGGCCACAGTGCTGCC,3-F-56,T cell,2,Unmatched_2,27.690516,0.7245803,4445,0.6735125780105591
10X_P7_6_AGGCCACAGTGGGTTG,3-F-56,B cell,0,B cell,0.76274943,3.215896,4446,1.4022129774093628
10X_P7_6_AGGCCACCAACTGGCC,3-F-56,B cell,2,Unmatched_2,25.206926,2.1517026,4447,1.4788225889205933
10X_P7_6_AGGCCACCACCAACCG,3-F-56,B cell,0,B cell,0.14354004,3.2654805,4448,0.6402058601379395
10X_P7_6_AGGCCACCACCATGTA,3-F-56,B cell,2,Unmatched_2,24.958576,1.9195734,4449,1.6020748615264893
10X_P7_6_AGGCCACCACCCATGG,3-F-56,B cell,0,B cell,1.6182704,3.4411652,4450,0.7847310900688171
10X_P7_6_AGGCCACGTAAGGGCT,3-F-56,B cell,0,B cell,1.5428044,2.7737522,4451,0.4862435162067413
10X_P7_6_AGGCCACGTACAGACG,3-F-56,T cell,5,natural killer cell,30.120838,-0.59567106,4452,1.485214114189148
10X_P7_6_AGGCCACGTCCCGACA,3-F-56,B cell,0,B cell,1.776126,2.8770428,4453,0.6764453053474426
10X_P7_6_AGGCCACGTCTCATCC,3-F-56,B cell,0,B cell,2.4827917,5.700199,4454,0.9987115263938904
10X_P7_6_AGGCCACGTTCCGGCA,3-F-56,B cell,6,Unmatched_6,0.21164657,11.394815,4455,1.607529640197754
10X_P7_6_AGGCCACGTTTGGGCC,3-F-56,B cell,0,B cell,1.1562515,4.700021,4456,0.6991124153137207
10X_P7_6_AGGCCACTCCTAGTGA,3-F-56,B cell,0,B cell,1.3728801,5.461216,4457,1.349653720855713
10X_P7_6_AGGCCACTCCTCAATT,3-F-56,B cell,2,Unmatched_2,29.141504,1.0377867,4458,2.1512768268585205
10X_P7_6_AGGCCGTAGACAGACC,3-F-56,T cell,2,Unmatched_2,27.410673,0.5939987,4459,0.7719930410385132
10X_P7_6_AGGCCGTAGACCGGAT,3-F-56,B cell,1,Unmatched_1,2.8887935,8.469947,4460,0.4812394976615906
10X_P7_6_AGGCCGTAGGCGTACA,3-F-56,B cell,0,B cell,1.6293505,2.4119058,4461,0.6646300554275513
10X_P7_6_AGGCCGTAGTTGCAGG,3-F-56,B cell,0,B cell,1.9748421,3.1117272,4462,0.5817111134529114
10X_P7_6_AGGCCGTCAAGCGCTC,3-F-56,B cell,0,B cell,-0.2955482,3.746305,4463,0.7376570701599121
10X_P7_6_AGGCCGTCACGTTGGC,3-F-56,T cell,2,Unmatched_2,27.692976,0.7299229,4464,0.5900476574897766
10X_P7_6_AGGCCGTCATCGGAAG,3-F-56,B cell,2,Unmatched_2,25.21191,2.1072698,4465,1.6322414875030518
10X_P7_6_AGGCCGTGTAAATGTG,3-F-56,B cell,0,B cell,2.0870082,2.2718556,4466,0.4974879622459411
10X_P7_6_AGGCCGTGTCCGAATT,3-F-56,T cell,3,T cell,25.80064,-0.27812946,4467,0.7107241749763489
10X_P7_6_AGGCCGTGTCTCTTAT,3-F-56,B cell,0,B cell,0.6806321,3.9298124,4468,0.5096241235733032
10X_P7_6_AGGCCGTGTGAGGCTA,3-F-56,natural killer cell,5,natural killer cell,30.673422,-2.1449854,4469,2.6033878326416016
10X_P7_6_AGGCCGTGTTTGTTGG,3-F-56,B cell,0,B cell,2.1110466,5.4917808,4470,1.170515060424805
10X_P7_6_AGGCCGTTCACGGTTA,3-F-56,B cell,1,Unmatched_1,4.7393656,7.032151,4471,1.1814627647399902
10X_P7_6_AGGCCGTTCCTGCAGG,3-F-56,T cell,2,Unmatched_2,29.348999,1.000033,4472,1.5839473009109497
10X_P7_6_AGGCCGTTCTGGCGAC,3-F-56,B cell,0,B cell,1.6161678,2.8834152,4473,0.628900945186615
10X_P7_6_AGGCCGTTCTGTCTAT,3-F-56,B cell,0,B cell,3.4783366,6.0835576,4474,0.6582611799240112
10X_P7_6_AGGGAGTAGAAGGACA,3-F-56,B cell,0,B cell,0.97369945,2.374494,4475,1.04555344581604
10X_P7_6_AGGGAGTAGATGCCAG,3-F-56,B cell,0,B cell,1.2661405,1.8968643,4476,0.8789944648742676
10X_P7_6_AGGGAGTAGTACGTAA,3-F-56,B cell,0,B cell,-1.5251535,3.8694828,4477,1.5261961221694946
10X_P7_6_AGGGAGTCACCGTTGG,3-F-56,B cell,0,B cell,1.565896,5.427332,4478,0.8894979357719421
10X_P7_6_AGGGAGTCAGTGGGAT,3-F-56,B cell,1,Unmatched_1,3.5613801,7.7848597,4479,0.4968169629573822
10X_P7_6_AGGGAGTCATGTCGAT,3-F-56,B cell,0,B cell,-0.587766,4.162972,4480,0.5310264825820923
10X_P7_6_AGGGAGTGTACCGTAT,3-F-56,B cell,0,B cell,-1.5394628,5.1090207,4481,0.92704576253891
10X_P7_6_AGGGAGTGTCAGCTAT,3-F-56,B cell,0,B cell,0.67768556,3.6530912,4482,0.7205754518508911
10X_P7_6_AGGGAGTGTCCTGCTT,3-F-56,T cell,2,Unmatched_2,29.31145,1.020861,4483,1.1815952062606812
10X_P7_6_AGGGAGTGTGATAAGT,3-F-56,T cell,2,Unmatched_2,27.105585,0.9665115,4484,1.0072121620178225
10X_P7_6_AGGGAGTGTTGACGTT,3-F-56,B cell,0,B cell,1.5643058,4.533781,4485,0.8079748749732971
10X_P7_6_AGGGAGTGTTGATTGC,3-F-56,B cell,0,B cell,2.5231006,2.6376293,4486,0.6614447832107544
10X_P7_6_AGGGAGTTCAGGCCCA,3-F-56,natural killer cell,5,natural killer cell,31.009512,-2.3424618,4487,1.6278774738311768
10X_P7_6_AGGGAGTTCATGTCCC,3-F-56,T cell,3,T cell,25.863232,-1.3088286,4488,0.6763536930084229
10X_P7_6_AGGGAGTTCCTAGAAC,3-F-56,B cell,0,B cell,1.2483877,5.5980554,4489,0.9691961407661438
10X_P7_6_AGGGAGTTCGGCATCG,3-F-56,T cell,2,Unmatched_2,26.827015,1.1197876,4490,0.5519598126411438
10X_P7_6_AGGGAGTTCGTTTATC,3-F-56,B cell,0,B cell,2.2329056,2.9870284,4491,0.4000307321548462
10X_P7_6_AGGGATGAGAAACCAT,3-F-56,T cell,2,Unmatched_2,27.483507,0.9294743,4492,0.5676788091659546
10X_P7_6_AGGGATGAGAGCCTAG,3-F-56,B cell,6,Unmatched_6,0.30661213,11.075251,4493,1.5266609191894531
10X_P7_6_AGGGATGCATCCTAGA,3-F-56,B cell,0,B cell,1.3018148,3.5648983,4494,0.4700639545917511
10X_P7_6_AGGGATGCATTCCTGC,3-F-56,B cell,0,B cell,-0.34026006,3.0163481,4495,1.1721500158309937
10X_P7_6_AGGGATGGTACACCGC,3-F-56,T cell,2,Unmatched_2,26.92052,1.4355232,4496,1.3723071813583374
10X_P7_6_AGGGATGGTCATGCAT,3-F-56,B cell,0,B cell,1.4272851,3.7968688,4497,0.5990076661109924
10X_P7_6_AGGGATGGTCTCTTAT,3-F-56,B cell,1,Unmatched_1,3.120536,8.04016,4498,0.5703240036964417
10X_P7_6_AGGGATGGTGACTCAT,3-F-56,B cell,0,B cell,1.2821912,4.704097,4499,0.974320650100708
10X_P7_6_AGGGATGGTGGAAAGA,3-F-56,B cell,0,B cell,0.24850127,7.706162,4500,0.8657972812652588
10X_P7_6_AGGGATGGTGGGTCAA,3-F-56,T cell,2,Unmatched_2,26.974785,0.75931644,4501,1.0280247926712036
10X_P7_6_AGGGATGGTGTATGGG,3-F-56,macrophage,4,macrophage,5.2978683,16.178917,4502,2.354970216751098
10X_P7_6_AGGGATGTCACTGGGC,3-F-56,B cell,0,B cell,1.0779593,3.7070706,4503,0.5511815547943115
10X_P7_6_AGGGATGTCCAGAGGA,3-F-56,macrophage,4,macrophage,3.5959764,15.810084,4504,1.676435112953186
10X_P7_6_AGGGATGTCCATGAGT,3-F-56,B cell,0,B cell,2.0659735,4.103484,4505,0.7187145948410034
10X_P7_6_AGGGATGTCCGAATGT,3-F-56,B cell,0,B cell,1.6537489,7.0874767,4506,0.905597686767578
10X_P7_6_AGGGATGTCTGGGCCA,3-F-56,T cell,2,Unmatched_2,26.591799,1.3880624,4507,1.1270068883895874
10X_P7_6_AGGGATGTCTTGACGA,3-F-56,B cell,0,B cell,2.3643754,2.2912252,4508,0.5832926630973816
10X_P7_6_AGGGTGAAGCAATATG,3-F-56,B cell,0,B cell,1.5588931,4.063057,4509,0.6259505152702332
10X_P7_6_AGGGTGAAGCGTCAAG,3-F-56,B cell,0,B cell,2.5956795,3.1497555,4510,0.4382981061935425
10X_P7_6_AGGGTGAAGGATGGAA,3-F-56,B cell,0,B cell,2.2294676,3.4001048,4511,0.5012832880020142
10X_P7_6_AGGGTGAAGGTGATAT,3-F-56,B cell,1,Unmatched_1,2.3632858,7.8993654,4512,0.7205142378807068
10X_P7_6_AGGGTGACATTTCACT,3-F-56,B cell,0,B cell,2.6688712,4.7537518,4513,0.8070789575576782
10X_P7_6_AGGGTGACATTTGCTT,3-F-56,B cell,0,B cell,1.5082573,4.1255345,4514,0.4326379001140594
10X_P7_6_AGGGTGAGTAGCGATG,3-F-56,T cell,2,Unmatched_2,27.657183,1.1068999,4515,0.7226844429969788
10X_P7_6_AGGGTGAGTAGCTCCG,3-F-56,B cell,0,B cell,0.69223756,5.6699553,4516,0.8659391403198242
10X_P7_6_AGGGTGAGTAGGACAC,3-F-56,B cell,1,Unmatched_1,0.53508013,10.616416,4517,1.0317575931549072
10X_P7_6_AGGGTGAGTCATATGC,3-F-56,B cell,0,B cell,-0.9474668,5.7909923,4518,1.1007940769195557
10X_P7_6_AGGGTGAGTCGGATCC,3-F-56,T cell,2,Unmatched_2,27.595715,0.080493435,4519,1.3918379545211792
10X_P7_6_AGGGTGAGTCTGATTG,3-F-56,B cell,0,B cell,-0.5331741,4.7180533,4520,0.573646068572998
10X_P7_6_AGGGTGAGTCTTTCAT,3-F-56,B cell,0,B cell,-0.9626915,3.5183733,4521,1.1526708602905271
10X_P7_6_AGGGTGAGTGGTACAG,3-F-56,B cell,0,B cell,2.3902223,3.5163476,4522,0.4653185606002807
10X_P7_6_AGGGTGAGTTCACGGC,3-F-56,B cell,0,B cell,1.9621583,4.2668433,4523,0.7612615823745728
10X_P7_6_AGGGTGAGTTTACTCT,3-F-56,B cell,0,B cell,1.9363133,3.9754822,4524,0.6649167537689209
10X_P7_6_AGGGTGATCCCATTTA,3-F-56,B cell,0,B cell,-0.13840406,4.0698233,4525,0.6596037745475769
10X_P7_6_AGGTCATAGAGATGAG,3-F-56,B cell,0,B cell,-1.9192873,5.4613843,4526,1.247422695159912
10X_P7_6_AGGTCATAGGACAGCT,3-F-56,B cell,1,Unmatched_1,2.562491,7.745337,4527,0.4553451240062713
10X_P7_6_AGGTCATAGTGTCCAT,3-F-56,B cell,2,Unmatched_2,24.976599,1.9831384,4528,1.3249820470809937
10X_P7_6_AGGTCATAGTTACGGG,3-F-56,B cell,0,B cell,1.2247593,6.410663,4529,1.4731460809707642
10X_P7_6_AGGTCATAGTTCGCGC,3-F-56,B cell,0,B cell,1.0177029,5.2432504,4530,0.8706710934638977
10X_P7_6_AGGTCATCACACATGT,3-F-56,T cell,2,Unmatched_2,27.246473,0.862084,4531,0.9431156516075134
10X_P7_6_AGGTCATGTAGCAAAT,3-F-56,T cell,2,Unmatched_2,27.540796,1.4484515,4532,0.7660682797431946
10X_P7_6_AGGTCATGTATTAGCC,3-F-56,B cell,0,B cell,0.7689197,2.4605093,4533,0.625074565410614
10X_P7_6_AGGTCATGTCGGCTCA,3-F-56,B cell,0,B cell,0.9534616,4.6769776,4534,1.0687980651855469
10X_P7_6_AGGTCATGTTGGTGGA,3-F-56,B cell,1,Unmatched_1,2.3870363,8.487808,4535,0.5616923570632935
10X_P7_6_AGGTCATTCAAACAAG,3-F-56,T cell,3,T cell,25.957018,-1.3500781,4536,0.6868277192115784
10X_P7_6_AGGTCATTCCGTAGTA,3-F-56,B cell,0,B cell,-0.1156793,2.6889198,4537,1.2413883209228516
10X_P7_6_AGGTCATTCTTGTCAT,3-F-56,T cell,3,T cell,28.7454,-1.3071145,4538,1.4739378690719604
10X_P7_6_AGGTCCGAGAAGGTTT,3-F-56,T cell,2,Unmatched_2,29.402428,0.668997,4539,1.2715429067611694
10X_P7_6_AGGTCCGAGTCGCCGT,3-F-56,B cell,0,B cell,1.8195176,6.976352,4540,1.2695170640945437
10X_P7_6_AGGTCCGAGTGGTCCC,3-F-56,B cell,0,B cell,-0.13799357,5.0834045,4541,0.6496211290359497
10X_P7_6_AGGTCCGGTACAAGTA,3-F-56,B cell,0,B cell,1.7194474,5.6699715,4542,1.674774408340454
10X_P7_6_AGGTCCGGTCACCTAA,3-F-56,T cell,2,Unmatched_2,28.70578,0.17415044,4543,1.1913543939590454
10X_P7_6_AGGTCCGGTTGACGTT,3-F-56,B cell,0,B cell,2.0936656,4.710958,4544,0.4192770421504974
10X_P7_6_AGGTCCGTCACCTCGT,3-F-56,B cell,0,B cell,0.61855227,7.564107,4545,0.7777917385101318
10X_P7_6_AGGTCCGTCTTACCGC,3-F-56,B cell,0,B cell,0.60152364,5.1053276,4546,0.5510623455047607
10X_P7_6_AGTAGTCAGATATGCA,3-F-56,B cell,0,B cell,1.2036357,4.209004,4547,0.6199527382850647
10X_P7_6_AGTAGTCAGCCCAACC,3-F-56,macrophage,4,macrophage,3.694253,15.767257,4548,1.4953820705413818
10X_P7_6_AGTAGTCAGCGTTTAC,3-F-56,B cell,1,Unmatched_1,2.801651,8.349959,4549,0.4461829960346222
10X_P7_6_AGTAGTCAGCTAGTGG,3-F-56,B cell,0,B cell,2.0021353,5.720412,4550,0.6138839721679688
10X_P7_6_AGTAGTCAGTTTCCTT,3-F-56,B cell,0,B cell,-0.9282786,3.482127,4551,0.7842090725898743
10X_P7_6_AGTAGTCCAACAACCT,3-F-56,T cell,3,T cell,28.63745,-1.0696074,4552,1.5257527828216553
10X_P7_6_AGTAGTCCAAGAAAGG,3-F-56,B cell,1,Unmatched_1,3.0843682,7.9223547,4553,0.4887463748455047
10X_P7_6_AGTAGTCCAAGCCCAC,3-F-56,B cell,0,B cell,0.31183988,4.627828,4554,0.5374772548675537
10X_P7_6_AGTAGTCCACATGACT,3-F-56,B cell,1,Unmatched_1,2.7888854,7.7323475,4555,0.6365585327148438
10X_P7_6_AGTAGTCCACCCTATC,3-F-56,B cell,0,B cell,0.33290458,3.9731283,4556,0.5679570436477661
10X_P7_6_AGTAGTCCACTTCTGC,3-F-56,macrophage,4,macrophage,3.241696,16.103373,4557,2.51438045501709
10X_P7_6_AGTAGTCGTTGACGTT,3-F-56,B cell,1,Unmatched_1,2.4191508,7.551656,4558,0.516215443611145
10X_P7_6_AGTAGTCTCAAACGGG,3-F-56,B cell,7,Unmatched_7,3.9587533,13.2549095,4559,1.0671300888061523
10X_P7_6_AGTAGTCTCAATACCG,3-F-56,B cell,0,B cell,1.5877062,5.807671,4560,0.6540977954864502
10X_P7_6_AGTAGTCTCACATGCA,3-F-56,B cell,0,B cell,0.4294496,3.7614858,4561,0.397453635931015
10X_P7_6_AGTAGTCTCATTGCGA,3-F-56,T cell,2,Unmatched_2,26.9786,1.4052691,4562,0.8638796806335449
10X_P7_6_AGTAGTCTCCGATATG,3-F-56,B cell,1,Unmatched_1,3.7297678,7.6171455,4563,0.7280408143997192
10X_P7_6_AGTAGTCTCGGTTCGG,3-F-56,B cell,0,B cell,0.9841281,5.6647224,4564,0.7545989155769348
10X_P7_6_AGTAGTCTCGTATCAG,3-F-56,B cell,1,Unmatched_1,3.6325648,7.838404,4565,0.6397655606269836
10X_P7_6_AGTCTTTAGATCTGCT,3-F-56,B cell,0,B cell,2.0791576,2.8793678,4566,0.5070177316665649
10X_P7_6_AGTCTTTAGATTACCC,3-F-56,B cell,1,Unmatched_1,2.6492555,7.628147,4567,0.5732170939445496
10X_P7_6_AGTCTTTAGCGCTCCA,3-F-56,T cell,2,Unmatched_2,27.60401,0.8918556,4568,0.6074058413505554
10X_P7_6_AGTCTTTAGTCACGCC,3-F-56,macrophage,4,macrophage,1.8612651,16.76613,4569,1.5218805074691772
10X_P7_6_AGTCTTTCAAACTGTC,3-F-56,B cell,0,B cell,-0.084114686,4.1181846,4570,0.8141986727714539
10X_P7_6_AGTCTTTCACTAAGTC,3-F-56,T cell,2,Unmatched_2,27.301807,0.897468,4571,0.8536677360534668
10X_P7_6_AGTCTTTCACTATCTT,3-F-56,B cell,0,B cell,-1.907104,5.4933906,4572,1.315487265586853
10X_P7_6_AGTCTTTCAGTACACT,3-F-56,B cell,0,B cell,2.3371625,3.8106387,4573,0.4759281575679779
10X_P7_6_AGTCTTTGTACCGCTG,3-F-56,B cell,1,Unmatched_1,-2.7436423,4.1365004,4574,0.6930035948753357
10X_P7_6_AGTCTTTGTCCGTTAA,3-F-56,T cell,3,T cell,26.081417,-0.653912,4575,0.6067454218864441
10X_P7_6_AGTCTTTGTTATCGGT,3-F-56,B cell,0,B cell,2.3740036,3.8375027,4576,0.6863887310028076
10X_P7_6_AGTCTTTTCAAAGTAG,3-F-56,B cell,1,Unmatched_1,2.7394295,8.09433,4577,0.5161409378051758
10X_P7_6_AGTCTTTTCAGAAATG,3-F-56,macrophage,4,macrophage,3.6482663,15.771645,4578,1.4436161518096924
10X_P7_6_AGTCTTTTCCGAGCCA,3-F-56,T cell,2,Unmatched_2,27.392702,0.87985206,4579,0.6918603181838989
10X_P7_6_AGTCTTTTCCTCATTA,3-F-56,B cell,0,B cell,2.0779512,3.5102153,4580,0.5729427337646484
10X_P7_6_AGTCTTTTCCTTAATC,3-F-56,B cell,0,B cell,6.3223863,-5.5301075,4581,2.1314523220062256
10X_P7_6_AGTCTTTTCCTTTACA,3-F-56,B cell,1,Unmatched_1,1.1620327,7.6553054,4582,0.5931118130683899
10X_P7_6_AGTGAGGAGGATGGTC,3-F-56,B cell,0,B cell,2.5428128,4.8867893,4583,1.059518575668335
10X_P7_6_AGTGAGGAGTAGCGGT,3-F-56,B cell,0,B cell,-0.29615507,4.0061417,4584,0.8993444442749023
10X_P7_6_AGTGAGGAGTCGTTTG,3-F-56,B cell,0,B cell,0.33823305,3.75421,4585,0.5205813646316528
10X_P7_6_AGTGAGGCACGTGAGA,3-F-56,T cell,3,T cell,25.609041,-0.45398358,4586,0.9625407457351683
10X_P7_6_AGTGAGGGTCGTGGCT,3-F-56,natural killer cell,5,natural killer cell,30.79036,-1.7587469,4587,2.124866247177124
10X_P7_6_AGTGAGGTCATATCGG,3-F-56,B cell,0,B cell,1.2880259,3.1543896,4588,0.5336204767227173
10X_P7_6_AGTGAGGTCGTAGGTT,3-F-56,B cell,0,B cell,1.189977,4.2594213,4589,0.6330082416534424
10X_P7_6_AGTGAGGTCTCGCTTG,3-F-56,B cell,0,B cell,-0.0056911837,7.015889,4590,0.9886149168014526
10X_P7_6_AGTGAGGTCTGTCTAT,3-F-56,B cell,0,B cell,1.158721,2.5918908,4591,0.7165901064872742
10X_P7_6_AGTGGGAAGGACCACA,3-F-56,B cell,7,Unmatched_7,3.9724467,13.285203,4592,1.2933450937271118
10X_P7_6_AGTGGGAAGTTCGATC,3-F-56,B cell,0,B cell,2.4068112,4.4991417,4593,1.4243749380111694
10X_P7_6_AGTGGGACACACTGCG,3-F-56,macrophage,4,macrophage,4.4059567,16.213665,4594,3.646089553833008
10X_P7_6_AGTGGGACAGGGATTG,3-F-56,natural killer cell,5,natural killer cell,31.025364,-2.4773738,4595,1.5885764360427856
10X_P7_6_AGTGGGACATGCTGGC,3-F-56,B cell,0,B cell,1.377813,5.4535046,4596,0.7478499412536621
10X_P7_6_AGTGGGAGTCAATGTC,3-F-56,T cell,3,T cell,26.232645,-0.9549442,4597,0.5184993147850037
10X_P7_6_AGTGGGAGTCGCGAAA,3-F-56,B cell,0,B cell,0.9050615,3.08574,4598,0.5406191945075989
10X_P7_6_AGTGGGAGTGGAAAGA,3-F-56,T cell,3,T cell,28.661722,-1.397092,4599,1.1841388940811155
10X_P7_6_AGTGGGAGTTCTGGTA,3-F-56,T cell,2,Unmatched_2,29.106642,1.05589,4600,1.0843924283981323
10X_P7_6_AGTGGGATCATCGATG,3-F-56,B cell,1,Unmatched_1,3.6054962,7.9651117,4601,0.5689871311187744
10X_P7_6_AGTGGGATCGTTTAGG,3-F-56,B cell,0,B cell,4.3112583,14.67644,4602,1.221099019050598
10X_P7_6_AGTGTCAAGGAGCGTT,3-F-56,B cell,0,B cell,-0.20647709,6.7308526,4603,0.7807587385177612
10X_P7_6_AGTGTCAAGTACGTTC,3-F-56,macrophage,4,macrophage,4.8112726,15.053869,4604,2.150543451309204
10X_P7_6_AGTGTCACAAGCTGGA,3-F-56,B cell,0,B cell,2.5067015,3.042875,4605,0.4066882729530334
10X_P7_6_AGTGTCACACAGGCCT,3-F-56,B cell,0,B cell,1.377082,5.080626,4606,0.6288079023361206
10X_P7_6_AGTGTCACATGAAGTA,3-F-56,B cell,0,B cell,2.0188906,3.8409758,4607,1.569847583770752
10X_P7_6_AGTGTCAGTAAACGCG,3-F-56,B cell,1,Unmatched_1,4.710411,7.106573,4608,1.1867941617965698
10X_P7_6_AGTGTCAGTAAGGATT,3-F-56,B cell,0,B cell,0.6732009,5.8070636,4609,0.7068213224411011
10X_P7_6_AGTGTCAGTGTAAGTA,3-F-56,T cell,2,Unmatched_2,28.761364,0.066620395,4610,2.2546908855438232
10X_P7_6_AGTGTCAGTGTAATGA,3-F-56,B cell,1,Unmatched_1,2.7598386,7.915545,4611,0.4824109375476837
10X_P7_6_AGTGTCATCAACGAAA,3-F-56,B cell,1,Unmatched_1,2.373138,7.902112,4612,0.5249360799789429
10X_P7_6_AGTGTCATCCTGTAGA,3-F-56,macrophage,4,macrophage,5.269563,16.146585,4613,3.0282459259033203
10X_P7_6_AGTGTCATCTGATTCT,3-F-56,T cell,3,T cell,25.957394,-0.96179247,4614,0.6335161328315735
10X_P7_6_AGTGTCATCTGCGACG,3-F-56,T cell,3,T cell,26.483112,-0.7768078,4615,0.6717239618301392
10X_P7_6_AGTGTCATCTGCGTAA,3-F-56,B cell,0,B cell,1.259197,2.4674222,4616,0.5615239143371582
10X_P7_6_AGTTGGTAGCCGTCGT,3-F-56,B cell,0,B cell,1.2901317,2.9406588,4617,0.5726708173751831
10X_P7_6_AGTTGGTAGTTCGATC,3-F-56,B cell,0,B cell,2.3347585,3.616547,4618,0.90221107006073
10X_P7_6_AGTTGGTCAATGGTCT,3-F-56,B cell,0,B cell,2.409493,2.7919366,4619,0.5051846504211426
10X_P7_6_AGTTGGTCACCAGGTC,3-F-56,B cell,0,B cell,0.17606182,5.337272,4620,0.3947591781616211
10X_P7_6_AGTTGGTCACTTGGAT,3-F-56,B cell,0,B cell,-0.5189135,5.3803487,4621,1.0703705549240112
10X_P7_6_AGTTGGTGTATTCTCT,3-F-56,T cell,3,T cell,26.3933,-0.94778436,4622,0.5447037816047668
10X_P7_6_AGTTGGTGTGACAAAT,3-F-56,B cell,0,B cell,2.8476264,3.1863618,4623,0.3975698351860046
10X_P7_6_AGTTGGTTCAGTCAGT,3-F-56,B cell,7,Unmatched_7,3.9949255,13.206929,4624,0.7816676497459412
10X_P7_6_AGTTGGTTCATGTCCC,3-F-56,B cell,0,B cell,1.1564702,5.0888996,4625,0.8909570574760437
10X_P7_6_AGTTGGTTCGGCGGTT,3-F-56,T cell,3,T cell,26.625563,-0.9889899,4626,0.8090208172798157
10X_P7_6_ATAACGCCACCAACCG,3-F-56,B cell,0,B cell,2.0147195,3.8809614,4627,0.862285852432251
10X_P7_6_ATAACGCCAGATCCAT,3-F-56,B cell,1,Unmatched_1,-2.7644565,4.2010155,4628,0.5402857661247253
10X_P7_6_ATAACGCCATCACCCT,3-F-56,B cell,1,Unmatched_1,3.2374897,8.541039,4629,0.7432680726051331
10X_P7_6_ATAACGCGTACACCGC,3-F-56,B cell,0,B cell,-0.05029836,5.3045435,4630,0.4456217288970947
10X_P7_6_ATAACGCGTCGACTGC,3-F-56,B cell,0,B cell,0.11636362,4.069305,4631,0.4378357827663421
10X_P7_6_ATAACGCTCAGTTTGG,3-F-56,B cell,0,B cell,0.5877977,4.7757845,4632,0.4668541550636291
10X_P7_6_ATAACGCTCGGTCTAA,3-F-56,B cell,2,Unmatched_2,25.12551,2.2027497,4633,1.4861669540405271
10X_P7_6_ATAAGAGAGAGGGCTT,3-F-56,B cell,0,B cell,-0.015819121,2.9244359,4634,1.1152013540267944
10X_P7_6_ATAAGAGAGAGTAATC,3-F-56,T cell,2,Unmatched_2,27.213898,0.7915439,4635,0.5765470862388611
10X_P7_6_ATAAGAGAGCAGGTCA,3-F-56,B cell,0,B cell,1.5750352,4.122443,4636,0.9901110529899596
10X_P7_6_ATAAGAGAGGCTAGAC,3-F-56,B cell,0,B cell,1.2054565,4.608261,4637,0.6104169487953186
10X_P7_6_ATAAGAGCAAGCCTAT,3-F-56,B cell,1,Unmatched_1,2.8645272,8.065781,4638,0.5145410895347595
10X_P7_6_ATAAGAGGTCTAACGT,3-F-56,B cell,0,B cell,0.31857184,5.114984,4639,0.5422781705856323
10X_P7_6_ATAAGAGTCGGAAATA,3-F-56,T cell,2,Unmatched_2,26.861513,1.3840629,4640,0.6440080404281616
10X_P7_6_ATAAGAGTCTGTCTCG,3-F-56,B cell,1,Unmatched_1,2.3524504,8.36646,4641,0.5835692882537842
10X_P7_6_ATAGACCAGGGATCTG,3-F-56,B cell,1,Unmatched_1,3.033277,7.6747613,4642,0.4654631316661834
10X_P7_6_ATAGACCAGTTGAGTA,3-F-56,macrophage,4,macrophage,4.5265794,16.24218,4643,3.646089553833008
10X_P7_6_ATAGACCCAATAGCGG,3-F-56,T cell,3,T cell,27.112135,-0.80682254,4644,0.8386410474777222
10X_P7_6_ATAGACCCAATGCCAT,3-F-56,B cell,0,B cell,0.9828952,3.4328532,4645,1.0013015270233154
10X_P7_6_ATAGACCCACTTAAGC,3-F-56,macrophage,4,macrophage,4.9894333,16.272554,4646,3.3938076496124268
10X_P7_6_ATAGACCCATACCATG,3-F-56,B cell,0,B cell,2.0813634,4.165208,4647,1.0782415866851809
10X_P7_6_ATAGACCCATTTCAGG,3-F-56,macrophage,4,macrophage,3.650427,15.735576,4648,1.5026732683181765
10X_P7_6_ATAGACCGTCTTGTCC,3-F-56,B cell,0,B cell,1.3822237,5.2755585,4649,0.974780261516571
10X_P7_6_ATAGACCGTTACTGAC,3-F-56,B cell,0,B cell,-0.17564686,3.66998,4650,0.4855424463748932
10X_P7_6_ATAGACCTCAGAAATG,3-F-56,T cell,3,T cell,28.723799,-0.3381165,4651,2.011421203613281
10X_P7_6_ATAGACCTCAGTCCCT,3-F-56,macrophage,4,macrophage,4.662596,14.826373,4652,2.8559908866882324
10X_P7_6_ATAGACCTCATCTGTT,3-F-56,natural killer cell,5,natural killer cell,30.975557,-2.5175421,4653,1.8626612424850464
10X_P7_6_ATAGACCTCATGGTCA,3-F-56,B cell,0,B cell,0.2716051,4.2854323,4654,0.4811496138572693
10X_P7_6_ATAGACCTCCTTTACA,3-F-56,B cell,0,B cell,0.0114152385,4.9600544,4655,0.3993533849716186
10X_P7_6_ATCACGAAGAGCTGCA,3-F-56,B cell,0,B cell,2.2781494,2.9520879,4656,0.4895138740539551
10X_P7_6_ATCACGACACTCTGTC,3-F-56,B cell,0,B cell,2.6623151,3.9303997,4657,0.5668626427650452
10X_P7_6_ATCACGACAGGCTGAA,3-F-56,natural killer cell,5,natural killer cell,30.906452,-1.8712462,4658,2.1405844688415527
10X_P7_6_ATCACGACATCGTCGG,3-F-56,B cell,0,B cell,1.5438311,3.6133184,4659,0.861931324005127
10X_P7_6_ATCACGACATCTGGTA,3-F-56,B cell,0,B cell,3.9944923,6.883371,4660,0.8481417298316956
10X_P7_6_ATCACGACATTGGGCC,3-F-56,B cell,0,B cell,1.337734,5.255377,4661,1.5406553745269775
10X_P7_6_ATCACGAGTAAGCACG,3-F-56,B cell,0,B cell,2.0110316,7.1744947,4662,0.6427881121635437
10X_P7_6_ATCACGAGTACCAGTT,3-F-56,B cell,1,Unmatched_1,2.446312,7.114639,4663,0.6339128613471985
10X_P7_6_ATCACGAGTTCGCTAA,3-F-56,T cell,3,T cell,28.241346,-1.3486664,4664,0.8738677501678467
10X_P7_6_ATCACGATCAATCACG,3-F-56,natural killer cell,5,natural killer cell,30.994835,-2.4174905,4665,1.5499866008758545
10X_P7_6_ATCACGATCATCGCTC,3-F-56,B cell,0,B cell,1.0018924,4.490736,4666,0.5193808078765869
10X_P7_6_ATCACGATCCACGCAG,3-F-56,T cell,3,T cell,26.359695,-1.1878781,4667,0.5489269495010376
10X_P7_6_ATCACGATCGCTAGCG,3-F-56,B cell,0,B cell,-0.7749142,3.659219,4668,0.600461483001709
10X_P7_6_ATCATCTAGTCTCAAC,3-F-56,T cell,2,Unmatched_2,27.607151,1.4391385,4669,0.6527684926986694
10X_P7_6_ATCATCTCAACACGCC,3-F-56,B cell,0,B cell,-1.0584556,5.4217205,4670,0.861906886100769
10X_P7_6_ATCATCTCAATCCAAC,3-F-56,T cell,2,Unmatched_2,29.39566,0.6504617,4671,1.4476252794265747
10X_P7_6_ATCATCTCACTTACGA,3-F-56,T cell,3,T cell,28.213417,-1.2104722,4672,2.241693019866944
10X_P7_6_ATCATCTCAGAGCCAA,3-F-56,B cell,0,B cell,2.5285933,2.5383985,4673,0.4922029972076416
10X_P7_6_ATCATCTCAGTATAAG,3-F-56,B cell,0,B cell,-0.59549874,4.879253,4674,0.9748672246932985
10X_P7_6_ATCATCTCATCGGACC,3-F-56,B cell,0,B cell,3.4606133,6.4261117,4675,1.0376951694488523
10X_P7_6_ATCATCTCATCTGGTA,3-F-56,B cell,0,B cell,1.5175816,3.730794,4676,0.5430650115013123
10X_P7_6_ATCATCTCATTCGACA,3-F-56,B cell,0,B cell,-0.08612242,4.6315637,4677,0.8710570335388184
10X_P7_6_ATCATCTTCACTATTC,3-F-56,B cell,0,B cell,2.36871,3.3737314,4678,0.4389764070510864
10X_P7_6_ATCATCTTCGACCAGC,3-F-56,B cell,0,B cell,1.7730325,5.123733,4679,0.7015905976295471
10X_P7_6_ATCATGGAGAAGGACA,3-F-56,B cell,0,B cell,-0.21159822,4.790874,4680,0.5374025106430054
10X_P7_6_ATCATGGAGCGAGAAA,3-F-56,B cell,1,Unmatched_1,2.697893,8.402369,4681,0.45622518658638
10X_P7_6_ATCATGGAGGATGCGT,3-F-56,B cell,7,Unmatched_7,4.0490475,13.317545,4682,0.6721562147140503
10X_P7_6_ATCATGGAGGCTAGCA,3-F-56,B cell,0,B cell,2.1412294,6.1261725,4683,0.9648707509040833
10X_P7_6_ATCATGGAGGGATACC,3-F-56,B cell,0,B cell,-1.8869698,4.8604183,4684,1.0833284854888916
10X_P7_6_ATCATGGAGTGTTGAA,3-F-56,B cell,1,Unmatched_1,3.2905514,7.9015646,4685,0.5001821517944336
10X_P7_6_ATCATGGCACGCGAAA,3-F-56,B cell,1,Unmatched_1,2.5096557,7.769665,4686,0.6687985062599182
10X_P7_6_ATCATGGCATAAGACA,3-F-56,B cell,0,B cell,0.40662247,3.4385366,4687,0.5550617575645447
10X_P7_6_ATCATGGGTCTGCCAG,3-F-56,B cell,1,Unmatched_1,3.0967245,8.260499,4688,0.5849485993385315
10X_P7_6_ATCATGGGTTAAGGGC,3-F-56,B cell,2,Unmatched_2,24.960365,1.9772052,4689,1.113192081451416
10X_P7_6_ATCATGGTCAACGAAA,3-F-56,B cell,1,Unmatched_1,4.109106,7.0597596,4690,1.3635903596878052
10X_P7_6_ATCATGGTCACTTATC,3-F-56,B cell,1,Unmatched_1,3.7221146,7.5431743,4691,0.500740110874176
10X_P7_6_ATCATGGTCTACTATC,3-F-56,natural killer cell,5,natural killer cell,30.863754,-1.793971,4692,2.3460421562194824
10X_P7_6_ATCATGGTCTGCTGTC,3-F-56,B cell,0,B cell,1.93952,3.0926433,4693,0.5759280323982239
10X_P7_6_ATCCACCAGATCCTGT,3-F-56,B cell,1,Unmatched_1,3.6602752,7.7465277,4694,0.5821325182914734
10X_P7_6_ATCCACCAGGCTCTTA,3-F-56,B cell,2,Unmatched_2,24.956776,1.9821042,4695,1.6045652627944946
10X_P7_6_ATCCACCAGGGATGGG,3-F-56,B cell,0,B cell,0.140904,2.9687424,4696,0.4938265979290008
10X_P7_6_ATCCACCAGTTAGGTA,3-F-56,B cell,6,Unmatched_6,0.19293319,11.39266,4697,2.8559908866882324
10X_P7_6_ATCCACCCAAAGTCAA,3-F-56,T cell,3,T cell,25.959642,-1.3547388,4698,0.9823192954063416
10X_P7_6_ATCCACCCACCCATTC,3-F-56,B cell,0,B cell,0.570094,3.889861,4699,0.8219285607337952
10X_P7_6_ATCCACCCATGCCTTC,3-F-56,T cell,3,T cell,29.274738,-0.73975986,4700,2.3692307472229004
10X_P7_6_ATCCACCGTCTGCGGT,3-F-56,natural killer cell,5,natural killer cell,30.634123,-1.5148889,4701,2.2675023078918457
10X_P7_6_ATCCACCGTGCTAGCC,3-F-56,T cell,3,T cell,25.925886,-0.36558953,4702,0.6731074452400208
10X_P7_6_ATCCACCGTTCCGGCA,3-F-56,T cell,2,Unmatched_2,29.26483,1.0332032,4703,1.4081194400787354
10X_P7_6_ATCCACCTCCAGATCA,3-F-56,T cell,2,Unmatched_2,28.329638,0.45776668,4704,0.8627367615699768
10X_P7_6_ATCCACCTCCTAGTGA,3-F-56,B cell,0,B cell,-1.2188857,4.537077,4705,1.064655065536499
10X_P7_6_ATCCACCTCTTTACGT,3-F-56,T cell,2,Unmatched_2,27.50926,0.57004625,4706,0.5915698409080505
10X_P7_6_ATCCGAAAGAATGTGT,3-F-56,B cell,0,B cell,-0.13106611,6.237934,4707,0.6659209132194519
10X_P7_6_ATCCGAAAGACTAGAT,3-F-56,B cell,0,B cell,2.061496,4.97473,4708,1.6337999105453491
10X_P7_6_ATCCGAAAGATTACCC,3-F-56,T cell,3,T cell,26.055166,-0.7956649,4709,0.5469415783882141
10X_P7_6_ATCCGAAAGCCACCTG,3-F-56,natural killer cell,5,natural killer cell,31.13417,-2.1318681,4710,1.988310933113098
10X_P7_6_ATCCGAAAGGCGCTCT,3-F-56,T cell,2,Unmatched_2,26.838219,1.2018297,4711,1.302735447883606
10X_P7_6_ATCCGAAAGGTGCTTT,3-F-56,B cell,0,B cell,0.93835664,3.5421262,4712,0.5324049592018127
10X_P7_6_ATCCGAACAACTGCTA,3-F-56,B cell,0,B cell,0.4574338,6.972715,4713,0.7103310227394104
10X_P7_6_ATCCGAACATCCCATC,3-F-56,T cell,2,Unmatched_2,27.053146,1.1933528,4714,0.8027415871620178
10X_P7_6_ATCCGAACATGTCCTC,3-F-56,T cell,3,T cell,25.847847,-1.3032988,4715,1.0483875274658203
10X_P7_6_ATCCGAAGTAAACGCG,3-F-56,B cell,1,Unmatched_1,3.1878297,8.462491,4716,0.4558100700378418
10X_P7_6_ATCCGAAGTAAGTTCC,3-F-56,B cell,1,Unmatched_1,1.7176487,7.696044,4717,1.7435767650604248
10X_P7_6_ATCCGAAGTACTTGAC,3-F-56,B cell,0,B cell,-0.81988573,4.5929794,4718,0.7148464918136597
10X_P7_6_ATCCGAATCACTTACT,3-F-56,natural killer cell,5,natural killer cell,31.025848,-2.4795847,4719,2.0692672729492188
10X_P7_6_ATCCGAATCCCTGACT,3-F-56,B cell,1,Unmatched_1,3.1704593,8.565095,4720,0.5109522938728333
10X_P7_6_ATCCGAATCGAGGTAG,3-F-56,natural killer cell,5,natural killer cell,31.030313,-1.9971623,4721,2.346269369125366
10X_P7_6_ATCGAGTAGCACAGGT,3-F-56,B cell,0,B cell,0.22144054,7.250272,4722,0.6850403547286987
10X_P7_6_ATCGAGTAGCCACGTC,3-F-56,B cell,0,B cell,2.2953367,4.0034437,4723,1.0394692420959473
10X_P7_6_ATCGAGTAGCTGAAAT,3-F-56,B cell,0,B cell,2.2634375,4.002356,4724,0.5020473003387451
10X_P7_6_ATCGAGTAGCTTTGGT,3-F-56,B cell,0,B cell,0.79722077,7.38148,4725,1.0297808647155762
10X_P7_6_ATCGAGTCACCTCGGA,3-F-56,B cell,0,B cell,2.838378,5.971519,4726,1.4199061393737793
10X_P7_6_ATCGAGTCAGAAGCAC,3-F-56,natural killer cell,5,natural killer cell,30.933071,-2.1156728,4727,1.7610169649124146
10X_P7_6_ATCGAGTCAGACACTT,3-F-56,B cell,0,B cell,0.40908438,3.0711298,4728,0.4603456556797027
10X_P7_6_ATCGAGTGTCGAATCT,3-F-56,B cell,0,B cell,0.61354667,4.8151474,4729,0.8842172026634216
10X_P7_6_ATCGAGTGTTTCGCTC,3-F-56,B cell,0,B cell,0.62967634,3.5685987,4730,1.135959267616272
10X_P7_6_ATCGAGTTCAAGGTAA,3-F-56,T cell,3,T cell,26.146828,-0.9853285,4731,0.6307241916656494
10X_P7_6_ATCGAGTTCCTAGTGA,3-F-56,B cell,0,B cell,0.11909608,4.3317356,4732,0.3903445899486542
10X_P7_6_ATCGAGTTCCTCAATT,3-F-56,T cell,2,Unmatched_2,27.504213,1.153393,4733,0.5403406023979187
10X_P7_6_ATCGAGTTCGCAAACT,3-F-56,macrophage,4,macrophage,3.28843,16.075838,4734,1.955681562423706
10X_P7_6_ATCGAGTTCGCCCTTA,3-F-56,T cell,3,T cell,25.690748,-0.2945246,4735,0.7906212210655212
10X_P7_6_ATCTACTAGAGCTTCT,3-F-56,B cell,0,B cell,0.522624,5.683357,4736,0.5496571063995361
10X_P7_6_ATCTACTAGCAGACTG,3-F-56,B cell,0,B cell,0.1754579,3.4839094,4737,0.5563099980354309
10X_P7_6_ATCTACTAGGACAGCT,3-F-56,T cell,2,Unmatched_2,27.45293,1.2282063,4738,0.8333233594894409
10X_P7_6_ATCTACTAGTATGACA,3-F-56,T cell,5,natural killer cell,29.957813,-0.69411314,4739,1.8132555484771729
10X_P7_6_ATCTACTAGTCTCCTC,3-F-56,B cell,1,Unmatched_1,2.9984314,7.7281775,4740,0.5913615226745605
10X_P7_6_ATCTACTCACTGTCGG,3-F-56,B cell,0,B cell,2.474563,4.0987563,4741,0.5140106081962585
10X_P7_6_ATCTACTCACTTCGAA,3-F-56,B cell,0,B cell,1.6633109,4.8126545,4742,0.7705197334289551
10X_P7_6_ATCTACTCAGCGAACA,3-F-56,B cell,0,B cell,1.527794,3.1543357,4743,1.000995635986328
10X_P7_6_ATCTACTCAGGTGGAT,3-F-56,T cell,3,T cell,26.087982,-0.55431664,4744,0.5720628499984741
10X_P7_6_ATCTACTGTCGGATCC,3-F-56,B cell,1,Unmatched_1,3.848998,7.6890793,4745,0.6688099503517151
10X_P7_6_ATCTACTGTGCTTCTC,3-F-56,B cell,0,B cell,2.1719604,4.16001,4746,0.6615738868713379
10X_P7_6_ATCTACTGTTCAGGCC,3-F-56,B cell,0,B cell,0.64968216,2.9093513,4747,0.9244170188903807
10X_P7_6_ATCTACTTCACGCATA,3-F-56,macrophage,4,macrophage,3.5916045,15.822586,4748,1.4440414905548096
10X_P7_6_ATCTACTTCAGTGTTG,3-F-56,T cell,3,T cell,26.009756,-1.0051544,4749,0.8809248805046082
10X_P7_6_ATCTACTTCCACGACG,3-F-56,B cell,0,B cell,-0.2980126,4.8045444,4750,0.6529284715652466
10X_P7_6_ATCTACTTCCACGTTC,3-F-56,T cell,2,Unmatched_2,28.755213,0.08654619,4751,1.6518640518188477
10X_P7_6_ATCTGCCAGCCACCTG,3-F-56,B cell,0,B cell,1.8351343,3.291305,4752,0.491576999425888
10X_P7_6_ATCTGCCAGCCTTGAT,3-F-56,T cell,2,Unmatched_2,26.927387,1.2407818,4753,0.5902738571166992
10X_P7_6_ATCTGCCAGCTCAACT,3-F-56,B cell,1,Unmatched_1,2.8204896,7.454824,4754,0.539553165435791
10X_P7_6_ATCTGCCAGGGTATCG,3-F-56,B cell,0,B cell,-0.21060826,5.067546,4755,0.5654730200767517
10X_P7_6_ATCTGCCAGTCGATAA,3-F-56,T cell,3,T cell,26.65989,-0.9645108,4756,1.018269419670105
10X_P7_6_ATCTGCCCAAACCTAC,3-F-56,B cell,0,B cell,1.1374905,6.038102,4757,0.877414345741272
10X_P7_6_ATCTGCCCATGTCGAT,3-F-56,T cell,3,T cell,26.08216,-0.8111358,4758,0.5744096636772156
10X_P7_6_ATCTGCCGTCATCGGC,3-F-56,B cell,0,B cell,0.7828431,4.260718,4759,0.6890869736671448
10X_P7_6_ATCTGCCGTCCTCTTG,3-F-56,B cell,0,B cell,1.9179245,5.8574452,4760,0.6735233664512634
10X_P7_6_ATCTGCCGTCTCATCC,3-F-56,B cell,0,B cell,2.0480697,2.6616776,4761,0.6096346974372864
10X_P7_6_ATCTGCCGTCTTTCAT,3-F-56,B cell,1,Unmatched_1,2.5213127,7.842393,4762,0.481778621673584
10X_P7_6_ATCTGCCGTTCCACTC,3-F-56,T cell,3,T cell,25.582678,-0.26657528,4763,0.8284072875976562
10X_P7_6_ATCTGCCGTTTGGCGC,3-F-56,B cell,0,B cell,-0.7303352,3.70763,4764,0.4666494131088257
10X_P7_6_ATCTGCCTCAACACAC,3-F-56,B cell,1,Unmatched_1,3.1241622,8.350064,4765,0.4529396593570709
10X_P7_6_ATCTGCCTCAAGGTAA,3-F-56,T cell,3,T cell,25.674887,-0.19382861,4766,1.3565115928649902
10X_P7_6_ATCTGCCTCATCATTC,3-F-56,B cell,0,B cell,1.0637985,5.2238407,4767,0.7788926959037781
10X_P7_6_ATCTGCCTCCCTAACC,3-F-56,T cell,3,T cell,25.800457,-0.6118368,4768,1.3714003562927246
10X_P7_6_ATCTGCCTCCGTCATC,3-F-56,B cell,0,B cell,-0.41171294,4.446138,4769,0.5899978280067444
10X_P7_6_ATGAGGGAGCGTAGTG,3-F-56,B cell,0,B cell,2.3301396,2.3006928,4770,0.4335675835609436
10X_P7_6_ATGAGGGAGCTCTCGG,3-F-56,B cell,0,B cell,-0.05084447,6.538231,4771,0.7439015507698059
10X_P7_6_ATGAGGGAGGGTTTCT,3-F-56,B cell,0,B cell,1.5701276,3.947349,4772,0.8561039566993713
10X_P7_6_ATGAGGGAGTTCGCAT,3-F-56,T cell,2,Unmatched_2,27.499561,0.6275221,4773,0.5777783393859863
10X_P7_6_ATGAGGGCAAGCCTAT,3-F-56,T cell,2,Unmatched_2,27.17295,1.2347597,4774,0.5962579250335693
10X_P7_6_ATGAGGGCAGACGCCT,3-F-56,B cell,0,B cell,2.4835365,3.688681,4775,0.4127151370048523
10X_P7_6_ATGAGGGGTAAACACA,3-F-56,T cell,3,T cell,25.998081,-0.48735434,4776,0.732422411441803
10X_P7_6_ATGAGGGGTACCATCA,3-F-56,macrophage,4,macrophage,5.294063,16.13897,4777,2.5343918800354004
10X_P7_6_ATGAGGGGTCAACATC,3-F-56,B cell,0,B cell,-0.64711076,3.3548627,4778,0.8008327484130859
10X_P7_6_ATGAGGGGTCAGATAA,3-F-56,T cell,2,Unmatched_2,27.256151,1.0960428,4779,0.6206130385398865
10X_P7_6_ATGAGGGGTCCAAGTT,3-F-56,B cell,0,B cell,1.2588056,2.2958937,4780,0.7437574863433838
10X_P7_6_ATGAGGGGTCTCCATC,3-F-56,T cell,3,T cell,26.609365,-0.28262258,4781,0.6942530274391174
10X_P7_6_ATGAGGGGTGGTGTAG,3-F-56,T cell,2,Unmatched_2,27.465973,1.0199773,4782,0.5389530062675476
10X_P7_6_ATGAGGGGTGTGTGCC,3-F-56,T cell,2,Unmatched_2,27.267954,1.2609141,4783,0.5905945301055908
10X_P7_6_ATGAGGGTCAAACGGG,3-F-56,B cell,1,Unmatched_1,2.4327233,7.6896334,4784,0.6725318431854248
10X_P7_6_ATGCGATAGACAATAC,3-F-56,B cell,0,B cell,-0.96654457,4.031346,4785,1.0576955080032349
10X_P7_6_ATGCGATAGAGCTTCT,3-F-56,B cell,0,B cell,-0.3691307,4.1391025,4786,0.7067756652832031
10X_P7_6_ATGCGATAGCAGATCG,3-F-56,B cell,0,B cell,2.0261972,4.3768134,4787,1.1028122901916504
10X_P7_6_ATGCGATAGGCATGGT,3-F-56,B cell,0,B cell,2.4361436,3.7523925,4788,1.16904616355896
10X_P7_6_ATGCGATCAACAACCT,3-F-56,B cell,0,B cell,2.5667245,5.164299,4789,1.537102460861206
10X_P7_6_ATGCGATCATAGTAAG,3-F-56,B cell,1,Unmatched_1,-2.6995683,4.0391755,4790,1.711493968963623
10X_P7_6_ATGCGATCATCCGCGA,3-F-56,B cell,0,B cell,-0.4465453,3.4972422,4791,0.542818546295166
10X_P7_6_ATGCGATCATCGACGC,3-F-56,T cell,2,Unmatched_2,27.662477,1.2928652,4792,0.6588094830513
10X_P7_6_ATGCGATGTAACGCGA,3-F-56,B cell,2,Unmatched_2,25.168474,2.0894122,4793,1.2687374353408811
10X_P7_6_ATGCGATGTATTACCG,3-F-56,B cell,0,B cell,1.3985876,2.7226121,4794,0.5570759773254395
10X_P7_6_ATGCGATGTCGAGATG,3-F-56,T cell,3,T cell,26.87255,-0.6214453,4795,0.7053965926170349
10X_P7_6_ATGCGATGTCTCCATC,3-F-56,B cell,1,Unmatched_1,3.471462,8.49857,4796,0.7332478165626526
10X_P7_6_ATGCGATGTGAGGGTT,3-F-56,B cell,0,B cell,-1.2760181,5.441411,4797,1.5070825815200806
10X_P7_6_ATGCGATTCAATACCG,3-F-56,macrophage,4,macrophage,4.4927454,16.244036,4798,3.646089553833008
10X_P7_6_ATGCGATTCAGCGACC,3-F-56,macrophage,4,macrophage,4.7257924,14.929299,4799,2.54805064201355
10X_P7_6_ATGCGATTCAGCTCTC,3-F-56,T cell,3,T cell,26.514772,-0.99918187,4800,0.6756272315979004
10X_P7_6_ATGCGATTCGATAGAA,3-F-56,B cell,0,B cell,0.010297198,4.913296,4801,0.5346948504447937
10X_P7_6_ATGCGATTCTCGCATC,3-F-56,B cell,0,B cell,1.8053762,6.195115,4802,0.6441326141357422
10X_P7_6_ATGCGATTCTCTGAGA,3-F-56,B cell,0,B cell,1.6982014,2.2982411,4803,0.5693284869194031
10X_P7_6_ATGCGATTCTTACCGC,3-F-56,B cell,0,B cell,1.3036249,2.469496,4804,0.8159051537513733
10X_P7_6_ATGGGAGAGACTACAA,3-F-56,B cell,0,B cell,1.8405023,4.1473627,4805,0.7389497756958008
10X_P7_6_ATGGGAGAGCAGGTCA,3-F-56,B cell,0,B cell,0.8045256,2.128914,4806,1.2222744226455688
10X_P7_6_ATGGGAGAGCTGTTCA,3-F-56,B cell,0,B cell,-0.16195747,6.7946177,4807,1.7338426113128662
10X_P7_6_ATGGGAGAGTGAAGTT,3-F-56,B cell,0,B cell,0.23141055,3.3485901,4808,0.7784253358840942
10X_P7_6_ATGGGAGCAATTGCTG,3-F-56,macrophage,4,macrophage,1.9930563,16.733114,4809,2.331870555877685
10X_P7_6_ATGGGAGCATTGCGGC,3-F-56,B cell,0,B cell,0.50158215,6.9675336,4810,0.7969838380813599
10X_P7_6_ATGGGAGGTAAACCTC,3-F-56,B cell,0,B cell,2.2332866,2.4668827,4811,0.5141310095787048
10X_P7_6_ATGGGAGGTAGCTTGT,3-F-56,B cell,0,B cell,2.132425,3.8426995,4812,0.708062469959259
10X_P7_6_ATGGGAGGTTGCGCAC,3-F-56,B cell,0,B cell,-1.4873644,3.9496593,4813,0.6954836845397949
10X_P7_6_ATGGGAGTCACATACG,3-F-56,B cell,0,B cell,-1.7753657,5.221228,4814,1.2277532815933228
10X_P7_6_ATGGGAGTCCGAACGC,3-F-56,B cell,1,Unmatched_1,3.2604127,7.8642015,4815,0.7763567566871643
10X_P7_6_ATGGGAGTCGGAAACG,3-F-56,T cell,3,T cell,28.546791,-1.4563078,4816,0.9560962915420532
10X_P7_6_ATGTGTGAGACCACGA,3-F-56,B cell,0,B cell,1.8610198,3.5447147,4817,0.6870943903923035
10X_P7_6_ATGTGTGAGCTTATCG,3-F-56,B cell,0,B cell,0.8533792,7.6865573,4818,0.8695093393325806
10X_P7_6_ATGTGTGAGGGCTTCC,3-F-56,B cell,1,Unmatched_1,2.5699778,7.0620933,4819,0.5457601547241211
10X_P7_6_ATGTGTGCACTGTTAG,3-F-56,B cell,0,B cell,-0.8232791,5.545892,4820,0.957139015197754
10X_P7_6_ATGTGTGCAGGGTATG,3-F-56,B cell,0,B cell,1.0433422,2.5865886,4821,0.5841671228408813
10X_P7_6_ATGTGTGCAGTTAACC,3-F-56,B cell,0,B cell,1.87872,6.331522,4822,1.7116905450820925
10X_P7_6_ATGTGTGGTCCGTCAG,3-F-56,natural killer cell,5,natural killer cell,30.490793,-2.0550487,4823,2.397041320800781
10X_P7_6_ATGTGTGGTTATCACG,3-F-56,B cell,0,B cell,2.153292,7.166041,4824,1.1181952953338623
10X_P7_6_ATGTGTGGTTCGTTGA,3-F-56,B cell,0,B cell,1.5328937,4.776953,4825,1.3910406827926636
10X_P7_6_ATGTGTGTCACATACG,3-F-56,B cell,1,Unmatched_1,4.6636887,7.001099,4826,0.8208287358283997
10X_P7_6_ATGTGTGTCAGTCAGT,3-F-56,B cell,0,B cell,-2.02841,5.5938506,4827,1.64299213886261
10X_P7_6_ATGTGTGTCAGTCCCT,3-F-56,B cell,0,B cell,2.6643815,2.746893,4828,0.4508759677410126
10X_P7_6_ATGTGTGTCCAGAGGA,3-F-56,B cell,0,B cell,1.0859756,3.8018973,4829,0.4909496605396271
10X_P7_6_ATGTGTGTCCCTTGCA,3-F-56,B cell,0,B cell,2.1105666,3.4020255,4830,1.204150676727295
10X_P7_6_ATGTGTGTCGGCGCAT,3-F-56,B cell,0,B cell,1.643558,2.1763446,4831,0.7947026491165161
10X_P7_6_ATTACTCAGACTAGAT,3-F-56,B cell,0,B cell,-0.06270783,4.994021,4832,0.3872216343879699
10X_P7_6_ATTACTCAGCTGGAAC,3-F-56,natural killer cell,5,natural killer cell,30.954823,-1.881992,4833,1.7921234369277954
10X_P7_6_ATTACTCCAAACCCAT,3-F-56,macrophage,4,macrophage,3.4583876,16.084782,4834,2.833486557006836
10X_P7_6_ATTACTCCAAAGGTGC,3-F-56,B cell,0,B cell,2.2980158,7.0445075,4835,0.6801482439041138
10X_P7_6_ATTACTCCACGGATAG,3-F-56,B cell,0,B cell,1.6438311,2.4200182,4836,0.7575111985206604
10X_P7_6_ATTACTCGTAAGCACG,3-F-56,T cell,2,Unmatched_2,27.637152,1.2794108,4837,0.6120819449424744
10X_P7_6_ATTACTCGTCGAGTTT,3-F-56,B cell,0,B cell,2.6842752,3.290641,4838,0.5431394577026367
10X_P7_6_ATTACTCGTGAGTGAC,3-F-56,B cell,0,B cell,2.4988241,3.2662005,4839,1.0197821855545044
10X_P7_6_ATTACTCGTTGCTCCT,3-F-56,T cell,3,T cell,28.354906,-1.477451,4840,1.0056754350662231
10X_P7_6_ATTACTCTCATCGGAT,3-F-56,B cell,1,Unmatched_1,2.1423497,7.411477,4841,0.5402824878692627
10X_P7_6_ATTACTCTCCTAGTGA,3-F-56,macrophage,4,macrophage,4.8174925,15.058186,4842,2.21476411819458
10X_P7_6_ATTACTCTCGCGGATC,3-F-56,B cell,1,Unmatched_1,-2.516127,4.0910945,4843,0.9323890209197998
10X_P7_6_ATTATCCAGAGTAAGG,3-F-56,B cell,0,B cell,0.41153726,5.367893,4844,0.5248346924781799
10X_P7_6_ATTATCCAGCTATGCT,3-F-56,T cell,2,Unmatched_2,27.334507,1.2974856,4845,0.5779640078544617
10X_P7_6_ATTATCCAGCTTTGGT,3-F-56,T cell,3,T cell,25.661116,-0.46209952,4846,0.6919300556182861
10X_P7_6_ATTATCCAGGCATGTG,3-F-56,B cell,0,B cell,1.6028879,3.2725968,4847,0.9094204902648926
10X_P7_6_ATTATCCAGTACTTGC,3-F-56,B cell,0,B cell,1.1493638,3.580292,4848,0.4569146633148193
10X_P7_6_ATTATCCAGTCCTCCT,3-F-56,B cell,1,Unmatched_1,1.9244893,7.787508,4849,0.5471492409706116
10X_P7_6_ATTATCCCACAAGCCC,3-F-56,B cell,4,macrophage,4.6851144,14.850682,4850,2.229159116744995
10X_P7_6_ATTATCCCAGATCTGT,3-F-56,B cell,0,B cell,2.2595744,2.1769564,4851,0.5543919205665588
10X_P7_6_ATTATCCCATGACGGA,3-F-56,T cell,2,Unmatched_2,27.235662,1.1023321,4852,0.5871347784996033
10X_P7_6_ATTATCCGTTCCATGA,3-F-56,T cell,2,Unmatched_2,27.465376,1.2755896,4853,0.6279116868972778
10X_P7_6_ATTATCCTCAGGTTCA,3-F-56,B cell,2,Unmatched_2,25.11826,2.0892735,4854,1.1814253330230713
10X_P7_6_ATTATCCTCCAAACTG,3-F-56,B cell,0,B cell,1.5014783,2.8087661,4855,0.5799027681350708
10X_P7_6_ATTATCCTCGTTTATC,3-F-56,B cell,0,B cell,0.8006589,6.277509,4856,1.0631550550460815
10X_P7_6_ATTCTACAGATGGCGT,3-F-56,B cell,0,B cell,2.7782338,6.8950706,4857,0.6953457593917847
10X_P7_6_ATTCTACAGCAGGTCA,3-F-56,B cell,0,B cell,2.6504505,4.465535,4858,1.4219611883163452
10X_P7_6_ATTCTACAGGCTAGCA,3-F-56,T cell,2,Unmatched_2,27.636635,0.5296082,4859,0.6295220851898193
10X_P7_6_ATTCTACAGTGAAGAG,3-F-56,B cell,0,B cell,0.90608764,2.366303,4860,1.0075080394744873
10X_P7_6_ATTCTACAGTGGGATC,3-F-56,macrophage,4,macrophage,4.620942,14.787644,4861,2.243319272994995
10X_P7_6_ATTCTACCAGCTCGAC,3-F-56,B cell,0,B cell,-0.40258121,4.2458205,4862,0.407293289899826
10X_P7_6_ATTCTACCATTCCTCG,3-F-56,B cell,0,B cell,1.1729984,4.7339835,4863,0.7559576034545898
10X_P7_6_ATTCTACGTCCTCTTG,3-F-56,T cell,3,T cell,26.064756,-1.2902083,4864,0.7157966494560242
10X_P7_6_ATTCTACGTGTTGGGA,3-F-56,B cell,1,Unmatched_1,3.6275818,8.481068,4865,0.7307299375534058
10X_P7_6_ATTCTACGTTATCACG,3-F-56,B cell,0,B cell,1.5454017,3.9002314,4866,0.5264405012130737
10X_P7_6_ATTCTACTCCACTCCA,3-F-56,B cell,1,Unmatched_1,2.2144413,8.295832,4867,0.5375538468360901
10X_P7_6_ATTCTACTCCGAAGAG,3-F-56,T cell,5,natural killer cell,29.927755,-0.7096584,4868,1.9120335578918457
10X_P7_6_ATTCTACTCCGCTGTT,3-F-56,B cell,0,B cell,2.848409,4.0693917,4869,1.286704182624817
10X_P7_6_ATTCTACTCTGGCGAC,3-F-56,B cell,0,B cell,2.5828583,5.5682487,4870,1.3788560628890991
10X_P7_6_ATTCTACTCTGTTGAG,3-F-56,T cell,3,T cell,25.684534,-0.25573134,4871,0.7573778033256531
10X_P7_6_ATTGGACAGCCACCTG,3-F-56,B cell,0,B cell,1.9866107,6.4741864,4872,1.1537699699401855
10X_P7_6_ATTGGACAGTCCCACG,3-F-56,B cell,0,B cell,-0.5053409,4.1080694,4873,0.5550088882446289
10X_P7_6_ATTGGACAGTGAATTG,3-F-56,B cell,0,B cell,0.71129584,2.4405758,4874,1.217557072639465
10X_P7_6_ATTGGACCAATGGTCT,3-F-56,B cell,0,B cell,0.6543056,3.8010952,4875,0.7832620143890381
10X_P7_6_ATTGGACGTAGAAAGG,3-F-56,B cell,0,B cell,-0.10339564,4.983912,4876,0.5929675698280334
10X_P7_6_ATTGGACGTGATGTCT,3-F-56,B cell,0,B cell,1.5077568,2.4519734,4877,0.6176888942718506
10X_P7_6_ATTGGACGTTACGACT,3-F-56,B cell,0,B cell,2.3126166,4.493487,4878,0.8952368497848511
10X_P7_6_ATTGGACTCATCACCC,3-F-56,B cell,0,B cell,1.0135802,4.7601414,4879,0.5700723528862
10X_P7_6_ATTGGACTCTCCCTGA,3-F-56,B cell,0,B cell,2.1182609,2.6312757,4880,0.4409111738204956
10X_P7_6_ATTGGTGAGAGGTTAT,3-F-56,T cell,3,T cell,25.713963,-0.7575583,4881,0.7789936065673828
10X_P7_6_ATTGGTGAGCACAGGT,3-F-56,B cell,0,B cell,0.4345974,4.411161,4882,0.403665542602539
10X_P7_6_ATTGGTGAGCCGCCTA,3-F-56,B cell,0,B cell,1.6144577,2.9079685,4883,0.6342552304267883
10X_P7_6_ATTGGTGAGTTCCACA,3-F-56,T cell,3,T cell,25.961803,-0.523888,4884,1.355649471282959
10X_P7_6_ATTGGTGCAAGCGCTC,3-F-56,B cell,1,Unmatched_1,3.5118284,8.187022,4885,0.5142230987548828
10X_P7_6_ATTGGTGCAGCCAGAA,3-F-56,T cell,2,Unmatched_2,27.399036,1.1075238,4886,0.5687066316604614
10X_P7_6_ATTGGTGCAGCCTATA,3-F-56,T cell,3,T cell,26.052044,0.1108167,4887,1.4556808471679688
10X_P7_6_ATTGGTGCATAGTAAG,3-F-56,B cell,0,B cell,-0.09762694,3.0592725,4888,0.6215128302574158
10X_P7_6_ATTGGTGGTCTGGTCG,3-F-56,T cell,3,T cell,28.483727,-1.3601512,4889,1.0645829439163208
10X_P7_6_ATTGGTGGTGCCTTGG,3-F-56,B cell,0,B cell,1.0368954,4.405666,4890,0.7803232669830322
10X_P7_6_ATTGGTGGTTTGTTTC,3-F-56,B cell,1,Unmatched_1,2.8961153,8.283811,4891,0.4540425837039947
10X_P7_6_ATTGGTGTCAACCATG,3-F-56,B cell,1,Unmatched_1,2.0700216,7.6834493,4892,0.6639711260795593
10X_P7_6_ATTGGTGTCAGGCAAG,3-F-56,T cell,3,T cell,26.283619,-1.0922896,4893,0.659930408000946
10X_P7_6_ATTGGTGTCCACGAAT,3-F-56,B cell,0,B cell,1.2941992,7.6028876,4894,1.223584771156311
10X_P7_6_ATTTCTGAGAAGGGTA,3-F-56,B cell,0,B cell,2.1154864,3.9421017,4895,0.5693327784538269
10X_P7_6_ATTTCTGAGAGGACGG,3-F-56,T cell,2,Unmatched_2,27.28158,0.7261497,4896,0.8658364415168762
10X_P7_6_ATTTCTGAGCCTTGAT,3-F-56,B cell,1,Unmatched_1,3.2740135,7.9063454,4897,0.4593885540962219
10X_P7_6_ATTTCTGAGGTGACCA,3-F-56,T cell,2,Unmatched_2,26.527094,0.6488285,4898,0.9021289944648744
10X_P7_6_ATTTCTGAGGTGGGTT,3-F-56,B cell,1,Unmatched_1,3.5074737,8.083651,4899,0.6743741035461426
10X_P7_6_ATTTCTGAGTGCCATT,3-F-56,B cell,1,Unmatched_1,2.5849996,7.7775726,4900,0.4851397275924682
10X_P7_6_ATTTCTGCAAGCCGCT,3-F-56,B cell,0,B cell,0.88849574,4.737813,4901,0.4943388104438782
10X_P7_6_ATTTCTGCACGGACAA,3-F-56,B cell,1,Unmatched_1,2.2339523,7.341318,4902,0.4987048506736755
10X_P7_6_ATTTCTGGTCAGCTAT,3-F-56,B cell,0,B cell,1.9841073,5.25067,4903,1.1460707187652588
10X_P7_6_ATTTCTGGTGTCAATC,3-F-56,B cell,0,B cell,2.1603434,6.113702,4904,0.8424912095069885
10X_P7_6_ATTTCTGGTTGATTGC,3-F-56,T cell,3,T cell,26.728256,-0.9263401,4905,0.7003391981124878
10X_P7_6_ATTTCTGGTTTGGCGC,3-F-56,macrophage,4,macrophage,1.9645762,16.637335,4906,2.8559908866882324
10X_P7_6_ATTTCTGTCCTGCCAT,3-F-56,B cell,0,B cell,0.7987577,4.557616,4907,0.5184802412986755
10X_P7_6_ATTTCTGTCGCCGTGA,3-F-56,B cell,0,B cell,0.9348021,3.7983124,4908,0.554591178894043
10X_P7_6_ATTTCTGTCTATCCCG,3-F-56,B cell,0,B cell,1.0910814,5.6149993,4909,0.8387215733528137
10X_P7_6_ATTTCTGTCTTCTGGC,3-F-56,B cell,0,B cell,-0.13606313,2.855399,4910,0.812515377998352
10X_P7_6_ATTTCTGTCTTGTACT,3-F-56,B cell,1,Unmatched_1,1.8368909,7.670508,4911,0.793765664100647
10X_P7_6_CAACCAAAGACCTAGG,3-F-56,B cell,0,B cell,0.46868488,4.633049,4912,0.3965693712234497
10X_P7_6_CAACCAAAGAGACGAA,3-F-56,B cell,0,B cell,1.1138237,3.558695,4913,0.6037063598632812
10X_P7_6_CAACCAAAGAGCAATT,3-F-56,B cell,0,B cell,-0.40134767,3.634966,4914,0.5969878435134888
10X_P7_6_CAACCAAAGCTAAACA,3-F-56,B cell,0,B cell,0.20594725,4.995795,4915,0.614613950252533
10X_P7_6_CAACCAACAATCAGAA,3-F-56,B cell,1,Unmatched_1,3.3726153,8.019669,4916,0.5070406794548035
10X_P7_6_CAACCAACACCAGATT,3-F-56,B cell,0,B cell,-1.7729784,5.4188294,4917,1.3090647459030151
10X_P7_6_CAACCAAGTAGCTTGT,3-F-56,B cell,2,Unmatched_2,25.211714,2.1560457,4918,1.2007800340652466
10X_P7_6_CAACCAAGTCACCTAA,3-F-56,B cell,7,Unmatched_7,3.9536917,13.244914,4919,0.899314284324646
10X_P7_6_CAACCAAGTTCCTCCA,3-F-56,B cell,1,Unmatched_1,2.0786674,7.759141,4920,1.252729415893555
10X_P7_6_CAACCAATCAGGCAAG,3-F-56,natural killer cell,5,natural killer cell,30.797508,-2.022913,4921,2.1282339096069336
10X_P7_6_CAACCAATCTAACTTC,3-F-56,B cell,0,B cell,1.1831949,3.0254807,4922,0.8618530631065369
10X_P7_6_CAACCTCAGATGGCGT,3-F-56,B cell,0,B cell,2.6586947,6.371746,4923,0.5749061107635498
10X_P7_6_CAACCTCAGCAGATCG,3-F-56,B cell,0,B cell,0.41191787,4.024146,4924,0.4794580340385437
10X_P7_6_CAACCTCAGCGATTCT,3-F-56,B cell,7,Unmatched_7,3.9967136,13.217597,4925,0.8152289986610413
10X_P7_6_CAACCTCAGCGTGAGT,3-F-56,B cell,0,B cell,-0.9330954,3.304468,4926,1.441567063331604
10X_P7_6_CAACCTCAGCGTTTAC,3-F-56,B cell,0,B cell,2.0126548,6.4635353,4927,0.6382468342781067
10X_P7_6_CAACCTCAGGAATCGC,3-F-56,macrophage,4,macrophage,4.4744534,16.248123,4928,3.646089553833008
10X_P7_6_CAACCTCCACACATGT,3-F-56,B cell,1,Unmatched_1,1.8427942,7.7192597,4929,0.7329975962638855
10X_P7_6_CAACCTCCACGAAATA,3-F-56,B cell,0,B cell,0.190442,4.443138,4930,0.4049301743507385
10X_P7_6_CAACCTCCATCACGAT,3-F-56,T cell,3,T cell,28.702147,-0.34856844,4931,1.7246739864349363
10X_P7_6_CAACCTCGTAGTGAAT,3-F-56,B cell,0,B cell,1.8755854,4.3938,4932,0.8606311082839966
10X_P7_6_CAACCTCTCAATCACG,3-F-56,B cell,0,B cell,1.7231331,3.7807224,4933,0.6386096477508545
10X_P7_6_CAACCTCTCCTAGAAC,3-F-56,T cell,2,Unmatched_2,29.179985,0.94350195,4934,2.9499831199646
10X_P7_6_CAACCTCTCCTTGGTC,3-F-56,T cell,3,T cell,26.714207,-0.8458789,4935,1.1206051111221311
10X_P7_6_CAACTAGAGTCGAGTG,3-F-56,B cell,0,B cell,2.4272292,5.467862,4936,1.0240843296051023
10X_P7_6_CAACTAGCAAGCCTAT,3-F-56,B cell,0,B cell,-0.97748923,3.9852688,4937,0.8495021462440491
10X_P7_6_CAACTAGCAAGTTGTC,3-F-56,B cell,0,B cell,1.6231009,3.8884892,4938,0.559758722782135
10X_P7_6_CAACTAGCACCGCTAG,3-F-56,B cell,0,B cell,0.28777838,4.8514595,4939,0.9595993757247924
10X_P7_6_CAACTAGCACTTACGA,3-F-56,B cell,0,B cell,0.73333544,2.6892915,4940,0.9701354503631592
10X_P7_6_CAACTAGCAGCCTTGG,3-F-56,B cell,0,B cell,1.8858436,4.0885086,4941,0.7490542531013489
10X_P7_6_CAACTAGCAGCTGTGC,3-F-56,T cell,3,T cell,25.931612,-1.0956751,4942,0.6607062220573425
10X_P7_6_CAACTAGGTAAGTGTA,3-F-56,B cell,0,B cell,2.33606,3.2147477,4943,0.5222671031951904
10X_P7_6_CAACTAGGTCCATCCT,3-F-56,B cell,0,B cell,0.34872115,4.5161576,4944,0.3979799449443817
10X_P7_6_CAACTAGGTGGCTCCA,3-F-56,B cell,0,B cell,0.7158373,4.9632583,4945,0.7256610989570618
10X_P7_6_CAACTAGTCCCTTGCA,3-F-56,T cell,2,Unmatched_2,27.759548,0.69534886,4946,0.7321765422821045
10X_P7_6_CAACTAGTCCGTTGTC,3-F-56,B cell,0,B cell,0.47313645,4.3577814,4947,0.4701133668422699
10X_P7_6_CAACTAGTCCTATTCA,3-F-56,B cell,0,B cell,0.15851037,4.859394,4948,0.5119983553886414
10X_P7_6_CAACTAGTCGGACAAG,3-F-56,T cell,2,Unmatched_2,27.541466,0.3406952,4949,0.6854260563850403
10X_P7_6_CAAGAAAAGATGCCTT,3-F-56,B cell,6,Unmatched_6,0.41502228,11.111698,4950,1.5411213636398315
10X_P7_6_CAAGAAAAGTATCTCG,3-F-56,B cell,0,B cell,0.27745047,4.022117,4951,0.5753244161605835
10X_P7_6_CAAGAAAAGTCGCCGT,3-F-56,B cell,0,B cell,1.4234037,4.17545,4952,0.8404711484909058
10X_P7_6_CAAGAAACACAAGTAA,3-F-56,B cell,1,Unmatched_1,-2.7811425,4.2315836,4953,0.5720294713973999
10X_P7_6_CAAGAAACATCATCCC,3-F-56,B cell,0,B cell,0.6515816,5.664964,4954,0.966761350631714
10X_P7_6_CAAGAAACATGAACCT,3-F-56,T cell,3,T cell,28.367132,-1.4979905,4955,1.4022492170333862
10X_P7_6_CAAGAAACATGCCTAA,3-F-56,B cell,0,B cell,1.9199696,3.1340349,4956,0.5310733914375305
10X_P7_6_CAAGAAAGTACAGTTC,3-F-56,T cell,2,Unmatched_2,26.771559,1.4276016,4957,0.7288113236427307
10X_P7_6_CAAGAAAGTATTAGCC,3-F-56,B cell,0,B cell,2.726514,6.5266185,4958,0.6710888743400574
10X_P7_6_CAAGAAAGTTACGCGC,3-F-56,T cell,2,Unmatched_2,29.250687,1.0308776,4959,1.3415337800979614
10X_P7_6_CAAGAAATCCCAGGTG,3-F-56,macrophage,4,macrophage,3.6856792,15.768854,4960,1.6764559745788574
10X_P7_6_CAAGAAATCCTCGCAT,3-F-56,B cell,0,B cell,1.8742402,7.0797167,4961,1.0403040647506714
10X_P7_6_CAAGAAATCGTGGTCG,3-F-56,B cell,1,Unmatched_1,3.3919625,8.223655,4962,0.5261008739471436
10X_P7_6_CAAGAAATCGTTTAGG,3-F-56,T cell,3,T cell,25.560532,-0.19658647,4963,0.7475663423538208
10X_P7_6_CAAGAAATCTCTGAGA,3-F-56,B cell,0,B cell,2.2078426,5.0575676,4964,1.4835573434829712
10X_P7_6_CAAGATCAGTGCTGCC,3-F-56,B cell,1,Unmatched_1,1.7815351,7.8339114,4965,1.1824556589126587
10X_P7_6_CAAGATCCAAACGCGA,3-F-56,B cell,0,B cell,1.6685399,3.0087574,4966,0.7776968479156494
10X_P7_6_CAAGATCCAGCCAATT,3-F-56,B cell,0,B cell,1.32716,2.1320443,4967,0.4992554783821106
10X_P7_6_CAAGATCCAGCTGTGC,3-F-56,B cell,1,Unmatched_1,4.294499,7.0216312,4968,0.7829721570014954
10X_P7_6_CAAGATCCATGAGCGA,3-F-56,B cell,0,B cell,0.19245534,4.269728,4969,0.6551685333251953
10X_P7_6_CAAGATCCATTACCTT,3-F-56,B cell,0,B cell,0.3598303,5.523008,4970,0.8274503946304321
10X_P7_6_CAAGATCGTGAGGGAG,3-F-56,B cell,0,B cell,2.0351074,5.655002,4971,0.7031086087226868
10X_P7_6_CAAGATCGTTCTGGTA,3-F-56,T cell,2,Unmatched_2,28.6147,0.17506748,4972,1.1988595724105835
10X_P7_6_CAAGATCGTTTAAGCC,3-F-56,B cell,0,B cell,1.6040788,4.1632466,4973,0.5308188796043396
10X_P7_6_CAAGATCTCAGCTTAG,3-F-56,B cell,0,B cell,1.4250469,4.1181173,4974,0.996019959449768
10X_P7_6_CAAGATCTCATTCACT,3-F-56,T cell,3,T cell,28.533886,-0.48425195,4975,1.4281716346740725
10X_P7_6_CAAGATCTCCTCGCAT,3-F-56,B cell,0,B cell,1.3734529,2.6709852,4976,0.5035182237625122
10X_P7_6_CAAGATCTCTGTACGA,3-F-56,B cell,0,B cell,-0.4159763,3.7500427,4977,1.3172277212142944
10X_P7_6_CAAGGCCAGACAGGCT,3-F-56,B cell,0,B cell,-1.2914125,4.351093,4978,1.1847373247146606
10X_P7_6_CAAGGCCAGGTCATCT,3-F-56,T cell,3,T cell,28.230753,-1.3285477,4979,1.0315306186676023
10X_P7_6_CAAGGCCAGTCCGGTC,3-F-56,B cell,0,B cell,0.2762573,4.857199,4980,0.42536261677742
10X_P7_6_CAAGGCCAGTCTCGGC,3-F-56,B cell,1,Unmatched_1,2.8889365,7.9615364,4981,0.5449470281600952
10X_P7_6_CAAGGCCCACAACGTT,3-F-56,B cell,0,B cell,0.7040315,4.586629,4982,0.5027503371238708
10X_P7_6_CAAGGCCCACGTTGGC,3-F-56,B cell,0,B cell,-1.864613,5.330692,4983,1.061154007911682
10X_P7_6_CAAGGCCCAGCGAACA,3-F-56,B cell,0,B cell,-1.007986,3.8251593,4984,0.7245610952377319
10X_P7_6_CAAGGCCGTAAACCTC,3-F-56,B cell,0,B cell,-1.2125826,5.1515117,4985,1.0057294368743896
10X_P7_6_CAAGGCCGTAACGACG,3-F-56,B cell,0,B cell,1.4085063,2.027299,4986,0.8953826427459717
10X_P7_6_CAAGGCCGTCTAGGTT,3-F-56,T cell,2,Unmatched_2,27.023151,0.85096127,4987,0.8278226852416992
10X_P7_6_CAAGGCCTCCAGATCA,3-F-56,B cell,0,B cell,1.1121874,4.7063527,4988,0.7147958278656006
10X_P7_6_CAAGGCCTCCCAAGAT,3-F-56,B cell,6,Unmatched_6,-0.34310105,12.050586,4989,3.1895229816436768
10X_P7_6_CAAGGCCTCCCACTTG,3-F-56,B cell,0,B cell,-0.8179854,3.9420292,4990,1.0002504587173462
10X_P7_6_CAAGGCCTCCGCATAA,3-F-56,B cell,0,B cell,0.6848371,5.1101027,4991,0.7517082691192627
10X_P7_6_CAAGGCCTCGTACCGG,3-F-56,B cell,0,B cell,1.3385173,5.488806,4992,0.9073882102966307
10X_P7_6_CAAGTTGAGAACTCGG,3-F-56,T cell,3,T cell,25.820818,-0.8542232,4993,0.6440043449401855
10X_P7_6_CAAGTTGAGCACCGCT,3-F-56,B cell,0,B cell,-0.14008218,3.686605,4994,0.7879101037979126
10X_P7_6_CAAGTTGAGTGTGAAT,3-F-56,B cell,0,B cell,2.470949,4.9764795,4995,1.1756426095962524
10X_P7_6_CAAGTTGCACGAAGCA,3-F-56,T cell,3,T cell,26.246046,-0.50772613,4996,0.7314252853393555
10X_P7_6_CAAGTTGCAGGTGGAT,3-F-56,B cell,0,B cell,-1.9558839,5.525426,4997,1.2465732097625732
10X_P7_6_CAAGTTGCATAGACTC,3-F-56,B cell,0,B cell,-1.0671842,5.602461,4998,1.1251554489135742
10X_P7_6_CAAGTTGCATCTGGTA,3-F-56,B cell,0,B cell,1.5019182,6.3964562,4999,0.901613712310791
10X_P7_6_CAAGTTGGTAGCGTCC,3-F-56,B cell,2,Unmatched_2,25.131018,2.160033,5000,1.8375473022460935
10X_P7_6_CAAGTTGGTCCAAGTT,3-F-56,B cell,0,B cell,0.7673192,4.7446504,5001,0.4621404707431793
10X_P7_6_CAAGTTGGTCTCCATC,3-F-56,B cell,0,B cell,3.5292156,6.457394,5002,0.9573116302490234
10X_P7_6_CAAGTTGGTTCTGGTA,3-F-56,B cell,0,B cell,2.5783288,4.5130935,5003,1.037458419799805
10X_P7_6_CAAGTTGGTTGATTCG,3-F-56,B cell,0,B cell,1.6416676,2.0671132,5004,0.6829636693000793
10X_P7_6_CAAGTTGTCAGTTTGG,3-F-56,B cell,0,B cell,1.3233728,3.1718798,5005,0.6049411296844482
10X_P7_6_CAAGTTGTCGTGGGAA,3-F-56,B cell,1,Unmatched_1,3.4457712,8.107612,5006,0.7572789788246155
10X_P7_6_CAAGTTGTCTGAGTGT,3-F-56,B cell,0,B cell,2.3318694,4.33524,5007,1.2993474006652832
10X_P7_6_CACAAACAGAAGATTC,3-F-56,B cell,0,B cell,-0.21630153,4.8865476,5008,0.6163885593414307
10X_P7_6_CACAAACAGGACCACA,3-F-56,B cell,1,Unmatched_1,-2.3598247,4.109605,5009,0.9774858951568604
10X_P7_6_CACAAACAGTAGCCGA,3-F-56,T cell,3,T cell,28.257175,-1.366234,5010,0.8795183897018433
10X_P7_6_CACAAACCAAACGCGA,3-F-56,B cell,0,B cell,0.6054678,3.0628703,5011,0.8127239346504211
10X_P7_6_CACAAACCAAACTGTC,3-F-56,B cell,1,Unmatched_1,4.246879,7.089698,5012,1.2601253986358645
10X_P7_6_CACAAACCACACCGCA,3-F-56,B cell,0,B cell,0.29954007,7.8644195,5013,0.7840679883956909
10X_P7_6_CACAAACCACTTGGAT,3-F-56,B cell,2,Unmatched_2,28.95739,0.7910094,5014,1.4319568872451782
10X_P7_6_CACAAACCAGGTGCCT,3-F-56,B cell,0,B cell,0.13295037,2.5737715,5015,0.7264750599861145
10X_P7_6_CACAAACCATCTCCCA,3-F-56,B cell,0,B cell,2.0451055,3.2418485,5016,0.7012740969657898
10X_P7_6_CACAAACCATGCATGT,3-F-56,B cell,0,B cell,-0.54963136,4.217018,5017,0.5060245990753174
10X_P7_6_CACAAACGTCAGCTAT,3-F-56,T cell,2,Unmatched_2,26.668825,1.4609234,5018,0.6425915360450745
10X_P7_6_CACAAACTCCTAGAAC,3-F-56,B cell,1,Unmatched_1,1.6915886,7.393042,5019,0.9823362827301024
10X_P7_6_CACAAACTCTCGGACG,3-F-56,B cell,0,B cell,0.9062579,5.3960524,5020,0.7686041593551636
10X_P7_6_CACAAACTCTGCCAGG,3-F-56,B cell,0,B cell,1.4128492,2.4473264,5021,0.4796902537345886
10X_P7_6_CACACAAAGAGTCTGG,3-F-56,T cell,2,Unmatched_2,27.304508,1.0070246,5022,0.9338806867599488
10X_P7_6_CACACAAAGCCGATTT,3-F-56,B cell,0,B cell,2.2789478,6.2626114,5023,0.6164544224739075
10X_P7_6_CACACAAAGGGTTTCT,3-F-56,B cell,1,Unmatched_1,3.0425584,7.4570775,5024,0.4427269697189331
10X_P7_6_CACACAAAGGTCATCT,3-F-56,B cell,0,B cell,0.87724864,5.0172954,5025,0.6261510848999023
10X_P7_6_CACACAAAGTAACCCT,3-F-56,B cell,0,B cell,2.2300084,6.2593985,5026,0.6133568286895752
10X_P7_6_CACACAAAGTACGTTC,3-F-56,B cell,0,B cell,0.80970305,3.1028023,5027,0.7247902750968933
10X_P7_6_CACACAAAGTAGCCGA,3-F-56,B cell,0,B cell,0.19196829,4.506254,5028,0.384976714849472
10X_P7_6_CACACAACAAGTCTGT,3-F-56,B cell,1,Unmatched_1,2.7874234,7.908549,5029,0.4372706711292267
10X_P7_6_CACACAACAATGAATG,3-F-56,B cell,1,Unmatched_1,3.7399275,7.81557,5030,0.9406483769416808
10X_P7_6_CACACAACAGGGAGAG,3-F-56,B cell,0,B cell,2.5056424,2.9425564,5031,0.5399434566497803
10X_P7_6_CACACAACAGGTGCCT,3-F-56,B cell,0,B cell,-1.7327728,5.595928,5032,0.9514976739883424
10X_P7_6_CACACAACATTATCTC,3-F-56,B cell,0,B cell,-0.82178384,4.5554194,5033,0.6138128042221069
10X_P7_6_CACACAAGTCGCATAT,3-F-56,B cell,0,B cell,3.5417361,6.1453404,5034,0.6509860157966614
10X_P7_6_CACACAAGTGTCGCTG,3-F-56,B cell,1,Unmatched_1,3.2861931,8.540626,5035,0.5793678760528564
10X_P7_6_CACACAAGTTCGTTGA,3-F-56,T cell,2,Unmatched_2,27.75568,1.0492761,5036,0.92514306306839
10X_P7_6_CACACAATCCACGTTC,3-F-56,B cell,1,Unmatched_1,4.655373,6.9530706,5037,1.114590764045715
10X_P7_6_CACACAATCCGAGCCA,3-F-56,B cell,0,B cell,-1.6169341,5.265966,5038,1.2896580696105957
10X_P7_6_CACACAATCGGCCGAT,3-F-56,B cell,0,B cell,0.32184288,4.954418,5039,0.4167397916316986
10X_P7_6_CACACAATCTACCAGA,3-F-56,B cell,1,Unmatched_1,1.4876765,7.4981,5040,0.8626884818077087
10X_P7_6_CACACAATCTACCTGC,3-F-56,B cell,2,Unmatched_2,25.200407,2.1478,5041,1.9715617895126345
10X_P7_6_CACACCTAGAAGGTGA,3-F-56,B cell,0,B cell,0.030298904,7.0200825,5042,0.8943597078323364
10X_P7_6_CACACCTAGATGGCGT,3-F-56,B cell,0,B cell,1.7915763,5.9198413,5043,0.8906726241111755
10X_P7_6_CACACCTAGCCATCGC,3-F-56,B cell,0,B cell,2.53911,5.052678,5044,1.003226399421692
10X_P7_6_CACACCTAGCCCGAAA,3-F-56,B cell,0,B cell,2.6921544,4.767438,5045,1.441773772239685
10X_P7_6_CACACCTAGCGTAATA,3-F-56,T cell,3,T cell,26.003775,-0.51385766,5046,0.591788649559021
10X_P7_6_CACACCTAGGCCCTTG,3-F-56,T cell,3,T cell,25.610186,-0.40082172,5047,0.6383262872695923
10X_P7_6_CACACCTAGTGATCGG,3-F-56,T cell,5,natural killer cell,29.896013,-0.7352799,5048,1.724597454071045
10X_P7_6_CACACCTCAGCTCCGA,3-F-56,B cell,0,B cell,1.8319486,2.1260161,5049,0.5854529738426208
10X_P7_6_CACACCTGTCCAAGTT,3-F-56,B cell,0,B cell,0.69770026,7.6112494,5050,0.9006566405296326
10X_P7_6_CACACCTGTCCGACGT,3-F-56,B cell,1,Unmatched_1,1.6559836,7.7815084,5051,1.2623320817947388
10X_P7_6_CACACCTGTCGAGATG,3-F-56,T cell,2,Unmatched_2,29.477741,0.76783895,5052,1.3349084854125977
10X_P7_6_CACACCTGTGTAACGG,3-F-56,macrophage,4,macrophage,4.8415565,15.004355,5053,1.8424961566925049
10X_P7_6_CACACCTGTTCCACTC,3-F-56,B cell,0,B cell,2.219559,2.3407168,5054,0.6993799805641174
10X_P7_6_CACACCTTCATAGCAC,3-F-56,B cell,6,Unmatched_6,0.21633019,11.3926735,5055,1.566139578819275
10X_P7_6_CACACCTTCATGCTCC,3-F-56,B cell,0,B cell,-0.095170684,4.5853944,5056,0.4832841157913208
10X_P7_6_CACACCTTCCATGAGT,3-F-56,B cell,0,B cell,2.1273186,3.4297016,5057,0.5581802725791931
10X_P7_6_CACACCTTCCTTGGTC,3-F-56,T cell,3,T cell,25.797379,-1.0079603,5058,0.5456368327140808
10X_P7_6_CACACTCAGAAACCGC,3-F-56,B cell,0,B cell,-0.11272534,4.7477345,5059,0.4238335788249969
10X_P7_6_CACACTCAGATCCCGC,3-F-56,T cell,2,Unmatched_2,4.8133597,14.767483,5060,1.371396541595459
10X_P7_6_CACACTCAGATCCGAG,3-F-56,B cell,0,B cell,2.571561,2.5180051,5061,0.556135892868042
10X_P7_6_CACACTCAGGAATGGA,3-F-56,B cell,1,Unmatched_1,2.9212782,7.5461044,5062,0.5402055382728577
10X_P7_6_CACACTCAGGCATGGT,3-F-56,B cell,6,Unmatched_6,0.7225614,11.463486,5063,5.334986209869385
10X_P7_6_CACACTCAGGCATTGG,3-F-56,T cell,5,natural killer cell,29.989758,-0.65322083,5064,1.8640543222427368
10X_P7_6_CACACTCAGTTTCCTT,3-F-56,T cell,2,Unmatched_2,29.243212,0.5790236,5065,1.2205181121826172
10X_P7_6_CACACTCCAAACCTAC,3-F-56,B cell,0,B cell,1.438265,5.490519,5066,0.7401334643363953
10X_P7_6_CACACTCCACGTCAGC,3-F-56,B cell,0,B cell,1.1096822,2.6022003,5067,0.8154619932174683
10X_P7_6_CACACTCCACTTACGA,3-F-56,T cell,4,macrophage,2.0932622,15.919989,5068,2.8559908866882324
10X_P7_6_CACACTCCAGTTAACC,3-F-56,T cell,3,T cell,25.816727,-0.9462762,5069,0.616972029209137
10X_P7_6_CACACTCCATTTGCCC,3-F-56,B cell,0,B cell,1.3829343,4.1661677,5070,0.6273850798606873
10X_P7_6_CACACTCGTAACGTTC,3-F-56,B cell,1,Unmatched_1,3.1420534,8.13891,5071,0.4771113693714142
10X_P7_6_CACACTCTCATCACCC,3-F-56,T cell,2,Unmatched_2,29.070679,0.6556215,5072,1.8906749486923216
10X_P7_6_CACACTCTCGACAGCC,3-F-56,B cell,0,B cell,0.68042624,3.470462,5073,0.537538468837738
10X_P7_6_CACACTCTCGTGGTCG,3-F-56,B cell,0,B cell,-0.7271294,3.958757,5074,0.7441293597221375
10X_P7_6_CACACTCTCTGGTGTA,3-F-56,natural killer cell,5,natural killer cell,30.892927,-1.7656455,5075,2.0412118434906006
10X_P7_6_CACACTCTCTTGAGGT,3-F-56,B cell,0,B cell,2.4260213,4.9837213,5076,1.1411232948303225
10X_P7_6_CACAGGCAGAAGGTGA,3-F-56,B cell,6,Unmatched_6,0.22672118,11.371973,5077,1.5399106740951538
10X_P7_6_CACAGGCAGAGCTTCT,3-F-56,T cell,2,Unmatched_2,26.660252,1.1685275,5078,0.8152302503585815
10X_P7_6_CACAGGCAGATGCCAG,3-F-56,B cell,0,B cell,-0.82584804,3.2517397,5079,0.7281210422515869
10X_P7_6_CACAGGCAGCGACGTA,3-F-56,B cell,1,Unmatched_1,3.3601415,7.755287,5080,0.4279367923736572
10X_P7_6_CACAGGCAGGACACCA,3-F-56,B cell,0,B cell,0.37117657,7.7420797,5081,0.8792849779129028
10X_P7_6_CACAGGCAGTTACCCA,3-F-56,B cell,0,B cell,0.39929998,6.608102,5082,0.8210294246673584
10X_P7_6_CACAGGCCACAACTGT,3-F-56,T cell,5,natural killer cell,30.00411,-0.66245353,5083,1.3192380666732788
10X_P7_6_CACAGGCCACAGTCGC,3-F-56,B cell,0,B cell,-1.7701327,4.047469,5084,1.0264123678207395
10X_P7_6_CACAGGCCACCTGGTG,3-F-56,B cell,1,Unmatched_1,2.5334156,7.463007,5085,0.4059789180755615
10X_P7_6_CACAGGCCACTGCCAG,3-F-56,macrophage,4,macrophage,5.3011436,16.176523,5086,2.1657159328460693
10X_P7_6_CACAGGCCATCCGTGG,3-F-56,B cell,0,B cell,0.5431937,4.3303604,5087,0.6093365550041199
10X_P7_6_CACAGGCGTCGATTGT,3-F-56,B cell,0,B cell,-0.81195873,5.8618355,5088,1.9879142045974727
10X_P7_6_CACAGGCGTCTGATTG,3-F-56,B cell,0,B cell,1.0926334,5.2228436,5089,0.4071934223175049
10X_P7_6_CACAGGCGTGCGATAG,3-F-56,B cell,0,B cell,0.79733944,4.119931,5090,0.5140279531478882
10X_P7_6_CACAGGCGTTACTGAC,3-F-56,T cell,3,T cell,28.20804,-1.3388557,5091,0.7843602299690247
10X_P7_6_CACAGTAAGACCTAGG,3-F-56,B cell,1,Unmatched_1,2.980049,8.363977,5092,0.4934560060501098
10X_P7_6_CACAGTAAGAGTCGGT,3-F-56,B cell,0,B cell,2.5762458,3.1195476,5093,0.4440310597419739
10X_P7_6_CACAGTAAGATCCCGC,3-F-56,T cell,2,Unmatched_2,27.065556,0.81080174,5094,0.6339957118034363
10X_P7_6_CACAGTAAGATGCGAC,3-F-56,B cell,1,Unmatched_1,3.1647053,8.650206,5095,0.6861452460289001
10X_P7_6_CACAGTAAGCAGATCG,3-F-56,B cell,1,Unmatched_1,3.4115374,8.348414,5096,0.5197975635528564
10X_P7_6_CACAGTAAGTGTCTCA,3-F-56,B cell,0,B cell,-0.6347436,5.270816,5097,0.6973760724067688
10X_P7_6_CACAGTACAATGAAAC,3-F-56,B cell,0,B cell,2.3099108,3.3996747,5098,0.5375305414199829
10X_P7_6_CACAGTACACCGTTGG,3-F-56,B cell,0,B cell,1.7877228,5.6114464,5099,1.020259141921997
10X_P7_6_CACAGTACACGGCGTT,3-F-56,B cell,1,Unmatched_1,4.2386084,7.4695883,5100,0.9171071648597716
10X_P7_6_CACAGTACACTTAAGC,3-F-56,B cell,0,B cell,2.0267298,2.9002266,5101,0.4763310849666595
10X_P7_6_CACAGTACATCATCCC,3-F-56,B cell,0,B cell,-1.2209487,5.347246,5102,1.5312405824661257
10X_P7_6_CACAGTACATTGAGCT,3-F-56,B cell,1,Unmatched_1,4.1455956,7.312616,5103,1.4954849481582642
10X_P7_6_CACAGTAGTAAGTGTA,3-F-56,B cell,0,B cell,1.990432,3.8419142,5104,0.5514910817146301
10X_P7_6_CACAGTAGTATATGAG,3-F-56,T cell,2,Unmatched_2,27.689114,1.2174718,5105,0.5048198699951172
10X_P7_6_CACAGTAGTCTGGTCG,3-F-56,B cell,0,B cell,2.7208729,2.9638336,5106,0.7416085004806519
10X_P7_6_CACAGTAGTGCCTTGG,3-F-56,B cell,0,B cell,-2.0127165,4.1675806,5107,0.8264221549034119
10X_P7_6_CACAGTAGTGTGGCTC,3-F-56,B cell,0,B cell,0.5201694,3.5866563,5108,0.7883017659187317
10X_P7_6_CACAGTATCCGTTGCT,3-F-56,T cell,2,Unmatched_2,26.852127,1.2017645,5109,0.6446952223777771
10X_P7_6_CACAGTATCGGAATCT,3-F-56,B cell,0,B cell,0.70780754,4.3655624,5110,0.9222385287284852
10X_P7_6_CACAGTATCGGGAGTA,3-F-56,T cell,2,Unmatched_2,27.194092,0.9505331,5111,0.6935911178588867
10X_P7_6_CACAGTATCTGCTGCT,3-F-56,B cell,1,Unmatched_1,3.3194528,8.296394,5112,0.5130537748336792
10X_P7_6_CACATAGAGAAACCAT,3-F-56,B cell,0,B cell,0.28923956,7.776265,5113,0.7886031866073608
10X_P7_6_CACATAGAGACAGACC,3-F-56,B cell,0,B cell,1.7557896,5.1408534,5114,0.6344730257987976
10X_P7_6_CACATAGAGTGTTTGC,3-F-56,B cell,0,B cell,0.9566431,2.1196992,5115,0.6053598523139954
10X_P7_6_CACATAGAGTTACCCA,3-F-56,T cell,5,natural killer cell,30.1181,-0.6074639,5116,1.439947247505188
10X_P7_6_CACATAGGTCGAGTTT,3-F-56,B cell,0,B cell,2.4430509,7.2927966,5117,0.5151222348213196
10X_P7_6_CACATAGGTTTGTTGG,3-F-56,B cell,0,B cell,-0.531478,3.1291409,5118,0.7082954049110413
10X_P7_6_CACATAGTCAGCATGT,3-F-56,B cell,0,B cell,1.1816106,5.237677,5119,0.6464357376098633
10X_P7_6_CACATAGTCAGTCAGT,3-F-56,B cell,0,B cell,1.7441355,3.6262496,5120,0.7141087651252747
10X_P7_6_CACATAGTCCGCATAA,3-F-56,B cell,0,B cell,0.3185727,3.7470055,5121,0.498597115278244
10X_P7_6_CACATAGTCCTTGCCA,3-F-56,T cell,2,Unmatched_2,26.969074,1.2267367,5122,0.5791664719581604
10X_P7_6_CACATAGTCTCAAACG,3-F-56,B cell,0,B cell,2.451967,5.3376355,5123,1.0268347263336182
10X_P7_6_CACATTTAGCTAGTCT,3-F-56,B cell,0,B cell,0.32494402,7.850307,5124,0.9082424640655518
10X_P7_6_CACATTTAGCTGAACG,3-F-56,T cell,2,Unmatched_2,28.97602,1.006929,5125,1.0163344144821167
10X_P7_6_CACATTTAGGAGTCTG,3-F-56,B cell,0,B cell,0.42155054,7.6758976,5126,0.8328830003738403
10X_P7_6_CACATTTCAAACCTAC,3-F-56,T cell,3,T cell,25.56147,-0.27491367,5127,0.6498295068740845
10X_P7_6_CACATTTCAATAACGA,3-F-56,T cell,2,Unmatched_2,27.69995,0.36256057,5128,0.7596747875213623
10X_P7_6_CACATTTCAATTCCTT,3-F-56,B cell,2,Unmatched_2,24.924723,1.9443011,5129,1.3030695915222168
10X_P7_6_CACATTTCACAGCCCA,3-F-56,macrophage,4,macrophage,3.6705866,15.71954,5130,1.4369308948516846
10X_P7_6_CACATTTCACAGGCCT,3-F-56,T cell,3,T cell,27.222866,-0.9795358,5131,1.1704806089401243
10X_P7_6_CACATTTCACATCTTT,3-F-56,T cell,2,Unmatched_2,29.673754,0.9029352,5132,1.6145154237747192
10X_P7_6_CACATTTCACCGAATT,3-F-56,B cell,0,B cell,-1.9333428,5.453854,5133,1.3022390604019165
10X_P7_6_CACATTTCAGACGCAA,3-F-56,T cell,3,T cell,25.801168,-0.43647385,5134,0.6209210157394409
10X_P7_6_CACATTTCATTATCTC,3-F-56,macrophage,4,macrophage,4.5914035,16.26096,5135,3.646089553833008
10X_P7_6_CACATTTGTATGAATG,3-F-56,B cell,0,B cell,-0.57000756,3.283306,5136,0.6160827875137329
10X_P7_6_CACATTTGTTGAGGTG,3-F-56,B cell,0,B cell,1.1569437,7.514573,5137,0.8040608167648315
10X_P7_6_CACATTTTCCGATATG,3-F-56,B cell,0,B cell,-0.93332356,3.4423673,5138,0.6989714503288269
10X_P7_6_CACCACTCAACACCTA,3-F-56,T cell,2,Unmatched_2,27.405033,0.9303246,5139,0.704969048500061
10X_P7_6_CACCACTCACGGCTAC,3-F-56,B cell,0,B cell,-0.25172317,4.386693,5140,0.6034728288650513
10X_P7_6_CACCACTCAGCTTCGG,3-F-56,B cell,0,B cell,-1.9258804,5.3584957,5141,1.0407061576843262
10X_P7_6_CACCACTCATCACGAT,3-F-56,B cell,0,B cell,2.522041,6.7309604,5142,1.2361750602722168
10X_P7_6_CACCACTCATGTTGAC,3-F-56,B cell,0,B cell,1.850689,4.2115154,5143,0.8258755803108215
10X_P7_6_CACCACTGTAAGCACG,3-F-56,B cell,0,B cell,1.3862094,4.5200214,5144,1.169469952583313
10X_P7_6_CACCACTGTACCAGTT,3-F-56,B cell,0,B cell,-0.4632357,4.2576175,5145,0.4829416573047638
10X_P7_6_CACCACTGTCGAGTTT,3-F-56,T cell,3,T cell,25.989285,-1.1462414,5146,0.5805488228797913
10X_P7_6_CACCACTGTTTAGGAA,3-F-56,B cell,0,B cell,1.9791807,7.288605,5147,1.127860426902771
10X_P7_6_CACCACTTCATAAAGG,3-F-56,B cell,0,B cell,0.3539909,3.7536,5148,0.4802134335041046
10X_P7_6_CACCACTTCTCAACTT,3-F-56,macrophage,4,macrophage,1.8779674,16.75925,5149,1.6695163249969482
10X_P7_6_CACCACTTCTTGACGA,3-F-56,B cell,0,B cell,2.2980208,3.240789,5150,0.4713245034217834
10X_P7_6_CACCAGGAGAGTACCG,3-F-56,T cell,3,T cell,26.142555,-0.6862353,5151,0.5792839527130127
10X_P7_6_CACCAGGAGCTGCGAA,3-F-56,B cell,1,Unmatched_1,2.981576,8.061494,5152,0.6008779406547546
10X_P7_6_CACCAGGAGGCCATAG,3-F-56,T cell,2,Unmatched_2,28.230043,0.5411323,5153,0.8134022355079651
10X_P7_6_CACCAGGAGTTGTCGT,3-F-56,T cell,2,Unmatched_2,27.373806,0.7840832,5154,1.5068387985229492
10X_P7_6_CACCAGGCAACAACCT,3-F-56,B cell,0,B cell,0.59172875,7.3568187,5155,0.8700869083404541
10X_P7_6_CACCAGGCAATGAATG,3-F-56,T cell,2,Unmatched_2,27.581226,1.489331,5156,1.0058791637420654
10X_P7_6_CACCAGGGTCCATCCT,3-F-56,T cell,2,Unmatched_2,27.36215,0.9869881,5157,0.7946828603744507
10X_P7_6_CACCAGGGTTTGACTG,3-F-56,B cell,1,Unmatched_1,3.0962956,8.585836,5158,0.4762954711914062
10X_P7_6_CACCAGGTCAAGATCC,3-F-56,B cell,1,Unmatched_1,2.468332,8.5383835,5159,0.5070009827613831
10X_P7_6_CACCAGGTCAATCACG,3-F-56,B cell,0,B cell,0.29120427,4.2712336,5160,0.5724973082542419
10X_P7_6_CACCAGGTCCGCGGTA,3-F-56,B cell,0,B cell,0.59065104,6.1910577,5161,0.911956250667572
10X_P7_6_CACCAGGTCTCGATGA,3-F-56,B cell,0,B cell,2.3777444,5.0139704,5162,1.0928021669387815
10X_P7_6_CACCTTGAGACTCGGA,3-F-56,B cell,0,B cell,-0.63382965,4.2463245,5163,0.5894086956977844
10X_P7_6_CACCTTGAGTCCGTAT,3-F-56,B cell,0,B cell,0.32547176,6.004242,5164,0.607162594795227
10X_P7_6_CACCTTGCAACTGCTA,3-F-56,B cell,2,Unmatched_2,25.216295,2.1602612,5165,0.9888612627983092
10X_P7_6_CACCTTGCACCTCGTT,3-F-56,B cell,1,Unmatched_1,3.304471,8.274508,5166,0.4753672480583191
10X_P7_6_CACCTTGCACTGTCGG,3-F-56,B cell,0,B cell,-0.7869702,3.6018662,5167,0.4517299830913543
10X_P7_6_CACCTTGCATGTCCTC,3-F-56,B cell,0,B cell,-0.4830291,6.0431848,5168,1.1265066862106323
10X_P7_6_CACCTTGGTACTTAGC,3-F-56,B cell,0,B cell,1.6320336,2.0869453,5169,0.5195913314819336
10X_P7_6_CACCTTGGTTCGAATC,3-F-56,B cell,0,B cell,-0.49346948,3.2462716,5170,0.9814839959144592
10X_P7_6_CACCTTGGTTGATTCG,3-F-56,B cell,0,B cell,2.0360007,5.682826,5171,1.1443634033203125
10X_P7_6_CACCTTGTCAGTCCCT,3-F-56,B cell,0,B cell,0.1753303,4.1084123,5172,0.5181608200073242
10X_P7_6_CACCTTGTCGGTCCGA,3-F-56,B cell,0,B cell,0.18087853,3.755922,5173,0.7232598066329956
10X_P7_6_CACTCCAAGACTTGAA,3-F-56,B cell,0,B cell,0.52896917,3.0708344,5174,0.8499453067779541
10X_P7_6_CACTCCAAGAGACTTA,3-F-56,B cell,0,B cell,-1.9524437,5.4424467,5175,1.208000659942627
10X_P7_6_CACTCCAAGTACGATA,3-F-56,B cell,0,B cell,0.6051752,5.2388406,5176,0.8709304332733154
10X_P7_6_CACTCCAAGTGTTAGA,3-F-56,B cell,0,B cell,1.2113179,7.3426695,5177,0.829940915107727
10X_P7_6_CACTCCACAACGATCT,3-F-56,B cell,0,B cell,0.83334774,2.0260975,5178,0.8383204340934753
10X_P7_6_CACTCCACAATGGATA,3-F-56,B cell,0,B cell,1.1892288,3.545367,5179,0.6955747604370117
10X_P7_6_CACTCCACACAACGTT,3-F-56,B cell,0,B cell,0.7591471,4.442193,5180,0.9500999450683594
10X_P7_6_CACTCCACATAGACTC,3-F-56,B cell,0,B cell,1.7352047,4.881238,5181,1.3504116535186768
10X_P7_6_CACTCCAGTAGCGTGA,3-F-56,B cell,1,Unmatched_1,-2.7641444,4.191231,5182,0.4926334619522095
10X_P7_6_CACTCCAGTGCTGTAT,3-F-56,B cell,0,B cell,0.7046666,7.097604,5183,0.7526228427886963
10X_P7_6_CAGAATCAGATCCCGC,3-F-56,B cell,0,B cell,-1.0459703,3.2625394,5184,1.34985089302063
10X_P7_6_CAGAATCAGTCGAGTG,3-F-56,B cell,1,Unmatched_1,-2.2069612,4.1837363,5185,0.5807626843452454
10X_P7_6_CAGAATCCAAAGAATC,3-F-56,B cell,0,B cell,0.37099406,3.129595,5186,0.848864734172821
10X_P7_6_CAGAATCCAAGCGTAG,3-F-56,B cell,0,B cell,2.225211,4.6511674,5187,1.036639928817749
10X_P7_6_CAGAATCCAAGGTGTG,3-F-56,T cell,2,Unmatched_2,29.413097,0.63929397,5188,1.4364851713180542
10X_P7_6_CAGAATCCACCTCGTT,3-F-56,B cell,7,Unmatched_7,4.0116324,13.154403,5189,0.6487857103347778
10X_P7_6_CAGAATCCACTAGTAC,3-F-56,B cell,0,B cell,0.8317623,5.5751033,5190,0.742358386516571
10X_P7_6_CAGAATCCAGCCTATA,3-F-56,T cell,3,T cell,25.932224,-0.42121956,5191,0.5774157643318176
10X_P7_6_CAGAATCCATTGCGGC,3-F-56,B cell,0,B cell,0.8597406,4.1920753,5192,0.4551692903041839
10X_P7_6_CAGAATCGTATAATGG,3-F-56,T cell,3,T cell,25.66741,-0.352087,5193,1.10931134223938
10X_P7_6_CAGAATCGTGGTTTCA,3-F-56,B cell,1,Unmatched_1,3.0558116,8.509067,5194,0.4056468307971954
10X_P7_6_CAGAATCGTTCCCGAG,3-F-56,B cell,1,Unmatched_1,4.5656486,7.2461796,5195,1.5135244131088257
10X_P7_6_CAGAATCTCGAGCCCA,3-F-56,B cell,0,B cell,-1.547096,4.1658797,5196,0.6648191213607788
10X_P7_6_CAGAGAGAGACAGACC,3-F-56,natural killer cell,5,natural killer cell,30.375114,-1.4466364,5197,2.4595892429351807
10X_P7_6_CAGAGAGAGAGGTTAT,3-F-56,B cell,0,B cell,1.2409253,3.007838,5198,0.628118634223938
10X_P7_6_CAGAGAGAGTACATGA,3-F-56,T cell,2,Unmatched_2,26.847618,1.3620332,5199,0.8550183773040771
10X_P7_6_CAGAGAGCACGGCTAC,3-F-56,B cell,0,B cell,0.06332043,2.5722177,5200,0.8674474358558655
10X_P7_6_CAGAGAGCATCATCCC,3-F-56,B cell,0,B cell,2.3980563,2.7228353,5201,0.4727316796779632
10X_P7_6_CAGAGAGCATCCGGGT,3-F-56,T cell,3,T cell,26.321833,-0.91268146,5202,0.5581808686256409
10X_P7_6_CAGAGAGGTAGCGTGA,3-F-56,B cell,0,B cell,0.65409607,3.2910597,5203,0.7634163498878479
10X_P7_6_CAGAGAGGTCTCATCC,3-F-56,macrophage,4,macrophage,3.175385,16.146248,5204,2.2474868297576904
10X_P7_6_CAGAGAGGTGGAAAGA,3-F-56,B cell,0,B cell,1.3779849,3.9048636,5205,0.7298363447189331
10X_P7_6_CAGAGAGTCAGTTTGG,3-F-56,B cell,0,B cell,0.3719566,7.5088954,5206,0.8313481211662292
10X_P7_6_CAGAGAGTCGGAAACG,3-F-56,B cell,0,B cell,0.22366248,3.491731,5207,0.3888459801673889
10X_P7_6_CAGAGAGTCGGATGGA,3-F-56,T cell,3,T cell,26.118444,-0.29583743,5208,0.9252118468284608
10X_P7_6_CAGAGAGTCGTTACGA,3-F-56,B cell,1,Unmatched_1,4.595645,7.100829,5209,0.8832625150680542
10X_P7_6_CAGAGAGTCTTAGAGC,3-F-56,B cell,0,B cell,2.1043549,5.896615,5210,0.8937166929244995
10X_P7_6_CAGATCAAGATCTGAA,3-F-56,B cell,0,B cell,1.6154891,4.441536,5211,0.7405805587768555
10X_P7_6_CAGATCAAGCCGTCGT,3-F-56,T cell,2,Unmatched_2,29.438627,0.87543035,5212,1.205883264541626
10X_P7_6_CAGATCAAGGCGTACA,3-F-56,natural killer cell,5,natural killer cell,31.021181,-1.9527056,5213,1.8263859748840328
10X_P7_6_CAGATCACACATAACC,3-F-56,B cell,0,B cell,2.2498438,4.7109785,5214,0.6507583260536194
10X_P7_6_CAGATCACACGCGAAA,3-F-56,B cell,0,B cell,0.39427707,3.9487681,5215,0.4596151113510132
10X_P7_6_CAGATCAGTTCGGGCT,3-F-56,B cell,0,B cell,-0.78617364,3.0669582,5216,1.3291836977005005
10X_P7_6_CAGATCAGTTCTGAAC,3-F-56,B cell,0,B cell,-0.5469384,5.468184,5217,0.6333142518997192
10X_P7_6_CAGATCATCGACCAGC,3-F-56,macrophage,4,macrophage,2.5707774,16.457409,5218,1.8349946737289429
10X_P7_6_CAGATCATCTGCCAGG,3-F-56,B cell,0,B cell,1.8617721,1.9731846,5219,0.9527950286865234
10X_P7_6_CAGCAGCAGAGACTTA,3-F-56,B cell,0,B cell,1.5474766,7.4368105,5220,0.9597337245941162
10X_P7_6_CAGCAGCAGATGTGTA,3-F-56,B cell,0,B cell,1.6018826,2.865244,5221,0.6167831420898438
10X_P7_6_CAGCAGCAGGCAAAGA,3-F-56,T cell,3,T cell,26.350992,-0.7569411,5222,0.585279107093811
10X_P7_6_CAGCAGCAGGCTCATT,3-F-56,B cell,0,B cell,0.9109516,4.2942967,5223,0.4321723580360412
10X_P7_6_CAGCAGCAGTACCGGA,3-F-56,B cell,0,B cell,0.9034754,2.5204237,5224,0.6427085399627686
10X_P7_6_CAGCAGCCAATACGCT,3-F-56,B cell,0,B cell,1.6145177,2.380842,5225,0.4857821762561798
10X_P7_6_CAGCAGCCACACGCTG,3-F-56,macrophage,4,macrophage,2.536062,16.44148,5226,1.741400122642517
10X_P7_6_CAGCAGCCACCAACCG,3-F-56,B cell,0,B cell,2.2459934,2.1469042,5227,0.5670625567436218
10X_P7_6_CAGCAGCCAGGGATTG,3-F-56,B cell,1,Unmatched_1,3.1953163,8.505166,5228,0.7129116058349609
10X_P7_6_CAGCAGCCATCCAACA,3-F-56,T cell,5,natural killer cell,30.164255,-0.52033776,5229,1.9669793844223025
10X_P7_6_CAGCAGCGTACGAAAT,3-F-56,B cell,0,B cell,2.4271235,3.6264343,5230,0.6239734292030334
10X_P7_6_CAGCAGCGTTGCGTTA,3-F-56,B cell,1,Unmatched_1,2.650157,7.453866,5231,0.5899047255516052
10X_P7_6_CAGCAGCTCCCAAGAT,3-F-56,macrophage,4,macrophage,1.8891399,16.76589,5232,1.9374504089355469
10X_P7_6_CAGCAGCTCCCTCAGT,3-F-56,B cell,0,B cell,0.5190357,5.5914226,5233,0.8352351784706116
10X_P7_6_CAGCAGCTCGGCCGAT,3-F-56,B cell,0,B cell,-0.0965652,2.829448,5234,0.6815435290336609
10X_P7_6_CAGCAGCTCTTGTATC,3-F-56,B cell,0,B cell,-0.48254907,3.766285,5235,0.5185627341270447
10X_P7_6_CAGCATAAGATATACG,3-F-56,B cell,0,B cell,1.5282797,4.620995,5236,1.667895793914795
10X_P7_6_CAGCATAAGCCCAATT,3-F-56,B cell,0,B cell,1.6863992,3.3242679,5237,0.5402707457542419
10X_P7_6_CAGCATAAGGGAACGG,3-F-56,B cell,0,B cell,2.1575956,2.4088974,5238,0.7403115034103394
10X_P7_6_CAGCATAAGTCGAGTG,3-F-56,B cell,0,B cell,1.8383001,5.9746056,5239,0.6515035033226013
10X_P7_6_CAGCATACACGGTGTC,3-F-56,dendritic cell,8,dendritic cell,3.5931337,17.866634,5240,3.915541887283325
10X_P7_6_CAGCATACAGGGCATA,3-F-56,B cell,0,B cell,1.5653193,2.8103375,5241,0.708751916885376
10X_P7_6_CAGCATAGTATGAAAC,3-F-56,B cell,2,Unmatched_2,24.939432,1.9438249,5242,1.385697841644287
10X_P7_6_CAGCATAGTCGCGAAA,3-F-56,T cell,2,Unmatched_2,27.446608,1.2386898,5243,1.0012027025222778
10X_P7_6_CAGCATATCGGCGGTT,3-F-56,T cell,3,T cell,28.202066,-1.4663327,5244,1.2098015546798706
10X_P7_6_CAGCATATCTGCGGCA,3-F-56,B cell,0,B cell,1.9305302,7.3938065,5245,0.7025672197341919
10X_P7_6_CAGCCGAAGAGTACAT,3-F-56,B cell,0,B cell,0.64237714,2.9047022,5246,0.8096550703048706
10X_P7_6_CAGCCGACACACCGAC,3-F-56,B cell,0,B cell,0.5904124,5.5393395,5247,0.8878816366195679
10X_P7_6_CAGCCGACATACAGCT,3-F-56,T cell,3,T cell,25.763597,-1.0256736,5248,0.5293691158294678
10X_P7_6_CAGCCGACATTGCGGC,3-F-56,natural killer cell,5,natural killer cell,30.996561,-2.4267092,5249,1.5684356689453125
10X_P7_6_CAGCCGAGTAAATGAC,3-F-56,B cell,1,Unmatched_1,3.3546689,8.480853,5250,0.6094653606414795
10X_P7_6_CAGCCGAGTGCGATAG,3-F-56,B cell,1,Unmatched_1,2.443969,8.478785,5251,0.5547860860824585
10X_P7_6_CAGCCGATCAAACCAC,3-F-56,B cell,0,B cell,1.8446403,3.022697,5252,0.5079087615013123
10X_P7_6_CAGCCGATCCGTCATC,3-F-56,B cell,1,Unmatched_1,2.479891,6.930468,5253,0.5028088092803955
10X_P7_6_CAGCCGATCGCCTGAG,3-F-56,B cell,0,B cell,2.4616017,2.584081,5254,0.57835453748703
10X_P7_6_CAGCCGATCGGCCGAT,3-F-56,B cell,0,B cell,1.0363309,4.488632,5255,1.165879249572754
10X_P7_6_CAGCGACAGACACTAA,3-F-56,B cell,1,Unmatched_1,4.7615743,7.210097,5256,1.231351375579834
10X_P7_6_CAGCGACCACCACCAG,3-F-56,B cell,0,B cell,2.2854574,7.1569557,5257,0.932389199733734
10X_P7_6_CAGCGACCATGGTCAT,3-F-56,B cell,1,Unmatched_1,2.0543635,7.3920097,5258,0.6333016753196716
10X_P7_6_CAGCGACGTAGCGATG,3-F-56,B cell,0,B cell,2.0259218,2.800538,5259,0.4550895988941192
10X_P7_6_CAGCGACGTCAGATAA,3-F-56,B cell,1,Unmatched_1,3.6451063,8.411268,5260,0.7663295269012451
10X_P7_6_CAGCGACGTCGGATCC,3-F-56,B cell,0,B cell,2.589271,5.4435863,5261,1.1542553901672363
10X_P7_6_CAGCGACGTGTGGTTT,3-F-56,B cell,0,B cell,1.1909703,3.877388,5262,0.6998907923698425
10X_P7_6_CAGCGACTCAGCCTAA,3-F-56,B cell,0,B cell,2.2889037,4.142119,5263,0.7265258431434631
10X_P7_6_CAGCGACTCAGTCAGT,3-F-56,T cell,2,Unmatched_2,27.436207,1.0763392,5264,0.6934195160865784
10X_P7_6_CAGCGACTCCTTTCGG,3-F-56,B cell,0,B cell,0.20670016,4.0441017,5265,0.6790936589241028
10X_P7_6_CAGCTAAAGGGAACGG,3-F-56,B cell,0,B cell,0.11531134,5.094049,5266,0.5029683709144592
10X_P7_6_CAGCTAACAATGAAAC,3-F-56,B cell,0,B cell,2.0104544,3.3367717,5267,0.4692288935184479
10X_P7_6_CAGCTAACAGCTGTAT,3-F-56,B cell,1,Unmatched_1,-2.7884,4.2408314,5268,0.8561010360717773
10X_P7_6_CAGCTAACATTACCTT,3-F-56,B cell,0,B cell,1.4622961,4.575779,5269,0.5777333378791809
10X_P7_6_CAGCTAAGTAAATGAC,3-F-56,T cell,2,Unmatched_2,27.63781,1.0513314,5270,0.7745410799980164
10X_P7_6_CAGCTAAGTATCGCAT,3-F-56,T cell,2,Unmatched_2,28.56526,0.9423913,5271,0.9252610802650452
10X_P7_6_CAGCTAAGTCAGCTAT,3-F-56,macrophage,4,macrophage,4.7103534,14.9053545,5272,2.4753072261810303
10X_P7_6_CAGCTAAGTTTCCACC,3-F-56,T cell,2,Unmatched_2,27.446993,0.75828725,5273,0.5876590609550476
10X_P7_6_CAGCTAATCAGTTTGG,3-F-56,B cell,0,B cell,2.2276466,3.2834244,5274,0.5484363436698914
10X_P7_6_CAGCTGGAGACACGAC,3-F-56,T cell,3,T cell,28.647291,-1.4723761,5275,1.5456340312957764
10X_P7_6_CAGCTGGAGACCACGA,3-F-56,T cell,3,T cell,26.364052,-0.63243145,5276,0.5971815586090088
10X_P7_6_CAGCTGGAGCGATGAC,3-F-56,T cell,2,Unmatched_2,26.62054,1.1806206,5277,0.8599817752838135
10X_P7_6_CAGCTGGCAGCATGAG,3-F-56,B cell,0,B cell,0.08705849,4.8881783,5278,0.4434188902378082
10X_P7_6_CAGCTGGCAGTGGAGT,3-F-56,T cell,2,Unmatched_2,29.344933,0.590447,5279,1.5674501657485962
10X_P7_6_CAGCTGGGTATTACCG,3-F-56,B cell,0,B cell,2.4040883,6.857646,5280,0.6957926750183105
10X_P7_6_CAGCTGGTCATAAAGG,3-F-56,macrophage,4,macrophage,3.6120696,15.802761,5281,1.6227011680603027
10X_P7_6_CAGCTGGTCCCGACTT,3-F-56,macrophage,4,macrophage,5.303469,16.156982,5282,2.5218117237091064
10X_P7_6_CAGCTGGTCGACGGAA,3-F-56,B cell,0,B cell,3.5884762,6.208875,5283,0.8665034174919128
10X_P7_6_CAGCTGGTCTCTTATG,3-F-56,B cell,0,B cell,1.4022515,4.3050447,5284,1.1323899030685425
10X_P7_6_CAGGTGCAGAAACCGC,3-F-56,macrophage,4,macrophage,1.884632,16.791105,5285,2.1527485847473145
10X_P7_6_CAGGTGCAGGAATTAC,3-F-56,B cell,0,B cell,0.52243406,4.0255713,5286,0.6975865960121155
10X_P7_6_CAGGTGCCAGCTGTTA,3-F-56,macrophage,6,Unmatched_6,28.88969,-0.650788,5287,2.831207036972046
10X_P7_6_CAGGTGCCAGGGCATA,3-F-56,B cell,0,B cell,0.55154914,3.2515936,5288,0.7667927742004395
10X_P7_6_CAGGTGCCAGGTCGTC,3-F-56,dendritic cell,8,dendritic cell,3.5803,17.852835,5289,3.983441829681397
10X_P7_6_CAGGTGCGTCCGAAGA,3-F-56,B cell,0,B cell,0.69854325,6.527334,5290,1.283275485038757
10X_P7_6_CAGGTGCGTCTGGTCG,3-F-56,T cell,5,natural killer cell,30.147297,-0.5615215,5291,1.3189440965652466
10X_P7_6_CAGGTGCGTGCGAAAC,3-F-56,B cell,1,Unmatched_1,2.8828008,8.513799,5292,0.531025767326355
10X_P7_6_CAGGTGCGTGGTCCGT,3-F-56,T cell,3,T cell,25.581411,-0.52085674,5293,0.638877809047699
10X_P7_6_CAGGTGCGTTCCAACA,3-F-56,T cell,3,T cell,28.273748,-1.3214378,5294,1.0398238897323608
10X_P7_6_CAGGTGCGTTCTGAAC,3-F-56,T cell,2,Unmatched_2,26.598806,1.3437648,5295,0.863021969795227
10X_P7_6_CAGGTGCGTTGTGGAG,3-F-56,B cell,0,B cell,2.2823207,3.227287,5296,0.3874745070934295
10X_P7_6_CAGGTGCTCCGCTGTT,3-F-56,B cell,0,B cell,0.26990303,3.8910227,5297,0.4780612885951996
10X_P7_6_CAGTAACAGAGACTTA,3-F-56,B cell,0,B cell,0.4237037,2.9769795,5298,0.9244359731674194
10X_P7_6_CAGTAACAGAGTCGGT,3-F-56,natural killer cell,5,natural killer cell,31.04245,-2.017417,5299,2.085261821746826
10X_P7_6_CAGTAACAGGGTTCCC,3-F-56,B cell,0,B cell,2.4676852,2.4475658,5300,0.4201442897319793
10X_P7_6_CAGTAACCATCGATTG,3-F-56,macrophage,4,macrophage,3.694836,15.691169,5301,1.4426418542861938
10X_P7_6_CAGTAACCATTCCTGC,3-F-56,B cell,2,Unmatched_2,25.23697,2.1150484,5302,0.8171672821044922
10X_P7_6_CAGTAACGTAAGTAGT,3-F-56,T cell,3,T cell,26.209547,-1.178679,5303,0.7318673133850098
10X_P7_6_CAGTAACGTCCGTGAC,3-F-56,T cell,3,T cell,28.44433,-1.2854005,5304,1.0307775735855105
10X_P7_6_CAGTAACTCACCATAG,3-F-56,natural killer cell,5,natural killer cell,31.056513,-2.3009286,5305,1.3601104021072388
10X_P7_6_CAGTCCTCACACCGCA,3-F-56,B cell,0,B cell,0.8671891,2.7844625,5306,0.8841916918754578
10X_P7_6_CAGTCCTCATGAGCGA,3-F-56,B cell,0,B cell,0.8426851,6.482743,5307,1.033217191696167
10X_P7_6_CAGTCCTCATGGGACA,3-F-56,T cell,2,Unmatched_2,27.689339,1.1771898,5308,0.6029738783836365
10X_P7_6_CAGTCCTGTAGGCTGA,3-F-56,B cell,0,B cell,1.3475194,4.4873314,5309,0.6277266144752502
10X_P7_6_CAGTCCTGTTGAGTTC,3-F-56,B cell,0,B cell,1.2073427,3.9409366,5310,0.5290547013282776
10X_P7_6_CAGTCCTTCGCTTGTC,3-F-56,B cell,0,B cell,1.9999183,3.3541913,5311,1.5167436599731443
10X_P7_6_CATATGGAGATGTCGG,3-F-56,B cell,0,B cell,0.18441987,2.8385286,5312,0.9626027941703796
10X_P7_6_CATATGGAGCCTATGT,3-F-56,natural killer cell,5,natural killer cell,30.72767,-2.0243006,5313,3.218928337097168
10X_P7_6_CATATGGAGGCATGGT,3-F-56,B cell,0,B cell,1.6360912,2.400562,5314,0.5684478878974915
10X_P7_6_CATATGGAGGTAAACT,3-F-56,T cell,3,T cell,28.95488,-1.314979,5315,2.025550127029419
10X_P7_6_CATATGGCAGGATTGG,3-F-56,T cell,2,Unmatched_2,29.599892,0.84704226,5316,1.578649640083313
10X_P7_6_CATATGGCATCCTTGC,3-F-56,macrophage,4,macrophage,3.5128882,15.909511,5317,1.7655630111694336
10X_P7_6_CATATGGCATGCCTTC,3-F-56,T cell,3,T cell,25.875032,-0.43220255,5318,0.5731380581855774
10X_P7_6_CATATGGCATGGAATA,3-F-56,B cell,0,B cell,0.362739,3.7521658,5319,1.0599490404129028
10X_P7_6_CATATGGCATGGTCAT,3-F-56,B cell,1,Unmatched_1,2.6893616,8.295463,5320,0.6989157795906067
10X_P7_6_CATATGGCATTCTTAC,3-F-56,B cell,0,B cell,-1.0422072,3.4699414,5321,1.3485628366470337
10X_P7_6_CATATGGGTCATCCCT,3-F-56,B cell,1,Unmatched_1,4.791976,7.1608715,5322,0.9174396395683287
10X_P7_6_CATATGGGTCTAGGTT,3-F-56,B cell,0,B cell,2.3009357,5.103801,5323,0.9859315752983092
10X_P7_6_CATATGGGTGCCTGCA,3-F-56,macrophage,4,macrophage,5.337382,16.1977,5324,2.0229148864746094
10X_P7_6_CATATGGTCACGACTA,3-F-56,B cell,1,Unmatched_1,3.8587148,7.69393,5325,0.590551495552063
10X_P7_6_CATATGGTCAGCGACC,3-F-56,B cell,0,B cell,0.11480483,4.390305,5326,0.4276716113090515
10X_P7_6_CATATGGTCATCGGAT,3-F-56,B cell,1,Unmatched_1,2.0965872,7.5362372,5327,0.6368844509124756
10X_P7_6_CATATGGTCCTCATTA,3-F-56,T cell,2,Unmatched_2,27.575006,0.61704534,5328,0.7763074636459351
10X_P7_6_CATATTCAGATGTGGC,3-F-56,T cell,3,T cell,26.600475,-1.0528044,5329,0.6802822351455688
10X_P7_6_CATATTCAGCCCAATT,3-F-56,B cell,0,B cell,0.14452048,3.0448487,5330,0.7570473551750183
10X_P7_6_CATATTCAGTCTTGCA,3-F-56,B cell,0,B cell,-0.024296356,3.355163,5331,1.0313551425933838
10X_P7_6_CATATTCCAAGCGTAG,3-F-56,B cell,6,Unmatched_6,0.3080048,11.323752,5332,2.299056053161621
10X_P7_6_CATATTCCACACATGT,3-F-56,B cell,0,B cell,0.7004768,3.5172818,5333,0.9922804236412048
10X_P7_6_CATATTCCAGCGTTCG,3-F-56,B cell,0,B cell,0.32710594,5.513439,5334,1.0199379920959473
10X_P7_6_CATATTCCAGCTGGCT,3-F-56,B cell,1,Unmatched_1,1.8613294,7.7955546,5335,0.5776294469833374
10X_P7_6_CATATTCCAGGGTTAG,3-F-56,B cell,0,B cell,1.2118186,4.646897,5336,0.6672300696372986
10X_P7_6_CATATTCCATCTCCCA,3-F-56,B cell,0,B cell,-0.6357598,4.013553,5337,1.6452476978302002
10X_P7_6_CATATTCGTAGCGCAA,3-F-56,B cell,1,Unmatched_1,2.5465922,8.142491,5338,0.4737608730792999
10X_P7_6_CATATTCGTGTGACGA,3-F-56,T cell,2,Unmatched_2,27.116802,1.1385058,5339,0.6418324112892151
10X_P7_6_CATATTCTCACTGGGC,3-F-56,B cell,0,B cell,2.481686,4.8088675,5340,0.7930202484130859
10X_P7_6_CATATTCTCCTTGACC,3-F-56,B cell,0,B cell,-1.240286,3.9129775,5341,1.1898382902145386
10X_P7_6_CATATTCTCTTGTCAT,3-F-56,B cell,0,B cell,-0.6582932,3.6856854,5342,0.8806225061416626
10X_P7_6_CATATTCTCTTGTTTG,3-F-56,T cell,3,T cell,28.06689,-1.3947409,5343,0.7655736207962036
10X_P7_6_CATCAAGAGCCTTGAT,3-F-56,B cell,1,Unmatched_1,3.8292656,7.701934,5344,0.674526572227478
10X_P7_6_CATCAAGCAAGCCATT,3-F-56,B cell,0,B cell,2.6107924,6.9602213,5345,0.8981474041938782
10X_P7_6_CATCAAGCAGTGGGAT,3-F-56,B cell,0,B cell,1.6207771,2.612082,5346,0.5148673057556152
10X_P7_6_CATCAAGCATGAAGTA,3-F-56,T cell,2,Unmatched_2,27.161192,1.0709689,5347,0.577757716178894
10X_P7_6_CATCAAGCATGACGGA,3-F-56,B cell,1,Unmatched_1,3.2015936,8.067741,5348,0.4632315337657928
10X_P7_6_CATCAAGGTACTCAAC,3-F-56,macrophage,4,macrophage,3.440939,15.950192,5349,2.1224887371063232
10X_P7_6_CATCAAGGTCTTCTCG,3-F-56,B cell,1,Unmatched_1,-2.7211974,4.132131,5350,0.6142162084579468
10X_P7_6_CATCAAGTCTTACCGC,3-F-56,B cell,0,B cell,2.4123206,2.9304938,5351,0.7046593427658081
10X_P7_6_CATCAAGTCTTACCTA,3-F-56,B cell,1,Unmatched_1,2.6961353,7.642478,5352,0.5647115111351013
10X_P7_6_CATCAGAAGACATAAC,3-F-56,B cell,0,B cell,1.5319556,6.2590737,5353,0.9035149812698364
10X_P7_6_CATCAGAAGGCTACGA,3-F-56,T cell,2,Unmatched_2,27.59209,1.371262,5354,0.6780200600624084
10X_P7_6_CATCAGAAGGGAGTAA,3-F-56,B cell,0,B cell,1.8726074,5.8713346,5355,0.6087251305580139
10X_P7_6_CATCAGAAGTGAAGAG,3-F-56,B cell,0,B cell,-0.41573575,4.190835,5356,0.533591628074646
10X_P7_6_CATCAGACAAGTTCTG,3-F-56,B cell,0,B cell,1.2446648,4.728168,5357,0.509808361530304
10X_P7_6_CATCAGACAGCGTAAG,3-F-56,B cell,0,B cell,-0.42919943,3.5957103,5358,0.4339589178562164
10X_P7_6_CATCAGAGTACGACCC,3-F-56,B cell,0,B cell,-0.54069066,2.9962382,5359,1.0559895038604736
10X_P7_6_CATCAGAGTATAGGTA,3-F-56,macrophage,4,macrophage,5.1895432,16.086494,5360,3.136380195617676
10X_P7_6_CATCAGAGTCAATGTC,3-F-56,B cell,0,B cell,1.919951,5.524514,5361,1.162111520767212
10X_P7_6_CATCAGAGTCCGAAGA,3-F-56,B cell,0,B cell,0.8913784,2.3765614,5362,0.8530165553092957
10X_P7_6_CATCAGAGTTGTACAC,3-F-56,T cell,3,T cell,25.660578,-0.4455716,5363,0.6556808352470398
10X_P7_6_CATCAGATCACTTACT,3-F-56,natural killer cell,5,natural killer cell,30.626858,-2.1414182,5364,3.218928337097168
10X_P7_6_CATCAGATCCTTTCGG,3-F-56,B cell,6,Unmatched_6,0.7032066,11.447458,5365,5.334986209869385
10X_P7_6_CATCAGATCTCTAAGG,3-F-56,B cell,0,B cell,1.2579981,3.2105699,5366,0.7115580439567566
10X_P7_6_CATCAGATCTTTAGGG,3-F-56,B cell,1,Unmatched_1,1.4791665,7.322077,5367,1.1256335973739624
10X_P7_6_CATCCACAGTTAGGTA,3-F-56,B cell,0,B cell,2.38742,3.4326875,5368,0.441642701625824
10X_P7_6_CATCCACCAAGACGTG,3-F-56,B cell,0,B cell,2.0714648,3.2203913,5369,0.4953469932079315
10X_P7_6_CATCCACCACTGTCGG,3-F-56,B cell,1,Unmatched_1,2.333578,7.7397695,5370,0.6915156245231628
10X_P7_6_CATCCACCAGAAGCAC,3-F-56,natural killer cell,5,natural killer cell,31.141556,-2.3023002,5371,2.0474414825439453
10X_P7_6_CATCCACCAGAGCCAA,3-F-56,B cell,3,T cell,28.26908,-1.3737012,5372,1.4962722063064575
10X_P7_6_CATCCACCAGTATAAG,3-F-56,B cell,0,B cell,-0.02264792,5.8265314,5373,1.2747315168380735
10X_P7_6_CATCCACCATAGAAAC,3-F-56,B cell,0,B cell,1.022889,2.6173656,5374,0.4803007841110229
10X_P7_6_CATCCACGTAGGGACT,3-F-56,B cell,0,B cell,-0.11618659,3.4175594,5375,0.672743558883667
10X_P7_6_CATCCACGTCGGATCC,3-F-56,T cell,3,T cell,25.892523,-0.92456484,5376,0.6790174841880798
10X_P7_6_CATCCACGTGGCAAAC,3-F-56,natural killer cell,5,natural killer cell,30.861359,-2.2383108,5377,2.63901686668396
10X_P7_6_CATCCACGTGGCGAAT,3-F-56,B cell,0,B cell,1.9939479,2.1949852,5378,0.5024038553237915
10X_P7_6_CATCCACGTGTGACCC,3-F-56,B cell,0,B cell,-0.70644975,3.2538278,5379,0.8869816660881042
10X_P7_6_CATCCACGTGTTGAGG,3-F-56,B cell,0,B cell,2.5487769,4.9034343,5380,0.8654096126556396
10X_P7_6_CATCCACGTTATTCTC,3-F-56,B cell,0,B cell,1.0790395,2.794276,5381,0.6962355971336365
10X_P7_6_CATCCACTCCAATGGT,3-F-56,B cell,7,Unmatched_7,3.9628859,13.240564,5382,1.024292230606079
10X_P7_6_CATCCACTCCATGAGT,3-F-56,B cell,0,B cell,2.4070494,3.4182901,5383,0.5394096374511719
10X_P7_6_CATCCACTCCTCAACC,3-F-56,B cell,1,Unmatched_1,3.287881,8.356309,5384,0.6297370791435242
10X_P7_6_CATCCACTCGTCCAGG,3-F-56,B cell,0,B cell,2.2053251,6.7925105,5385,0.5738747119903564
10X_P7_6_CATCCACTCTCTAAGG,3-F-56,T cell,3,T cell,26.946777,-0.70036054,5386,0.6775557994842529
10X_P7_6_CATCGAAAGTACGCCC,3-F-56,T cell,5,natural killer cell,30.022417,-0.64343697,5387,1.9253090620040891
10X_P7_6_CATCGAAAGTCTCCTC,3-F-56,T cell,2,Unmatched_2,27.546444,1.2717315,5388,0.6452568173408508
10X_P7_6_CATCGAAAGTCTCGGC,3-F-56,T cell,3,T cell,25.86573,-0.9177106,5389,0.5754239559173584
10X_P7_6_CATCGAACAACTGCGC,3-F-56,B cell,1,Unmatched_1,3.0594707,7.7147303,5390,0.6483082175254822
10X_P7_6_CATCGAACAATCGAAA,3-F-56,T cell,3,T cell,26.329702,-1.0217172,5391,0.6977338790893555
10X_P7_6_CATCGAACATTAGGCT,3-F-56,T cell,3,T cell,26.30481,-0.6747347,5392,0.6067739725112915
10X_P7_6_CATCGAAGTAATCGTC,3-F-56,B cell,1,Unmatched_1,2.3348837,8.157066,5393,0.4470457136631012
10X_P7_6_CATCGAAGTAGCGTAG,3-F-56,B cell,0,B cell,1.7643474,5.848364,5394,0.9819696545600892
10X_P7_6_CATCGAAGTATTCGTG,3-F-56,B cell,1,Unmatched_1,3.372372,7.838685,5395,0.5217135548591614
10X_P7_6_CATCGAAGTTCTGTTT,3-F-56,T cell,2,Unmatched_2,27.60097,0.935574,5396,0.5720527172088623
10X_P7_6_CATCGAATCACATGCA,3-F-56,B cell,7,Unmatched_7,3.982004,13.296394,5397,0.9811853766441344
10X_P7_6_CATCGAATCATAACCG,3-F-56,B cell,0,B cell,2.3560512,2.511817,5398,0.5335060358047485
10X_P7_6_CATCGAATCCATTCTA,3-F-56,B cell,1,Unmatched_1,3.0289187,8.462158,5399,0.4763470888137817
10X_P7_6_CATCGAATCCTGCCAT,3-F-56,B cell,0,B cell,-0.30097693,3.3769622,5400,0.5747005939483643
10X_P7_6_CATCGGGAGCTGAACG,3-F-56,B cell,0,B cell,1.8226906,2.643989,5401,0.6336711049079895
10X_P7_6_CATCGGGAGTAGGCCA,3-F-56,T cell,3,T cell,26.462835,-0.9466041,5402,0.5901802778244019
10X_P7_6_CATCGGGAGTGATCGG,3-F-56,macrophage,4,macrophage,2.092415,15.915947,5403,2.8559908866882324
10X_P7_6_CATCGGGAGTGTTAGA,3-F-56,B cell,0,B cell,2.545218,5.9439445,5404,1.1284997463226318
10X_P7_6_CATCGGGCACAGACAG,3-F-56,dendritic cell,8,dendritic cell,3.5666974,17.835712,5405,4.001561641693115
10X_P7_6_CATCGGGTCCGCTGTT,3-F-56,B cell,0,B cell,1.1472158,4.9160395,5406,0.5515584349632263
10X_P7_6_CATCGGGTCGACGGAA,3-F-56,T cell,3,T cell,25.95869,-0.7966527,5407,0.680948793888092
10X_P7_6_CATCGGGTCGTCTGCT,3-F-56,B cell,0,B cell,2.7491193,3.159396,5408,0.5767531394958496
10X_P7_6_CATCGGGTCTTAGAGC,3-F-56,B cell,0,B cell,0.7483823,6.317518,5409,0.7804880738258362
10X_P7_6_CATCGGGTCTTGACGA,3-F-56,T cell,2,Unmatched_2,28.83543,0.91912144,5410,0.8501642942428589
10X_P7_6_CATGACAAGAAACGAG,3-F-56,B cell,6,Unmatched_6,-0.3198778,12.025003,5411,4.844853401184082
10X_P7_6_CATGACACAAAGCAAT,3-F-56,T cell,2,Unmatched_2,29.096876,1.0852185,5412,0.9750423431396484
10X_P7_6_CATGACACATCGGACC,3-F-56,B cell,0,B cell,1.273811,2.7809272,5413,0.5819026827812195
10X_P7_6_CATGACAGTACTTAGC,3-F-56,T cell,3,T cell,26.525946,-0.65393275,5414,0.8031618595123291
10X_P7_6_CATGACAGTATCAGTC,3-F-56,B cell,0,B cell,0.85653317,5.547525,5415,1.2408641576766968
10X_P7_6_CATGACAGTCATATCG,3-F-56,T cell,2,Unmatched_2,27.05858,1.2046256,5416,0.5466627478599548
10X_P7_6_CATGACAGTCGGGTCT,3-F-56,B cell,6,Unmatched_6,0.37995133,10.845396,5417,1.6499016284942627
10X_P7_6_CATGACAGTCTAGCGC,3-F-56,B cell,0,B cell,1.4870632,2.687632,5418,0.5723075270652771
10X_P7_6_CATGACAGTGTATGGG,3-F-56,T cell,2,Unmatched_2,27.725769,0.87819016,5419,0.7202796936035156
10X_P7_6_CATGACATCAATAAGG,3-F-56,B cell,0,B cell,-0.33751392,3.9792283,5420,0.4779358506202698
10X_P7_6_CATGACATCACGGTTA,3-F-56,T cell,2,Unmatched_2,26.771715,1.2833719,5421,0.6681907176971436
10X_P7_6_CATGACATCGCGTAGC,3-F-56,macrophage,4,macrophage,3.7612338,15.804628,5422,1.6961708068847656
10X_P7_6_CATGACATCGGAAACG,3-F-56,B cell,0,B cell,-0.48855576,3.1670978,5423,1.1395012140274048
10X_P7_6_CATGACATCTGGTATG,3-F-56,B cell,0,B cell,0.72567886,2.277127,5424,1.3096492290496826
10X_P7_6_CATGCCTAGACATAAC,3-F-56,T cell,2,Unmatched_2,27.4998,0.7518505,5425,0.766478419303894
10X_P7_6_CATGCCTAGCTGAAAT,3-F-56,B cell,0,B cell,0.8529335,2.7094216,5426,0.525313138961792
10X_P7_6_CATGCCTAGTTTCCTT,3-F-56,B cell,0,B cell,1.2090318,3.2069852,5427,0.5835274457931519
10X_P7_6_CATGCCTCATCGGTTA,3-F-56,T cell,5,natural killer cell,29.89831,-0.6813858,5428,1.7472076416015625
10X_P7_6_CATGCCTGTCTCCACT,3-F-56,B cell,0,B cell,1.8090191,2.1228032,5429,0.7582316398620605
10X_P7_6_CATGCCTGTTGTCGCG,3-F-56,B cell,1,Unmatched_1,3.0550451,7.9553523,5430,0.5270152688026428
10X_P7_6_CATGCCTTCGCGTTTC,3-F-56,B cell,1,Unmatched_1,3.0308552,7.721781,5431,0.9209840893745422
10X_P7_6_CATGCCTTCTCGTATT,3-F-56,B cell,0,B cell,-0.15462232,4.0340056,5432,0.6316089630126953
10X_P7_6_CATGGCGAGAACAATC,3-F-56,B cell,1,Unmatched_1,2.85235,8.1703205,5433,0.4486357867717743
10X_P7_6_CATGGCGAGCTTTGGT,3-F-56,natural killer cell,5,natural killer cell,30.859873,-1.8673261,5434,1.9813998937606807
10X_P7_6_CATGGCGCAGATCCAT,3-F-56,B cell,0,B cell,3.422493,6.0082684,5435,0.95021390914917
10X_P7_6_CATGGCGCAGCTCGCA,3-F-56,B cell,1,Unmatched_1,3.0263553,8.590384,5436,0.7015199065208435
10X_P7_6_CATGGCGGTCGGCATC,3-F-56,B cell,7,Unmatched_7,3.9666069,13.216047,5437,1.1969740390777588
10X_P7_6_CATGGCGGTCGGCTCA,3-F-56,B cell,0,B cell,1.7856361,1.9369118,5438,0.5261942744255066
10X_P7_6_CATGGCGGTCTAACGT,3-F-56,B cell,1,Unmatched_1,4.3804893,7.1572247,5439,1.559715986251831
10X_P7_6_CATGGCGTCCGCAGTG,3-F-56,T cell,2,Unmatched_2,27.1708,1.1177226,5440,0.7793817520141602
10X_P7_6_CATTATCAGAATGTGT,3-F-56,B cell,0,B cell,0.2184587,4.875087,5441,0.3951121866703033
10X_P7_6_CATTATCAGCCAGTAG,3-F-56,T cell,2,Unmatched_2,27.172626,0.7973493,5442,0.7584379315376282
10X_P7_6_CATTATCAGGAACTGC,3-F-56,B cell,0,B cell,1.9103464,4.006477,5443,0.5116161108016968
10X_P7_6_CATTATCAGGATGCGT,3-F-56,T cell,3,T cell,26.810602,-0.6902786,5444,0.819686233997345
10X_P7_6_CATTATCAGGGTCGAT,3-F-56,natural killer cell,5,natural killer cell,31.01323,-2.4595332,5445,1.7064077854156494
10X_P7_6_CATTATCAGTTAGCGG,3-F-56,B cell,0,B cell,1.9678469,2.524104,5446,0.5352215766906738
10X_P7_6_CATTATCCATGTTCCC,3-F-56,B cell,0,B cell,1.5644789,3.6564164,5447,1.0137064456939695
10X_P7_6_CATTATCGTACAGCAG,3-F-56,B cell,0,B cell,1.0988076,3.3477895,5448,0.5584344863891602
10X_P7_6_CATTATCTCATCTGTT,3-F-56,T cell,5,natural killer cell,30.023256,-0.6628307,5449,2.3119571208953857
10X_P7_6_CATTATCTCTATCCTA,3-F-56,T cell,3,T cell,28.678324,-0.33538613,5450,2.180879592895508
10X_P7_6_CATTCGCAGAAACGCC,3-F-56,B cell,0,B cell,2.344747,4.5169535,5451,0.7139298915863037
10X_P7_6_CATTCGCAGACCCACC,3-F-56,T cell,2,Unmatched_2,27.453987,1.2619587,5452,0.5991904139518738
10X_P7_6_CATTCGCAGCCCTAAT,3-F-56,T cell,2,Unmatched_2,27.617582,0.20956455,5453,0.8078227043151855
10X_P7_6_CATTCGCAGGCAGGTT,3-F-56,T cell,3,T cell,28.343601,-1.5243685,5454,1.0044546127319336
10X_P7_6_CATTCGCAGGCTAGCA,3-F-56,T cell,5,natural killer cell,30.06891,-0.6300779,5455,1.5522215366363523
10X_P7_6_CATTCGCCAATGGAGC,3-F-56,B cell,1,Unmatched_1,3.2315662,8.6019745,5456,0.5316796898841858
10X_P7_6_CATTCGCCACACCGAC,3-F-56,B cell,0,B cell,1.4303858,4.1742783,5457,0.5841357111930847
10X_P7_6_CATTCGCCACCTGGTG,3-F-56,B cell,0,B cell,1.7471006,4.9074497,5458,0.9292147159576416
10X_P7_6_CATTCGCCAGCGTCCA,3-F-56,B cell,1,Unmatched_1,1.4714669,7.3393755,5459,0.8698654770851135
10X_P7_6_CATTCGCCATAGTAAG,3-F-56,T cell,5,natural killer cell,29.891361,-0.73187715,5460,1.7231740951538086
10X_P7_6_CATTCGCGTCGACTAT,3-F-56,natural killer cell,5,natural killer cell,31.08099,-2.4775574,5461,1.9206550121307373
10X_P7_6_CATTCGCTCACATAGC,3-F-56,B cell,0,B cell,0.43162087,4.751166,5462,0.4534869492053985
10X_P7_6_CATTCGCTCCTTTCGG,3-F-56,B cell,0,B cell,-0.7991685,4.4621415,5463,0.8590712547302246
10X_P7_6_CATTCGCTCGTCGTTC,3-F-56,B cell,0,B cell,-0.0737418,2.7889106,5464,0.7056599855422974
10X_P7_6_CATTCGCTCGTTTATC,3-F-56,B cell,1,Unmatched_1,3.1026442,8.329619,5465,0.420431911945343
10X_P7_6_CCAATCCAGAGATGAG,3-F-56,B cell,0,B cell,0.15476862,4.7761536,5466,0.4125342667102813
10X_P7_6_CCAATCCAGCGATGAC,3-F-56,B cell,1,Unmatched_1,4.7858715,7.1596947,5467,1.229015827178955
10X_P7_6_CCAATCCAGGAGTTTA,3-F-56,T cell,3,T cell,26.627323,-0.36294138,5468,0.6444811224937439
10X_P7_6_CCAATCCAGTGGACGT,3-F-56,B cell,0,B cell,1.1652628,3.4717994,5469,0.8184963464736938
10X_P7_6_CCAATCCCAGTCCTTC,3-F-56,T cell,2,Unmatched_2,27.191845,0.8166926,5470,0.8515855669975281
10X_P7_6_CCAATCCCATTCACTT,3-F-56,B cell,0,B cell,1.6556654,3.9034104,5471,1.2622560262680054
10X_P7_6_CCAATCCGTCTAGTCA,3-F-56,T cell,4,macrophage,4.572399,16.250013,5472,3.646089553833008
10X_P7_6_CCAATCCGTGAGGGAG,3-F-56,B cell,2,Unmatched_2,24.947662,1.9290394,5473,1.1898573637008667
10X_P7_6_CCAATCCGTTGGAGGT,3-F-56,B cell,0,B cell,0.061577123,2.765324,5474,1.1105581521987915
10X_P7_6_CCAATCCTCGGCCGAT,3-F-56,B cell,0,B cell,1.8063226,2.6575282,5475,0.4168086647987366
10X_P7_6_CCAATCCTCGTCGTTC,3-F-56,B cell,0,B cell,0.35165766,7.5872297,5476,0.7477476000785828
10X_P7_6_CCACCTAAGATCCGAG,3-F-56,B cell,3,T cell,28.189444,-1.2104498,5477,1.521681785583496
10X_P7_6_CCACCTAAGTGAAGTT,3-F-56,B cell,0,B cell,-1.2361135,5.3408656,5478,1.4193394184112549
10X_P7_6_CCACCTACAATGACCT,3-F-56,T cell,3,T cell,25.962334,-1.1688169,5479,0.6559745669364929
10X_P7_6_CCACCTACAATGGACG,3-F-56,T cell,5,natural killer cell,30.17806,-0.538427,5480,1.7664644718170166
10X_P7_6_CCACCTACACAGACTT,3-F-56,B cell,0,B cell,0.5177362,7.3349514,5481,1.1601567268371582
10X_P7_6_CCACCTACAGTTCCCT,3-F-56,B cell,0,B cell,1.6455667,5.777893,5482,0.8745896220207214
10X_P7_6_CCACCTACATAGTAAG,3-F-56,B cell,0,B cell,1.9753915,3.9340634,5483,0.6025441884994507
10X_P7_6_CCACCTACATCGATTG,3-F-56,B cell,0,B cell,1.5324062,3.5578747,5484,1.1259472370147705
10X_P7_6_CCACCTAGTAGAAAGG,3-F-56,B cell,0,B cell,-0.49671638,4.629288,5485,0.8249226212501526
10X_P7_6_CCACCTAGTAGCGCTC,3-F-56,B cell,0,B cell,0.5911363,5.0132217,5486,0.6309653520584106
10X_P7_6_CCACCTAGTATATGAG,3-F-56,T cell,2,Unmatched_2,26.733564,0.7605683,5487,1.1559475660324097
10X_P7_6_CCACCTAGTTAAGTAG,3-F-56,B cell,0,B cell,-0.10925793,5.0486255,5488,0.8730887770652771
10X_P7_6_CCACCTATCCAAACAC,3-F-56,B cell,1,Unmatched_1,3.2031562,8.594153,5489,0.7339857816696167
10X_P7_6_CCACCTATCCCGACTT,3-F-56,T cell,2,Unmatched_2,27.649956,0.2533877,5490,0.9918379783630372
10X_P7_6_CCACCTATCTCTGTCG,3-F-56,T cell,2,Unmatched_2,27.287,1.108973,5491,0.761806309223175
10X_P7_6_CCACGGAAGAAGCCCA,3-F-56,B cell,1,Unmatched_1,1.8846589,7.850057,5492,0.6798721551895142
10X_P7_6_CCACGGAAGAAGGCCT,3-F-56,T cell,3,T cell,26.269798,-0.6572402,5493,0.7628200650215149
10X_P7_6_CCACGGAAGAGCTGGT,3-F-56,B cell,0,B cell,2.0352092,3.993841,5494,0.9195581674575806
10X_P7_6_CCACGGAAGCTATGCT,3-F-56,B cell,1,Unmatched_1,2.9578993,8.21308,5495,0.5308953523635864
10X_P7_6_CCACGGAAGGCTCAGA,3-F-56,B cell,1,Unmatched_1,3.5860791,7.2197614,5496,1.184410572052002
10X_P7_6_CCACGGACACGCATCG,3-F-56,B cell,1,Unmatched_1,3.1287456,7.808048,5497,0.6937362551689148
10X_P7_6_CCACGGACATAAAGGT,3-F-56,T cell,2,Unmatched_2,27.213764,1.3428526,5498,0.5239819884300232
10X_P7_6_CCACGGACATATGGTC,3-F-56,B cell,2,Unmatched_2,24.93661,1.9414985,5499,1.2961413860321045
10X_P7_6_CCACGGACATTCGACA,3-F-56,T cell,3,T cell,26.665892,-1.0096182,5500,0.7591195106506348
10X_P7_6_CCACGGAGTATAAACG,3-F-56,B cell,0,B cell,0.32787132,3.6776247,5501,0.5742384195327759
10X_P7_6_CCACGGAGTCCTCCAT,3-F-56,B cell,0,B cell,-0.8282813,3.7692814,5502,1.151450276374817
10X_P7_6_CCACGGAGTGCAGACA,3-F-56,B cell,0,B cell,0.4529899,4.632765,5503,0.480894535779953
10X_P7_6_CCACGGAGTGTTTGGT,3-F-56,B cell,0,B cell,-1.9883661,5.5135975,5504,1.1063765287399292
10X_P7_6_CCACGGATCACTCTTA,3-F-56,B cell,0,B cell,-0.9105653,4.291712,5505,0.6541521549224854
10X_P7_6_CCACGGATCCACTGGG,3-F-56,T cell,2,Unmatched_2,26.562593,1.3575555,5506,0.9557312726974488
10X_P7_6_CCACGGATCGAGGTAG,3-F-56,B cell,1,Unmatched_1,3.3004375,8.618917,5507,0.4860683083534241
10X_P7_6_CCACGGATCTGCTGTC,3-F-56,B cell,0,B cell,1.8982307,6.4219346,5508,0.7380101680755615
10X_P7_6_CCACTACAGACAGACC,3-F-56,B cell,0,B cell,1.9182398,7.1764536,5509,1.0485786199569702
10X_P7_6_CCACTACCACCATCCT,3-F-56,B cell,0,B cell,0.5281612,2.832488,5510,0.9638794660568236
10X_P7_6_CCACTACCACGAAGCA,3-F-56,T cell,3,T cell,25.825306,-1.2589356,5511,0.8404074907302856
10X_P7_6_CCACTACCAGCAGTTT,3-F-56,T cell,3,T cell,25.901999,-0.36695078,5512,0.6374373435974121
10X_P7_6_CCACTACCATGTTCCC,3-F-56,B cell,0,B cell,0.9608192,6.4049115,5513,0.8298212885856628
10X_P7_6_CCACTACGTATAGGGC,3-F-56,B cell,0,B cell,0.1496034,4.1508474,5514,0.7469578981399536
10X_P7_6_CCACTACGTCTGATTG,3-F-56,B cell,6,Unmatched_6,-0.33211476,12.039105,5515,3.0241739749908447
10X_P7_6_CCACTACGTGCGATAG,3-F-56,B cell,0,B cell,1.243125,4.4825172,5516,0.6360708475112915
10X_P7_6_CCACTACGTGCTAGCC,3-F-56,B cell,0,B cell,0.91238254,4.287579,5517,0.8524422645568848
10X_P7_6_CCACTACGTTCCGGCA,3-F-56,B cell,0,B cell,2.0467644,5.632227,5518,1.37253737449646
10X_P7_6_CCACTACTCTGAGTGT,3-F-56,B cell,0,B cell,0.34945974,6.359773,5519,0.7950944900512695
10X_P7_6_CCAGCGAAGACAAAGG,3-F-56,B cell,0,B cell,-0.923109,3.3296351,5520,1.0864806175231934
10X_P7_6_CCAGCGAAGCGCCTTG,3-F-56,T cell,3,T cell,28.156525,-1.462469,5521,1.1071505546569824
10X_P7_6_CCAGCGAAGTAGTGCG,3-F-56,T cell,5,natural killer cell,30.094904,-0.61942226,5522,1.898398756980896
10X_P7_6_CCAGCGACACCAGGTC,3-F-56,B cell,0,B cell,0.97134876,3.3976848,5523,0.4970130026340484
10X_P7_6_CCAGCGAGTGGCTCCA,3-F-56,B cell,1,Unmatched_1,3.1001122,7.5636086,5524,0.5571646094322205
10X_P7_6_CCAGCGAGTTTGACAC,3-F-56,B cell,0,B cell,1.099715,4.584783,5525,1.0371438264846802
10X_P7_6_CCAGCGATCAGAGGTG,3-F-56,T cell,2,Unmatched_2,3.6423676,6.258053,5526,0.9064698219299316
10X_P7_6_CCAGCGATCCGAATGT,3-F-56,natural killer cell,5,natural killer cell,31.051188,-2.4116004,5527,1.7308998107910156
10X_P7_6_CCAGCGATCCTGTACC,3-F-56,B cell,0,B cell,-0.49681556,3.5341282,5528,0.572237491607666
10X_P7_6_CCAGCGATCGTTGACA,3-F-56,T cell,2,Unmatched_2,27.424007,1.3532168,5529,0.7316505908966064
10X_P7_6_CCAGCGATCTTGCAAG,3-F-56,B cell,0,B cell,1.860691,3.6592147,5530,0.7824714183807373
10X_P7_6_CCATGTCAGAGACTTA,3-F-56,B cell,0,B cell,2.1857643,3.0182052,5531,0.5405844449996948
10X_P7_6_CCATGTCAGAGTGAGA,3-F-56,B cell,1,Unmatched_1,3.4288583,8.208097,5532,0.8007140159606934
10X_P7_6_CCATGTCAGATCGGGT,3-F-56,B cell,0,B cell,1.3605477,3.2536504,5533,0.5881615281105042
10X_P7_6_CCATGTCAGCTGCAAG,3-F-56,B cell,0,B cell,0.119586214,4.7855744,5534,0.4851184785366058
10X_P7_6_CCATGTCAGGGAACGG,3-F-56,B cell,0,B cell,-0.56132996,3.0413625,5535,1.2636945247650146
10X_P7_6_CCATGTCAGGGTCGAT,3-F-56,B cell,1,Unmatched_1,3.081553,7.5722847,5536,0.6907073259353638
10X_P7_6_CCATGTCAGTACGCGA,3-F-56,B cell,0,B cell,-1.2027868,5.3101954,5537,1.5090867280960083
10X_P7_6_CCATGTCGTCGGGTCT,3-F-56,B cell,0,B cell,0.19260375,2.9067276,5538,0.9806604385375975
10X_P7_6_CCATGTCGTTATGTGC,3-F-56,natural killer cell,5,natural killer cell,30.892942,-2.2443223,5539,1.672884225845337
10X_P7_6_CCATGTCTCCAGATCA,3-F-56,B cell,1,Unmatched_1,2.2517374,8.221498,5540,0.5188865065574646
10X_P7_6_CCATGTCTCCGTTGCT,3-F-56,T cell,3,T cell,26.751595,-0.059598677,5541,0.9285656809806824
10X_P7_6_CCATGTCTCGGCGCAT,3-F-56,B cell,0,B cell,1.6206956,2.9532866,5542,0.6675910353660583
10X_P7_6_CCATGTCTCTTCCTTC,3-F-56,B cell,1,Unmatched_1,3.2773886,8.175274,5543,0.4256336688995361
10X_P7_6_CCATTCGAGAATCTCC,3-F-56,B cell,1,Unmatched_1,3.0909362,8.403188,5544,0.4342265129089355
10X_P7_6_CCATTCGAGCGACGTA,3-F-56,T cell,3,T cell,28.122803,-1.4881731,5545,1.0018073320388794
10X_P7_6_CCATTCGAGGCAGGTT,3-F-56,B cell,0,B cell,-0.7535764,4.9933696,5546,0.8812965750694275
10X_P7_6_CCATTCGAGTAACCCT,3-F-56,macrophage,4,macrophage,5.205271,16.15408,5547,3.646089553833008
10X_P7_6_CCATTCGAGTGGACGT,3-F-56,B cell,0,B cell,1.2590336,5.4184637,5548,1.4386059045791626
10X_P7_6_CCATTCGAGTGGGCTA,3-F-56,B cell,0,B cell,-0.83815104,3.0750241,5549,1.0977256298065186
10X_P7_6_CCATTCGCACATCCAA,3-F-56,B cell,0,B cell,2.4853897,3.7256017,5550,1.518443584442139
10X_P7_6_CCATTCGCATCTGGTA,3-F-56,B cell,7,Unmatched_7,3.989696,15.4643955,5551,1.1577246189117432
10X_P7_6_CCATTCGCATTTCAGG,3-F-56,B cell,0,B cell,1.1378673,3.0888247,5552,0.8549419641494751
10X_P7_6_CCATTCGGTTCGAATC,3-F-56,B cell,1,Unmatched_1,3.1754138,8.377471,5553,0.6850945949554443
10X_P7_6_CCATTCGGTTTGGGCC,3-F-56,B cell,1,Unmatched_1,4.6371083,6.886391,5554,1.1901602745056152
10X_P7_6_CCATTCGTCACTTACT,3-F-56,T cell,2,Unmatched_2,27.013447,1.2488286,5555,1.0603655576705933
10X_P7_6_CCATTCGTCCAAGTAC,3-F-56,macrophage,4,macrophage,4.942451,16.200583,5556,2.543131828308105
10X_P7_6_CCATTCGTCCGTCATC,3-F-56,B cell,0,B cell,1.5698565,6.5852375,5557,0.7017108798027039
10X_P7_6_CCCAATCAGTCTTGCA,3-F-56,B cell,0,B cell,1.796474,3.5088644,5558,0.8407787680625916
10X_P7_6_CCCAATCAGTGGGATC,3-F-56,B cell,0,B cell,1.1647806,4.231674,5559,0.6552566289901733
10X_P7_6_CCCAATCCAAACCCAT,3-F-56,B cell,0,B cell,1.8767017,2.8594568,5560,0.9897609949111938
10X_P7_6_CCCAATCCAATGAATG,3-F-56,B cell,0,B cell,0.9188602,5.1304226,5561,0.5000314712524414
10X_P7_6_CCCAATCCAGACGTAG,3-F-56,B cell,1,Unmatched_1,3.2418427,8.531414,5562,0.4467780888080597
10X_P7_6_CCCAATCCATGCCTAA,3-F-56,T cell,2,Unmatched_2,27.304024,1.1078552,5563,0.6320241093635559
10X_P7_6_CCCAATCGTACATCCA,3-F-56,T cell,2,Unmatched_2,28.70878,0.18717884,5564,1.2707122564315796
10X_P7_6_CCCAATCTCACCATAG,3-F-56,B cell,0,B cell,0.3473298,3.4331512,5565,0.6426161527633667
10X_P7_6_CCCAATCTCAGTTGAC,3-F-56,B cell,0,B cell,-0.7620504,4.6632857,5566,0.6107860803604126
10X_P7_6_CCCAATCTCCTTCAAT,3-F-56,B cell,0,B cell,1.2429743,4.212939,5567,0.5673513412475586
10X_P7_6_CCCAATCTCGCGGATC,3-F-56,T cell,3,T cell,26.018095,-1.2803434,5568,0.5897130370140076
10X_P7_6_CCCAATCTCTACGAGT,3-F-56,B cell,6,Unmatched_6,0.27974978,11.226838,5569,1.542714238166809
10X_P7_6_CCCAGTTAGAGAACAG,3-F-56,B cell,0,B cell,1.1096389,5.5100837,5570,0.7598693370819092
10X_P7_6_CCCAGTTAGAGACGAA,3-F-56,B cell,0,B cell,1.0868012,2.6661515,5571,0.6746362447738647
10X_P7_6_CCCAGTTAGCTACCTA,3-F-56,B cell,0,B cell,1.9706597,2.386166,5572,0.7262235283851624
10X_P7_6_CCCAGTTAGTACACCT,3-F-56,B cell,0,B cell,1.3125844,4.3193293,5573,0.7841984033584595
10X_P7_6_CCCAGTTAGTCAATAG,3-F-56,B cell,0,B cell,-1.1147802,3.9808874,5574,0.4556048512458801
10X_P7_6_CCCAGTTAGTTAGCGG,3-F-56,B cell,0,B cell,-0.8827584,3.6949418,5575,0.7520126104354858
10X_P7_6_CCCAGTTCAGTAACGG,3-F-56,T cell,2,Unmatched_2,26.95863,1.1403899,5576,0.8003538846969604
10X_P7_6_CCCAGTTCATGTCTCC,3-F-56,B cell,1,Unmatched_1,3.1151211,8.515525,5577,0.6058289408683777
10X_P7_6_CCCAGTTCATTGGCGC,3-F-56,B cell,0,B cell,1.2610579,4.788182,5578,0.9126893281936646
10X_P7_6_CCCAGTTTCAGTCCCT,3-F-56,natural killer cell,5,natural killer cell,30.9841,-2.4623427,5579,1.7630964517593384
10X_P7_6_CCCAGTTTCATGCATG,3-F-56,B cell,0,B cell,2.0610135,2.761038,5580,0.481962651014328
10X_P7_6_CCCAGTTTCTCGATGA,3-F-56,B cell,4,macrophage,2.2079036,16.017166,5581,2.8559908866882324
10X_P7_6_CCCATACAGTTGTAGA,3-F-56,B cell,0,B cell,1.9980807,3.237396,5582,0.6802552938461304
10X_P7_6_CCCATACTCAACGGCC,3-F-56,B cell,0,B cell,0.991765,4.720805,5583,0.497403085231781
10X_P7_6_CCCATACTCAGAAATG,3-F-56,B cell,1,Unmatched_1,3.4047408,8.369215,5584,0.6717032790184021
10X_P7_6_CCCATACTCGCGCCAA,3-F-56,B cell,1,Unmatched_1,3.3029106,8.357364,5585,0.4373141229152679
10X_P7_6_CCCTCCTAGACCCACC,3-F-56,B cell,1,Unmatched_1,2.3383672,8.215519,5586,0.5881677865982056
10X_P7_6_CCCTCCTAGCAGGTCA,3-F-56,B cell,2,Unmatched_2,27.461956,0.008439127,5587,2.1597416400909424
10X_P7_6_CCCTCCTAGCTAACTC,3-F-56,B cell,0,B cell,-0.8527759,4.5211444,5588,0.7987443208694458
10X_P7_6_CCCTCCTAGTCCAGGA,3-F-56,B cell,6,Unmatched_6,0.23765561,11.252423,5589,2.1314523220062256
10X_P7_6_CCCTCCTCAAAGGTGC,3-F-56,B cell,0,B cell,0.6880733,3.8195724,5590,1.6794601678848269
10X_P7_6_CCCTCCTCACCCATGG,3-F-56,T cell,3,T cell,26.08218,-0.8531778,5591,0.618715763092041
10X_P7_6_CCCTCCTCAGCGTAAG,3-F-56,B cell,0,B cell,1.55208,2.2527075,5592,0.5120490193367004
10X_P7_6_CCCTCCTCATCCCACT,3-F-56,B cell,6,Unmatched_6,0.73542666,11.454597,5593,5.334986209869385
10X_P7_6_CCCTCCTGTAAATGTG,3-F-56,B cell,0,B cell,-0.08057912,6.436567,5594,0.9658442735671996
10X_P7_6_CCCTCCTGTCCAAGTT,3-F-56,B cell,1,Unmatched_1,3.9297934,7.711007,5595,0.8748903870582581
10X_P7_6_CCCTCCTGTCCGAAGA,3-F-56,B cell,0,B cell,1.9964861,3.1368423,5596,1.0450211763381958
10X_P7_6_CCCTCCTGTCGGGTCT,3-F-56,B cell,0,B cell,-0.20928258,2.982383,5597,0.8814966678619385
10X_P7_6_CCCTCCTTCGAGGTAG,3-F-56,B cell,0,B cell,1.3305395,4.6284223,5598,0.4993006885051727
10X_P7_6_CCCTCCTTCGCCGTGA,3-F-56,T cell,3,T cell,26.487734,-0.94031703,5599,0.7222573161125183
10X_P7_6_CCGGGATAGAGACGAA,3-F-56,B cell,0,B cell,1.6786858,4.769769,5600,0.916233241558075
10X_P7_6_CCGGGATAGCACAGGT,3-F-56,B cell,0,B cell,1.819305,3.7673056,5601,0.5475461483001709
10X_P7_6_CCGGGATAGCGCTCCA,3-F-56,B cell,0,B cell,0.7462062,7.884407,5602,0.9157180190086364
10X_P7_6_CCGGGATAGTTCCACA,3-F-56,B cell,0,B cell,1.2770902,6.1404743,5603,0.7186204195022583
10X_P7_6_CCGGGATCAACAACCT,3-F-56,B cell,1,Unmatched_1,2.6697085,8.383938,5604,0.436036467552185
10X_P7_6_CCGGGATCAAGCGTAG,3-F-56,T cell,3,T cell,26.755112,-0.9781101,5605,0.6600909233093262
10X_P7_6_CCGGGATCAATGGATA,3-F-56,B cell,1,Unmatched_1,4.714787,7.140526,5606,0.9167792201042176
10X_P7_6_CCGGGATCAATTCCTT,3-F-56,T cell,3,T cell,28.346403,-1.4792192,5607,1.1226860284805298
10X_P7_6_CCGGGATCAGTCCTTC,3-F-56,B cell,0,B cell,1.3679644,5.1377277,5608,0.9183158278465272
10X_P7_6_CCGGGATCATGGTCAT,3-F-56,macrophage,4,macrophage,4.808432,15.050092,5609,2.147892713546753
10X_P7_6_CCGGGATCATTAGCCA,3-F-56,T cell,3,T cell,26.5755,-0.8863065,5610,0.6796994805335999
10X_P7_6_CCGGGATGTACAAGTA,3-F-56,T cell,2,Unmatched_2,27.643679,0.2532681,5611,0.7391578555107117
10X_P7_6_CCGGGATGTACAGTGG,3-F-56,B cell,0,B cell,1.937316,3.379028,5612,0.4861598908901214
10X_P7_6_CCGGGATGTGACGCCT,3-F-56,B cell,0,B cell,0.6906313,5.254769,5613,0.7050730586051941
10X_P7_6_CCGGGATGTGTCTGAT,3-F-56,B cell,0,B cell,0.05992796,6.1536603,5614,0.6597604751586914
10X_P7_6_CCGGGATGTTAGGGTG,3-F-56,B cell,1,Unmatched_1,3.0877726,8.399192,5615,0.649540901184082
10X_P7_6_CCGGGATGTTATCGGT,3-F-56,B cell,0,B cell,0.9291585,4.4726233,5616,0.5631604194641113
10X_P7_6_CCGGGATTCACATACG,3-F-56,B cell,0,B cell,1.4490086,4.3905954,5617,0.630891740322113
10X_P7_6_CCGGGATTCCTTTCGG,3-F-56,macrophage,4,macrophage,4.460743,16.234493,5618,3.646089553833008
10X_P7_6_CCGGTAGAGGTGGGTT,3-F-56,T cell,3,T cell,28.662561,-1.2284023,5619,1.2346715927124023
10X_P7_6_CCGGTAGAGTCATGCT,3-F-56,T cell,3,T cell,25.657663,-0.92067647,5620,0.5826350450515747
10X_P7_6_CCGGTAGAGTTGTAGA,3-F-56,B cell,7,Unmatched_7,3.966935,13.262195,5621,0.7104464173316956
10X_P7_6_CCGGTAGCAAAGGCGT,3-F-56,B cell,0,B cell,-0.91617596,5.120046,5622,0.9094222784042358
10X_P7_6_CCGGTAGCAATCTGCA,3-F-56,B cell,2,Unmatched_2,24.963507,1.9321517,5623,1.2414451837539673
10X_P7_6_CCGGTAGCAGCTGTTA,3-F-56,B cell,3,T cell,28.266802,-1.2987552,5624,1.3708610534667969
10X_P7_6_CCGGTAGCAGGGTTAG,3-F-56,B cell,1,Unmatched_1,-2.65502,4.0135827,5625,0.9037007689476012
10X_P7_6_CCGGTAGCAGTAACGG,3-F-56,B cell,0,B cell,0.30254725,5.0584,5626,0.4572361707687378
10X_P7_6_CCGGTAGCAGTCAGAG,3-F-56,T cell,3,T cell,26.671768,-0.16552451,5627,1.2182064056396484
10X_P7_6_CCGGTAGCATCAGTCA,3-F-56,T cell,3,T cell,26.135435,-1.0925306,5628,0.8169633150100708
10X_P7_6_CCGGTAGGTAACGTTC,3-F-56,B cell,1,Unmatched_1,2.0635166,7.5018377,5629,0.85056471824646
10X_P7_6_CCGGTAGGTAAGTTCC,3-F-56,B cell,1,Unmatched_1,2.9938748,7.9034076,5630,0.520347535610199
10X_P7_6_CCGGTAGGTCCGCTGA,3-F-56,B cell,0,B cell,-0.8537966,3.2875402,5631,0.7750773429870605
10X_P7_6_CCGGTAGGTCGGATCC,3-F-56,T cell,2,Unmatched_2,27.013172,1.3864828,5632,0.615432620048523
10X_P7_6_CCGGTAGGTCTCTCGT,3-F-56,B cell,1,Unmatched_1,2.1550145,7.813027,5633,0.7485049366950989
10X_P7_6_CCGGTAGTCACCCGAG,3-F-56,B cell,0,B cell,1.2133449,2.7959244,5634,0.8101674914360046
10X_P7_6_CCGGTAGTCAGGTAAA,3-F-56,B cell,0,B cell,1.0975871,4.3528967,5635,0.4956789910793304
10X_P7_6_CCGTACTAGCGAGAAA,3-F-56,B cell,1,Unmatched_1,2.9290042,8.634341,5636,0.8196258544921875
10X_P7_6_CCGTACTAGGCATGTG,3-F-56,B cell,0,B cell,2.3432944,2.4026701,5637,0.5023072957992554
10X_P7_6_CCGTACTCAAGTACCT,3-F-56,B cell,0,B cell,1.1015142,3.4658167,5638,0.4848138689994812
10X_P7_6_CCGTACTGTGCTCTTC,3-F-56,B cell,1,Unmatched_1,2.1919177,7.7169676,5639,0.6532867550849915
10X_P7_6_CCGTACTTCCGTACAA,3-F-56,B cell,0,B cell,1.3153604,4.9601,5640,0.4950601756572723
10X_P7_6_CCGTACTTCGCGCCAA,3-F-56,B cell,0,B cell,-1.3477377,4.8437815,5641,1.0353420972824097
10X_P7_6_CCGTACTTCTCCGGTT,3-F-56,B cell,0,B cell,2.4958997,3.1068425,5642,0.4887590408325195
10X_P7_6_CCGTACTTCTTGCATT,3-F-56,B cell,0,B cell,-0.14041421,4.159256,5643,0.9725519418716432
10X_P7_6_CCGTGGAAGATCTGCT,3-F-56,B cell,0,B cell,1.5830319,4.942945,5644,0.9426342248916626
10X_P7_6_CCGTGGAAGATGTGTA,3-F-56,B cell,1,Unmatched_1,3.0498998,8.309645,5645,0.4000215530395508
10X_P7_6_CCGTGGAAGGAGTTGC,3-F-56,T cell,2,Unmatched_2,26.5349,1.3806834,5646,1.2751617431640625
10X_P7_6_CCGTGGAAGGCAAAGA,3-F-56,B cell,2,Unmatched_2,25.214312,2.1468701,5647,1.1028879880905151
10X_P7_6_CCGTGGAAGTCACGCC,3-F-56,B cell,0,B cell,-1.9774138,4.0551505,5648,0.6272444725036621
10X_P7_6_CCGTGGACATCGGACC,3-F-56,B cell,0,B cell,2.7198536,4.3765516,5649,0.604333221912384
10X_P7_6_CCGTGGACATGCCTTC,3-F-56,B cell,0,B cell,2.6163692,4.8791113,5650,0.9823203682899476
10X_P7_6_CCGTGGAGTAGAGGAA,3-F-56,B cell,0,B cell,0.7376764,6.912563,5651,1.2436447143554688
10X_P7_6_CCGTGGAGTCATCCCT,3-F-56,B cell,1,Unmatched_1,4.808216,7.0907598,5652,0.936314821243286
10X_P7_6_CCGTGGAGTCGAACAG,3-F-56,B cell,0,B cell,0.13652825,7.433688,5653,0.6962939500808716
10X_P7_6_CCGTGGAGTCTAGCGC,3-F-56,B cell,1,Unmatched_1,2.8689392,8.646588,5654,0.6973446011543274
10X_P7_6_CCGTGGAGTCTGCGGT,3-F-56,B cell,0,B cell,0.7638411,3.1524384,5655,0.8661319613456726
10X_P7_6_CCGTGGAGTTGCGTTA,3-F-56,B cell,0,B cell,1.8807687,3.6778939,5656,0.5726491808891296
10X_P7_6_CCGTGGATCTAACTTC,3-F-56,B cell,0,B cell,0.6309745,3.1526084,5657,0.8466887474060059
10X_P7_6_CCGTGGATCTGAGTGT,3-F-56,B cell,0,B cell,3.0194132,4.913523,5658,0.6538878083229065
10X_P7_6_CCGTTCAAGAGCTGCA,3-F-56,B cell,0,B cell,2.6088433,5.211062,5659,0.6075327396392822
10X_P7_6_CCGTTCAAGGCGACAT,3-F-56,B cell,0,B cell,0.8425141,2.7363896,5660,0.6393952369689941
10X_P7_6_CCGTTCAAGGTACTCT,3-F-56,B cell,0,B cell,-0.82625264,3.5474076,5661,0.9817820191383362
10X_P7_6_CCGTTCAAGTGTCCCG,3-F-56,T cell,2,Unmatched_2,27.62211,1.3346798,5662,0.863497793674469
10X_P7_6_CCGTTCACACAGATTC,3-F-56,B cell,0,B cell,1.9821857,6.191605,5663,1.3569707870483398
10X_P7_6_CCGTTCACAGCTCGCA,3-F-56,B cell,0,B cell,2.1532183,2.4994497,5664,0.5133883357048035
10X_P7_6_CCGTTCAGTAGCTCCG,3-F-56,B cell,0,B cell,-0.04980484,6.9786143,5665,1.5516064167022705
10X_P7_6_CCGTTCAGTGGCCCTA,3-F-56,T cell,3,T cell,28.831442,-0.43424082,5666,1.9619070291519165
10X_P7_6_CCGTTCAGTGGTCCGT,3-F-56,T cell,3,T cell,25.76085,-0.5255865,5667,0.7698482871055603
10X_P7_6_CCGTTCATCACCACCT,3-F-56,B cell,7,Unmatched_7,3.9643478,13.261689,5668,0.9273693561553956
10X_P7_6_CCGTTCATCAGAGCTT,3-F-56,T cell,2,Unmatched_2,27.430082,0.7308949,5669,0.86073899269104
10X_P7_6_CCGTTCATCAGCTGGC,3-F-56,B cell,0,B cell,-0.744638,3.931325,5670,0.5175570249557495
10X_P7_6_CCGTTCATCTTCTGGC,3-F-56,B cell,0,B cell,1.5342307,3.8691976,5671,0.4598691761493683
10X_P7_6_CCTAAAGAGAGCCCAA,3-F-56,T cell,3,T cell,25.580416,-0.6106197,5672,0.5454862117767334
10X_P7_6_CCTAAAGAGTATGACA,3-F-56,B cell,0,B cell,1.5680869,3.1280491,5673,0.4445803463459015
10X_P7_6_CCTAAAGCAAACGTGG,3-F-56,B cell,0,B cell,-1.5003823,3.974655,5674,0.6446046829223633
10X_P7_6_CCTAAAGCAATACGCT,3-F-56,dendritic cell,8,dendritic cell,3.5776763,17.849195,5675,3.3376903533935547
10X_P7_6_CCTAAAGCACACTGCG,3-F-56,B cell,2,Unmatched_2,24.948355,1.9623492,5676,1.7165348529815674
10X_P7_6_CCTAAAGCACATGACT,3-F-56,T cell,5,natural killer cell,30.155878,-0.5322162,5677,1.2594205141067505
10X_P7_6_CCTAAAGCACTCTGTC,3-F-56,B cell,1,Unmatched_1,-2.0300772,4.166378,5678,0.9148125052452089
10X_P7_6_CCTAAAGCAGCGAACA,3-F-56,B cell,0,B cell,2.3255792,2.551027,5679,0.6442248821258545
10X_P7_6_CCTAAAGCATATACGC,3-F-56,B cell,0,B cell,-0.05839422,5.1438866,5680,1.3890597820281982
10X_P7_6_CCTAAAGCATCACGTA,3-F-56,B cell,0,B cell,-1.3522909,3.5590718,5681,1.3329095840454102
10X_P7_6_CCTAAAGGTGCACTTA,3-F-56,B cell,0,B cell,2.6740303,6.897518,5682,0.5377200245857239
10X_P7_6_CCTAAAGGTTGATTGC,3-F-56,B cell,0,B cell,1.8201109,5.8790464,5683,0.7439100742340088
10X_P7_6_CCTAAAGTCACCCTCA,3-F-56,B cell,1,Unmatched_1,3.2026517,8.201714,5684,0.6203161478042603
10X_P7_6_CCTAAAGTCAGCAACT,3-F-56,T cell,5,natural killer cell,30.05836,-0.6148309,5685,1.4121958017349243
10X_P7_6_CCTACACAGAAGCCCA,3-F-56,B cell,1,Unmatched_1,3.4459226,8.113699,5686,0.4449404180049896
10X_P7_6_CCTACACAGACATAAC,3-F-56,macrophage,4,macrophage,5.229076,16.124445,5687,3.152616500854492
10X_P7_6_CCTACACAGTCAAGCG,3-F-56,T cell,5,natural killer cell,29.957357,-0.72521544,5688,1.6287096738815308
10X_P7_6_CCTACACAGTGGAGTC,3-F-56,B cell,0,B cell,1.5963098,2.7887077,5689,0.774074137210846
10X_P7_6_CCTACACAGTTATCGC,3-F-56,macrophage,4,macrophage,3.6820958,15.702785,5690,1.6742277145385742
10X_P7_6_CCTACACCAGTCTTCC,3-F-56,T cell,3,T cell,25.741518,-1.0376763,5691,0.7693749070167542
10X_P7_6_CCTACACCATAGGATA,3-F-56,B cell,0,B cell,2.1329038,2.5835283,5692,0.4090767502784729
10X_P7_6_CCTACACGTACTTAGC,3-F-56,B cell,0,B cell,0.488704,5.5277042,5693,0.5320633053779602
10X_P7_6_CCTACACGTGGTACAG,3-F-56,T cell,5,natural killer cell,29.75992,-0.8803284,5694,2.764822483062744
10X_P7_6_CCTACACGTGTGGCTC,3-F-56,B cell,0,B cell,1.5082716,4.683371,5695,0.6147043108940125
10X_P7_6_CCTACACGTTGTCGCG,3-F-56,B cell,1,Unmatched_1,3.2788186,8.349442,5696,0.5010718703269958
10X_P7_6_CCTACACTCACATAGC,3-F-56,T cell,2,Unmatched_2,27.19594,1.1793201,5697,0.6769053936004639
10X_P7_6_CCTACACTCACGGTTA,3-F-56,B cell,0,B cell,0.98298424,5.3120503,5698,1.1616913080215454
10X_P7_6_CCTACACTCCTCGCAT,3-F-56,B cell,0,B cell,1.6917839,7.060591,5699,0.7945258617401123
10X_P7_6_CCTACACTCGACAGCC,3-F-56,B cell,0,B cell,1.01582,4.618628,5700,0.5333642363548279
10X_P7_6_CCTACACTCGAGCCCA,3-F-56,B cell,1,Unmatched_1,2.825974,7.6220474,5701,0.4335473775863647
10X_P7_6_CCTACCAAGACTAGGC,3-F-56,B cell,0,B cell,1.6482227,6.7458625,5702,1.386883020401001
10X_P7_6_CCTACCACAGTAGAGC,3-F-56,B cell,0,B cell,1.5721842,2.4298952,5703,0.6585124135017395
10X_P7_6_CCTACCACATTTGCCC,3-F-56,B cell,1,Unmatched_1,3.223419,8.283959,5704,0.4807881116867065
10X_P7_6_CCTACCAGTCATACTG,3-F-56,B cell,0,B cell,2.0981596,5.008119,5705,1.2968357801437378
10X_P7_6_CCTACCAGTCCGTCAG,3-F-56,B cell,0,B cell,1.8909338,2.1536152,5706,0.5691606402397156
10X_P7_6_CCTACCAGTCCGTGAC,3-F-56,macrophage,6,Unmatched_6,28.88105,-0.5733214,5707,2.8429431915283203
10X_P7_6_CCTACCATCAAGGCTT,3-F-56,B cell,0,B cell,0.6152987,4.243103,5708,0.4825551211833954
10X_P7_6_CCTACCATCACTATTC,3-F-56,B cell,0,B cell,-0.8627078,5.8342957,5709,1.569706678390503
10X_P7_6_CCTACCATCATGTCTT,3-F-56,B cell,0,B cell,-0.7980137,4.769446,5710,1.0478123426437378
10X_P7_6_CCTACCATCCTTGCCA,3-F-56,B cell,1,Unmatched_1,4.7541566,7.1312885,5711,0.8106012344360352
10X_P7_6_CCTACCATCGTACCGG,3-F-56,B cell,1,Unmatched_1,2.9199245,7.885817,5712,0.4391001462936401
10X_P7_6_CCTACCATCTTCAACT,3-F-56,B cell,0,B cell,-2.0566025,5.5257535,5713,1.4890707731246948
10X_P7_6_CCTACCATCTTCATGT,3-F-56,T cell,2,Unmatched_2,29.076723,1.0736643,5714,0.9235267639160156
10X_P7_6_CCTAGCTAGACCGGAT,3-F-56,B cell,1,Unmatched_1,2.4215965,8.524589,5715,0.551080584526062
10X_P7_6_CCTAGCTAGCATGGCA,3-F-56,B cell,0,B cell,2.6250536,6.129088,5716,0.6206371188163757
10X_P7_6_CCTAGCTAGCCCAATT,3-F-56,B cell,0,B cell,1.0778006,6.2892594,5717,1.0135927200317385
10X_P7_6_CCTAGCTAGGGTGTTG,3-F-56,B cell,0,B cell,1.0102743,3.5868683,5718,1.3348830938339231
10X_P7_6_CCTAGCTCAAATACAG,3-F-56,T cell,2,Unmatched_2,26.936308,0.536333,5719,0.5638827085494995
10X_P7_6_CCTAGCTCAAGGTTTC,3-F-56,B cell,1,Unmatched_1,2.033351,7.745146,5720,0.8057582974433899
10X_P7_6_CCTAGCTCACCGGAAA,3-F-56,B cell,7,Unmatched_7,3.9614022,13.2648735,5721,0.9931381344795228
10X_P7_6_CCTAGCTCAGGATCGA,3-F-56,T cell,2,Unmatched_2,27.66967,1.1106931,5722,0.5247954726219177
10X_P7_6_CCTAGCTCAGTCAGAG,3-F-56,B cell,0,B cell,-0.535826,2.8088248,5723,0.8034113645553589
10X_P7_6_CCTAGCTCATCCAACA,3-F-56,B cell,0,B cell,1.5982997,5.969119,5724,0.7895197868347168
10X_P7_6_CCTAGCTCATTAGCCA,3-F-56,B cell,0,B cell,2.5502,2.9462852,5725,0.6509003639221191
10X_P7_6_CCTAGCTGTAAATACG,3-F-56,B cell,0,B cell,0.35281718,3.8415852,5726,0.8234413862228394
10X_P7_6_CCTAGCTGTAAGGGCT,3-F-56,B cell,0,B cell,-0.49743348,4.2163086,5727,0.436872273683548
10X_P7_6_CCTAGCTGTAGCGTAG,3-F-56,B cell,1,Unmatched_1,2.6780484,8.374363,5728,0.4086862504482269
10X_P7_6_CCTAGCTGTCAGAGGT,3-F-56,B cell,0,B cell,-0.079135895,3.4179742,5729,0.4445644021034241
10X_P7_6_CCTAGCTGTCTCAACA,3-F-56,B cell,0,B cell,0.6822959,6.536807,5730,1.021016240119934
10X_P7_6_CCTAGCTTCACCTCGT,3-F-56,B cell,0,B cell,0.4191288,4.216284,5731,0.4018693566322326
10X_P7_6_CCTAGCTTCTCTAGGA,3-F-56,B cell,0,B cell,2.6564898,2.9746814,5732,0.584804356098175
10X_P7_6_CCTAGCTTCTTCATGT,3-F-56,B cell,2,Unmatched_2,25.18039,2.1439905,5733,1.4677608013153076
10X_P7_6_CCTATTAAGAGGTTGC,3-F-56,B cell,0,B cell,1.1275939,4.147594,5734,0.5936836004257202
10X_P7_6_CCTATTACAAATCCGT,3-F-56,T cell,2,Unmatched_2,29.159935,0.96811354,5735,1.1504002809524536
10X_P7_6_CCTATTACAATCAGAA,3-F-56,macrophage,4,macrophage,5.2404523,16.150293,5736,2.5012147426605225
10X_P7_6_CCTATTACACGAAATA,3-F-56,B cell,0,B cell,2.8695056,3.871209,5737,0.8651962876319885
10X_P7_6_CCTATTAGTAAGCACG,3-F-56,B cell,0,B cell,-0.011121843,3.9825208,5738,0.7103262543678284
10X_P7_6_CCTATTAGTCCCTTGT,3-F-56,B cell,0,B cell,0.27846745,7.8308873,5739,0.891719400882721
10X_P7_6_CCTATTAGTCCGTTAA,3-F-56,T cell,3,T cell,28.436129,-1.1302445,5740,1.3746535778045654
10X_P7_6_CCTATTAGTGAAAGAG,3-F-56,B cell,0,B cell,0.8835959,2.2218778,5741,0.7880276441574097
10X_P7_6_CCTCAGTAGCTGAACG,3-F-56,macrophage,4,macrophage,4.913763,16.276743,5742,2.611051321029663
10X_P7_6_CCTCAGTAGTAGATGT,3-F-56,B cell,0,B cell,1.8095621,2.2796142,5743,0.6500023007392883
10X_P7_6_CCTCAGTAGTTAGCGG,3-F-56,B cell,6,Unmatched_6,0.18887639,11.414283,5744,1.901577711105347
10X_P7_6_CCTCAGTCACGGATAG,3-F-56,T cell,3,T cell,28.694244,-0.35343906,5745,1.9456912279129028
10X_P7_6_CCTCAGTCAGCTGTTA,3-F-56,B cell,0,B cell,2.2614183,2.988011,5746,0.534674346446991
10X_P7_6_CCTCAGTCATTTGCCC,3-F-56,B cell,0,B cell,-0.029540947,2.8241432,5747,0.8223258852958679
10X_P7_6_CCTCAGTGTCATCCCT,3-F-56,T cell,5,natural killer cell,30.291584,-1.3264434,5748,3.151350736618042
10X_P7_6_CCTCAGTGTCCAGTGC,3-F-56,B cell,0,B cell,2.12875,3.947023,5749,0.6977397203445435
10X_P7_6_CCTCAGTGTCCGTCAG,3-F-56,B cell,0,B cell,1.4946843,3.564491,5750,0.7100483775138855
10X_P7_6_CCTCAGTGTGCGGTAA,3-F-56,B cell,0,B cell,2.0777886,5.94257,5751,0.5945152044296265
10X_P7_6_CCTCAGTGTTAAAGTG,3-F-56,B cell,0,B cell,-0.17343569,4.9434166,5752,0.5357763171195984
10X_P7_6_CCTCAGTTCAACGAAA,3-F-56,B cell,0,B cell,0.42475718,7.133429,5753,0.6345970630645752
10X_P7_6_CCTCAGTTCCATGAGT,3-F-56,B cell,0,B cell,2.08715,7.322686,5754,0.7069307565689087
10X_P7_6_CCTCAGTTCCCGACTT,3-F-56,B cell,0,B cell,3.1507337,4.505467,5755,0.7033025026321411
10X_P7_6_CCTCAGTTCCGTAGGC,3-F-56,macrophage,4,macrophage,5.3335133,16.188036,5756,1.9931169748306277
10X_P7_6_CCTCAGTTCGATAGAA,3-F-56,B cell,0,B cell,0.353077,5.236793,5757,0.5203643441200256
10X_P7_6_CCTCTGAAGAATGTTG,3-F-56,T cell,3,T cell,26.349249,-0.575724,5758,0.9267462491989136
10X_P7_6_CCTCTGAAGAATTGTG,3-F-56,B cell,1,Unmatched_1,2.3396595,7.05444,5759,0.5267928242683411
10X_P7_6_CCTCTGAAGACCCACC,3-F-56,T cell,2,Unmatched_2,28.594452,0.22292836,5760,0.9852022528648376
10X_P7_6_CCTCTGAAGAGCTGGT,3-F-56,B cell,0,B cell,-0.24021657,4.247392,5761,0.6414461135864258
10X_P7_6_CCTCTGAAGGGAAACA,3-F-56,T cell,2,Unmatched_2,29.170162,1.0177711,5762,1.0665452480316162
10X_P7_6_CCTCTGACAAGACGTG,3-F-56,T cell,2,Unmatched_2,28.679,0.09187057,5763,1.544580340385437
10X_P7_6_CCTCTGACAGACGCAA,3-F-56,macrophage,4,macrophage,3.6758108,15.738174,5764,1.5782465934753418
10X_P7_6_CCTCTGACAGGGCATA,3-F-56,T cell,3,T cell,27.45695,-0.81802315,5765,1.2263940572738647
10X_P7_6_CCTCTGACAGTCAGCC,3-F-56,B cell,0,B cell,2.890817,5.032126,5766,0.9809581637382508
10X_P7_6_CCTCTGAGTACAGTGG,3-F-56,T cell,3,T cell,26.125221,-0.29375523,5767,0.949264407157898
10X_P7_6_CCTCTGAGTATTACCG,3-F-56,T cell,3,T cell,26.88916,-0.39906746,5768,0.8220434188842773
10X_P7_6_CCTCTGAGTTGATTCG,3-F-56,macrophage,4,macrophage,3.6022341,15.810958,5769,1.4939371347427368
10X_P7_6_CCTCTGATCAACGGCC,3-F-56,B cell,0,B cell,0.20736964,3.9950192,5770,0.5319550037384033
10X_P7_6_CCTCTGATCCCTTGTG,3-F-56,B cell,0,B cell,1.6819938,2.195134,5771,0.9819784164428712
10X_P7_6_CCTCTGATCCGCAAGC,3-F-56,B cell,0,B cell,-0.3891687,4.3217697,5772,0.8401193022727966
10X_P7_6_CCTCTGATCTCGTTTA,3-F-56,B cell,0,B cell,0.2887798,7.842197,5773,1.6552155017852783
10X_P7_6_CCTTACGAGAATTCCC,3-F-56,B cell,0,B cell,2.467308,6.732466,5774,1.0302139520645142
10X_P7_6_CCTTACGAGAGTAATC,3-F-56,B cell,0,B cell,-1.6467069,5.190284,5775,1.105964422225952
10X_P7_6_CCTTACGAGGAATTAC,3-F-56,macrophage,4,macrophage,4.833111,16.2717,5776,3.1481738090515137
10X_P7_6_CCTTACGAGGCATGGT,3-F-56,natural killer cell,5,natural killer cell,31.058256,-2.445302,5777,1.9857511520385744
10X_P7_6_CCTTACGAGGCCATAG,3-F-56,B cell,0,B cell,2.8711398,4.62698,5778,0.6551454067230225
10X_P7_6_CCTTACGCAAAGGCGT,3-F-56,B cell,0,B cell,1.8442776,2.9410243,5779,0.6247000098228455
10X_P7_6_CCTTACGCAGACAAGC,3-F-56,T cell,2,Unmatched_2,27.415592,1.3092573,5780,0.8192079067230225
10X_P7_6_CCTTACGCAGGCAGTA,3-F-56,B cell,0,B cell,2.7398474,6.1060653,5781,0.950407087802887
10X_P7_6_CCTTACGGTATAGGTA,3-F-56,B cell,0,B cell,1.9066908,7.4486027,5782,0.8962259888648987
10X_P7_6_CCTTACGGTTCCAACA,3-F-56,T cell,2,Unmatched_2,29.456434,0.9939258,5783,1.4167425632476809
10X_P7_6_CCTTACGGTTGGACCC,3-F-56,B cell,0,B cell,2.7324781,3.316734,5784,0.4615132212638855
10X_P7_6_CCTTACGTCCTCAACC,3-F-56,natural killer cell,5,natural killer cell,30.06822,-1.2823269,5785,3.3355863094329834
10X_P7_6_CCTTCCCAGCTGTTCA,3-F-56,B cell,0,B cell,2.1232877,2.6710556,5786,0.4405871331691742
10X_P7_6_CCTTCCCAGGACAGCT,3-F-56,T cell,2,Unmatched_2,27.519922,1.067277,5787,0.5251995921134949
10X_P7_6_CCTTCCCAGGAGTAGA,3-F-56,B cell,0,B cell,2.147968,6.1550074,5788,0.7321456074714661
10X_P7_6_CCTTCCCAGGTGTGGT,3-F-56,B cell,0,B cell,0.5789432,5.038312,5789,0.4177063405513763
10X_P7_6_CCTTCCCCAGTAACGG,3-F-56,B cell,0,B cell,1.7010926,4.7668843,5790,0.755418598651886
10X_P7_6_CCTTCCCCATAAAGGT,3-F-56,B cell,0,B cell,0.5656211,2.799163,5791,1.9261572360992432
10X_P7_6_CCTTCCCTCACTTCAT,3-F-56,T cell,3,T cell,25.701738,-0.58163685,5792,0.568438708782196
10X_P7_6_CCTTCCCTCAGTTAGC,3-F-56,B cell,0,B cell,1.0282676,2.010338,5793,1.26008141040802
10X_P7_6_CCTTCCCTCCTGCAGG,3-F-56,T cell,3,T cell,26.14689,-1.2521662,5794,0.5926417112350464
10X_P7_6_CCTTCCCTCGTAGATC,3-F-56,B cell,0,B cell,0.015334092,4.6986375,5795,0.4676446318626404
10X_P7_6_CCTTCGACAACTGGCC,3-F-56,B cell,1,Unmatched_1,4.742292,7.2478266,5796,1.107861876487732
10X_P7_6_CCTTCGACACAACTGT,3-F-56,B cell,0,B cell,0.3784696,4.4487834,5797,0.4829771816730499
10X_P7_6_CCTTCGACATCTATGG,3-F-56,B cell,1,Unmatched_1,3.1508374,8.14281,5798,0.5511006116867065
10X_P7_6_CCTTCGAGTCAACTGT,3-F-56,B cell,0,B cell,1.7816232,6.087068,5799,0.9385315775871276
10X_P7_6_CCTTCGAGTCGCATCG,3-F-56,T cell,3,T cell,28.052338,-1.1062077,5800,1.5195295810699463
10X_P7_6_CCTTCGAGTCGCTTCT,3-F-56,B cell,1,Unmatched_1,-2.591446,4.042919,5801,0.9706583619117736
10X_P7_6_CCTTCGAGTCTAGTGT,3-F-56,B cell,0,B cell,2.6811202,2.5545273,5802,0.5682554841041565
10X_P7_6_CCTTCGATCCGTAGGC,3-F-56,B cell,0,B cell,1.3953866,2.8500702,5803,0.6781039834022522
10X_P7_6_CCTTCGATCGTACCGG,3-F-56,T cell,3,T cell,25.45953,-0.66331846,5804,1.0042935609817505
10X_P7_6_CCTTTCTAGAACAATC,3-F-56,B cell,0,B cell,1.3817716,3.099727,5805,0.5146141052246094
10X_P7_6_CCTTTCTAGAAGGGTA,3-F-56,B cell,0,B cell,1.0071313,3.4708195,5806,0.511601984500885
10X_P7_6_CCTTTCTAGCTCTCGG,3-F-56,natural killer cell,5,natural killer cell,31.09817,-2.362741,5807,1.8834260702133176
10X_P7_6_CCTTTCTCATCACCCT,3-F-56,B cell,1,Unmatched_1,3.1220531,8.3972845,5808,0.643890380859375
10X_P7_6_CCTTTCTCATCCTAGA,3-F-56,T cell,2,Unmatched_2,27.395555,1.2723141,5809,0.9831005334854126
10X_P7_6_CCTTTCTGTAACGCGA,3-F-56,B cell,0,B cell,0.826011,3.9612641,5810,0.7021737694740295
10X_P7_6_CCTTTCTGTCGAACAG,3-F-56,B cell,1,Unmatched_1,3.5089936,7.9619074,5811,0.662996768951416
10X_P7_6_CCTTTCTGTCGCGTGT,3-F-56,T cell,3,T cell,26.862825,-1.1223212,5812,0.7714998126029968
10X_P7_6_CCTTTCTGTGGAAAGA,3-F-56,T cell,2,Unmatched_2,26.860214,0.39347476,5813,0.7529566884040833
10X_P7_6_CCTTTCTTCAGAAATG,3-F-56,B cell,0,B cell,-0.04263432,4.5909147,5814,0.617884635925293
10X_P7_6_CCTTTCTTCGATGAGG,3-F-56,B cell,0,B cell,2.4773242,5.427222,5815,0.9105693101882936
10X_P7_6_CCTTTCTTCTCTAAGG,3-F-56,T cell,2,Unmatched_2,29.08047,1.0830239,5816,1.954410433769226
10X_P7_6_CGAACATAGCGACGTA,3-F-56,B cell,1,Unmatched_1,3.0722332,8.6063,5817,0.8332660794258118
10X_P7_6_CGAACATAGGACATTA,3-F-56,T cell,3,T cell,28.359516,-1.3500841,5818,1.0104107856750488
10X_P7_6_CGAACATCACACCGCA,3-F-56,B cell,2,Unmatched_2,25.221436,2.1658673,5819,0.9868564009666444
10X_P7_6_CGAACATCATGTTCCC,3-F-56,B cell,0,B cell,2.6447294,2.7114859,5820,0.6395817995071411
10X_P7_6_CGAACATGTAAGTGGC,3-F-56,B cell,6,Unmatched_6,0.2592012,11.280181,5821,2.851917266845703
10X_P7_6_CGAACATGTGATGCCC,3-F-56,T cell,2,Unmatched_2,28.812897,0.15204082,5822,1.9446901082992556
10X_P7_6_CGAACATGTTCCATGA,3-F-56,macrophage,4,macrophage,5.3430424,16.162895,5823,2.343785762786865
10X_P7_6_CGAACATGTTCCTCCA,3-F-56,B cell,0,B cell,1.9647223,2.045576,5824,0.5666993856430054
10X_P7_6_CGAACATGTTCGTCTC,3-F-56,B cell,0,B cell,0.51587033,5.7555313,5825,0.6531704068183899
10X_P7_6_CGAACATTCAAAGTAG,3-F-56,B cell,1,Unmatched_1,1.8026502,7.3196526,5826,0.9890149235725404
10X_P7_6_CGAACATTCAATCACG,3-F-56,B cell,0,B cell,1.6006233,6.4417076,5827,0.8227996826171875
10X_P7_6_CGAACATTCGTGGTCG,3-F-56,B cell,1,Unmatched_1,3.211283,7.7525897,5828,0.458981454372406
10X_P7_6_CGAACATTCGTTTGCC,3-F-56,T cell,3,T cell,26.304914,-1.1885059,5829,0.6422724723815918
10X_P7_6_CGAACATTCTCACATT,3-F-56,T cell,3,T cell,26.353197,-0.47972837,5830,0.5310876369476318
10X_P7_6_CGAACATTCTGAGTGT,3-F-56,macrophage,4,macrophage,2.7303174,16.293695,5831,2.7333638668060303
10X_P7_6_CGAACATTCTGGCGTG,3-F-56,B cell,0,B cell,1.0412792,2.3225152,5832,1.0943646430969238
10X_P7_6_CGAATGTAGAAACCGC,3-F-56,B cell,0,B cell,2.7967818,4.686375,5833,0.9286580681800842
10X_P7_6_CGAATGTAGAACAATC,3-F-56,B cell,0,B cell,0.65251666,2.4916387,5834,1.1298867464065552
10X_P7_6_CGAATGTAGTCAAGGC,3-F-56,B cell,1,Unmatched_1,2.122289,7.74908,5835,0.8197781443595886
10X_P7_6_CGAATGTAGTCGATAA,3-F-56,T cell,3,T cell,28.427559,-1.4791541,5836,1.0088450908660889
10X_P7_6_CGAATGTCAAAGGTGC,3-F-56,B cell,0,B cell,1.116086,4.070483,5837,0.5527618527412415
10X_P7_6_CGAATGTCACAGGCCT,3-F-56,B cell,0,B cell,-0.4378782,3.9504209,5838,0.9749201536178588
10X_P7_6_CGAATGTCAGCTGCTG,3-F-56,B cell,1,Unmatched_1,2.8822625,7.9936624,5839,0.5208034515380859
10X_P7_6_CGACCTTAGAGAACAG,3-F-56,natural killer cell,5,natural killer cell,30.699781,-1.5778328,5840,2.453088760375977
10X_P7_6_CGACCTTAGCCAGTTT,3-F-56,T cell,3,T cell,25.663534,-0.8369097,5841,1.295148491859436
10X_P7_6_CGACCTTAGGTGCTTT,3-F-56,natural killer cell,5,natural killer cell,30.607658,-1.5275339,5842,2.692680597305298
10X_P7_6_CGACCTTCACATCCGG,3-F-56,B cell,0,B cell,0.008856795,3.158997,5843,0.6973885893821716
10X_P7_6_CGACCTTCACATCTTT,3-F-56,B cell,0,B cell,2.7692368,4.7074866,5844,1.2234715223312378
10X_P7_6_CGACCTTCAGGTGGAT,3-F-56,B cell,0,B cell,2.5066926,2.6842697,5845,0.4045349955558777
10X_P7_6_CGACCTTCAGTAACGG,3-F-56,B cell,0,B cell,1.8577235,5.6772013,5846,1.0960407257080078
10X_P7_6_CGACCTTGTCCGCTGA,3-F-56,B cell,1,Unmatched_1,3.7970765,7.8104925,5847,0.6174622774124146
10X_P7_6_CGACCTTGTCTGATTG,3-F-56,B cell,0,B cell,1.9390742,3.8430781,5848,0.5070444345474243
10X_P7_6_CGACCTTGTGGCAAAC,3-F-56,B cell,0,B cell,1.4955572,7.00185,5849,0.8214091658592224
10X_P7_6_CGACCTTGTGTGGTTT,3-F-56,B cell,0,B cell,-1.8088737,5.2733536,5850,1.0763959884643557
10X_P7_6_CGACCTTTCTACCTGC,3-F-56,B cell,0,B cell,1.5839937,2.484876,5851,0.7428603172302246
10X_P7_6_CGACCTTTCTGAGGGA,3-F-56,B cell,0,B cell,2.6263456,6.3148794,5852,1.0052142143249512
10X_P7_6_CGACTTCAGCAGCCTC,3-F-56,B cell,0,B cell,0.6491027,7.3311896,5853,1.0235940217971802
10X_P7_6_CGACTTCAGCGTAATA,3-F-56,B cell,1,Unmatched_1,3.96337,7.6395135,5854,0.7621878385543823
10X_P7_6_CGACTTCAGGCAATTA,3-F-56,B cell,0,B cell,1.4556755,2.8933537,5855,0.5336933732032776
10X_P7_6_CGACTTCAGGGTTTCT,3-F-56,B cell,0,B cell,2.8342369,5.080599,5856,0.716192364692688
10X_P7_6_CGACTTCGTACACCGC,3-F-56,B cell,0,B cell,0.81906635,4.0512204,5857,0.5763459205627441
10X_P7_6_CGACTTCGTCGACTGC,3-F-56,B cell,0,B cell,-0.1035724,4.585978,5858,0.4747860133647918
10X_P7_6_CGACTTCGTTATGTGC,3-F-56,T cell,2,Unmatched_2,27.465559,1.3601803,5859,0.8344082832336426
10X_P7_6_CGACTTCGTTGCGTTA,3-F-56,B cell,0,B cell,0.78702,2.708249,5860,0.7900577187538147
10X_P7_6_CGACTTCTCATTCACT,3-F-56,T cell,2,Unmatched_2,27.304976,0.6076249,5861,0.7016736268997192
10X_P7_6_CGACTTCTCCCGGATG,3-F-56,B cell,0,B cell,0.72206116,7.9595466,5862,0.9678279161453248
10X_P7_6_CGACTTCTCGCCCTTA,3-F-56,T cell,3,T cell,28.177748,-1.4807485,5863,1.0598394870758057
10X_P7_6_CGACTTCTCTGGTATG,3-F-56,B cell,1,Unmatched_1,3.0325944,8.07287,5864,0.4364646077156067
10X_P7_6_CGACTTCTCTTCGGTC,3-F-56,B cell,0,B cell,2.1299782,2.6454346,5865,0.6288294196128845
10X_P7_6_CGAGAAGAGAGTGACC,3-F-56,B cell,0,B cell,1.6715789,6.045773,5866,0.765835702419281
10X_P7_6_CGAGAAGAGCAGCCTC,3-F-56,B cell,0,B cell,1.7528758,6.7964306,5867,0.8777987360954285
10X_P7_6_CGAGAAGCAATGAATG,3-F-56,B cell,0,B cell,0.8217805,3.296007,5868,0.8438198566436768
10X_P7_6_CGAGAAGCACAACGCC,3-F-56,B cell,0,B cell,0.07815923,7.0946093,5869,0.7901033759117126
10X_P7_6_CGAGAAGCAGCTTAAC,3-F-56,T cell,3,T cell,26.333092,-1.2076842,5870,0.6062113046646118
10X_P7_6_CGAGAAGTCAATAAGG,3-F-56,B cell,0,B cell,3.5912492,6.182955,5871,0.5809102058410645
10X_P7_6_CGAGAAGTCACAGGCC,3-F-56,B cell,0,B cell,2.3901546,4.799802,5872,0.8522124290466309
10X_P7_6_CGAGAAGTCGTCTGCT,3-F-56,B cell,1,Unmatched_1,2.7752616,7.9777794,5873,0.4373266398906708
10X_P7_6_CGAGCACCAAAGTGCG,3-F-56,B cell,6,Unmatched_6,0.74216413,11.469501,5874,5.334986209869385
10X_P7_6_CGAGCACCAAGCCATT,3-F-56,B cell,0,B cell,2.4991052,2.7791178,5875,0.515068531036377
10X_P7_6_CGAGCACCACACATGT,3-F-56,B cell,0,B cell,0.92946905,4.9958415,5876,0.667584240436554
10X_P7_6_CGAGCACCAGTCGATT,3-F-56,B cell,0,B cell,1.3104583,4.043148,5877,0.7022367715835571
10X_P7_6_CGAGCACCATCCTAGA,3-F-56,B cell,0,B cell,-1.0106283,3.5603168,5878,0.8283237218856812
10X_P7_6_CGAGCACCATTTGCCC,3-F-56,B cell,1,Unmatched_1,-2.6839268,4.057756,5879,0.8039638996124268
10X_P7_6_CGAGCACGTAGCGTAG,3-F-56,T cell,3,T cell,26.452255,-0.7883601,5880,0.5954941511154175
10X_P7_6_CGAGCACGTAGGCTGA,3-F-56,T cell,2,Unmatched_2,28.523464,0.27419996,5881,1.0553323030471802
10X_P7_6_CGAGCACGTCGGCTCA,3-F-56,B cell,1,Unmatched_1,3.5239217,8.632821,5882,0.7669380307197571
10X_P7_6_CGAGCACGTCGGGTCT,3-F-56,B cell,0,B cell,0.22516519,4.5509224,5883,0.4988965690135956
10X_P7_6_CGAGCACGTGGTACAG,3-F-56,B cell,0,B cell,0.61387783,7.055586,5884,0.8722546100616455
10X_P7_6_CGAGCACGTGTGGCTC,3-F-56,B cell,0,B cell,2.450177,4.7104087,5885,0.7046319842338562
10X_P7_6_CGAGCACTCAAGGCTT,3-F-56,B cell,0,B cell,0.6148787,5.321876,5886,0.9799681305885316
10X_P7_6_CGAGCACTCGCTAGCG,3-F-56,B cell,0,B cell,-0.21192636,5.0874176,5887,0.5099480748176575
10X_P7_6_CGAGCACTCTGTACGA,3-F-56,B cell,0,B cell,0.4094922,4.2692447,5888,0.715448260307312
10X_P7_6_CGAGCACTCTTGTACT,3-F-56,B cell,0,B cell,2.0448732,3.613177,5889,0.7027665376663208
10X_P7_6_CGAGCCAAGATCCGAG,3-F-56,B cell,1,Unmatched_1,4.7590055,7.008033,5890,1.0493526458740234
10X_P7_6_CGAGCCAAGCGTAATA,3-F-56,T cell,2,Unmatched_2,26.857033,0.48280808,5891,0.694083034992218
10X_P7_6_CGAGCCAAGGACTGGT,3-F-56,B cell,0,B cell,0.106521346,7.007501,5892,0.9382922053337096
10X_P7_6_CGAGCCAAGGTGCTAG,3-F-56,B cell,0,B cell,2.6202931,2.875084,5893,0.4628483653068542
10X_P7_6_CGAGCCAAGTCCTCCT,3-F-56,B cell,1,Unmatched_1,3.0540736,8.611594,5894,0.5842609405517578
10X_P7_6_CGAGCCACAATCCGAT,3-F-56,T cell,3,T cell,26.722307,-0.13536194,5895,0.8071883320808411
10X_P7_6_CGAGCCACACGCTTTC,3-F-56,B cell,0,B cell,2.67325,4.0468497,5896,0.913953423500061
10X_P7_6_CGAGCCACACTGTGTA,3-F-56,T cell,3,T cell,28.196566,-1.5219903,5897,0.9690636992454528
10X_P7_6_CGAGCCACATTTGCCC,3-F-56,B cell,0,B cell,1.1268035,2.8605223,5898,0.6508881449699402
10X_P7_6_CGAGCCAGTACCGTAT,3-F-56,B cell,0,B cell,0.4528427,4.5971913,5899,0.5712563395500183
10X_P7_6_CGAGCCAGTCACTGGC,3-F-56,B cell,0,B cell,1.8033501,2.5949557,5900,0.532280683517456
10X_P7_6_CGAGCCAGTCCATCCT,3-F-56,B cell,0,B cell,0.8828707,3.324291,5901,0.8465169072151184
10X_P7_6_CGAGCCAGTCGCATAT,3-F-56,T cell,3,T cell,25.844976,-0.18572147,5902,0.7445181012153625
10X_P7_6_CGAGCCATCAAAGACA,3-F-56,B cell,0,B cell,1.6645492,6.92888,5903,1.3188601732254028
10X_P7_6_CGAGCCATCATGGTCA,3-F-56,B cell,1,Unmatched_1,3.0082304,7.3301463,5904,1.1923692226409912
10X_P7_6_CGAGCCATCCCATTAT,3-F-56,T cell,2,Unmatched_2,28.45309,0.28104234,5905,1.662903070449829
10X_P7_6_CGATCGGAGCATCATC,3-F-56,B cell,0,B cell,1.3975883,1.9539024,5906,0.79302978515625
10X_P7_6_CGATCGGAGGACTGGT,3-F-56,B cell,0,B cell,0.19422346,4.983948,5907,0.7603487372398376
10X_P7_6_CGATCGGAGGTGATAT,3-F-56,B cell,1,Unmatched_1,3.2042444,8.339448,5908,0.4192452430725097
10X_P7_6_CGATCGGCACCAGGTC,3-F-56,B cell,0,B cell,0.62509453,4.0519114,5909,0.4651094675064087
10X_P7_6_CGATCGGCACTGCCAG,3-F-56,B cell,0,B cell,0.8898815,4.0798073,5910,0.5371909141540527
10X_P7_6_CGATCGGCAGCTGTGC,3-F-56,T cell,3,T cell,26.375883,-1.0541543,5911,0.596841037273407
10X_P7_6_CGATCGGCAGTGAGTG,3-F-56,B cell,1,Unmatched_1,2.1237657,7.007419,5912,0.6002076864242554
10X_P7_6_CGATCGGCATATACCG,3-F-56,B cell,0,B cell,1.3111078,4.7190666,5913,0.8481215238571167
10X_P7_6_CGATCGGGTACTCTCC,3-F-56,B cell,0,B cell,1.9731512,7.117441,5914,0.5684066414833069
10X_P7_6_CGATCGGGTCATGCCG,3-F-56,B cell,0,B cell,-0.7242508,5.257029,5915,0.5894908308982849
10X_P7_6_CGATCGGGTCGGCATC,3-F-56,T cell,2,Unmatched_2,27.290451,1.2643521,5916,0.6661375164985657
10X_P7_6_CGATCGGGTGAGCGAT,3-F-56,B cell,0,B cell,1.379175,3.5583303,5917,0.4808408617973327
10X_P7_6_CGATCGGTCACTTACT,3-F-56,B cell,2,Unmatched_2,27.18564,-0.3281392,5918,2.3056070804595947
10X_P7_6_CGATCGGTCAGTTCGA,3-F-56,B cell,0,B cell,-0.7565331,3.367425,5919,0.8289861679077148
10X_P7_6_CGATCGGTCTGGAGCC,3-F-56,T cell,3,T cell,25.622581,-0.26178542,5920,0.9152096509933472
10X_P7_6_CGATGGCAGCCCTAAT,3-F-56,B cell,0,B cell,1.3472416,5.801327,5921,0.5772343873977661
10X_P7_6_CGATGGCAGGGATGGG,3-F-56,B cell,0,B cell,1.3115867,2.3188615,5922,0.8109448552131653
10X_P7_6_CGATGGCAGTACGCGA,3-F-56,T cell,2,Unmatched_2,27.293577,1.2891091,5923,0.5762490630149841
10X_P7_6_CGATGGCAGTTAGGTA,3-F-56,B cell,1,Unmatched_1,3.0219517,7.1117363,5924,1.011847734451294
10X_P7_6_CGATGGCCACCTCGGA,3-F-56,B cell,0,B cell,1.430845,2.078156,5925,0.5706201195716858
10X_P7_6_CGATGGCCACGTAAGG,3-F-56,B cell,0,B cell,-1.2037911,5.684212,5926,1.209076166152954
10X_P7_6_CGATGGCCATGGTCAT,3-F-56,B cell,0,B cell,1.5069408,3.2398038,5927,0.7378748059272766
10X_P7_6_CGATGGCCATGTTGAC,3-F-56,B cell,0,B cell,1.6005397,4.473471,5928,0.7795509696006775
10X_P7_6_CGATGGCGTAACGTTC,3-F-56,B cell,0,B cell,0.51791054,4.4505873,5929,0.8711946606636047
10X_P7_6_CGATGGCGTCATTAGC,3-F-56,B cell,0,B cell,1.3416156,2.4520624,5930,0.778710663318634
10X_P7_6_CGATGGCGTTAGAACA,3-F-56,T cell,3,T cell,25.635405,-0.13664083,5931,0.8238220810890198
10X_P7_6_CGATGGCGTTCGCGAC,3-F-56,B cell,0,B cell,2.2299583,3.7968297,5932,0.6602531671524048
10X_P7_6_CGATGGCTCAGCATGT,3-F-56,T cell,2,Unmatched_2,29.607153,0.92514783,5933,1.5275695323944092
10X_P7_6_CGATGGCTCCCTAACC,3-F-56,T cell,3,T cell,26.603989,-1.0227001,5934,1.0376006364822388
10X_P7_6_CGATGGCTCTCTAGGA,3-F-56,B cell,0,B cell,1.8377112,5.11241,5935,1.5045167207717896
10X_P7_6_CGATGTAAGACAAAGG,3-F-56,B cell,0,B cell,0.42607778,3.6140554,5936,0.5450116395950317
10X_P7_6_CGATGTAAGCCAGTAG,3-F-56,B cell,0,B cell,0.16685155,4.994656,5937,0.4221814274787903
10X_P7_6_CGATGTAAGCGATATA,3-F-56,B cell,0,B cell,1.2032955,3.6927676,5938,0.5418821573257446
10X_P7_6_CGATGTAAGCGTTCCG,3-F-56,B cell,0,B cell,3.8996067,15.414528,5939,1.3718066215515137
10X_P7_6_CGATGTAAGCTGTCTA,3-F-56,B cell,0,B cell,2.1431482,5.228125,5940,1.01881742477417
10X_P7_6_CGATGTAAGGGATGGG,3-F-56,B cell,0,B cell,1.8567089,6.77112,5941,1.3607569932937622
10X_P7_6_CGATGTAAGTGGGTTG,3-F-56,B cell,0,B cell,2.6270063,7.2888823,5942,0.4392027258872986
10X_P7_6_CGATGTAGTCAAAGAT,3-F-56,B cell,1,Unmatched_1,3.283503,7.9483914,5943,0.5423436164855957
10X_P7_6_CGATGTATCAGCTGGC,3-F-56,B cell,0,B cell,2.2721193,6.9102955,5944,0.5850068926811218
10X_P7_6_CGATGTATCCAGTAGT,3-F-56,B cell,0,B cell,-0.6349384,4.917515,5945,1.0048917531967163
10X_P7_6_CGATGTATCGAACTGT,3-F-56,T cell,3,T cell,25.674286,-0.22815625,5946,0.997790277004242
10X_P7_6_CGATTGAAGCCAGTTT,3-F-56,B cell,0,B cell,2.016714,4.1479964,5947,0.5598630905151367
10X_P7_6_CGATTGAAGGTGGGTT,3-F-56,B cell,1,Unmatched_1,3.0453842,7.6120896,5948,1.4356515407562256
10X_P7_6_CGATTGACAATTCCTT,3-F-56,T cell,3,T cell,28.636189,-1.4806826,5949,1.0737780332565308
10X_P7_6_CGATTGACAGAAGCAC,3-F-56,B cell,2,Unmatched_2,24.96324,1.9722477,5950,1.2663497924804688
10X_P7_6_CGATTGAGTAGCTTGT,3-F-56,B cell,1,Unmatched_1,2.204971,7.763248,5951,0.5359753966331482
10X_P7_6_CGATTGAGTCAGCTAT,3-F-56,T cell,2,Unmatched_2,26.637339,1.4163127,5952,1.1584007740020752
10X_P7_6_CGATTGAGTCTAGTCA,3-F-56,B cell,6,Unmatched_6,0.5393331,10.68383,5953,1.2636734247207642
10X_P7_6_CGATTGAGTTCCACAA,3-F-56,T cell,3,T cell,26.369007,-0.88662267,5954,0.6301115155220032
10X_P7_6_CGATTGAGTTGCGTTA,3-F-56,B cell,0,B cell,0.85191923,6.2856026,5955,1.04235577583313
10X_P7_6_CGATTGATCACGCATA,3-F-56,B cell,0,B cell,0.8768818,4.486328,5956,1.209850788116455
10X_P7_6_CGATTGATCAGTGCAT,3-F-56,T cell,2,Unmatched_2,27.20662,1.2016625,5957,0.5917681455612183
10X_P7_6_CGATTGATCCGCGGTA,3-F-56,T cell,3,T cell,26.281218,-1.1559072,5958,0.7892448306083679
10X_P7_6_CGATTGATCGCCGTGA,3-F-56,B cell,0,B cell,0.746822,4.0698175,5959,0.4901208281517029
10X_P7_6_CGATTGATCGCTTAGA,3-F-56,B cell,0,B cell,2.6203063,2.5128043,5960,0.5652346611022949
10X_P7_6_CGATTGATCTCTAAGG,3-F-56,B cell,0,B cell,1.063575,6.0905337,5961,0.9814358949661256
10X_P7_6_CGCCAAGAGTCTTGCA,3-F-56,B cell,1,Unmatched_1,3.6105783,8.34389,5962,0.7589764595031738
10X_P7_6_CGCCAAGCACATCCGG,3-F-56,T cell,2,Unmatched_2,26.712755,1.5082682,5963,1.18793785572052
10X_P7_6_CGCCAAGGTACCTACA,3-F-56,natural killer cell,5,natural killer cell,30.753248,-1.9208931,5964,2.389791250228882
10X_P7_6_CGCCAAGTCACTATTC,3-F-56,B cell,0,B cell,-0.23231173,3.6643875,5965,0.7035868167877197
10X_P7_6_CGCCAAGTCACTTACT,3-F-56,B cell,0,B cell,-1.2970536,5.3550363,5966,0.7981211543083191
10X_P7_6_CGCCAAGTCCGTCATC,3-F-56,macrophage,4,macrophage,3.3796687,16.018171,5967,2.0990562438964844
10X_P7_6_CGCCAAGTCGCGTTTC,3-F-56,B cell,1,Unmatched_1,2.7758648,7.629504,5968,1.0253132581710815
10X_P7_6_CGCCAAGTCTCGCATC,3-F-56,T cell,3,T cell,27.510063,-0.974486,5969,1.197343349456787
10X_P7_6_CGCGGTAAGACCGGAT,3-F-56,B cell,0,B cell,1.2958214,3.258069,5970,0.7262727618217468
10X_P7_6_CGCGGTAAGCCTATGT,3-F-56,B cell,0,B cell,2.033064,3.3611825,5971,0.5247675180435181
10X_P7_6_CGCGGTAAGCCTCGTG,3-F-56,B cell,0,B cell,0.7753842,3.114673,5972,0.7364072799682617
10X_P7_6_CGCGGTAAGCTAGTGG,3-F-56,T cell,2,Unmatched_2,27.813057,1.1100391,5973,0.6113672256469727
10X_P7_6_CGCGGTAAGTCCATAC,3-F-56,B cell,0,B cell,1.3434852,2.530228,5974,0.6380982398986816
10X_P7_6_CGCGGTACAAGCTGTT,3-F-56,B cell,0,B cell,2.3383713,4.72756,5975,1.0485056638717651
10X_P7_6_CGCGGTACACGAGAGT,3-F-56,B cell,0,B cell,0.22924075,4.8026485,5976,0.489073246717453
10X_P7_6_CGCGGTACACGCGAAA,3-F-56,macrophage,4,macrophage,3.5672095,15.862108,5977,1.849225640296936
10X_P7_6_CGCGGTACAGAAGCAC,3-F-56,B cell,1,Unmatched_1,2.9687982,8.40026,5978,0.4507721662521362
10X_P7_6_CGCGGTACAGCTGTTA,3-F-56,T cell,2,Unmatched_2,27.517721,0.56203026,5979,0.662652313709259
10X_P7_6_CGCGGTACAGTATGCT,3-F-56,T cell,2,Unmatched_2,27.115002,0.8797379,5980,0.7974698543548584
10X_P7_6_CGCGGTAGTACCAGTT,3-F-56,B cell,0,B cell,0.05455387,6.8657465,5981,1.0379694700241089
10X_P7_6_CGCGGTAGTATCAGTC,3-F-56,T cell,2,Unmatched_2,27.386847,1.1587237,5982,0.500503659248352
10X_P7_6_CGCGGTAGTCAGATAA,3-F-56,B cell,0,B cell,1.1163226,5.1760154,5983,1.1607515811920166
10X_P7_6_CGCGGTAGTCCAGTTA,3-F-56,T cell,3,T cell,25.648245,-0.3570931,5984,0.6220548152923584
10X_P7_6_CGCGGTAGTCCGAAGA,3-F-56,B cell,0,B cell,1.1784533,4.8561172,5985,0.6512132883071899
10X_P7_6_CGCGGTATCACCTTAT,3-F-56,T cell,3,T cell,26.111156,-0.5337626,5986,0.7896120548248291
10X_P7_6_CGCGGTATCCTATTCA,3-F-56,B cell,0,B cell,2.4908159,6.8980083,5987,0.7533349394798279
10X_P7_6_CGCGGTATCTCTGCTG,3-F-56,natural killer cell,5,natural killer cell,30.971386,-2.3354394,5988,1.8048216104507449
10X_P7_6_CGCGGTATCTTGTACT,3-F-56,B cell,0,B cell,2.3534079,4.4879813,5989,1.1253650188446045
10X_P7_6_CGCGTTTAGCCGGTAA,3-F-56,B cell,1,Unmatched_1,3.231324,7.694458,5990,0.9188936352729796
10X_P7_6_CGCGTTTAGGCAAAGA,3-F-56,B cell,0,B cell,1.2548727,4.2562976,5991,0.8405011296272278
10X_P7_6_CGCGTTTAGGCGATAC,3-F-56,B cell,0,B cell,-0.43524534,3.5919204,5992,0.8125935792922974
10X_P7_6_CGCGTTTCAAGAGTCG,3-F-56,B cell,0,B cell,1.7928106,2.250376,5993,0.6712677478790283
10X_P7_6_CGCGTTTCACATGGGA,3-F-56,macrophage,4,macrophage,5.3060217,16.179676,5994,2.196199655532837
10X_P7_6_CGCGTTTCACCCAGTG,3-F-56,B cell,0,B cell,-0.5190178,4.0401816,5995,0.4111886620521545
10X_P7_6_CGCGTTTCACTGTGTA,3-F-56,T cell,3,T cell,25.767803,-0.3890943,5996,0.855224072933197
10X_P7_6_CGCGTTTGTACAGTGG,3-F-56,B cell,0,B cell,0.79316443,4.775121,5997,0.4400849938392639
10X_P7_6_CGCGTTTGTTCCCGAG,3-F-56,natural killer cell,5,natural killer cell,30.69992,-2.1959994,5998,2.5932743549346924
10X_P7_6_CGCGTTTTCAGGATCT,3-F-56,B cell,0,B cell,-0.836324,3.5383406,5999,0.7146683931350708
10X_P7_6_CGCTATCAGGAGTTTA,3-F-56,B cell,1,Unmatched_1,3.108487,8.297279,6000,0.6514403223991394
10X_P7_6_CGCTATCAGTGTACTC,3-F-56,B cell,2,Unmatched_2,24.947872,1.9964403,6001,1.5810683965682983
10X_P7_6_CGCTATCCACCCTATC,3-F-56,macrophage,4,macrophage,5.311921,16.194897,6002,3.646089553833008
10X_P7_6_CGCTATCCAGCTGGCT,3-F-56,B cell,1,Unmatched_1,3.1182332,8.367248,6003,0.5695974230766296
10X_P7_6_CGCTATCCAGGATCGA,3-F-56,macrophage,4,macrophage,4.5640454,16.240225,6004,3.646089553833008
10X_P7_6_CGCTATCCAGGGTACA,3-F-56,B cell,0,B cell,0.13241711,3.8833628,6005,0.4386335611343384
10X_P7_6_CGCTATCGTCCATCCT,3-F-56,B cell,0,B cell,2.3447618,2.8849022,6006,0.4649504125118255
10X_P7_6_CGCTATCGTGTGCCTG,3-F-56,B cell,0,B cell,2.734693,3.0109744,6007,0.5369307398796082
10X_P7_6_CGCTATCGTTACCGAT,3-F-56,B cell,0,B cell,0.3471122,3.0734572,6008,0.9195529222488404
10X_P7_6_CGCTATCTCTTGTTTG,3-F-56,T cell,3,T cell,26.374418,-0.74418247,6009,0.6436038017272949
10X_P7_6_CGCTGGAAGAGTAATC,3-F-56,T cell,3,T cell,25.917961,-0.69988185,6010,0.7937411069869995
10X_P7_6_CGCTGGAAGTGGAGTC,3-F-56,B cell,0,B cell,-1.029639,3.4742522,6011,1.256496787071228
10X_P7_6_CGCTGGACAGACGTAG,3-F-56,B cell,0,B cell,-0.88299537,3.825566,6012,0.5182772874832153
10X_P7_6_CGCTGGACATATACCG,3-F-56,B cell,1,Unmatched_1,2.7305977,8.249207,6013,0.4984849095344543
10X_P7_6_CGCTGGAGTACGCTGC,3-F-56,B cell,1,Unmatched_1,2.1906724,7.6987643,6014,0.5355137586593628
10X_P7_6_CGCTGGAGTAGAGTGC,3-F-56,B cell,0,B cell,-2.0034766,5.5595307,6015,1.1800470352172852
10X_P7_6_CGCTGGAGTCCCTACT,3-F-56,B cell,0,B cell,1.9784663,5.430416,6016,1.0091413259506226
10X_P7_6_CGCTGGATCGACAGCC,3-F-56,B cell,0,B cell,1.3050799,3.416561,6017,0.8670446872711182
10X_P7_6_CGCTTCAAGCTAGCCC,3-F-56,B cell,1,Unmatched_1,3.4662282,7.8209276,6018,0.7143377065658569
10X_P7_6_CGCTTCAAGGACACCA,3-F-56,T cell,3,T cell,28.092356,-1.3924415,6019,0.9292734265327454
10X_P7_6_CGCTTCAAGTACGCCC,3-F-56,T cell,2,Unmatched_2,27.18978,1.1300342,6020,0.6980155110359192
10X_P7_6_CGCTTCACATCCGCGA,3-F-56,B cell,1,Unmatched_1,3.2334714,8.461627,6021,0.5626896023750305
10X_P7_6_CGCTTCAGTCGAACAG,3-F-56,B cell,0,B cell,0.88158494,5.1618247,6022,0.4309853613376617
10X_P7_6_CGCTTCAGTCGCATCG,3-F-56,T cell,3,T cell,25.612474,-0.55042356,6023,1.158228039741516
10X_P7_6_CGCTTCAGTTTCCACC,3-F-56,B cell,0,B cell,1.6663011,2.7165446,6024,0.6433497667312622
10X_P7_6_CGCTTCATCAGCTTAG,3-F-56,natural killer cell,5,natural killer cell,31.057747,-2.4705613,6025,1.7887444496154783
10X_P7_6_CGCTTCATCCAGATCA,3-F-56,T cell,3,T cell,26.656675,-0.8714386,6026,0.7252368927001953
10X_P7_6_CGGACACAGTAGCCGA,3-F-56,T cell,2,Unmatched_2,28.815536,-0.06059754,6027,1.7091602087020874
10X_P7_6_CGGACACCACACATGT,3-F-56,B cell,0,B cell,-0.979909,3.2620535,6028,0.8448565602302551
10X_P7_6_CGGACACCACAGCCCA,3-F-56,B cell,0,B cell,2.15454,5.537307,6029,1.1753727197647097
10X_P7_6_CGGACACCACATTTCT,3-F-56,T cell,3,T cell,28.642113,-0.38023186,6030,1.669687032699585
10X_P7_6_CGGACACCACGGTTTA,3-F-56,T cell,2,Unmatched_2,28.082428,0.55576277,6031,0.7186813354492188
10X_P7_6_CGGACACCAGCGAACA,3-F-56,B cell,0,B cell,2.3603015,6.723841,6032,0.5485278964042664
10X_P7_6_CGGACACCAGGGAGAG,3-F-56,B cell,0,B cell,2.2961214,2.2624016,6033,0.4690172672271728
10X_P7_6_CGGACACCATCCTTGC,3-F-56,B cell,0,B cell,0.59165215,3.2384257,6034,1.133708119392395
10X_P7_6_CGGACACCATGGTCAT,3-F-56,B cell,0,B cell,2.3751633,2.9249253,6035,0.4228669703006744
10X_P7_6_CGGACACGTATGAAAC,3-F-56,T cell,2,Unmatched_2,27.446846,1.4198598,6036,0.6681355237960815
10X_P7_6_CGGACACGTCACCCAG,3-F-56,B cell,0,B cell,0.608569,2.5296772,6037,1.406632661819458
10X_P7_6_CGGACACTCCAAACTG,3-F-56,natural killer cell,5,natural killer cell,31.030935,-2.0780754,6038,1.898315191268921
10X_P7_6_CGGACACTCCCAAGAT,3-F-56,macrophage,4,macrophage,1.9513571,16.752228,6039,2.230795860290528
10X_P7_6_CGGACACTCTGGCGAC,3-F-56,B cell,0,B cell,-0.89662665,5.5485973,6040,1.015755534172058
10X_P7_6_CGGACACTCTGTTTGT,3-F-56,B cell,0,B cell,0.3183389,4.293153,6041,0.4060084819793701
10X_P7_6_CGGACGTCAGCGTTCG,3-F-56,B cell,0,B cell,1.6832315,6.057566,6042,1.0498896837234497
10X_P7_6_CGGACGTCATTCACTT,3-F-56,B cell,0,B cell,2.4208615,6.538694,6043,0.6503337621688843
10X_P7_6_CGGACGTGTAAGGATT,3-F-56,natural killer cell,5,natural killer cell,30.925621,-1.8272657,6044,1.9423874616622925
10X_P7_6_CGGACGTGTGCCTTGG,3-F-56,B cell,1,Unmatched_1,1.8780029,7.9280214,6045,0.8835200667381287
10X_P7_6_CGGACGTGTGTCAATC,3-F-56,B cell,7,Unmatched_7,3.953948,13.260251,6046,1.186836004257202
10X_P7_6_CGGACGTTCCTGCCAT,3-F-56,B cell,0,B cell,0.14116132,4.9621983,6047,0.5067188739776611
10X_P7_6_CGGACGTTCTTCTGGC,3-F-56,B cell,1,Unmatched_1,2.5088143,8.505687,6048,0.7759248614311218
10X_P7_6_CGGACTGAGAACAATC,3-F-56,T cell,3,T cell,25.602789,-0.17280614,6049,0.982207417488098
10X_P7_6_CGGACTGAGCATGGCA,3-F-56,B cell,0,B cell,-0.03790892,4.8588696,6050,0.3921330273151397
10X_P7_6_CGGACTGAGCCCTAAT,3-F-56,T cell,2,Unmatched_2,27.422104,1.0816903,6051,0.5628061890602112
10X_P7_6_CGGACTGAGTATGACA,3-F-56,B cell,0,B cell,1.1458435,3.6140018,6052,0.7261000871658325
10X_P7_6_CGGACTGAGTTCGCGC,3-F-56,B cell,0,B cell,2.581344,6.758078,6053,0.7056350708007812
10X_P7_6_CGGACTGGTCATGCCG,3-F-56,B cell,0,B cell,0.0152647365,2.6089454,6054,1.1491467952728271
10X_P7_6_CGGACTGGTGTAAGTA,3-F-56,B cell,0,B cell,1.5634062,3.9222262,6055,1.1630643606185913
10X_P7_6_CGGACTGGTGTTTGGT,3-F-56,B cell,0,B cell,2.2268388,5.6170125,6056,0.8653425574302673
10X_P7_6_CGGACTGGTTACGTCA,3-F-56,T cell,2,Unmatched_2,27.19686,1.1653528,6057,0.7048127055168152
10X_P7_6_CGGACTGTCACGACTA,3-F-56,T cell,2,Unmatched_2,27.158007,1.4234952,6058,0.7956627607345581
10X_P7_6_CGGACTGTCCTAAGTG,3-F-56,B cell,1,Unmatched_1,2.4057798,8.348093,6059,0.7473620772361755
10X_P7_6_CGGACTGTCTCTTGAT,3-F-56,B cell,0,B cell,2.057888,3.178484,6060,0.4286505579948425
10X_P7_6_CGGAGCTAGACTAGGC,3-F-56,B cell,0,B cell,0.607955,3.9355083,6061,0.4732322990894317
10X_P7_6_CGGAGCTAGCTAGTTC,3-F-56,B cell,0,B cell,0.13898063,4.6410403,6062,0.5383155941963196
10X_P7_6_CGGAGCTAGTGGTAAT,3-F-56,T cell,2,Unmatched_2,29.016413,0.45067668,6063,1.1566309928894043
10X_P7_6_CGGAGCTCACAGGCCT,3-F-56,B cell,0,B cell,-0.46228132,3.3097007,6064,0.8231447339057922
10X_P7_6_CGGAGCTGTGTGACGA,3-F-56,B cell,1,Unmatched_1,4.672968,7.1541386,6065,0.7347453832626343
10X_P7_6_CGGAGCTGTTCATGGT,3-F-56,B cell,0,B cell,0.7851915,3.993989,6066,0.5695437788963318
10X_P7_6_CGGAGCTTCAACGAAA,3-F-56,B cell,0,B cell,-1.7614223,5.3965526,6067,1.139081954956055
10X_P7_6_CGGAGCTTCCCAACGG,3-F-56,B cell,0,B cell,1.0535349,5.5806766,6068,0.778759777545929
10X_P7_6_CGGAGCTTCCTGTACC,3-F-56,macrophage,4,macrophage,2.5007164,16.4541,6069,1.958485126495361
10X_P7_6_CGGAGCTTCGCTTGTC,3-F-56,B cell,1,Unmatched_1,4.3841367,6.9579015,6070,1.2551405429840088
10X_P7_6_CGGAGTCAGCAGATCG,3-F-56,B cell,0,B cell,0.5110994,4.680627,6071,0.6202054023742676
10X_P7_6_CGGAGTCAGCCGATTT,3-F-56,B cell,1,Unmatched_1,3.0686061,8.507522,6072,0.5651299953460693
10X_P7_6_CGGAGTCAGCTGGAAC,3-F-56,T cell,2,Unmatched_2,29.106867,1.0834264,6073,1.0097081661224363
10X_P7_6_CGGAGTCAGGGCTTGA,3-F-56,T cell,2,Unmatched_2,27.61086,-0.08433093,6074,1.5697550773620603
10X_P7_6_CGGAGTCAGTAGGTGC,3-F-56,B cell,0,B cell,1.752531,3.268123,6075,0.4827423393726349
10X_P7_6_CGGAGTCAGTGTACCT,3-F-56,B cell,0,B cell,1.7348555,2.454073,6076,0.413277268409729
10X_P7_6_CGGAGTCAGTTGTCGT,3-F-56,T cell,5,natural killer cell,30.154894,-0.54724294,6077,1.2771987915039062
10X_P7_6_CGGAGTCCATCGATGT,3-F-56,B cell,0,B cell,2.692099,4.758485,6078,1.0361994504928589
10X_P7_6_CGGAGTCGTACTCTCC,3-F-56,B cell,0,B cell,0.79219574,5.858126,6079,0.8543896675109863
10X_P7_6_CGGAGTCGTCTCGTTC,3-F-56,B cell,0,B cell,0.603403,3.9315977,6080,0.4296160340309143
10X_P7_6_CGGAGTCGTTATCGGT,3-F-56,T cell,3,T cell,26.17015,-1.0445267,6081,0.5685973763465881
10X_P7_6_CGGAGTCTCAGAGACG,3-F-56,T cell,2,Unmatched_2,26.98963,1.4268107,6082,1.4080573320388794
10X_P7_6_CGGAGTCTCATAACCG,3-F-56,B cell,7,Unmatched_7,4.010331,13.247873,6083,0.6688531041145325
10X_P7_6_CGGAGTCTCCAAATGC,3-F-56,B cell,1,Unmatched_1,3.290909,8.4790945,6084,0.5291469693183899
10X_P7_6_CGGAGTCTCCTTTCGG,3-F-56,B cell,0,B cell,0.7239855,3.7122712,6085,0.675723135471344
10X_P7_6_CGGCTAGAGACTAAGT,3-F-56,B cell,6,Unmatched_6,-0.32985073,12.0366535,6086,4.707103729248047
10X_P7_6_CGGCTAGAGAGGTAGA,3-F-56,macrophage,4,macrophage,3.3779335,16.005373,6087,2.063157081604004
10X_P7_6_CGGCTAGAGTATGACA,3-F-56,B cell,0,B cell,1.6016463,2.018945,6088,0.8124415874481201
10X_P7_6_CGGCTAGCAATAAGCA,3-F-56,B cell,0,B cell,0.5827845,4.581754,6089,0.601627767086029
10X_P7_6_CGGCTAGCAATAGCGG,3-F-56,B cell,1,Unmatched_1,3.0342321,7.450255,6090,0.896965742111206
10X_P7_6_CGGCTAGCACATCCAA,3-F-56,B cell,6,Unmatched_6,0.75419956,11.475071,6091,5.334986209869385
10X_P7_6_CGGCTAGCACGTAAGG,3-F-56,B cell,1,Unmatched_1,3.5934882,8.350161,6092,0.8997700810432434
10X_P7_6_CGGCTAGGTACCGGCT,3-F-56,T cell,3,T cell,28.024288,-1.3659334,6093,0.9633969664573668
10X_P7_6_CGGCTAGTCAGAAATG,3-F-56,B cell,0,B cell,-0.7050918,3.1679962,6094,0.7546138167381287
10X_P7_6_CGGCTAGTCCGTAGGC,3-F-56,B cell,0,B cell,1.6738083,1.9834687,6095,0.5194586515426636
10X_P7_6_CGGCTAGTCTACCTGC,3-F-56,B cell,0,B cell,1.1538448,3.0426886,6096,0.6324809789657593
10X_P7_6_CGGGTCAAGACTGGGT,3-F-56,B cell,0,B cell,0.4436524,3.874254,6097,0.5442559123039246
10X_P7_6_CGGGTCAAGAGATGAG,3-F-56,B cell,1,Unmatched_1,2.0524445,7.7508817,6098,1.0405657291412354
10X_P7_6_CGGGTCAAGAGTACCG,3-F-56,natural killer cell,5,natural killer cell,30.78268,-2.2618876,6099,2.209486484527588
10X_P7_6_CGGGTCAAGATACACA,3-F-56,B cell,1,Unmatched_1,-2.2305813,4.1736946,6100,0.9099519848823548
10X_P7_6_CGGGTCAAGCCGTCGT,3-F-56,B cell,0,B cell,2.382512,2.5037258,6101,0.5760540962219238
10X_P7_6_CGGGTCAAGCGATATA,3-F-56,B cell,0,B cell,2.01725,6.6753354,6102,0.6687955856323242
10X_P7_6_CGGGTCAAGTGGAGAA,3-F-56,T cell,2,Unmatched_2,29.076538,1.0905118,6103,0.8775262236595154
10X_P7_6_CGGGTCAGTCATCGGC,3-F-56,T cell,3,T cell,25.739079,-0.97836614,6104,0.8214201331138611
10X_P7_6_CGGGTCAGTCATGCCG,3-F-56,B cell,0,B cell,1.7032709,6.9100037,6105,1.0566866397857666
10X_P7_6_CGGGTCAGTGTCGCTG,3-F-56,B cell,0,B cell,1.1007131,4.187445,6106,0.4858128428459167
10X_P7_6_CGGGTCAGTTTACTCT,3-F-56,B cell,0,B cell,0.40514156,6.867644,6107,0.8505771160125732
10X_P7_6_CGGGTCATCACGATGT,3-F-56,T cell,2,Unmatched_2,27.057835,1.3716564,6108,0.9618005156517028
10X_P7_6_CGGGTCATCCAAGTAC,3-F-56,B cell,1,Unmatched_1,2.4783547,7.707423,6109,0.4250596761703491
10X_P7_6_CGGTTAAAGGACCACA,3-F-56,B cell,0,B cell,2.84697,4.361345,6110,0.711188018321991
10X_P7_6_CGGTTAACAAGCGATG,3-F-56,B cell,0,B cell,0.13827178,2.726991,6111,0.9880059957504272
10X_P7_6_CGGTTAACAATGACCT,3-F-56,B cell,0,B cell,0.45445532,5.3840456,6112,0.6468350887298584
10X_P7_6_CGGTTAACACCAGGTC,3-F-56,B cell,1,Unmatched_1,2.7912354,8.1536875,6113,0.44700488448143
10X_P7_6_CGGTTAACACGAGGTA,3-F-56,T cell,2,Unmatched_2,27.417093,1.0572741,6114,0.7386557459831238
10X_P7_6_CGGTTAACAGATTGCT,3-F-56,B cell,0,B cell,-1.8085948,5.501999,6115,1.496071219444275
10X_P7_6_CGGTTAACAGGTGGAT,3-F-56,B cell,0,B cell,2.3758423,5.8934054,6116,0.524124026298523
10X_P7_6_CGGTTAACATACGCTA,3-F-56,T cell,2,Unmatched_2,29.276413,0.5517986,6117,1.2588305473327637
10X_P7_6_CGGTTAACATCATCCC,3-F-56,B cell,0,B cell,1.8682557,4.347178,6118,1.2317167520523071
10X_P7_6_CGGTTAAGTGCAACGA,3-F-56,B cell,1,Unmatched_1,3.4794683,8.58009,6119,0.6075335144996643
10X_P7_6_CGGTTAAGTTAAGTAG,3-F-56,macrophage,4,macrophage,5.3190866,16.18475,6120,2.0543947219848637
10X_P7_6_CGGTTAAGTTAGAACA,3-F-56,B cell,0,B cell,2.5737798,4.3697023,6121,0.6719018220901489
10X_P7_6_CGGTTAATCCATGCTC,3-F-56,B cell,1,Unmatched_1,2.2661612,7.683737,6122,0.5828801989555359
10X_P7_6_CGGTTAATCGGATGTT,3-F-56,T cell,2,Unmatched_2,28.7926,0.26563656,6123,1.4683090448379517
10X_P7_6_CGGTTAATCGTTTATC,3-F-56,T cell,2,Unmatched_2,27.606325,0.7258364,6124,0.7686740159988403
10X_P7_6_CGGTTAATCTCAACTT,3-F-56,B cell,0,B cell,1.4156702,5.704022,6125,1.4104228019714355
10X_P7_6_CGTAGCGAGTGGAGAA,3-F-56,T cell,2,Unmatched_2,27.377283,1.017563,6126,0.5874877572059631
10X_P7_6_CGTAGCGCACATGACT,3-F-56,B cell,0,B cell,4.5271883,14.737626,6127,1.9898440837860107
10X_P7_6_CGTAGCGCACGCCAGT,3-F-56,B cell,0,B cell,-0.7089752,3.80409,6128,0.9455163478851318
10X_P7_6_CGTAGCGCATGAACCT,3-F-56,B cell,0,B cell,2.4175057,6.466734,6129,0.727822482585907
10X_P7_6_CGTAGCGGTCGAAAGC,3-F-56,B cell,0,B cell,0.39467478,4.7117634,6130,1.3041589260101318
10X_P7_6_CGTAGCGGTGGTCCGT,3-F-56,B cell,0,B cell,0.28731614,2.716509,6131,0.7300970554351807
10X_P7_6_CGTAGCGTCCGCTGTT,3-F-56,T cell,3,T cell,26.511692,-1.0193753,6132,0.8409460783004761
10X_P7_6_CGTAGCGTCGCGATCG,3-F-56,B cell,0,B cell,2.0200567,5.81375,6133,0.9715781807899476
10X_P7_6_CGTAGCGTCTACCTGC,3-F-56,B cell,0,B cell,2.1235273,3.1867604,6134,0.4469360411167145
10X_P7_6_CGTAGGCAGACAGAGA,3-F-56,B cell,0,B cell,2.3751879,3.7139854,6135,0.4334749281406402
10X_P7_6_CGTAGGCAGTAGGTGC,3-F-56,T cell,2,Unmatched_2,26.74121,1.5092907,6136,0.7944990396499634
10X_P7_6_CGTAGGCCACAGGAGT,3-F-56,B cell,0,B cell,2.3182232,6.0352373,6137,0.8188623785972595
10X_P7_6_CGTAGGCCACCCAGTG,3-F-56,B cell,0,B cell,-0.23702972,3.4247966,6138,0.611628532409668
10X_P7_6_CGTAGGCCAGACAAGC,3-F-56,natural killer cell,5,natural killer cell,30.72323,-1.8266854,6139,3.0181052684783936
10X_P7_6_CGTAGGCCAGTAAGCG,3-F-56,natural killer cell,5,natural killer cell,30.902912,-2.3247075,6140,1.8484963178634644
10X_P7_6_CGTAGGCCATCGATGT,3-F-56,macrophage,4,macrophage,3.5698562,15.829715,6141,1.5521684885025024
10X_P7_6_CGTAGGCGTCACTGGC,3-F-56,B cell,0,B cell,0.31202185,4.4410176,6142,0.5253398418426514
10X_P7_6_CGTAGGCGTCTTCTCG,3-F-56,B cell,0,B cell,2.9247918,7.25924,6143,0.5864359140396118
10X_P7_6_CGTAGGCTCACGAAGG,3-F-56,T cell,3,T cell,28.0523,-1.4008291,6144,1.300723910331726
10X_P7_6_CGTAGGCTCAGTGCAT,3-F-56,B cell,0,B cell,0.4957199,4.34779,6145,0.51569664478302
10X_P7_6_CGTAGGCTCCCTGACT,3-F-56,B cell,0,B cell,0.20267676,3.400763,6146,0.7959661483764648
10X_P7_6_CGTAGGCTCGTTGCCT,3-F-56,B cell,0,B cell,-0.38263822,3.371951,6147,1.1132750511169434
10X_P7_6_CGTAGGCTCTCTAAGG,3-F-56,B cell,0,B cell,0.85815495,4.472101,6148,0.4379536509513855
10X_P7_6_CGTCACTAGAAGCCCA,3-F-56,B cell,0,B cell,2.3821945,4.5442395,6149,1.686346411705017
10X_P7_6_CGTCACTAGTCAAGCG,3-F-56,macrophage,4,macrophage,3.2850888,16.070738,6150,2.6023800373077397
10X_P7_6_CGTCACTCAAGCTGGA,3-F-56,T cell,5,natural killer cell,30.090837,-0.6052025,6151,1.418915867805481
10X_P7_6_CGTCACTCAGCCTATA,3-F-56,B cell,0,B cell,2.2403164,2.493858,6152,0.4677697420120239
10X_P7_6_CGTCACTCAGGCTCAC,3-F-56,B cell,0,B cell,2.3648067,4.8992352,6153,0.7121635675430298
10X_P7_6_CGTCACTGTAGTAGTA,3-F-56,B cell,0,B cell,2.0632122,6.0516787,6154,0.8298013806343079
10X_P7_6_CGTCACTGTATAGTAG,3-F-56,B cell,0,B cell,2.2382252,4.967571,6155,0.8648009896278381
10X_P7_6_CGTCACTTCACTTACT,3-F-56,B cell,0,B cell,-0.30479455,4.8119774,6156,0.4438305497169494
10X_P7_6_CGTCACTTCATGGTCA,3-F-56,B cell,0,B cell,-0.9812021,4.9473004,6157,0.9068419933319092
10X_P7_6_CGTCACTTCCAGTATG,3-F-56,B cell,0,B cell,1.7816556,6.0141344,6158,0.9303340315818788
10X_P7_6_CGTCACTTCGTCGTTC,3-F-56,B cell,0,B cell,2.5800774,4.896733,6159,1.3513957262039185
10X_P7_6_CGTCAGGAGCTGATAA,3-F-56,B cell,2,Unmatched_2,29.021309,0.85220546,6160,1.144681692123413
10X_P7_6_CGTCAGGAGGCCATAG,3-F-56,B cell,0,B cell,0.14909452,4.655866,6161,0.6065468192100525
10X_P7_6_CGTCAGGAGTACGACG,3-F-56,B cell,1,Unmatched_1,3.2244737,8.058123,6162,0.4690693616867065
10X_P7_6_CGTCAGGCAAAGGTGC,3-F-56,B cell,0,B cell,0.65850383,4.3234563,6163,0.7142596244812012
10X_P7_6_CGTCAGGCAGCTGTGC,3-F-56,T cell,2,Unmatched_2,26.817041,0.81152207,6164,1.076257824897766
10X_P7_6_CGTCAGGGTACAGCAG,3-F-56,B cell,0,B cell,-0.69457614,3.7535932,6165,0.4215094745159149
10X_P7_6_CGTCAGGGTATAGGTA,3-F-56,B cell,0,B cell,1.379043,5.6073995,6166,1.0424145460128784
10X_P7_6_CGTCAGGGTGCACTTA,3-F-56,B cell,0,B cell,0.0672529,4.06119,6167,0.4807203412055969
10X_P7_6_CGTCAGGGTGTGGCTC,3-F-56,B cell,0,B cell,0.81143564,3.8803267,6168,0.5618420243263245
10X_P7_6_CGTCAGGGTTATCGGT,3-F-56,B cell,0,B cell,2.5030074,6.8991876,6169,0.84410160779953
10X_P7_6_CGTCAGGTCCCAACGG,3-F-56,B cell,0,B cell,0.29834187,3.7503836,6170,1.0327423810958862
10X_P7_6_CGTCAGGTCTTGACGA,3-F-56,B cell,6,Unmatched_6,0.28973255,11.24037,6171,2.8559908866882324
10X_P7_6_CGTCCATAGGTGACCA,3-F-56,T cell,2,Unmatched_2,27.365747,0.83127224,6172,1.0922245979309082
10X_P7_6_CGTCCATCAAGCGATG,3-F-56,B cell,1,Unmatched_1,3.1938534,8.435275,6173,0.4485615789890289
10X_P7_6_CGTCCATCACAACGCC,3-F-56,B cell,0,B cell,0.2827197,4.909814,6174,0.4720751941204071
10X_P7_6_CGTCCATCACAAGCCC,3-F-56,B cell,0,B cell,2.348344,5.966238,6175,0.7391838431358337
10X_P7_6_CGTCCATCACAGTCGC,3-F-56,dendritic cell,8,dendritic cell,3.5702775,17.839527,6176,2.967230319976806
10X_P7_6_CGTCCATCACGAAATA,3-F-56,B cell,0,B cell,0.67677623,5.132752,6177,0.6961594820022583
10X_P7_6_CGTCCATCAGACTCGC,3-F-56,B cell,0,B cell,-0.019637382,5.345344,6178,0.4692519009113312
10X_P7_6_CGTCCATCAGCTGTAT,3-F-56,B cell,0,B cell,1.9653642,4.527783,6179,0.872785210609436
10X_P7_6_CGTCCATCATGGATGG,3-F-56,B cell,0,B cell,2.012643,3.497234,6180,0.8308234214782715
10X_P7_6_CGTCCATGTTCCACAA,3-F-56,B cell,0,B cell,0.26886123,6.7356367,6181,1.3040180206298828
10X_P7_6_CGTCCATGTTGTACAC,3-F-56,B cell,0,B cell,0.45736754,6.225081,6182,0.673887312412262
10X_P7_6_CGTCCATTCACTGGGC,3-F-56,B cell,0,B cell,1.3546736,3.1511917,6183,1.0095969438552856
10X_P7_6_CGTCCATTCACTTACT,3-F-56,B cell,6,Unmatched_6,-0.33233783,12.038877,6184,3.2951486110687256
10X_P7_6_CGTCCATTCAGAAATG,3-F-56,B cell,1,Unmatched_1,2.5101984,7.039371,6185,0.7828654646873474
10X_P7_6_CGTCCATTCATCTGTT,3-F-56,B cell,0,B cell,-2.0558565,5.564516,6186,1.5007870197296145
10X_P7_6_CGTCCATTCCGCGTTT,3-F-56,T cell,3,T cell,25.769,-0.55839986,6187,0.7749900817871094
10X_P7_6_CGTCCATTCGATAGAA,3-F-56,B cell,0,B cell,0.5761933,4.274884,6188,0.5848296880722046
10X_P7_6_CGTCCATTCGGCATCG,3-F-56,T cell,3,T cell,26.244415,-1.2609148,6189,0.5614979267120361
10X_P7_6_CGTCCATTCTAACCGA,3-F-56,B cell,0,B cell,2.2934477,6.7207556,6190,0.5177865624427795
10X_P7_6_CGTCTACAGAGTTGGC,3-F-56,B cell,0,B cell,0.25076994,5.362756,6191,0.507302463054657
10X_P7_6_CGTCTACAGCAGGCTA,3-F-56,B cell,0,B cell,0.6043242,3.8156958,6192,0.5482886433601379
10X_P7_6_CGTCTACAGTGGTCCC,3-F-56,B cell,0,B cell,1.9351081,4.1353173,6193,0.6955515146255493
10X_P7_6_CGTCTACCAATAGAGT,3-F-56,B cell,0,B cell,2.2726076,2.8796258,6194,0.4443755745887756
10X_P7_6_CGTCTACCAGTGGAGT,3-F-56,B cell,0,B cell,-0.13589007,6.577078,6195,1.471731185913086
10X_P7_6_CGTCTACGTTGTGGAG,3-F-56,B cell,0,B cell,0.6598164,3.7745836,6196,0.4004203081130981
10X_P7_6_CGTCTACGTTTAAGCC,3-F-56,B cell,0,B cell,3.4870255,6.0723753,6197,0.3959563076496124
10X_P7_6_CGTCTACTCTAGAGTC,3-F-56,T cell,5,natural killer cell,30.138222,-0.56996757,6198,1.9260213375091555
10X_P7_6_CGTCTACTCTCCCTGA,3-F-56,B cell,0,B cell,2.409424,2.5211997,6199,0.6719868183135986
10X_P7_6_CGTCTACTCTCGTTTA,3-F-56,T cell,3,T cell,25.578516,-0.2778046,6200,0.6699522733688354
10X_P7_6_CGTGAGCAGACGCACA,3-F-56,B cell,0,B cell,1.0554832,6.07702,6201,0.6674280166625977
10X_P7_6_CGTGAGCAGATCACGG,3-F-56,B cell,0,B cell,1.0799258,3.6366339,6202,0.6651477217674255
10X_P7_6_CGTGAGCAGATTACCC,3-F-56,T cell,3,T cell,26.521914,-0.9654626,6203,0.8543316721916199
10X_P7_6_CGTGAGCCAACACCCG,3-F-56,T cell,3,T cell,26.7338,-0.8970025,6204,0.8707513809204102
10X_P7_6_CGTGAGCCACAACGTT,3-F-56,B cell,0,B cell,1.7095762,5.538188,6205,0.8971328139305115
10X_P7_6_CGTGAGCCACGCTTTC,3-F-56,T cell,3,T cell,25.888874,-1.2290325,6206,0.8017796277999878
10X_P7_6_CGTGAGCCAGACACTT,3-F-56,B cell,0,B cell,1.2787995,4.7236986,6207,0.7284888625144958
10X_P7_6_CGTGAGCCAGTCAGCC,3-F-56,B cell,0,B cell,2.2436247,6.7916155,6208,0.6627677083015442
10X_P7_6_CGTGAGCGTGAGCGAT,3-F-56,T cell,5,natural killer cell,30.182318,-0.53255445,6209,2.2732954025268555
10X_P7_6_CGTGAGCGTTATCCGA,3-F-56,T cell,3,T cell,28.70832,-0.8588748,6210,1.6662821769714355
10X_P7_6_CGTGAGCGTTCCGTCT,3-F-56,macrophage,4,macrophage,3.6217434,15.789005,6211,1.6393101215362549
10X_P7_6_CGTGAGCTCGTAGATC,3-F-56,T cell,3,T cell,28.050816,-1.2874336,6212,0.8704710602760315
10X_P7_6_CGTGAGCTCTAGCACA,3-F-56,B cell,0,B cell,1.8142251,6.473863,6213,0.5951327085494995
10X_P7_6_CGTGAGCTCTCCTATA,3-F-56,B cell,0,B cell,-0.48052433,3.6830268,6214,1.3309334516525269
10X_P7_6_CGTGAGCTCTGCTGCT,3-F-56,macrophage,4,macrophage,2.5180457,16.453808,6215,1.989612340927124
10X_P7_6_CGTGAGCTCTGTTGAG,3-F-56,B cell,0,B cell,4.3200383,14.683967,6216,1.448314547538757
10X_P7_6_CGTGTAAAGAAGGCCT,3-F-56,B cell,0,B cell,0.22660905,5.93668,6217,0.7353071570396423
10X_P7_6_CGTGTAAAGTATCTCG,3-F-56,B cell,2,Unmatched_2,24.992834,1.9811419,6218,1.1756786108016968
10X_P7_6_CGTGTAAAGTGAATTG,3-F-56,B cell,0,B cell,1.988252,3.121948,6219,0.5457518100738525
10X_P7_6_CGTGTAACAAGACACG,3-F-56,B cell,1,Unmatched_1,4.1289387,7.546582,6220,0.921661615371704
10X_P7_6_CGTGTAACACAGGCCT,3-F-56,T cell,2,Unmatched_2,26.723852,1.3531168,6221,0.8568554520606995
10X_P7_6_CGTGTAACATTCTCAT,3-F-56,B cell,1,Unmatched_1,4.831787,7.1633596,6222,0.8575541377067566
10X_P7_6_CGTGTAAGTCACAAGG,3-F-56,B cell,0,B cell,0.38061956,3.5855663,6223,0.5607338547706604
10X_P7_6_CGTGTAAGTCACCTAA,3-F-56,B cell,0,B cell,1.6097925,5.9508715,6224,0.89621502161026
10X_P7_6_CGTGTAATCCCTTGCA,3-F-56,B cell,1,Unmatched_1,1.8543196,7.572346,6225,0.6644542813301086
10X_P7_6_CGTGTAATCGCCATAA,3-F-56,B cell,0,B cell,2.4984581,3.3533273,6226,0.4288435578346252
10X_P7_6_CGTGTAATCGCGATCG,3-F-56,B cell,0,B cell,0.90678805,4.1661844,6227,1.0695016384124756
10X_P7_6_CGTGTAATCTCTAAGG,3-F-56,T cell,3,T cell,25.54043,-0.22679909,6228,1.2797057628631592
10X_P7_6_CGTGTAATCTTGCCGT,3-F-56,T cell,3,T cell,26.06956,-0.4436057,6229,0.7104292511940002
10X_P7_6_CGTGTCTAGAAGGTGA,3-F-56,B cell,1,Unmatched_1,3.4359324,8.440057,6230,0.6123327612876892
10X_P7_6_CGTGTCTAGCGGCTTC,3-F-56,B cell,0,B cell,1.5614308,1.9864705,6231,0.5745297074317932
10X_P7_6_CGTGTCTAGCTGGAAC,3-F-56,B cell,0,B cell,0.9836738,5.362599,6232,0.879999041557312
10X_P7_6_CGTGTCTAGTAATCCC,3-F-56,B cell,6,Unmatched_6,0.7432656,11.472824,6233,5.334986209869385
10X_P7_6_CGTGTCTAGTGCTGCC,3-F-56,B cell,1,Unmatched_1,3.9156716,7.6677785,6234,0.7107005715370178
10X_P7_6_CGTGTCTAGTTCGCGC,3-F-56,B cell,0,B cell,0.22607483,3.695554,6235,0.4254324436187744
10X_P7_6_CGTGTCTCAATCAGAA,3-F-56,B cell,0,B cell,1.7604071,3.5916023,6236,0.5008649826049805
10X_P7_6_CGTGTCTCACAGACTT,3-F-56,B cell,0,B cell,-1.9399407,5.438021,6237,1.4475181102752686
10X_P7_6_CGTGTCTCACGCGAAA,3-F-56,B cell,0,B cell,2.2227955,6.213893,6238,0.5734238028526306
10X_P7_6_CGTGTCTTCAACACGT,3-F-56,T cell,3,T cell,25.909018,-0.63201445,6239,0.6996294856071472
10X_P7_6_CGTGTCTTCCATGCTC,3-F-56,B cell,0,B cell,2.4684126,3.2722306,6240,0.4497650861740112
10X_P7_6_CGTGTCTTCCGCATCT,3-F-56,T cell,2,Unmatched_2,27.29692,0.9675786,6241,0.7686737775802612
10X_P7_6_CGTGTCTTCGGCGCAT,3-F-56,B cell,0,B cell,0.81967473,4.119077,6242,0.5908002853393555
10X_P7_6_CGTGTCTTCGTTTATC,3-F-56,B cell,0,B cell,2.4444046,7.0300307,6243,0.5964045524597168
10X_P7_6_CGTTAGAAGAAACCAT,3-F-56,B cell,0,B cell,1.872541,2.698986,6244,0.5130618214607239
10X_P7_6_CGTTAGAAGAAGCCCA,3-F-56,B cell,1,Unmatched_1,3.4576647,8.352421,6245,0.5340673923492432
10X_P7_6_CGTTAGACACTATCTT,3-F-56,B cell,0,B cell,1.2524047,2.1873024,6246,0.4049742519855499
10X_P7_6_CGTTAGACAGGGTTAG,3-F-56,B cell,0,B cell,1.0777235,5.004954,6247,1.0151185989379885
10X_P7_6_CGTTAGACATCGGGTC,3-F-56,B cell,0,B cell,1.126466,2.533155,6248,0.5181522369384766
10X_P7_6_CGTTAGACATGCATGT,3-F-56,B cell,0,B cell,1.2897412,5.42159,6249,0.8988470435142517
10X_P7_6_CGTTAGAGTACGCTGC,3-F-56,B cell,0,B cell,2.0131464,4.1545177,6250,0.4885857999324798
10X_P7_6_CGTTAGAGTATAGTAG,3-F-56,B cell,1,Unmatched_1,3.0507352,7.817142,6251,0.4201920926570892
10X_P7_6_CGTTAGAGTGCGATAG,3-F-56,B cell,0,B cell,-1.1024712,3.9259613,6252,0.6719079613685608
10X_P7_6_CGTTAGATCCACGCAG,3-F-56,B cell,6,Unmatched_6,-0.32402897,12.029829,6253,4.844853401184082
10X_P7_6_CGTTCTGAGATCGGGT,3-F-56,B cell,0,B cell,2.4071195,3.713825,6254,0.6231004595756531
10X_P7_6_CGTTCTGAGTCCAGGA,3-F-56,natural killer cell,5,natural killer cell,30.994255,-1.8873676,6255,2.040973901748657
10X_P7_6_CGTTCTGCACAAGACG,3-F-56,B cell,1,Unmatched_1,3.392614,7.862623,6256,0.487285852432251
10X_P7_6_CGTTCTGGTACCATCA,3-F-56,B cell,0,B cell,-0.012251175,3.9948957,6257,0.521449863910675
10X_P7_6_CGTTCTGTCTTATCTG,3-F-56,B cell,0,B cell,0.7764699,4.236062,6258,0.6936823129653931
10X_P7_6_CGTTGGGAGGCCATAG,3-F-56,T cell,3,T cell,26.721397,-1.0941497,6259,0.780497670173645
10X_P7_6_CGTTGGGAGTACGTTC,3-F-56,natural killer cell,5,natural killer cell,30.760479,-2.1357832,6260,1.9870026111602783
10X_P7_6_CGTTGGGAGTCTTGCA,3-F-56,T cell,3,T cell,28.41221,-1.3040354,6261,1.0902036428451538
10X_P7_6_CGTTGGGCAAACCCAT,3-F-56,T cell,2,Unmatched_2,27.870665,0.64848167,6262,0.661888062953949
10X_P7_6_CGTTGGGCAAGTACCT,3-F-56,B cell,0,B cell,0.9285418,5.7576075,6263,0.7152600884437561
10X_P7_6_CGTTGGGCAATGGATA,3-F-56,B cell,0,B cell,1.9666264,5.0655513,6264,0.7802752256393433
10X_P7_6_CGTTGGGCAATGTTGC,3-F-56,B cell,0,B cell,1.6514579,4.800273,6265,0.966368854045868
10X_P7_6_CGTTGGGCACGACTCG,3-F-56,B cell,6,Unmatched_6,0.26938054,11.251038,6266,1.559903264045715
10X_P7_6_CGTTGGGCACTTCGAA,3-F-56,B cell,1,Unmatched_1,3.0912745,8.606051,6267,0.579034686088562
10X_P7_6_CGTTGGGCAGACAAGC,3-F-56,B cell,0,B cell,1.1498678,3.3059235,6268,1.1563104391098022
10X_P7_6_CGTTGGGCATTAACCG,3-F-56,B cell,0,B cell,0.4846794,5.005005,6269,0.4884196817874908
10X_P7_6_CGTTGGGGTACTTGAC,3-F-56,B cell,1,Unmatched_1,3.2020745,8.337516,6270,0.5257201194763184
10X_P7_6_CGTTGGGGTCTAAACC,3-F-56,T cell,3,T cell,25.50028,-0.47860318,6271,0.7009570598602295
10X_P7_6_CGTTGGGGTCTGGTCG,3-F-56,B cell,0,B cell,1.7817082,1.9646941,6272,0.5026702880859375
10X_P7_6_CGTTGGGGTGCATCTA,3-F-56,B cell,0,B cell,1.2095433,2.6358826,6273,0.5195429921150208
10X_P7_6_CGTTGGGGTGCTGTAT,3-F-56,B cell,0,B cell,0.73833567,3.2030795,6274,1.3373968601226809
10X_P7_6_CGTTGGGTCAACGCTA,3-F-56,T cell,3,T cell,26.200367,-0.9474891,6275,0.5552369356155396
10X_P7_6_CGTTGGGTCATATCGG,3-F-56,B cell,0,B cell,1.468891,5.3600764,6276,1.1821118593215942
10X_P7_6_CGTTGGGTCCACGACG,3-F-56,B cell,0,B cell,1.752098,4.3091354,6277,0.8569484353065491
10X_P7_6_CGTTGGGTCGCATGAT,3-F-56,B cell,0,B cell,-1.9742546,5.491542,6278,1.1744930744171145
10X_P7_6_CGTTGGGTCGTACGGC,3-F-56,natural killer cell,5,natural killer cell,30.679893,-2.2044315,6279,2.367410659790039
10X_P7_6_CGTTGGGTCTTGTCAT,3-F-56,T cell,3,T cell,25.920958,-0.6151533,6280,0.5456138849258423
10X_P7_6_CTAACTTAGCGTCTAT,3-F-56,B cell,0,B cell,-0.7154952,3.9228823,6281,0.4587271213531494
10X_P7_6_CTAACTTCAACGATCT,3-F-56,B cell,0,B cell,-0.1983468,4.878072,6282,0.866506040096283
10X_P7_6_CTAACTTCACTGAAGG,3-F-56,macrophage,4,macrophage,3.5589893,15.830948,6283,1.5288130044937134
10X_P7_6_CTAACTTCAGACGTAG,3-F-56,T cell,3,T cell,28.680618,-0.35994402,6284,2.0761466026306152
10X_P7_6_CTAACTTCATCGATGT,3-F-56,T cell,3,T cell,25.865896,-1.1273768,6285,1.2758935689926147
10X_P7_6_CTAACTTCATGCAACT,3-F-56,B cell,0,B cell,1.8883085,5.3189373,6286,1.0232540369033811
10X_P7_6_CTAACTTCATGTCTCC,3-F-56,macrophage,4,macrophage,2.4599748,16.393171,6287,2.8559908866882324
10X_P7_6_CTAACTTGTCGCGAAA,3-F-56,B cell,0,B cell,2.3518353,4.759757,6288,0.7084437608718872
10X_P7_6_CTAACTTTCGTCCGTT,3-F-56,T cell,2,Unmatched_2,27.454443,0.9216749,6289,0.9751070737838744
10X_P7_6_CTAACTTTCTGTCTAT,3-F-56,B cell,0,B cell,1.6044147,6.9903326,6290,0.959854245185852
10X_P7_6_CTAAGACAGCTGATAA,3-F-56,T cell,3,T cell,26.626503,-0.35177442,6291,0.6525530815124512
10X_P7_6_CTAAGACCACACTGCG,3-F-56,B cell,0,B cell,-1.8665149,5.3472085,6292,1.4105432033538818
10X_P7_6_CTAAGACCATGATCCA,3-F-56,B cell,0,B cell,2.0278177,2.5451643,6293,0.5643965601921082
10X_P7_6_CTAAGACGTGCAACTT,3-F-56,B cell,1,Unmatched_1,2.5315986,7.8063135,6294,0.4844937622547149
10X_P7_6_CTAAGACTCAACTCTT,3-F-56,B cell,1,Unmatched_1,1.7808148,7.8532834,6295,0.7718163728713989
10X_P7_6_CTAAGACTCCACGCAG,3-F-56,B cell,0,B cell,0.86574167,4.8725452,6296,1.184833288192749
10X_P7_6_CTAATGGAGAGGTTGC,3-F-56,B cell,1,Unmatched_1,2.8218496,8.536999,6297,0.4324334561824798
10X_P7_6_CTAATGGAGATGGCGT,3-F-56,B cell,0,B cell,-1.174368,5.700805,6298,1.6585257053375244
10X_P7_6_CTAATGGCAATGGATA,3-F-56,natural killer cell,5,natural killer cell,30.92928,-1.8252618,6299,2.024196147918701
10X_P7_6_CTAATGGGTCTAGTGT,3-F-56,B cell,0,B cell,-1.0123898,4.044152,6300,0.5711119771003723
10X_P7_6_CTAATGGTCACTATTC,3-F-56,B cell,0,B cell,1.647995,5.051414,6301,0.7050679922103882
10X_P7_6_CTAATGGTCATTTGGG,3-F-56,B cell,1,Unmatched_1,2.5865319,6.3423085,6302,0.7703426480293274
10X_P7_6_CTAATGGTCCGCAGTG,3-F-56,T cell,3,T cell,28.340723,-1.4544622,6303,0.9844455122947692
10X_P7_6_CTAATGGTCGCCAGCA,3-F-56,B cell,6,Unmatched_6,0.4617122,10.74394,6304,1.066038966178894
10X_P7_6_CTAATGGTCTTAACCT,3-F-56,B cell,0,B cell,0.45892608,3.949345,6305,0.7164632081985474
10X_P7_6_CTACACCAGAGGTAGA,3-F-56,T cell,2,Unmatched_2,27.779175,1.3675506,6306,0.6043514013290405
10X_P7_6_CTACACCAGCATGGCA,3-F-56,B cell,0,B cell,0.90112,5.208641,6307,0.8046904802322388
10X_P7_6_CTACACCAGTAGCGGT,3-F-56,B cell,0,B cell,0.70146984,7.7789545,6308,0.7763741612434387
10X_P7_6_CTACACCCAAAGGTGC,3-F-56,T cell,3,T cell,28.734287,-0.97335464,6309,3.646089553833008
10X_P7_6_CTACACCCAGAGTGTG,3-F-56,T cell,3,T cell,25.657341,-0.3139512,6310,0.6723082065582275
10X_P7_6_CTACACCCAGCATGAG,3-F-56,B cell,0,B cell,2.4562738,7.090676,6311,0.5390608906745911
10X_P7_6_CTACACCCAGCCTATA,3-F-56,B cell,0,B cell,1.8880019,6.666176,6312,0.7280283570289612
10X_P7_6_CTACACCGTGAACCTT,3-F-56,B cell,7,Unmatched_7,3.9794362,13.267398,6313,0.7189298868179321
10X_P7_6_CTACACCGTTACGTCA,3-F-56,B cell,0,B cell,2.551292,2.9528246,6314,0.4499937891960144
10X_P7_6_CTACACCTCCACGTGG,3-F-56,B cell,0,B cell,1.2503577,2.280111,6315,0.4622935354709625
10X_P7_6_CTACACCTCCTTTCTC,3-F-56,T cell,2,Unmatched_2,27.44546,0.9346235,6316,0.6646108031272888
10X_P7_6_CTACACCTCGAGCCCA,3-F-56,T cell,2,Unmatched_2,27.520065,0.59131825,6317,0.7459362745285034
10X_P7_6_CTACACCTCTTGCATT,3-F-56,T cell,3,T cell,27.152416,-0.8280909,6318,1.4554119110107422
10X_P7_6_CTACATTAGACAGACC,3-F-56,B cell,0,B cell,1.8514812,7.2759047,6319,0.7158974409103394
10X_P7_6_CTACATTAGTCCGGTC,3-F-56,B cell,0,B cell,-0.8308379,3.413586,6320,0.8045507073402405
10X_P7_6_CTACATTCAAGCCGCT,3-F-56,B cell,1,Unmatched_1,3.202662,8.57233,6321,0.6266030669212341
10X_P7_6_CTACATTCAGCTATTG,3-F-56,macrophage,4,macrophage,2.5246413,16.461447,6322,1.723944902420044
10X_P7_6_CTACATTGTTTGTGTG,3-F-56,B cell,0,B cell,-1.3630952,5.2746024,6323,1.7079405784606934
10X_P7_6_CTACATTTCAACACGT,3-F-56,macrophage,4,macrophage,3.6031659,15.817439,6324,1.5558303594589231
10X_P7_6_CTACATTTCTTACCTA,3-F-56,B cell,1,Unmatched_1,2.4437156,7.492947,6325,0.6551600694656372
10X_P7_6_CTACCCAAGCGAAGGG,3-F-56,B cell,0,B cell,2.7435026,4.845757,6326,0.6840262413024902
10X_P7_6_CTACCCAAGGACACCA,3-F-56,B cell,0,B cell,1.2878633,5.4277973,6327,0.8116695284843445
10X_P7_6_CTACCCAAGGGATACC,3-F-56,B cell,0,B cell,2.6241796,3.2653327,6328,0.4639884233474731
10X_P7_6_CTACCCACACACTGCG,3-F-56,B cell,0,B cell,-0.15128659,6.5640755,6329,0.7967291474342346
10X_P7_6_CTACCCAGTCCAGTTA,3-F-56,T cell,3,T cell,28.716257,-1.0149305,6330,2.346961259841919
10X_P7_6_CTACCCAGTGACTCAT,3-F-56,B cell,1,Unmatched_1,3.4953823,8.495094,6331,0.5547565817832947
10X_P7_6_CTACCCAGTTATCCGA,3-F-56,B cell,0,B cell,2.537631,5.2919693,6332,1.1509255170822144
10X_P7_6_CTACCCAGTTCCACAA,3-F-56,T cell,2,Unmatched_2,27.013935,0.88953096,6333,0.6167189478874207
10X_P7_6_CTACCCATCATCTGTT,3-F-56,T cell,2,Unmatched_2,27.259727,1.2916464,6334,0.8612161874771118
10X_P7_6_CTACCCATCCACTGGG,3-F-56,B cell,0,B cell,1.8740069,3.7966557,6335,0.7317877411842346
10X_P7_6_CTACGTCCAAGCCGCT,3-F-56,T cell,3,T cell,28.069212,-1.3895112,6336,0.8498974442481995
10X_P7_6_CTACGTCCACCGATAT,3-F-56,B cell,0,B cell,-0.41526645,5.226521,6337,0.8340019583702087
10X_P7_6_CTACGTCCACTAAGTC,3-F-56,B cell,0,B cell,-0.23752777,3.1696475,6338,0.743413507938385
10X_P7_6_CTACGTCCAGGATTGG,3-F-56,B cell,0,B cell,-0.52305865,4.033933,6339,0.4220812618732452
10X_P7_6_CTACGTCCATCCGCGA,3-F-56,B cell,1,Unmatched_1,1.9161773,7.450307,6340,1.1213985681533811
10X_P7_6_CTACGTCGTCAGAGGT,3-F-56,B cell,0,B cell,0.71458703,5.8481946,6341,0.952471137046814
10X_P7_6_CTACGTCTCACAAACC,3-F-56,T cell,2,Unmatched_2,27.351309,1.4072579,6342,0.9309824109077454
10X_P7_6_CTACGTCTCAGCTGGC,3-F-56,B cell,0,B cell,1.8738189,3.0679672,6343,0.4815577864646911
10X_P7_6_CTACGTCTCCTCAACC,3-F-56,B cell,2,Unmatched_2,25.208351,2.0215578,6344,1.6175984144210815
10X_P7_6_CTACGTCTCTGTCTCG,3-F-56,B cell,0,B cell,1.5117102,2.0229998,6345,0.591970682144165
10X_P7_6_CTACGTCTCTTCGAGA,3-F-56,T cell,3,T cell,26.21618,-0.72537524,6346,0.7044171094894409
10X_P7_6_CTAGAGTAGTGACATA,3-F-56,macrophage,4,macrophage,1.8536255,16.793676,6347,1.4712746143341064
10X_P7_6_CTAGAGTCACGGACAA,3-F-56,B cell,0,B cell,-1.0583192,3.98598,6348,0.977447748184204
10X_P7_6_CTAGAGTCAGCTGGCT,3-F-56,B cell,1,Unmatched_1,3.4114144,7.988812,6349,0.9261568188667296
10X_P7_6_CTAGAGTGTCTAGCGC,3-F-56,T cell,2,Unmatched_2,27.627842,0.17450498,6350,0.8505424857139587
10X_P7_6_CTAGAGTGTGCAGGTA,3-F-56,B cell,0,B cell,2.5701241,6.083496,6351,0.972331702709198
10X_P7_6_CTAGAGTTCGGGAGTA,3-F-56,B cell,0,B cell,1.3627768,3.692314,6352,0.4872635006904602
10X_P7_6_CTAGAGTTCGTTGACA,3-F-56,T cell,2,Unmatched_2,29.169603,1.0208144,6353,1.156599044799805
10X_P7_6_CTAGCCTAGATAGCAT,3-F-56,B cell,0,B cell,1.0088987,3.901634,6354,1.0729328393936155
10X_P7_6_CTAGCCTAGATGCGAC,3-F-56,B cell,0,B cell,0.3842282,10.66173,6355,1.2706756591796875
10X_P7_6_CTAGCCTAGCGATCCC,3-F-56,B cell,0,B cell,3.5886707,6.2800083,6356,0.6380348205566406
10X_P7_6_CTAGCCTAGCGTTCCG,3-F-56,T cell,3,T cell,28.366373,-1.5437635,6357,1.265223503112793
10X_P7_6_CTAGCCTAGTTAAGTG,3-F-56,T cell,3,T cell,26.6233,-0.6477364,6358,0.6633377075195312
10X_P7_6_CTAGCCTCACGTTGGC,3-F-56,B cell,0,B cell,-0.16493249,5.019713,6359,0.9581465721130372
10X_P7_6_CTAGCCTCATCGGAAG,3-F-56,B cell,0,B cell,-0.4437278,4.643856,6360,0.4424923062324524
10X_P7_6_CTAGCCTCATGCATGT,3-F-56,T cell,2,Unmatched_2,26.930748,0.50901467,6361,0.653115451335907
10X_P7_6_CTAGCCTCATGCTGGC,3-F-56,B cell,0,B cell,1.4364312,4.677811,6362,1.2216784954071045
10X_P7_6_CTAGCCTCATGGAATA,3-F-56,B cell,0,B cell,0.036008224,5.290949,6363,1.0593537092208862
10X_P7_6_CTAGCCTGTCTCTTTA,3-F-56,T cell,2,Unmatched_2,26.739544,1.2303432,6364,0.7467818856239319
10X_P7_6_CTAGCCTGTGGCTCCA,3-F-56,B cell,0,B cell,1.1764996,5.073914,6365,1.2475576400756836
10X_P7_6_CTAGCCTTCACCGGGT,3-F-56,B cell,0,B cell,1.0948755,3.6210363,6366,0.6809051036834717
10X_P7_6_CTAGCCTTCAGCTGGC,3-F-56,B cell,0,B cell,1.099577,3.8166647,6367,0.6508293747901917
10X_P7_6_CTAGCCTTCGGTGTTA,3-F-56,B cell,0,B cell,2.805561,4.416985,6368,0.424815833568573
10X_P7_6_CTAGCCTTCGTTTAGG,3-F-56,B cell,0,B cell,0.56424415,7.7637863,6369,0.8002932667732239
10X_P7_6_CTAGCCTTCTAACGGT,3-F-56,B cell,0,B cell,0.4474906,5.058781,6370,0.3901289701461792
10X_P7_6_CTAGCCTTCTATCCTA,3-F-56,B cell,1,Unmatched_1,2.649502,7.4618816,6371,0.7681570649147034
10X_P7_6_CTAGTGAAGAGGTAGA,3-F-56,B cell,0,B cell,0.3075496,2.694653,6372,1.0288174152374268
10X_P7_6_CTAGTGAAGAGTACAT,3-F-56,B cell,0,B cell,-0.4477506,3.9610991,6373,0.8131719827651978
10X_P7_6_CTAGTGAAGCGCTTAT,3-F-56,B cell,1,Unmatched_1,3.3492193,8.334935,6374,0.4483112692832947
10X_P7_6_CTAGTGAAGGCTCAGA,3-F-56,B cell,0,B cell,0.74366665,7.5034013,6375,0.7230561375617981
10X_P7_6_CTAGTGAAGTCGAGTG,3-F-56,T cell,3,T cell,26.039165,-0.6578323,6376,0.7947423458099365
10X_P7_6_CTAGTGAGTACTTGAC,3-F-56,B cell,0,B cell,2.1257215,4.551837,6377,0.9273390173912048
10X_P7_6_CTAGTGAGTCGTGGCT,3-F-56,B cell,1,Unmatched_1,4.72172,6.936195,6378,1.2660424709320068
10X_P7_6_CTAGTGAGTGTCTGAT,3-F-56,B cell,0,B cell,1.3430166,4.7573476,6379,0.4450614154338836
10X_P7_6_CTAGTGAGTTCAGCGC,3-F-56,B cell,0,B cell,-0.3092312,4.191487,6380,0.5986506938934326
10X_P7_6_CTAGTGATCAACACCA,3-F-56,B cell,1,Unmatched_1,2.1267078,7.5601993,6381,0.6958529353141785
10X_P7_6_CTAGTGATCAACCATG,3-F-56,B cell,0,B cell,2.2747447,5.181885,6382,1.3795413970947266
10X_P7_6_CTAGTGATCAGGTAAA,3-F-56,B cell,6,Unmatched_6,-0.32955334,12.037077,6383,4.437232971191406
10X_P7_6_CTCACACAGAGTCGGT,3-F-56,T cell,3,T cell,26.634636,-0.4459819,6384,1.0374547243118286
10X_P7_6_CTCACACCATACGCTA,3-F-56,B cell,0,B cell,-1.9480424,5.2381363,6385,1.454126000404358
10X_P7_6_CTCACACCATTGAGCT,3-F-56,B cell,0,B cell,0.37141392,10.497372,6386,0.8522993922233582
10X_P7_6_CTCACACCATTTCAGG,3-F-56,B cell,0,B cell,2.8417957,3.4427207,6387,0.5081458687782288
10X_P7_6_CTCACACGTCCAGTTA,3-F-56,B cell,1,Unmatched_1,4.140942,6.887366,6388,1.3765182495117188
10X_P7_6_CTCACACTCTACTCAT,3-F-56,B cell,0,B cell,-0.6256471,3.4851785,6389,0.9585697054862976
10X_P7_6_CTCAGAAAGGGTTCCC,3-F-56,B cell,0,B cell,1.8602443,2.494111,6390,0.4170065522193908
10X_P7_6_CTCAGAAAGTGTACGG,3-F-56,B cell,0,B cell,0.20239663,3.71559,6391,0.6319069862365723
10X_P7_6_CTCAGAACAACGCACC,3-F-56,T cell,2,Unmatched_2,27.288712,0.88425386,6392,0.5913522839546204
10X_P7_6_CTCAGAACAGCCAATT,3-F-56,B cell,0,B cell,2.455343,3.3577256,6393,0.4994960129261017
10X_P7_6_CTCAGAACATGAAGTA,3-F-56,B cell,0,B cell,-0.07159312,4.933784,6394,0.4868166148662567
10X_P7_6_CTCAGAAGTCTCACCT,3-F-56,B cell,0,B cell,2.4971364,6.5414042,6395,0.7573451995849609
10X_P7_6_CTCAGAAGTTGACGTT,3-F-56,B cell,0,B cell,-1.8507768,4.2273164,6396,1.4665567874908447
10X_P7_6_CTCAGAATCACTTCAT,3-F-56,B cell,0,B cell,0.48476663,3.4653652,6397,0.5681968331336975
10X_P7_6_CTCAGAATCATCATTC,3-F-56,B cell,1,Unmatched_1,2.0062788,7.781975,6398,0.4888961315155029
10X_P7_6_CTCAGAATCCACGCAG,3-F-56,B cell,0,B cell,1.7442156,2.0118666,6399,0.7181110382080078
10X_P7_6_CTCAGAATCCTCCTAG,3-F-56,B cell,0,B cell,2.1481826,4.3468194,6400,0.8775622248649597
10X_P7_6_CTCAGAATCTCTGTCG,3-F-56,B cell,0,B cell,0.58497703,4.576132,6401,0.8453322649002075
10X_P7_6_CTCAGAATCTTGAGGT,3-F-56,B cell,0,B cell,0.5225215,4.2157774,6402,0.7037323713302612
10X_P7_6_CTCATTAAGAGTCGGT,3-F-56,B cell,1,Unmatched_1,3.6826882,8.0209255,6403,0.8933922648429871
10X_P7_6_CTCATTAAGTTACCCA,3-F-56,B cell,2,Unmatched_2,24.94687,2.0084317,6404,1.9985175132751465
10X_P7_6_CTCATTACAAGGTGTG,3-F-56,B cell,0,B cell,0.53903425,7.6279335,6405,0.7046265006065369
10X_P7_6_CTCATTACAAGGTTTC,3-F-56,T cell,3,T cell,26.089336,-1.1101264,6406,0.5701577663421631
10X_P7_6_CTCATTACACATAACC,3-F-56,B cell,0,B cell,2.120284,3.2643378,6407,1.45233154296875
10X_P7_6_CTCATTAGTACGCTGC,3-F-56,T cell,3,T cell,26.346373,-1.1113881,6408,0.8727859258651733
10X_P7_6_CTCATTAGTATGGTTC,3-F-56,B cell,0,B cell,-0.85390246,3.593374,6409,0.4697549343109131
10X_P7_6_CTCCTAGAGATCCCGC,3-F-56,B cell,0,B cell,1.9509894,2.8508687,6410,0.5794475674629211
10X_P7_6_CTCCTAGAGCGTTTAC,3-F-56,T cell,3,T cell,25.482134,-0.86442983,6411,0.6606637239456177
10X_P7_6_CTCCTAGAGTGCTGCC,3-F-56,B cell,0,B cell,2.6351464,2.8054981,6412,0.4813099205493927
10X_P7_6_CTCCTAGCACCGTTGG,3-F-56,B cell,0,B cell,1.1618701,5.724849,6413,0.9013389945030212
10X_P7_6_CTCCTAGCATCCTTGC,3-F-56,dendritic cell,8,dendritic cell,3.5750844,17.845444,6414,3.323927640914917
10X_P7_6_CTCCTAGGTACGCACC,3-F-56,B cell,0,B cell,0.7473204,5.1768217,6415,0.4863654673099518
10X_P7_6_CTCCTAGGTAGCTAAA,3-F-56,B cell,1,Unmatched_1,2.8816082,8.3242,6416,0.7313486337661743
10X_P7_6_CTCCTAGGTATTCTCT,3-F-56,B cell,0,B cell,3.5737736,6.1182237,6417,0.847035825252533
10X_P7_6_CTCCTAGGTTTGTGTG,3-F-56,natural killer cell,5,natural killer cell,31.018051,-1.9257393,6418,1.9055105447769165
10X_P7_6_CTCCTAGTCACTCCTG,3-F-56,B cell,0,B cell,2.078418,4.1151037,6419,0.968599021434784
10X_P7_6_CTCCTAGTCAGGTAAA,3-F-56,B cell,0,B cell,-1.3867964,5.3052855,6420,1.063223958015442
10X_P7_6_CTCCTAGTCCACGCAG,3-F-56,B cell,0,B cell,0.44692776,3.6446714,6421,0.4805046617984772
10X_P7_6_CTCCTAGTCCTTGGTC,3-F-56,T cell,2,Unmatched_2,27.466406,1.4641173,6422,0.6978936195373535
10X_P7_6_CTCCTAGTCGTTACAG,3-F-56,B cell,2,Unmatched_2,24.95122,1.9186618,6423,1.0766220092773438
10X_P7_6_CTCGAAAAGACTACAA,3-F-56,natural killer cell,5,natural killer cell,30.923315,-2.2765613,6424,1.7938005924224854
10X_P7_6_CTCGAAAAGCAAATCA,3-F-56,B cell,0,B cell,2.0342188,3.8724077,6425,1.2529714107513428
10X_P7_6_CTCGAAAAGGAGTACC,3-F-56,B cell,0,B cell,1.4393289,4.9479046,6426,0.7481381297111511
10X_P7_6_CTCGAAAAGGTGCTAG,3-F-56,B cell,0,B cell,-0.64765596,5.5420337,6427,0.7687442302703857
10X_P7_6_CTCGAAACAACAACCT,3-F-56,B cell,0,B cell,1.8126835,5.480531,6428,1.4848393201828003
10X_P7_6_CTCGAAACACATTTCT,3-F-56,B cell,0,B cell,-0.9865776,4.9667325,6429,1.1443350315093994
10X_P7_6_CTCGAAACACCAGGTC,3-F-56,B cell,0,B cell,1.3201606,5.0025616,6430,0.838049054145813
10X_P7_6_CTCGAAACATTCCTCG,3-F-56,T cell,3,T cell,28.711195,-0.39612967,6431,2.013677835464477
10X_P7_6_CTCGAAAGTAATTGGA,3-F-56,B cell,0,B cell,1.9383616,2.9649208,6432,0.4850653409957886
10X_P7_6_CTCGAAAGTAGCGCTC,3-F-56,T cell,3,T cell,25.460571,-0.61765814,6433,1.0001415014266968
10X_P7_6_CTCGAAAGTCCCGACA,3-F-56,B cell,0,B cell,2.6376855,2.5657666,6434,0.9700809121131896
10X_P7_6_CTCGAAAGTCTAGTCA,3-F-56,B cell,1,Unmatched_1,3.4638786,8.617678,6435,0.7630695104598999
10X_P7_6_CTCGAAAGTCTTGATG,3-F-56,T cell,2,Unmatched_2,27.364119,1.1186688,6436,0.5784469246864319
10X_P7_6_CTCGAAAGTTGGTTTG,3-F-56,B cell,1,Unmatched_1,2.456743,7.1388392,6437,0.5027706027030945
10X_P7_6_CTCGAAATCACGAAGG,3-F-56,T cell,2,Unmatched_2,26.74229,1.2357197,6438,0.9688568115234376
10X_P7_6_CTCGAAATCCAGATCA,3-F-56,T cell,3,T cell,25.803339,-0.8815084,6439,0.6591387987136841
10X_P7_6_CTCGAAATCGATAGAA,3-F-56,T cell,2,Unmatched_2,29.058842,1.1302706,6440,1.3333420753479004
10X_P7_6_CTCGAAATCGTAGGTT,3-F-56,B cell,0,B cell,2.9048736,4.2783055,6441,0.6639593243598938
10X_P7_6_CTCGAAATCTACTCAT,3-F-56,T cell,3,T cell,25.600456,-0.21462987,6442,0.6880591511726379
10X_P7_6_CTCGAAATCTCAACTT,3-F-56,B cell,0,B cell,0.03320847,3.8744414,6443,0.7068286538124084
10X_P7_6_CTCGAGGAGCCACCTG,3-F-56,B cell,0,B cell,-1.0500662,3.6217136,6444,1.1297154426574707
10X_P7_6_CTCGAGGAGTGGGATC,3-F-56,B cell,0,B cell,1.7910216,2.007535,6445,0.6860052943229675
10X_P7_6_CTCGAGGCACGTTGGC,3-F-56,B cell,0,B cell,1.0725785,4.6787515,6446,0.5353834629058838
10X_P7_6_CTCGAGGCACTGTTAG,3-F-56,B cell,0,B cell,1.5559906,6.2760468,6447,0.6013603806495667
10X_P7_6_CTCGAGGCAGGAATCG,3-F-56,B cell,1,Unmatched_1,3.1042826,7.272191,6448,0.4622597694396972
10X_P7_6_CTCGAGGCAGGGAGAG,3-F-56,macrophage,4,macrophage,4.4483285,16.23044,6449,3.646089553833008
10X_P7_6_CTCGAGGGTTGAGGTG,3-F-56,B cell,0,B cell,0.39973503,3.3616471,6450,0.5361713767051697
10X_P7_6_CTCGAGGTCTCACATT,3-F-56,B cell,0,B cell,-0.37160587,3.3848162,6451,0.7114602327346802
10X_P7_6_CTCGGAGAGCAGGTCA,3-F-56,B cell,0,B cell,1.7748303,4.8862286,6452,1.2438102960586548
10X_P7_6_CTCGGAGAGTCATGCT,3-F-56,B cell,2,Unmatched_2,25.241917,2.1723657,6453,1.3297960758209229
10X_P7_6_CTCGGAGAGTCTCGGC,3-F-56,B cell,0,B cell,1.2614126,5.9586034,6454,0.7255340218544006
10X_P7_6_CTCGGAGCAAACTGCT,3-F-56,B cell,0,B cell,2.1467733,4.1713533,6455,1.2658244371414185
10X_P7_6_CTCGGAGCACACTGCG,3-F-56,B cell,6,Unmatched_6,0.30438092,11.099061,6456,1.5431166887283323
10X_P7_6_CTCGGAGGTGTGAATA,3-F-56,B cell,0,B cell,0.81339085,4.744226,6457,0.5271539688110352
10X_P7_6_CTCGGAGTCACCCTCA,3-F-56,B cell,0,B cell,0.40316722,7.0669436,6458,1.0436694622039795
10X_P7_6_CTCGGGAAGGACCACA,3-F-56,B cell,0,B cell,-0.032610055,4.9175873,6459,0.5098427534103394
10X_P7_6_CTCGGGAAGTTACCCA,3-F-56,B cell,6,Unmatched_6,0.21159296,11.387995,6460,2.8559908866882324
10X_P7_6_CTCGGGACAGGACCCT,3-F-56,B cell,1,Unmatched_1,2.1973577,7.416821,6461,0.83917635679245
10X_P7_6_CTCGGGAGTCAACTGT,3-F-56,B cell,1,Unmatched_1,3.0549424,7.8809614,6462,0.4501103162765503
10X_P7_6_CTCGGGAGTCAGTGGA,3-F-56,B cell,1,Unmatched_1,3.8833103,7.78006,6463,0.8115420937538147
10X_P7_6_CTCGGGAGTTCTGGTA,3-F-56,B cell,0,B cell,-2.075817,5.5642867,6464,1.4733917713165283
10X_P7_6_CTCGGGATCGCTAGCG,3-F-56,macrophage,4,macrophage,4.727337,16.27804,6465,2.9973368644714355
10X_P7_6_CTCGTACAGATCTGCT,3-F-56,T cell,5,natural killer cell,29.925268,-0.5675356,6466,1.898845195770264
10X_P7_6_CTCGTACAGGGAACGG,3-F-56,B cell,0,B cell,-0.9443644,3.3796253,6467,0.5906221866607666
10X_P7_6_CTCGTACAGTGGGATC,3-F-56,B cell,0,B cell,0.036276016,4.941084,6468,0.4356414079666137
10X_P7_6_CTCGTACCAAGCCCAC,3-F-56,B cell,0,B cell,2.4363306,3.1516068,6469,0.3866300284862518
10X_P7_6_CTCGTACCACACAGAG,3-F-56,B cell,1,Unmatched_1,3.0202913,8.271333,6470,0.5087970495223999
10X_P7_6_CTCGTACCATCACGTA,3-F-56,B cell,0,B cell,2.0661132,7.374135,6471,0.8065513968467712
10X_P7_6_CTCGTACGTAAGTGGC,3-F-56,B cell,0,B cell,4.601186,14.753766,6472,1.6440162658691406
10X_P7_6_CTCGTACGTAAGTGTA,3-F-56,B cell,1,Unmatched_1,1.6818893,7.7819138,6473,1.208524227142334
10X_P7_6_CTCGTACGTCTGATCA,3-F-56,B cell,0,B cell,2.8444839,3.7225828,6474,0.6319974064826965
10X_P7_6_CTCGTACGTTAAAGTG,3-F-56,B cell,0,B cell,2.1479974,3.3042045,6475,0.4919736981391907
10X_P7_6_CTCGTACGTTCCCGAG,3-F-56,T cell,3,T cell,26.737648,-1.1386667,6476,0.8323111534118652
10X_P7_6_CTCGTACGTTTGTTTC,3-F-56,T cell,2,Unmatched_2,26.978897,1.0628017,6477,0.7474473118782043
10X_P7_6_CTCGTACTCATAGCAC,3-F-56,B cell,0,B cell,0.71210706,8.105997,6478,0.8933730721473694
10X_P7_6_CTCGTACTCCTCCTAG,3-F-56,B cell,0,B cell,0.28323302,4.9776635,6479,0.5153266191482544
10X_P7_6_CTCGTACTCGATAGAA,3-F-56,natural killer cell,5,natural killer cell,30.652184,-2.1814098,6480,3.218928337097168
10X_P7_6_CTCGTACTCTTCAACT,3-F-56,B cell,1,Unmatched_1,3.295324,8.033992,6481,0.6865660548210144
10X_P7_6_CTCGTCAAGAAACGAG,3-F-56,B cell,0,B cell,1.6253084,2.6169195,6482,0.7781094312667847
10X_P7_6_CTCGTCAAGGCGCTCT,3-F-56,B cell,0,B cell,1.7645409,2.5598836,6483,0.494153618812561
10X_P7_6_CTCGTCAAGTCCTCCT,3-F-56,macrophage,4,macrophage,4.463957,16.235933,6484,3.646089553833008
10X_P7_6_CTCGTCACAAGCTGAG,3-F-56,B cell,0,B cell,-0.09324144,4.8715816,6485,0.4362473487854004
10X_P7_6_CTCGTCACACACTGCG,3-F-56,B cell,0,B cell,0.8924668,5.107589,6486,0.9638844728469848
10X_P7_6_CTCGTCACACCATCCT,3-F-56,T cell,3,T cell,26.618858,-1.127895,6487,0.7786877751350403
10X_P7_6_CTCGTCACAGGGTTAG,3-F-56,T cell,3,T cell,28.26887,-1.3955201,6488,0.8684713244438171
10X_P7_6_CTCGTCAGTACGAAAT,3-F-56,macrophage,6,Unmatched_6,3.672396,15.659137,6489,2.8559908866882324
10X_P7_6_CTCGTCAGTGAAGGCT,3-F-56,B cell,0,B cell,0.09699118,3.8139374,6490,0.7929004430770874
10X_P7_6_CTCGTCAGTGCTAGCC,3-F-56,B cell,0,B cell,-0.24509425,4.4470863,6491,0.7259750366210938
10X_P7_6_CTCGTCATCATAGCAC,3-F-56,B cell,0,B cell,0.4058605,7.5703835,6492,0.8706856369972229
10X_P7_6_CTCGTCATCGGATGGA,3-F-56,B cell,0,B cell,1.505332,6.919342,6493,0.9402523040771484
10X_P7_6_CTCGTCATCGGTCTAA,3-F-56,B cell,0,B cell,0.385467,4.127939,6494,0.5108119249343872
10X_P7_6_CTCGTCATCTAACTGG,3-F-56,B cell,1,Unmatched_1,4.800731,7.089548,6495,1.2629119157791138
10X_P7_6_CTCGTCATCTACCAGA,3-F-56,B cell,0,B cell,2.1397638,4.2395782,6496,0.5767598748207092
10X_P7_6_CTCTAATAGATGTTAG,3-F-56,B cell,1,Unmatched_1,3.1070397,8.228299,6497,0.5606233477592468
10X_P7_6_CTCTAATAGCGTAGTG,3-F-56,B cell,1,Unmatched_1,3.231758,8.513338,6498,0.4605500400066376
10X_P7_6_CTCTAATAGGGAAACA,3-F-56,T cell,2,Unmatched_2,29.167715,1.1099747,6499,1.1039921045303345
10X_P7_6_CTCTAATAGTACGACG,3-F-56,macrophage,4,macrophage,4.422452,16.218029,6500,3.646089553833008
10X_P7_6_CTCTAATAGTTAGCGG,3-F-56,B cell,0,B cell,1.3800535,4.0482492,6501,0.5420814156532288
10X_P7_6_CTCTAATCAGACGCCT,3-F-56,B cell,0,B cell,-0.12823321,2.5996656,6502,0.9383189082145692
10X_P7_6_CTCTAATCATATGGTC,3-F-56,B cell,0,B cell,-0.18573453,4.664707,6503,0.4905687272548675
10X_P7_6_CTCTAATGTAAAGTCA,3-F-56,B cell,0,B cell,-0.58253413,3.647103,6504,0.4704240262508392
10X_P7_6_CTCTAATGTAAGTGTA,3-F-56,B cell,0,B cell,2.2674296,5.7338595,6505,0.5808606743812561
10X_P7_6_CTCTAATGTACTCAAC,3-F-56,B cell,0,B cell,0.16319187,3.6876593,6506,0.5227198004722595
10X_P7_6_CTCTAATGTCAAGCGA,3-F-56,T cell,3,T cell,26.958092,-0.696495,6507,0.5751344561576843
10X_P7_6_CTCTAATGTGAGGCTA,3-F-56,B cell,0,B cell,0.13730311,5.2135615,6508,0.6287001371383667
10X_P7_6_CTCTAATGTTGGTAAA,3-F-56,B cell,0,B cell,-0.11431882,4.7318115,6509,0.5741416215896606
10X_P7_6_CTCTAATTCACATACG,3-F-56,B cell,0,B cell,1.9532142,3.027438,6510,0.4702146351337433
10X_P7_6_CTCTAATTCCAGATCA,3-F-56,B cell,0,B cell,0.9390551,3.5070949,6511,0.6242418885231018
10X_P7_6_CTCTAATTCCGAACGC,3-F-56,B cell,0,B cell,0.5744451,4.015556,6512,0.559711754322052
10X_P7_6_CTCTAATTCGTCCGTT,3-F-56,B cell,0,B cell,2.1689417,3.7627013,6513,0.6152057647705078
10X_P7_6_CTCTAATTCTTGTACT,3-F-56,B cell,0,B cell,1.1674604,7.080661,6514,0.993748664855957
10X_P7_6_CTCTACGCAAGTCTAC,3-F-56,B cell,0,B cell,2.173757,2.6812177,6515,0.4514571726322174
10X_P7_6_CTCTACGGTACTCTCC,3-F-56,B cell,0,B cell,0.3922789,10.580002,6516,1.1205929517745972
10X_P7_6_CTCTACGGTGTTTGGT,3-F-56,B cell,0,B cell,0.058557108,3.7110667,6517,1.002450704574585
10X_P7_6_CTCTACGGTTCAACCA,3-F-56,T cell,3,T cell,26.209068,-0.47603178,6518,0.963161289691925
10X_P7_6_CTCTACGTCATCATTC,3-F-56,B cell,0,B cell,-0.10032488,4.8615007,6519,0.5641182065010071
10X_P7_6_CTCTACGTCCGGGTGT,3-F-56,B cell,0,B cell,2.0219655,3.0763805,6520,0.3986381888389587
10X_P7_6_CTCTACGTCGTTACGA,3-F-56,dendritic cell,8,dendritic cell,3.5579064,17.80888,6521,4.151756286621094
10X_P7_6_CTCTACGTCTACCTGC,3-F-56,B cell,0,B cell,3.3350463,5.921567,6522,0.8369114995002747
10X_P7_6_CTCTACGTCTTACCGC,3-F-56,B cell,0,B cell,0.8470127,3.833981,6523,0.7803894877433777
10X_P7_6_CTCTGGTAGAAGGTTT,3-F-56,T cell,3,T cell,28.386112,-1.4449186,6524,0.946401596069336
10X_P7_6_CTCTGGTCAAGCGATG,3-F-56,B cell,0,B cell,2.3689826,6.7401195,6525,0.95948988199234
10X_P7_6_CTCTGGTCACAGATTC,3-F-56,T cell,2,Unmatched_2,27.699097,0.89093244,6526,0.7049028277397156
10X_P7_6_CTCTGGTGTTGGTGGA,3-F-56,T cell,2,Unmatched_2,27.65636,0.7829831,6527,0.9193756580352784
10X_P7_6_CTCTGGTTCACCCGAG,3-F-56,B cell,0,B cell,2.6113107,3.119034,6528,0.5421370267868042
10X_P7_6_CTCTGGTTCATCGCTC,3-F-56,B cell,1,Unmatched_1,3.0417862,8.3318815,6529,0.5951565504074097
10X_P7_6_CTCTGGTTCGTTTGCC,3-F-56,B cell,1,Unmatched_1,2.5680025,8.056925,6530,0.4281337261199951
10X_P7_6_CTCTGGTTCTCGTATT,3-F-56,B cell,0,B cell,-0.62425613,3.960376,6531,0.8054462671279907
10X_P7_6_CTGAAACAGAAACCTA,3-F-56,B cell,0,B cell,-1.2443689,4.927783,6532,0.6413519978523254
10X_P7_6_CTGAAACAGCTAGTTC,3-F-56,B cell,0,B cell,2.6047528,3.0809867,6533,0.4483143985271454
10X_P7_6_CTGAAACAGGCCCTCA,3-F-56,B cell,0,B cell,0.9612961,3.6713057,6534,0.417387306690216
10X_P7_6_CTGAAACAGTCTCCTC,3-F-56,B cell,0,B cell,0.35889328,7.848238,6535,0.7968637347221375
10X_P7_6_CTGAAACCACAACTGT,3-F-56,B cell,0,B cell,0.0062312353,3.3331347,6536,0.4332011938095093
10X_P7_6_CTGAAACCACGAGGTA,3-F-56,B cell,1,Unmatched_1,4.049151,7.5311766,6537,1.2978535890579224
10X_P7_6_CTGAAACGTCAATACC,3-F-56,B cell,0,B cell,2.114007,2.7535803,6538,0.57846999168396
10X_P7_6_CTGAAACGTCACACGC,3-F-56,T cell,3,T cell,26.782272,-0.9578513,6539,0.7083785533905029
10X_P7_6_CTGAAACGTCATTAGC,3-F-56,B cell,0,B cell,1.2042718,2.6399624,6540,0.808738648891449
10X_P7_6_CTGAAACGTCCGAGTC,3-F-56,B cell,0,B cell,0.5685852,3.5343344,6541,0.7140786647796631
10X_P7_6_CTGAAACGTCGAGTTT,3-F-56,T cell,3,T cell,28.649567,-1.457279,6542,1.1459174156188965
10X_P7_6_CTGAAACGTGTGAATA,3-F-56,B cell,0,B cell,0.584482,7.898526,6543,0.7893763780593872
10X_P7_6_CTGAAACGTTAAAGAC,3-F-56,T cell,3,T cell,25.900557,-0.33709747,6544,0.8402993083000183
10X_P7_6_CTGAAACGTTGTTTGG,3-F-56,T cell,3,T cell,27.706827,-1.136969,6545,1.0275212526321411
10X_P7_6_CTGAAACGTTTCCACC,3-F-56,B cell,0,B cell,0.29220676,3.4365242,6546,0.740852952003479
10X_P7_6_CTGAAACTCTTCAACT,3-F-56,B cell,2,Unmatched_2,25.096493,2.1790793,6547,1.3633971214294434
10X_P7_6_CTGAAGTAGATGCCTT,3-F-56,B cell,7,Unmatched_7,4.025396,13.311475,6548,1.3857152462005615
10X_P7_6_CTGAAGTAGCTGCCCA,3-F-56,B cell,0,B cell,2.6068144,3.9621215,6549,0.7650056481361389
10X_P7_6_CTGAAGTAGTACACCT,3-F-56,B cell,1,Unmatched_1,2.6620104,8.1089735,6550,0.4761813282966614
10X_P7_6_CTGAAGTCATAGAAAC,3-F-56,T cell,2,Unmatched_2,26.548452,1.403374,6551,0.8869812488555908
10X_P7_6_CTGAAGTCATCACGTA,3-F-56,T cell,3,T cell,26.167336,-0.6460674,6552,0.614138662815094
10X_P7_6_CTGAAGTCATTACCTT,3-F-56,macrophage,4,macrophage,3.6721056,15.761311,6553,1.5748693943023682
10X_P7_6_CTGAAGTGTTAAGAAC,3-F-56,B cell,0,B cell,1.7412759,3.6444535,6554,0.4900769889354706
10X_P7_6_CTGAAGTGTTCCGTCT,3-F-56,B cell,0,B cell,1.3647085,5.782644,6555,0.9113562703132628
10X_P7_6_CTGAAGTTCAAGCCTA,3-F-56,B cell,0,B cell,2.4783592,4.658566,6556,0.7661104798316956
10X_P7_6_CTGAAGTTCAGCAACT,3-F-56,macrophage,4,macrophage,4.291616,16.046011,6557,3.646089553833008
10X_P7_6_CTGAAGTTCCAGTAGT,3-F-56,B cell,0,B cell,0.35552832,7.1557407,6558,1.1594661474227903
10X_P7_6_CTGAAGTTCGTACCGG,3-F-56,T cell,3,T cell,26.087605,-0.47441608,6559,1.1507697105407717
10X_P7_6_CTGAAGTTCTTGTCAT,3-F-56,B cell,0,B cell,1.2594298,3.1572447,6560,0.6523117423057556
10X_P7_6_CTGAAGTTCTTTAGTC,3-F-56,B cell,3,T cell,28.139124,-1.3080968,6561,1.181614637374878
10X_P7_6_CTGATAGAGTGAATTG,3-F-56,B cell,1,Unmatched_1,2.940168,8.323279,6562,0.4903758466243744
10X_P7_6_CTGATAGAGTGTCCAT,3-F-56,B cell,0,B cell,2.2943728,3.0671484,6563,0.5525792837142944
10X_P7_6_CTGATAGCAATGGATA,3-F-56,B cell,0,B cell,3.5968468,6.2335887,6564,1.2522884607315063
10X_P7_6_CTGATAGCATGATCCA,3-F-56,B cell,0,B cell,2.8395982,4.6754394,6565,1.2697988748550415
10X_P7_6_CTGATAGGTATGCTTG,3-F-56,B cell,0,B cell,-2.0174854,5.5535016,6566,1.5348798036575315
10X_P7_6_CTGATAGGTCACAAGG,3-F-56,B cell,0,B cell,1.6824398,5.5714803,6567,0.8290053606033325
10X_P7_6_CTGATAGGTTTGTTTC,3-F-56,T cell,3,T cell,26.341824,-0.53392714,6568,0.9603134393692015
10X_P7_6_CTGATAGTCCACGTGG,3-F-56,B cell,0,B cell,1.394612,4.2665167,6569,0.7424789071083069
10X_P7_6_CTGATAGTCCGTTGCT,3-F-56,B cell,0,B cell,2.4968731,2.5477188,6570,0.434203177690506
10X_P7_6_CTGATAGTCCTATTCA,3-F-56,B cell,0,B cell,-0.29153377,4.4799933,6571,0.4473695456981659
10X_P7_6_CTGATAGTCTAACTCT,3-F-56,B cell,1,Unmatched_1,2.8591378,7.6352463,6572,0.6815172433853149
10X_P7_6_CTGATCCAGAAGATTC,3-F-56,B cell,0,B cell,1.9936604,5.2346015,6573,0.7787804007530212
10X_P7_6_CTGATCCAGGCGATAC,3-F-56,T cell,2,Unmatched_2,26.877659,0.54099053,6574,0.7707546353340149
10X_P7_6_CTGATCCAGTAAGTAC,3-F-56,B cell,1,Unmatched_1,2.7836125,7.986485,6575,0.4499020576477051
10X_P7_6_CTGATCCAGTACGCGA,3-F-56,B cell,0,B cell,-0.031619824,4.3711205,6576,0.8396349549293518
10X_P7_6_CTGATCCAGTATCTCG,3-F-56,B cell,0,B cell,-0.20162645,5.0456147,6577,0.8105543851852417
10X_P7_6_CTGATCCCACAGAGGT,3-F-56,B cell,0,B cell,2.1538134,7.298272,6578,0.6112812161445618
10X_P7_6_CTGATCCCAGAGCCAA,3-F-56,T cell,3,T cell,27.338339,-1.0645806,6579,0.892657458782196
10X_P7_6_CTGATCCCAGTTAACC,3-F-56,B cell,0,B cell,0.6602298,4.193116,6580,0.9896619319915771
10X_P7_6_CTGATCCCATACAGCT,3-F-56,B cell,0,B cell,-0.5892375,3.6985767,6581,0.4516740441322326
10X_P7_6_CTGATCCCATCGGACC,3-F-56,B cell,1,Unmatched_1,3.3762484,8.278727,6582,0.5457391142845154
10X_P7_6_CTGATCCCATTATCTC,3-F-56,B cell,0,B cell,1.6709135,3.9132178,6583,0.7077086567878723
10X_P7_6_CTGATCCGTCCAGTGC,3-F-56,T cell,2,Unmatched_2,27.686487,0.89045674,6584,0.5729100704193115
10X_P7_6_CTGATCCGTCTTCAAG,3-F-56,B cell,0,B cell,-0.61921537,4.147149,6585,0.4873207211494446
10X_P7_6_CTGATCCTCAGGTTCA,3-F-56,T cell,3,T cell,25.844679,-0.88073057,6586,0.6577097773551941
10X_P7_6_CTGCCTAAGATCACGG,3-F-56,B cell,1,Unmatched_1,-2.7243047,4.207436,6587,0.4294192194938659
10X_P7_6_CTGCCTAAGGTGTTAA,3-F-56,B cell,0,B cell,-0.020129759,7.12511,6588,1.1199793815612793
10X_P7_6_CTGCCTAAGTTTGCGT,3-F-56,B cell,1,Unmatched_1,1.999648,7.51889,6589,0.6852238178253174
10X_P7_6_CTGCCTACAATCTGCA,3-F-56,macrophage,4,macrophage,3.6466155,15.733779,6590,1.604000210762024
10X_P7_6_CTGCCTACATTACCTT,3-F-56,B cell,0,B cell,1.1716492,4.5303187,6591,0.876812219619751
10X_P7_6_CTGCCTAGTAGTACCT,3-F-56,T cell,2,Unmatched_2,27.15928,0.7840149,6592,0.6829133033752441
10X_P7_6_CTGCCTAGTCAGAGGT,3-F-56,T cell,2,Unmatched_2,27.02953,0.7137767,6593,0.5803006887435913
10X_P7_6_CTGCCTATCAAACGGG,3-F-56,B cell,4,macrophage,2.0882123,15.923062,6594,2.6936354637146
10X_P7_6_CTGCCTATCAATCTCT,3-F-56,T cell,3,T cell,27.794933,-1.2394483,6595,0.9871411919593812
10X_P7_6_CTGCCTATCGCCAGCA,3-F-56,T cell,3,T cell,25.899242,-1.268667,6596,0.5877355933189392
10X_P7_6_CTGCCTATCTGATACG,3-F-56,B cell,0,B cell,0.9783575,5.5941873,6597,0.804980993270874
10X_P7_6_CTGCCTATCTTATCTG,3-F-56,T cell,3,T cell,25.688675,-0.8942542,6598,0.5415099859237671
10X_P7_6_CTGCGGAAGCAATATG,3-F-56,B cell,0,B cell,1.0917796,3.7660089,6599,0.8523857593536377
10X_P7_6_CTGCGGAAGCAATCTC,3-F-56,B cell,1,Unmatched_1,2.1397202,7.6251454,6600,0.6150954365730286
10X_P7_6_CTGCGGAAGGAGCGTT,3-F-56,B cell,0,B cell,2.6018097,3.1111996,6601,0.461311399936676
10X_P7_6_CTGCGGAAGTACGACG,3-F-56,B cell,0,B cell,-0.92539436,3.511953,6602,0.5166618227958679
10X_P7_6_CTGCGGACAAGCGAGT,3-F-56,B cell,2,Unmatched_2,25.200687,2.1383917,6603,1.3461143970489502
10X_P7_6_CTGCGGACAGCGTTCG,3-F-56,B cell,0,B cell,2.3619354,5.959554,6604,0.9548248648643494
10X_P7_6_CTGCGGAGTAACGACG,3-F-56,T cell,3,T cell,28.740334,-0.34769672,6605,1.8286281824111936
10X_P7_6_CTGCGGAGTGTCGCTG,3-F-56,B cell,0,B cell,0.4169702,4.0248146,6606,0.4143963158130646
10X_P7_6_CTGCGGAGTTATCACG,3-F-56,B cell,2,Unmatched_2,24.970913,1.9818543,6607,1.2983189821243286
10X_P7_6_CTGCGGATCCCAAGTA,3-F-56,T cell,3,T cell,28.293556,-0.86842215,6608,1.2980389595031738
10X_P7_6_CTGCGGATCTGTCAAG,3-F-56,B cell,0,B cell,2.605773,5.146236,6609,1.2213757038116455
10X_P7_6_CTGCTGTAGGCGACAT,3-F-56,B cell,0,B cell,0.106629536,4.8223915,6610,0.7266478538513184
10X_P7_6_CTGCTGTCACGGTAAG,3-F-56,B cell,0,B cell,2.3435104,5.1817083,6611,0.9747795462608336
10X_P7_6_CTGCTGTGTAGGAGTC,3-F-56,T cell,3,T cell,27.55873,-0.4057937,6612,1.2382049560546875
10X_P7_6_CTGCTGTGTCGCGTGT,3-F-56,B cell,0,B cell,1.7788856,6.166095,6613,0.7036598324775696
10X_P7_6_CTGCTGTGTCTAAACC,3-F-56,B cell,0,B cell,0.8945413,6.0757313,6614,0.7767032384872437
10X_P7_6_CTGCTGTGTTGGTGGA,3-F-56,B cell,0,B cell,0.16940556,4.959545,6615,0.4335784912109375
10X_P7_6_CTGCTGTTCAATACCG,3-F-56,B cell,0,B cell,-1.9534717,5.6219945,6616,1.425887942314148
10X_P7_6_CTGCTGTTCCGCATAA,3-F-56,macrophage,4,macrophage,3.0095098,16.238613,6617,2.818697690963745
10X_P7_6_CTGCTGTTCGCCTGTT,3-F-56,T cell,3,T cell,26.097528,-0.42277348,6618,0.7360960245132446
10X_P7_6_CTGGTCTAGAGCCCAA,3-F-56,T cell,5,natural killer cell,30.087519,-0.58636487,6619,1.4186222553253174
10X_P7_6_CTGGTCTAGAGGTAGA,3-F-56,T cell,3,T cell,26.424446,-0.8229214,6620,0.8113783597946167
10X_P7_6_CTGGTCTAGCACACAG,3-F-56,T cell,2,Unmatched_2,27.492643,0.9041385,6621,0.5669810771942139
10X_P7_6_CTGGTCTAGGATGCGT,3-F-56,B cell,0,B cell,1.1869875,4.514474,6622,0.8184096813201904
10X_P7_6_CTGGTCTAGTGGACGT,3-F-56,B cell,0,B cell,0.094185054,3.666188,6623,0.9751025438308716
10X_P7_6_CTGGTCTAGTGGGTTG,3-F-56,B cell,0,B cell,1.913731,3.0972562,6624,0.904919445514679
10X_P7_6_CTGGTCTCACTCTGTC,3-F-56,B cell,0,B cell,-0.15808402,4.8246284,6625,0.5937113761901855
10X_P7_6_CTGGTCTCAGCTATTG,3-F-56,B cell,0,B cell,2.5569866,3.3319368,6626,0.5761104226112366
10X_P7_6_CTGGTCTCATCAGTCA,3-F-56,B cell,0,B cell,2.3866546,3.4248629,6627,0.5841370820999146
10X_P7_6_CTGGTCTGTACTTCTT,3-F-56,B cell,0,B cell,1.6795208,6.827578,6628,1.5039708614349363
10X_P7_6_CTGGTCTGTCATGCCG,3-F-56,T cell,3,T cell,26.40446,-1.0889897,6629,0.7098190784454346
10X_P7_6_CTGGTCTGTGAGTGAC,3-F-56,T cell,3,T cell,27.203478,-0.6302588,6630,0.9484410285949708
10X_P7_6_CTGGTCTGTGCTCTTC,3-F-56,T cell,2,Unmatched_2,28.001593,0.7225505,6631,0.903429388999939
10X_P7_6_CTGGTCTTCGGTCCGA,3-F-56,B cell,0,B cell,1.5355244,4.533337,6632,0.9850470423698424
10X_P7_6_CTGGTCTTCGTTTAGG,3-F-56,T cell,3,T cell,26.363106,-0.9900588,6633,0.7088342905044556
10X_P7_6_CTGTGCTAGACGACGT,3-F-56,B cell,0,B cell,1.1833444,4.2652903,6634,0.4402815103530884
10X_P7_6_CTGTGCTAGAGCCTAG,3-F-56,T cell,3,T cell,25.87308,-1.0574278,6635,1.025821328163147
10X_P7_6_CTGTGCTAGCACACAG,3-F-56,T cell,2,Unmatched_2,27.658453,0.6841518,6636,0.7822145819664001
10X_P7_6_CTGTGCTAGCCAACAG,3-F-56,T cell,2,Unmatched_2,27.064657,1.3286732,6637,0.6612226366996765
10X_P7_6_CTGTGCTAGCCCAACC,3-F-56,B cell,0,B cell,1.7616054,2.9044812,6638,0.5259087681770325
10X_P7_6_CTGTGCTAGCCCAATT,3-F-56,B cell,0,B cell,-0.06836167,4.6916366,6639,0.4971692562103271
10X_P7_6_CTGTGCTAGCGGATCA,3-F-56,T cell,3,T cell,25.497639,-0.8176358,6640,0.6450675129890442
10X_P7_6_CTGTGCTAGCTACCGC,3-F-56,B cell,0,B cell,-2.0565329,5.584869,6641,1.4970710277557373
10X_P7_6_CTGTGCTAGTACGTAA,3-F-56,B cell,1,Unmatched_1,2.5094101,8.40642,6642,0.5597417950630188
10X_P7_6_CTGTGCTCAGGTCCAC,3-F-56,B cell,0,B cell,0.5989488,7.3031645,6643,0.876559853553772
10X_P7_6_CTGTGCTCAGTACACT,3-F-56,T cell,2,Unmatched_2,27.230946,1.4041817,6644,0.6584178805351257
10X_P7_6_CTGTGCTGTCGCGAAA,3-F-56,B cell,1,Unmatched_1,2.4839396,8.372886,6645,0.4647547304630279
10X_P7_6_CTGTGCTGTTCCGGCA,3-F-56,B cell,1,Unmatched_1,3.2343712,8.2512245,6646,0.4510092735290527
10X_P7_6_CTGTGCTGTTTGACTG,3-F-56,B cell,0,B cell,0.98062557,5.611316,6647,0.8445664048194885
10X_P7_6_CTGTTTAAGCTTATCG,3-F-56,T cell,2,Unmatched_2,27.438625,1.2912339,6648,0.553526759147644
10X_P7_6_CTGTTTAAGGATATAC,3-F-56,B cell,0,B cell,1.9053118,3.1388268,6649,0.4469533860683441
10X_P7_6_CTGTTTACAAAGTCAA,3-F-56,T cell,3,T cell,26.490023,-0.8289187,6650,0.5414785146713257
10X_P7_6_CTGTTTAGTTTACTCT,3-F-56,T cell,3,T cell,26.034296,-0.9724255,6651,0.5915514826774597
10X_P7_6_CTGTTTATCACATGCA,3-F-56,T cell,3,T cell,25.66784,-0.60186976,6652,0.8210002183914185
10X_P7_6_CTGTTTATCACGATGT,3-F-56,T cell,3,T cell,27.161633,-0.45928136,6653,0.6964817047119141
10X_P7_6_CTGTTTATCAGAGCTT,3-F-56,B cell,0,B cell,1.9963562,4.3005333,6654,1.532119870185852
10X_P7_6_CTGTTTATCCGATATG,3-F-56,B cell,0,B cell,0.15468398,2.875429,6655,0.5486412644386292
10X_P7_6_CTGTTTATCGACCAGC,3-F-56,B cell,2,Unmatched_2,25.13387,2.1243584,6656,1.4299217462539673
10X_P7_6_CTGTTTATCGTAGGAG,3-F-56,B cell,0,B cell,-0.67773896,3.0735037,6657,0.7048342823982239
10X_P7_6_CTTAACTAGACCGGAT,3-F-56,B cell,0,B cell,0.5727466,6.802128,6658,1.0772607326507568
10X_P7_6_CTTAACTGTAACGTTC,3-F-56,B cell,0,B cell,1.3501742,2.5034204,6659,0.4881735146045685
10X_P7_6_CTTAACTGTAGCGTGA,3-F-56,B cell,0,B cell,1.5121086,4.1350813,6660,0.842971920967102
10X_P7_6_CTTAACTTCTTGTACT,3-F-56,T cell,2,Unmatched_2,27.384247,1.1670475,6661,0.7814634442329407
10X_P7_6_CTTACCGAGAATGTGT,3-F-56,B cell,1,Unmatched_1,3.0157423,7.6667447,6662,0.8617704510688782
10X_P7_6_CTTACCGAGCAAATCA,3-F-56,T cell,2,Unmatched_2,27.084398,1.4028015,6663,0.7877913117408752
10X_P7_6_CTTACCGAGCCTATGT,3-F-56,B cell,0,B cell,-0.213151,3.8749166,6664,0.6343000531196594
10X_P7_6_CTTACCGAGGATCGCA,3-F-56,T cell,3,T cell,25.859283,-0.75350934,6665,0.7627705931663513
10X_P7_6_CTTACCGCAATGGATA,3-F-56,B cell,1,Unmatched_1,2.783763,8.559304,6666,0.655828595161438
10X_P7_6_CTTACCGGTACGCACC,3-F-56,B cell,1,Unmatched_1,4.8686976,7.1340046,6667,1.2140108346939087
10X_P7_6_CTTACCGGTTTAGCTG,3-F-56,T cell,2,Unmatched_2,26.584675,0.265303,6668,1.6259164810180664
10X_P7_6_CTTACCGTCACGGTTA,3-F-56,B cell,0,B cell,-0.12702042,4.706738,6669,0.4685332179069519
10X_P7_6_CTTACCGTCCAGGGCT,3-F-56,T cell,2,Unmatched_2,26.681765,1.2865849,6670,0.6160218119621277
10X_P7_6_CTTACCGTCTCTGCTG,3-F-56,B cell,0,B cell,0.69405633,3.528627,6671,0.4661902785301208
10X_P7_6_CTTAGGAAGATCCGAG,3-F-56,B cell,1,Unmatched_1,2.323617,8.023883,6672,0.4973441064357757
10X_P7_6_CTTAGGAAGGACAGCT,3-F-56,T cell,3,T cell,28.696129,-1.4654273,6673,2.207724094390869
10X_P7_6_CTTAGGACACTGAAGG,3-F-56,B cell,0,B cell,1.0958109,2.8095808,6674,1.2156542539596558
10X_P7_6_CTTAGGAGTGAACCTT,3-F-56,T cell,2,Unmatched_2,27.447895,0.22999878,6675,0.6735325455665588
10X_P7_6_CTTAGGATCCGCGTTT,3-F-56,B cell,0,B cell,1.2762583,4.4034166,6676,0.4372555613517761
10X_P7_6_CTTAGGATCCTATGTT,3-F-56,B cell,0,B cell,-1.5698433,5.3333755,6677,1.5162028074264526
10X_P7_6_CTTCTCTAGAGTACAT,3-F-56,macrophage,4,macrophage,5.2832007,16.205593,6678,2.239296197891236
10X_P7_6_CTTCTCTAGAGTCTGG,3-F-56,B cell,0,B cell,0.38262388,4.8305097,6679,0.4564069509506225
10X_P7_6_CTTCTCTAGTAGCGGT,3-F-56,T cell,3,T cell,25.928028,-0.71034634,6680,0.551102340221405
10X_P7_6_CTTCTCTCACAGCCCA,3-F-56,B cell,0,B cell,1.7813067,5.3053617,6681,1.0373915433883667
10X_P7_6_CTTCTCTCAGATGGGT,3-F-56,T cell,2,Unmatched_2,29.269169,0.58138925,6682,1.314250349998474
10X_P7_6_CTTCTCTCATGAGCGA,3-F-56,T cell,3,T cell,28.710154,-1.3269747,6683,1.409324049949646
10X_P7_6_CTTCTCTGTAGCCTAT,3-F-56,T cell,3,T cell,25.761442,-0.84478194,6684,0.9009279012680054
10X_P7_6_CTTCTCTGTATGCTTG,3-F-56,B cell,0,B cell,2.8230937,2.9983392,6685,0.4962925612926483
10X_P7_6_CTTCTCTGTGCTTCTC,3-F-56,B cell,0,B cell,0.11954497,3.900774,6686,0.5616278052330017
10X_P7_6_CTTCTCTTCACAAACC,3-F-56,B cell,0,B cell,1.237324,5.2128177,6687,0.978256344795227
10X_P7_6_CTTCTCTTCACCATAG,3-F-56,B cell,0,B cell,0.080709055,4.7338104,6688,0.5664997696876526
10X_P7_6_CTTCTCTTCCGAAGAG,3-F-56,B cell,0,B cell,0.08757082,4.302442,6689,0.3866874575614929
10X_P7_6_CTTGGCTAGACAGACC,3-F-56,T cell,2,Unmatched_2,28.821604,1.1334658,6690,0.9367117285728456
10X_P7_6_CTTGGCTAGGACCACA,3-F-56,B cell,0,B cell,0.493064,3.2951345,6691,0.5346042513847351
10X_P7_6_CTTGGCTCACGGACAA,3-F-56,B cell,0,B cell,1.0809327,6.8841553,6692,1.0444964170455933
10X_P7_6_CTTGGCTCAGGCTCAC,3-F-56,macrophage,4,macrophage,5.2678213,16.128424,6693,2.721359968185425
10X_P7_6_CTTGGCTCATGACGGA,3-F-56,B cell,2,Unmatched_2,24.880613,2.036871,6694,2.3741860389709477
10X_P7_6_CTTGGCTCATGGTAGG,3-F-56,T cell,3,T cell,28.678034,-0.35491514,6695,2.089925527572632
10X_P7_6_CTTGGCTGTAAATACG,3-F-56,B cell,0,B cell,-1.9455353,5.5470567,6696,1.4673879146575928
10X_P7_6_CTTGGCTGTGCCTGCA,3-F-56,B cell,1,Unmatched_1,2.7884684,7.5034122,6697,0.6059578657150269
10X_P7_6_CTTGGCTGTGCTGTAT,3-F-56,B cell,0,B cell,2.515317,4.100167,6698,0.727616548538208
10X_P7_6_CTTGGCTGTTCCACGG,3-F-56,B cell,1,Unmatched_1,1.8221779,7.4665313,6699,1.27202308177948
10X_P7_6_CTTGGCTTCGGAAACG,3-F-56,B cell,0,B cell,1.9776697,5.527554,6700,1.3940372467041016
10X_P7_6_CTTTGCGAGACGCTTT,3-F-56,T cell,5,natural killer cell,29.973782,-0.70025057,6701,2.954780101776123
10X_P7_6_CTTTGCGAGTACTTGC,3-F-56,B cell,1,Unmatched_1,3.5889664,8.365044,6702,1.1130396127700806
10X_P7_6_CTTTGCGCAAGGACTG,3-F-56,B cell,0,B cell,0.440027,5.335055,6703,0.7447932958602905
10X_P7_6_CTTTGCGCAGTAACGG,3-F-56,B cell,1,Unmatched_1,3.9928756,7.508237,6704,0.7103078961372375
10X_P7_6_CTTTGCGCAGTAAGCG,3-F-56,B cell,0,B cell,1.8440952,5.280333,6705,1.4957473278045654
10X_P7_6_CTTTGCGCAGTGACAG,3-F-56,natural killer cell,5,natural killer cell,31.11775,-2.2578094,6706,2.1558778285980225
10X_P7_6_CTTTGCGGTCAGATAA,3-F-56,B cell,0,B cell,2.0513396,2.1134715,6707,0.4675600230693817
10X_P7_6_CTTTGCGGTTAGGGTG,3-F-56,B cell,0,B cell,2.217139,5.801108,6708,1.4591330289840698
10X_P7_6_CTTTGCGGTTCCACGG,3-F-56,B cell,0,B cell,0.5681394,7.3591757,6709,0.7829970717430115
10X_P7_6_CTTTGCGTCGTGGGAA,3-F-56,T cell,2,Unmatched_2,26.731483,1.2191426,6710,1.283442139625549
10X_P7_6_GAAACTCAGCTACCTA,3-F-56,T cell,2,Unmatched_2,27.810272,0.5288232,6711,0.6440690755844116
10X_P7_6_GAAACTCAGGTGCTTT,3-F-56,B cell,1,Unmatched_1,2.9722402,7.8485737,6712,0.8932026028633118
10X_P7_6_GAAACTCAGTCAATAG,3-F-56,B cell,0,B cell,1.3263224,2.7295663,6713,0.4797170460224151
10X_P7_6_GAAACTCAGTCCCACG,3-F-56,B cell,0,B cell,0.26518467,7.5944376,6714,0.8703513145446777
10X_P7_6_GAAACTCAGTCTCAAC,3-F-56,B cell,0,B cell,2.3226523,6.3510833,6715,0.8179196119308472
10X_P7_6_GAAACTCAGTTGCAGG,3-F-56,macrophage,4,macrophage,4.822448,16.273424,6716,2.598888635635376
10X_P7_6_GAAACTCGTCATACTG,3-F-56,B cell,0,B cell,1.7273246,7.240182,6717,1.357704758644104
10X_P7_6_GAAACTCGTCATGCAT,3-F-56,B cell,1,Unmatched_1,2.8234313,8.369799,6718,0.616861879825592
10X_P7_6_GAAACTCGTCTAGTCA,3-F-56,B cell,0,B cell,2.0299454,4.181406,6719,1.454972743988037
10X_P7_6_GAAACTCTCAGCTGGC,3-F-56,B cell,0,B cell,2.5299711,4.3723083,6720,0.6715810894966125
10X_P7_6_GAAACTCTCCCTGACT,3-F-56,B cell,0,B cell,-0.16260718,4.682764,6721,0.4675822556018829
10X_P7_6_GAAACTCTCCGGCACA,3-F-56,B cell,1,Unmatched_1,2.7333024,7.75577,6722,0.5991784930229187
10X_P7_6_GAAACTCTCGCGGATC,3-F-56,natural killer cell,5,natural killer cell,31.044786,-2.4566627,6723,1.590451955795288
10X_P7_6_GAAATGAAGGAATCGC,3-F-56,natural killer cell,5,natural killer cell,31.084042,-2.4419873,6724,1.9649686813354488
10X_P7_6_GAAATGACACATCTTT,3-F-56,B cell,3,T cell,27.933096,-1.317398,6725,1.2894105911254885
10X_P7_6_GAAATGACATTACGAC,3-F-56,T cell,2,Unmatched_2,27.016525,1.1375486,6726,0.7842321395874023
10X_P7_6_GAAATGAGTAAATGTG,3-F-56,B cell,0,B cell,2.2893918,3.7076406,6727,0.6537442803382874
10X_P7_6_GAAATGAGTACACCGC,3-F-56,T cell,3,T cell,25.84771,-0.94645923,6728,0.6501833200454712
10X_P7_6_GAAATGATCAACACCA,3-F-56,B cell,0,B cell,-0.8954145,3.3533776,6729,0.7815468311309814
10X_P7_6_GAACATCAGATGTAAC,3-F-56,B cell,1,Unmatched_1,4.81066,7.1711926,6730,0.7932267785072327
10X_P7_6_GAACATCAGCGAAGGG,3-F-56,B cell,0,B cell,-0.58462983,3.9785745,6731,0.7212119698524475
10X_P7_6_GAACATCCAATAGCAA,3-F-56,B cell,0,B cell,0.98371035,5.8484287,6732,0.6516301035881042
10X_P7_6_GAACATCCAATGACCT,3-F-56,B cell,0,B cell,-1.0686136,4.212446,6733,0.6271520256996155
10X_P7_6_GAACATCCACAAGACG,3-F-56,B cell,0,B cell,0.69099796,2.4312787,6734,0.8781781196594238
10X_P7_6_GAACATCCACATTTCT,3-F-56,natural killer cell,5,natural killer cell,31.07225,-1.9849598,6735,1.6612589359283447
10X_P7_6_GAACATCCATAACCTG,3-F-56,B cell,0,B cell,0.5385642,4.813581,6736,0.9668869376182556
10X_P7_6_GAACATCCATCCGGGT,3-F-56,T cell,3,T cell,27.864698,-1.2844787,6737,1.0909086465835571
10X_P7_6_GAACATCGTTCACCTC,3-F-56,B cell,1,Unmatched_1,3.2899973,8.213366,6738,0.6387293934822083
10X_P7_6_GAACATCGTTTCGCTC,3-F-56,B cell,1,Unmatched_1,3.369029,7.9019136,6739,0.490469366312027
10X_P7_6_GAACATCTCACCTCGT,3-F-56,T cell,3,T cell,25.9793,-0.13693814,6740,2.0649635791778564
10X_P7_6_GAACATCTCATCTGTT,3-F-56,B cell,1,Unmatched_1,4.8277893,7.1672683,6741,0.9476191997528076
10X_P7_6_GAACATCTCCACGTTC,3-F-56,B cell,1,Unmatched_1,2.4687383,8.244876,6742,0.8345580697059631
10X_P7_6_GAACATCTCCAGGGCT,3-F-56,B cell,0,B cell,2.5550177,2.8829596,6743,0.569461464881897
10X_P7_6_GAACATCTCGATCCCT,3-F-56,B cell,0,B cell,1.3344023,3.9914541,6744,0.8436400890350342
10X_P7_6_GAACATCTCGCCCTTA,3-F-56,T cell,2,Unmatched_2,27.435183,0.44920722,6745,0.6714093089103699
10X_P7_6_GAACATCTCGGTCCGA,3-F-56,T cell,3,T cell,26.68729,-0.17166612,6746,0.7295621633529663
10X_P7_6_GAACATCTCGTACCGG,3-F-56,B cell,0,B cell,1.572829,2.6520288,6747,1.3608380556106567
10X_P7_6_GAACATCTCTAACCGA,3-F-56,B cell,0,B cell,0.58844835,3.4478736,6748,0.6555740237236023
10X_P7_6_GAACCTAAGACTAGGC,3-F-56,B cell,0,B cell,0.70719594,2.4849448,6749,0.7926445007324219
10X_P7_6_GAACCTAAGCTTTGGT,3-F-56,B cell,0,B cell,1.3389801,2.0328724,6750,0.5916858911514282
10X_P7_6_GAACCTAAGGTAGCCA,3-F-56,B cell,1,Unmatched_1,4.056536,7.163948,6751,0.8107364177703857
10X_P7_6_GAACCTAAGTCCTCCT,3-F-56,B cell,1,Unmatched_1,3.1630507,8.441919,6752,0.4390442073345184
10X_P7_6_GAACCTAAGTGAATTG,3-F-56,B cell,7,Unmatched_7,4.0335755,13.08913,6753,0.6432091593742371
10X_P7_6_GAACCTACACGGATAG,3-F-56,T cell,3,T cell,28.67315,-1.4845078,6754,1.5746235847473145
10X_P7_6_GAACCTAGTCAGTGGA,3-F-56,T cell,2,Unmatched_2,26.83666,1.0507686,6755,0.6782131195068359
10X_P7_6_GAACCTAGTGACGGTA,3-F-56,B cell,0,B cell,0.23672466,6.9935603,6756,0.8293805718421936
10X_P7_6_GAACCTATCCTTCAAT,3-F-56,B cell,0,B cell,2.374617,3.829843,6757,1.1761445999145508
10X_P7_6_GAACGGAAGACAAGCC,3-F-56,B cell,0,B cell,1.5198795,2.0435483,6758,0.5725404620170593
10X_P7_6_GAACGGAAGCAGACTG,3-F-56,B cell,0,B cell,-0.009077836,6.43797,6759,0.838695228099823
10X_P7_6_GAACGGAAGCCCAATT,3-F-56,B cell,1,Unmatched_1,3.6688604,8.365285,6760,0.8115729689598083
10X_P7_6_GAACGGACAAGGTTTC,3-F-56,B cell,0,B cell,-0.08793057,3.1048534,6761,0.5720435380935669
10X_P7_6_GAACGGACATGCGCAC,3-F-56,B cell,0,B cell,2.557148,2.5227723,6762,0.6048676371574402
10X_P7_6_GAACGGACATTCGACA,3-F-56,B cell,6,Unmatched_6,0.25205207,11.336028,6763,2.730185270309448
10X_P7_6_GAACGGAGTAAGTAGT,3-F-56,natural killer cell,5,natural killer cell,30.874512,-2.3515055,6764,2.117744207382202
10X_P7_6_GAACGGAGTAGCAAAT,3-F-56,B cell,0,B cell,1.9743372,3.3123674,6765,0.8247280716896057
10X_P7_6_GAACGGAGTAGCTGCC,3-F-56,B cell,0,B cell,2.4417953,3.0035338,6766,0.6545227766036987
10X_P7_6_GAACGGAGTGCGGTAA,3-F-56,T cell,2,Unmatched_2,28.345137,0.07913464,6767,1.7495756149291992
10X_P7_6_GAACGGAGTGGTACAG,3-F-56,natural killer cell,5,natural killer cell,30.646524,-2.1650076,6768,2.940760850906372
10X_P7_6_GAACGGAGTTGGACCC,3-F-56,T cell,2,Unmatched_2,26.887331,1.3605373,6769,0.8068452477455139
10X_P7_6_GAACGGAGTTTACTCT,3-F-56,natural killer cell,5,natural killer cell,31.015501,-2.450446,6770,2.281632900238037
10X_P7_6_GAACGGATCAGCACAT,3-F-56,B cell,1,Unmatched_1,-2.495573,4.042787,6771,1.195271134376526
10X_P7_6_GAACGGATCTGTCTAT,3-F-56,B cell,0,B cell,1.9096866,3.5896008,6772,0.6427815556526184
10X_P7_6_GAAGCAGAGACCTAGG,3-F-56,B cell,1,Unmatched_1,2.046695,7.566928,6773,0.7811475396156311
10X_P7_6_GAAGCAGAGATCCGAG,3-F-56,B cell,0,B cell,-0.5772869,5.103511,6774,0.6949522495269775
10X_P7_6_GAAGCAGAGCGATATA,3-F-56,T cell,2,Unmatched_2,27.610378,0.9417801,6775,0.6812329292297363
10X_P7_6_GAAGCAGAGTAGGTGC,3-F-56,T cell,3,T cell,25.976515,-0.75798535,6776,0.5642748475074768
10X_P7_6_GAAGCAGCATTTCACT,3-F-56,B cell,0,B cell,0.04737581,4.689875,6777,0.3894445896148681
10X_P7_6_GAAGCAGGTCCAGTAT,3-F-56,T cell,3,T cell,26.401703,-0.91955036,6778,0.6526453495025635
10X_P7_6_GAAGCAGGTTCGAATC,3-F-56,B cell,1,Unmatched_1,2.227935,7.6838164,6779,0.8997430205345154
10X_P7_6_GAAGCAGTCGTTACAG,3-F-56,B cell,0,B cell,2.354489,3.2505884,6780,0.475664734840393
10X_P7_6_GAATAAGAGATCTGAA,3-F-56,B cell,0,B cell,-1.0403577,4.7942166,6781,1.013114094734192
10X_P7_6_GAATAAGAGCCGGTAA,3-F-56,macrophage,4,macrophage,3.7823412,15.780354,6782,1.988237738609314
10X_P7_6_GAATAAGCAATGGAAT,3-F-56,B cell,1,Unmatched_1,3.7716327,7.5132995,6783,0.9753891825675964
10X_P7_6_GAATAAGCAGAAGCAC,3-F-56,T cell,3,T cell,27.921494,-1.2484057,6784,1.079648733139038
10X_P7_6_GAATAAGCAGGGTATG,3-F-56,T cell,2,Unmatched_2,29.457314,0.814879,6785,1.451653242111206
10X_P7_6_GAATAAGCAGTCACTA,3-F-56,B cell,1,Unmatched_1,2.2658837,6.9831495,6786,0.6081917881965637
10X_P7_6_GAATAAGCATTAACCG,3-F-56,B cell,0,B cell,-0.24414547,4.191162,6787,0.4065541625022888
10X_P7_6_GAATAAGGTACAGTTC,3-F-56,B cell,0,B cell,-0.68828815,4.3442345,6788,0.5801798105239868
10X_P7_6_GAATAAGGTAGCAAAT,3-F-56,B cell,1,Unmatched_1,2.9393723,8.498497,6789,0.5002449154853821
10X_P7_6_GAATAAGGTGACTACT,3-F-56,B cell,0,B cell,0.7663831,4.5327315,6790,0.5886105895042419
10X_P7_6_GAATAAGTCACCCGAG,3-F-56,B cell,1,Unmatched_1,2.7838955,8.525159,6791,0.4826002120971679
10X_P7_6_GAATAAGTCAGTGCAT,3-F-56,B cell,0,B cell,1.6602446,4.3145185,6792,0.7104653716087341
10X_P7_6_GAATAAGTCTCGTTTA,3-F-56,B cell,0,B cell,1.4852588,7.3433022,6793,0.7564152479171753
10X_P7_6_GAATAAGTCTTACCGC,3-F-56,macrophage,4,macrophage,5.2990937,16.171019,6794,2.2147436141967773
10X_P7_6_GAATGAAAGAGAGCTC,3-F-56,B cell,1,Unmatched_1,2.400139,8.261837,6795,0.5372267365455627
10X_P7_6_GAATGAAAGCGGATCA,3-F-56,B cell,0,B cell,1.3838341,1.945015,6796,1.1976349353790283
10X_P7_6_GAATGAAAGGGTGTGT,3-F-56,B cell,1,Unmatched_1,3.4932907,8.419863,6797,0.4555760622024536
10X_P7_6_GAATGAAAGTGGTAAT,3-F-56,B cell,2,Unmatched_2,24.979816,1.9466082,6798,1.1850839853286743
10X_P7_6_GAATGAACAAGGACTG,3-F-56,T cell,2,Unmatched_2,28.642893,0.34807166,6799,0.9502440690994264
10X_P7_6_GAATGAACAATGGTCT,3-F-56,B cell,0,B cell,2.7418647,4.1705127,6800,1.0298609733581543
10X_P7_6_GAATGAAGTCGAACAG,3-F-56,B cell,0,B cell,-0.38987485,4.1912913,6801,0.8211675882339478
10X_P7_6_GAATGAATCAATCTCT,3-F-56,T cell,2,Unmatched_2,26.965462,1.2259184,6802,0.8508315086364746
10X_P7_6_GAATGAATCCCTCAGT,3-F-56,macrophage,4,macrophage,1.8521733,16.804188,6803,1.9164273738861084
10X_P7_6_GAATGAATCCGCGGTA,3-F-56,B cell,0,B cell,0.24470481,3.737832,6804,0.5778423547744751
10X_P7_6_GACACGCAGGCGATAC,3-F-56,B cell,0,B cell,3.4403052,5.9773026,6805,0.4732747375965118
10X_P7_6_GACACGCAGGGCATGT,3-F-56,T cell,3,T cell,25.947002,-0.67142963,6806,0.583206295967102
10X_P7_6_GACACGCAGGTGACCA,3-F-56,B cell,0,B cell,0.94831645,3.3926554,6807,0.579777181148529
10X_P7_6_GACACGCCAAATACAG,3-F-56,B cell,0,B cell,1.8504723,4.972829,6808,0.6830349564552307
10X_P7_6_GACACGCCAAGTCTAC,3-F-56,B cell,0,B cell,-0.28562993,4.2949286,6809,0.954752802848816
10X_P7_6_GACACGCCACAGGTTT,3-F-56,B cell,0,B cell,1.933847,6.1529093,6810,0.9582852721214294
10X_P7_6_GACACGCCAGGTTTCA,3-F-56,T cell,3,T cell,26.242123,-0.003703073,6811,0.8591282367706299
10X_P7_6_GACACGCGTCCAGTAT,3-F-56,T cell,2,Unmatched_2,27.22211,0.9657686,6812,1.1833308935165403
10X_P7_6_GACACGCGTCGACTGC,3-F-56,macrophage,4,macrophage,5.2632103,16.167496,6813,2.360257625579834
10X_P7_6_GACACGCGTCGGGTCT,3-F-56,B cell,0,B cell,-0.5278108,3.396114,6814,0.7760263085365295
10X_P7_6_GACACGCGTTACCAGT,3-F-56,T cell,2,Unmatched_2,29.108011,0.7158091,6815,2.8559908866882324
10X_P7_6_GACACGCGTTGTGGCC,3-F-56,B cell,0,B cell,0.6736229,5.632266,6816,0.909042477607727
10X_P7_6_GACACGCTCATGCTCC,3-F-56,B cell,0,B cell,-0.90476114,4.6152096,6817,0.798266589641571
10X_P7_6_GACACGCTCCAGGGCT,3-F-56,macrophage,4,macrophage,2.5276084,16.43903,6818,2.023956298828125
10X_P7_6_GACACGCTCCATGAGT,3-F-56,B cell,0,B cell,1.6643746,4.689322,6819,1.3218671083450315
10X_P7_6_GACACGCTCGTTTGCC,3-F-56,B cell,0,B cell,0.7706358,3.6903696,6820,0.5542603731155396
10X_P7_6_GACACGCTCTAACTCT,3-F-56,B cell,0,B cell,2.016258,2.7161498,6821,0.4411770105361938
10X_P7_6_GACACGCTCTGCTGTC,3-F-56,B cell,0,B cell,1.1061089,5.734321,6822,1.602602243423462
10X_P7_6_GACAGAGAGGGCTCTC,3-F-56,B cell,1,Unmatched_1,3.5813527,8.554444,6823,0.690099835395813
10X_P7_6_GACAGAGAGGTCATCT,3-F-56,B cell,1,Unmatched_1,2.9952714,8.317189,6824,0.4781823754310608
10X_P7_6_GACAGAGAGGTGCTAG,3-F-56,B cell,0,B cell,0.7825545,5.1141872,6825,0.677132248878479
10X_P7_6_GACAGAGCAACAACCT,3-F-56,B cell,0,B cell,0.97602093,6.8241606,6826,1.3921725749969482
10X_P7_6_GACAGAGGTCGTCTTC,3-F-56,B cell,0,B cell,0.74699676,3.8340344,6827,0.636763334274292
10X_P7_6_GACAGAGGTGCCTTGG,3-F-56,T cell,2,Unmatched_2,27.199484,0.99985224,6828,0.6486226320266724
10X_P7_6_GACAGAGTCAGGCGAA,3-F-56,B cell,0,B cell,0.5275341,5.3269153,6829,0.5150133967399597
10X_P7_6_GACAGAGTCGCTTAGA,3-F-56,B cell,0,B cell,1.1859609,5.0963497,6830,0.9025661945343018
10X_P7_6_GACCAATAGGTAAACT,3-F-56,B cell,1,Unmatched_1,-2.1632395,4.011958,6831,0.6937682628631592
10X_P7_6_GACCAATAGTATGACA,3-F-56,B cell,0,B cell,0.46889555,7.608729,6832,0.7729495763778687
10X_P7_6_GACCAATAGTCTCGGC,3-F-56,B cell,0,B cell,1.0499537,2.139136,6833,0.7974197864532471
10X_P7_6_GACCAATAGTGCGATG,3-F-56,B cell,0,B cell,1.5385336,4.896853,6834,1.040673851966858
10X_P7_6_GACCAATCAAACCCAT,3-F-56,natural killer cell,5,natural killer cell,30.73147,-2.1702993,6835,2.8338863849639893
10X_P7_6_GACCAATGTCTTCAAG,3-F-56,T cell,3,T cell,27.883183,-1.2582048,6836,0.9822007417678832
10X_P7_6_GACCAATGTTAAGACA,3-F-56,B cell,0,B cell,-0.14635105,6.544878,6837,1.915070414543152
10X_P7_6_GACCAATGTTATCACG,3-F-56,B cell,0,B cell,1.8007392,3.9390264,6838,0.8838527202606201
10X_P7_6_GACCAATTCAGCTCTC,3-F-56,B cell,1,Unmatched_1,3.173274,8.597083,6839,0.4597558081150055
10X_P7_6_GACCAATTCGTTACAG,3-F-56,B cell,1,Unmatched_1,2.108465,7.08032,6840,0.8379752039909363
10X_P7_6_GACCAATTCTCTGTCG,3-F-56,B cell,0,B cell,1.1252275,3.9286668,6841,0.7595070600509644
10X_P7_6_GACCTGGAGCTGATAA,3-F-56,B cell,0,B cell,1.3266345,2.4459643,6842,1.2333179712295532
10X_P7_6_GACCTGGAGGTGTTAA,3-F-56,B cell,0,B cell,1.10047,3.6736336,6843,0.8233485221862793
10X_P7_6_GACCTGGAGTGGTAAT,3-F-56,B cell,0,B cell,2.6823895,3.1540515,6844,0.6915367245674133
10X_P7_6_GACCTGGCAATCGAAA,3-F-56,B cell,0,B cell,0.7483039,4.2066326,6845,1.1172053813934326
10X_P7_6_GACCTGGCACATTTCT,3-F-56,B cell,0,B cell,-0.5067862,3.9429934,6846,1.970764398574829
10X_P7_6_GACCTGGCAGCCACCA,3-F-56,B cell,1,Unmatched_1,-2.2543318,4.1724873,6847,0.9027993083000184
10X_P7_6_GACCTGGCAGCTCGAC,3-F-56,B cell,0,B cell,0.28048944,4.878888,6848,0.9668501615524292
10X_P7_6_GACCTGGCATTACCTT,3-F-56,B cell,0,B cell,2.5831642,4.648661,6849,0.9617676138877868
10X_P7_6_GACCTGGGTCCAGTGC,3-F-56,B cell,1,Unmatched_1,2.385377,7.9427104,6850,0.6667036414146423
10X_P7_6_GACCTGGGTCGGATCC,3-F-56,T cell,2,Unmatched_2,27.416683,1.3434521,6851,0.5196830034255981
10X_P7_6_GACCTGGGTGTGGTTT,3-F-56,B cell,0,B cell,2.5154688,3.116808,6852,0.4095592796802521
10X_P7_6_GACCTGGTCATGGTCA,3-F-56,B cell,0,B cell,1.7519433,7.110471,6853,0.8197451233863831
10X_P7_6_GACCTGGTCATTATCC,3-F-56,B cell,0,B cell,1.2852107,2.63559,6854,0.4727514088153839
10X_P7_6_GACCTGGTCGACGGAA,3-F-56,B cell,0,B cell,-2.088971,5.2455645,6855,1.1631016731262207
10X_P7_6_GACCTGGTCTATGTGG,3-F-56,B cell,0,B cell,0.87942165,4.2566767,6856,0.4778988063335418
10X_P7_6_GACCTGGTCTCGCTTG,3-F-56,B cell,0,B cell,-0.8285262,5.819262,6857,0.7322241067886353
10X_P7_6_GACCTGGTCTCTAAGG,3-F-56,B cell,0,B cell,1.278322,5.7803664,6858,0.9945974946022034
10X_P7_6_GACGCGTAGAAGGGTA,3-F-56,B cell,0,B cell,1.331416,2.9460726,6859,0.7642248868942261
10X_P7_6_GACGCGTAGCAACGGT,3-F-56,macrophage,4,macrophage,3.6453035,6.2894053,6860,2.288088321685791
10X_P7_6_GACGCGTAGTCATGCT,3-F-56,B cell,0,B cell,1.3831955,4.113484,6861,0.7789118885993958
10X_P7_6_GACGCGTAGTTCGCAT,3-F-56,B cell,1,Unmatched_1,3.054882,8.296032,6862,0.8440206050872803
10X_P7_6_GACGCGTCAAGACGTG,3-F-56,natural killer cell,5,natural killer cell,30.316223,-1.3125398,6863,3.1127817630767822
10X_P7_6_GACGCGTCAGATCCAT,3-F-56,B cell,0,B cell,0.5276947,4.4808145,6864,0.4723292291164398
10X_P7_6_GACGCGTGTACCTACA,3-F-56,B cell,0,B cell,-0.32575178,5.118161,6865,0.7641077637672424
10X_P7_6_GACGCGTGTATCACCA,3-F-56,B cell,0,B cell,-0.16819227,3.2727234,6866,0.5622926950454712
10X_P7_6_GACGCGTGTCATTAGC,3-F-56,B cell,0,B cell,2.1546645,5.901123,6867,1.2268266677856443
10X_P7_6_GACGCGTGTCCAGTAT,3-F-56,B cell,0,B cell,1.8967898,7.0142794,6868,0.8037241101264954
10X_P7_6_GACGCGTGTCTAGTGT,3-F-56,B cell,1,Unmatched_1,3.0724633,7.2687526,6869,0.6907356381416321
10X_P7_6_GACGCGTTCTGGCGAC,3-F-56,B cell,1,Unmatched_1,2.2057617,7.60786,6870,0.6955704092979431
10X_P7_6_GACGGCTAGCGAAGGG,3-F-56,B cell,2,Unmatched_2,24.927658,1.9263066,6871,1.0726388692855835
10X_P7_6_GACGGCTAGCGGATCA,3-F-56,T cell,5,natural killer cell,29.980425,-0.6525074,6872,1.5042763948440552
10X_P7_6_GACGGCTCACGCATCG,3-F-56,B cell,0,B cell,2.3519232,4.329867,6873,0.5323697328567505
10X_P7_6_GACGGCTGTACCGAGA,3-F-56,B cell,0,B cell,1.8162831,7.0676064,6874,0.791488766670227
10X_P7_6_GACGGCTGTCATGCAT,3-F-56,B cell,0,B cell,2.1324277,7.142969,6875,1.1065081357955933
10X_P7_6_GACGGCTGTCCAGTAT,3-F-56,B cell,1,Unmatched_1,2.3568857,8.238771,6876,0.683576762676239
10X_P7_6_GACGGCTTCATCGCTC,3-F-56,T cell,3,T cell,25.831118,-0.8688894,6877,0.6181899309158325
10X_P7_6_GACGGCTTCTACCTGC,3-F-56,B cell,0,B cell,2.6811113,5.6426806,6878,1.3156660795211792
10X_P7_6_GACGGCTTCTGCTTGC,3-F-56,B cell,1,Unmatched_1,2.44849,8.461459,6879,0.4853663742542267
10X_P7_6_GACGTGCAGTCATGCT,3-F-56,B cell,1,Unmatched_1,2.6090167,7.843391,6880,0.4285853207111358
10X_P7_6_GACGTGCCACTAAGTC,3-F-56,B cell,0,B cell,1.1721668,4.6815176,6881,0.5274128317832947
10X_P7_6_GACGTGCCAGCTATTG,3-F-56,B cell,0,B cell,0.7890726,5.530263,6882,0.9300484657287598
10X_P7_6_GACGTGCGTGCTTCTC,3-F-56,dendritic cell,8,dendritic cell,3.5899038,17.862091,6883,3.745244026184082
10X_P7_6_GACGTGCGTGTGCCTG,3-F-56,T cell,5,natural killer cell,30.117384,-0.58589244,6884,1.541945219039917
10X_P7_6_GACGTGCGTTCTCATT,3-F-56,macrophage,4,macrophage,5.160711,16.208723,6885,2.830096960067749
10X_P7_6_GACGTGCTCTACGAGT,3-F-56,natural killer cell,5,natural killer cell,30.986206,-2.4460196,6886,1.4594117403030396
10X_P7_6_GACGTTAAGAAGGTTT,3-F-56,B cell,0,B cell,1.9588971,3.1928313,6887,0.6216766834259033
10X_P7_6_GACGTTAAGTACGACG,3-F-56,B cell,1,Unmatched_1,3.4761398,8.604431,6888,0.7095333933830261
10X_P7_6_GACGTTACAGAGCCAA,3-F-56,B cell,0,B cell,-0.20318775,4.3801928,6889,0.6072832345962524
10X_P7_6_GACGTTACAGTTAACC,3-F-56,B cell,0,B cell,-0.39454082,4.233364,6890,0.7075546383857727
10X_P7_6_GACGTTACATGACGGA,3-F-56,B cell,1,Unmatched_1,3.7876356,7.558035,6891,0.6843551397323608
10X_P7_6_GACGTTAGTAAGAGAG,3-F-56,B cell,0,B cell,-0.19380365,6.422721,6892,0.7775206565856934
10X_P7_6_GACGTTAGTCACACGC,3-F-56,B cell,0,B cell,0.5071128,7.781172,6893,0.8491793870925903
10X_P7_6_GACGTTAGTTAAGTAG,3-F-56,B cell,1,Unmatched_1,3.0074236,8.188598,6894,0.8698765635490417
10X_P7_6_GACGTTAGTTATCGGT,3-F-56,B cell,0,B cell,1.4324352,3.3335354,6895,0.537763774394989
10X_P7_6_GACGTTAGTTTCGCTC,3-F-56,B cell,0,B cell,0.053203337,6.5393195,6896,1.3428970575332642
10X_P7_6_GACGTTATCCCGACTT,3-F-56,T cell,2,Unmatched_2,27.55841,1.5119423,6897,0.9460307359695436
10X_P7_6_GACGTTATCGTCACGG,3-F-56,B cell,0,B cell,0.43311176,4.917861,6898,0.4087700545787811
10X_P7_6_GACGTTATCGTCTGAA,3-F-56,B cell,1,Unmatched_1,3.4756377,8.021188,6899,0.7175737023353577
10X_P7_6_GACTAACAGAAGAAGC,3-F-56,T cell,2,Unmatched_2,27.665087,0.8765671,6900,1.818573236465454
10X_P7_6_GACTAACAGCCGCCTA,3-F-56,B cell,1,Unmatched_1,4.534977,14.624019,6901,0.926826000213623
10X_P7_6_GACTAACCAGAGCCAA,3-F-56,T cell,3,T cell,25.730896,-1.1079111,6902,0.6405642628669739
10X_P7_6_GACTAACGTGAGGCTA,3-F-56,B cell,1,Unmatched_1,3.266523,8.185866,6903,0.4821542799472809
10X_P7_6_GACTAACGTTCGTTGA,3-F-56,B cell,6,Unmatched_6,0.2910811,11.124075,6904,1.6045019626617432
10X_P7_6_GACTAACTCGAGCCCA,3-F-56,B cell,0,B cell,-0.8488839,3.2741785,6905,0.9893888235092164
10X_P7_6_GACTAACTCGCTTGTC,3-F-56,B cell,0,B cell,0.4989588,4.6854095,6906,0.9190177917480468
10X_P7_6_GACTACAAGCGTTGCC,3-F-56,T cell,3,T cell,26.59501,-0.86844075,6907,0.6998549103736877
10X_P7_6_GACTACACAAATTGCC,3-F-56,T cell,3,T cell,26.253326,-1.1758907,6908,0.8305822610855103
10X_P7_6_GACTACACACTTCTGC,3-F-56,B cell,0,B cell,-0.060004696,4.6141777,6909,0.4500689506530761
10X_P7_6_GACTACACAGGGATTG,3-F-56,B cell,0,B cell,-0.38672873,3.3965342,6910,1.0039496421813965
10X_P7_6_GACTACAGTACAAGTA,3-F-56,B cell,0,B cell,0.37157574,4.216353,6911,0.6183963418006897
10X_P7_6_GACTACAGTACCGGCT,3-F-56,B cell,0,B cell,-1.4287685,4.9156303,6912,1.8016632795333865
10X_P7_6_GACTACAGTACTCGCG,3-F-56,B cell,0,B cell,-1.5047301,4.887494,6913,0.8998234868049622
10X_P7_6_GACTACAGTTGGTGGA,3-F-56,B cell,0,B cell,2.6523821,6.0041924,6914,1.1934746503829956
10X_P7_6_GACTACAGTTGTACAC,3-F-56,B cell,0,B cell,1.2197582,5.5695634,6915,1.526875138282776
10X_P7_6_GACTACATCAGTCAGT,3-F-56,B cell,1,Unmatched_1,3.243671,8.442024,6916,0.8344892263412476
10X_P7_6_GACTACATCGCAAACT,3-F-56,B cell,0,B cell,1.2873251,3.0519361,6917,0.7238287329673767
10X_P7_6_GACTACATCGTTGACA,3-F-56,B cell,0,B cell,-0.7141397,4.1439323,6918,0.4852734208106994
10X_P7_6_GACTACATCTACCAGA,3-F-56,B cell,0,B cell,0.79514617,4.7779136,6919,1.0693305730819702
10X_P7_6_GACTGCGCAATTGCTG,3-F-56,B cell,0,B cell,0.52757925,5.580313,6920,0.7696506977081299
10X_P7_6_GACTGCGCACATTTCT,3-F-56,B cell,1,Unmatched_1,-2.060161,4.09845,6921,0.403523325920105
10X_P7_6_GACTGCGCACCAACCG,3-F-56,B cell,0,B cell,1.129473,6.2089763,6922,0.8277043104171753
10X_P7_6_GACTGCGCAGCTCGAC,3-F-56,B cell,0,B cell,0.27615654,3.5304017,6923,0.5545439720153809
10X_P7_6_GACTGCGGTCTCACCT,3-F-56,T cell,2,Unmatched_2,28.523941,0.25626376,6924,0.9608176946640016
10X_P7_6_GACTGCGGTTTACTCT,3-F-56,B cell,0,B cell,0.99179304,4.3657165,6925,1.1982825994491575
10X_P7_6_GACTGCGTCAAGGTAA,3-F-56,B cell,0,B cell,2.472321,3.563483,6926,0.7515795826911926
10X_P7_6_GACTGCGTCACATGCA,3-F-56,B cell,0,B cell,1.481133,2.5086544,6927,0.5072413682937622
10X_P7_6_GACTGCGTCATTATCC,3-F-56,B cell,1,Unmatched_1,3.4356155,7.625423,6928,0.9603062272071838
10X_P7_6_GACTGCGTCCGTTGCT,3-F-56,natural killer cell,5,natural killer cell,30.941887,-1.8713385,6929,2.1300487518310547
10X_P7_6_GAGCAGAAGATCTGAA,3-F-56,B cell,0,B cell,3.5211558,6.193133,6930,0.8061702847480774
10X_P7_6_GAGCAGAAGTAACCCT,3-F-56,B cell,6,Unmatched_6,0.3620916,10.86393,6931,1.889055013656616
10X_P7_6_GAGCAGACAACTGCTA,3-F-56,B cell,0,B cell,0.2687863,5.1748843,6932,0.4875692129135132
10X_P7_6_GAGCAGAGTACATCCA,3-F-56,B cell,0,B cell,-0.74235547,4.439917,6933,0.8506250977516174
10X_P7_6_GAGCAGAGTAGGCATG,3-F-56,T cell,3,T cell,25.81901,-1.3167801,6934,0.5785430669784546
10X_P7_6_GAGCAGAGTCTACCTC,3-F-56,B cell,0,B cell,2.298456,3.7618787,6935,0.4620446562767029
10X_P7_6_GAGCAGAGTTCGAATC,3-F-56,B cell,0,B cell,2.7883346,4.7042556,6936,0.6882199645042419
10X_P7_6_GAGCAGATCAGCTGGC,3-F-56,B cell,0,B cell,1.9151056,4.307699,6937,0.6945977210998535
10X_P7_6_GAGCAGATCCGCATAA,3-F-56,B cell,1,Unmatched_1,3.363369,8.644929,6938,0.5364544987678528
10X_P7_6_GAGCAGATCTGTTGAG,3-F-56,T cell,3,T cell,27.899817,-1.3395369,6939,0.8667969107627869
10X_P7_6_GAGCAGATCTTGTTTG,3-F-56,B cell,0,B cell,0.40728012,3.7667134,6940,0.4891303777694702
10X_P7_6_GAGGTGAAGACATAAC,3-F-56,macrophage,4,macrophage,4.9905853,16.242266,6941,2.376714944839477
10X_P7_6_GAGGTGAAGATCTGCT,3-F-56,T cell,3,T cell,25.79313,-0.97334445,6942,0.7969955801963806
10X_P7_6_GAGGTGACAATGACCT,3-F-56,B cell,1,Unmatched_1,2.9474971,7.728775,6943,1.1395156383514404
10X_P7_6_GAGGTGACACCATGTA,3-F-56,B cell,0,B cell,1.8197306,3.0771954,6944,0.9086036086082458
10X_P7_6_GAGGTGACACGAAGCA,3-F-56,T cell,5,natural killer cell,29.89037,-0.7205376,6945,1.9107234477996824
10X_P7_6_GAGGTGACAGTTAACC,3-F-56,B cell,0,B cell,-0.784147,4.0770655,6946,0.7671630382537842
10X_P7_6_GAGGTGACATGCCACG,3-F-56,T cell,2,Unmatched_2,28.504896,0.3011116,6947,0.90315842628479
10X_P7_6_GAGGTGACATGCCTTC,3-F-56,B cell,1,Unmatched_1,4.178856,7.007024,6948,1.3385378122329712
10X_P7_6_GAGGTGAGTACATCCA,3-F-56,T cell,2,Unmatched_2,27.564867,1.0282801,6949,0.4980044066905975
10X_P7_6_GAGGTGAGTACGACCC,3-F-56,B cell,0,B cell,1.6527103,3.3291872,6950,0.922552227973938
10X_P7_6_GAGGTGAGTCAAAGAT,3-F-56,B cell,0,B cell,1.849113,3.1859984,6951,0.6815612316131592
10X_P7_6_GAGGTGATCAGCTCTC,3-F-56,B cell,0,B cell,1.3621757,3.6678958,6952,0.7092258930206299
10X_P7_6_GAGGTGATCAGCTGGC,3-F-56,B cell,0,B cell,1.9081439,3.69032,6953,0.4333068430423736
10X_P7_6_GAGGTGATCATTCACT,3-F-56,B cell,1,Unmatched_1,3.928093,7.750039,6954,0.7854481339454651
10X_P7_6_GAGGTGATCGTCTGCT,3-F-56,B cell,0,B cell,0.66083044,3.7462275,6955,0.5006172060966492
10X_P7_6_GAGGTGATCTAACCGA,3-F-56,T cell,2,Unmatched_2,27.299484,1.0130811,6956,0.5527505874633789
10X_P7_6_GAGTCCGAGCCAACAG,3-F-56,B cell,0,B cell,0.4590271,3.2850492,6957,0.6124411225318909
10X_P7_6_GAGTCCGAGCCAGTTT,3-F-56,B cell,0,B cell,2.4790862,7.019089,6958,0.498662382364273
10X_P7_6_GAGTCCGAGCTAACTC,3-F-56,T cell,2,Unmatched_2,27.106855,1.4892372,6959,0.8542576432228088
10X_P7_6_GAGTCCGAGCTCTCGG,3-F-56,T cell,3,T cell,25.658388,-1.1382536,6960,1.1431479454040527
10X_P7_6_GAGTCCGAGGAATCGC,3-F-56,T cell,3,T cell,26.073395,-0.66875684,6961,0.5775378346443176
10X_P7_6_GAGTCCGAGTCCTCCT,3-F-56,B cell,1,Unmatched_1,2.9985914,8.596599,6962,0.4635657370090484
10X_P7_6_GAGTCCGCACCAGCAC,3-F-56,B cell,1,Unmatched_1,3.4416535,8.355204,6963,0.5479978322982788
10X_P7_6_GAGTCCGCAGATCGGA,3-F-56,B cell,1,Unmatched_1,3.571435,7.58711,6964,0.5768465399742126
10X_P7_6_GAGTCCGCATGTCCTC,3-F-56,B cell,0,B cell,2.470704,4.344424,6965,0.6403659582138062
10X_P7_6_GAGTCCGGTCCGAGTC,3-F-56,T cell,3,T cell,25.903864,-0.65848136,6966,3.646089553833008
10X_P7_6_GAGTCCGGTTGTCTTT,3-F-56,B cell,0,B cell,2.238121,2.0888767,6967,0.8727424144744873
10X_P7_6_GAGTCCGTCACTCCTG,3-F-56,B cell,0,B cell,1.1709117,2.7771838,6968,0.8172146081924438
10X_P7_6_GAGTCCGTCAGCATGT,3-F-56,B cell,2,Unmatched_2,28.929218,0.3054109,6969,1.734524130821228
10X_P7_6_GATCAGTAGCCCTAAT,3-F-56,B cell,0,B cell,-0.61802214,3.4193394,6970,0.5295137166976929
10X_P7_6_GATCAGTCATAAAGGT,3-F-56,T cell,3,T cell,26.055908,-0.41304755,6971,0.9191259741783142
10X_P7_6_GATCAGTCATCCCATC,3-F-56,B cell,0,B cell,1.769155,2.587772,6972,0.4444778263568878
10X_P7_6_GATCAGTGTACCGCTG,3-F-56,B cell,1,Unmatched_1,3.9561436,7.609549,6973,0.66014164686203
10X_P7_6_GATCAGTGTAGAGCTG,3-F-56,B cell,6,Unmatched_6,0.74634105,11.471467,6974,5.334986209869385
10X_P7_6_GATCAGTGTGCAACGA,3-F-56,B cell,0,B cell,-0.028258802,4.7490187,6975,0.5416265726089478
10X_P7_6_GATCAGTGTGGTACAG,3-F-56,B cell,0,B cell,0.7630403,6.309448,6976,1.3376426696777344
10X_P7_6_GATCAGTTCCTGCTTG,3-F-56,B cell,0,B cell,2.2153292,5.3148994,6977,1.0357824563980105
10X_P7_6_GATCAGTTCCTGTAGA,3-F-56,B cell,0,B cell,0.9738698,2.8088915,6978,0.7415482401847839
10X_P7_6_GATCAGTTCTATCCTA,3-F-56,B cell,0,B cell,1.7252961,2.7245655,6979,0.4787948429584503
10X_P7_6_GATCAGTTCTCCAGGG,3-F-56,T cell,3,T cell,28.291565,-1.3781289,6980,1.043128490447998
10X_P7_6_GATCAGTTCTGCAGTA,3-F-56,B cell,0,B cell,2.3549068,3.6185212,6981,0.72675621509552
10X_P7_6_GATCGATAGCACGCCT,3-F-56,B cell,0,B cell,1.6503822,3.4242296,6982,0.8323928117752075
10X_P7_6_GATCGATAGGAGCGAG,3-F-56,B cell,1,Unmatched_1,-2.6786795,4.0636945,6983,0.9014692306518556
10X_P7_6_GATCGATAGGCGACAT,3-F-56,B cell,0,B cell,2.0928805,3.3229167,6984,0.4547919631004333
10X_P7_6_GATCGATAGGCTAGAC,3-F-56,B cell,1,Unmatched_1,2.9005065,8.443726,6985,0.4328041076660156
10X_P7_6_GATCGATAGTTAACGA,3-F-56,T cell,2,Unmatched_2,29.700321,0.91787654,6986,1.4766095876693726
10X_P7_6_GATCGATCACTTCTGC,3-F-56,B cell,0,B cell,0.190224,4.733758,6987,0.8528602719306946
10X_P7_6_GATCGATCAGATAATG,3-F-56,B cell,1,Unmatched_1,2.5147092,8.161426,6988,0.8176658749580383
10X_P7_6_GATCGATGTAAGTAGT,3-F-56,B cell,1,Unmatched_1,4.663887,7.225637,6989,0.7377306818962097
10X_P7_6_GATCGATGTCTTGTCC,3-F-56,B cell,0,B cell,1.7116616,3.4618473,6990,0.6332719326019287
10X_P7_6_GATCGATGTGTAACGG,3-F-56,B cell,0,B cell,0.043621477,4.6225824,6991,0.4346415102481842
10X_P7_6_GATCGATGTTAAGAAC,3-F-56,B cell,0,B cell,-0.005300129,7.238503,6992,1.28788161277771
10X_P7_6_GATCGATTCACGACTA,3-F-56,B cell,0,B cell,0.86795187,3.5555725,6993,0.7172755599021912
10X_P7_6_GATCGATTCCGCGTTT,3-F-56,B cell,1,Unmatched_1,2.1907952,7.8363657,6994,0.6743921637535095
10X_P7_6_GATCGATTCGGCTTGG,3-F-56,B cell,0,B cell,1.6979713,4.4580183,6995,1.0801024436950684
10X_P7_6_GATCGCGAGCCAGTAG,3-F-56,B cell,0,B cell,1.7330303,2.6893938,6996,0.5715561509132385
10X_P7_6_GATCGCGAGCCCAACC,3-F-56,T cell,2,Unmatched_2,28.121035,0.49825284,6997,1.0148440599441528
10X_P7_6_GATCGCGCAAACCTAC,3-F-56,B cell,0,B cell,-1.9878284,5.5696187,6998,1.092154622077942
10X_P7_6_GATCGCGCATGACATC,3-F-56,T cell,3,T cell,26.764496,-0.80091345,6999,0.6581658720970154
10X_P7_6_GATCGCGCATGCTGGC,3-F-56,macrophage,4,macrophage,3.5610604,15.810695,7000,2.0162041187286377
10X_P7_6_GATCGCGGTACAGACG,3-F-56,B cell,0,B cell,-1.1861521,5.36514,7001,1.1073157787322998
10X_P7_6_GATCGCGGTGGACGAT,3-F-56,B cell,0,B cell,2.1668985,3.4730122,7002,0.4240038692951202
10X_P7_6_GATCGCGGTTCATGGT,3-F-56,B cell,0,B cell,-1.5475425,4.1766987,7003,1.5142278671264648
10X_P7_6_GATCGCGTCGATAGAA,3-F-56,B cell,0,B cell,1.0470932,3.73982,7004,0.90194171667099
10X_P7_6_GATCGTAAGTCAATAG,3-F-56,B cell,0,B cell,0.4350952,4.793766,7005,0.5310699939727783
10X_P7_6_GATCGTACACAGATTC,3-F-56,B cell,0,B cell,1.6324408,7.1686935,7006,1.0093225240707395
10X_P7_6_GATCGTACATCGTCGG,3-F-56,B cell,0,B cell,0.627442,3.4953258,7007,0.7777977585792542
10X_P7_6_GATCGTACATCTCCCA,3-F-56,B cell,0,B cell,-0.91275173,3.4787145,7008,0.7406531572341919
10X_P7_6_GATCGTACATGAACCT,3-F-56,B cell,2,Unmatched_2,24.991644,2.019001,7009,1.6699538230895996
10X_P7_6_GATCGTAGTCAGTGGA,3-F-56,B cell,0,B cell,0.71323365,3.044487,7010,0.8758044242858887
10X_P7_6_GATCGTAGTCATATCG,3-F-56,T cell,2,Unmatched_2,28.73086,1.1077696,7011,1.1522783041000366
10X_P7_6_GATCGTAGTTACGACT,3-F-56,B cell,0,B cell,1.7083851,5.969297,7012,0.6153584718704224
10X_P7_6_GATCGTATCAAGCCTA,3-F-56,B cell,0,B cell,0.13301778,4.454811,7013,0.6736670732498169
10X_P7_6_GATCGTATCATACGGT,3-F-56,T cell,2,Unmatched_2,27.121403,1.2201453,7014,0.515398383140564
10X_P7_6_GATCGTATCCGTACAA,3-F-56,B cell,0,B cell,0.28914288,7.2377615,7015,0.7596186995506287
10X_P7_6_GATCGTATCGAATGGG,3-F-56,B cell,0,B cell,0.6093563,3.724932,7016,0.5161044001579285
10X_P7_6_GATCGTATCTGAGGGA,3-F-56,B cell,1,Unmatched_1,2.1827285,8.217753,7017,0.5821733474731445
10X_P7_6_GATCTAGAGCAGATCG,3-F-56,B cell,0,B cell,3.614169,6.2118564,7018,1.5588165521621704
10X_P7_6_GATCTAGAGCGTTTAC,3-F-56,B cell,0,B cell,1.533209,5.1995873,7019,0.8803554177284241
10X_P7_6_GATCTAGAGCTCAACT,3-F-56,B cell,0,B cell,0.5600188,3.9210253,7020,0.5454607009887695
10X_P7_6_GATCTAGAGGCTACGA,3-F-56,T cell,2,Unmatched_2,26.8669,1.085355,7021,0.7349238991737366
10X_P7_6_GATCTAGAGTTAAGTG,3-F-56,macrophage,4,macrophage,3.6258416,15.799124,7022,1.6689330339431765
10X_P7_6_GATCTAGCAAGCCGCT,3-F-56,T cell,3,T cell,26.359842,-0.71608025,7023,0.6172510981559753
10X_P7_6_GATCTAGCAGCTCGCA,3-F-56,dendritic cell,8,dendritic cell,3.5838478,17.858644,7024,4.486771106719971
10X_P7_6_GATCTAGCATGACGGA,3-F-56,B cell,1,Unmatched_1,2.3050847,7.482566,7025,0.5389037132263184
10X_P7_6_GATCTAGGTCTAAACC,3-F-56,B cell,0,B cell,0.98545384,4.1928606,7026,0.5005025267601013
10X_P7_6_GATCTAGTCCGAGCCA,3-F-56,B cell,0,B cell,2.5364385,2.8578868,7027,0.6510512828826904
10X_P7_6_GATCTAGTCGAATCCA,3-F-56,T cell,2,Unmatched_2,27.70623,1.3047725,7028,0.5700541734695435
10X_P7_6_GATCTAGTCGTTTAGG,3-F-56,B cell,0,B cell,-0.80304843,4.4448895,7029,0.5703256726264954
10X_P7_6_GATGAAAAGATATGCA,3-F-56,B cell,0,B cell,0.06937062,3.3533099,7030,0.8763440251350403
10X_P7_6_GATGAAAAGGTCATCT,3-F-56,T cell,3,T cell,26.665049,-0.8221299,7031,0.7192935943603516
10X_P7_6_GATGAAAAGTGATCGG,3-F-56,B cell,0,B cell,1.0573477,5.5746183,7032,0.9302085041999816
10X_P7_6_GATGAAAAGTGCGTGA,3-F-56,B cell,0,B cell,0.5042018,7.55193,7033,1.4723514318466189
10X_P7_6_GATGAAAAGTTGCAGG,3-F-56,B cell,0,B cell,1.7090306,5.79522,7034,0.6817915439605713
10X_P7_6_GATGAAAAGTTTCCTT,3-F-56,B cell,0,B cell,1.5394211,5.028048,7035,1.6543995141983032
10X_P7_6_GATGAAAGTCCATGAT,3-F-56,B cell,0,B cell,2.3897164,3.2382417,7036,0.4472381174564361
10X_P7_6_GATGAAAGTGTGACGA,3-F-56,B cell,0,B cell,1.048335,3.6771617,7037,0.7232210040092468
10X_P7_6_GATGAAATCACATGCA,3-F-56,T cell,3,T cell,25.99712,-1.0204513,7038,0.6725581288337708
10X_P7_6_GATGAAATCGCAGGCT,3-F-56,T cell,3,T cell,25.811295,-0.73748046,7039,1.0530011653900146
10X_P7_6_GATGAAATCGTTGCCT,3-F-56,B cell,1,Unmatched_1,3.6529884,7.9031305,7040,0.6473119854927063
10X_P7_6_GATGAAATCTGAGTGT,3-F-56,B cell,0,B cell,-0.4720351,4.8065057,7041,0.4455588459968567
10X_P7_6_GATGAGGAGAATAGGG,3-F-56,B cell,0,B cell,0.80268806,2.4140503,7042,1.2861241102218628
10X_P7_6_GATGAGGAGATGTAAC,3-F-56,B cell,0,B cell,-0.10091043,6.478059,7043,0.914620280265808
10X_P7_6_GATGAGGAGCAATCTC,3-F-56,natural killer cell,5,natural killer cell,30.820395,-1.7528251,7044,2.475520372390747
10X_P7_6_GATGAGGAGGGAGTAA,3-F-56,macrophage,4,macrophage,4.6667175,14.85013,7045,2.4729437828063965
10X_P7_6_GATGAGGAGGGTTCCC,3-F-56,B cell,1,Unmatched_1,3.0265174,8.431779,7046,0.6413390040397644
10X_P7_6_GATGAGGAGTACGCGA,3-F-56,T cell,2,Unmatched_2,27.623205,1.1563874,7047,0.5912942886352539
10X_P7_6_GATGAGGCAATAGCGG,3-F-56,B cell,0,B cell,-1.1503212,4.0676603,7048,0.6248931288719177
10X_P7_6_GATGAGGCACGGTAAG,3-F-56,B cell,1,Unmatched_1,-2.706427,4.035885,7049,2.714294672012329
10X_P7_6_GATGAGGGTACTCTCC,3-F-56,B cell,0,B cell,2.2368097,3.0762444,7050,0.4766909480094909
10X_P7_6_GATGAGGGTCTCGTTC,3-F-56,B cell,1,Unmatched_1,2.5166833,8.238252,7051,0.4400546848773956
10X_P7_6_GATGAGGGTTCGGCAC,3-F-56,macrophage,4,macrophage,3.0730453,16.188997,7052,2.209097146987915
10X_P7_6_GATGAGGTCGGAGCAA,3-F-56,T cell,3,T cell,26.732462,-0.0865573,7053,0.6748237013816833
10X_P7_6_GATGAGGTCGTTTATC,3-F-56,natural killer cell,5,natural killer cell,31.08397,-2.401899,7054,1.64189612865448
10X_P7_6_GATGCTAAGCTGGAAC,3-F-56,T cell,2,Unmatched_2,27.389818,1.4658343,7055,0.6022093296051025
10X_P7_6_GATGCTAAGTGAACAT,3-F-56,T cell,2,Unmatched_2,27.467154,1.0838907,7056,0.5819152593612671
10X_P7_6_GATGCTAGTCTTGTCC,3-F-56,B cell,0,B cell,-0.43751508,5.0479383,7057,0.545288622379303
10X_P7_6_GATGCTAGTTCCGTCT,3-F-56,B cell,6,Unmatched_6,0.32281584,10.98267,7058,1.5690168142318726
10X_P7_6_GATGCTATCGCCTGTT,3-F-56,T cell,3,T cell,26.294592,-0.5266918,7059,0.6726524233818054
10X_P7_6_GATTCAGAGCCACGTC,3-F-56,B cell,0,B cell,1.0879117,2.5609598,7060,1.273841381072998
10X_P7_6_GATTCAGAGGGCTCTC,3-F-56,B cell,0,B cell,2.5280793,4.5583525,7061,0.6090139150619507
10X_P7_6_GATTCAGAGTTTGCGT,3-F-56,B cell,1,Unmatched_1,2.7979424,8.548558,7062,0.5118021965026855
10X_P7_6_GATTCAGCACAGCCCA,3-F-56,T cell,5,natural killer cell,30.196245,-0.52140826,7063,1.629847288131714
10X_P7_6_GATTCAGCATGACGGA,3-F-56,B cell,0,B cell,-0.17213392,4.471747,7064,0.4705043435096741
10X_P7_6_GATTCAGGTCCGAGTC,3-F-56,macrophage,4,macrophage,4.9073787,16.235321,7065,2.543015480041504
10X_P7_6_GATTCAGGTGGCAAAC,3-F-56,B cell,0,B cell,1.0818601,3.7655344,7066,0.6346353888511658
10X_P7_6_GATTCAGTCAAGATCC,3-F-56,T cell,2,Unmatched_2,26.775372,0.96953034,7067,0.9318504333496094
10X_P7_6_GATTCAGTCTGAGGGA,3-F-56,B cell,0,B cell,0.57797074,4.6020675,7068,0.5131103992462158
10X_P7_6_GCAAACTAGAAGATTC,3-F-56,B cell,0,B cell,1.0083828,3.3782308,7069,0.5229982733726501
10X_P7_6_GCAAACTAGTGTGGCA,3-F-56,B cell,1,Unmatched_1,3.427764,8.001522,7070,0.4372005462646484
10X_P7_6_GCAAACTCAAGCCTAT,3-F-56,B cell,0,B cell,-1.8240033,5.36106,7071,1.1858820915222168
10X_P7_6_GCAAACTCAGGGATTG,3-F-56,B cell,1,Unmatched_1,3.025257,8.71234,7072,0.623089075088501
10X_P7_6_GCAAACTCATCTACGA,3-F-56,B cell,0,B cell,0.47558904,5.5018415,7073,0.7625868916511536
10X_P7_6_GCAAACTGTGTGAATA,3-F-56,B cell,0,B cell,1.6730163,2.0886948,7074,0.5276780724525452
10X_P7_6_GCAAACTGTTCGGGCT,3-F-56,B cell,0,B cell,2.399517,4.27139,7075,0.4687502086162567
10X_P7_6_GCAAACTTCAGAAATG,3-F-56,B cell,0,B cell,2.1696305,4.5450344,7076,0.8281325697898865
10X_P7_6_GCAAACTTCCATGCTC,3-F-56,B cell,3,T cell,28.407742,-1.1649582,7077,1.7721227407455444
10X_P7_6_GCAAACTTCGCTGATA,3-F-56,B cell,0,B cell,0.81246287,4.7808294,7078,0.6002954840660095
10X_P7_6_GCAAACTTCGTATCAG,3-F-56,B cell,0,B cell,1.6182809,3.648469,7079,0.7191881537437439
10X_P7_6_GCAAACTTCTAACCGA,3-F-56,B cell,0,B cell,0.84551716,4.704123,7080,0.5364571809768677
10X_P7_6_GCAAACTTCTCGTATT,3-F-56,B cell,1,Unmatched_1,3.3754194,8.150429,7081,0.5834135413169861
10X_P7_6_GCAATCAAGCTAAGAT,3-F-56,B cell,0,B cell,0.90698403,2.3601594,7082,0.5570734739303589
10X_P7_6_GCAATCAAGTCTCAAC,3-F-56,B cell,0,B cell,0.5833259,7.7726088,7083,0.9041972160339355
10X_P7_6_GCAATCACAACGATGG,3-F-56,T cell,3,T cell,26.095276,-0.33806527,7084,0.8873401880264282
10X_P7_6_GCAATCACAATACGCT,3-F-56,B cell,0,B cell,-0.9595288,3.2765758,7085,0.8020491600036621
10X_P7_6_GCAATCACACAGCGTC,3-F-56,T cell,2,Unmatched_2,27.386553,1.120848,7086,0.7404099702835083
10X_P7_6_GCAATCACATGGGAAC,3-F-56,B cell,0,B cell,2.3812733,3.223716,7087,0.5784217119216919
10X_P7_6_GCAATCAGTACCCAAT,3-F-56,B cell,1,Unmatched_1,3.291669,7.839013,7088,0.4917048513889313
10X_P7_6_GCAATCAGTACTCTCC,3-F-56,T cell,3,T cell,28.3775,-1.1740632,7089,1.319079041481018
10X_P7_6_GCAATCAGTTATCCGA,3-F-56,macrophage,4,macrophage,4.928779,16.259243,7090,3.548175573348999
10X_P7_6_GCAATCATCCACGTGG,3-F-56,T cell,3,T cell,26.00309,-0.5344966,7091,0.7092294096946716
10X_P7_6_GCAATCATCGACGGAA,3-F-56,T cell,3,T cell,25.947538,-0.91213226,7092,0.5379908084869385
10X_P7_6_GCAATCATCGGACAAG,3-F-56,T cell,3,T cell,25.823349,-1.2034153,7093,0.9554948806762696
10X_P7_6_GCAATCATCGGTTAAC,3-F-56,B cell,7,Unmatched_7,3.9465406,13.246708,7094,0.7323620319366455
10X_P7_6_GCACATAAGAGTGAGA,3-F-56,B cell,0,B cell,1.1510351,4.7201786,7095,0.6518280506134033
10X_P7_6_GCACATAAGCCAGTTT,3-F-56,B cell,0,B cell,-1.3961644,5.2806416,7096,0.9064215421676636
10X_P7_6_GCACATAAGCCCAATT,3-F-56,B cell,6,Unmatched_6,0.23610689,11.352815,7097,1.937749981880188
10X_P7_6_GCACATAAGCCGCCTA,3-F-56,B cell,0,B cell,0.23834302,7.542335,7098,0.7622511982917786
10X_P7_6_GCACATAAGGAGCGAG,3-F-56,B cell,0,B cell,0.21218717,4.1266956,7099,0.5099195241928101
10X_P7_6_GCACATACATTGGCGC,3-F-56,B cell,0,B cell,2.8937356,6.9746227,7100,1.080069065093994
10X_P7_6_GCACATAGTGACGGTA,3-F-56,macrophage,4,macrophage,3.7325466,15.807023,7101,1.6379576921463013
10X_P7_6_GCACATAGTTCCCTTG,3-F-56,dendritic cell,8,dendritic cell,3.5683002,17.843342,7102,3.061546802520752
10X_P7_6_GCACATAGTTCGAATC,3-F-56,B cell,0,B cell,2.2878497,6.6445155,7103,0.9144865870475768
10X_P7_6_GCACATATCCTAGAAC,3-F-56,T cell,3,T cell,25.576256,-0.22905359,7104,1.1020474433898926
10X_P7_6_GCACATATCGTAGGAG,3-F-56,B cell,0,B cell,1.3945276,2.1961522,7105,0.777517557144165
10X_P7_6_GCACATATCTGCCAGG,3-F-56,T cell,2,Unmatched_2,27.65708,1.2618726,7106,0.5852203369140625
10X_P7_6_GCACTCTAGCGTGTCC,3-F-56,B cell,2,Unmatched_2,25.142263,2.133576,7107,1.8731764554977417
10X_P7_6_GCACTCTAGCTACCGC,3-F-56,B cell,0,B cell,1.9522045,3.2785242,7108,0.8476831316947937
10X_P7_6_GCACTCTAGGATGCGT,3-F-56,T cell,2,Unmatched_2,27.371794,1.5119623,7109,0.8160446882247925
10X_P7_6_GCACTCTAGGGTTCCC,3-F-56,B cell,1,Unmatched_1,3.341898,8.447097,7110,0.4508934020996094
10X_P7_6_GCACTCTAGGTCGGAT,3-F-56,B cell,1,Unmatched_1,4.812696,7.054879,7111,0.9684607982635498
10X_P7_6_GCACTCTAGTCCGGTC,3-F-56,B cell,0,B cell,2.3941095,3.121787,7112,0.5055825114250183
10X_P7_6_GCACTCTAGTTGCAGG,3-F-56,T cell,2,Unmatched_2,27.628553,1.5197659,7113,0.6606959700584412
10X_P7_6_GCACTCTCAAGCTGGA,3-F-56,B cell,0,B cell,2.6315837,2.9650996,7114,0.4498403370380401
10X_P7_6_GCACTCTCAAGTTAAG,3-F-56,B cell,0,B cell,1.3055646,3.136807,7115,0.5161667466163635
10X_P7_6_GCACTCTCACAGATTC,3-F-56,B cell,0,B cell,0.8177002,3.4537034,7116,0.6456701755523682
10X_P7_6_GCACTCTCACCACCAG,3-F-56,T cell,2,Unmatched_2,27.580173,-0.12262,7117,1.6195549964904783
10X_P7_6_GCACTCTCACTCGACG,3-F-56,B cell,0,B cell,-0.7522602,3.338963,7118,1.498878002166748
10X_P7_6_GCACTCTCATCCTAGA,3-F-56,B cell,0,B cell,-1.9969987,5.612652,7119,1.4222724437713623
10X_P7_6_GCACTCTGTGTGCCTG,3-F-56,B cell,0,B cell,0.26717493,4.3372703,7120,0.8851518034934998
10X_P7_6_GCACTCTGTTTAAGCC,3-F-56,B cell,0,B cell,0.3867403,4.6982174,7121,0.8805935382843018
10X_P7_6_GCACTCTTCAACGCTA,3-F-56,macrophage,4,macrophage,3.2599542,16.19029,7122,2.821361303329468
10X_P7_6_GCACTCTTCACTATTC,3-F-56,B cell,1,Unmatched_1,2.8705673,7.7122707,7123,0.6403627991676331
10X_P7_6_GCACTCTTCCTTTCTC,3-F-56,B cell,0,B cell,1.3609519,5.238101,7124,1.4513978958129885
10X_P7_6_GCACTCTTCGGTGTTA,3-F-56,macrophage,4,macrophage,5.319915,16.191399,7125,2.759117126464844
10X_P7_6_GCACTCTTCGTACCGG,3-F-56,T cell,2,Unmatched_2,27.44797,-0.29095942,7126,1.1667386293411257
10X_P7_6_GCACTCTTCTCTTATG,3-F-56,T cell,5,natural killer cell,30.154995,-0.5498578,7127,1.7999725341796875
10X_P7_6_GCACTCTTCTTGTCAT,3-F-56,B cell,0,B cell,2.7107205,6.385107,7128,1.1606249809265137
10X_P7_6_GCAGCCAAGATACACA,3-F-56,T cell,2,Unmatched_2,28.905802,1.1361303,7129,1.022523283958435
10X_P7_6_GCAGCCAAGCACAGGT,3-F-56,B cell,1,Unmatched_1,2.8890395,7.754311,7130,0.576096773147583
10X_P7_6_GCAGCCAAGCCCGAAA,3-F-56,T cell,2,Unmatched_2,29.083063,1.0225137,7131,1.6426211595535278
10X_P7_6_GCAGCCAAGGCATTGG,3-F-56,B cell,1,Unmatched_1,2.786857,7.077088,7132,1.1424742937088013
10X_P7_6_GCAGCCAAGGTTACCT,3-F-56,B cell,0,B cell,1.5015411,4.635931,7133,0.8937167525291443
10X_P7_6_GCAGCCAAGTCAAGCG,3-F-56,B cell,0,B cell,2.2852614,2.280984,7134,0.5947302579879761
10X_P7_6_GCAGCCAAGTGGGATC,3-F-56,B cell,0,B cell,1.1102047,4.545808,7135,0.6300132274627686
10X_P7_6_GCAGCCACAAAGCAAT,3-F-56,B cell,1,Unmatched_1,2.223529,7.569498,7136,0.6225285530090332
10X_P7_6_GCAGCCACAATACGCT,3-F-56,B cell,2,Unmatched_2,25.149351,2.140822,7137,1.2995092868804932
10X_P7_6_GCAGCCACAATGAAAC,3-F-56,B cell,0,B cell,-0.07681655,5.207702,7138,0.5564472079277039
10X_P7_6_GCAGCCACACCCTATC,3-F-56,B cell,0,B cell,1.5651932,3.6740735,7139,0.5526305437088013
10X_P7_6_GCAGCCACACTGTTAG,3-F-56,T cell,2,Unmatched_2,26.500238,1.3418585,7140,1.770712971687317
10X_P7_6_GCAGCCACAGGGTATG,3-F-56,B cell,0,B cell,0.26865157,2.9559624,7141,0.8571009039878845
10X_P7_6_GCAGCCACATTGGTAC,3-F-56,B cell,0,B cell,0.56769943,2.5033994,7142,0.9458680152893066
10X_P7_6_GCAGCCAGTAAGGATT,3-F-56,B cell,0,B cell,-0.6673721,3.3889482,7143,0.6347314119338989
10X_P7_6_GCAGCCAGTAGCGTGA,3-F-56,B cell,2,Unmatched_2,24.960081,1.9191722,7144,1.3108147382736206
10X_P7_6_GCAGCCAGTCATCGGC,3-F-56,B cell,1,Unmatched_1,3.3471925,8.561848,7145,0.5912296772003174
10X_P7_6_GCAGCCAGTGCAGTAG,3-F-56,T cell,3,T cell,27.438417,-1.0175772,7146,1.3432759046554563
10X_P7_6_GCAGCCAGTTAGAACA,3-F-56,B cell,0,B cell,0.054918222,3.1300302,7147,1.0065077543258667
10X_P7_6_GCAGCCAGTTGTACAC,3-F-56,B cell,0,B cell,-0.05679842,6.924636,7148,1.0410395860671997
10X_P7_6_GCAGCCATCACTTATC,3-F-56,B cell,0,B cell,-0.13591534,4.933498,7149,0.6666077971458435
10X_P7_6_GCAGCCATCTGAGGGA,3-F-56,B cell,0,B cell,2.8596485,4.1262727,7150,0.4460804462432861
10X_P7_6_GCAGCCATCTTCGGTC,3-F-56,T cell,5,natural killer cell,30.150972,-0.5589084,7151,1.621867060661316
10X_P7_6_GCAGTTAAGAGGGATA,3-F-56,T cell,2,Unmatched_2,27.569765,-0.021532051,7152,1.131213665008545
10X_P7_6_GCAGTTAAGTCAAGCG,3-F-56,T cell,3,T cell,25.753727,-0.71666634,7153,0.6525945663452148
10X_P7_6_GCAGTTAAGTGGGATC,3-F-56,T cell,2,Unmatched_2,28.382193,0.64214975,7154,0.7823254466056824
10X_P7_6_GCAGTTACAATCGAAA,3-F-56,macrophage,4,macrophage,4.589339,14.757924,7155,2.249520778656006
10X_P7_6_GCAGTTACACATGTGT,3-F-56,B cell,0,B cell,0.9859003,5.7977886,7156,0.9415215253829956
10X_P7_6_GCAGTTACAGTACACT,3-F-56,T cell,3,T cell,25.94448,-1.2326987,7157,0.5225691795349121
10X_P7_6_GCAGTTAGTAGGGACT,3-F-56,B cell,0,B cell,-0.8692099,5.78015,7158,1.2352290153503418
10X_P7_6_GCAGTTAGTATATGAG,3-F-56,T cell,3,T cell,28.507883,-1.2290518,7159,1.117235541343689
10X_P7_6_GCAGTTAGTCGCATCG,3-F-56,B cell,1,Unmatched_1,2.62952,7.327714,7160,1.1136369705200195
10X_P7_6_GCAGTTAGTCGTCTTC,3-F-56,B cell,0,B cell,1.0210606,4.4217105,7161,0.4414262473583221
10X_P7_6_GCAGTTATCAGTGCAT,3-F-56,B cell,0,B cell,-1.4104205,3.9823453,7162,1.2796926498413086
10X_P7_6_GCAGTTATCAGTTCGA,3-F-56,T cell,2,Unmatched_2,28.751293,0.00093303196,7163,2.1715919971466064
10X_P7_6_GCAGTTATCATCATTC,3-F-56,T cell,3,T cell,26.786049,-0.3923513,7164,0.9079989194869996
10X_P7_6_GCAGTTATCATTATCC,3-F-56,B cell,0,B cell,1.65402,4.9052906,7165,1.1199848651885986
10X_P7_6_GCAGTTATCCTCAATT,3-F-56,B cell,1,Unmatched_1,2.3014066,7.180948,7166,0.580510675907135
10X_P7_6_GCAGTTATCGGATGTT,3-F-56,B cell,1,Unmatched_1,2.1774306,7.837374,7167,0.6877992749214172
10X_P7_6_GCATACAAGATGCCAG,3-F-56,B cell,0,B cell,2.2950497,4.7896795,7168,1.266537308692932
10X_P7_6_GCATACAAGCCTTGAT,3-F-56,B cell,0,B cell,0.2522817,7.680457,7169,0.7658562064170837
10X_P7_6_GCATACAAGGCTAGGT,3-F-56,B cell,0,B cell,-0.36482972,2.744785,7170,1.002626895904541
10X_P7_6_GCATACACACGACGAA,3-F-56,B cell,0,B cell,0.21114849,6.1472955,7171,0.97860848903656
10X_P7_6_GCATACACAGCTCGAC,3-F-56,T cell,2,Unmatched_2,27.488161,0.91645026,7172,0.6445364356040955
10X_P7_6_GCATACACATTGCGGC,3-F-56,T cell,3,T cell,27.349564,-1.1397578,7173,0.8823597431182861
10X_P7_6_GCATACAGTCTCCCTA,3-F-56,B cell,0,B cell,1.184764,7.2487936,7174,0.7060063481330872
10X_P7_6_GCATACAGTGCGGTAA,3-F-56,B cell,0,B cell,3.6018717,6.21732,7175,1.1969822645187378
10X_P7_6_GCATACAGTTCGCTAA,3-F-56,B cell,1,Unmatched_1,4.3556657,7.222887,7176,1.293110489845276
10X_P7_6_GCATACATCAACGAAA,3-F-56,B cell,0,B cell,0.10373781,5.326248,7177,0.5499463677406311
10X_P7_6_GCATACATCACAGTAC,3-F-56,T cell,3,T cell,25.776257,-1.0911405,7178,0.6682384014129639
10X_P7_6_GCATACATCATACGGT,3-F-56,B cell,0,B cell,-0.32312852,5.339783,7179,0.7133263349533081
10X_P7_6_GCATACATCATGCATG,3-F-56,T cell,3,T cell,28.069746,-1.1623921,7180,1.0981899499893188
10X_P7_6_GCATACATCCACTGGG,3-F-56,B cell,0,B cell,1.548841,5.4072948,7181,0.9248628616333008
10X_P7_6_GCATACATCCCTTGCA,3-F-56,B cell,0,B cell,2.0623817,2.567895,7182,0.5049638152122498
10X_P7_6_GCATACATCGTAGATC,3-F-56,T cell,2,Unmatched_2,29.108765,1.0781928,7183,1.0378165245056152
10X_P7_6_GCATACATCGTCCGTT,3-F-56,B cell,0,B cell,-0.026410446,4.1668396,7184,0.4165064394474029
10X_P7_6_GCATGATAGAAACGCC,3-F-56,B cell,0,B cell,4.581622,14.69572,7185,2.422940969467163
10X_P7_6_GCATGATAGTATCTCG,3-F-56,T cell,2,Unmatched_2,26.83284,1.4927081,7186,0.9108319878578186
10X_P7_6_GCATGATAGTGTCCCG,3-F-56,T cell,2,Unmatched_2,27.027712,1.2488707,7187,0.5556222200393677
10X_P7_6_GCATGATCACAACGTT,3-F-56,B cell,0,B cell,0.8635018,4.851133,7188,0.6782964468002319
10X_P7_6_GCATGATCACGGCGTT,3-F-56,T cell,5,natural killer cell,30.171679,-0.54920775,7189,1.3202072381973269
10X_P7_6_GCATGATCACGTCAGC,3-F-56,T cell,3,T cell,27.307951,-1.1493417,7190,0.9788750410079956
10X_P7_6_GCATGATCAGCTCCGA,3-F-56,B cell,0,B cell,2.811193,2.9926972,7191,0.512217104434967
10X_P7_6_GCATGATCATCTCGCT,3-F-56,T cell,3,T cell,26.283587,-0.6079525,7192,0.8254086375236511
10X_P7_6_GCATGATGTCTTGTCC,3-F-56,B cell,0,B cell,-0.21407,4.3416586,7193,0.534544050693512
10X_P7_6_GCATGATGTGGCGAAT,3-F-56,B cell,0,B cell,1.232636,4.1517973,7194,0.5210118889808655
10X_P7_6_GCATGATTCACTCTTA,3-F-56,T cell,3,T cell,28.50264,-1.4796733,7195,0.9835173487663268
10X_P7_6_GCATGATTCGTACCGG,3-F-56,B cell,0,B cell,0.85372007,6.537974,7196,0.6846461296081543
10X_P7_6_GCATGCGAGAAGAAGC,3-F-56,B cell,0,B cell,1.6743263,2.0335748,7197,0.6570635437965393
10X_P7_6_GCATGCGAGCTAGCCC,3-F-56,B cell,1,Unmatched_1,2.717155,7.993743,7198,0.6426094770431519
10X_P7_6_GCATGCGAGGTAGCTG,3-F-56,macrophage,4,macrophage,2.0926821,15.916348,7199,2.823802709579468
10X_P7_6_GCATGCGAGTCCGTAT,3-F-56,B cell,0,B cell,-0.69814074,3.7408373,7200,0.5942700505256653
10X_P7_6_GCATGCGAGTTAGCGG,3-F-56,T cell,2,Unmatched_2,27.313816,0.8925687,7201,0.6396722793579102
10X_P7_6_GCATGCGCAATCCGAT,3-F-56,B cell,0,B cell,2.3774476,4.324052,7202,0.6673296689987183
10X_P7_6_GCATGCGCAGATCGGA,3-F-56,B cell,0,B cell,-1.5289844,5.337211,7203,1.309313416481018
10X_P7_6_GCATGCGCAGTGGAGT,3-F-56,B cell,0,B cell,1.3654722,6.6936116,7204,0.63521409034729
10X_P7_6_GCATGCGCATGCCTAA,3-F-56,T cell,3,T cell,28.235258,-1.3507844,7205,0.9324955940246582
10X_P7_6_GCATGCGGTACAGTTC,3-F-56,B cell,0,B cell,0.60017896,5.6615973,7206,0.4665570557117462
10X_P7_6_GCATGCGTCCACGAAT,3-F-56,macrophage,4,macrophage,3.6522713,15.758304,7207,2.662245988845825
10X_P7_6_GCATGCGTCCCAACGG,3-F-56,B cell,0,B cell,1.0127116,2.7122695,7208,0.7255998253822327
10X_P7_6_GCATGCGTCGAACTGT,3-F-56,B cell,0,B cell,2.341324,5.3629975,7209,1.215319037437439
10X_P7_6_GCATGCGTCGTACCGG,3-F-56,B cell,0,B cell,2.5214412,6.7748365,7210,0.6086877584457397
10X_P7_6_GCATGCGTCTAGAGTC,3-F-56,B cell,0,B cell,1.0664562,3.8907597,7211,0.6212613582611084
10X_P7_6_GCATGTAAGAACAACT,3-F-56,macrophage,4,macrophage,3.2637236,16.09328,7212,2.037972211837769
10X_P7_6_GCATGTAAGCTATGCT,3-F-56,macrophage,4,macrophage,4.7209797,14.864101,7213,2.814216136932373
10X_P7_6_GCATGTAAGTAGTGCG,3-F-56,natural killer cell,5,natural killer cell,30.911366,-1.8641832,7214,1.9589197635650637
10X_P7_6_GCATGTACACCGAATT,3-F-56,B cell,0,B cell,-0.45548657,4.2298107,7215,0.7356908917427063
10X_P7_6_GCATGTACACGACGAA,3-F-56,B cell,0,B cell,1.760627,3.9772596,7216,0.7038787007331848
10X_P7_6_GCATGTAGTACCATCA,3-F-56,B cell,1,Unmatched_1,3.1634033,8.167459,7217,0.5004993081092834
10X_P7_6_GCATGTAGTAGAAGGA,3-F-56,B cell,0,B cell,0.865968,5.729333,7218,0.7510280609130859
10X_P7_6_GCATGTAGTGCACCAC,3-F-56,B cell,1,Unmatched_1,3.2544353,7.7103877,7219,0.4440138339996338
10X_P7_6_GCATGTAGTGTAATGA,3-F-56,B cell,1,Unmatched_1,3.665097,7.927937,7220,0.6973252892494202
10X_P7_6_GCATGTAGTTGTGGCC,3-F-56,T cell,2,Unmatched_2,27.00869,0.8983243,7221,0.7228356003761292
10X_P7_6_GCATGTATCAGCTCGG,3-F-56,macrophage,4,macrophage,3.6624687,15.782134,7222,1.4131577014923096
10X_P7_6_GCATGTATCTGCAAGT,3-F-56,T cell,2,Unmatched_2,26.492443,1.3701415,7223,0.8508824110031128
10X_P7_6_GCCAAATAGTGCGTGA,3-F-56,B cell,0,B cell,2.480241,2.6792572,7224,0.4224026799201965
10X_P7_6_GCCAAATCAAAGGTGC,3-F-56,B cell,6,Unmatched_6,0.76104265,11.485729,7225,5.334986209869385
10X_P7_6_GCCAAATCAAGGGTCA,3-F-56,T cell,3,T cell,28.693413,-1.4440343,7226,1.3497064113616943
10X_P7_6_GCCAAATCACAGGTTT,3-F-56,B cell,0,B cell,2.1317267,4.18865,7227,1.2090736627578735
10X_P7_6_GCCAAATCACTAGTAC,3-F-56,B cell,0,B cell,0.37408873,4.656196,7228,0.4722892045974731
10X_P7_6_GCCAAATCATCCGGGT,3-F-56,B cell,7,Unmatched_7,3.958821,13.161724,7229,0.8114157915115356
10X_P7_6_GCCAAATCATGCCCGA,3-F-56,B cell,0,B cell,2.263449,7.282065,7230,0.520232617855072
10X_P7_6_GCCAAATGTAGCTAAA,3-F-56,natural killer cell,5,natural killer cell,30.964546,-1.9048685,7231,1.873486876487732
10X_P7_6_GCCAAATGTCCTAGCG,3-F-56,B cell,0,B cell,1.8627369,2.7794564,7232,0.4597130417823791
10X_P7_6_GCCAAATGTCCTGCTT,3-F-56,B cell,1,Unmatched_1,4.2306128,7.2681293,7233,0.8598325252532959
10X_P7_6_GCCAAATGTGCTGTAT,3-F-56,B cell,1,Unmatched_1,3.4510639,7.8333936,7234,0.4580640494823456
10X_P7_6_GCCAAATGTTAAGAAC,3-F-56,T cell,2,Unmatched_2,27.424519,1.2351353,7235,0.6682309508323669
10X_P7_6_GCCAAATGTTCACGGC,3-F-56,B cell,0,B cell,-0.03083372,6.9721575,7236,1.3110376596450806
10X_P7_6_GCCAAATTCAGCCTAA,3-F-56,B cell,0,B cell,1.3530374,3.6229057,7237,0.6665145754814148
10X_P7_6_GCCAAATTCGGAAATA,3-F-56,B cell,2,Unmatched_2,24.960835,1.8907303,7238,0.9807525873184204
10X_P7_6_GCCTCTAAGATGCCTT,3-F-56,macrophage,4,macrophage,3.3053887,16.067007,7239,2.232994556427002
10X_P7_6_GCCTCTAAGGCATTGG,3-F-56,B cell,0,B cell,-1.8411577,5.401002,7240,1.4762849807739258
10X_P7_6_GCCTCTAAGTTTCCTT,3-F-56,B cell,1,Unmatched_1,2.4141903,7.892074,7241,0.6928954124450684
10X_P7_6_GCCTCTACACGACTCG,3-F-56,T cell,3,T cell,26.199423,-1.1538196,7242,0.5426410436630249
10X_P7_6_GCCTCTACATCAGTAC,3-F-56,B cell,0,B cell,0.4058032,6.044723,7243,0.8377595543861389
10X_P7_6_GCCTCTAGTAAGTGGC,3-F-56,B cell,0,B cell,0.49345922,4.173088,7244,0.4502155482769012
10X_P7_6_GCCTCTAGTCAGAATA,3-F-56,B cell,2,Unmatched_2,25.139189,2.150745,7245,1.4257291555404663
10X_P7_6_GCCTCTAGTCCTCTTG,3-F-56,B cell,0,B cell,2.5442343,4.735245,7246,0.9588170051574708
10X_P7_6_GCCTCTAGTCGTTGTA,3-F-56,B cell,0,B cell,2.4620438,6.388866,7247,0.8406296372413635
10X_P7_6_GCGACCAAGTTTAGGA,3-F-56,B cell,0,B cell,1.0961188,2.8477933,7248,0.5690013766288757
10X_P7_6_GCGACCACAAGCTGGA,3-F-56,B cell,0,B cell,0.8686291,3.0512586,7249,0.6055212616920471
10X_P7_6_GCGACCACACGAAATA,3-F-56,B cell,0,B cell,-0.17388931,2.7095606,7250,0.8710179328918457
10X_P7_6_GCGACCACAGGCTGAA,3-F-56,B cell,6,Unmatched_6,0.27098703,11.263778,7251,1.8654202222824097
10X_P7_6_GCGACCAGTAAGTTCC,3-F-56,B cell,0,B cell,-0.11059947,4.6972556,7252,0.8194477558135986
10X_P7_6_GCGACCAGTCCGAGTC,3-F-56,B cell,0,B cell,1.3083426,5.238328,7253,0.8020525574684143
10X_P7_6_GCGACCAGTCGCTTCT,3-F-56,T cell,2,Unmatched_2,26.9653,0.99158025,7254,0.7862236499786377
10X_P7_6_GCGACCAGTGACCAAG,3-F-56,natural killer cell,5,natural killer cell,30.775923,-2.296694,7255,2.48960280418396
10X_P7_6_GCGACCATCATCTGTT,3-F-56,T cell,3,T cell,26.261927,-1.0421132,7256,0.6780897378921509
10X_P7_6_GCGACCATCCGCATCT,3-F-56,B cell,0,B cell,0.86610544,1.9798545,7257,0.8047822117805481
10X_P7_6_GCGACCATCTAACGGT,3-F-56,B cell,0,B cell,1.9636695,2.0094914,7258,0.4857269823551178
10X_P7_6_GCGACCATCTTTAGTC,3-F-56,B cell,0,B cell,-0.26609296,4.9344773,7259,0.5229830741882324
10X_P7_6_GCGAGAAAGCCAGGAT,3-F-56,B cell,0,B cell,-1.284016,4.4879003,7260,1.2031837701797483
10X_P7_6_GCGAGAACAAGTTCTG,3-F-56,B cell,1,Unmatched_1,2.9405973,7.1769576,7261,1.1616274118423462
10X_P7_6_GCGAGAACAGATGAGC,3-F-56,T cell,3,T cell,25.98418,-0.17695716,7262,0.9667150974273682
10X_P7_6_GCGAGAACAGGATTGG,3-F-56,T cell,3,T cell,26.748425,-1.1022862,7263,0.794672966003418
10X_P7_6_GCGAGAACAGTGAGTG,3-F-56,B cell,6,Unmatched_6,0.2691471,11.297766,7264,2.2833640575408936
10X_P7_6_GCGAGAACATACAGCT,3-F-56,B cell,0,B cell,-1.2532405,5.5566864,7265,2.1517679691314697
10X_P7_6_GCGAGAACATGGAATA,3-F-56,B cell,0,B cell,0.46516275,7.908427,7266,0.751399040222168
10X_P7_6_GCGAGAAGTAATTGGA,3-F-56,T cell,3,T cell,28.104383,-1.3475255,7267,1.0687665939331057
10X_P7_6_GCGAGAAGTCGTTGTA,3-F-56,T cell,2,Unmatched_2,27.607819,1.3775417,7268,1.076627492904663
10X_P7_6_GCGAGAAGTGCAGGTA,3-F-56,T cell,3,T cell,26.401154,-0.96046746,7269,0.7553081512451172
10X_P7_6_GCGAGAATCCAGTAGT,3-F-56,B cell,0,B cell,1.2419996,2.3493512,7270,0.9373130798339844
10X_P7_6_GCGAGAATCTTGCCGT,3-F-56,macrophage,4,macrophage,3.649162,15.784033,7271,1.4382859468460083
10X_P7_6_GCGCAACAGATGCCAG,3-F-56,B cell,7,Unmatched_7,4.003387,13.335341,7272,0.5658427476882935
10X_P7_6_GCGCAACAGCAGACTG,3-F-56,B cell,0,B cell,0.7614474,4.083568,7273,0.4435374140739441
10X_P7_6_GCGCAACAGCCGTCGT,3-F-56,B cell,1,Unmatched_1,1.6794096,8.361688,7274,1.0025469064712524
10X_P7_6_GCGCAACAGCGTTTAC,3-F-56,B cell,0,B cell,1.3386064,4.645033,7275,0.5298803448677063
10X_P7_6_GCGCAACAGTACGACG,3-F-56,T cell,3,T cell,26.418179,-0.23656103,7276,0.5647680759429932
10X_P7_6_GCGCAACAGTCCCACG,3-F-56,B cell,0,B cell,1.0954947,5.0891504,7277,1.4083679914474487
10X_P7_6_GCGCAACAGTGACTCT,3-F-56,B cell,0,B cell,0.6523652,3.6708531,7278,0.7476009726524353
10X_P7_6_GCGCAACCAACACGCC,3-F-56,macrophage,4,macrophage,4.644669,16.267286,7279,3.518524408340454
10X_P7_6_GCGCAACCAAGCCGCT,3-F-56,B cell,0,B cell,2.7402782,3.6303842,7280,0.5418038964271545
10X_P7_6_GCGCAACCAGTCACTA,3-F-56,B cell,0,B cell,0.091522194,3.7365234,7281,0.792177677154541
10X_P7_6_GCGCAACCATGCTGGC,3-F-56,B cell,0,B cell,0.67479616,4.0150366,7282,0.8147172927856445
10X_P7_6_GCGCAACGTACACCGC,3-F-56,B cell,1,Unmatched_1,2.938095,8.570579,7283,0.5608677864074707
10X_P7_6_GCGCAACGTACCCAAT,3-F-56,B cell,0,B cell,2.150188,3.4822004,7284,0.5668241381645203
10X_P7_6_GCGCAACGTACCGGCT,3-F-56,natural killer cell,5,natural killer cell,30.601555,-1.5482591,7285,2.2876181602478027
10X_P7_6_GCGCAACGTAGGCTGA,3-F-56,B cell,0,B cell,1.0799353,5.1750884,7286,0.8256482481956482
10X_P7_6_GCGCAACGTGACAAAT,3-F-56,B cell,1,Unmatched_1,3.3529708,8.323798,7287,0.570505678653717
10X_P7_6_GCGCAACGTGATGTGG,3-F-56,T cell,3,T cell,26.007963,-0.89105064,7288,1.111283540725708
10X_P7_6_GCGCAACGTGCGAAAC,3-F-56,B cell,0,B cell,1.7593237,6.0645056,7289,0.7591488361358643
10X_P7_6_GCGCAACTCACCATAG,3-F-56,B cell,0,B cell,0.023969755,3.0666003,7290,1.06115460395813
10X_P7_6_GCGCAACTCACGATGT,3-F-56,B cell,0,B cell,1.1931927,5.3248277,7291,0.5637989044189453
10X_P7_6_GCGCAACTCACGCATA,3-F-56,B cell,0,B cell,0.39958233,7.787403,7292,0.7539567947387695
10X_P7_6_GCGCAACTCGTAGGTT,3-F-56,B cell,0,B cell,0.82425654,2.5561113,7293,0.8368728756904602
10X_P7_6_GCGCAACTCTGTCTAT,3-F-56,B cell,0,B cell,1.799209,4.1326327,7294,0.6664910316467285
10X_P7_6_GCGCAGTAGAGCAATT,3-F-56,B cell,0,B cell,1.296566,6.0662894,7295,0.7688095569610596
10X_P7_6_GCGCAGTAGCCAACAG,3-F-56,B cell,0,B cell,1.3049647,2.847155,7296,0.9773635268211364
10X_P7_6_GCGCAGTAGCGTGAAC,3-F-56,T cell,3,T cell,27.310616,-0.49977294,7297,0.8056583404541016
10X_P7_6_GCGCAGTAGCTGCGAA,3-F-56,B cell,0,B cell,0.46896702,4.4869943,7298,0.4640115797519684
10X_P7_6_GCGCAGTAGTGGGTTG,3-F-56,T cell,5,natural killer cell,30.187534,-0.53364927,7299,2.3242006301879883
10X_P7_6_GCGCAGTAGTGTACCT,3-F-56,B cell,1,Unmatched_1,3.513449,8.508163,7300,0.6038356423377991
10X_P7_6_GCGCAGTCAATGGATA,3-F-56,T cell,3,T cell,25.89971,-0.6603784,7301,0.5533808469772339
10X_P7_6_GCGCAGTGTACGACCC,3-F-56,B cell,0,B cell,-1.8119118,5.7241755,7302,1.603291630744934
10X_P7_6_GCGCAGTGTGGCCCTA,3-F-56,B cell,1,Unmatched_1,3.4036036,8.123825,7303,0.599209189414978
10X_P7_6_GCGCAGTGTTACGACT,3-F-56,B cell,0,B cell,0.63080716,4.0951276,7304,0.7291075587272644
10X_P7_6_GCGCAGTTCAAACCAC,3-F-56,T cell,2,Unmatched_2,27.359621,0.7874571,7305,0.8464465141296387
10X_P7_6_GCGCAGTTCAACGAAA,3-F-56,B cell,0,B cell,0.40778658,7.824491,7306,0.6910492181777954
10X_P7_6_GCGCAGTTCCGTTGTC,3-F-56,B cell,0,B cell,2.345223,3.056865,7307,0.4624671936035156
10X_P7_6_GCGCAGTTCCTTCAAT,3-F-56,B cell,1,Unmatched_1,2.6055355,7.3642626,7308,0.5953165292739868
10X_P7_6_GCGCCAAAGAGCTGCA,3-F-56,B cell,2,Unmatched_2,24.96363,1.9658381,7309,1.7184075117111206
10X_P7_6_GCGCCAAAGCTAACAA,3-F-56,T cell,3,T cell,26.43265,-0.7702619,7310,0.562660276889801
10X_P7_6_GCGCCAAAGTGTACCT,3-F-56,T cell,3,T cell,27.375519,-1.0931813,7311,1.0155572891235352
10X_P7_6_GCGCCAACACGTCTCT,3-F-56,B cell,1,Unmatched_1,2.544617,7.8369904,7312,0.4978569447994232
10X_P7_6_GCGCCAACAGGTCGTC,3-F-56,B cell,0,B cell,-0.6089187,3.9880815,7313,0.8257125020027161
10X_P7_6_GCGCCAACATGGGAAC,3-F-56,B cell,0,B cell,2.2210824,2.220619,7314,0.9888314008712769
10X_P7_6_GCGCCAAGTGAAATCA,3-F-56,natural killer cell,5,natural killer cell,31.043804,-2.3660376,7315,1.7655786275863647
10X_P7_6_GCGCCAATCCGAGCCA,3-F-56,B cell,0,B cell,1.4263996,4.8779697,7316,1.0624583959579468
10X_P7_6_GCGCCAATCCGTCAAA,3-F-56,B cell,1,Unmatched_1,3.1610827,8.639492,7317,0.529714822769165
10X_P7_6_GCGCCAATCTATCGCC,3-F-56,B cell,0,B cell,1.0412167,4.119647,7318,0.6359840631484985
10X_P7_6_GCGCCAATCTGCGACG,3-F-56,T cell,2,Unmatched_2,26.961992,1.0548421,7319,0.6832258105278015
10X_P7_6_GCGCCAATCTTGTCAT,3-F-56,B cell,6,Unmatched_6,-0.33185995,12.038946,7320,3.2792601585388184
10X_P7_6_GCGCGATAGCAGACTG,3-F-56,T cell,3,T cell,26.468163,-0.9544293,7321,0.5901041626930237
10X_P7_6_GCGCGATAGCTGGAAC,3-F-56,B cell,6,Unmatched_6,0.7317923,11.460367,7322,5.334986209869385
10X_P7_6_GCGCGATAGGACCACA,3-F-56,B cell,0,B cell,0.23579903,7.4414554,7323,1.0831676721572876
10X_P7_6_GCGCGATAGTACGCCC,3-F-56,B cell,0,B cell,0.6689609,3.2334495,7324,0.5559777617454529
10X_P7_6_GCGCGATAGTGAATTG,3-F-56,T cell,2,Unmatched_2,28.409025,0.29754564,7325,0.8378710746765137
10X_P7_6_GCGCGATAGTGGTAAT,3-F-56,T cell,2,Unmatched_2,26.907543,1.2306454,7326,0.7528761029243469
10X_P7_6_GCGCGATCAAATCCGT,3-F-56,T cell,2,Unmatched_2,26.95833,0.9448273,7327,0.7844715118408203
10X_P7_6_GCGCGATCAATTCCTT,3-F-56,B cell,0,B cell,0.21577074,2.8655877,7328,1.2329485416412354
10X_P7_6_GCGCGATCACTGAAGG,3-F-56,T cell,2,Unmatched_2,26.821636,1.1792492,7329,0.6598992347717285
10X_P7_6_GCGCGATCAGCTATTG,3-F-56,B cell,1,Unmatched_1,-2.6733541,4.021793,7330,0.8224013447761536
10X_P7_6_GCGCGATCATGATCCA,3-F-56,B cell,1,Unmatched_1,2.7619977,8.440674,7331,0.9625744223594666
10X_P7_6_GCGCGATGTAGCTAAA,3-F-56,natural killer cell,5,natural killer cell,30.93696,-2.3415575,7332,1.997358083724976
10X_P7_6_GCGCGATGTCCATCCT,3-F-56,B cell,0,B cell,2.7591596,3.2747052,7333,0.4836163818836212
10X_P7_6_GCGCGATGTCCGTTAA,3-F-56,T cell,5,natural killer cell,29.6806,-0.5770806,7334,1.902986764907837
10X_P7_6_GCGCGATGTGATGTCT,3-F-56,B cell,1,Unmatched_1,-2.6856925,4.032164,7335,0.981922686100006
10X_P7_6_GCGCGATTCCAGAGGA,3-F-56,B cell,0,B cell,1.2500548,1.9443411,7336,0.767191469669342
10X_P7_6_GCGCGATTCCTCAACC,3-F-56,B cell,0,B cell,2.916083,6.2910037,7337,1.137120485305786
10X_P7_6_GCGCGATTCCTGTAGA,3-F-56,B cell,4,macrophage,4.6099687,14.7475605,7338,2.1176724433898926
10X_P7_6_GCGCGATTCTTGTTTG,3-F-56,B cell,0,B cell,1.3173783,3.85692,7339,0.7666804194450378
10X_P7_6_GCGGGTTAGAGTAAGG,3-F-56,T cell,3,T cell,25.96158,-1.3300987,7340,1.0341769456863403
10X_P7_6_GCGGGTTAGCAAATCA,3-F-56,B cell,0,B cell,-0.9489578,4.3441396,7341,0.8495694398880005
10X_P7_6_GCGGGTTAGCTTTGGT,3-F-56,B cell,0,B cell,0.10189873,5.4077883,7342,0.5554288029670715
10X_P7_6_GCGGGTTAGTGTGAAT,3-F-56,B cell,0,B cell,0.2707267,3.9915545,7343,0.4791574478149414
10X_P7_6_GCGGGTTCAATGTTGC,3-F-56,T cell,5,natural killer cell,30.131607,-0.5936095,7344,2.008167266845703
10X_P7_6_GCGGGTTCATCATCCC,3-F-56,natural killer cell,5,natural killer cell,30.689976,-2.1594274,7345,2.0025222301483154
10X_P7_6_GCGGGTTGTAATCACC,3-F-56,macrophage,4,macrophage,5.31805,16.191916,7346,1.974494695663452
10X_P7_6_GCGGGTTGTGTGGCTC,3-F-56,B cell,0,B cell,2.2156026,2.3608577,7347,0.4490723311901092
10X_P7_6_GCGGGTTGTTCCGTCT,3-F-56,B cell,0,B cell,0.915279,5.263532,7348,0.5296955704689026
10X_P7_6_GCGGGTTGTTGGGACA,3-F-56,B cell,0,B cell,-0.6165655,3.7214584,7349,0.4069106578826904
10X_P7_6_GCGGGTTTCTGGCGAC,3-F-56,T cell,2,Unmatched_2,28.543947,0.054515895,7350,2.2426016330718994
10X_P7_6_GCTCCTAAGAGTAATC,3-F-56,B cell,0,B cell,0.60267574,2.4670985,7351,0.9153002500534058
10X_P7_6_GCTCCTAAGCGTAGTG,3-F-56,B cell,0,B cell,-1.7152487,5.428402,7352,1.3129067420959473
10X_P7_6_GCTCCTAAGCTACCTA,3-F-56,B cell,0,B cell,1.2389098,4.3682165,7353,0.6907853484153748
10X_P7_6_GCTCCTAAGGACATTA,3-F-56,B cell,0,B cell,0.7375489,3.5311208,7354,0.6918475031852722
10X_P7_6_GCTCCTACAAAGCAAT,3-F-56,macrophage,4,macrophage,3.6238556,15.697345,7355,2.32102632522583
10X_P7_6_GCTCCTACAGACAAGC,3-F-56,B cell,1,Unmatched_1,3.3784733,8.227958,7356,1.246316909790039
10X_P7_6_GCTCCTACAGTGGAGT,3-F-56,T cell,3,T cell,27.042303,-0.97390014,7357,0.7519834637641907
10X_P7_6_GCTCCTAGTAAACACA,3-F-56,B cell,0,B cell,2.1922417,2.234772,7358,0.4107578694820404
10X_P7_6_GCTCCTAGTCGCGAAA,3-F-56,B cell,1,Unmatched_1,2.3611326,8.190277,7359,0.6567518711090088
10X_P7_6_GCTCCTAGTGCTAGCC,3-F-56,B cell,0,B cell,0.45644602,3.2995782,7360,1.0413475036621094
10X_P7_6_GCTCCTAGTTCCACAA,3-F-56,B cell,0,B cell,1.8911294,4.0475917,7361,0.830662727355957
10X_P7_6_GCTCCTATCACAGGCC,3-F-56,B cell,0,B cell,0.73955065,3.7968123,7362,0.6672658920288086
10X_P7_6_GCTCCTATCCAACCAA,3-F-56,T cell,3,T cell,25.63766,-0.87628794,7363,0.8560370206832886
10X_P7_6_GCTCCTATCCGTAGGC,3-F-56,B cell,0,B cell,0.69900614,3.399615,7364,0.8816320896148682
10X_P7_6_GCTCCTATCCTACAGA,3-F-56,T cell,3,T cell,26.33032,-0.49438295,7365,0.7095562219619751
10X_P7_6_GCTCCTATCGAATGCT,3-F-56,B cell,7,Unmatched_7,3.9686666,13.255172,7366,0.671360433101654
10X_P7_6_GCTCCTATCGATCCCT,3-F-56,B cell,0,B cell,0.007829443,4.960413,7367,0.5079673528671265
10X_P7_6_GCTCTGTAGAGCTATA,3-F-56,B cell,6,Unmatched_6,0.24541481,11.3678055,7368,2.8559908866882324
10X_P7_6_GCTCTGTAGATAGGAG,3-F-56,B cell,1,Unmatched_1,2.591534,8.233433,7369,0.6356298327445984
10X_P7_6_GCTCTGTCACCAGGCT,3-F-56,T cell,3,T cell,25.70668,-0.9058574,7370,0.8018819689750671
10X_P7_6_GCTCTGTGTGTCGCTG,3-F-56,B cell,0,B cell,1.5422542,4.7034087,7371,1.4996460676193235
10X_P7_6_GCTCTGTTCACCAGGC,3-F-56,B cell,0,B cell,2.5242763,2.640724,7372,0.5732408761978149
10X_P7_6_GCTCTGTTCCCATTAT,3-F-56,B cell,1,Unmatched_1,3.8198917,7.564349,7373,0.7122320532798767
10X_P7_6_GCTCTGTTCCCTCTTT,3-F-56,T cell,2,Unmatched_2,27.337582,1.0331519,7374,0.5409708619117737
10X_P7_6_GCTCTGTTCCGAATGT,3-F-56,B cell,1,Unmatched_1,3.8851569,7.6794395,7375,0.7173987627029419
10X_P7_6_GCTCTGTTCTCTTGAT,3-F-56,B cell,0,B cell,2.3593814,4.184402,7376,0.7805023789405823
10X_P7_6_GCTGCAGAGCTAGTCT,3-F-56,B cell,7,Unmatched_7,3.9553177,13.289904,7377,0.7616655826568604
10X_P7_6_GCTGCAGAGGCGATAC,3-F-56,B cell,0,B cell,2.3178217,4.3544044,7378,1.0552791357040403
10X_P7_6_GCTGCAGCAAATACAG,3-F-56,B cell,0,B cell,0.6702506,3.9793217,7379,0.5870766043663025
10X_P7_6_GCTGCAGGTCCTAGCG,3-F-56,B cell,0,B cell,-0.7651151,4.008541,7380,0.5309599041938782
10X_P7_6_GCTGCAGGTCGCGGTT,3-F-56,B cell,1,Unmatched_1,3.2634547,8.132286,7381,0.5935688018798828
10X_P7_6_GCTGCAGGTCGCGTGT,3-F-56,natural killer cell,5,natural killer cell,31.028564,-2.3286207,7382,1.7177612781524658
10X_P7_6_GCTGCAGGTCTCTCGT,3-F-56,B cell,1,Unmatched_1,2.8544219,7.3633194,7383,0.9128018617630004
10X_P7_6_GCTGCAGGTGAAGGCT,3-F-56,B cell,0,B cell,2.0436609,3.4712305,7384,0.4589747786521911
10X_P7_6_GCTGCAGGTGCTCTTC,3-F-56,B cell,0,B cell,-0.2850849,4.519477,7385,0.5253247618675232
10X_P7_6_GCTGCAGGTTAAGAAC,3-F-56,T cell,3,T cell,28.639038,-1.4694017,7386,1.4301997423171997
10X_P7_6_GCTGCAGGTTGACGTT,3-F-56,B cell,0,B cell,1.2126855,3.9205258,7387,0.7019016146659851
10X_P7_6_GCTGCAGTCACTGGGC,3-F-56,macrophage,4,macrophage,5.282879,16.182543,7388,2.570497274398804
10X_P7_6_GCTGCGAAGAATGTTG,3-F-56,B cell,0,B cell,1.4024463,4.200201,7389,0.7994614243507385
10X_P7_6_GCTGCGAAGAGTTGGC,3-F-56,B cell,0,B cell,-0.016234867,6.9228835,7390,0.6669491529464722
10X_P7_6_GCTGCGAAGATATGCA,3-F-56,B cell,0,B cell,1.9614598,2.230079,7391,0.7760107517242432
10X_P7_6_GCTGCGACACAGACTT,3-F-56,B cell,0,B cell,2.3373842,6.6138005,7392,0.4867149591445923
10X_P7_6_GCTGCGACACGCCAGT,3-F-56,B cell,1,Unmatched_1,3.1411738,8.424715,7393,1.035178303718567
10X_P7_6_GCTGCGACACTAAGTC,3-F-56,B cell,0,B cell,1.2147058,2.6021805,7394,0.9651061296463012
10X_P7_6_GCTGCGAGTAGCGTGA,3-F-56,B cell,0,B cell,0.40156123,4.9358187,7395,0.7896474599838257
10X_P7_6_GCTGCGAGTGTTAAGA,3-F-56,B cell,0,B cell,0.2794167,4.336159,7396,0.4586407244205475
10X_P7_6_GCTGCGATCAGTCAGT,3-F-56,macrophage,4,macrophage,5.2852545,16.196747,7397,1.9552624225616453
10X_P7_6_GCTGCGATCCACGTGG,3-F-56,B cell,0,B cell,2.2208161,6.400413,7398,0.5653078556060791
10X_P7_6_GCTGCGATCCACTGGG,3-F-56,T cell,2,Unmatched_2,29.14196,1.0037032,7399,1.6282378435134888
10X_P7_6_GCTGCGATCCAGAAGG,3-F-56,B cell,1,Unmatched_1,2.2841136,8.246471,7400,0.4283360838890075
10X_P7_6_GCTGCTTAGAAACGAG,3-F-56,B cell,0,B cell,1.9294009,5.5987797,7401,0.7998669743537903
10X_P7_6_GCTGCTTAGTAATCCC,3-F-56,natural killer cell,5,natural killer cell,31.062454,-1.9894155,7402,1.7825946807861328
10X_P7_6_GCTGCTTAGTTCGATC,3-F-56,B cell,0,B cell,-1.0442091,3.2847333,7403,1.3296092748641968
10X_P7_6_GCTGCTTCAATCGAAA,3-F-56,B cell,0,B cell,0.56626874,3.121487,7404,0.7530720233917236
10X_P7_6_GCTGCTTCAGTAAGCG,3-F-56,T cell,3,T cell,28.314566,-1.5049986,7405,1.1221561431884766
10X_P7_6_GCTGCTTGTACGCACC,3-F-56,T cell,3,T cell,28.306383,-1.4923079,7406,1.161967396736145
10X_P7_6_GCTGCTTGTAGCGTAG,3-F-56,B cell,2,Unmatched_2,25.22382,2.1680536,7407,0.9384626150131226
10X_P7_6_GCTGCTTGTATCAGTC,3-F-56,B cell,1,Unmatched_1,3.02156,7.6387877,7408,0.6503695249557495
10X_P7_6_GCTGCTTGTGGGTCAA,3-F-56,B cell,0,B cell,-0.75839174,3.7666936,7409,0.6372599601745605
10X_P7_6_GCTGCTTGTGTGACCC,3-F-56,T cell,3,T cell,25.741001,-1.02359,7410,0.7008510231971741
10X_P7_6_GCTGCTTTCCTGCCAT,3-F-56,T cell,3,T cell,25.618448,-0.49524957,7411,0.6852100491523743
10X_P7_6_GCTGCTTTCTTGTACT,3-F-56,T cell,2,Unmatched_2,28.388567,0.35144776,7412,0.8292668461799622
10X_P7_6_GCTGGGTAGACACGAC,3-F-56,B cell,1,Unmatched_1,-2.7184613,4.044713,7413,1.1468300819396973
10X_P7_6_GCTGGGTAGATAGTCA,3-F-56,T cell,2,Unmatched_2,28.561834,0.98309255,7414,0.908113956451416
10X_P7_6_GCTGGGTAGCGTGAAC,3-F-56,B cell,0,B cell,2.2776337,2.311593,7415,1.2497915029525757
10X_P7_6_GCTGGGTAGTCCAGGA,3-F-56,B cell,0,B cell,0.93505394,6.529243,7416,1.2757349014282229
10X_P7_6_GCTGGGTCACCCTATC,3-F-56,B cell,0,B cell,0.65981287,7.0560308,7417,0.8697047829627991
10X_P7_6_GCTGGGTCATCTCGCT,3-F-56,B cell,0,B cell,0.7070043,7.885136,7418,0.9731656312942504
10X_P7_6_GCTGGGTGTAGCTAAA,3-F-56,B cell,0,B cell,0.9788226,5.164502,7419,0.57960045337677
10X_P7_6_GCTGGGTGTATGAATG,3-F-56,B cell,4,macrophage,3.6965835,15.730279,7420,2.434537649154663
10X_P7_6_GCTGGGTGTCATACTG,3-F-56,B cell,0,B cell,-1.551015,4.145008,7421,0.6356637477874756
10X_P7_6_GCTGGGTGTCTCCACT,3-F-56,B cell,0,B cell,-0.71037084,5.7092524,7422,0.8893337845802307
10X_P7_6_GCTGGGTGTGACTACT,3-F-56,B cell,0,B cell,1.1001074,4.0188093,7423,1.6644728183746338
10X_P7_6_GCTGGGTGTTCACCTC,3-F-56,B cell,0,B cell,0.5988653,4.7445,7424,0.6450030207633972
10X_P7_6_GCTGGGTGTTGGGACA,3-F-56,B cell,0,B cell,-0.20806892,2.7310586,7425,0.9376291632652284
10X_P7_6_GCTGGGTGTTTCCACC,3-F-56,T cell,2,Unmatched_2,28.779694,0.035247803,7426,1.655892252922058
10X_P7_6_GCTGGGTTCAGGTAAA,3-F-56,T cell,3,T cell,28.690966,-0.9616469,7427,3.646089553833008
10X_P7_6_GCTGGGTTCGCTTAGA,3-F-56,B cell,1,Unmatched_1,2.3428695,7.8125443,7428,0.4841127693653106
10X_P7_6_GCTGGGTTCTAGCACA,3-F-56,B cell,0,B cell,2.4404745,2.3811672,7429,0.4522735774517059
10X_P7_6_GCTGGGTTCTGCGACG,3-F-56,B cell,0,B cell,1.2960268,2.8848674,7430,1.0903862714767456
10X_P7_6_GCTTCCAAGAGGTAGA,3-F-56,B cell,0,B cell,2.4956565,4.1736107,7431,0.779853105545044
10X_P7_6_GCTTCCAAGATGAGAG,3-F-56,B cell,0,B cell,1.6405542,4.5059767,7432,0.6852092742919922
10X_P7_6_GCTTCCAAGATGTAAC,3-F-56,B cell,0,B cell,1.7770329,2.139655,7433,0.5160203576087952
10X_P7_6_GCTTCCAAGATGTGTA,3-F-56,B cell,0,B cell,1.4689975,5.555709,7434,1.1009836196899414
10X_P7_6_GCTTCCAAGCGCCTTG,3-F-56,B cell,1,Unmatched_1,3.0848017,7.882865,7435,0.464132010936737
10X_P7_6_GCTTCCAAGCTGTCTA,3-F-56,B cell,1,Unmatched_1,4.766293,7.126685,7436,0.7346041798591614
10X_P7_6_GCTTCCAAGTCATGCT,3-F-56,macrophage,4,macrophage,2.5037231,16.485863,7437,1.6611006259918213
10X_P7_6_GCTTCCAAGTCCGGTC,3-F-56,T cell,3,T cell,25.995266,-0.72191894,7438,0.6493364572525024
10X_P7_6_GCTTCCACACATTAGC,3-F-56,B cell,0,B cell,1.7133683,4.9616284,7439,1.4088175296783447
10X_P7_6_GCTTCCACAGGACGTA,3-F-56,T cell,2,Unmatched_2,28.71084,0.07212928,7440,1.672588348388672
10X_P7_6_GCTTCCAGTCCCTTGT,3-F-56,macrophage,4,macrophage,4.6785645,14.825905,7441,2.473942756652832
10X_P7_6_GCTTCCAGTGACGGTA,3-F-56,natural killer cell,5,natural killer cell,30.409613,-1.5084642,7442,2.921346426010132
10X_P7_6_GCTTCCAGTTTGTGTG,3-F-56,B cell,0,B cell,1.277594,3.8720794,7443,0.9684761166572572
10X_P7_6_GCTTCCATCAATACCG,3-F-56,B cell,0,B cell,0.3435024,6.9232864,7444,1.023755431175232
10X_P7_6_GCTTCCATCATCTGTT,3-F-56,B cell,0,B cell,1.6854149,3.6789215,7445,0.6899117231369019
10X_P7_6_GCTTCCATCGCCGTGA,3-F-56,B cell,2,Unmatched_2,25.213924,2.1546223,7446,1.383744716644287
10X_P7_6_GCTTGAAAGAGGTAGA,3-F-56,B cell,1,Unmatched_1,0.35276234,7.264342,7447,0.7837669849395752
10X_P7_6_GCTTGAAAGGTAGCTG,3-F-56,B cell,1,Unmatched_1,1.6942618,7.308577,7448,1.1018551588058472
10X_P7_6_GCTTGAACAGACACTT,3-F-56,B cell,0,B cell,-0.11780243,4.3822618,7449,0.4460742473602295
10X_P7_6_GCTTGAACATTGCGGC,3-F-56,B cell,0,B cell,-0.55280274,3.107272,7450,0.6978882551193237
10X_P7_6_GCTTGAAGTACAGTGG,3-F-56,B cell,0,B cell,0.11932253,4.8487096,7451,0.5185034871101379
10X_P7_6_GCTTGAAGTACCGTTA,3-F-56,B cell,0,B cell,0.5076245,4.130747,7452,0.488250195980072
10X_P7_6_GCTTGAAGTACTCTCC,3-F-56,B cell,1,Unmatched_1,2.2294614,7.735995,7453,0.7200461030006409
10X_P7_6_GCTTGAAGTCTCATCC,3-F-56,B cell,0,B cell,1.0797453,5.697157,7454,0.9060644507408142
10X_P7_6_GCTTGAATCAGCTTAG,3-F-56,B cell,0,B cell,1.3954405,2.4794114,7455,0.8729691505432129
10X_P7_6_GCTTGAATCCAAGCCG,3-F-56,T cell,3,T cell,26.191025,-0.79970473,7456,0.5365594625473022
10X_P7_6_GCTTGAATCTACGAGT,3-F-56,B cell,0,B cell,1.1287724,5.0712647,7457,0.541510820388794
10X_P7_6_GCTTGAATCTGGAGCC,3-F-56,B cell,0,B cell,1.045065,2.1030066,7458,1.3796274662017822
10X_P7_6_GCTTGAATCTTTCCTC,3-F-56,T cell,2,Unmatched_2,27.191132,1.5061351,7459,0.6706522107124329
10X_P7_6_GGAAAGCAGACAAGCC,3-F-56,B cell,0,B cell,0.42546827,7.9911013,7460,0.8763850331306458
10X_P7_6_GGAAAGCAGAGTGAGA,3-F-56,B cell,1,Unmatched_1,3.7389247,7.848345,7461,0.5506489872932434
10X_P7_6_GGAAAGCAGCAGGTCA,3-F-56,B cell,1,Unmatched_1,-2.7591574,4.250222,7462,0.5278577208518982
10X_P7_6_GGAAAGCAGTTCGCGC,3-F-56,B cell,0,B cell,0.088884756,3.167164,7463,0.9155504703521729
10X_P7_6_GGAAAGCCAAGCGCTC,3-F-56,B cell,0,B cell,0.21984512,2.9953346,7464,0.5931909680366516
10X_P7_6_GGAAAGCCACGCTTTC,3-F-56,B cell,0,B cell,0.44698724,3.8391178,7465,0.980622947216034
10X_P7_6_GGAAAGCCAGGAACGT,3-F-56,T cell,2,Unmatched_2,26.71501,1.4580258,7466,0.6635853052139282
10X_P7_6_GGAAAGCCAGTCCTTC,3-F-56,T cell,2,Unmatched_2,27.64487,0.9262713,7467,0.5327651500701904
10X_P7_6_GGAAAGCGTAAGAGGA,3-F-56,B cell,0,B cell,3.3958802,6.631656,7468,0.8291791081428528
10X_P7_6_GGAAAGCGTAGCACGA,3-F-56,B cell,0,B cell,1.7639384,2.8904362,7469,0.7352880835533142
10X_P7_6_GGAAAGCGTGTGCCTG,3-F-56,T cell,3,T cell,28.12465,-1.3934768,7470,0.8788487315177917
10X_P7_6_GGAAAGCGTTACAGAA,3-F-56,B cell,0,B cell,0.6647277,5.353688,7471,0.7192131876945496
10X_P7_6_GGAAAGCTCTACTTAC,3-F-56,B cell,0,B cell,-0.6388181,3.9785702,7472,1.0027503967285156
10X_P7_6_GGAAAGCTCTATCCTA,3-F-56,B cell,0,B cell,0.53635776,4.8470817,7473,0.4788127541542053
10X_P7_6_GGAAAGCTCTTCGGTC,3-F-56,B cell,0,B cell,0.30832496,4.1726584,7474,0.4651009738445282
10X_P7_6_GGAACTTAGTAGGCCA,3-F-56,B cell,0,B cell,0.32895115,4.023792,7475,0.5427783727645874
10X_P7_6_GGAACTTCAATGGTCT,3-F-56,B cell,0,B cell,-0.7938463,4.3739066,7476,0.8531496524810791
10X_P7_6_GGAACTTCACCACGTG,3-F-56,T cell,2,Unmatched_2,26.614738,1.3673958,7477,0.744634747505188
10X_P7_6_GGAACTTCACCGCTAG,3-F-56,B cell,1,Unmatched_1,3.45194,8.223308,7478,0.4641782343387604
10X_P7_6_GGAACTTCAGTGACAG,3-F-56,B cell,0,B cell,3.5883694,6.187506,7479,1.0529625415802002
10X_P7_6_GGAACTTGTATATGAG,3-F-56,B cell,0,B cell,0.7384826,5.7016983,7480,1.671083688735962
10X_P7_6_GGAACTTGTGAAGGCT,3-F-56,T cell,2,Unmatched_2,28.877993,1.0389048,7481,0.9303735494613647
10X_P7_6_GGAACTTGTGGCGAAT,3-F-56,T cell,3,T cell,25.913607,-0.77650446,7482,0.6570765376091003
10X_P7_6_GGAACTTTCAACTCTT,3-F-56,B cell,0,B cell,0.6517904,5.0427985,7483,0.5006963610649109
10X_P7_6_GGAACTTTCATCACCC,3-F-56,B cell,0,B cell,0.92471874,2.882106,7484,0.5199456214904785
10X_P7_6_GGAACTTTCGCAAGCC,3-F-56,B cell,0,B cell,1.0737448,3.937881,7485,0.6179683208465576
10X_P7_6_GGAATAAAGAGCCCAA,3-F-56,B cell,0,B cell,1.129206,5.236785,7486,0.9539371132850648
10X_P7_6_GGAATAAAGTTCGCAT,3-F-56,B cell,0,B cell,1.6874795,6.7652154,7487,0.7155020236968994
10X_P7_6_GGAATAACAAACCTAC,3-F-56,B cell,0,B cell,1.5787511,3.832618,7488,0.6983434557914734
10X_P7_6_GGAATAACACATGTGT,3-F-56,B cell,0,B cell,0.11129992,5.199961,7489,0.436036467552185
10X_P7_6_GGAATAACACCACGTG,3-F-56,T cell,3,T cell,25.574305,-0.75332195,7490,0.6177803874015808
10X_P7_6_GGAATAACACGACTCG,3-F-56,B cell,1,Unmatched_1,4.8184466,7.1911387,7491,0.7802517414093018
10X_P7_6_GGAATAACAGTAACGG,3-F-56,B cell,0,B cell,-0.23792416,4.0358086,7492,0.4718944728374481
10X_P7_6_GGAATAACAGTAAGAT,3-F-56,T cell,3,T cell,26.123676,-1.2918714,7493,1.0307979583740234
10X_P7_6_GGAATAAGTACGCTGC,3-F-56,T cell,3,T cell,28.565163,-0.3014523,7494,1.795708417892456
10X_P7_6_GGACAAGAGAAGGTGA,3-F-56,B cell,0,B cell,-0.08651789,3.008514,7495,0.7403585314750671
10X_P7_6_GGACAAGAGACACTAA,3-F-56,dendritic cell,8,dendritic cell,3.5769618,17.849758,7496,3.349301338195801
10X_P7_6_GGACAAGAGCGCCTCA,3-F-56,B cell,0,B cell,1.1414251,2.8814888,7497,1.0703262090682983
10X_P7_6_GGACAAGAGTACGACG,3-F-56,B cell,0,B cell,-2.0389678,5.1133103,7498,1.4047640562057495
10X_P7_6_GGACAAGCAAACCTAC,3-F-56,T cell,3,T cell,28.721495,-0.37435636,7499,1.923092007637024
10X_P7_6_GGACAAGCACGCGAAA,3-F-56,B cell,0,B cell,1.5751485,4.2310195,7500,0.5558421015739441
10X_P7_6_GGACAAGCATGCCCGA,3-F-56,T cell,2,Unmatched_2,26.751675,1.1351637,7501,1.1990077495574951
10X_P7_6_GGACAAGGTAGCTAAA,3-F-56,T cell,3,T cell,26.206451,-1.351827,7502,0.6647162437438965
10X_P7_6_GGACAAGGTCAATGTC,3-F-56,B cell,2,Unmatched_2,25.228567,2.1538045,7503,1.0725421905517578
10X_P7_6_GGACAAGGTGGCGAAT,3-F-56,B cell,0,B cell,1.0023832,6.063202,7504,0.9335728883743286
10X_P7_6_GGACAAGGTGTGGCTC,3-F-56,B cell,0,B cell,0.85472506,6.765325,7505,1.066090703010559
10X_P7_6_GGACAAGGTTAGAACA,3-F-56,T cell,2,Unmatched_2,29.13722,0.84209466,7506,1.2287451028823853
10X_P7_6_GGACAAGTCACGACTA,3-F-56,B cell,0,B cell,1.9848303,3.1835716,7507,0.5381653308868408
10X_P7_6_GGACAAGTCGAATCCA,3-F-56,B cell,0,B cell,1.6461353,6.139612,7508,0.8050384521484375
10X_P7_6_GGACAGAAGAATGTGT,3-F-56,B cell,0,B cell,1.4322174,4.7330403,7509,0.6489362120628357
10X_P7_6_GGACAGAAGCGTAATA,3-F-56,B cell,0,B cell,0.32275313,3.2140105,7510,0.6846848130226135
10X_P7_6_GGACAGAAGGATTCGG,3-F-56,B cell,6,Unmatched_6,-0.3306701,12.038077,7511,3.7539045810699454
10X_P7_6_GGACAGAAGTTAACGA,3-F-56,macrophage,4,macrophage,3.0613241,16.192028,7512,2.710428237915039
10X_P7_6_GGACAGACAGCTGCAC,3-F-56,B cell,0,B cell,2.8752017,4.0602717,7513,1.0998982191085815
10X_P7_6_GGACAGAGTACCGCTG,3-F-56,T cell,3,T cell,25.984436,-0.68974036,7514,0.5390563607215881
10X_P7_6_GGACAGAGTCAGAGGT,3-F-56,T cell,3,T cell,28.701725,-0.31669432,7515,1.932405948638916
10X_P7_6_GGACAGATCAGAGGTG,3-F-56,T cell,2,Unmatched_2,27.151438,1.1465397,7516,0.4963018894195556
10X_P7_6_GGACAGATCGTGGACC,3-F-56,B cell,1,Unmatched_1,4.777226,7.059816,7517,1.2379169464111328
10X_P7_6_GGACAGATCTCCTATA,3-F-56,natural killer cell,5,natural killer cell,31.151606,-2.2122312,7518,1.815402626991272
10X_P7_6_GGACATTAGACAAAGG,3-F-56,T cell,2,Unmatched_2,27.144148,1.2036849,7519,0.6059650182723999
10X_P7_6_GGACATTAGCGTCAAG,3-F-56,T cell,3,T cell,26.390488,-0.82136583,7520,0.6141168475151062
10X_P7_6_GGACATTAGCGTTTAC,3-F-56,B cell,0,B cell,2.688957,4.080733,7521,0.8070343732833862
10X_P7_6_GGACATTAGTGTGAAT,3-F-56,T cell,3,T cell,26.672804,-0.5957867,7522,0.5830253958702087
10X_P7_6_GGACATTAGTTTCCTT,3-F-56,macrophage,4,macrophage,2.5496423,16.384254,7523,2.8559908866882324
10X_P7_6_GGACATTCACGGCTAC,3-F-56,T cell,2,Unmatched_2,27.58813,1.0523726,7524,1.4619024991989136
10X_P7_6_GGACATTGTACGCTGC,3-F-56,B cell,1,Unmatched_1,3.5007007,8.193137,7525,0.5179595947265625
10X_P7_6_GGACATTGTAGCCTCG,3-F-56,B cell,0,B cell,2.1462424,6.449995,7526,0.6723600625991821
10X_P7_6_GGACATTGTTCTGAAC,3-F-56,T cell,2,Unmatched_2,27.16738,1.2814974,7527,0.6602539420127869
10X_P7_6_GGACATTTCCTTTCGG,3-F-56,T cell,3,T cell,28.125383,-1.464203,7528,0.7782654762268066
10X_P7_6_GGACATTTCGCCGTGA,3-F-56,B cell,0,B cell,3.4514182,5.9509068,7529,0.5191041231155396
10X_P7_6_GGACATTTCTTGCATT,3-F-56,B cell,0,B cell,0.04631567,4.1736975,7530,0.6362920999526978
10X_P7_6_GGACGTCAGATCCCGC,3-F-56,B cell,0,B cell,0.31875655,7.8097353,7531,0.714414656162262
10X_P7_6_GGACGTCAGTCGTACT,3-F-56,B cell,0,B cell,0.8663819,5.0663133,7532,0.5156767964363098
10X_P7_6_GGACGTCCAAACAACA,3-F-56,B cell,0,B cell,-1.8733729,5.36921,7533,1.2257519960403442
10X_P7_6_GGACGTCCACACCGAC,3-F-56,B cell,0,B cell,1.9662842,2.8546467,7534,0.5181618332862854
10X_P7_6_GGACGTCGTAAATGAC,3-F-56,B cell,1,Unmatched_1,3.9832444,7.745788,7535,0.6027506589889526
10X_P7_6_GGACGTCGTCTAGAGG,3-F-56,B cell,0,B cell,1.3322189,2.9509976,7536,0.7188460826873779
10X_P7_6_GGACGTCTCCTATGTT,3-F-56,B cell,1,Unmatched_1,2.7521338,8.426672,7537,0.5932482481002808
10X_P7_6_GGACGTCTCTGACCTC,3-F-56,B cell,0,B cell,2.4617524,6.856691,7538,0.4966030418872833
10X_P7_6_GGAGCAAAGAAACGAG,3-F-56,B cell,0,B cell,-1.3356751,4.248124,7539,0.8309600353240967
10X_P7_6_GGAGCAAAGAAGAAGC,3-F-56,B cell,7,Unmatched_7,3.9380536,13.2243395,7540,0.8257867097854614
10X_P7_6_GGAGCAAAGCCATCGC,3-F-56,B cell,0,B cell,-0.055765193,3.5921936,7541,0.931378960609436
10X_P7_6_GGAGCAAAGCTGGAAC,3-F-56,natural killer cell,5,natural killer cell,30.598715,-1.5108522,7542,2.259593725204468
10X_P7_6_GGAGCAAAGTTGTAGA,3-F-56,B cell,0,B cell,0.36464345,4.614874,7543,0.4899593591690063
10X_P7_6_GGAGCAACAATGGAGC,3-F-56,B cell,0,B cell,1.6347543,3.2317731,7544,0.5323666334152222
10X_P7_6_GGAGCAACATCTCGCT,3-F-56,B cell,0,B cell,0.5218771,3.4044738,7545,0.5485272407531738
10X_P7_6_GGAGCAACATGTCTCC,3-F-56,B cell,0,B cell,0.2794446,7.4957314,7546,0.6879846453666687
10X_P7_6_GGAGCAAGTACAGTTC,3-F-56,B cell,0,B cell,-0.08536431,5.123202,7547,0.5237451791763306
10X_P7_6_GGAGCAAGTAGCGTAG,3-F-56,B cell,0,B cell,1.6900014,3.5106137,7548,0.9138609170913696
10X_P7_6_GGAGCAAGTCCGACGT,3-F-56,B cell,2,Unmatched_2,24.99932,1.9570547,7549,1.444994330406189
10X_P7_6_GGAGCAAGTCTTCTCG,3-F-56,T cell,2,Unmatched_2,26.822906,1.0867803,7550,0.7314006686210632
10X_P7_6_GGAGCAAGTTCAGACT,3-F-56,T cell,3,T cell,27.7529,-1.2202764,7551,0.99218487739563
10X_P7_6_GGAGCAAGTTCCACGG,3-F-56,B cell,2,Unmatched_2,24.96907,1.9643649,7552,1.284915566444397
10X_P7_6_GGAGCAAGTTCGTTGA,3-F-56,T cell,3,T cell,25.907759,-0.26384735,7553,0.8054882884025574
10X_P7_6_GGAGCAATCAAGGTAA,3-F-56,B cell,0,B cell,2.279587,2.9012303,7554,0.5719135403633118
10X_P7_6_GGAGCAATCATGCTCC,3-F-56,T cell,2,Unmatched_2,27.292477,1.2277409,7555,1.2582988739013672
10X_P7_6_GGAGCAATCCCACTTG,3-F-56,T cell,3,T cell,28.2838,-1.3680261,7556,0.9359633326530457
10X_P7_6_GGAGCAATCCTTCAAT,3-F-56,T cell,3,T cell,26.382273,-0.96633166,7557,0.8670355081558228
10X_P7_6_GGATGTTAGAAACCGC,3-F-56,B cell,0,B cell,1.8577377,2.594518,7558,0.5223888754844666
10X_P7_6_GGATGTTAGACAGGCT,3-F-56,B cell,0,B cell,2.146106,2.8564024,7559,0.4678390026092529
10X_P7_6_GGATGTTAGATGTGGC,3-F-56,T cell,3,T cell,28.310057,-1.2683221,7560,1.108863115310669
10X_P7_6_GGATGTTAGGACGAAA,3-F-56,B cell,0,B cell,0.95572144,5.3332353,7561,0.7942948937416077
10X_P7_6_GGATGTTCAATCCGAT,3-F-56,T cell,3,T cell,27.992188,-1.3791071,7562,1.02647066116333
10X_P7_6_GGATGTTCACAGGCCT,3-F-56,B cell,1,Unmatched_1,3.9564304,7.609729,7563,0.6839141249656677
10X_P7_6_GGATGTTCATCACAAC,3-F-56,B cell,0,B cell,2.1159143,4.114983,7564,0.4727779924869537
10X_P7_6_GGATGTTCATCGATTG,3-F-56,B cell,0,B cell,0.83376586,4.9415803,7565,0.6218221187591553
10X_P7_6_GGATGTTGTATGCTTG,3-F-56,T cell,2,Unmatched_2,27.141632,1.3352865,7566,0.6039933562278748
10X_P7_6_GGATGTTGTGACAAAT,3-F-56,B cell,0,B cell,0.1171225,4.88978,7567,0.5028426647186279
10X_P7_6_GGATGTTGTTCACCTC,3-F-56,T cell,2,Unmatched_2,27.893892,0.5905912,7568,0.6636874675750732
10X_P7_6_GGATGTTGTTCCATGA,3-F-56,B cell,1,Unmatched_1,2.9324937,7.845232,7569,0.4651001691818237
10X_P7_6_GGATGTTTCATTGCCC,3-F-56,T cell,3,T cell,28.545435,-0.57497555,7570,1.8024311065673828
10X_P7_6_GGATGTTTCGGAAATA,3-F-56,T cell,3,T cell,26.692795,-0.8193458,7571,0.842186450958252
10X_P7_6_GGATGTTTCGTCCAGG,3-F-56,B cell,0,B cell,0.14840735,4.757094,7572,0.5644600987434387
10X_P7_6_GGATGTTTCTTTCCTC,3-F-56,B cell,0,B cell,0.67279154,6.323335,7573,0.8787622451782227
10X_P7_6_GGATTACAGAAACGAG,3-F-56,B cell,0,B cell,0.81523013,3.8051836,7574,1.222736120223999
10X_P7_6_GGATTACAGAAGGTTT,3-F-56,B cell,0,B cell,2.242109,7.358769,7575,0.5587072968482971
10X_P7_6_GGATTACAGATGTGGC,3-F-56,B cell,0,B cell,0.796523,4.1858277,7576,0.4996524453163147
10X_P7_6_GGATTACAGCGCCTCA,3-F-56,B cell,0,B cell,1.0711586,4.932808,7577,0.7283456325531006
10X_P7_6_GGATTACAGGAATCGC,3-F-56,B cell,1,Unmatched_1,2.3693812,8.209198,7578,0.4670095145702362
10X_P7_6_GGATTACAGGATATAC,3-F-56,T cell,2,Unmatched_2,27.633347,1.0913261,7579,1.1045435667037964
10X_P7_6_GGATTACAGGATGTAT,3-F-56,B cell,0,B cell,1.9183517,7.333372,7580,0.6246522665023804
10X_P7_6_GGATTACAGGTAAACT,3-F-56,dendritic cell,8,dendritic cell,3.5448234,17.799288,7581,4.022615909576416
10X_P7_6_GGATTACCAATGAATG,3-F-56,B cell,0,B cell,2.4465032,3.4588463,7582,0.4111102521419525
10X_P7_6_GGATTACCAGGGATTG,3-F-56,macrophage,4,macrophage,1.8679357,16.77049,7583,1.5781347751617432
10X_P7_6_GGATTACCATGGTTGT,3-F-56,B cell,0,B cell,0.9064833,3.567725,7584,0.6540734767913818
10X_P7_6_GGATTACTCGATCCCT,3-F-56,B cell,0,B cell,-1.8461006,5.4466786,7585,1.7367475032806396
10X_P7_6_GGCAATTAGATCACGG,3-F-56,B cell,0,B cell,0.45097646,4.753197,7586,0.4095330238342285
10X_P7_6_GGCAATTCAATGACCT,3-F-56,B cell,1,Unmatched_1,2.9844353,8.314539,7587,0.6267355680465698
10X_P7_6_GGCAATTCACCGAAAG,3-F-56,B cell,0,B cell,2.177317,2.083817,7588,0.6224924325942993
10X_P7_6_GGCAATTCATTAACCG,3-F-56,B cell,6,Unmatched_6,0.27400452,11.248634,7589,1.9147930145263672
10X_P7_6_GGCAATTGTACCCAAT,3-F-56,B cell,0,B cell,-0.862155,5.829358,7590,1.31266188621521
10X_P7_6_GGCAATTGTAGTACCT,3-F-56,B cell,0,B cell,1.1170104,3.7300363,7591,0.4564354419708252
10X_P7_6_GGCAATTGTCATGCAT,3-F-56,B cell,0,B cell,1.966956,6.3805537,7592,0.8245776295661926
10X_P7_6_GGCAATTGTTACGCGC,3-F-56,T cell,3,T cell,27.439247,-0.9288067,7593,1.182137370109558
10X_P7_6_GGCAATTGTTCCATGA,3-F-56,T cell,3,T cell,25.816322,-0.46979865,7594,0.5935829281806946
10X_P7_6_GGCAATTTCACGATGT,3-F-56,B cell,0,B cell,0.2026554,7.628753,7595,0.9232513308525084
10X_P7_6_GGCAATTTCACGGTTA,3-F-56,B cell,0,B cell,3.1613204,6.763104,7596,0.6520677208900452
10X_P7_6_GGCAATTTCATATCGG,3-F-56,B cell,0,B cell,2.5297148,6.1679354,7597,0.833389163017273
10X_P7_6_GGCAATTTCCCTAACC,3-F-56,B cell,0,B cell,2.435036,5.025701,7598,1.0590152740478516
10X_P7_6_GGCAATTTCTCGCATC,3-F-56,B cell,0,B cell,1.9166366,3.2643974,7599,0.6140606999397278
10X_P7_6_GGCCGATAGAGGACGG,3-F-56,B cell,0,B cell,0.84591717,2.2711186,7600,0.807378888130188
10X_P7_6_GGCCGATAGCTAGCCC,3-F-56,T cell,3,T cell,25.851915,-1.1913956,7601,0.897648811340332
10X_P7_6_GGCCGATAGGGTCGAT,3-F-56,T cell,3,T cell,27.935812,-1.1839129,7602,1.1778430938720703
10X_P7_6_GGCCGATAGGTAGCCA,3-F-56,B cell,0,B cell,1.1520823,6.1297135,7603,0.774077832698822
10X_P7_6_GGCCGATCATGTCGAT,3-F-56,B cell,0,B cell,2.0501204,3.8787217,7604,0.6224220395088196
10X_P7_6_GGCCGATGTGATGTCT,3-F-56,B cell,0,B cell,0.6977165,5.464294,7605,0.8544108867645264
10X_P7_6_GGCCGATTCAAAGACA,3-F-56,B cell,1,Unmatched_1,2.609178,8.24277,7606,0.5088942646980286
10X_P7_6_GGCCGATTCCTATGTT,3-F-56,B cell,0,B cell,1.2427576,7.213099,7607,0.6995760202407837
10X_P7_6_GGCCGATTCCTTTACA,3-F-56,B cell,0,B cell,1.658036,5.7274017,7608,1.2447940111160278
10X_P7_6_GGCCGATTCTGCCCTA,3-F-56,B cell,0,B cell,0.35354838,3.1823008,7609,0.6642012596130371
10X_P7_6_GGCGACTAGACGCAAC,3-F-56,B cell,1,Unmatched_1,2.5874703,8.194598,7610,0.7089664936065674
10X_P7_6_GGCGACTAGAGCTGGT,3-F-56,T cell,2,Unmatched_2,27.718355,1.3377869,7611,1.0783236026763916
10X_P7_6_GGCGACTAGAGGTAGA,3-F-56,B cell,0,B cell,0.3184799,7.7619557,7612,0.7293667793273926
10X_P7_6_GGCGACTAGCAATATG,3-F-56,B cell,1,Unmatched_1,3.3240418,8.387149,7613,0.5574417114257812
10X_P7_6_GGCGACTCACGTCTCT,3-F-56,T cell,2,Unmatched_2,27.610815,1.5086646,7614,0.5508595705032349
10X_P7_6_GGCGACTCAGACGCAA,3-F-56,B cell,0,B cell,-0.77764255,3.2047203,7615,0.9502561688423156
10X_P7_6_GGCGACTCATCTACGA,3-F-56,T cell,2,Unmatched_2,27.576422,0.19541137,7616,0.8952289819717407
10X_P7_6_GGCGACTGTTACTGAC,3-F-56,T cell,2,Unmatched_2,26.925182,1.0013319,7617,0.68571937084198
10X_P7_6_GGCGACTTCACGAAGG,3-F-56,B cell,0,B cell,1.6200067,4.6755257,7618,0.5792198777198792
10X_P7_6_GGCGACTTCCCTAATT,3-F-56,T cell,3,T cell,26.213078,-0.4533883,7619,0.6458718776702881
10X_P7_6_GGCGTGTAGCGCCTTG,3-F-56,B cell,1,Unmatched_1,3.7005832,8.539394,7620,0.8152124285697937
10X_P7_6_GGCGTGTAGGAATTAC,3-F-56,B cell,0,B cell,1.0161864,4.725426,7621,0.5900357961654663
10X_P7_6_GGCGTGTAGTAAGTAC,3-F-56,macrophage,4,macrophage,3.6897757,15.801661,7622,2.256377935409546
10X_P7_6_GGCGTGTCACATCCAA,3-F-56,B cell,6,Unmatched_6,0.34154856,11.066393,7623,1.556702733039856
10X_P7_6_GGCGTGTGTAGCCTAT,3-F-56,B cell,0,B cell,2.3705685,2.853389,7624,0.402573823928833
10X_P7_6_GGCGTGTTCCGCATCT,3-F-56,B cell,0,B cell,2.2844043,3.9470053,7625,0.5145448446273804
10X_P7_6_GGCGTGTTCCTGCAGG,3-F-56,B cell,0,B cell,2.6574762,4.6235285,7626,0.83620685338974
10X_P7_6_GGCGTGTTCTGAAAGA,3-F-56,B cell,0,B cell,1.7992814,5.7404256,7627,1.3109596967697144
10X_P7_6_GGCTCGAAGAGCCTAG,3-F-56,B cell,0,B cell,-0.18149143,3.9169037,7628,0.8922802209854126
10X_P7_6_GGCTCGAAGCCAGTTT,3-F-56,B cell,0,B cell,0.090314254,5.116986,7629,0.4246100783348083
10X_P7_6_GGCTCGAAGCCCAGCT,3-F-56,B cell,0,B cell,0.23600164,2.7829556,7630,1.149620771408081
10X_P7_6_GGCTCGAAGTCGAGTG,3-F-56,B cell,1,Unmatched_1,1.8091425,7.7639947,7631,0.7261533141136169
10X_P7_6_GGCTCGACACTGTCGG,3-F-56,T cell,3,T cell,25.818125,-0.52692336,7632,0.7473086714744568
10X_P7_6_GGCTCGACATACCATG,3-F-56,B cell,1,Unmatched_1,4.664887,6.8731775,7633,0.9820927381515504
10X_P7_6_GGCTCGAGTCTCCCTA,3-F-56,B cell,0,B cell,-1.2945592,4.7646027,7634,1.3630419969558716
10X_P7_6_GGCTCGAGTTATCGGT,3-F-56,B cell,0,B cell,1.8326782,4.8794427,7635,1.5783226490020752
10X_P7_6_GGCTCGAGTTTGACTG,3-F-56,B cell,4,macrophage,2.4719853,16.319407,7636,2.658179759979248
10X_P7_6_GGCTCGATCATTGCGA,3-F-56,T cell,3,T cell,25.71181,-0.25634646,7637,0.667240560054779
10X_P7_6_GGCTCGATCTTGTATC,3-F-56,macrophage,4,macrophage,4.98814,16.27307,7638,2.6419363021850586
10X_P7_6_GGCTGGTAGACAGAGA,3-F-56,B cell,0,B cell,0.6764978,4.170646,7639,0.4044431149959564
10X_P7_6_GGCTGGTAGAGGACGG,3-F-56,B cell,0,B cell,0.55536896,8.091235,7640,0.8688927292823792
10X_P7_6_GGCTGGTAGAGGTAGA,3-F-56,T cell,3,T cell,25.913471,-0.1401882,7641,0.8849124908447266
10X_P7_6_GGCTGGTAGAGGTTAT,3-F-56,T cell,3,T cell,25.854801,-1.0238477,7642,0.7802978157997131
10X_P7_6_GGCTGGTAGCCACGTC,3-F-56,B cell,1,Unmatched_1,2.0944383,8.279575,7643,0.6260742545127869
10X_P7_6_GGCTGGTAGGCTAGAC,3-F-56,B cell,0,B cell,1.7979015,5.365303,7644,0.7247430682182312
10X_P7_6_GGCTGGTAGGCTCATT,3-F-56,B cell,0,B cell,1.0036385,5.067007,7645,0.5988771915435791
10X_P7_6_GGCTGGTCAAGAAAGG,3-F-56,T cell,4,macrophage,4.7740083,14.793898,7646,2.8559908866882324
10X_P7_6_GGCTGGTCAAGTTCTG,3-F-56,B cell,0,B cell,0.5376383,4.495888,7647,0.4088541865348816
10X_P7_6_GGCTGGTCACACCGCA,3-F-56,B cell,0,B cell,1.3010266,4.511698,7648,0.4666831493377685
10X_P7_6_GGCTGGTGTACGAAAT,3-F-56,B cell,0,B cell,0.49958387,3.950033,7649,0.5643482804298401
10X_P7_6_GGCTGGTGTTTAGCTG,3-F-56,B cell,0,B cell,-0.96560144,3.3974686,7650,0.8037543892860413
10X_P7_6_GGCTGGTTCAAAGTAG,3-F-56,B cell,0,B cell,1.6369199,6.2726045,7651,0.6843787431716919
10X_P7_6_GGCTGGTTCAACACTG,3-F-56,B cell,0,B cell,-0.20232125,4.60394,7652,0.5214657187461853
10X_P7_6_GGCTGGTTCACCCGAG,3-F-56,T cell,2,Unmatched_2,26.768255,1.4631088,7653,1.0504311323165894
10X_P7_6_GGCTGGTTCACCTTAT,3-F-56,natural killer cell,5,natural killer cell,31.067413,-2.3324955,7654,1.8333864212036133
10X_P7_6_GGCTGGTTCCAATGGT,3-F-56,T cell,4,macrophage,4.776906,14.873675,7655,2.8559908866882324
10X_P7_6_GGCTGGTTCGTTGACA,3-F-56,T cell,2,Unmatched_2,27.004705,1.3710423,7656,0.6409060955047607
10X_P7_6_GGCTGGTTCTAACTTC,3-F-56,B cell,1,Unmatched_1,3.1339688,8.647073,7657,0.4723249077796936
10X_P7_6_GGGAATGAGAGTAATC,3-F-56,B cell,1,Unmatched_1,-2.605605,4.0878158,7658,0.8142959475517273
10X_P7_6_GGGAATGAGGATCGCA,3-F-56,B cell,0,B cell,1.2269064,2.759854,7659,1.0071539878845217
10X_P7_6_GGGAATGCAAGGCTCC,3-F-56,B cell,0,B cell,1.5008645,3.9996426,7660,0.6235406398773193
10X_P7_6_GGGAATGCAGTCGATT,3-F-56,B cell,0,B cell,1.4980056,4.8639264,7661,0.6882764101028442
10X_P7_6_GGGAATGCATTGTGCA,3-F-56,B cell,0,B cell,1.6658547,6.209894,7662,0.696598470211029
10X_P7_6_GGGAATGGTCCGAGTC,3-F-56,B cell,0,B cell,1.1128261,6.5507708,7663,1.402563452720642
10X_P7_6_GGGAATGGTCTCTTTA,3-F-56,B cell,0,B cell,0.46530902,5.0601482,7664,0.5403156280517578
10X_P7_6_GGGAATGGTGATAAGT,3-F-56,B cell,0,B cell,3.3289633,5.9657445,7665,0.6764945983886719
10X_P7_6_GGGAATGTCAGAAATG,3-F-56,B cell,1,Unmatched_1,-2.0231593,4.1630883,7666,0.6768214702606201
10X_P7_6_GGGAATGTCCTAGGGC,3-F-56,T cell,3,T cell,26.318218,-0.96358585,7667,0.6139994859695435
10X_P7_6_GGGAATGTCCTGCTTG,3-F-56,T cell,2,Unmatched_2,28.729822,-0.06824223,7668,1.4143861532211304
10X_P7_6_GGGACCTAGGATGCGT,3-F-56,T cell,3,T cell,26.016537,-0.4443847,7669,0.6450105905532837
10X_P7_6_GGGACCTAGTGCGATG,3-F-56,B cell,0,B cell,-0.7682443,3.4300706,7670,0.5810390710830688
10X_P7_6_GGGACCTAGTTTCCTT,3-F-56,macrophage,4,macrophage,3.6195402,15.724502,7671,1.5275213718414309
10X_P7_6_GGGACCTCACATCCAA,3-F-56,B cell,0,B cell,-1.5849909,4.1612587,7672,0.8160755038261414
10X_P7_6_GGGACCTCATCCGGGT,3-F-56,T cell,2,Unmatched_2,27.101921,1.2459676,7673,0.5889836549758911
10X_P7_6_GGGACCTCATTACCTT,3-F-56,B cell,0,B cell,-0.74051344,2.9702377,7674,1.259663462638855
10X_P7_6_GGGACCTGTCACCTAA,3-F-56,B cell,0,B cell,1.8233268,2.566439,7675,0.5836717486381531
10X_P7_6_GGGACCTGTCCATCCT,3-F-56,B cell,0,B cell,0.42759243,4.7931504,7676,0.3996807336807251
10X_P7_6_GGGACCTTCATCACCC,3-F-56,B cell,3,T cell,26.783741,-0.92814994,7677,1.4655919075012207
10X_P7_6_GGGACCTTCATGTCCC,3-F-56,B cell,0,B cell,1.3071367,2.548078,7678,0.5185884237289429
10X_P7_6_GGGAGATAGACGCAAC,3-F-56,B cell,0,B cell,0.013504565,5.289264,7679,0.6612080931663513
10X_P7_6_GGGAGATAGCCACGCT,3-F-56,B cell,0,B cell,1.6818513,7.040747,7680,1.1543593406677246
10X_P7_6_GGGAGATAGCGTTTAC,3-F-56,B cell,0,B cell,2.5159504,2.9167936,7681,0.5147996544837952
10X_P7_6_GGGAGATAGGAATGGA,3-F-56,natural killer cell,5,natural killer cell,30.635214,-1.51149,7682,2.3534798622131348
10X_P7_6_GGGAGATAGGTAGCTG,3-F-56,B cell,1,Unmatched_1,2.5206058,8.0727,7683,0.4433464407920837
10X_P7_6_GGGAGATAGTTACCCA,3-F-56,B cell,0,B cell,1.676866,2.7240434,7684,0.559374213218689
10X_P7_6_GGGAGATCAAATCCGT,3-F-56,B cell,0,B cell,-0.9142655,5.6550536,7685,1.0544557571411133
10X_P7_6_GGGAGATCAGCATGAG,3-F-56,B cell,1,Unmatched_1,4.646742,6.9245276,7686,0.9396518468856812
10X_P7_6_GGGAGATCAGCGTCCA,3-F-56,B cell,1,Unmatched_1,3.1523843,8.65818,7687,0.4676699340343475
10X_P7_6_GGGAGATGTAAGAGGA,3-F-56,B cell,0,B cell,0.8983755,5.8378954,7688,0.8094145655632019
10X_P7_6_GGGAGATGTAGGGACT,3-F-56,B cell,1,Unmatched_1,3.3958187,8.372056,7689,0.4382095038890838
10X_P7_6_GGGAGATTCCGGGTGT,3-F-56,B cell,0,B cell,1.218314,2.0886712,7690,0.6501685380935669
10X_P7_6_GGGAGATTCTCCAACC,3-F-56,T cell,2,Unmatched_2,27.397076,0.6994626,7691,0.6322867274284363
10X_P7_6_GGGAGATTCTTGTTTG,3-F-56,B cell,0,B cell,2.6122637,3.2023473,7692,0.5714846849441528
10X_P7_6_GGGATGAAGGATGTAT,3-F-56,B cell,1,Unmatched_1,4.6507645,7.178911,7693,1.700079321861267
10X_P7_6_GGGATGAAGGCACATG,3-F-56,B cell,0,B cell,1.7209172,6.477619,7694,1.1825159788131714
10X_P7_6_GGGATGACAAGGACAC,3-F-56,B cell,0,B cell,-0.5819674,4.0939937,7695,1.4563486576080322
10X_P7_6_GGGATGACAATCCAAC,3-F-56,T cell,2,Unmatched_2,27.22277,1.2926185,7696,0.7428503036499023
10X_P7_6_GGGATGACATCCCATC,3-F-56,macrophage,4,macrophage,2.4763968,16.451347,7697,1.9896613359451292
10X_P7_6_GGGATGAGTACTTCTT,3-F-56,T cell,2,Unmatched_2,27.318455,-0.19330272,7698,2.0649526119232178
10X_P7_6_GGGATGAGTATCAGTC,3-F-56,T cell,2,Unmatched_2,27.344538,1.0369803,7699,0.5386533737182617
10X_P7_6_GGGATGAGTCTAGGTT,3-F-56,B cell,0,B cell,2.2956104,6.5562153,7700,0.5872098803520203
10X_P7_6_GGGATGAGTGGCTCCA,3-F-56,B cell,0,B cell,1.1072835,2.4962652,7701,0.6756206750869751
10X_P7_6_GGGATGATCCCGGATG,3-F-56,B cell,0,B cell,1.8651141,2.721458,7702,0.4700790345668793
10X_P7_6_GGGATGATCTGGCGTG,3-F-56,B cell,0,B cell,2.3746889,5.244961,7703,0.9704936146736144
10X_P7_6_GGGCACTAGATAGCAT,3-F-56,B cell,0,B cell,2.1618288,4.001814,7704,0.6251163482666016
10X_P7_6_GGGCACTAGGACCACA,3-F-56,B cell,0,B cell,0.83113176,4.366954,7705,0.777309000492096
10X_P7_6_GGGCACTAGTGGTAAT,3-F-56,B cell,0,B cell,1.955494,6.015101,7706,0.9622865319252014
10X_P7_6_GGGCACTGTAAACCTC,3-F-56,B cell,0,B cell,1.8490205,7.213043,7707,1.2061742544174194
10X_P7_6_GGGCACTGTAAAGTCA,3-F-56,B cell,0,B cell,0.88421357,6.6543407,7708,1.359971523284912
10X_P7_6_GGGCACTGTATTCGTG,3-F-56,T cell,3,T cell,26.139603,-0.38740778,7709,0.538662850856781
10X_P7_6_GGGCACTGTCTCAACA,3-F-56,B cell,0,B cell,2.6499546,2.557177,7710,0.5877342224121094
10X_P7_6_GGGCACTGTCTCTTAT,3-F-56,B cell,0,B cell,2.2052147,6.7597446,7711,0.6125465631484985
10X_P7_6_GGGCACTGTGACCAAG,3-F-56,T cell,2,Unmatched_2,27.25894,1.2297775,7712,0.6386671662330627
10X_P7_6_GGGCACTGTGAGGGTT,3-F-56,B cell,1,Unmatched_1,4.8187695,7.1599965,7713,0.8544026017189026
10X_P7_6_GGGCACTTCACCTCGT,3-F-56,B cell,0,B cell,-0.71510386,3.550537,7714,0.5194329619407654
10X_P7_6_GGGCACTTCATGCAAC,3-F-56,T cell,2,Unmatched_2,27.401413,1.3416971,7715,0.5202109217643738
10X_P7_6_GGGCACTTCCATTCTA,3-F-56,B cell,0,B cell,1.4527006,3.163136,7716,0.995581030845642
10X_P7_6_GGGCACTTCTGTCAAG,3-F-56,natural killer cell,5,natural killer cell,30.619423,-2.1007452,7717,3.170403957366944
10X_P7_6_GGGCATCAGTCGTTTG,3-F-56,B cell,0,B cell,0.43410853,4.6587167,7718,0.4208999872207641
10X_P7_6_GGGCATCCAACGCACC,3-F-56,B cell,7,Unmatched_7,3.9688404,13.277012,7719,0.7702422142028809
10X_P7_6_GGGCATCCAACTGGCC,3-F-56,T cell,3,T cell,25.907175,-0.7276137,7720,0.8655824661254883
10X_P7_6_GGGCATCCAATGGTCT,3-F-56,B cell,0,B cell,0.5885504,3.6252804,7721,0.8091768026351929
10X_P7_6_GGGCATCCACAAGCCC,3-F-56,B cell,0,B cell,2.1327543,4.642874,7722,1.1759802103042605
10X_P7_6_GGGCATCCATACTACG,3-F-56,B cell,0,B cell,2.3180966,2.1779377,7723,0.4435484111309051
10X_P7_6_GGGCATCCATTAGCCA,3-F-56,B cell,1,Unmatched_1,3.2978678,8.007739,7724,0.5658124089241028
10X_P7_6_GGGCATCGTCCTAGCG,3-F-56,B cell,0,B cell,0.42901766,7.8623357,7725,0.8169373869895935
10X_P7_6_GGGCATCGTCGAATCT,3-F-56,B cell,0,B cell,-0.47524583,3.5035655,7726,0.6005377173423767
10X_P7_6_GGGCATCTCCACTCCA,3-F-56,B cell,0,B cell,0.9486243,2.1159012,7727,1.0148508548736572
10X_P7_6_GGGCATCTCCGTCATC,3-F-56,B cell,0,B cell,1.7206352,7.0665593,7728,1.1949542760849
10X_P7_6_GGGCATCTCGCCAAAT,3-F-56,B cell,0,B cell,1.6601245,4.911766,7729,0.5439570546150208
10X_P7_6_GGGCATCTCGTTACAG,3-F-56,B cell,0,B cell,0.9900748,3.9684675,7730,0.8238174319267273
10X_P7_6_GGGTCTGAGAAGAAGC,3-F-56,B cell,0,B cell,2.4025657,6.946799,7731,1.096212387084961
10X_P7_6_GGGTCTGAGATGGCGT,3-F-56,B cell,0,B cell,1.3130239,1.9121346,7732,0.8341846466064453
10X_P7_6_GGGTCTGAGTTAAGTG,3-F-56,T cell,3,T cell,28.033922,-1.2551929,7733,0.8725553750991821
10X_P7_6_GGGTCTGAGTTAGCGG,3-F-56,B cell,0,B cell,2.8633997,3.4927742,7734,0.5546191334724426
10X_P7_6_GGGTCTGCACTATCTT,3-F-56,B cell,1,Unmatched_1,1.5106027,8.025055,7735,1.1181941032409668
10X_P7_6_GGGTCTGCATGCCTTC,3-F-56,B cell,0,B cell,0.36672625,3.5166135,7736,0.5465062856674194
10X_P7_6_GGGTCTGGTAAGGATT,3-F-56,B cell,0,B cell,-0.22132808,3.6961973,7737,0.9858686327934264
10X_P7_6_GGGTCTGGTCTCGTTC,3-F-56,T cell,3,T cell,28.688051,-0.36262766,7738,1.7178614139556885
10X_P7_6_GGGTCTGGTTACGCGC,3-F-56,T cell,2,Unmatched_2,28.77182,0.094643705,7739,1.636288285255432
10X_P7_6_GGGTCTGTCACAGTAC,3-F-56,T cell,2,Unmatched_2,27.864582,0.8546995,7740,0.7212587594985962
10X_P7_6_GGGTCTGTCGTCCAGG,3-F-56,T cell,5,natural killer cell,30.177181,-0.52637476,7741,1.4248597621917725
10X_P7_6_GGGTTGCAGTACATGA,3-F-56,T cell,3,T cell,25.990349,-1.0540361,7742,0.5850599408149719
10X_P7_6_GGGTTGCCACCGTTGG,3-F-56,B cell,0,B cell,2.7970412,4.326878,7743,0.5829947590827942
10X_P7_6_GGGTTGCCATATGAGA,3-F-56,B cell,0,B cell,2.311004,2.2643747,7744,0.5754636526107788
10X_P7_6_GGGTTGCCATCACGAT,3-F-56,B cell,0,B cell,-0.23049037,4.460106,7745,0.3934488892555237
10X_P7_6_GGGTTGCGTACCCAAT,3-F-56,B cell,0,B cell,-0.5742467,3.2503562,7746,1.2391680479049685
10X_P7_6_GGGTTGCGTCGAGATG,3-F-56,B cell,0,B cell,0.27334943,3.4330263,7747,0.6025671362876892
10X_P7_6_GGGTTGCTCACCGTAA,3-F-56,B cell,0,B cell,1.0923325,2.7981956,7748,0.5786082744598389
10X_P7_6_GGGTTGCTCATTTGGG,3-F-56,B cell,0,B cell,1.5534859,4.120015,7749,0.601982593536377
10X_P7_6_GGGTTGCTCCGTTGTC,3-F-56,B cell,1,Unmatched_1,3.404543,8.399248,7750,0.5153378844261169
10X_P7_6_GGGTTGCTCCTAAGTG,3-F-56,B cell,0,B cell,-0.72633713,3.4981863,7751,0.39499431848526
10X_P7_6_GGGTTGCTCTACCAGA,3-F-56,T cell,2,Unmatched_2,24.907936,1.7949321,7752,0.8975492715835571
10X_P7_6_GGTATTGAGCTGCCCA,3-F-56,B cell,0,B cell,2.4571595,6.3180947,7753,1.436469793319702
10X_P7_6_GGTATTGAGGCATGTG,3-F-56,B cell,0,B cell,0.8652905,5.2022195,7754,0.6158626675605774
10X_P7_6_GGTATTGAGTGAACAT,3-F-56,B cell,1,Unmatched_1,2.5934038,8.106639,7755,0.4585528969764709
10X_P7_6_GGTATTGCAATAGCAA,3-F-56,B cell,1,Unmatched_1,2.4892864,7.828228,7756,0.8542697429656982
10X_P7_6_GGTATTGGTAGCAAAT,3-F-56,B cell,0,B cell,0.40707684,5.56847,7757,0.8679824471473694
10X_P7_6_GGTATTGGTAGGCATG,3-F-56,B cell,0,B cell,0.83504564,4.702587,7758,0.7704477310180664
10X_P7_6_GGTATTGGTATAGTAG,3-F-56,B cell,0,B cell,-0.8817376,5.8532887,7759,1.1639325618743896
10X_P7_6_GGTATTGGTATGGTTC,3-F-56,natural killer cell,5,natural killer cell,31.083084,-2.0245094,7760,1.7574061155319214
10X_P7_6_GGTATTGGTGCCTGCA,3-F-56,T cell,3,T cell,27.98511,-1.3580525,7761,0.9059818387031556
10X_P7_6_GGTATTGGTTTAAGCC,3-F-56,B cell,0,B cell,0.498701,5.2691145,7762,0.8555939197540283
10X_P7_6_GGTATTGTCAGCCTAA,3-F-56,B cell,0,B cell,1.2817432,3.094451,7763,0.7894521355628967
10X_P7_6_GGTATTGTCCTCAATT,3-F-56,B cell,0,B cell,0.7463536,3.5980122,7764,0.6108310222625732
10X_P7_6_GGTATTGTCGCATGGC,3-F-56,B cell,7,Unmatched_7,3.9978583,13.244201,7765,0.6760145425796509
10X_P7_6_GGTATTGTCGGCTACG,3-F-56,B cell,0,B cell,-0.40358487,6.5213733,7766,1.3433629274368286
10X_P7_6_GGTGAAGCAAATACAG,3-F-56,B cell,0,B cell,-0.7710384,3.4503138,7767,0.8754519820213318
10X_P7_6_GGTGAAGCAATCGGTT,3-F-56,B cell,1,Unmatched_1,3.813913,7.852313,7768,0.7695878744125366
10X_P7_6_GGTGAAGCACGCCAGT,3-F-56,B cell,0,B cell,2.2353582,5.1977596,7769,1.229811668395996
10X_P7_6_GGTGAAGGTCGATTGT,3-F-56,B cell,0,B cell,0.541304,4.165725,7770,0.4376536607742309
10X_P7_6_GGTGAAGGTCTTCGTC,3-F-56,B cell,0,B cell,-1.8853589,5.509938,7771,1.4691835641860962
10X_P7_6_GGTGCGTAGATCTGCT,3-F-56,B cell,1,Unmatched_1,2.8180885,8.3873005,7772,0.4135654866695404
10X_P7_6_GGTGCGTAGCCGTCGT,3-F-56,B cell,1,Unmatched_1,4.327996,6.9664235,7773,1.516608476638794
10X_P7_6_GGTGCGTAGCTGAACG,3-F-56,B cell,1,Unmatched_1,3.5832808,8.566211,7774,0.5933371782302856
10X_P7_6_GGTGCGTAGCTTCGCG,3-F-56,B cell,1,Unmatched_1,3.4937005,8.131321,7775,0.4811256527900696
10X_P7_6_GGTGCGTAGGGATCTG,3-F-56,T cell,2,Unmatched_2,26.485062,1.2578621,7776,1.344738483428955
10X_P7_6_GGTGCGTAGGGTCGAT,3-F-56,B cell,0,B cell,0.46888086,3.4464426,7777,0.6747847199440002
10X_P7_6_GGTGCGTCAAGCCGCT,3-F-56,B cell,0,B cell,1.2925171,5.8510036,7778,0.9253695607185364
10X_P7_6_GGTGCGTCACGCTTTC,3-F-56,B cell,0,B cell,2.2359598,4.5306964,7779,0.5281904935836792
10X_P7_6_GGTGCGTCAGCCAATT,3-F-56,B cell,1,Unmatched_1,2.348741,8.349669,7780,0.6612647175788879
10X_P7_6_GGTGCGTCAGGAACGT,3-F-56,T cell,2,Unmatched_2,29.676725,0.9065518,7781,1.5335160493850708
10X_P7_6_GGTGCGTCATACGCCG,3-F-56,B cell,0,B cell,0.983594,5.594478,7782,0.7703679800033569
10X_P7_6_GGTGCGTGTACAGTTC,3-F-56,B cell,1,Unmatched_1,3.13285,8.168867,7783,0.4132068455219269
10X_P7_6_GGTGCGTGTTACGACT,3-F-56,B cell,1,Unmatched_1,2.6920252,7.851026,7784,0.4148076474666595
10X_P7_6_GGTGCGTTCCTGTAGA,3-F-56,B cell,0,B cell,0.9164756,2.2366452,7785,1.348923683166504
10X_P7_6_GGTGCGTTCTACCTGC,3-F-56,B cell,0,B cell,1.6412216,3.5569987,7786,0.6362003684043884
10X_P7_6_GGTGTTAAGACAAAGG,3-F-56,B cell,0,B cell,-0.055492997,4.808978,7787,0.5753646492958069
10X_P7_6_GGTGTTAAGACAGACC,3-F-56,B cell,0,B cell,1.1799968,2.3008232,7788,0.6836845278739929
10X_P7_6_GGTGTTAAGAGGTTAT,3-F-56,T cell,3,T cell,26.840538,-0.16402124,7789,1.9805541038513184
10X_P7_6_GGTGTTAAGTACGTAA,3-F-56,B cell,0,B cell,2.350184,3.2960064,7790,0.5388274192810059
10X_P7_6_GGTGTTAGTTAAGATG,3-F-56,natural killer cell,5,natural killer cell,31.060957,-2.023832,7791,1.511288046836853
10X_P7_6_GGTGTTATCCTTAATC,3-F-56,B cell,6,Unmatched_6,0.2252389,11.382627,7792,1.605690360069275
10X_P7_6_GGTGTTATCGTAGGAG,3-F-56,B cell,0,B cell,2.3124216,2.420308,7793,0.5105803608894348
10X_P7_6_GTAACGTAGATGCCAG,3-F-56,T cell,3,T cell,26.52568,-0.9508738,7794,0.6808664798736572
10X_P7_6_GTAACGTAGGGCTCTC,3-F-56,B cell,0,B cell,2.583239,6.9262333,7795,0.4798603951931
10X_P7_6_GTAACGTAGTAATCCC,3-F-56,B cell,0,B cell,1.0308335,6.2933245,7796,0.7729580998420715
10X_P7_6_GTAACGTCAACACCCG,3-F-56,B cell,2,Unmatched_2,29.195312,1.0366843,7797,1.2991162538528442
10X_P7_6_GTAACGTGTTAAGTAG,3-F-56,B cell,0,B cell,-0.204249,4.1874156,7798,0.4462423324584961
10X_P7_6_GTAACGTTCAATACCG,3-F-56,B cell,0,B cell,-0.8133771,3.284034,7799,1.3939592838287354
10X_P7_6_GTAACGTTCATGCATG,3-F-56,T cell,2,Unmatched_2,27.230059,1.0628773,7800,0.5359314680099487
10X_P7_6_GTAACTGAGATCTGCT,3-F-56,B cell,0,B cell,0.40778118,5.1671343,7801,0.5194513201713562
10X_P7_6_GTAACTGCAAGCCGTC,3-F-56,T cell,3,T cell,26.124125,-0.8584103,7802,0.627913773059845
10X_P7_6_GTAACTGCACAGTCGC,3-F-56,B cell,0,B cell,0.44113678,8.004243,7803,1.5744569301605225
10X_P7_6_GTAACTGCACATCCGG,3-F-56,B cell,0,B cell,2.3945012,3.1621485,7804,0.5467619299888611
10X_P7_6_GTAACTGCATAACCTG,3-F-56,B cell,0,B cell,2.3346176,3.5043414,7805,0.5389883518218994
10X_P7_6_GTAACTGCATGGGACA,3-F-56,B cell,1,Unmatched_1,4.493032,7.1091084,7806,0.8777924180030823
10X_P7_6_GTAACTGCATGTCGAT,3-F-56,T cell,3,T cell,26.811047,-0.5918555,7807,0.6680405139923096
10X_P7_6_GTAACTGGTACATCCA,3-F-56,B cell,0,B cell,0.97992486,5.8616242,7808,0.8290362358093262
10X_P7_6_GTAACTGGTCCCTACT,3-F-56,T cell,3,T cell,26.186956,-0.63819516,7809,0.777151882648468
10X_P7_6_GTAACTGGTCTCGTTC,3-F-56,T cell,2,Unmatched_2,26.692724,1.2452229,7810,0.8354126811027527
10X_P7_6_GTAACTGGTGAGGGAG,3-F-56,B cell,0,B cell,2.3274887,3.9790885,7811,1.0766916275024414
10X_P7_6_GTAACTGGTTCAACCA,3-F-56,T cell,2,Unmatched_2,29.261923,0.96611977,7812,1.2870532274246216
10X_P7_6_GTAACTGTCACAGTAC,3-F-56,T cell,5,natural killer cell,30.108244,-0.5714064,7813,1.9868521690368648
10X_P7_6_GTAACTGTCACCACCT,3-F-56,T cell,3,T cell,27.990665,-1.3399302,7814,0.9302845597267152
10X_P7_6_GTAACTGTCTGATACG,3-F-56,B cell,0,B cell,2.4522505,5.9146667,7815,0.7949828505516052
10X_P7_6_GTAACTGTCTTCATGT,3-F-56,B cell,0,B cell,2.0875275,4.0977936,7816,0.7537962198257446
10X_P7_6_GTACGTAAGCGTGAAC,3-F-56,B cell,0,B cell,1.7097088,4.2372146,7817,0.9819805026054382
10X_P7_6_GTACGTAAGGCCCGTT,3-F-56,B cell,0,B cell,-0.5666919,4.5159583,7818,0.5726475119590759
10X_P7_6_GTACGTAAGGGCATGT,3-F-56,natural killer cell,5,natural killer cell,30.91119,-2.3167567,7819,1.5288962125778198
10X_P7_6_GTACGTAAGTGCCAGA,3-F-56,B cell,0,B cell,0.8190082,6.1463647,7820,0.8145530819892883
10X_P7_6_GTACGTACACCAGTTA,3-F-56,B cell,0,B cell,-0.13540931,3.7993114,7821,0.8490694165229797
10X_P7_6_GTACGTACACTTAAGC,3-F-56,T cell,5,natural killer cell,29.961006,-0.7608429,7822,2.2737908363342285
10X_P7_6_GTACGTAGTAGCGCAA,3-F-56,B cell,0,B cell,0.33078343,3.7284737,7823,0.7580677270889282
10X_P7_6_GTACGTAGTAGCTAAA,3-F-56,B cell,0,B cell,1.4632527,2.7942462,7824,0.6693342328071594
10X_P7_6_GTACGTAGTGAACCTT,3-F-56,B cell,0,B cell,1.1768309,3.2549999,7825,1.0254749059677124
10X_P7_6_GTACGTAGTTCGAATC,3-F-56,T cell,2,Unmatched_2,26.786528,1.2495191,7826,0.5335679054260254
10X_P7_6_GTACGTATCAGTTTGG,3-F-56,T cell,2,Unmatched_2,26.627293,1.2876998,7827,0.6402291655540466
10X_P7_6_GTACGTATCCATGAGT,3-F-56,T cell,2,Unmatched_2,27.618902,0.8893278,7828,0.6011199355125427
10X_P7_6_GTACGTATCCATGCTC,3-F-56,B cell,1,Unmatched_1,4.7328105,6.9656305,7829,1.174836039543152
10X_P7_6_GTACTCCCATATGAGA,3-F-56,B cell,0,B cell,0.51218444,5.0254307,7830,1.0070762634277344
10X_P7_6_GTACTCCGTACATGTC,3-F-56,macrophage,4,macrophage,4.6914754,16.269787,7831,3.425272226333618
10X_P7_6_GTACTCCGTCCGTCAG,3-F-56,B cell,1,Unmatched_1,3.3755488,7.822874,7832,0.7265089154243469
10X_P7_6_GTACTCCGTCGACTAT,3-F-56,B cell,0,B cell,2.6823864,6.5824814,7833,0.9399374127388
10X_P7_6_GTACTCCTCTGACCTC,3-F-56,B cell,0,B cell,-0.9280726,3.5662725,7834,0.6125699877738953
10X_P7_6_GTACTTTAGACACTAA,3-F-56,B cell,0,B cell,1.4821186,4.676646,7835,0.919598400592804
10X_P7_6_GTACTTTAGAGTACCG,3-F-56,B cell,0,B cell,-1.7089354,4.2394238,7836,1.5349270105361938
10X_P7_6_GTACTTTAGTGCCATT,3-F-56,B cell,0,B cell,2.675382,6.7309957,7837,0.9885804653167723
10X_P7_6_GTACTTTCATGTAGTC,3-F-56,B cell,0,B cell,1.0585809,5.634907,7838,0.8299216628074646
10X_P7_6_GTACTTTGTAAGAGGA,3-F-56,B cell,0,B cell,-0.7548331,3.69821,7839,0.7079396843910217
10X_P7_6_GTACTTTGTCACAAGG,3-F-56,B cell,0,B cell,1.8128333,3.7253969,7840,0.4204006791114807
10X_P7_6_GTACTTTGTGTTGGGA,3-F-56,natural killer cell,5,natural killer cell,30.613811,-1.4978735,7841,2.564537763595581
10X_P7_6_GTACTTTGTTCCATGA,3-F-56,T cell,3,T cell,25.848616,-1.0469509,7842,0.674363374710083
10X_P7_6_GTACTTTTCATCACCC,3-F-56,natural killer cell,5,natural killer cell,30.901058,-1.8174981,7843,1.9966685771942136
10X_P7_6_GTACTTTTCCACGAAT,3-F-56,B cell,1,Unmatched_1,3.223517,8.477215,7844,0.4268602728843689
10X_P7_6_GTACTTTTCCTGTAGA,3-F-56,B cell,1,Unmatched_1,-2.2598073,4.0792236,7845,0.4071810245513916
10X_P7_6_GTACTTTTCGGATGTT,3-F-56,T cell,2,Unmatched_2,27.514599,0.9848981,7846,0.5416804552078247
10X_P7_6_GTACTTTTCTGTACGA,3-F-56,B cell,0,B cell,2.4209068,3.5027041,7847,0.5123456716537476
10X_P7_6_GTACTTTTCTTGTATC,3-F-56,B cell,0,B cell,-0.3008812,4.9608736,7848,0.5421766638755798
10X_P7_6_GTAGGCCAGGCTACGA,3-F-56,B cell,0,B cell,2.208691,2.46098,7849,0.5657047033309937
10X_P7_6_GTAGGCCAGGTGCACA,3-F-56,T cell,2,Unmatched_2,27.447527,0.82886446,7850,0.7198015451431274
10X_P7_6_GTAGGCCAGTACGTTC,3-F-56,B cell,1,Unmatched_1,2.2819626,7.8947864,7851,0.6074199080467224
10X_P7_6_GTAGGCCCACAGACTT,3-F-56,T cell,2,Unmatched_2,29.68062,0.9138145,7852,1.4284485578536987
10X_P7_6_GTAGGCCCAGTAACGG,3-F-56,B cell,1,Unmatched_1,3.245399,8.241722,7853,0.488311767578125
10X_P7_6_GTAGGCCCATCCCACT,3-F-56,B cell,0,B cell,1.0377431,5.2633786,7854,1.053952932357788
10X_P7_6_GTAGGCCGTCCATCCT,3-F-56,B cell,0,B cell,1.6449158,5.0186234,7855,1.3990199565887451
10X_P7_6_GTAGGCCGTCGCTTTC,3-F-56,T cell,2,Unmatched_2,29.149374,1.0464033,7856,1.1147202253341677
10X_P7_6_GTAGGCCTCAACCAAC,3-F-56,T cell,2,Unmatched_2,27.267584,0.7409634,7857,0.6832698583602905
10X_P7_6_GTAGGCCTCAATACCG,3-F-56,B cell,1,Unmatched_1,3.142793,7.742892,7858,0.4775480926036834
10X_P7_6_GTAGGCCTCCATTCTA,3-F-56,B cell,0,B cell,1.4599211,4.553666,7859,0.6386485695838928
10X_P7_6_GTAGGCCTCTACTCAT,3-F-56,B cell,0,B cell,2.6343875,2.9158616,7860,0.4833793938159942
10X_P7_6_GTAGTCAAGCAAATCA,3-F-56,B cell,1,Unmatched_1,2.938748,8.222629,7861,0.4769105017185211
10X_P7_6_GTAGTCAAGCGATGAC,3-F-56,T cell,3,T cell,26.734468,-0.60475886,7862,0.7191276550292969
10X_P7_6_GTAGTCAAGGCAGTCA,3-F-56,B cell,0,B cell,1.9411936,7.3493886,7863,1.0936790704727173
10X_P7_6_GTAGTCAAGTCTTGCA,3-F-56,B cell,0,B cell,2.6774042,4.910871,7864,0.908094882965088
10X_P7_6_GTAGTCACAAGTCATC,3-F-56,T cell,2,Unmatched_2,27.045252,1.0581641,7865,0.6064334511756897
10X_P7_6_GTAGTCAGTACTCGCG,3-F-56,B cell,0,B cell,-1.1645094,5.705427,7866,1.991506814956665
10X_P7_6_GTAGTCATCAACGGGA,3-F-56,B cell,0,B cell,2.662727,3.1558492,7867,0.3971281051635742
10X_P7_6_GTAGTCATCTCAAGTG,3-F-56,B cell,0,B cell,0.72616976,7.789216,7868,0.7696207761764526
10X_P7_6_GTATCTTAGAGTGACC,3-F-56,T cell,3,T cell,26.383247,-1.0402325,7869,0.6607824563980103
10X_P7_6_GTATCTTCACCCATTC,3-F-56,dendritic cell,8,dendritic cell,3.57964,17.852448,7870,3.221799850463867
10X_P7_6_GTATCTTGTAGCACGA,3-F-56,B cell,0,B cell,1.6729368,4.8162255,7871,0.765818178653717
10X_P7_6_GTATCTTGTGTCAATC,3-F-56,B cell,0,B cell,1.9616088,4.172766,7872,0.7580761909484863
10X_P7_6_GTATCTTTCCCAAGAT,3-F-56,B cell,6,Unmatched_6,0.21066993,11.403984,7873,1.6124099493026731
10X_P7_6_GTATCTTTCGGATGGA,3-F-56,B cell,0,B cell,0.48971236,3.1984608,7874,0.9347497820854188
10X_P7_6_GTATCTTTCTTAGAGC,3-F-56,T cell,2,Unmatched_2,27.180252,1.0216808,7875,0.6279224157333374
10X_P7_6_GTATTCTAGCAACGGT,3-F-56,T cell,2,Unmatched_2,27.297176,1.2823954,7876,0.9478363394737244
10X_P7_6_GTATTCTAGGCTAGAC,3-F-56,T cell,2,Unmatched_2,27.910503,0.3050325,7877,1.2082008123397827
10X_P7_6_GTATTCTAGTTGAGAT,3-F-56,B cell,0,B cell,-0.32304615,4.0013695,7878,0.4944303035736084
10X_P7_6_GTATTCTCAACTTGAC,3-F-56,B cell,0,B cell,1.7945676,4.956709,7879,1.1089324951171875
10X_P7_6_GTATTCTCACTCAGGC,3-F-56,B cell,0,B cell,0.46496546,5.592835,7880,1.4064995050430298
10X_P7_6_GTATTCTCAGACAGGT,3-F-56,B cell,1,Unmatched_1,3.7880316,7.714897,7881,0.6393265128135681
10X_P7_6_GTATTCTCAGGAATCG,3-F-56,B cell,1,Unmatched_1,3.6212087,7.964574,7882,0.780399739742279
10X_P7_6_GTATTCTGTAGCCTCG,3-F-56,B cell,0,B cell,0.5984045,7.425568,7883,1.2297950983047483
10X_P7_6_GTATTCTGTCGAGATG,3-F-56,B cell,0,B cell,1.3114293,4.292341,7884,0.7823696732521057
10X_P7_6_GTATTCTGTCTGGAGA,3-F-56,B cell,0,B cell,-1.0591072,4.0302553,7885,0.3968464136123657
10X_P7_6_GTATTCTGTCTGGTCG,3-F-56,B cell,0,B cell,0.73260164,5.292312,7886,0.5926114320755005
10X_P7_6_GTATTCTGTTCCACTC,3-F-56,B cell,0,B cell,2.8038986,4.27236,7887,1.15164053440094
10X_P7_6_GTCAAGTAGAATGTTG,3-F-56,B cell,6,Unmatched_6,0.24968477,11.312655,7888,1.9900643825531008
10X_P7_6_GTCAAGTAGACAAGCC,3-F-56,T cell,2,Unmatched_2,27.223614,1.0459611,7889,0.6295801997184753
10X_P7_6_GTCAAGTAGAGAGCTC,3-F-56,macrophage,4,macrophage,3.8339584,15.657794,7890,2.3431620597839355
10X_P7_6_GTCAAGTAGGTCGGAT,3-F-56,B cell,0,B cell,1.3128067,6.5717764,7891,0.8925747275352478
10X_P7_6_GTCAAGTAGTAGATGT,3-F-56,B cell,0,B cell,2.0119214,3.3344765,7892,0.5268440246582031
10X_P7_6_GTCAAGTCAATTGCTG,3-F-56,B cell,0,B cell,2.2358153,2.274878,7893,0.6327102780342102
10X_P7_6_GTCAAGTCACTTCTGC,3-F-56,B cell,0,B cell,2.4666712,3.2941167,7894,0.9638144969940186
10X_P7_6_GTCAAGTCAGGCGATA,3-F-56,B cell,0,B cell,1.3164288,4.108086,7895,0.5790702700614929
10X_P7_6_GTCAAGTCAGTATGCT,3-F-56,B cell,1,Unmatched_1,4.3286557,7.3897295,7896,1.3130918741226196
10X_P7_6_GTCAAGTCATTGAGCT,3-F-56,B cell,2,Unmatched_2,25.231232,2.1516242,7897,0.8013986945152283
10X_P7_6_GTCAAGTCATTTGCCC,3-F-56,B cell,0,B cell,2.718374,2.920269,7898,0.47524094581604
10X_P7_6_GTCAAGTGTCTTCTCG,3-F-56,T cell,3,T cell,26.217546,-1.296364,7899,0.5475367903709412
10X_P7_6_GTCAAGTTCACTATTC,3-F-56,T cell,2,Unmatched_2,27.633066,0.9144683,7900,0.6217750906944275
10X_P7_6_GTCAAGTTCGTTTGCC,3-F-56,B cell,0,B cell,2.0159655,2.995915,7901,0.5660154223442078
10X_P7_6_GTCACAAAGAAGGTTT,3-F-56,B cell,0,B cell,1.5817978,5.431634,7902,1.3587197065353394
10X_P7_6_GTCACAAAGAGCCTAG,3-F-56,B cell,0,B cell,0.46431476,3.7511683,7903,0.8016005754470825
10X_P7_6_GTCACAAAGAGGTTAT,3-F-56,T cell,2,Unmatched_2,27.532455,-0.25035387,7904,1.2886435985565186
10X_P7_6_GTCACAAGTAAATGTG,3-F-56,B cell,1,Unmatched_1,3.0748959,8.3602295,7905,0.4659010767936706
10X_P7_6_GTCACAAGTCGACTAT,3-F-56,T cell,3,T cell,28.352274,-1.3339505,7906,0.9935500025749208
10X_P7_6_GTCACAATCACGACTA,3-F-56,B cell,0,B cell,0.021539228,4.711103,7907,0.4110925793647766
10X_P7_6_GTCACAATCATCACCC,3-F-56,B cell,0,B cell,0.089621924,3.0025268,7908,0.592589259147644
10X_P7_6_GTCACAATCCTAAGTG,3-F-56,B cell,1,Unmatched_1,2.7219932,8.271713,7909,0.7187892198562622
10X_P7_6_GTCACAATCCTCAATT,3-F-56,B cell,0,B cell,0.00026255846,4.9491353,7910,0.4102457463741302
10X_P7_6_GTCACAATCGCCTGTT,3-F-56,B cell,0,B cell,1.8905283,5.2359476,7911,1.0201928615570068
10X_P7_6_GTCACGGAGAAGGGTA,3-F-56,macrophage,4,macrophage,5.021575,16.272673,7912,2.701934337615967
10X_P7_6_GTCACGGAGACACGAC,3-F-56,B cell,1,Unmatched_1,-2.743795,4.1732693,7913,0.7620081901550293
10X_P7_6_GTCACGGAGGAATCGC,3-F-56,B cell,6,Unmatched_6,0.19772078,11.411299,7914,2.39001989364624
10X_P7_6_GTCACGGCACACATGT,3-F-56,macrophage,4,macrophage,2.191511,16.014685,7915,2.81805419921875
10X_P7_6_GTCACGGCACATCCGG,3-F-56,T cell,3,T cell,26.041523,-0.9060104,7916,1.0677882432937622
10X_P7_6_GTCACGGCAGTACACT,3-F-56,T cell,2,Unmatched_2,27.200106,0.9716707,7917,0.5840707421302795
10X_P7_6_GTCACGGCAGTCTTCC,3-F-56,T cell,2,Unmatched_2,27.028006,1.0097752,7918,0.6362378001213074
10X_P7_6_GTCACGGGTAAGAGAG,3-F-56,B cell,1,Unmatched_1,2.6497924,7.4457603,7919,0.540437638759613
10X_P7_6_GTCACGGGTCTCCCTA,3-F-56,B cell,0,B cell,2.3656087,5.993505,7920,0.7902567982673645
10X_P7_6_GTCACGGGTGAGGCTA,3-F-56,B cell,0,B cell,1.4190972,5.5346494,7921,0.8946670889854431
10X_P7_6_GTCATTTAGAGCTGCA,3-F-56,B cell,0,B cell,-0.31435668,4.253433,7922,0.6307386159896851
10X_P7_6_GTCATTTAGATGGCGT,3-F-56,macrophage,4,macrophage,3.6375458,15.730953,7923,1.8119257688522337
10X_P7_6_GTCATTTAGCCACCTG,3-F-56,B cell,0,B cell,0.20369308,3.8523936,7924,0.6941361427307129
10X_P7_6_GTCATTTCACAAGTAA,3-F-56,B cell,0,B cell,1.8538469,5.156128,7925,1.3545247316360474
10X_P7_6_GTCATTTCACACCGAC,3-F-56,B cell,0,B cell,0.9001536,3.3912454,7926,0.7282700538635254
10X_P7_6_GTCATTTCACCAGATT,3-F-56,B cell,0,B cell,0.99098843,4.3695583,7927,0.4333809912204742
10X_P7_6_GTCATTTCAGCTCGAC,3-F-56,B cell,0,B cell,-0.111403205,6.8760667,7928,1.1806567907333374
10X_P7_6_GTCATTTCAGCTGTAT,3-F-56,T cell,3,T cell,26.035686,-0.5071098,7929,0.7951046824455261
10X_P7_6_GTCATTTTCAGGTAAA,3-F-56,T cell,5,natural killer cell,30.04017,-0.607565,7930,1.5306966304779053
10X_P7_6_GTCATTTTCATATCGG,3-F-56,B cell,0,B cell,-0.12375676,4.6465893,7931,0.6054802536964417
10X_P7_6_GTCATTTTCCAACCAA,3-F-56,B cell,1,Unmatched_1,2.4780483,7.8526354,7932,0.6640417575836182
10X_P7_6_GTCATTTTCCAAGCCG,3-F-56,B cell,0,B cell,1.7617303,3.3074675,7933,0.624822199344635
10X_P7_6_GTCATTTTCGAATGGG,3-F-56,B cell,0,B cell,0.62411183,5.487907,7934,0.846172034740448
10X_P7_6_GTCATTTTCGGCATCG,3-F-56,B cell,0,B cell,-0.50516397,5.0430284,7935,0.8656514286994934
10X_P7_6_GTCATTTTCTTTACAC,3-F-56,B cell,0,B cell,-1.0673918,4.786037,7936,0.949232578277588
10X_P7_6_GTCCTCAAGAATTGTG,3-F-56,B cell,0,B cell,1.6890522,4.233765,7937,0.9684441089630128
10X_P7_6_GTCCTCAAGAGACTAT,3-F-56,macrophage,4,macrophage,3.2555144,16.11308,7938,2.003042459487915
10X_P7_6_GTCCTCAAGCACCGTC,3-F-56,B cell,0,B cell,1.5122371,2.6023097,7939,1.2864594459533691
10X_P7_6_GTCCTCAAGCCCAATT,3-F-56,T cell,2,Unmatched_2,27.35104,0.8276349,7940,0.720510721206665
10X_P7_6_GTCCTCAAGCGTCTAT,3-F-56,B cell,0,B cell,-1.693169,4.1310277,7941,1.2361090183258057
10X_P7_6_GTCCTCAAGTCTCGGC,3-F-56,B cell,1,Unmatched_1,2.9993305,8.541577,7942,0.553637683391571
10X_P7_6_GTCCTCAAGTGAATTG,3-F-56,T cell,3,T cell,26.791754,-1.1387185,7943,0.8261640071868896
10X_P7_6_GTCCTCAAGTGCCATT,3-F-56,B cell,0,B cell,-0.47209272,3.1050034,7944,1.4188114404678345
10X_P7_6_GTCCTCACAACGATGG,3-F-56,B cell,1,Unmatched_1,1.7462499,7.510661,7945,0.7975344061851501
10X_P7_6_GTCCTCACAAGGACTG,3-F-56,B cell,1,Unmatched_1,3.4574425,7.989448,7946,1.1793677806854248
10X_P7_6_GTCCTCACATACGCTA,3-F-56,B cell,0,B cell,2.2032194,4.7290483,7947,1.046044945716858
10X_P7_6_GTCCTCACATCGTCGG,3-F-56,B cell,0,B cell,-1.6420809,4.017143,7948,0.5377735495567322
10X_P7_6_GTCCTCACATTGAGCT,3-F-56,B cell,0,B cell,1.6216666,7.1289177,7949,1.1731250286102295
10X_P7_6_GTCCTCAGTACATGTC,3-F-56,B cell,0,B cell,0.43433577,4.3926272,7950,0.4274250864982605
10X_P7_6_GTCCTCAGTACTTCTT,3-F-56,B cell,0,B cell,0.6089992,3.0862734,7951,0.7251796126365662
10X_P7_6_GTCCTCAGTCCAGTGC,3-F-56,B cell,0,B cell,0.5623815,4.808694,7952,0.4237051010131836
10X_P7_6_GTCCTCAGTGATGTGG,3-F-56,B cell,0,B cell,0.6633881,4.140635,7953,0.5570926666259766
10X_P7_6_GTCCTCAGTGGGTCAA,3-F-56,T cell,3,T cell,28.119267,-1.4099287,7954,0.8392038941383362
10X_P7_6_GTCCTCATCAACCATG,3-F-56,T cell,2,Unmatched_2,27.705309,1.2412162,7955,1.0957956314086914
10X_P7_6_GTCCTCATCAAGATCC,3-F-56,natural killer cell,5,natural killer cell,30.619259,-2.1556334,7956,2.9959120750427246
10X_P7_6_GTCCTCATCAGCAACT,3-F-56,B cell,0,B cell,-0.7527878,3.3848698,7957,0.5565417408943176
10X_P7_6_GTCCTCATCATAACCG,3-F-56,B cell,0,B cell,0.8173225,6.1288395,7958,1.410913586616516
10X_P7_6_GTCCTCATCCGCATCT,3-F-56,T cell,2,Unmatched_2,29.198366,0.28208348,7959,3.6193695068359375
10X_P7_6_GTCCTCATCCTGCTTG,3-F-56,B cell,1,Unmatched_1,3.2198124,8.706784,7960,0.6326606273651123
10X_P7_6_GTCCTCATCTGCCCTA,3-F-56,T cell,3,T cell,26.175577,-1.2687978,7961,0.6386727094650269
10X_P7_6_GTCCTCATCTGTACGA,3-F-56,B cell,0,B cell,2.1976426,6.6197696,7962,0.6576128005981445
10X_P7_6_GTCGGGTAGACAGAGA,3-F-56,B cell,0,B cell,2.4178789,6.0960407,7963,0.5521048307418823
10X_P7_6_GTCGGGTAGAGCTTCT,3-F-56,T cell,2,Unmatched_2,27.144876,0.7945022,7964,0.6004971861839294
10X_P7_6_GTCGGGTAGCTCCTCT,3-F-56,T cell,4,macrophage,4.7546496,14.825334,7965,2.7923505306243896
10X_P7_6_GTCGGGTAGGAGTTTA,3-F-56,B cell,0,B cell,-1.9483942,5.472643,7966,1.2010751962661743
10X_P7_6_GTCGGGTAGTGCCATT,3-F-56,B cell,1,Unmatched_1,3.5207918,8.047312,7967,0.5749170780181885
10X_P7_6_GTCGGGTCACTAGTAC,3-F-56,B cell,0,B cell,-0.6355763,3.5711212,7968,0.4939695596694946
10X_P7_6_GTCGGGTCATGGTAGG,3-F-56,B cell,0,B cell,1.697616,7.1037617,7969,0.8174732327461243
10X_P7_6_GTCGGGTGTATGCTTG,3-F-56,T cell,2,Unmatched_2,27.593225,0.6212221,7970,0.7081296443939209
10X_P7_6_GTCGGGTGTGGTTTCA,3-F-56,T cell,3,T cell,28.71598,-1.0459564,7971,3.646089553833008
10X_P7_6_GTCGGGTTCATCGGAT,3-F-56,T cell,3,T cell,25.517445,-0.37620035,7972,1.0324876308441162
10X_P7_6_GTCGGGTTCCGAATGT,3-F-56,T cell,3,T cell,28.427341,-1.4386626,7973,1.2895050048828125
10X_P7_6_GTCGGGTTCGTGGTCG,3-F-56,B cell,0,B cell,-0.8414469,4.268757,7974,1.1648832559585571
10X_P7_6_GTCGTAAAGGCTAGAC,3-F-56,B cell,1,Unmatched_1,3.0058165,8.591382,7975,0.7808566093444824
10X_P7_6_GTCGTAACACCAGATT,3-F-56,B cell,1,Unmatched_1,2.5465443,7.957338,7976,0.4560334980487823
10X_P7_6_GTCGTAACACTCAGGC,3-F-56,B cell,0,B cell,1.6542857,2.311245,7977,0.5366252660751343
10X_P7_6_GTCGTAACACTTACGA,3-F-56,T cell,3,T cell,25.706408,-0.6315805,7978,0.9333621263504028
10X_P7_6_GTCGTAACATGCTAGT,3-F-56,B cell,0,B cell,1.9540056,5.8236575,7979,1.449333906173706
10X_P7_6_GTCGTAAGTACAGACG,3-F-56,T cell,2,Unmatched_2,29.3025,0.7132497,7980,2.8559908866882324
10X_P7_6_GTCGTAAGTCCATCCT,3-F-56,B cell,0,B cell,1.7396111,4.6426783,7981,0.7789704203605652
10X_P7_6_GTCGTAAGTGATAAGT,3-F-56,B cell,0,B cell,-0.40420645,4.3750787,7982,0.7696595191955566
10X_P7_6_GTCTCGTAGGTAAACT,3-F-56,T cell,2,Unmatched_2,27.292185,1.1418808,7983,0.6498106122016907
10X_P7_6_GTCTCGTCAATCCGAT,3-F-56,B cell,1,Unmatched_1,3.5568182,7.7013946,7984,0.4532584846019745
10X_P7_6_GTCTCGTCACGTCTCT,3-F-56,B cell,0,B cell,1.9231694,4.5805564,7985,0.6700637936592102
10X_P7_6_GTCTCGTGTCCCTTGT,3-F-56,B cell,0,B cell,1.9024756,2.9130852,7986,0.6067358255386353
10X_P7_6_GTCTCGTGTGGCAAAC,3-F-56,B cell,0,B cell,0.43705282,3.2311535,7987,1.0444473028182983
10X_P7_6_GTCTCGTGTGTCGCTG,3-F-56,B cell,1,Unmatched_1,1.87629,7.383288,7988,0.709348201751709
10X_P7_6_GTCTCGTGTGTGAAAT,3-F-56,T cell,3,T cell,26.281921,-0.46599647,7989,0.6733807325363159
10X_P7_6_GTCTCGTGTTCCACGG,3-F-56,T cell,3,T cell,25.997375,-0.25482237,7990,0.9451794624328612
10X_P7_6_GTCTCGTGTTCGTGAT,3-F-56,B cell,0,B cell,0.17611763,4.8854403,7991,0.4486353695392608
10X_P7_6_GTCTCGTTCACAGGCC,3-F-56,B cell,0,B cell,1.3572391,3.4469273,7992,0.4947519302368164
10X_P7_6_GTCTCGTTCCCGGATG,3-F-56,T cell,3,T cell,28.644617,-1.4886076,7993,1.4889013767242432
10X_P7_6_GTCTCGTTCCGAACGC,3-F-56,B cell,0,B cell,1.9965973,3.999395,7994,0.5659424066543579
10X_P7_6_GTCTCGTTCCTTGCCA,3-F-56,macrophage,4,macrophage,5.2005677,16.171438,7995,3.5122032165527344
10X_P7_6_GTCTCGTTCTCGGACG,3-F-56,B cell,2,Unmatched_2,25.196095,2.1338797,7996,1.1846857070922852
10X_P7_6_GTCTCGTTCTGATTCT,3-F-56,macrophage,4,macrophage,3.6060848,15.823662,7997,1.927128314971924
10X_P7_6_GTCTTCGAGAGGTAGA,3-F-56,B cell,0,B cell,1.8301967,5.6849356,7998,1.1511181592941284
10X_P7_6_GTCTTCGCAATCTACG,3-F-56,B cell,0,B cell,0.9297729,2.5749435,7999,0.5623149275779724
10X_P7_6_GTCTTCGCACCAGGTC,3-F-56,B cell,0,B cell,1.5207788,3.3808713,8000,1.0123071670532229
10X_P7_6_GTCTTCGCACCTATCC,3-F-56,B cell,0,B cell,0.26233044,3.2741663,8001,0.8050833344459534
10X_P7_6_GTCTTCGCAGCCTTTC,3-F-56,T cell,3,T cell,26.30968,-0.5392889,8002,0.7273553609848022
10X_P7_6_GTCTTCGCAGTGAGTG,3-F-56,T cell,3,T cell,25.96937,-0.6907235,8003,0.6381692886352539
10X_P7_6_GTCTTCGGTCTGGTCG,3-F-56,B cell,0,B cell,2.406715,3.4637532,8004,0.5068306922912598
10X_P7_6_GTCTTCGGTTATGTGC,3-F-56,natural killer cell,5,natural killer cell,30.586487,-1.8182546,8005,2.836813449859619
10X_P7_6_GTCTTCGTCCGATATG,3-F-56,B cell,0,B cell,2.6211874,2.8176239,8006,0.5214651823043823
10X_P7_6_GTCTTCGTCTACTATC,3-F-56,B cell,0,B cell,1.7447397,4.3746157,8007,0.7436166405677795
10X_P7_6_GTGAAGGAGGGTCGAT,3-F-56,B cell,0,B cell,2.3613245,4.7403994,8008,0.7542560696601868
10X_P7_6_GTGAAGGAGTGGGCTA,3-F-56,B cell,0,B cell,1.8375728,6.8186154,8009,0.6096186637878418
10X_P7_6_GTGAAGGCACATGACT,3-F-56,T cell,2,Unmatched_2,28.484463,0.25030547,8010,1.247151494026184
10X_P7_6_GTGAAGGCACCCATTC,3-F-56,B cell,1,Unmatched_1,2.8816905,7.8362193,8011,0.5267069935798645
10X_P7_6_GTGAAGGCACGAAATA,3-F-56,B cell,1,Unmatched_1,4.8441496,7.1484346,8012,1.0298855304718018
10X_P7_6_GTGAAGGCACGACTCG,3-F-56,T cell,5,natural killer cell,30.157427,-0.5226419,8013,1.347913146018982
10X_P7_6_GTGAAGGCACGGATAG,3-F-56,B cell,0,B cell,1.7069551,5.443429,8014,0.6510182619094849
10X_P7_6_GTGAAGGCAGTTTACG,3-F-56,B cell,0,B cell,0.8664235,4.5594797,8015,1.1228445768356323
10X_P7_6_GTGAAGGCATAACCTG,3-F-56,T cell,3,T cell,26.154615,-0.5414206,8016,0.8060192465782166
10X_P7_6_GTGAAGGCATCCGTGG,3-F-56,B cell,1,Unmatched_1,3.4618604,8.231272,8017,0.5525335669517517
10X_P7_6_GTGAAGGCATGGATGG,3-F-56,B cell,0,B cell,2.325869,5.8741055,8018,0.8407880663871765
10X_P7_6_GTGAAGGGTACAAGTA,3-F-56,T cell,5,natural killer cell,29.874996,-0.7441995,8019,3.1050939559936523
10X_P7_6_GTGAAGGGTCTAGGTT,3-F-56,B cell,0,B cell,2.228279,4.497908,8020,0.9877781867980956
10X_P7_6_GTGAAGGGTGCAGTAG,3-F-56,T cell,3,T cell,27.036045,-0.9782222,8021,1.2133582830429075
10X_P7_6_GTGAAGGGTGTGACGA,3-F-56,B cell,0,B cell,-0.5822303,3.418463,8022,0.627604603767395
10X_P7_6_GTGAAGGGTGTTGAGG,3-F-56,B cell,0,B cell,0.6114644,4.3894224,8023,0.6496050357818604
10X_P7_6_GTGAAGGTCACATACG,3-F-56,B cell,0,B cell,0.86827266,4.002051,8024,0.5260519981384277
10X_P7_6_GTGCAGCAGCTGGAAC,3-F-56,B cell,0,B cell,-0.037136342,3.68277,8025,0.4802952706813812
10X_P7_6_GTGCAGCAGGATATAC,3-F-56,T cell,2,Unmatched_2,27.70457,0.5030137,8026,1.164635181427002
10X_P7_6_GTGCAGCAGTGTCCAT,3-F-56,T cell,3,T cell,28.748926,-0.3635844,8027,1.982835292816162
10X_P7_6_GTGCAGCCAACTGCTA,3-F-56,B cell,0,B cell,4.5204997,14.612659,8028,1.1880455017089844
10X_P7_6_GTGCAGCCAATCACAC,3-F-56,B cell,0,B cell,-0.2220997,4.4009967,8029,0.4240613281726837
10X_P7_6_GTGCAGCCAATGAATG,3-F-56,natural killer cell,5,natural killer cell,30.285332,-1.4231807,8030,2.764073610305786
10X_P7_6_GTGCAGCCAGACAAGC,3-F-56,T cell,3,T cell,25.80774,-0.70065534,8031,0.587347686290741
10X_P7_6_GTGCAGCCAGATTGCT,3-F-56,B cell,0,B cell,1.2490711,3.9558187,8032,0.9626070857048036
10X_P7_6_GTGCAGCCATAGACTC,3-F-56,B cell,0,B cell,0.070737995,5.4147205,8033,0.659440815448761
10X_P7_6_GTGCAGCCATCACGAT,3-F-56,B cell,0,B cell,1.7048423,4.82418,8034,0.5979775190353394
10X_P7_6_GTGCAGCCATGACGGA,3-F-56,B cell,1,Unmatched_1,2.5839767,8.344268,8035,0.5725613832473755
10X_P7_6_GTGCAGCGTAACGTTC,3-F-56,B cell,0,B cell,2.045934,2.6733737,8036,0.528426468372345
10X_P7_6_GTGCAGCGTAAGTTCC,3-F-56,B cell,0,B cell,0.8775267,3.6681194,8037,0.7592084407806396
10X_P7_6_GTGCAGCGTACTTAGC,3-F-56,dendritic cell,8,dendritic cell,3.5867114,17.860086,8038,4.54536771774292
10X_P7_6_GTGCAGCGTCAAACTC,3-F-56,B cell,0,B cell,-0.69380295,5.438919,8039,0.7587104439735413
10X_P7_6_GTGCAGCGTGAGTGAC,3-F-56,B cell,0,B cell,1.6455467,7.1525187,8040,0.9983587265014648
10X_P7_6_GTGCAGCGTGGGTCAA,3-F-56,B cell,0,B cell,2.2006948,3.012151,8041,0.5477039813995361
10X_P7_6_GTGCAGCTCCCGACTT,3-F-56,T cell,3,T cell,26.110765,-1.1321663,8042,0.9952756762504578
10X_P7_6_GTGCATAAGACGCACA,3-F-56,macrophage,4,macrophage,5.344731,16.20293,8043,2.39783787727356
10X_P7_6_GTGCATAAGAGGTTGC,3-F-56,B cell,0,B cell,1.5031593,2.3513813,8044,0.4005291163921356
10X_P7_6_GTGCATAAGATGCCTT,3-F-56,B cell,0,B cell,0.2840519,4.815669,8045,0.9577590823173524
10X_P7_6_GTGCATAAGATGGCGT,3-F-56,B cell,0,B cell,2.5590987,5.050565,8046,0.8423486351966858
10X_P7_6_GTGCATAAGCTGAAAT,3-F-56,T cell,3,T cell,28.194235,-1.4814296,8047,1.058880090713501
10X_P7_6_GTGCATAAGGGTGTGT,3-F-56,B cell,0,B cell,0.48474908,3.0001326,8048,0.8275807499885559
10X_P7_6_GTGCATAAGGGTGTTG,3-F-56,B cell,1,Unmatched_1,2.7168221,7.606404,8049,0.5362005829811096
10X_P7_6_GTGCATACAGTTCATG,3-F-56,T cell,2,Unmatched_2,29.422142,1.0469011,8050,1.8731516599655151
10X_P7_6_GTGCATACATCCTTGC,3-F-56,B cell,0,B cell,2.499306,2.5416448,8051,0.4285621643066406
10X_P7_6_GTGCATACATGAGCGA,3-F-56,B cell,0,B cell,1.5443261,3.2715054,8052,1.2323037385940552
10X_P7_6_GTGCATACATTCACTT,3-F-56,B cell,0,B cell,2.086206,2.8598967,8053,0.6089420914649963
10X_P7_6_GTGCATAGTAGGACAC,3-F-56,T cell,3,T cell,28.605192,-1.3002521,8054,1.3850319385528564
10X_P7_6_GTGCATAGTCCAGTTA,3-F-56,B cell,1,Unmatched_1,3.730766,7.979783,8055,2.250173807144165
10X_P7_6_GTGCATAGTGGTACAG,3-F-56,B cell,0,B cell,1.907555,3.3500173,8056,0.9749295711517334
10X_P7_6_GTGCATAGTGTCCTCT,3-F-56,B cell,7,Unmatched_7,3.9504454,13.29245,8057,0.7462829351425171
10X_P7_6_GTGCATATCCTCAATT,3-F-56,B cell,0,B cell,1.8955925,6.40269,8058,0.6137685179710388
10X_P7_6_GTGCATATCGAACTGT,3-F-56,B cell,1,Unmatched_1,2.5620265,7.451989,8059,0.4952200949192047
10X_P7_6_GTGCATATCGTAGATC,3-F-56,T cell,3,T cell,26.363527,-0.73843557,8060,0.6143345236778259
10X_P7_6_GTGCGGTAGAGTAATC,3-F-56,B cell,0,B cell,1.8399951,6.9811187,8061,0.7065820693969727
10X_P7_6_GTGCGGTAGGTGTGGT,3-F-56,B cell,0,B cell,1.9321815,2.3918693,8062,0.4385325908660888
10X_P7_6_GTGCGGTCATTTCAGG,3-F-56,T cell,2,Unmatched_2,27.632986,1.3662988,8063,0.7612119317054749
10X_P7_6_GTGCGGTGTACCAGTT,3-F-56,T cell,3,T cell,25.675407,-0.27637145,8064,0.6528674960136414
10X_P7_6_GTGCGGTGTACCGCTG,3-F-56,B cell,0,B cell,-0.28791523,4.83018,8065,0.5317532420158386
10X_P7_6_GTGCGGTGTAGCTTGT,3-F-56,T cell,2,Unmatched_2,27.74847,0.7626025,8066,0.5934410691261292
10X_P7_6_GTGCGGTGTATCAGTC,3-F-56,T cell,3,T cell,27.545088,-1.0239291,8067,1.1993637084960938
10X_P7_6_GTGCGGTGTGATGATA,3-F-56,B cell,1,Unmatched_1,1.9643173,7.6631603,8068,0.7244356274604797
10X_P7_6_GTGCGGTGTGCCTGCA,3-F-56,macrophage,4,macrophage,4.811285,15.049858,8069,2.706643581390381
10X_P7_6_GTGCGGTGTGCTAGCC,3-F-56,B cell,0,B cell,0.4280022,7.9358287,8070,0.9809871315956116
10X_P7_6_GTGCGGTGTTTACTCT,3-F-56,B cell,1,Unmatched_1,4.790071,7.0575895,8071,1.5363343954086304
10X_P7_6_GTGCGGTTCACGACTA,3-F-56,B cell,0,B cell,1.5097245,1.9214876,8072,0.6855437755584717
10X_P7_6_GTGCGGTTCCGTCATC,3-F-56,B cell,2,Unmatched_2,24.980486,2.076163,8073,2.0442676544189453
10X_P7_6_GTGCGGTTCCTAGAAC,3-F-56,B cell,0,B cell,-0.07774248,6.083851,8074,1.2096415758132937
10X_P7_6_GTGCTTCAGATGCCTT,3-F-56,B cell,0,B cell,1.5210891,3.5473306,8075,0.7920567989349365
10X_P7_6_GTGCTTCAGGGAAACA,3-F-56,B cell,0,B cell,1.3153831,2.5574958,8076,1.007080316543579
10X_P7_6_GTGCTTCCACCATGTA,3-F-56,B cell,0,B cell,1.191465,7.617162,8077,0.7712880373001099
10X_P7_6_GTGCTTCCAGTACACT,3-F-56,macrophage,4,macrophage,2.1241832,15.94745,8078,2.8084912300109863
10X_P7_6_GTGCTTCTCAACACGT,3-F-56,natural killer cell,5,natural killer cell,30.883228,-1.7913401,8079,2.0561180114746094
10X_P7_6_GTGCTTCTCAAGGTAA,3-F-56,B cell,0,B cell,-0.101790585,4.7221417,8080,0.5353630185127258
10X_P7_6_GTGCTTCTCCCGGATG,3-F-56,B cell,0,B cell,1.1093507,3.5393763,8081,0.8446303009986877
10X_P7_6_GTGCTTCTCTAACGGT,3-F-56,B cell,0,B cell,1.7959005,2.20147,8082,1.0685009956359863
10X_P7_6_GTGGGTCAGACCTTTG,3-F-56,B cell,0,B cell,0.68195003,7.7184424,8083,0.7589787244796753
10X_P7_6_GTGGGTCAGCACGCCT,3-F-56,B cell,0,B cell,0.6624111,2.9994297,8084,0.6918660998344421
10X_P7_6_GTGGGTCAGCGGCTTC,3-F-56,B cell,0,B cell,2.2450607,5.3253016,8085,0.9746452569961548
10X_P7_6_GTGGGTCAGTGGTAAT,3-F-56,B cell,1,Unmatched_1,1.8731275,8.009657,8086,0.9232860207557678
10X_P7_6_GTGGGTCAGTTGTCGT,3-F-56,B cell,0,B cell,0.39667743,3.536496,8087,0.418986439704895
10X_P7_6_GTGGGTCCAACGATCT,3-F-56,B cell,0,B cell,2.5873659,2.489357,8088,0.5413131713867188
10X_P7_6_GTGGGTCCACATCCAA,3-F-56,B cell,0,B cell,0.9516328,4.097301,8089,0.7874771952629089
10X_P7_6_GTGGGTCCATGGTTGT,3-F-56,T cell,3,T cell,26.118986,-0.78674287,8090,1.0454655885696411
10X_P7_6_GTGGGTCGTCCAAGTT,3-F-56,T cell,3,T cell,26.628025,-0.20305404,8091,0.6215079426765442
10X_P7_6_GTGGGTCTCATTATCC,3-F-56,B cell,0,B cell,-0.88287044,4.9637895,8092,1.1201882362365725
10X_P7_6_GTGGGTCTCTATCCCG,3-F-56,B cell,0,B cell,0.122214705,3.979086,8093,0.5807033181190491
10X_P7_6_GTGGGTCTCTCAAACG,3-F-56,T cell,3,T cell,25.616629,-0.17481025,8094,1.1563199758529663
10X_P7_6_GTGTGCGAGACGCACA,3-F-56,B cell,0,B cell,0.5638632,3.9908297,8095,0.5502899885177612
10X_P7_6_GTGTGCGAGATCGGGT,3-F-56,B cell,0,B cell,1.4407443,5.627306,8096,0.7773252129554749
10X_P7_6_GTGTGCGAGTCAAGCG,3-F-56,T cell,3,T cell,27.697504,-0.6715727,8097,1.4900541305541992
10X_P7_6_GTGTGCGAGTCGCCGT,3-F-56,B cell,0,B cell,0.848224,6.2681355,8098,0.8846598267555237
10X_P7_6_GTGTGCGCACTGTGTA,3-F-56,B cell,0,B cell,-0.054085568,2.8292215,8099,0.7532418966293335
10X_P7_6_GTGTGCGCACTTACGA,3-F-56,T cell,3,T cell,28.717794,-0.40552655,8100,1.9309725761413572
10X_P7_6_GTGTGCGGTCCGAGTC,3-F-56,B cell,0,B cell,0.8247066,4.5561767,8101,0.8916715979576111
10X_P7_6_GTGTGCGGTTAAGATG,3-F-56,T cell,2,Unmatched_2,27.302877,1.0057137,8102,0.5464460253715515
10X_P7_6_GTGTTAGAGACCGGAT,3-F-56,B cell,0,B cell,0.15043363,4.561278,8103,0.4404609203338623
10X_P7_6_GTGTTAGAGCGTGTCC,3-F-56,B cell,0,B cell,0.064504154,4.25949,8104,0.394952654838562
10X_P7_6_GTGTTAGAGCTCAACT,3-F-56,T cell,2,Unmatched_2,27.52638,1.0278056,8105,0.5346443057060242
10X_P7_6_GTGTTAGAGGCTATCT,3-F-56,B cell,0,B cell,0.4391611,4.7709746,8106,0.522433340549469
10X_P7_6_GTGTTAGAGTGAAGAG,3-F-56,B cell,0,B cell,0.1320157,4.8651686,8107,0.4264852106571197
10X_P7_6_GTGTTAGGTACCGGCT,3-F-56,B cell,0,B cell,2.5215905,3.8074422,8108,0.5597088932991028
10X_P7_6_GTGTTAGGTCTGGAGA,3-F-56,B cell,0,B cell,1.5405443,2.8763213,8109,0.5277576446533203
10X_P7_6_GTGTTAGGTGTGGCTC,3-F-56,T cell,2,Unmatched_2,28.900454,1.112164,8110,0.9438547492027284
10X_P7_6_GTGTTAGTCATTCACT,3-F-56,B cell,0,B cell,1.8783128,4.8364964,8111,0.6412389278411865
10X_P7_6_GTGTTAGTCGAACTGT,3-F-56,B cell,0,B cell,0.47298914,5.114992,8112,0.4442718923091888
10X_P7_6_GTGTTAGTCGCATGAT,3-F-56,B cell,6,Unmatched_6,0.389709,10.971397,8113,2.426625490188598
10X_P7_6_GTTAAGCAGATAGTCA,3-F-56,T cell,3,T cell,26.04469,-0.7757799,8114,0.8729137182235718
10X_P7_6_GTTAAGCAGATGCGAC,3-F-56,B cell,0,B cell,1.9918637,4.4841347,8115,0.5810449123382568
10X_P7_6_GTTAAGCAGCGTTTAC,3-F-56,B cell,2,Unmatched_2,24.939983,1.9454938,8116,1.395899772644043
10X_P7_6_GTTAAGCAGCTACCGC,3-F-56,T cell,3,T cell,26.214897,-0.6256354,8117,0.9022210240364076
10X_P7_6_GTTAAGCAGGACATTA,3-F-56,B cell,0,B cell,1.4435918,2.8726099,8118,0.6616275310516357
10X_P7_6_GTTAAGCAGGCGACAT,3-F-56,B cell,0,B cell,2.0767593,2.7834277,8119,0.4582296311855316
10X_P7_6_GTTAAGCAGTCGTTTG,3-F-56,B cell,0,B cell,2.302777,2.6974652,8120,0.4579164087772369
10X_P7_6_GTTAAGCCATCGTCGG,3-F-56,T cell,2,Unmatched_2,27.715202,1.3846178,8121,0.6243759393692017
10X_P7_6_GTTAAGCCATGTCGAT,3-F-56,B cell,0,B cell,0.98650134,2.5953827,8122,0.4919125139713287
10X_P7_6_GTTAAGCGTGAGGGTT,3-F-56,B cell,2,Unmatched_2,29.338367,0.7350941,8123,1.5036052465438845
10X_P7_6_GTTAAGCTCACCACCT,3-F-56,B cell,0,B cell,0.93709964,6.5257115,8124,1.2842328548431396
10X_P7_6_GTTAAGCTCACGATGT,3-F-56,T cell,3,T cell,28.852777,-1.3033271,8125,1.262409210205078
10X_P7_6_GTTAAGCTCACTTATC,3-F-56,B cell,0,B cell,1.20583,3.3481328,8126,0.6958470940589905
10X_P7_6_GTTAAGCTCATAACCG,3-F-56,B cell,0,B cell,2.6237488,5.408735,8127,1.502509355545044
10X_P7_6_GTTAAGCTCCGAATGT,3-F-56,B cell,1,Unmatched_1,3.1630893,7.5241895,8128,0.990007221698761
10X_P7_6_GTTAAGCTCTCACATT,3-F-56,B cell,1,Unmatched_1,2.846184,8.261087,8129,0.436939388513565
10X_P7_6_GTTACAGAGACATAAC,3-F-56,B cell,0,B cell,1.1446605,3.2072515,8130,1.0558717250823977
10X_P7_6_GTTACAGAGCCCGAAA,3-F-56,B cell,0,B cell,1.054762,2.443726,8131,0.6821692585945129
10X_P7_6_GTTACAGAGTCACGCC,3-F-56,T cell,3,T cell,28.153896,-1.3941053,8132,1.042708158493042
10X_P7_6_GTTACAGCAATGGAAT,3-F-56,B cell,0,B cell,0.11434322,5.2418575,8133,0.4998875856399536
10X_P7_6_GTTACAGGTAGCCTAT,3-F-56,B cell,0,B cell,1.829007,3.84502,8134,0.8111466765403748
10X_P7_6_GTTACAGGTCTCTCTG,3-F-56,B cell,0,B cell,0.70781463,4.144814,8135,0.5860392451286316
10X_P7_6_GTTACAGGTGGGTATG,3-F-56,T cell,3,T cell,26.429031,-1.0440377,8136,0.8119645714759827
10X_P7_6_GTTACAGGTGTGCGTC,3-F-56,B cell,1,Unmatched_1,3.1968665,8.2788515,8137,0.4392030239105224
10X_P7_6_GTTACAGTCCCAAGTA,3-F-56,B cell,1,Unmatched_1,3.35273,7.800175,8138,0.4677188992500305
10X_P7_6_GTTACAGTCGAGAGCA,3-F-56,B cell,0,B cell,2.5137548,2.8313978,8139,0.3947624564170837
10X_P7_6_GTTACAGTCGCACTCT,3-F-56,B cell,0,B cell,1.9469471,3.7736034,8140,0.589739978313446
10X_P7_6_GTTCATTAGAGACTAT,3-F-56,B cell,0,B cell,0.7808905,2.691531,8141,0.9978082180023192
10X_P7_6_GTTCATTAGGTAAACT,3-F-56,B cell,0,B cell,2.267344,3.3985343,8142,0.7961080074310303
10X_P7_6_GTTCATTAGTCGTTTG,3-F-56,B cell,0,B cell,0.7864611,7.9063435,8143,0.8906599879264832
10X_P7_6_GTTCATTCAATAGCGG,3-F-56,B cell,0,B cell,1.330553,3.582791,8144,0.687864363193512
10X_P7_6_GTTCATTCATGTCTCC,3-F-56,T cell,3,T cell,25.744616,-0.36839575,8145,0.6299432516098022
10X_P7_6_GTTCATTGTAGGGTAC,3-F-56,T cell,3,T cell,26.832825,-0.94629776,8146,0.9231877326965332
10X_P7_6_GTTCATTGTCGCGTGT,3-F-56,B cell,0,B cell,2.6526449,3.6456418,8147,0.506308376789093
10X_P7_6_GTTCATTGTTCAACCA,3-F-56,B cell,0,B cell,1.4092183,4.8028655,8148,0.6884408593177795
10X_P7_6_GTTCATTTCACCATAG,3-F-56,B cell,1,Unmatched_1,2.4636762,8.043228,8149,0.5980139970779419
10X_P7_6_GTTCATTTCCTTCAAT,3-F-56,B cell,2,Unmatched_2,25.187721,2.1592932,8150,1.890249848365784
10X_P7_6_GTTCATTTCTAGCACA,3-F-56,B cell,0,B cell,2.609003,3.5913193,8151,0.6717771887779236
10X_P7_6_GTTCGGGAGAGGTTGC,3-F-56,B cell,0,B cell,0.64841104,2.381059,8152,0.4895252585411072
10X_P7_6_GTTCGGGAGATCCTGT,3-F-56,T cell,3,T cell,26.16041,-1.0943089,8153,0.709159791469574
10X_P7_6_GTTCGGGAGCAGGCTA,3-F-56,natural killer cell,5,natural killer cell,30.652874,-2.1257226,8154,3.218928337097168
10X_P7_6_GTTCGGGAGGATATAC,3-F-56,B cell,1,Unmatched_1,2.9617279,8.412072,8155,0.4908898770809173
10X_P7_6_GTTCGGGAGTCGAGTG,3-F-56,B cell,0,B cell,1.1326728,3.8712692,8156,1.1798577308654783
10X_P7_6_GTTCGGGAGTGGGATC,3-F-56,B cell,0,B cell,1.2059106,1.9969262,8157,1.3104583024978638
10X_P7_6_GTTCGGGCAATCTGCA,3-F-56,T cell,5,natural killer cell,29.992733,-0.6818622,8158,1.5944925546646118
10X_P7_6_GTTCGGGCACACAGAG,3-F-56,T cell,3,T cell,26.699816,-0.17407213,8159,0.7050164341926575
10X_P7_6_GTTCGGGCACATCCAA,3-F-56,B cell,0,B cell,2.8939779,4.258318,8160,0.6091139316558838
10X_P7_6_GTTCGGGCACCATCCT,3-F-56,T cell,2,Unmatched_2,27.721033,0.85553396,8161,0.5325011610984802
10X_P7_6_GTTCGGGCACCGCTAG,3-F-56,B cell,0,B cell,0.34102687,5.225431,8162,0.4102000892162323
10X_P7_6_GTTCGGGCAGCATGAG,3-F-56,B cell,0,B cell,0.57423794,3.50603,8163,0.7980071902275085
10X_P7_6_GTTCGGGCATACGCTA,3-F-56,B cell,1,Unmatched_1,3.4646802,8.590567,8164,0.6995563507080078
10X_P7_6_GTTCGGGCATTGGCGC,3-F-56,B cell,2,Unmatched_2,25.109482,2.0966134,8165,1.3873403072357178
10X_P7_6_GTTCGGGGTAAGAGGA,3-F-56,B cell,0,B cell,1.4018928,2.9869716,8166,0.9310529828071594
10X_P7_6_GTTCGGGGTATGAAAC,3-F-56,B cell,0,B cell,1.6845634,5.269623,8167,1.0076864957809448
10X_P7_6_GTTCGGGGTGGACGAT,3-F-56,B cell,0,B cell,1.6344501,2.507354,8168,0.6608840227127075
10X_P7_6_GTTCGGGGTGTGACGA,3-F-56,B cell,0,B cell,0.6844562,3.6052563,8169,0.564056932926178
10X_P7_6_GTTCGGGTCAGCTCTC,3-F-56,B cell,0,B cell,0.021845993,3.6089303,8170,0.90695983171463
10X_P7_6_GTTCGGGTCTAACTTC,3-F-56,B cell,0,B cell,2.4396672,2.3882089,8171,0.6571212410926819
10X_P7_6_GTTCGGGTCTCGTTTA,3-F-56,macrophage,4,macrophage,2.5349889,16.449692,8172,1.8749980926513672
10X_P7_6_GTTCGGGTCTTTAGTC,3-F-56,B cell,0,B cell,0.5545386,3.4625673,8173,0.5955711603164673
10X_P7_6_GTTCTCGAGCGTAGTG,3-F-56,B cell,1,Unmatched_1,4.625539,14.711791,8174,1.0816925764083862
10X_P7_6_GTTCTCGCAGTAACGG,3-F-56,B cell,0,B cell,-0.95000374,3.4555736,8175,0.6700111031532288
10X_P7_6_GTTCTCGCAGTCAGAG,3-F-56,natural killer cell,5,natural killer cell,31.079603,-2.1485431,8176,1.9900749921798704
10X_P7_6_GTTCTCGCATGCATGT,3-F-56,T cell,3,T cell,25.749184,-1.053327,8177,0.8683492541313171
10X_P7_6_GTTCTCGGTATTACCG,3-F-56,B cell,0,B cell,2.6417716,4.0831013,8178,0.4668432772159576
10X_P7_6_GTTCTCGTCAAACGGG,3-F-56,B cell,0,B cell,1.9400431,4.242253,8179,0.4902867674827575
10X_P7_6_GTTCTCGTCCAGTATG,3-F-56,B cell,0,B cell,1.5039526,3.1687262,8180,0.4683652818202972
10X_P7_6_GTTCTCGTCCTGTACC,3-F-56,B cell,1,Unmatched_1,2.8784754,7.123246,8181,1.0023787021636963
10X_P7_6_GTTCTCGTCGACGGAA,3-F-56,dendritic cell,8,dendritic cell,3.5796187,17.853683,8182,4.062687397003174
10X_P7_6_GTTCTCGTCGCTAGCG,3-F-56,T cell,3,T cell,26.75194,-0.74639195,8183,0.7156654596328735
10X_P7_6_GTTCTCGTCTGGGCCA,3-F-56,B cell,0,B cell,1.4538759,3.9416606,8184,0.7042016386985779
10X_P7_6_GTTTCTAAGCAGCCTC,3-F-56,B cell,0,B cell,-1.7134134,4.717128,8185,1.2370911836624146
10X_P7_6_GTTTCTAAGGGTATCG,3-F-56,B cell,1,Unmatched_1,3.4868705,8.330222,8186,0.6007599234580994
10X_P7_6_GTTTCTACAATAACGA,3-F-56,T cell,5,natural killer cell,30.097412,-0.61234933,8187,1.84473180770874
10X_P7_6_GTTTCTACACCGAATT,3-F-56,B cell,0,B cell,2.2191796,2.4892898,8188,0.5684663653373718
10X_P7_6_GTTTCTACAGTGAGTG,3-F-56,macrophage,4,macrophage,3.6885662,15.763571,8189,1.9493893384933472
10X_P7_6_GTTTCTACATCACAAC,3-F-56,T cell,3,T cell,26.606827,-0.26763272,8190,0.6053428053855896
10X_P7_6_GTTTCTACATGGGAAC,3-F-56,B cell,0,B cell,1.0250602,4.917796,8191,0.5348891019821167
10X_P7_6_GTTTCTAGTAAACGCG,3-F-56,B cell,1,Unmatched_1,3.009653,8.400396,8192,0.531683623790741
10X_P7_6_GTTTCTAGTACCCAAT,3-F-56,B cell,0,B cell,0.99152344,7.395927,8193,0.7008188962936401
10X_P7_6_GTTTCTAGTAGAAGGA,3-F-56,B cell,1,Unmatched_1,2.3838847,7.5694523,8194,0.8117756843566895
10X_P7_6_GTTTCTAGTTATCACG,3-F-56,B cell,0,B cell,0.59565,3.555303,8195,0.6003817319869995
10X_P7_6_GTTTCTATCGGCATCG,3-F-56,B cell,1,Unmatched_1,3.6338649,7.6160645,8196,0.6549696922302246
10X_P7_6_GTTTCTATCTCTGCTG,3-F-56,B cell,1,Unmatched_1,3.0068212,8.13539,8197,0.4619282782077789
10X_P7_6_GTTTCTATCTGATACG,3-F-56,B cell,7,Unmatched_7,3.9518638,13.202943,8198,0.997830331325531
10X_P7_6_GTTTCTATCTTTAGTC,3-F-56,B cell,6,Unmatched_6,0.7474458,11.464788,8199,5.334986209869385
10X_P7_6_TAAACCGAGGACATTA,3-F-56,B cell,0,B cell,2.038259,4.272759,8200,0.9953930974006652
10X_P7_6_TAAACCGCAAGCGTAG,3-F-56,B cell,0,B cell,1.531044,5.531154,8201,0.9235440492630004
10X_P7_6_TAAACCGCAATGTTGC,3-F-56,B cell,0,B cell,-0.8336541,4.187089,8202,0.6009235978126526
10X_P7_6_TAAACCGCAGGATTGG,3-F-56,B cell,0,B cell,-1.2656114,3.7171726,8203,1.491359829902649
10X_P7_6_TAAACCGGTATAAACG,3-F-56,B cell,0,B cell,2.280793,3.329033,8204,0.4225542545318603
10X_P7_6_TAAACCGGTCGAAAGC,3-F-56,T cell,2,Unmatched_2,26.765505,1.162342,8205,0.747607409954071
10X_P7_6_TAAACCGGTCGCGGTT,3-F-56,B cell,0,B cell,4.288431,14.657486,8206,2.2182209491729736
10X_P7_6_TAAACCGGTGCGAAAC,3-F-56,T cell,4,macrophage,4.733608,14.851298,8207,2.8559908866882324
10X_P7_6_TAAACCGTCGTGGACC,3-F-56,B cell,0,B cell,2.3184419,6.7852154,8208,0.5199955105781555
10X_P7_6_TAAGAGAAGACACGAC,3-F-56,B cell,0,B cell,0.7293731,3.3051066,8209,0.6904776096343994
10X_P7_6_TAAGAGAAGAGCCCAA,3-F-56,B cell,0,B cell,2.6982107,3.0762143,8210,0.4871531128883362
10X_P7_6_TAAGAGAAGAGGGCTT,3-F-56,B cell,0,B cell,2.713801,4.6805034,8211,1.130340576171875
10X_P7_6_TAAGAGAAGATGCCAG,3-F-56,B cell,0,B cell,-0.086823344,6.9386063,8212,0.8433442711830139
10X_P7_6_TAAGAGAAGCGTCTAT,3-F-56,B cell,1,Unmatched_1,3.9524918,7.7015643,8213,0.8615860939025879
10X_P7_6_TAAGAGAAGTAACCCT,3-F-56,B cell,0,B cell,1.1289262,3.2010787,8214,0.8182410597801208
10X_P7_6_TAAGAGACAAACCTAC,3-F-56,B cell,7,Unmatched_7,4.015475,13.3697,8215,0.6954993605613708
10X_P7_6_TAAGAGACAACTGCTA,3-F-56,B cell,0,B cell,1.0752645,4.3874707,8216,0.6831395030021667
10X_P7_6_TAAGAGACAAGCTGTT,3-F-56,B cell,7,Unmatched_7,3.990672,13.262284,8217,0.7115510106086731
10X_P7_6_TAAGAGACACGCTTTC,3-F-56,B cell,0,B cell,1.5079957,4.7956553,8218,0.4609202742576599
10X_P7_6_TAAGAGACAGCCTTTC,3-F-56,B cell,2,Unmatched_2,24.895588,1.8900635,8219,1.1554431915283203
10X_P7_6_TAAGAGACATTGAGCT,3-F-56,T cell,3,T cell,25.939133,-1.0696689,8220,0.6660409569740295
10X_P7_6_TAAGAGAGTTCGCGAC,3-F-56,B cell,0,B cell,1.5713094,3.2554283,8221,0.7232797145843506
10X_P7_6_TAAGAGATCGTTACAG,3-F-56,B cell,1,Unmatched_1,0.9119974,7.2194495,8222,0.6152527928352356
10X_P7_6_TAAGAGATCTAACCGA,3-F-56,B cell,0,B cell,0.17608115,5.0850253,8223,0.5317749977111816
10X_P7_6_TAAGAGATCTTGGGTA,3-F-56,T cell,3,T cell,6.346131,-5.556078,8224,2.416432857513428
10X_P7_6_TAAGCGTAGACCTTTG,3-F-56,B cell,0,B cell,1.7112834,3.1388462,8225,1.2224624156951904
10X_P7_6_TAAGCGTAGCTAACTC,3-F-56,B cell,6,Unmatched_6,0.2067639,11.412305,8226,1.6011474132537842
10X_P7_6_TAAGCGTAGGTAAACT,3-F-56,B cell,0,B cell,0.07660042,5.714955,8227,0.647821843624115
10X_P7_6_TAAGCGTAGTGTCCCG,3-F-56,B cell,0,B cell,0.85520923,2.0306692,8228,0.947284996509552
10X_P7_6_TAAGCGTAGTTGAGTA,3-F-56,B cell,0,B cell,0.5825187,2.5771763,8229,0.7562605738639832
10X_P7_6_TAAGCGTCAATACGCT,3-F-56,B cell,0,B cell,0.89225113,3.1165752,8230,1.2202171087265017
10X_P7_6_TAAGCGTCACAGAGGT,3-F-56,B cell,0,B cell,0.83865553,5.356145,8231,0.9566870927810668
10X_P7_6_TAAGCGTCACCATGTA,3-F-56,B cell,0,B cell,2.7083204,3.970823,8232,0.4327766895294189
10X_P7_6_TAAGCGTCACGGTAGA,3-F-56,B cell,1,Unmatched_1,4.710996,6.9796257,8233,1.1578713655471802
10X_P7_6_TAAGCGTCAGCTCGCA,3-F-56,B cell,0,B cell,-0.790886,3.1545975,8234,0.9155169725418092
10X_P7_6_TAAGCGTCATCACAAC,3-F-56,T cell,3,T cell,26.11695,0.1954549,8235,0.8558872938156128
10X_P7_6_TAAGCGTCATCATCCC,3-F-56,macrophage,4,macrophage,5.3112407,16.194479,8236,2.359070062637329
10X_P7_6_TAAGCGTGTCTCTTTA,3-F-56,B cell,0,B cell,0.54075545,8.001523,8237,0.8873584270477295
10X_P7_6_TAAGCGTTCATAGCAC,3-F-56,B cell,0,B cell,-0.1988703,3.8917387,8238,0.5494391918182373
10X_P7_6_TAAGCGTTCCGCGTTT,3-F-56,B cell,0,B cell,1.5919826,3.138824,8239,0.6158009767532349
10X_P7_6_TAAGCGTTCCGTCAAA,3-F-56,natural killer cell,5,natural killer cell,30.88232,-2.2486703,8240,1.803500413894653
10X_P7_6_TAAGTGCAGATAGCAT,3-F-56,B cell,0,B cell,2.209696,2.2928023,8241,0.5274214148521423
10X_P7_6_TAAGTGCAGGAGTTGC,3-F-56,B cell,0,B cell,-0.8931896,5.345587,8242,1.4706100225448608
10X_P7_6_TAAGTGCCAAGGACTG,3-F-56,B cell,1,Unmatched_1,2.2038062,7.741292,8243,0.5618232488632202
10X_P7_6_TAAGTGCCACCAACCG,3-F-56,T cell,2,Unmatched_2,27.730097,1.3536587,8244,1.1616675853729248
10X_P7_6_TAAGTGCCAGACTCGC,3-F-56,B cell,0,B cell,-0.13102828,6.681573,8245,0.7071250081062317
10X_P7_6_TAAGTGCCATCGGGTC,3-F-56,B cell,0,B cell,1.4444143,5.42071,8246,0.9778451919555664
10X_P7_6_TAAGTGCGTCGACTAT,3-F-56,B cell,0,B cell,1.8183768,7.117717,8247,0.635123074054718
10X_P7_6_TAAGTGCTCCACGTTC,3-F-56,B cell,0,B cell,-0.70762795,3.6480875,8248,0.439948558807373
10X_P7_6_TAAGTGCTCGATGAGG,3-F-56,B cell,0,B cell,0.13496295,3.326493,8249,0.8028611540794373
10X_P7_6_TAAGTGCTCGTACCGG,3-F-56,B cell,0,B cell,0.6876623,5.539689,8250,1.410027027130127
10X_P7_6_TAAGTGCTCTTATCTG,3-F-56,B cell,0,B cell,2.166156,6.8321896,8251,0.484681099653244
10X_P7_6_TACACGAAGACGCAAC,3-F-56,T cell,2,Unmatched_2,29.596182,0.9418137,8252,1.562842845916748
10X_P7_6_TACACGAAGATTACCC,3-F-56,B cell,1,Unmatched_1,3.1039362,8.148628,8253,0.4873454570770263
10X_P7_6_TACACGACATACCATG,3-F-56,B cell,0,B cell,1.9145149,2.997159,8254,0.4609140753746032
10X_P7_6_TACACGAGTATAGGGC,3-F-56,T cell,3,T cell,26.4356,-0.78648984,8255,0.6888834834098816
10X_P7_6_TACACGAGTCAAACTC,3-F-56,B cell,0,B cell,1.5026253,4.8999696,8256,0.5710941553115845
10X_P7_6_TACACGAGTGAGTATA,3-F-56,B cell,0,B cell,1.8185192,5.518321,8257,1.7288846969604492
10X_P7_6_TACACGAGTGAGTGAC,3-F-56,B cell,0,B cell,2.1095083,3.6456993,8258,0.5582371950149536
10X_P7_6_TACACGAGTGCTAGCC,3-F-56,B cell,0,B cell,1.7886779,6.8641276,8259,1.6971304416656494
10X_P7_6_TACACGAGTGGCCCTA,3-F-56,B cell,0,B cell,-0.5629767,3.9073684,8260,0.4476829171180725
10X_P7_6_TACACGATCCAAGTAC,3-F-56,B cell,0,B cell,1.6067598,3.5046506,8261,0.7796844840049744
10X_P7_6_TACACGATCGACCAGC,3-F-56,B cell,0,B cell,0.75008404,3.7820544,8262,0.6057891845703125
10X_P7_6_TACACGATCTACTTAC,3-F-56,T cell,2,Unmatched_2,26.53319,1.3548808,8263,0.9646706581115724
10X_P7_6_TACAGTGAGACACTAA,3-F-56,T cell,3,T cell,25.859484,-0.37932152,8264,0.6647364497184753
10X_P7_6_TACAGTGAGCGACGTA,3-F-56,T cell,3,T cell,25.887558,-0.78725684,8265,0.582364022731781
10X_P7_6_TACAGTGCACGAAACG,3-F-56,natural killer cell,5,natural killer cell,30.949736,-2.3711722,8266,1.6770490407943726
10X_P7_6_TACAGTGCACTGTGTA,3-F-56,B cell,0,B cell,0.46711394,7.876372,8267,0.8423692584037781
10X_P7_6_TACAGTGCAGATCGGA,3-F-56,B cell,1,Unmatched_1,3.7766664,7.5708632,8268,0.7647566795349121
10X_P7_6_TACAGTGCATGCTGGC,3-F-56,B cell,0,B cell,-0.8275888,3.2066967,8269,0.8074550628662109
10X_P7_6_TACAGTGCATGTTGAC,3-F-56,T cell,3,T cell,25.644148,-0.16771649,8270,1.1065750122070312
10X_P7_6_TACAGTGGTAACGACG,3-F-56,T cell,2,Unmatched_2,27.208113,1.3104771,8271,0.4853469431400299
10X_P7_6_TACAGTGGTAAGAGAG,3-F-56,B cell,0,B cell,0.6534198,2.4148753,8272,0.6191260814666748
10X_P7_6_TACAGTGGTAGGCTGA,3-F-56,macrophage,4,macrophage,3.2538521,16.115261,8273,1.8641462326049805
10X_P7_6_TACAGTGTCAAACCAC,3-F-56,T cell,2,Unmatched_2,27.712751,1.2656256,8274,1.1279208660125732
10X_P7_6_TACAGTGTCACTCCTG,3-F-56,T cell,2,Unmatched_2,27.691751,0.5181302,8275,0.5559321641921997
10X_P7_6_TACAGTGTCCACGCAG,3-F-56,B cell,0,B cell,0.2497048,4.501479,8276,0.4055086374282837
10X_P7_6_TACAGTGTCCTGTAGA,3-F-56,T cell,2,Unmatched_2,27.563465,-0.22932577,8277,1.479410171508789
10X_P7_6_TACAGTGTCGGCGCAT,3-F-56,B cell,0,B cell,-1.0122257,5.1486406,8278,1.3119168281555176
10X_P7_6_TACCTATAGCAACGGT,3-F-56,B cell,1,Unmatched_1,3.1420088,8.364798,8279,0.6446235775947571
10X_P7_6_TACCTATAGCATGGCA,3-F-56,B cell,0,B cell,1.4673764,4.506651,8280,1.0055007934570312
10X_P7_6_TACCTATAGGGCATGT,3-F-56,macrophage,4,macrophage,3.6374156,15.6882925,8281,1.92633318901062
10X_P7_6_TACCTATAGTCCGGTC,3-F-56,B cell,0,B cell,-0.4613917,3.0556836,8282,0.6419830918312073
10X_P7_6_TACCTATCAAGTAGTA,3-F-56,B cell,0,B cell,0.84116423,5.475879,8283,0.8447031378746033
10X_P7_6_TACCTATCAGGCTCAC,3-F-56,B cell,0,B cell,0.54758644,5.480556,8284,0.7721598744392395
10X_P7_6_TACCTATGTAAGGGCT,3-F-56,T cell,2,Unmatched_2,28.697454,0.07857897,8285,1.3604986667633057
10X_P7_6_TACCTATGTCGCGTGT,3-F-56,macrophage,4,macrophage,3.2210364,16.16531,8286,2.2902848720550537
10X_P7_6_TACCTATGTTGCTCCT,3-F-56,T cell,2,Unmatched_2,27.139948,1.0613332,8287,0.9284437894821168
10X_P7_6_TACCTATTCAATCTCT,3-F-56,B cell,0,B cell,2.0109496,2.8876693,8288,0.807428240776062
10X_P7_6_TACCTATTCACTTACT,3-F-56,B cell,0,B cell,0.2749142,3.722903,8289,0.6054624915122986
10X_P7_6_TACCTATTCAGAGCTT,3-F-56,B cell,0,B cell,1.2072504,5.1989465,8290,0.6538255214691162
10X_P7_6_TACCTATTCTACCAGA,3-F-56,T cell,3,T cell,25.806232,-0.9221436,8291,0.6324301958084106
10X_P7_6_TACCTATTCTGTCTCG,3-F-56,B cell,0,B cell,1.385253,2.2918246,8292,0.5450745224952698
10X_P7_6_TACCTTAAGACCGGAT,3-F-56,B cell,0,B cell,2.374798,2.4629786,8293,0.5356568098068237
10X_P7_6_TACCTTAAGTAGCGGT,3-F-56,B cell,1,Unmatched_1,0.8454105,8.029393,8294,0.8168060779571533
10X_P7_6_TACCTTACAATGGTCT,3-F-56,B cell,0,B cell,2.838608,7.820961,8295,1.0429617166519165
10X_P7_6_TACCTTACACCGGAAA,3-F-56,B cell,0,B cell,2.4162812,4.021336,8296,0.8059644103050232
10X_P7_6_TACCTTACAGTAACGG,3-F-56,T cell,2,Unmatched_2,27.33569,1.1521039,8297,0.5419313907623291
10X_P7_6_TACCTTACATGCCACG,3-F-56,B cell,0,B cell,-0.8169627,3.6822371,8298,0.4620599448680877
10X_P7_6_TACCTTACATGGAATA,3-F-56,B cell,0,B cell,0.21344212,3.5853715,8299,0.988356113433838
10X_P7_6_TACCTTAGTATGCTTG,3-F-56,T cell,2,Unmatched_2,27.688162,0.67940634,8300,0.5901124477386475
10X_P7_6_TACCTTAGTGGTCCGT,3-F-56,B cell,1,Unmatched_1,2.8929498,8.520286,8301,0.4540938138961792
10X_P7_6_TACCTTATCAATCTCT,3-F-56,B cell,0,B cell,1.3376405,3.4829986,8302,0.5627805590629578
10X_P7_6_TACCTTATCCGCGCAA,3-F-56,B cell,0,B cell,2.0112202,5.832679,8303,1.4719914197921753
10X_P7_6_TACCTTATCGCAAACT,3-F-56,B cell,0,B cell,-1.9825952,5.577679,8304,1.151511549949646
10X_P7_6_TACCTTATCGTAGATC,3-F-56,B cell,0,B cell,0.75055236,7.187165,8305,0.7413465976715088
10X_P7_6_TACCTTATCTGGCGAC,3-F-56,B cell,0,B cell,0.84,3.388051,8306,0.6531521677970886
10X_P7_6_TACGGATAGTTTGCGT,3-F-56,T cell,3,T cell,25.958897,-1.017252,8307,0.7588968276977539
10X_P7_6_TACGGATCATGACGGA,3-F-56,B cell,0,B cell,1.859393,7.2097945,8308,0.8248969912528992
10X_P7_6_TACGGATCATTTCACT,3-F-56,T cell,3,T cell,28.538744,-1.4486979,8309,1.18874990940094
10X_P7_6_TACGGATGTATGGTTC,3-F-56,B cell,0,B cell,2.5375943,2.7314277,8310,0.7146487236022949
10X_P7_6_TACGGATGTCGGATCC,3-F-56,B cell,6,Unmatched_6,0.17716232,11.433393,8311,2.7071096897125244
10X_P7_6_TACGGATGTTCGTCTC,3-F-56,T cell,2,Unmatched_2,27.562948,0.6506913,8312,0.6168681979179382
10X_P7_6_TACGGATGTTGGGACA,3-F-56,B cell,6,Unmatched_6,0.2077571,11.388661,8313,2.8559908866882324
10X_P7_6_TACGGATTCAAAGTAG,3-F-56,B cell,0,B cell,-0.6742314,3.4950802,8314,1.201687216758728
10X_P7_6_TACGGATTCAGCGACC,3-F-56,B cell,1,Unmatched_1,2.744303,7.7554173,8315,1.3625153303146362
10X_P7_6_TACGGATTCCCAACGG,3-F-56,T cell,2,Unmatched_2,27.639925,1.2826352,8316,1.0970439910888672
10X_P7_6_TACGGATTCCTGCAGG,3-F-56,B cell,0,B cell,0.8384456,2.8704846,8317,1.2284188270568848
10X_P7_6_TACGGATTCGCCCTTA,3-F-56,B cell,0,B cell,1.0807003,4.763503,8318,0.503388524055481
10X_P7_6_TACGGATTCGCTAGCG,3-F-56,B cell,1,Unmatched_1,3.8865123,7.754406,8319,0.5917182564735413
10X_P7_6_TACGGATTCTACGAGT,3-F-56,B cell,0,B cell,0.065857984,6.1038647,8320,0.930274784564972
10X_P7_6_TACGGATTCTCCCTGA,3-F-56,T cell,3,T cell,26.778992,-0.7213118,8321,1.3129595518112185
10X_P7_6_TACGGGCAGCACGCCT,3-F-56,macrophage,4,macrophage,3.1672983,16.18273,8322,2.044633626937866
10X_P7_6_TACGGGCAGCCAGTAG,3-F-56,B cell,0,B cell,1.7393105,6.376349,8323,0.7149398326873779
10X_P7_6_TACGGGCAGGCGCTCT,3-F-56,B cell,7,Unmatched_7,3.9619818,13.235053,8324,0.8744624257087708
10X_P7_6_TACGGGCAGGCTAGAC,3-F-56,B cell,0,B cell,2.3596058,4.506552,8325,0.9157170057296752
10X_P7_6_TACGGGCCACGCGAAA,3-F-56,B cell,0,B cell,0.82270765,5.3281207,8326,0.6598191261291504
10X_P7_6_TACGGGCGTCGCCATG,3-F-56,B cell,0,B cell,1.524924,3.345697,8327,0.7392997741699219
10X_P7_6_TACGGGCTCATACGGT,3-F-56,B cell,0,B cell,2.4527233,5.3627486,8328,0.7259935140609741
10X_P7_6_TACGGGCTCGCCAAAT,3-F-56,B cell,0,B cell,0.8453804,4.2882333,8329,0.4280656576156616
10X_P7_6_TACGGGCTCTTCAACT,3-F-56,B cell,0,B cell,1.0724322,4.0080295,8330,0.5152139067649841
10X_P7_6_TACGGTAAGCGTAGTG,3-F-56,B cell,0,B cell,2.4444523,3.683131,8331,0.5563150644302368
10X_P7_6_TACGGTAAGGAATGGA,3-F-56,B cell,0,B cell,-0.40377003,4.6566978,8332,0.4785622358322143
10X_P7_6_TACGGTAAGTTACGGG,3-F-56,T cell,3,T cell,25.557587,-0.2858883,8333,0.6776082515716553
10X_P7_6_TACGGTACAATCGGTT,3-F-56,B cell,0,B cell,1.548523,5.9772944,8334,0.8609139323234558
10X_P7_6_TACGGTACAGTAAGAT,3-F-56,B cell,1,Unmatched_1,3.0230486,7.807173,8335,1.035986304283142
10X_P7_6_TACGGTACATCGGTTA,3-F-56,B cell,0,B cell,1.2016805,2.6347365,8336,0.4212499856948852
10X_P7_6_TACGGTAGTCAAAGCG,3-F-56,B cell,0,B cell,0.59830815,7.418971,8337,1.14061176776886
10X_P7_6_TACGGTAGTCTGGTCG,3-F-56,B cell,0,B cell,2.4321558,3.4658742,8338,0.5633096694946289
10X_P7_6_TACGGTAGTGCACCAC,3-F-56,T cell,2,Unmatched_2,28.233875,0.50716186,8339,0.8982573747634888
10X_P7_6_TACGGTATCCGTCATC,3-F-56,B cell,0,B cell,1.0548292,5.0135484,8340,0.4081137776374817
10X_P7_6_TACGGTATCTATCCCG,3-F-56,T cell,2,Unmatched_2,27.75438,1.081718,8341,0.7952407598495483
10X_P7_6_TACTCATAGACGCACA,3-F-56,B cell,0,B cell,1.924556,7.1760983,8342,0.7675783038139343
10X_P7_6_TACTCATAGCTGCCCA,3-F-56,T cell,2,Unmatched_2,29.038643,1.0920047,8343,0.941113829612732
10X_P7_6_TACTCATAGGTTCCTA,3-F-56,B cell,1,Unmatched_1,4.8447256,7.1859665,8344,1.0886390209197998
10X_P7_6_TACTCATAGTACGTTC,3-F-56,B cell,0,B cell,-0.16875046,4.4238563,8345,0.404936671257019
10X_P7_6_TACTCATAGTCGTTTG,3-F-56,T cell,3,T cell,25.862144,-0.47356415,8346,0.5698161125183105
10X_P7_6_TACTCATCAGACAGGT,3-F-56,B cell,0,B cell,2.2521012,3.4986808,8347,0.5016648173332214
10X_P7_6_TACTCATCATGCCACG,3-F-56,B cell,0,B cell,2.3637142,2.8518791,8348,0.5435776114463806
10X_P7_6_TACTCATCATTGGCGC,3-F-56,B cell,0,B cell,0.6761674,2.5684073,8349,0.7294426560401917
10X_P7_6_TACTCATGTGGCAAAC,3-F-56,B cell,0,B cell,1.889706,3.6427774,8350,0.5791925191879272
10X_P7_6_TACTCATGTTATCACG,3-F-56,B cell,0,B cell,1.0282792,3.2189808,8351,1.6962131261825562
10X_P7_6_TACTCATTCACTGGGC,3-F-56,B cell,0,B cell,-0.79502606,5.607161,8352,1.3782588243484497
10X_P7_6_TACTCATTCTAAGCCA,3-F-56,B cell,0,B cell,1.4255995,6.87829,8353,1.3422256708145142
10X_P7_6_TACTCGCAGAACAATC,3-F-56,B cell,1,Unmatched_1,2.6069322,7.403798,8354,0.4233734905719757
10X_P7_6_TACTCGCAGACAGGCT,3-F-56,B cell,2,Unmatched_2,25.157204,2.0594249,8355,1.3388986587524414
10X_P7_6_TACTCGCAGAGGTACC,3-F-56,B cell,0,B cell,0.82230175,4.5587273,8356,0.5013012290000916
10X_P7_6_TACTCGCAGCGAGAAA,3-F-56,B cell,0,B cell,2.3006992,4.739077,8357,1.4548646211624146
10X_P7_6_TACTCGCAGGAGTACC,3-F-56,B cell,0,B cell,0.6381988,2.5180259,8358,0.8051689267158508
10X_P7_6_TACTCGCAGTGCTGCC,3-F-56,T cell,2,Unmatched_2,27.383284,0.94385314,8359,1.0961554050445557
10X_P7_6_TACTCGCCAAGCTGGA,3-F-56,macrophage,4,macrophage,4.6786623,14.852733,8360,2.282297849655152
10X_P7_6_TACTCGCCAAGGACAC,3-F-56,T cell,3,T cell,26.384254,-0.47643894,8361,0.5952306389808655
10X_P7_6_TACTCGCCACGTCTCT,3-F-56,B cell,0,B cell,1.6761578,7.133668,8362,0.7282530069351196
10X_P7_6_TACTCGCCAGATCTGT,3-F-56,B cell,0,B cell,-0.5159815,4.354498,8363,0.6833997964859009
10X_P7_6_TACTCGCCATTCACTT,3-F-56,B cell,0,B cell,-0.821066,3.6891756,8364,0.4663905799388885
10X_P7_6_TACTCGCGTAAGTTCC,3-F-56,B cell,0,B cell,1.44614,2.5932238,8365,0.4958990812301636
10X_P7_6_TACTCGCTCCAGGGCT,3-F-56,T cell,3,T cell,26.281538,-0.82068306,8366,0.8274294137954712
10X_P7_6_TACTCGCTCTTCATGT,3-F-56,T cell,3,T cell,25.684368,-0.8059882,8367,0.801536500453949
10X_P7_6_TACTTACAGAACAATC,3-F-56,B cell,0,B cell,2.7737784,4.089296,8368,0.4383363723754883
10X_P7_6_TACTTACAGATCTGCT,3-F-56,B cell,1,Unmatched_1,2.2038767,8.348546,8369,0.4914422631263733
10X_P7_6_TACTTACAGCGTTCCG,3-F-56,B cell,0,B cell,0.82399815,6.742632,8370,0.8440526127815247
10X_P7_6_TACTTACAGGCGACAT,3-F-56,B cell,0,B cell,1.0453463,3.9805636,8371,0.5321988463401794
10X_P7_6_TACTTACCAACACCTA,3-F-56,T cell,3,T cell,26.249344,-0.97976816,8372,0.6431870460510254
10X_P7_6_TACTTACCACGCCAGT,3-F-56,B cell,0,B cell,-0.7008253,3.2349293,8373,1.2556930780410769
10X_P7_6_TACTTACCAGACAGGT,3-F-56,T cell,3,T cell,26.441225,-0.8018198,8374,0.9290132522583008
10X_P7_6_TACTTACCAGTTCATG,3-F-56,B cell,0,B cell,2.4219258,3.2010183,8375,0.4422843158245086
10X_P7_6_TACTTACGTCAGCTAT,3-F-56,B cell,0,B cell,2.2074642,5.5631323,8376,1.0004146099090576
10X_P7_6_TACTTACGTGACGCCT,3-F-56,B cell,0,B cell,0.16009875,4.649341,8377,0.4236333966255188
10X_P7_6_TACTTACGTTTGTTTC,3-F-56,macrophage,2,Unmatched_2,4.8060694,15.024998,8378,2.8559908866882324
10X_P7_6_TACTTACTCAGCAACT,3-F-56,B cell,0,B cell,1.934876,5.1333075,8379,1.3163042068481443
10X_P7_6_TACTTACTCGTTGCCT,3-F-56,B cell,1,Unmatched_1,3.66899,7.9461403,8380,0.701785147190094
10X_P7_6_TACTTACTCTACCAGA,3-F-56,B cell,0,B cell,0.05055471,3.1190522,8381,1.113227367401123
10X_P7_6_TACTTACTCTGCAGTA,3-F-56,natural killer cell,5,natural killer cell,30.992723,-2.5078974,8382,1.755036234855652
10X_P7_6_TACTTGTAGACAATAC,3-F-56,T cell,2,Unmatched_2,27.67422,1.5242411,8383,0.5695881843566895
10X_P7_6_TACTTGTAGCAATATG,3-F-56,B cell,0,B cell,-0.11993543,3.9149058,8384,0.8342283368110657
10X_P7_6_TACTTGTAGCGTTCCG,3-F-56,B cell,1,Unmatched_1,3.5291586,8.205753,8385,0.6518905162811279
10X_P7_6_TACTTGTAGGATTCGG,3-F-56,B cell,4,macrophage,2.152395,15.931242,8386,2.835890054702759
10X_P7_6_TACTTGTAGGCTATCT,3-F-56,T cell,2,Unmatched_2,27.485203,0.7076668,8387,0.6486424207687378
10X_P7_6_TACTTGTCAGTCAGCC,3-F-56,macrophage,4,macrophage,5.186788,16.118855,8388,3.646089553833008
10X_P7_6_TACTTGTCATAGAAAC,3-F-56,B cell,0,B cell,0.31509247,3.9896703,8389,0.8649353981018066
10X_P7_6_TACTTGTGTAGCTTGT,3-F-56,B cell,0,B cell,0.6018639,3.523783,8390,0.4358117282390594
10X_P7_6_TACTTGTGTCATGCCG,3-F-56,B cell,0,B cell,0.72779685,8.062026,8391,0.9303510785102844
10X_P7_6_TACTTGTGTCGCTTCT,3-F-56,B cell,0,B cell,2.2434382,3.5522242,8392,0.6558477878570557
10X_P7_6_TACTTGTGTGTGAATA,3-F-56,B cell,0,B cell,0.07810317,3.79307,8393,0.4949731528759002
10X_P7_6_TACTTGTGTGTGTGCC,3-F-56,B cell,0,B cell,1.286357,2.9705265,8394,0.5666598081588745
10X_P7_6_TACTTGTGTTTGTTGG,3-F-56,B cell,1,Unmatched_1,-2.1778994,4.1850452,8395,0.5658599138259888
10X_P7_6_TACTTGTTCATCACCC,3-F-56,B cell,0,B cell,2.222652,3.267617,8396,0.5307514071464539
10X_P7_6_TACTTGTTCCTGCTTG,3-F-56,T cell,2,Unmatched_2,27.290966,1.0292132,8397,0.6115920543670654
10X_P7_6_TACTTGTTCTTTCCTC,3-F-56,T cell,3,T cell,28.16522,-1.2625518,8398,0.9692262411117554
10X_P7_6_TAGACCAAGAAACGAG,3-F-56,B cell,0,B cell,-0.7247323,4.5537167,8399,0.5278245806694031
10X_P7_6_TAGACCAAGGATGCGT,3-F-56,T cell,3,T cell,27.930628,-1.3297726,8400,0.9121742248535156
10X_P7_6_TAGACCAAGTGGGTTG,3-F-56,macrophage,4,macrophage,2.6864223,16.321701,8401,2.533562183380127
10X_P7_6_TAGACCACACGTCAGC,3-F-56,B cell,0,B cell,1.4726834,4.5808043,8402,0.7097325325012207
10X_P7_6_TAGACCACATCTACGA,3-F-56,T cell,2,Unmatched_2,26.920956,0.7950879,8403,0.9010435938835144
10X_P7_6_TAGACCAGTAGTAGTA,3-F-56,B cell,0,B cell,1.7820466,3.2138014,8404,0.5531966090202332
10X_P7_6_TAGACCAGTGGTCCGT,3-F-56,B cell,0,B cell,-0.01679967,3.623942,8405,0.4254879653453827
10X_P7_6_TAGACCAGTGTGTGCC,3-F-56,B cell,1,Unmatched_1,2.8375778,7.1202135,8406,0.591334342956543
10X_P7_6_TAGACCATCACAAACC,3-F-56,B cell,0,B cell,1.9156095,3.793688,8407,0.5860925912857056
10X_P7_6_TAGACCATCAGTTTGG,3-F-56,T cell,3,T cell,25.580093,-0.2207426,8408,0.743010938167572
10X_P7_6_TAGACCATCTGAGTGT,3-F-56,T cell,3,T cell,25.857546,-1.2441208,8409,0.654646098613739
10X_P7_6_TAGACCATCTTGGGTA,3-F-56,T cell,2,Unmatched_2,27.363134,0.92306614,8410,0.9421404600143432
10X_P7_6_TAGAGCTAGGCAAAGA,3-F-56,B cell,0,B cell,2.3824399,5.826023,8411,0.932222843170166
10X_P7_6_TAGAGCTAGTGTACCT,3-F-56,T cell,3,T cell,26.328617,-0.47467223,8412,0.7419689297676086
10X_P7_6_TAGAGCTAGTTGAGTA,3-F-56,natural killer cell,5,natural killer cell,31.100811,-2.3145752,8413,1.4666374921798706
10X_P7_6_TAGAGCTCAATTCCTT,3-F-56,B cell,0,B cell,0.5112466,5.8775687,8414,1.2140167951583862
10X_P7_6_TAGAGCTCAGGTCCAC,3-F-56,B cell,0,B cell,1.7667382,2.374883,8415,0.5988702774047852
10X_P7_6_TAGAGCTGTGACCAAG,3-F-56,B cell,0,B cell,3.589999,6.197668,8416,0.6641693711280823
10X_P7_6_TAGAGCTGTGCTGTAT,3-F-56,B cell,0,B cell,0.39065966,7.5693316,8417,0.8824962973594666
10X_P7_6_TAGAGCTGTTCAGCGC,3-F-56,B cell,0,B cell,1.6368085,2.462888,8418,0.5366171598434448
10X_P7_6_TAGAGCTTCGTTACAG,3-F-56,B cell,1,Unmatched_1,3.4610798,8.371992,8419,0.5364193320274353
10X_P7_6_TAGAGCTTCTTCTGGC,3-F-56,B cell,0,B cell,1.2939855,3.6220877,8420,0.5962250232696533
10X_P7_6_TAGCCGGAGCGTCAAG,3-F-56,B cell,0,B cell,-0.14045753,6.30745,8421,0.6622528433799744
10X_P7_6_TAGCCGGAGCTGCAAG,3-F-56,B cell,0,B cell,-0.77597326,4.0788283,8422,0.4588318467140198
10X_P7_6_TAGCCGGAGGTGACCA,3-F-56,B cell,0,B cell,0.041118424,4.8908496,8423,0.5855162143707275
10X_P7_6_TAGCCGGCAATGGACG,3-F-56,B cell,0,B cell,0.53488547,2.983533,8424,0.6891062259674072
10X_P7_6_TAGCCGGCACGCCAGT,3-F-56,B cell,2,Unmatched_2,25.165289,2.1661782,8425,1.842789649963379
10X_P7_6_TAGCCGGCACTCTGTC,3-F-56,B cell,0,B cell,2.1106136,6.678924,8426,1.127916693687439
10X_P7_6_TAGCCGGGTACCTACA,3-F-56,T cell,3,T cell,26.25521,-0.7105342,8427,0.9413614273071288
10X_P7_6_TAGCCGGGTCAAGCGA,3-F-56,B cell,1,Unmatched_1,3.7403553,7.937253,8428,0.4807414412498474
10X_P7_6_TAGCCGGTCGAGAACG,3-F-56,B cell,0,B cell,0.47253788,6.787622,8429,1.432413101196289
10X_P7_6_TAGCCGGTCTGGTATG,3-F-56,B cell,0,B cell,2.2587268,3.6530182,8430,0.4792623221874237
10X_P7_6_TAGGCATAGATCTGAA,3-F-56,B cell,0,B cell,-1.623033,5.157947,8431,1.414869785308838
10X_P7_6_TAGGCATAGCCCAACC,3-F-56,macrophage,4,macrophage,2.5849397,16.37721,8432,2.4465012550354004
10X_P7_6_TAGGCATAGCTACCGC,3-F-56,B cell,0,B cell,-2.0552466,5.5075855,8433,1.3062232732772827
10X_P7_6_TAGGCATAGCTAGGCA,3-F-56,B cell,0,B cell,2.11938,7.3866796,8434,0.5136508941650391
10X_P7_6_TAGGCATAGGCGTACA,3-F-56,T cell,3,T cell,25.591183,-0.42060187,8435,0.7197299599647522
10X_P7_6_TAGGCATCAAGAGTCG,3-F-56,T cell,3,T cell,27.92611,-1.2852501,8436,0.9172798991203308
10X_P7_6_TAGGCATCATAAAGGT,3-F-56,B cell,0,B cell,-0.8459491,3.5851858,8437,0.903319239616394
10X_P7_6_TAGGCATCATGCGCAC,3-F-56,B cell,0,B cell,1.3110178,4.148021,8438,0.5939304828643799
10X_P7_6_TAGGCATCATGGGAAC,3-F-56,B cell,1,Unmatched_1,2.863049,8.390506,8439,0.5147448778152466
10X_P7_6_TAGGCATGTAAATGAC,3-F-56,B cell,1,Unmatched_1,2.5785253,7.431407,8440,0.5443686246871948
10X_P7_6_TAGGCATGTAGAGGAA,3-F-56,T cell,2,Unmatched_2,27.186804,1.0195538,8441,0.6425527930259705
10X_P7_6_TAGGCATGTCTAAAGA,3-F-56,T cell,2,Unmatched_2,27.808084,1.3195701,8442,0.5892371535301208
10X_P7_6_TAGGCATGTGCTTCTC,3-F-56,B cell,0,B cell,1.8120446,4.2391057,8443,0.8342795968055725
10X_P7_6_TAGGCATGTGGCAAAC,3-F-56,T cell,3,T cell,26.059996,-0.32634625,8444,1.5251342058181765
10X_P7_6_TAGGCATGTGTTGGGA,3-F-56,T cell,3,T cell,26.292866,-0.914171,8445,0.7758005261421204
10X_P7_6_TAGGCATGTTAGTGGG,3-F-56,B cell,6,Unmatched_6,-0.3347895,12.042729,8446,3.734930038452149
10X_P7_6_TAGGCATTCAGAGGTG,3-F-56,B cell,0,B cell,1.4897867,4.9603934,8447,0.7919808030128479
10X_P7_6_TAGTGGTAGAACTCGG,3-F-56,T cell,3,T cell,26.494375,-0.9825496,8448,0.6398200988769531
10X_P7_6_TAGTGGTAGAGTCTGG,3-F-56,B cell,0,B cell,-0.47512153,4.3822,8449,0.6526292562484741
10X_P7_6_TAGTGGTAGGCGACAT,3-F-56,B cell,0,B cell,-1.9609883,5.706004,8450,1.4616082906723022
10X_P7_6_TAGTGGTAGGTCGGAT,3-F-56,B cell,0,B cell,0.25787905,3.4509487,8451,0.5397593975067139
10X_P7_6_TAGTGGTAGTGAACGC,3-F-56,B cell,0,B cell,1.5330253,6.914118,8452,0.8412960767745972
10X_P7_6_TAGTGGTCAAACCCAT,3-F-56,T cell,5,natural killer cell,30.070215,-0.5680991,8453,1.7480826377868652
10X_P7_6_TAGTGGTCATTGAGCT,3-F-56,T cell,3,T cell,25.895298,-1.2508347,8454,0.8562049865722656
10X_P7_6_TAGTGGTGTAAATACG,3-F-56,T cell,2,Unmatched_2,27.222736,1.0731863,8455,0.8333210945129395
10X_P7_6_TAGTGGTGTCAATGTC,3-F-56,B cell,0,B cell,0.2918761,4.9605517,8456,0.487015813589096
10X_P7_6_TAGTGGTGTCCATGAT,3-F-56,T cell,2,Unmatched_2,27.057112,0.94007397,8457,1.0432170629501345
10X_P7_6_TAGTGGTGTTACCAGT,3-F-56,B cell,0,B cell,1.1126815,1.9197443,8458,1.0123902559280396
10X_P7_6_TAGTGGTTCACCATAG,3-F-56,B cell,1,Unmatched_1,1.755218,7.9519796,8459,1.0793651342391968
10X_P7_6_TAGTGGTTCATGTAGC,3-F-56,T cell,3,T cell,28.561829,-1.3384075,8460,1.129003882408142
10X_P7_6_TAGTGGTTCCTATTCA,3-F-56,B cell,0,B cell,2.5264032,3.2962399,8461,0.4360710084438324
10X_P7_6_TAGTGGTTCCTCCTAG,3-F-56,B cell,0,B cell,1.5200688,2.9877064,8462,0.5848345756530762
10X_P7_6_TAGTGGTTCGCCATAA,3-F-56,B cell,0,B cell,2.4690018,3.2675872,8463,0.5150061845779419
10X_P7_6_TAGTGGTTCGCGGATC,3-F-56,B cell,0,B cell,1.426082,2.3404062,8464,0.6520411968231201
10X_P7_6_TAGTTGGAGAGTGAGA,3-F-56,T cell,2,Unmatched_2,27.403435,1.1825807,8465,1.7254811525344849
10X_P7_6_TAGTTGGAGGACTGGT,3-F-56,B cell,0,B cell,0.5200746,6.967896,8466,0.8399209976196289
10X_P7_6_TAGTTGGAGGCATGGT,3-F-56,T cell,3,T cell,25.73626,-0.24539913,8467,0.6399170756340027
10X_P7_6_TAGTTGGCAAGTTCTG,3-F-56,T cell,5,natural killer cell,30.131796,-0.5700715,8468,1.319019794464111
10X_P7_6_TAGTTGGCACAACTGT,3-F-56,B cell,0,B cell,1.8041118,4.086818,8469,0.7136720418930054
10X_P7_6_TAGTTGGCAGGATCGA,3-F-56,B cell,0,B cell,2.4284222,3.164442,8470,0.4970676600933075
10X_P7_6_TAGTTGGGTGATGTGG,3-F-56,B cell,0,B cell,2.2913678,2.554484,8471,0.4979816675186157
10X_P7_6_TAGTTGGGTGTTGAGG,3-F-56,B cell,0,B cell,0.4170961,3.8549922,8472,0.6093254685401917
10X_P7_6_TAGTTGGGTTCGCTAA,3-F-56,B cell,1,Unmatched_1,3.366679,7.550284,8473,1.0968366861343384
10X_P7_6_TAGTTGGTCTCAACTT,3-F-56,B cell,0,B cell,1.4219735,2.1864069,8474,0.6080647706985474
10X_P7_6_TAGTTGGTCTTTAGTC,3-F-56,B cell,0,B cell,0.3903169,6.3131742,8475,0.9043728113174438
10X_P7_6_TATCAGGAGAAACCAT,3-F-56,B cell,0,B cell,1.4041439,4.973315,8476,0.5192184448242188
10X_P7_6_TATCAGGAGAAGGTTT,3-F-56,B cell,1,Unmatched_1,2.927147,8.141957,8477,0.6226219534873962
10X_P7_6_TATCAGGAGCGATAGC,3-F-56,B cell,0,B cell,1.5031197,2.5908802,8478,1.1763005256652832
10X_P7_6_TATCAGGAGCTAGTGG,3-F-56,macrophage,4,macrophage,2.502164,16.460873,8479,1.9526423215866089
10X_P7_6_TATCAGGAGGACGAAA,3-F-56,B cell,1,Unmatched_1,3.0206964,8.345782,8480,0.4896619319915771
10X_P7_6_TATCAGGAGGCGACAT,3-F-56,B cell,0,B cell,0.93432033,6.806932,8481,1.0310015678405762
10X_P7_6_TATCAGGCACAACGCC,3-F-56,macrophage,4,macrophage,3.5189383,15.874252,8482,1.9979108572006223
10X_P7_6_TATCAGGCAGTATAAG,3-F-56,T cell,2,Unmatched_2,27.6184,1.3831016,8483,0.5285735726356506
10X_P7_6_TATCAGGGTCAGGACA,3-F-56,B cell,0,B cell,-1.5752833,5.3318257,8484,1.5155977010726929
10X_P7_6_TATCAGGGTCCAGTTA,3-F-56,T cell,2,Unmatched_2,29.131374,1.0392065,8485,1.2035483121871948
10X_P7_6_TATCAGGTCAGAGACG,3-F-56,B cell,0,B cell,2.2841706,2.7841358,8486,0.5754818916320801
10X_P7_6_TATCAGGTCATTATCC,3-F-56,B cell,0,B cell,0.042769793,5.731746,8487,1.3819841146469116
10X_P7_6_TATCAGGTCTCCAGGG,3-F-56,B cell,0,B cell,-0.3729177,3.0462809,8488,1.1284111738204956
10X_P7_6_TATCTCAAGCACAGGT,3-F-56,B cell,0,B cell,2.7492638,2.7621043,8489,0.6641950607299805
10X_P7_6_TATCTCAAGGCCCGTT,3-F-56,B cell,0,B cell,1.1147028,2.2390544,8490,0.4822643399238586
10X_P7_6_TATCTCACAACTTGAC,3-F-56,B cell,1,Unmatched_1,1.8302531,7.741696,8491,0.7670203447341919
10X_P7_6_TATCTCACAAGAGTCG,3-F-56,B cell,1,Unmatched_1,3.4563365,8.531196,8492,0.9497475028038024
10X_P7_6_TATCTCACACAACGCC,3-F-56,B cell,0,B cell,2.3030324,3.672983,8493,0.4328315556049347
10X_P7_6_TATCTCAGTGAGGCTA,3-F-56,B cell,1,Unmatched_1,1.9302567,7.8102503,8494,0.5206104516983032
10X_P7_6_TATCTCAGTGATAAAC,3-F-56,B cell,1,Unmatched_1,2.6091976,8.429938,8495,0.599273145198822
10X_P7_6_TATCTCAGTGTCAATC,3-F-56,T cell,3,T cell,28.015997,-1.4084746,8496,0.8172671794891357
10X_P7_6_TATCTCAGTGTGGCTC,3-F-56,T cell,3,T cell,26.407011,-1.1310003,8497,0.5665277242660522
10X_P7_6_TATCTCAGTTCCTCCA,3-F-56,B cell,0,B cell,2.971121,3.7722538,8498,0.7616642117500305
10X_P7_6_TATCTCATCAAACAAG,3-F-56,B cell,0,B cell,0.121007904,2.8225002,8499,0.7256813049316406
10X_P7_6_TATCTCATCACGCATA,3-F-56,B cell,1,Unmatched_1,3.4904118,7.7225504,8500,0.7897015810012817
10X_P7_6_TATCTCATCGCAAGCC,3-F-56,B cell,0,B cell,2.2121654,2.7472944,8501,0.4629830718040466
10X_P7_6_TATCTCATCTCGTTTA,3-F-56,B cell,0,B cell,1.9581264,7.324247,8502,0.9793680906295776
10X_P7_6_TATGCCCAGCCTCGTG,3-F-56,B cell,1,Unmatched_1,4.3803782,7.1190867,8503,0.808533251285553
10X_P7_6_TATGCCCAGCGATTCT,3-F-56,B cell,0,B cell,0.62292594,4.189394,8504,0.5908529758453369
10X_P7_6_TATGCCCAGCTCCCAG,3-F-56,T cell,3,T cell,26.078466,-0.71675247,8505,0.737193763256073
10X_P7_6_TATGCCCCAATCACAC,3-F-56,T cell,3,T cell,25.649487,-0.7187261,8506,0.567604660987854
10X_P7_6_TATGCCCCACAAGCCC,3-F-56,T cell,3,T cell,26.522526,-0.58757406,8507,1.1021602153778076
10X_P7_6_TATGCCCCACGGCGTT,3-F-56,B cell,0,B cell,0.5104926,2.9176934,8508,0.9822149276733398
10X_P7_6_TATGCCCCACTACAGT,3-F-56,macrophage,4,macrophage,2.5374966,16.440767,8509,1.6786422729492188
10X_P7_6_TATGCCCGTCTGGTCG,3-F-56,B cell,0,B cell,0.839747,3.749739,8510,0.4843873977661133
10X_P7_6_TATGCCCGTGTTGGGA,3-F-56,T cell,3,T cell,25.900694,-1.1199851,8511,0.7934563755989075
10X_P7_6_TATGCCCGTTGCGCAC,3-F-56,B cell,1,Unmatched_1,2.1971586,7.346307,8512,0.5524513125419617
10X_P7_6_TATGCCCTCACCATAG,3-F-56,B cell,0,B cell,2.4044616,7.299577,8513,0.4518124759197235
10X_P7_6_TATGCCCTCGCTTGTC,3-F-56,B cell,0,B cell,1.1105969,2.2056603,8514,0.8359120488166809
10X_P7_6_TATGCCCTCTGCGGCA,3-F-56,T cell,3,T cell,25.930151,-0.4960539,8515,0.6349014639854431
10X_P7_6_TATTACCAGAAGGGTA,3-F-56,B cell,1,Unmatched_1,2.520392,7.355569,8516,0.6531756520271301
10X_P7_6_TATTACCAGCAGACTG,3-F-56,B cell,0,B cell,2.7315857,3.4179392,8517,0.5556009411811829
10X_P7_6_TATTACCAGTGTCCAT,3-F-56,T cell,5,natural killer cell,30.21293,-0.50074553,8518,2.4527876377105717
10X_P7_6_TATTACCAGTGTTAGA,3-F-56,macrophage,4,macrophage,3.6586564,15.772092,8519,1.4492019414901731
10X_P7_6_TATTACCCACGAAAGC,3-F-56,T cell,3,T cell,26.190119,-1.047693,8520,0.631879985332489
10X_P7_6_TATTACCCACGGATAG,3-F-56,T cell,3,T cell,28.211445,-1.1702682,8521,0.899610161781311
10X_P7_6_TATTACCGTATTAGCC,3-F-56,B cell,0,B cell,0.8615639,3.0057633,8522,0.722215473651886
10X_P7_6_TATTACCGTGAGTGAC,3-F-56,T cell,3,T cell,27.093985,-0.7144567,8523,0.9887927770614624
10X_P7_6_TATTACCGTTCAACCA,3-F-56,B cell,0,B cell,2.004282,3.5633974,8524,0.7536150217056274
10X_P7_6_TATTACCTCCAGTAGT,3-F-56,B cell,0,B cell,1.058337,5.4878845,8525,0.8694567680358887
10X_P7_6_TATTACCTCCGCATAA,3-F-56,T cell,3,T cell,28.06314,-1.3131021,8526,0.9412856698036194
10X_P7_6_TATTACCTCGTCCAGG,3-F-56,T cell,3,T cell,27.927814,-1.0955184,8527,0.8689916729927063
10X_P7_6_TATTACCTCTGGCGAC,3-F-56,B cell,0,B cell,1.7590669,6.711656,8528,0.7005600929260254
10X_P7_6_TCAACGAAGATGCCAG,3-F-56,B cell,0,B cell,-1.891491,5.5202565,8529,1.0494892597198486
10X_P7_6_TCAACGAAGATGCCTT,3-F-56,B cell,0,B cell,0.78963065,5.343088,8530,0.6091280579566956
10X_P7_6_TCAACGAAGCCACGTC,3-F-56,B cell,1,Unmatched_1,2.2197,7.90105,8531,0.6672507524490356
10X_P7_6_TCAACGAAGCCAGGAT,3-F-56,B cell,0,B cell,-0.13177103,6.469767,8532,0.7516437768936157
10X_P7_6_TCAACGAAGGGTCGAT,3-F-56,macrophage,4,macrophage,4.645009,14.79916,8533,2.2656795978546143
10X_P7_6_TCAACGACAAGTTAAG,3-F-56,T cell,2,Unmatched_2,27.748934,1.3508846,8534,1.1073193550109863
10X_P7_6_TCAACGACACAACGTT,3-F-56,B cell,1,Unmatched_1,-2.2596986,4.117617,8535,0.9117985367774964
10X_P7_6_TCAACGACACGGCCAT,3-F-56,B cell,0,B cell,1.7243546,1.9186051,8536,0.7618989944458008
10X_P7_6_TCAACGACAGATTGCT,3-F-56,B cell,6,Unmatched_6,0.7555345,11.486018,8537,5.334986209869385
10X_P7_6_TCAACGACAGGACCCT,3-F-56,B cell,1,Unmatched_1,-2.1928759,4.353973,8538,1.104918122291565
10X_P7_6_TCAACGAGTGTAAGTA,3-F-56,B cell,0,B cell,2.3612158,4.0730677,8539,0.7294798493385315
10X_P7_6_TCAACGAGTTCCAACA,3-F-56,T cell,3,T cell,25.937654,-1.2044506,8540,0.7101262807846069
10X_P7_6_TCAACGATCACCATAG,3-F-56,B cell,0,B cell,2.3870838,2.75429,8541,0.4957318603992462
10X_P7_6_TCAACGATCACGGTTA,3-F-56,B cell,0,B cell,1.4139377,4.855326,8542,0.6453402042388916
10X_P7_6_TCAACGATCCTCAACC,3-F-56,B cell,0,B cell,1.7039889,4.5972056,8543,0.9564377665519714
10X_P7_6_TCAACGATCGATCCCT,3-F-56,B cell,0,B cell,0.6811438,4.5274277,8544,0.3924395442008972
10X_P7_6_TCAATCTAGAACAATC,3-F-56,B cell,0,B cell,0.9822376,3.7980595,8545,0.6607353091239929
10X_P7_6_TCAATCTAGACTAAGT,3-F-56,B cell,0,B cell,-0.3574805,3.0838733,8546,0.7906138300895691
10X_P7_6_TCAATCTAGACTCGGA,3-F-56,T cell,3,T cell,26.448935,-0.56370234,8547,0.5900817513465881
10X_P7_6_TCAATCTAGCGTAATA,3-F-56,B cell,0,B cell,-0.20533094,4.7994623,8548,0.4807525277137756
10X_P7_6_TCAATCTAGGCCCGTT,3-F-56,B cell,1,Unmatched_1,3.0845394,8.414426,8549,0.4869860112667084
10X_P7_6_TCAATCTAGGCCCTCA,3-F-56,B cell,0,B cell,-1.720477,5.351472,8550,1.1391021013259888
10X_P7_6_TCAATCTAGTGTTAGA,3-F-56,B cell,0,B cell,0.7841289,5.5043807,8551,0.7842225432395935
10X_P7_6_TCAATCTCAATAGCGG,3-F-56,B cell,0,B cell,1.3675648,2.8485057,8552,1.2388139963150024
10X_P7_6_TCAATCTCAATGGATA,3-F-56,B cell,0,B cell,-0.6569575,4.0501046,8553,0.9016578793525696
10X_P7_6_TCAATCTCACCTCGGA,3-F-56,B cell,0,B cell,1.0645368,4.109583,8554,0.5322058796882629
10X_P7_6_TCAATCTCACGACGAA,3-F-56,T cell,5,natural killer cell,30.126465,-0.5752839,8555,1.4138880968093872
10X_P7_6_TCAATCTCACGCCAGT,3-F-56,T cell,3,T cell,25.640938,-0.1881268,8556,1.1638414859771729
10X_P7_6_TCAATCTCAGCCAGAA,3-F-56,B cell,0,B cell,1.8426638,2.9753218,8557,0.5806673169136047
10X_P7_6_TCAATCTGTAAATGTG,3-F-56,B cell,0,B cell,1.8773884,2.9328182,8558,0.7047191262245178
10X_P7_6_TCAATCTGTAGAGTGC,3-F-56,B cell,0,B cell,0.23240903,3.876857,8559,0.4466595351696014
10X_P7_6_TCAATCTGTCCCGACA,3-F-56,B cell,0,B cell,1.8990554,3.4844487,8560,1.276786208152771
10X_P7_6_TCAATCTGTCCCTACT,3-F-56,T cell,2,Unmatched_2,27.637983,0.61327803,8561,0.95342218875885
10X_P7_6_TCAATCTGTGGTGTAG,3-F-56,B cell,0,B cell,1.5579298,2.8439279,8562,0.426906555891037
10X_P7_6_TCAATCTGTTGGGACA,3-F-56,B cell,0,B cell,2.520513,5.724595,8563,0.8526597023010254
10X_P7_6_TCAATCTTCCGCGCAA,3-F-56,natural killer cell,5,natural killer cell,30.881348,-1.7527305,8564,1.9616174697875977
10X_P7_6_TCAATCTTCGGAATCT,3-F-56,B cell,0,B cell,1.9358463,5.7002497,8565,0.9468222856521606
10X_P7_6_TCAATCTTCGTGGTCG,3-F-56,B cell,0,B cell,-0.8424418,3.3675172,8566,0.6176404356956482
10X_P7_6_TCACAAGAGTTCGCGC,3-F-56,B cell,1,Unmatched_1,3.319409,8.529829,8567,0.5689401030540466
10X_P7_6_TCACAAGCAAGGCTCC,3-F-56,T cell,3,T cell,25.663208,-0.22581752,8568,1.0988980531692505
10X_P7_6_TCACAAGCAATCGGTT,3-F-56,B cell,0,B cell,1.4300784,3.7669137,8569,1.231933832168579
10X_P7_6_TCACAAGCACACGCTG,3-F-56,B cell,0,B cell,1.9193964,7.2517157,8570,0.7000028491020203
10X_P7_6_TCACAAGGTCGATTGT,3-F-56,T cell,5,natural killer cell,30.024591,-0.66127515,8571,1.4698853492736816
10X_P7_6_TCACAAGGTTACGACT,3-F-56,B cell,0,B cell,1.5423132,2.9360704,8572,0.6016742587089539
10X_P7_6_TCACAAGTCCCAAGTA,3-F-56,B cell,0,B cell,-0.99120635,3.1947963,8573,1.0563753843307495
10X_P7_6_TCACGAACACAGACTT,3-F-56,B cell,7,Unmatched_7,3.982246,13.359019,8574,1.0166497230529783
10X_P7_6_TCACGAACAGCTGCTG,3-F-56,T cell,3,T cell,26.178171,-0.7047089,8575,0.6223244071006775
10X_P7_6_TCACGAACAGCTGTGC,3-F-56,B cell,0,B cell,1.3313948,2.3230736,8576,0.7114526033401489
10X_P7_6_TCACGAACATCTGGTA,3-F-56,B cell,1,Unmatched_1,2.708747,8.3004875,8577,0.5457707643508911
10X_P7_6_TCACGAAGTCTAGTCA,3-F-56,T cell,3,T cell,28.824356,-1.2848186,8578,1.521364688873291
10X_P7_6_TCACGAAGTGAGGCTA,3-F-56,macrophage,4,macrophage,5.2975445,16.200205,8579,2.1745235919952397
10X_P7_6_TCACGAAGTTCCCTTG,3-F-56,B cell,0,B cell,2.5144544,3.110287,8580,0.526561439037323
10X_P7_6_TCACGAATCCCAGGTG,3-F-56,T cell,3,T cell,25.534643,-0.5027282,8581,0.9499359130859376
10X_P7_6_TCAGATGAGCCAGTAG,3-F-56,B cell,0,B cell,2.3366687,6.820128,8582,0.6401536464691162
10X_P7_6_TCAGATGAGCGAGAAA,3-F-56,B cell,0,B cell,1.841198,7.0727744,8583,0.6974027752876282
10X_P7_6_TCAGATGAGTCGTACT,3-F-56,B cell,0,B cell,1.4126184,5.061414,8584,0.985070526599884
10X_P7_6_TCAGATGCAAAGCGGT,3-F-56,B cell,1,Unmatched_1,2.9280057,7.2793374,8585,0.792398989200592
10X_P7_6_TCAGATGCAAGTTAAG,3-F-56,B cell,0,B cell,2.8626807,4.35547,8586,1.4507254362106323
10X_P7_6_TCAGATGCACACATGT,3-F-56,B cell,0,B cell,0.9699112,6.8402157,8587,0.7348486185073853
10X_P7_6_TCAGATGGTCATTAGC,3-F-56,B cell,1,Unmatched_1,2.611088,8.080359,8588,0.7119579315185547
10X_P7_6_TCAGATGGTCCAAGTT,3-F-56,B cell,0,B cell,0.12712511,2.757895,8589,0.666074812412262
10X_P7_6_TCAGATGGTCGCGGTT,3-F-56,B cell,0,B cell,2.2866,4.6634183,8590,1.140546441078186
10X_P7_6_TCAGATGGTGCCTGTG,3-F-56,T cell,3,T cell,27.041193,-0.83369213,8591,0.9868388772010804
10X_P7_6_TCAGATGGTTAGATGA,3-F-56,B cell,1,Unmatched_1,4.458703,7.2797074,8592,1.2281945943832395
10X_P7_6_TCAGATGGTTCCCTTG,3-F-56,B cell,0,B cell,0.12972441,4.9781947,8593,0.4834566414356231
10X_P7_6_TCAGATGGTTGTTTGG,3-F-56,B cell,0,B cell,2.9719064,4.286762,8594,0.634583592414856
10X_P7_6_TCAGATGTCATTGCCC,3-F-56,T cell,2,Unmatched_2,26.882011,0.52876323,8595,0.7126572728157043
10X_P7_6_TCAGATGTCGTGGTCG,3-F-56,B cell,1,Unmatched_1,2.9925642,8.401043,8596,0.4684350192546844
10X_P7_6_TCAGCAAAGGACAGAA,3-F-56,B cell,0,B cell,-2.0681212,5.5357013,8597,1.550791621208191
10X_P7_6_TCAGCAAAGTGAACGC,3-F-56,B cell,7,Unmatched_7,4.0445604,13.258611,8598,0.7267303466796875
10X_P7_6_TCAGCAAAGTGGGATC,3-F-56,T cell,2,Unmatched_2,27.485346,0.81506383,8599,0.5756716132164001
10X_P7_6_TCAGCAAAGTGGTAGC,3-F-56,B cell,0,B cell,1.8779267,3.3594484,8600,0.4280875027179718
10X_P7_6_TCAGCAACAATCTGCA,3-F-56,B cell,0,B cell,1.3623201,7.6434927,8601,0.5233511328697205
10X_P7_6_TCAGCAACAGCGAACA,3-F-56,B cell,0,B cell,0.89310545,4.2730784,8602,0.5182921290397644
10X_P7_6_TCAGCAACATAACCTG,3-F-56,B cell,1,Unmatched_1,4.8490734,7.2000155,8603,1.1184401512145996
10X_P7_6_TCAGCAACATTACCTT,3-F-56,B cell,0,B cell,2.7463334,3.2763588,8604,0.4274799227714538
10X_P7_6_TCAGCAAGTAGCTCCG,3-F-56,B cell,0,B cell,0.5229601,4.2393684,8605,0.493913471698761
10X_P7_6_TCAGCAAGTATAGGGC,3-F-56,T cell,2,Unmatched_2,27.662628,1.3820888,8606,0.7067460417747498
10X_P7_6_TCAGCAAGTATCGCAT,3-F-56,B cell,1,Unmatched_1,2.8197885,7.8383274,8607,0.441321313381195
10X_P7_6_TCAGCAAGTCGAGATG,3-F-56,B cell,0,B cell,3.563356,6.235845,8608,0.5001294016838074
10X_P7_6_TCAGCAAGTTCGCGAC,3-F-56,B cell,1,Unmatched_1,2.489331,7.7813864,8609,0.5747765898704529
10X_P7_6_TCAGCAATCAGGTAAA,3-F-56,macrophage,4,macrophage,3.6808813,15.649299,8610,2.8133697509765625
10X_P7_6_TCAGCAATCATAAAGG,3-F-56,B cell,0,B cell,2.0710213,7.2244673,8611,0.8180350065231323
10X_P7_6_TCAGCAATCCCACTTG,3-F-56,T cell,3,T cell,25.847239,-0.45148513,8612,0.6268183588981628
10X_P7_6_TCAGCAATCTATCCCG,3-F-56,T cell,3,T cell,26.108374,-1.198417,8613,0.8103165030479431
10X_P7_6_TCAGCTCAGCAGCCTC,3-F-56,T cell,3,T cell,26.042051,-0.9968569,8614,0.7189734578132629
10X_P7_6_TCAGCTCCAATCCAAC,3-F-56,B cell,0,B cell,2.304646,4.561195,8615,1.126239538192749
10X_P7_6_TCAGCTCCAGGCTGAA,3-F-56,B cell,0,B cell,-0.3757877,2.997972,8616,0.933626353740692
10X_P7_6_TCAGCTCGTAGCACGA,3-F-56,B cell,0,B cell,0.35577145,3.8602052,8617,0.4395485818386078
10X_P7_6_TCAGCTCTCACGGTTA,3-F-56,B cell,1,Unmatched_1,4.7978387,7.1890526,8618,1.2454631328582764
10X_P7_6_TCAGCTCTCCCTTGTG,3-F-56,B cell,0,B cell,0.47500858,7.9619355,8619,0.7420698404312134
10X_P7_6_TCAGCTCTCTGCAGTA,3-F-56,B cell,0,B cell,1.8153148,4.209728,8620,0.4944919645786285
10X_P7_6_TCAGCTCTCTGGTGTA,3-F-56,B cell,1,Unmatched_1,2.7007513,7.061081,8621,0.8820441365242004
10X_P7_6_TCAGCTCTCTTAGCCC,3-F-56,B cell,0,B cell,1.0223706,4.644175,8622,0.597442090511322
10X_P7_6_TCAGCTCTCTTGACGA,3-F-56,T cell,2,Unmatched_2,27.065847,0.6078285,8623,1.422761082649231
10X_P7_6_TCAGGATAGGAGTAGA,3-F-56,T cell,2,Unmatched_2,29.10086,0.7027002,8624,1.6393530368804932
10X_P7_6_TCAGGATAGTGATCGG,3-F-56,T cell,2,Unmatched_2,28.691578,0.11521542,8625,1.546107292175293
10X_P7_6_TCAGGATAGTGTTAGA,3-F-56,T cell,3,T cell,25.593773,-0.20956254,8626,0.6963014602661133
10X_P7_6_TCAGGATCAGACAAAT,3-F-56,B cell,1,Unmatched_1,2.7804787,8.064349,8627,0.7033122181892395
10X_P7_6_TCAGGATGTAGCAAAT,3-F-56,B cell,0,B cell,1.5573598,6.1231465,8628,0.7764890193939209
10X_P7_6_TCAGGATGTCAGCTAT,3-F-56,B cell,0,B cell,1.854276,2.6327875,8629,0.5194776058197021
10X_P7_6_TCAGGATGTTGGACCC,3-F-56,T cell,2,Unmatched_2,28.155798,0.68384695,8630,0.6782629489898682
10X_P7_6_TCAGGATTCAACACGT,3-F-56,B cell,0,B cell,-2.0241601,4.1923213,8631,0.6478630900382996
10X_P7_6_TCAGGATTCACATAGC,3-F-56,B cell,0,B cell,2.0309875,5.6482024,8632,0.8063790202140808
10X_P7_6_TCAGGATTCAGCTGGC,3-F-56,B cell,0,B cell,0.70254624,5.5404005,8633,0.7502281069755554
10X_P7_6_TCAGGATTCAGCTTAG,3-F-56,B cell,0,B cell,0.72124976,4.996512,8634,0.5137869715690613
10X_P7_6_TCAGGATTCATAGCAC,3-F-56,B cell,0,B cell,0.1324396,3.828018,8635,0.7732363343238831
10X_P7_6_TCAGGATTCATGCAAC,3-F-56,B cell,0,B cell,0.2869485,7.8018847,8636,1.9574366807937624
10X_P7_6_TCAGGATTCTCCAGGG,3-F-56,B cell,0,B cell,0.8871471,2.2532954,8637,0.6868850588798523
10X_P7_6_TCAGGTAAGAACTCGG,3-F-56,B cell,0,B cell,1.0169449,2.4696138,8638,0.7484118938446045
10X_P7_6_TCAGGTAAGAAGGGTA,3-F-56,B cell,1,Unmatched_1,3.0660892,8.335847,8639,0.4164028465747833
10X_P7_6_TCAGGTAAGAGCTGCA,3-F-56,B cell,0,B cell,-1.9994342,5.5681925,8640,1.1183738708496094
10X_P7_6_TCAGGTAAGATCCGAG,3-F-56,T cell,3,T cell,26.241962,-0.62436026,8641,0.6367738842964172
10X_P7_6_TCAGGTAAGCGTGAGT,3-F-56,B cell,0,B cell,-0.00080467056,3.3774776,8642,0.5524237155914307
10X_P7_6_TCAGGTAAGGGATGGG,3-F-56,T cell,2,Unmatched_2,29.173107,1.0433859,8643,1.387389898300171
10X_P7_6_TCAGGTACAAGGTTCT,3-F-56,B cell,0,B cell,1.2063978,5.201558,8644,0.6805811524391174
10X_P7_6_TCAGGTACAGGCGATA,3-F-56,B cell,0,B cell,-0.88282627,4.052116,8645,0.5285726189613342
10X_P7_6_TCAGGTAGTCTAGCCG,3-F-56,B cell,1,Unmatched_1,2.2346642,8.222758,8646,0.4830898940563202
10X_P7_6_TCAGGTAGTGCATCTA,3-F-56,T cell,5,natural killer cell,30.129406,-0.5678895,8647,1.8266600370407104
10X_P7_6_TCAGGTATCAGAAATG,3-F-56,B cell,0,B cell,1.2519705,7.6626573,8648,0.9387357831001282
10X_P7_6_TCAGGTATCGCTTAGA,3-F-56,T cell,3,T cell,26.240786,-1.0867441,8649,0.5832984447479248
10X_P7_6_TCAGGTATCTTAGAGC,3-F-56,B cell,0,B cell,0.37445083,7.803392,8650,0.8391844630241394
10X_P7_6_TCATTACAGATCGATA,3-F-56,B cell,0,B cell,0.411708,6.1661897,8651,0.862112283706665
10X_P7_6_TCATTACAGCACCGCT,3-F-56,B cell,0,B cell,-0.25826785,4.87064,8652,0.4331782758235931
10X_P7_6_TCATTACAGGATTCGG,3-F-56,B cell,0,B cell,0.65652645,4.441436,8653,0.6507190465927124
10X_P7_6_TCATTACAGTACACCT,3-F-56,B cell,0,B cell,1.1682695,4.9957776,8654,0.9329570531845092
10X_P7_6_TCATTACAGTGAACGC,3-F-56,B cell,6,Unmatched_6,-0.33098185,12.038894,8655,4.668008327484131
10X_P7_6_TCATTACCACGGTGTC,3-F-56,B cell,0,B cell,1.6892474,4.2907767,8656,1.2666561603546145
10X_P7_6_TCATTACGTAGCTGCC,3-F-56,T cell,3,T cell,28.653864,-1.4514706,8657,1.413375973701477
10X_P7_6_TCATTACGTATCAGTC,3-F-56,B cell,0,B cell,0.62182045,5.613429,8658,0.7700309157371521
10X_P7_6_TCATTACGTGATGCCC,3-F-56,T cell,2,Unmatched_2,27.313759,1.0170456,8659,0.7207452058792114
10X_P7_6_TCATTACGTGGTCTCG,3-F-56,B cell,0,B cell,0.03080837,4.2519054,8660,0.5140615701675415
10X_P7_6_TCATTACGTTACGTCA,3-F-56,B cell,0,B cell,1.9131306,3.2643607,8661,0.5336408019065857
10X_P7_6_TCATTACGTTATCACG,3-F-56,T cell,2,Unmatched_2,26.852848,1.4511366,8662,0.6178813576698303
10X_P7_6_TCATTACGTTCGTGAT,3-F-56,B cell,0,B cell,1.6497579,2.2739935,8663,0.6422414779663086
10X_P7_6_TCATTACTCAACGGCC,3-F-56,macrophage,4,macrophage,4.6264386,16.2492,8664,3.646089553833008
10X_P7_6_TCATTACTCGCTTAGA,3-F-56,B cell,0,B cell,1.8270236,4.657259,8665,0.8388198614120483
10X_P7_6_TCATTACTCTGCGTAA,3-F-56,T cell,3,T cell,28.089035,-1.4637902,8666,0.8681140542030334
10X_P7_6_TCATTTGAGGCAGTCA,3-F-56,T cell,2,Unmatched_2,27.368572,1.0875211,8667,0.6739267706871033
10X_P7_6_TCATTTGAGGTGATAT,3-F-56,natural killer cell,5,natural killer cell,31.078665,-2.4349446,8668,1.894827365875244
10X_P7_6_TCATTTGAGTGAATTG,3-F-56,T cell,2,Unmatched_2,26.719576,1.2066077,8669,0.7139557003974915
10X_P7_6_TCATTTGCATGCCTAA,3-F-56,T cell,3,T cell,26.102983,-0.9600413,8670,1.0376811027526855
10X_P7_6_TCATTTGGTACTCGCG,3-F-56,B cell,0,B cell,1.0498072,3.2091734,8671,0.6195046901702881
10X_P7_6_TCATTTGGTGTTTGGT,3-F-56,B cell,7,Unmatched_7,3.776898,8.689338,8672,0.9983714818954468
10X_P7_6_TCATTTGTCCAAGCCG,3-F-56,T cell,2,Unmatched_2,26.672277,1.4282525,8673,1.065337300300598
10X_P7_6_TCATTTGTCCGAAGAG,3-F-56,B cell,0,B cell,1.0161759,4.5450296,8674,1.3919254541397097
10X_P7_6_TCATTTGTCGTCCAGG,3-F-56,B cell,2,Unmatched_2,24.95381,1.9483156,8675,1.2410576343536377
10X_P7_6_TCATTTGTCTACCAGA,3-F-56,B cell,0,B cell,0.12622909,2.9807165,8676,0.5760959982872009
10X_P7_6_TCATTTGTCTATCGCC,3-F-56,T cell,2,Unmatched_2,27.583704,1.3054395,8677,0.6371808648109436
10X_P7_6_TCCACACAGCCGTCGT,3-F-56,B cell,0,B cell,-0.32470784,3.420373,8678,0.6102548241615295
10X_P7_6_TCCACACAGCTAAACA,3-F-56,B cell,2,Unmatched_2,28.838215,0.60766834,8679,1.6913529634475708
10X_P7_6_TCCACACCACGGCGTT,3-F-56,B cell,1,Unmatched_1,3.3505363,8.122902,8680,0.4458794593811035
10X_P7_6_TCCACACCACGTCAGC,3-F-56,B cell,0,B cell,0.50497293,3.42048,8681,0.6081443428993225
10X_P7_6_TCCACACGTAAAGTCA,3-F-56,B cell,0,B cell,1.9452596,2.3482575,8682,0.4656214118003845
10X_P7_6_TCCACACGTAAATGTG,3-F-56,B cell,0,B cell,3.4595864,6.1216335,8683,1.266484260559082
10X_P7_6_TCCACACGTCATGCAT,3-F-56,B cell,0,B cell,2.8653345,4.3848257,8684,1.2748425006866455
10X_P7_6_TCCACACGTGGAAAGA,3-F-56,B cell,0,B cell,2.2077317,4.1237173,8685,0.4421973526477813
10X_P7_6_TCCACACGTGTGAATA,3-F-56,B cell,0,B cell,0.8127491,7.6342974,8686,0.9878592491149902
10X_P7_6_TCCACACGTTAAGACA,3-F-56,B cell,0,B cell,2.4280493,6.176815,8687,0.8515839576721191
10X_P7_6_TCCACACTCAATCACG,3-F-56,B cell,0,B cell,1.6301663,2.8462334,8688,0.4338424801826477
10X_P7_6_TCCACACTCTCTGTCG,3-F-56,B cell,0,B cell,0.65787005,6.081403,8689,0.7276663780212402
10X_P7_6_TCCACACTCTGAAAGA,3-F-56,B cell,0,B cell,0.6158349,5.908955,8690,0.7784117460250854
10X_P7_6_TCCCGATAGAGCCCAA,3-F-56,B cell,1,Unmatched_1,3.5071661,8.148809,8691,0.539938747882843
10X_P7_6_TCCCGATAGATCACGG,3-F-56,T cell,2,Unmatched_2,27.414513,0.9382552,8692,0.8026501536369324
10X_P7_6_TCCCGATAGTCCGTAT,3-F-56,B cell,0,B cell,0.18982486,2.4646883,8693,0.7204949855804443
10X_P7_6_TCCCGATCATCAGTCA,3-F-56,B cell,0,B cell,1.0684062,7.132996,8694,0.6416528820991516
10X_P7_6_TCCCGATCATCTCGCT,3-F-56,T cell,2,Unmatched_2,27.583807,1.209398,8695,0.7650046944618225
10X_P7_6_TCCCGATGTCACTTCC,3-F-56,B cell,0,B cell,2.6358893,2.6111042,8696,0.469524472951889
10X_P7_6_TCCCGATGTCCGACGT,3-F-56,natural killer cell,5,natural killer cell,31.06648,-2.4230509,8697,1.6824923753738403
10X_P7_6_TCCCGATGTGTAACGG,3-F-56,T cell,3,T cell,28.809195,-0.2510024,8698,1.8169912099838257
10X_P7_6_TCCCGATTCAACGCTA,3-F-56,B cell,0,B cell,-1.7630441,4.156814,8699,1.1910027265548706
10X_P7_6_TCCCGATTCATAACCG,3-F-56,B cell,0,B cell,2.5716884,5.872077,8700,0.7893688082695007
10X_P7_6_TCCCGATTCCGTAGGC,3-F-56,T cell,3,T cell,25.568668,-0.22571295,8701,1.193694233894348
10X_P7_6_TCCCGATTCGGACAAG,3-F-56,B cell,0,B cell,2.7576163,4.500521,8702,0.9879493713378906
10X_P7_6_TCCCGATTCTCGGACG,3-F-56,T cell,2,Unmatched_2,27.80877,1.3124279,8703,0.8005202412605286
10X_P7_6_TCCCGATTCTCTGAGA,3-F-56,T cell,3,T cell,26.36049,-1.014991,8704,0.7824719548225403
10X_P7_6_TCGAGGCAGTGAAGTT,3-F-56,T cell,3,T cell,25.960812,-0.8584246,8705,0.6257516741752625
10X_P7_6_TCGAGGCCAGATGGCA,3-F-56,B cell,1,Unmatched_1,3.3933988,8.175296,8706,0.5526002645492554
10X_P7_6_TCGAGGCCATCCTAGA,3-F-56,B cell,1,Unmatched_1,1.6722302,7.360882,8707,0.9745097756385804
10X_P7_6_TCGAGGCGTATGGTTC,3-F-56,B cell,0,B cell,-0.2848467,3.9346366,8708,0.9093949794769288
10X_P7_6_TCGAGGCGTCTAAAGA,3-F-56,B cell,1,Unmatched_1,4.7507734,7.043364,8709,1.2035646438598633
10X_P7_6_TCGAGGCGTTGCGTTA,3-F-56,B cell,0,B cell,2.6497924,4.506201,8710,0.5503578186035156
10X_P7_6_TCGCGAGAGCCATCGC,3-F-56,B cell,0,B cell,1.4239341,2.812724,8711,0.8452867269515991
10X_P7_6_TCGCGAGAGGGCACTA,3-F-56,B cell,1,Unmatched_1,3.0364006,8.073198,8712,0.4296594560146332
10X_P7_6_TCGCGAGAGTAGTGCG,3-F-56,T cell,2,Unmatched_2,27.190495,1.3747892,8713,0.6764063835144043
10X_P7_6_TCGCGAGAGTATCGAA,3-F-56,B cell,0,B cell,1.8322475,3.3148992,8714,0.5920071005821228
10X_P7_6_TCGCGAGCAACAACCT,3-F-56,natural killer cell,5,natural killer cell,31.053516,-2.4689581,8715,1.8179742097854612
10X_P7_6_TCGCGAGCACAGACTT,3-F-56,B cell,0,B cell,1.3042852,2.2766068,8716,0.7185380458831787
10X_P7_6_TCGCGAGCATGTAGTC,3-F-56,T cell,3,T cell,25.837547,-1.2194958,8717,0.5789681673049927
10X_P7_6_TCGCGAGGTCATACTG,3-F-56,B cell,0,B cell,1.6687002,3.8936167,8718,1.686346411705017
10X_P7_6_TCGCGAGGTTATCACG,3-F-56,T cell,2,Unmatched_2,27.485018,0.9165461,8719,0.5892746448516846
10X_P7_6_TCGCGAGGTTCGGGCT,3-F-56,B cell,0,B cell,1.5253193,3.4020185,8720,0.7957838177680969
10X_P7_6_TCGCGAGGTTGTCTTT,3-F-56,B cell,0,B cell,2.4213326,5.040876,8721,1.2133926153182983
10X_P7_6_TCGCGAGTCAGAGACG,3-F-56,B cell,0,B cell,2.2747335,6.943036,8722,0.6134276986122131
10X_P7_6_TCGCGAGTCCCTTGCA,3-F-56,B cell,0,B cell,0.95228165,3.2458367,8723,0.7181559205055237
10X_P7_6_TCGCGAGTCGTCTGCT,3-F-56,T cell,2,Unmatched_2,26.998394,1.0278205,8724,0.5942298173904419
10X_P7_6_TCGCGAGTCTGCTTGC,3-F-56,macrophage,4,macrophage,3.668464,15.766031,8725,1.914529800415039
10X_P7_6_TCGCGTTAGCTGTCTA,3-F-56,T cell,2,Unmatched_2,26.602596,1.3402277,8726,0.6794320940971375
10X_P7_6_TCGCGTTAGGCGACAT,3-F-56,B cell,0,B cell,1.8826047,3.657286,8727,0.7775273323059082
10X_P7_6_TCGCGTTAGTGAAGAG,3-F-56,B cell,1,Unmatched_1,4.617455,6.91519,8728,1.6321907043457031
10X_P7_6_TCGCGTTCACGGTGTC,3-F-56,T cell,3,T cell,26.570839,-0.7062833,8729,0.798385500907898
10X_P7_6_TCGCGTTCATACGCCG,3-F-56,B cell,0,B cell,1.7033509,6.9496965,8730,0.7155107259750366
10X_P7_6_TCGCGTTCATCCAACA,3-F-56,T cell,2,Unmatched_2,27.789589,0.683027,8731,0.7216104865074158
10X_P7_6_TCGCGTTCATCCTAGA,3-F-56,B cell,0,B cell,0.010634923,4.962579,8732,0.5030552744865417
10X_P7_6_TCGCGTTGTATCGCAT,3-F-56,B cell,0,B cell,0.37272486,2.4443758,8733,0.7131707072257996
10X_P7_6_TCGCGTTGTCAGATAA,3-F-56,B cell,1,Unmatched_1,3.246984,8.163382,8734,0.5362364649772644
10X_P7_6_TCGCGTTGTCGCATCG,3-F-56,T cell,3,T cell,26.338991,-0.8230995,8735,0.8147298097610474
10X_P7_6_TCGCGTTGTTATCACG,3-F-56,B cell,0,B cell,2.4381871,5.5397124,8736,0.6433348059654236
10X_P7_6_TCGCGTTGTTTGTTGG,3-F-56,B cell,0,B cell,0.9251961,4.319004,8737,0.3991040289402008
10X_P7_6_TCGCGTTTCACAGTAC,3-F-56,B cell,0,B cell,1.0430541,7.4175158,8738,0.8274742960929871
10X_P7_6_TCGCGTTTCGCTGATA,3-F-56,B cell,1,Unmatched_1,2.5428274,8.495278,8739,0.4526315629482269
10X_P7_6_TCGCGTTTCGGAAACG,3-F-56,macrophage,4,macrophage,2.0895026,15.919708,8740,2.8444366455078125
10X_P7_6_TCGGGACAGACTTGAA,3-F-56,T cell,2,Unmatched_2,27.574284,0.5953543,8741,1.5271157026290894
10X_P7_6_TCGGGACAGGAGTACC,3-F-56,B cell,0,B cell,-1.7984762,4.147978,8742,0.5948030948638916
10X_P7_6_TCGGGACAGGTGACCA,3-F-56,B cell,0,B cell,1.171113,2.1065967,8743,0.653255820274353
10X_P7_6_TCGGGACAGTAGGTGC,3-F-56,T cell,2,Unmatched_2,27.157217,1.3428215,8744,0.8627030849456787
10X_P7_6_TCGGGACCAGGGCATA,3-F-56,natural killer cell,5,natural killer cell,30.830809,-2.2842941,8745,1.9340020418167116
10X_P7_6_TCGGGACGTCAACATC,3-F-56,B cell,0,B cell,-0.2464953,3.1406906,8746,0.5931671261787415
10X_P7_6_TCGGGACGTGACTACT,3-F-56,macrophage,4,macrophage,1.8738761,16.773932,8747,1.5493285655975342
10X_P7_6_TCGGGACGTTCCCGAG,3-F-56,B cell,6,Unmatched_6,0.52303493,10.726537,8748,1.613500952720642
10X_P7_6_TCGGGACTCATCACCC,3-F-56,B cell,0,B cell,1.3842261,2.0779881,8749,0.7402716279029846
10X_P7_6_TCGGGACTCCCAACGG,3-F-56,B cell,0,B cell,2.7135231,2.6255796,8750,0.7156766057014465
10X_P7_6_TCGGGACTCGCCAGCA,3-F-56,macrophage,4,macrophage,5.2645893,16.123737,8751,2.4939160346984863
10X_P7_6_TCGGTAAAGCAACGGT,3-F-56,B cell,1,Unmatched_1,1.182971,7.677199,8752,0.6739402413368225
10X_P7_6_TCGGTAACACATCTTT,3-F-56,T cell,3,T cell,25.605165,-0.43921936,8753,0.5367661714553833
10X_P7_6_TCGGTAACACCAGTTA,3-F-56,T cell,5,natural killer cell,30.177147,-0.5347071,8754,1.5311341285705566
10X_P7_6_TCGGTAAGTATAATGG,3-F-56,macrophage,4,macrophage,3.4854472,15.912527,8755,2.041724443435669
10X_P7_6_TCGGTAAGTCGAGTTT,3-F-56,B cell,0,B cell,1.5530208,6.756961,8756,0.6379562616348267
10X_P7_6_TCGGTAAGTTCACGGC,3-F-56,T cell,3,T cell,28.73168,-1.2387751,8757,1.857526183128357
10X_P7_6_TCGGTAATCAGGATCT,3-F-56,B cell,1,Unmatched_1,2.3378499,7.8213506,8758,0.701387345790863
10X_P7_6_TCGGTAATCCCAACGG,3-F-56,B cell,0,B cell,0.87703496,4.337038,8759,0.499826431274414
10X_P7_6_TCGGTAATCTACTCAT,3-F-56,B cell,0,B cell,0.9674959,3.3844252,8760,0.6803452372550964
10X_P7_6_TCGGTAATCTCTAGGA,3-F-56,macrophage,4,macrophage,3.7189946,15.71889,8761,1.5298068523406982
10X_P7_6_TCGTACCAGCGCTCCA,3-F-56,B cell,6,Unmatched_6,0.7476421,11.461366,8762,5.334986209869385
10X_P7_6_TCGTACCAGGCTCTTA,3-F-56,B cell,0,B cell,2.1040535,6.1386614,8763,0.7394400238990784
10X_P7_6_TCGTACCAGTCTCCTC,3-F-56,macrophage,4,macrophage,3.1800897,16.165337,8764,2.1294376850128174
10X_P7_6_TCGTACCCACCAGATT,3-F-56,T cell,3,T cell,28.322958,-1.3147976,8765,1.8600211143493648
10X_P7_6_TCGTACCCATTACCTT,3-F-56,B cell,0,B cell,1.5324014,2.0000472,8766,1.1094144582748413
10X_P7_6_TCGTACCGTACCGGCT,3-F-56,B cell,0,B cell,0.6989283,2.9989731,8767,0.6210755705833435
10X_P7_6_TCGTACCGTATCACCA,3-F-56,B cell,0,B cell,1.6638646,4.423673,8768,0.6614999175071716
10X_P7_6_TCGTACCGTCAGTGGA,3-F-56,B cell,0,B cell,1.1817249,2.2875597,8769,0.868545651435852
10X_P7_6_TCGTACCGTCTCGTTC,3-F-56,B cell,1,Unmatched_1,3.545623,7.966231,8770,0.6963648200035095
10X_P7_6_TCGTACCGTGACGCCT,3-F-56,T cell,2,Unmatched_2,27.51693,0.88042164,8771,1.0900347232818604
10X_P7_6_TCGTACCTCAAAGACA,3-F-56,macrophage,4,macrophage,4.9222198,16.279634,8772,2.452089548110962
10X_P7_6_TCGTACCTCAGCTCTC,3-F-56,B cell,0,B cell,-0.6278248,4.9348903,8773,0.802239179611206
10X_P7_6_TCGTACCTCGCTGATA,3-F-56,B cell,1,Unmatched_1,3.2182665,8.059024,8774,0.4140131771564483
10X_P7_6_TCGTAGAAGCTATGCT,3-F-56,B cell,0,B cell,1.6597486,2.8576703,8775,0.5525528788566589
10X_P7_6_TCGTAGAAGGCTATCT,3-F-56,B cell,0,B cell,2.635636,2.5098188,8776,0.4046336710453033
10X_P7_6_TCGTAGAAGGGCACTA,3-F-56,B cell,1,Unmatched_1,2.360764,7.93988,8777,0.5830674767494202
10X_P7_6_TCGTAGACAAACTGTC,3-F-56,B cell,0,B cell,0.38300094,7.620923,8778,1.189831018447876
10X_P7_6_TCGTAGACACCAGGTC,3-F-56,B cell,0,B cell,0.31081727,4.220903,8779,1.0174779891967771
10X_P7_6_TCGTAGACAGACTCGC,3-F-56,B cell,0,B cell,0.3953012,4.4544797,8780,0.5206274390220642
10X_P7_6_TCGTAGACATCACCCT,3-F-56,B cell,6,Unmatched_6,0.21542072,11.3931055,8781,1.7205564975738523
10X_P7_6_TCGTAGAGTCGGGTCT,3-F-56,B cell,0,B cell,1.7932413,4.892454,8782,0.7181536555290222
10X_P7_6_TCGTAGATCATCTGCC,3-F-56,B cell,6,Unmatched_6,0.31762198,10.957317,8783,1.4158493280410769
10X_P7_6_TCGTAGATCCAGTAGT,3-F-56,B cell,0,B cell,2.3105123,3.298493,8784,0.4965875446796417
10X_P7_6_TCGTAGATCGAATCCA,3-F-56,B cell,0,B cell,1.0743601,3.4379554,8785,0.5164002180099487
10X_P7_6_TCGTAGATCTACCAGA,3-F-56,B cell,0,B cell,0.709362,3.7391262,8786,0.694683313369751
10X_P7_6_TCGTAGATCTATGTGG,3-F-56,T cell,3,T cell,28.690962,-0.4462162,8787,1.999839305877685
10X_P7_6_TCGTAGATCTCCAACC,3-F-56,T cell,3,T cell,25.557396,-0.80685,8788,0.7707899212837219
10X_P7_6_TCGTAGATCTGGAGCC,3-F-56,B cell,0,B cell,2.240417,5.44165,8789,1.0578320026397705
10X_P7_6_TCTATTGAGCTGTCTA,3-F-56,B cell,0,B cell,0.74151546,7.030174,8790,1.191994071006775
10X_P7_6_TCTATTGAGGAATTAC,3-F-56,B cell,1,Unmatched_1,-2.7650964,4.188298,8791,0.8767494559288025
10X_P7_6_TCTATTGAGGCCCTTG,3-F-56,B cell,2,Unmatched_2,25.202374,2.1444817,8792,0.958386242389679
10X_P7_6_TCTATTGCAGGAATCG,3-F-56,B cell,0,B cell,1.4169756,2.2702746,8793,0.6157754063606262
10X_P7_6_TCTATTGCATATGAGA,3-F-56,B cell,0,B cell,0.69737774,3.0055141,8794,0.5431768894195557
10X_P7_6_TCTATTGCATATGGTC,3-F-56,B cell,0,B cell,0.5047819,4.7316337,8795,0.4157741665840149
10X_P7_6_TCTATTGGTAATCGTC,3-F-56,B cell,1,Unmatched_1,2.946818,7.6103034,8796,0.730820894241333
10X_P7_6_TCTATTGGTACATGTC,3-F-56,B cell,0,B cell,-0.7402133,3.3043942,8797,0.5692192316055298
10X_P7_6_TCTATTGGTAGCGCTC,3-F-56,T cell,2,Unmatched_2,26.667957,1.1157227,8798,0.7911182641983032
10X_P7_6_TCTATTGTCACAGTAC,3-F-56,B cell,0,B cell,1.3347285,3.1876698,8799,0.655460774898529
10X_P7_6_TCTATTGTCACCAGGC,3-F-56,B cell,0,B cell,1.4948664,4.002154,8800,0.7820432186126709
10X_P7_6_TCTATTGTCATAACCG,3-F-56,T cell,3,T cell,25.809965,-0.9957717,8801,0.549209475517273
10X_P7_6_TCTATTGTCATGTCTT,3-F-56,B cell,0,B cell,1.2342278,3.4945374,8802,0.9975777864456176
10X_P7_6_TCTATTGTCGCTTGTC,3-F-56,T cell,2,Unmatched_2,26.853712,1.4387988,8803,0.6220850944519043
10X_P7_6_TCTATTGTCTTAGCCC,3-F-56,B cell,0,B cell,-0.16912015,4.6128516,8804,0.4416508674621582
10X_P7_6_TCTCATAAGGCTACGA,3-F-56,T cell,3,T cell,25.864143,-0.513051,8805,0.6050506830215454
10X_P7_6_TCTCATAAGGCTCTTA,3-F-56,B cell,1,Unmatched_1,3.9807272,7.248577,8806,0.9074742197990416
10X_P7_6_TCTCATAAGTGTACTC,3-F-56,B cell,0,B cell,2.279825,3.490645,8807,0.7160733342170715
10X_P7_6_TCTCATACAATTCCTT,3-F-56,B cell,0,B cell,2.1753664,3.0594435,8808,0.4477662742137909
10X_P7_6_TCTCATACAGATAATG,3-F-56,B cell,0,B cell,0.8080887,6.2114277,8809,1.0496875047683716
10X_P7_6_TCTCATACATCCGCGA,3-F-56,T cell,3,T cell,25.937428,-0.7921547,8810,0.996194303035736
10X_P7_6_TCTCATAGTATATCCG,3-F-56,B cell,0,B cell,1.4364594,4.5597534,8811,0.6003072261810303
10X_P7_6_TCTCATAGTCATCCCT,3-F-56,B cell,0,B cell,0.44224027,2.9742212,8812,0.9180850386619568
10X_P7_6_TCTCATAGTGTAATGA,3-F-56,B cell,0,B cell,0.20078212,3.9180088,8813,0.439599871635437
10X_P7_6_TCTCATAGTTGGTAAA,3-F-56,dendritic cell,8,dendritic cell,3.5311825,17.764755,8814,3.857298612594605
10X_P7_6_TCTCATATCGGCGCAT,3-F-56,B cell,0,B cell,2.731045,2.8454247,8815,0.4634214639663696
10X_P7_6_TCTCTAAAGAGCTGCA,3-F-56,T cell,3,T cell,27.088566,-1.1586581,8816,0.9440327286720276
10X_P7_6_TCTCTAACAAACTGCT,3-F-56,B cell,1,Unmatched_1,2.2969751,7.8411264,8817,0.5269970893859863
10X_P7_6_TCTCTAACAAGTACCT,3-F-56,B cell,0,B cell,1.666807,3.3246143,8818,0.7745685577392578
10X_P7_6_TCTCTAACAGCTCGAC,3-F-56,B cell,0,B cell,2.2691593,7.128362,8819,0.7995298504829407
10X_P7_6_TCTCTAACAGGATCGA,3-F-56,B cell,0,B cell,3.4514883,6.599315,8820,1.3125905990600586
10X_P7_6_TCTCTAAGTAAAGGAG,3-F-56,B cell,0,B cell,0.18831024,5.4343376,8821,0.5601303577423096
10X_P7_6_TCTCTAAGTGACAAAT,3-F-56,B cell,0,B cell,0.32635197,3.5884125,8822,0.5111122727394104
10X_P7_6_TCTCTAAGTGGCCCTA,3-F-56,B cell,0,B cell,0.8247243,4.369299,8823,0.9327755570411682
10X_P7_6_TCTCTAATCATTGCCC,3-F-56,natural killer cell,5,natural killer cell,31.037125,-1.9635822,8824,1.8653494119644165
10X_P7_6_TCTCTAATCCAAGTAC,3-F-56,natural killer cell,5,natural killer cell,31.074345,-2.1737118,8825,1.9475494623184204
10X_P7_6_TCTCTAATCGTTTATC,3-F-56,B cell,0,B cell,0.17059273,3.3334906,8826,0.8275338411331177
10X_P7_6_TCTGAGAAGAAACCTA,3-F-56,B cell,1,Unmatched_1,-2.6550512,4.036786,8827,0.8980236649513245
10X_P7_6_TCTGAGAAGAGCCCAA,3-F-56,B cell,0,B cell,2.2765932,6.566681,8828,1.1889033317565918
10X_P7_6_TCTGAGAAGGTGGGTT,3-F-56,T cell,3,T cell,25.802078,-1.2442901,8829,0.7371206283569336
10X_P7_6_TCTGAGAAGTCCGTAT,3-F-56,T cell,2,Unmatched_2,28.80048,0.049361523,8830,2.187107801437378
10X_P7_6_TCTGAGAAGTGTACCT,3-F-56,B cell,0,B cell,1.8235956,3.851418,8831,0.8975449800491333
10X_P7_6_TCTGAGAAGTTACGGG,3-F-56,B cell,1,Unmatched_1,1.8218017,7.842703,8832,0.8226848840713501
10X_P7_6_TCTGAGACACTGTGTA,3-F-56,T cell,2,Unmatched_2,26.39968,0.29716104,8833,0.9687275886535645
10X_P7_6_TCTGAGACAGCTGTTA,3-F-56,B cell,0,B cell,0.69496477,6.5333962,8834,1.399160623550415
10X_P7_6_TCTGAGACAGGCTCAC,3-F-56,B cell,0,B cell,0.05550393,3.6886442,8835,0.4771342873573303
10X_P7_6_TCTGAGACAGGTCGTC,3-F-56,B cell,0,B cell,1.2285008,4.676944,8836,0.7439587712287903
10X_P7_6_TCTGAGACATCCGTGG,3-F-56,B cell,0,B cell,0.93467003,2.402664,8837,0.8755064606666565
10X_P7_6_TCTGAGAGTATATGAG,3-F-56,T cell,2,Unmatched_2,27.561306,1.013259,8838,0.7875078320503235
10X_P7_6_TCTGAGAGTGATGCCC,3-F-56,macrophage,4,macrophage,5.2787814,16.167795,8839,2.0282886028289795
10X_P7_6_TCTGAGATCCGCAAGC,3-F-56,B cell,0,B cell,1.4422837,5.1722393,8840,0.9903082847595216
10X_P7_6_TCTGAGATCGCTTGTC,3-F-56,T cell,2,Unmatched_2,28.777134,0.06752424,8841,1.377352237701416
10X_P7_6_TCTGAGATCGTTACGA,3-F-56,B cell,0,B cell,-0.14665817,4.1135664,8842,0.6672940254211426
10X_P7_6_TCTGGAAAGAGCAATT,3-F-56,B cell,0,B cell,-0.82095575,5.233287,8843,0.7357751727104187
10X_P7_6_TCTGGAAAGGATGGTC,3-F-56,T cell,5,natural killer cell,30.047626,-0.6632781,8844,1.4554166793823242
10X_P7_6_TCTGGAACACGAGGTA,3-F-56,B cell,1,Unmatched_1,-2.772863,4.2394657,8845,0.5596681237220764
10X_P7_6_TCTGGAAGTAGAGGAA,3-F-56,B cell,0,B cell,1.1871909,1.9705577,8846,0.5763354301452637
10X_P7_6_TCTGGAAGTCCAGTAT,3-F-56,B cell,0,B cell,2.3966813,4.786122,8847,0.6355460286140442
10X_P7_6_TCTGGAAGTCGCTTTC,3-F-56,B cell,0,B cell,0.8797094,5.120672,8848,0.7530333995819092
10X_P7_6_TCTGGAATCATACGGT,3-F-56,B cell,0,B cell,1.0410177,3.5861757,8849,0.779865562915802
10X_P7_6_TCTGGAATCCACTCCA,3-F-56,B cell,0,B cell,1.803418,4.045655,8850,0.5465203523635864
10X_P7_6_TCTGGAATCCTATTCA,3-F-56,B cell,0,B cell,-1.0488183,3.4034653,8851,1.2801145315170288
10X_P7_6_TCTGGAATCCTGTAGA,3-F-56,B cell,1,Unmatched_1,3.1679442,8.516226,8852,0.6470130681991577
10X_P7_6_TCTGGAATCTATCGCC,3-F-56,B cell,1,Unmatched_1,3.8061385,7.7074943,8853,0.7689422965049744
10X_P7_6_TCTGGAATCTGGTATG,3-F-56,B cell,0,B cell,-0.57246166,2.8368015,8854,0.8365299701690674
10X_P7_6_TCTTCGGAGCGCCTCA,3-F-56,T cell,3,T cell,26.711601,-1.0587647,8855,1.1060088872909546
10X_P7_6_TCTTCGGAGGCCGAAT,3-F-56,natural killer cell,5,natural killer cell,31.06696,-2.1540093,8856,1.6931947469711304
10X_P7_6_TCTTCGGAGTACCGGA,3-F-56,B cell,1,Unmatched_1,3.2911074,8.429551,8857,0.6202006936073303
10X_P7_6_TCTTCGGAGTCGAGTG,3-F-56,B cell,0,B cell,1.6746371,5.8410153,8858,1.2015082836151123
10X_P7_6_TCTTCGGAGTCGTTTG,3-F-56,macrophage,4,macrophage,3.3062017,16.04623,8859,2.8458218574523926
10X_P7_6_TCTTCGGAGTGGAGAA,3-F-56,B cell,0,B cell,2.1487482,2.599084,8860,0.5744849443435669
10X_P7_6_TCTTCGGCACGGCTAC,3-F-56,B cell,0,B cell,2.28528,6.655639,8861,0.5597538948059082
10X_P7_6_TCTTCGGCAGATCTGT,3-F-56,B cell,0,B cell,2.4258578,4.035003,8862,0.4692027866840362
10X_P7_6_TCTTCGGGTAGCTCCG,3-F-56,B cell,0,B cell,-1.6288677,5.5889487,8863,1.141798973083496
10X_P7_6_TCTTCGGGTCGCCATG,3-F-56,T cell,3,T cell,26.046461,-1.0910572,8864,0.6330699324607849
10X_P7_6_TCTTCGGGTGCTAGCC,3-F-56,B cell,0,B cell,-0.8408037,5.8279467,8865,1.1657028198242188
10X_P7_6_TCTTCGGGTGTGACCC,3-F-56,B cell,6,Unmatched_6,0.21616529,11.405095,8866,1.6997555494308472
10X_P7_6_TCTTCGGGTTTGGGCC,3-F-56,B cell,0,B cell,0.9736296,5.0544677,8867,0.8482683897018433
10X_P7_6_TCTTCGGTCATTTGGG,3-F-56,B cell,0,B cell,-0.5233968,3.920784,8868,0.4151614606380462
10X_P7_6_TCTTCGGTCTCCTATA,3-F-56,T cell,2,Unmatched_2,26.772125,1.3741626,8869,0.6788380146026611
10X_P7_6_TCTTTCCAGAAAGTGG,3-F-56,T cell,3,T cell,28.040592,-1.1567603,8870,0.944117784500122
10X_P7_6_TCTTTCCAGATCCCGC,3-F-56,B cell,1,Unmatched_1,2.5597937,7.056739,8871,0.4949200451374054
10X_P7_6_TCTTTCCTCAACGGGA,3-F-56,B cell,0,B cell,1.6327599,6.980551,8872,0.8797980546951294
10X_P7_6_TCTTTCCTCGCTAGCG,3-F-56,B cell,1,Unmatched_1,2.8906152,7.53244,8873,0.755011796951294
10X_P7_6_TCTTTCCTCTATCGCC,3-F-56,B cell,0,B cell,0.28208104,4.397812,8874,0.7267242670059204
10X_P7_6_TGAAAGAAGCTAAGAT,3-F-56,T cell,3,T cell,26.269848,-0.90578467,8875,0.6303921341896057
10X_P7_6_TGAAAGAAGGCCATAG,3-F-56,T cell,3,T cell,25.521568,-0.5510496,8876,1.343898892402649
10X_P7_6_TGAAAGACAAGGACAC,3-F-56,B cell,1,Unmatched_1,3.1935978,7.748383,8877,1.0649819374084473
10X_P7_6_TGAAAGACACGAAAGC,3-F-56,B cell,0,B cell,1.4795018,7.1258636,8878,0.979533851146698
10X_P7_6_TGAAAGACATGGTAGG,3-F-56,T cell,3,T cell,27.99265,-1.1024101,8879,1.2702813148498535
10X_P7_6_TGAAAGAGTAATAGCA,3-F-56,B cell,0,B cell,1.115471,6.541268,8880,0.9097980260849
10X_P7_6_TGAAAGAGTAGAAGGA,3-F-56,T cell,2,Unmatched_2,27.083752,0.9759626,8881,0.630787193775177
10X_P7_6_TGAAAGAGTGGACGAT,3-F-56,B cell,0,B cell,-0.3224194,3.492915,8882,1.264217734336853
10X_P7_6_TGAAAGAGTGTTTGTG,3-F-56,B cell,0,B cell,1.9167228,3.6894581,8883,0.638736367225647
10X_P7_6_TGAAAGATCAAAGTAG,3-F-56,B cell,0,B cell,0.81139916,4.163189,8884,0.6533970236778259
10X_P7_6_TGAAAGATCCGTCATC,3-F-56,B cell,0,B cell,-0.048888322,6.998735,8885,0.6716049909591675
10X_P7_6_TGACAACAGCAATATG,3-F-56,B cell,0,B cell,2.5973353,5.526191,8886,1.4430652856826782
10X_P7_6_TGACAACAGCCGCCTA,3-F-56,B cell,0,B cell,1.7381167,3.9764812,8887,0.96128511428833
10X_P7_6_TGACAACAGGCAATTA,3-F-56,B cell,0,B cell,1.8414229,6.127556,8888,0.7885478138923645
10X_P7_6_TGACAACAGGTTACCT,3-F-56,T cell,2,Unmatched_2,25.880344,0.15934242,8889,1.2304856777191162
10X_P7_6_TGACAACAGTGGGTTG,3-F-56,B cell,0,B cell,1.6931354,7.179373,8890,0.8383827805519104
10X_P7_6_TGACAACCAAGGGTCA,3-F-56,B cell,0,B cell,0.9651329,4.1275077,8891,0.4650940597057342
10X_P7_6_TGACAACCACACATGT,3-F-56,B cell,0,B cell,1.5645362,5.249785,8892,0.6899141073226929
10X_P7_6_TGACAACCAGCCACCA,3-F-56,B cell,0,B cell,0.6554421,6.7208934,8893,1.1791692972183228
10X_P7_6_TGACAACCAGTGGAGT,3-F-56,B cell,0,B cell,0.69812655,3.1914585,8894,0.986251711845398
10X_P7_6_TGACAACCATTACGAC,3-F-56,B cell,1,Unmatched_1,2.9697454,8.563201,8895,0.4152737259864807
10X_P7_6_TGACAACGTAAACACA,3-F-56,natural killer cell,5,natural killer cell,30.246706,-1.3756211,8896,3.061663150787353
10X_P7_6_TGACAACTCAGAAATG,3-F-56,dendritic cell,8,dendritic cell,3.5613143,17.823896,8897,3.773796558380127
10X_P7_6_TGACAACTCAGCTCTC,3-F-56,B cell,0,B cell,1.6967107,4.263422,8898,1.210561990737915
10X_P7_6_TGACAACTCCAAACAC,3-F-56,B cell,7,Unmatched_7,2.3454773,7.0971813,8899,0.8759949207305908
10X_P7_6_TGACAACTCGCCATAA,3-F-56,T cell,3,T cell,25.815195,-0.65339684,8900,0.5545807480812073
10X_P7_6_TGACAACTCGCTAGCG,3-F-56,T cell,2,Unmatched_2,26.47952,1.3447533,8901,0.8879956603050232
10X_P7_6_TGACAACTCTATCCCG,3-F-56,T cell,5,natural killer cell,30.084793,-0.6208521,8902,1.571925401687622
10X_P7_6_TGACAACTCTTCGAGA,3-F-56,B cell,0,B cell,0.36105818,4.742966,8903,0.6054168343544006
10X_P7_6_TGACGGCAGACACTAA,3-F-56,B cell,0,B cell,1.8144368,4.6278515,8904,1.254549860954285
10X_P7_6_TGACGGCAGATAGTCA,3-F-56,T cell,2,Unmatched_2,28.26319,0.48744202,8905,1.2240129709243774
10X_P7_6_TGACGGCAGCAGGTCA,3-F-56,B cell,0,B cell,0.69539493,4.384555,8906,0.479395180940628
10X_P7_6_TGACGGCAGGCTACGA,3-F-56,B cell,0,B cell,1.7428344,7.0115457,8907,1.2105532884597778
10X_P7_6_TGACGGCAGGCTAGCA,3-F-56,B cell,1,Unmatched_1,2.7581837,8.380474,8908,0.4362719655036926
10X_P7_6_TGACGGCAGTGAACAT,3-F-56,B cell,0,B cell,0.47136214,5.0443816,8909,0.4712893068790436
10X_P7_6_TGACGGCCAAGAGTCG,3-F-56,B cell,1,Unmatched_1,2.7139223,7.210953,8910,0.5411338210105896
10X_P7_6_TGACGGCCACATCCGG,3-F-56,B cell,0,B cell,2.5059345,4.4174275,8911,0.6508726477622986
10X_P7_6_TGACGGCCACCCAGTG,3-F-56,natural killer cell,5,natural killer cell,31.038387,-2.5292058,8912,1.8774073123931885
10X_P7_6_TGACGGCCAGTATGCT,3-F-56,B cell,0,B cell,0.10764116,4.717657,8913,0.5340214371681213
10X_P7_6_TGACGGCCATAAAGGT,3-F-56,B cell,0,B cell,0.35363504,6.9812193,8914,1.2515944242477417
10X_P7_6_TGACGGCCATCCAACA,3-F-56,B cell,0,B cell,-0.5836465,3.0405247,8915,0.8603969812393188
10X_P7_6_TGACGGCCATTCTCAT,3-F-56,B cell,0,B cell,1.0126805,5.043022,8916,0.9557532668113708
10X_P7_6_TGACGGCGTGAGGGTT,3-F-56,B cell,1,Unmatched_1,2.4185693,8.253414,8917,0.490308403968811
10X_P7_6_TGACGGCGTGCTGTAT,3-F-56,B cell,1,Unmatched_1,3.6602743,8.246484,8918,1.356220245361328
10X_P7_6_TGACGGCTCAATAAGG,3-F-56,B cell,0,B cell,2.656232,4.391351,8919,0.8084788918495178
10X_P7_6_TGACGGCTCAGGCCCA,3-F-56,B cell,0,B cell,0.5387052,4.4495873,8920,0.4718185663223266
10X_P7_6_TGACGGCTCCGTCAAA,3-F-56,B cell,0,B cell,1.9466317,4.1255684,8921,0.5659864544868469
10X_P7_6_TGACGGCTCTTGCATT,3-F-56,T cell,3,T cell,28.060602,-1.3531575,8922,0.9248425960540771
10X_P7_6_TGACTAGAGCAAATCA,3-F-56,B cell,0,B cell,2.820637,4.202402,8923,0.6791386604309082
10X_P7_6_TGACTAGAGCTTCGCG,3-F-56,B cell,0,B cell,2.5088267,6.6769586,8924,0.6674755811691284
10X_P7_6_TGACTAGCAGGGTACA,3-F-56,T cell,2,Unmatched_2,29.125072,1.0630025,8925,0.9819383025169371
10X_P7_6_TGACTAGCATCCCATC,3-F-56,B cell,0,B cell,1.2139041,4.633847,8926,1.009092926979065
10X_P7_6_TGACTAGTCCAAGCCG,3-F-56,B cell,0,B cell,-0.17578343,3.8899531,8927,0.8597526550292969
10X_P7_6_TGACTAGTCGCTTGTC,3-F-56,B cell,1,Unmatched_1,3.4827073,6.53979,8928,0.4876479506492615
10X_P7_6_TGACTTTAGACCCACC,3-F-56,B cell,0,B cell,-0.56717664,4.46495,8929,0.4229953289031982
10X_P7_6_TGACTTTAGAGGGATA,3-F-56,B cell,0,B cell,2.2573342,3.2740328,8930,0.4392063617706299
10X_P7_6_TGACTTTAGTTCGCAT,3-F-56,T cell,3,T cell,26.11055,-0.7963257,8931,0.5854529142379761
10X_P7_6_TGACTTTCAGAGTGTG,3-F-56,B cell,0,B cell,0.18555173,5.499946,8932,1.3679417371749878
10X_P7_6_TGACTTTCAGATAATG,3-F-56,B cell,0,B cell,0.6269747,2.308341,8933,1.483283519744873
10X_P7_6_TGACTTTGTCCAGTTA,3-F-56,B cell,0,B cell,0.041971877,4.6883416,8934,0.4459283053874969
10X_P7_6_TGACTTTGTCCGCTGA,3-F-56,B cell,1,Unmatched_1,-2.3053272,4.346727,8935,0.8272190690040588
10X_P7_6_TGACTTTGTGTTCTTT,3-F-56,B cell,0,B cell,-0.1055943,3.8379853,8936,1.0206009149551392
10X_P7_6_TGACTTTGTTGAGTTC,3-F-56,B cell,0,B cell,1.2565897,5.4288306,8937,0.8575351238250732
10X_P7_6_TGAGAGGAGCGCTTAT,3-F-56,B cell,0,B cell,0.77403796,7.348838,8938,0.7168712019920349
10X_P7_6_TGAGAGGAGGCAGGTT,3-F-56,B cell,0,B cell,-0.97085273,3.9430277,8939,0.6619901061058044
10X_P7_6_TGAGAGGAGGCGTACA,3-F-56,B cell,0,B cell,-0.69380146,3.0095074,8940,1.2526216506958008
10X_P7_6_TGAGAGGAGTACGACG,3-F-56,B cell,0,B cell,0.5465634,5.317395,8941,0.7923348546028137
10X_P7_6_TGAGAGGAGTTACCCA,3-F-56,T cell,2,Unmatched_2,26.85318,1.4547685,8942,0.9976674914360046
10X_P7_6_TGAGAGGCAAGCCGCT,3-F-56,T cell,2,Unmatched_2,26.748909,1.3017606,8943,0.659249484539032
10X_P7_6_TGAGAGGCAAGCGATG,3-F-56,B cell,1,Unmatched_1,2.0494697,7.6572843,8944,0.886578381061554
10X_P7_6_TGAGAGGCAGTTCCCT,3-F-56,T cell,5,natural killer cell,26.864223,-0.017778395,8945,1.663862705230713
10X_P7_6_TGAGAGGCATCGGACC,3-F-56,B cell,0,B cell,2.6912603,2.7355778,8946,0.4037396311759949
10X_P7_6_TGAGAGGTCAGAGGTG,3-F-56,B cell,0,B cell,0.92016286,1.9765297,8947,1.0150378942489624
10X_P7_6_TGAGAGGTCAGCATGT,3-F-56,B cell,1,Unmatched_1,3.5590346,8.025573,8948,0.5627405643463135
10X_P7_6_TGAGAGGTCCGAACGC,3-F-56,B cell,0,B cell,0.60905147,4.1015773,8949,0.6263303756713867
10X_P7_6_TGAGCATAGAGTAAGG,3-F-56,T cell,3,T cell,26.019814,-1.0535872,8950,0.6844721436500549
10X_P7_6_TGAGCATAGCTAGGCA,3-F-56,T cell,2,Unmatched_2,27.621447,1.3542161,8951,0.5446814894676208
10X_P7_6_TGAGCATAGGTAGCTG,3-F-56,B cell,1,Unmatched_1,2.4983423,7.9405923,8952,0.7063124775886536
10X_P7_6_TGAGCATAGTGGACGT,3-F-56,T cell,5,natural killer cell,29.990696,-0.7187803,8953,2.3949522972106934
10X_P7_6_TGAGCATAGTTGAGTA,3-F-56,B cell,0,B cell,2.8850825,4.4770064,8954,0.7252697348594666
10X_P7_6_TGAGCATCAGATTGCT,3-F-56,B cell,0,B cell,2.2149577,7.040926,8955,0.9668847322463988
10X_P7_6_TGAGCATCATGTAGTC,3-F-56,B cell,1,Unmatched_1,4.859662,7.169381,8956,1.1701587438583374
10X_P7_6_TGAGCATGTAGAGTGC,3-F-56,B cell,2,Unmatched_2,24.933802,1.8864324,8957,1.255956530570984
10X_P7_6_TGAGCATGTATATCCG,3-F-56,B cell,1,Unmatched_1,2.2237034,8.18958,8958,0.5536435842514038
10X_P7_6_TGAGCATGTCTAGGTT,3-F-56,B cell,0,B cell,-0.909289,5.8570824,8959,1.7772018909454346
10X_P7_6_TGAGCATGTGCAGGTA,3-F-56,T cell,5,natural killer cell,30.381111,-1.4294457,8960,3.007115840911865
10X_P7_6_TGAGCATGTTCACCTC,3-F-56,B cell,1,Unmatched_1,4.33066,7.1122875,8961,1.3861002922058103
10X_P7_6_TGAGCATTCCGCATCT,3-F-56,T cell,5,natural killer cell,29.918522,-0.74161434,8962,1.8240681886672971
10X_P7_6_TGAGCATTCCGCGCAA,3-F-56,B cell,0,B cell,1.4365851,3.1894584,8963,0.6913496255874634
10X_P7_6_TGAGCATTCTCGCATC,3-F-56,B cell,0,B cell,1.2334374,3.5392826,8964,0.8399291634559631
10X_P7_6_TGAGCCGAGAGCTGGT,3-F-56,B cell,0,B cell,1.6107898,3.4382033,8965,0.6852450966835022
10X_P7_6_TGAGCCGAGATGGCGT,3-F-56,natural killer cell,5,natural killer cell,30.772646,-2.1633387,8966,2.2367000579833984
10X_P7_6_TGAGCCGAGTACGACG,3-F-56,B cell,1,Unmatched_1,2.6849523,7.1923356,8967,0.4786640405654907
10X_P7_6_TGAGCCGAGTACTTGC,3-F-56,B cell,0,B cell,0.741206,2.5287216,8968,0.839747428894043
10X_P7_6_TGAGCCGCACTGTGTA,3-F-56,B cell,0,B cell,-0.06969295,4.8090177,8969,0.6675994992256165
10X_P7_6_TGAGCCGCAGAGTGTG,3-F-56,T cell,3,T cell,28.591381,-0.9592834,8970,3.646089553833008
10X_P7_6_TGAGCCGCAGCGTTCG,3-F-56,T cell,3,T cell,26.043533,-0.8083354,8971,0.6594409346580505
10X_P7_6_TGAGCCGGTGCAACTT,3-F-56,B cell,0,B cell,1.0540643,5.438309,8972,0.7192714810371399
10X_P7_6_TGAGCCGTCCAGAGGA,3-F-56,B cell,1,Unmatched_1,3.1786344,7.52136,8973,0.5878704190254211
10X_P7_6_TGAGCCGTCCGATATG,3-F-56,B cell,0,B cell,1.1188039,2.8791895,8974,0.9284268617630004
10X_P7_6_TGAGCCGTCTGTCAAG,3-F-56,B cell,0,B cell,1.0449234,3.573084,8975,0.5028525590896606
10X_P7_6_TGAGGGAAGACAAAGG,3-F-56,T cell,2,Unmatched_2,4.548631,16.240675,8976,3.646089553833008
10X_P7_6_TGAGGGAAGTCTCGGC,3-F-56,B cell,0,B cell,2.0953605,2.2502587,8977,0.493603378534317
10X_P7_6_TGAGGGACAAGTCTGT,3-F-56,macrophage,4,macrophage,1.8670179,16.783026,8978,1.9366592168807983
10X_P7_6_TGAGGGACACACCGAC,3-F-56,B cell,0,B cell,2.0980992,7.3436522,8979,0.809147298336029
10X_P7_6_TGAGGGACACGACGAA,3-F-56,T cell,3,T cell,27.10272,-1.023959,8980,0.979849338531494
10X_P7_6_TGAGGGACACTTACGA,3-F-56,T cell,2,Unmatched_2,27.482737,1.0473179,8981,0.5599362850189209
10X_P7_6_TGAGGGACATACTCTT,3-F-56,natural killer cell,5,natural killer cell,31.000391,-2.4597952,8982,1.7701867818832395
10X_P7_6_TGAGGGAGTAGAAAGG,3-F-56,B cell,0,B cell,3.200493,6.6988125,8983,0.8623952865600586
10X_P7_6_TGAGGGAGTCGCTTTC,3-F-56,B cell,0,B cell,0.78218824,5.01415,8984,0.515663743019104
10X_P7_6_TGAGGGAGTCTGCGGT,3-F-56,B cell,0,B cell,0.38034892,5.0870466,8985,0.55804044008255
10X_P7_6_TGAGGGAGTGTAATGA,3-F-56,T cell,3,T cell,25.868282,-1.0588077,8986,0.7116497755050659
10X_P7_6_TGAGGGAGTGTTAAGA,3-F-56,B cell,0,B cell,2.065257,3.4844942,8987,0.7144539952278137
10X_P7_6_TGAGGGAGTTAGAACA,3-F-56,B cell,0,B cell,-0.03602106,3.4391615,8988,1.0303115844726562
10X_P7_6_TGAGGGATCACGCATA,3-F-56,B cell,0,B cell,2.1248848,6.3332577,8989,0.5703309774398804
10X_P7_6_TGAGGGATCCCACTTG,3-F-56,B cell,0,B cell,0.3207374,6.196374,8990,0.8916997313499451
10X_P7_6_TGAGGGATCCGTTGTC,3-F-56,B cell,0,B cell,0.7645358,5.5073953,8991,0.6002992987632751
10X_P7_6_TGATTTCAGCGATCCC,3-F-56,T cell,2,Unmatched_2,28.682806,0.24968198,8992,1.071085810661316
10X_P7_6_TGATTTCAGCGCTTAT,3-F-56,natural killer cell,5,natural killer cell,30.962553,-2.401903,8993,2.113166570663452
10X_P7_6_TGATTTCAGCGTAGTG,3-F-56,T cell,2,Unmatched_2,27.647326,1.2268095,8994,0.6791595220565796
10X_P7_6_TGATTTCAGGTTCCTA,3-F-56,B cell,0,B cell,2.3772368,4.327793,8995,0.918200671672821
10X_P7_6_TGATTTCAGTCAAGGC,3-F-56,B cell,0,B cell,0.1696379,3.587676,8996,1.4611326456069946
10X_P7_6_TGATTTCAGTTAACGA,3-F-56,B cell,2,Unmatched_2,28.869314,0.31024465,8997,1.4077720642089844
10X_P7_6_TGATTTCCAACCGCCA,3-F-56,T cell,2,Unmatched_2,27.013296,1.3654045,8998,0.7166475057601929
10X_P7_6_TGATTTCCACAACGCC,3-F-56,B cell,6,Unmatched_6,0.48685724,10.764604,8999,1.2829828262329102
10X_P7_6_TGATTTCCAGACGCAA,3-F-56,T cell,3,T cell,25.853395,-0.11106265,9000,0.7304167151451111
10X_P7_6_TGATTTCCAGCTTAAC,3-F-56,B cell,0,B cell,4.406218,14.702249,9001,2.367963552474976
10X_P7_6_TGATTTCCAGGACCCT,3-F-56,natural killer cell,5,natural killer cell,30.394093,-1.4561388,9002,2.6677587032318115
10X_P7_6_TGATTTCGTCCGAACC,3-F-56,B cell,0,B cell,2.3220813,6.881912,9003,0.4840954840183258
10X_P7_6_TGATTTCGTGACAAAT,3-F-56,B cell,0,B cell,2.0743225,3.8175416,9004,0.7313026189804077
10X_P7_6_TGATTTCGTGTCAATC,3-F-56,B cell,0,B cell,1.2656666,5.401546,9005,0.6027021408081055
10X_P7_6_TGATTTCGTTCTGAAC,3-F-56,B cell,0,B cell,0.25773662,4.035166,9006,1.1155587434768677
10X_P7_6_TGATTTCTCTACGAGT,3-F-56,T cell,2,Unmatched_2,28.223177,0.6645761,9007,0.7543376088142395
10X_P7_6_TGCACCTAGATCCGAG,3-F-56,T cell,2,Unmatched_2,28.327415,0.38689908,9008,0.78514564037323
10X_P7_6_TGCACCTAGTCCGTAT,3-F-56,B cell,0,B cell,-0.98870236,3.334353,9009,0.6586571335792542
10X_P7_6_TGCACCTAGTGTTGAA,3-F-56,T cell,3,T cell,27.996977,-1.3769641,9010,0.7940263152122498
10X_P7_6_TGCACCTCACATTAGC,3-F-56,T cell,2,Unmatched_2,26.809166,1.4080288,9011,1.081047534942627
10X_P7_6_TGCACCTCATTACGAC,3-F-56,B cell,0,B cell,0.4776399,3.8070855,9012,0.6686729788780212
10X_P7_6_TGCACCTGTGGCAAAC,3-F-56,B cell,0,B cell,1.8607936,2.2007952,9013,0.7124013900756836
10X_P7_6_TGCACCTTCCAAACTG,3-F-56,T cell,3,T cell,26.73855,-0.8088736,9014,1.17337965965271
10X_P7_6_TGCACCTTCGCCGTGA,3-F-56,B cell,0,B cell,0.66076905,3.3159385,9015,0.7074645161628723
10X_P7_6_TGCACCTTCTCGCTTG,3-F-56,T cell,2,Unmatched_2,27.015661,1.4706368,9016,0.8507818579673767
10X_P7_6_TGCACCTTCTTTAGGG,3-F-56,B cell,0,B cell,0.012355522,7.017907,9017,1.092382788658142
10X_P7_6_TGCCAAAAGACTAAGT,3-F-56,B cell,0,B cell,1.7164652,2.6062694,9018,0.6893265247344971
10X_P7_6_TGCCAAACACCATGTA,3-F-56,B cell,1,Unmatched_1,3.0922248,8.725069,9019,0.5559093952178955
10X_P7_6_TGCCAAAGTTTAAGCC,3-F-56,B cell,1,Unmatched_1,2.082396,15.896515,9020,2.8559908866882324
10X_P7_6_TGCCAAATCGGATGGA,3-F-56,B cell,0,B cell,1.4450555,5.168372,9021,0.9642091989517212
10X_P7_6_TGCCAAATCTCGTTTA,3-F-56,B cell,0,B cell,1.5651038,3.28661,9022,0.5747861266136169
10X_P7_6_TGCCAAATCTCTGTCG,3-F-56,B cell,0,B cell,2.4923441,3.6536176,9023,0.6182036399841309
10X_P7_6_TGCCAAATCTTAACCT,3-F-56,B cell,0,B cell,0.14400193,4.6455836,9024,0.4496872127056122
10X_P7_6_TGCCCATAGAGGTACC,3-F-56,B cell,1,Unmatched_1,2.1783962,8.034597,9025,0.4473491013050079
10X_P7_6_TGCCCATAGAGGTTAT,3-F-56,macrophage,4,macrophage,1.9240165,16.740744,9026,1.9306974411010744
10X_P7_6_TGCCCATAGCTGTTCA,3-F-56,T cell,3,T cell,27.82984,-1.2983717,9027,1.3190306425094604
10X_P7_6_TGCCCATAGTAATCCC,3-F-56,T cell,2,Unmatched_2,27.539146,0.9567601,9028,0.7040020227432251
10X_P7_6_TGCCCATCAATCAGAA,3-F-56,B cell,3,T cell,28.301517,-1.19421,9029,1.5375425815582275
10X_P7_6_TGCCCATCACCGAAAG,3-F-56,B cell,0,B cell,1.0419723,5.973752,9030,1.055877923965454
10X_P7_6_TGCCCATCATCAGTCA,3-F-56,T cell,2,Unmatched_2,29.68642,0.9111078,9031,1.416656255722046
10X_P7_6_TGCCCATGTAGAAAGG,3-F-56,B cell,0,B cell,2.963837,4.491461,9032,0.9360554218292236
10X_P7_6_TGCCCATGTAGATTAG,3-F-56,T cell,2,Unmatched_2,29.108486,1.0932317,9033,1.2228405475616455
10X_P7_6_TGCCCATGTCAGAATA,3-F-56,B cell,1,Unmatched_1,3.1826613,7.558329,9034,0.6382229328155518
10X_P7_6_TGCCCATGTCCGCTGA,3-F-56,B cell,0,B cell,1.2688011,6.2463126,9035,0.983287751674652
10X_P7_6_TGCCCATGTTAAAGTG,3-F-56,B cell,0,B cell,2.42233,6.806985,9036,0.7772013545036316
10X_P7_6_TGCCCATGTTCGAATC,3-F-56,B cell,0,B cell,0.6756732,4.427131,9037,1.0525654554367063
10X_P7_6_TGCCCATTCAACCATG,3-F-56,T cell,3,T cell,25.648247,-0.25272638,9038,0.7376489639282227
10X_P7_6_TGCCCTAAGACATAAC,3-F-56,B cell,0,B cell,1.1427655,3.3732665,9039,0.95291668176651
10X_P7_6_TGCCCTAAGTACGATA,3-F-56,B cell,1,Unmatched_1,3.8625135,7.702316,9040,0.6146293878555298
10X_P7_6_TGCCCTACAATCAGAA,3-F-56,B cell,0,B cell,0.6762399,7.6596565,9041,0.7868291735649109
10X_P7_6_TGCCCTACACAGCCCA,3-F-56,B cell,0,B cell,0.66000754,6.5706124,9042,0.8107950687408447
10X_P7_6_TGCCCTACACGTAAGG,3-F-56,B cell,1,Unmatched_1,3.6635952,8.339664,9043,0.6311509013175964
10X_P7_6_TGCCCTAGTCGCCATG,3-F-56,B cell,1,Unmatched_1,3.6166286,8.093597,9044,0.56942218542099
10X_P7_6_TGCCCTATCAGTACGT,3-F-56,B cell,0,B cell,2.1207492,2.9224143,9045,0.6526653170585632
10X_P7_6_TGCCCTATCCGCAAGC,3-F-56,B cell,1,Unmatched_1,3.0074952,7.1563225,9046,0.912442982196808
10X_P7_6_TGCGCAGAGGCTCTTA,3-F-56,B cell,0,B cell,2.5320156,2.8527374,9047,0.452237457036972
10X_P7_6_TGCGCAGAGTGTTGAA,3-F-56,T cell,2,Unmatched_2,27.60383,0.64500856,9048,1.0791524648666382
10X_P7_6_TGCGCAGCACCTATCC,3-F-56,T cell,2,Unmatched_2,29.69711,0.91164243,9049,1.491277098655701
10X_P7_6_TGCGCAGCAGGTTTCA,3-F-56,natural killer cell,5,natural killer cell,31.019344,-2.4710748,9050,1.9553297758102417
10X_P7_6_TGCGCAGGTACTCTCC,3-F-56,B cell,1,Unmatched_1,2.0624185,7.7325225,9051,0.7889724969863892
10X_P7_6_TGCGCAGGTAGGACAC,3-F-56,T cell,2,Unmatched_2,29.065845,1.1179245,9052,0.9872220754623412
10X_P7_6_TGCGCAGGTATCGCAT,3-F-56,T cell,3,T cell,28.68659,-0.36921066,9053,2.0244140625
10X_P7_6_TGCGCAGTCAGCGATT,3-F-56,B cell,0,B cell,0.4289402,3.9182892,9054,0.563278317451477
10X_P7_6_TGCGCAGTCGTCACGG,3-F-56,T cell,3,T cell,27.870296,-1.266185,9055,0.9305803775787354
10X_P7_6_TGCGGGTAGATGTTAG,3-F-56,B cell,0,B cell,2.0902631,6.536887,9056,0.539355456829071
10X_P7_6_TGCGGGTAGCAGCGTA,3-F-56,T cell,3,T cell,28.038027,-1.4326189,9057,0.8598795533180237
10X_P7_6_TGCGGGTCACTCGACG,3-F-56,B cell,0,B cell,0.6149082,4.6438355,9058,0.4086014330387115
10X_P7_6_TGCGGGTCAGAGCCAA,3-F-56,T cell,2,Unmatched_2,27.613243,1.0162766,9059,0.720698893070221
10X_P7_6_TGCGGGTCAGCGAACA,3-F-56,T cell,2,Unmatched_2,26.983181,0.6438413,9060,1.0218085050582886
10X_P7_6_TGCGGGTCAGCTGTAT,3-F-56,B cell,0,B cell,0.49766862,3.130004,9061,0.7538749575614929
10X_P7_6_TGCGGGTCATAGTAAG,3-F-56,B cell,0,B cell,0.4745341,6.1425776,9062,0.5696763396263123
10X_P7_6_TGCGGGTGTTAAGGGC,3-F-56,B cell,0,B cell,1.2608117,3.2102597,9063,0.6822944283485413
10X_P7_6_TGCGGGTTCAACACCA,3-F-56,B cell,1,Unmatched_1,4.727532,7.0351434,9064,1.0794236660003662
10X_P7_6_TGCGGGTTCAGTCCCT,3-F-56,B cell,0,B cell,1.5668476,5.1266327,9065,1.05376398563385
10X_P7_6_TGCGGGTTCCTTGGTC,3-F-56,B cell,0,B cell,0.44499454,4.2145066,9066,0.5334874987602234
10X_P7_6_TGCGTGGCAGGCGATA,3-F-56,B cell,1,Unmatched_1,3.6701157,7.7208695,9067,0.574150562286377
10X_P7_6_TGCGTGGCAGGCTCAC,3-F-56,B cell,0,B cell,-0.5780446,4.199995,9068,0.4071672260761261
10X_P7_6_TGCGTGGCATGTAGTC,3-F-56,B cell,0,B cell,0.64604217,6.5705447,9069,0.8460284471511841
10X_P7_6_TGCGTGGGTCGACTAT,3-F-56,B cell,0,B cell,1.2007504,4.007048,9070,0.6064842939376831
10X_P7_6_TGCGTGGGTCTCAACA,3-F-56,B cell,1,Unmatched_1,3.6556926,7.8460927,9071,0.5293482542037964
10X_P7_6_TGCGTGGGTGCTCTTC,3-F-56,B cell,0,B cell,0.97908634,5.9396033,9072,0.7404212951660156
10X_P7_6_TGCGTGGGTTGTGGCC,3-F-56,B cell,1,Unmatched_1,2.1417286,7.79876,9073,0.6397676467895508
10X_P7_6_TGCGTGGTCAGCAACT,3-F-56,T cell,3,T cell,25.92539,-1.2869513,9074,0.5759313702583313
10X_P7_6_TGCGTGGTCATAAAGG,3-F-56,B cell,0,B cell,1.5944378,6.305148,9075,0.687454342842102
10X_P7_6_TGCGTGGTCCGTTGTC,3-F-56,B cell,1,Unmatched_1,3.5006046,7.752465,9076,0.5124728679656982
10X_P7_6_TGCGTGGTCGCTTGTC,3-F-56,B cell,0,B cell,0.952769,4.339586,9077,0.5247015953063965
10X_P7_6_TGCGTGGTCTTAACCT,3-F-56,B cell,1,Unmatched_1,3.09755,8.706247,9078,0.6549394726753235
10X_P7_6_TGCGTGGTCTTCCTTC,3-F-56,T cell,3,T cell,26.665897,-0.4344537,9079,0.6306045651435852
10X_P7_6_TGCTACCAGCTAGCCC,3-F-56,B cell,0,B cell,2.5395725,2.3944654,9080,0.438776433467865
10X_P7_6_TGCTACCCAACGATCT,3-F-56,B cell,1,Unmatched_1,2.7193327,7.64488,9081,0.6292164325714111
10X_P7_6_TGCTACCCAATCCGAT,3-F-56,macrophage,4,macrophage,3.488781,15.911267,9082,2.078627586364746
10X_P7_6_TGCTACCCATCCCATC,3-F-56,B cell,0,B cell,1.9282529,5.308389,9083,0.938403308391571
10X_P7_6_TGCTACCGTAGAGCTG,3-F-56,B cell,1,Unmatched_1,3.161383,8.472198,9084,0.7313060760498047
10X_P7_6_TGCTACCGTGACGGTA,3-F-56,B cell,0,B cell,1.4470525,5.9149747,9085,0.7596918344497681
10X_P7_6_TGCTACCGTGTCGCTG,3-F-56,T cell,3,T cell,25.919685,-0.5117505,9086,0.6150275468826294
10X_P7_6_TGCTACCTCAACACTG,3-F-56,B cell,0,B cell,1.9536413,1.9770657,9087,0.5900307893753052
10X_P7_6_TGCTACCTCGATGAGG,3-F-56,B cell,0,B cell,-0.19249396,6.6738725,9088,1.199781894683838
10X_P7_6_TGCTGCTAGTTCGCAT,3-F-56,B cell,0,B cell,1.8863597,4.5075784,9089,0.5569667220115662
10X_P7_6_TGCTGCTCAACGATCT,3-F-56,natural killer cell,5,natural killer cell,31.01572,-2.4739218,9090,1.4136537313461304
10X_P7_6_TGCTGCTCAATGACCT,3-F-56,B cell,0,B cell,0.92925125,3.1282551,9091,1.2170429229736328
10X_P7_6_TGCTGCTCACGGACAA,3-F-56,B cell,0,B cell,-1.7795895,4.215318,9092,0.5931174755096436
10X_P7_6_TGCTGCTCAGACACTT,3-F-56,B cell,0,B cell,1.4864298,2.203423,9093,0.5238233804702759
10X_P7_6_TGCTGCTCAGATAATG,3-F-56,B cell,0,B cell,1.6417793,4.4400263,9094,0.8425677418708801
10X_P7_6_TGCTGCTCATGTCGAT,3-F-56,B cell,0,B cell,0.5614485,4.9776573,9095,0.411320149898529
10X_P7_6_TGCTGCTGTTCGCTAA,3-F-56,B cell,6,Unmatched_6,0.67787564,11.416924,9096,5.334986209869385
10X_P7_6_TGCTGCTGTTCTGTTT,3-F-56,B cell,0,B cell,2.5394344,5.2006035,9097,1.40440034866333
10X_P7_6_TGCTGCTGTTGATTGC,3-F-56,B cell,0,B cell,1.5169604,2.6130471,9098,0.8527597188949585
10X_P7_6_TGCTGCTGTTTGACAC,3-F-56,T cell,3,T cell,26.670101,-1.1150092,9099,1.0848324298858645
10X_P7_6_TGCTGCTTCACCTTAT,3-F-56,B cell,0,B cell,2.1463506,8.05535,9100,0.6056455373764038
10X_P7_6_TGCTGCTTCAGCTGGC,3-F-56,B cell,0,B cell,0.96856016,6.0502124,9101,1.2401736974716189
10X_P7_6_TGCTGCTTCCACTGGG,3-F-56,B cell,0,B cell,2.3549633,4.446981,9102,0.7437880039215088
10X_P7_6_TGCTGCTTCCCACTTG,3-F-56,macrophage,4,macrophage,4.8288713,15.062079,9103,2.113917827606201
10X_P7_6_TGCTGCTTCCTGCTTG,3-F-56,T cell,2,Unmatched_2,26.862907,0.45531717,9104,0.6321696639060974
10X_P7_6_TGCTGCTTCTGTCAAG,3-F-56,B cell,1,Unmatched_1,2.4430146,8.4917755,9105,0.47503462433815
10X_P7_6_TGGACGCAGAGGACGG,3-F-56,B cell,6,Unmatched_6,0.2996809,11.197452,9106,1.4366453886032104
10X_P7_6_TGGACGCAGCAGGTCA,3-F-56,B cell,0,B cell,0.40723333,4.437261,9107,0.6151918172836304
10X_P7_6_TGGACGCAGTACGCGA,3-F-56,B cell,0,B cell,1.19882,2.4680862,9108,0.6348518133163452
10X_P7_6_TGGACGCCACAAGCCC,3-F-56,B cell,0,B cell,3.5908942,6.181847,9109,1.040573239326477
10X_P7_6_TGGACGCCACATAACC,3-F-56,T cell,2,Unmatched_2,27.412672,1.3337349,9110,0.5274898409843445
10X_P7_6_TGGACGCCACCATCCT,3-F-56,B cell,0,B cell,0.6503742,4.9776826,9111,0.4686474204063415
10X_P7_6_TGGACGCCATACAGCT,3-F-56,T cell,2,Unmatched_2,29.309444,0.59339046,9112,1.4176580905914309
10X_P7_6_TGGACGCGTCATATGC,3-F-56,B cell,1,Unmatched_1,3.96006,7.6638823,9113,1.0849609375
10X_P7_6_TGGACGCGTCTCCATC,3-F-56,macrophage,4,macrophage,3.6221857,15.782302,9114,1.6192702054977417
10X_P7_6_TGGACGCTCAGCGACC,3-F-56,B cell,0,B cell,-1.8676155,5.3389845,9115,1.8040858507156368
10X_P7_6_TGGACGCTCCGCTGTT,3-F-56,B cell,0,B cell,1.5308993,2.3045974,9116,0.7855864763259888
10X_P7_6_TGGACGCTCTACGAGT,3-F-56,B cell,0,B cell,-1.003725,3.6569428,9117,0.9927246570587158
10X_P7_6_TGGCCAGAGGCTAGCA,3-F-56,T cell,2,Unmatched_2,26.936266,0.959035,9118,0.725195586681366
10X_P7_6_TGGCCAGCAAGAAGAG,3-F-56,T cell,2,Unmatched_2,26.527819,1.3265175,9119,0.9350918531417848
10X_P7_6_TGGCCAGCACCGGAAA,3-F-56,B cell,0,B cell,0.70575446,7.950211,9120,0.7671428918838501
10X_P7_6_TGGCCAGGTACAAGTA,3-F-56,B cell,0,B cell,-0.40209052,3.6054485,9121,0.6245875954627991
10X_P7_6_TGGCCAGGTCTAGCCG,3-F-56,T cell,2,Unmatched_2,27.031736,1.4380258,9122,0.6252550482749939
10X_P7_6_TGGCCAGGTCTCCCTA,3-F-56,T cell,3,T cell,26.084528,-1.2379079,9123,0.8631447553634644
10X_P7_6_TGGCCAGGTGTGCGTC,3-F-56,T cell,2,Unmatched_2,27.453438,1.1078854,9124,0.5429869890213013
10X_P7_6_TGGCCAGGTTCAGGCC,3-F-56,B cell,0,B cell,0.6627374,4.955898,9125,0.5003964900970459
10X_P7_6_TGGCCAGTCCGGGTGT,3-F-56,B cell,0,B cell,-0.13425978,3.6576567,9126,0.9074816703796388
10X_P7_6_TGGCGCAAGAGTTGGC,3-F-56,B cell,0,B cell,1.9083983,2.2364604,9127,0.6226173043251038
10X_P7_6_TGGCGCACAAGTCTAC,3-F-56,B cell,0,B cell,1.1939743,3.9968638,9128,0.5404201745986938
10X_P7_6_TGGCGCACAGACGCCT,3-F-56,B cell,0,B cell,1.5253654,5.25478,9129,1.2621791362762451
10X_P7_6_TGGCGCACAGGACCCT,3-F-56,B cell,0,B cell,1.9071218,6.8009953,9130,0.889433741569519
10X_P7_6_TGGCGCACATCACCCT,3-F-56,B cell,0,B cell,-1.9038734,5.4343476,9131,1.3542253971099854
10X_P7_6_TGGCGCACATCCCATC,3-F-56,T cell,2,Unmatched_2,27.620728,0.71266925,9132,0.5823179483413696
10X_P7_6_TGGCGCAGTAAGGATT,3-F-56,macrophage,4,macrophage,4.436981,16.215002,9133,3.646089553833008
10X_P7_6_TGGCGCAGTAATTGGA,3-F-56,B cell,1,Unmatched_1,3.5858693,8.200948,9134,0.5343053936958313
10X_P7_6_TGGCGCAGTATATCCG,3-F-56,B cell,1,Unmatched_1,3.4666388,8.145714,9135,0.9400426745414734
10X_P7_6_TGGCGCAGTCCCGACA,3-F-56,B cell,1,Unmatched_1,2.7031446,8.382905,9136,0.4869564473628998
10X_P7_6_TGGCGCAGTCGCGTGT,3-F-56,natural killer cell,5,natural killer cell,31.01463,-1.9525561,9137,1.980213522911072
10X_P7_6_TGGCGCAGTGCCTGGT,3-F-56,B cell,0,B cell,0.1474598,4.1914096,9138,0.4320890009403229
10X_P7_6_TGGCGCAGTTACGGAG,3-F-56,T cell,2,Unmatched_2,27.692333,0.2971804,9139,1.1175354719161987
10X_P7_6_TGGCGCATCACAGGCC,3-F-56,B cell,0,B cell,-0.95806897,5.2853346,9140,1.0489201545715332
10X_P7_6_TGGCGCATCCGAAGAG,3-F-56,B cell,1,Unmatched_1,2.588057,7.954505,9141,0.4409581124782562
10X_P7_6_TGGCGCATCCTTTCTC,3-F-56,B cell,0,B cell,1.7489272,4.4731364,9142,0.9669909477233888
10X_P7_6_TGGCGCATCGTGACAT,3-F-56,T cell,2,Unmatched_2,26.858139,0.45140684,9143,0.827333390712738
10X_P7_6_TGGCGCATCTGATTCT,3-F-56,B cell,0,B cell,1.8283875,6.618677,9144,0.791270911693573
10X_P7_6_TGGCTGGAGAAGGCCT,3-F-56,B cell,0,B cell,0.70728475,6.969192,9145,0.7843218445777893
10X_P7_6_TGGCTGGAGGCATGGT,3-F-56,T cell,2,Unmatched_2,28.848495,0.17379467,9146,1.4351375102996826
10X_P7_6_TGGCTGGCAGATAATG,3-F-56,B cell,0,B cell,2.0233824,3.964884,9147,1.0310181379318235
10X_P7_6_TGGCTGGGTGTGACCC,3-F-56,B cell,0,B cell,0.69955415,2.8762312,9148,0.6489645838737488
10X_P7_6_TGGCTGGTCAACGGGA,3-F-56,T cell,3,T cell,25.594652,-0.67094374,9149,0.5889688730239868
10X_P7_6_TGGCTGGTCCACTCCA,3-F-56,B cell,0,B cell,0.32101396,5.381215,9150,0.8677011728286743
10X_P7_6_TGGCTGGTCGCATGGC,3-F-56,natural killer cell,5,natural killer cell,31.107634,-2.376053,9151,1.7898547649383545
10X_P7_6_TGGCTGGTCGGTGTCG,3-F-56,T cell,3,T cell,28.650602,-0.3696928,9152,1.5809872150421145
10X_P7_6_TGGGAAGAGGAGTCTG,3-F-56,B cell,0,B cell,2.0383677,6.853989,9153,0.6514807939529419
10X_P7_6_TGGGAAGAGTACCGGA,3-F-56,T cell,5,natural killer cell,29.943647,-0.6791664,9154,1.814422607421875
10X_P7_6_TGGGAAGCAAGGGTCA,3-F-56,B cell,0,B cell,1.4647058,6.3147936,9155,0.71457839012146
10X_P7_6_TGGGAAGCACAAGCCC,3-F-56,B cell,0,B cell,0.5192126,3.3848348,9156,0.4995512962341308
10X_P7_6_TGGGAAGCAGGTCTCG,3-F-56,T cell,2,Unmatched_2,27.411833,-0.25647074,9157,2.007201671600342
10X_P7_6_TGGGAAGCAGGTGGAT,3-F-56,B cell,1,Unmatched_1,4.672266,7.195927,9158,0.6964297890663147
10X_P7_6_TGGGAAGGTTTCCACC,3-F-56,B cell,0,B cell,1.6401975,2.620596,9159,0.5119935274124146
10X_P7_6_TGGGAAGTCAGCACAT,3-F-56,T cell,2,Unmatched_2,27.365482,1.179502,9160,0.5734297633171082
10X_P7_6_TGGGAAGTCGCCAAAT,3-F-56,B cell,0,B cell,0.54228526,7.766185,9161,0.8200241923332214
10X_P7_6_TGGGAAGTCGTTGCCT,3-F-56,B cell,0,B cell,0.26475692,3.8353817,9162,0.4127934277057647
10X_P7_6_TGGGAAGTCTTCGAGA,3-F-56,B cell,0,B cell,0.6128143,7.1389422,9163,0.9101664423942566
10X_P7_6_TGGGCGTAGAAGGTTT,3-F-56,B cell,2,Unmatched_2,25.262402,2.1582077,9164,0.8379021883010864
10X_P7_6_TGGGCGTAGTGCCAGA,3-F-56,B cell,0,B cell,0.99571633,3.7635207,9165,0.4923640787601471
10X_P7_6_TGGGCGTAGTGGTCCC,3-F-56,T cell,3,T cell,25.894054,-0.7621025,9166,0.5918405652046204
10X_P7_6_TGGGCGTCAACGATCT,3-F-56,B cell,1,Unmatched_1,2.9273744,7.7487535,9167,0.5701591372489929
10X_P7_6_TGGGCGTCATGGTCTA,3-F-56,B cell,0,B cell,0.48116663,4.5375633,9168,0.4051945507526397
10X_P7_6_TGGGCGTGTAGGCATG,3-F-56,B cell,0,B cell,2.0878356,2.65322,9169,0.4293593466281891
10X_P7_6_TGGGCGTGTATGAAAC,3-F-56,natural killer cell,5,natural killer cell,30.850454,-2.3422194,9170,2.071753025054932
10X_P7_6_TGGGCGTGTCCCGACA,3-F-56,B cell,0,B cell,2.2798476,4.360945,9171,0.87913978099823
10X_P7_6_TGGGCGTGTCGAAAGC,3-F-56,B cell,0,B cell,0.109302245,2.8776267,9172,0.9248581528663636
10X_P7_6_TGGGCGTTCAATAAGG,3-F-56,macrophage,4,macrophage,2.0657473,15.8943205,9173,2.825871706008911
10X_P7_6_TGGTTAGAGAGGGCTT,3-F-56,T cell,3,T cell,26.463953,-0.2927353,9174,0.9208149313926696
10X_P7_6_TGGTTAGAGCAGGTCA,3-F-56,B cell,0,B cell,0.03160467,6.961604,9175,1.933416724205017
10X_P7_6_TGGTTAGAGCTAAGAT,3-F-56,T cell,5,natural killer cell,30.114262,-0.7217593,9176,2.5223848819732666
10X_P7_6_TGGTTAGCAATAGCGG,3-F-56,T cell,3,T cell,26.063686,-0.3713131,9177,0.7131569385528564
10X_P7_6_TGGTTAGCATCGTCGG,3-F-56,B cell,1,Unmatched_1,2.906178,8.458047,9178,0.4260166585445404
10X_P7_6_TGGTTAGGTCACAAGG,3-F-56,B cell,0,B cell,1.5597968,2.780921,9179,0.6227394342422485
10X_P7_6_TGGTTAGGTCTAGAGG,3-F-56,B cell,0,B cell,2.2369802,4.91213,9180,1.1427206993103027
10X_P7_6_TGGTTAGGTCTCTCTG,3-F-56,B cell,0,B cell,2.718621,5.1551356,9181,1.4857397079467771
10X_P7_6_TGGTTAGGTGACTCAT,3-F-56,B cell,1,Unmatched_1,3.22518,8.457112,9182,0.5141056776046753
10X_P7_6_TGGTTAGGTGTCCTCT,3-F-56,B cell,0,B cell,1.662844,4.359293,9183,0.6695679426193237
10X_P7_6_TGGTTAGTCAGGCCCA,3-F-56,B cell,0,B cell,-0.3904778,5.0265613,9184,0.4741191864013672
10X_P7_6_TGGTTAGTCGGCTTGG,3-F-56,B cell,0,B cell,0.640034,4.5007067,9185,0.740757167339325
10X_P7_6_TGGTTAGTCGTGGGAA,3-F-56,B cell,0,B cell,0.9450966,5.08833,9186,0.5614973902702332
10X_P7_6_TGGTTAGTCTCGAGTA,3-F-56,B cell,0,B cell,1.967531,2.112934,9187,0.5455793142318726
10X_P7_6_TGGTTCCAGATCGATA,3-F-56,B cell,1,Unmatched_1,2.224297,7.279377,9188,0.5920432209968567
10X_P7_6_TGGTTCCAGCGTCTAT,3-F-56,B cell,7,Unmatched_7,3.9697533,13.270506,9189,1.0519566535949707
10X_P7_6_TGGTTCCAGGCAAAGA,3-F-56,B cell,1,Unmatched_1,2.5244815,8.247965,9190,0.4818933308124542
10X_P7_6_TGGTTCCAGTATTGGA,3-F-56,B cell,0,B cell,1.4293425,4.36013,9191,0.570250928401947
10X_P7_6_TGGTTCCCAAACGTGG,3-F-56,B cell,1,Unmatched_1,3.1020696,8.501052,9192,0.4784292876720428
10X_P7_6_TGGTTCCCACAGGCCT,3-F-56,B cell,0,B cell,0.17681538,2.6175709,9193,0.5965349078178406
10X_P7_6_TGGTTCCCATACGCCG,3-F-56,T cell,2,Unmatched_2,26.672716,1.1722969,9194,1.3703727722167969
10X_P7_6_TGGTTCCCATCGTCGG,3-F-56,B cell,1,Unmatched_1,3.3542671,7.7827206,9195,0.535187304019928
10X_P7_6_TGGTTCCGTAGCGCAA,3-F-56,T cell,2,Unmatched_2,27.58522,0.6059745,9196,2.8559908866882324
10X_P7_6_TGGTTCCGTCCCTTGT,3-F-56,T cell,2,Unmatched_2,28.12187,0.6153036,9197,0.8317423462867737
10X_P7_6_TGGTTCCGTCCTGCTT,3-F-56,B cell,7,Unmatched_7,3.917789,13.238612,9198,0.9521092772483826
10X_P7_6_TGGTTCCGTTCGTGAT,3-F-56,B cell,0,B cell,1.8257016,2.1705074,9199,0.5452458262443542
10X_P7_6_TGGTTCCTCAACGGCC,3-F-56,B cell,0,B cell,0.7561203,7.871895,9200,0.8125261664390564
10X_P7_6_TGGTTCCTCACAACGT,3-F-56,B cell,0,B cell,1.5520273,6.040518,9201,0.6641285419464111
10X_P7_6_TGGTTCCTCCTAAGTG,3-F-56,B cell,1,Unmatched_1,3.6662872,7.2523327,9202,1.3612765073776243
10X_P7_6_TGTATTCAGCCTTGAT,3-F-56,B cell,1,Unmatched_1,3.020904,8.668925,9203,0.5300000309944153
10X_P7_6_TGTATTCAGTTGTCGT,3-F-56,B cell,0,B cell,1.3547755,5.7967696,9204,0.8090150356292725
10X_P7_6_TGTATTCCAGACGCTC,3-F-56,T cell,3,T cell,28.474554,-1.2444725,9205,0.9600892663002014
10X_P7_6_TGTATTCCAGACGTAG,3-F-56,B cell,2,Unmatched_2,24.89154,1.9547492,9206,1.1527438163757324
10X_P7_6_TGTATTCCATATACGC,3-F-56,B cell,1,Unmatched_1,3.7751775,7.818008,9207,0.4391832947731018
10X_P7_6_TGTATTCGTAAATGAC,3-F-56,B cell,0,B cell,0.66791964,5.7417207,9208,0.7314519286155701
10X_P7_6_TGTATTCGTTGAGTTC,3-F-56,B cell,0,B cell,2.452179,2.6801407,9209,0.4866534471511841
10X_P7_6_TGTATTCTCGAGGTAG,3-F-56,T cell,2,Unmatched_2,29.14099,1.1150453,9210,0.8131436705589294
10X_P7_6_TGTATTCTCGTTTAGG,3-F-56,B cell,0,B cell,2.2326477,6.962002,9211,0.620101273059845
10X_P7_6_TGTATTCTCTACCTGC,3-F-56,T cell,3,T cell,25.636131,-0.7770164,9212,0.6618115305900574
10X_P7_6_TGTCCCAAGAGGTACC,3-F-56,T cell,3,T cell,26.092451,-1.0176843,9213,0.7758088111877441
10X_P7_6_TGTCCCAAGGCTAGGT,3-F-56,B cell,0,B cell,1.7864913,3.8429744,9214,0.6995097994804382
10X_P7_6_TGTCCCAGTGGCGAAT,3-F-56,B cell,0,B cell,2.1548808,3.066768,9215,0.424512654542923
10X_P7_6_TGTCCCAGTGTCGCTG,3-F-56,B cell,0,B cell,1.0557916,5.0901957,9216,0.5763867497444153
10X_P7_6_TGTCCCAGTTTCCACC,3-F-56,B cell,0,B cell,1.731342,2.6684375,9217,0.7504276633262634
10X_P7_6_TGTCCCATCTTTCCTC,3-F-56,B cell,1,Unmatched_1,4.7297344,7.0049014,9218,1.0389689207077026
10X_P7_6_TGTGGTAAGAAGGTTT,3-F-56,B cell,0,B cell,-1.1934212,4.4197097,9219,1.3855434656143188
10X_P7_6_TGTGGTAAGAGTTGGC,3-F-56,B cell,0,B cell,-0.017347986,2.595609,9220,1.184514045715332
10X_P7_6_TGTGGTAAGCTCAACT,3-F-56,B cell,0,B cell,0.3532476,7.8209333,9221,0.7462788820266724
10X_P7_6_TGTGGTAAGGTGGGTT,3-F-56,B cell,1,Unmatched_1,2.8942125,7.4593077,9222,0.5480763912200928
10X_P7_6_TGTGGTAAGTCCATAC,3-F-56,T cell,2,Unmatched_2,29.167122,1.0645857,9223,1.1250405311584473
10X_P7_6_TGTGGTAAGTCCGTAT,3-F-56,macrophage,4,macrophage,4.8022857,15.041004,9224,2.532930374145508
10X_P7_6_TGTGGTAAGTTCCACA,3-F-56,B cell,1,Unmatched_1,3.2963035,7.694125,9225,0.417696863412857
10X_P7_6_TGTGGTACAAAGAATC,3-F-56,B cell,0,B cell,0.80500245,4.3500466,9226,0.5982399582862854
10X_P7_6_TGTGGTAGTCTAAAGA,3-F-56,T cell,2,Unmatched_2,27.676556,1.362182,9227,0.4930790364742279
10X_P7_6_TGTGGTAGTCTAGTGT,3-F-56,B cell,0,B cell,-1.0732968,5.0110807,9228,1.0546473264694214
10X_P7_6_TGTGGTATCAGTTGAC,3-F-56,T cell,2,Unmatched_2,26.748198,1.2221241,9229,0.614226222038269
10X_P7_6_TGTGGTATCGTGGTCG,3-F-56,B cell,0,B cell,2.354384,7.0915837,9230,0.4942162334918976
10X_P7_6_TGTGGTATCTACTTAC,3-F-56,T cell,3,T cell,26.254866,-0.8593622,9231,0.6026615500450134
10X_P7_6_TGTGTTTAGAGGGCTT,3-F-56,B cell,0,B cell,2.8475354,3.5765066,9232,0.4114924669265747
10X_P7_6_TGTGTTTCAAGGTTTC,3-F-56,T cell,2,Unmatched_2,27.56874,1.0742357,9233,0.9364882111549376
10X_P7_6_TGTGTTTCACTTCTGC,3-F-56,T cell,5,natural killer cell,30.16798,-0.52961326,9234,1.5305360555648804
10X_P7_6_TGTGTTTCATAAGACA,3-F-56,B cell,0,B cell,-0.13355312,3.8906178,9235,0.5135780572891235
10X_P7_6_TGTGTTTCATCAGTCA,3-F-56,T cell,3,T cell,25.689098,-0.76071244,9236,0.6272361874580383
10X_P7_6_TGTGTTTGTATCAGTC,3-F-56,B cell,0,B cell,0.24890888,3.7346041,9237,1.0308011770248413
10X_P7_6_TGTGTTTGTGTCTGAT,3-F-56,T cell,3,T cell,28.198885,-1.5580586,9238,1.3243175745010376
10X_P7_6_TGTGTTTGTTGGGACA,3-F-56,B cell,0,B cell,3.5441854,6.294057,9239,1.0861512422561646
10X_P7_6_TGTGTTTTCATATCGG,3-F-56,B cell,0,B cell,0.03218121,4.360328,9240,0.4279631376266479
10X_P7_6_TGTGTTTTCATTGCGA,3-F-56,T cell,3,T cell,25.738037,-1.15649,9241,0.6610561013221741
10X_P7_6_TGTGTTTTCCGTTGCT,3-F-56,B cell,0,B cell,0.52079403,3.2563045,9242,0.8596669435501099
10X_P7_6_TGTGTTTTCTTTAGTC,3-F-56,T cell,2,Unmatched_2,28.773687,0.12111068,9243,1.744923710823059
10X_P7_6_TGTTCCGAGATCCGAG,3-F-56,B cell,0,B cell,0.1979512,3.5217342,9244,1.0279054641723633
10X_P7_6_TGTTCCGAGCACGCCT,3-F-56,B cell,0,B cell,-0.2622949,3.9774024,9245,0.8649126887321472
10X_P7_6_TGTTCCGAGCGTTTAC,3-F-56,B cell,0,B cell,2.3415127,4.969719,9246,1.2850836515426636
10X_P7_6_TGTTCCGAGGCGACAT,3-F-56,T cell,2,Unmatched_2,27.568573,1.0898683,9247,0.837396502494812
10X_P7_6_TGTTCCGAGTTCCACA,3-F-56,T cell,2,Unmatched_2,27.634012,0.5196441,9248,0.7823940515518188
10X_P7_6_TGTTCCGCAGTCAGCC,3-F-56,T cell,3,T cell,28.472055,-1.4582845,9249,1.0052485466003418
10X_P7_6_TGTTCCGCAGTTTACG,3-F-56,B cell,0,B cell,0.8926144,2.627457,9250,0.6681681871414185
10X_P7_6_TGTTCCGGTAGATTAG,3-F-56,T cell,2,Unmatched_2,28.691652,0.11434547,9251,1.3408929109573364
10X_P7_6_TGTTCCGTCAGTACGT,3-F-56,B cell,0,B cell,2.4366417,6.9314513,9252,0.6106130480766296
10X_P7_6_TTAACTCAGCAAATCA,3-F-56,B cell,1,Unmatched_1,2.5341778,7.58684,9253,0.7289091944694519
10X_P7_6_TTAACTCAGGCTATCT,3-F-56,B cell,0,B cell,-0.96479344,4.2473483,9254,0.5574197769165039
10X_P7_6_TTAACTCGTACATGTC,3-F-56,B cell,0,B cell,1.1529471,4.448742,9255,0.5789718627929688
10X_P7_6_TTAACTCGTAGCGATG,3-F-56,B cell,0,B cell,2.7679958,4.3348947,9256,0.4267201125621795
10X_P7_6_TTAACTCGTCAATACC,3-F-56,T cell,3,T cell,25.830124,-0.51638764,9257,0.7468730211257935
10X_P7_6_TTAACTCGTGAAGGCT,3-F-56,T cell,3,T cell,26.28364,-0.810513,9258,0.806365430355072
10X_P7_6_TTAACTCGTGATAAAC,3-F-56,B cell,1,Unmatched_1,3.0249853,8.636402,9259,0.4291954934597015
10X_P7_6_TTAACTCTCAAACCAC,3-F-56,T cell,3,T cell,26.132612,-1.0737196,9260,0.5486451983451843
10X_P7_6_TTAACTCTCCAATGGT,3-F-56,natural killer cell,5,natural killer cell,31.087559,-1.9247969,9261,2.286675214767456
10X_P7_6_TTAACTCTCCTCATTA,3-F-56,T cell,3,T cell,26.513496,-0.77104366,9262,0.6473272442817688
10X_P7_6_TTAACTCTCGACAGCC,3-F-56,B cell,0,B cell,2.6148496,5.5450034,9263,1.2355271577835083
10X_P7_6_TTAACTCTCGGCCGAT,3-F-56,T cell,2,Unmatched_2,27.67032,1.1461452,9264,0.784883975982666
10X_P7_6_TTAACTCTCTTCTGGC,3-F-56,B cell,0,B cell,1.9254409,4.21063,9265,0.5789174437522888
10X_P7_6_TTAACTCTCTTTAGGG,3-F-56,B cell,1,Unmatched_1,3.2559853,7.8486595,9266,0.5508018732070923
10X_P7_6_TTAGGACAGACTTTCG,3-F-56,B cell,0,B cell,0.018132647,4.1134586,9267,0.5597881078720093
10X_P7_6_TTAGGACAGAGCAATT,3-F-56,T cell,5,natural killer cell,30.244328,-0.47403914,9268,1.3741817474365234
10X_P7_6_TTAGGACAGTGTGAAT,3-F-56,T cell,2,Unmatched_2,26.92434,1.2231883,9269,0.6657351851463318
10X_P7_6_TTAGGACCACGTAAGG,3-F-56,B cell,1,Unmatched_1,4.6767855,7.2766614,9270,1.4626340866088867
10X_P7_6_TTAGGACCATCACGAT,3-F-56,B cell,0,B cell,1.4055034,6.04505,9271,0.7671564817428589
10X_P7_6_TTAGGACCATGAACCT,3-F-56,T cell,3,T cell,26.547768,-1.03401,9272,0.7049679160118103
10X_P7_6_TTAGGACCATTTGCTT,3-F-56,macrophage,4,macrophage,4.7721047,16.273577,9273,3.646089553833008
10X_P7_6_TTAGGACGTAAAGTCA,3-F-56,T cell,3,T cell,25.548634,-0.45807916,9274,0.6604672074317932
10X_P7_6_TTAGGACGTCTTCTCG,3-F-56,B cell,0,B cell,-0.13952018,4.9521403,9275,0.479751855134964
10X_P7_6_TTAGGACGTGCACTTA,3-F-56,B cell,0,B cell,2.7872052,3.841407,9276,0.4795006215572357
10X_P7_6_TTAGGACGTGGCGAAT,3-F-56,B cell,0,B cell,2.1946864,5.396447,9277,1.1963104009628296
10X_P7_6_TTAGGACGTTACGACT,3-F-56,B cell,0,B cell,2.0021043,2.7969108,9278,0.5959276556968689
10X_P7_6_TTAGGACGTTCAGTAC,3-F-56,B cell,0,B cell,0.6803921,4.957854,9279,1.0213693380355835
10X_P7_6_TTAGGACGTTCCGGCA,3-F-56,B cell,2,Unmatched_2,24.901663,1.8649331,9280,1.387868881225586
10X_P7_6_TTAGGACTCTGTCCGT,3-F-56,B cell,1,Unmatched_1,3.101419,8.407984,9281,0.4999176859855652
10X_P7_6_TTAGGACTCTTATCTG,3-F-56,B cell,0,B cell,1.5618505,3.3034182,9282,0.6681962609291077
10X_P7_6_TTAGGCAAGGCTACGA,3-F-56,T cell,2,Unmatched_2,29.312887,0.53348345,9283,1.422542929649353
10X_P7_6_TTAGGCAAGGGTTCCC,3-F-56,B cell,1,Unmatched_1,3.104494,8.021023,9284,0.4962688386440277
10X_P7_6_TTAGGCACAAGGACTG,3-F-56,B cell,0,B cell,-0.2356451,3.63488,9285,0.6540975570678711
10X_P7_6_TTAGGCACAATCGAAA,3-F-56,B cell,0,B cell,0.9445665,6.347146,9286,1.1447862386703491
10X_P7_6_TTAGGCACAATCGGTT,3-F-56,T cell,3,T cell,28.240002,-1.478503,9287,1.0254076719284058
10X_P7_6_TTAGGCACAATGGATA,3-F-56,macrophage,4,macrophage,2.5494168,16.431482,9288,2.270204782485962
10X_P7_6_TTAGGCACAATTGCTG,3-F-56,T cell,2,Unmatched_2,27.343124,1.4645638,9289,0.8589416742324829
10X_P7_6_TTAGGCACACTTCGAA,3-F-56,B cell,0,B cell,0.5539774,5.43164,9290,0.5551900267601013
10X_P7_6_TTAGGCAGTAAGGGAA,3-F-56,B cell,0,B cell,1.1867648,5.0837355,9291,1.251957893371582
10X_P7_6_TTAGGCAGTAGGGACT,3-F-56,macrophage,4,macrophage,5.3140697,16.205452,9292,2.127711057662964
10X_P7_6_TTAGGCAGTATGAATG,3-F-56,B cell,7,Unmatched_7,4.090156,12.947266,9293,0.8776401281356812
10X_P7_6_TTAGGCATCAACACCA,3-F-56,B cell,0,B cell,0.64164454,4.470648,9294,0.5298378467559814
10X_P7_6_TTAGGCATCAGCTCTC,3-F-56,B cell,1,Unmatched_1,3.3404145,7.544944,9295,0.6133954524993896
10X_P7_6_TTAGTTCAGAATGTGT,3-F-56,natural killer cell,5,natural killer cell,30.950916,-2.400333,9296,1.7285521030426023
10X_P7_6_TTAGTTCAGACTAGGC,3-F-56,B cell,0,B cell,2.6944778,7.0520463,9297,0.5934123992919922
10X_P7_6_TTAGTTCAGACTGTAA,3-F-56,B cell,0,B cell,-0.56583065,3.6355064,9298,0.8769533038139343
10X_P7_6_TTAGTTCAGAGACTTA,3-F-56,B cell,0,B cell,-0.31013042,3.9459808,9299,0.6314173936843872
10X_P7_6_TTAGTTCAGAGATGAG,3-F-56,B cell,1,Unmatched_1,2.453421,8.187415,9300,0.5096235871315002
10X_P7_6_TTAGTTCAGAGGACGG,3-F-56,T cell,2,Unmatched_2,28.233618,0.69796,9301,0.8512678146362305
10X_P7_6_TTAGTTCAGAGTACAT,3-F-56,B cell,1,Unmatched_1,3.081847,8.002788,9302,0.4083234369754791
10X_P7_6_TTAGTTCAGATAGTCA,3-F-56,B cell,1,Unmatched_1,2.6117864,7.8347106,9303,0.4889399707317352
10X_P7_6_TTAGTTCAGCATGGCA,3-F-56,T cell,3,T cell,25.507202,-0.49343878,9304,0.6152448654174805
10X_P7_6_TTAGTTCAGCTGCAAG,3-F-56,B cell,0,B cell,0.48574504,6.8945193,9305,0.833265483379364
10X_P7_6_TTAGTTCCATTGAGCT,3-F-56,T cell,2,Unmatched_2,26.899195,0.5743167,9306,0.8005263209342957
10X_P7_6_TTAGTTCGTTGGGACA,3-F-56,B cell,0,B cell,-1.5249044,4.1640334,9307,1.313623547554016
10X_P7_6_TTAGTTCTCATATCGG,3-F-56,B cell,0,B cell,-1.7484303,5.2475696,9308,1.3119736909866333
10X_P7_6_TTAGTTCTCTCTTATG,3-F-56,T cell,2,Unmatched_2,29.376284,0.8330661,9309,1.2567987442016602
10X_P7_6_TTATGCTAGGGCACTA,3-F-56,B cell,0,B cell,-0.17849682,2.9819486,9310,1.1043378114700315
10X_P7_6_TTATGCTCAGTATGCT,3-F-56,B cell,0,B cell,0.23082319,7.6819434,9311,0.7131732702255249
10X_P7_6_TTATGCTCATAGAAAC,3-F-56,B cell,0,B cell,1.7696414,6.6547933,9312,0.7493137121200562
10X_P7_6_TTATGCTGTAAACCTC,3-F-56,B cell,0,B cell,2.0151594,4.747945,9313,1.0215399265289309
10X_P7_6_TTATGCTGTCTTCAAG,3-F-56,T cell,2,Unmatched_2,27.235699,1.0990427,9314,0.7663315534591675
10X_P7_6_TTATGCTGTGGTCCGT,3-F-56,T cell,2,Unmatched_2,27.303265,0.8860463,9315,0.6269071698188782
10X_P7_6_TTATGCTTCGACAGCC,3-F-56,B cell,1,Unmatched_1,1.9217398,7.8861175,9316,0.5473122596740723
10X_P7_6_TTATGCTTCTCTAGGA,3-F-56,B cell,0,B cell,1.1829963,3.0218234,9317,1.082646727561951
10X_P7_6_TTCCCAGAGACAAGCC,3-F-56,B cell,0,B cell,2.349718,3.5531888,9318,0.6826086044311523
10X_P7_6_TTCCCAGAGCCGTCGT,3-F-56,B cell,0,B cell,1.8329895,4.822381,9319,1.251359224319458
10X_P7_6_TTCCCAGCAATCCAAC,3-F-56,macrophage,4,macrophage,5.321354,16.15937,9320,2.5354292392730717
10X_P7_6_TTCCCAGCACCTCGGA,3-F-56,T cell,3,T cell,28.16135,-1.0055234,9321,0.8516778945922852
10X_P7_6_TTCCCAGCAGCGTCCA,3-F-56,B cell,0,B cell,0.16477902,3.770594,9322,0.5843507647514343
10X_P7_6_TTCCCAGGTAGGGACT,3-F-56,B cell,0,B cell,1.6989381,4.470371,9323,0.8865411877632141
10X_P7_6_TTCCCAGGTCCCTTGT,3-F-56,B cell,0,B cell,0.59187305,4.924675,9324,0.5079116821289062
10X_P7_6_TTCCCAGGTCTGGTCG,3-F-56,T cell,2,Unmatched_2,26.69826,1.3734164,9325,0.6898669600486755
10X_P7_6_TTCCCAGGTTGGGACA,3-F-56,B cell,0,B cell,0.3556924,6.1827946,9326,0.6213898658752441
10X_P7_6_TTCCCAGTCAAACGGG,3-F-56,B cell,0,B cell,2.3423512,3.9804382,9327,0.6236560344696045
10X_P7_6_TTCCCAGTCCGTAGGC,3-F-56,B cell,0,B cell,1.7163913,3.0240955,9328,0.5962183475494385
10X_P7_6_TTCCCAGTCCTTGGTC,3-F-56,B cell,0,B cell,0.7420388,5.904564,9329,0.908279299736023
10X_P7_6_TTCCCAGTCGCGGATC,3-F-56,B cell,1,Unmatched_1,3.6533344,7.974753,9330,0.4874536991119385
10X_P7_6_TTCCCAGTCTGCGTAA,3-F-56,T cell,3,T cell,26.395151,-0.5689944,9331,0.7460637092590332
10X_P7_6_TTCCCAGTCTGTTTGT,3-F-56,B cell,0,B cell,0.9055208,4.8818297,9332,1.131102442741394
10X_P7_6_TTCGAAGAGACCCACC,3-F-56,B cell,0,B cell,0.705288,3.8003469,9333,0.8428949117660522
10X_P7_6_TTCGAAGCATGTCCTC,3-F-56,B cell,0,B cell,2.371108,5.222444,9334,1.0800305604934692
10X_P7_6_TTCGAAGGTATCAGTC,3-F-56,B cell,1,Unmatched_1,2.2330124,8.009519,9335,0.6418509483337402
10X_P7_6_TTCGAAGGTTAAGATG,3-F-56,B cell,0,B cell,0.8373691,5.297587,9336,0.5939159989356995
10X_P7_6_TTCGAAGTCAGAGGTG,3-F-56,T cell,3,T cell,28.812128,-1.3893598,9337,2.381690502166748
10X_P7_6_TTCGAAGTCATAACCG,3-F-56,B cell,0,B cell,-0.06706229,6.9662237,9338,1.14130699634552
10X_P7_6_TTCGAAGTCATCTGCC,3-F-56,dendritic cell,8,dendritic cell,3.554443,17.817032,9339,3.125739574432373
10X_P7_6_TTCGAAGTCCCTAACC,3-F-56,B cell,6,Unmatched_6,-0.3317306,12.03867,9340,3.694250106811523
10X_P7_6_TTCGGTCAGCTAAACA,3-F-56,T cell,3,T cell,25.8161,-1.3033665,9341,0.6917418837547302
10X_P7_6_TTCGGTCAGCTGTTCA,3-F-56,macrophage,4,macrophage,4.8315854,15.071468,9342,2.6838767528533936
10X_P7_6_TTCGGTCAGGGTCTCC,3-F-56,B cell,0,B cell,0.9835274,4.991602,9343,0.9928867816925048
10X_P7_6_TTCGGTCAGGTGACCA,3-F-56,B cell,1,Unmatched_1,2.8413625,7.3194704,9344,0.6002434492111206
10X_P7_6_TTCGGTCAGTGTTTGC,3-F-56,T cell,5,natural killer cell,29.900158,-0.76225126,9345,2.573024034500122
10X_P7_6_TTCGGTCCAACGATCT,3-F-56,T cell,3,T cell,26.449286,-0.80846953,9346,0.9930508136749268
10X_P7_6_TTCGGTCCAAGCTGTT,3-F-56,B cell,0,B cell,0.8334303,5.064091,9347,1.1460449695587158
10X_P7_6_TTCGGTCCACAGCCCA,3-F-56,B cell,0,B cell,1.1357826,3.4184673,9348,0.6819239258766174
10X_P7_6_TTCGGTCCACGGCCAT,3-F-56,B cell,0,B cell,2.0768673,6.4635963,9349,0.8585488200187683
10X_P7_6_TTCGGTCGTAGCAAAT,3-F-56,macrophage,4,macrophage,4.4660554,16.23367,9350,3.646089553833008
10X_P7_6_TTCGGTCGTCCTGCTT,3-F-56,B cell,0,B cell,-0.22701046,4.7333994,9351,0.3868860900402069
10X_P7_6_TTCGGTCGTCTTCAAG,3-F-56,B cell,1,Unmatched_1,29.876347,-0.7722215,9352,3.646089553833008
10X_P7_6_TTCGGTCGTGCACCAC,3-F-56,B cell,0,B cell,1.5102341,6.889597,9353,0.7053683400154114
10X_P7_6_TTCGGTCTCACGGTTA,3-F-56,macrophage,4,macrophage,4.9864492,16.237698,9354,2.4602320194244385
10X_P7_6_TTCGGTCTCGGTCTAA,3-F-56,B cell,1,Unmatched_1,4.6744695,7.2706747,9355,1.7395175695419312
10X_P7_6_TTCTACAAGACGCTTT,3-F-56,B cell,1,Unmatched_1,2.3469868,8.227505,9356,0.5480907559394836
10X_P7_6_TTCTACACAATGAAAC,3-F-56,T cell,3,T cell,26.096272,-1.1357725,9357,1.0860846042633057
10X_P7_6_TTCTACACAGGGATTG,3-F-56,T cell,2,Unmatched_2,27.779104,1.4508759,9358,0.6809159517288208
10X_P7_6_TTCTACACAGGGTATG,3-F-56,B cell,1,Unmatched_1,2.5895972,8.485245,9359,0.6093610525131226
10X_P7_6_TTCTACAGTAAGGGCT,3-F-56,T cell,5,natural killer cell,30.074305,-0.6671936,9360,1.9337613582611084
10X_P7_6_TTCTACAGTGATAAGT,3-F-56,natural killer cell,5,natural killer cell,31.090082,-2.0355601,9361,2.0772221088409424
10X_P7_6_TTCTACATCGGCCGAT,3-F-56,B cell,0,B cell,0.47408915,3.0489764,9362,0.6607391834259033
10X_P7_6_TTCTACATCTCGAGTA,3-F-56,T cell,5,natural killer cell,30.20525,-0.5346137,9363,2.128291130065918
10X_P7_6_TTCTCAAAGTTAGGTA,3-F-56,macrophage,4,macrophage,3.6781118,15.713866,9364,1.5396965742111206
10X_P7_6_TTCTCAACAAACCTAC,3-F-56,B cell,0,B cell,1.2000476,2.9923377,9365,0.6340961456298828
10X_P7_6_TTCTCAACAACCGCCA,3-F-56,T cell,3,T cell,27.034666,-0.31148368,9366,1.07688307762146
10X_P7_6_TTCTCAACACTTCTGC,3-F-56,B cell,0,B cell,0.40292427,7.825339,9367,0.7138665914535522
10X_P7_6_TTCTCAACAGCATGAG,3-F-56,B cell,1,Unmatched_1,4.360831,7.044182,9368,1.0635828971862793
10X_P7_6_TTCTCAAGTGAAAGAG,3-F-56,T cell,3,T cell,26.614857,-0.74839747,9369,0.5933430790901184
10X_P7_6_TTCTCAAGTGACTCAT,3-F-56,B cell,0,B cell,1.5837723,5.6251774,9370,0.8148521780967712
10X_P7_6_TTCTCAAGTTACCGAT,3-F-56,B cell,0,B cell,0.983805,7.4546967,9371,0.7796609997749329
10X_P7_6_TTCTCAATCATGTGGT,3-F-56,T cell,3,T cell,28.481552,-1.3782935,9372,1.3049728870391846
10X_P7_6_TTCTCAATCCATGAGT,3-F-56,T cell,3,T cell,28.580698,-1.289607,9373,1.290030837059021
10X_P7_6_TTCTCCTCAACTGCGC,3-F-56,B cell,0,B cell,-0.57072425,5.003537,9374,0.8108408451080322
10X_P7_6_TTCTCCTCATACGCTA,3-F-56,B cell,1,Unmatched_1,3.8208137,7.7560415,9375,0.6059801578521729
10X_P7_6_TTCTCCTCATCGGTTA,3-F-56,B cell,0,B cell,0.88827133,5.138098,9376,0.82253098487854
10X_P7_6_TTCTCCTGTAGCGCAA,3-F-56,B cell,0,B cell,2.7848256,4.6582856,9377,0.6362790465354919
10X_P7_6_TTCTCCTGTATCGCAT,3-F-56,T cell,5,natural killer cell,30.061102,-0.6788095,9378,1.7217999696731567
10X_P7_6_TTCTCCTGTGTCAATC,3-F-56,B cell,1,Unmatched_1,3.3525505,8.338099,9379,0.6518226861953735
10X_P7_6_TTCTCCTTCAACACTG,3-F-56,T cell,3,T cell,28.324917,-1.2614433,9380,1.3783279657363892
10X_P7_6_TTCTCCTTCAGTGCAT,3-F-56,B cell,0,B cell,1.3715543,2.376326,9381,0.5627959370613098
10X_P7_6_TTCTCCTTCGCCAAAT,3-F-56,T cell,3,T cell,28.104177,-1.4844154,9382,1.0832417011260986
10X_P7_6_TTCTCCTTCTGCTGCT,3-F-56,B cell,1,Unmatched_1,-2.635802,4.0633764,9383,1.2185773849487305
10X_P7_6_TTCTCCTTCTTCCTTC,3-F-56,B cell,0,B cell,2.4908984,3.5878656,9384,0.5033961534500122
10X_P7_6_TTCTTAGAGACAGACC,3-F-56,T cell,3,T cell,25.796406,-0.61802685,9385,1.5854252576828003
10X_P7_6_TTCTTAGAGAGCCTAG,3-F-56,B cell,0,B cell,-0.3392121,4.417222,9386,0.4396083354949951
10X_P7_6_TTCTTAGAGAGTAATC,3-F-56,B cell,0,B cell,1.8796318,5.6721387,9387,0.8247235417366028
10X_P7_6_TTCTTAGAGCGACGTA,3-F-56,macrophage,4,macrophage,5.188382,16.055717,9388,3.039308786392212
10X_P7_6_TTCTTAGAGCGTGTCC,3-F-56,B cell,0,B cell,1.0240339,2.8908596,9389,0.66922527551651
10X_P7_6_TTCTTAGCAATGGACG,3-F-56,B cell,0,B cell,0.78133506,3.5492585,9390,0.437432050704956
10X_P7_6_TTCTTAGCAGTAAGCG,3-F-56,B cell,0,B cell,-0.34029874,3.1210008,9391,0.7551974058151245
10X_P7_6_TTCTTAGCAGTATGCT,3-F-56,B cell,1,Unmatched_1,3.8052177,8.04462,9392,0.8909421563148499
10X_P7_6_TTCTTAGCATCACGTA,3-F-56,B cell,0,B cell,0.59254205,4.5159845,9393,0.7442801594734192
10X_P7_6_TTCTTAGGTAGAGCTG,3-F-56,B cell,1,Unmatched_1,2.9689698,8.47322,9394,0.5431894063949585
10X_P7_6_TTCTTAGGTAGCAAAT,3-F-56,B cell,7,Unmatched_7,0.44294432,10.746977,9395,1.1837867498397827
10X_P7_6_TTCTTAGGTAGCGTCC,3-F-56,B cell,0,B cell,1.6300781,1.8644452,9396,0.7842549085617065
10X_P7_6_TTCTTAGGTCACTTCC,3-F-56,B cell,0,B cell,0.7969376,5.449097,9397,0.7616826295852661
10X_P7_6_TTCTTAGGTCCATGAT,3-F-56,B cell,0,B cell,2.1623452,4.7625976,9398,0.7014948725700378
10X_P7_6_TTCTTAGGTCGACTAT,3-F-56,T cell,3,T cell,25.971933,-0.5395945,9399,0.6802202463150024
10X_P7_6_TTCTTAGGTGTTCGAT,3-F-56,T cell,3,T cell,28.7213,-1.4285661,9400,1.5113505125045776
10X_P7_6_TTCTTAGTCAGTTCGA,3-F-56,B cell,1,Unmatched_1,-2.580719,4.2023396,9401,0.8200646042823792
10X_P7_6_TTCTTAGTCCCTAACC,3-F-56,T cell,2,Unmatched_2,28.589626,0.25504613,9402,1.2819838523864746
10X_P7_6_TTGAACGAGAGACGAA,3-F-56,B cell,0,B cell,1.7990489,6.131811,9403,0.7669224739074707
10X_P7_6_TTGAACGAGATACACA,3-F-56,T cell,2,Unmatched_2,27.615358,1.4684346,9404,0.6587234139442444
10X_P7_6_TTGAACGAGCACCGTC,3-F-56,B cell,0,B cell,1.5393939,2.6447825,9405,0.6353641152381897
10X_P7_6_TTGAACGAGGATGGTC,3-F-56,T cell,3,T cell,25.902506,-1.3564001,9406,0.6684019565582275
10X_P7_6_TTGAACGAGTCCGTAT,3-F-56,B cell,0,B cell,-1.9829829,5.3894453,9407,2.334892988204956
10X_P7_6_TTGAACGAGTGAAGAG,3-F-56,B cell,2,Unmatched_2,25.176912,2.230836,9408,1.7869219779968262
10X_P7_6_TTGAACGCAAGGGTCA,3-F-56,B cell,0,B cell,2.5118127,4.973458,9409,1.0255590677261353
10X_P7_6_TTGAACGCACCTCGTT,3-F-56,B cell,0,B cell,-0.034587745,3.9579134,9410,0.3964556753635406
10X_P7_6_TTGAACGGTCTTGATG,3-F-56,T cell,2,Unmatched_2,26.810118,0.87303793,9411,0.6683420538902283
10X_P7_6_TTGAACGTCCACGAAT,3-F-56,B cell,0,B cell,1.9243672,2.4396794,9412,0.5206536054611206
10X_P7_6_TTGAACGTCGTAGGTT,3-F-56,B cell,0,B cell,1.3910534,5.183675,9413,2.641234874725342
10X_P7_6_TTGACTTAGAACAATC,3-F-56,T cell,3,T cell,26.266768,-1.0904913,9414,0.5901384353637695
10X_P7_6_TTGACTTAGGCAATTA,3-F-56,B cell,2,Unmatched_2,24.927513,1.8951315,9415,1.1759848594665527
10X_P7_6_TTGACTTCAAGCGAGT,3-F-56,B cell,0,B cell,0.3376287,3.5011942,9416,0.505145251750946
10X_P7_6_TTGACTTCAATCCAAC,3-F-56,T cell,3,T cell,27.131493,-0.717707,9417,0.9487002491950988
10X_P7_6_TTGACTTCACATTTCT,3-F-56,B cell,0,B cell,-0.15039888,4.2744217,9418,0.3981156647205353
10X_P7_6_TTGACTTCAGATGGCA,3-F-56,B cell,4,macrophage,4.3143826,14.766973,9419,2.8559908866882324
10X_P7_6_TTGACTTCATGTTGAC,3-F-56,B cell,1,Unmatched_1,3.4163542,8.089141,9420,0.695319652557373
10X_P7_6_TTGACTTGTCATTAGC,3-F-56,B cell,0,B cell,1.6481048,1.8860027,9421,0.6717339158058167
10X_P7_6_TTGACTTGTCGAACAG,3-F-56,B cell,0,B cell,1.358289,3.5550985,9422,0.5888117551803589
10X_P7_6_TTGACTTGTCTTTCAT,3-F-56,B cell,0,B cell,2.822004,4.629766,9423,0.6285446882247925
10X_P7_6_TTGACTTGTGATAAAC,3-F-56,B cell,1,Unmatched_1,1.5454757,8.118418,9424,0.9356841444969176
10X_P7_6_TTGACTTGTTATCCGA,3-F-56,B cell,0,B cell,1.3479707,5.1118355,9425,0.5912601351737976
10X_P7_6_TTGACTTTCGGTCTAA,3-F-56,B cell,0,B cell,1.9745241,4.5837183,9426,0.8390174508094788
10X_P7_6_TTGACTTTCTGACCTC,3-F-56,B cell,0,B cell,2.3476949,5.13396,9427,1.3056151866912842
10X_P7_6_TTGCCGTAGTGGAGAA,3-F-56,B cell,0,B cell,0.5254854,3.9136608,9428,0.637174665927887
10X_P7_6_TTGCCGTCAAATTGCC,3-F-56,B cell,0,B cell,2.0720465,3.2242208,9429,0.4272478520870209
10X_P7_6_TTGCCGTCACGAAAGC,3-F-56,B cell,0,B cell,0.7607335,4.4333463,9430,0.90338134765625
10X_P7_6_TTGCCGTCACGACTCG,3-F-56,B cell,1,Unmatched_1,2.9786239,8.340374,9431,0.4365143477916717
10X_P7_6_TTGCCGTTCCCATTAT,3-F-56,B cell,0,B cell,0.8876394,3.86184,9432,0.8633357882499695
10X_P7_6_TTGCCGTTCTGAGTGT,3-F-56,B cell,0,B cell,1.5015595,4.1654053,9433,0.751031756401062
10X_P7_6_TTGCCGTTCTGCAAGT,3-F-56,T cell,2,Unmatched_2,27.28446,1.2799047,9434,0.5408984422683716
10X_P7_6_TTGCCGTTCTTCAACT,3-F-56,B cell,0,B cell,-0.943029,3.343608,9435,0.9139835238456726
10X_P7_6_TTGCGTCAGAGTTGGC,3-F-56,B cell,0,B cell,1.6301575,6.9417763,9436,0.6821879744529724
10X_P7_6_TTGCGTCAGCCGATTT,3-F-56,B cell,1,Unmatched_1,3.7600207,7.7948475,9437,0.5350918769836426
10X_P7_6_TTGCGTCAGGTGGGTT,3-F-56,B cell,0,B cell,1.1260226,3.107758,9438,0.4879755079746246
10X_P7_6_TTGCGTCAGTGGAGTC,3-F-56,B cell,0,B cell,1.8779051,6.013066,9439,0.8900179266929626
10X_P7_6_TTGCGTCCAACGATGG,3-F-56,B cell,0,B cell,-0.05537498,3.0064337,9440,0.5296441316604614
10X_P7_6_TTGCGTCCACATGGGA,3-F-56,B cell,1,Unmatched_1,3.109301,8.356691,9441,0.5046576857566833
10X_P7_6_TTGCGTCTCACCCGAG,3-F-56,T cell,2,Unmatched_2,27.009125,0.90144604,9442,0.6303737759590149
10X_P7_6_TTGCGTCTCACCGTAA,3-F-56,macrophage,4,macrophage,2.545646,16.440298,9443,2.661242723464966
10X_P7_6_TTGCGTCTCACTCCTG,3-F-56,T cell,3,T cell,26.3099,-0.726956,9444,0.7807908654212952
10X_P7_6_TTGCGTCTCATCGGAT,3-F-56,B cell,0,B cell,0.9634428,4.8546586,9445,0.7638683319091797
10X_P7_6_TTGCGTCTCCTCATTA,3-F-56,B cell,6,Unmatched_6,-0.33737376,12.043993,9446,3.0889596939086914
10X_P7_6_TTGCGTCTCCTGCTTG,3-F-56,B cell,6,Unmatched_6,-0.33885476,12.046822,9447,3.8256642818450928
10X_P7_6_TTGCGTCTCTTAACCT,3-F-56,B cell,0,B cell,2.0502825,6.2460594,9448,0.5763226747512817
10X_P7_6_TTGGAACCACTCAGGC,3-F-56,B cell,0,B cell,2.6651301,2.564128,9449,0.5939982533454895
10X_P7_6_TTGGAACGTATGAAAC,3-F-56,B cell,0,B cell,-1.7032529,4.154917,9450,0.9697622656822203
10X_P7_6_TTGGAACGTCGGATCC,3-F-56,T cell,3,T cell,27.551985,-0.98004323,9451,1.1008617877960205
10X_P7_6_TTGGAACGTCTCTTTA,3-F-56,B cell,0,B cell,1.7915825,5.261932,9452,0.6708083748817444
10X_P7_6_TTGGAACGTTAAGGGC,3-F-56,B cell,0,B cell,2.545121,7.071338,9453,0.8583981394767761
10X_P7_6_TTGGAACGTTATCACG,3-F-56,T cell,2,Unmatched_2,29.30315,0.6056688,9454,1.2680902481079102
10X_P7_6_TTGGAACTCCAAAGTC,3-F-56,B cell,0,B cell,-0.93690586,3.2864037,9455,0.8685566186904907
10X_P7_6_TTGGAACTCCCTCTTT,3-F-56,T cell,2,Unmatched_2,27.552755,0.654201,9456,0.6614683866500854
10X_P7_6_TTGGAACTCTCTGAGA,3-F-56,B cell,0,B cell,-0.38469666,4.782112,9457,0.464819997549057
10X_P7_6_TTGGAACTCTTTAGTC,3-F-56,T cell,3,T cell,28.353296,-0.7804324,9458,1.1989567279815674
10X_P7_6_TTGGCAACAAGCTGGA,3-F-56,B cell,0,B cell,2.8498006,4.776395,9459,0.9686402082443236
10X_P7_6_TTGGCAACAGACAGGT,3-F-56,B cell,1,Unmatched_1,3.9559345,7.1192846,9460,0.6041911840438843
10X_P7_6_TTGGCAAGTGTGCGTC,3-F-56,macrophage,4,macrophage,2.0824275,15.906697,9461,2.8559908866882324
10X_P7_6_TTGGCAATCAACTCTT,3-F-56,B cell,6,Unmatched_6,0.2459151,11.353717,9462,1.6141570806503296
10X_P7_6_TTGGCAATCATAAAGG,3-F-56,B cell,2,Unmatched_2,25.235975,2.1683338,9463,0.8691458702087402
10X_P7_6_TTGGCAATCATAGCAC,3-F-56,macrophage,6,Unmatched_6,0.25611567,11.447775,9464,2.8559908866882324
10X_P7_6_TTGGCAATCATTCACT,3-F-56,B cell,0,B cell,-0.459255,4.06443,9465,0.4508585333824157
10X_P7_6_TTGGCAATCCGCGCAA,3-F-56,T cell,5,natural killer cell,30.036844,-0.6255793,9466,1.5793471336364746
10X_P7_6_TTGGCAATCTCGGACG,3-F-56,T cell,5,natural killer cell,30.090006,-0.7634973,9467,1.6766436100006104
10X_P7_6_TTGGCAATCTGCTGCT,3-F-56,macrophage,4,macrophage,3.208134,16.13783,9468,1.994352459907532
10X_P7_6_TTGTAGGAGACTAAGT,3-F-56,B cell,0,B cell,0.19858165,5.250001,9469,0.3899121284484863
10X_P7_6_TTGTAGGAGTAGCCGA,3-F-56,B cell,0,B cell,3.4092226,6.4508595,9470,0.5610657334327698
10X_P7_6_TTGTAGGCACCCTATC,3-F-56,B cell,0,B cell,0.6513445,4.686494,9471,0.9931208491325378
10X_P7_6_TTGTAGGCAGGCTGAA,3-F-56,B cell,0,B cell,1.4265242,2.4420376,9472,0.6488962769508362
10X_P7_6_TTGTAGGCATCCCATC,3-F-56,B cell,1,Unmatched_1,2.5875773,8.126973,9473,0.4776038527488708
10X_P7_6_TTGTAGGGTGACTACT,3-F-56,B cell,0,B cell,-0.29531595,3.8323314,9474,1.0960949659347534
10X_P7_6_TTGTAGGGTGGTACAG,3-F-56,T cell,3,T cell,26.226976,-0.89835525,9475,0.5825861692428589
10X_P7_6_TTGTAGGGTTTGACTG,3-F-56,B cell,0,B cell,0.6069414,4.2308292,9476,0.6444492340087891
10X_P7_6_TTGTAGGTCAGAGCTT,3-F-56,B cell,0,B cell,1.751179,2.7930384,9477,0.4660382866859436
10X_P7_6_TTGTAGGTCATCGATG,3-F-56,B cell,0,B cell,0.8034913,3.2854092,9478,0.5141873359680176
10X_P7_6_TTGTAGGTCGATCCCT,3-F-56,T cell,3,T cell,26.318602,-1.0343957,9479,0.6725156903266907
10X_P7_6_TTGTAGGTCTACCTGC,3-F-56,T cell,2,Unmatched_2,27.608803,0.7180241,9480,0.7755126357078552
10X_P7_6_TTTACTGAGAGCCCAA,3-F-56,T cell,3,T cell,26.054373,-0.6156021,9481,0.7173525094985962
10X_P7_6_TTTACTGAGCGACGTA,3-F-56,B cell,0,B cell,2.1156328,6.0831356,9482,0.8010507822036743
10X_P7_6_TTTACTGAGCTAGTGG,3-F-56,B cell,0,B cell,1.2633146,5.1143007,9483,0.8346484899520874
10X_P7_6_TTTACTGAGGTGACCA,3-F-56,B cell,0,B cell,1.9664298,1.9052912,9484,0.5719706416130066
10X_P7_6_TTTACTGCAAGCGCTC,3-F-56,B cell,0,B cell,1.6506323,3.9933236,9485,0.635236382484436
10X_P7_6_TTTACTGCAATGCCAT,3-F-56,macrophage,4,macrophage,3.7258952,15.674782,9486,1.9007614850997925
10X_P7_6_TTTACTGCAGGATTGG,3-F-56,T cell,2,Unmatched_2,28.77858,0.10307834,9487,2.248386859893799
10X_P7_6_TTTACTGCAGTCGATT,3-F-56,B cell,0,B cell,1.6322402,2.7806535,9488,0.559330940246582
10X_P7_6_TTTACTGCATGGTCAT,3-F-56,B cell,0,B cell,1.1623529,2.958387,9489,0.7139358520507812
10X_P7_6_TTTACTGGTTACGCGC,3-F-56,B cell,0,B cell,0.18777463,3.551475,9490,0.960837721824646
10X_P7_6_TTTACTGTCACAGGCC,3-F-56,T cell,3,T cell,27.607735,-0.52349335,9491,2.178501605987549
10X_P7_6_TTTATGCAGCTGCGAA,3-F-56,B cell,0,B cell,2.3406923,2.752758,9492,0.5005823373794556
10X_P7_6_TTTATGCCAAGCTGGA,3-F-56,T cell,3,T cell,27.017729,-0.7412974,9493,0.9468437433242798
10X_P7_6_TTTATGCCAGCCTATA,3-F-56,T cell,2,Unmatched_2,26.670559,1.3545562,9494,0.6931513547897339
10X_P7_6_TTTATGCGTCAAACTC,3-F-56,B cell,0,B cell,0.71109015,7.9284787,9495,0.9415521025657654
10X_P7_6_TTTATGCGTTCAACCA,3-F-56,B cell,0,B cell,0.41066015,3.1476047,9496,1.0070788860321045
10X_P7_6_TTTATGCTCACCGTAA,3-F-56,B cell,0,B cell,0.7195393,3.2304397,9497,0.6104722619056702
10X_P7_6_TTTATGCTCCACGACG,3-F-56,T cell,2,Unmatched_2,27.38888,1.4061569,9498,0.5931814312934875
10X_P7_6_TTTATGCTCTGCTTGC,3-F-56,macrophage,4,macrophage,4.6163216,16.264565,9499,3.646089553833008
10X_P7_6_TTTCCTCCAACTGGCC,3-F-56,natural killer cell,5,natural killer cell,30.958492,-2.4471223,9500,1.7988336086273191
10X_P7_6_TTTCCTCCAAGTAATG,3-F-56,B cell,0,B cell,1.9068366,4.3408847,9501,0.6490715742111206
10X_P7_6_TTTCCTCCAATGCCAT,3-F-56,T cell,3,T cell,28.172943,-1.5212525,9502,1.0137487649917605
10X_P7_6_TTTCCTCCAGTGGAGT,3-F-56,B cell,0,B cell,0.18658325,4.0833035,9503,0.6617565751075745
10X_P7_6_TTTCCTCCAGTTCCCT,3-F-56,B cell,0,B cell,1.7816718,2.7426364,9504,0.5463960766792297
10X_P7_6_TTTCCTCCATAACCTG,3-F-56,T cell,2,Unmatched_2,28.604752,1.0447496,9505,0.7213007807731628
10X_P7_6_TTTCCTCCATAGACTC,3-F-56,dendritic cell,8,dendritic cell,3.5769253,17.848974,9506,4.423102378845215
10X_P7_6_TTTCCTCGTCACCTAA,3-F-56,B cell,0,B cell,2.5551555,4.4523406,9507,0.6182940006256104
10X_P7_6_TTTCCTCGTCTCTCGT,3-F-56,B cell,6,Unmatched_6,0.7432655,11.465475,9508,5.334986209869385
10X_P7_6_TTTCCTCGTGACTACT,3-F-56,B cell,0,B cell,-1.716679,4.149642,9509,1.380295991897583
10X_P7_6_TTTCCTCGTGCAGGTA,3-F-56,B cell,0,B cell,1.7745827,1.8844087,9510,0.5400534868240356
10X_P7_6_TTTCCTCTCACATAGC,3-F-56,B cell,0,B cell,0.43505484,7.657439,9511,0.809630274772644
10X_P7_6_TTTCCTCTCCATGCTC,3-F-56,T cell,3,T cell,26.190004,-0.7711851,9512,0.5347078442573547
10X_P7_6_TTTGCGCAGACTAGGC,3-F-56,B cell,2,Unmatched_2,24.95023,1.9818779,9513,1.218714952468872
10X_P7_6_TTTGCGCAGCGACGTA,3-F-56,B cell,0,B cell,-2.0465055,5.340867,9514,1.268188238143921
10X_P7_6_TTTGCGCAGCGGCTTC,3-F-56,B cell,0,B cell,1.1696091,2.5032825,9515,0.6253570914268494
10X_P7_6_TTTGCGCAGGAATGGA,3-F-56,B cell,0,B cell,2.561927,3.6554716,9516,0.4021951556205749
10X_P7_6_TTTGCGCCAACTGGCC,3-F-56,T cell,2,Unmatched_2,27.37301,1.3000811,9517,0.7266070246696472
10X_P7_6_TTTGCGCCACATCCGG,3-F-56,T cell,3,T cell,26.789215,-0.46946862,9518,1.0692659616470337
10X_P7_6_TTTGCGCCATGCTGGC,3-F-56,B cell,0,B cell,0.64314127,4.815374,9519,0.4232401251792907
10X_P7_6_TTTGCGCGTCGATTGT,3-F-56,B cell,0,B cell,2.1701572,4.047352,9520,0.8576521277427673
10X_P7_6_TTTGCGCGTCTTCGTC,3-F-56,B cell,0,B cell,-0.7268359,3.9500635,9521,0.7796059250831604
10X_P7_6_TTTGCGCGTGAGGGAG,3-F-56,B cell,0,B cell,1.219612,3.8399427,9522,0.7288639545440674
10X_P7_6_TTTGCGCGTGCGGTAA,3-F-56,B cell,1,Unmatched_1,1.7299391,7.684117,9523,0.7591232657432556
10X_P7_6_TTTGCGCGTTTAGCTG,3-F-56,B cell,0,B cell,2.0847144,2.4536836,9524,0.5137931704521179
10X_P7_6_TTTGCGCTCACGCGGT,3-F-56,B cell,0,B cell,1.6180563,3.184408,9525,0.8432939648628235
10X_P7_6_TTTGCGCTCGAGCCCA,3-F-56,B cell,0,B cell,0.44780368,7.78185,9526,1.507912278175354
10X_P7_6_TTTGCGCTCGCCTGAG,3-F-56,B cell,0,B cell,0.85399413,4.1036344,9527,0.545712411403656
10X_P7_6_TTTGGTTAGAGGACGG,3-F-56,B cell,0,B cell,-1.1031864,4.4981127,9528,1.1139328479766846
10X_P7_6_TTTGGTTCACAACGCC,3-F-56,B cell,1,Unmatched_1,2.346137,7.9623175,9529,0.5985816121101379
10X_P7_6_TTTGGTTCACTTGGAT,3-F-56,T cell,2,Unmatched_2,27.617546,1.4561753,9530,0.5736920833587646
10X_P7_6_TTTGGTTCATGGAATA,3-F-56,B cell,6,Unmatched_6,-0.3318397,12.038786,9531,3.5029664039611816
10X_P7_6_TTTGGTTGTATGAATG,3-F-56,B cell,0,B cell,1.0374098,3.0762963,9532,1.1197552680969238
10X_P7_6_TTTGGTTGTCACTGGC,3-F-56,T cell,3,T cell,25.96007,-1.2985811,9533,0.5937139987945557
10X_P7_6_TTTGGTTGTCAGCTAT,3-F-56,T cell,2,Unmatched_2,26.905502,1.3564901,9534,1.0460978746414185
10X_P7_6_TTTGGTTGTGGGTCAA,3-F-56,macrophage,4,macrophage,3.7109554,15.681424,9535,1.6105846166610718
10X_P7_6_TTTGGTTTCAGAGACG,3-F-56,B cell,0,B cell,0.57505876,4.9670296,9536,1.1166081428527832
10X_P7_6_TTTGGTTTCGAATCCA,3-F-56,B cell,0,B cell,2.0030055,3.0727472,9537,0.5731300711631775
10X_P7_6_TTTGGTTTCGGAAACG,3-F-56,B cell,0,B cell,1.2549883,4.19786,9538,0.5348469018936157
10X_P7_6_TTTGGTTTCTAACTGG,3-F-56,B cell,1,Unmatched_1,3.1885705,7.6307373,9539,0.7994515895843506
10X_P7_6_TTTGGTTTCTGGGCCA,3-F-56,B cell,0,B cell,1.1646088,6.072104,9540,1.1450533866882324
10X_P7_6_TTTGTCAAGCGATATA,3-F-56,B cell,0,B cell,0.15386373,7.486687,9541,0.7094572186470032
10X_P7_6_TTTGTCAAGGGCACTA,3-F-56,B cell,1,Unmatched_1,3.147571,8.475851,9542,0.4631751477718353
10X_P7_6_TTTGTCACAAGTACCT,3-F-56,B cell,0,B cell,1.7271864,1.9928567,9543,0.6379160284996033
10X_P7_6_TTTGTCACAAGTTCTG,3-F-56,B cell,0,B cell,0.27913684,3.7870917,9544,0.6804389357566833
10X_P7_6_TTTGTCAGTAGTGAAT,3-F-56,T cell,3,T cell,28.768751,-0.4684846,9545,3.646089553833008
10X_P7_6_TTTGTCAGTCACTGGC,3-F-56,B cell,0,B cell,1.8080032,2.8432636,9546,0.6291061043739319
10X_P7_6_TTTGTCAGTTTGCATG,3-F-56,B cell,0,B cell,0.24075687,3.4435802,9547,1.2492926120758057
10X_P7_6_TTTGTCATCAAACCAC,3-F-56,B cell,0,B cell,0.10974619,4.90499,9548,0.4597322344779968
10X_P7_6_TTTGTCATCGTGACAT,3-F-56,B cell,0,B cell,0.3045853,5.796504,9549,1.3153698444366455
10X_P7_6_TTTGTCATCTCAACTT,3-F-56,T cell,2,Unmatched_2,27.067553,0.9071478,9550,0.8730420470237732
10X_P7_6_TTTGTCATCTTAGAGC,3-F-56,macrophage,4,macrophage,1.9546956,16.729801,9551,2.261985540390014
