cell_id,batch,true_label,predicted_label,aligned_predicted_label,umap_1,umap_2,cell_index,scraw_reconstruction_weight
human1_lib1.final_cell_0001-0,human1,acinar,2,acinar,16.667524,15.722066,0,0.9714178442955016
human1_lib1.final_cell_0002-0,human1,acinar,2,acinar,18.054926,13.945486,1,0.928289532661438
human1_lib1.final_cell_0003-0,human1,acinar,2,acinar,17.920567,13.678985,2,0.8360571265220642
human1_lib1.final_cell_0004-0,human1,acinar,2,acinar,17.86184,14.724932,3,1.3489404916763306
human1_lib1.final_cell_0005-0,human1,acinar,2,acinar,18.07965,12.610767,4,1.027095079421997
human1_lib1.final_cell_0006-0,human1,acinar,2,acinar,16.437521,14.866639,5,0.9881423711776732
human1_lib1.final_cell_0007-0,human1,beta,0,beta,1.9355752,12.001344,6,0.4047490358352661
human1_lib1.final_cell_0008-0,human1,acinar,2,acinar,17.914553,12.572366,7,0.8613643050193787
human1_lib1.final_cell_0009-0,human1,acinar,2,acinar,17.691628,13.276242,8,1.0129859447479248
human1_lib1.final_cell_0010-0,human1,acinar,2,acinar,16.370968,15.960267,9,0.7983218431472778
human1_lib1.final_cell_0011-0,human1,acinar,2,acinar,16.373722,15.084458,10,0.9012791514396667
human1_lib1.final_cell_0012-0,human1,acinar,2,acinar,16.695847,14.528857,11,1.0999648571014404
human1_lib1.final_cell_0013-0,human1,delta,4,delta,-4.3035955,2.4353988,12,0.3970616161823272
human1_lib1.final_cell_0014-0,human1,delta,4,delta,-4.1506844,2.6590393,13,0.3845422863960266
human1_lib1.final_cell_0015-0,human1,beta,0,beta,-0.9709671,7.1712923,14,0.7921956777572632
human1_lib1.final_cell_0016-0,human1,activated_stellate,5,activated_stellate,11.562492,5.140202,15,1.705127477645874
human1_lib1.final_cell_0017-0,human1,beta,0,beta,-0.6684155,8.923567,16,0.4789070785045624
human1_lib1.final_cell_0018-0,human1,acinar,2,acinar,16.83201,15.700507,17,0.9628588557243348
human1_lib1.final_cell_0019-0,human1,ductal,3,ductal,18.198792,-0.90787655,18,1.6165125370025637
human1_lib1.final_cell_0020-0,human1,beta,0,beta,-0.88650113,11.277057,19,0.9652663469314576
human1_lib1.final_cell_0021-0,human1,beta,0,beta,-0.9586884,10.886733,20,0.4429643750190735
human1_lib1.final_cell_0022-0,human1,alpha,1,alpha,7.6782446,-6.173082,21,0.6101475954055786
human1_lib1.final_cell_0023-0,human1,ductal,3,ductal,17.40323,3.0711956,22,1.4703165292739868
human1_lib1.final_cell_0024-0,human1,beta,0,beta,1.7244848,11.246096,23,0.3858529031276703
human1_lib1.final_cell_0025-0,human1,delta,4,delta,-4.7786403,2.8804226,24,0.4819028377532959
human1_lib1.final_cell_0026-0,human1,alpha,1,alpha,9.660915,-6.498064,25,0.6580755114555359
human1_lib1.final_cell_0027-0,human1,beta,0,beta,0.33899984,11.89578,26,0.3845422863960266
human1_lib1.final_cell_0028-0,human1,acinar,2,acinar,17.978964,13.818811,27,0.9920681715011596
human1_lib1.final_cell_0029-0,human1,acinar,2,acinar,17.75934,15.569202,28,1.3900232315063477
human1_lib1.final_cell_0030-0,human1,beta,0,beta,0.1422646,11.959804,29,0.3845422863960266
human1_lib1.final_cell_0031-0,human1,delta,4,delta,-3.504216,2.3867862,30,0.7155451774597168
human1_lib1.final_cell_0032-0,human1,delta,4,delta,-3.7450507,3.0203023,31,0.4858134686946869
human1_lib1.final_cell_0033-0,human1,delta,4,delta,-4.405707,2.6028588,32,0.3845422863960266
human1_lib1.final_cell_0034-0,human1,delta,4,delta,-3.6756496,2.3277879,33,0.3990702331066131
human1_lib1.final_cell_0035-0,human1,beta,0,beta,-0.91321164,10.196296,34,0.4871121644973755
human1_lib1.final_cell_0036-0,human1,acinar,2,acinar,17.273623,13.995692,35,1.1412845849990845
human1_lib1.final_cell_0037-0,human1,beta,0,beta,0.41625598,12.584879,36,0.3845422863960266
human1_lib1.final_cell_0038-0,human1,beta,0,beta,1.5994071,10.988665,37,0.5771340131759644
human1_lib1.final_cell_0039-0,human1,beta,0,beta,-0.05483278,8.23696,38,0.8009699583053589
human1_lib1.final_cell_0040-0,human1,delta,4,delta,-4.285766,3.1565154,39,0.4980095326900482
human1_lib1.final_cell_0041-0,human1,activated_stellate,5,activated_stellate,11.266246,5.6094446,40,1.6621499061584473
human1_lib1.final_cell_0042-0,human1,beta,0,beta,0.26289898,12.829236,41,0.3845422863960266
human1_lib1.final_cell_0043-0,human1,delta,4,delta,-3.9782224,3.1920252,42,0.3845422863960266
human1_lib1.final_cell_0044-0,human1,activated_stellate,5,activated_stellate,12.075256,5.7432494,43,1.4609625339508057
human1_lib1.final_cell_0045-0,human1,activated_stellate,5,activated_stellate,12.843216,5.4408216,44,1.8185222148895264
human1_lib1.final_cell_0046-0,human1,activated_stellate,5,activated_stellate,11.419174,5.116232,45,1.5784080028533936
human1_lib1.final_cell_0047-0,human1,acinar,2,acinar,18.224537,13.910952,46,0.8718141913414001
human1_lib1.final_cell_0048-0,human1,activated_stellate,5,activated_stellate,12.453763,6.068751,47,1.5304367542266846
human1_lib1.final_cell_0049-0,human1,delta,4,delta,-4.092883,3.2769957,48,0.3845422863960266
human1_lib1.final_cell_0050-0,human1,beta,0,beta,1.5335307,11.009048,49,0.3845422863960266
human1_lib1.final_cell_0051-0,human1,delta,4,delta,-3.116967,3.3313441,50,0.5391892194747925
human1_lib1.final_cell_0052-0,human1,beta,0,beta,-0.41123542,11.85689,51,0.3845422863960266
human1_lib1.final_cell_0053-0,human1,acinar,2,acinar,18.248318,12.509728,52,1.1300190687179563
human1_lib1.final_cell_0054-0,human1,beta,0,beta,-0.9513404,11.700741,53,0.7863317728042603
human1_lib1.final_cell_0055-0,human1,beta,0,beta,1.196309,9.16556,54,0.4426243901252746
human1_lib1.final_cell_0056-0,human1,activated_stellate,5,activated_stellate,12.127719,6.161405,55,1.6052457094192505
human1_lib1.final_cell_0057-0,human1,beta,0,beta,0.8452824,12.039925,56,0.5069729685783386
human1_lib1.final_cell_0058-0,human1,beta,0,beta,0.39105475,12.929794,57,0.5321881175041199
human1_lib1.final_cell_0059-0,human1,beta,0,beta,-0.49970904,10.015011,58,0.5167956352233887
human1_lib1.final_cell_0060-0,human1,beta,4,delta,-1.6754799,5.606137,59,0.7202191948890686
human1_lib1.final_cell_0061-0,human1,ductal,3,ductal,18.637568,0.02739428,60,1.5663597583770752
human1_lib1.final_cell_0062-0,human1,alpha,1,alpha,10.281849,-7.781732,61,0.5789958238601685
human1_lib1.final_cell_0063-0,human1,beta,4,delta,-1.616135,5.702335,62,0.6442668437957764
human1_lib1.final_cell_0064-0,human1,ductal,3,ductal,18.00979,-0.993486,63,2.0497941970825195
human1_lib1.final_cell_0065-0,human1,ductal,3,ductal,17.41707,3.0481265,64,2.240983009338379
human1_lib1.final_cell_0066-0,human1,acinar,2,acinar,17.053242,15.683131,65,0.873452365398407
human1_lib1.final_cell_0067-0,human1,alpha,1,alpha,9.799099,-6.3825,66,0.6518683433532715
human1_lib1.final_cell_0068-0,human1,beta,0,beta,1.0718627,10.676947,67,0.4093794226646423
human1_lib1.final_cell_0069-0,human1,delta,4,delta,-3.3935406,2.888693,68,0.4079460203647613
human1_lib1.final_cell_0070-0,human1,alpha,1,alpha,9.551679,-6.6020107,69,0.6481142640113831
human1_lib1.final_cell_0071-0,human1,beta,4,delta,-1.6493816,5.653213,70,0.6689666509628296
human1_lib1.final_cell_0072-0,human1,beta,0,beta,-1.1929394,6.612234,71,0.729046642780304
human1_lib1.final_cell_0073-0,human1,beta,0,beta,-0.11861411,9.970884,72,0.6453590989112854
human1_lib1.final_cell_0074-0,human1,delta,4,delta,-3.2369769,2.6484702,73,1.303847312927246
human1_lib1.final_cell_0075-0,human1,beta,0,beta,0.2740023,9.634043,74,0.4638182520866394
human1_lib1.final_cell_0076-0,human1,beta,0,beta,0.98811644,12.79146,75,0.5545840859413147
human1_lib1.final_cell_0077-0,human1,delta,4,delta,-3.41405,3.3202379,76,1.0310416221618652
human1_lib1.final_cell_0078-0,human1,beta,0,beta,-0.8106149,9.707901,77,0.6979889869689941
human1_lib1.final_cell_0079-0,human1,beta,0,beta,0.6569406,9.768912,78,0.3845422863960266
human1_lib1.final_cell_0080-0,human1,beta,0,beta,1.5990757,11.387318,79,0.5439367890357971
human1_lib1.final_cell_0081-0,human1,beta,0,beta,1.5949359,9.484168,80,0.4431606829166412
human1_lib1.final_cell_0082-0,human1,beta,0,beta,1.2176722,9.692897,81,0.3845422863960266
human1_lib1.final_cell_0083-0,human1,beta,0,beta,1.7406832,12.108509,82,0.4170623123645782
human1_lib1.final_cell_0084-0,human1,acinar,2,acinar,17.359875,14.522297,83,0.9347803592681884
human1_lib1.final_cell_0085-0,human1,activated_stellate,5,activated_stellate,12.73168,5.7062716,84,1.596125602722168
human1_lib1.final_cell_0086-0,human1,delta,4,delta,-4.6553893,3.0314877,85,0.4145906865596771
human1_lib1.final_cell_0087-0,human1,delta,4,delta,-4.2471695,3.1273096,86,0.3981080949306488
human1_lib1.final_cell_0088-0,human1,beta,0,beta,-1.0541309,12.125978,87,0.4240047335624695
human1_lib1.final_cell_0089-0,human1,beta,4,delta,-1.6462996,5.6649446,88,0.5754522681236267
human1_lib1.final_cell_0090-0,human1,beta,0,beta,1.0775719,11.6689625,89,0.4928096830844879
human1_lib1.final_cell_0091-0,human1,beta,0,beta,0.8488795,12.929078,90,0.4730621874332428
human1_lib1.final_cell_0092-0,human1,beta,0,beta,-0.84073406,11.702668,91,0.3845422863960266
human1_lib1.final_cell_0093-0,human1,beta,0,beta,0.36326778,10.002066,92,0.5651965141296387
human1_lib1.final_cell_0094-0,human1,beta,0,beta,1.571623,11.659782,93,0.462486207485199
human1_lib1.final_cell_0095-0,human1,beta,0,beta,0.73159415,12.120613,94,0.7018015384674072
human1_lib1.final_cell_0096-0,human1,beta,4,delta,-1.6351418,5.6631684,95,0.7773785591125488
human1_lib1.final_cell_0097-0,human1,beta,0,beta,1.3896347,11.231797,96,0.5621834993362427
human1_lib1.final_cell_0098-0,human1,delta,4,delta,-2.976145,2.66652,97,0.550608217716217
human1_lib1.final_cell_0099-0,human1,delta,4,delta,-3.6593127,3.3021252,98,0.6373005509376526
human1_lib1.final_cell_0100-0,human1,beta,0,beta,1.3317125,10.969422,99,0.3845422863960266
human1_lib1.final_cell_0101-0,human1,delta,4,delta,-4.990808,2.5399232,100,0.592452883720398
human1_lib1.final_cell_0102-0,human1,alpha,1,alpha,9.29954,-8.434524,101,0.8755214214324951
human1_lib1.final_cell_0103-0,human1,alpha,1,alpha,9.23839,-8.856684,102,0.8885367512702942
human1_lib1.final_cell_0104-0,human1,delta,4,delta,-3.6650586,2.8737426,103,0.3845422863960266
human1_lib1.final_cell_0105-0,human1,beta,0,beta,1.2323407,9.558646,104,0.435200572013855
human1_lib1.final_cell_0106-0,human1,beta,0,beta,-0.08303331,11.131967,105,0.3933337032794952
human1_lib1.final_cell_0107-0,human1,beta,4,delta,-1.6516844,5.6475596,106,1.300873041152954
human1_lib1.final_cell_0108-0,human1,beta,0,beta,-0.50657654,12.238491,107,0.3908323645591736
human1_lib1.final_cell_0109-0,human1,acinar,2,acinar,17.800005,12.690788,108,1.0562007427215576
human1_lib1.final_cell_0110-0,human1,delta,4,delta,-3.1834135,3.2731378,109,0.6393961906433105
human1_lib1.final_cell_0111-0,human1,beta,0,beta,1.5175368,9.572832,110,0.6588385105133057
human1_lib1.final_cell_0112-0,human1,beta,0,beta,-0.8896605,9.98352,111,0.74482262134552
human1_lib1.final_cell_0113-0,human1,delta,4,delta,-2.9610202,2.7557683,112,0.4239105880260467
human1_lib1.final_cell_0114-0,human1,beta,0,beta,0.24105151,12.9617195,113,0.5978574752807617
human1_lib1.final_cell_0115-0,human1,beta,0,beta,-0.3172624,10.50036,114,0.5923497676849365
human1_lib1.final_cell_0116-0,human1,beta,0,beta,0.66070753,11.053239,115,0.3845422863960266
human1_lib1.final_cell_0117-0,human1,delta,4,delta,-4.215561,2.7806187,116,0.4984748363494873
human1_lib1.final_cell_0118-0,human1,beta,0,beta,0.47393313,10.989201,117,0.3902829587459564
human1_lib1.final_cell_0119-0,human1,delta,4,delta,-4.100418,2.3463633,118,0.4192501604557037
human1_lib1.final_cell_0120-0,human1,beta,0,beta,-1.3111312,10.030355,119,0.3845422863960266
human1_lib1.final_cell_0121-0,human1,beta,0,beta,-0.32875755,10.808301,120,0.7590821385383606
human1_lib1.final_cell_0122-0,human1,beta,0,beta,1.4576927,9.541528,121,0.5008149147033691
human1_lib1.final_cell_0123-0,human1,epsilon,4,delta,-4.18693,2.7760804,122,0.3845422863960266
human1_lib1.final_cell_0124-0,human1,beta,0,beta,0.63099694,11.451697,123,0.424099862575531
human1_lib1.final_cell_0125-0,human1,beta,0,beta,0.3453118,9.270474,124,0.5822436809539795
human1_lib1.final_cell_0126-0,human1,beta,0,beta,1.3460802,11.59758,125,0.408204048871994
human1_lib1.final_cell_0127-0,human1,delta,1,alpha,6.1177025,-4.061064,126,1.35442316532135
human1_lib1.final_cell_0128-0,human1,beta,0,beta,0.91938287,9.180783,127,0.8909814953804016
human1_lib1.final_cell_0129-0,human1,delta,4,delta,-4.4809694,2.768053,128,0.3845422863960266
human1_lib1.final_cell_0130-0,human1,beta,0,beta,1.3401043,12.283911,129,0.3920319974422455
human1_lib1.final_cell_0131-0,human1,alpha,1,alpha,8.573886,-7.1681542,130,0.6216465830802917
human1_lib1.final_cell_0132-0,human1,alpha,1,alpha,9.9429035,-6.660457,131,1.7073959112167358
human1_lib1.final_cell_0133-0,human1,beta,0,beta,-0.5676192,12.834298,132,0.4858000576496124
human1_lib1.final_cell_0134-0,human1,acinar,2,acinar,17.534449,14.16823,133,0.8629787564277649
human1_lib1.final_cell_0135-0,human1,alpha,1,alpha,9.515932,-8.849927,134,0.8155232071876526
human1_lib1.final_cell_0136-0,human1,beta,0,beta,0.9994071,12.096781,135,0.4148635864257812
human1_lib1.final_cell_0137-0,human1,beta,0,beta,0.2532354,12.057995,136,0.3845422863960266
human1_lib1.final_cell_0138-0,human1,alpha,1,alpha,9.610404,-6.1636257,137,0.7948704957962036
human1_lib1.final_cell_0139-0,human1,beta,0,beta,-0.4325241,11.73379,138,0.4818576574325561
human1_lib1.final_cell_0140-0,human1,delta,4,delta,-3.967582,3.2995603,139,0.4653327167034149
human1_lib1.final_cell_0141-0,human1,beta,0,beta,-0.73622155,7.586946,140,0.5697650909423828
human1_lib1.final_cell_0142-0,human1,beta,0,beta,-0.70901287,10.14574,141,0.4424916207790375
human1_lib1.final_cell_0143-0,human1,beta,0,beta,1.1675097,10.225059,142,0.407447874546051
human1_lib1.final_cell_0144-0,human1,beta,0,beta,-0.27154866,9.062789,143,0.8867955207824707
human1_lib1.final_cell_0145-0,human1,beta,0,beta,-0.28450257,10.776809,144,0.4510129988193512
human1_lib1.final_cell_0146-0,human1,delta,4,delta,-3.3665462,2.9779553,145,0.4935744702816009
human1_lib1.final_cell_0147-0,human1,beta,0,beta,-0.5895867,9.326391,146,0.5617421865463257
human1_lib1.final_cell_0148-0,human1,ductal,3,ductal,18.631454,-0.6307364,147,1.5690079927444458
human1_lib1.final_cell_0149-0,human1,ductal,3,ductal,19.061401,0.6651321,148,1.9371027946472168
human1_lib1.final_cell_0150-0,human1,beta,0,beta,-0.8544229,9.949459,149,0.4320563077926636
human1_lib1.final_cell_0151-0,human1,beta,0,beta,0.6134568,9.967332,150,0.6547221541404724
human1_lib1.final_cell_0152-0,human1,beta,0,beta,0.31225324,11.868547,151,0.3889367878437042
human1_lib1.final_cell_0153-0,human1,beta,0,beta,0.2622359,11.818673,152,0.5916877388954163
human1_lib1.final_cell_0154-0,human1,delta,4,delta,-4.2401714,3.1591256,153,0.4446896612644195
human1_lib1.final_cell_0155-0,human1,beta,0,beta,0.37529603,10.074279,154,0.5883980393409729
human1_lib1.final_cell_0156-0,human1,activated_stellate,5,activated_stellate,12.184373,6.122619,155,1.5186917781829834
human1_lib1.final_cell_0157-0,human1,beta,0,beta,1.5897168,10.844249,156,0.3845422863960266
human1_lib1.final_cell_0158-0,human1,beta,0,beta,0.7488983,11.589721,157,0.5961948037147522
human1_lib1.final_cell_0159-0,human1,alpha,1,alpha,9.569035,-8.396882,158,1.2158453464508057
human1_lib1.final_cell_0160-0,human1,beta,0,beta,0.31253135,10.562877,159,0.5671037435531616
human1_lib1.final_cell_0161-0,human1,alpha,1,alpha,7.517604,-6.996002,160,0.8094048500061035
human1_lib1.final_cell_0162-0,human1,beta,0,beta,-0.20553295,11.328208,161,0.5602282881736755
human1_lib1.final_cell_0163-0,human1,gamma,6,gamma,-2.3580797,-3.4590423,162,0.7809768319129944
human1_lib1.final_cell_0164-0,human1,beta,0,beta,0.25906488,10.549647,163,0.425191730260849
human1_lib1.final_cell_0165-0,human1,beta,0,beta,-0.23271145,11.118933,164,0.7169312834739685
human1_lib1.final_cell_0166-0,human1,beta,0,beta,-0.39254817,8.805779,165,0.8467071652412415
human1_lib1.final_cell_0167-0,human1,beta,4,delta,-1.7360398,5.5119905,166,0.8516775965690613
human1_lib1.final_cell_0168-0,human1,beta,0,beta,-0.21172012,12.146644,167,0.409286618232727
human1_lib1.final_cell_0169-0,human1,beta,0,beta,-0.38124433,11.80244,168,0.3845422863960266
human1_lib1.final_cell_0170-0,human1,beta,0,beta,0.1581134,11.194033,169,0.4697534143924713
human1_lib1.final_cell_0171-0,human1,acinar,2,acinar,16.735838,15.590971,170,0.898522675037384
human1_lib1.final_cell_0172-0,human1,beta,4,delta,-1.734887,5.492101,171,0.6354389190673828
human1_lib1.final_cell_0173-0,human1,acinar,2,acinar,18.348686,13.572196,172,1.0056589841842651
human1_lib1.final_cell_0174-0,human1,beta,0,beta,1.1103107,12.721007,173,0.3845422863960266
human1_lib1.final_cell_0175-0,human1,beta,0,beta,0.54854864,11.393239,174,0.6986459493637085
human1_lib1.final_cell_0176-0,human1,beta,0,beta,0.6764263,10.370484,175,0.3909854590892792
human1_lib1.final_cell_0177-0,human1,acinar,2,acinar,17.381765,15.368563,176,0.9423798322677612
human1_lib1.final_cell_0178-0,human1,delta,4,delta,-3.6388464,3.1044753,177,0.4060499370098114
human1_lib1.final_cell_0179-0,human1,beta,0,beta,-0.43015394,11.73423,178,0.3845422863960266
human1_lib1.final_cell_0180-0,human1,delta,4,delta,-4.116428,3.5724409,179,0.5030432343482971
human1_lib1.final_cell_0181-0,human1,beta,0,beta,-0.99873626,10.616303,180,0.3845422863960266
human1_lib1.final_cell_0182-0,human1,acinar,2,acinar,15.938006,16.64843,181,1.0525745153427124
human1_lib1.final_cell_0183-0,human1,alpha,1,alpha,9.240118,-6.20008,182,0.714181661605835
human1_lib1.final_cell_0184-0,human1,beta,0,beta,0.64778554,12.143297,183,0.3845422863960266
human1_lib1.final_cell_0185-0,human1,alpha,1,alpha,8.464934,-6.4337935,184,1.0300532579421997
human1_lib1.final_cell_0186-0,human1,beta,0,beta,1.5237263,10.61089,185,0.3968111276626587
human1_lib1.final_cell_0187-0,human1,alpha,1,alpha,9.671822,-5.9307933,186,0.5521148443222046
human1_lib1.final_cell_0188-0,human1,endothelial,7,endothelial,9.727552,11.288444,187,2.838065385818481
human1_lib1.final_cell_0189-0,human1,beta,0,beta,-0.6309667,8.874632,188,0.5207990407943726
human1_lib1.final_cell_0190-0,human1,beta,0,beta,-0.57147044,10.422294,189,0.3845422863960266
human1_lib1.final_cell_0191-0,human1,alpha,1,alpha,8.583137,-6.6362634,190,1.0820640325546265
human1_lib1.final_cell_0192-0,human1,delta,4,delta,-2.8824751,3.0752645,191,0.6771794557571411
human1_lib1.final_cell_0193-0,human1,beta,0,beta,0.06610851,11.360865,192,0.6300177574157715
human1_lib1.final_cell_0194-0,human1,beta,0,beta,0.06409806,12.934032,193,0.6379033327102661
human1_lib1.final_cell_0195-0,human1,delta,4,delta,-4.2591057,3.324837,194,0.3845422863960266
human1_lib1.final_cell_0196-0,human1,beta,0,beta,0.7235448,11.879247,195,0.3845422863960266
human1_lib1.final_cell_0197-0,human1,gamma,6,gamma,-2.6152298,-3.5236447,196,1.304895281791687
human1_lib1.final_cell_0198-0,human1,alpha,1,alpha,8.919636,-8.529586,197,1.003908634185791
human1_lib1.final_cell_0199-0,human1,beta,0,beta,0.9037504,11.314931,198,0.3845422863960266
human1_lib1.final_cell_0200-0,human1,beta,0,beta,1.6914797,10.668178,199,0.4322963654994964
human1_lib1.final_cell_0201-0,human1,delta,4,delta,-3.8233929,2.7629726,200,0.3845422863960266
human1_lib1.final_cell_0202-0,human1,alpha,1,alpha,9.011488,-5.866031,201,0.7844308018684387
human1_lib1.final_cell_0203-0,human1,ductal,3,ductal,18.987913,1.7622682,202,1.6050320863723757
human1_lib1.final_cell_0204-0,human1,beta,0,beta,1.7621393,12.128241,203,0.3910268247127533
human1_lib1.final_cell_0205-0,human1,alpha,1,alpha,9.15512,-6.14324,204,1.02877938747406
human1_lib1.final_cell_0206-0,human1,beta,0,beta,0.8319416,10.51569,205,0.5216475129127502
human1_lib1.final_cell_0207-0,human1,ductal,3,ductal,18.93889,2.06423,206,1.8293495178222656
human1_lib1.final_cell_0208-0,human1,alpha,1,alpha,9.269958,-8.862125,207,0.9336262345314026
human1_lib1.final_cell_0209-0,human1,ductal,3,ductal,18.884624,0.103986606,208,1.7711597681045532
human1_lib1.final_cell_0210-0,human1,beta,0,beta,0.44465846,9.363851,209,0.3896979987621307
human1_lib1.final_cell_0211-0,human1,beta,0,beta,1.1107996,11.862972,210,0.3845422863960266
human1_lib1.final_cell_0212-0,human1,alpha,1,alpha,9.465699,-8.612936,211,0.5659632682800293
human1_lib1.final_cell_0213-0,human1,beta,0,beta,1.9917864,10.126166,212,0.3845422863960266
human1_lib1.final_cell_0214-0,human1,beta,0,beta,-0.16012883,10.651941,213,0.4194126427173614
human1_lib1.final_cell_0215-0,human1,quiescent_stellate,5,activated_stellate,11.213772,4.8944087,214,2.2492825984954834
human1_lib1.final_cell_0216-0,human1,ductal,3,ductal,19.214727,0.17608112,215,1.48355233669281
human1_lib1.final_cell_0217-0,human1,ductal,3,ductal,18.03921,1.300802,216,3.588205099105835
human1_lib1.final_cell_0218-0,human1,endothelial,5,activated_stellate,12.768995,4.1706495,217,2.838065385818481
human1_lib1.final_cell_0219-0,human1,activated_stellate,5,activated_stellate,11.077509,5.0381,218,1.7809360027313232
human1_lib1.final_cell_0220-0,human1,beta,0,beta,1.064527,10.194441,219,0.3845422863960266
human1_lib1.final_cell_0221-0,human1,delta,4,delta,-4.300798,2.6471817,220,0.4618060290813446
human1_lib1.final_cell_0222-0,human1,gamma,6,gamma,-2.4680252,-4.1892285,221,0.8226739168167114
human1_lib1.final_cell_0223-0,human1,beta,0,beta,1.4629502,11.611121,222,0.5557919144630432
human1_lib1.final_cell_0224-0,human1,beta,0,beta,2.0075622,10.33871,223,0.5329344272613525
human1_lib1.final_cell_0225-0,human1,beta,0,beta,1.52364,10.006005,224,0.3845422863960266
human1_lib1.final_cell_0226-0,human1,alpha,1,alpha,9.848333,-7.6223035,225,0.5953617095947266
human1_lib1.final_cell_0227-0,human1,beta,0,beta,0.41074684,11.63534,226,0.3845422863960266
human1_lib1.final_cell_0228-0,human1,beta,0,beta,-0.7725352,10.940418,227,0.4022493362426758
human1_lib1.final_cell_0229-0,human1,delta,4,delta,-4.285766,2.47836,228,0.3972583711147308
human1_lib1.final_cell_0230-0,human1,ductal,3,ductal,18.834202,1.4250379,229,1.2376415729522705
human1_lib1.final_cell_0231-0,human1,beta,0,beta,-0.06540612,12.462445,230,0.390080451965332
human1_lib1.final_cell_0232-0,human1,delta,4,delta,-3.2361972,3.690057,231,0.4830269515514374
human1_lib1.final_cell_0233-0,human1,delta,4,delta,-4.513843,2.542359,232,0.3852284252643585
human1_lib1.final_cell_0234-0,human1,beta,0,beta,0.1706423,12.142576,233,0.3845422863960266
human1_lib1.final_cell_0235-0,human1,delta,4,delta,-4.860105,2.6836274,234,0.4386638700962066
human1_lib1.final_cell_0236-0,human1,beta,0,beta,1.937248,10.057658,235,0.786175549030304
human1_lib1.final_cell_0237-0,human1,activated_stellate,5,activated_stellate,12.71361,5.821298,236,1.5952787399291992
human1_lib1.final_cell_0238-0,human1,beta,0,beta,0.08916404,9.752467,237,0.5101945996284485
human1_lib1.final_cell_0239-0,human1,beta,0,beta,-0.16207941,10.829174,238,0.4906901717185974
human1_lib1.final_cell_0240-0,human1,delta,4,delta,-3.3867009,3.0234265,239,0.6624685525894165
human1_lib1.final_cell_0241-0,human1,beta,0,beta,1.5699126,11.4166765,240,0.3926319479942322
human1_lib1.final_cell_0242-0,human1,quiescent_stellate,5,activated_stellate,10.802714,5.153232,241,1.3759256601333618
human1_lib1.final_cell_0243-0,human1,beta,0,beta,-0.19676383,10.655872,242,0.4467755258083343
human1_lib1.final_cell_0244-0,human1,acinar,2,acinar,17.892143,13.218542,243,0.8854354619979858
human1_lib1.final_cell_0245-0,human1,alpha,1,alpha,8.865719,-7.4337487,244,0.5255076885223389
human1_lib1.final_cell_0246-0,human1,delta,4,delta,-3.7954428,2.711506,245,0.4642984569072723
human1_lib1.final_cell_0247-0,human1,beta,0,beta,0.84178233,10.140283,246,0.3845422863960266
human1_lib1.final_cell_0248-0,human1,alpha,1,alpha,8.379238,-5.340455,247,0.6606749892234802
human1_lib1.final_cell_0249-0,human1,beta,0,beta,1.4105115,12.090038,248,0.4383094310760498
human1_lib1.final_cell_0250-0,human1,endothelial,7,endothelial,9.51097,12.322863,249,2.0386803150177
human1_lib1.final_cell_0251-0,human1,delta,4,delta,-4.4547143,2.7438655,250,0.415979653596878
human1_lib1.final_cell_0252-0,human1,delta,4,delta,-2.8147266,2.758208,251,0.4006436765193939
human1_lib1.final_cell_0253-0,human1,beta,0,beta,0.27989498,11.382531,252,0.7998719215393066
human1_lib1.final_cell_0254-0,human1,beta,0,beta,0.1875575,10.298409,253,0.7623277306556702
human1_lib1.final_cell_0255-0,human1,delta,4,delta,-4.007151,2.1559694,254,0.400072693824768
human1_lib1.final_cell_0256-0,human1,gamma,6,gamma,-2.6911728,-3.4537365,255,0.8499522805213928
human1_lib1.final_cell_0257-0,human1,alpha,1,alpha,10.260623,-7.5994287,256,0.7690149545669556
human1_lib1.final_cell_0258-0,human1,beta,0,beta,0.24209401,10.288265,257,0.6611620187759399
human1_lib1.final_cell_0259-0,human1,beta,0,beta,-0.25395086,11.533395,258,0.4915828704833984
human1_lib1.final_cell_0260-0,human1,beta,0,beta,-0.30944517,10.834269,259,0.4346998929977417
human1_lib1.final_cell_0261-0,human1,ductal,3,ductal,17.410997,1.4292569,260,2.094947338104248
human1_lib1.final_cell_0262-0,human1,delta,4,delta,-3.2373483,2.6786156,261,0.385492742061615
human1_lib1.final_cell_0263-0,human1,alpha,1,alpha,8.685742,-8.15133,262,1.0338224172592163
human1_lib1.final_cell_0264-0,human1,beta,0,beta,0.34094942,10.974122,263,0.399796724319458
human1_lib1.final_cell_0265-0,human1,gamma,6,gamma,-2.491306,-4.2428946,264,1.1184206008911133
human1_lib1.final_cell_0266-0,human1,beta,0,beta,-0.44153595,11.713509,265,0.4208481013774872
human1_lib1.final_cell_0267-0,human1,beta,0,beta,-0.1735312,10.706532,266,0.3934299349784851
human1_lib1.final_cell_0268-0,human1,beta,0,beta,0.0019571916,12.8667,267,0.6412972807884216
human1_lib1.final_cell_0269-0,human1,quiescent_stellate,5,activated_stellate,11.470068,4.1515775,268,1.6389003992080688
human1_lib1.final_cell_0270-0,human1,alpha,1,alpha,10.184577,-7.3099833,269,0.7395679354667664
human1_lib1.final_cell_0271-0,human1,delta,4,delta,-3.3959527,3.1580455,270,0.4448172450065613
human1_lib1.final_cell_0272-0,human1,alpha,1,alpha,6.3173075,-4.5467935,271,0.6722296476364136
human1_lib1.final_cell_0273-0,human1,endothelial,7,endothelial,9.692744,12.078385,272,2.5548081398010254
human1_lib1.final_cell_0274-0,human1,alpha,1,alpha,7.387054,-6.0795813,273,0.8186652064323425
human1_lib1.final_cell_0275-0,human1,delta,4,delta,-3.928217,2.1153069,274,0.4726011753082275
human1_lib1.final_cell_0276-0,human1,beta,0,beta,0.7983074,10.290003,275,0.4028768241405487
human1_lib1.final_cell_0277-0,human1,gamma,6,gamma,-2.7352746,-3.8404813,276,0.8448987603187561
human1_lib1.final_cell_0278-0,human1,ductal,3,ductal,19.051834,0.68058974,277,1.5138927698135376
human1_lib1.final_cell_0279-0,human1,alpha,1,alpha,9.393599,-6.1343017,278,0.6854860186576843
human1_lib1.final_cell_0280-0,human1,alpha,6,gamma,12.146801,3.9528549,279,1.64440655708313
human1_lib1.final_cell_0281-0,human1,delta,4,delta,-2.8167837,2.9336193,280,0.4196079969406128
human1_lib1.final_cell_0282-0,human1,beta,0,beta,-0.4083991,10.120206,281,0.4750972986221313
human1_lib1.final_cell_0283-0,human1,beta,0,beta,0.4117492,11.65588,282,0.3881755471229553
human1_lib1.final_cell_0284-0,human1,ductal,3,ductal,19.157875,1.062052,283,1.450484275817871
human1_lib1.final_cell_0285-0,human1,alpha,1,alpha,9.15982,-5.799699,284,0.5352808237075806
human1_lib1.final_cell_0286-0,human1,beta,0,beta,1.4001595,10.641206,285,0.5372379422187805
human1_lib1.final_cell_0287-0,human1,delta,4,delta,-3.6953387,2.2811909,286,0.7858168482780457
human1_lib1.final_cell_0288-0,human1,macrophage,8,macrophage,13.950526,0.9109487,287,2.311654806137085
human1_lib1.final_cell_0289-0,human1,endothelial,7,endothelial,13.014168,3.9518948,288,2.838065385818481
human1_lib1.final_cell_0290-0,human1,beta,0,beta,0.7772754,9.299225,289,0.4517211019992828
human1_lib1.final_cell_0291-0,human1,beta,0,beta,1.2732354,9.922328,290,0.3845422863960266
human1_lib1.final_cell_0292-0,human1,beta,0,beta,-0.70913315,9.4618435,291,0.5601277351379395
human1_lib1.final_cell_0293-0,human1,beta,4,delta,-1.729727,5.508068,292,0.5599321722984314
human1_lib1.final_cell_0294-0,human1,beta,0,beta,0.038306095,11.474473,293,0.3845422863960266
human1_lib1.final_cell_0295-0,human1,beta,0,beta,0.34852237,9.7953,294,0.3845422863960266
human1_lib1.final_cell_0296-0,human1,beta,0,beta,1.8313241,9.919262,295,0.3845422863960266
human1_lib1.final_cell_0297-0,human1,beta,0,beta,1.2522755,9.866583,296,0.4642863571643829
human1_lib1.final_cell_0298-0,human1,beta,0,beta,1.1408991,10.468713,297,0.5003435611724854
human1_lib1.final_cell_0299-0,human1,beta,0,beta,1.1529899,9.400156,298,0.6096532344818115
human1_lib1.final_cell_0300-0,human1,beta,0,beta,-0.6979274,10.115222,299,0.5990949273109436
human1_lib1.final_cell_0301-0,human1,gamma,6,gamma,-2.6275284,-4.101389,300,0.8690796494483948
human1_lib1.final_cell_0302-0,human1,endothelial,7,endothelial,12.9955,3.9727554,301,2.764203786849976
human1_lib1.final_cell_0303-0,human1,beta,0,beta,-0.06359534,11.703301,302,0.4025837182998657
human1_lib1.final_cell_0304-0,human1,beta,0,beta,-0.5441702,12.35513,303,0.6322447657585144
human1_lib1.final_cell_0305-0,human1,beta,0,beta,-0.8762363,7.214035,304,0.6607816815376282
human1_lib1.final_cell_0306-0,human1,delta,4,delta,-3.9158423,2.143295,305,0.3868978321552276
human1_lib1.final_cell_0307-0,human1,beta,0,beta,1.8783382,11.6009655,306,0.3911658823490143
human1_lib1.final_cell_0308-0,human1,gamma,6,gamma,-2.7339778,-3.5220816,307,0.7231968641281128
human1_lib1.final_cell_0309-0,human1,epsilon,6,gamma,-1.7253816,-3.0047464,308,1.471419334411621
human1_lib1.final_cell_0310-0,human1,delta,4,delta,-4.4819736,2.7712665,309,0.4075567722320556
human1_lib1.final_cell_0311-0,human1,beta,0,beta,0.6439057,11.793072,310,0.534327507019043
human1_lib1.final_cell_0312-0,human1,beta,0,beta,0.6340187,12.178488,311,0.3960795104503631
human1_lib1.final_cell_0313-0,human1,gamma,6,gamma,-2.806828,-3.612739,312,1.287380576133728
human1_lib1.final_cell_0314-0,human1,beta,0,beta,0.6634832,10.245609,313,0.5447197556495667
human1_lib1.final_cell_0315-0,human1,beta,6,gamma,-1.7173368,-2.9870229,314,2.0213348865509038
human1_lib1.final_cell_0316-0,human1,beta,0,beta,-1.2195373,9.9413805,315,0.6458925604820251
human1_lib1.final_cell_0317-0,human1,beta,0,beta,-0.96565646,10.57394,316,0.3845422863960266
human1_lib1.final_cell_0318-0,human1,beta,0,beta,-0.75229836,9.773019,317,0.4484065175056457
human1_lib1.final_cell_0319-0,human1,endothelial,7,endothelial,9.64189,13.202969,318,2.018383502960205
human1_lib1.final_cell_0320-0,human1,beta,0,beta,-0.9183787,11.556269,319,0.3845422863960266
human1_lib1.final_cell_0321-0,human1,delta,4,delta,-2.8731217,3.0957563,320,0.4782204329967499
human1_lib1.final_cell_0322-0,human1,alpha,1,alpha,8.499174,-6.753261,321,0.6195551156997681
human1_lib1.final_cell_0323-0,human1,epsilon,6,gamma,-2.3481147,-3.46168,322,2.051245927810669
human1_lib1.final_cell_0324-0,human1,alpha,1,alpha,8.263949,-6.139879,323,0.6090423464775085
human1_lib1.final_cell_0325-0,human1,quiescent_stellate,5,activated_stellate,12.089907,5.7487397,324,1.5031579732894895
human1_lib1.final_cell_0326-0,human1,alpha,1,alpha,8.7986965,-5.427699,325,1.05911386013031
human1_lib1.final_cell_0327-0,human1,alpha,1,alpha,9.3846245,-6.12299,326,0.8457207679748535
human1_lib1.final_cell_0328-0,human1,beta,0,beta,-0.094352126,12.614315,327,0.3845422863960266
human1_lib1.final_cell_0329-0,human1,beta,0,beta,-0.26666814,9.438785,328,0.752828061580658
human1_lib1.final_cell_0330-0,human1,ductal,3,ductal,18.111189,1.0467238,329,3.521430253982544
human1_lib1.final_cell_0331-0,human1,beta,4,delta,-2.63501,2.7443862,330,1.583376169204712
human1_lib1.final_cell_0332-0,human1,alpha,1,alpha,8.55534,-6.8763876,331,1.1730490922927856
human1_lib1.final_cell_0333-0,human1,beta,0,beta,-0.095531814,10.184212,332,0.4195887148380279
human1_lib1.final_cell_0334-0,human1,alpha,1,alpha,9.087272,-5.0702815,333,1.1511393785476685
human1_lib1.final_cell_0335-0,human1,beta,0,beta,-0.9213083,7.276832,334,1.2622259855270386
human1_lib1.final_cell_0336-0,human1,beta,4,delta,-1.7613684,5.463336,335,0.946740746498108
human1_lib1.final_cell_0337-0,human1,delta,4,delta,-3.1670625,3.3766382,336,0.7463385462760925
human1_lib1.final_cell_0338-0,human1,delta,4,delta,-3.2211206,3.407696,337,0.4448234438896179
human1_lib1.final_cell_0339-0,human1,beta,0,beta,0.6921288,11.2751665,338,0.3845422863960266
human1_lib1.final_cell_0340-0,human1,beta,4,delta,-0.8061358,7.0053205,339,0.65033358335495
human1_lib1.final_cell_0341-0,human1,beta,0,beta,0.18564987,11.022828,340,0.8069224953651428
human1_lib1.final_cell_0342-0,human1,ductal,3,ductal,18.319775,1.6800944,341,3.588205099105835
human1_lib1.final_cell_0343-0,human1,acinar,2,acinar,17.04226,16.440693,342,0.8439728617668152
human1_lib1.final_cell_0344-0,human1,beta,0,beta,1.3964815,11.368569,343,0.4982005357742309
human1_lib1.final_cell_0345-0,human1,alpha,0,beta,0.57675964,7.767257,344,1.3602643013000488
human1_lib1.final_cell_0346-0,human1,beta,0,beta,1.2710447,11.942704,345,0.3845422863960266
human1_lib1.final_cell_0347-0,human1,beta,0,beta,0.40223855,11.518396,346,0.4479744434356689
human1_lib1.final_cell_0348-0,human1,alpha,1,alpha,9.159947,-6.068252,347,0.6147465705871582
human1_lib1.final_cell_0349-0,human1,beta,0,beta,0.85502005,10.021853,348,0.4680284857749939
human1_lib1.final_cell_0350-0,human1,quiescent_stellate,5,activated_stellate,11.173401,4.8823647,349,1.656558871269226
human1_lib1.final_cell_0351-0,human1,beta,0,beta,2.1296973,11.255163,350,0.4693851172924042
human1_lib1.final_cell_0352-0,human1,gamma,6,gamma,-2.5831773,-3.974799,351,1.0312941074371338
human1_lib1.final_cell_0353-0,human1,beta,0,beta,0.68481916,9.0409155,352,0.9549379348754884
human1_lib1.final_cell_0354-0,human1,gamma,6,gamma,-3.0718267,-4.263015,353,1.1732134819030762
human1_lib1.final_cell_0355-0,human1,endothelial,7,endothelial,10.08757,12.896393,354,2.082384824752808
human1_lib1.final_cell_0356-0,human1,beta,0,beta,0.33006266,11.05156,355,0.4053213000297546
human1_lib1.final_cell_0357-0,human1,alpha,1,alpha,9.825584,-8.528545,356,0.5259835720062256
human1_lib1.final_cell_0358-0,human1,schwann,5,activated_stellate,11.39306,5.5208154,357,2.3964357376098637
human1_lib1.final_cell_0359-0,human1,beta,0,beta,-0.023387663,10.877943,358,0.3845422863960266
human1_lib1.final_cell_0360-0,human1,quiescent_stellate,5,activated_stellate,11.315111,4.1816874,359,1.514595866203308
human1_lib1.final_cell_0361-0,human1,endothelial,7,endothelial,9.888171,13.112801,360,2.181569814682007
human1_lib1.final_cell_0362-0,human1,gamma,6,gamma,-2.4416625,-3.9221413,361,0.8458128571510315
human1_lib1.final_cell_0363-0,human1,beta,0,beta,1.179682,10.034691,362,0.4788736999034881
human1_lib1.final_cell_0364-0,human1,beta,0,beta,0.6112388,12.3675785,363,0.5614848136901855
human1_lib1.final_cell_0365-0,human1,alpha,1,alpha,9.428291,-6.723664,364,0.6224565505981445
human1_lib1.final_cell_0366-0,human1,alpha,1,alpha,8.382948,-5.370057,365,0.5890830159187317
human1_lib1.final_cell_0367-0,human1,gamma,6,gamma,-2.7151496,-3.5668626,366,0.7438511848449707
human1_lib1.final_cell_0368-0,human1,beta,0,beta,1.9382766,10.748534,367,0.3845422863960266
human1_lib1.final_cell_0369-0,human1,beta,0,beta,-0.56647545,8.153313,368,0.6769647002220154
human1_lib1.final_cell_0370-0,human1,delta,4,delta,-3.2816029,3.2493165,369,0.510159969329834
human1_lib1.final_cell_0371-0,human1,acinar,2,acinar,18.314867,12.726798,370,0.8363832235336304
human1_lib1.final_cell_0372-0,human1,acinar,2,acinar,18.08353,13.418124,371,0.8303059935569763
human1_lib1.final_cell_0373-0,human1,gamma,6,gamma,-2.9606848,-4.1805444,372,0.8416375517845154
human1_lib1.final_cell_0374-0,human1,ductal,3,ductal,18.196547,1.7451147,373,1.3645013570785522
human1_lib1.final_cell_0375-0,human1,ductal,3,ductal,18.753036,0.728077,374,1.5625529289245603
human1_lib1.final_cell_0376-0,human1,endothelial,7,endothelial,9.664502,11.299228,375,2.819236993789673
human1_lib1.final_cell_0377-0,human1,delta,4,delta,-3.128336,2.791989,376,0.442623108625412
human1_lib1.final_cell_0378-0,human1,beta,0,beta,0.8205276,10.840744,377,0.4794493913650512
human1_lib1.final_cell_0379-0,human1,beta,0,beta,1.5536376,11.170172,378,0.3845422863960266
human1_lib1.final_cell_0380-0,human1,endothelial,7,endothelial,10.07414,12.928589,379,2.834635019302368
human1_lib1.final_cell_0381-0,human1,alpha,1,alpha,10.237675,-7.87847,380,0.6331177353858948
human1_lib1.final_cell_0382-0,human1,acinar,2,acinar,17.503317,14.465343,381,0.939118266105652
human1_lib1.final_cell_0383-0,human1,endothelial,7,endothelial,9.495222,12.432823,382,2.027119398117065
human1_lib1.final_cell_0384-0,human1,endothelial,7,endothelial,9.919644,11.095002,383,2.61585545539856
human1_lib1.final_cell_0385-0,human1,alpha,1,alpha,9.738629,-7.985001,384,0.8071936964988708
human1_lib1.final_cell_0386-0,human1,beta,4,delta,-1.6489329,5.634373,385,0.6040181517601013
human1_lib1.final_cell_0387-0,human1,beta,0,beta,-0.10287812,10.196073,386,0.4548751711845398
human1_lib1.final_cell_0388-0,human1,gamma,6,gamma,-2.3718102,-3.5396369,387,1.08262300491333
human1_lib1.final_cell_0389-0,human1,beta,0,beta,-0.6924239,9.723996,388,0.8788534998893738
human1_lib1.final_cell_0390-0,human1,alpha,1,alpha,8.32869,-5.484554,389,0.6093010306358337
human1_lib1.final_cell_0391-0,human1,beta,0,beta,0.19443548,9.420983,390,0.5883755087852478
human1_lib1.final_cell_0392-0,human1,beta,0,beta,-0.60078275,9.421168,391,1.0711818933486938
human1_lib1.final_cell_0393-0,human1,beta,0,beta,0.52944976,11.384313,392,0.388481080532074
human1_lib1.final_cell_0394-0,human1,beta,4,delta,-1.6525568,5.6426826,393,0.591893196105957
human1_lib1.final_cell_0395-0,human1,beta,0,beta,1.272926,9.6107235,394,0.6135812997817993
human1_lib1.final_cell_0396-0,human1,delta,4,delta,-2.6652958,3.4929852,395,1.508114218711853
human1_lib1.final_cell_0397-0,human1,beta,0,beta,-0.8446053,7.2146378,396,0.6377909779548645
human1_lib1.final_cell_0398-0,human1,quiescent_stellate,5,activated_stellate,11.425769,4.18557,397,1.4532036781311035
human1_lib1.final_cell_0399-0,human1,activated_stellate,5,activated_stellate,11.166177,4.9372144,398,1.7404654026031494
human1_lib1.final_cell_0400-0,human1,beta,0,beta,-0.45417795,9.280374,399,0.4113270938396454
human1_lib1.final_cell_0401-0,human1,alpha,1,alpha,10.314997,-7.9064207,400,1.5119225978851318
human1_lib1.final_cell_0402-0,human1,beta,0,beta,-0.9085341,7.235383,401,0.5741704702377319
human1_lib1.final_cell_0403-0,human1,gamma,6,gamma,-2.8287816,-3.830281,402,0.9883707761764526
human1_lib1.final_cell_0404-0,human1,quiescent_stellate,5,activated_stellate,11.414666,4.1666503,403,1.4999895095825195
human1_lib1.final_cell_0405-0,human1,beta,0,beta,-0.9895696,10.367227,404,0.4420617818832397
human1_lib1.final_cell_0406-0,human1,alpha,1,alpha,8.986042,-6.183983,405,0.5375431180000305
human1_lib1.final_cell_0407-0,human1,quiescent_stellate,5,activated_stellate,11.214366,4.453405,406,1.376559853553772
human1_lib1.final_cell_0408-0,human1,endothelial,7,endothelial,9.820391,13.289694,407,2.393285036087036
human1_lib1.final_cell_0409-0,human1,beta,0,beta,1.2720011,8.850643,408,0.8569425940513611
human1_lib1.final_cell_0410-0,human1,ductal,3,ductal,19.021126,1.1834949,409,1.650854229927063
human1_lib1.final_cell_0411-0,human1,endothelial,7,endothelial,9.516938,11.625541,410,2.0280191898345947
human1_lib1.final_cell_0412-0,human1,ductal,3,ductal,17.441853,0.9707269,411,3.588205099105835
human1_lib1.final_cell_0413-0,human1,acinar,2,acinar,17.999636,12.179722,412,1.0316938161849976
human1_lib1.final_cell_0414-0,human1,alpha,1,alpha,9.0690975,-5.912081,413,0.8325344920158386
human1_lib1.final_cell_0415-0,human1,delta,4,delta,-4.454627,2.8641143,414,0.4985285699367523
human1_lib1.final_cell_0416-0,human1,beta,4,delta,-3.2452564,2.678983,415,1.0578004121780396
human1_lib1.final_cell_0417-0,human1,macrophage,8,macrophage,13.564148,0.6969026,416,3.623354196548462
human1_lib1.final_cell_0418-0,human1,ductal,8,macrophage,16.139105,1.3638991,417,2.240983009338379
human1_lib1.final_cell_0419-0,human1,endothelial,7,endothelial,9.5268755,12.729498,418,2.159808158874512
human1_lib1.final_cell_0420-0,human1,endothelial,7,endothelial,9.657421,13.203942,419,2.6916654109954834
human1_lib1.final_cell_0421-0,human1,gamma,6,gamma,-2.654188,-3.843863,420,0.8386139869689941
human1_lib1.final_cell_0422-0,human1,endothelial,7,endothelial,9.938463,12.721156,421,2.555389642715454
human1_lib1.final_cell_0423-0,human1,endothelial,7,endothelial,9.612514,11.854065,422,2.05131459236145
human1_lib1.final_cell_0424-0,human1,beta,0,beta,0.7783328,9.833761,423,0.431323766708374
human1_lib1.final_cell_0425-0,human1,beta,0,beta,-0.97991365,10.836761,424,0.585267961025238
human1_lib1.final_cell_0426-0,human1,gamma,6,gamma,-2.7359314,-4.0855117,425,1.0660200119018557
human1_lib1.final_cell_0427-0,human1,beta,0,beta,6.432719,-3.5084276,426,1.380723237991333
human1_lib1.final_cell_0428-0,human1,mast,8,macrophage,15.615845,1.3621477,427,4.259390354156494
human1_lib1.final_cell_0429-0,human1,beta,0,beta,-1.0418597,6.8656974,428,0.5491577982902527
human1_lib1.final_cell_0430-0,human1,endothelial,7,endothelial,9.609328,13.195033,429,2.016342163085937
human1_lib1.final_cell_0431-0,human1,gamma,6,gamma,-2.5536442,-3.7310743,430,0.890164315700531
human1_lib1.final_cell_0432-0,human1,quiescent_stellate,5,activated_stellate,11.640811,4.3254538,431,1.1296250820159912
human1_lib1.final_cell_0433-0,human1,alpha,1,alpha,10.016009,-7.3925457,432,0.7668832540512085
human1_lib1.final_cell_0434-0,human1,beta,0,beta,0.5613691,9.722783,433,0.405740350484848
human1_lib1.final_cell_0435-0,human1,alpha,1,alpha,7.8406434,-5.2590938,434,0.5912796258926392
human1_lib1.final_cell_0436-0,human1,acinar,2,acinar,17.835783,11.74549,435,1.4899861812591553
human1_lib1.final_cell_0437-0,human1,ductal,3,ductal,17.551733,1.2198474,436,3.588205099105835
human1_lib1.final_cell_0438-0,human1,beta,0,beta,0.16443159,11.211778,437,0.7334025502204895
human1_lib1.final_cell_0439-0,human1,beta,4,delta,-1.6292316,5.697575,438,0.5748125314712524
human1_lib1.final_cell_0440-0,human1,ductal,3,ductal,17.364744,1.3705583,439,3.588205099105835
human1_lib1.final_cell_0441-0,human1,beta,0,beta,1.0223061,10.761035,440,0.4706351161003113
human1_lib1.final_cell_0442-0,human1,beta,0,beta,0.40430143,11.616307,441,0.4150910973548889
human1_lib1.final_cell_0443-0,human1,ductal,3,ductal,19.050478,1.7619586,442,1.436420440673828
human1_lib1.final_cell_0444-0,human1,acinar,2,acinar,17.749737,12.678001,443,0.91756671667099
human1_lib1.final_cell_0445-0,human1,endothelial,7,endothelial,9.901169,13.039431,444,2.272376298904419
human1_lib1.final_cell_0446-0,human1,beta,0,beta,-0.13115427,8.871145,445,0.4767482578754425
human1_lib1.final_cell_0447-0,human1,beta,4,delta,-2.6424315,3.1295795,446,1.78374183177948
human1_lib1.final_cell_0448-0,human1,beta,0,beta,-0.36323732,9.942663,447,0.4001257121562958
human1_lib1.final_cell_0449-0,human1,ductal,3,ductal,19.013237,-0.17205164,448,1.3900648355484009
human1_lib1.final_cell_0450-0,human1,activated_stellate,5,activated_stellate,11.038827,5.106811,449,1.7004499435424805
human1_lib1.final_cell_0451-0,human1,beta,0,beta,0.110479176,9.764703,450,0.4521569907665252
human1_lib1.final_cell_0452-0,human1,quiescent_stellate,5,activated_stellate,11.606496,5.0587883,451,1.6091158390045166
human1_lib1.final_cell_0453-0,human1,acinar,2,acinar,17.808554,13.307377,452,0.7995252013206482
human1_lib1.final_cell_0454-0,human1,gamma,6,gamma,-2.8041074,-3.926369,453,0.8368512392044067
human1_lib1.final_cell_0455-0,human1,quiescent_stellate,5,activated_stellate,11.289488,4.462981,454,1.4036462306976318
human1_lib1.final_cell_0456-0,human1,endothelial,7,endothelial,10.010854,12.962215,455,2.103743314743042
human1_lib1.final_cell_0457-0,human1,endothelial,7,endothelial,9.567552,13.192875,456,1.9705809354782104
human1_lib1.final_cell_0458-0,human1,alpha,1,alpha,9.036484,-5.426652,457,0.7014720439910889
human1_lib1.final_cell_0459-0,human1,quiescent_stellate,5,activated_stellate,11.591142,4.8940773,458,1.6791956424713137
human1_lib1.final_cell_0460-0,human1,beta,0,beta,0.82889336,8.283697,459,1.6945366859436035
human1_lib1.final_cell_0461-0,human1,acinar,2,acinar,17.434002,13.144704,460,1.371284008026123
human1_lib1.final_cell_0462-0,human1,beta,0,beta,1.008253,10.045585,461,0.6135402321815491
human1_lib1.final_cell_0463-0,human1,endothelial,7,endothelial,9.533345,12.376783,462,1.979647874832153
human1_lib1.final_cell_0464-0,human1,endothelial,7,endothelial,9.91526,11.098959,463,2.014639616012573
human1_lib1.final_cell_0465-0,human1,beta,0,beta,0.41122165,10.197569,464,0.6975763440132141
human1_lib1.final_cell_0466-0,human1,acinar,2,acinar,18.222218,13.478652,465,0.9419574737548828
human1_lib1.final_cell_0467-0,human1,delta,4,delta,-3.3310587,2.6935816,466,0.4534661769866943
human1_lib1.final_cell_0468-0,human1,beta,0,beta,-0.15049818,10.615491,467,0.598202645778656
human1_lib1.final_cell_0469-0,human1,beta,0,beta,1.3619087,12.104514,468,0.4074893295764923
human1_lib1.final_cell_0470-0,human1,beta,0,beta,0.6291319,9.711341,469,0.4243826866149902
human1_lib1.final_cell_0471-0,human1,beta,0,beta,-1.1529999,10.688167,470,0.757719874382019
human1_lib1.final_cell_0472-0,human1,beta,0,beta,-0.7906988,7.142829,471,1.0577847957611084
human1_lib1.final_cell_0473-0,human1,beta,0,beta,1.3784397,9.867864,472,1.4472956657409668
human1_lib1.final_cell_0474-0,human1,beta,0,beta,1.4813629,9.682372,473,0.4607107043266296
human1_lib1.final_cell_0475-0,human1,beta,0,beta,0.49307647,8.9903555,474,1.344867467880249
human1_lib1.final_cell_0476-0,human1,gamma,6,gamma,-2.258109,-3.9968684,475,1.3481032848358154
human1_lib1.final_cell_0477-0,human1,ductal,3,ductal,19.082724,1.6838317,476,1.3392106294631958
human1_lib1.final_cell_0478-0,human1,beta,0,beta,-0.21046042,11.741617,477,0.4160387814044952
human1_lib1.final_cell_0479-0,human1,gamma,6,gamma,-2.1594467,-3.646706,478,1.2591514587402344
human1_lib1.final_cell_0480-0,human1,beta,0,beta,-0.25165027,9.214091,479,0.5413258671760559
human1_lib1.final_cell_0481-0,human1,delta,4,delta,-3.7540178,3.0445042,480,0.524341344833374
human1_lib1.final_cell_0482-0,human1,beta,0,beta,-0.23165965,10.706045,481,0.4068402051925659
human1_lib1.final_cell_0483-0,human1,beta,0,beta,-1.0094184,11.7700205,482,1.0847158432006836
human1_lib1.final_cell_0484-0,human1,gamma,6,gamma,-2.2283058,-3.6827877,483,1.0247571468353271
human1_lib1.final_cell_0485-0,human1,quiescent_stellate,5,activated_stellate,12.601841,5.6030073,484,1.1992594003677368
human1_lib1.final_cell_0486-0,human1,delta,4,delta,-4.403458,2.6144176,485,0.7212209701538086
human1_lib1.final_cell_0487-0,human1,beta,0,beta,-0.4145659,11.136814,486,0.5073186755180359
human1_lib1.final_cell_0488-0,human1,delta,4,delta,-2.8300173,2.9535728,487,0.9582473635673524
human1_lib1.final_cell_0489-0,human1,quiescent_stellate,5,activated_stellate,11.698562,4.1767206,488,1.9205480813980105
human1_lib1.final_cell_0490-0,human1,delta,4,delta,-2.8572755,3.4618688,489,1.809860587120056
human1_lib1.final_cell_0491-0,human1,beta,0,beta,-0.4250569,10.817076,490,0.3845422863960266
human1_lib1.final_cell_0492-0,human1,alpha,1,alpha,6.1602507,-4.174951,491,0.7936362028121948
human1_lib1.final_cell_0493-0,human1,delta,4,delta,-3.6292417,2.6729853,492,0.3933992683887481
human1_lib1.final_cell_0494-0,human1,alpha,1,alpha,8.8399515,-7.1248016,493,0.6292307376861572
human1_lib1.final_cell_0495-0,human1,quiescent_stellate,5,activated_stellate,11.29606,4.2083945,494,1.378870725631714
human1_lib1.final_cell_0496-0,human1,quiescent_stellate,5,activated_stellate,11.508499,4.255903,495,1.562456488609314
human1_lib1.final_cell_0497-0,human1,beta,4,delta,-1.975332,5.029212,496,1.0760784149169922
human1_lib1.final_cell_0498-0,human1,endothelial,7,endothelial,9.588385,12.609879,497,2.1647183895111084
human1_lib1.final_cell_0499-0,human1,endothelial,7,endothelial,9.793577,12.334372,498,2.1201562881469727
human1_lib1.final_cell_0500-0,human1,activated_stellate,5,activated_stellate,11.239529,4.386774,499,1.8410844802856443
human1_lib1.final_cell_0501-0,human1,beta,0,beta,0.83190507,8.95513,500,0.5084035992622375
human1_lib1.final_cell_0502-0,human1,alpha,1,alpha,7.7661834,-4.8486543,501,0.5272595882415771
human1_lib1.final_cell_0503-0,human1,delta,4,delta,-4.453079,2.493053,502,0.3846073150634765
human1_lib1.final_cell_0504-0,human1,beta,0,beta,0.3657953,10.368219,503,0.4265026450157165
human1_lib1.final_cell_0505-0,human1,endothelial,7,endothelial,9.92305,12.707107,504,2.5471646785736084
human1_lib1.final_cell_0506-0,human1,alpha,1,alpha,8.945567,-7.2710786,505,0.668380618095398
human1_lib1.final_cell_0507-0,human1,quiescent_stellate,5,activated_stellate,11.500706,4.2000575,506,1.320932388305664
human1_lib1.final_cell_0508-0,human1,beta,0,beta,0.5984904,7.9565597,507,1.8334429264068604
human1_lib1.final_cell_0509-0,human1,endothelial,7,endothelial,9.804762,12.656334,508,2.383197784423828
human1_lib1.final_cell_0510-0,human1,activated_stellate,5,activated_stellate,12.09151,5.9958196,509,1.8677380084991453
human1_lib1.final_cell_0511-0,human1,gamma,6,gamma,-2.2356324,-3.8100078,510,0.9437477588653564
human1_lib1.final_cell_0512-0,human1,beta,0,beta,0.02605609,9.795821,511,0.492297887802124
human1_lib1.final_cell_0513-0,human1,quiescent_stellate,5,activated_stellate,11.427955,4.2841244,512,1.4710792303085327
human1_lib1.final_cell_0514-0,human1,beta,0,beta,1.3371071,10.300216,513,0.4799001216888428
human1_lib1.final_cell_0515-0,human1,endothelial,7,endothelial,9.814452,12.311585,514,2.051766395568848
human1_lib1.final_cell_0516-0,human1,gamma,6,gamma,-2.51252,-4.191137,515,1.354403376579285
human1_lib1.final_cell_0517-0,human1,beta,0,beta,0.97169334,9.353138,516,0.442831426858902
human1_lib1.final_cell_0518-0,human1,beta,0,beta,0.8768062,9.450728,517,0.7278505563735962
human1_lib1.final_cell_0519-0,human1,alpha,1,alpha,9.087651,-6.2325935,518,0.5298661589622498
human1_lib1.final_cell_0520-0,human1,endothelial,7,endothelial,9.939484,12.676183,519,1.9853591918945312
human1_lib1.final_cell_0521-0,human1,gamma,6,gamma,-2.7752929,-3.6969526,520,0.8436738848686218
human1_lib1.final_cell_0522-0,human1,beta,0,beta,1.424364,9.829276,521,0.5958893299102783
human1_lib1.final_cell_0523-0,human1,beta,0,beta,0.90330184,9.437627,522,0.6716537475585938
human1_lib1.final_cell_0524-0,human1,beta,4,delta,-1.7262641,5.5085187,523,0.6789517402648926
human1_lib1.final_cell_0525-0,human1,beta,4,delta,-2.7358537,3.5770612,524,1.5756051540374756
human1_lib1.final_cell_0526-0,human1,endothelial,7,endothelial,9.629755,11.33476,525,2.001304149627685
human1_lib1.final_cell_0527-0,human1,mast,8,macrophage,15.569218,1.2266965,526,4.432863235473633
human1_lib1.final_cell_0528-0,human1,beta,0,beta,0.9751997,10.835824,527,0.3845422863960266
human1_lib1.final_cell_0529-0,human1,beta,0,beta,-0.5085464,10.10992,528,1.1073341369628906
human1_lib1.final_cell_0530-0,human1,endothelial,7,endothelial,9.530113,12.307003,529,2.118046760559082
human1_lib1.final_cell_0531-0,human1,beta,0,beta,1.0021133,11.6515,530,0.4852414429187774
human1_lib1.final_cell_0532-0,human1,endothelial,7,endothelial,9.782674,12.322399,531,1.8915318250656128
human1_lib1.final_cell_0533-0,human1,beta,0,beta,0.5724437,9.120209,532,0.7674823999404907
human1_lib1.final_cell_0534-0,human1,endothelial,7,endothelial,9.545482,11.689847,533,2.330437183380127
human1_lib1.final_cell_0535-0,human1,beta,0,beta,1.9130299,10.96777,534,0.4203635454177856
human1_lib1.final_cell_0536-0,human1,quiescent_stellate,5,activated_stellate,11.70926,4.168728,535,2.291276454925537
human1_lib1.final_cell_0537-0,human1,endothelial,7,endothelial,9.877448,13.220029,536,2.2829833030700684
human1_lib1.final_cell_0538-0,human1,endothelial,7,endothelial,9.650776,11.320834,537,2.12823224067688
human1_lib1.final_cell_0539-0,human1,beta,0,beta,0.36998135,10.082738,538,1.1166826486587524
human1_lib1.final_cell_0540-0,human1,endothelial,7,endothelial,9.616037,11.359639,539,2.816579818725586
human1_lib1.final_cell_0541-0,human1,quiescent_stellate,5,activated_stellate,12.2792845,4.305046,540,1.8878027200698853
human1_lib1.final_cell_0542-0,human1,beta,0,beta,-0.59076244,10.405502,541,1.3344249725341797
human1_lib1.final_cell_0543-0,human1,alpha,1,alpha,9.216046,-6.3262887,542,0.6023369431495667
human1_lib1.final_cell_0544-0,human1,ductal,3,ductal,17.79459,2.8454192,543,1.4669605493545532
human1_lib1.final_cell_0545-0,human1,endothelial,7,endothelial,9.584704,12.538386,544,2.518120527267456
human1_lib1.final_cell_0546-0,human1,beta,4,delta,-1.8587263,5.272054,545,0.7089234590530396
human1_lib1.final_cell_0547-0,human1,beta,0,beta,1.8493582,9.955359,546,0.927628219127655
human1_lib1.final_cell_0548-0,human1,endothelial,7,endothelial,9.604243,11.350809,547,2.7495338916778564
human1_lib1.final_cell_0549-0,human1,beta,0,beta,-0.5006115,9.9100895,548,0.6171506643295288
human1_lib1.final_cell_0550-0,human1,beta,0,beta,2.0846252,11.293114,549,0.563488781452179
human1_lib1.final_cell_0551-0,human1,beta,0,beta,-0.23672253,9.1384735,550,0.4663041532039642
human1_lib1.final_cell_0552-0,human1,endothelial,7,endothelial,9.60659,11.826751,551,2.3254895210266118
human1_lib1.final_cell_0553-0,human1,macrophage,8,macrophage,-11.028335,6.3839817,552,3.133333444595337
human1_lib1.final_cell_0554-0,human1,endothelial,7,endothelial,9.601001,11.860902,553,2.750760555267334
human1_lib1.final_cell_0555-0,human1,ductal,3,ductal,17.955856,2.6848028,554,1.6963375806808472
human1_lib1.final_cell_0556-0,human1,beta,0,beta,-0.34777504,12.297987,555,0.5228936672210693
human1_lib1.final_cell_0557-0,human1,ductal,3,ductal,17.871601,2.7686331,556,1.5220422744750977
human1_lib1.final_cell_0558-0,human1,endothelial,7,endothelial,9.536662,11.449564,557,2.8176112174987797
human1_lib1.final_cell_0559-0,human1,quiescent_stellate,5,activated_stellate,11.299668,4.500841,558,1.3508602380752563
human1_lib1.final_cell_0560-0,human1,beta,0,beta,-0.62324923,9.89288,559,0.6221259832382202
human1_lib1.final_cell_0561-0,human1,endothelial,7,endothelial,9.595265,11.813126,560,2.713110446929932
human1_lib1.final_cell_0562-0,human1,endothelial,7,endothelial,10.044686,12.622332,561,2.5314571857452397
human1_lib1.final_cell_0563-0,human1,beta,0,beta,-0.79336035,12.003375,562,0.626823902130127
human1_lib1.final_cell_0564-0,human1,endothelial,7,endothelial,9.635217,11.9075775,563,1.996585726737976
human1_lib1.final_cell_0565-0,human1,endothelial,7,endothelial,9.519776,11.511665,564,2.706950187683105
human1_lib1.final_cell_0566-0,human1,alpha,6,gamma,5.5797257,-3.921461,565,1.6023941040039062
human1_lib1.final_cell_0567-0,human1,ductal,3,ductal,18.562143,2.2283099,566,1.3210327625274658
human1_lib1.final_cell_0568-0,human1,beta,0,beta,-0.08246705,11.919314,567,0.3845422863960266
human1_lib2.final_cell_0001-0,human1,delta,2,acinar,17.7443,11.410691,568,1.895840167999268
human1_lib2.final_cell_0002-0,human1,delta,4,delta,-4.6694684,2.775527,569,0.4095741808414459
human1_lib2.final_cell_0003-0,human1,delta,4,delta,-3.7926788,2.6517553,570,0.3845422863960266
human1_lib2.final_cell_0004-0,human1,acinar,2,acinar,14.794056,4.975814,571,2.094947338104248
human1_lib2.final_cell_0005-0,human1,acinar,2,acinar,16.073101,16.594091,572,0.8643344640731812
human1_lib2.final_cell_0006-0,human1,acinar,2,acinar,16.050041,16.233099,573,1.1378803253173828
human1_lib2.final_cell_0007-0,human1,acinar,2,acinar,15.69771,16.586445,574,1.014185905456543
human1_lib2.final_cell_0008-0,human1,delta,4,delta,-3.1566842,3.3604937,575,0.4098466634750366
human1_lib2.final_cell_0009-0,human1,acinar,2,acinar,16.981102,16.408752,576,0.9004868268966675
human1_lib2.final_cell_0010-0,human1,ductal,2,acinar,15.202338,5.852051,577,1.3401634693145752
human1_lib2.final_cell_0011-0,human1,alpha,1,alpha,9.890384,-7.6209264,578,0.6294430494308472
human1_lib2.final_cell_0012-0,human1,delta,4,delta,-3.61392,3.0936785,579,0.601002037525177
human1_lib2.final_cell_0013-0,human1,delta,4,delta,-4.1776834,3.4841063,580,0.5211023688316345
human1_lib2.final_cell_0014-0,human1,delta,4,delta,-4.5190077,2.8715904,581,0.3970616161823272
human1_lib2.final_cell_0015-0,human1,delta,4,delta,-2.8644593,2.8318686,582,0.4774880111217499
human1_lib2.final_cell_0016-0,human1,acinar,2,acinar,16.963785,15.6838455,583,1.041804313659668
human1_lib2.final_cell_0017-0,human1,beta,0,beta,0.7725036,11.567053,584,0.9687628149986268
human1_lib2.final_cell_0018-0,human1,acinar,2,acinar,17.545504,15.178302,585,0.8666110038757324
human1_lib2.final_cell_0019-0,human1,endothelial,7,endothelial,9.582064,11.396767,586,2.838065385818481
human1_lib2.final_cell_0020-0,human1,delta,4,delta,-3.2929122,2.6136606,587,0.3845422863960266
human1_lib2.final_cell_0021-0,human1,beta,0,beta,1.3205186,9.385307,588,0.4108507633209228
human1_lib2.final_cell_0022-0,human1,delta,4,delta,-4.9722304,2.5965576,589,0.8620882034301758
human1_lib2.final_cell_0023-0,human1,alpha,1,alpha,8.866704,-5.4189816,590,0.5925306677818298
human1_lib2.final_cell_0024-0,human1,ductal,3,ductal,19.121243,-0.11208288,591,3.588205099105835
human1_lib2.final_cell_0025-0,human1,delta,4,delta,-4.3900375,2.7974906,592,0.4539593458175659
human1_lib2.final_cell_0026-0,human1,delta,4,delta,-3.7300506,2.280183,593,0.3888179361820221
human1_lib2.final_cell_0027-0,human1,beta,0,beta,-0.6852025,11.91402,594,0.394629418849945
human1_lib2.final_cell_0028-0,human1,delta,4,delta,-4.588924,2.8003118,595,0.4102482199668884
human1_lib2.final_cell_0029-0,human1,beta,0,beta,0.9369723,10.8228245,596,0.6323737502098083
human1_lib2.final_cell_0030-0,human1,beta,4,delta,-1.6472397,5.6480427,597,0.6762216687202454
human1_lib2.final_cell_0031-0,human1,delta,4,delta,-3.901504,3.074879,598,1.0216213464736938
human1_lib2.final_cell_0032-0,human1,gamma,6,gamma,-2.8311663,-3.5111387,599,0.775510311126709
human1_lib2.final_cell_0033-0,human1,beta,0,beta,-0.6408182,11.6978445,600,0.3913185596466064
human1_lib2.final_cell_0034-0,human1,delta,4,delta,-2.829252,3.172837,601,0.6967672109603882
human1_lib2.final_cell_0035-0,human1,beta,0,beta,0.8088396,13.387294,602,0.6526869535446167
human1_lib2.final_cell_0036-0,human1,delta,4,delta,-3.4502156,2.7012613,603,0.5361811518669128
human1_lib2.final_cell_0037-0,human1,beta,0,beta,-0.8205955,10.689299,604,0.3864240646362304
human1_lib2.final_cell_0038-0,human1,alpha,1,alpha,7.808367,-6.5289664,605,0.6417261958122253
human1_lib2.final_cell_0039-0,human1,beta,0,beta,1.3330235,10.578697,606,0.3845422863960266
human1_lib2.final_cell_0040-0,human1,delta,4,delta,-3.993904,2.6863508,607,0.3845422863960266
human1_lib2.final_cell_0041-0,human1,delta,4,delta,-4.337317,2.6330822,608,0.4496146440505981
human1_lib2.final_cell_0042-0,human1,beta,0,beta,-0.36183357,12.428114,609,0.3845422863960266
human1_lib2.final_cell_0043-0,human1,delta,4,delta,-3.679973,2.7853882,610,0.4636492133140564
human1_lib2.final_cell_0044-0,human1,delta,4,delta,-3.9033694,2.8499038,611,0.4086765944957733
human1_lib2.final_cell_0045-0,human1,ductal,3,ductal,18.129623,1.1674714,612,3.5210232734680176
human1_lib2.final_cell_0046-0,human1,beta,0,beta,1.7143451,10.686643,613,0.5211818218231201
human1_lib2.final_cell_0047-0,human1,delta,4,delta,-4.294255,2.8558273,614,0.3852886855602264
human1_lib2.final_cell_0048-0,human1,delta,4,delta,-4.299996,2.4055388,615,0.5440996289253235
human1_lib2.final_cell_0049-0,human1,alpha,1,alpha,9.668772,-8.019599,616,0.5914263725280762
human1_lib2.final_cell_0050-0,human1,beta,0,beta,0.8119366,9.567645,617,0.3879615068435669
human1_lib2.final_cell_0051-0,human1,alpha,1,alpha,8.419854,-6.888013,618,1.158980369567871
human1_lib2.final_cell_0052-0,human1,alpha,1,alpha,9.517973,-5.833464,619,0.7096243500709534
human1_lib2.final_cell_0053-0,human1,beta,0,beta,1.475225,9.583125,620,0.5812444686889648
human1_lib2.final_cell_0054-0,human1,acinar,2,acinar,18.4864,13.726806,621,0.9132073521614076
human1_lib2.final_cell_0055-0,human1,beta,0,beta,0.2561446,10.637739,622,0.5497691035270691
human1_lib2.final_cell_0056-0,human1,beta,0,beta,1.7568476,9.911385,623,0.5455102324485779
human1_lib2.final_cell_0057-0,human1,beta,0,beta,0.31115526,11.134172,624,0.3845422863960266
human1_lib2.final_cell_0058-0,human1,delta,4,delta,-3.439035,2.9166346,625,0.4777788817882538
human1_lib2.final_cell_0059-0,human1,activated_stellate,5,activated_stellate,11.577377,5.122424,626,1.598568558692932
human1_lib2.final_cell_0060-0,human1,beta,0,beta,-0.61667484,11.759217,627,0.4065649807453155
human1_lib2.final_cell_0061-0,human1,beta,0,beta,-1.0121045,11.592511,628,0.3845422863960266
human1_lib2.final_cell_0062-0,human1,beta,0,beta,0.7403351,12.195634,629,0.4841434359550476
human1_lib2.final_cell_0063-0,human1,delta,4,delta,-4.301193,2.8400621,630,0.7747862935066223
human1_lib2.final_cell_0064-0,human1,beta,0,beta,-0.91274357,10.9532585,631,0.4874936044216156
human1_lib2.final_cell_0065-0,human1,alpha,1,alpha,10.275982,-7.2229385,632,0.5904723405838013
human1_lib2.final_cell_0066-0,human1,ductal,3,ductal,17.780428,2.8646643,633,2.240983009338379
human1_lib2.final_cell_0067-0,human1,acinar,2,acinar,17.480665,15.678396,634,1.1664317846298218
human1_lib2.final_cell_0068-0,human1,delta,4,delta,-3.2342982,2.5769117,635,0.4447375833988189
human1_lib2.final_cell_0069-0,human1,beta,0,beta,0.77712476,9.077104,636,0.486014574766159
human1_lib2.final_cell_0070-0,human1,beta,0,beta,0.4859186,11.093788,637,0.4687758386135101
human1_lib2.final_cell_0071-0,human1,beta,0,beta,2.0218904,11.125031,638,0.3845422863960266
human1_lib2.final_cell_0072-0,human1,acinar,2,acinar,15.932695,16.626564,639,1.3129220008850098
human1_lib2.final_cell_0073-0,human1,beta,0,beta,0.39901915,11.563676,640,0.3845422863960266
human1_lib2.final_cell_0074-0,human1,delta,4,delta,-4.2508564,3.4304342,641,0.3845422863960266
human1_lib2.final_cell_0075-0,human1,beta,0,beta,-0.06055168,12.325791,642,0.4494202733039856
human1_lib2.final_cell_0076-0,human1,beta,0,beta,-0.8342823,10.303306,643,0.4110161960124969
human1_lib2.final_cell_0077-0,human1,beta,0,beta,0.109950736,9.632413,644,0.5415744185447693
human1_lib2.final_cell_0078-0,human1,delta,4,delta,-3.88932,3.1184084,645,0.4139306545257568
human1_lib2.final_cell_0079-0,human1,delta,4,delta,-4.405652,2.9000132,646,0.3938155770301819
human1_lib2.final_cell_0080-0,human1,beta,0,beta,0.10365745,10.470641,647,0.4300875961780548
human1_lib2.final_cell_0081-0,human1,delta,4,delta,-4.55471,2.8795083,648,0.3943772912025451
human1_lib2.final_cell_0082-0,human1,beta,0,beta,-0.26520562,11.457124,649,0.3845422863960266
human1_lib2.final_cell_0083-0,human1,beta,0,beta,0.62089455,12.829969,650,0.4772442877292633
human1_lib2.final_cell_0084-0,human1,beta,0,beta,0.1846907,12.157179,651,0.4024876654148102
human1_lib2.final_cell_0085-0,human1,beta,0,beta,1.2537713,11.626127,652,0.3845422863960266
human1_lib2.final_cell_0086-0,human1,beta,0,beta,0.33579215,11.267303,653,0.4142735004425049
human1_lib2.final_cell_0087-0,human1,beta,0,beta,-0.36678472,9.359824,654,0.807708203792572
human1_lib2.final_cell_0088-0,human1,acinar,2,acinar,17.85837,11.767196,655,1.0799647569656372
human1_lib2.final_cell_0089-0,human1,beta,0,beta,0.6600885,12.348065,656,0.762984037399292
human1_lib2.final_cell_0090-0,human1,beta,0,beta,-0.5162686,10.322482,657,1.4478247165679932
human1_lib2.final_cell_0091-0,human1,beta,0,beta,-0.41020954,10.527208,658,0.3915248215198517
human1_lib2.final_cell_0092-0,human1,alpha,1,alpha,8.085075,-5.574951,659,0.606224000453949
human1_lib2.final_cell_0093-0,human1,endothelial,7,endothelial,9.449386,11.597925,660,2.815601110458374
human1_lib2.final_cell_0094-0,human1,beta,0,beta,0.83705497,8.766364,661,0.40869802236557
human1_lib2.final_cell_0095-0,human1,delta,4,delta,-4.045634,3.4503272,662,0.4658595025539398
human1_lib2.final_cell_0096-0,human1,beta,0,beta,0.66210526,11.636851,663,0.3845422863960266
human1_lib2.final_cell_0097-0,human1,delta,4,delta,-3.998172,3.3489392,664,0.4509480893611908
human1_lib2.final_cell_0098-0,human1,beta,0,beta,2.1449437,10.506979,665,0.3845422863960266
human1_lib2.final_cell_0099-0,human1,delta,4,delta,-2.7284324,3.0075185,666,0.9051368832588196
human1_lib2.final_cell_0100-0,human1,beta,0,beta,-0.85271186,9.596418,667,0.4737411141395569
human1_lib2.final_cell_0101-0,human1,beta,0,beta,0.7150017,10.417227,668,0.4265201091766357
human1_lib2.final_cell_0102-0,human1,delta,4,delta,-3.369422,3.6862373,669,0.5734383463859558
human1_lib2.final_cell_0103-0,human1,ductal,3,ductal,18.925436,0.6671315,670,1.6621993780136108
human1_lib2.final_cell_0104-0,human1,beta,0,beta,1.0389112,10.924851,671,0.3845422863960266
human1_lib2.final_cell_0105-0,human1,beta,0,beta,-1.1478827,10.669617,672,0.3845422863960266
human1_lib2.final_cell_0106-0,human1,ductal,3,ductal,18.17146,2.4275234,673,1.2316417694091797
human1_lib2.final_cell_0107-0,human1,beta,0,beta,-0.4248938,12.763173,674,0.3972128033638
human1_lib2.final_cell_0108-0,human1,beta,0,beta,1.6599776,10.134709,675,0.3854731023311615
human1_lib2.final_cell_0109-0,human1,beta,0,beta,-1.1989046,10.106288,676,0.7264810800552368
human1_lib2.final_cell_0110-0,human1,beta,0,beta,0.66479635,10.640649,677,0.4580350220203399
human1_lib2.final_cell_0111-0,human1,acinar,2,acinar,16.38492,15.865162,678,1.040504813194275
human1_lib2.final_cell_0112-0,human1,acinar,2,acinar,17.886675,15.289567,679,0.8048585653305054
human1_lib2.final_cell_0113-0,human1,beta,0,beta,1.4490651,9.559551,680,1.2255831956863403
human1_lib2.final_cell_0114-0,human1,alpha,1,alpha,8.581776,-6.238233,681,0.5395480990409851
human1_lib2.final_cell_0115-0,human1,beta,0,beta,0.11444184,11.169483,682,0.3845422863960266
human1_lib2.final_cell_0116-0,human1,delta,4,delta,-4.9163847,2.675523,683,0.8637024760246277
human1_lib2.final_cell_0117-0,human1,beta,0,beta,0.2548947,9.283981,684,0.5161635875701904
human1_lib2.final_cell_0118-0,human1,beta,0,beta,0.35601208,11.134522,685,0.3845422863960266
human1_lib2.final_cell_0119-0,human1,beta,0,beta,-0.6070862,9.832951,686,0.5652080178260803
human1_lib2.final_cell_0120-0,human1,beta,0,beta,-0.42563134,11.524499,687,0.5928560495376587
human1_lib2.final_cell_0121-0,human1,beta,4,delta,-2.0643244,4.722931,688,0.683286726474762
human1_lib2.final_cell_0122-0,human1,ductal,3,ductal,19.011732,0.7696806,689,1.805469393730164
human1_lib2.final_cell_0123-0,human1,beta,0,beta,-0.31502825,12.423629,690,0.3845422863960266
human1_lib2.final_cell_0124-0,human1,acinar,2,acinar,16.133865,15.604163,691,0.9667800664901732
human1_lib2.final_cell_0125-0,human1,beta,0,beta,-1.2022336,11.853555,692,0.4983024001121521
human1_lib2.final_cell_0126-0,human1,acinar,2,acinar,16.876225,15.839983,693,0.9417073726654052
human1_lib2.final_cell_0127-0,human1,beta,0,beta,-0.4672949,10.709153,694,0.3932464718818664
human1_lib2.final_cell_0128-0,human1,ductal,3,ductal,19.206526,0.1652717,695,1.4542051553726196
human1_lib2.final_cell_0129-0,human1,beta,0,beta,0.041246045,12.219042,696,0.4162288904190063
human1_lib2.final_cell_0130-0,human1,activated_stellate,5,activated_stellate,11.479465,5.1432114,697,1.6209843158721924
human1_lib2.final_cell_0131-0,human1,alpha,1,alpha,8.856861,-6.3021636,698,0.5371056795120239
human1_lib2.final_cell_0132-0,human1,beta,0,beta,0.8606317,11.6323595,699,0.5530904531478882
human1_lib2.final_cell_0133-0,human1,delta,4,delta,-3.4159966,2.5205686,700,0.4454044699668884
human1_lib2.final_cell_0134-0,human1,delta,4,delta,-4.476005,2.5652747,701,0.4340106248855591
human1_lib2.final_cell_0135-0,human1,beta,0,beta,1.1713214,12.170405,702,0.3916005790233612
human1_lib2.final_cell_0136-0,human1,beta,0,beta,1.8926522,9.960561,703,0.4296500384807586
human1_lib2.final_cell_0137-0,human1,beta,0,beta,0.6666295,10.428796,704,0.4027596712112427
human1_lib2.final_cell_0138-0,human1,beta,4,delta,-1.9494116,5.090965,705,0.5605334639549255
human1_lib2.final_cell_0139-0,human1,acinar,2,acinar,18.32071,12.618961,706,1.0652486085891724
human1_lib2.final_cell_0140-0,human1,beta,4,delta,-1.8720847,5.237474,707,0.8005027770996094
human1_lib2.final_cell_0141-0,human1,beta,0,beta,-0.21305175,12.667321,708,0.5008866786956787
human1_lib2.final_cell_0142-0,human1,beta,0,beta,-0.17380422,11.327387,709,0.3845422863960266
human1_lib2.final_cell_0143-0,human1,delta,4,delta,-4.14965,3.25797,710,0.3845422863960266
human1_lib2.final_cell_0144-0,human1,beta,0,beta,-0.9095496,9.015373,711,0.5367658138275146
human1_lib2.final_cell_0145-0,human1,ductal,3,ductal,18.739544,1.1712202,712,1.473124384880066
human1_lib2.final_cell_0146-0,human1,beta,0,beta,0.98809457,12.064776,713,0.4914658963680267
human1_lib2.final_cell_0147-0,human1,beta,0,beta,-0.72254217,12.208839,714,0.5016239881515503
human1_lib2.final_cell_0148-0,human1,ductal,3,ductal,18.260353,2.4317856,715,1.84621262550354
human1_lib2.final_cell_0149-0,human1,macrophage,8,macrophage,13.477848,0.6442006,716,2.6185519695281982
human1_lib2.final_cell_0150-0,human1,beta,0,beta,0.60802907,9.502348,717,0.6240629553794861
human1_lib2.final_cell_0151-0,human1,delta,4,delta,-3.8570676,3.0487676,718,0.3845422863960266
human1_lib2.final_cell_0152-0,human1,beta,0,beta,-0.9522463,11.925723,719,0.4207335114479065
human1_lib2.final_cell_0153-0,human1,beta,0,beta,-0.6921595,12.108966,720,0.3845422863960266
human1_lib2.final_cell_0154-0,human1,beta,0,beta,-0.71052384,10.161542,721,0.5065443515777588
human1_lib2.final_cell_0155-0,human1,beta,0,beta,-0.26050866,11.072599,722,0.3845422863960266
human1_lib2.final_cell_0156-0,human1,beta,0,beta,0.122007,11.407465,723,0.3854191303253174
human1_lib2.final_cell_0157-0,human1,activated_stellate,5,activated_stellate,11.307387,5.139323,724,1.586106538772583
human1_lib2.final_cell_0158-0,human1,beta,0,beta,-1.1857672,11.793392,725,0.468737930059433
human1_lib2.final_cell_0159-0,human1,beta,0,beta,0.8928461,10.6948,726,0.4210319519042969
human1_lib2.final_cell_0160-0,human1,ductal,3,ductal,19.131794,1.2282827,727,1.7906872034072876
human1_lib2.final_cell_0161-0,human1,beta,0,beta,0.9352228,11.088093,728,0.4525797963142395
human1_lib2.final_cell_0162-0,human1,beta,0,beta,1.4307542,10.943214,729,0.3845422863960266
human1_lib2.final_cell_0163-0,human1,beta,0,beta,0.094092056,11.182206,730,0.3845422863960266
human1_lib2.final_cell_0164-0,human1,beta,0,beta,1.1425937,12.305912,731,0.4133235812187195
human1_lib2.final_cell_0165-0,human1,beta,0,beta,-0.62063605,10.501577,732,0.8337092399597168
human1_lib2.final_cell_0166-0,human1,delta,4,delta,-4.0982213,3.6097007,733,0.5289546847343445
human1_lib2.final_cell_0167-0,human1,beta,0,beta,0.20959507,11.335857,734,0.3997010886669159
human1_lib2.final_cell_0168-0,human1,beta,0,beta,1.0311202,11.662034,735,0.3845422863960266
human1_lib2.final_cell_0169-0,human1,delta,4,delta,-3.043389,2.6734009,736,0.5207913517951965
human1_lib2.final_cell_0170-0,human1,beta,0,beta,1.4737649,9.598729,737,1.709986925125122
human1_lib2.final_cell_0171-0,human1,beta,0,beta,1.8740889,11.691962,738,0.3845422863960266
human1_lib2.final_cell_0172-0,human1,beta,0,beta,-0.16974655,11.370317,739,0.3992446959018707
human1_lib2.final_cell_0173-0,human1,beta,0,beta,-0.8569479,10.264449,740,0.452000081539154
human1_lib2.final_cell_0174-0,human1,alpha,1,alpha,9.027654,-8.366204,741,0.5631738305091858
human1_lib2.final_cell_0175-0,human1,beta,0,beta,-0.60796535,7.7486134,742,0.5664116740226746
human1_lib2.final_cell_0176-0,human1,beta,0,beta,0.5187242,10.439719,743,0.5277496576309204
human1_lib2.final_cell_0177-0,human1,acinar,2,acinar,17.826313,15.31157,744,0.7778371572494507
human1_lib2.final_cell_0178-0,human1,beta,4,delta,-1.707806,5.5461593,745,0.5926207304000854
human1_lib2.final_cell_0179-0,human1,beta,4,delta,-2.0091622,4.9972463,746,0.6088100671768188
human1_lib2.final_cell_0180-0,human1,beta,0,beta,1.5002917,10.011677,747,0.4677049219608307
human1_lib2.final_cell_0181-0,human1,beta,0,beta,1.1127816,11.359708,748,0.4148821532726288
human1_lib2.final_cell_0182-0,human1,ductal,3,ductal,17.085434,1.3737444,749,3.496655225753784
human1_lib2.final_cell_0183-0,human1,beta,0,beta,-0.95565134,10.9165945,750,0.7817906737327576
human1_lib2.final_cell_0184-0,human1,delta,4,delta,-3.0053535,3.7067745,751,0.8086221814155579
human1_lib2.final_cell_0185-0,human1,beta,0,beta,1.2845687,9.947945,752,0.4944786727428436
human1_lib2.final_cell_0186-0,human1,alpha,1,alpha,9.016278,-6.193304,753,0.5428078770637512
human1_lib2.final_cell_0187-0,human1,beta,0,beta,-0.9728542,7.075713,754,0.7305186986923218
human1_lib2.final_cell_0188-0,human1,beta,0,beta,0.8059877,11.626304,755,0.3845422863960266
human1_lib2.final_cell_0189-0,human1,beta,0,beta,0.015106034,9.6191435,756,0.6149269938468933
human1_lib2.final_cell_0190-0,human1,beta,0,beta,0.20381692,10.884625,757,0.4049999713897705
human1_lib2.final_cell_0191-0,human1,delta,4,delta,-4.360405,2.952432,758,0.4263752400875091
human1_lib2.final_cell_0192-0,human1,beta,0,beta,0.8136895,11.693727,759,0.3845422863960266
human1_lib2.final_cell_0193-0,human1,beta,0,beta,0.043562204,9.941595,760,0.7335211038589478
human1_lib2.final_cell_0194-0,human1,delta,4,delta,-2.6800308,2.6302273,761,1.2182071208953855
human1_lib2.final_cell_0195-0,human1,beta,0,beta,-0.35805553,11.539062,762,0.3845422863960266
human1_lib2.final_cell_0196-0,human1,beta,0,beta,1.5601343,11.410074,763,0.5887863636016846
human1_lib2.final_cell_0197-0,human1,beta,0,beta,0.31273085,11.993096,764,0.3941289782524109
human1_lib2.final_cell_0198-0,human1,beta,0,beta,-0.57845813,11.956547,765,0.4044078886508941
human1_lib2.final_cell_0199-0,human1,beta,0,beta,-0.55441546,7.8417926,766,0.7153802514076233
human1_lib2.final_cell_0200-0,human1,beta,0,beta,-0.94646996,12.100584,767,0.3945310115814209
human1_lib2.final_cell_0201-0,human1,beta,0,beta,-1.1834435,9.813167,768,0.4649325311183929
human1_lib2.final_cell_0202-0,human1,gamma,6,gamma,-2.584729,-4.165056,769,1.1175462007522583
human1_lib2.final_cell_0203-0,human1,beta,0,beta,1.9731854,10.086134,770,0.5671772360801697
human1_lib2.final_cell_0204-0,human1,beta,0,beta,0.5067948,12.433604,771,0.5971349477767944
human1_lib2.final_cell_0205-0,human1,delta,4,delta,-3.1850824,2.6967902,772,0.604377031326294
human1_lib2.final_cell_0206-0,human1,ductal,3,ductal,18.87644,2.229661,773,1.9496890306472776
human1_lib2.final_cell_0207-0,human1,beta,0,beta,1.2688733,10.974628,774,0.4530854821205139
human1_lib2.final_cell_0208-0,human1,beta,0,beta,-0.44225687,12.50539,775,0.63625568151474
human1_lib2.final_cell_0209-0,human1,beta,4,delta,-1.8641967,5.2488365,776,0.5474479794502258
human1_lib2.final_cell_0210-0,human1,delta,4,delta,-3.3230984,2.6456993,777,0.5698217153549194
human1_lib2.final_cell_0211-0,human1,beta,0,beta,-0.24308097,12.231382,778,0.4790187776088714
human1_lib2.final_cell_0212-0,human1,ductal,3,ductal,18.81721,2.1562538,779,1.820913791656494
human1_lib2.final_cell_0213-0,human1,beta,0,beta,-0.7662924,9.793388,780,0.6579062342643738
human1_lib2.final_cell_0214-0,human1,beta,0,beta,-0.8587056,9.318333,781,0.7114304900169373
human1_lib2.final_cell_0215-0,human1,beta,0,beta,-0.15342627,11.840822,782,0.4304831027984619
human1_lib2.final_cell_0216-0,human1,beta,0,beta,-0.025724145,11.720329,783,0.3845422863960266
human1_lib2.final_cell_0217-0,human1,ductal,3,ductal,18.574528,-0.6862438,784,1.4374656677246094
human1_lib2.final_cell_0218-0,human1,activated_stellate,5,activated_stellate,12.317566,5.8933063,785,1.4794151782989502
human1_lib2.final_cell_0219-0,human1,beta,0,beta,-1.5636804,5.793723,786,0.7324419617652893
human1_lib2.final_cell_0220-0,human1,alpha,1,alpha,9.058151,-6.674138,787,0.783312201499939
human1_lib2.final_cell_0221-0,human1,beta,0,beta,0.98078364,10.305812,788,0.4346619546413421
human1_lib2.final_cell_0222-0,human1,beta,0,beta,0.39707857,10.528879,789,0.3845422863960266
human1_lib2.final_cell_0223-0,human1,activated_stellate,5,activated_stellate,11.716845,5.2067924,790,2.4939630031585693
human1_lib2.final_cell_0224-0,human1,alpha,1,alpha,9.134006,-7.7883306,791,0.5882975459098816
human1_lib2.final_cell_0225-0,human1,acinar,2,acinar,17.539377,14.502843,792,0.8066264390945435
human1_lib2.final_cell_0226-0,human1,gamma,6,gamma,-2.9967282,-4.1782775,793,1.255414366722107
human1_lib2.final_cell_0227-0,human1,beta,0,beta,-0.35065153,10.396376,794,0.4439364671707153
human1_lib2.final_cell_0228-0,human1,beta,0,beta,-0.5740873,11.293114,795,0.4350798428058624
human1_lib2.final_cell_0229-0,human1,beta,0,beta,-0.88145435,11.769444,796,0.4098218381404876
human1_lib2.final_cell_0230-0,human1,delta,4,delta,-4.364536,2.8588965,797,0.3845422863960266
human1_lib2.final_cell_0231-0,human1,alpha,1,alpha,9.547486,-6.238149,798,0.7550223469734192
human1_lib2.final_cell_0232-0,human1,endothelial,7,endothelial,13.017977,3.9478178,799,2.838065385818481
human1_lib2.final_cell_0233-0,human1,gamma,6,gamma,-2.4565592,-3.454799,800,0.9554234743118286
human1_lib2.final_cell_0234-0,human1,beta,0,beta,-0.77252483,11.593708,801,0.7513905763626099
human1_lib2.final_cell_0235-0,human1,alpha,1,alpha,6.7939305,-6.456976,802,2.071838617324829
human1_lib2.final_cell_0236-0,human1,beta,0,beta,-0.07774833,11.9197,803,0.3845422863960266
human1_lib2.final_cell_0237-0,human1,beta,0,beta,1.4066455,11.864919,804,0.4620646238327026
human1_lib2.final_cell_0238-0,human1,beta,0,beta,2.0447326,10.390071,805,0.7533857226371765
human1_lib2.final_cell_0239-0,human1,beta,4,delta,-3.5673168,3.057043,806,0.4962638914585113
human1_lib2.final_cell_0240-0,human1,beta,0,beta,-0.8293055,7.2339354,807,0.6285473704338074
human1_lib2.final_cell_0241-0,human1,endothelial,7,endothelial,9.512821,11.441526,808,2.792343616485596
human1_lib2.final_cell_0242-0,human1,beta,0,beta,0.7530242,11.950915,809,0.3845422863960266
human1_lib2.final_cell_0243-0,human1,delta,4,delta,-3.7273424,2.2867823,810,0.3910752832889557
human1_lib2.final_cell_0244-0,human1,beta,0,beta,1.0170933,12.64699,811,0.4004463851451874
human1_lib2.final_cell_0245-0,human1,alpha,1,alpha,7.6058545,-5.253612,812,0.6630076766014099
human1_lib2.final_cell_0246-0,human1,beta,0,beta,0.34765223,11.3407345,813,0.5887703895568848
human1_lib2.final_cell_0247-0,human1,alpha,1,alpha,7.987656,-7.531541,814,0.7051255106925964
human1_lib2.final_cell_0248-0,human1,alpha,1,alpha,8.312493,-6.5696983,815,0.6128783822059631
human1_lib2.final_cell_0249-0,human1,delta,4,delta,-2.7945218,2.8724174,816,1.7289727926254272
human1_lib2.final_cell_0250-0,human1,alpha,1,alpha,9.514735,-6.5377126,817,0.6889092326164246
human1_lib2.final_cell_0251-0,human1,ductal,3,ductal,18.30626,-0.80670583,818,1.927566647529602
human1_lib2.final_cell_0252-0,human1,beta,0,beta,-0.17636175,8.422462,819,0.5507805347442627
human1_lib2.final_cell_0253-0,human1,alpha,1,alpha,7.711483,-5.9786,820,1.0714421272277832
human1_lib2.final_cell_0254-0,human1,endothelial,7,endothelial,10.087607,12.901044,821,2.09222149848938
human1_lib2.final_cell_0255-0,human1,beta,0,beta,1.5938182,12.253547,822,0.3845422863960266
human1_lib2.final_cell_0256-0,human1,beta,0,beta,2.136854,11.25507,823,0.3845422863960266
human1_lib2.final_cell_0257-0,human1,ductal,3,ductal,17.462475,1.0238928,824,3.588205099105835
human1_lib2.final_cell_0258-0,human1,delta,4,delta,-3.2344031,3.7811167,825,1.116630792617798
human1_lib2.final_cell_0259-0,human1,beta,0,beta,-0.35694826,8.794011,826,1.6723183393478394
human1_lib2.final_cell_0260-0,human1,beta,0,beta,0.93829477,12.84343,827,0.3845422863960266
human1_lib2.final_cell_0261-0,human1,alpha,1,alpha,7.827445,-7.633094,828,0.9108980298042296
human1_lib2.final_cell_0262-0,human1,alpha,1,alpha,8.615542,-5.079481,829,0.6103034019470215
human1_lib2.final_cell_0263-0,human1,delta,4,delta,-3.9550257,2.7984707,830,0.4440090358257293
human1_lib2.final_cell_0264-0,human1,gamma,6,gamma,-3.088849,-4.138445,831,0.8414324522018433
human1_lib2.final_cell_0265-0,human1,alpha,1,alpha,9.749321,-8.1161175,832,1.2797743082046509
human1_lib2.final_cell_0266-0,human1,beta,0,beta,0.4550955,11.7008505,833,0.3845422863960266
human1_lib2.final_cell_0267-0,human1,alpha,1,alpha,8.546244,-7.36471,834,0.7097569108009338
human1_lib2.final_cell_0268-0,human1,ductal,3,ductal,19.06292,-0.0791782,835,1.323556900024414
human1_lib2.final_cell_0269-0,human1,beta,0,beta,-0.7357606,11.8696375,836,0.5753167867660522
human1_lib2.final_cell_0270-0,human1,gamma,6,gamma,-2.5772028,-3.871305,837,0.6976885199546814
human1_lib2.final_cell_0271-0,human1,beta,0,beta,-0.71437126,11.646744,838,0.602292001247406
human1_lib2.final_cell_0272-0,human1,schwann,5,activated_stellate,12.239416,4.184171,839,2.4939630031585693
human1_lib2.final_cell_0273-0,human1,delta,4,delta,-2.8305998,2.8560438,840,0.8852136731147766
human1_lib2.final_cell_0274-0,human1,beta,0,beta,-0.63207096,10.573399,841,0.588550865650177
human1_lib2.final_cell_0275-0,human1,alpha,1,alpha,9.240462,-7.7256055,842,0.6140040755271912
human1_lib2.final_cell_0276-0,human1,delta,4,delta,-4.3458424,2.3592916,843,0.5553524494171143
human1_lib2.final_cell_0277-0,human1,beta,0,beta,0.16736992,9.475689,844,0.3845422863960266
human1_lib2.final_cell_0278-0,human1,acinar,2,acinar,16.88089,15.001927,845,0.9588716626167296
human1_lib2.final_cell_0279-0,human1,beta,0,beta,-0.77775407,11.744991,846,0.3845422863960266
human1_lib2.final_cell_0280-0,human1,beta,0,beta,-0.20426875,10.967994,847,0.7743197679519653
human1_lib2.final_cell_0281-0,human1,beta,0,beta,1.59778,11.1759,848,0.4148118495941162
human1_lib2.final_cell_0282-0,human1,beta,0,beta,1.6684333,9.485237,849,0.3854164779186249
human1_lib2.final_cell_0283-0,human1,beta,0,beta,-0.9103883,10.621503,850,0.5833529829978943
human1_lib2.final_cell_0284-0,human1,alpha,1,alpha,8.535684,-6.892007,851,0.5518190860748291
human1_lib2.final_cell_0285-0,human1,beta,0,beta,0.83688337,11.507295,852,0.3845422863960266
human1_lib2.final_cell_0286-0,human1,beta,0,beta,-0.8743612,8.764578,853,0.8807427883148193
human1_lib2.final_cell_0287-0,human1,macrophage,8,macrophage,-11.043584,6.3686852,854,2.511861085891724
human1_lib2.final_cell_0288-0,human1,gamma,6,gamma,-3.003694,-3.759134,855,0.843479335308075
human1_lib2.final_cell_0289-0,human1,beta,4,delta,-1.7223395,5.5403347,856,0.7265062928199768
human1_lib2.final_cell_0290-0,human1,beta,0,beta,-0.48221824,9.199953,857,0.6721911430358887
human1_lib2.final_cell_0291-0,human1,alpha,1,alpha,9.210997,-7.7951493,858,0.6874583959579468
human1_lib2.final_cell_0292-0,human1,acinar,2,acinar,18.12444,12.203116,859,1.1526051759719849
human1_lib2.final_cell_0293-0,human1,endothelial,7,endothelial,9.530882,11.59064,860,2.754046440124512
human1_lib2.final_cell_0294-0,human1,alpha,1,alpha,7.5025034,-4.9400206,861,0.6682621240615845
human1_lib2.final_cell_0295-0,human1,beta,0,beta,1.5059887,10.594323,862,0.3845422863960266
human1_lib2.final_cell_0296-0,human1,alpha,1,alpha,9.021656,-7.4857445,863,0.584559440612793
human1_lib2.final_cell_0297-0,human1,alpha,1,alpha,9.323909,-6.2287717,864,0.7986074090003967
human1_lib2.final_cell_0298-0,human1,alpha,1,alpha,7.665454,-6.5641823,865,0.5378029346466064
human1_lib2.final_cell_0299-0,human1,beta,0,beta,-0.55893743,7.7669544,866,0.5775525569915771
human1_lib2.final_cell_0300-0,human1,beta,0,beta,0.40258923,9.182596,867,0.4800557494163513
human1_lib2.final_cell_0301-0,human1,alpha,1,alpha,7.371212,-7.1994224,868,0.7500126361846924
human1_lib2.final_cell_0302-0,human1,alpha,1,alpha,8.948042,-5.6973124,869,0.5553576946258545
human1_lib2.final_cell_0303-0,human1,macrophage,8,macrophage,13.930123,0.90186274,870,2.255384683609009
human1_lib2.final_cell_0304-0,human1,alpha,1,alpha,9.71078,-7.9350224,871,0.6509709358215332
human1_lib2.final_cell_0305-0,human1,beta,0,beta,-0.91931224,10.2326765,872,0.4894593060016632
human1_lib2.final_cell_0306-0,human1,beta,0,beta,1.1625435,11.948134,873,0.4011387228965759
human1_lib2.final_cell_0307-0,human1,beta,4,delta,-3.1423297,3.8143187,874,1.4703137874603271
human1_lib2.final_cell_0308-0,human1,alpha,1,alpha,9.205683,-6.2462683,875,0.6353933215141296
human1_lib2.final_cell_0309-0,human1,activated_stellate,5,activated_stellate,11.13632,5.1261053,876,1.769798994064331
human1_lib2.final_cell_0310-0,human1,delta,4,delta,-4.377723,3.1316466,877,0.9917340874671936
human1_lib2.final_cell_0311-0,human1,alpha,1,alpha,9.561223,-7.5825753,878,0.6644355058670044
human1_lib2.final_cell_0312-0,human1,alpha,1,alpha,8.084977,-5.294961,879,0.7963426113128662
human1_lib2.final_cell_0313-0,human1,endothelial,7,endothelial,9.644004,11.321526,880,2.8182263374328613
human1_lib2.final_cell_0314-0,human1,beta,0,beta,1.956926,10.523863,881,0.3861235380172729
human1_lib2.final_cell_0315-0,human1,delta,6,gamma,12.226198,4.076755,882,2.357717275619507
human1_lib2.final_cell_0316-0,human1,beta,0,beta,-0.61624587,11.954901,883,0.7220925688743591
human1_lib2.final_cell_0317-0,human1,beta,0,beta,-1.0064532,10.795465,884,0.6052843332290649
human1_lib2.final_cell_0318-0,human1,beta,0,beta,0.50775754,9.090826,885,0.6717500686645508
human1_lib2.final_cell_0319-0,human1,ductal,3,ductal,18.821964,-0.24602652,886,1.4629865884780884
human1_lib2.final_cell_0320-0,human1,beta,4,delta,-1.971386,5.053906,887,0.7561612129211426
human1_lib2.final_cell_0321-0,human1,ductal,3,ductal,19.188011,0.25418705,888,1.508858323097229
human1_lib2.final_cell_0322-0,human1,beta,0,beta,0.4835299,9.5985985,889,0.4054824411869049
human1_lib2.final_cell_0323-0,human1,beta,0,beta,-0.15891062,10.259576,890,0.3845422863960266
human1_lib2.final_cell_0324-0,human1,activated_stellate,5,activated_stellate,12.599475,4.517978,891,2.2184555530548096
human1_lib2.final_cell_0325-0,human1,beta,0,beta,-0.8621772,8.701952,892,0.7126867771148682
human1_lib2.final_cell_0326-0,human1,ductal,3,ductal,19.093733,-0.15338092,893,1.586581468582153
human1_lib2.final_cell_0327-0,human1,beta,0,beta,0.8119345,8.648356,894,0.659978985786438
human1_lib2.final_cell_0328-0,human1,beta,0,beta,-0.2245467,11.841309,895,0.3895995318889618
human1_lib2.final_cell_0329-0,human1,delta,4,delta,-3.5251367,2.7920833,896,0.4371752142906189
human1_lib2.final_cell_0330-0,human1,ductal,3,ductal,18.852718,2.173498,897,1.7042584419250488
human1_lib2.final_cell_0331-0,human1,alpha,1,alpha,7.85963,-5.9578333,898,0.917128324508667
human1_lib2.final_cell_0332-0,human1,ductal,3,ductal,18.965929,1.8924047,899,1.5514243841171265
human1_lib2.final_cell_0333-0,human1,beta,0,beta,-0.7575901,11.970204,900,0.6372607350349426
human1_lib2.final_cell_0334-0,human1,gamma,6,gamma,-2.6093838,-4.060987,901,0.9218308925628662
human1_lib2.final_cell_0335-0,human1,ductal,3,ductal,18.803421,0.7630603,902,1.4455488920211792
human1_lib2.final_cell_0336-0,human1,beta,0,beta,-0.20190056,10.733147,903,0.3945377469062805
human1_lib2.final_cell_0337-0,human1,gamma,6,gamma,-2.5582511,-4.025588,904,1.1185470819473269
human1_lib2.final_cell_0338-0,human1,delta,4,delta,-3.7615929,2.7803113,905,0.4059986770153045
human1_lib2.final_cell_0339-0,human1,alpha,1,alpha,8.91961,-7.438234,906,0.5854341387748718
human1_lib2.final_cell_0340-0,human1,gamma,6,gamma,-2.903212,-3.6822233,907,0.8417140245437622
human1_lib2.final_cell_0341-0,human1,alpha,1,alpha,8.528409,-5.200526,908,0.5503080487251282
human1_lib2.final_cell_0342-0,human1,beta,0,beta,-0.5176086,9.600652,909,0.6018805503845215
human1_lib2.final_cell_0343-0,human1,macrophage,8,macrophage,-11.027778,6.383781,910,2.6033406257629395
human1_lib2.final_cell_0344-0,human1,beta,0,beta,0.4628451,9.39671,911,0.6662797927856445
human1_lib2.final_cell_0345-0,human1,beta,0,beta,-0.3928014,10.94467,912,0.4104036390781402
human1_lib2.final_cell_0346-0,human1,quiescent_stellate,5,activated_stellate,11.151914,4.846351,913,1.6318806409835815
human1_lib2.final_cell_0347-0,human1,delta,4,delta,-3.4129925,2.9290967,914,0.4772345721721649
human1_lib2.final_cell_0348-0,human1,beta,0,beta,-0.27123895,10.679656,915,0.3845422863960266
human1_lib2.final_cell_0349-0,human1,alpha,1,alpha,9.195231,-7.736157,916,0.5195302963256836
human1_lib2.final_cell_0350-0,human1,beta,0,beta,-0.14332071,11.943706,917,0.4092060327529907
human1_lib2.final_cell_0351-0,human1,alpha,1,alpha,9.753755,-7.20005,918,0.7249382734298706
human1_lib2.final_cell_0352-0,human1,beta,0,beta,1.2371237,10.354661,919,0.3845422863960266
human1_lib2.final_cell_0353-0,human1,beta,0,beta,1.4129739,11.378761,920,0.3845422863960266
human1_lib2.final_cell_0354-0,human1,gamma,6,gamma,-2.4525878,-4.2953744,921,1.6436598300933838
human1_lib2.final_cell_0355-0,human1,alpha,1,alpha,7.1493573,-4.9405303,922,0.5493597984313965
human1_lib2.final_cell_0356-0,human1,beta,0,beta,-0.61004156,11.935908,923,1.1049108505249023
human1_lib2.final_cell_0357-0,human1,beta,0,beta,0.7634765,12.744164,924,0.5066348910331726
human1_lib2.final_cell_0358-0,human1,beta,0,beta,-0.5045338,10.587411,925,0.4370796382427215
human1_lib2.final_cell_0359-0,human1,beta,0,beta,-1.0384471,6.865536,926,0.7097916007041931
human1_lib2.final_cell_0360-0,human1,macrophage,8,macrophage,13.494842,0.6535175,927,2.767393112182617
human1_lib2.final_cell_0361-0,human1,beta,0,beta,1.2595,10.491813,928,0.4496372640132904
human1_lib2.final_cell_0362-0,human1,delta,4,delta,-3.9843054,2.507972,929,0.3845422863960266
human1_lib2.final_cell_0363-0,human1,beta,0,beta,-1.2009363,10.588175,930,0.6614077091217041
human1_lib2.final_cell_0364-0,human1,gamma,6,gamma,-2.3277664,-4.1742306,931,1.3285261392593384
human1_lib2.final_cell_0365-0,human1,epsilon,6,gamma,-1.7173023,-2.9730597,932,1.1996841430664062
human1_lib2.final_cell_0366-0,human1,delta,4,delta,-3.372039,3.1292744,933,0.4936466515064239
human1_lib2.final_cell_0367-0,human1,alpha,1,alpha,8.953986,-7.2554126,934,0.91727614402771
human1_lib2.final_cell_0368-0,human1,beta,0,beta,-0.9433128,7.208626,935,0.662004292011261
human1_lib2.final_cell_0369-0,human1,beta,0,beta,1.1263314,11.656377,936,0.3845422863960266
human1_lib2.final_cell_0370-0,human1,delta,4,delta,-2.832857,3.1976519,937,0.8099343776702881
human1_lib2.final_cell_0371-0,human1,alpha,1,alpha,8.26849,-5.6699986,938,0.6042264103889465
human1_lib2.final_cell_0372-0,human1,endothelial,7,endothelial,9.45008,11.581246,939,1.9541345834732056
human1_lib2.final_cell_0373-0,human1,beta,4,delta,-1.9707929,5.0654254,940,1.0489288568496704
human1_lib2.final_cell_0374-0,human1,activated_stellate,5,activated_stellate,12.719318,5.785123,941,2.1969637870788574
human1_lib2.final_cell_0375-0,human1,acinar,2,acinar,16.187286,15.486531,942,0.8219369053840637
human1_lib2.final_cell_0376-0,human1,beta,0,beta,-0.906761,12.146339,943,0.4503521919250488
human1_lib2.final_cell_0377-0,human1,acinar,2,acinar,18.010128,15.0130825,944,0.7453808784484863
human1_lib2.final_cell_0378-0,human1,alpha,1,alpha,8.156599,-6.4585857,945,0.6115677952766418
human1_lib2.final_cell_0379-0,human1,gamma,6,gamma,-2.5919175,-4.1654177,946,0.8737378120422363
human1_lib2.final_cell_0380-0,human1,macrophage,8,macrophage,13.852827,0.8571491,947,2.9433364868164062
human1_lib2.final_cell_0381-0,human1,beta,0,beta,1.4169087,9.988407,948,0.4793370366096496
human1_lib2.final_cell_0382-0,human1,beta,0,beta,-0.44146013,11.562314,949,0.4199465811252594
human1_lib2.final_cell_0383-0,human1,acinar,2,acinar,17.079374,15.9898205,950,0.7255244851112366
human1_lib2.final_cell_0384-0,human1,beta,0,beta,-0.7191213,11.968501,951,0.8060882091522217
human1_lib2.final_cell_0385-0,human1,beta,0,beta,-0.4203394,11.723561,952,0.6004091501235962
human1_lib2.final_cell_0386-0,human1,alpha,1,alpha,7.9909415,-5.493696,953,0.5790343880653381
human1_lib2.final_cell_0387-0,human1,delta,4,delta,-3.2663298,3.5319395,954,0.852471113204956
human1_lib2.final_cell_0388-0,human1,beta,0,beta,1.2971026,12.20164,955,0.3845422863960266
human1_lib2.final_cell_0389-0,human1,ductal,3,ductal,17.543236,1.463103,956,3.055120944976806
human1_lib2.final_cell_0390-0,human1,alpha,1,alpha,9.289003,-8.389094,957,0.7940586805343628
human1_lib2.final_cell_0391-0,human1,beta,0,beta,-0.65094435,10.7897835,958,0.3967081904411316
human1_lib2.final_cell_0392-0,human1,delta,4,delta,-4.6631794,2.6022768,959,0.4734804034233093
human1_lib2.final_cell_0393-0,human1,beta,0,beta,-1.5188549,5.8892426,960,0.5291058421134949
human1_lib2.final_cell_0394-0,human1,beta,0,beta,-0.4576626,8.829568,961,0.5518646836280823
human1_lib2.final_cell_0395-0,human1,acinar,2,acinar,17.801805,13.373018,962,0.6813721656799316
human1_lib2.final_cell_0396-0,human1,beta,0,beta,-0.3991308,8.31211,963,2.123439311981201
human1_lib2.final_cell_0397-0,human1,beta,0,beta,0.9975813,12.671918,964,0.3883641958236694
human1_lib2.final_cell_0398-0,human1,beta,0,beta,0.83321893,10.612863,965,0.5899001359939575
human1_lib2.final_cell_0399-0,human1,alpha,1,alpha,8.8599615,-8.068615,966,0.7090590596199036
human1_lib2.final_cell_0400-0,human1,alpha,1,alpha,9.753897,-6.8868995,967,0.8061354756355286
human1_lib2.final_cell_0401-0,human1,alpha,1,alpha,8.20342,-5.4931364,968,0.6322197318077087
human1_lib2.final_cell_0402-0,human1,ductal,3,ductal,18.302046,2.510064,969,1.6888328790664673
human1_lib2.final_cell_0403-0,human1,alpha,1,alpha,7.7672606,-5.6310143,970,0.707786500453949
human1_lib2.final_cell_0404-0,human1,acinar,2,acinar,15.814271,16.499508,971,1.0172821283340454
human1_lib2.final_cell_0405-0,human1,acinar,2,acinar,18.031546,12.163131,972,0.7108314037322998
human1_lib2.final_cell_0406-0,human1,beta,0,beta,-0.3528792,11.095674,973,0.4246334135532379
human1_lib2.final_cell_0407-0,human1,delta,4,delta,-3.6827564,2.8630328,974,0.4764500558376312
human1_lib2.final_cell_0408-0,human1,quiescent_stellate,5,activated_stellate,11.42579,4.1791453,975,1.3980612754821775
human1_lib2.final_cell_0409-0,human1,alpha,1,alpha,8.286318,-5.6973433,976,0.636512041091919
human1_lib2.final_cell_0410-0,human1,delta,4,delta,-3.3123143,2.5247216,977,0.4319323003292084
human1_lib2.final_cell_0411-0,human1,beta,4,delta,-2.0722113,4.9140644,978,1.50255286693573
human1_lib2.final_cell_0412-0,human1,ductal,3,ductal,19.119022,1.7702435,979,1.3246999979019165
human1_lib2.final_cell_0413-0,human1,beta,0,beta,-0.94628763,8.790042,980,0.546284556388855
human1_lib2.final_cell_0414-0,human1,beta,0,beta,1.5669022,12.022263,981,0.3845422863960266
human1_lib2.final_cell_0415-0,human1,beta,0,beta,-1.100501,10.511665,982,0.3845422863960266
human1_lib2.final_cell_0416-0,human1,beta,0,beta,0.9922397,12.733001,983,0.6942552924156189
human1_lib2.final_cell_0417-0,human1,quiescent_stellate,5,activated_stellate,11.290461,4.2100754,984,1.284459114074707
human1_lib2.final_cell_0418-0,human1,endothelial,7,endothelial,9.584281,11.815686,985,2.1539559364318848
human1_lib2.final_cell_0419-0,human1,acinar,2,acinar,17.369598,14.40143,986,0.6847524642944336
human1_lib2.final_cell_0420-0,human1,activated_stellate,5,activated_stellate,12.580369,6.0180697,987,1.6091610193252563
human1_lib2.final_cell_0421-0,human1,delta,4,delta,-4.2901907,2.7668471,988,0.4517205059528351
human1_lib2.final_cell_0422-0,human1,beta,0,beta,1.2662599,9.215334,989,1.084219217300415
human1_lib2.final_cell_0423-0,human1,alpha,1,alpha,7.466556,-4.861923,990,1.1668944358825684
human1_lib2.final_cell_0424-0,human1,endothelial,7,endothelial,9.612171,11.35417,991,2.024458646774292
human1_lib2.final_cell_0425-0,human1,endothelial,7,endothelial,9.839898,13.265595,992,2.242865800857544
human1_lib2.final_cell_0426-0,human1,alpha,1,alpha,8.054215,-6.5082545,993,0.5899317264556885
human1_lib2.final_cell_0427-0,human1,beta,0,beta,0.85253423,11.482105,994,0.3861574232578277
human1_lib2.final_cell_0428-0,human1,gamma,6,gamma,-2.8608704,-3.535653,995,1.089739441871643
human1_lib2.final_cell_0429-0,human1,beta,0,beta,-0.7275661,10.075677,996,0.5435656905174255
human1_lib2.final_cell_0430-0,human1,ductal,3,ductal,18.628393,1.5759654,997,3.588205099105835
human1_lib2.final_cell_0431-0,human1,activated_stellate,5,activated_stellate,12.161878,4.0598035,998,2.452228307723999
human1_lib2.final_cell_0432-0,human1,alpha,1,alpha,8.9838705,-5.4966097,999,1.0339701175689695
human1_lib2.final_cell_0433-0,human1,beta,0,beta,-0.7003055,10.2103195,1000,0.3845422863960266
human1_lib2.final_cell_0434-0,human1,beta,0,beta,-0.73708385,12.212705,1001,0.5737798810005188
human1_lib2.final_cell_0435-0,human1,alpha,1,alpha,7.800103,-5.473861,1002,0.5450323224067688
human1_lib2.final_cell_0436-0,human1,acinar,2,acinar,17.897621,14.098239,1003,0.8030999302864075
human1_lib2.final_cell_0437-0,human1,quiescent_stellate,5,activated_stellate,11.357357,4.4157205,1004,1.5809606313705444
human1_lib2.final_cell_0438-0,human1,beta,0,beta,-0.36694536,11.369231,1005,0.3845422863960266
human1_lib2.final_cell_0439-0,human1,alpha,1,alpha,6.5331264,-4.7422085,1006,0.9232839941978456
human1_lib2.final_cell_0440-0,human1,beta,0,beta,0.52625877,12.816807,1007,0.3845422863960266
human1_lib2.final_cell_0441-0,human1,ductal,3,ductal,18.003462,0.41410053,1008,3.382143020629883
human1_lib2.final_cell_0442-0,human1,beta,0,beta,0.9481795,8.973794,1009,0.4796991348266601
human1_lib2.final_cell_0443-0,human1,delta,4,delta,-3.355113,3.21557,1010,0.6306987404823303
human1_lib2.final_cell_0444-0,human1,beta,0,beta,-0.72428465,10.908348,1011,0.5259701013565063
human1_lib2.final_cell_0445-0,human1,beta,0,beta,-0.4288639,8.249386,1012,0.8436751365661621
human1_lib2.final_cell_0446-0,human1,beta,0,beta,1.256557,9.842216,1013,1.65149188041687
human1_lib2.final_cell_0447-0,human1,beta,0,beta,1.523045,9.928414,1014,0.608690083026886
human1_lib2.final_cell_0448-0,human1,quiescent_stellate,5,activated_stellate,11.117105,4.7272096,1015,1.6237664222717283
human1_lib2.final_cell_0449-0,human1,beta,0,beta,-1.2294805,10.018017,1016,0.7279818654060364
human1_lib2.final_cell_0450-0,human1,beta,0,beta,-0.31088766,12.477754,1017,0.3845422863960266
human1_lib2.final_cell_0451-0,human1,schwann,5,activated_stellate,12.10786,4.2657623,1018,2.4939630031585693
human1_lib2.final_cell_0452-0,human1,endothelial,7,endothelial,9.562386,13.13059,1019,2.042764902114868
human1_lib2.final_cell_0453-0,human1,beta,0,beta,-0.51491135,9.66094,1020,0.6259583234786987
human1_lib2.final_cell_0454-0,human1,beta,0,beta,-0.6820978,12.653132,1021,0.4212903976440429
human1_lib2.final_cell_0455-0,human1,ductal,3,ductal,19.01495,1.9078369,1022,1.6197459697723389
human1_lib2.final_cell_0456-0,human1,gamma,6,gamma,-2.3862748,-3.4799948,1023,1.140855073928833
human1_lib2.final_cell_0457-0,human1,alpha,1,alpha,8.918374,-6.3076086,1024,0.7065728902816772
human1_lib2.final_cell_0458-0,human1,gamma,6,gamma,-2.197322,-3.6925774,1025,1.1155725717544556
human1_lib2.final_cell_0459-0,human1,alpha,1,alpha,9.170118,-6.343777,1026,0.5687730312347412
human1_lib2.final_cell_0460-0,human1,quiescent_stellate,5,activated_stellate,10.965146,4.742328,1027,2.2534868717193604
human1_lib2.final_cell_0461-0,human1,endothelial,7,endothelial,9.5590725,11.665844,1028,2.1373074054718018
human1_lib2.final_cell_0462-0,human1,quiescent_stellate,5,activated_stellate,11.640537,4.3266087,1029,2.1173460483551025
human1_lib2.final_cell_0463-0,human1,delta,4,delta,-2.734017,3.0800173,1030,0.7521401047706604
human1_lib2.final_cell_0464-0,human1,beta,0,beta,-0.79418325,10.87253,1031,0.5614850521087646
human1_lib2.final_cell_0465-0,human1,ductal,3,ductal,18.349968,1.7441733,1032,2.0768964290618896
human1_lib2.final_cell_0466-0,human1,endothelial,7,endothelial,9.62635,11.961374,1033,2.4295530319213867
human1_lib2.final_cell_0467-0,human1,beta,4,delta,-1.7608476,5.4538264,1034,1.399469256401062
human1_lib2.final_cell_0468-0,human1,delta,4,delta,-3.2000978,2.6544771,1035,0.5575944185256958
human1_lib2.final_cell_0469-0,human1,activated_stellate,5,activated_stellate,10.9736805,4.7513,1036,2.3621022701263428
human1_lib2.final_cell_0470-0,human1,endothelial,7,endothelial,9.480101,11.647764,1037,2.1650383472442627
human1_lib2.final_cell_0471-0,human1,acinar,2,acinar,18.488129,13.321999,1038,0.7244190573692322
human1_lib2.final_cell_0472-0,human1,endothelial,7,endothelial,9.76968,13.271123,1039,2.6741042137146
human1_lib2.final_cell_0473-0,human1,delta,4,delta,-3.2621996,2.5686908,1040,0.3887705206871032
human1_lib2.final_cell_0474-0,human1,gamma,6,gamma,-2.436014,-4.0485597,1041,1.187445044517517
human1_lib2.final_cell_0475-0,human1,activated_stellate,5,activated_stellate,12.509274,6.031578,1042,1.7165896892547607
human1_lib2.final_cell_0476-0,human1,endothelial,7,endothelial,9.77015,13.316091,1043,2.060122489929199
human1_lib2.final_cell_0477-0,human1,beta,0,beta,-0.24141523,10.386195,1044,0.7815013527870178
human1_lib2.final_cell_0478-0,human1,ductal,3,ductal,17.101809,1.3446994,1045,3.588205099105835
human1_lib2.final_cell_0479-0,human1,beta,0,beta,0.13815187,10.44655,1046,0.4122228920459747
human1_lib2.final_cell_0480-0,human1,beta,0,beta,0.60733765,12.251161,1047,0.5940133929252625
human1_lib2.final_cell_0481-0,human1,alpha,1,alpha,7.967305,-6.5439687,1048,1.2445708513259888
human1_lib2.final_cell_0482-0,human1,alpha,1,alpha,7.117158,-5.252051,1049,0.5652524828910828
human1_lib2.final_cell_0483-0,human1,beta,4,delta,-0.8266354,7.2189593,1050,0.7611187100410461
human1_lib2.final_cell_0484-0,human1,ductal,3,ductal,19.206268,0.0112877535,1051,3.588205099105835
human1_lib2.final_cell_0485-0,human1,beta,4,delta,-1.9697038,5.0340147,1052,1.2271490097045898
human1_lib2.final_cell_0486-0,human1,alpha,1,alpha,8.587236,-6.1484504,1053,0.9598467350006104
human1_lib2.final_cell_0487-0,human1,endothelial,7,endothelial,10.068455,12.751387,1054,2.136885643005371
human1_lib2.final_cell_0488-0,human1,endothelial,7,endothelial,9.439617,11.572113,1055,2.192108392715454
human1_lib2.final_cell_0489-0,human1,beta,0,beta,0.4663528,11.880338,1056,0.4248302578926086
human1_lib2.final_cell_0490-0,human1,endothelial,7,endothelial,12.958475,4.009406,1057,2.777743101119995
human1_lib2.final_cell_0491-0,human1,endothelial,7,endothelial,9.5961275,13.065339,1058,2.0041635036468506
human1_lib2.final_cell_0492-0,human1,alpha,1,alpha,9.079481,-5.961258,1059,0.965040683746338
human1_lib2.final_cell_0493-0,human1,quiescent_stellate,5,activated_stellate,11.506398,5.123725,1060,1.8112205266952517
human1_lib2.final_cell_0494-0,human1,ductal,3,ductal,18.561644,2.1865044,1061,2.151619672775269
human1_lib2.final_cell_0495-0,human1,beta,0,beta,1.5102925,9.794457,1062,0.3924257159233093
human1_lib2.final_cell_0496-0,human1,quiescent_stellate,5,activated_stellate,11.435951,4.139218,1063,1.3691304922103882
human1_lib2.final_cell_0497-0,human1,epsilon,6,gamma,-1.6975731,-2.9252307,1064,1.296541690826416
human1_lib2.final_cell_0498-0,human1,delta,4,delta,-3.6368861,2.9085903,1065,0.3857262730598449
human1_lib2.final_cell_0499-0,human1,macrophage,8,macrophage,13.935476,0.8999828,1066,2.6038153171539307
human1_lib2.final_cell_0500-0,human1,gamma,6,gamma,-2.2776725,-4.1053853,1067,1.9886163473129272
human1_lib2.final_cell_0501-0,human1,ductal,3,ductal,18.187996,2.550179,1068,1.850919246673584
human1_lib2.final_cell_0502-0,human1,alpha,1,alpha,7.3152504,-5.585177,1069,0.6265100240707397
human1_lib2.final_cell_0503-0,human1,beta,0,beta,-1.3412172,11.144483,1070,0.5587948560714722
human1_lib2.final_cell_0504-0,human1,alpha,1,alpha,9.046214,-5.3825045,1071,0.5353617072105408
human1_lib2.final_cell_0505-0,human1,endothelial,7,endothelial,9.719514,11.330425,1072,2.0527961254119877
human1_lib2.final_cell_0506-0,human1,beta,0,beta,0.73355216,9.233571,1073,0.6794909238815308
human1_lib2.final_cell_0507-0,human1,gamma,6,gamma,-2.35121,-3.455975,1074,0.8231250047683716
human1_lib2.final_cell_0508-0,human1,beta,0,beta,-0.8417607,9.599164,1075,0.4500489830970764
human1_lib2.final_cell_0509-0,human1,beta,0,beta,-0.1450952,10.803083,1076,0.7566443681716919
human1_lib2.final_cell_0510-0,human1,quiescent_stellate,5,activated_stellate,11.083145,4.7369566,1077,2.3188140392303467
human1_lib2.final_cell_0511-0,human1,alpha,1,alpha,8.152968,-6.001055,1078,0.6922959685325623
human1_lib2.final_cell_0512-0,human1,beta,0,beta,0.5084503,9.551123,1079,0.9567839503288268
human1_lib2.final_cell_0513-0,human1,gamma,6,gamma,-2.3431168,-3.6669495,1080,0.8555337190628052
human1_lib2.final_cell_0514-0,human1,alpha,1,alpha,8.301013,-5.144051,1081,0.824478030204773
human1_lib2.final_cell_0515-0,human1,alpha,1,alpha,8.690786,-6.5110636,1082,0.9636516571044922
human1_lib2.final_cell_0516-0,human1,beta,4,delta,-2.2676778,4.5345874,1083,0.691076397895813
human1_lib2.final_cell_0517-0,human1,endothelial,7,endothelial,9.59011,13.20416,1084,1.949018955230713
human1_lib2.final_cell_0518-0,human1,beta,4,delta,-1.7442807,-2.7299592,1085,1.1975438594818115
human1_lib2.final_cell_0519-0,human1,quiescent_stellate,5,activated_stellate,11.582051,4.1853275,1086,1.4981586933135986
human1_lib2.final_cell_0520-0,human1,endothelial,7,endothelial,9.606358,13.203752,1087,2.630521535873413
human1_lib2.final_cell_0521-0,human1,beta,4,delta,-1.7669623,5.4414487,1088,1.126656174659729
human1_lib2.final_cell_0522-0,human1,beta,0,beta,-0.23566532,10.68042,1089,0.7396202683448792
human1_lib2.final_cell_0523-0,human1,beta,4,delta,-2.1741912,4.6621685,1090,0.8304252624511719
human1_lib2.final_cell_0524-0,human1,beta,0,beta,1.077607,12.226055,1091,0.4234824180603027
human1_lib2.final_cell_0525-0,human1,ductal,3,ductal,18.872515,1.6560444,1092,1.6241086721420288
human1_lib2.final_cell_0526-0,human1,beta,6,gamma,12.193309,4.041881,1093,1.4760067462921145
human1_lib2.final_cell_0527-0,human1,alpha,1,alpha,8.767386,-5.497748,1094,0.5720813274383545
human1_lib2.final_cell_0528-0,human1,quiescent_stellate,5,activated_stellate,11.371132,4.397806,1095,1.7427666187286377
human1_lib2.final_cell_0529-0,human1,beta,0,beta,0.58066404,11.591102,1096,0.4198257029056549
human1_lib2.final_cell_0530-0,human1,endothelial,7,endothelial,9.491834,12.39635,1097,2.480618715286255
human1_lib2.final_cell_0531-0,human1,beta,0,beta,-0.09190695,9.911258,1098,0.6075125932693481
human1_lib2.final_cell_0532-0,human1,ductal,3,ductal,17.49862,0.91366464,1099,3.588205099105835
human1_lib2.final_cell_0533-0,human1,ductal,3,ductal,19.09264,0.58572847,1100,1.5649137496948242
human1_lib2.final_cell_0534-0,human1,beta,4,delta,-2.4988892,3.9572623,1101,1.6851102113723757
human1_lib2.final_cell_0535-0,human1,activated_stellate,5,activated_stellate,11.245031,4.462133,1102,1.9823949337005613
human1_lib2.final_cell_0536-0,human1,beta,0,beta,-0.56456304,10.667056,1103,0.3845422863960266
human1_lib2.final_cell_0537-0,human1,ductal,3,ductal,18.178778,2.3707967,1104,1.7143332958221436
human1_lib2.final_cell_0538-0,human1,beta,0,beta,-0.0535881,11.949493,1105,0.3894127905368805
human1_lib2.final_cell_0539-0,human1,endothelial,7,endothelial,12.953097,4.0133104,1106,2.5041019916534424
human1_lib2.final_cell_0540-0,human1,beta,0,beta,-0.53777075,9.644313,1107,0.5828100442886353
human1_lib2.final_cell_0541-0,human1,beta,0,beta,-0.46219292,9.260135,1108,0.6095767617225647
human1_lib2.final_cell_0542-0,human1,acinar,2,acinar,17.648827,12.481052,1109,1.3847397565841677
human1_lib2.final_cell_0543-0,human1,alpha,1,alpha,9.40652,-7.74551,1110,0.5874636173248291
human1_lib2.final_cell_0544-0,human1,schwann,5,activated_stellate,12.160658,4.1291547,1111,2.4490206241607666
human1_lib2.final_cell_0545-0,human1,beta,0,beta,1.1623667,11.787777,1112,0.4893866777420044
human1_lib2.final_cell_0546-0,human1,beta,0,beta,-0.26861295,11.270163,1113,0.3845422863960266
human1_lib2.final_cell_0547-0,human1,quiescent_stellate,5,activated_stellate,11.184074,4.839124,1114,1.6009455919265747
human1_lib2.final_cell_0548-0,human1,beta,0,beta,1.7559339,10.969376,1115,0.9932975769042968
human1_lib2.final_cell_0549-0,human1,gamma,6,gamma,-2.812069,-3.662281,1116,0.8314294815063477
human1_lib2.final_cell_0550-0,human1,endothelial,7,endothelial,9.551878,13.147384,1117,1.9215669631958008
human1_lib2.final_cell_0551-0,human1,beta,0,beta,0.008375867,12.04189,1118,0.3871797621250152
human1_lib2.final_cell_0552-0,human1,mast,8,macrophage,15.5527935,1.2313044,1119,4.432863235473633
human1_lib2.final_cell_0553-0,human1,beta,0,beta,1.7293825,10.323591,1120,0.3979236185550689
human1_lib2.final_cell_0554-0,human1,gamma,6,gamma,-2.7617688,-4.159445,1121,1.431104063987732
human1_lib2.final_cell_0555-0,human1,quiescent_stellate,5,activated_stellate,11.78326,4.2205195,1122,1.495401382446289
human1_lib2.final_cell_0556-0,human1,beta,0,beta,1.2270637,9.275786,1123,1.3293052911758425
human1_lib2.final_cell_0557-0,human1,beta,0,beta,0.89581156,8.717668,1124,1.735230803489685
human1_lib2.final_cell_0558-0,human1,beta,0,beta,1.3411524,12.0681,1125,0.4237626791000366
human1_lib2.final_cell_0559-0,human1,endothelial,7,endothelial,9.879831,12.695174,1126,2.028674602508545
human1_lib2.final_cell_0560-0,human1,beta,0,beta,-0.5599911,9.825617,1127,0.3997917473316192
human1_lib2.final_cell_0561-0,human1,alpha,1,alpha,7.4530106,-7.064946,1128,0.6871721148490906
human1_lib2.final_cell_0562-0,human1,quiescent_stellate,5,activated_stellate,10.760489,4.847293,1129,1.274901270866394
human1_lib2.final_cell_0563-0,human1,activated_stellate,5,activated_stellate,12.110334,5.5707016,1130,1.6882184743881226
human1_lib2.final_cell_0564-0,human1,beta,0,beta,-0.7650369,9.885286,1131,0.5346381068229675
human1_lib2.final_cell_0565-0,human1,alpha,1,alpha,6.39987,-4.5249066,1132,0.7742186188697815
human1_lib2.final_cell_0566-0,human1,endothelial,7,endothelial,9.527252,11.671463,1133,2.049773693084717
human1_lib2.final_cell_0567-0,human1,quiescent_stellate,5,activated_stellate,11.481342,4.1980724,1134,1.4498440027236938
human1_lib2.final_cell_0568-0,human1,endothelial,7,endothelial,9.510112,11.499039,1135,2.493125438690185
human1_lib2.final_cell_0569-0,human1,endothelial,7,endothelial,9.442564,11.551449,1136,2.603632926940918
human1_lib2.final_cell_0570-0,human1,endothelial,7,endothelial,9.612343,13.084849,1137,2.055196762084961
human1_lib2.final_cell_0571-0,human1,endothelial,7,endothelial,9.808219,13.307975,1138,2.204413890838623
human1_lib2.final_cell_0572-0,human1,ductal,3,ductal,18.21014,1.6852418,1139,1.517019271850586
human1_lib2.final_cell_0573-0,human1,beta,0,beta,0.30300215,9.245156,1140,0.7717034220695496
human1_lib2.final_cell_0574-0,human1,ductal,3,ductal,18.717745,1.4362831,1141,1.816053867340088
human1_lib2.final_cell_0575-0,human1,quiescent_stellate,5,activated_stellate,12.779812,5.558791,1142,1.2440879344940186
human1_lib2.final_cell_0576-0,human1,beta,0,beta,-0.8034466,10.026132,1143,0.6281746625900269
human1_lib2.final_cell_0577-0,human1,endothelial,7,endothelial,9.644187,12.5419445,1144,2.502675771713257
human1_lib2.final_cell_0578-0,human1,endothelial,7,endothelial,9.518586,12.3257885,1145,1.9623432159423828
human1_lib2.final_cell_0579-0,human1,alpha,1,alpha,6.349229,-4.5513625,1146,0.7932180166244507
human1_lib2.final_cell_0580-0,human1,quiescent_stellate,5,activated_stellate,11.914793,4.4083767,1147,1.5443179607391355
human1_lib2.final_cell_0581-0,human1,alpha,1,alpha,7.2262278,-5.1343827,1148,0.5735989212989807
human1_lib2.final_cell_0582-0,human1,acinar,2,acinar,18.176802,12.628419,1149,1.6566197872161863
human1_lib2.final_cell_0583-0,human1,gamma,6,gamma,-2.8039768,-3.7651289,1150,1.0476139783859253
human1_lib2.final_cell_0584-0,human1,endothelial,7,endothelial,9.516293,11.690977,1151,2.0892224311828613
human1_lib2.final_cell_0585-0,human1,beta,0,beta,-1.2389339,10.759146,1152,0.3951804339885711
human1_lib2.final_cell_0586-0,human1,quiescent_stellate,5,activated_stellate,12.577627,4.4228597,1153,1.8660041093826292
human1_lib2.final_cell_0587-0,human1,activated_stellate,5,activated_stellate,11.186102,4.898069,1154,2.101470947265625
human1_lib2.final_cell_0588-0,human1,beta,0,beta,1.1440138,10.110685,1155,0.5230860114097595
human1_lib2.final_cell_0589-0,human1,beta,0,beta,-0.5435419,10.416304,1156,1.2605977058410645
human1_lib2.final_cell_0590-0,human1,endothelial,7,endothelial,9.511089,11.666749,1157,2.4523401260375977
human1_lib2.final_cell_0591-0,human1,alpha,1,alpha,8.243684,-6.5375786,1158,0.6073061227798462
human1_lib2.final_cell_0592-0,human1,quiescent_stellate,5,activated_stellate,12.412257,4.1956224,1159,1.871700644493103
human1_lib2.final_cell_0593-0,human1,quiescent_stellate,5,activated_stellate,11.607431,4.1948338,1160,2.1512959003448486
human1_lib2.final_cell_0594-0,human1,quiescent_stellate,5,activated_stellate,11.7562475,4.3989677,1161,1.4482626914978027
human1_lib2.final_cell_0595-0,human1,quiescent_stellate,5,activated_stellate,11.203268,4.8274293,1162,2.098365068435669
human1_lib2.final_cell_0596-0,human1,endothelial,7,endothelial,9.71558,11.306748,1163,2.636478900909424
human1_lib2.final_cell_0597-0,human1,beta,0,beta,0.29885724,9.371012,1164,0.6139716506004333
human1_lib2.final_cell_0598-0,human1,quiescent_stellate,5,activated_stellate,11.391917,4.1790676,1165,1.2582851648330688
human1_lib2.final_cell_0599-0,human1,beta,0,beta,0.7601771,11.800607,1166,0.546803891658783
human1_lib2.final_cell_0600-0,human1,quiescent_stellate,5,activated_stellate,11.410179,4.2129164,1167,1.6441168785095217
human1_lib2.final_cell_0601-0,human1,quiescent_stellate,5,activated_stellate,11.550273,4.3982716,1168,1.4840973615646362
human1_lib2.final_cell_0602-0,human1,beta,0,beta,-0.6152369,9.768887,1169,0.8061389923095703
human1_lib2.final_cell_0603-0,human1,beta,0,beta,-1.2613124,10.733585,1170,0.3845422863960266
human1_lib2.final_cell_0604-0,human1,beta,0,beta,-0.43295705,9.593777,1171,0.4075135290622711
human1_lib2.final_cell_0605-0,human1,beta,0,beta,-0.3827262,11.012256,1172,0.7460913062095642
human1_lib2.final_cell_0606-0,human1,beta,0,beta,0.14331669,9.447126,1173,1.3623825311660769
human1_lib2.final_cell_0607-0,human1,endothelial,7,endothelial,9.530787,13.13042,1174,2.0674448013305664
human1_lib2.final_cell_0608-0,human1,alpha,1,alpha,8.349678,-7.060353,1175,0.7674877047538757
human1_lib2.final_cell_0609-0,human1,beta,0,beta,0.74992675,11.572574,1176,0.4877734780311584
human1_lib2.final_cell_0610-0,human1,endothelial,7,endothelial,9.648722,11.326362,1177,2.509141206741333
human1_lib2.final_cell_0611-0,human1,endothelial,7,endothelial,9.483661,12.753718,1178,1.9624990224838257
human1_lib2.final_cell_0612-0,human1,activated_stellate,5,activated_stellate,12.605346,4.687824,1179,2.4939630031585693
human1_lib2.final_cell_0613-0,human1,alpha,1,alpha,7.583074,-5.5457067,1180,0.7059305310249329
human1_lib2.final_cell_0614-0,human1,beta,0,beta,0.19207159,9.630936,1181,0.8456560969352722
human1_lib2.final_cell_0615-0,human1,beta,0,beta,-0.6950319,10.796058,1182,0.3845422863960266
human1_lib2.final_cell_0616-0,human1,acinar,2,acinar,17.784666,11.606695,1183,1.175825834274292
human1_lib2.final_cell_0617-0,human1,quiescent_stellate,5,activated_stellate,11.71999,4.279348,1184,1.669036865234375
human1_lib2.final_cell_0618-0,human1,endothelial,7,endothelial,9.599877,13.228409,1185,2.437560558319092
human1_lib2.final_cell_0619-0,human1,endothelial,7,endothelial,9.4695835,12.8940115,1186,2.284744501113892
human1_lib2.final_cell_0620-0,human1,endothelial,7,endothelial,9.62187,11.897021,1187,2.838065385818481
human1_lib2.final_cell_0621-0,human1,delta,0,beta,-0.81102747,8.955463,1188,0.9891772270202636
human1_lib2.final_cell_0622-0,human1,endothelial,7,endothelial,9.57172,13.152377,1189,2.156088352203369
human1_lib2.final_cell_0623-0,human1,alpha,1,alpha,8.549644,-5.0994806,1190,0.7062554955482483
human1_lib2.final_cell_0624-0,human1,beta,0,beta,0.69168836,12.763318,1191,0.397798091173172
human1_lib2.final_cell_0625-0,human1,quiescent_stellate,5,activated_stellate,12.459413,4.3073425,1192,1.9174543619155884
human1_lib2.final_cell_0626-0,human1,endothelial,7,endothelial,9.844133,11.169021,1193,2.838065385818481
human1_lib2.final_cell_0627-0,human1,quiescent_stellate,5,activated_stellate,11.803367,4.392802,1194,1.6032061576843262
human1_lib2.final_cell_0628-0,human1,alpha,1,alpha,6.3505874,-4.552284,1195,0.782849907875061
human1_lib2.final_cell_0629-0,human1,quiescent_stellate,5,activated_stellate,12.128879,4.333386,1196,1.4973446130752563
human1_lib3.final_cell_0001-0,human1,acinar,2,acinar,16.781183,14.3360615,1197,0.9234560132026672
human1_lib3.final_cell_0002-0,human1,acinar,2,acinar,17.932093,11.913049,1198,0.9757670164108276
human1_lib3.final_cell_0003-0,human1,delta,4,delta,-4.1386,2.9639547,1199,0.4157636761665344
human1_lib3.final_cell_0004-0,human1,acinar,2,acinar,16.769573,16.172037,1200,1.0132569074630735
human1_lib3.final_cell_0005-0,human1,activated_stellate,5,activated_stellate,12.106251,6.056411,1201,1.6987494230270386
human1_lib3.final_cell_0006-0,human1,acinar,2,acinar,17.120678,14.186228,1202,0.9183936715126038
human1_lib3.final_cell_0007-0,human1,acinar,2,acinar,17.090473,16.149923,1203,0.7950834631919861
human1_lib3.final_cell_0008-0,human1,delta,4,delta,-4.624624,2.9980702,1204,0.5620978474617004
human1_lib3.final_cell_0009-0,human1,delta,4,delta,-4.152823,3.1067805,1205,0.4277556836605072
human1_lib3.final_cell_0010-0,human1,delta,4,delta,-4.811909,2.8586087,1206,0.4230293333530426
human1_lib3.final_cell_0011-0,human1,acinar,2,acinar,16.711082,15.815569,1207,1.0578839778900146
human1_lib3.final_cell_0012-0,human1,beta,0,beta,1.3927203,11.952899,1208,0.394984483718872
human1_lib3.final_cell_0013-0,human1,activated_stellate,5,activated_stellate,10.780351,5.211072,1209,1.5021644830703735
human1_lib3.final_cell_0014-0,human1,delta,4,delta,-3.3419666,2.6519692,1210,0.5532448291778564
human1_lib3.final_cell_0015-0,human1,delta,4,delta,-3.2125874,3.1895318,1211,0.5812035799026489
human1_lib3.final_cell_0016-0,human1,delta,4,delta,-3.9654348,3.3514743,1212,0.410324364900589
human1_lib3.final_cell_0017-0,human1,delta,4,delta,-4.314953,2.9673564,1213,0.3845422863960266
human1_lib3.final_cell_0018-0,human1,beta,0,beta,0.75665027,10.392837,1214,0.8093502521514893
human1_lib3.final_cell_0019-0,human1,delta,4,delta,-2.799982,2.5186272,1215,1.485739827156067
human1_lib3.final_cell_0020-0,human1,acinar,2,acinar,17.117994,16.394163,1216,0.8316221237182617
human1_lib3.final_cell_0021-0,human1,activated_stellate,5,activated_stellate,11.343682,5.6455765,1217,1.4742207527160645
human1_lib3.final_cell_0022-0,human1,activated_stellate,5,activated_stellate,11.109805,5.5588665,1218,1.4377470016479492
human1_lib3.final_cell_0023-0,human1,delta,4,delta,-2.910734,2.7341762,1219,0.7254741787910461
human1_lib3.final_cell_0024-0,human1,beta,0,beta,0.2583061,10.839716,1220,0.4512729048728943
human1_lib3.final_cell_0025-0,human1,acinar,2,acinar,17.693357,14.247688,1221,0.8677374720573425
human1_lib3.final_cell_0026-0,human1,delta,4,delta,-2.8147497,2.9937472,1222,1.036813735961914
human1_lib3.final_cell_0027-0,human1,beta,0,beta,-1.000521,10.2813425,1223,0.5238502621650696
human1_lib3.final_cell_0028-0,human1,delta,4,delta,-4.750113,2.8452163,1224,0.3923613131046295
human1_lib3.final_cell_0029-0,human1,ductal,2,acinar,17.86519,11.925629,1225,1.3008954524993896
human1_lib3.final_cell_0030-0,human1,acinar,2,acinar,17.94612,12.564273,1226,1.0714290142059326
human1_lib3.final_cell_0031-0,human1,acinar,2,acinar,17.192472,15.859105,1227,1.0735729932785034
human1_lib3.final_cell_0032-0,human1,delta,4,delta,-4.2180185,2.4671152,1228,0.3980729281902313
human1_lib3.final_cell_0033-0,human1,beta,0,beta,-0.8457216,11.996947,1229,0.4240701198577881
human1_lib3.final_cell_0034-0,human1,beta,0,beta,-0.8861243,8.785449,1230,0.7501592040061951
human1_lib3.final_cell_0035-0,human1,beta,0,beta,1.2131643,9.351331,1231,0.6147670745849609
human1_lib3.final_cell_0036-0,human1,delta,4,delta,-4.544031,2.910872,1232,0.4504106044769287
human1_lib3.final_cell_0037-0,human1,beta,0,beta,0.80330944,13.262126,1233,0.4244485199451446
human1_lib3.final_cell_0038-0,human1,beta,0,beta,1.3841412,10.239223,1234,0.4099060595035553
human1_lib3.final_cell_0039-0,human1,beta,0,beta,-0.648054,11.6238785,1235,0.5395382642745972
human1_lib3.final_cell_0040-0,human1,delta,4,delta,-4.8006096,2.8612175,1236,0.4242548048496246
human1_lib3.final_cell_0041-0,human1,delta,4,delta,-4.232409,3.0574307,1237,0.4242950081825256
human1_lib3.final_cell_0042-0,human1,delta,4,delta,-4.3460364,3.0801466,1238,0.443300724029541
human1_lib3.final_cell_0043-0,human1,acinar,2,acinar,18.224483,13.439714,1239,1.018504977226257
human1_lib3.final_cell_0044-0,human1,ductal,3,ductal,18.530256,-0.7293628,1240,2.240983009338379
human1_lib3.final_cell_0045-0,human1,delta,4,delta,-4.0430655,2.5505335,1241,0.3845422863960266
human1_lib3.final_cell_0046-0,human1,activated_stellate,5,activated_stellate,12.462429,5.960812,1242,1.6355347633361816
human1_lib3.final_cell_0047-0,human1,beta,0,beta,0.8450572,12.226036,1243,0.3845422863960266
human1_lib3.final_cell_0048-0,human1,activated_stellate,5,activated_stellate,12.2152195,4.1154447,1244,1.6238361597061155
human1_lib3.final_cell_0049-0,human1,alpha,1,alpha,9.621386,-7.0030646,1245,0.656459629535675
human1_lib3.final_cell_0050-0,human1,delta,4,delta,-3.5698411,3.0578349,1246,0.3876297771930694
human1_lib3.final_cell_0051-0,human1,beta,0,beta,-0.58417994,9.0252285,1247,0.617249071598053
human1_lib3.final_cell_0052-0,human1,beta,0,beta,1.774891,12.191391,1248,0.4333364963531494
human1_lib3.final_cell_0053-0,human1,beta,0,beta,1.9333266,11.227066,1249,0.3983550667762756
human1_lib3.final_cell_0054-0,human1,acinar,2,acinar,17.87602,11.80361,1250,1.3150416612625122
human1_lib3.final_cell_0055-0,human1,delta,4,delta,-4.8318267,2.7452404,1251,0.4621539115905761
human1_lib3.final_cell_0056-0,human1,ductal,3,ductal,18.528755,-0.7660211,1252,1.547656774520874
human1_lib3.final_cell_0057-0,human1,macrophage,8,macrophage,-11.027093,6.384315,1253,2.511737823486328
human1_lib3.final_cell_0058-0,human1,delta,4,delta,-3.5674253,3.07448,1254,0.4368734359741211
human1_lib3.final_cell_0059-0,human1,beta,4,delta,-1.7739596,5.4170012,1255,0.5796169638633728
human1_lib3.final_cell_0060-0,human1,beta,0,beta,2.1219234,11.167898,1256,0.5189009308815002
human1_lib3.final_cell_0061-0,human1,delta,4,delta,-4.799543,2.7795937,1257,0.6396834254264832
human1_lib3.final_cell_0062-0,human1,delta,4,delta,-3.5914474,3.1244416,1258,1.4722473621368408
human1_lib3.final_cell_0063-0,human1,beta,0,beta,-0.8193561,11.212692,1259,0.7041575908660889
human1_lib3.final_cell_0064-0,human1,delta,4,delta,-4.2059526,2.7433891,1260,0.454925388097763
human1_lib3.final_cell_0065-0,human1,beta,0,beta,0.1725359,11.014844,1261,0.3845422863960266
human1_lib3.final_cell_0066-0,human1,delta,4,delta,-4.506979,2.4166718,1262,0.4037348628044128
human1_lib3.final_cell_0067-0,human1,acinar,2,acinar,18.228258,15.012013,1263,0.9434860944747924
human1_lib3.final_cell_0068-0,human1,delta,4,delta,-4.98069,2.671491,1264,0.9116654992103576
human1_lib3.final_cell_0069-0,human1,beta,0,beta,-1.0564353,11.259305,1265,0.4662820398807525
human1_lib3.final_cell_0070-0,human1,acinar,2,acinar,17.784222,15.10794,1266,1.0093121528625488
human1_lib3.final_cell_0071-0,human1,beta,0,beta,0.3643051,11.879016,1267,0.4274089634418487
human1_lib3.final_cell_0072-0,human1,beta,0,beta,0.36733916,11.784477,1268,0.3911204040050506
human1_lib3.final_cell_0073-0,human1,ductal,3,ductal,17.09632,1.3455908,1269,3.588205099105835
human1_lib3.final_cell_0074-0,human1,delta,4,delta,-2.758434,2.9523761,1270,0.4440527558326721
human1_lib3.final_cell_0075-0,human1,delta,4,delta,-4.490291,2.3569956,1271,0.4765205979347229
human1_lib3.final_cell_0076-0,human1,beta,0,beta,1.3993013,12.682028,1272,0.4010955989360809
human1_lib3.final_cell_0077-0,human1,delta,4,delta,-4.2105274,2.8886497,1273,0.4340178668498993
human1_lib3.final_cell_0078-0,human1,delta,4,delta,-4.436902,2.9785683,1274,0.4109166264533996
human1_lib3.final_cell_0079-0,human1,beta,0,beta,-0.07506904,12.734216,1275,0.4636546373367309
human1_lib3.final_cell_0080-0,human1,alpha,1,alpha,8.940153,-5.7349505,1276,0.6082662343978882
human1_lib3.final_cell_0081-0,human1,beta,0,beta,-0.060839143,10.371472,1277,0.3845422863960266
human1_lib3.final_cell_0082-0,human1,acinar,2,acinar,17.489834,12.96875,1278,0.9592050909996032
human1_lib3.final_cell_0083-0,human1,alpha,1,alpha,8.433135,-7.2674417,1279,0.7691973447799683
human1_lib3.final_cell_0084-0,human1,alpha,1,alpha,10.135797,-7.8979893,1280,0.741580605506897
human1_lib3.final_cell_0085-0,human1,beta,0,beta,1.1161425,11.220069,1281,0.3848276734352112
human1_lib3.final_cell_0086-0,human1,beta,0,beta,1.9740173,10.788834,1282,0.4262206852436065
human1_lib3.final_cell_0087-0,human1,beta,0,beta,-0.09723441,11.82463,1283,0.4948457777500152
human1_lib3.final_cell_0088-0,human1,beta,0,beta,0.018781692,12.862183,1284,0.4299883544445038
human1_lib3.final_cell_0089-0,human1,beta,0,beta,1.2543092,9.878449,1285,0.3845422863960266
human1_lib3.final_cell_0090-0,human1,beta,0,beta,1.2187222,12.625823,1286,0.4129911959171295
human1_lib3.final_cell_0091-0,human1,beta,0,beta,0.11606586,8.948997,1287,0.7801252007484436
human1_lib3.final_cell_0092-0,human1,beta,0,beta,-0.66167325,12.081049,1288,0.3845422863960266
human1_lib3.final_cell_0093-0,human1,delta,4,delta,-3.458518,2.7974224,1289,0.536411702632904
human1_lib3.final_cell_0094-0,human1,beta,0,beta,0.8413189,13.174265,1290,0.5190843343734741
human1_lib3.final_cell_0095-0,human1,beta,0,beta,-0.8868257,10.683583,1291,0.3845422863960266
human1_lib3.final_cell_0096-0,human1,delta,4,delta,-4.095584,3.2318788,1292,0.3911974728107452
human1_lib3.final_cell_0097-0,human1,beta,0,beta,1.346807,11.046633,1293,0.3845422863960266
human1_lib3.final_cell_0098-0,human1,beta,0,beta,0.8434824,10.551449,1294,0.3845422863960266
human1_lib3.final_cell_0099-0,human1,beta,0,beta,-0.045820236,11.145064,1295,0.4009424746036529
human1_lib3.final_cell_0100-0,human1,alpha,1,alpha,9.26032,-6.2825637,1296,0.6225901246070862
human1_lib3.final_cell_0101-0,human1,delta,4,delta,-3.3075292,2.7051947,1297,0.5186994075775146
human1_lib3.final_cell_0102-0,human1,alpha,1,alpha,9.7539215,-6.9592805,1298,0.6106485724449158
human1_lib3.final_cell_0103-0,human1,beta,0,beta,0.38921586,10.728698,1299,0.4362146258354187
human1_lib3.final_cell_0104-0,human1,delta,4,delta,-4.4383764,2.8647535,1300,0.4227690696716308
human1_lib3.final_cell_0105-0,human1,beta,0,beta,0.7409097,11.624358,1301,0.3845422863960266
human1_lib3.final_cell_0106-0,human1,activated_stellate,5,activated_stellate,12.253605,6.0026913,1302,1.7819045782089231
human1_lib3.final_cell_0107-0,human1,beta,0,beta,0.020555204,11.822369,1303,0.46517413854599
human1_lib3.final_cell_0108-0,human1,beta,4,delta,-1.9382299,5.1054535,1304,0.675518274307251
human1_lib3.final_cell_0109-0,human1,delta,4,delta,-3.0178926,2.8942099,1305,0.875103771686554
human1_lib3.final_cell_0110-0,human1,delta,4,delta,-3.2836554,3.3018727,1306,0.4996621012687683
human1_lib3.final_cell_0111-0,human1,ductal,3,ductal,17.336777,1.058818,1307,3.588205099105835
human1_lib3.final_cell_0112-0,human1,acinar,2,acinar,17.673895,12.340208,1308,1.0315072536468506
human1_lib3.final_cell_0113-0,human1,acinar,2,acinar,17.476627,15.135267,1309,0.7331117987632751
human1_lib3.final_cell_0114-0,human1,delta,4,delta,-3.8488772,3.2315063,1310,0.4053886830806732
human1_lib3.final_cell_0115-0,human1,ductal,3,ductal,18.157566,-0.89977974,1311,1.7825119495391846
human1_lib3.final_cell_0116-0,human1,delta,4,delta,-2.6648624,2.824519,1312,1.2573528289794922
human1_lib3.final_cell_0117-0,human1,beta,0,beta,1.8375887,11.398684,1313,0.4364306330680847
human1_lib3.final_cell_0118-0,human1,ductal,3,ductal,18.995974,0.3625627,1314,1.468032956123352
human1_lib3.final_cell_0119-0,human1,beta,0,beta,0.0028752475,8.182452,1315,0.5587918162345886
human1_lib3.final_cell_0120-0,human1,beta,0,beta,1.6740885,12.299872,1316,0.3845422863960266
human1_lib3.final_cell_0121-0,human1,beta,0,beta,-0.2531509,12.347759,1317,0.5243502259254456
human1_lib3.final_cell_0122-0,human1,beta,0,beta,-0.26010072,10.217523,1318,0.3845422863960266
human1_lib3.final_cell_0123-0,human1,alpha,1,alpha,8.488298,-6.1217375,1319,0.8475852012634277
human1_lib3.final_cell_0124-0,human1,beta,0,beta,0.9049699,12.071651,1320,0.3845422863960266
human1_lib3.final_cell_0125-0,human1,beta,0,beta,1.8494514,11.114407,1321,0.6345617771148682
human1_lib3.final_cell_0126-0,human1,beta,4,delta,-1.6649455,5.636028,1322,0.7056916952133179
human1_lib3.final_cell_0127-0,human1,beta,0,beta,0.72531486,10.663817,1323,0.6210766434669495
human1_lib3.final_cell_0128-0,human1,beta,0,beta,0.87704635,11.879839,1324,0.3979338407516479
human1_lib3.final_cell_0129-0,human1,alpha,1,alpha,8.932297,-6.680473,1325,0.5736477971076965
human1_lib3.final_cell_0130-0,human1,acinar,2,acinar,16.817244,16.411274,1326,1.0136919021606443
human1_lib3.final_cell_0131-0,human1,beta,0,beta,-0.6682253,10.077022,1327,0.3845422863960266
human1_lib3.final_cell_0132-0,human1,beta,0,beta,0.12462243,12.862017,1328,0.4549632966518402
human1_lib3.final_cell_0133-0,human1,beta,0,beta,0.19853367,10.90286,1329,0.5685515403747559
human1_lib3.final_cell_0134-0,human1,beta,0,beta,0.35954624,10.46878,1330,0.5751969218254089
human1_lib3.final_cell_0135-0,human1,delta,4,delta,-4.751604,2.5895321,1331,0.3845422863960266
human1_lib3.final_cell_0136-0,human1,beta,0,beta,0.40581387,10.535458,1332,0.5423262119293213
human1_lib3.final_cell_0137-0,human1,beta,0,beta,0.6509369,10.454887,1333,0.4103947281837463
human1_lib3.final_cell_0138-0,human1,beta,0,beta,1.9344128,10.280778,1334,0.4838564693927765
human1_lib3.final_cell_0139-0,human1,activated_stellate,5,activated_stellate,12.051107,6.151795,1335,1.8242785930633545
human1_lib3.final_cell_0140-0,human1,beta,0,beta,1.9704655,10.544154,1336,0.4109432399272918
human1_lib3.final_cell_0141-0,human1,delta,4,delta,-3.3456225,3.105699,1337,0.5398964881896973
human1_lib3.final_cell_0142-0,human1,beta,0,beta,1.5944203,12.1937475,1338,0.3845422863960266
human1_lib3.final_cell_0143-0,human1,acinar,2,acinar,18.244493,14.764976,1339,1.230646729469299
human1_lib3.final_cell_0144-0,human1,beta,0,beta,1.8172603,11.844542,1340,0.6875545978546143
human1_lib3.final_cell_0145-0,human1,beta,0,beta,0.2986021,11.455144,1341,0.3845422863960266
human1_lib3.final_cell_0146-0,human1,activated_stellate,5,activated_stellate,12.181407,5.9925766,1342,1.6282650232315063
human1_lib3.final_cell_0147-0,human1,alpha,1,alpha,7.7978225,-6.215265,1343,1.0692354440689087
human1_lib3.final_cell_0148-0,human1,beta,0,beta,-0.8756823,10.940257,1344,0.4615888297557831
human1_lib3.final_cell_0149-0,human1,beta,0,beta,1.1133873,11.331632,1345,0.5237632989883423
human1_lib3.final_cell_0150-0,human1,quiescent_stellate,5,activated_stellate,12.005538,4.3664684,1346,2.240983009338379
human1_lib3.final_cell_0151-0,human1,activated_stellate,5,activated_stellate,11.500052,5.561191,1347,1.680411696434021
human1_lib3.final_cell_0152-0,human1,acinar,2,acinar,18.224094,12.459909,1348,1.376187443733215
human1_lib3.final_cell_0153-0,human1,beta,0,beta,1.5998014,11.030417,1349,0.3845422863960266
human1_lib3.final_cell_0154-0,human1,alpha,1,alpha,10.371877,-7.341489,1350,0.6981118321418762
human1_lib3.final_cell_0155-0,human1,delta,4,delta,-3.4480817,2.3948355,1351,0.4049629867076874
human1_lib3.final_cell_0156-0,human1,acinar,2,acinar,17.102077,15.823584,1352,0.9677550792694092
human1_lib3.final_cell_0157-0,human1,beta,0,beta,1.7727338,9.920406,1353,0.4080289602279663
human1_lib3.final_cell_0158-0,human1,beta,0,beta,-0.75340956,12.18548,1354,0.4439122080802917
human1_lib3.final_cell_0159-0,human1,beta,0,beta,-0.7082984,9.296981,1355,1.4957433938980105
human1_lib3.final_cell_0160-0,human1,beta,0,beta,1.1341754,12.419333,1356,0.4291347563266754
human1_lib3.final_cell_0161-0,human1,ductal,3,ductal,18.84101,0.9087825,1357,1.4417132139205933
human1_lib3.final_cell_0162-0,human1,beta,0,beta,-0.20063385,10.463459,1358,0.4379594922065735
human1_lib3.final_cell_0163-0,human1,acinar,2,acinar,16.025856,16.159271,1359,1.0940539836883545
human1_lib3.final_cell_0164-0,human1,beta,0,beta,-0.11380381,10.510097,1360,0.5131734609603882
human1_lib3.final_cell_0165-0,human1,beta,4,delta,-1.812643,5.3515873,1361,0.7038408517837524
human1_lib3.final_cell_0166-0,human1,beta,0,beta,-0.9190533,7.2474313,1362,0.6505625247955322
human1_lib3.final_cell_0167-0,human1,beta,0,beta,1.0505058,9.16033,1363,0.6635628938674927
human1_lib3.final_cell_0168-0,human1,beta,0,beta,0.525275,10.616864,1364,0.4317356944084167
human1_lib3.final_cell_0169-0,human1,beta,0,beta,-0.57083094,12.261954,1365,0.555305540561676
human1_lib3.final_cell_0170-0,human1,alpha,1,alpha,8.239028,-8.312566,1366,1.2162781953811646
human1_lib3.final_cell_0171-0,human1,acinar,2,acinar,17.951427,12.183469,1367,1.0381909608840942
human1_lib3.final_cell_0172-0,human1,beta,0,beta,0.3371013,12.471692,1368,0.421464741230011
human1_lib3.final_cell_0173-0,human1,beta,4,delta,-1.6470917,5.6469398,1369,0.7019446492195129
human1_lib3.final_cell_0174-0,human1,alpha,1,alpha,9.993859,-8.587375,1370,1.250019669532776
human1_lib3.final_cell_0175-0,human1,beta,0,beta,1.4368767,11.629431,1371,0.3845422863960266
human1_lib3.final_cell_0176-0,human1,beta,0,beta,-0.4219544,9.3052,1372,0.5401225090026855
human1_lib3.final_cell_0177-0,human1,gamma,6,gamma,-2.7436278,-3.5655813,1373,0.9437796473503112
human1_lib3.final_cell_0178-0,human1,delta,4,delta,-4.346789,3.0343091,1374,0.3845422863960266
human1_lib3.final_cell_0179-0,human1,macrophage,8,macrophage,13.808488,0.8321809,1375,3.491959571838379
human1_lib3.final_cell_0180-0,human1,alpha,1,alpha,9.30237,-7.0110683,1376,0.5764545202255249
human1_lib3.final_cell_0181-0,human1,delta,4,delta,-3.3558311,2.975772,1377,0.5328915119171143
human1_lib3.final_cell_0182-0,human1,beta,0,beta,0.45648938,10.86829,1378,0.3845422863960266
human1_lib3.final_cell_0183-0,human1,ductal,3,ductal,19.04085,1.3236828,1379,1.512171983718872
human1_lib3.final_cell_0184-0,human1,ductal,3,ductal,18.610851,0.037419245,1380,1.6819744110107422
human1_lib3.final_cell_0185-0,human1,alpha,1,alpha,10.350506,-7.3430843,1381,0.7362081408500671
human1_lib3.final_cell_0186-0,human1,beta,0,beta,0.6775131,11.760944,1382,0.6992709636688232
human1_lib3.final_cell_0187-0,human1,beta,4,delta,-1.6266879,5.709431,1383,0.4509037733078003
human1_lib3.final_cell_0188-0,human1,acinar,2,acinar,18.560606,13.118047,1384,0.9339412450790404
human1_lib3.final_cell_0189-0,human1,endothelial,7,endothelial,9.738243,11.285539,1385,2.781705856323242
human1_lib3.final_cell_0190-0,human1,alpha,1,alpha,9.806065,-7.7346935,1386,1.046782612800598
human1_lib3.final_cell_0191-0,human1,gamma,6,gamma,-3.0108798,-3.7587743,1387,0.8335043787956238
human1_lib3.final_cell_0192-0,human1,beta,0,beta,0.1280889,10.711874,1388,0.4714099764823913
human1_lib3.final_cell_0193-0,human1,quiescent_stellate,5,activated_stellate,12.2084,4.23287,1389,2.4939630031585693
human1_lib3.final_cell_0194-0,human1,beta,0,beta,0.18504311,12.074467,1390,0.3903934359550476
human1_lib3.final_cell_0195-0,human1,delta,4,delta,-4.467998,2.8844426,1391,0.4786067008972168
human1_lib3.final_cell_0196-0,human1,beta,0,beta,1.5284125,12.318454,1392,0.386638730764389
human1_lib3.final_cell_0197-0,human1,ductal,3,ductal,18.847895,-0.18006374,1393,1.48833966255188
human1_lib3.final_cell_0198-0,human1,beta,0,beta,0.19374792,11.428319,1394,0.768986701965332
human1_lib3.final_cell_0199-0,human1,alpha,1,alpha,7.164314,-4.3854036,1395,0.7097209095954895
human1_lib3.final_cell_0200-0,human1,beta,0,beta,-0.5672567,9.488537,1396,0.5781700611114502
human1_lib3.final_cell_0201-0,human1,delta,4,delta,-3.6479611,2.3680303,1397,0.7114447951316833
human1_lib3.final_cell_0202-0,human1,beta,4,delta,-1.983181,5.0603566,1398,0.7866379022598267
human1_lib3.final_cell_0203-0,human1,alpha,1,alpha,9.383981,-6.3674455,1399,0.6877620220184326
human1_lib3.final_cell_0204-0,human1,quiescent_stellate,5,activated_stellate,11.744218,4.2185984,1400,2.152772188186645
human1_lib3.final_cell_0205-0,human1,ductal,3,ductal,18.315046,-0.7487228,1401,1.583564281463623
human1_lib3.final_cell_0206-0,human1,delta,4,delta,-2.6572835,2.8575864,1402,1.1936540603637695
human1_lib3.final_cell_0207-0,human1,beta,0,beta,0.75354487,12.592821,1403,0.3845422863960266
human1_lib3.final_cell_0208-0,human1,beta,0,beta,1.1877955,11.4593,1404,0.3845422863960266
human1_lib3.final_cell_0209-0,human1,delta,4,delta,-2.7601917,2.9993439,1405,0.7182027101516724
human1_lib3.final_cell_0210-0,human1,alpha,1,alpha,6.65943,-6.927685,1406,0.8557612299919128
human1_lib3.final_cell_0211-0,human1,beta,0,beta,0.57799613,10.668238,1407,0.6654018759727478
human1_lib3.final_cell_0212-0,human1,beta,0,beta,1.2621273,10.084216,1408,0.3845422863960266
human1_lib3.final_cell_0213-0,human1,delta,4,delta,-4.417509,2.6224165,1409,0.5038557648658752
human1_lib3.final_cell_0214-0,human1,beta,0,beta,0.7977367,12.09143,1410,0.4293442964553833
human1_lib3.final_cell_0215-0,human1,beta,0,beta,0.8842911,11.69972,1411,0.4217779338359833
human1_lib3.final_cell_0216-0,human1,delta,4,delta,-3.3372529,3.055143,1412,0.560061514377594
human1_lib3.final_cell_0217-0,human1,ductal,3,ductal,18.604506,-0.65453756,1413,1.5974929332733154
human1_lib3.final_cell_0218-0,human1,ductal,3,ductal,18.368387,-0.36690113,1414,1.4539499282836914
human1_lib3.final_cell_0219-0,human1,beta,0,beta,-0.8382711,11.95707,1415,0.3845422863960266
human1_lib3.final_cell_0220-0,human1,beta,0,beta,-1.1515654,10.80867,1416,0.3845422863960266
human1_lib3.final_cell_0221-0,human1,beta,0,beta,0.45879868,10.691655,1417,0.3845422863960266
human1_lib3.final_cell_0222-0,human1,beta,0,beta,0.55752546,10.715867,1418,0.397514134645462
human1_lib3.final_cell_0223-0,human1,endothelial,7,endothelial,9.632469,11.325933,1419,2.784763813018799
human1_lib3.final_cell_0224-0,human1,beta,0,beta,-0.40940422,10.035144,1420,0.4400790333747864
human1_lib3.final_cell_0225-0,human1,beta,0,beta,-1.2842317,11.722626,1421,0.9326890707015992
human1_lib3.final_cell_0226-0,human1,alpha,1,alpha,8.410252,-7.3959866,1422,0.6077780723571777
human1_lib3.final_cell_0227-0,human1,beta,0,beta,1.6498774,11.104794,1423,0.44923797249794
human1_lib3.final_cell_0228-0,human1,beta,0,beta,1.9288445,10.919087,1424,0.4495344161987304
human1_lib3.final_cell_0229-0,human1,alpha,1,alpha,8.697726,-7.4270954,1425,0.7062160968780518
human1_lib3.final_cell_0230-0,human1,beta,0,beta,0.39543235,11.451331,1426,0.3845422863960266
human1_lib3.final_cell_0231-0,human1,acinar,2,acinar,18.120007,13.572797,1427,0.7956810593605042
human1_lib3.final_cell_0232-0,human1,delta,4,delta,-3.5828362,2.3377,1428,0.3962793350219726
human1_lib3.final_cell_0233-0,human1,beta,0,beta,-0.16664267,11.827341,1429,0.3845422863960266
human1_lib3.final_cell_0234-0,human1,beta,0,beta,-0.48686668,11.303795,1430,0.5206047892570496
human1_lib3.final_cell_0235-0,human1,ductal,3,ductal,18.282305,-0.65306216,1431,1.628024339675903
human1_lib3.final_cell_0236-0,human1,ductal,3,ductal,18.279728,2.4677827,1432,2.1324386596679688
human1_lib3.final_cell_0237-0,human1,beta,0,beta,1.0290253,11.630077,1433,0.4021620750427246
human1_lib3.final_cell_0238-0,human1,alpha,1,alpha,9.497443,-8.787548,1434,1.2144371271133425
human1_lib3.final_cell_0239-0,human1,beta,0,beta,0.6826196,13.300938,1435,0.3845422863960266
human1_lib3.final_cell_0240-0,human1,beta,0,beta,1.450438,10.906401,1436,0.4713727235794067
human1_lib3.final_cell_0241-0,human1,ductal,3,ductal,19.133469,0.5169618,1437,1.4980242252349854
human1_lib3.final_cell_0242-0,human1,alpha,1,alpha,9.954104,-6.9197273,1438,0.75457364320755
human1_lib3.final_cell_0243-0,human1,activated_stellate,5,activated_stellate,12.341604,5.8508873,1439,1.488093018531799
human1_lib3.final_cell_0244-0,human1,beta,0,beta,1.3895692,10.117565,1440,0.3865746259689331
human1_lib3.final_cell_0245-0,human1,alpha,1,alpha,9.608302,-6.91333,1441,0.646594762802124
human1_lib3.final_cell_0246-0,human1,ductal,3,ductal,18.866753,0.21542397,1442,1.5749311447143557
human1_lib3.final_cell_0247-0,human1,delta,4,delta,-4.274854,2.8851233,1443,0.3845422863960266
human1_lib3.final_cell_0248-0,human1,alpha,1,alpha,8.981531,-6.288627,1444,0.5761712193489075
human1_lib3.final_cell_0249-0,human1,gamma,6,gamma,-3.0678833,-3.7952976,1445,0.9428607225418092
human1_lib3.final_cell_0250-0,human1,beta,0,beta,1.4859334,12.347342,1446,0.3845422863960266
human1_lib3.final_cell_0251-0,human1,activated_stellate,5,activated_stellate,12.749931,5.8431215,1447,1.8544809818267824
human1_lib3.final_cell_0252-0,human1,ductal,3,ductal,17.011662,1.5146254,1448,3.588205099105835
human1_lib3.final_cell_0253-0,human1,beta,0,beta,0.6321109,7.8584695,1449,1.2672908306121826
human1_lib3.final_cell_0254-0,human1,beta,0,beta,-0.12211712,11.654447,1450,0.8193745613098145
human1_lib3.final_cell_0255-0,human1,activated_stellate,5,activated_stellate,12.75709,5.692999,1451,1.5992369651794434
human1_lib3.final_cell_0256-0,human1,beta,0,beta,0.806856,11.998355,1452,0.3845422863960266
human1_lib3.final_cell_0257-0,human1,delta,4,delta,-3.3483791,3.0506775,1453,0.3970612585544586
human1_lib3.final_cell_0258-0,human1,activated_stellate,5,activated_stellate,11.521482,4.239855,1454,1.9777456521987915
human1_lib3.final_cell_0259-0,human1,beta,0,beta,0.43195063,12.184168,1455,0.4439592957496643
human1_lib3.final_cell_0260-0,human1,gamma,6,gamma,-2.7997181,-3.5205743,1456,0.8584058284759521
human1_lib3.final_cell_0261-0,human1,beta,0,beta,0.8308249,10.582722,1457,0.8419605493545532
human1_lib3.final_cell_0262-0,human1,beta,0,beta,1.5707892,9.108299,1458,1.2263702154159546
human1_lib3.final_cell_0263-0,human1,beta,0,beta,2.0583334,11.4836,1459,0.3845422863960266
human1_lib3.final_cell_0264-0,human1,delta,4,delta,-3.1333888,2.6725066,1460,0.3923909366130829
human1_lib3.final_cell_0265-0,human1,beta,0,beta,1.4086232,12.014773,1461,0.3890761435031891
human1_lib3.final_cell_0266-0,human1,beta,0,beta,0.1559862,11.012059,1462,0.5832173824310303
human1_lib3.final_cell_0267-0,human1,alpha,1,alpha,7.342407,-6.8393006,1463,0.702161431312561
human1_lib3.final_cell_0268-0,human1,beta,0,beta,1.8354111,11.766313,1464,0.3845422863960266
human1_lib3.final_cell_0269-0,human1,alpha,1,alpha,9.796399,-7.988623,1465,0.6208952069282532
human1_lib3.final_cell_0270-0,human1,epsilon,4,delta,-2.959262,2.6032863,1466,0.7798934578895569
human1_lib3.final_cell_0271-0,human1,activated_stellate,5,activated_stellate,11.226545,4.411695,1467,1.766850233078003
human1_lib3.final_cell_0272-0,human1,beta,0,beta,-0.9071668,11.953416,1468,0.516405463218689
human1_lib3.final_cell_0273-0,human1,alpha,1,alpha,9.459668,-5.707791,1469,0.7734341025352478
human1_lib3.final_cell_0274-0,human1,ductal,3,ductal,18.095966,1.0907369,1470,3.49489974975586
human1_lib3.final_cell_0275-0,human1,alpha,1,alpha,9.555486,-6.7402096,1471,0.6390779614448547
human1_lib3.final_cell_0276-0,human1,beta,0,beta,1.3115937,11.620749,1472,0.4905115365982055
human1_lib3.final_cell_0277-0,human1,beta,0,beta,0.4960151,11.944761,1473,0.6914951205253601
human1_lib3.final_cell_0278-0,human1,delta,4,delta,-2.9319956,2.7134035,1474,0.8435311317443848
human1_lib3.final_cell_0279-0,human1,ductal,3,ductal,18.305988,-0.50481814,1475,1.6160039901733398
human1_lib3.final_cell_0280-0,human1,beta,0,beta,-0.910184,11.040375,1476,0.4385690093040466
human1_lib3.final_cell_0281-0,human1,alpha,1,alpha,9.525766,-5.6256547,1477,1.1936280727386477
human1_lib3.final_cell_0282-0,human1,delta,4,delta,-3.2450275,2.6665826,1478,0.4044155180454254
human1_lib3.final_cell_0283-0,human1,beta,0,beta,-0.007711684,12.662048,1479,0.3845422863960266
human1_lib3.final_cell_0284-0,human1,beta,0,beta,-0.6443688,8.29344,1480,0.991277039051056
human1_lib3.final_cell_0285-0,human1,beta,0,beta,0.5061793,10.617747,1481,0.4248380064964294
human1_lib3.final_cell_0286-0,human1,beta,0,beta,0.6783351,12.044771,1482,0.4120951294898987
human1_lib3.final_cell_0287-0,human1,beta,0,beta,0.42359847,9.012268,1483,0.6285154819488525
human1_lib3.final_cell_0288-0,human1,activated_stellate,5,activated_stellate,12.561712,5.961417,1484,1.67920982837677
human1_lib3.final_cell_0289-0,human1,alpha,1,alpha,9.306352,-8.862532,1485,0.7990076541900635
human1_lib3.final_cell_0290-0,human1,beta,0,beta,-0.841097,8.870213,1486,0.5054920315742493
human1_lib3.final_cell_0291-0,human1,ductal,3,ductal,18.906675,0.13476686,1487,1.6608076095581057
human1_lib3.final_cell_0292-0,human1,delta,4,delta,-3.0550492,2.600613,1488,0.4968937635421753
human1_lib3.final_cell_0293-0,human1,alpha,1,alpha,10.315636,-7.939771,1489,0.557467520236969
human1_lib3.final_cell_0294-0,human1,alpha,1,alpha,9.53156,-6.6279407,1490,0.7789878845214844
human1_lib3.final_cell_0295-0,human1,beta,0,beta,-0.21630068,8.636607,1491,0.4486503303050995
human1_lib3.final_cell_0296-0,human1,beta,0,beta,1.4398981,10.532261,1492,0.3845422863960266
human1_lib3.final_cell_0297-0,human1,beta,0,beta,1.109232,10.210406,1493,0.5640038847923279
human1_lib3.final_cell_0298-0,human1,delta,4,delta,-3.5531158,2.620777,1494,0.5592150092124939
human1_lib3.final_cell_0299-0,human1,alpha,1,alpha,9.307178,-6.184569,1495,0.676871120929718
human1_lib3.final_cell_0300-0,human1,beta,4,delta,-2.0112817,4.990788,1496,0.6220461130142212
human1_lib3.final_cell_0301-0,human1,beta,0,beta,0.5940434,9.908253,1497,0.3848707377910614
human1_lib3.final_cell_0302-0,human1,beta,0,beta,-0.57715714,10.50455,1498,0.3854646682739258
human1_lib3.final_cell_0303-0,human1,beta,0,beta,0.14041714,11.163115,1499,0.4025467336177826
human1_lib3.final_cell_0304-0,human1,beta,0,beta,-0.30549175,12.307392,1500,0.606848418712616
human1_lib3.final_cell_0305-0,human1,delta,4,delta,-4.1600327,2.4011204,1501,0.3845422863960266
human1_lib3.final_cell_0306-0,human1,beta,0,beta,0.6030906,10.703458,1502,0.5632699728012085
human1_lib3.final_cell_0307-0,human1,beta,0,beta,0.8921667,12.030266,1503,0.665793776512146
human1_lib3.final_cell_0308-0,human1,beta,0,beta,0.31023398,9.652812,1504,0.5092234015464783
human1_lib3.final_cell_0309-0,human1,alpha,1,alpha,9.228326,-6.204541,1505,0.5377134084701538
human1_lib3.final_cell_0310-0,human1,beta,0,beta,0.6901079,10.847115,1506,0.4397521913051605
human1_lib3.final_cell_0311-0,human1,gamma,6,gamma,-3.0027933,-3.759783,1507,0.8743072748184204
human1_lib3.final_cell_0312-0,human1,beta,0,beta,-0.01365588,11.653629,1508,0.3845422863960266
human1_lib3.final_cell_0313-0,human1,activated_stellate,5,activated_stellate,12.194346,5.9372296,1509,1.7377853393554688
human1_lib3.final_cell_0314-0,human1,beta,0,beta,0.28667855,12.111365,1510,0.5897291302680969
human1_lib3.final_cell_0315-0,human1,alpha,1,alpha,10.001287,-7.1322713,1511,0.6033014059066772
human1_lib3.final_cell_0316-0,human1,alpha,1,alpha,9.062731,-6.231446,1512,0.5178210139274597
human1_lib3.final_cell_0317-0,human1,beta,0,beta,0.053129956,12.248816,1513,0.3845422863960266
human1_lib3.final_cell_0318-0,human1,beta,0,beta,0.5684164,8.591564,1514,0.4047834873199463
human1_lib3.final_cell_0319-0,human1,delta,4,delta,-2.6556005,2.8408406,1515,1.338598132133484
human1_lib3.final_cell_0320-0,human1,beta,0,beta,-0.90004164,10.957108,1516,0.3890329897403717
human1_lib3.final_cell_0321-0,human1,beta,0,beta,0.13297968,9.603029,1517,0.8059686422348022
human1_lib3.final_cell_0322-0,human1,beta,0,beta,0.56509465,11.273643,1518,0.3845422863960266
human1_lib3.final_cell_0323-0,human1,beta,0,beta,-0.34786466,9.646758,1519,0.3889353573322296
human1_lib3.final_cell_0324-0,human1,beta,0,beta,0.3217189,9.03089,1520,0.4462869763374328
human1_lib3.final_cell_0325-0,human1,beta,0,beta,-1.1516778,10.538553,1521,0.4223206341266632
human1_lib3.final_cell_0326-0,human1,quiescent_stellate,5,activated_stellate,11.302802,5.0291963,1522,1.9693176746368408
human1_lib3.final_cell_0327-0,human1,ductal,3,ductal,19.103493,1.553257,1523,1.4999144077301023
human1_lib3.final_cell_0328-0,human1,ductal,3,ductal,17.897615,1.7394447,1524,3.3665640354156494
human1_lib3.final_cell_0329-0,human1,delta,4,delta,-3.213811,2.9859834,1525,0.406330406665802
human1_lib3.final_cell_0330-0,human1,alpha,1,alpha,8.408024,-5.089193,1526,0.7758340835571289
human1_lib3.final_cell_0331-0,human1,beta,0,beta,0.8150015,11.413625,1527,0.4819160401821136
human1_lib3.final_cell_0332-0,human1,beta,0,beta,-0.77540594,7.517038,1528,0.5882334113121033
human1_lib3.final_cell_0333-0,human1,beta,0,beta,-0.43374774,12.03614,1529,0.7025730013847351
human1_lib3.final_cell_0334-0,human1,beta,0,beta,1.7957572,9.740722,1530,0.4172079563140869
human1_lib3.final_cell_0335-0,human1,beta,0,beta,-0.3421373,10.021459,1531,0.4266978502273559
human1_lib3.final_cell_0336-0,human1,beta,0,beta,1.0073862,10.566158,1532,0.3856853544712066
human1_lib3.final_cell_0337-0,human1,gamma,6,gamma,-2.432885,-3.4475389,1533,1.1115953922271729
human1_lib3.final_cell_0338-0,human1,beta,0,beta,0.46045318,10.486714,1534,0.4603774845600128
human1_lib3.final_cell_0339-0,human1,beta,0,beta,0.11475819,8.947071,1535,0.5986915826797485
human1_lib3.final_cell_0340-0,human1,gamma,6,gamma,-2.3700619,-3.6682673,1536,0.9438191056251526
human1_lib3.final_cell_0341-0,human1,alpha,6,gamma,5.4313583,-3.8914273,1537,1.0018752813339231
human1_lib3.final_cell_0342-0,human1,beta,0,beta,1.6364725,10.952426,1538,0.4942315220832824
human1_lib3.final_cell_0343-0,human1,alpha,1,alpha,6.74399,-6.7389116,1539,1.0917508602142334
human1_lib3.final_cell_0344-0,human1,alpha,1,alpha,9.170473,-7.014153,1540,0.6515195369720459
human1_lib3.final_cell_0345-0,human1,beta,0,beta,-0.47012842,11.722084,1541,0.5176573991775513
human1_lib3.final_cell_0346-0,human1,delta,4,delta,-3.0228753,2.5764418,1542,0.4623211026191711
human1_lib3.final_cell_0347-0,human1,beta,0,beta,0.6509402,12.6370945,1543,0.4454672634601593
human1_lib3.final_cell_0348-0,human1,beta,0,beta,0.9724981,12.013664,1544,0.3870937824249267
human1_lib3.final_cell_0349-0,human1,beta,4,delta,-2.1020675,4.7054105,1545,1.149118423461914
human1_lib3.final_cell_0350-0,human1,beta,0,beta,0.0801605,11.792553,1546,0.823003351688385
human1_lib3.final_cell_0351-0,human1,endothelial,7,endothelial,13.00846,3.9621785,1547,2.024665117263794
human1_lib3.final_cell_0352-0,human1,beta,0,beta,0.83919084,11.8584,1548,0.5198976397514343
human1_lib3.final_cell_0353-0,human1,quiescent_stellate,5,activated_stellate,11.175091,4.8815584,1549,1.4915138483047483
human1_lib3.final_cell_0354-0,human1,beta,0,beta,1.1867915,9.247307,1550,0.5426575541496277
human1_lib3.final_cell_0355-0,human1,beta,0,beta,-0.46631375,9.865942,1551,0.3845422863960266
human1_lib3.final_cell_0356-0,human1,alpha,1,alpha,7.7338605,-6.2189736,1552,0.7544625997543335
human1_lib3.final_cell_0357-0,human1,ductal,3,ductal,18.850561,2.0636451,1553,1.4804168939590454
human1_lib3.final_cell_0358-0,human1,beta,0,beta,-0.9163603,9.048766,1554,1.897666454315185
human1_lib3.final_cell_0359-0,human1,beta,0,beta,1.4828049,9.002814,1555,1.7679308652877808
human1_lib3.final_cell_0360-0,human1,gamma,6,gamma,-2.4564698,-3.4361172,1556,1.146082043647766
human1_lib3.final_cell_0361-0,human1,alpha,1,alpha,10.2932625,-7.793949,1557,0.7371264696121216
human1_lib3.final_cell_0362-0,human1,gamma,6,gamma,-2.6705878,-3.4673076,1558,1.054749846458435
human1_lib3.final_cell_0363-0,human1,beta,0,beta,0.5757055,8.44827,1559,0.4567013084888458
human1_lib3.final_cell_0364-0,human1,beta,0,beta,0.81101626,10.045602,1560,0.5774115920066833
human1_lib3.final_cell_0365-0,human1,alpha,1,alpha,9.100788,-6.048369,1561,0.6309961080551147
human1_lib3.final_cell_0366-0,human1,alpha,1,alpha,17.707508,2.9263992,1562,1.778773069381714
human1_lib3.final_cell_0367-0,human1,ductal,3,ductal,17.418905,3.0522568,1563,1.822848081588745
human1_lib3.final_cell_0368-0,human1,beta,0,beta,0.757842,11.14417,1564,0.3845422863960266
human1_lib3.final_cell_0369-0,human1,alpha,1,alpha,6.7262106,-6.3720055,1565,0.884084939956665
human1_lib3.final_cell_0370-0,human1,beta,0,beta,1.2868752,11.445295,1566,0.4430451393127441
human1_lib3.final_cell_0371-0,human1,delta,4,delta,-4.0619826,2.631126,1567,0.4021172523498535
human1_lib3.final_cell_0372-0,human1,ductal,3,ductal,18.85782,-0.28422883,1568,1.4362207651138306
human1_lib3.final_cell_0373-0,human1,beta,0,beta,0.64434576,10.390776,1569,0.6449577212333679
human1_lib3.final_cell_0374-0,human1,beta,0,beta,1.5650063,10.898352,1570,0.4059242308139801
human1_lib3.final_cell_0375-0,human1,beta,0,beta,-0.22284032,10.197416,1571,0.3896034657955169
human1_lib3.final_cell_0376-0,human1,beta,0,beta,1.9800436,10.267763,1572,0.3845422863960266
human1_lib3.final_cell_0377-0,human1,beta,0,beta,0.44933656,11.144213,1573,0.9626456499099731
human1_lib3.final_cell_0378-0,human1,beta,0,beta,-1.2902349,10.094623,1574,1.061346411705017
human1_lib3.final_cell_0379-0,human1,ductal,3,ductal,18.207226,1.5133226,1575,3.337691068649292
human1_lib3.final_cell_0380-0,human1,beta,0,beta,-0.05428733,10.307207,1576,0.3845422863960266
human1_lib3.final_cell_0381-0,human1,alpha,1,alpha,7.638083,-5.263746,1577,1.0197272300720217
human1_lib3.final_cell_0382-0,human1,beta,0,beta,0.16055602,8.428943,1578,0.8505774736404419
human1_lib3.final_cell_0383-0,human1,beta,0,beta,-0.59451425,12.363045,1579,0.4895871579647064
human1_lib3.final_cell_0384-0,human1,alpha,1,alpha,8.242513,-6.4634104,1580,0.5479397177696228
human1_lib3.final_cell_0385-0,human1,acinar,2,acinar,18.26009,12.800886,1581,0.8446139097213745
human1_lib3.final_cell_0386-0,human1,acinar,2,acinar,16.415878,16.017796,1582,0.9237120151519777
human1_lib3.final_cell_0387-0,human1,beta,0,beta,0.6767144,12.286989,1583,0.4687284231185913
human1_lib3.final_cell_0388-0,human1,beta,0,beta,-0.016852034,11.539102,1584,0.3845422863960266
human1_lib3.final_cell_0389-0,human1,beta,4,delta,-2.0501394,4.929577,1585,0.8310038447380066
human1_lib3.final_cell_0390-0,human1,alpha,1,alpha,10.352967,-7.2676144,1586,0.7017858028411865
human1_lib3.final_cell_0391-0,human1,alpha,1,alpha,8.540294,-7.2438083,1587,1.4744036197662354
human1_lib3.final_cell_0392-0,human1,alpha,1,alpha,9.157046,-6.00792,1588,1.0823277235031128
human1_lib3.final_cell_0393-0,human1,alpha,1,alpha,8.808884,-6.368653,1589,0.7545748949050903
human1_lib3.final_cell_0394-0,human1,beta,0,beta,0.07509068,10.9805155,1590,0.3845422863960266
human1_lib3.final_cell_0395-0,human1,alpha,1,alpha,9.968197,-8.642027,1591,0.7256462574005127
human1_lib3.final_cell_0396-0,human1,beta,0,beta,0.9926402,9.561332,1592,0.6081693172454834
human1_lib3.final_cell_0397-0,human1,alpha,1,alpha,9.516598,-8.731448,1593,0.8352240920066833
human1_lib3.final_cell_0398-0,human1,beta,0,beta,-1.032875,10.917856,1594,0.4399097561836242
human1_lib3.final_cell_0399-0,human1,beta,0,beta,-0.6638231,7.7078257,1595,0.8662886619567871
human1_lib3.final_cell_0400-0,human1,beta,0,beta,0.8695718,11.866204,1596,0.5033958554267883
human1_lib3.final_cell_0401-0,human1,alpha,1,alpha,9.441465,-5.851993,1597,0.5402517318725586
human1_lib3.final_cell_0402-0,human1,delta,4,delta,-3.3086667,3.2595236,1598,0.4364397525787353
human1_lib3.final_cell_0403-0,human1,alpha,1,alpha,9.257139,-6.0029306,1599,0.7616899013519287
human1_lib3.final_cell_0404-0,human1,beta,0,beta,-0.66949683,12.192572,1600,0.5357968211174011
human1_lib3.final_cell_0405-0,human1,beta,0,beta,1.4650878,10.8972845,1601,0.392145961523056
human1_lib3.final_cell_0406-0,human1,beta,0,beta,-0.06796839,11.642249,1602,0.5574374198913574
human1_lib3.final_cell_0407-0,human1,alpha,1,alpha,5.628948,-4.0700393,1603,1.1437424421310425
human1_lib3.final_cell_0408-0,human1,gamma,6,gamma,-2.9569235,-3.6424754,1604,1.011113166809082
human1_lib3.final_cell_0409-0,human1,acinar,2,acinar,17.44501,14.499278,1605,0.8327843546867371
human1_lib3.final_cell_0410-0,human1,beta,0,beta,2.1377017,10.416888,1606,0.5520848035812378
human1_lib3.final_cell_0411-0,human1,ductal,3,ductal,17.743074,1.086441,1607,3.588205099105835
human1_lib3.final_cell_0412-0,human1,delta,4,delta,-3.3195598,3.2936454,1608,0.4230811297893524
human1_lib3.final_cell_0413-0,human1,beta,0,beta,1.0522808,12.699493,1609,0.3845422863960266
human1_lib3.final_cell_0414-0,human1,ductal,3,ductal,18.854858,-0.13691714,1610,1.63076913356781
human1_lib3.final_cell_0415-0,human1,gamma,6,gamma,-2.3974366,-4.196264,1611,0.9242461919784546
human1_lib3.final_cell_0416-0,human1,beta,0,beta,0.99649704,8.879603,1612,0.481594979763031
human1_lib3.final_cell_0417-0,human1,quiescent_stellate,5,activated_stellate,10.766473,4.8909187,1613,1.9232367277145384
human1_lib3.final_cell_0418-0,human1,ductal,3,ductal,17.716202,2.8919954,1614,1.6145275831222534
human1_lib3.final_cell_0419-0,human1,delta,4,delta,-4.4154086,2.4440823,1615,0.3882580101490021
human1_lib3.final_cell_0420-0,human1,gamma,6,gamma,-2.8645573,-4.254797,1616,0.9167519807815552
human1_lib3.final_cell_0421-0,human1,beta,0,beta,0.45970863,12.998054,1617,0.3845422863960266
human1_lib3.final_cell_0422-0,human1,beta,0,beta,1.1979685,12.863303,1618,0.3845422863960266
human1_lib3.final_cell_0423-0,human1,beta,0,beta,0.93456084,10.633441,1619,0.3845422863960266
human1_lib3.final_cell_0424-0,human1,gamma,6,gamma,-2.3601904,-4.235405,1620,1.5855368375778198
human1_lib3.final_cell_0425-0,human1,ductal,3,ductal,19.110107,1.527465,1621,1.4493197202682495
human1_lib3.final_cell_0426-0,human1,alpha,1,alpha,9.278529,-6.9625697,1622,0.7115827798843384
human1_lib3.final_cell_0427-0,human1,acinar,2,acinar,17.778639,11.56459,1623,1.1571075916290283
human1_lib3.final_cell_0428-0,human1,ductal,3,ductal,18.676474,-0.56152904,1624,1.869199633598328
human1_lib3.final_cell_0429-0,human1,endothelial,7,endothelial,9.763348,13.315679,1625,2.125239133834839
human1_lib3.final_cell_0430-0,human1,alpha,1,alpha,9.80039,-7.0623717,1626,1.109276294708252
human1_lib3.final_cell_0431-0,human1,endothelial,7,endothelial,9.46036,12.931872,1627,1.9655169248580933
human1_lib3.final_cell_0432-0,human1,beta,0,beta,-0.8237962,9.740128,1628,0.3994981348514557
human1_lib3.final_cell_0433-0,human1,beta,0,beta,-0.67928576,10.409633,1629,0.4546571373939514
human1_lib3.final_cell_0434-0,human1,beta,0,beta,-0.9476515,7.2215314,1630,0.607736349105835
human1_lib3.final_cell_0435-0,human1,beta,0,beta,-0.5496473,10.90252,1631,0.4380659461021423
human1_lib3.final_cell_0436-0,human1,alpha,1,alpha,9.192916,-7.7462344,1632,0.6873500943183899
human1_lib3.final_cell_0437-0,human1,beta,0,beta,-0.12628701,8.160089,1633,0.6196218729019165
human1_lib3.final_cell_0438-0,human1,ductal,3,ductal,18.281603,2.5304577,1634,1.4272798299789429
human1_lib3.final_cell_0439-0,human1,ductal,3,ductal,17.068491,1.390528,1635,3.588205099105835
human1_lib3.final_cell_0440-0,human1,beta,0,beta,2.107156,10.413207,1636,0.4796555638313293
human1_lib3.final_cell_0441-0,human1,beta,0,beta,0.21534285,10.923916,1637,0.4030607938766479
human1_lib3.final_cell_0442-0,human1,gamma,6,gamma,-3.064655,-4.1422,1638,1.2583391666412354
human1_lib3.final_cell_0443-0,human1,beta,0,beta,-0.14852263,10.159257,1639,0.3935866951942444
human1_lib3.final_cell_0444-0,human1,quiescent_stellate,5,activated_stellate,11.616669,4.8834147,1640,1.3921456336975098
human1_lib3.final_cell_0445-0,human1,ductal,3,ductal,18.724894,1.3670899,1641,1.3867076635360718
human1_lib3.final_cell_0446-0,human1,beta,0,beta,-0.69597465,9.906224,1642,0.7002316117286682
human1_lib3.final_cell_0447-0,human1,acinar,2,acinar,17.7722,14.477442,1643,0.9481937289237976
human1_lib3.final_cell_0448-0,human1,ductal,3,ductal,19.224888,-0.016115729,1644,1.5042043924331665
human1_lib3.final_cell_0449-0,human1,endothelial,7,endothelial,9.550298,13.149524,1645,2.061208963394165
human1_lib3.final_cell_0450-0,human1,acinar,2,acinar,17.94828,12.091818,1646,0.9662479758262634
human1_lib3.final_cell_0451-0,human1,gamma,6,gamma,-2.9922376,-4.2898955,1647,1.7027398347854614
human1_lib3.final_cell_0452-0,human1,beta,4,delta,-2.6481335,3.27273,1648,0.9694610834121704
human1_lib3.final_cell_0453-0,human1,beta,0,beta,-1.0771796,9.679795,1649,1.038983702659607
human1_lib3.final_cell_0454-0,human1,quiescent_stellate,5,activated_stellate,11.31459,5.000153,1650,1.4452513456344604
human1_lib3.final_cell_0455-0,human1,beta,0,beta,1.5885055,10.54578,1651,0.3845422863960266
human1_lib3.final_cell_0456-0,human1,beta,0,beta,1.0266849,10.9100485,1652,0.3845422863960266
human1_lib3.final_cell_0457-0,human1,epsilon,6,gamma,-1.7066158,-2.9247274,1653,0.8093385100364685
human1_lib3.final_cell_0458-0,human1,beta,0,beta,-0.9083883,12.060748,1654,0.3845422863960266
human1_lib3.final_cell_0459-0,human1,alpha,1,alpha,8.124438,-8.004528,1655,0.8610061407089233
human1_lib3.final_cell_0460-0,human1,alpha,1,alpha,9.450003,-7.114584,1656,0.5985796451568604
human1_lib3.final_cell_0461-0,human1,delta,4,delta,-4.990379,2.5356832,1657,0.51044762134552
human1_lib3.final_cell_0462-0,human1,beta,0,beta,0.34931597,12.969265,1658,0.5484442114830017
human1_lib3.final_cell_0463-0,human1,epsilon,6,gamma,-1.718365,-2.9868038,1659,1.9918266534805296
human1_lib3.final_cell_0464-0,human1,beta,0,beta,0.80661863,12.079343,1660,0.5463569164276123
human1_lib3.final_cell_0465-0,human1,alpha,1,alpha,8.964055,-5.228777,1661,0.6363915205001831
human1_lib3.final_cell_0466-0,human1,beta,0,beta,-0.9826034,9.38845,1662,0.7587185502052307
human1_lib3.final_cell_0467-0,human1,beta,0,beta,-0.90877885,7.154858,1663,1.0388503074645996
human1_lib3.final_cell_0468-0,human1,gamma,6,gamma,-2.8030052,-3.5893598,1664,0.8486987352371216
human1_lib3.final_cell_0469-0,human1,acinar,3,ductal,15.010609,4.8515344,1665,2.094947338104248
human1_lib3.final_cell_0470-0,human1,beta,0,beta,-0.86359733,6.9402523,1666,0.657145082950592
human1_lib3.final_cell_0471-0,human1,alpha,1,alpha,7.957732,-5.385204,1667,0.5152125358581543
human1_lib3.final_cell_0472-0,human1,beta,0,beta,1.3460302,9.968118,1668,0.3845422863960266
human1_lib3.final_cell_0473-0,human1,alpha,1,alpha,8.664917,-7.182695,1669,1.2731711864471436
human1_lib3.final_cell_0474-0,human1,ductal,3,ductal,18.28604,-0.39240363,1670,1.8226391077041624
human1_lib3.final_cell_0475-0,human1,alpha,1,alpha,9.18172,-6.110993,1671,0.8546151518821716
human1_lib3.final_cell_0476-0,human1,beta,4,delta,-1.6804557,5.6021094,1672,0.6797105669975281
human1_lib3.final_cell_0477-0,human1,beta,0,beta,-0.86839473,7.2955585,1673,0.8075759410858154
human1_lib3.final_cell_0478-0,human1,gamma,6,gamma,-2.8256867,-4.184632,1674,1.1863601207733154
human1_lib3.final_cell_0479-0,human1,beta,0,beta,1.5628805,11.612779,1675,0.3845422863960266
human1_lib3.final_cell_0480-0,human1,beta,0,beta,0.7240738,11.77689,1676,0.3845422863960266
human1_lib3.final_cell_0481-0,human1,delta,4,delta,-3.87503,3.145795,1677,0.7820301055908203
human1_lib3.final_cell_0482-0,human1,delta,4,delta,-4.103441,3.2285614,1678,0.5685644745826721
human1_lib3.final_cell_0483-0,human1,delta,4,delta,-4.0687256,3.0250776,1679,0.8733071088790894
human1_lib3.final_cell_0484-0,human1,quiescent_stellate,5,activated_stellate,11.582936,4.1617675,1680,1.503371000289917
human1_lib3.final_cell_0485-0,human1,beta,0,beta,1.0443643,9.242837,1681,0.3845422863960266
human1_lib3.final_cell_0486-0,human1,beta,0,beta,-0.8483813,10.755925,1682,0.3845422863960266
human1_lib3.final_cell_0487-0,human1,alpha,1,alpha,7.973185,-7.114785,1683,0.6427592039108276
human1_lib3.final_cell_0488-0,human1,beta,0,beta,-0.4107918,9.091703,1684,0.5328983068466187
human1_lib3.final_cell_0489-0,human1,alpha,1,alpha,6.878181,-6.9802485,1685,0.7558727860450745
human1_lib3.final_cell_0490-0,human1,alpha,1,alpha,7.6359706,-6.773993,1686,0.7544702887535095
human1_lib3.final_cell_0491-0,human1,beta,0,beta,1.2357869,12.202079,1687,0.3869751989841461
human1_lib3.final_cell_0492-0,human1,beta,0,beta,-1.1217455,10.805284,1688,1.477168083190918
human1_lib3.final_cell_0493-0,human1,beta,0,beta,-0.77799135,10.609765,1689,0.7598987817764282
human1_lib3.final_cell_0494-0,human1,alpha,1,alpha,8.495698,-6.586308,1690,1.1330748796463013
human1_lib3.final_cell_0495-0,human1,beta,0,beta,0.04216466,8.29623,1691,1.0297651290893557
human1_lib3.final_cell_0496-0,human1,beta,4,delta,-1.9082671,5.1806045,1692,0.6090842485427856
human1_lib3.final_cell_0497-0,human1,quiescent_stellate,5,activated_stellate,11.623218,4.8930955,1693,1.56750750541687
human1_lib3.final_cell_0498-0,human1,alpha,1,alpha,8.654242,-7.163946,1694,0.5468197464942932
human1_lib3.final_cell_0499-0,human1,endothelial,7,endothelial,9.620888,12.36048,1695,2.143015623092652
human1_lib3.final_cell_0500-0,human1,gamma,6,gamma,-2.4605927,-3.781803,1696,0.7809322476387024
human1_lib3.final_cell_0501-0,human1,beta,0,beta,0.5497352,9.884028,1697,0.9702160954475404
human1_lib3.final_cell_0502-0,human1,beta,0,beta,-1.004974,10.908307,1698,0.7576181292533875
human1_lib3.final_cell_0503-0,human1,quiescent_stellate,5,activated_stellate,11.33473,4.487864,1699,1.1716715097427368
human1_lib3.final_cell_0504-0,human1,beta,0,beta,-0.45094058,11.0494,1700,0.5093095898628235
human1_lib3.final_cell_0505-0,human1,alpha,1,alpha,8.11599,-7.263253,1701,0.6729735732078552
human1_lib3.final_cell_0506-0,human1,delta,4,delta,-3.6071773,2.26501,1702,0.3856841623783111
human1_lib3.final_cell_0507-0,human1,beta,0,beta,0.9644419,11.850656,1703,0.4463432729244232
human1_lib3.final_cell_0508-0,human1,acinar,2,acinar,18.367485,14.119799,1704,0.945082664489746
human1_lib3.final_cell_0509-0,human1,beta,0,beta,0.65698606,12.668997,1705,0.4159342050552368
human1_lib3.final_cell_0510-0,human1,endothelial,7,endothelial,9.814084,13.240425,1706,1.917973756790161
human1_lib3.final_cell_0511-0,human1,endothelial,7,endothelial,9.685653,13.290855,1707,1.859158277511597
human1_lib3.final_cell_0512-0,human1,beta,0,beta,0.3597164,11.252262,1708,0.3950282633304596
human1_lib3.final_cell_0513-0,human1,beta,0,beta,-0.23995993,8.851544,1709,0.6536821126937866
human1_lib3.final_cell_0514-0,human1,alpha,1,alpha,6.7486577,-5.715814,1710,1.1182568073272705
human1_lib3.final_cell_0515-0,human1,beta,0,beta,-0.5401949,10.253438,1711,0.6438261866569519
human1_lib3.final_cell_0516-0,human1,mast,8,macrophage,15.584798,1.2103472,1712,4.432863235473633
human1_lib3.final_cell_0517-0,human1,beta,0,beta,0.9919956,11.375722,1713,0.3845422863960266
human1_lib3.final_cell_0518-0,human1,alpha,1,alpha,9.24647,-8.579284,1714,0.7915661334991455
human1_lib3.final_cell_0519-0,human1,endothelial,7,endothelial,9.624432,11.328593,1715,2.838065385818481
human1_lib3.final_cell_0520-0,human1,beta,1,alpha,6.379145,-3.8832395,1716,0.730696439743042
human1_lib3.final_cell_0521-0,human1,beta,0,beta,-0.94050974,11.711929,1717,0.3845422863960266
human1_lib3.final_cell_0522-0,human1,beta,0,beta,0.0033505228,10.913218,1718,0.6111012697219849
human1_lib3.final_cell_0523-0,human1,endothelial,7,endothelial,9.542813,13.113728,1719,2.0701072216033936
human1_lib3.final_cell_0524-0,human1,alpha,4,delta,-2.6423697,2.7165122,1720,1.064794898033142
human1_lib3.final_cell_0525-0,human1,beta,0,beta,-0.8946993,9.445117,1721,0.9141201972961426
human1_lib3.final_cell_0526-0,human1,beta,0,beta,-0.40528706,10.553174,1722,0.4268531799316406
human1_lib3.final_cell_0527-0,human1,beta,0,beta,0.590103,10.270661,1723,1.011709690093994
human1_lib3.final_cell_0528-0,human1,beta,0,beta,-0.7544482,7.5011826,1724,0.9265344738960266
human1_lib3.final_cell_0529-0,human1,alpha,1,alpha,7.855798,-6.299687,1725,0.6178246140480042
human1_lib3.final_cell_0530-0,human1,mast,8,macrophage,15.619799,1.3624007,1726,4.1468424797058105
human1_lib3.final_cell_0531-0,human1,beta,0,beta,0.036433954,9.040103,1727,0.845153272151947
human1_lib3.final_cell_0532-0,human1,epsilon,6,gamma,-1.7189877,-2.946343,1728,1.127512812614441
human1_lib3.final_cell_0533-0,human1,endothelial,7,endothelial,9.797296,13.300762,1729,2.1665024757385254
human1_lib3.final_cell_0534-0,human1,quiescent_stellate,5,activated_stellate,11.298958,4.1608434,1730,1.6536725759506226
human1_lib3.final_cell_0535-0,human1,alpha,1,alpha,9.082091,-5.6472406,1731,0.6511316895484924
human1_lib3.final_cell_0536-0,human1,alpha,5,activated_stellate,12.164875,4.0541534,1732,2.556304693222046
human1_lib3.final_cell_0537-0,human1,beta,4,delta,-2.618711,3.0073054,1733,1.5609610080718994
human1_lib3.final_cell_0538-0,human1,beta,0,beta,0.7762966,10.336565,1734,0.3845422863960266
human1_lib3.final_cell_0539-0,human1,acinar,2,acinar,17.825241,13.765374,1735,0.5182333588600159
human1_lib3.final_cell_0540-0,human1,delta,4,delta,-2.358459,4.481633,1736,1.1536052227020264
human1_lib3.final_cell_0541-0,human1,acinar,2,acinar,17.850067,11.835634,1737,1.085371017456055
human1_lib3.final_cell_0542-0,human1,beta,0,beta,1.2012732,10.250386,1738,0.3918308019638061
human1_lib3.final_cell_0543-0,human1,beta,0,beta,-0.46529165,10.161286,1739,0.3871017694473266
human1_lib3.final_cell_0544-0,human1,endothelial,7,endothelial,9.5363865,11.463783,1740,2.838065385818481
human1_lib3.final_cell_0545-0,human1,beta,0,beta,0.21887934,10.206459,1741,0.3845422863960266
human1_lib3.final_cell_0546-0,human1,macrophage,8,macrophage,-11.026494,6.384675,1742,2.9290733337402344
human1_lib3.final_cell_0547-0,human1,acinar,2,acinar,16.901442,16.397255,1743,0.9164727926254272
human1_lib3.final_cell_0548-0,human1,quiescent_stellate,5,activated_stellate,11.759714,4.366482,1744,1.3519139289855957
human1_lib3.final_cell_0549-0,human1,beta,0,beta,-0.1370557,12.191529,1745,0.3845422863960266
human1_lib3.final_cell_0550-0,human1,beta,0,beta,1.4804959,10.460719,1746,0.4052581489086151
human1_lib3.final_cell_0551-0,human1,beta,0,beta,1.2520691,11.323381,1747,0.4071616530418396
human1_lib3.final_cell_0552-0,human1,endothelial,7,endothelial,9.605173,13.1456585,1748,2.134111166000366
human1_lib3.final_cell_0553-0,human1,beta,4,delta,-2.0143266,4.9292073,1749,0.8255351781845093
human1_lib3.final_cell_0554-0,human1,beta,0,beta,-0.12653162,10.489483,1750,0.4594079256057739
human1_lib3.final_cell_0555-0,human1,ductal,3,ductal,19.065733,1.8272591,1751,1.6022391319274902
human1_lib3.final_cell_0556-0,human1,beta,4,delta,-1.6088794,5.686765,1752,0.7691339254379272
human1_lib3.final_cell_0557-0,human1,beta,0,beta,0.93677485,9.262842,1753,1.5468356609344482
human1_lib3.final_cell_0558-0,human1,quiescent_stellate,5,activated_stellate,11.319152,4.2804155,1754,1.3131195306777954
human1_lib3.final_cell_0559-0,human1,beta,0,beta,-1.232034,10.766837,1755,0.4940406382083893
human1_lib3.final_cell_0560-0,human1,acinar,2,acinar,18.222477,15.188883,1756,0.9968690276145936
human1_lib3.final_cell_0561-0,human1,beta,0,beta,-1.5891562,5.762774,1757,0.5790585279464722
human1_lib3.final_cell_0562-0,human1,delta,4,delta,-2.7556176,3.0729148,1758,1.5316565036773682
human1_lib3.final_cell_0563-0,human1,beta,0,beta,-0.85863316,10.572304,1759,0.4550616443157196
human1_lib3.final_cell_0564-0,human1,beta,0,beta,1.2154149,11.005855,1760,0.3845422863960266
human1_lib3.final_cell_0565-0,human1,beta,0,beta,0.58625513,9.622178,1761,0.4405727088451385
human1_lib3.final_cell_0566-0,human1,beta,0,beta,-0.8999578,7.2675323,1762,0.6111640930175781
human1_lib3.final_cell_0567-0,human1,quiescent_stellate,5,activated_stellate,11.146099,4.6425486,1763,1.3459137678146362
human1_lib3.final_cell_0568-0,human1,alpha,1,alpha,8.196766,-5.006894,1764,0.5278136134147644
human1_lib3.final_cell_0569-0,human1,endothelial,7,endothelial,9.604713,11.836685,1765,2.153951644897461
human1_lib3.final_cell_0570-0,human1,beta,0,beta,0.6338479,10.473066,1766,0.386978805065155
human1_lib3.final_cell_0571-0,human1,delta,4,delta,-3.123112,3.8376708,1767,1.703816533088684
human1_lib3.final_cell_0572-0,human1,gamma,6,gamma,-2.2558022,-3.503797,1768,0.946984052658081
human1_lib3.final_cell_0573-0,human1,beta,0,beta,0.055270474,11.315068,1769,0.5325155854225159
human1_lib3.final_cell_0574-0,human1,quiescent_stellate,5,activated_stellate,10.717619,5.029168,1770,1.503139615058899
human1_lib3.final_cell_0575-0,human1,endothelial,7,endothelial,9.83993,13.297055,1771,2.349539995193481
human1_lib3.final_cell_0576-0,human1,alpha,1,alpha,9.039621,-8.570181,1772,1.1623882055282593
human1_lib3.final_cell_0577-0,human1,beta,0,beta,-0.20869115,12.228632,1773,0.4975394010543823
human1_lib3.final_cell_0578-0,human1,ductal,3,ductal,17.486252,0.96542615,1774,3.588205099105835
human1_lib3.final_cell_0579-0,human1,beta,0,beta,1.0928086,9.657812,1775,0.6202300786972046
human1_lib3.final_cell_0580-0,human1,beta,0,beta,-0.22402388,11.528511,1776,0.54123455286026
human1_lib3.final_cell_0581-0,human1,beta,0,beta,0.9409639,11.351757,1777,0.6737526059150696
human1_lib3.final_cell_0582-0,human1,quiescent_stellate,5,activated_stellate,11.798161,4.3597646,1778,2.0335373878479004
human1_lib3.final_cell_0583-0,human1,beta,0,beta,-0.12828313,8.8589115,1779,0.477134108543396
human1_lib3.final_cell_0584-0,human1,epsilon,6,gamma,-2.1240897,-3.3606634,1780,1.6020383834838867
human1_lib3.final_cell_0585-0,human1,beta,1,alpha,8.064551,-5.8488197,1781,1.673576831817627
human1_lib3.final_cell_0586-0,human1,beta,4,delta,-1.908289,4.4902363,1782,1.6744710206985474
human1_lib3.final_cell_0587-0,human1,alpha,1,alpha,6.2588644,-4.2745495,1783,1.1607166528701782
human1_lib3.final_cell_0588-0,human1,beta,0,beta,0.64793605,10.459094,1784,0.8380396366119385
human1_lib3.final_cell_0589-0,human1,endothelial,7,endothelial,9.615107,11.878654,1785,2.795499086380005
human1_lib3.final_cell_0590-0,human1,endothelial,7,endothelial,9.633193,13.21648,1786,2.2568984031677246
human1_lib3.final_cell_0591-0,human1,quiescent_stellate,5,activated_stellate,11.197406,4.9293466,1787,1.63516366481781
human1_lib3.final_cell_0592-0,human1,beta,4,delta,-2.7421355,2.9971793,1788,1.865671277046204
human1_lib3.final_cell_0593-0,human1,beta,0,beta,0.72682893,11.554401,1789,0.4818257987499237
human1_lib3.final_cell_0594-0,human1,epsilon,6,gamma,-1.7224289,-2.9125016,1790,1.421891689300537
human1_lib3.final_cell_0595-0,human1,quiescent_stellate,5,activated_stellate,10.990755,4.9098344,1791,1.8604594469070437
human1_lib3.final_cell_0596-0,human1,beta,0,beta,1.1618856,11.82348,1792,0.4857071936130523
human1_lib3.final_cell_0597-0,human1,mast,8,macrophage,15.580792,1.2109389,1793,3.870321989059448
human1_lib3.final_cell_0598-0,human1,ductal,3,ductal,17.402895,1.0062817,1794,3.588205099105835
human1_lib3.final_cell_0599-0,human1,alpha,1,alpha,9.2138195,-5.8324523,1795,0.6140564680099487
human1_lib3.final_cell_0600-0,human1,acinar,2,acinar,17.812748,15.179611,1796,1.107638955116272
human1_lib3.final_cell_0601-0,human1,acinar,2,acinar,17.522346,13.761241,1797,0.9643949270248412
human1_lib3.final_cell_0602-0,human1,endothelial,7,endothelial,9.652961,11.952771,1798,2.0367915630340576
human1_lib3.final_cell_0603-0,human1,ductal,3,ductal,19.0145,1.10753,1799,1.2955433130264282
human1_lib3.final_cell_0604-0,human1,endothelial,7,endothelial,12.962912,4.0034084,1800,2.838065385818481
human1_lib3.final_cell_0605-0,human1,alpha,1,alpha,9.152301,-8.719814,1801,0.9747475385665894
human1_lib3.final_cell_0606-0,human1,delta,4,delta,-4.490735,2.7522361,1802,0.8718751072883606
human1_lib3.final_cell_0607-0,human1,beta,0,beta,0.82897437,8.551737,1803,0.7119752168655396
human1_lib3.final_cell_0608-0,human1,beta,0,beta,-0.041418005,12.483552,1804,0.7791211009025574
human1_lib3.final_cell_0609-0,human1,beta,0,beta,-0.38553956,9.5594635,1805,0.6699357032775879
human1_lib3.final_cell_0610-0,human1,ductal,3,ductal,18.097305,1.4823208,1806,2.094947338104248
human1_lib3.final_cell_0611-0,human1,quiescent_stellate,5,activated_stellate,11.4851465,5.0794086,1807,1.6945677995681765
human1_lib3.final_cell_0612-0,human1,beta,0,beta,1.4668287,10.077434,1808,0.5927401185035706
human1_lib3.final_cell_0613-0,human1,macrophage,8,macrophage,13.551555,0.6894713,1809,2.276312828063965
human1_lib3.final_cell_0614-0,human1,delta,4,delta,-2.9989154,2.7538803,1810,0.7621897459030151
human1_lib3.final_cell_0615-0,human1,endothelial,7,endothelial,9.999015,12.943804,1811,1.915695071220398
human1_lib3.final_cell_0616-0,human1,alpha,1,alpha,7.124888,-5.0567284,1812,0.5557911992073059
human1_lib3.final_cell_0617-0,human1,beta,0,beta,0.75047976,12.113696,1813,0.4073045551776886
human1_lib3.final_cell_0618-0,human1,endothelial,7,endothelial,9.478312,12.478441,1814,2.085158586502075
human1_lib3.final_cell_0619-0,human1,beta,0,beta,1.9469589,10.22468,1815,0.4196734130382538
human1_lib3.final_cell_0620-0,human1,beta,4,delta,-1.7122229,5.5524616,1816,0.6959604024887085
human1_lib3.final_cell_0621-0,human1,endothelial,7,endothelial,9.498621,12.985502,1817,2.050920248031616
human1_lib3.final_cell_0622-0,human1,delta,4,delta,-2.8740177,3.0872366,1818,0.5985859036445618
human1_lib3.final_cell_0623-0,human1,acinar,2,acinar,14.9241705,4.9233093,1819,2.094947338104248
human1_lib3.final_cell_0624-0,human1,acinar,2,acinar,17.808239,12.975349,1820,0.794823408126831
human1_lib3.final_cell_0625-0,human1,endothelial,7,endothelial,9.541862,12.816642,1821,1.9964265823364256
human1_lib3.final_cell_0626-0,human1,beta,0,beta,0.49586836,11.040733,1822,0.5208703875541687
human1_lib3.final_cell_0627-0,human1,endothelial,7,endothelial,9.843702,12.315189,1823,2.016953945159912
human1_lib3.final_cell_0628-0,human1,acinar,2,acinar,17.841375,11.783032,1824,1.6283118724822998
human1_lib3.final_cell_0629-0,human1,beta,0,beta,0.36231634,12.390359,1825,1.036849856376648
human1_lib3.final_cell_0630-0,human1,delta,4,delta,-4.4190555,2.4972908,1826,0.3921679258346557
human1_lib3.final_cell_0631-0,human1,quiescent_stellate,5,activated_stellate,11.130248,4.5545473,1827,1.4353930950164795
human1_lib3.final_cell_0632-0,human1,quiescent_stellate,5,activated_stellate,11.591589,4.1785917,1828,1.2064255475997925
human1_lib3.final_cell_0633-0,human1,beta,0,beta,0.57265204,8.690294,1829,1.1254137754440308
human1_lib3.final_cell_0634-0,human1,beta,0,beta,1.0404305,9.043483,1830,0.9428540468215942
human1_lib3.final_cell_0635-0,human1,quiescent_stellate,5,activated_stellate,11.325006,4.2831717,1831,1.1917012929916382
human1_lib3.final_cell_0636-0,human1,alpha,1,alpha,7.4928393,-5.8650913,1832,0.7471327185630798
human1_lib3.final_cell_0637-0,human1,quiescent_stellate,5,activated_stellate,11.655925,4.971893,1833,1.468183994293213
human1_lib3.final_cell_0638-0,human1,quiescent_stellate,5,activated_stellate,11.273982,4.4314203,1834,1.292837381362915
human1_lib3.final_cell_0639-0,human1,beta,0,beta,-0.05806263,10.601506,1835,1.0219368934631348
human1_lib3.final_cell_0640-0,human1,quiescent_stellate,5,activated_stellate,11.30763,4.3064075,1836,1.4064592123031616
human1_lib3.final_cell_0641-0,human1,schwann,5,activated_stellate,12.701655,4.2059784,1837,2.435424327850342
human1_lib3.final_cell_0642-0,human1,beta,0,beta,0.50756675,9.451653,1838,0.5920780301094055
human1_lib3.final_cell_0643-0,human1,beta,0,beta,0.9866585,9.179684,1839,0.8342226147651672
human1_lib3.final_cell_0644-0,human1,beta,0,beta,-0.81443125,10.013129,1840,1.6178380250930786
human1_lib3.final_cell_0645-0,human1,beta,0,beta,-0.61041594,10.648925,1841,1.120963215827942
human1_lib3.final_cell_0646-0,human1,beta,0,beta,-0.035251264,10.547736,1842,0.5522938370704651
human1_lib3.final_cell_0647-0,human1,beta,0,beta,-0.7975333,9.471852,1843,1.412122130393982
human1_lib3.final_cell_0648-0,human1,beta,0,beta,0.76588696,9.66119,1844,0.6156505346298218
human1_lib3.final_cell_0649-0,human1,endothelial,7,endothelial,9.54404,13.135961,1845,2.6658706665039062
human1_lib3.final_cell_0650-0,human1,ductal,3,ductal,17.566492,1.1285559,1846,3.588205099105835
human1_lib3.final_cell_0651-0,human1,beta,0,beta,0.57852113,10.890139,1847,0.3914123475551605
human1_lib3.final_cell_0652-0,human1,beta,0,beta,0.42346743,9.552739,1848,0.4480364918708801
human1_lib3.final_cell_0653-0,human1,beta,0,beta,-0.052829243,10.745037,1849,0.4658551514148712
human1_lib3.final_cell_0654-0,human1,beta,0,beta,-0.8683372,10.628053,1850,0.3845422863960266
human1_lib3.final_cell_0655-0,human1,alpha,1,alpha,9.149037,-6.7796717,1851,0.4732321202754974
human1_lib3.final_cell_0656-0,human1,quiescent_stellate,5,activated_stellate,11.272186,4.6476994,1852,1.3723149299621582
human1_lib3.final_cell_0657-0,human1,quiescent_stellate,5,activated_stellate,11.704616,4.4481363,1853,1.230086088180542
human1_lib3.final_cell_0658-0,human1,beta,0,beta,0.618578,9.678239,1854,0.3845422863960266
human1_lib3.final_cell_0659-0,human1,beta,0,beta,1.1014775,10.3932085,1855,0.6273614168167114
human1_lib3.final_cell_0660-0,human1,alpha,1,alpha,8.1569805,-6.5867777,1856,0.5741227865219116
human1_lib3.final_cell_0661-0,human1,ductal,3,ductal,17.126945,1.361508,1857,3.588205099105835
human1_lib3.final_cell_0662-0,human1,quiescent_stellate,5,activated_stellate,10.808377,4.7780547,1858,1.7784188985824585
human1_lib3.final_cell_0663-0,human1,beta,0,beta,1.5364091,10.134764,1859,0.5303407311439514
human1_lib3.final_cell_0664-0,human1,endothelial,7,endothelial,9.776672,13.298223,1860,2.266066312789917
human1_lib3.final_cell_0665-0,human1,delta,4,delta,-2.7955124,3.2434285,1861,0.8868687152862549
human1_lib3.final_cell_0666-0,human1,beta,0,beta,0.77034074,9.903731,1862,0.6942949295043945
human1_lib3.final_cell_0667-0,human1,beta,0,beta,-0.42711073,8.1476555,1863,0.8381262421607971
human1_lib3.final_cell_0668-0,human1,alpha,1,alpha,8.466425,-5.599351,1864,0.7797912359237671
human1_lib3.final_cell_0669-0,human1,beta,0,beta,1.2933639,10.142458,1865,0.3853052258491516
human1_lib3.final_cell_0670-0,human1,beta,0,beta,1.3579994,10.830974,1866,0.5498542785644531
human1_lib3.final_cell_0671-0,human1,endothelial,7,endothelial,9.783515,12.624931,1867,2.144857406616211
human1_lib3.final_cell_0672-0,human1,beta,0,beta,1.896965,10.005087,1868,0.6175823211669922
human1_lib3.final_cell_0673-0,human1,endothelial,7,endothelial,9.432884,11.566515,1869,2.289865016937256
human1_lib3.final_cell_0674-0,human1,alpha,1,alpha,7.8787274,-6.4517584,1870,0.5113661289215088
human1_lib3.final_cell_0675-0,human1,quiescent_stellate,5,activated_stellate,11.599299,4.4190173,1871,1.6693923473358154
human1_lib3.final_cell_0676-0,human1,endothelial,7,endothelial,9.516217,11.606036,1872,2.0780749320983887
human1_lib3.final_cell_0677-0,human1,alpha,1,alpha,8.045654,-6.504248,1873,0.483308881521225
human1_lib3.final_cell_0678-0,human1,alpha,1,alpha,7.7824793,-7.071744,1874,0.5967757701873779
human1_lib3.final_cell_0679-0,human1,ductal,3,ductal,18.239386,1.8911369,1875,1.6552855968475342
human1_lib3.final_cell_0680-0,human1,quiescent_stellate,5,activated_stellate,11.382013,4.4161615,1876,1.318821668624878
human1_lib3.final_cell_0681-0,human1,endothelial,7,endothelial,9.709816,13.285951,1877,1.8442778587341309
human1_lib3.final_cell_0682-0,human1,beta,0,beta,0.46476024,9.2502775,1878,0.5013189315795898
human1_lib3.final_cell_0683-0,human1,gamma,6,gamma,-2.3828027,-3.5058792,1879,1.1928431987762451
human1_lib3.final_cell_0684-0,human1,epsilon,6,gamma,-1.7193954,-2.9643722,1880,1.4116864204406738
human1_lib3.final_cell_0685-0,human1,activated_stellate,5,activated_stellate,10.798355,4.8523374,1881,1.8110095262527464
human1_lib3.final_cell_0686-0,human1,alpha,1,alpha,9.1157055,-6.2556806,1882,0.5679219961166382
human1_lib3.final_cell_0687-0,human1,activated_stellate,5,activated_stellate,11.120423,4.896917,1883,2.1902852058410645
human1_lib3.final_cell_0688-0,human1,beta,0,beta,1.379489,9.884271,1884,0.4960637986660003
human1_lib3.final_cell_0689-0,human1,beta,0,beta,-0.71898717,9.52893,1885,0.7852396965026855
human1_lib3.final_cell_0690-0,human1,mast,8,macrophage,15.55411,1.1999719,1886,4.2215986251831055
human1_lib3.final_cell_0691-0,human1,activated_stellate,5,activated_stellate,11.056065,4.757753,1887,1.7695250511169434
human1_lib3.final_cell_0692-0,human1,epsilon,4,delta,-2.6113343,2.6767294,1888,1.3576451539993286
human1_lib3.final_cell_0693-0,human1,quiescent_stellate,5,activated_stellate,11.65164,4.453417,1889,1.732183575630188
human1_lib3.final_cell_0694-0,human1,endothelial,7,endothelial,9.627494,11.9006605,1890,2.76393723487854
human1_lib3.final_cell_0695-0,human1,gamma,6,gamma,-2.5848835,-4.270357,1891,1.0290870666503906
human1_lib3.final_cell_0696-0,human1,beta,0,beta,-0.6902306,9.943525,1892,0.4874985218048095
human1_lib3.final_cell_0697-0,human1,quiescent_stellate,5,activated_stellate,12.670065,4.768872,1893,1.4679170846939087
human1_lib3.final_cell_0698-0,human1,quiescent_stellate,5,activated_stellate,11.774369,4.3511887,1894,1.4116332530975342
human1_lib3.final_cell_0699-0,human1,alpha,1,alpha,7.581801,-4.956816,1895,0.7826254963874817
human1_lib3.final_cell_0700-0,human1,beta,0,beta,-0.5584082,10.687859,1896,0.4073138535022735
human1_lib3.final_cell_0701-0,human1,beta,0,beta,-0.55289567,8.453325,1897,0.8916163444519043
human1_lib3.final_cell_0702-0,human1,beta,0,beta,-0.43688327,11.657584,1898,0.6841856241226196
human1_lib3.final_cell_0703-0,human1,beta,0,beta,-0.77077866,7.27408,1899,0.7690074443817139
human1_lib3.final_cell_0704-0,human1,t_cell,8,macrophage,16.07439,1.3650527,1900,3.623354196548462
human1_lib3.final_cell_0705-0,human1,beta,0,beta,1.58653,9.749571,1901,1.0735830068588257
human1_lib3.final_cell_0706-0,human1,beta,0,beta,-0.782838,9.662044,1902,0.4426745176315307
human1_lib3.final_cell_0707-0,human1,beta,0,beta,-0.9437239,9.170567,1903,0.861788272857666
human1_lib3.final_cell_0708-0,human1,alpha,1,alpha,8.144499,-5.5892334,1904,0.6362171769142151
human1_lib3.final_cell_0709-0,human1,beta,0,beta,1.5627903,11.404676,1905,0.6559132933616638
human1_lib3.final_cell_0710-0,human1,endothelial,7,endothelial,9.82572,12.318127,1906,2.110181331634521
human1_lib3.final_cell_0711-0,human1,endothelial,7,endothelial,9.556057,12.595437,1907,2.255199193954468
human1_lib3.final_cell_0712-0,human1,mast,8,macrophage,15.625038,1.3740257,1908,4.404270172119141
human1_lib3.final_cell_0713-0,human1,beta,0,beta,1.6198007,11.631312,1909,0.4681357443332672
human1_lib3.final_cell_0714-0,human1,quiescent_stellate,5,activated_stellate,11.95695,4.5447125,1910,1.360597848892212
human1_lib3.final_cell_0715-0,human1,beta,0,beta,0.55433106,10.19199,1911,0.3845422863960266
human1_lib3.final_cell_0716-0,human1,beta,0,beta,0.43356463,8.893782,1912,1.634514331817627
human1_lib3.final_cell_0717-0,human1,beta,0,beta,0.62353027,9.620467,1913,1.4131784439086914
human1_lib3.final_cell_0718-0,human1,beta,0,beta,0.9159355,9.802407,1914,0.5872251391410828
human1_lib3.final_cell_0719-0,human1,beta,0,beta,-0.34947675,10.709444,1915,0.3845422863960266
human1_lib3.final_cell_0720-0,human1,endothelial,7,endothelial,9.755405,11.2784605,1916,2.770385980606079
human1_lib3.final_cell_0721-0,human1,t_cell,8,macrophage,15.850164,1.3508266,1917,3.4641287326812744
human1_lib3.final_cell_0722-0,human1,ductal,3,ductal,18.871359,2.0325778,1918,1.5357853174209597
human1_lib3.final_cell_0723-0,human1,quiescent_stellate,5,activated_stellate,11.240983,4.372039,1919,2.4939630031585693
human1_lib3.final_cell_0724-0,human1,beta,0,beta,-0.67130023,10.023176,1920,1.3000932931900024
human1_lib3.final_cell_0725-0,human1,beta,0,beta,0.12925813,10.988787,1921,0.4701752662658691
human1_lib3.final_cell_0726-0,human1,quiescent_stellate,5,activated_stellate,12.27082,5.578828,1922,1.5744160413742063
human1_lib3.final_cell_0727-0,human1,quiescent_stellate,5,activated_stellate,11.019084,4.5076857,1923,1.7507555484771729
human1_lib3.final_cell_0728-0,human1,quiescent_stellate,5,activated_stellate,11.582352,4.3706923,1924,1.50077223777771
human1_lib3.final_cell_0729-0,human1,beta,0,beta,0.7539599,9.068769,1925,1.590099573135376
human1_lib3.final_cell_0730-0,human1,beta,0,beta,2.0286176,10.67943,1926,0.4867185354232788
human1_lib3.final_cell_0731-0,human1,alpha,1,alpha,6.7196064,-4.7415295,1927,0.7117786407470703
human1_lib3.final_cell_0732-0,human1,beta,0,beta,0.5556386,8.656149,1928,0.747551679611206
human1_lib3.final_cell_0733-0,human1,beta,0,beta,0.026780253,8.6999855,1929,0.7095080614089966
human1_lib3.final_cell_0734-0,human1,beta,0,beta,0.35922474,8.581676,1930,0.85844486951828
human1_lib3.final_cell_0735-0,human1,alpha,1,alpha,8.705954,-5.7888813,1931,0.6071926355361938
human1_lib3.final_cell_0736-0,human1,endothelial,7,endothelial,9.595807,11.367116,1932,2.784554243087769
human1_lib3.final_cell_0737-0,human1,beta,0,beta,-0.20580576,9.009627,1933,0.6871970891952515
human1_lib3.final_cell_0738-0,human1,endothelial,7,endothelial,9.614384,11.346729,1934,2.1433351039886475
human1_lib3.final_cell_0739-0,human1,beta,0,beta,1.3034372,9.833608,1935,1.453571081161499
human1_lib3.final_cell_0740-0,human1,quiescent_stellate,5,activated_stellate,11.119538,4.8152127,1936,2.0978474617004395
human2_lib1.final_cell_0001-1,human2,delta,4,delta,-4.5940166,2.3734224,1937,0.418710321187973
human2_lib1.final_cell_0002-1,human2,delta,4,delta,-4.664774,3.0664773,1938,0.3866464793682098
human2_lib1.final_cell_0003-1,human2,alpha,1,alpha,7.0381846,-6.516484,1939,1.8874822854995728
human2_lib1.final_cell_0004-1,human2,delta,4,delta,-4.269243,2.9369292,1940,0.3845422863960266
human2_lib1.final_cell_0005-1,human2,delta,4,delta,-4.4102454,2.6391723,1941,0.5051780939102173
human2_lib1.final_cell_0006-1,human2,delta,4,delta,-3.8288372,3.4890816,1942,0.3845422863960266
human2_lib1.final_cell_0007-1,human2,delta,4,delta,-4.2311006,3.051579,1943,0.4603673815727234
human2_lib1.final_cell_0008-1,human2,delta,4,delta,-4.5183525,2.3768778,1944,0.3910306692123413
human2_lib1.final_cell_0009-1,human2,activated_stellate,5,activated_stellate,10.989936,5.4153795,1945,1.599968671798706
human2_lib1.final_cell_0010-1,human2,ductal,2,acinar,15.217734,5.842785,1946,1.3787394762039185
human2_lib1.final_cell_0011-1,human2,delta,4,delta,-4.6401215,2.9110937,1947,0.4508550465106964
human2_lib1.final_cell_0012-1,human2,delta,4,delta,-4.071483,2.1618907,1948,0.3846003711223602
human2_lib1.final_cell_0013-1,human2,alpha,1,alpha,8.741226,-8.206711,1949,0.6555628776550293
human2_lib1.final_cell_0014-1,human2,delta,4,delta,-3.964037,2.235299,1950,0.385650634765625
human2_lib1.final_cell_0015-1,human2,alpha,1,alpha,10.062327,-7.881459,1951,0.6340495347976685
human2_lib1.final_cell_0016-1,human2,alpha,1,alpha,8.462547,-6.388175,1952,0.4782721996307373
human2_lib1.final_cell_0017-1,human2,beta,0,beta,1.7287707,11.147205,1953,0.3845422863960266
human2_lib1.final_cell_0018-1,human2,ductal,3,ductal,18.311684,-0.8455332,1954,1.7887300252914429
human2_lib1.final_cell_0019-1,human2,alpha,1,alpha,7.9668307,-7.7185082,1955,0.6033944487571716
human2_lib1.final_cell_0020-1,human2,alpha,1,alpha,9.26394,-6.128568,1956,1.011965274810791
human2_lib1.final_cell_0021-1,human2,ductal,3,ductal,17.160265,1.8486938,1957,1.9319231510162356
human2_lib1.final_cell_0022-1,human2,alpha,1,alpha,8.359147,-6.463176,1958,0.4695076942443847
human2_lib1.final_cell_0023-1,human2,alpha,1,alpha,9.614151,-6.239251,1959,0.6239292025566101
human2_lib1.final_cell_0024-1,human2,delta,4,delta,-3.4103491,3.5878575,1960,0.6981468796730042
human2_lib1.final_cell_0025-1,human2,ductal,2,acinar,14.753612,4.9789357,1961,1.86876916885376
human2_lib1.final_cell_0026-1,human2,alpha,1,alpha,9.1776495,-6.4969993,1962,0.6874622106552124
human2_lib1.final_cell_0027-1,human2,delta,4,delta,-3.9976685,2.9158716,1963,0.5694446563720703
human2_lib1.final_cell_0028-1,human2,ductal,3,ductal,18.701416,0.9666302,1964,1.2021586894989014
human2_lib1.final_cell_0029-1,human2,ductal,3,ductal,17.63489,1.5852574,1965,2.094947338104248
human2_lib1.final_cell_0030-1,human2,ductal,2,acinar,14.760643,4.978156,1966,1.3078982830047607
human2_lib1.final_cell_0031-1,human2,activated_stellate,5,activated_stellate,12.154057,5.9886317,1967,2.2235445976257324
human2_lib1.final_cell_0032-1,human2,ductal,3,ductal,17.684946,1.6400384,1968,2.240983009338379
human2_lib1.final_cell_0033-1,human2,alpha,1,alpha,7.961982,-6.679318,1969,0.4450414478778839
human2_lib1.final_cell_0034-1,human2,delta,4,delta,-4.7192636,2.5299375,1970,0.4663713276386261
human2_lib1.final_cell_0035-1,human2,delta,4,delta,-4.3805747,2.2718163,1971,0.3985246121883392
human2_lib1.final_cell_0036-1,human2,delta,4,delta,-4.279862,2.5075963,1972,0.3845422863960266
human2_lib1.final_cell_0037-1,human2,alpha,1,alpha,10.129169,-7.371086,1973,0.5588324666023254
human2_lib1.final_cell_0038-1,human2,ductal,2,acinar,17.124298,15.781677,1974,1.291659951210022
human2_lib1.final_cell_0039-1,human2,alpha,1,alpha,8.780513,-7.3150015,1975,1.490606665611267
human2_lib1.final_cell_0040-1,human2,macrophage,8,macrophage,13.853615,0.8639961,1976,2.5329322814941406
human2_lib1.final_cell_0041-1,human2,alpha,1,alpha,8.857502,-7.8497744,1977,0.6624965071678162
human2_lib1.final_cell_0042-1,human2,delta,4,delta,-3.1656551,3.0626934,1978,0.484793484210968
human2_lib1.final_cell_0043-1,human2,ductal,2,acinar,16.167746,15.525961,1979,1.4691306352615356
human2_lib1.final_cell_0044-1,human2,delta,4,delta,-2.9913566,2.7250125,1980,0.477441668510437
human2_lib1.final_cell_0045-1,human2,alpha,1,alpha,8.519959,-8.149151,1981,0.5297647714614868
human2_lib1.final_cell_0046-1,human2,alpha,1,alpha,9.483868,-7.5836816,1982,0.5928959846496582
human2_lib1.final_cell_0047-1,human2,alpha,1,alpha,10.067632,-7.2665815,1983,0.4124811291694641
human2_lib1.final_cell_0048-1,human2,alpha,1,alpha,6.795305,-7.042049,1984,0.4495186507701874
human2_lib1.final_cell_0049-1,human2,ductal,3,ductal,18.256529,-0.35181648,1985,1.9729158878326416
human2_lib1.final_cell_0050-1,human2,activated_stellate,5,activated_stellate,12.064813,5.8812847,1986,1.6457786560058594
human2_lib1.final_cell_0051-1,human2,ductal,2,acinar,15.143042,5.7641206,1987,1.5925806760787964
human2_lib1.final_cell_0052-1,human2,alpha,1,alpha,8.496476,-5.515243,1988,0.4839738309383392
human2_lib1.final_cell_0053-1,human2,quiescent_stellate,5,activated_stellate,11.460267,4.176354,1989,2.2714364528656006
human2_lib1.final_cell_0054-1,human2,beta,0,beta,1.6998415,11.765157,1990,0.708108127117157
human2_lib1.final_cell_0055-1,human2,alpha,1,alpha,7.843648,-7.615128,1991,0.5266291499137878
human2_lib1.final_cell_0056-1,human2,beta,0,beta,-1.106368,10.42657,1992,0.4397847354412079
human2_lib1.final_cell_0057-1,human2,beta,0,beta,1.1241539,12.647738,1993,0.3845422863960266
human2_lib1.final_cell_0058-1,human2,beta,0,beta,0.8382098,12.3910475,1994,0.3845422863960266
human2_lib1.final_cell_0059-1,human2,alpha,1,alpha,9.538717,-8.722269,1995,0.8734725117683411
human2_lib1.final_cell_0060-1,human2,delta,4,delta,-4.357379,2.7839723,1996,0.3878151178359985
human2_lib1.final_cell_0061-1,human2,delta,4,delta,-3.683705,2.7045534,1997,0.3845422863960266
human2_lib1.final_cell_0062-1,human2,alpha,1,alpha,9.459348,-8.3230095,1998,0.988394856452942
human2_lib1.final_cell_0063-1,human2,beta,0,beta,0.87275916,9.80015,1999,0.4387528300285339
human2_lib1.final_cell_0064-1,human2,alpha,1,alpha,10.032643,-6.9220543,2000,1.179457426071167
human2_lib1.final_cell_0065-1,human2,alpha,1,alpha,9.611815,-8.585217,2001,0.5375710129737854
human2_lib1.final_cell_0066-1,human2,alpha,1,alpha,9.143984,-6.59729,2002,0.418979674577713
human2_lib1.final_cell_0067-1,human2,ductal,3,ductal,18.44399,1.504528,2003,1.4938093423843384
human2_lib1.final_cell_0068-1,human2,beta,0,beta,0.77995664,12.505279,2004,0.3845422863960266
human2_lib1.final_cell_0069-1,human2,ductal,3,ductal,18.001133,-0.21536016,2005,3.588205099105835
human2_lib1.final_cell_0070-1,human2,activated_stellate,5,activated_stellate,12.058801,6.266393,2006,1.5172559022903442
human2_lib1.final_cell_0071-1,human2,ductal,2,acinar,14.869912,4.959592,2007,1.8543555736541748
human2_lib1.final_cell_0072-1,human2,alpha,1,alpha,9.217979,-6.5623903,2008,0.5886250138282776
human2_lib1.final_cell_0073-1,human2,beta,0,beta,-0.0359484,10.46485,2009,0.5142875909805298
human2_lib1.final_cell_0074-1,human2,ductal,2,acinar,14.902623,4.937302,2010,1.8202999830245967
human2_lib1.final_cell_0075-1,human2,alpha,1,alpha,9.872033,-6.8070745,2011,1.0884971618652344
human2_lib1.final_cell_0076-1,human2,beta,0,beta,1.4864582,12.339021,2012,0.3845422863960266
human2_lib1.final_cell_0077-1,human2,alpha,1,alpha,9.264608,-6.59641,2013,0.6482053995132446
human2_lib1.final_cell_0078-1,human2,ductal,3,ductal,17.628798,1.6933987,2014,1.615649700164795
human2_lib1.final_cell_0079-1,human2,alpha,1,alpha,9.884093,-8.6923065,2015,0.5784426331520081
human2_lib1.final_cell_0080-1,human2,beta,0,beta,-0.4833571,11.909541,2016,0.4838681519031524
human2_lib1.final_cell_0081-1,human2,alpha,1,alpha,8.762874,-5.803763,2017,1.0654069185256958
human2_lib1.final_cell_0082-1,human2,ductal,3,ductal,18.509552,-0.58752435,2018,1.4894278049468994
human2_lib1.final_cell_0083-1,human2,ductal,3,ductal,17.340567,1.820607,2019,1.5632387399673462
human2_lib1.final_cell_0084-1,human2,alpha,1,alpha,9.417235,-7.3839917,2020,0.5175684094429016
human2_lib1.final_cell_0085-1,human2,alpha,1,alpha,10.022313,-8.18324,2021,0.4561532139778137
human2_lib1.final_cell_0086-1,human2,ductal,2,acinar,17.077961,14.212055,2022,1.4989745616912842
human2_lib1.final_cell_0087-1,human2,alpha,1,alpha,7.0461845,-5.463283,2023,0.9153250455856324
human2_lib1.final_cell_0088-1,human2,alpha,1,alpha,9.492698,-6.144342,2024,0.5350719094276428
human2_lib1.final_cell_0089-1,human2,alpha,1,alpha,8.923291,-5.513563,2025,1.0618470907211304
human2_lib1.final_cell_0090-1,human2,beta,0,beta,0.33989108,10.725775,2026,0.3876599371433258
human2_lib1.final_cell_0091-1,human2,alpha,1,alpha,7.388179,-6.024551,2027,0.569855272769928
human2_lib1.final_cell_0092-1,human2,beta,0,beta,0.17502694,12.263589,2028,0.3845422863960266
human2_lib1.final_cell_0093-1,human2,alpha,1,alpha,9.072154,-7.2817907,2029,0.5521419644355774
human2_lib1.final_cell_0094-1,human2,ductal,2,acinar,17.124134,15.994215,2030,1.7125695943832395
human2_lib1.final_cell_0095-1,human2,delta,4,delta,-4.06713,3.5486689,2031,0.3845422863960266
human2_lib1.final_cell_0096-1,human2,gamma,6,gamma,-2.363376,-3.5078814,2032,1.3710750341415403
human2_lib1.final_cell_0097-1,human2,alpha,1,alpha,9.786772,-7.936803,2033,0.5601704716682434
human2_lib1.final_cell_0098-1,human2,ductal,3,ductal,19.11555,-0.08546449,2034,1.9586045742034912
human2_lib1.final_cell_0099-1,human2,alpha,1,alpha,9.0196495,-6.3317127,2035,0.6390732526779175
human2_lib1.final_cell_0100-1,human2,beta,0,beta,-1.0102934,10.855881,2036,0.3876144886016845
human2_lib1.final_cell_0101-1,human2,beta,0,beta,1.7871739,12.0375,2037,0.3845422863960266
human2_lib1.final_cell_0102-1,human2,gamma,6,gamma,-2.870558,-3.6279724,2038,0.9778802990913392
human2_lib1.final_cell_0103-1,human2,alpha,1,alpha,7.837356,-6.451403,2039,0.9374600648880004
human2_lib1.final_cell_0104-1,human2,delta,4,delta,-3.149657,2.5971198,2040,0.4588343203067779
human2_lib1.final_cell_0105-1,human2,beta,0,beta,0.33115214,12.835653,2041,0.3972005248069763
human2_lib1.final_cell_0106-1,human2,alpha,1,alpha,9.7554455,-7.407231,2042,0.6573137640953064
human2_lib1.final_cell_0107-1,human2,beta,0,beta,0.94219327,12.77422,2043,0.3852928876876831
human2_lib1.final_cell_0108-1,human2,alpha,1,alpha,10.008466,-7.160055,2044,0.4292062520980835
human2_lib1.final_cell_0109-1,human2,alpha,1,alpha,9.351503,-8.722826,2045,1.1456518173217771
human2_lib1.final_cell_0110-1,human2,alpha,1,alpha,8.442525,-8.425911,2046,0.6716437339782715
human2_lib1.final_cell_0111-1,human2,beta,4,delta,-2.9245114,3.3130822,2047,1.4311186075210571
human2_lib1.final_cell_0112-1,human2,ductal,3,ductal,19.118877,1.1963195,2048,2.176608085632324
human2_lib1.final_cell_0113-1,human2,ductal,3,ductal,18.734762,-0.59241617,2049,1.392964482307434
human2_lib1.final_cell_0114-1,human2,alpha,1,alpha,9.724738,-6.9140396,2050,1.072883367538452
human2_lib1.final_cell_0115-1,human2,beta,0,beta,1.275699,13.092033,2051,0.3845422863960266
human2_lib1.final_cell_0116-1,human2,alpha,6,gamma,-3.022748,-4.291012,2052,1.1192878484725952
human2_lib1.final_cell_0117-1,human2,ductal,2,acinar,14.835192,5.0116563,2053,1.810044288635254
human2_lib1.final_cell_0118-1,human2,alpha,1,alpha,9.042385,-6.297789,2054,0.5377903580665588
human2_lib1.final_cell_0119-1,human2,beta,0,beta,0.31036937,11.664137,2055,0.3845422863960266
human2_lib1.final_cell_0120-1,human2,alpha,1,alpha,9.95465,-6.988859,2056,0.6119338274002075
human2_lib1.final_cell_0121-1,human2,ductal,3,ductal,18.130337,2.4203598,2057,1.6790693998336792
human2_lib1.final_cell_0122-1,human2,alpha,1,alpha,7.81992,-7.965671,2058,0.8180330991744995
human2_lib1.final_cell_0123-1,human2,delta,4,delta,-4.1354837,3.6040258,2059,0.3845422863960266
human2_lib1.final_cell_0124-1,human2,beta,0,beta,0.5978557,11.233552,2060,0.4324191808700561
human2_lib1.final_cell_0125-1,human2,ductal,2,acinar,15.283616,5.991706,2061,1.3357971906661987
human2_lib1.final_cell_0126-1,human2,beta,0,beta,1.085027,11.167587,2062,0.3845422863960266
human2_lib1.final_cell_0127-1,human2,alpha,1,alpha,10.089601,-8.440381,2063,1.0889171361923218
human2_lib1.final_cell_0128-1,human2,beta,0,beta,0.31552255,11.304301,2064,0.4094066023826599
human2_lib1.final_cell_0129-1,human2,ductal,3,ductal,19.099968,1.5786824,2065,1.408223032951355
human2_lib1.final_cell_0130-1,human2,alpha,1,alpha,10.290995,-7.3181467,2066,0.5651746392250061
human2_lib1.final_cell_0131-1,human2,alpha,1,alpha,7.968273,-6.19678,2067,0.8360918164253235
human2_lib1.final_cell_0132-1,human2,alpha,1,alpha,9.241303,-5.920989,2068,0.7782390117645264
human2_lib1.final_cell_0133-1,human2,alpha,1,alpha,7.9738398,-6.5032835,2069,0.4370815753936767
human2_lib1.final_cell_0134-1,human2,ductal,3,ductal,19.078981,1.8213719,2070,1.4281576871871948
human2_lib1.final_cell_0135-1,human2,alpha,1,alpha,8.898506,-8.73536,2071,1.042499542236328
human2_lib1.final_cell_0136-1,human2,ductal,3,ductal,18.8745,1.986476,2072,1.532950758934021
human2_lib1.final_cell_0137-1,human2,beta,0,beta,2.0386612,10.726219,2073,0.3845422863960266
human2_lib1.final_cell_0138-1,human2,ductal,2,acinar,14.911004,4.9540443,2074,1.6666443347930908
human2_lib1.final_cell_0139-1,human2,beta,0,beta,1.4597096,11.808861,2075,0.3845422863960266
human2_lib1.final_cell_0140-1,human2,alpha,1,alpha,10.166256,-7.9820867,2076,0.7628903388977051
human2_lib1.final_cell_0141-1,human2,beta,0,beta,1.2318702,10.544777,2077,0.3845422863960266
human2_lib1.final_cell_0142-1,human2,alpha,1,alpha,7.924691,-7.491421,2078,0.5477249026298523
human2_lib1.final_cell_0143-1,human2,activated_stellate,5,activated_stellate,12.796379,5.4871254,2079,1.9862478971481323
human2_lib1.final_cell_0144-1,human2,alpha,1,alpha,9.85949,-7.421076,2080,0.408773124217987
human2_lib1.final_cell_0145-1,human2,beta,0,beta,0.6348198,8.841114,2081,0.740364134311676
human2_lib1.final_cell_0146-1,human2,alpha,1,alpha,6.809053,-6.9051676,2082,0.4818721711635589
human2_lib1.final_cell_0147-1,human2,alpha,1,alpha,9.245884,-6.685492,2083,0.8987701535224915
human2_lib1.final_cell_0148-1,human2,alpha,1,alpha,9.466912,-8.548768,2084,0.4751588702201843
human2_lib1.final_cell_0149-1,human2,alpha,1,alpha,9.88325,-7.10548,2085,0.5541237592697144
human2_lib1.final_cell_0150-1,human2,beta,0,beta,-0.5526097,9.339377,2086,1.016980767250061
human2_lib1.final_cell_0151-1,human2,ductal,3,ductal,19.1156,-0.07269015,2087,1.6633635759353638
human2_lib1.final_cell_0152-1,human2,activated_stellate,5,activated_stellate,11.146736,5.1404014,2088,1.5102702379226685
human2_lib1.final_cell_0153-1,human2,alpha,1,alpha,10.079637,-8.051748,2089,1.2274456024169922
human2_lib1.final_cell_0154-1,human2,alpha,1,alpha,10.008275,-8.582553,2090,0.5685431361198425
human2_lib1.final_cell_0155-1,human2,ductal,3,ductal,18.746431,0.11896449,2091,1.558948278427124
human2_lib1.final_cell_0156-1,human2,delta,4,delta,-4.0033574,2.2246914,2092,0.3960511982440948
human2_lib1.final_cell_0157-1,human2,alpha,1,alpha,6.4062047,-4.676793,2093,1.0241873264312744
human2_lib1.final_cell_0158-1,human2,alpha,1,alpha,8.549303,-6.1398005,2094,1.2540080547332764
human2_lib1.final_cell_0159-1,human2,ductal,3,ductal,18.433403,-0.77230906,2095,1.9039725065231323
human2_lib1.final_cell_0160-1,human2,ductal,3,ductal,18.695526,0.1770839,2096,1.5590287446975708
human2_lib1.final_cell_0161-1,human2,alpha,1,alpha,7.8295684,-7.649841,2097,0.6096287369728088
human2_lib1.final_cell_0162-1,human2,alpha,1,alpha,8.29688,-7.1606126,2098,0.3955464363098144
human2_lib1.final_cell_0163-1,human2,alpha,1,alpha,6.798739,-6.959625,2099,0.4269196391105652
human2_lib1.final_cell_0164-1,human2,alpha,1,alpha,7.228855,-5.167651,2100,0.8700308799743652
human2_lib1.final_cell_0165-1,human2,activated_stellate,5,activated_stellate,12.8302965,5.4407806,2101,1.7176505327224731
human2_lib1.final_cell_0166-1,human2,alpha,1,alpha,10.290752,-7.818378,2102,0.8188082575798035
human2_lib1.final_cell_0167-1,human2,macrophage,8,macrophage,13.487884,0.64998746,2103,2.696688652038574
human2_lib1.final_cell_0168-1,human2,alpha,1,alpha,9.854574,-7.637402,2104,0.7672014236450195
human2_lib1.final_cell_0169-1,human2,delta,4,delta,-4.3272033,2.7525887,2105,0.4016734659671783
human2_lib1.final_cell_0170-1,human2,alpha,1,alpha,9.499267,-6.4470434,2106,0.612079381942749
human2_lib1.final_cell_0171-1,human2,activated_stellate,5,activated_stellate,12.71064,5.6247125,2107,1.5288769006729126
human2_lib1.final_cell_0172-1,human2,alpha,1,alpha,9.599028,-6.599728,2108,0.5444554090499878
human2_lib1.final_cell_0173-1,human2,delta,4,delta,-4.4445453,2.570995,2109,1.2797805070877075
human2_lib1.final_cell_0174-1,human2,alpha,1,alpha,9.770668,-8.347861,2110,0.9383381009101868
human2_lib1.final_cell_0175-1,human2,alpha,1,alpha,7.7107263,-7.769075,2111,0.5788987874984741
human2_lib1.final_cell_0176-1,human2,alpha,1,alpha,6.86415,-5.838546,2112,0.5177810788154602
human2_lib1.final_cell_0177-1,human2,ductal,3,ductal,18.499514,1.2939144,2113,1.446111083030701
human2_lib1.final_cell_0178-1,human2,alpha,1,alpha,8.867929,-7.7437797,2114,0.6553467512130737
human2_lib1.final_cell_0179-1,human2,alpha,1,alpha,8.649422,-7.9911036,2115,0.655448853969574
human2_lib1.final_cell_0180-1,human2,alpha,1,alpha,7.390017,-6.8547554,2116,0.5455358624458313
human2_lib1.final_cell_0181-1,human2,ductal,2,acinar,15.095321,5.677294,2117,1.7222537994384766
human2_lib1.final_cell_0182-1,human2,beta,0,beta,0.9227888,11.615042,2118,0.3845422863960266
human2_lib1.final_cell_0183-1,human2,beta,0,beta,1.7023844,11.522172,2119,0.4351711273193359
human2_lib1.final_cell_0184-1,human2,alpha,1,alpha,7.9992723,-6.7778425,2120,0.6477230191230774
human2_lib1.final_cell_0185-1,human2,gamma,6,gamma,-2.3535292,-3.5491662,2121,2.036294221878052
human2_lib1.final_cell_0186-1,human2,ductal,3,ductal,17.653648,1.6711509,2122,2.094947338104248
human2_lib1.final_cell_0187-1,human2,beta,0,beta,-0.7883213,12.15752,2123,0.3845422863960266
human2_lib1.final_cell_0188-1,human2,endothelial,7,endothelial,10.029498,13.037403,2124,2.372271776199341
human2_lib1.final_cell_0189-1,human2,gamma,6,gamma,-2.8530536,-3.5038722,2125,1.0865964889526367
human2_lib1.final_cell_0190-1,human2,ductal,3,ductal,19.157187,0.39066708,2126,1.1965636014938354
human2_lib1.final_cell_0191-1,human2,alpha,1,alpha,7.6304684,-7.5141215,2127,0.8101918697357178
human2_lib1.final_cell_0192-1,human2,ductal,3,ductal,18.137573,-0.93927497,2128,2.1607961654663086
human2_lib1.final_cell_0193-1,human2,delta,4,delta,-4.6368213,2.4631925,2129,0.5140911340713501
human2_lib1.final_cell_0194-1,human2,ductal,2,acinar,17.49708,14.551991,2130,1.3181134462356567
human2_lib1.final_cell_0195-1,human2,beta,0,beta,1.2124078,12.648352,2131,0.4749865233898163
human2_lib1.final_cell_0196-1,human2,beta,0,beta,-0.83670217,11.596841,2132,0.3985548019409179
human2_lib1.final_cell_0197-1,human2,endothelial,7,endothelial,9.511097,13.148801,2133,2.404921770095825
human2_lib1.final_cell_0198-1,human2,beta,0,beta,-0.48608276,10.990532,2134,0.8187097907066345
human2_lib1.final_cell_0199-1,human2,alpha,1,alpha,10.267147,-7.62971,2135,0.9865243434906006
human2_lib1.final_cell_0200-1,human2,delta,4,delta,-4.003752,2.5156658,2136,0.4494225978851318
human2_lib1.final_cell_0201-1,human2,beta,0,beta,0.70899445,11.185168,2137,0.3964264392852783
human2_lib1.final_cell_0202-1,human2,activated_stellate,5,activated_stellate,12.786611,5.5630803,2138,2.4939630031585693
human2_lib1.final_cell_0203-1,human2,alpha,1,alpha,8.976755,-7.1226153,2139,0.5418615341186523
human2_lib1.final_cell_0204-1,human2,beta,0,beta,0.39574012,9.775884,2140,0.4000606536865234
human2_lib1.final_cell_0205-1,human2,ductal,3,ductal,18.525068,2.1911876,2141,1.193558692932129
human2_lib1.final_cell_0206-1,human2,beta,0,beta,1.5525866,9.585294,2142,1.0058249235153198
human2_lib1.final_cell_0207-1,human2,gamma,6,gamma,-2.9084823,-4.1987834,2143,1.5988205671310425
human2_lib1.final_cell_0208-1,human2,alpha,1,alpha,9.625404,-6.256398,2144,0.509078860282898
human2_lib1.final_cell_0209-1,human2,alpha,1,alpha,7.849183,-6.98735,2145,0.7070212364196777
human2_lib1.final_cell_0210-1,human2,alpha,1,alpha,7.3281074,-5.3889136,2146,0.6643705368041992
human2_lib1.final_cell_0211-1,human2,delta,4,delta,-3.6081424,2.8206072,2147,0.4536257684230804
human2_lib1.final_cell_0212-1,human2,alpha,1,alpha,9.328524,-7.0510297,2148,0.51973956823349
human2_lib1.final_cell_0213-1,human2,ductal,2,acinar,17.56936,12.513994,2149,1.4577701091766355
human2_lib1.final_cell_0214-1,human2,alpha,1,alpha,8.711455,-8.37795,2150,0.4340065121650696
human2_lib1.final_cell_0215-1,human2,beta,0,beta,0.08669463,11.489526,2151,0.3845422863960266
human2_lib1.final_cell_0216-1,human2,endothelial,7,endothelial,10.012143,12.96486,2152,2.404280185699463
human2_lib1.final_cell_0217-1,human2,activated_stellate,5,activated_stellate,10.890839,5.3812747,2153,1.7407418489456177
human2_lib1.final_cell_0218-1,human2,alpha,1,alpha,8.403736,-6.483633,2154,0.6770958304405212
human2_lib1.final_cell_0219-1,human2,beta,0,beta,0.7554081,11.546581,2155,0.3845422863960266
human2_lib1.final_cell_0220-1,human2,alpha,1,alpha,10.134537,-8.359535,2156,0.9722321033477784
human2_lib1.final_cell_0221-1,human2,alpha,1,alpha,8.365415,-7.728072,2157,0.8668749928474426
human2_lib1.final_cell_0222-1,human2,alpha,1,alpha,9.744596,-7.264484,2158,0.4634224474430084
human2_lib1.final_cell_0223-1,human2,beta,0,beta,1.7912056,10.647139,2159,0.3845422863960266
human2_lib1.final_cell_0224-1,human2,beta,0,beta,0.13580707,11.180798,2160,0.3845422863960266
human2_lib1.final_cell_0225-1,human2,alpha,1,alpha,7.841338,-7.2515793,2161,0.6322948336601257
human2_lib1.final_cell_0226-1,human2,gamma,6,gamma,-1.8008084,-3.1130261,2162,1.403472661972046
human2_lib1.final_cell_0227-1,human2,beta,0,beta,0.29416147,12.1815405,2163,0.3845422863960266
human2_lib1.final_cell_0228-1,human2,alpha,1,alpha,9.912044,-8.4001465,2164,0.5026273131370544
human2_lib1.final_cell_0229-1,human2,alpha,1,alpha,9.378179,-8.3879175,2165,0.7601466178894043
human2_lib1.final_cell_0230-1,human2,alpha,1,alpha,9.166004,-7.650748,2166,0.6676188111305237
human2_lib1.final_cell_0231-1,human2,beta,0,beta,0.3168169,10.225556,2167,0.6262590885162354
human2_lib1.final_cell_0232-1,human2,ductal,3,ductal,18.383593,-0.5532591,2168,1.6519582271575928
human2_lib1.final_cell_0233-1,human2,beta,0,beta,0.22074659,11.402241,2169,0.4064948260784149
human2_lib1.final_cell_0234-1,human2,activated_stellate,5,activated_stellate,12.171147,5.573819,2170,1.7260417938232422
human2_lib1.final_cell_0235-1,human2,alpha,1,alpha,8.381741,-7.534809,2171,0.8545268774032593
human2_lib1.final_cell_0236-1,human2,beta,0,beta,-1.1173974,11.970718,2172,0.4677563011646271
human2_lib1.final_cell_0237-1,human2,beta,0,beta,1.1571975,10.400724,2173,0.3845422863960266
human2_lib1.final_cell_0238-1,human2,gamma,6,gamma,-2.5631473,-4.212589,2174,1.8938071727752688
human2_lib1.final_cell_0239-1,human2,alpha,1,alpha,7.9975796,-5.3226743,2175,0.4485694468021393
human2_lib1.final_cell_0240-1,human2,alpha,1,alpha,9.428101,-6.5695095,2176,0.4115077555179596
human2_lib1.final_cell_0241-1,human2,alpha,1,alpha,8.65995,-6.386713,2177,0.6535489559173584
human2_lib1.final_cell_0242-1,human2,beta,0,beta,1.3888988,12.613591,2178,0.4637584388256073
human2_lib1.final_cell_0243-1,human2,alpha,1,alpha,8.274197,-6.1527004,2179,0.6266752481460571
human2_lib1.final_cell_0244-1,human2,endothelial,7,endothelial,9.474848,12.891864,2180,2.6579864025115967
human2_lib1.final_cell_0245-1,human2,alpha,1,alpha,9.110004,-7.585492,2181,0.5378600358963013
human2_lib1.final_cell_0246-1,human2,delta,4,delta,-4.2402782,2.295662,2182,0.4295446574687958
human2_lib1.final_cell_0247-1,human2,activated_stellate,5,activated_stellate,11.795306,5.361077,2183,1.541015863418579
human2_lib1.final_cell_0248-1,human2,gamma,6,gamma,-3.021123,-4.093397,2184,1.3501319885253906
human2_lib1.final_cell_0249-1,human2,beta,0,beta,-1.3067147,10.99437,2185,0.3845422863960266
human2_lib1.final_cell_0250-1,human2,alpha,1,alpha,8.668955,-8.694365,2186,0.5055388808250427
human2_lib1.final_cell_0251-1,human2,ductal,3,ductal,18.321442,-0.42209807,2187,2.123220205307007
human2_lib1.final_cell_0252-1,human2,beta,0,beta,0.9876028,9.246057,2188,0.3845422863960266
human2_lib1.final_cell_0253-1,human2,gamma,6,gamma,-2.3778248,-3.4619315,2189,1.7048139572143557
human2_lib1.final_cell_0254-1,human2,beta,0,beta,-0.4780467,9.487158,2190,0.4224132001399994
human2_lib1.final_cell_0255-1,human2,beta,0,beta,1.6718156,9.353904,2191,0.4533970057964325
human2_lib1.final_cell_0256-1,human2,ductal,3,ductal,18.70208,0.95814764,2192,1.8737711906433103
human2_lib1.final_cell_0257-1,human2,ductal,3,ductal,18.416765,1.4285215,2193,1.7336276769638062
human2_lib1.final_cell_0258-1,human2,alpha,1,alpha,9.874417,-6.908686,2194,0.5928360819816589
human2_lib1.final_cell_0259-1,human2,beta,0,beta,1.1683098,12.72269,2195,0.3867889940738678
human2_lib1.final_cell_0260-1,human2,beta,0,beta,-0.44165167,9.319213,2196,0.4590717256069183
human2_lib1.final_cell_0261-1,human2,ductal,3,ductal,18.58575,2.2336757,2197,1.944504141807556
human2_lib1.final_cell_0262-1,human2,beta,0,beta,1.5724232,10.744564,2198,0.3845422863960266
human2_lib1.final_cell_0263-1,human2,ductal,3,ductal,18.652191,-0.64812624,2199,1.611614227294922
human2_lib1.final_cell_0264-1,human2,alpha,1,alpha,8.425919,-6.2195053,2200,0.6443556547164917
human2_lib1.final_cell_0265-1,human2,alpha,1,alpha,9.196365,-8.63304,2201,0.6071131229400635
human2_lib1.final_cell_0266-1,human2,activated_stellate,5,activated_stellate,12.292554,5.793154,2202,1.4938528537750244
human2_lib1.final_cell_0267-1,human2,delta,4,delta,-4.2555523,2.7533963,2203,0.3868526220321655
human2_lib1.final_cell_0268-1,human2,alpha,1,alpha,8.204772,-6.518824,2204,0.4405041933059692
human2_lib1.final_cell_0269-1,human2,activated_stellate,5,activated_stellate,12.761735,5.5254,2205,1.5628504753112793
human2_lib1.final_cell_0270-1,human2,beta,0,beta,1.3027765,8.980159,2206,0.3845422863960266
human2_lib1.final_cell_0271-1,human2,alpha,1,alpha,8.052787,-6.205468,2207,0.4601045250892639
human2_lib1.final_cell_0272-1,human2,delta,4,delta,-4.7547727,2.823127,2208,0.4712593257427215
human2_lib1.final_cell_0273-1,human2,beta,0,beta,-0.8245301,12.056763,2209,0.9737484455108644
human2_lib1.final_cell_0274-1,human2,beta,0,beta,0.77673006,8.521227,2210,0.4003863930702209
human2_lib1.final_cell_0275-1,human2,delta,4,delta,-3.6255233,2.3412576,2211,0.6807789206504822
human2_lib1.final_cell_0276-1,human2,ductal,3,ductal,19.054604,0.4389093,2212,1.7640177011489868
human2_lib1.final_cell_0277-1,human2,alpha,1,alpha,8.053391,-5.2425056,2213,0.6653798222541809
human2_lib1.final_cell_0278-1,human2,delta,4,delta,-2.9286077,2.6689923,2214,0.8238829970359802
human2_lib1.final_cell_0279-1,human2,alpha,1,alpha,9.200308,-8.756202,2215,0.8939493894577026
human2_lib1.final_cell_0280-1,human2,beta,0,beta,1.6776153,12.406672,2216,0.4149075150489807
human2_lib1.final_cell_0281-1,human2,ductal,3,ductal,18.269745,-0.7286828,2217,1.64970064163208
human2_lib1.final_cell_0282-1,human2,beta,0,beta,0.1867024,10.764337,2218,0.3845422863960266
human2_lib1.final_cell_0283-1,human2,endothelial,7,endothelial,9.510743,12.294709,2219,2.080161571502685
human2_lib1.final_cell_0284-1,human2,ductal,3,ductal,19.069988,0.89020246,2220,3.588205099105835
human2_lib1.final_cell_0285-1,human2,beta,0,beta,-1.0216978,9.819752,2221,0.9371511340141296
human2_lib1.final_cell_0286-1,human2,alpha,1,alpha,9.129998,-8.646566,2222,0.4891510605812073
human2_lib1.final_cell_0287-1,human2,activated_stellate,5,activated_stellate,12.316002,5.9921045,2223,1.646201252937317
human2_lib1.final_cell_0288-1,human2,beta,0,beta,0.20834287,10.3043375,2224,0.4802829623222351
human2_lib1.final_cell_0289-1,human2,alpha,1,alpha,7.3414817,-6.614563,2225,0.5278908014297485
human2_lib1.final_cell_0290-1,human2,beta,0,beta,-0.5059594,11.131225,2226,0.3845422863960266
human2_lib1.final_cell_0291-1,human2,beta,0,beta,0.43109426,9.184655,2227,0.3851188719272613
human2_lib1.final_cell_0292-1,human2,alpha,1,alpha,9.315004,-5.9854665,2228,0.5187737345695496
human2_lib1.final_cell_0293-1,human2,beta,0,beta,1.4397603,10.769938,2229,0.4229224026203155
human2_lib1.final_cell_0294-1,human2,alpha,1,alpha,9.490604,-6.745188,2230,0.8870783448219299
human2_lib1.final_cell_0295-1,human2,gamma,6,gamma,-2.9138336,-3.636081,2231,0.7933622002601624
human2_lib1.final_cell_0296-1,human2,beta,0,beta,1.315268,11.0938425,2232,0.3845422863960266
human2_lib1.final_cell_0297-1,human2,ductal,3,ductal,18.479025,1.2116344,2233,1.8670276403427124
human2_lib1.final_cell_0298-1,human2,beta,0,beta,0.67397803,12.491562,2234,0.4381452202796936
human2_lib1.final_cell_0299-1,human2,alpha,1,alpha,9.084571,-6.635534,2235,0.6191937327384949
human2_lib1.final_cell_0300-1,human2,alpha,1,alpha,7.4662123,-6.705355,2236,0.5347316265106201
human2_lib1.final_cell_0301-1,human2,alpha,1,alpha,8.284053,-6.2260942,2237,0.5071253180503845
human2_lib1.final_cell_0302-1,human2,alpha,1,alpha,7.1344914,-5.0300756,2238,0.5183571577072144
human2_lib1.final_cell_0303-1,human2,ductal,3,ductal,18.242739,-0.5061326,2239,1.8886919021606443
human2_lib1.final_cell_0304-1,human2,beta,0,beta,-0.33395728,12.288315,2240,0.3845422863960266
human2_lib1.final_cell_0305-1,human2,alpha,1,alpha,6.6899905,-6.530124,2241,0.8168601989746094
human2_lib1.final_cell_0306-1,human2,alpha,1,alpha,8.814201,-7.52439,2242,0.4157460927963257
human2_lib1.final_cell_0307-1,human2,ductal,3,ductal,18.202345,-0.9168764,2243,1.5365182161331177
human2_lib1.final_cell_0308-1,human2,alpha,1,alpha,7.7126875,-5.370649,2244,0.4088930189609527
human2_lib1.final_cell_0309-1,human2,ductal,3,ductal,18.1535,0.786205,2245,1.8675824403762815
human2_lib1.final_cell_0310-1,human2,alpha,1,alpha,7.474412,-6.8890395,2246,0.6002784967422485
human2_lib1.final_cell_0311-1,human2,alpha,1,alpha,7.947236,-7.540318,2247,0.5699073672294617
human2_lib1.final_cell_0312-1,human2,gamma,6,gamma,-2.9181662,-3.6937795,2248,0.9526237845420836
human2_lib1.final_cell_0313-1,human2,ductal,2,acinar,16.785921,14.870701,2249,1.5297324657440186
human2_lib1.final_cell_0314-1,human2,ductal,3,ductal,18.889116,0.049379557,2250,2.06229567527771
human2_lib1.final_cell_0315-1,human2,alpha,1,alpha,9.106789,-7.9436307,2251,0.7801418304443359
human2_lib1.final_cell_0316-1,human2,alpha,1,alpha,10.214623,-7.058725,2252,1.197596549987793
human2_lib1.final_cell_0317-1,human2,ductal,2,acinar,15.013856,5.3756676,2253,1.3336496353149414
human2_lib1.final_cell_0318-1,human2,beta,0,beta,1.7122849,9.6562605,2254,0.5018753409385681
human2_lib1.final_cell_0319-1,human2,ductal,3,ductal,18.16993,2.3466017,2255,1.196069359779358
human2_lib1.final_cell_0320-1,human2,alpha,1,alpha,9.289649,-7.8757896,2256,0.469784140586853
human2_lib1.final_cell_0321-1,human2,ductal,3,ductal,18.081953,0.42569023,2257,1.6453834772109983
human2_lib1.final_cell_0322-1,human2,alpha,1,alpha,8.043004,-7.6156564,2258,0.4218133091926574
human2_lib1.final_cell_0323-1,human2,ductal,3,ductal,18.244934,-0.47609982,2259,1.4673889875411987
human2_lib1.final_cell_0324-1,human2,beta,0,beta,2.1069236,11.477538,2260,0.6787490844726562
human2_lib1.final_cell_0325-1,human2,beta,0,beta,-0.09224814,12.884776,2261,0.3876232802867889
human2_lib1.final_cell_0326-1,human2,beta,0,beta,1.1345135,11.778637,2262,0.4095223844051361
human2_lib1.final_cell_0327-1,human2,ductal,3,ductal,19.09035,0.45934895,2263,1.7120277881622314
human2_lib1.final_cell_0328-1,human2,ductal,3,ductal,19.166086,1.1547726,2264,1.2533963918685913
human2_lib1.final_cell_0329-1,human2,alpha,1,alpha,7.295347,-5.6873107,2265,0.8050030469894409
human2_lib1.final_cell_0330-1,human2,delta,4,delta,-4.9178743,2.636421,2266,0.4744271636009216
human2_lib1.final_cell_0331-1,human2,alpha,1,alpha,8.606138,-7.198357,2267,0.52451092004776
human2_lib1.final_cell_0332-1,human2,beta,0,beta,0.0319374,11.645542,2268,0.52814781665802
human2_lib1.final_cell_0333-1,human2,beta,0,beta,-0.25213057,12.02549,2269,0.4098518192768097
human2_lib1.final_cell_0334-1,human2,endothelial,7,endothelial,10.016923,12.726338,2270,2.182650327682495
human2_lib1.final_cell_0335-1,human2,alpha,1,alpha,7.175982,-5.4615006,2271,0.4949702322483063
human2_lib1.final_cell_0336-1,human2,alpha,1,alpha,6.651408,-6.872284,2272,1.6129390001296997
human2_lib1.final_cell_0337-1,human2,alpha,1,alpha,6.8540263,-6.4577928,2273,1.3392740488052368
human2_lib1.final_cell_0338-1,human2,alpha,1,alpha,8.008767,-7.503796,2274,0.3970242738723755
human2_lib1.final_cell_0339-1,human2,alpha,1,alpha,8.596206,-6.826484,2275,0.5662675499916077
human2_lib1.final_cell_0340-1,human2,alpha,1,alpha,7.097258,-5.1634574,2276,1.2231377363204956
human2_lib1.final_cell_0341-1,human2,ductal,3,ductal,18.689844,1.8923594,2277,1.4001469612121582
human2_lib1.final_cell_0342-1,human2,alpha,1,alpha,9.121704,-7.570688,2278,1.040435791015625
human2_lib1.final_cell_0343-1,human2,alpha,1,alpha,8.923734,-7.6371007,2279,0.6581364274024963
human2_lib1.final_cell_0344-1,human2,ductal,3,ductal,19.140596,1.0255362,2280,2.240983009338379
human2_lib1.final_cell_0345-1,human2,alpha,1,alpha,8.570922,-8.632108,2281,0.4918399453163147
human2_lib1.final_cell_0346-1,human2,ductal,3,ductal,18.269922,-0.7349824,2282,1.592535138130188
human2_lib1.final_cell_0347-1,human2,ductal,3,ductal,19.074636,0.06784456,2283,2.240983009338379
human2_lib1.final_cell_0348-1,human2,ductal,3,ductal,17.982273,-0.94267714,2284,1.6758350133895874
human2_lib1.final_cell_0349-1,human2,alpha,1,alpha,10.151231,-6.804541,2285,0.7994894981384277
human2_lib1.final_cell_0350-1,human2,activated_stellate,5,activated_stellate,12.473357,6.021533,2286,1.662356972694397
human2_lib1.final_cell_0351-1,human2,ductal,3,ductal,18.212822,-0.8776448,2287,1.683907151222229
human2_lib1.final_cell_0352-1,human2,alpha,1,alpha,7.84241,-7.297124,2288,0.7929146885871887
human2_lib1.final_cell_0353-1,human2,alpha,1,alpha,9.412058,-5.7004304,2289,0.5380507707595825
human2_lib1.final_cell_0354-1,human2,beta,0,beta,1.7883672,11.830773,2290,0.3999429047107696
human2_lib1.final_cell_0355-1,human2,delta,4,delta,-4.101576,2.6733477,2291,0.3845422863960266
human2_lib1.final_cell_0356-1,human2,alpha,1,alpha,6.3474092,-4.607728,2292,1.9265292882919312
human2_lib1.final_cell_0357-1,human2,alpha,1,alpha,7.0096483,-6.418361,2293,0.454392522573471
human2_lib1.final_cell_0358-1,human2,ductal,3,ductal,18.087896,0.41350845,2294,1.6877670288085938
human2_lib1.final_cell_0359-1,human2,alpha,1,alpha,7.7243996,-4.934105,2295,0.7639198303222656
human2_lib1.final_cell_0360-1,human2,alpha,1,alpha,8.090802,-6.6136174,2296,0.4610261917114258
human2_lib1.final_cell_0361-1,human2,gamma,6,gamma,-2.5706787,-3.4259098,2297,1.2368124723434448
human2_lib1.final_cell_0362-1,human2,ductal,3,ductal,18.237461,2.367997,2298,1.2613539695739746
human2_lib1.final_cell_0363-1,human2,alpha,1,alpha,7.1887255,-6.1916637,2299,0.7818955183029175
human2_lib1.final_cell_0364-1,human2,delta,4,delta,-2.8563683,2.9858046,2300,0.3845422863960266
human2_lib1.final_cell_0365-1,human2,endothelial,7,endothelial,10.077292,12.708921,2301,2.3185806274414062
human2_lib1.final_cell_0366-1,human2,beta,0,beta,0.17659764,11.035588,2302,0.4002088904380798
human2_lib1.final_cell_0367-1,human2,alpha,1,alpha,9.525586,-7.5645323,2303,0.5868991017341614
human2_lib1.final_cell_0368-1,human2,beta,0,beta,-0.07420614,11.637447,2304,0.3845422863960266
human2_lib1.final_cell_0369-1,human2,alpha,1,alpha,8.840699,-6.508056,2305,0.8395214080810547
human2_lib1.final_cell_0370-1,human2,alpha,1,alpha,7.909424,-6.18364,2306,0.5876642465591431
human2_lib1.final_cell_0371-1,human2,alpha,1,alpha,7.300893,-6.9341106,2307,0.4649813771247864
human2_lib1.final_cell_0372-1,human2,gamma,6,gamma,-2.6670113,-4.209001,2308,0.8956223130226135
human2_lib1.final_cell_0373-1,human2,ductal,3,ductal,18.834126,2.0316024,2309,1.4560120105743408
human2_lib1.final_cell_0374-1,human2,alpha,1,alpha,6.070085,-4.1075473,2310,1.4465073347091677
human2_lib1.final_cell_0375-1,human2,alpha,1,alpha,9.6997,-5.899819,2311,0.4435379207134247
human2_lib1.final_cell_0376-1,human2,gamma,6,gamma,-2.9958868,-4.162471,2312,1.317897915840149
human2_lib1.final_cell_0377-1,human2,alpha,1,alpha,8.227446,-7.636737,2313,0.5170386433601379
human2_lib1.final_cell_0378-1,human2,quiescent_stellate,5,activated_stellate,12.517744,6.0584006,2314,2.183505058288574
human2_lib1.final_cell_0379-1,human2,beta,3,ductal,17.424385,3.0481896,2315,1.2298834323883057
human2_lib1.final_cell_0380-1,human2,ductal,3,ductal,17.609306,1.7368153,2316,1.961115837097168
human2_lib1.final_cell_0381-1,human2,ductal,3,ductal,17.12524,1.8364795,2317,1.7369933128356934
human2_lib1.final_cell_0382-1,human2,beta,0,beta,0.8642618,11.125287,2318,0.3860804438591003
human2_lib1.final_cell_0383-1,human2,alpha,1,alpha,9.505524,-6.1079035,2319,0.52583909034729
human2_lib1.final_cell_0384-1,human2,alpha,1,alpha,9.067411,-6.7252502,2320,0.4705427289009094
human2_lib1.final_cell_0385-1,human2,alpha,1,alpha,8.063397,-6.960882,2321,0.5398625731468201
human2_lib1.final_cell_0386-1,human2,alpha,1,alpha,9.47484,-7.865639,2322,0.5269109606742859
human2_lib1.final_cell_0387-1,human2,alpha,1,alpha,7.96827,-7.1878386,2323,0.6897673010826111
human2_lib1.final_cell_0388-1,human2,beta,0,beta,0.4895365,10.414637,2324,0.4076052010059356
human2_lib1.final_cell_0389-1,human2,alpha,1,alpha,8.919221,-6.603648,2325,0.5916150212287903
human2_lib1.final_cell_0390-1,human2,beta,0,beta,-0.94737273,9.340449,2326,0.4202155470848083
human2_lib1.final_cell_0391-1,human2,ductal,3,ductal,17.580833,0.9143541,2327,2.2215380668640137
human2_lib1.final_cell_0392-1,human2,gamma,6,gamma,-2.43541,-3.4343345,2328,0.7350541949272156
human2_lib1.final_cell_0393-1,human2,beta,0,beta,0.5372561,10.462117,2329,0.3845422863960266
human2_lib1.final_cell_0394-1,human2,activated_stellate,5,activated_stellate,11.330273,5.6396656,2330,1.88687264919281
human2_lib1.final_cell_0395-1,human2,ductal,3,ductal,18.673382,0.12297216,2331,1.5928657054901123
human2_lib1.final_cell_0396-1,human2,ductal,3,ductal,18.188549,0.67283285,2332,1.5716050863265991
human2_lib1.final_cell_0397-1,human2,alpha,1,alpha,8.63635,-7.0528703,2333,0.5679106116294861
human2_lib1.final_cell_0398-1,human2,gamma,6,gamma,-2.6068842,-3.96298,2334,0.9570605158805848
human2_lib1.final_cell_0399-1,human2,epsilon,6,gamma,-1.7216537,-2.9679387,2335,1.259616732597351
human2_lib1.final_cell_0400-1,human2,alpha,1,alpha,8.2445,-5.6622934,2336,1.4471412897109983
human2_lib1.final_cell_0401-1,human2,delta,4,delta,-4.5204496,2.327604,2337,0.4204365611076355
human2_lib1.final_cell_0402-1,human2,alpha,1,alpha,8.005482,-7.190918,2338,0.8491355776786804
human2_lib1.final_cell_0403-1,human2,ductal,2,acinar,15.204787,5.853392,2339,1.336737871170044
human2_lib1.final_cell_0404-1,human2,alpha,1,alpha,8.053493,-6.845595,2340,0.7002991437911987
human2_lib1.final_cell_0405-1,human2,beta,4,delta,-2.9290829,2.8917263,2341,1.2858936786651611
human2_lib1.final_cell_0406-1,human2,activated_stellate,5,activated_stellate,12.568473,5.8202763,2342,1.4399367570877075
human2_lib1.final_cell_0407-1,human2,gamma,6,gamma,-2.5085287,-3.8563468,2343,1.378200650215149
human2_lib1.final_cell_0408-1,human2,alpha,1,alpha,7.306866,-5.983814,2344,0.4109019041061401
human2_lib1.final_cell_0409-1,human2,alpha,1,alpha,9.565659,-5.781615,2345,0.5793061256408691
human2_lib1.final_cell_0410-1,human2,schwann,5,activated_stellate,12.081309,6.1730757,2346,2.397867202758789
human2_lib1.final_cell_0411-1,human2,ductal,3,ductal,15.004855,4.859901,2347,1.752650260925293
human2_lib1.final_cell_0412-1,human2,alpha,1,alpha,8.04366,-6.019898,2348,0.7137078642845154
human2_lib1.final_cell_0413-1,human2,alpha,1,alpha,9.042868,-6.5734315,2349,0.6106070876121521
human2_lib1.final_cell_0414-1,human2,gamma,6,gamma,-3.0379548,-4.193983,2350,0.8646523356437683
human2_lib1.final_cell_0415-1,human2,alpha,1,alpha,7.7985063,-4.8397083,2351,0.7615553140640259
human2_lib1.final_cell_0416-1,human2,alpha,1,alpha,9.050137,-7.3127565,2352,0.6061057448387146
human2_lib1.final_cell_0417-1,human2,alpha,1,alpha,9.687884,-7.57881,2353,1.0093865394592283
human2_lib1.final_cell_0418-1,human2,alpha,1,alpha,8.732139,-7.2696233,2354,0.7082063555717468
human2_lib1.final_cell_0419-1,human2,alpha,1,alpha,7.355436,-6.0890403,2355,0.734051525592804
human2_lib1.final_cell_0420-1,human2,alpha,1,alpha,6.5743647,-5.5102615,2356,0.6347310543060303
human2_lib1.final_cell_0421-1,human2,beta,0,beta,0.71083456,12.91053,2357,0.3845422863960266
human2_lib1.final_cell_0422-1,human2,macrophage,8,macrophage,-11.026612,6.38468,2358,2.272549152374268
human2_lib1.final_cell_0423-1,human2,ductal,3,ductal,18.714745,0.4439557,2359,1.4513165950775146
human2_lib1.final_cell_0424-1,human2,alpha,1,alpha,8.844341,-8.442579,2360,0.5603779554367065
human2_lib1.final_cell_0425-1,human2,alpha,1,alpha,7.0179586,-5.281251,2361,0.5982746481895447
human2_lib1.final_cell_0426-1,human2,ductal,3,ductal,18.880407,-0.115243755,2362,1.640089750289917
human2_lib1.final_cell_0427-1,human2,alpha,1,alpha,9.941029,-7.4521966,2363,0.7041432857513428
human2_lib1.final_cell_0428-1,human2,alpha,1,alpha,9.249757,-5.5153394,2364,0.7977849245071411
human2_lib1.final_cell_0429-1,human2,alpha,1,alpha,8.885028,-6.529615,2365,0.661741316318512
human2_lib1.final_cell_0430-1,human2,beta,0,beta,1.2429196,10.038427,2366,0.4870490729808807
human2_lib1.final_cell_0431-1,human2,ductal,3,ductal,19.187017,1.1114763,2367,1.4002536535263062
human2_lib1.final_cell_0432-1,human2,gamma,6,gamma,-2.7113426,-4.3168755,2368,2.084289312362671
human2_lib1.final_cell_0433-1,human2,delta,4,delta,-2.9707859,3.0858147,2369,1.322062373161316
human2_lib1.final_cell_0434-1,human2,ductal,3,ductal,19.031393,0.94011086,2370,1.7726013660430908
human2_lib1.final_cell_0435-1,human2,delta,4,delta,-3.3495731,2.9339287,2371,0.5256399512290955
human2_lib1.final_cell_0436-1,human2,beta,0,beta,-0.070644535,12.230842,2372,0.3845422863960266
human2_lib1.final_cell_0437-1,human2,alpha,1,alpha,8.814233,-5.6865826,2373,0.793215811252594
human2_lib1.final_cell_0438-1,human2,ductal,3,ductal,18.910822,-0.27118567,2374,1.7879024744033811
human2_lib1.final_cell_0439-1,human2,gamma,6,gamma,-2.5649965,-4.0864463,2375,0.994901478290558
human2_lib1.final_cell_0440-1,human2,alpha,1,alpha,8.896402,-6.530789,2376,0.5753412246704102
human2_lib1.final_cell_0441-1,human2,alpha,1,alpha,7.1549244,-5.140861,2377,0.7556326985359192
human2_lib1.final_cell_0442-1,human2,alpha,1,alpha,7.9163966,-7.479851,2378,0.5899125933647156
human2_lib1.final_cell_0443-1,human2,gamma,6,gamma,-2.7940202,-4.2672205,2379,1.200043797492981
human2_lib1.final_cell_0444-1,human2,activated_stellate,5,activated_stellate,12.026322,6.335637,2380,1.898093104362488
human2_lib1.final_cell_0445-1,human2,alpha,1,alpha,7.8069873,-6.2177963,2381,0.5586029887199402
human2_lib1.final_cell_0446-1,human2,ductal,3,ductal,18.565601,1.9014441,2382,1.4419097900390625
human2_lib1.final_cell_0447-1,human2,alpha,1,alpha,8.783939,-7.6206164,2383,0.8211004734039307
human2_lib1.final_cell_0448-1,human2,alpha,1,alpha,9.1433,-7.737428,2384,0.730710506439209
human2_lib1.final_cell_0449-1,human2,beta,0,beta,0.6720093,10.516362,2385,0.3845422863960266
human2_lib1.final_cell_0450-1,human2,ductal,3,ductal,18.589317,1.9589776,2386,1.2784665822982788
human2_lib1.final_cell_0451-1,human2,alpha,1,alpha,9.906223,-6.953461,2387,0.4702869355678558
human2_lib1.final_cell_0452-1,human2,gamma,6,gamma,-2.8374503,-3.5809782,2388,0.7921332716941833
human2_lib1.final_cell_0453-1,human2,delta,4,delta,-3.4337401,2.7093413,2389,0.745518684387207
human2_lib1.final_cell_0454-1,human2,alpha,1,alpha,9.527372,-7.6929936,2390,0.6679285764694214
human2_lib1.final_cell_0455-1,human2,alpha,1,alpha,9.807251,-7.6169405,2391,0.7008942365646362
human2_lib1.final_cell_0456-1,human2,ductal,3,ductal,18.707014,0.92359906,2392,1.4262858629226685
human2_lib1.final_cell_0457-1,human2,activated_stellate,5,activated_stellate,10.8632765,4.84031,2393,1.7343263626098633
human2_lib1.final_cell_0458-1,human2,alpha,1,alpha,8.258081,-7.4894896,2394,1.0542473793029783
human2_lib1.final_cell_0459-1,human2,alpha,1,alpha,7.134745,-5.5661263,2395,0.6879515647888184
human2_lib1.final_cell_0460-1,human2,alpha,1,alpha,7.9390197,-7.107752,2396,0.3963954746723175
human2_lib1.final_cell_0461-1,human2,gamma,6,gamma,-2.6029387,-4.2798076,2397,1.1874892711639404
human2_lib1.final_cell_0462-1,human2,alpha,1,alpha,7.816113,-6.6754622,2398,0.5419390797615051
human2_lib1.final_cell_0463-1,human2,beta,0,beta,-0.74166584,10.674038,2399,0.8920616507530212
human2_lib1.final_cell_0464-1,human2,alpha,1,alpha,8.794924,-5.1948285,2400,0.7229750156402588
human2_lib1.final_cell_0465-1,human2,alpha,1,alpha,9.498403,-8.740744,2401,0.8389734625816345
human2_lib1.final_cell_0466-1,human2,beta,0,beta,-0.11724187,8.865411,2402,0.5449939966201782
human2_lib1.final_cell_0467-1,human2,ductal,3,ductal,18.295525,1.8406326,2403,1.987790822982788
human2_lib1.final_cell_0468-1,human2,schwann,5,activated_stellate,12.185752,4.1038527,2404,2.442910671234131
human2_lib1.final_cell_0469-1,human2,delta,4,delta,-2.77468,2.835598,2405,0.433380514383316
human2_lib1.final_cell_0470-1,human2,gamma,6,gamma,-2.49944,-4.015104,2406,1.2437496185302734
human2_lib1.final_cell_0471-1,human2,activated_stellate,5,activated_stellate,10.96182,5.163031,2407,1.6609156131744385
human2_lib1.final_cell_0472-1,human2,alpha,1,alpha,7.2254024,-6.76113,2408,0.7155280709266663
human2_lib1.final_cell_0473-1,human2,ductal,2,acinar,14.764654,5.0100174,2409,1.6068333387374878
human2_lib1.final_cell_0474-1,human2,beta,0,beta,-0.7059416,12.598251,2410,0.3863809108734131
human2_lib1.final_cell_0475-1,human2,beta,0,beta,1.3834994,9.008204,2411,0.6545549035072327
human2_lib1.final_cell_0476-1,human2,alpha,1,alpha,7.526484,-6.9854417,2412,0.4136222004890442
human2_lib1.final_cell_0477-1,human2,gamma,6,gamma,-2.38053,-3.4915614,2413,0.914134919643402
human2_lib1.final_cell_0478-1,human2,gamma,6,gamma,-2.532869,-3.9617682,2414,1.1225779056549072
human2_lib1.final_cell_0479-1,human2,ductal,3,ductal,18.75835,0.6456113,2415,1.614012598991394
human2_lib1.final_cell_0480-1,human2,alpha,1,alpha,7.760032,-5.359456,2416,0.824622392654419
human2_lib1.final_cell_0481-1,human2,activated_stellate,5,activated_stellate,12.580318,5.706179,2417,1.529483437538147
human2_lib1.final_cell_0482-1,human2,endothelial,7,endothelial,10.070137,12.708277,2418,2.0150306224823
human2_lib1.final_cell_0483-1,human2,beta,0,beta,-0.2424336,12.630545,2419,0.3966144621372223
human2_lib1.final_cell_0484-1,human2,beta,0,beta,-0.15748048,12.647309,2420,0.3845422863960266
human2_lib1.final_cell_0485-1,human2,endothelial,7,endothelial,9.782275,13.255194,2421,2.076976776123047
human2_lib1.final_cell_0486-1,human2,alpha,1,alpha,8.168708,-6.383115,2422,0.5007079243659973
human2_lib1.final_cell_0487-1,human2,beta,0,beta,1.6594888,11.888684,2423,0.3920461237430572
human2_lib1.final_cell_0488-1,human2,beta,0,beta,-0.2576452,9.650848,2424,0.4254344403743744
human2_lib1.final_cell_0489-1,human2,alpha,1,alpha,8.514285,-6.216635,2425,0.4270385503768921
human2_lib1.final_cell_0490-1,human2,ductal,8,macrophage,16.088917,1.3603078,2426,2.240983009338379
human2_lib1.final_cell_0491-1,human2,alpha,1,alpha,7.294822,-5.3132215,2427,0.6070854067802429
human2_lib1.final_cell_0492-1,human2,alpha,1,alpha,10.162115,-8.204044,2428,0.4420895576477051
human2_lib1.final_cell_0493-1,human2,alpha,1,alpha,8.869457,-7.4464765,2429,0.4841747879981994
human2_lib1.final_cell_0494-1,human2,gamma,6,gamma,-2.5418477,-3.8508778,2430,1.0826917886734009
human2_lib1.final_cell_0495-1,human2,activated_stellate,5,activated_stellate,12.031767,6.1428304,2431,2.0021626949310303
human2_lib1.final_cell_0496-1,human2,alpha,1,alpha,10.04162,-7.422643,2432,0.5356450080871582
human2_lib1.final_cell_0497-1,human2,beta,0,beta,-0.9451376,7.2463202,2433,0.7214393615722656
human2_lib1.final_cell_0498-1,human2,alpha,1,alpha,6.570158,-4.1962676,2434,1.7463908195495603
human2_lib1.final_cell_0499-1,human2,alpha,1,alpha,9.011904,-7.845734,2435,0.6436524987220764
human2_lib1.final_cell_0500-1,human2,quiescent_stellate,5,activated_stellate,12.009485,6.3343577,2436,2.0824899673461914
human2_lib1.final_cell_0501-1,human2,gamma,6,gamma,-2.5124269,-4.2528353,2437,1.897955179214477
human2_lib1.final_cell_0502-1,human2,alpha,1,alpha,7.902843,-7.473194,2438,0.5657721161842346
human2_lib1.final_cell_0503-1,human2,alpha,1,alpha,8.2748,-7.6682014,2439,0.4794672131538391
human2_lib1.final_cell_0504-1,human2,alpha,1,alpha,9.0108185,-6.2573104,2440,0.699747622013092
human2_lib1.final_cell_0505-1,human2,alpha,1,alpha,6.716194,-4.7126493,2441,0.922728419303894
human2_lib1.final_cell_0506-1,human2,alpha,1,alpha,7.7842813,-7.576943,2442,0.7104261517524719
human2_lib1.final_cell_0507-1,human2,quiescent_stellate,5,activated_stellate,11.976147,6.29496,2443,2.4388389587402344
human2_lib1.final_cell_0508-1,human2,alpha,1,alpha,9.529051,-6.5499563,2444,0.6111556887626648
human2_lib1.final_cell_0509-1,human2,alpha,1,alpha,8.1239605,-5.598747,2445,0.7940654754638672
human2_lib1.final_cell_0510-1,human2,alpha,1,alpha,9.381828,-6.852683,2446,0.5142350196838379
human2_lib1.final_cell_0511-1,human2,ductal,3,ductal,18.148687,2.4462903,2447,1.6152276992797852
human2_lib1.final_cell_0512-1,human2,alpha,1,alpha,8.12474,-8.011004,2448,0.7865305542945862
human2_lib1.final_cell_0513-1,human2,beta,0,beta,0.21811132,10.169923,2449,0.4263473749160766
human2_lib1.final_cell_0514-1,human2,beta,0,beta,-1.2292246,9.940692,2450,0.7603802680969238
human2_lib1.final_cell_0515-1,human2,beta,0,beta,1.3804054,12.689389,2451,0.4214213192462921
human2_lib1.final_cell_0516-1,human2,beta,0,beta,1.4741094,10.934672,2452,0.3845422863960266
human2_lib1.final_cell_0517-1,human2,ductal,3,ductal,18.859898,2.0960705,2453,1.693941354751587
human2_lib1.final_cell_0518-1,human2,alpha,1,alpha,9.162569,-3.5995963,2454,1.1347215175628662
human2_lib1.final_cell_0519-1,human2,alpha,1,alpha,7.6454134,-4.691427,2455,1.0951145887374878
human2_lib1.final_cell_0520-1,human2,ductal,3,ductal,18.398598,2.1774347,2456,1.6793919801712036
human2_lib1.final_cell_0521-1,human2,alpha,1,alpha,8.727757,-7.887955,2457,0.5919497609138489
human2_lib1.final_cell_0522-1,human2,beta,0,beta,-0.85132045,11.522561,2458,0.3845422863960266
human2_lib1.final_cell_0523-1,human2,activated_stellate,5,activated_stellate,11.256244,5.104535,2459,1.584647536277771
human2_lib1.final_cell_0524-1,human2,ductal,3,ductal,18.256235,2.4174244,2460,1.615621566772461
human2_lib1.final_cell_0525-1,human2,mast,8,macrophage,15.625667,1.3711877,2461,3.606613874435425
human2_lib1.final_cell_0526-1,human2,alpha,1,alpha,7.8383317,-7.222485,2462,0.49783855676651
human2_lib1.final_cell_0527-1,human2,beta,0,beta,-0.44787616,9.312336,2463,0.573561429977417
human2_lib1.final_cell_0528-1,human2,alpha,6,gamma,-2.3632379,-4.2014666,2464,2.099629640579224
human2_lib1.final_cell_0529-1,human2,alpha,1,alpha,8.427234,-5.447247,2465,0.7864090204238892
human2_lib1.final_cell_0530-1,human2,beta,0,beta,1.532482,9.347608,2466,0.4292182326316833
human2_lib1.final_cell_0531-1,human2,gamma,6,gamma,-2.2508295,-4.009444,2467,1.5617274045944214
human2_lib1.final_cell_0532-1,human2,beta,0,beta,0.82399464,9.36444,2468,0.4071514308452606
human2_lib1.final_cell_0533-1,human2,ductal,2,acinar,15.100141,5.657798,2469,1.8929619789123533
human2_lib1.final_cell_0534-1,human2,ductal,3,ductal,18.659988,1.598307,2470,1.391065001487732
human2_lib1.final_cell_0535-1,human2,ductal,3,ductal,19.01128,1.7013843,2471,1.971334457397461
human2_lib1.final_cell_0536-1,human2,ductal,3,ductal,18.243048,2.4594584,2472,1.776599407196045
human2_lib1.final_cell_0537-1,human2,alpha,1,alpha,8.760204,-6.212292,2473,0.9442036151885986
human2_lib1.final_cell_0538-1,human2,beta,0,beta,0.44587144,9.543921,2474,0.4680492579936981
human2_lib1.final_cell_0539-1,human2,ductal,3,ductal,17.749525,2.88284,2475,1.5769838094711304
human2_lib1.final_cell_0540-1,human2,beta,0,beta,0.8623978,10.249164,2476,0.4051621258258819
human2_lib1.final_cell_0541-1,human2,endothelial,7,endothelial,9.855847,12.662731,2477,2.124751329421997
human2_lib1.final_cell_0542-1,human2,beta,0,beta,0.98128897,8.7871,2478,0.4343199133872986
human2_lib1.final_cell_0543-1,human2,beta,0,beta,1.2869319,9.92212,2479,0.9404091835021972
human2_lib1.final_cell_0544-1,human2,macrophage,8,macrophage,13.489197,0.6501685,2480,3.623354196548462
human2_lib1.final_cell_0545-1,human2,gamma,6,gamma,-2.4157352,-4.1736817,2481,1.451778531074524
human2_lib1.final_cell_0546-1,human2,ductal,3,ductal,17.92813,2.7638047,2482,1.4124621152877808
human2_lib1.final_cell_0547-1,human2,ductal,3,ductal,18.395775,1.7421632,2483,1.3716038465499878
human2_lib1.final_cell_0548-1,human2,beta,0,beta,-0.9616693,10.436688,2484,0.4549283385276794
human2_lib1.final_cell_0549-1,human2,quiescent_stellate,5,activated_stellate,10.893762,5.402608,2485,2.0057268142700195
human2_lib1.final_cell_0550-1,human2,ductal,3,ductal,17.939594,1.9909916,2486,2.0552000999450684
human2_lib1.final_cell_0551-1,human2,alpha,1,alpha,8.74823,-5.3521,2487,0.7960628271102905
human2_lib1.final_cell_0552-1,human2,alpha,1,alpha,8.145358,-5.4327455,2488,0.6819977164268494
human2_lib1.final_cell_0553-1,human2,ductal,3,ductal,17.837008,1.737041,2489,1.6114492416381836
human2_lib1.final_cell_0554-1,human2,alpha,4,delta,-2.5808866,2.9819262,2490,1.519635558128357
human2_lib1.final_cell_0555-1,human2,ductal,3,ductal,19.105837,1.4794546,2491,1.8504966497421265
human2_lib1.final_cell_0556-1,human2,beta,0,beta,0.5210005,9.228085,2492,0.497052937746048
human2_lib1.final_cell_0557-1,human2,alpha,1,alpha,5.8073707,-4.0894575,2493,1.482702136039734
human2_lib1.final_cell_0558-1,human2,ductal,3,ductal,18.651806,2.1056392,2494,2.094947338104248
human2_lib1.final_cell_0559-1,human2,beta,0,beta,0.41122192,9.140354,2495,0.9850627183914183
human2_lib2.final_cell_0001-1,human2,delta,4,delta,-4.0067396,3.5724797,2496,0.683972954750061
human2_lib2.final_cell_0002-1,human2,alpha,8,macrophage,15.610941,1.3625917,2497,4.432863235473633
human2_lib2.final_cell_0003-1,human2,alpha,1,alpha,8.661425,-8.510175,2498,0.4904185831546783
human2_lib2.final_cell_0004-1,human2,alpha,1,alpha,9.574562,-5.8342867,2499,0.9389163851737976
human2_lib2.final_cell_0005-1,human2,alpha,1,alpha,8.01839,-7.825706,2500,0.5845876336097717
human2_lib2.final_cell_0006-1,human2,delta,4,delta,-3.9120233,3.3385599,2501,0.5277496576309204
human2_lib2.final_cell_0007-1,human2,ductal,3,ductal,17.89003,2.7701962,2502,2.240983009338379
human2_lib2.final_cell_0008-1,human2,alpha,1,alpha,9.617173,-7.1135135,2503,0.6959170699119568
human2_lib2.final_cell_0009-1,human2,delta,4,delta,-4.0366445,3.5244505,2504,0.4458936750888824
human2_lib2.final_cell_0010-1,human2,delta,4,delta,-3.2593906,3.3443894,2505,0.4053110182285309
human2_lib2.final_cell_0011-1,human2,delta,4,delta,-4.4866767,2.4473474,2506,0.4039202034473419
human2_lib2.final_cell_0012-1,human2,activated_stellate,5,activated_stellate,12.138595,4.343366,2507,2.4939630031585693
human2_lib2.final_cell_0013-1,human2,beta,0,beta,0.99982226,11.160738,2508,0.3845422863960266
human2_lib2.final_cell_0014-1,human2,delta,4,delta,-2.7614546,2.7795143,2509,0.404583990573883
human2_lib2.final_cell_0015-1,human2,ductal,2,acinar,17.684912,15.221379,2510,1.753955602645874
human2_lib2.final_cell_0016-1,human2,ductal,2,acinar,14.70721,5.006085,2511,1.7518619298934937
human2_lib2.final_cell_0017-1,human2,ductal,2,acinar,17.436773,14.776379,2512,1.3069283962249756
human2_lib2.final_cell_0018-1,human2,ductal,3,ductal,18.240883,-0.85129905,2513,2.240983009338379
human2_lib2.final_cell_0019-1,human2,alpha,1,alpha,9.833795,-8.195353,2514,0.4712315499782562
human2_lib2.final_cell_0020-1,human2,delta,4,delta,-4.450379,2.8275592,2515,0.3845422863960266
human2_lib2.final_cell_0021-1,human2,macrophage,8,macrophage,-11.035303,6.3774753,2516,2.2654974460601807
human2_lib2.final_cell_0022-1,human2,beta,0,beta,1.6729977,12.292964,2517,0.3845422863960266
human2_lib2.final_cell_0023-1,human2,delta,4,delta,-2.661345,3.0276027,2518,0.5307974815368652
human2_lib2.final_cell_0024-1,human2,ductal,2,acinar,17.81837,15.544817,2519,1.5558311939239502
human2_lib2.final_cell_0025-1,human2,beta,0,beta,-0.12293714,11.77719,2520,0.3845422863960266
human2_lib2.final_cell_0026-1,human2,delta,4,delta,-3.5609634,2.594022,2521,0.3845422863960266
human2_lib2.final_cell_0027-1,human2,alpha,1,alpha,10.084753,-8.025889,2522,0.6893816590309143
human2_lib2.final_cell_0028-1,human2,alpha,1,alpha,9.546081,-8.64252,2523,0.5402975678443909
human2_lib2.final_cell_0029-1,human2,activated_stellate,5,activated_stellate,12.055041,6.261263,2524,1.5221437215805054
human2_lib2.final_cell_0030-1,human2,ductal,3,ductal,17.083961,1.857552,2525,1.8752477169036863
human2_lib2.final_cell_0031-1,human2,beta,0,beta,2.0645146,10.420213,2526,0.3845422863960266
human2_lib2.final_cell_0032-1,human2,ductal,2,acinar,15.027032,5.3725185,2527,1.4330779314041138
human2_lib2.final_cell_0033-1,human2,alpha,1,alpha,9.426059,-6.220321,2528,1.44827139377594
human2_lib2.final_cell_0034-1,human2,delta,4,delta,-4.6809874,2.5271468,2529,0.3845422863960266
human2_lib2.final_cell_0035-1,human2,ductal,3,ductal,18.67149,1.5212306,2530,1.471548557281494
human2_lib2.final_cell_0036-1,human2,ductal,2,acinar,16.695335,15.380537,2531,1.253524899482727
human2_lib2.final_cell_0037-1,human2,beta,0,beta,1.2380257,11.126897,2532,0.4009463787078857
human2_lib2.final_cell_0038-1,human2,alpha,1,alpha,9.916759,-8.589502,2533,0.8597449660301208
human2_lib2.final_cell_0039-1,human2,alpha,6,gamma,5.3590693,-3.860448,2534,1.304798245429993
human2_lib2.final_cell_0040-1,human2,beta,0,beta,1.6913304,12.020241,2535,0.3856498301029205
human2_lib2.final_cell_0041-1,human2,alpha,1,alpha,10.033244,-7.1726933,2536,0.92613285779953
human2_lib2.final_cell_0042-1,human2,beta,0,beta,0.7866633,12.525265,2537,0.3845422863960266
human2_lib2.final_cell_0043-1,human2,ductal,2,acinar,16.535898,15.688798,2538,1.346535563468933
human2_lib2.final_cell_0044-1,human2,ductal,2,acinar,17.638733,12.823259,2539,1.3784416913986206
human2_lib2.final_cell_0045-1,human2,ductal,2,acinar,17.616165,14.56844,2540,1.4852961301803589
human2_lib2.final_cell_0046-1,human2,beta,0,beta,-0.38070244,11.456622,2541,0.3884731233119964
human2_lib2.final_cell_0047-1,human2,delta,4,delta,-3.83191,3.3236792,2542,0.3845422863960266
human2_lib2.final_cell_0048-1,human2,beta,0,beta,0.4955663,12.938255,2543,0.3845422863960266
human2_lib2.final_cell_0049-1,human2,beta,0,beta,-0.5679298,9.535147,2544,0.3899551331996918
human2_lib2.final_cell_0050-1,human2,ductal,3,ductal,18.598438,-0.6684773,2545,1.7273821830749512
human2_lib2.final_cell_0051-1,human2,alpha,1,alpha,9.814558,-7.548697,2546,0.8005115985870361
human2_lib2.final_cell_0052-1,human2,ductal,2,acinar,15.23617,5.9043655,2547,1.5068087577819824
human2_lib2.final_cell_0053-1,human2,ductal,3,ductal,18.355923,1.3130406,2548,1.5189926624298096
human2_lib2.final_cell_0054-1,human2,beta,0,beta,0.41317293,12.864002,2549,0.3845422863960266
human2_lib2.final_cell_0055-1,human2,alpha,1,alpha,9.45594,-8.623466,2550,1.3436256647109983
human2_lib2.final_cell_0056-1,human2,beta,0,beta,1.2668471,12.862266,2551,0.4652730524539947
human2_lib2.final_cell_0057-1,human2,beta,0,beta,1.3909045,11.3335705,2552,0.3845422863960266
human2_lib2.final_cell_0058-1,human2,beta,0,beta,1.1526291,11.4888115,2553,0.3845422863960266
human2_lib2.final_cell_0059-1,human2,alpha,1,alpha,9.377776,-6.2088337,2554,0.4311184287071228
human2_lib2.final_cell_0060-1,human2,alpha,1,alpha,9.253726,-7.921104,2555,0.434099406003952
human2_lib2.final_cell_0061-1,human2,beta,6,gamma,-1.64951,5.6475697,2556,1.6747912168502808
human2_lib2.final_cell_0062-1,human2,beta,0,beta,1.9146684,11.490419,2557,0.413250058889389
human2_lib2.final_cell_0063-1,human2,alpha,1,alpha,8.984795,-7.841351,2558,0.4804126918315887
human2_lib2.final_cell_0064-1,human2,beta,0,beta,1.8690675,10.560771,2559,0.3845422863960266
human2_lib2.final_cell_0065-1,human2,beta,0,beta,1.4383582,9.578649,2560,0.3933384120464325
human2_lib2.final_cell_0066-1,human2,beta,0,beta,1.1545383,10.530871,2561,0.3845422863960266
human2_lib2.final_cell_0067-1,human2,ductal,2,acinar,17.024624,14.3873005,2562,1.2824819087982178
human2_lib2.final_cell_0068-1,human2,beta,0,beta,0.008640969,12.167249,2563,0.3845422863960266
human2_lib2.final_cell_0069-1,human2,activated_stellate,5,activated_stellate,12.708381,5.6704183,2564,2.463338613510132
human2_lib2.final_cell_0070-1,human2,beta,0,beta,-0.77184314,11.019645,2565,0.3845422863960266
human2_lib2.final_cell_0071-1,human2,ductal,2,acinar,16.749147,16.158134,2566,1.44304358959198
human2_lib2.final_cell_0072-1,human2,beta,0,beta,0.3936836,12.296121,2567,0.3845422863960266
human2_lib2.final_cell_0073-1,human2,beta,0,beta,-0.7608672,9.574479,2568,0.8702297210693359
human2_lib2.final_cell_0074-1,human2,alpha,1,alpha,6.6464553,-4.665395,2569,1.4831496477127075
human2_lib2.final_cell_0075-1,human2,ductal,3,ductal,19.172905,0.4954956,2570,1.4034647941589355
human2_lib2.final_cell_0076-1,human2,ductal,2,acinar,14.789492,4.9752455,2571,1.7989894151687622
human2_lib2.final_cell_0077-1,human2,beta,0,beta,-0.9689158,9.36337,2572,0.4794414639472961
human2_lib2.final_cell_0078-1,human2,ductal,2,acinar,15.1464205,5.751761,2573,1.426855206489563
human2_lib2.final_cell_0079-1,human2,alpha,1,alpha,8.914022,-5.3387585,2574,0.3988342881202698
human2_lib2.final_cell_0080-1,human2,ductal,3,ductal,18.902802,0.88347787,2575,1.8405219316482544
human2_lib2.final_cell_0081-1,human2,gamma,6,gamma,-2.9174478,-3.5889466,2576,1.1745082139968872
human2_lib2.final_cell_0082-1,human2,alpha,1,alpha,6.9094043,-6.731787,2577,1.0496504306793213
human2_lib2.final_cell_0083-1,human2,beta,0,beta,1.0229212,10.943925,2578,0.4171677231788635
human2_lib2.final_cell_0084-1,human2,beta,0,beta,1.6352988,10.242228,2579,0.3845422863960266
human2_lib2.final_cell_0085-1,human2,activated_stellate,5,activated_stellate,12.706167,5.770395,2580,1.4654173851013184
human2_lib2.final_cell_0086-1,human2,beta,0,beta,1.8129008,11.037505,2581,0.396019846200943
human2_lib2.final_cell_0087-1,human2,beta,0,beta,2.0916016,11.103795,2582,0.4725891053676605
human2_lib2.final_cell_0088-1,human2,alpha,1,alpha,8.814213,-8.551257,2583,0.6915009617805481
human2_lib2.final_cell_0089-1,human2,beta,0,beta,-0.05785524,11.870395,2584,0.3845422863960266
human2_lib2.final_cell_0090-1,human2,gamma,6,gamma,-3.0967376,-4.1712217,2585,0.9675150513648988
human2_lib2.final_cell_0091-1,human2,beta,0,beta,0.87000924,8.910948,2586,0.5234002470970154
human2_lib2.final_cell_0092-1,human2,alpha,1,alpha,8.214054,-6.278164,2587,0.6897715926170349
human2_lib2.final_cell_0093-1,human2,ductal,2,acinar,14.805013,4.9786453,2588,1.505948781967163
human2_lib2.final_cell_0094-1,human2,beta,0,beta,0.6295461,11.271939,2589,0.3868085741996765
human2_lib2.final_cell_0095-1,human2,alpha,1,alpha,10.143935,-8.355091,2590,0.6516191959381104
human2_lib2.final_cell_0096-1,human2,alpha,1,alpha,8.663438,-6.041811,2591,0.874826967716217
human2_lib2.final_cell_0097-1,human2,beta,0,beta,0.215742,12.586929,2592,0.4335399270057678
human2_lib2.final_cell_0098-1,human2,alpha,1,alpha,9.565924,-5.828551,2593,0.5511083006858826
human2_lib2.final_cell_0099-1,human2,alpha,1,alpha,9.485341,-8.339672,2594,0.5341169238090515
human2_lib2.final_cell_0100-1,human2,alpha,1,alpha,8.207412,-8.23162,2595,0.4389816522598266
human2_lib2.final_cell_0101-1,human2,alpha,1,alpha,9.943161,-8.151871,2596,0.6003429889678955
human2_lib2.final_cell_0102-1,human2,activated_stellate,5,activated_stellate,12.527113,5.7473135,2597,1.5561789274215698
human2_lib2.final_cell_0103-1,human2,alpha,1,alpha,9.427168,-7.5604687,2598,0.5744830369949341
human2_lib2.final_cell_0104-1,human2,activated_stellate,5,activated_stellate,11.497809,5.2634683,2599,1.4349201917648315
human2_lib2.final_cell_0105-1,human2,beta,0,beta,1.9066842,10.046243,2600,0.3845422863960266
human2_lib2.final_cell_0106-1,human2,gamma,6,gamma,-2.5492923,-3.9639723,2601,1.3919047117233276
human2_lib2.final_cell_0107-1,human2,alpha,1,alpha,9.916204,-8.340999,2602,0.4963506460189819
human2_lib2.final_cell_0108-1,human2,beta,0,beta,-0.7989946,12.292189,2603,0.4411835670471191
human2_lib2.final_cell_0109-1,human2,delta,4,delta,-3.735794,3.3884072,2604,0.3943800330162048
human2_lib2.final_cell_0110-1,human2,ductal,3,ductal,17.243038,1.8330479,2605,1.8069443702697756
human2_lib2.final_cell_0111-1,human2,alpha,1,alpha,8.850994,-5.8782587,2606,1.162313461303711
human2_lib2.final_cell_0112-1,human2,activated_stellate,5,activated_stellate,12.174467,6.1791334,2607,2.3589112758636475
human2_lib2.final_cell_0113-1,human2,beta,0,beta,0.9124919,8.646963,2608,1.0815672874450684
human2_lib2.final_cell_0114-1,human2,alpha,1,alpha,6.6008654,-5.81235,2609,1.2450655698776243
human2_lib2.final_cell_0115-1,human2,alpha,1,alpha,10.243407,-7.878287,2610,0.7753773927688599
human2_lib2.final_cell_0116-1,human2,alpha,1,alpha,9.960209,-8.440418,2611,1.0779614448547363
human2_lib2.final_cell_0117-1,human2,beta,0,beta,0.18268216,11.355907,2612,0.3845422863960266
human2_lib2.final_cell_0118-1,human2,beta,0,beta,0.74478704,12.132117,2613,0.4168000817298889
human2_lib2.final_cell_0119-1,human2,activated_stellate,5,activated_stellate,11.137071,5.0854735,2614,1.5112906694412231
human2_lib2.final_cell_0120-1,human2,macrophage,8,macrophage,13.901951,0.8770607,2615,2.3376173973083496
human2_lib2.final_cell_0121-1,human2,ductal,2,acinar,15.08764,5.597754,2616,1.536017656326294
human2_lib2.final_cell_0122-1,human2,beta,0,beta,1.3536643,11.8252,2617,0.3852808177471161
human2_lib2.final_cell_0123-1,human2,beta,0,beta,1.2395263,11.548794,2618,0.3845422863960266
human2_lib2.final_cell_0124-1,human2,alpha,1,alpha,9.390706,-7.9016128,2619,0.4109463691711426
human2_lib2.final_cell_0125-1,human2,beta,0,beta,1.6991957,10.976906,2620,0.4755332469940185
human2_lib2.final_cell_0126-1,human2,beta,0,beta,1.4710934,12.14049,2621,0.6280904412269592
human2_lib2.final_cell_0127-1,human2,ductal,2,acinar,14.77135,4.997104,2622,1.565827250480652
human2_lib2.final_cell_0128-1,human2,alpha,1,alpha,9.721141,-6.747624,2623,1.307733416557312
human2_lib2.final_cell_0129-1,human2,delta,4,delta,-2.7195787,3.6501176,2624,1.2249301671981812
human2_lib2.final_cell_0130-1,human2,beta,0,beta,1.6588285,12.353563,2625,0.6614100933074951
human2_lib2.final_cell_0131-1,human2,beta,0,beta,0.47139746,11.52609,2626,0.475981742143631
human2_lib2.final_cell_0132-1,human2,alpha,1,alpha,8.082471,-6.4745727,2627,0.9306233525276184
human2_lib2.final_cell_0133-1,human2,beta,0,beta,1.7253095,10.526671,2628,0.3845422863960266
human2_lib2.final_cell_0134-1,human2,alpha,1,alpha,9.174339,-7.47742,2629,0.4515404999256134
human2_lib2.final_cell_0135-1,human2,beta,0,beta,0.72386605,9.905161,2630,0.4086229205131531
human2_lib2.final_cell_0136-1,human2,ductal,3,ductal,18.067932,0.28531933,2631,1.4197114706039429
human2_lib2.final_cell_0137-1,human2,beta,0,beta,0.7143137,10.581165,2632,0.3845422863960266
human2_lib2.final_cell_0138-1,human2,alpha,1,alpha,9.889232,-7.13612,2633,0.464853972196579
human2_lib2.final_cell_0139-1,human2,alpha,1,alpha,8.629083,-8.069673,2634,0.4405770897865295
human2_lib2.final_cell_0140-1,human2,delta,4,delta,-2.9928548,2.6527154,2635,0.78902667760849
human2_lib2.final_cell_0141-1,human2,beta,0,beta,0.82430834,11.584562,2636,0.4064749181270599
human2_lib2.final_cell_0142-1,human2,beta,0,beta,0.18532456,12.273972,2637,0.5305005311965942
human2_lib2.final_cell_0143-1,human2,alpha,1,alpha,8.138099,-7.287642,2638,0.6736375093460083
human2_lib2.final_cell_0144-1,human2,macrophage,8,macrophage,13.936163,0.9001158,2639,2.162208318710327
human2_lib2.final_cell_0145-1,human2,activated_stellate,5,activated_stellate,12.556407,5.6402493,2640,1.9140701293945312
human2_lib2.final_cell_0146-1,human2,ductal,2,acinar,15.121576,5.716333,2641,1.5147203207015991
human2_lib2.final_cell_0147-1,human2,beta,0,beta,1.618843,12.298481,2642,0.4013038575649261
human2_lib2.final_cell_0148-1,human2,alpha,1,alpha,7.966556,-7.6658974,2643,0.4683778584003448
human2_lib2.final_cell_0149-1,human2,delta,4,delta,-4.8082366,2.81275,2644,0.3930407166481018
human2_lib2.final_cell_0150-1,human2,macrophage,8,macrophage,13.934737,0.90313286,2645,2.38110899925232
human2_lib2.final_cell_0151-1,human2,delta,4,delta,-4.523723,2.4002066,2646,0.3917494118213653
human2_lib2.final_cell_0152-1,human2,alpha,1,alpha,8.496647,-7.2454944,2647,0.8388141393661499
human2_lib2.final_cell_0153-1,human2,ductal,2,acinar,15.12403,5.702383,2648,1.3878543376922607
human2_lib2.final_cell_0154-1,human2,acinar,3,ductal,14.983106,4.8577423,2649,1.597931742668152
human2_lib2.final_cell_0155-1,human2,delta,4,delta,-2.807862,2.5380106,2650,0.891944944858551
human2_lib2.final_cell_0156-1,human2,alpha,1,alpha,9.140879,-7.5612283,2651,0.4573310613632202
human2_lib2.final_cell_0157-1,human2,ductal,2,acinar,15.150028,5.758912,2652,1.4890466928482056
human2_lib2.final_cell_0158-1,human2,ductal,3,ductal,18.635283,-0.62698966,2653,1.651113748550415
human2_lib2.final_cell_0159-1,human2,alpha,1,alpha,8.45914,-6.01213,2654,0.8551051020622253
human2_lib2.final_cell_0160-1,human2,beta,0,beta,0.6077393,12.763062,2655,0.3845422863960266
human2_lib2.final_cell_0161-1,human2,ductal,3,ductal,17.919456,1.8628181,2656,1.7353214025497437
human2_lib2.final_cell_0162-1,human2,ductal,2,acinar,15.182771,5.8228364,2657,1.3895692825317385
human2_lib2.final_cell_0163-1,human2,alpha,1,alpha,9.638392,-6.6909766,2658,0.4810123443603515
human2_lib2.final_cell_0164-1,human2,alpha,1,alpha,9.011329,-8.071409,2659,0.4693172574043274
human2_lib2.final_cell_0165-1,human2,delta,4,delta,-2.7412844,3.104775,2660,1.7557380199432373
human2_lib2.final_cell_0166-1,human2,delta,4,delta,-3.1861567,2.6541314,2661,0.8896185755729675
human2_lib2.final_cell_0167-1,human2,alpha,1,alpha,7.9983125,-5.6465425,2662,0.9154040813446044
human2_lib2.final_cell_0168-1,human2,alpha,1,alpha,9.200309,-6.146642,2663,0.7591156959533691
human2_lib2.final_cell_0169-1,human2,ductal,3,ductal,17.12696,1.864308,2664,1.3342379331588743
human2_lib2.final_cell_0170-1,human2,alpha,1,alpha,7.89829,-5.7787185,2665,0.6544849276542664
human2_lib2.final_cell_0171-1,human2,alpha,1,alpha,6.6320686,-4.0356536,2666,0.9841655492782592
human2_lib2.final_cell_0172-1,human2,delta,4,delta,-4.298274,3.0589309,2667,0.7275779843330383
human2_lib2.final_cell_0173-1,human2,alpha,1,alpha,8.948477,-8.484012,2668,0.5995262265205383
human2_lib2.final_cell_0174-1,human2,beta,0,beta,1.7110068,9.627487,2669,0.3845422863960266
human2_lib2.final_cell_0175-1,human2,beta,0,beta,0.2836345,12.1977625,2670,0.3845422863960266
human2_lib2.final_cell_0176-1,human2,alpha,1,alpha,8.82861,-6.6633916,2671,0.8232564926147461
human2_lib2.final_cell_0177-1,human2,ductal,3,ductal,18.274998,-0.5098834,2672,1.865228533744812
human2_lib2.final_cell_0178-1,human2,delta,4,delta,-3.0216942,2.7143574,2673,0.4136513769626617
human2_lib2.final_cell_0179-1,human2,alpha,1,alpha,9.265844,-5.7180343,2674,0.5985507369041443
human2_lib2.final_cell_0180-1,human2,activated_stellate,5,activated_stellate,11.860988,5.4587364,2675,1.5059045553207395
human2_lib2.final_cell_0181-1,human2,delta,4,delta,-3.5234983,2.9522557,2676,0.5375737547874451
human2_lib2.final_cell_0182-1,human2,beta,0,beta,1.237723,10.930688,2677,0.3845422863960266
human2_lib2.final_cell_0183-1,human2,gamma,6,gamma,-3.008963,-4.2313023,2678,1.0489740371704102
human2_lib2.final_cell_0184-1,human2,delta,4,delta,-3.301981,3.1985939,2679,0.4032853245735168
human2_lib2.final_cell_0185-1,human2,gamma,6,gamma,-2.4378746,-3.4465392,2680,1.3994276523590088
human2_lib2.final_cell_0186-1,human2,beta,0,beta,0.8333293,10.185215,2681,1.1233574151992798
human2_lib2.final_cell_0187-1,human2,ductal,3,ductal,18.011404,-0.9714406,2682,1.6744405031204224
human2_lib2.final_cell_0188-1,human2,alpha,1,alpha,8.264821,-6.3421283,2683,0.637634813785553
human2_lib2.final_cell_0189-1,human2,ductal,3,ductal,18.880234,0.31350425,2684,1.4961543083190918
human2_lib2.final_cell_0190-1,human2,alpha,1,alpha,9.804704,-6.9806604,2685,0.5839802622795105
human2_lib2.final_cell_0191-1,human2,ductal,3,ductal,18.376266,1.3801258,2686,1.4612916707992554
human2_lib2.final_cell_0192-1,human2,beta,0,beta,1.0062064,11.812097,2687,0.3845422863960266
human2_lib2.final_cell_0193-1,human2,ductal,3,ductal,18.016422,-0.9944358,2688,2.1117451190948486
human2_lib2.final_cell_0194-1,human2,alpha,1,alpha,8.619697,-4.9263797,2689,1.129082202911377
human2_lib2.final_cell_0195-1,human2,beta,0,beta,-0.20548856,12.655504,2690,0.3845422863960266
human2_lib2.final_cell_0196-1,human2,beta,0,beta,1.7242651,9.258609,2691,0.3868601620197296
human2_lib2.final_cell_0197-1,human2,ductal,2,acinar,15.1263685,5.716022,2692,1.404599666595459
human2_lib2.final_cell_0198-1,human2,beta,0,beta,2.0461433,10.166042,2693,0.4804600179195404
human2_lib2.final_cell_0199-1,human2,alpha,1,alpha,10.283253,-7.773608,2694,0.5066530108451843
human2_lib2.final_cell_0200-1,human2,ductal,3,ductal,18.523247,0.2772443,2695,2.149110555648804
human2_lib2.final_cell_0201-1,human2,activated_stellate,5,activated_stellate,12.043076,5.905034,2696,1.5491206645965576
human2_lib2.final_cell_0202-1,human2,alpha,1,alpha,6.8260016,-7.034709,2697,0.635215163230896
human2_lib2.final_cell_0203-1,human2,beta,0,beta,1.3406737,12.252739,2698,0.3845422863960266
human2_lib2.final_cell_0204-1,human2,beta,0,beta,1.5172571,12.07326,2699,0.3891590535640716
human2_lib2.final_cell_0205-1,human2,ductal,3,ductal,18.544815,-0.642708,2700,1.4134719371795654
human2_lib2.final_cell_0206-1,human2,alpha,1,alpha,7.979781,-6.0103683,2701,0.8531848788261414
human2_lib2.final_cell_0207-1,human2,ductal,3,ductal,17.983433,-0.9733213,2702,2.201972484588623
human2_lib2.final_cell_0208-1,human2,alpha,1,alpha,9.5058155,-6.2490716,2703,0.6427895426750183
human2_lib2.final_cell_0209-1,human2,alpha,1,alpha,9.254555,-6.391953,2704,0.884933352470398
human2_lib2.final_cell_0210-1,human2,alpha,1,alpha,9.859452,-7.281806,2705,0.4891614615917206
human2_lib2.final_cell_0211-1,human2,alpha,1,alpha,10.107288,-8.266754,2706,0.7222645878791809
human2_lib2.final_cell_0212-1,human2,alpha,1,alpha,8.22131,-7.701565,2707,0.5026262998580933
human2_lib2.final_cell_0213-1,human2,beta,0,beta,-0.65337247,11.651832,2708,0.3845422863960266
human2_lib2.final_cell_0214-1,human2,ductal,3,ductal,18.80414,2.1404667,2709,1.9445213079452517
human2_lib2.final_cell_0215-1,human2,alpha,1,alpha,8.436988,-7.5025744,2710,0.7159026861190796
human2_lib2.final_cell_0216-1,human2,alpha,1,alpha,8.4353895,-6.9309955,2711,0.6657851934432983
human2_lib2.final_cell_0217-1,human2,alpha,1,alpha,9.459291,-8.3913555,2712,0.4944840371608734
human2_lib2.final_cell_0218-1,human2,ductal,3,ductal,18.485119,-0.39813507,2713,1.6087473630905151
human2_lib2.final_cell_0219-1,human2,beta,0,beta,0.7719683,11.712763,2714,0.3845422863960266
human2_lib2.final_cell_0220-1,human2,ductal,3,ductal,18.418768,-0.5475557,2715,1.6092281341552734
human2_lib2.final_cell_0221-1,human2,activated_stellate,5,activated_stellate,11.359665,5.610372,2716,1.4801757335662842
human2_lib2.final_cell_0222-1,human2,alpha,1,alpha,8.792753,-6.1487103,2717,0.5063435435295105
human2_lib2.final_cell_0223-1,human2,beta,0,beta,1.7353973,12.206245,2718,0.3845422863960266
human2_lib2.final_cell_0224-1,human2,alpha,1,alpha,9.722826,-8.19718,2719,0.5311179161071777
human2_lib2.final_cell_0225-1,human2,alpha,1,alpha,9.176369,-8.725656,2720,0.5604352355003357
human2_lib2.final_cell_0226-1,human2,ductal,3,ductal,19.126097,0.742409,2721,1.1866090297698977
human2_lib2.final_cell_0227-1,human2,alpha,1,alpha,7.6857834,-6.624227,2722,1.4570058584213257
human2_lib2.final_cell_0228-1,human2,alpha,1,alpha,9.910676,-7.8152657,2723,0.6197367906570435
human2_lib2.final_cell_0229-1,human2,beta,0,beta,0.32599342,11.817652,2724,0.5569530129432678
human2_lib2.final_cell_0230-1,human2,beta,0,beta,1.1658847,12.447661,2725,0.4358571171760559
human2_lib2.final_cell_0231-1,human2,beta,0,beta,1.2690796,11.880884,2726,0.3845422863960266
human2_lib2.final_cell_0232-1,human2,beta,0,beta,-0.77195907,11.87722,2727,0.3845422863960266
human2_lib2.final_cell_0233-1,human2,ductal,2,acinar,16.93137,14.460459,2728,1.331690788269043
human2_lib2.final_cell_0234-1,human2,macrophage,8,macrophage,13.517465,0.66866195,2729,2.633631706237793
human2_lib2.final_cell_0235-1,human2,alpha,1,alpha,9.977347,-7.4453316,2730,0.6387138366699219
human2_lib2.final_cell_0236-1,human2,ductal,3,ductal,17.088934,1.9036634,2731,1.425805687904358
human2_lib2.final_cell_0237-1,human2,alpha,1,alpha,9.467631,-5.6370087,2732,0.448278397321701
human2_lib2.final_cell_0238-1,human2,beta,0,beta,1.7044462,9.72999,2733,0.4154476821422577
human2_lib2.final_cell_0239-1,human2,beta,0,beta,2.076881,10.771867,2734,0.5450801253318787
human2_lib2.final_cell_0240-1,human2,ductal,3,ductal,19.14568,0.5267537,2735,1.8609638214111328
human2_lib2.final_cell_0241-1,human2,beta,0,beta,1.6300287,9.233404,2736,0.4624920189380646
human2_lib2.final_cell_0242-1,human2,delta,4,delta,-3.2988827,2.6329277,2737,0.4512169957160949
human2_lib2.final_cell_0243-1,human2,quiescent_stellate,5,activated_stellate,12.036711,6.1301165,2738,2.1896300315856934
human2_lib2.final_cell_0244-1,human2,alpha,1,alpha,10.081762,-7.099365,2739,0.4620954990386963
human2_lib2.final_cell_0245-1,human2,alpha,1,alpha,9.1013155,-8.162604,2740,0.5667181015014648
human2_lib2.final_cell_0246-1,human2,beta,0,beta,0.24407542,10.003161,2741,0.4025936722755432
human2_lib2.final_cell_0247-1,human2,ductal,3,ductal,18.590431,0.3688696,2742,1.6709115505218506
human2_lib2.final_cell_0248-1,human2,beta,0,beta,1.52057,9.7865925,2743,0.3845422863960266
human2_lib2.final_cell_0249-1,human2,alpha,1,alpha,7.207617,-5.320661,2744,0.5686143636703491
human2_lib2.final_cell_0250-1,human2,beta,0,beta,-0.97206146,11.934952,2745,0.4110583961009979
human2_lib2.final_cell_0251-1,human2,alpha,1,alpha,9.2784605,-7.939398,2746,0.5719741582870483
human2_lib2.final_cell_0252-1,human2,beta,0,beta,1.0952206,10.998801,2747,0.3845422863960266
human2_lib2.final_cell_0253-1,human2,beta,0,beta,1.2576998,10.393662,2748,0.5365486145019531
human2_lib2.final_cell_0254-1,human2,beta,0,beta,0.6616915,11.89632,2749,0.3845422863960266
human2_lib2.final_cell_0255-1,human2,beta,0,beta,0.7409927,11.871209,2750,0.3845422863960266
human2_lib2.final_cell_0256-1,human2,alpha,1,alpha,9.759413,-7.318584,2751,0.4346670508384704
human2_lib2.final_cell_0257-1,human2,alpha,1,alpha,9.457273,-8.500515,2752,0.5647946000099182
human2_lib2.final_cell_0258-1,human2,beta,0,beta,0.5623636,10.583337,2753,0.3845422863960266
human2_lib2.final_cell_0259-1,human2,alpha,1,alpha,9.014341,-6.359786,2754,0.5326482653617859
human2_lib2.final_cell_0260-1,human2,delta,4,delta,-3.8061316,2.6262143,2755,0.4032649099826813
human2_lib2.final_cell_0261-1,human2,alpha,1,alpha,7.4395843,-6.817158,2756,0.471405565738678
human2_lib2.final_cell_0262-1,human2,beta,0,beta,-0.049799483,8.223182,2757,0.8950237035751343
human2_lib2.final_cell_0263-1,human2,schwann,5,activated_stellate,12.058464,4.566562,2758,2.4939630031585693
human2_lib2.final_cell_0264-1,human2,beta,0,beta,1.5032626,12.285944,2759,0.4918133020401001
human2_lib2.final_cell_0265-1,human2,beta,0,beta,1.4696995,11.694822,2760,0.3872582912445068
human2_lib2.final_cell_0266-1,human2,alpha,1,alpha,9.824192,-8.203154,2761,0.7029271721839905
human2_lib2.final_cell_0267-1,human2,alpha,1,alpha,8.925961,-7.77266,2762,0.6541402339935303
human2_lib2.final_cell_0268-1,human2,alpha,1,alpha,8.184683,-7.5405707,2763,0.4133538007736206
human2_lib2.final_cell_0269-1,human2,beta,0,beta,-0.9234087,11.358183,2764,0.3942748308181762
human2_lib2.final_cell_0270-1,human2,alpha,1,alpha,8.102436,-6.271084,2765,0.747289776802063
human2_lib2.final_cell_0271-1,human2,beta,0,beta,1.3818332,11.991226,2766,0.6065967679023743
human2_lib2.final_cell_0272-1,human2,ductal,3,ductal,18.948156,-0.13428858,2767,2.1065964698791504
human2_lib2.final_cell_0273-1,human2,ductal,3,ductal,18.740133,2.0900793,2768,1.822232842445373
human2_lib2.final_cell_0274-1,human2,gamma,6,gamma,-2.9675632,-3.6478004,2769,1.0994349718093872
human2_lib2.final_cell_0275-1,human2,beta,0,beta,0.36517403,9.485379,2770,0.3845422863960266
human2_lib2.final_cell_0276-1,human2,alpha,1,alpha,8.548666,-6.109535,2771,0.5232208371162415
human2_lib2.final_cell_0277-1,human2,ductal,3,ductal,18.650776,-0.6765207,2772,1.848849177360535
human2_lib2.final_cell_0278-1,human2,beta,0,beta,2.140299,10.559146,2773,0.3845422863960266
human2_lib2.final_cell_0279-1,human2,ductal,3,ductal,18.053488,2.6465566,2774,1.4469798803329468
human2_lib2.final_cell_0280-1,human2,ductal,3,ductal,18.291574,-0.30338675,2775,1.862779974937439
human2_lib2.final_cell_0281-1,human2,alpha,1,alpha,8.573996,-6.298328,2776,0.5760434865951538
human2_lib2.final_cell_0282-1,human2,activated_stellate,5,activated_stellate,11.598812,5.342698,2777,1.6864140033721924
human2_lib2.final_cell_0283-1,human2,delta,4,delta,-4.3108363,2.2773602,2778,0.4221732914447784
human2_lib2.final_cell_0284-1,human2,beta,0,beta,1.2962958,12.245115,2779,0.3845422863960266
human2_lib2.final_cell_0285-1,human2,beta,0,beta,-0.34281215,12.346843,2780,0.3845422863960266
human2_lib2.final_cell_0286-1,human2,beta,0,beta,1.5391499,9.7948,2781,0.3845422863960266
human2_lib2.final_cell_0287-1,human2,alpha,1,alpha,6.685972,-6.9129863,2782,0.9556527733802797
human2_lib2.final_cell_0288-1,human2,alpha,1,alpha,7.1131477,-5.4068236,2783,0.6090006232261658
human2_lib2.final_cell_0289-1,human2,alpha,1,alpha,9.824308,-7.1780024,2784,0.4323411583900451
human2_lib2.final_cell_0290-1,human2,activated_stellate,5,activated_stellate,11.200089,5.6126356,2785,1.8745923042297363
human2_lib2.final_cell_0291-1,human2,alpha,1,alpha,8.066048,-6.426241,2786,0.4365081191062927
human2_lib2.final_cell_0292-1,human2,alpha,1,alpha,6.3829494,-5.8905983,2787,0.9727193713188172
human2_lib2.final_cell_0293-1,human2,alpha,1,alpha,9.098588,-8.858243,2788,0.5563669204711914
human2_lib2.final_cell_0294-1,human2,alpha,1,alpha,6.879692,-6.3278527,2789,0.5037341117858887
human2_lib2.final_cell_0295-1,human2,alpha,1,alpha,9.770457,-6.7364697,2790,0.4088870882987976
human2_lib2.final_cell_0296-1,human2,delta,4,delta,-3.5695984,2.3429406,2791,0.5786579847335815
human2_lib2.final_cell_0297-1,human2,alpha,1,alpha,6.840987,-4.836701,2792,0.7003457546234131
human2_lib2.final_cell_0298-1,human2,gamma,6,gamma,-2.6225927,-4.0976086,2793,0.8618533611297607
human2_lib2.final_cell_0299-1,human2,alpha,1,alpha,7.8411317,-7.082457,2794,0.5625138282775879
human2_lib2.final_cell_0300-1,human2,alpha,1,alpha,8.238367,-6.5665917,2795,0.4282670319080353
human2_lib2.final_cell_0301-1,human2,gamma,6,gamma,-2.3050058,-4.162242,2796,2.2170989513397217
human2_lib2.final_cell_0302-1,human2,alpha,1,alpha,8.956838,-7.321485,2797,0.4053088724613189
human2_lib2.final_cell_0303-1,human2,alpha,1,alpha,8.401599,-5.3704486,2798,0.7620953321456909
human2_lib2.final_cell_0304-1,human2,alpha,1,alpha,7.8728538,-5.110402,2799,0.4643287062644958
human2_lib2.final_cell_0305-1,human2,alpha,1,alpha,6.274164,-4.2287135,2800,1.75025737285614
human2_lib2.final_cell_0306-1,human2,ductal,3,ductal,18.8004,0.18995674,2801,1.8937700986862185
human2_lib2.final_cell_0307-1,human2,alpha,1,alpha,8.263481,-8.120948,2802,0.5418844819068909
human2_lib2.final_cell_0308-1,human2,activated_stellate,5,activated_stellate,12.336528,5.583447,2803,1.491748332977295
human2_lib2.final_cell_0309-1,human2,alpha,1,alpha,7.7873907,-7.4012785,2804,0.8593611121177673
human2_lib2.final_cell_0310-1,human2,delta,4,delta,-3.2139864,2.9367259,2805,0.3913264274597168
human2_lib2.final_cell_0311-1,human2,alpha,1,alpha,7.7950587,-7.1320944,2806,0.4478330910205841
human2_lib2.final_cell_0312-1,human2,alpha,1,alpha,9.44464,-6.2675533,2807,0.4879361391067505
human2_lib2.final_cell_0313-1,human2,alpha,1,alpha,7.77228,-6.6833963,2808,0.5111305713653564
human2_lib2.final_cell_0314-1,human2,ductal,3,ductal,18.852839,2.1250343,2809,1.4920319318771362
human2_lib2.final_cell_0315-1,human2,delta,4,delta,-3.4935308,2.7949495,2810,0.483798623085022
human2_lib2.final_cell_0316-1,human2,alpha,1,alpha,8.9321165,-5.881683,2811,0.429017961025238
human2_lib2.final_cell_0317-1,human2,alpha,1,alpha,9.027976,-5.9614162,2812,0.6446244120597839
human2_lib2.final_cell_0318-1,human2,alpha,1,alpha,7.9612546,-7.600213,2813,0.5351648926734924
human2_lib2.final_cell_0319-1,human2,alpha,1,alpha,8.458153,-7.947393,2814,0.5119866728782654
human2_lib2.final_cell_0320-1,human2,beta,0,beta,0.72356766,12.027951,2815,0.3845422863960266
human2_lib2.final_cell_0321-1,human2,beta,0,beta,1.067346,10.775317,2816,0.3845422863960266
human2_lib2.final_cell_0322-1,human2,alpha,1,alpha,9.988938,-8.381753,2817,0.5944128036499023
human2_lib2.final_cell_0323-1,human2,activated_stellate,5,activated_stellate,11.556027,5.23944,2818,1.675790548324585
human2_lib2.final_cell_0324-1,human2,alpha,1,alpha,9.432777,-8.523858,2819,0.5887409448623657
human2_lib2.final_cell_0325-1,human2,beta,0,beta,-0.16844,12.651365,2820,0.3845422863960266
human2_lib2.final_cell_0326-1,human2,alpha,1,alpha,9.012788,-6.318181,2821,0.4774409532546997
human2_lib2.final_cell_0327-1,human2,beta,0,beta,0.7941456,11.7065735,2822,0.4368113875389099
human2_lib2.final_cell_0328-1,human2,beta,0,beta,-0.93551564,11.268905,2823,0.3845422863960266
human2_lib2.final_cell_0329-1,human2,alpha,1,alpha,9.964199,-7.389191,2824,0.6809743642807007
human2_lib2.final_cell_0330-1,human2,alpha,1,alpha,7.995528,-5.29967,2825,0.6645826697349548
human2_lib2.final_cell_0331-1,human2,activated_stellate,5,activated_stellate,11.59088,5.1784744,2826,1.566510796546936
human2_lib2.final_cell_0332-1,human2,beta,0,beta,0.8265419,9.387491,2827,0.4165590405464172
human2_lib2.final_cell_0333-1,human2,alpha,1,alpha,9.956676,-7.9318333,2828,0.6688836216926575
human2_lib2.final_cell_0334-1,human2,beta,0,beta,-0.009226757,7.8637657,2829,0.799024760723114
human2_lib2.final_cell_0335-1,human2,delta,4,delta,-3.6574886,2.9305632,2830,0.3845422863960266
human2_lib2.final_cell_0336-1,human2,beta,4,delta,-2.5686986,4.058472,2831,1.6715729236602783
human2_lib2.final_cell_0337-1,human2,alpha,1,alpha,9.420909,-6.2640986,2832,0.5993013381958008
human2_lib2.final_cell_0338-1,human2,beta,0,beta,1.7152098,9.428752,2833,0.6649166345596313
human2_lib2.final_cell_0339-1,human2,gamma,6,gamma,-2.3893356,-3.5024025,2834,1.007115364074707
human2_lib2.final_cell_0340-1,human2,alpha,1,alpha,9.83637,-7.536547,2835,0.4220007359981537
human2_lib2.final_cell_0341-1,human2,alpha,1,alpha,9.4709425,-8.6711445,2836,1.0230728387832642
human2_lib2.final_cell_0342-1,human2,alpha,1,alpha,7.492749,-6.0254736,2837,0.7502629160881042
human2_lib2.final_cell_0343-1,human2,beta,0,beta,1.4069898,11.991586,2838,0.4539302289485931
human2_lib2.final_cell_0344-1,human2,beta,0,beta,-0.080718145,8.797168,2839,0.4504648149013519
human2_lib2.final_cell_0345-1,human2,beta,0,beta,1.0470071,10.303228,2840,0.3845422863960266
human2_lib2.final_cell_0346-1,human2,activated_stellate,5,activated_stellate,12.55741,6.0203214,2841,1.6899216175079346
human2_lib2.final_cell_0347-1,human2,endothelial,7,endothelial,9.535337,13.204389,2842,2.381138801574707
human2_lib2.final_cell_0348-1,human2,macrophage,8,macrophage,13.845166,0.8528243,2843,2.868391513824463
human2_lib2.final_cell_0349-1,human2,alpha,1,alpha,9.407754,-5.9537597,2844,0.493861049413681
human2_lib2.final_cell_0350-1,human2,alpha,1,alpha,7.6758814,-5.429,2845,1.0886681079864502
human2_lib2.final_cell_0351-1,human2,gamma,6,gamma,-3.1014194,-4.103256,2846,0.9966156482696532
human2_lib2.final_cell_0352-1,human2,alpha,1,alpha,8.252094,-7.533272,2847,0.5798033475875854
human2_lib2.final_cell_0353-1,human2,endothelial,7,endothelial,10.113788,12.859976,2848,2.69674015045166
human2_lib2.final_cell_0354-1,human2,alpha,1,alpha,9.195752,-7.701485,2849,0.6559016704559326
human2_lib2.final_cell_0355-1,human2,alpha,1,alpha,8.076342,-5.969332,2850,1.2554829120635986
human2_lib2.final_cell_0356-1,human2,alpha,1,alpha,7.3745546,-6.8102593,2851,0.4926348030567169
human2_lib2.final_cell_0357-1,human2,beta,0,beta,2.0902498,10.03013,2852,0.3845422863960266
human2_lib2.final_cell_0358-1,human2,quiescent_stellate,5,activated_stellate,11.980151,6.29176,2853,1.7165621519088743
human2_lib2.final_cell_0359-1,human2,beta,0,beta,1.7090969,9.638389,2854,0.6317771077156067
human2_lib2.final_cell_0360-1,human2,alpha,1,alpha,9.717514,-7.3106914,2855,0.7309794425964355
human2_lib2.final_cell_0361-1,human2,ductal,3,ductal,18.700928,1.3011801,2856,1.5380289554595947
human2_lib2.final_cell_0362-1,human2,ductal,3,ductal,17.631647,2.9873395,2857,2.110348463058472
human2_lib2.final_cell_0363-1,human2,alpha,1,alpha,7.7914863,-7.439589,2858,0.4605355560779571
human2_lib2.final_cell_0364-1,human2,alpha,1,alpha,9.558833,-6.5946035,2859,1.0887420177459717
human2_lib2.final_cell_0365-1,human2,ductal,3,ductal,18.041712,-0.971697,2860,2.043778657913208
human2_lib2.final_cell_0366-1,human2,beta,0,beta,1.2997724,9.286686,2861,0.3930980265140533
human2_lib2.final_cell_0367-1,human2,alpha,1,alpha,9.511476,-8.365875,2862,0.4667048454284668
human2_lib2.final_cell_0368-1,human2,alpha,1,alpha,9.910315,-7.4500866,2863,0.6306477785110474
human2_lib2.final_cell_0369-1,human2,ductal,3,ductal,19.100283,0.25511065,2864,1.447701096534729
human2_lib2.final_cell_0370-1,human2,beta,0,beta,0.32620198,10.815482,2865,0.4752520322799682
human2_lib2.final_cell_0371-1,human2,endothelial,7,endothelial,12.987986,3.9819546,2866,2.838065385818481
human2_lib2.final_cell_0372-1,human2,alpha,1,alpha,7.2810903,-6.050458,2867,0.6644982099533081
human2_lib2.final_cell_0373-1,human2,alpha,1,alpha,8.974761,-7.087873,2868,0.3983151614665985
human2_lib2.final_cell_0374-1,human2,alpha,1,alpha,8.163714,-8.062826,2869,0.6672548055648804
human2_lib2.final_cell_0375-1,human2,activated_stellate,5,activated_stellate,12.722157,5.843805,2870,2.2190444469451904
human2_lib2.final_cell_0376-1,human2,ductal,3,ductal,18.170538,2.5030217,2871,1.943478226661682
human2_lib2.final_cell_0377-1,human2,alpha,1,alpha,6.3269506,-4.7126226,2872,1.4561896324157717
human2_lib2.final_cell_0378-1,human2,gamma,6,gamma,-2.7728205,-4.1782875,2873,1.2103854417800903
human2_lib2.final_cell_0379-1,human2,alpha,1,alpha,7.5817795,-6.3956165,2874,0.4031790196895599
human2_lib2.final_cell_0380-1,human2,alpha,1,alpha,8.576634,-7.5185003,2875,0.4258312582969665
human2_lib2.final_cell_0381-1,human2,ductal,3,ductal,18.345121,-0.8719451,2876,2.0525474548339844
human2_lib2.final_cell_0382-1,human2,quiescent_stellate,5,activated_stellate,12.112228,5.8405175,2877,2.361780405044556
human2_lib2.final_cell_0383-1,human2,ductal,3,ductal,17.11811,1.8350841,2878,1.877461314201355
human2_lib2.final_cell_0384-1,human2,ductal,2,acinar,15.1215315,5.724705,2879,1.4040471315383911
human2_lib2.final_cell_0385-1,human2,alpha,1,alpha,8.708614,-5.3851204,2880,0.4058587253093719
human2_lib2.final_cell_0386-1,human2,activated_stellate,5,activated_stellate,11.464976,5.1341867,2881,1.823857665061951
human2_lib2.final_cell_0387-1,human2,gamma,6,gamma,-3.0385487,-4.106173,2882,0.9975640177726746
human2_lib2.final_cell_0388-1,human2,ductal,3,ductal,18.414885,-0.7851502,2883,1.843491554260254
human2_lib2.final_cell_0389-1,human2,endothelial,7,endothelial,10.117358,12.8157015,2884,2.437268018722534
human2_lib2.final_cell_0390-1,human2,alpha,1,alpha,9.408426,-6.2836194,2885,0.726665198802948
human2_lib2.final_cell_0391-1,human2,ductal,2,acinar,14.924038,5.046614,2886,1.6101421117782593
human2_lib2.final_cell_0392-1,human2,beta,0,beta,0.7933569,13.379508,2887,0.3845422863960266
human2_lib2.final_cell_0393-1,human2,ductal,3,ductal,18.839785,1.0620571,2888,1.4042619466781616
human2_lib2.final_cell_0394-1,human2,macrophage,8,macrophage,13.918648,0.89092857,2889,2.75073766708374
human2_lib2.final_cell_0395-1,human2,alpha,1,alpha,9.723016,-6.834875,2890,0.5867782235145569
human2_lib2.final_cell_0396-1,human2,alpha,1,alpha,7.978766,-7.564197,2891,0.8808709979057312
human2_lib2.final_cell_0397-1,human2,beta,0,beta,0.730275,12.769218,2892,0.3859976232051849
human2_lib2.final_cell_0398-1,human2,beta,0,beta,2.09191,10.435312,2893,0.3845422863960266
human2_lib2.final_cell_0399-1,human2,beta,0,beta,0.10316316,11.142484,2894,0.3845422863960266
human2_lib2.final_cell_0400-1,human2,alpha,1,alpha,9.727395,-8.0788355,2895,1.0170435905456543
human2_lib2.final_cell_0401-1,human2,activated_stellate,5,activated_stellate,12.5484295,6.040603,2896,1.5130467414855957
human2_lib2.final_cell_0402-1,human2,alpha,1,alpha,7.1157665,-5.653039,2897,0.6326976418495178
human2_lib2.final_cell_0403-1,human2,ductal,2,acinar,16.655813,15.134462,2898,1.8776971101760864
human2_lib2.final_cell_0404-1,human2,alpha,1,alpha,9.33734,-8.230984,2899,0.4130477011203766
human2_lib2.final_cell_0405-1,human2,alpha,1,alpha,9.72762,-8.680475,2900,0.4771271646022796
human2_lib2.final_cell_0406-1,human2,alpha,1,alpha,10.28555,-7.3306937,2901,0.5590981245040894
human2_lib2.final_cell_0407-1,human2,alpha,1,alpha,8.876963,-7.07983,2902,0.7232478260993958
human2_lib2.final_cell_0408-1,human2,gamma,6,gamma,-2.3220499,-3.5792825,2903,0.9806686639785768
human2_lib2.final_cell_0409-1,human2,beta,0,beta,0.029782303,10.429529,2904,0.3845422863960266
human2_lib2.final_cell_0410-1,human2,ductal,3,ductal,19.06452,0.7252033,2905,1.7914984226226809
human2_lib2.final_cell_0411-1,human2,beta,0,beta,1.0848721,11.457738,2906,0.3845422863960266
human2_lib2.final_cell_0412-1,human2,alpha,1,alpha,8.438129,-6.2557,2907,0.632896363735199
human2_lib2.final_cell_0413-1,human2,beta,0,beta,-0.026684934,9.451363,2908,0.3845422863960266
human2_lib2.final_cell_0414-1,human2,alpha,1,alpha,9.662675,-7.104513,2909,0.7567315697669983
human2_lib2.final_cell_0415-1,human2,alpha,1,alpha,8.453155,-6.8625464,2910,0.9260839819908142
human2_lib2.final_cell_0416-1,human2,beta,0,beta,1.7891105,12.014545,2911,0.3845422863960266
human2_lib2.final_cell_0417-1,human2,alpha,1,alpha,9.618173,-6.800493,2912,0.7722074389457703
human2_lib2.final_cell_0418-1,human2,alpha,1,alpha,8.217225,-6.4736776,2913,0.5558900237083435
human2_lib2.final_cell_0419-1,human2,gamma,6,gamma,-2.3155255,-3.8754263,2914,1.193903565406799
human2_lib2.final_cell_0420-1,human2,ductal,3,ductal,17.996101,-1.0024289,2915,1.77174973487854
human2_lib2.final_cell_0421-1,human2,beta,0,beta,1.640934,9.717154,2916,0.3845422863960266
human2_lib2.final_cell_0422-1,human2,alpha,1,alpha,10.275477,-7.5023537,2917,0.5057662129402161
human2_lib2.final_cell_0423-1,human2,alpha,1,alpha,6.30958,-4.589283,2918,0.7515392303466797
human2_lib2.final_cell_0424-1,human2,alpha,1,alpha,8.503902,-6.7143674,2919,0.6922767758369446
human2_lib2.final_cell_0425-1,human2,alpha,1,alpha,8.807255,-7.7697973,2920,0.8662664294242859
human2_lib2.final_cell_0426-1,human2,gamma,6,gamma,-2.4782226,-4.25835,2921,1.174977421760559
human2_lib2.final_cell_0427-1,human2,delta,4,delta,-4.2907505,2.2815528,2922,0.433734267950058
human2_lib2.final_cell_0428-1,human2,alpha,1,alpha,8.154271,-7.2939615,2923,0.4208931028842926
human2_lib2.final_cell_0429-1,human2,activated_stellate,5,activated_stellate,11.702673,5.1891418,2924,1.4091805219650269
human2_lib2.final_cell_0430-1,human2,macrophage,8,macrophage,-11.029028,6.383152,2925,3.217190742492676
human2_lib2.final_cell_0431-1,human2,beta,0,beta,1.8866024,11.401761,2926,0.4113901257514953
human2_lib2.final_cell_0432-1,human2,beta,0,beta,-0.21986724,9.996443,2927,0.3845422863960266
human2_lib2.final_cell_0433-1,human2,alpha,1,alpha,7.4987907,-6.598162,2928,0.4836543798446655
human2_lib2.final_cell_0434-1,human2,gamma,6,gamma,-2.5243413,-4.256803,2929,2.149176597595215
human2_lib2.final_cell_0435-1,human2,beta,0,beta,1.5933018,10.563523,2930,0.3845422863960266
human2_lib2.final_cell_0436-1,human2,alpha,1,alpha,8.187973,-7.1642876,2931,0.5582924485206604
human2_lib2.final_cell_0437-1,human2,alpha,1,alpha,9.428443,-6.6705103,2932,0.8044558167457581
human2_lib2.final_cell_0438-1,human2,ductal,2,acinar,14.902281,5.0602984,2933,1.7045716047286987
human2_lib2.final_cell_0439-1,human2,beta,0,beta,1.8363984,11.267198,2934,0.3845422863960266
human2_lib2.final_cell_0440-1,human2,beta,0,beta,0.89645267,10.057477,2935,0.4413682818412781
human2_lib2.final_cell_0441-1,human2,alpha,1,alpha,8.277337,-8.087975,2936,0.8599008321762085
human2_lib2.final_cell_0442-1,human2,alpha,1,alpha,7.3880296,-5.403808,2937,1.263301968574524
human2_lib2.final_cell_0443-1,human2,ductal,2,acinar,14.970132,5.1631136,2938,1.9792722463607788
human2_lib2.final_cell_0444-1,human2,alpha,1,alpha,9.981889,-7.2068424,2939,1.4145710468292236
human2_lib2.final_cell_0445-1,human2,alpha,1,alpha,7.6875143,-6.0046477,2940,0.7718310952186584
human2_lib2.final_cell_0446-1,human2,alpha,1,alpha,9.303462,-7.704664,2941,0.4683108627796173
human2_lib2.final_cell_0447-1,human2,alpha,1,alpha,8.318216,-8.00267,2942,0.5188533663749695
human2_lib2.final_cell_0448-1,human2,activated_stellate,5,activated_stellate,10.762958,4.8784027,2943,1.612541437149048
human2_lib2.final_cell_0449-1,human2,alpha,1,alpha,9.757815,-6.8478317,2944,0.9872033596038818
human2_lib2.final_cell_0450-1,human2,alpha,1,alpha,7.261325,-6.088885,2945,0.6726662516593933
human2_lib2.final_cell_0451-1,human2,alpha,1,alpha,8.280497,-6.1371927,2946,0.4375636875629425
human2_lib2.final_cell_0452-1,human2,alpha,1,alpha,9.39755,-6.8166556,2947,0.4059208333492279
human2_lib2.final_cell_0453-1,human2,gamma,6,gamma,-2.4382334,-3.5762105,2948,1.2381762266159058
human2_lib2.final_cell_0454-1,human2,beta,0,beta,0.75847995,8.878934,2949,0.6201040148735046
human2_lib2.final_cell_0455-1,human2,alpha,1,alpha,8.204938,-5.562477,2950,0.7457914352416992
human2_lib2.final_cell_0456-1,human2,alpha,1,alpha,9.758267,-6.941993,2951,0.625393271446228
human2_lib2.final_cell_0457-1,human2,alpha,1,alpha,8.294843,-7.129589,2952,0.559727668762207
human2_lib2.final_cell_0458-1,human2,beta,0,beta,-0.6076124,9.307217,2953,0.3865927159786224
human2_lib2.final_cell_0459-1,human2,beta,0,beta,0.3487449,10.591673,2954,0.3845422863960266
human2_lib2.final_cell_0460-1,human2,alpha,1,alpha,9.460989,-8.073814,2955,0.4479919373989105
human2_lib2.final_cell_0461-1,human2,alpha,1,alpha,8.054829,-4.790131,2956,0.6731626391410828
human2_lib2.final_cell_0462-1,human2,quiescent_stellate,5,activated_stellate,12.8206005,5.6041293,2957,2.153148889541626
human2_lib2.final_cell_0463-1,human2,ductal,3,ductal,19.15672,-0.09713962,2958,1.630014419555664
human2_lib2.final_cell_0464-1,human2,alpha,1,alpha,8.912403,-8.208332,2959,0.4752000272274017
human2_lib2.final_cell_0465-1,human2,beta,0,beta,1.1313967,8.676358,2960,0.4401363432407379
human2_lib2.final_cell_0466-1,human2,alpha,1,alpha,8.03095,-8.041245,2961,0.6215081214904785
human2_lib2.final_cell_0467-1,human2,beta,0,beta,0.21963651,12.975375,2962,0.4917018115520477
human2_lib2.final_cell_0468-1,human2,ductal,3,ductal,18.865755,-0.10843346,2963,1.7763123512268066
human2_lib2.final_cell_0469-1,human2,beta,0,beta,0.8025244,9.057374,2964,0.4538069069385528
human2_lib2.final_cell_0470-1,human2,alpha,1,alpha,7.3673196,-5.785963,2965,0.9868772029876708
human2_lib2.final_cell_0471-1,human2,alpha,1,alpha,7.369944,-6.520593,2966,1.068570852279663
human2_lib2.final_cell_0472-1,human2,gamma,6,gamma,-2.4742088,-4.1087947,2967,0.9367222785949708
human2_lib2.final_cell_0473-1,human2,alpha,1,alpha,9.235869,-7.5007167,2968,0.4793941676616668
human2_lib2.final_cell_0474-1,human2,alpha,1,alpha,7.750163,-6.490059,2969,0.5864869356155396
human2_lib2.final_cell_0475-1,human2,beta,0,beta,0.9067273,9.093438,2970,0.4511198401451111
human2_lib2.final_cell_0476-1,human2,activated_stellate,5,activated_stellate,10.777081,4.86433,2971,1.6859323978424072
human2_lib2.final_cell_0477-1,human2,alpha,1,alpha,8.665285,-6.772497,2972,0.9478464126586914
human2_lib2.final_cell_0478-1,human2,endothelial,7,endothelial,9.788862,13.308793,2973,2.6217708587646484
human2_lib2.final_cell_0479-1,human2,alpha,1,alpha,8.760193,-8.376777,2974,0.4561165869235992
human2_lib2.final_cell_0480-1,human2,alpha,1,alpha,9.720243,-7.3513985,2975,0.8060572147369385
human2_lib2.final_cell_0481-1,human2,alpha,1,alpha,9.770281,-7.437697,2976,0.6007724404335022
human2_lib2.final_cell_0482-1,human2,alpha,1,alpha,7.2229056,-5.1963243,2977,0.8072873950004578
human2_lib2.final_cell_0483-1,human2,beta,0,beta,1.7465318,11.36822,2978,0.3845422863960266
human2_lib2.final_cell_0484-1,human2,alpha,1,alpha,7.976821,-7.918603,2979,0.7492837309837341
human2_lib2.final_cell_0485-1,human2,beta,0,beta,1.2734348,10.466774,2980,0.6230855584144592
human2_lib2.final_cell_0486-1,human2,alpha,1,alpha,7.9007535,-5.817126,2981,0.4910068213939667
human2_lib2.final_cell_0487-1,human2,alpha,1,alpha,7.4135513,-5.448371,2982,0.7278510928153992
human2_lib2.final_cell_0488-1,human2,gamma,6,gamma,-2.4791965,-4.048161,2983,0.9469642043113708
human2_lib2.final_cell_0489-1,human2,alpha,1,alpha,9.38907,-8.400461,2984,0.7054576277732849
human2_lib2.final_cell_0490-1,human2,alpha,1,alpha,8.400671,-6.261936,2985,0.8917225003242493
human2_lib2.final_cell_0491-1,human2,alpha,1,alpha,8.531244,-6.717981,2986,0.4495694041252136
human2_lib2.final_cell_0492-1,human2,alpha,1,alpha,9.731866,-7.064745,2987,0.557316780090332
human2_lib2.final_cell_0493-1,human2,alpha,1,alpha,7.142638,-5.3801885,2988,0.7809844613075256
human2_lib2.final_cell_0494-1,human2,alpha,1,alpha,8.006549,-7.760194,2989,0.4180071949958801
human2_lib2.final_cell_0495-1,human2,alpha,1,alpha,9.50519,-7.614041,2990,0.648722767829895
human2_lib2.final_cell_0496-1,human2,beta,0,beta,1.6313891,9.800125,2991,0.5336442589759827
human2_lib2.final_cell_0497-1,human2,alpha,1,alpha,7.7719245,-7.2890487,2992,0.6669101715087891
human2_lib2.final_cell_0498-1,human2,alpha,1,alpha,9.074559,-8.022584,2993,0.584126353263855
human2_lib2.final_cell_0499-1,human2,ductal,3,ductal,18.328602,-0.8493743,2994,1.6383492946624756
human2_lib2.final_cell_0500-1,human2,activated_stellate,5,activated_stellate,12.1503935,6.1929092,2995,1.643272042274475
human2_lib2.final_cell_0501-1,human2,ductal,3,ductal,18.2206,2.587238,2996,1.4872429370880127
human2_lib2.final_cell_0502-1,human2,alpha,1,alpha,7.556672,-5.809229,2997,0.9695492386817932
human2_lib2.final_cell_0503-1,human2,alpha,1,alpha,7.7943726,-7.6909323,2998,0.8206161260604858
human2_lib2.final_cell_0504-1,human2,mast,8,macrophage,15.58116,1.2176596,2999,4.432863235473633
human2_lib2.final_cell_0505-1,human2,alpha,1,alpha,7.8777294,-6.965342,3000,0.444140762090683
human2_lib2.final_cell_0506-1,human2,alpha,1,alpha,8.987992,-8.122512,3001,0.6245142817497253
human2_lib2.final_cell_0507-1,human2,beta,0,beta,1.6925995,10.743211,3002,0.4555880129337311
human2_lib2.final_cell_0508-1,human2,beta,0,beta,0.12639646,10.390615,3003,1.3063387870788574
human2_lib2.final_cell_0509-1,human2,beta,0,beta,1.5122044,9.712664,3004,0.4032106101512909
human2_lib2.final_cell_0510-1,human2,ductal,3,ductal,18.360764,-0.04220988,3005,1.8021889925003047
human2_lib2.final_cell_0511-1,human2,beta,0,beta,1.6473151,9.893421,3006,0.4268352687358856
human2_lib2.final_cell_0512-1,human2,alpha,1,alpha,6.322003,-4.544525,3007,1.1365482807159424
human2_lib2.final_cell_0513-1,human2,beta,0,beta,-0.9377136,11.683663,3008,0.3956250250339508
human2_lib2.final_cell_0514-1,human2,ductal,3,ductal,15.008783,4.8615036,3009,2.240983009338379
human2_lib2.final_cell_0515-1,human2,alpha,1,alpha,9.057612,-5.934588,3010,1.288130760192871
human2_lib2.final_cell_0516-1,human2,schwann,5,activated_stellate,11.9612875,6.205309,3011,2.482877492904663
human2_lib2.final_cell_0517-1,human2,alpha,1,alpha,7.78959,-5.416079,3012,0.5600838661193848
human2_lib2.final_cell_0518-1,human2,alpha,1,alpha,9.786093,-7.1094723,3013,0.4934817552566528
human2_lib2.final_cell_0519-1,human2,beta,0,beta,1.7657436,12.097546,3014,0.3845422863960266
human2_lib2.final_cell_0520-1,human2,gamma,6,gamma,-2.1346664,-3.7642376,3015,1.6596925258636477
human2_lib2.final_cell_0521-1,human2,beta,0,beta,-0.59922045,10.682209,3016,0.4509813189506531
human2_lib2.final_cell_0522-1,human2,ductal,3,ductal,18.729889,0.75426495,3017,1.660423755645752
human2_lib2.final_cell_0523-1,human2,ductal,3,ductal,18.09263,-0.9808831,3018,1.803267002105713
human2_lib2.final_cell_0524-1,human2,alpha,1,alpha,9.865943,-7.0539927,3019,0.4212075471878052
human2_lib2.final_cell_0525-1,human2,gamma,6,gamma,-2.8304648,-4.1976624,3020,1.0663243532180786
human2_lib2.final_cell_0526-1,human2,mast,8,macrophage,15.561594,1.2204623,3021,3.972010850906372
human2_lib2.final_cell_0527-1,human2,gamma,6,gamma,-2.5281794,-3.9566839,3022,0.862247884273529
human2_lib2.final_cell_0528-1,human2,mast,8,macrophage,15.57459,1.2109367,3023,4.290943145751953
human2_lib2.final_cell_0529-1,human2,alpha,1,alpha,9.960388,-7.827011,3024,0.5444050431251526
human2_lib2.final_cell_0530-1,human2,ductal,3,ductal,18.166176,2.429927,3025,1.820900797843933
human2_lib2.final_cell_0531-1,human2,gamma,6,gamma,-3.0230372,-4.2512517,3026,0.7936257719993591
human2_lib2.final_cell_0532-1,human2,alpha,1,alpha,8.33524,-7.5143547,3027,0.4664788842201233
human2_lib2.final_cell_0533-1,human2,alpha,1,alpha,9.199442,-8.543137,3028,0.4847122728824615
human2_lib2.final_cell_0534-1,human2,alpha,1,alpha,9.47829,-6.1925826,3029,0.7803779244422913
human2_lib2.final_cell_0535-1,human2,alpha,1,alpha,8.459524,-6.514886,3030,0.6332392692565918
human2_lib2.final_cell_0536-1,human2,ductal,3,ductal,18.477823,2.168009,3031,1.6185072660446167
human2_lib2.final_cell_0537-1,human2,alpha,1,alpha,8.864065,-6.143071,3032,0.6243139505386353
human2_lib2.final_cell_0538-1,human2,alpha,1,alpha,8.1739235,-8.291561,3033,0.5652477145195007
human2_lib2.final_cell_0539-1,human2,alpha,1,alpha,8.175086,-7.5017014,3034,0.5026306509971619
human2_lib2.final_cell_0540-1,human2,mast,8,macrophage,15.589226,1.2198969,3035,3.5166234970092773
human2_lib2.final_cell_0541-1,human2,alpha,1,alpha,6.325333,-4.648447,3036,0.6544655561447144
human2_lib2.final_cell_0542-1,human2,alpha,1,alpha,9.465394,-5.8289714,3037,0.6395158171653748
human2_lib2.final_cell_0543-1,human2,quiescent_stellate,5,activated_stellate,11.977385,6.280892,3038,2.262834072113037
human2_lib2.final_cell_0544-1,human2,beta,0,beta,-0.67895,10.685334,3039,0.3845422863960266
human2_lib2.final_cell_0545-1,human2,alpha,1,alpha,10.028066,-7.254907,3040,0.4387653768062591
human2_lib2.final_cell_0546-1,human2,beta,0,beta,1.5172136,10.982839,3041,0.5694226026535034
human2_lib2.final_cell_0547-1,human2,alpha,1,alpha,7.956212,-6.765655,3042,0.9692103862762452
human2_lib2.final_cell_0548-1,human2,alpha,1,alpha,8.1579895,-5.38091,3043,1.0108318328857422
human2_lib2.final_cell_0549-1,human2,gamma,6,gamma,-2.70091,-3.4831014,3044,0.9606547951698304
human2_lib2.final_cell_0550-1,human2,gamma,6,gamma,-2.259477,-3.4219735,3045,1.3343894481658936
human2_lib2.final_cell_0551-1,human2,ductal,3,ductal,18.905653,2.0351381,3046,1.1304118633270264
human2_lib2.final_cell_0552-1,human2,alpha,1,alpha,6.568363,-4.9416747,3047,1.3068335056304932
human2_lib2.final_cell_0553-1,human2,activated_stellate,5,activated_stellate,11.453961,5.083443,3048,1.794075608253479
human2_lib2.final_cell_0554-1,human2,alpha,1,alpha,8.84472,-6.3966036,3049,0.6615139245986938
human2_lib2.final_cell_0555-1,human2,ductal,3,ductal,18.412535,2.0023422,3050,1.8790929317474363
human2_lib2.final_cell_0556-1,human2,delta,4,delta,-3.610457,2.9028158,3051,1.0654034614562988
human2_lib2.final_cell_0557-1,human2,alpha,1,alpha,9.685392,-6.712907,3052,1.2870056629180908
human2_lib2.final_cell_0558-1,human2,alpha,1,alpha,7.466677,-5.142934,3053,0.4801522493362427
human2_lib2.final_cell_0559-1,human2,activated_stellate,5,activated_stellate,11.218382,4.8731613,3054,2.330618143081665
human2_lib2.final_cell_0560-1,human2,beta,0,beta,2.1185422,11.268463,3055,0.4823231399059295
human2_lib2.final_cell_0561-1,human2,alpha,1,alpha,7.161869,-6.968157,3056,1.318876028060913
human2_lib2.final_cell_0562-1,human2,quiescent_stellate,5,activated_stellate,11.624241,4.9582124,3057,1.477882742881775
human2_lib2.final_cell_0563-1,human2,ductal,3,ductal,19.068462,0.23949848,3058,1.4108426570892334
human2_lib2.final_cell_0564-1,human2,alpha,1,alpha,6.482744,-3.6192307,3059,1.2148587703704834
human2_lib2.final_cell_0565-1,human2,quiescent_stellate,5,activated_stellate,11.6075325,4.9379983,3060,2.3833673000335693
human2_lib2.final_cell_0566-1,human2,ductal,2,acinar,17.819658,11.752732,3061,1.777060627937317
human2_lib2.final_cell_0567-1,human2,alpha,1,alpha,9.491153,-6.157206,3062,0.4891955256462097
human2_lib2.final_cell_0568-1,human2,activated_stellate,5,activated_stellate,10.88909,4.9087715,3063,2.440004348754883
human2_lib2.final_cell_0569-1,human2,beta,0,beta,-0.8866094,11.377117,3064,0.3939124047756195
human2_lib2.final_cell_0570-1,human2,beta,0,beta,0.3836068,9.608965,3065,0.4302294552326202
human2_lib2.final_cell_0571-1,human2,activated_stellate,5,activated_stellate,12.740077,5.7302003,3066,2.2342991828918457
human2_lib2.final_cell_0572-1,human2,alpha,1,alpha,6.548711,-4.862295,3067,1.3313443660736084
human2_lib2.final_cell_0573-1,human2,alpha,1,alpha,7.7741632,-5.218833,3068,0.5247734785079956
human2_lib2.final_cell_0574-1,human2,ductal,3,ductal,18.32746,2.4935057,3069,1.4182498455047607
human2_lib2.final_cell_0575-1,human2,beta,0,beta,0.99596065,9.862798,3070,0.9220715761184692
human2_lib2.final_cell_0576-1,human2,beta,0,beta,1.6691788,9.518427,3071,0.4657081961631775
human2_lib2.final_cell_0577-1,human2,alpha,1,alpha,9.820114,-7.2531724,3072,0.7044211030006409
human2_lib2.final_cell_0578-1,human2,schwann,5,activated_stellate,12.201627,4.0988064,3073,2.4793527126312256
human2_lib2.final_cell_0579-1,human2,gamma,6,gamma,-2.345813,-3.4717395,3074,0.7908228635787964
human2_lib2.final_cell_0580-1,human2,ductal,3,ductal,18.234337,2.4469867,3075,1.287636160850525
human2_lib2.final_cell_0581-1,human2,alpha,1,alpha,8.234745,-6.5836825,3076,0.8807499408721924
human2_lib2.final_cell_0582-1,human2,t_cell,8,macrophage,16.019573,1.3436341,3077,3.623354196548462
human2_lib2.final_cell_0583-1,human2,schwann,5,activated_stellate,12.702543,4.191312,3078,2.455471992492676
human2_lib2.final_cell_0584-1,human2,beta,0,beta,0.62467283,12.004342,3079,0.3998014330863952
human2_lib2.final_cell_0585-1,human2,gamma,6,gamma,-2.341752,-4.190475,3080,2.2244057655334477
human2_lib2.final_cell_0586-1,human2,beta,0,beta,1.1646534,9.747747,3081,0.4358232617378235
human2_lib2.final_cell_0587-1,human2,beta,0,beta,0.6844441,11.907782,3082,0.3845422863960266
human2_lib2.final_cell_0588-1,human2,beta,0,beta,1.4041996,9.957591,3083,0.3845422863960266
human2_lib2.final_cell_0589-1,human2,beta,0,beta,-0.9961118,9.157937,3084,0.8608515858650208
human2_lib2.final_cell_0590-1,human2,t_cell,8,macrophage,16.05121,1.3487267,3085,3.623354196548462
human2_lib2.final_cell_0591-1,human2,beta,0,beta,0.22049077,10.376416,3086,0.4886837303638458
human2_lib2.final_cell_0592-1,human2,beta,0,beta,0.7653292,9.7977085,3087,0.4913990199565887
human2_lib2.final_cell_0593-1,human2,alpha,1,alpha,7.4554725,-5.164902,3088,0.5211832523345947
human2_lib2.final_cell_0594-1,human2,beta,0,beta,-0.30017352,10.547214,3089,0.3982883393764496
human2_lib2.final_cell_0595-1,human2,alpha,1,alpha,7.342983,-4.3869762,3090,1.257211208343506
human2_lib2.final_cell_0596-1,human2,ductal,3,ductal,18.783298,1.6959703,3091,1.6414090394973757
human2_lib2.final_cell_0597-1,human2,beta,0,beta,0.115997836,10.600256,3092,0.3845422863960266
human2_lib2.final_cell_0598-1,human2,alpha,1,alpha,5.889694,-4.113463,3093,1.1969966888427734
human2_lib2.final_cell_0599-1,human2,ductal,2,acinar,15.135275,5.7352023,3094,1.845681309700012
human2_lib2.final_cell_0600-1,human2,alpha,1,alpha,6.635977,-3.9902155,3095,1.6480666399002075
human2_lib3.final_cell_0001-1,human2,beta,0,beta,-0.68585163,12.23839,3096,0.3930500745773315
human2_lib3.final_cell_0002-1,human2,delta,4,delta,-3.9727185,3.191646,3097,0.3845422863960266
human2_lib3.final_cell_0003-1,human2,delta,4,delta,-4.6832557,2.5399172,3098,0.3902969062328338
human2_lib3.final_cell_0004-1,human2,beta,0,beta,1.0304239,13.293726,3099,0.3936578035354614
human2_lib3.final_cell_0005-1,human2,ductal,2,acinar,17.43944,16.150982,3100,1.419860601425171
human2_lib3.final_cell_0006-1,human2,alpha,1,alpha,8.783188,-7.814627,3101,0.9457153677940368
human2_lib3.final_cell_0007-1,human2,beta,0,beta,-0.82093453,10.851149,3102,0.3913011848926544
human2_lib3.final_cell_0008-1,human2,ductal,3,ductal,18.723946,-0.4016309,3103,1.5180546045303345
human2_lib3.final_cell_0009-1,human2,alpha,1,alpha,7.474328,-6.612592,3104,0.5864306688308716
human2_lib3.final_cell_0010-1,human2,delta,4,delta,-4.8684406,2.6218793,3105,0.643397867679596
human2_lib3.final_cell_0011-1,human2,ductal,2,acinar,16.061054,16.186495,3106,1.4756271839141846
human2_lib3.final_cell_0012-1,human2,alpha,1,alpha,8.744104,-6.1266456,3107,0.8924728035926819
human2_lib3.final_cell_0013-1,human2,ductal,2,acinar,14.842934,5.035412,3108,1.5618090629577637
human2_lib3.final_cell_0014-1,human2,delta,4,delta,-4.461782,2.8117123,3109,0.4722273647785187
human2_lib3.final_cell_0015-1,human2,ductal,3,ductal,18.039152,0.40139502,3110,1.9996588230133057
human2_lib3.final_cell_0016-1,human2,alpha,1,alpha,8.065063,-5.937956,3111,0.6338253617286682
human2_lib3.final_cell_0017-1,human2,ductal,3,ductal,19.025629,-0.22100267,3112,1.829799771308899
human2_lib3.final_cell_0018-1,human2,ductal,2,acinar,15.058543,5.5173707,3113,1.428568959236145
human2_lib3.final_cell_0019-1,human2,delta,4,delta,-4.315955,3.1385567,3114,0.3845422863960266
human2_lib3.final_cell_0020-1,human2,delta,4,delta,-3.8700826,2.7171733,3115,0.438250720500946
human2_lib3.final_cell_0021-1,human2,alpha,1,alpha,6.940659,-6.436367,3116,1.158535122871399
human2_lib3.final_cell_0022-1,human2,beta,0,beta,1.1441925,12.836021,3117,0.3845422863960266
human2_lib3.final_cell_0023-1,human2,delta,4,delta,-3.793462,2.6015058,3118,0.3845422863960266
human2_lib3.final_cell_0024-1,human2,delta,4,delta,-4.343077,2.7775202,3119,0.5360190868377686
human2_lib3.final_cell_0025-1,human2,beta,0,beta,0.2964342,10.840171,3120,0.3845422863960266
human2_lib3.final_cell_0026-1,human2,delta,4,delta,-3.3784516,3.7094643,3121,0.5340982675552368
human2_lib3.final_cell_0027-1,human2,ductal,2,acinar,15.167589,5.804554,3122,1.7117640972137451
human2_lib3.final_cell_0028-1,human2,ductal,2,acinar,15.170325,5.8055205,3123,1.422295093536377
human2_lib3.final_cell_0029-1,human2,ductal,2,acinar,14.79803,4.976922,3124,1.4387019872665403
human2_lib3.final_cell_0030-1,human2,ductal,2,acinar,16.937853,14.402742,3125,1.3561443090438845
human2_lib3.final_cell_0031-1,human2,delta,4,delta,-4.74227,2.7196052,3126,0.5384384989738464
human2_lib3.final_cell_0032-1,human2,alpha,1,alpha,8.767467,-6.29055,3127,0.751956582069397
human2_lib3.final_cell_0033-1,human2,delta,4,delta,-4.517065,2.8940628,3128,0.4135559201240539
human2_lib3.final_cell_0034-1,human2,alpha,1,alpha,8.6772,-6.411388,3129,0.5085001587867737
human2_lib3.final_cell_0035-1,human2,beta,0,beta,-1.0025336,11.994265,3130,0.3993622660636902
human2_lib3.final_cell_0036-1,human2,ductal,2,acinar,15.841931,16.355324,3131,1.4111469984054563
human2_lib3.final_cell_0037-1,human2,epsilon,6,gamma,-1.7281048,-2.9750853,3132,1.504712700843811
human2_lib3.final_cell_0038-1,human2,alpha,1,alpha,9.497304,-8.0093155,3133,0.4113466739654541
human2_lib3.final_cell_0039-1,human2,delta,4,delta,-3.1204097,2.5532308,3134,0.4597779810428619
human2_lib3.final_cell_0040-1,human2,alpha,1,alpha,8.618977,-5.2954845,3135,0.9453138709068298
human2_lib3.final_cell_0041-1,human2,delta,4,delta,-4.6562014,3.047226,3136,0.4307548403739929
human2_lib3.final_cell_0042-1,human2,alpha,1,alpha,9.953889,-7.470927,3137,0.4310851693153381
human2_lib3.final_cell_0043-1,human2,delta,4,delta,-4.1004047,2.571013,3138,0.3845422863960266
human2_lib3.final_cell_0044-1,human2,activated_stellate,5,activated_stellate,12.222583,5.784691,3139,1.5362790822982788
human2_lib3.final_cell_0045-1,human2,alpha,1,alpha,9.362543,-6.5458174,3140,1.5144590139389038
human2_lib3.final_cell_0046-1,human2,alpha,1,alpha,9.932336,-7.6011305,3141,0.5448134541511536
human2_lib3.final_cell_0047-1,human2,delta,4,delta,-4.911074,2.737192,3142,0.7168619632720947
human2_lib3.final_cell_0048-1,human2,delta,4,delta,-3.348623,2.6687188,3143,0.5818771719932556
human2_lib3.final_cell_0049-1,human2,beta,0,beta,-0.7519776,11.865709,3144,0.4297884106636047
human2_lib3.final_cell_0050-1,human2,beta,0,beta,0.15083621,12.387432,3145,0.4273228645324707
human2_lib3.final_cell_0051-1,human2,alpha,1,alpha,9.531815,-7.807176,3146,0.5634452700614929
human2_lib3.final_cell_0052-1,human2,alpha,1,alpha,9.897135,-7.939593,3147,0.408825159072876
human2_lib3.final_cell_0053-1,human2,beta,0,beta,-0.29195586,11.826717,3148,0.3845422863960266
human2_lib3.final_cell_0054-1,human2,delta,4,delta,-4.662567,2.3787723,3149,0.4931126236915588
human2_lib3.final_cell_0055-1,human2,alpha,1,alpha,10.110905,-7.2582436,3150,0.7791399359703064
human2_lib3.final_cell_0056-1,human2,alpha,1,alpha,9.994885,-8.13661,3151,0.7128740549087524
human2_lib3.final_cell_0057-1,human2,activated_stellate,5,activated_stellate,13.028082,5.166585,3152,2.4939630031585693
human2_lib3.final_cell_0058-1,human2,ductal,2,acinar,14.777653,4.9721003,3153,1.6488351821899414
human2_lib3.final_cell_0059-1,human2,alpha,1,alpha,9.466799,-7.281879,3154,0.8769502639770508
human2_lib3.final_cell_0060-1,human2,beta,0,beta,1.1134378,12.041374,3155,0.4917416870594024
human2_lib3.final_cell_0061-1,human2,alpha,1,alpha,10.043367,-7.4980936,3156,0.4059920012950897
human2_lib3.final_cell_0062-1,human2,activated_stellate,5,activated_stellate,12.473634,5.8128624,3157,1.6816798448562622
human2_lib3.final_cell_0063-1,human2,alpha,1,alpha,10.044255,-7.391441,3158,0.4865674674510956
human2_lib3.final_cell_0064-1,human2,ductal,2,acinar,15.201501,5.885913,3159,1.3005170822143557
human2_lib3.final_cell_0065-1,human2,alpha,1,alpha,8.40256,-6.155411,3160,0.4648563265800476
human2_lib3.final_cell_0066-1,human2,acinar,2,acinar,14.83212,4.9931283,3161,1.5459285974502563
human2_lib3.final_cell_0067-1,human2,alpha,1,alpha,9.881079,-8.483029,3162,0.420697957277298
human2_lib3.final_cell_0068-1,human2,beta,0,beta,-0.45195383,10.6600485,3163,0.3845422863960266
human2_lib3.final_cell_0069-1,human2,delta,4,delta,-2.8909972,2.6676958,3164,0.666716456413269
human2_lib3.final_cell_0070-1,human2,alpha,1,alpha,8.230292,-8.114754,3165,0.7656069993972778
human2_lib3.final_cell_0071-1,human2,alpha,1,alpha,9.518223,-8.070509,3166,0.6857982873916626
human2_lib3.final_cell_0072-1,human2,alpha,1,alpha,7.651814,-7.1042347,3167,0.8648955821990967
human2_lib3.final_cell_0073-1,human2,alpha,1,alpha,8.614076,-7.266694,3168,1.0094285011291504
human2_lib3.final_cell_0074-1,human2,alpha,1,alpha,9.494633,-8.063391,3169,0.6483901143074036
human2_lib3.final_cell_0075-1,human2,alpha,1,alpha,9.619573,-8.539531,3170,0.6123252511024475
human2_lib3.final_cell_0076-1,human2,macrophage,8,macrophage,-11.029614,6.382309,3171,2.464503526687622
human2_lib3.final_cell_0077-1,human2,macrophage,8,macrophage,13.498135,0.6572097,3172,2.640648126602173
human2_lib3.final_cell_0078-1,human2,ductal,3,ductal,18.2453,-0.7307602,3173,1.8905344009399412
human2_lib3.final_cell_0079-1,human2,beta,0,beta,1.840355,10.68435,3174,0.3845422863960266
human2_lib3.final_cell_0080-1,human2,ductal,3,ductal,18.098223,2.2165275,3175,1.3576756715774536
human2_lib3.final_cell_0081-1,human2,ductal,2,acinar,15.168893,5.786123,3176,1.6574993133544922
human2_lib3.final_cell_0082-1,human2,alpha,1,alpha,9.439695,-8.340491,3177,0.6188207864761353
human2_lib3.final_cell_0083-1,human2,alpha,1,alpha,9.9256525,-7.086446,3178,0.5013874173164368
human2_lib3.final_cell_0084-1,human2,alpha,1,alpha,9.111399,-7.1623263,3179,0.8318300247192383
human2_lib3.final_cell_0085-1,human2,alpha,1,alpha,10.004804,-8.003318,3180,0.442508339881897
human2_lib3.final_cell_0086-1,human2,ductal,2,acinar,14.868069,5.024092,3181,1.6302402019500732
human2_lib3.final_cell_0087-1,human2,delta,4,delta,-3.7309213,2.8551927,3182,0.3845422863960266
human2_lib3.final_cell_0088-1,human2,delta,4,delta,-2.9228067,2.6819646,3183,1.0288405418395996
human2_lib3.final_cell_0089-1,human2,beta,0,beta,1.5502163,10.99535,3184,0.3863142430782318
human2_lib3.final_cell_0090-1,human2,alpha,1,alpha,8.999952,-8.244438,3185,0.5026286244392395
human2_lib3.final_cell_0091-1,human2,ductal,2,acinar,14.937394,5.119567,3186,1.821383357048035
human2_lib3.final_cell_0092-1,human2,ductal,3,ductal,17.668312,2.9053195,3187,1.6235134601593018
human2_lib3.final_cell_0093-1,human2,beta,0,beta,1.2958701,9.983434,3188,0.3845422863960266
human2_lib3.final_cell_0094-1,human2,alpha,1,alpha,8.501364,-7.510534,3189,0.5970973372459412
human2_lib3.final_cell_0095-1,human2,delta,4,delta,-3.751015,3.0194502,3190,0.4093678295612335
human2_lib3.final_cell_0096-1,human2,beta,0,beta,-0.60285807,12.743137,3191,0.3845422863960266
human2_lib3.final_cell_0097-1,human2,quiescent_stellate,5,activated_stellate,12.063703,6.1165795,3192,2.3763155937194824
human2_lib3.final_cell_0098-1,human2,delta,4,delta,-4.0838456,2.6944473,3193,0.4706629514694214
human2_lib3.final_cell_0099-1,human2,quiescent_stellate,5,activated_stellate,12.229452,4.1860294,3194,2.4939630031585693
human2_lib3.final_cell_0100-1,human2,activated_stellate,5,activated_stellate,11.502592,5.3796797,3195,1.4966498613357544
human2_lib3.final_cell_0101-1,human2,alpha,1,alpha,9.331566,-6.905256,3196,0.8103480935096741
human2_lib3.final_cell_0102-1,human2,activated_stellate,5,activated_stellate,12.1802225,5.9508057,3197,1.6986088752746582
human2_lib3.final_cell_0103-1,human2,ductal,2,acinar,15.195355,5.8365726,3198,1.4833303689956665
human2_lib3.final_cell_0104-1,human2,alpha,1,alpha,8.60813,-8.091219,3199,0.9586989879608154
human2_lib3.final_cell_0105-1,human2,alpha,1,alpha,9.864689,-8.411894,3200,0.6372804641723633
human2_lib3.final_cell_0106-1,human2,beta,0,beta,0.7152405,12.497592,3201,0.3962777554988861
human2_lib3.final_cell_0107-1,human2,beta,0,beta,0.3852364,10.972818,3202,0.633135199546814
human2_lib3.final_cell_0108-1,human2,activated_stellate,5,activated_stellate,12.106092,6.2179384,3203,1.6527098417282104
human2_lib3.final_cell_0109-1,human2,beta,0,beta,-0.20290753,11.602044,3204,0.3845422863960266
human2_lib3.final_cell_0110-1,human2,beta,0,beta,1.3981367,12.451488,3205,0.3845422863960266
human2_lib3.final_cell_0111-1,human2,ductal,3,ductal,18.219042,0.6399665,3206,2.240983009338379
human2_lib3.final_cell_0112-1,human2,ductal,2,acinar,15.204488,5.853609,3207,1.778908371925354
human2_lib3.final_cell_0113-1,human2,alpha,1,alpha,9.237389,-8.76401,3208,0.5417200922966003
human2_lib3.final_cell_0114-1,human2,ductal,3,ductal,18.824932,0.42100418,3209,1.8072113990783687
human2_lib3.final_cell_0115-1,human2,ductal,2,acinar,14.820878,4.9974995,3210,1.3837814331054688
human2_lib3.final_cell_0116-1,human2,alpha,1,alpha,9.304118,-8.225563,3211,0.680965006351471
human2_lib3.final_cell_0117-1,human2,activated_stellate,5,activated_stellate,11.709785,5.293455,3212,2.4939630031585693
human2_lib3.final_cell_0118-1,human2,alpha,1,alpha,9.363983,-7.67336,3213,1.1641206741333008
human2_lib3.final_cell_0119-1,human2,ductal,2,acinar,15.184976,5.8201776,3214,2.043331861495972
human2_lib3.final_cell_0120-1,human2,beta,0,beta,0.3759308,10.299702,3215,0.3845422863960266
human2_lib3.final_cell_0121-1,human2,beta,0,beta,-0.18961781,11.825313,3216,0.3999578058719635
human2_lib3.final_cell_0122-1,human2,alpha,1,alpha,8.710071,-8.552313,3217,0.4140314161777496
human2_lib3.final_cell_0123-1,human2,delta,4,delta,-3.6892245,2.7681031,3218,0.3845422863960266
human2_lib3.final_cell_0124-1,human2,activated_stellate,5,activated_stellate,11.331576,5.5107713,3219,1.5779303312301636
human2_lib3.final_cell_0125-1,human2,ductal,3,ductal,18.932081,-0.20348887,3220,1.565210223197937
human2_lib3.final_cell_0126-1,human2,beta,0,beta,1.1016545,11.510131,3221,0.3845422863960266
human2_lib3.final_cell_0127-1,human2,alpha,1,alpha,9.523298,-8.473393,3222,0.649518609046936
human2_lib3.final_cell_0128-1,human2,alpha,1,alpha,9.441929,-7.216125,3223,0.8792939782142639
human2_lib3.final_cell_0129-1,human2,alpha,1,alpha,7.9513907,-6.923508,3224,0.5475945472717285
human2_lib3.final_cell_0130-1,human2,alpha,1,alpha,10.292616,-7.866099,3225,1.0742006301879885
human2_lib3.final_cell_0131-1,human2,activated_stellate,5,activated_stellate,12.683362,5.8671136,3226,1.5668829679489136
human2_lib3.final_cell_0132-1,human2,beta,0,beta,1.090654,11.765995,3227,0.3845422863960266
human2_lib3.final_cell_0133-1,human2,beta,0,beta,-0.3509846,12.984803,3228,0.3845422863960266
human2_lib3.final_cell_0134-1,human2,beta,0,beta,1.4189999,12.62774,3229,0.3851001858711242
human2_lib3.final_cell_0135-1,human2,alpha,1,alpha,5.8984504,-4.4604225,3230,1.279084086418152
human2_lib3.final_cell_0136-1,human2,beta,0,beta,-1.1688244,11.838992,3231,0.3845422863960266
human2_lib3.final_cell_0137-1,human2,delta,4,delta,-4.354025,2.2503595,3232,0.440269261598587
human2_lib3.final_cell_0138-1,human2,alpha,1,alpha,9.536033,-8.395765,3233,0.6697778701782227
human2_lib3.final_cell_0139-1,human2,alpha,1,alpha,9.861118,-8.57475,3234,0.5956312417984009
human2_lib3.final_cell_0140-1,human2,alpha,1,alpha,7.8250327,-7.515399,3235,0.5101777911186218
human2_lib3.final_cell_0141-1,human2,beta,0,beta,-0.7669217,8.5094385,3236,0.6194205284118652
human2_lib3.final_cell_0142-1,human2,alpha,1,alpha,9.955926,-7.8030715,3237,0.4107352495193481
human2_lib3.final_cell_0143-1,human2,alpha,1,alpha,9.606308,-7.371019,3238,0.5566330552101135
human2_lib3.final_cell_0144-1,human2,ductal,3,ductal,18.266191,-0.2912925,3239,2.1276626586914062
human2_lib3.final_cell_0145-1,human2,beta,0,beta,0.3596012,11.303306,3240,0.3845422863960266
human2_lib3.final_cell_0146-1,human2,alpha,1,alpha,6.8257713,-6.369179,3241,1.1724103689193726
human2_lib3.final_cell_0147-1,human2,macrophage,8,macrophage,-11.029011,6.383223,3242,2.343379259109497
human2_lib3.final_cell_0148-1,human2,ductal,2,acinar,15.188959,5.8281627,3243,1.3194175958633425
human2_lib3.final_cell_0149-1,human2,delta,4,delta,-3.5690806,2.746092,3244,0.3939662575721741
human2_lib3.final_cell_0150-1,human2,alpha,1,alpha,8.304051,-8.242484,3245,0.4584416151046753
human2_lib3.final_cell_0151-1,human2,beta,0,beta,0.07730635,12.022916,3246,0.392225444316864
human2_lib3.final_cell_0152-1,human2,alpha,1,alpha,7.405226,-6.8269863,3247,0.6991822719573975
human2_lib3.final_cell_0153-1,human2,alpha,1,alpha,5.521348,-3.958489,3248,1.58181631565094
human2_lib3.final_cell_0154-1,human2,alpha,1,alpha,7.327678,-6.7892375,3249,1.3125375509262085
human2_lib3.final_cell_0155-1,human2,activated_stellate,5,activated_stellate,12.789419,5.470044,3250,1.6342027187347412
human2_lib3.final_cell_0156-1,human2,ductal,3,ductal,18.820065,1.9993252,3251,1.3099812269210815
human2_lib3.final_cell_0157-1,human2,alpha,1,alpha,7.942279,-7.487089,3252,0.4392575919628143
human2_lib3.final_cell_0158-1,human2,ductal,2,acinar,14.8575,5.046258,3253,1.5222243070602417
human2_lib3.final_cell_0159-1,human2,delta,4,delta,-4.7833776,2.5953948,3254,0.4678987562656402
human2_lib3.final_cell_0160-1,human2,beta,0,beta,1.4063376,12.054856,3255,0.3845422863960266
human2_lib3.final_cell_0161-1,human2,delta,4,delta,-4.381968,2.7001832,3256,0.3845422863960266
human2_lib3.final_cell_0162-1,human2,ductal,2,acinar,14.805704,4.953202,3257,1.7300578355789185
human2_lib3.final_cell_0163-1,human2,alpha,1,alpha,8.436383,-8.264774,3258,0.6402570605278015
human2_lib3.final_cell_0164-1,human2,alpha,1,alpha,6.496402,-5.037758,3259,0.8961840867996216
human2_lib3.final_cell_0165-1,human2,beta,0,beta,-0.7774054,11.606057,3260,0.3845422863960266
human2_lib3.final_cell_0166-1,human2,activated_stellate,5,activated_stellate,12.207972,5.880846,3261,1.5649579763412476
human2_lib3.final_cell_0167-1,human2,ductal,2,acinar,14.887602,4.9714417,3262,1.8199084997177124
human2_lib3.final_cell_0168-1,human2,ductal,3,ductal,18.017487,2.1356475,3263,1.934834599494934
human2_lib3.final_cell_0169-1,human2,ductal,3,ductal,18.03369,-0.91794163,3264,1.9540859460830688
human2_lib3.final_cell_0170-1,human2,ductal,3,ductal,18.655888,1.3873554,3265,1.346354842185974
human2_lib3.final_cell_0171-1,human2,alpha,1,alpha,9.872913,-6.548324,3266,1.0567593574523926
human2_lib3.final_cell_0172-1,human2,delta,4,delta,-3.8157258,2.7340631,3267,0.3845422863960266
human2_lib3.final_cell_0173-1,human2,ductal,2,acinar,15.166356,5.794411,3268,1.3204622268676758
human2_lib3.final_cell_0174-1,human2,alpha,1,alpha,8.85287,-5.9495344,3269,0.9649959206581116
human2_lib3.final_cell_0175-1,human2,alpha,1,alpha,10.130851,-7.5802464,3270,0.4068060517311096
human2_lib3.final_cell_0176-1,human2,alpha,1,alpha,8.5310955,-6.203567,3271,0.9177489280700684
human2_lib3.final_cell_0177-1,human2,alpha,1,alpha,9.525487,-8.270749,3272,0.449067085981369
human2_lib3.final_cell_0178-1,human2,alpha,1,alpha,8.847282,-6.2268114,3273,0.4951480627059936
human2_lib3.final_cell_0179-1,human2,beta,0,beta,1.2142903,12.296739,3274,0.3885315954685211
human2_lib3.final_cell_0180-1,human2,alpha,1,alpha,7.045045,-6.0152,3275,1.1995089054107666
human2_lib3.final_cell_0181-1,human2,alpha,1,alpha,7.7210326,-7.095187,3276,0.5209602117538452
human2_lib3.final_cell_0182-1,human2,alpha,1,alpha,6.1424975,-4.207515,3277,1.9929224252700808
human2_lib3.final_cell_0183-1,human2,activated_stellate,5,activated_stellate,11.170514,5.0036383,3278,1.543731927871704
human2_lib3.final_cell_0184-1,human2,alpha,1,alpha,8.408434,-6.7320023,3279,0.7388162016868591
human2_lib3.final_cell_0185-1,human2,beta,0,beta,1.1817561,11.357079,3280,0.3845422863960266
human2_lib3.final_cell_0186-1,human2,alpha,1,alpha,8.996354,-8.001396,3281,0.4215053915977478
human2_lib3.final_cell_0187-1,human2,ductal,3,ductal,18.04278,-0.33164868,3282,1.5056030750274658
human2_lib3.final_cell_0188-1,human2,alpha,1,alpha,8.481283,-6.3212037,3283,0.8243706822395325
human2_lib3.final_cell_0189-1,human2,alpha,1,alpha,8.739556,-8.337317,3284,0.5780495405197144
human2_lib3.final_cell_0190-1,human2,alpha,1,alpha,7.702248,-5.04746,3285,0.4175487458705902
human2_lib3.final_cell_0191-1,human2,ductal,2,acinar,14.799366,4.9695826,3286,1.6185438632965088
human2_lib3.final_cell_0192-1,human2,alpha,1,alpha,9.882849,-7.577962,3287,1.2300161123275757
human2_lib3.final_cell_0193-1,human2,alpha,1,alpha,8.760459,-8.01677,3288,0.6404796838760376
human2_lib3.final_cell_0194-1,human2,acinar,2,acinar,15.169826,5.829721,3289,1.444333791732788
human2_lib3.final_cell_0195-1,human2,beta,0,beta,-0.2694774,12.113255,3290,0.3845422863960266
human2_lib3.final_cell_0196-1,human2,ductal,2,acinar,15.070788,5.542869,3291,1.7704252004623413
human2_lib3.final_cell_0197-1,human2,beta,0,beta,1.9203043,12.011133,3292,0.3845422863960266
human2_lib3.final_cell_0198-1,human2,ductal,3,ductal,19.001556,0.7254288,3293,1.6387300491333008
human2_lib3.final_cell_0199-1,human2,alpha,1,alpha,7.1870995,-5.3004217,3294,0.6341079473495483
human2_lib3.final_cell_0200-1,human2,beta,0,beta,1.6543425,11.577324,3295,0.3864650428295135
human2_lib3.final_cell_0201-1,human2,alpha,1,alpha,7.9586596,-7.4902754,3296,0.4091104865074157
human2_lib3.final_cell_0202-1,human2,delta,4,delta,-4.0927052,2.1587374,3297,0.401366114616394
human2_lib3.final_cell_0203-1,human2,alpha,1,alpha,7.059235,-6.346546,3298,0.9134679436683656
human2_lib3.final_cell_0204-1,human2,ductal,3,ductal,17.872921,0.27134663,3299,3.588205099105835
human2_lib3.final_cell_0205-1,human2,alpha,1,alpha,9.041837,-6.3571305,3300,0.5285325050354004
human2_lib3.final_cell_0206-1,human2,alpha,1,alpha,8.89464,-5.184888,3301,0.4514017701148987
human2_lib3.final_cell_0207-1,human2,alpha,1,alpha,9.143402,-7.394737,3302,0.7430351376533508
human2_lib3.final_cell_0208-1,human2,endothelial,7,endothelial,10.031479,12.571992,3303,2.697951316833496
human2_lib3.final_cell_0209-1,human2,ductal,2,acinar,14.88738,4.9998374,3304,1.5050179958343506
human2_lib3.final_cell_0210-1,human2,delta,4,delta,-4.691999,2.4845257,3305,0.4735099971294403
human2_lib3.final_cell_0211-1,human2,beta,0,beta,-0.7315513,11.014115,3306,0.3845422863960266
human2_lib3.final_cell_0212-1,human2,alpha,1,alpha,8.778552,-8.703943,3307,0.5849389433860779
human2_lib3.final_cell_0213-1,human2,alpha,1,alpha,8.487293,-5.8944173,3308,1.0016052722930908
human2_lib3.final_cell_0214-1,human2,alpha,1,alpha,9.851131,-6.9952025,3309,0.4895061254501343
human2_lib3.final_cell_0215-1,human2,beta,0,beta,1.4549514,9.046725,3310,0.503521203994751
human2_lib3.final_cell_0216-1,human2,alpha,1,alpha,6.312027,-4.4535418,3311,1.5434980392456057
human2_lib3.final_cell_0217-1,human2,ductal,3,ductal,19.026781,1.285766,3312,1.493085503578186
human2_lib3.final_cell_0218-1,human2,alpha,1,alpha,9.201734,-5.96477,3313,0.7113083004951477
human2_lib3.final_cell_0219-1,human2,alpha,1,alpha,8.388089,-6.8834863,3314,0.6522567868232727
human2_lib3.final_cell_0220-1,human2,beta,0,beta,0.9528269,10.284909,3315,0.3845422863960266
human2_lib3.final_cell_0221-1,human2,alpha,1,alpha,9.244918,-7.761794,3316,0.520200252532959
human2_lib3.final_cell_0222-1,human2,alpha,1,alpha,10.32426,-7.233693,3317,0.9356419444084167
human2_lib3.final_cell_0223-1,human2,delta,4,delta,-2.7032535,3.5420556,3318,0.4797236621379852
human2_lib3.final_cell_0224-1,human2,alpha,1,alpha,7.6733823,-5.8861485,3319,0.9740507006645204
human2_lib3.final_cell_0225-1,human2,alpha,1,alpha,7.162164,-5.4106874,3320,0.7945807576179504
human2_lib3.final_cell_0226-1,human2,delta,4,delta,-3.995748,2.6817935,3321,0.4168131649494171
human2_lib3.final_cell_0227-1,human2,activated_stellate,5,activated_stellate,12.008548,5.824856,3322,1.3894891738891602
human2_lib3.final_cell_0228-1,human2,alpha,1,alpha,7.0290003,-7.219276,3323,0.429129421710968
human2_lib3.final_cell_0229-1,human2,ductal,3,ductal,18.173233,-0.95161235,3324,1.4212459325790403
human2_lib3.final_cell_0230-1,human2,quiescent_stellate,5,activated_stellate,12.029111,6.3051424,3325,2.4265198707580566
human2_lib3.final_cell_0231-1,human2,alpha,1,alpha,10.0561,-7.273137,3326,0.582353413105011
human2_lib3.final_cell_0232-1,human2,alpha,1,alpha,9.805101,-7.181976,3327,0.5349141359329224
human2_lib3.final_cell_0233-1,human2,ductal,3,ductal,18.63105,1.0670587,3328,1.3806356191635132
human2_lib3.final_cell_0234-1,human2,beta,0,beta,1.053178,10.290356,3329,0.3850128650665283
human2_lib3.final_cell_0235-1,human2,beta,0,beta,1.7919382,10.697896,3330,0.3845422863960266
human2_lib3.final_cell_0236-1,human2,alpha,1,alpha,7.529199,-6.1351285,3331,0.6217032074928284
human2_lib3.final_cell_0237-1,human2,ductal,3,ductal,18.102022,2.038519,3332,1.8347088098526
human2_lib3.final_cell_0238-1,human2,ductal,3,ductal,19.12707,0.47655064,3333,1.547579646110535
human2_lib3.final_cell_0239-1,human2,gamma,6,gamma,-2.7154694,-4.0299854,3334,1.1118615865707395
human2_lib3.final_cell_0240-1,human2,activated_stellate,5,activated_stellate,10.84784,5.1870966,3335,1.6553367376327517
human2_lib3.final_cell_0241-1,human2,alpha,1,alpha,8.189856,-7.898444,3336,0.4119314551353454
human2_lib3.final_cell_0242-1,human2,alpha,1,alpha,9.254358,-5.608251,3337,0.4437182545661926
human2_lib3.final_cell_0243-1,human2,delta,4,delta,-3.8518803,2.1873913,3338,0.4174746870994568
human2_lib3.final_cell_0244-1,human2,beta,0,beta,1.03088,13.343381,3339,0.3845422863960266
human2_lib3.final_cell_0245-1,human2,alpha,1,alpha,7.557563,-5.346456,3340,0.7810069918632507
human2_lib3.final_cell_0246-1,human2,beta,0,beta,-0.22721411,10.3520565,3341,0.5780795216560364
human2_lib3.final_cell_0247-1,human2,activated_stellate,5,activated_stellate,10.951083,5.1597676,3342,1.49028217792511
human2_lib3.final_cell_0248-1,human2,beta,0,beta,-0.14710759,11.804779,3343,0.3906925320625305
human2_lib3.final_cell_0249-1,human2,delta,4,delta,-4.247071,2.3805661,3344,0.4266332685947418
human2_lib3.final_cell_0250-1,human2,delta,4,delta,-3.7265608,2.7452095,3345,0.392120361328125
human2_lib3.final_cell_0251-1,human2,quiescent_stellate,5,activated_stellate,12.91116,5.321758,3346,2.454652547836304
human2_lib3.final_cell_0252-1,human2,delta,4,delta,-3.9595637,3.508288,3347,0.3977507948875427
human2_lib3.final_cell_0253-1,human2,beta,0,beta,0.95587486,11.13023,3348,0.3845422863960266
human2_lib3.final_cell_0254-1,human2,ductal,3,ductal,18.765596,-0.53534555,3349,1.5317553281784058
human2_lib3.final_cell_0255-1,human2,alpha,1,alpha,7.147091,-6.626336,3350,0.5103485584259033
human2_lib3.final_cell_0256-1,human2,beta,0,beta,0.68005127,11.263267,3351,0.4076120555400848
human2_lib3.final_cell_0257-1,human2,beta,0,beta,0.57164615,9.606901,3352,0.3845422863960266
human2_lib3.final_cell_0258-1,human2,alpha,1,alpha,8.592438,-6.5581717,3353,0.5648547410964966
human2_lib3.final_cell_0259-1,human2,alpha,1,alpha,10.290972,-7.6884437,3354,1.430577039718628
human2_lib3.final_cell_0260-1,human2,delta,4,delta,-3.0155272,2.695269,3355,0.4613577425479889
human2_lib3.final_cell_0261-1,human2,beta,0,beta,1.9786948,11.766385,3356,0.4209102690219879
human2_lib3.final_cell_0262-1,human2,alpha,1,alpha,8.068336,-6.340445,3357,0.5053967833518982
human2_lib3.final_cell_0263-1,human2,gamma,6,gamma,-2.5056705,-3.4440248,3358,0.8927150964736938
human2_lib3.final_cell_0264-1,human2,alpha,1,alpha,8.320074,-5.6479263,3359,0.7642804980278015
human2_lib3.final_cell_0265-1,human2,activated_stellate,5,activated_stellate,12.524024,5.831702,3360,1.976359724998474
human2_lib3.final_cell_0266-1,human2,beta,0,beta,0.40258494,11.922327,3361,0.3845422863960266
human2_lib3.final_cell_0267-1,human2,alpha,1,alpha,7.3130503,-6.9672837,3362,0.5483158826828003
human2_lib3.final_cell_0268-1,human2,ductal,3,ductal,18.7157,1.9559878,3363,1.8630989789962769
human2_lib3.final_cell_0269-1,human2,ductal,3,ductal,18.099888,0.72137606,3364,1.7142210006713867
human2_lib3.final_cell_0270-1,human2,beta,0,beta,0.6224291,11.480161,3365,0.4368645548820495
human2_lib3.final_cell_0271-1,human2,macrophage,8,macrophage,13.491936,0.65226716,3366,2.471432447433472
human2_lib3.final_cell_0272-1,human2,beta,0,beta,1.7606695,9.4361925,3367,0.3845422863960266
human2_lib3.final_cell_0273-1,human2,activated_stellate,5,activated_stellate,12.256675,6.163894,3368,1.6464347839355469
human2_lib3.final_cell_0274-1,human2,ductal,2,acinar,15.191057,5.8298154,3369,1.438823699951172
human2_lib3.final_cell_0275-1,human2,beta,0,beta,1.0489168,9.985944,3370,0.3845422863960266
human2_lib3.final_cell_0276-1,human2,alpha,1,alpha,9.326848,-6.5568004,3371,0.8426726460456848
human2_lib3.final_cell_0277-1,human2,alpha,1,alpha,5.8870196,-4.44632,3372,1.0814108848571775
human2_lib3.final_cell_0278-1,human2,alpha,1,alpha,7.7562814,-7.250834,3373,0.4601573050022125
human2_lib3.final_cell_0279-1,human2,activated_stellate,5,activated_stellate,11.040229,5.522612,3374,1.7975387573242188
human2_lib3.final_cell_0280-1,human2,activated_stellate,5,activated_stellate,12.279949,5.7807074,3375,1.719746708869934
human2_lib3.final_cell_0281-1,human2,ductal,3,ductal,18.776333,-0.48306116,3376,1.4338730573654177
human2_lib3.final_cell_0282-1,human2,alpha,1,alpha,8.424169,-7.4187613,3377,0.7287872433662415
human2_lib3.final_cell_0283-1,human2,alpha,1,alpha,9.562799,-6.681393,3378,0.6319806575775146
human2_lib3.final_cell_0284-1,human2,beta,0,beta,0.67816436,12.89941,3379,0.3845422863960266
human2_lib3.final_cell_0285-1,human2,alpha,1,alpha,10.210722,-7.468616,3380,0.6150456666946411
human2_lib3.final_cell_0286-1,human2,alpha,1,alpha,7.9206123,-7.09821,3381,0.4188739359378814
human2_lib3.final_cell_0287-1,human2,alpha,1,alpha,5.75788,-4.3215337,3382,1.2661855220794678
human2_lib3.final_cell_0288-1,human2,delta,4,delta,-3.8220398,2.8585434,3383,0.3845422863960266
human2_lib3.final_cell_0289-1,human2,activated_stellate,5,activated_stellate,11.062476,5.5111938,3384,1.8764348030090328
human2_lib3.final_cell_0290-1,human2,beta,0,beta,1.6108495,12.041056,3385,0.3845422863960266
human2_lib3.final_cell_0291-1,human2,beta,0,beta,0.69892675,11.598491,3386,0.3845422863960266
human2_lib3.final_cell_0292-1,human2,endothelial,7,endothelial,9.721934,13.243612,3387,2.0838940143585205
human2_lib3.final_cell_0293-1,human2,beta,0,beta,0.04225784,10.337854,3388,0.3881173431873321
human2_lib3.final_cell_0294-1,human2,alpha,1,alpha,7.7804003,-7.286724,3389,0.5514625310897827
human2_lib3.final_cell_0295-1,human2,alpha,1,alpha,7.5395703,-5.4200096,3390,0.851375162601471
human2_lib3.final_cell_0296-1,human2,alpha,1,alpha,7.808579,-5.234665,3391,0.5655239224433899
human2_lib3.final_cell_0297-1,human2,ductal,3,ductal,18.47199,2.3226879,3392,1.8406087160110476
human2_lib3.final_cell_0298-1,human2,ductal,3,ductal,18.684715,0.52147347,3393,1.3657408952713013
human2_lib3.final_cell_0299-1,human2,alpha,1,alpha,7.8233438,-7.330101,3394,0.4867356419563293
human2_lib3.final_cell_0300-1,human2,beta,0,beta,1.8124425,11.577352,3395,0.3845422863960266
human2_lib3.final_cell_0301-1,human2,beta,0,beta,-0.44819987,11.920806,3396,0.5804635286331177
human2_lib3.final_cell_0302-1,human2,alpha,1,alpha,9.062888,-3.8765898,3397,1.0371516942977903
human2_lib3.final_cell_0303-1,human2,beta,0,beta,-0.48371017,9.961591,3398,0.3845422863960266
human2_lib3.final_cell_0304-1,human2,alpha,1,alpha,8.0520525,-5.9940596,3399,0.8445115089416504
human2_lib3.final_cell_0305-1,human2,endothelial,7,endothelial,9.97063,13.025345,3400,2.20208740234375
human2_lib3.final_cell_0306-1,human2,delta,4,delta,-4.129164,3.5167363,3401,0.4626582860946655
human2_lib3.final_cell_0307-1,human2,beta,0,beta,-0.45129147,11.835443,3402,0.4300225079059601
human2_lib3.final_cell_0308-1,human2,ductal,3,ductal,19.208323,0.024767505,3403,2.160989284515381
human2_lib3.final_cell_0309-1,human2,alpha,1,alpha,7.3438463,-6.3714046,3404,0.7859679460525513
human2_lib3.final_cell_0310-1,human2,quiescent_stellate,5,activated_stellate,11.980542,6.3003535,3405,2.382856607437134
human2_lib3.final_cell_0311-1,human2,delta,4,delta,-3.0752904,2.5543873,3406,0.4166158437728882
human2_lib3.final_cell_0312-1,human2,ductal,2,acinar,17.675407,12.689524,3407,1.366986870765686
human2_lib3.final_cell_0313-1,human2,beta,0,beta,0.07137838,11.427404,3408,0.3845422863960266
human2_lib3.final_cell_0314-1,human2,delta,4,delta,-3.4033854,3.2880993,3409,0.3904808163642883
human2_lib3.final_cell_0315-1,human2,ductal,3,ductal,18.137548,0.439915,3410,1.8605444431304927
human2_lib3.final_cell_0316-1,human2,alpha,1,alpha,10.181592,-7.7451167,3411,0.5207051038742065
human2_lib3.final_cell_0317-1,human2,delta,4,delta,-4.463688,2.3010013,3412,0.3845422863960266
human2_lib3.final_cell_0318-1,human2,ductal,3,ductal,18.029953,-0.97799337,3413,2.1330251693725586
human2_lib3.final_cell_0319-1,human2,beta,2,acinar,17.908037,11.877542,3414,1.723385214805603
human2_lib3.final_cell_0320-1,human2,beta,0,beta,0.6881231,10.649376,3415,0.3845422863960266
human2_lib3.final_cell_0321-1,human2,alpha,1,alpha,9.1170435,-8.592358,3416,0.6291536092758179
human2_lib3.final_cell_0322-1,human2,beta,0,beta,1.4621161,9.134973,3417,0.4508120715618133
human2_lib3.final_cell_0323-1,human2,ductal,2,acinar,14.783942,4.974689,3418,1.4007806777954102
human2_lib3.final_cell_0324-1,human2,beta,0,beta,1.5835732,12.005148,3419,0.3845422863960266
human2_lib3.final_cell_0325-1,human2,alpha,1,alpha,7.945777,-7.0739594,3420,0.4443922638893127
human2_lib3.final_cell_0326-1,human2,alpha,1,alpha,7.8176613,-5.693657,3421,1.1055614948272705
human2_lib3.final_cell_0327-1,human2,ductal,3,ductal,19.089504,-0.17842373,3422,1.742495894432068
human2_lib3.final_cell_0328-1,human2,ductal,3,ductal,18.4798,-0.19494747,3423,1.4190855026245115
human2_lib3.final_cell_0329-1,human2,alpha,1,alpha,9.691377,-6.856134,3424,0.7680234909057617
human2_lib3.final_cell_0330-1,human2,gamma,6,gamma,-2.9296787,-4.108453,3425,0.908122420310974
human2_lib3.final_cell_0331-1,human2,delta,4,delta,-4.452704,2.311592,3426,0.3845422863960266
human2_lib3.final_cell_0332-1,human2,ductal,3,ductal,18.076988,-0.97542423,3427,1.9571239948272705
human2_lib3.final_cell_0333-1,human2,alpha,1,alpha,9.939989,-7.4025555,3428,0.6935509443283081
human2_lib3.final_cell_0334-1,human2,beta,0,beta,1.613789,10.399012,3429,0.3845422863960266
human2_lib3.final_cell_0335-1,human2,ductal,3,ductal,15.034238,4.8242054,3430,2.094947338104248
human2_lib3.final_cell_0336-1,human2,alpha,1,alpha,7.898375,-5.20903,3431,0.5685359835624695
human2_lib3.final_cell_0337-1,human2,alpha,1,alpha,7.9948497,-6.6596293,3432,0.7160934209823608
human2_lib3.final_cell_0338-1,human2,gamma,6,gamma,-3.1420286,-4.057981,3433,1.312402606010437
human2_lib3.final_cell_0339-1,human2,alpha,1,alpha,7.7014465,-5.935894,3434,0.4895750880241394
human2_lib3.final_cell_0340-1,human2,alpha,1,alpha,7.1545067,-5.1359024,3435,1.282359957695007
human2_lib3.final_cell_0341-1,human2,ductal,3,ductal,18.25609,1.7582873,3436,1.3198095560073853
human2_lib3.final_cell_0342-1,human2,gamma,6,gamma,-2.4642272,-3.7598894,3437,0.9391106367111206
human2_lib3.final_cell_0343-1,human2,alpha,1,alpha,7.997443,-7.3391914,3438,0.5144715905189514
human2_lib3.final_cell_0344-1,human2,alpha,1,alpha,9.1015835,-3.8524594,3439,1.1041016578674316
human2_lib3.final_cell_0345-1,human2,alpha,1,alpha,8.024754,-7.7011137,3440,0.5308350324630737
human2_lib3.final_cell_0346-1,human2,delta,4,delta,-4.1515417,2.865951,3441,0.3845422863960266
human2_lib3.final_cell_0347-1,human2,gamma,6,gamma,-2.429129,-3.4439003,3442,1.144506335258484
human2_lib3.final_cell_0348-1,human2,alpha,1,alpha,8.233169,-7.9713216,3443,0.5054962038993835
human2_lib3.final_cell_0349-1,human2,endothelial,7,endothelial,9.508883,13.019003,3444,2.4136102199554443
human2_lib3.final_cell_0350-1,human2,delta,4,delta,-4.1912065,3.16244,3445,0.3845422863960266
human2_lib3.final_cell_0351-1,human2,alpha,1,alpha,7.591605,-7.101322,3446,0.5581339001655579
human2_lib3.final_cell_0352-1,human2,ductal,3,ductal,17.4132,3.0566778,3447,1.894874691963196
human2_lib3.final_cell_0353-1,human2,gamma,6,gamma,-2.6639817,-3.4413593,3448,0.9401723742485046
human2_lib3.final_cell_0354-1,human2,activated_stellate,5,activated_stellate,11.154044,5.0991325,3449,1.9828423261642456
human2_lib3.final_cell_0355-1,human2,beta,0,beta,1.2662642,9.561491,3450,0.3845422863960266
human2_lib3.final_cell_0356-1,human2,ductal,3,ductal,18.12819,-0.9825063,3451,1.6445399522781372
human2_lib3.final_cell_0357-1,human2,activated_stellate,5,activated_stellate,11.252988,5.094638,3452,1.675182819366455
human2_lib3.final_cell_0358-1,human2,gamma,6,gamma,-2.515653,-4.1486583,3453,1.0279741287231443
human2_lib3.final_cell_0359-1,human2,alpha,1,alpha,9.120596,-8.46308,3454,0.5840165615081787
human2_lib3.final_cell_0360-1,human2,beta,0,beta,2.0545285,10.487993,3455,0.4538648426532745
human2_lib3.final_cell_0361-1,human2,gamma,6,gamma,-2.6417887,-4.3172336,3456,1.0021811723709106
human2_lib3.final_cell_0362-1,human2,alpha,1,alpha,9.55244,-7.6532145,3457,0.6014195084571838
human2_lib3.final_cell_0363-1,human2,gamma,6,gamma,-2.9571066,-4.1552095,3458,0.9394538402557372
human2_lib3.final_cell_0364-1,human2,alpha,1,alpha,8.589965,-5.866979,3459,1.1967767477035522
human2_lib3.final_cell_0365-1,human2,alpha,1,alpha,8.333826,-5.470101,3460,0.500288724899292
human2_lib3.final_cell_0366-1,human2,beta,0,beta,1.0857905,9.141975,3461,0.4678080677986145
human2_lib3.final_cell_0367-1,human2,ductal,3,ductal,18.604233,2.084789,3462,1.387449026107788
human2_lib3.final_cell_0368-1,human2,alpha,2,acinar,9.19788,-3.521743,3463,1.9026976823806765
human2_lib3.final_cell_0369-1,human2,ductal,2,acinar,15.222361,5.873995,3464,1.46868896484375
human2_lib3.final_cell_0370-1,human2,delta,4,delta,-4.8676753,2.5820186,3465,0.3845422863960266
human2_lib3.final_cell_0371-1,human2,ductal,3,ductal,18.226372,2.016853,3466,1.087712049484253
human2_lib3.final_cell_0372-1,human2,alpha,1,alpha,9.690526,-8.138928,3467,0.6527992486953735
human2_lib3.final_cell_0373-1,human2,alpha,1,alpha,7.920888,-5.5365787,3468,0.7600811719894409
human2_lib3.final_cell_0374-1,human2,beta,0,beta,1.0541861,11.425915,3469,0.3853049278259277
human2_lib3.final_cell_0375-1,human2,alpha,1,alpha,9.670453,-8.70986,3470,0.6960809230804443
human2_lib3.final_cell_0376-1,human2,beta,0,beta,2.0336735,11.414689,3471,0.4317064583301544
human2_lib3.final_cell_0377-1,human2,alpha,1,alpha,9.835604,-6.98877,3472,1.1161683797836304
human2_lib3.final_cell_0378-1,human2,ductal,3,ductal,18.796604,-0.19776729,3473,2.197756052017212
human2_lib3.final_cell_0379-1,human2,gamma,6,gamma,-3.0823996,-4.116921,3474,0.7852975726127625
human2_lib3.final_cell_0380-1,human2,alpha,1,alpha,8.19253,-5.3851566,3475,0.5412310361862183
human2_lib3.final_cell_0381-1,human2,alpha,1,alpha,8.654293,-7.858984,3476,0.4395639598369598
human2_lib3.final_cell_0382-1,human2,alpha,1,alpha,9.905472,-7.006113,3477,0.3963747322559356
human2_lib3.final_cell_0383-1,human2,ductal,2,acinar,17.609957,14.554218,3478,1.5286612510681152
human2_lib3.final_cell_0384-1,human2,alpha,1,alpha,8.39517,-6.589125,3479,0.4892317652702331
human2_lib3.final_cell_0385-1,human2,gamma,6,gamma,-2.2769783,-3.466688,3480,0.981168270111084
human2_lib3.final_cell_0386-1,human2,quiescent_stellate,5,activated_stellate,12.20659,4.2489147,3481,2.4939630031585693
human2_lib3.final_cell_0387-1,human2,beta,0,beta,0.97961605,11.231284,3482,0.3845422863960266
human2_lib3.final_cell_0388-1,human2,ductal,3,ductal,19.010551,0.57345086,3483,1.9701727628707888
human2_lib3.final_cell_0389-1,human2,alpha,1,alpha,9.510784,-6.5234804,3484,0.6340577602386475
human2_lib3.final_cell_0390-1,human2,alpha,1,alpha,7.912136,-7.3445573,3485,0.5503503680229187
human2_lib3.final_cell_0391-1,human2,alpha,1,alpha,9.906785,-7.7424936,3486,0.9114867448806764
human2_lib3.final_cell_0392-1,human2,ductal,3,ductal,18.54346,1.4155385,3487,2.003256559371948
human2_lib3.final_cell_0393-1,human2,alpha,1,alpha,7.83743,-7.1154666,3488,0.786027193069458
human2_lib3.final_cell_0394-1,human2,beta,0,beta,-0.3486885,9.780698,3489,0.3845422863960266
human2_lib3.final_cell_0395-1,human2,ductal,3,ductal,18.917322,0.56031775,3490,1.7271254062652588
human2_lib3.final_cell_0396-1,human2,alpha,2,acinar,9.179629,-3.5685835,3491,1.6755682229995728
human2_lib3.final_cell_0397-1,human2,beta,0,beta,-0.96642876,10.383476,3492,0.4038542211055755
human2_lib3.final_cell_0398-1,human2,alpha,1,alpha,8.386011,-7.813457,3493,0.6518536806106567
human2_lib3.final_cell_0399-1,human2,gamma,6,gamma,-2.9891872,-3.6305196,3494,1.2433654069900513
human2_lib3.final_cell_0400-1,human2,gamma,6,gamma,-2.9046276,-3.6795752,3495,1.228570580482483
human2_lib3.final_cell_0401-1,human2,alpha,1,alpha,8.998406,-6.355748,3496,0.9988592267036438
human2_lib3.final_cell_0402-1,human2,beta,0,beta,-0.9054278,11.581966,3497,0.5503343343734741
human2_lib3.final_cell_0403-1,human2,alpha,1,alpha,9.040955,-6.362704,3498,1.0825400352478027
human2_lib3.final_cell_0404-1,human2,alpha,1,alpha,6.798516,-6.8797264,3499,0.8887428641319275
human2_lib3.final_cell_0405-1,human2,beta,0,beta,1.478887,9.51561,3500,0.3845422863960266
human2_lib3.final_cell_0406-1,human2,alpha,1,alpha,8.515145,-6.984286,3501,0.5521952509880066
human2_lib3.final_cell_0407-1,human2,alpha,1,alpha,10.076858,-8.052489,3502,0.8539393544197083
human2_lib3.final_cell_0408-1,human2,gamma,6,gamma,-2.60372,-4.180226,3503,1.0397531986236572
human2_lib3.final_cell_0409-1,human2,alpha,1,alpha,9.159638,-7.452814,3504,0.6424335837364197
human2_lib3.final_cell_0410-1,human2,delta,4,delta,-4.1680765,2.4942555,3505,0.3845422863960266
human2_lib3.final_cell_0411-1,human2,alpha,1,alpha,9.201131,-6.578048,3506,0.6157159209251404
human2_lib3.final_cell_0412-1,human2,alpha,1,alpha,7.339235,-6.064713,3507,0.7677900791168213
human2_lib3.final_cell_0413-1,human2,beta,0,beta,-0.96641624,10.453029,3508,0.5025578141212463
human2_lib3.final_cell_0414-1,human2,beta,0,beta,0.052819353,11.933596,3509,0.4286569356918335
human2_lib3.final_cell_0415-1,human2,alpha,1,alpha,6.244349,-4.158433,3510,1.4108424186706543
human2_lib3.final_cell_0416-1,human2,alpha,1,alpha,7.6092815,-7.3251586,3511,0.4648554921150207
human2_lib3.final_cell_0417-1,human2,endothelial,7,endothelial,9.8542385,12.684745,3512,2.351140022277832
human2_lib3.final_cell_0418-1,human2,ductal,3,ductal,18.791245,0.008306596,3513,1.3723291158676147
human2_lib3.final_cell_0419-1,human2,gamma,6,gamma,-2.8216126,-3.6853442,3514,0.9948300719261168
human2_lib3.final_cell_0420-1,human2,alpha,1,alpha,9.054309,-8.58343,3515,0.5428242087364197
human2_lib3.final_cell_0421-1,human2,endothelial,7,endothelial,9.9956875,12.754913,3516,2.5226638317108154
human2_lib3.final_cell_0422-1,human2,ductal,3,ductal,18.686762,2.0891397,3517,1.1713135242462158
human2_lib3.final_cell_0423-1,human2,gamma,6,gamma,-2.7395358,-3.4322674,3518,1.1720151901245115
human2_lib3.final_cell_0424-1,human2,delta,4,delta,-3.286255,3.7717633,3519,0.6594427824020386
human2_lib3.final_cell_0425-1,human2,gamma,6,gamma,-2.9140882,-4.0215,3520,0.9290885925292968
human2_lib3.final_cell_0426-1,human2,alpha,1,alpha,7.567246,-6.1224275,3521,0.404983639717102
human2_lib3.final_cell_0427-1,human2,ductal,2,acinar,15.189323,5.8256135,3522,1.287250280380249
human2_lib3.final_cell_0428-1,human2,quiescent_stellate,5,activated_stellate,11.658006,4.9736743,3523,2.439753532409668
human2_lib3.final_cell_0429-1,human2,quiescent_stellate,5,activated_stellate,12.026894,6.3061776,3524,2.4939630031585693
human2_lib3.final_cell_0430-1,human2,beta,0,beta,0.8531866,12.792455,3525,0.404162734746933
human2_lib3.final_cell_0431-1,human2,beta,0,beta,1.3878685,8.994327,3526,0.437823086977005
human2_lib3.final_cell_0432-1,human2,gamma,6,gamma,-2.622509,-3.4326923,3527,1.0618308782577517
human2_lib3.final_cell_0433-1,human2,beta,0,beta,0.91061634,12.628017,3528,0.3845422863960266
human2_lib3.final_cell_0434-1,human2,alpha,1,alpha,7.713266,-6.4708986,3529,0.5885217189788818
human2_lib3.final_cell_0435-1,human2,ductal,3,ductal,18.703321,2.0500045,3530,1.6088285446166992
human2_lib3.final_cell_0436-1,human2,beta,0,beta,-0.58139277,9.28516,3531,0.6173149347305298
human2_lib3.final_cell_0437-1,human2,beta,0,beta,1.7710266,10.522953,3532,0.3845422863960266
human2_lib3.final_cell_0438-1,human2,delta,4,delta,-4.542576,2.4403534,3533,0.5645533204078674
human2_lib3.final_cell_0439-1,human2,gamma,6,gamma,-2.7424543,-4.3153653,3534,1.1304354667663574
human2_lib3.final_cell_0440-1,human2,ductal,3,ductal,18.767588,0.7515403,3535,1.1250619888305664
human2_lib3.final_cell_0441-1,human2,alpha,1,alpha,8.276311,-6.627695,3536,0.5067943930625916
human2_lib3.final_cell_0442-1,human2,alpha,1,alpha,9.713631,-7.9384828,3537,0.4570348858833313
human2_lib3.final_cell_0443-1,human2,delta,4,delta,-3.1901054,3.8145132,3538,0.5675634145736694
human2_lib3.final_cell_0444-1,human2,alpha,1,alpha,7.8001494,-7.4426885,3539,0.756293773651123
human2_lib3.final_cell_0445-1,human2,ductal,3,ductal,18.063574,1.8196567,3540,1.2468154430389404
human2_lib3.final_cell_0446-1,human2,beta,0,beta,0.5989474,10.860998,3541,0.4120783805847168
human2_lib3.final_cell_0447-1,human2,beta,0,beta,0.80042017,10.716022,3542,0.3845422863960266
human2_lib3.final_cell_0448-1,human2,ductal,3,ductal,18.752752,1.2499597,3543,1.6510460376739502
human2_lib3.final_cell_0449-1,human2,alpha,1,alpha,7.9510098,-6.386233,3544,0.760201632976532
human2_lib3.final_cell_0450-1,human2,ductal,3,ductal,19.115084,1.7817788,3545,1.392274260520935
human2_lib3.final_cell_0451-1,human2,beta,0,beta,1.6644588,9.870486,3546,0.3845422863960266
human2_lib3.final_cell_0452-1,human2,alpha,1,alpha,5.864506,-4.195503,3547,1.3194390535354614
human2_lib3.final_cell_0453-1,human2,alpha,1,alpha,8.393473,-5.8719096,3548,1.1326923370361328
human2_lib3.final_cell_0454-1,human2,alpha,1,alpha,9.6925955,-7.522192,3549,0.742738664150238
human2_lib3.final_cell_0455-1,human2,gamma,6,gamma,-2.1687422,-3.426864,3550,2.001023292541504
human2_lib3.final_cell_0456-1,human2,alpha,1,alpha,8.9246,-6.5430484,3551,0.4242984354496002
human2_lib3.final_cell_0457-1,human2,delta,4,delta,-3.1996078,2.8755007,3552,0.4031036794185638
human2_lib3.final_cell_0458-1,human2,alpha,1,alpha,9.134555,-5.9146576,3553,0.6182575225830078
human2_lib3.final_cell_0459-1,human2,beta,0,beta,0.9672038,10.189787,3554,0.3896938562393188
human2_lib3.final_cell_0460-1,human2,ductal,3,ductal,18.224771,1.7586296,3555,1.400137424468994
human2_lib3.final_cell_0461-1,human2,alpha,1,alpha,8.955877,-5.6764984,3556,0.4450057446956634
human2_lib3.final_cell_0462-1,human2,alpha,1,alpha,7.823519,-6.3319616,3557,0.7273631691932678
human2_lib3.final_cell_0463-1,human2,beta,0,beta,0.9782437,10.223605,3558,0.3845422863960266
human2_lib3.final_cell_0464-1,human2,alpha,1,alpha,7.4011106,-5.468371,3559,0.5158953666687012
human2_lib3.final_cell_0465-1,human2,beta,0,beta,2.1264167,11.002074,3560,0.4096300601959228
human2_lib3.final_cell_0466-1,human2,beta,0,beta,0.4477272,9.049268,3561,0.3862172365188598
human2_lib3.final_cell_0467-1,human2,ductal,3,ductal,18.426195,2.4436955,3562,1.5863697528839111
human2_lib3.final_cell_0468-1,human2,ductal,3,ductal,18.326641,-0.5883844,3563,1.3661775588989258
human2_lib3.final_cell_0469-1,human2,alpha,1,alpha,7.764595,-6.110549,3564,1.1182963848114014
human2_lib3.final_cell_0470-1,human2,gamma,6,gamma,-2.120433,-3.6211267,3565,1.6798378229141235
human2_lib3.final_cell_0471-1,human2,alpha,1,alpha,8.464254,-7.111806,3566,0.6517325639724731
human2_lib3.final_cell_0472-1,human2,alpha,1,alpha,7.1476784,-6.5464225,3567,0.7537679672241211
human2_lib3.final_cell_0473-1,human2,ductal,3,ductal,18.253748,2.2018266,3568,1.3883413076400757
human2_lib3.final_cell_0474-1,human2,ductal,3,ductal,18.184381,1.2172443,3569,1.394090175628662
human2_lib3.final_cell_0475-1,human2,beta,0,beta,-0.17106459,12.129393,3570,0.3845422863960266
human2_lib3.final_cell_0476-1,human2,alpha,1,alpha,7.0928044,-5.2185946,3571,0.8362432718276978
human2_lib3.final_cell_0477-1,human2,gamma,6,gamma,-2.727871,-4.159084,3572,0.887975811958313
human2_lib3.final_cell_0478-1,human2,ductal,2,acinar,14.974036,5.0432754,3573,2.240983009338379
human2_lib3.final_cell_0479-1,human2,beta,0,beta,-0.6454552,10.478458,3574,0.4125480651855469
human2_lib3.final_cell_0480-1,human2,ductal,3,ductal,18.668423,1.9358919,3575,1.3749220371246338
human2_lib3.final_cell_0481-1,human2,beta,0,beta,1.0592492,11.643374,3576,0.3845422863960266
human2_lib3.final_cell_0482-1,human2,alpha,1,alpha,10.041418,-7.520661,3577,0.5345322489738464
human2_lib3.final_cell_0483-1,human2,alpha,1,alpha,8.8848295,-6.758826,3578,0.8315384387969971
human2_lib3.final_cell_0484-1,human2,beta,0,beta,1.6028639,9.920222,3579,0.4726006388664245
human2_lib3.final_cell_0485-1,human2,alpha,1,alpha,8.071442,-6.3926063,3580,0.7203029990196228
human2_lib3.final_cell_0486-1,human2,alpha,1,alpha,8.946783,-7.4427047,3581,0.7900980114936829
human2_lib3.final_cell_0487-1,human2,ductal,3,ductal,18.687435,1.0672579,3582,1.4973857402801514
human2_lib3.final_cell_0488-1,human2,activated_stellate,5,activated_stellate,12.511751,5.8497686,3583,1.514205813407898
human2_lib3.final_cell_0489-1,human2,alpha,1,alpha,6.8105555,-6.6706886,3584,0.6806645393371582
human2_lib3.final_cell_0490-1,human2,ductal,3,ductal,18.18941,0.6889836,3585,1.4965879917144775
human2_lib3.final_cell_0491-1,human2,delta,4,delta,-3.775347,3.190766,3586,0.392031192779541
human2_lib3.final_cell_0492-1,human2,alpha,1,alpha,8.458713,-5.4335732,3587,0.4464825689792633
human2_lib3.final_cell_0493-1,human2,quiescent_stellate,5,activated_stellate,12.784202,5.649811,3588,2.264681339263916
human2_lib3.final_cell_0494-1,human2,gamma,6,gamma,-2.715666,-4.314235,3589,1.209962010383606
human2_lib3.final_cell_0495-1,human2,beta,0,beta,0.80552006,13.339415,3590,0.3900443613529205
human2_lib3.final_cell_0496-1,human2,mast,8,macrophage,15.6236,1.3657612,3591,3.726072072982788
human2_lib3.final_cell_0497-1,human2,alpha,2,acinar,9.181409,-3.5622861,3592,1.6613000631332395
human2_lib3.final_cell_0498-1,human2,quiescent_stellate,5,activated_stellate,11.615972,4.9749203,3593,2.14839243888855
human2_lib3.final_cell_0499-1,human2,alpha,1,alpha,7.3859334,-7.0486593,3594,0.6028618216514587
human2_lib3.final_cell_0500-1,human2,activated_stellate,5,activated_stellate,10.837313,5.251689,3595,1.7675327062606812
human2_lib3.final_cell_0501-1,human2,alpha,1,alpha,8.971639,-6.199838,3596,0.7732505202293396
human2_lib3.final_cell_0502-1,human2,beta,0,beta,0.15692599,9.553149,3597,0.4129171967506408
human2_lib3.final_cell_0503-1,human2,alpha,1,alpha,7.3444014,-5.2005224,3598,0.6421130895614624
human2_lib3.final_cell_0504-1,human2,alpha,1,alpha,8.767857,-8.498973,3599,0.7458210587501526
human2_lib3.final_cell_0505-1,human2,ductal,3,ductal,19.07501,1.9647309,3600,1.8546797037124636
human2_lib3.final_cell_0506-1,human2,ductal,3,ductal,18.242624,2.302986,3601,1.1393038034439087
human2_lib3.final_cell_0507-1,human2,ductal,3,ductal,18.419924,2.2444098,3602,1.7531009912490845
human2_lib3.final_cell_0508-1,human2,beta,0,beta,0.40964305,11.71138,3603,0.3845422863960266
human2_lib3.final_cell_0509-1,human2,endothelial,7,endothelial,9.895388,13.085334,3604,2.0347745418548584
human2_lib3.final_cell_0510-1,human2,ductal,3,ductal,18.475904,1.2570317,3605,1.6446115970611572
human2_lib3.final_cell_0511-1,human2,beta,0,beta,0.13294236,10.308856,3606,0.4916700720787048
human2_lib3.final_cell_0512-1,human2,ductal,3,ductal,18.498802,2.417704,3607,2.1132924556732178
human2_lib3.final_cell_0513-1,human2,alpha,1,alpha,9.024445,-7.489928,3608,0.6217358708381653
human2_lib3.final_cell_0514-1,human2,alpha,1,alpha,7.1584167,-5.259557,3609,0.6905204057693481
human2_lib3.final_cell_0515-1,human2,beta,0,beta,1.5214115,12.093162,3610,0.3845422863960266
human2_lib3.final_cell_0516-1,human2,gamma,6,gamma,-2.676694,-4.097248,3611,1.0852864980697632
human2_lib3.final_cell_0517-1,human2,alpha,2,acinar,9.176238,-3.6235406,3612,1.928614616394043
human2_lib3.final_cell_0518-1,human2,alpha,1,alpha,7.0627627,-6.198024,3613,1.284253716468811
human2_lib3.final_cell_0519-1,human2,beta,0,beta,0.08906946,11.117897,3614,0.3961028158664703
human2_lib3.final_cell_0520-1,human2,alpha,2,acinar,9.1755,-3.573715,3615,1.1594420671463013
human2_lib3.final_cell_0521-1,human2,beta,0,beta,0.13234343,10.303089,3616,0.4849959313869476
human2_lib3.final_cell_0522-1,human2,beta,0,beta,0.09814981,10.518224,3617,0.3845422863960266
human2_lib3.final_cell_0523-1,human2,endothelial,7,endothelial,9.50405,12.76796,3618,1.976834416389465
human2_lib3.final_cell_0524-1,human2,beta,0,beta,0.08610389,8.515766,3619,0.4799011349678039
human2_lib3.final_cell_0525-1,human2,mast,8,macrophage,15.524745,1.20532,3620,4.147887229919434
human2_lib3.final_cell_0526-1,human2,gamma,6,gamma,-2.6451356,-4.1173906,3621,1.1559358835220337
human2_lib3.final_cell_0527-1,human2,gamma,6,gamma,-2.5102296,-4.2028756,3622,0.9373432397842408
human2_lib3.final_cell_0528-1,human2,alpha,3,ductal,17.69706,2.937675,3623,1.943170428276062
human2_lib3.final_cell_0529-1,human2,ductal,3,ductal,18.607332,1.1127062,3624,1.411367654800415
human2_lib3.final_cell_0530-1,human2,mast,8,macrophage,15.621708,1.3637023,3625,4.05828857421875
human2_lib3.final_cell_0531-1,human2,alpha,1,alpha,9.064408,-7.358833,3626,0.4400826096534729
human2_lib3.final_cell_0532-1,human2,alpha,1,alpha,8.6459055,-6.8881736,3627,0.6735867857933044
human2_lib3.final_cell_0533-1,human2,alpha,1,alpha,9.127187,-3.770729,3628,1.668049454689026
human2_lib3.final_cell_0534-1,human2,beta,0,beta,-0.772544,11.1030445,3629,0.4000738263130188
human2_lib3.final_cell_0535-1,human2,alpha,2,acinar,9.185739,-3.5593264,3630,1.706083059310913
human2_lib3.final_cell_0536-1,human2,alpha,1,alpha,5.5479255,-4.050101,3631,1.3289082050323486
human2_lib3.final_cell_0537-1,human2,alpha,1,alpha,8.609642,-5.403721,3632,1.4043852090835571
human2_lib3.final_cell_0538-1,human2,alpha,1,alpha,8.898915,-6.8346477,3633,0.8991897106170654
human2_lib3.final_cell_0539-1,human2,alpha,1,alpha,6.1880565,-4.1191144,3634,1.0550825595855713
human2_lib3.final_cell_0540-1,human2,ductal,3,ductal,17.430965,1.4918637,3635,2.240983009338379
human2_lib3.final_cell_0541-1,human2,alpha,3,ductal,18.03835,2.6753848,3636,1.4010381698608398
human2_lib3.final_cell_0542-1,human2,beta,0,beta,1.7212764,10.299883,3637,0.4108702838420868
human2_lib3.final_cell_0543-1,human2,beta,0,beta,0.27024132,8.459265,3638,0.6995346546173096
human2_lib3.final_cell_0544-1,human2,alpha,1,alpha,9.157706,-5.8471384,3639,0.7643750309944153
human2_lib3.final_cell_0545-1,human2,activated_stellate,5,activated_stellate,10.804802,5.1356754,3640,2.180729389190674
human2_lib3.final_cell_0546-1,human2,mast,8,macrophage,15.619033,1.3636954,3641,3.9806087017059326
human2_lib3.final_cell_0547-1,human2,activated_stellate,0,beta,0.43243876,8.403026,3642,1.7806278467178345
human2_lib3.final_cell_0548-1,human2,alpha,1,alpha,8.07105,-6.553954,3643,0.4397316575050354
human2_lib3.final_cell_0549-1,human2,ductal,3,ductal,18.708982,1.8196504,3644,1.667198657989502
human2_lib3.final_cell_0550-1,human2,beta,0,beta,1.2984114,11.526274,3645,0.4127140343189239
human2_lib3.final_cell_0551-1,human2,alpha,1,alpha,8.797755,-5.1815825,3646,0.9936074018478394
human2_lib3.final_cell_0552-1,human2,ductal,3,ductal,18.180916,2.5355701,3647,2.0369255542755127
human2_lib3.final_cell_0553-1,human2,gamma,6,gamma,-2.3259723,-3.946049,3648,1.176477313041687
human2_lib3.final_cell_0554-1,human2,beta,0,beta,0.22839534,11.638007,3649,0.3845422863960266
human2_lib3.final_cell_0555-1,human2,beta,0,beta,0.4170309,8.671864,3650,0.8622533082962036
human2_lib3.final_cell_0556-1,human2,alpha,1,alpha,6.081293,-4.488105,3651,1.1908411979675293
human2_lib3.final_cell_0557-1,human2,beta,0,beta,-0.072879836,10.53232,3652,0.4118969738483429
human2_lib3.final_cell_0558-1,human2,alpha,2,acinar,9.156738,-3.6027274,3653,2.1232059001922607
human2_lib3.final_cell_0559-1,human2,gamma,6,gamma,-2.4520168,-4.1307907,3654,2.4633898735046387
human2_lib3.final_cell_0560-1,human2,beta,0,beta,1.2088219,8.696453,3655,0.6604150533676147
human2_lib3.final_cell_0561-1,human2,activated_stellate,5,activated_stellate,12.829476,5.578783,3656,2.345498323440552
human2_lib3.final_cell_0562-1,human2,macrophage,8,macrophage,15.434274,1.2956393,3657,3.623354196548462
human2_lib3.final_cell_0563-1,human2,ductal,2,acinar,14.7788925,4.987506,3658,1.5921458005905151
human2_lib3.final_cell_0564-1,human2,activated_stellate,5,activated_stellate,11.422359,4.14303,3659,2.4939630031585693
human2_lib3.final_cell_0565-1,human2,alpha,1,alpha,8.031745,-6.2853837,3660,0.6390308141708374
human3_lib1.final_cell_0001-2,human3,acinar,2,acinar,16.039204,16.26069,3661,0.3846116065979004
human3_lib1.final_cell_0002-2,human3,acinar,2,acinar,17.076338,14.38864,3662,0.3845824897289276
human3_lib1.final_cell_0003-2,human3,acinar,2,acinar,16.583456,15.680191,3663,0.5225902795791626
human3_lib1.final_cell_0004-2,human3,acinar,2,acinar,16.816177,14.572957,3664,0.4186925888061523
human3_lib1.final_cell_0005-2,human3,acinar,2,acinar,16.90684,15.234886,3665,0.619393527507782
human3_lib1.final_cell_0006-2,human3,acinar,2,acinar,18.465088,13.832314,3666,0.872524082660675
human3_lib1.final_cell_0007-2,human3,acinar,2,acinar,15.777049,16.511547,3667,0.8389161825180054
human3_lib1.final_cell_0008-2,human3,acinar,2,acinar,16.695972,16.026798,3668,0.5007649660110474
human3_lib1.final_cell_0009-2,human3,acinar,2,acinar,17.093851,13.879713,3669,0.4672878384590149
human3_lib1.final_cell_0010-2,human3,acinar,2,acinar,17.146978,16.036627,3670,0.3870220780372619
human3_lib1.final_cell_0011-2,human3,acinar,2,acinar,16.805796,14.912583,3671,0.8280016779899597
human3_lib1.final_cell_0012-2,human3,acinar,2,acinar,15.7740135,16.687443,3672,0.7962034940719604
human3_lib1.final_cell_0013-2,human3,acinar,2,acinar,16.690912,15.73012,3673,0.6212591528892517
human3_lib1.final_cell_0014-2,human3,acinar,2,acinar,16.840782,15.85971,3674,0.4976108372211456
human3_lib1.final_cell_0015-2,human3,acinar,2,acinar,14.685821,4.991458,3675,2.04279899597168
human3_lib1.final_cell_0016-2,human3,acinar,2,acinar,15.694887,16.6316,3676,0.4798528850078583
human3_lib1.final_cell_0017-2,human3,acinar,2,acinar,17.745441,13.742895,3677,0.6524273157119751
human3_lib1.final_cell_0018-2,human3,acinar,2,acinar,16.75858,15.608313,3678,0.4064626097679138
human3_lib1.final_cell_0019-2,human3,acinar,2,acinar,18.387196,13.728609,3679,0.5060010552406311
human3_lib1.final_cell_0020-2,human3,acinar,2,acinar,17.087421,16.378046,3680,0.398066371679306
human3_lib1.final_cell_0021-2,human3,acinar,2,acinar,17.104729,15.758987,3681,0.427422285079956
human3_lib1.final_cell_0022-2,human3,acinar,2,acinar,17.824162,14.863666,3682,0.4051368236541748
human3_lib1.final_cell_0023-2,human3,acinar,2,acinar,15.733538,16.692863,3683,0.7772495746612549
human3_lib1.final_cell_0024-2,human3,acinar,2,acinar,18.553791,13.237163,3684,0.8531298637390137
human3_lib1.final_cell_0025-2,human3,acinar,2,acinar,18.035143,13.974968,3685,0.3845422863960266
human3_lib1.final_cell_0026-2,human3,acinar,2,acinar,17.088797,16.207949,3686,0.3845422863960266
human3_lib1.final_cell_0027-2,human3,acinar,2,acinar,17.915413,15.228071,3687,0.3845422863960266
human3_lib1.final_cell_0028-2,human3,delta,4,delta,-4.6204576,2.4156945,3688,0.5571622848510742
human3_lib1.final_cell_0029-2,human3,acinar,2,acinar,17.357811,15.628985,3689,0.6651073098182678
human3_lib1.final_cell_0030-2,human3,delta,4,delta,-4.400623,2.8344662,3690,0.7744057774543762
human3_lib1.final_cell_0031-2,human3,acinar,2,acinar,18.23901,13.661672,3691,0.5666617155075073
human3_lib1.final_cell_0032-2,human3,acinar,2,acinar,17.798487,14.632831,3692,0.4204802811145782
human3_lib1.final_cell_0033-2,human3,acinar,2,acinar,17.33366,16.27807,3693,0.7377178072929382
human3_lib1.final_cell_0034-2,human3,acinar,2,acinar,17.14283,14.80362,3694,0.3845422863960266
human3_lib1.final_cell_0035-2,human3,acinar,2,acinar,16.36614,15.955104,3695,0.5897956490516663
human3_lib1.final_cell_0036-2,human3,acinar,2,acinar,17.647755,13.233976,3696,0.6484072208404541
human3_lib1.final_cell_0037-2,human3,acinar,2,acinar,16.8645,14.7569895,3697,1.013720154762268
human3_lib1.final_cell_0038-2,human3,acinar,2,acinar,15.835156,16.41712,3698,0.4717470407485962
human3_lib1.final_cell_0039-2,human3,delta,4,delta,-3.1863818,3.391241,3699,0.721172571182251
human3_lib1.final_cell_0040-2,human3,acinar,2,acinar,17.437357,15.91367,3700,0.4050388038158417
human3_lib1.final_cell_0041-2,human3,acinar,2,acinar,17.921852,13.027048,3701,0.813970685005188
human3_lib1.final_cell_0042-2,human3,acinar,2,acinar,17.073936,14.799528,3702,0.566680908203125
human3_lib1.final_cell_0043-2,human3,acinar,2,acinar,15.867223,16.639072,3703,0.4412921369075775
human3_lib1.final_cell_0044-2,human3,acinar,2,acinar,16.70616,15.627886,3704,0.5661121010780334
human3_lib1.final_cell_0045-2,human3,acinar,2,acinar,17.052618,16.402298,3705,0.4011249542236328
human3_lib1.final_cell_0046-2,human3,acinar,2,acinar,17.343386,14.655635,3706,0.4114057123661041
human3_lib1.final_cell_0047-2,human3,acinar,2,acinar,17.344992,14.210592,3707,0.553642988204956
human3_lib1.final_cell_0048-2,human3,ductal,3,ductal,17.773773,2.718588,3708,2.10382342338562
human3_lib1.final_cell_0049-2,human3,acinar,2,acinar,16.740364,15.861756,3709,0.8759080767631531
human3_lib1.final_cell_0050-2,human3,acinar,2,acinar,17.471094,16.088749,3710,0.5388461947441101
human3_lib1.final_cell_0051-2,human3,acinar,2,acinar,16.3479,15.89751,3711,0.4838756322860718
human3_lib1.final_cell_0052-2,human3,acinar,2,acinar,16.287382,16.393494,3712,0.5366326570510864
human3_lib1.final_cell_0053-2,human3,acinar,2,acinar,16.798061,14.490733,3713,0.550655722618103
human3_lib1.final_cell_0054-2,human3,acinar,2,acinar,16.788565,15.588979,3714,0.4996028542518616
human3_lib1.final_cell_0055-2,human3,acinar,2,acinar,18.070164,12.837262,3715,0.3845422863960266
human3_lib1.final_cell_0056-2,human3,alpha,1,alpha,9.364326,-8.097701,3716,0.866918683052063
human3_lib1.final_cell_0057-2,human3,acinar,2,acinar,18.22773,12.387136,3717,0.5492911338806152
human3_lib1.final_cell_0058-2,human3,acinar,2,acinar,16.7903,15.936945,3718,0.3845422863960266
human3_lib1.final_cell_0059-2,human3,acinar,2,acinar,17.542027,14.436002,3719,0.3968333601951599
human3_lib1.final_cell_0060-2,human3,acinar,2,acinar,18.043957,13.962368,3720,0.597675621509552
human3_lib1.final_cell_0061-2,human3,acinar,2,acinar,16.86429,15.83548,3721,0.3858027458190918
human3_lib1.final_cell_0062-2,human3,acinar,2,acinar,18.461445,13.840372,3722,0.485264390707016
human3_lib1.final_cell_0063-2,human3,acinar,2,acinar,17.029257,16.310705,3723,0.7417680621147156
human3_lib1.final_cell_0064-2,human3,beta,0,beta,-0.007996206,12.400988,3724,0.9109064340591432
human3_lib1.final_cell_0065-2,human3,ductal,3,ductal,18.196884,-0.54302645,3725,1.638602375984192
human3_lib1.final_cell_0066-2,human3,acinar,3,ductal,17.645605,1.6798483,3726,1.740447163581848
human3_lib1.final_cell_0067-2,human3,acinar,2,acinar,16.75055,16.189522,3727,0.3845422863960266
human3_lib1.final_cell_0068-2,human3,alpha,1,alpha,9.341169,-7.853526,3728,0.7567287087440491
human3_lib1.final_cell_0069-2,human3,acinar,2,acinar,17.081364,14.935396,3729,0.4171078503131866
human3_lib1.final_cell_0070-2,human3,acinar,2,acinar,17.093185,14.900941,3730,0.5238205790519714
human3_lib1.final_cell_0071-2,human3,endothelial,8,macrophage,12.875613,4.125231,3731,2.838065385818481
human3_lib1.final_cell_0072-2,human3,acinar,2,acinar,15.837645,16.712708,3732,0.8529309034347534
human3_lib1.final_cell_0073-2,human3,acinar,2,acinar,17.597944,13.288557,3733,1.3317513465881348
human3_lib1.final_cell_0074-2,human3,acinar,2,acinar,18.521996,13.618324,3734,0.3863728940486908
human3_lib1.final_cell_0075-2,human3,delta,4,delta,-3.249071,3.4018788,3735,0.9755481481552124
human3_lib1.final_cell_0076-2,human3,acinar,2,acinar,17.641056,13.811392,3736,0.5643660426139832
human3_lib1.final_cell_0077-2,human3,acinar,2,acinar,17.237474,15.136468,3737,0.4453703761100769
human3_lib1.final_cell_0078-2,human3,acinar,2,acinar,16.518047,16.41618,3738,0.8186862468719482
human3_lib1.final_cell_0079-2,human3,acinar,2,acinar,17.44371,13.749138,3739,0.4698552787303924
human3_lib1.final_cell_0080-2,human3,acinar,2,acinar,16.746136,16.195868,3740,0.4164699912071228
human3_lib1.final_cell_0081-2,human3,alpha,1,alpha,9.389364,-6.5748706,3741,1.0060075521469116
human3_lib1.final_cell_0082-2,human3,acinar,2,acinar,17.778332,15.12302,3742,0.3891531229019165
human3_lib1.final_cell_0083-2,human3,alpha,1,alpha,9.906638,-8.348265,3743,0.7188335657119751
human3_lib1.final_cell_0084-2,human3,acinar,2,acinar,17.998343,11.977004,3744,0.6404528021812439
human3_lib1.final_cell_0085-2,human3,acinar,2,acinar,17.668907,13.67206,3745,0.5411368608474731
human3_lib1.final_cell_0086-2,human3,acinar,2,acinar,17.907145,13.601181,3746,0.774834156036377
human3_lib1.final_cell_0087-2,human3,acinar,2,acinar,17.51073,13.820989,3747,0.6549144983291626
human3_lib1.final_cell_0088-2,human3,activated_stellate,5,activated_stellate,12.107791,6.110727,3748,2.0469613075256348
human3_lib1.final_cell_0089-2,human3,acinar,2,acinar,16.881088,14.478219,3749,0.3857441842556
human3_lib1.final_cell_0090-2,human3,acinar,2,acinar,17.970734,15.454941,3750,0.3959913253784179
human3_lib1.final_cell_0091-2,human3,delta,4,delta,-2.6271193,3.1707156,3751,1.2520076036453247
human3_lib1.final_cell_0092-2,human3,acinar,2,acinar,16.343601,15.192247,3752,0.3845422863960266
human3_lib1.final_cell_0093-2,human3,acinar,2,acinar,15.79671,16.724716,3753,0.4264818131923675
human3_lib1.final_cell_0094-2,human3,acinar,2,acinar,17.330276,15.112484,3754,0.6927487254142761
human3_lib1.final_cell_0095-2,human3,acinar,2,acinar,17.280083,15.851148,3755,0.4320515692234039
human3_lib1.final_cell_0096-2,human3,acinar,2,acinar,17.58396,13.406036,3756,0.6318960189819336
human3_lib1.final_cell_0097-2,human3,acinar,2,acinar,17.425737,15.343067,3757,0.3975991606712341
human3_lib1.final_cell_0098-2,human3,acinar,2,acinar,17.09071,15.93965,3758,0.4607887864112854
human3_lib1.final_cell_0099-2,human3,beta,0,beta,-1.1079581,9.934799,3759,1.3187919855117798
human3_lib1.final_cell_0100-2,human3,beta,0,beta,0.62149304,7.836434,3760,2.6156184673309326
human3_lib1.final_cell_0101-2,human3,acinar,2,acinar,16.958797,14.919595,3761,0.4678740799427032
human3_lib1.final_cell_0102-2,human3,alpha,1,alpha,9.408659,-6.927928,3762,0.7574880719184875
human3_lib1.final_cell_0103-2,human3,alpha,1,alpha,9.288228,-5.3650675,3763,1.695789813995361
human3_lib1.final_cell_0104-2,human3,delta,4,delta,-4.299783,3.1320448,3764,1.09190571308136
human3_lib1.final_cell_0105-2,human3,acinar,2,acinar,17.24291,13.804401,3765,0.6070175170898438
human3_lib1.final_cell_0106-2,human3,delta,4,delta,-3.5976703,2.3260212,3766,0.9441881775856018
human3_lib1.final_cell_0107-2,human3,acinar,2,acinar,17.442976,13.717478,3767,0.5782334804534912
human3_lib1.final_cell_0108-2,human3,acinar,2,acinar,16.346422,15.926875,3768,0.4012612998485565
human3_lib1.final_cell_0109-2,human3,acinar,2,acinar,17.872372,13.43523,3769,0.4213534593582153
human3_lib1.final_cell_0110-2,human3,delta,4,delta,-4.328216,2.9712927,3770,0.5229422450065613
human3_lib1.final_cell_0111-2,human3,alpha,1,alpha,9.869417,-8.5595,3771,0.6100919842720032
human3_lib1.final_cell_0112-2,human3,acinar,2,acinar,16.00438,16.564978,3772,0.3845422863960266
human3_lib1.final_cell_0113-2,human3,acinar,2,acinar,18.22206,13.982194,3773,0.3845422863960266
human3_lib1.final_cell_0114-2,human3,delta,4,delta,-3.6676924,2.430127,3774,1.0287988185882568
human3_lib1.final_cell_0115-2,human3,alpha,1,alpha,8.854582,-7.4207673,3775,0.7168715000152588
human3_lib1.final_cell_0116-2,human3,acinar,2,acinar,17.117325,15.862348,3776,0.4054458141326904
human3_lib1.final_cell_0117-2,human3,acinar,2,acinar,16.421486,15.033307,3777,0.598116934299469
human3_lib1.final_cell_0118-2,human3,alpha,1,alpha,6.7803383,-6.4032745,3778,1.6509116888046265
human3_lib1.final_cell_0119-2,human3,acinar,2,acinar,17.648626,13.459949,3779,0.4809070527553558
human3_lib1.final_cell_0120-2,human3,acinar,2,acinar,16.44688,15.430074,3780,0.8313673138618469
human3_lib1.final_cell_0121-2,human3,acinar,2,acinar,17.667973,12.39573,3781,1.5342930555343628
human3_lib1.final_cell_0122-2,human3,beta,0,beta,1.145582,10.387443,3782,0.4672244191169739
human3_lib1.final_cell_0123-2,human3,acinar,2,acinar,17.8017,14.621176,3783,0.3998119235038757
human3_lib1.final_cell_0124-2,human3,acinar,2,acinar,18.303318,13.111117,3784,0.3845422863960266
human3_lib1.final_cell_0125-2,human3,acinar,2,acinar,16.09389,16.252916,3785,0.5766076445579529
human3_lib1.final_cell_0126-2,human3,beta,0,beta,1.1342365,11.324199,3786,0.6673238277435303
human3_lib1.final_cell_0127-2,human3,alpha,1,alpha,8.606666,-7.599672,3787,0.7055147290229797
human3_lib1.final_cell_0128-2,human3,delta,4,delta,-2.623023,2.7637482,3788,1.4711495637893677
human3_lib1.final_cell_0129-2,human3,alpha,1,alpha,8.490629,-7.8037353,3789,0.6709445118904114
human3_lib1.final_cell_0130-2,human3,delta,4,delta,-2.6566148,2.9177098,3790,1.279842495918274
human3_lib1.final_cell_0131-2,human3,acinar,2,acinar,18.592812,13.190244,3791,0.542942464351654
human3_lib1.final_cell_0132-2,human3,beta,0,beta,1.9156938,10.6057205,3792,0.5876976847648621
human3_lib1.final_cell_0133-2,human3,ductal,3,ductal,19.187447,1.1853563,3793,1.44648277759552
human3_lib1.final_cell_0134-2,human3,beta,0,beta,-1.9047168,4.4802837,3794,0.9063779711723328
human3_lib1.final_cell_0135-2,human3,ductal,3,ductal,18.274897,2.4204822,3795,1.3233284950256348
human3_lib1.final_cell_0136-2,human3,delta,4,delta,-4.604605,2.4040012,3796,0.3845422863960266
human3_lib1.final_cell_0137-2,human3,beta,0,beta,1.1108047,12.643343,3797,0.6098552942276001
human3_lib1.final_cell_0138-2,human3,acinar,2,acinar,17.438204,14.275018,3798,0.399069994688034
human3_lib1.final_cell_0139-2,human3,alpha,1,alpha,8.770167,-8.237302,3799,0.7408484220504761
human3_lib1.final_cell_0140-2,human3,beta,0,beta,-0.9232142,12.004535,3800,0.8368605375289917
human3_lib1.final_cell_0141-2,human3,delta,4,delta,-3.2740977,3.5504758,3801,0.5055004358291626
human3_lib1.final_cell_0142-2,human3,activated_stellate,5,activated_stellate,10.939949,5.4771137,3802,1.8683221340179443
human3_lib1.final_cell_0143-2,human3,beta,0,beta,0.86472654,11.292866,3803,0.6032055020332336
human3_lib1.final_cell_0144-2,human3,alpha,1,alpha,8.784225,-8.760515,3804,0.711068868637085
human3_lib1.final_cell_0145-2,human3,delta,4,delta,-4.6834874,2.9985225,3805,1.0424630641937256
human3_lib1.final_cell_0146-2,human3,acinar,2,acinar,17.1732,15.825413,3806,0.3845422863960266
human3_lib1.final_cell_0147-2,human3,beta,0,beta,1.963817,9.89368,3807,0.9323569536209106
human3_lib1.final_cell_0148-2,human3,alpha,1,alpha,5.87123,-4.3933463,3808,1.0867607593536377
human3_lib1.final_cell_0149-2,human3,beta,0,beta,1.6904279,12.272245,3809,0.6017968654632568
human3_lib1.final_cell_0150-2,human3,acinar,2,acinar,16.84506,14.864492,3810,1.1196690797805786
human3_lib1.final_cell_0151-2,human3,beta,0,beta,-0.18069147,10.839187,3811,0.5387195348739624
human3_lib1.final_cell_0152-2,human3,alpha,1,alpha,8.641187,-5.597119,3812,1.9703516960144043
human3_lib1.final_cell_0153-2,human3,alpha,1,alpha,6.7163987,-6.9298186,3813,1.8654522895812988
human3_lib1.final_cell_0154-2,human3,beta,0,beta,-0.63396144,8.492777,3814,1.4245119094848633
human3_lib1.final_cell_0155-2,human3,acinar,2,acinar,17.31915,16.094463,3815,0.818522036075592
human3_lib1.final_cell_0156-2,human3,alpha,1,alpha,9.717771,-8.748454,3816,1.015127182006836
human3_lib1.final_cell_0157-2,human3,activated_stellate,5,activated_stellate,10.766918,5.1121106,3817,1.9112470149993896
human3_lib1.final_cell_0158-2,human3,acinar,2,acinar,16.671665,15.756126,3818,0.6832172870635986
human3_lib1.final_cell_0159-2,human3,beta,0,beta,-0.8131108,12.165864,3819,1.019504427909851
human3_lib1.final_cell_0160-2,human3,ductal,3,ductal,17.982374,1.3295152,3820,3.588205099105835
human3_lib1.final_cell_0161-2,human3,acinar,2,acinar,17.075247,14.904878,3821,0.5352127552032471
human3_lib1.final_cell_0162-2,human3,ductal,3,ductal,18.140423,-0.9632542,3822,1.3623148202896118
human3_lib1.final_cell_0163-2,human3,beta,0,beta,1.5034013,10.578081,3823,0.5491085648536682
human3_lib1.final_cell_0164-2,human3,beta,0,beta,0.11460845,9.380054,3824,0.5062439441680908
human3_lib1.final_cell_0165-2,human3,delta,4,delta,-2.665607,2.8035545,3825,1.127824068069458
human3_lib1.final_cell_0166-2,human3,beta,0,beta,1.3029011,9.297321,3826,0.6221486926078796
human3_lib1.final_cell_0167-2,human3,beta,0,beta,1.7972547,11.84664,3827,0.7532979249954224
human3_lib1.final_cell_0168-2,human3,acinar,2,acinar,17.874033,13.560702,3828,0.6665645241737366
human3_lib1.final_cell_0169-2,human3,alpha,1,alpha,7.8443823,-7.9648085,3829,0.9039537906646729
human3_lib1.final_cell_0170-2,human3,acinar,2,acinar,17.137074,15.553731,3830,0.5907408595085144
human3_lib1.final_cell_0171-2,human3,alpha,1,alpha,8.68355,-7.200426,3831,0.7681256532669067
human3_lib1.final_cell_0172-2,human3,acinar,2,acinar,14.794188,4.954229,3832,1.7650032043457031
human3_lib1.final_cell_0173-2,human3,alpha,1,alpha,8.986245,-7.3809614,3833,0.4849981069564819
human3_lib1.final_cell_0174-2,human3,acinar,2,acinar,17.136585,15.9981365,3834,0.6774032115936279
human3_lib1.final_cell_0175-2,human3,beta,0,beta,0.82842684,12.125172,3835,0.6201640367507935
human3_lib1.final_cell_0176-2,human3,beta,0,beta,-1.2203418,11.493315,3836,0.834695041179657
human3_lib1.final_cell_0177-2,human3,alpha,1,alpha,8.554794,-6.3133326,3837,0.7094053030014038
human3_lib1.final_cell_0178-2,human3,beta,0,beta,1.625177,9.217756,3838,0.6618853211402893
human3_lib1.final_cell_0179-2,human3,acinar,2,acinar,17.88357,15.163775,3839,0.3845422863960266
human3_lib1.final_cell_0180-2,human3,beta,0,beta,-0.9127352,10.376832,3840,0.9428797960281372
human3_lib1.final_cell_0181-2,human3,acinar,2,acinar,16.916805,14.8782215,3841,0.7691577672958374
human3_lib1.final_cell_0182-2,human3,alpha,1,alpha,6.7383766,-6.820399,3842,0.6765343546867371
human3_lib1.final_cell_0183-2,human3,beta,0,beta,-1.0266545,9.099588,3843,1.1201051473617554
human3_lib1.final_cell_0184-2,human3,alpha,1,alpha,9.596805,-7.9465055,3844,0.7685189247131348
human3_lib1.final_cell_0185-2,human3,acinar,2,acinar,17.660389,13.779577,3845,0.5607336163520813
human3_lib1.final_cell_0186-2,human3,alpha,1,alpha,8.890155,-6.295592,3846,0.6792327165603638
human3_lib1.final_cell_0187-2,human3,alpha,1,alpha,10.058496,-6.7562313,3847,0.796663761138916
human3_lib1.final_cell_0188-2,human3,delta,4,delta,-4.972696,2.5583866,3848,1.4065972566604614
human3_lib1.final_cell_0189-2,human3,beta,2,acinar,17.749464,11.458989,3849,1.4986321926116943
human3_lib1.final_cell_0190-2,human3,acinar,2,acinar,17.760489,15.112905,3850,0.43316450715065
human3_lib1.final_cell_0191-2,human3,alpha,1,alpha,9.621807,-8.738759,3851,0.6594960689544678
human3_lib1.final_cell_0192-2,human3,delta,4,delta,-2.8093445,3.2729993,3852,1.1551599502563477
human3_lib1.final_cell_0193-2,human3,delta,4,delta,-2.6807606,2.859328,3853,1.1642693281173706
human3_lib1.final_cell_0194-2,human3,delta,4,delta,-2.739212,2.694232,3854,1.685779690742493
human3_lib1.final_cell_0195-2,human3,acinar,2,acinar,17.08914,14.463998,3855,1.233324408531189
human3_lib1.final_cell_0196-2,human3,acinar,2,acinar,16.951128,15.512094,3856,0.4208227396011352
human3_lib1.final_cell_0197-2,human3,acinar,2,acinar,17.951553,13.961624,3857,0.3895200788974762
human3_lib1.final_cell_0198-2,human3,alpha,1,alpha,5.7915864,-4.1480613,3858,1.7311629056930542
human3_lib1.final_cell_0199-2,human3,beta,0,beta,0.14620236,12.766638,3859,0.7890255451202393
human3_lib1.final_cell_0200-2,human3,acinar,2,acinar,18.21523,13.606394,3860,0.3968676030635834
human3_lib1.final_cell_0201-2,human3,acinar,2,acinar,17.881933,11.82182,3861,0.6168736219406128
human3_lib1.final_cell_0202-2,human3,beta,0,beta,1.6434244,11.105286,3862,0.6078472137451172
human3_lib1.final_cell_0203-2,human3,beta,0,beta,2.01994,11.62339,3863,0.8030617833137512
human3_lib1.final_cell_0204-2,human3,acinar,2,acinar,18.457392,13.818034,3864,0.5170620679855347
human3_lib1.final_cell_0205-2,human3,alpha,1,alpha,8.958551,-8.776486,3865,0.6118790507316589
human3_lib1.final_cell_0206-2,human3,ductal,3,ductal,18.116676,-0.07777241,3866,0.8063463568687439
human3_lib1.final_cell_0207-2,human3,alpha,1,alpha,8.827689,-7.4127874,3867,0.6184882521629333
human3_lib1.final_cell_0208-2,human3,beta,0,beta,0.5259168,12.143991,3868,0.9087897539138794
human3_lib1.final_cell_0209-2,human3,acinar,2,acinar,18.332935,13.4310255,3869,0.3973718285560608
human3_lib1.final_cell_0210-2,human3,beta,0,beta,0.8240632,12.884111,3870,0.845745861530304
human3_lib1.final_cell_0211-2,human3,acinar,2,acinar,17.216274,13.8247175,3871,1.0056504011154177
human3_lib1.final_cell_0212-2,human3,acinar,2,acinar,17.506685,15.064676,3872,0.5098856091499329
human3_lib1.final_cell_0213-2,human3,beta,0,beta,-1.0531394,10.876838,3873,0.822519063949585
human3_lib1.final_cell_0214-2,human3,acinar,2,acinar,17.836548,13.692022,3874,0.8025528788566589
human3_lib1.final_cell_0215-2,human3,acinar,2,acinar,17.323101,14.803307,3875,0.4630133211612701
human3_lib1.final_cell_0216-2,human3,delta,4,delta,-4.3347635,2.763465,3876,0.8282343149185181
human3_lib1.final_cell_0217-2,human3,delta,4,delta,-3.2112167,2.6003618,3877,0.7059254050254822
human3_lib1.final_cell_0218-2,human3,beta,0,beta,0.59436804,12.105495,3878,1.005268692970276
human3_lib1.final_cell_0219-2,human3,beta,0,beta,0.7881317,12.390352,3879,0.6989002227783203
human3_lib1.final_cell_0220-2,human3,acinar,2,acinar,18.529251,12.999458,3880,0.3845422863960266
human3_lib1.final_cell_0221-2,human3,alpha,1,alpha,7.3511996,-6.9213166,3881,0.6177396178245544
human3_lib1.final_cell_0222-2,human3,alpha,1,alpha,8.717292,-8.10694,3882,0.7235750555992126
human3_lib1.final_cell_0223-2,human3,alpha,1,alpha,6.445653,-4.115401,3883,1.690155863761902
human3_lib1.final_cell_0224-2,human3,acinar,2,acinar,17.576931,15.840297,3884,1.049201488494873
human3_lib1.final_cell_0225-2,human3,ductal,3,ductal,18.347166,1.8440626,3885,1.159942865371704
human3_lib1.final_cell_0226-2,human3,beta,0,beta,0.38945827,9.375716,3886,0.4444926977157593
human3_lib1.final_cell_0227-2,human3,alpha,1,alpha,9.128257,-6.1974645,3887,0.7937837839126587
human3_lib1.final_cell_0228-2,human3,ductal,3,ductal,18.141098,0.4540839,3888,1.3493458032608032
human3_lib1.final_cell_0229-2,human3,alpha,1,alpha,9.272864,-6.195976,3889,0.6486137509346008
human3_lib1.final_cell_0230-2,human3,acinar,2,acinar,16.797539,14.54771,3890,0.6394335031509399
human3_lib1.final_cell_0231-2,human3,activated_stellate,5,activated_stellate,10.746751,5.0354805,3891,1.681002855300903
human3_lib1.final_cell_0232-2,human3,alpha,1,alpha,8.146813,-8.150941,3892,0.8084832429885864
human3_lib1.final_cell_0233-2,human3,beta,0,beta,0.47375476,8.932736,3893,0.6779100894927979
human3_lib1.final_cell_0234-2,human3,beta,0,beta,0.4035883,11.39176,3894,0.623594343662262
human3_lib1.final_cell_0235-2,human3,beta,0,beta,-0.3220078,11.957965,3895,0.7114173173904419
human3_lib1.final_cell_0236-2,human3,alpha,1,alpha,8.286952,-6.3252487,3896,0.8743749260902405
human3_lib1.final_cell_0237-2,human3,alpha,1,alpha,7.0889254,-5.5169816,3897,1.2214863300323486
human3_lib1.final_cell_0238-2,human3,acinar,2,acinar,16.720993,14.469932,3898,0.5383049249649048
human3_lib1.final_cell_0239-2,human3,alpha,1,alpha,8.6310835,-8.521531,3899,0.8699435591697693
human3_lib1.final_cell_0240-2,human3,alpha,1,alpha,7.097578,-6.2006016,3900,0.6194210648536682
human3_lib1.final_cell_0241-2,human3,beta,0,beta,0.19794664,9.67098,3901,1.2886219024658203
human3_lib1.final_cell_0242-2,human3,beta,0,beta,-0.42865366,10.569157,3902,0.831355631351471
human3_lib1.final_cell_0243-2,human3,alpha,1,alpha,8.6588955,-5.107989,3903,1.351985216140747
human3_lib1.final_cell_0244-2,human3,acinar,2,acinar,16.9315,14.890214,3904,0.5455255508422852
human3_lib1.final_cell_0245-2,human3,beta,0,beta,0.6739236,12.375612,3905,0.5268356204032898
human3_lib1.final_cell_0246-2,human3,acinar,2,acinar,17.12811,15.703022,3906,0.393534779548645
human3_lib1.final_cell_0247-2,human3,ductal,3,ductal,18.740425,1.0488962,3907,1.1443523168563845
human3_lib1.final_cell_0248-2,human3,beta,0,beta,-0.4649733,10.999202,3908,0.6664877533912659
human3_lib1.final_cell_0249-2,human3,beta,0,beta,0.6053979,12.127683,3909,0.7705698013305664
human3_lib1.final_cell_0250-2,human3,alpha,1,alpha,6.4513817,-5.8947053,3910,1.1845386028289795
human3_lib1.final_cell_0251-2,human3,alpha,1,alpha,9.321482,-6.921209,3911,0.6416076421737671
human3_lib1.final_cell_0252-2,human3,alpha,1,alpha,8.8770075,-6.298183,3912,0.504525363445282
human3_lib1.final_cell_0253-2,human3,acinar,2,acinar,17.19272,14.317979,3913,0.5279181003570557
human3_lib1.final_cell_0254-2,human3,alpha,1,alpha,8.087499,-7.14664,3914,0.6521023511886597
human3_lib1.final_cell_0255-2,human3,acinar,2,acinar,17.52866,14.421414,3915,0.4107505679130554
human3_lib1.final_cell_0256-2,human3,alpha,1,alpha,8.5225115,-7.3920045,3916,0.9368776679039
human3_lib1.final_cell_0257-2,human3,beta,0,beta,0.3160128,9.480057,3917,1.0440595149993896
human3_lib1.final_cell_0258-2,human3,alpha,1,alpha,9.100359,-3.7871068,3918,1.04534912109375
human3_lib1.final_cell_0259-2,human3,beta,0,beta,1.1196747,11.379912,3919,0.4417007267475128
human3_lib1.final_cell_0260-2,human3,beta,0,beta,-1.2842435,11.1814575,3920,0.5972590446472168
human3_lib1.final_cell_0261-2,human3,delta,4,delta,-2.969423,2.7592447,3921,1.235633134841919
human3_lib1.final_cell_0262-2,human3,activated_stellate,5,activated_stellate,10.791997,5.240564,3922,1.8189842700958248
human3_lib1.final_cell_0263-2,human3,alpha,1,alpha,7.896256,-6.6516457,3923,0.6501253247261047
human3_lib1.final_cell_0264-2,human3,acinar,2,acinar,17.834148,15.226726,3924,0.3850599527359009
human3_lib1.final_cell_0265-2,human3,ductal,3,ductal,18.303736,-0.7884569,3925,0.9919580817222596
human3_lib1.final_cell_0266-2,human3,alpha,1,alpha,8.514604,-6.899613,3926,0.7478495836257935
human3_lib1.final_cell_0267-2,human3,alpha,1,alpha,7.8490815,-6.9107075,3927,0.9303867816925048
human3_lib1.final_cell_0268-2,human3,acinar,2,acinar,17.401262,13.945483,3928,0.3919668793678283
human3_lib1.final_cell_0269-2,human3,beta,0,beta,-0.16949415,9.365609,3929,0.8721082210540771
human3_lib1.final_cell_0270-2,human3,acinar,2,acinar,18.160023,15.237332,3930,0.6812041997909546
human3_lib1.final_cell_0271-2,human3,delta,4,delta,-4.0230126,3.2791193,3931,1.3100930452346802
human3_lib1.final_cell_0272-2,human3,delta,4,delta,-3.323317,2.7288651,3932,0.6630980372428894
human3_lib1.final_cell_0273-2,human3,alpha,1,alpha,7.1104994,-5.990615,3933,1.545534372329712
human3_lib1.final_cell_0274-2,human3,delta,4,delta,-2.654503,2.8738272,3934,1.049653172492981
human3_lib1.final_cell_0275-2,human3,beta,0,beta,2.1085324,10.312791,3935,0.5302126407623291
human3_lib1.final_cell_0276-2,human3,activated_stellate,5,activated_stellate,10.954236,5.4941516,3936,1.7794244289398191
human3_lib1.final_cell_0277-2,human3,alpha,1,alpha,10.286376,-7.174902,3937,0.9119080901145936
human3_lib1.final_cell_0278-2,human3,beta,0,beta,1.920734,11.873875,3938,0.6827965378761292
human3_lib1.final_cell_0279-2,human3,acinar,2,acinar,17.351568,15.378573,3939,0.4521697461605072
human3_lib1.final_cell_0280-2,human3,alpha,1,alpha,6.8386893,-7.011238,3940,0.860163152217865
human3_lib1.final_cell_0281-2,human3,alpha,1,alpha,8.572275,-5.996354,3941,0.682645857334137
human3_lib1.final_cell_0282-2,human3,acinar,2,acinar,16.402452,15.735559,3942,0.5036380290985107
human3_lib1.final_cell_0283-2,human3,beta,0,beta,-0.37238306,10.987712,3943,0.5981599688529968
human3_lib1.final_cell_0284-2,human3,ductal,3,ductal,17.373047,1.0113811,3944,3.588205099105835
human3_lib1.final_cell_0285-2,human3,alpha,1,alpha,9.357291,-8.156359,3945,0.6354008316993713
human3_lib1.final_cell_0286-2,human3,alpha,1,alpha,8.472706,-8.548394,3946,0.5963962078094482
human3_lib1.final_cell_0287-2,human3,beta,0,beta,0.97340024,9.471762,3947,0.6377105712890625
human3_lib1.final_cell_0288-2,human3,ductal,3,ductal,18.225544,0.35663146,3948,1.4239956140518188
human3_lib1.final_cell_0289-2,human3,alpha,1,alpha,9.093097,-3.8762681,3949,2.253742456436157
human3_lib1.final_cell_0290-2,human3,quiescent_stellate,5,activated_stellate,12.24097,4.175718,3950,1.577418088912964
human3_lib1.final_cell_0291-2,human3,alpha,1,alpha,7.9475474,-6.4712276,3951,0.7187573313713074
human3_lib1.final_cell_0292-2,human3,ductal,3,ductal,19.148512,0.13891992,3952,1.196648359298706
human3_lib1.final_cell_0293-2,human3,alpha,1,alpha,9.1797495,-8.69389,3953,0.6946873664855957
human3_lib1.final_cell_0294-2,human3,beta,0,beta,-0.5606021,12.712845,3954,0.9333027005195618
human3_lib1.final_cell_0295-2,human3,alpha,1,alpha,8.54037,-6.553544,3955,1.174439787864685
human3_lib1.final_cell_0296-2,human3,alpha,1,alpha,9.046813,-7.398604,3956,0.5268179178237915
human3_lib1.final_cell_0297-2,human3,alpha,1,alpha,8.651367,-7.699916,3957,0.6035192012786865
human3_lib1.final_cell_0298-2,human3,delta,4,delta,-2.850276,3.063036,3958,1.282990336418152
human3_lib1.final_cell_0299-2,human3,alpha,1,alpha,7.899837,-6.634224,3959,0.739243745803833
human3_lib1.final_cell_0300-2,human3,acinar,2,acinar,18.226665,12.441886,3960,0.5205432772636414
human3_lib1.final_cell_0301-2,human3,delta,4,delta,-3.8764293,2.7620454,3961,0.7094525694847107
human3_lib1.final_cell_0302-2,human3,acinar,2,acinar,18.306969,13.636597,3962,0.7131540775299072
human3_lib1.final_cell_0303-2,human3,alpha,1,alpha,6.6390452,-6.2700853,3963,2.4837429523468018
human3_lib1.final_cell_0304-2,human3,beta,0,beta,-0.7742563,8.111592,3964,1.6552519798278809
human3_lib1.final_cell_0305-2,human3,ductal,3,ductal,18.053831,-1.0071956,3965,1.4610596895217896
human3_lib1.final_cell_0306-2,human3,ductal,3,ductal,18.124361,0.7931599,3966,1.2351865768432615
human3_lib1.final_cell_0307-2,human3,acinar,2,acinar,18.230877,13.723845,3967,1.144622802734375
human3_lib1.final_cell_0308-2,human3,ductal,3,ductal,19.118166,-0.100857355,3968,0.9745609760284424
human3_lib1.final_cell_0309-2,human3,ductal,3,ductal,16.981459,1.6453673,3969,3.588205099105835
human3_lib1.final_cell_0310-2,human3,delta,4,delta,-3.0166798,2.6848903,3970,1.2492527961730957
human3_lib1.final_cell_0311-2,human3,alpha,1,alpha,7.8317623,-7.736448,3971,0.834191620349884
human3_lib1.final_cell_0312-2,human3,beta,0,beta,-0.08680641,12.880483,3972,0.7889137268066406
human3_lib1.final_cell_0313-2,human3,beta,0,beta,1.4176031,11.7976055,3973,0.5397306084632874
human3_lib1.final_cell_0314-2,human3,delta,4,delta,-3.1490386,2.6254437,3974,0.742913007736206
human3_lib1.final_cell_0315-2,human3,alpha,1,alpha,8.738033,-7.5367336,3975,0.6044694781303406
human3_lib1.final_cell_0316-2,human3,beta,0,beta,0.57366157,7.8581905,3976,1.4144209623336792
human3_lib1.final_cell_0317-2,human3,beta,0,beta,0.8322375,11.086722,3977,0.5256800055503845
human3_lib1.final_cell_0318-2,human3,alpha,1,alpha,7.966789,-7.6665096,3978,0.7369266152381897
human3_lib1.final_cell_0319-2,human3,alpha,1,alpha,9.431157,-7.940222,3979,0.684431791305542
human3_lib1.final_cell_0320-2,human3,endothelial,7,endothelial,9.860225,12.373988,3980,2.4226505756378174
human3_lib1.final_cell_0321-2,human3,alpha,1,alpha,9.79031,-7.5171084,3981,0.7877920866012573
human3_lib1.final_cell_0322-2,human3,beta,0,beta,-1.2053133,11.93527,3982,1.482137680053711
human3_lib1.final_cell_0323-2,human3,beta,0,beta,0.105349936,10.425949,3983,0.6628395318984985
human3_lib1.final_cell_0324-2,human3,alpha,1,alpha,7.170224,-5.9645896,3984,0.6431565284729004
human3_lib1.final_cell_0325-2,human3,alpha,1,alpha,8.403049,-6.885959,3985,0.5137131214141846
human3_lib1.final_cell_0326-2,human3,acinar,2,acinar,17.863531,14.555284,3986,0.3845422863960266
human3_lib1.final_cell_0327-2,human3,beta,0,beta,1.926782,9.893415,3987,1.012636423110962
human3_lib1.final_cell_0328-2,human3,alpha,1,alpha,7.768216,-7.1694217,3988,0.90699964761734
human3_lib1.final_cell_0329-2,human3,beta,0,beta,-0.17512055,7.9958625,3989,1.4614577293395996
human3_lib1.final_cell_0330-2,human3,acinar,2,acinar,17.373676,15.380997,3990,0.3936941623687744
human3_lib1.final_cell_0331-2,human3,acinar,2,acinar,18.284018,14.849983,3991,0.7590374946594238
human3_lib1.final_cell_0332-2,human3,alpha,1,alpha,9.564455,-6.878609,3992,0.8706894516944885
human3_lib1.final_cell_0333-2,human3,beta,0,beta,-0.49031806,10.547301,3993,0.8439084887504578
human3_lib1.final_cell_0334-2,human3,alpha,1,alpha,8.220084,-8.0197735,3994,0.8627499938011169
human3_lib1.final_cell_0335-2,human3,alpha,1,alpha,9.3901,-6.085213,3995,0.773195743560791
human3_lib1.final_cell_0336-2,human3,alpha,1,alpha,8.23036,-7.965584,3996,1.00184965133667
human3_lib1.final_cell_0337-2,human3,alpha,1,alpha,8.064798,-6.540308,3997,0.791259765625
human3_lib1.final_cell_0338-2,human3,ductal,3,ductal,18.202036,0.908757,3998,0.9475756287574768
human3_lib1.final_cell_0339-2,human3,delta,4,delta,-3.9070244,3.2688286,3999,0.4618968665599823
human3_lib1.final_cell_0340-2,human3,alpha,1,alpha,8.620802,-6.528825,4000,1.0119414329528809
human3_lib1.final_cell_0341-2,human3,ductal,3,ductal,18.154316,0.4841592,4001,0.923767387866974
human3_lib1.final_cell_0342-2,human3,ductal,3,ductal,18.628626,0.037187733,4002,1.0748324394226074
human3_lib1.final_cell_0343-2,human3,beta,0,beta,1.1384678,10.292759,4003,0.4703193008899688
human3_lib1.final_cell_0344-2,human3,beta,0,beta,0.35667795,12.798754,4004,0.5591082572937012
human3_lib1.final_cell_0345-2,human3,delta,0,beta,0.20993355,8.472459,4005,1.3984134197235107
human3_lib1.final_cell_0346-2,human3,activated_stellate,5,activated_stellate,12.588251,4.417087,4006,2.485968351364136
human3_lib1.final_cell_0347-2,human3,beta,0,beta,0.80360484,9.341238,4007,1.398501753807068
human3_lib1.final_cell_0348-2,human3,beta,0,beta,0.9649722,11.808922,4008,0.712005615234375
human3_lib1.final_cell_0349-2,human3,acinar,2,acinar,18.33787,12.556516,4009,0.3876596093177795
human3_lib1.final_cell_0350-2,human3,alpha,1,alpha,8.129585,-5.525196,4010,0.8138459920883179
human3_lib1.final_cell_0351-2,human3,alpha,1,alpha,9.171342,-5.831924,4011,1.2160309553146362
human3_lib1.final_cell_0352-2,human3,alpha,1,alpha,7.3683963,-7.1093187,4012,1.0122106075286863
human3_lib1.final_cell_0353-2,human3,acinar,2,acinar,17.381489,13.193736,4013,1.3731235265731812
human3_lib1.final_cell_0354-2,human3,alpha,1,alpha,8.051088,-8.119754,4014,0.9104288816452026
human3_lib1.final_cell_0355-2,human3,beta,0,beta,0.115198344,12.126574,4015,0.8480247855186462
human3_lib1.final_cell_0356-2,human3,alpha,1,alpha,9.114381,-6.380848,4016,0.6880380511283875
human3_lib1.final_cell_0357-2,human3,beta,0,beta,1.437084,12.083199,4017,0.5355145931243896
human3_lib1.final_cell_0358-2,human3,alpha,1,alpha,8.092078,-7.48921,4018,0.609859049320221
human3_lib1.final_cell_0359-2,human3,delta,4,delta,-1.7380922,-2.745899,4019,1.364899516105652
human3_lib1.final_cell_0360-2,human3,acinar,2,acinar,16.69785,15.518713,4020,0.7288705110549927
human3_lib1.final_cell_0361-2,human3,activated_stellate,5,activated_stellate,11.590301,5.1470757,4021,2.1519346237182617
human3_lib1.final_cell_0362-2,human3,acinar,2,acinar,18.15821,12.560058,4022,1.0431246757507324
human3_lib1.final_cell_0363-2,human3,alpha,1,alpha,6.5375137,-4.4637184,4023,1.0719860792160034
human3_lib1.final_cell_0364-2,human3,beta,0,beta,0.7407058,8.961362,4024,0.8166671991348267
human3_lib1.final_cell_0365-2,human3,activated_stellate,5,activated_stellate,10.897346,5.4483438,4025,1.9175100326538088
human3_lib1.final_cell_0366-2,human3,alpha,1,alpha,8.456257,-7.0980005,4026,0.7551624774932861
human3_lib1.final_cell_0367-2,human3,alpha,1,alpha,7.2421093,-6.03063,4027,0.8522334098815918
human3_lib1.final_cell_0368-2,human3,alpha,1,alpha,8.879457,-6.142618,4028,0.9593644738197328
human3_lib1.final_cell_0369-2,human3,alpha,1,alpha,8.801354,-7.5670934,4029,0.7054531574249268
human3_lib1.final_cell_0370-2,human3,alpha,1,alpha,6.996949,-5.929009,4030,0.6597192287445068
human3_lib1.final_cell_0371-2,human3,acinar,2,acinar,16.86731,14.283433,4031,0.5855617523193359
human3_lib1.final_cell_0372-2,human3,alpha,1,alpha,9.524549,-8.650674,4032,0.7800264954566956
human3_lib1.final_cell_0373-2,human3,acinar,2,acinar,17.756948,12.99232,4033,0.6361840963363647
human3_lib1.final_cell_0374-2,human3,alpha,1,alpha,9.07075,-6.20888,4034,1.4301116466522217
human3_lib1.final_cell_0375-2,human3,alpha,1,alpha,9.948852,-7.5763893,4035,0.5082628130912781
human3_lib1.final_cell_0376-2,human3,ductal,3,ductal,18.208502,0.67667305,4036,0.8860809206962585
human3_lib1.final_cell_0377-2,human3,beta,0,beta,-0.32042506,11.47307,4037,0.6112799048423767
human3_lib1.final_cell_0378-2,human3,alpha,1,alpha,8.775864,-5.7983723,4038,0.6372051239013672
human3_lib1.final_cell_0379-2,human3,delta,4,delta,-4.0882616,3.2509701,4039,0.8411992788314819
human3_lib1.final_cell_0380-2,human3,beta,0,beta,1.5312169,9.397394,4040,0.7477520704269409
human3_lib1.final_cell_0381-2,human3,activated_stellate,5,activated_stellate,12.143872,6.205695,4041,1.8782601356506348
human3_lib1.final_cell_0382-2,human3,ductal,3,ductal,19.10811,0.060207203,4042,1.248232126235962
human3_lib1.final_cell_0383-2,human3,beta,0,beta,0.89031816,12.186878,4043,0.5983406901359558
human3_lib1.final_cell_0384-2,human3,alpha,1,alpha,8.3858795,-7.4696937,4044,0.6859577894210815
human3_lib1.final_cell_0385-2,human3,acinar,2,acinar,18.342625,13.599344,4045,0.7787841558456421
human3_lib1.final_cell_0386-2,human3,alpha,1,alpha,7.8234386,-7.3925505,4046,0.6990005373954773
human3_lib1.final_cell_0387-2,human3,alpha,1,alpha,8.327938,-7.7921457,4047,0.9292792081832886
human3_lib1.final_cell_0388-2,human3,alpha,1,alpha,8.437433,-5.019504,4048,0.9013351798057556
human3_lib1.final_cell_0389-2,human3,acinar,2,acinar,18.00079,14.910451,4049,0.5164422392845154
human3_lib1.final_cell_0390-2,human3,alpha,1,alpha,5.5682335,-3.9603407,4050,1.4624783992767334
human3_lib1.final_cell_0391-2,human3,acinar,2,acinar,16.597086,15.59499,4051,0.4952539801597595
human3_lib1.final_cell_0392-2,human3,activated_stellate,5,activated_stellate,10.824494,5.284354,4052,1.7478506565093994
human3_lib1.final_cell_0393-2,human3,alpha,1,alpha,8.554499,-5.542229,4053,1.9404598474502563
human3_lib1.final_cell_0394-2,human3,beta,0,beta,-0.89392644,10.666665,4054,0.8050636649131775
human3_lib1.final_cell_0395-2,human3,beta,0,beta,0.14887066,10.552184,4055,0.6530072689056396
human3_lib1.final_cell_0396-2,human3,beta,0,beta,1.8816016,11.978697,4056,0.7861418724060059
human3_lib1.final_cell_0397-2,human3,activated_stellate,5,activated_stellate,11.643628,5.034034,4057,2.128753423690796
human3_lib1.final_cell_0398-2,human3,acinar,2,acinar,16.402517,14.991259,4058,0.678429365158081
human3_lib1.final_cell_0399-2,human3,alpha,1,alpha,9.059512,-6.4381022,4059,0.5878164172172546
human3_lib1.final_cell_0400-2,human3,ductal,3,ductal,18.687998,1.4240707,4060,1.7928045988082886
human3_lib1.final_cell_0401-2,human3,alpha,1,alpha,9.858939,-8.640502,4061,0.9493319988250732
human3_lib1.final_cell_0402-2,human3,beta,0,beta,0.8362717,11.550974,4062,0.9452393651008606
human3_lib1.final_cell_0403-2,human3,beta,0,beta,-1.1547475,9.821916,4063,0.6690274477005005
human3_lib1.final_cell_0404-2,human3,beta,0,beta,1.9997284,10.853454,4064,0.5573894381523132
human3_lib1.final_cell_0405-2,human3,alpha,1,alpha,7.5221806,-5.801553,4065,0.8830387592315674
human3_lib1.final_cell_0406-2,human3,delta,4,delta,-3.603735,3.191165,4066,0.5918971300125122
human3_lib1.final_cell_0407-2,human3,alpha,1,alpha,8.537197,-4.9409,4067,1.254021406173706
human3_lib1.final_cell_0408-2,human3,beta,0,beta,1.4628099,8.966776,4068,0.7947873473167419
human3_lib1.final_cell_0409-2,human3,beta,0,beta,0.8402387,10.023941,4069,0.6559683084487915
human3_lib1.final_cell_0410-2,human3,alpha,1,alpha,6.4630976,-3.6372323,4070,1.0757609605789185
human3_lib1.final_cell_0411-2,human3,beta,0,beta,0.47596478,11.922947,4071,0.612565815448761
human3_lib1.final_cell_0412-2,human3,beta,0,beta,-0.48969012,8.22882,4072,1.3327220678329468
human3_lib1.final_cell_0413-2,human3,alpha,1,alpha,6.731069,-6.8927274,4073,2.165788412094116
human3_lib1.final_cell_0414-2,human3,beta,0,beta,-0.29343304,8.214128,4074,0.9678330421447754
human3_lib1.final_cell_0415-2,human3,alpha,2,acinar,17.75586,11.54215,4075,1.431261658668518
human3_lib1.final_cell_0416-2,human3,alpha,1,alpha,9.29076,-6.143356,4076,1.1708518266677856
human3_lib1.final_cell_0417-2,human3,alpha,1,alpha,9.153707,-8.828417,4077,0.8261814713478088
human3_lib1.final_cell_0418-2,human3,alpha,1,alpha,7.769946,-5.433952,4078,0.9510321021080016
human3_lib1.final_cell_0419-2,human3,acinar,2,acinar,17.362251,15.347074,4079,0.4108832478523254
human3_lib1.final_cell_0420-2,human3,alpha,1,alpha,7.5796847,-6.9186115,4080,0.7557000517845154
human3_lib1.final_cell_0421-2,human3,beta,0,beta,0.20044973,9.1742115,4081,0.6058151721954346
human3_lib1.final_cell_0422-2,human3,acinar,2,acinar,17.414768,15.705949,4082,0.4506100118160248
human3_lib1.final_cell_0423-2,human3,beta,0,beta,1.9276497,10.094328,4083,1.1333155632019043
human3_lib1.final_cell_0424-2,human3,beta,0,beta,0.77051103,9.95807,4084,0.7686737179756165
human3_lib1.final_cell_0425-2,human3,alpha,1,alpha,7.75373,-6.4843082,4085,0.9980680346488952
human3_lib1.final_cell_0426-2,human3,delta,4,delta,-3.3664012,3.670118,4086,0.829927921295166
human3_lib1.final_cell_0427-2,human3,alpha,1,alpha,8.34366,-5.3536906,4087,0.5801033973693848
human3_lib1.final_cell_0428-2,human3,alpha,1,alpha,8.882257,-6.309076,4088,0.6779155135154724
human3_lib1.final_cell_0429-2,human3,alpha,1,alpha,6.659426,-6.9110374,4089,1.4447933435440063
human3_lib1.final_cell_0430-2,human3,delta,4,delta,-3.2332547,3.2103739,4090,0.474975049495697
human3_lib1.final_cell_0431-2,human3,beta,0,beta,0.39282227,10.241823,4091,0.6300639510154724
human3_lib1.final_cell_0432-2,human3,ductal,3,ductal,18.800266,1.8036091,4092,1.2688933610916138
human3_lib1.final_cell_0433-2,human3,ductal,3,ductal,18.60778,0.019436903,4093,0.9879366159439088
human3_lib1.final_cell_0434-2,human3,beta,0,beta,0.0843534,9.842615,4094,0.6964779496192932
human3_lib1.final_cell_0435-2,human3,ductal,3,ductal,17.727688,1.598919,4095,0.9849929213523864
human3_lib1.final_cell_0436-2,human3,endothelial,7,endothelial,9.89259,12.724209,4096,2.0132200717926025
human3_lib1.final_cell_0437-2,human3,ductal,3,ductal,18.185295,0.39648998,4097,1.2053766250610352
human3_lib1.final_cell_0438-2,human3,alpha,1,alpha,9.963404,-8.494162,4098,0.944507896900177
human3_lib1.final_cell_0439-2,human3,acinar,2,acinar,17.652315,13.450408,4099,0.5548375844955444
human3_lib1.final_cell_0440-2,human3,acinar,2,acinar,17.424076,14.899414,4100,0.436572253704071
human3_lib1.final_cell_0441-2,human3,alpha,8,macrophage,5.252494,-3.4299765,4101,3.5284128189086914
human3_lib1.final_cell_0442-2,human3,alpha,1,alpha,7.0307713,-6.3700547,4102,0.729260265827179
human3_lib1.final_cell_0443-2,human3,beta,0,beta,0.5232767,10.778226,4103,0.5041558146476746
human3_lib1.final_cell_0444-2,human3,alpha,1,alpha,8.335583,-7.454921,4104,1.037232518196106
human3_lib1.final_cell_0445-2,human3,alpha,1,alpha,7.990672,-6.3937707,4105,0.6007212400436401
human3_lib1.final_cell_0446-2,human3,beta,0,beta,1.6465799,10.114063,4106,0.4168577194213867
human3_lib1.final_cell_0447-2,human3,acinar,2,acinar,18.298693,13.377397,4107,0.961736500263214
human3_lib1.final_cell_0448-2,human3,alpha,1,alpha,8.52475,-7.6680546,4108,0.592729389667511
human3_lib1.final_cell_0449-2,human3,beta,0,beta,2.147264,10.357201,4109,0.5679439306259155
human3_lib1.final_cell_0450-2,human3,alpha,1,alpha,7.247078,-4.7119975,4110,1.2252416610717771
human3_lib1.final_cell_0451-2,human3,alpha,1,alpha,10.298277,-7.741776,4111,0.5564584732055664
human3_lib1.final_cell_0452-2,human3,alpha,1,alpha,8.579463,-5.820177,4112,0.7126116752624512
human3_lib1.final_cell_0453-2,human3,activated_stellate,5,activated_stellate,12.647075,4.696958,4113,1.6985557079315186
human3_lib1.final_cell_0454-2,human3,alpha,1,alpha,9.046671,-7.120697,4114,0.5851407051086426
human3_lib1.final_cell_0455-2,human3,alpha,1,alpha,5.425712,-3.8927884,4115,1.8924922943115237
human3_lib1.final_cell_0456-2,human3,gamma,6,gamma,-2.167076,-3.3659759,4116,1.6967618465423584
human3_lib1.final_cell_0457-2,human3,beta,0,beta,1.2701473,12.140006,4117,0.6003901958465576
human3_lib1.final_cell_0458-2,human3,ductal,3,ductal,18.585287,-0.07773536,4118,1.0562800168991089
human3_lib1.final_cell_0459-2,human3,beta,0,beta,1.9454079,11.3009,4119,0.5693954229354858
human3_lib1.final_cell_0460-2,human3,beta,0,beta,1.6509938,12.2667465,4120,0.6746296286582947
human3_lib1.final_cell_0461-2,human3,alpha,1,alpha,7.8653035,-4.948628,4121,0.5651981234550476
human3_lib1.final_cell_0462-2,human3,ductal,3,ductal,18.38469,0.50807035,4122,0.7516915202140808
human3_lib1.final_cell_0463-2,human3,beta,0,beta,1.4762145,10.907096,4123,0.782400369644165
human3_lib1.final_cell_0464-2,human3,alpha,1,alpha,7.5247164,-6.390403,4124,0.7876783013343811
human3_lib1.final_cell_0465-2,human3,alpha,1,alpha,9.858842,-7.471064,4125,0.7459080815315247
human3_lib1.final_cell_0466-2,human3,alpha,1,alpha,9.205281,-7.8687034,4126,0.5280022621154785
human3_lib1.final_cell_0467-2,human3,alpha,1,alpha,8.6942215,-6.142571,4127,0.6326978802680969
human3_lib1.final_cell_0468-2,human3,alpha,1,alpha,8.898652,-8.784714,4128,0.6173378229141235
human3_lib1.final_cell_0469-2,human3,ductal,3,ductal,18.37767,1.5345321,4129,1.4649429321289062
human3_lib1.final_cell_0470-2,human3,activated_stellate,5,activated_stellate,12.322537,4.6310945,4130,1.83690083026886
human3_lib1.final_cell_0471-2,human3,alpha,1,alpha,8.318106,-6.053907,4131,1.243760347366333
human3_lib1.final_cell_0472-2,human3,alpha,1,alpha,8.2414,-6.762952,4132,0.9494503736495972
human3_lib1.final_cell_0473-2,human3,delta,4,delta,-3.1189675,2.6301038,4133,0.965806484222412
human3_lib1.final_cell_0474-2,human3,beta,0,beta,1.3825994,11.61902,4134,0.984308660030365
human3_lib1.final_cell_0475-2,human3,alpha,1,alpha,9.004093,-5.443169,4135,0.7615192532539368
human3_lib1.final_cell_0476-2,human3,acinar,2,acinar,17.391724,14.186631,4136,0.6238933205604553
human3_lib1.final_cell_0477-2,human3,alpha,1,alpha,9.287778,-8.830811,4137,0.9775182008743286
human3_lib1.final_cell_0478-2,human3,alpha,1,alpha,9.790264,-6.8241014,4138,0.828107476234436
human3_lib1.final_cell_0479-2,human3,beta,0,beta,-0.32753384,12.235715,4139,0.5735020041465759
human3_lib1.final_cell_0480-2,human3,ductal,3,ductal,18.72007,0.14495936,4140,1.2274798154830933
human3_lib1.final_cell_0481-2,human3,alpha,1,alpha,7.5404315,-5.2439284,4141,1.08620285987854
human3_lib1.final_cell_0482-2,human3,delta,4,delta,-3.0161285,2.702338,4142,2.359443187713623
human3_lib1.final_cell_0483-2,human3,acinar,2,acinar,18.251005,14.911633,4143,0.486744076013565
human3_lib1.final_cell_0484-2,human3,acinar,2,acinar,16.099262,16.314535,4144,0.5237562656402588
human3_lib1.final_cell_0485-2,human3,beta,0,beta,-0.748538,11.84492,4145,0.866904079914093
human3_lib1.final_cell_0486-2,human3,alpha,1,alpha,8.798292,-8.423912,4146,0.7399150133132935
human3_lib1.final_cell_0487-2,human3,alpha,1,alpha,9.088011,-5.9039373,4147,1.13122296333313
human3_lib1.final_cell_0488-2,human3,ductal,3,ductal,18.66675,0.71165,4148,1.6166517734527588
human3_lib1.final_cell_0489-2,human3,macrophage,8,macrophage,13.8120775,0.82740045,4149,2.28704571723938
human3_lib1.final_cell_0490-2,human3,alpha,1,alpha,8.255909,-5.5622563,4150,1.3774700164794922
human3_lib1.final_cell_0491-2,human3,delta,4,delta,-3.3296223,3.6930394,4151,1.2074129581451416
human3_lib1.final_cell_0492-2,human3,beta,0,beta,0.38891038,10.946403,4152,0.7158924341201782
human3_lib1.final_cell_0493-2,human3,alpha,1,alpha,9.430383,-6.187041,4153,1.1681667566299438
human3_lib1.final_cell_0494-2,human3,beta,0,beta,1.1598854,9.127719,4154,1.1868929862976074
human3_lib1.final_cell_0495-2,human3,ductal,3,ductal,18.521482,-0.23569573,4155,1.180703043937683
human3_lib1.final_cell_0496-2,human3,ductal,3,ductal,19.086813,0.30256307,4156,1.4773746728897097
human3_lib1.final_cell_0497-2,human3,alpha,1,alpha,9.233071,-5.73633,4157,0.8630221486091614
human3_lib1.final_cell_0498-2,human3,alpha,1,alpha,8.720656,-5.057292,4158,0.8955968618392944
human3_lib1.final_cell_0499-2,human3,activated_stellate,5,activated_stellate,12.411216,5.8271832,4159,2.013070106506348
human3_lib1.final_cell_0500-2,human3,ductal,3,ductal,19.037985,0.12708998,4160,0.9532440304756165
human3_lib1.final_cell_0501-2,human3,endothelial,7,endothelial,9.773633,13.255724,4161,2.295228242874145
human3_lib1.final_cell_0502-2,human3,gamma,6,gamma,-2.316462,-3.4484475,4162,1.674523115158081
human3_lib1.final_cell_0503-2,human3,alpha,1,alpha,8.525869,-8.3557005,4163,0.8379911780357361
human3_lib1.final_cell_0504-2,human3,beta,0,beta,-0.36549282,12.076009,4164,1.0436633825302124
human3_lib1.final_cell_0505-2,human3,acinar,2,acinar,18.045677,13.401726,4165,0.4876829981803894
human3_lib1.final_cell_0506-2,human3,alpha,1,alpha,8.724684,-6.004881,4166,0.6351190805435181
human3_lib1.final_cell_0507-2,human3,alpha,1,alpha,8.818424,-8.779314,4167,0.6897216439247131
human3_lib1.final_cell_0508-2,human3,alpha,1,alpha,7.8055406,-6.2159214,4168,0.4868960678577423
human3_lib1.final_cell_0509-2,human3,beta,0,beta,1.7144635,9.288092,4169,0.6964851021766663
human3_lib1.final_cell_0510-2,human3,alpha,1,alpha,9.526558,-8.051888,4170,0.7793861031532288
human3_lib1.final_cell_0511-2,human3,alpha,1,alpha,7.348935,-6.2889314,4171,0.6818523406982422
human3_lib1.final_cell_0512-2,human3,gamma,6,gamma,-2.3895988,-3.5264363,4172,1.7436673641204834
human3_lib1.final_cell_0513-2,human3,beta,0,beta,1.0927917,10.470165,4173,0.7617738842964172
human3_lib1.final_cell_0514-2,human3,alpha,1,alpha,7.095645,-4.9849515,4174,0.9256680607795716
human3_lib1.final_cell_0515-2,human3,ductal,3,ductal,18.604858,0.644565,4175,1.306118369102478
human3_lib1.final_cell_0516-2,human3,delta,4,delta,-2.8954754,3.1039343,4176,1.3683288097381592
human3_lib1.final_cell_0517-2,human3,ductal,3,ductal,17.977524,1.3146073,4177,3.2699451446533203
human3_lib1.final_cell_0518-2,human3,alpha,1,alpha,8.802434,-7.5833564,4178,0.8114064335823059
human3_lib1.final_cell_0519-2,human3,alpha,1,alpha,8.969345,-7.1019683,4179,0.643288254737854
human3_lib1.final_cell_0520-2,human3,endothelial,7,endothelial,9.814289,12.483741,4180,1.9425793886184688
human3_lib1.final_cell_0521-2,human3,alpha,1,alpha,9.393982,-6.9734015,4181,1.135465145111084
human3_lib1.final_cell_0522-2,human3,alpha,1,alpha,8.2186365,-5.4469314,4182,1.0392327308654783
human3_lib1.final_cell_0523-2,human3,beta,0,beta,0.16344872,9.3855715,4183,0.6298672556877136
human3_lib1.final_cell_0524-2,human3,activated_stellate,5,activated_stellate,11.330981,5.5455046,4184,1.737763285636902
human3_lib1.final_cell_0525-2,human3,alpha,1,alpha,7.986165,-6.8345065,4185,0.7595100402832031
human3_lib1.final_cell_0526-2,human3,acinar,2,acinar,15.76462,16.700449,4186,0.4751456677913666
human3_lib1.final_cell_0527-2,human3,alpha,1,alpha,9.2146015,-7.806341,4187,0.7762022614479065
human3_lib1.final_cell_0528-2,human3,beta,0,beta,-0.90743935,10.614775,4188,0.9775944352149964
human3_lib1.final_cell_0529-2,human3,ductal,3,ductal,18.316925,1.2612504,4189,0.7508683204650879
human3_lib1.final_cell_0530-2,human3,acinar,2,acinar,18.245628,12.4571,4190,0.4748205244541168
human3_lib1.final_cell_0531-2,human3,beta,0,beta,0.8573567,12.201557,4191,0.7072492241859436
human3_lib1.final_cell_0532-2,human3,beta,1,alpha,6.4426017,-3.5441196,4192,1.942978858947754
human3_lib1.final_cell_0533-2,human3,beta,0,beta,-0.4884733,9.358532,4193,1.7411396503448486
human3_lib1.final_cell_0534-2,human3,alpha,1,alpha,6.9327903,-6.4287024,4194,2.756685256958008
human3_lib1.final_cell_0535-2,human3,delta,4,delta,-2.9770505,2.7820659,4195,0.952462077140808
human3_lib1.final_cell_0536-2,human3,acinar,2,acinar,16.804853,15.84185,4196,0.3903720676898956
human3_lib1.final_cell_0537-2,human3,alpha,1,alpha,7.278998,-4.868224,4197,1.496983528137207
human3_lib1.final_cell_0538-2,human3,beta,0,beta,1.4376743,10.600249,4198,0.6371238827705383
human3_lib1.final_cell_0539-2,human3,alpha,1,alpha,8.832683,-8.216427,4199,0.9494026899337769
human3_lib1.final_cell_0540-2,human3,ductal,3,ductal,17.664686,1.6719129,4200,1.672135591506958
human3_lib1.final_cell_0541-2,human3,alpha,1,alpha,7.6862187,-4.91729,4201,1.43026864528656
human3_lib1.final_cell_0542-2,human3,alpha,1,alpha,9.044861,-7.761211,4202,0.7311479449272156
human3_lib1.final_cell_0543-2,human3,beta,0,beta,0.9831353,10.180477,4203,0.5717922449111938
human3_lib1.final_cell_0544-2,human3,alpha,1,alpha,8.358696,-7.3752313,4204,0.7304321527481079
human3_lib1.final_cell_0545-2,human3,acinar,2,acinar,16.996866,15.85628,4205,0.3845422863960266
human3_lib1.final_cell_0546-2,human3,acinar,2,acinar,17.835915,11.741269,4206,1.338212251663208
human3_lib1.final_cell_0547-2,human3,beta,0,beta,0.57152635,10.2076235,4207,0.7622461915016174
human3_lib1.final_cell_0548-2,human3,beta,0,beta,1.3000683,9.816909,4208,0.5898038744926453
human3_lib1.final_cell_0549-2,human3,alpha,1,alpha,7.8971643,-7.3512115,4209,0.7003973126411438
human3_lib1.final_cell_0550-2,human3,ductal,3,ductal,18.250254,0.49311772,4210,1.0351929664611816
human3_lib1.final_cell_0551-2,human3,ductal,3,ductal,18.70009,1.5655878,4211,1.1476212739944458
human3_lib1.final_cell_0552-2,human3,alpha,1,alpha,8.413537,-8.257711,4212,0.8001182079315186
human3_lib1.final_cell_0553-2,human3,beta,0,beta,0.12167347,11.709071,4213,0.6533414721488953
human3_lib1.final_cell_0554-2,human3,ductal,3,ductal,18.892946,0.36948174,4214,0.9634976387023926
human3_lib1.final_cell_0555-2,human3,alpha,1,alpha,9.242573,-5.7141824,4215,0.7825520038604736
human3_lib1.final_cell_0556-2,human3,macrophage,8,macrophage,13.51948,0.67052305,4216,2.237905740737915
human3_lib1.final_cell_0557-2,human3,ductal,3,ductal,18.214504,0.20691594,4217,1.8676787614822388
human3_lib1.final_cell_0558-2,human3,acinar,2,acinar,18.182653,12.607698,4218,0.4528236091136932
human3_lib1.final_cell_0559-2,human3,beta,0,beta,0.20279668,11.982743,4219,0.5473112463951111
human3_lib1.final_cell_0560-2,human3,acinar,2,acinar,18.245209,14.061382,4220,0.6668713092803955
human3_lib1.final_cell_0561-2,human3,beta,0,beta,1.2090219,10.9292145,4221,0.582489013671875
human3_lib1.final_cell_0562-2,human3,ductal,3,ductal,18.389347,-0.18486121,4222,1.2897378206253052
human3_lib1.final_cell_0563-2,human3,gamma,6,gamma,-2.5219834,-3.9781313,4223,1.8631412982940676
human3_lib1.final_cell_0564-2,human3,ductal,3,ductal,18.44809,0.34220338,4224,0.9390026330947876
human3_lib1.final_cell_0565-2,human3,alpha,1,alpha,7.245878,-5.0745244,4225,0.7997767925262451
human3_lib1.final_cell_0566-2,human3,alpha,1,alpha,7.1526527,-5.5227685,4226,1.136521339416504
human3_lib1.final_cell_0567-2,human3,ductal,3,ductal,19.022741,0.9748329,4227,1.080870509147644
human3_lib1.final_cell_0568-2,human3,alpha,1,alpha,7.83606,-7.9796715,4228,0.814666211605072
human3_lib1.final_cell_0569-2,human3,alpha,1,alpha,8.925883,-8.302051,4229,0.5889683365821838
human3_lib1.final_cell_0570-2,human3,delta,4,delta,-4.247774,3.092388,4230,0.8443430662155151
human3_lib1.final_cell_0571-2,human3,ductal,3,ductal,18.581831,1.9483032,4231,1.5311897993087769
human3_lib1.final_cell_0572-2,human3,acinar,2,acinar,17.31471,15.692564,4232,0.4158885478973388
human3_lib1.final_cell_0573-2,human3,alpha,1,alpha,7.427888,-5.1730123,4233,0.9836632609367372
human3_lib1.final_cell_0574-2,human3,alpha,1,alpha,7.836814,-6.101757,4234,0.7473024725914001
human3_lib1.final_cell_0575-2,human3,alpha,1,alpha,6.8737054,-6.9720683,4235,0.804135262966156
human3_lib1.final_cell_0576-2,human3,ductal,3,ductal,18.198969,1.2796568,4236,1.5671812295913696
human3_lib1.final_cell_0577-2,human3,ductal,3,ductal,18.531624,0.73556906,4237,1.1190932989120483
human3_lib1.final_cell_0578-2,human3,ductal,3,ductal,18.519058,0.26869613,4238,0.9125289916992188
human3_lib1.final_cell_0579-2,human3,ductal,3,ductal,18.3511,1.3211287,4239,1.844309687614441
human3_lib1.final_cell_0580-2,human3,acinar,2,acinar,17.83909,12.797273,4240,0.3845422863960266
human3_lib1.final_cell_0581-2,human3,alpha,1,alpha,6.9092536,-7.0360756,4241,1.3164727687835691
human3_lib1.final_cell_0582-2,human3,alpha,1,alpha,9.389739,-7.9496593,4242,0.6456788778305054
human3_lib1.final_cell_0583-2,human3,delta,4,delta,-2.7591588,3.218999,4243,0.5586310029029846
human3_lib1.final_cell_0584-2,human3,delta,4,delta,-3.323612,3.5174663,4244,0.4157166481018066
human3_lib1.final_cell_0585-2,human3,alpha,1,alpha,5.4471874,-3.912398,4245,2.209401607513428
human3_lib1.final_cell_0586-2,human3,alpha,1,alpha,9.514685,-8.7410345,4246,1.2836352586746216
human3_lib1.final_cell_0587-2,human3,ductal,3,ductal,18.621876,0.33382878,4247,3.188030958175659
human3_lib1.final_cell_0588-2,human3,acinar,2,acinar,18.35097,14.593642,4248,0.4190458059310913
human3_lib1.final_cell_0589-2,human3,alpha,1,alpha,7.266363,-6.2433915,4249,0.8861119747161865
human3_lib1.final_cell_0590-2,human3,alpha,1,alpha,5.633648,-4.1679473,4250,1.1511037349700928
human3_lib1.final_cell_0591-2,human3,beta,0,beta,-0.31956154,10.583382,4251,0.7381495237350464
human3_lib1.final_cell_0592-2,human3,alpha,1,alpha,9.620295,-5.8764234,4252,0.5971957445144653
human3_lib1.final_cell_0593-2,human3,activated_stellate,5,activated_stellate,10.79959,4.8682246,4253,1.9403496980667116
human3_lib1.final_cell_0594-2,human3,ductal,3,ductal,18.251581,0.3292788,4254,1.0748486518859863
human3_lib1.final_cell_0595-2,human3,alpha,1,alpha,6.4950194,-3.8135066,4255,1.6556997299194336
human3_lib1.final_cell_0596-2,human3,activated_stellate,5,activated_stellate,12.763169,5.6543603,4256,2.23600172996521
human3_lib1.final_cell_0597-2,human3,alpha,1,alpha,7.835353,-5.387447,4257,0.90090811252594
human3_lib1.final_cell_0598-2,human3,acinar,2,acinar,18.173697,13.579475,4258,0.8898913264274597
human3_lib1.final_cell_0599-2,human3,ductal,3,ductal,18.552675,1.2823588,4259,0.8493554592132568
human3_lib1.final_cell_0600-2,human3,alpha,1,alpha,7.7198977,-7.179149,4260,0.8780425786972046
human3_lib1.final_cell_0601-2,human3,alpha,1,alpha,8.510909,-5.6419487,4261,0.897709310054779
human3_lib1.final_cell_0602-2,human3,alpha,1,alpha,8.197193,-7.8127866,4262,1.126969337463379
human3_lib1.final_cell_0603-2,human3,acinar,2,acinar,17.641953,12.991579,4263,0.5010093450546265
human3_lib1.final_cell_0604-2,human3,activated_stellate,5,activated_stellate,12.612358,5.7664676,4264,1.9750598669052124
human3_lib1.final_cell_0605-2,human3,endothelial,7,endothelial,12.771329,4.1752586,4265,2.838065385818481
human3_lib1.final_cell_0606-2,human3,beta,0,beta,-0.963794,9.589347,4266,1.19912850856781
human3_lib1.final_cell_0607-2,human3,alpha,1,alpha,8.443873,-5.841651,4267,0.8246605396270752
human3_lib1.final_cell_0608-2,human3,ductal,3,ductal,17.99946,0.81382596,4268,1.1430822610855105
human3_lib1.final_cell_0609-2,human3,alpha,1,alpha,8.802566,-6.9891176,4269,0.5975515842437744
human3_lib1.final_cell_0610-2,human3,beta,0,beta,1.2437451,9.055397,4270,0.7029564380645752
human3_lib1.final_cell_0611-2,human3,alpha,1,alpha,9.010281,-7.5988984,4271,0.5875546336174011
human3_lib1.final_cell_0612-2,human3,alpha,1,alpha,7.9166155,-7.2945733,4272,0.6601104140281677
human3_lib1.final_cell_0613-2,human3,quiescent_stellate,5,activated_stellate,12.529908,6.033125,4273,1.783680438995361
human3_lib1.final_cell_0614-2,human3,ductal,3,ductal,18.875696,1.9430611,4274,1.1553136110305786
human3_lib1.final_cell_0615-2,human3,ductal,3,ductal,18.76509,0.40915877,4275,0.9580961465835572
human3_lib1.final_cell_0616-2,human3,alpha,1,alpha,6.9719396,-6.317134,4276,1.3061918020248413
human3_lib1.final_cell_0617-2,human3,alpha,1,alpha,7.2021613,-4.9982185,4277,0.8797361254692078
human3_lib1.final_cell_0618-2,human3,acinar,2,acinar,17.16497,14.182276,4278,0.3894805014133453
human3_lib1.final_cell_0619-2,human3,acinar,2,acinar,18.028496,12.215606,4279,0.4381947517395019
human3_lib1.final_cell_0620-2,human3,alpha,1,alpha,9.097348,-3.773169,4280,1.3330029249191284
human3_lib1.final_cell_0621-2,human3,beta,0,beta,0.643702,11.780811,4281,0.6964461803436279
human3_lib1.final_cell_0622-2,human3,alpha,1,alpha,9.601621,-6.7269135,4282,0.6405755877494812
human3_lib1.final_cell_0623-2,human3,delta,4,delta,-2.8016613,2.778906,4283,1.078918218612671
human3_lib1.final_cell_0624-2,human3,alpha,1,alpha,6.8099947,-5.1998897,4284,0.7442286610603333
human3_lib1.final_cell_0625-2,human3,acinar,2,acinar,17.670807,12.580134,4285,0.4526013731956482
human3_lib1.final_cell_0626-2,human3,beta,0,beta,0.61462814,7.8343787,4286,1.5599976778030396
human3_lib1.final_cell_0627-2,human3,acinar,2,acinar,17.811548,15.530262,4287,0.4022886753082275
human3_lib1.final_cell_0628-2,human3,acinar,2,acinar,18.014626,12.558724,4288,0.4243471622467041
human3_lib1.final_cell_0629-2,human3,alpha,1,alpha,8.25463,-4.769484,4289,0.9546292424201964
human3_lib1.final_cell_0630-2,human3,ductal,3,ductal,18.900787,1.6112376,4290,1.5219587087631226
human3_lib1.final_cell_0631-2,human3,alpha,1,alpha,8.856729,-7.9780207,4291,0.6193972229957581
human3_lib1.final_cell_0632-2,human3,alpha,1,alpha,8.289523,-5.689833,4292,0.7578007578849792
human3_lib1.final_cell_0633-2,human3,endothelial,7,endothelial,9.850492,13.320742,4293,2.234741449356079
human3_lib1.final_cell_0634-2,human3,ductal,3,ductal,18.288176,0.53943247,4294,1.3535486459732056
human3_lib1.final_cell_0635-2,human3,ductal,3,ductal,18.690804,0.42093652,4295,1.5363438129425049
human3_lib1.final_cell_0636-2,human3,ductal,3,ductal,18.759367,-0.33103308,4296,1.29691743850708
human3_lib1.final_cell_0637-2,human3,alpha,1,alpha,10.017056,-8.539911,4297,0.7734904885292053
human3_lib1.final_cell_0638-2,human3,alpha,1,alpha,9.009595,-8.242146,4298,0.7555060982704163
human3_lib1.final_cell_0639-2,human3,activated_stellate,5,activated_stellate,11.097814,4.8481617,4299,1.9712824821472168
human3_lib1.final_cell_0640-2,human3,beta,0,beta,0.5904027,7.7596917,4300,1.6182032823562622
human3_lib1.final_cell_0641-2,human3,alpha,1,alpha,8.607035,-5.220905,4301,1.4163095951080322
human3_lib1.final_cell_0642-2,human3,acinar,2,acinar,18.203917,12.611839,4302,0.4934258162975311
human3_lib1.final_cell_0643-2,human3,gamma,6,gamma,-2.281782,-3.430237,4303,2.134430408477783
human3_lib1.final_cell_0644-2,human3,alpha,1,alpha,9.89037,-7.4432282,4304,0.8241636753082275
human3_lib1.final_cell_0645-2,human3,alpha,1,alpha,9.224663,-7.977045,4305,0.8574806451797485
human3_lib1.final_cell_0646-2,human3,ductal,3,ductal,18.24904,-0.37795144,4306,1.1479049921035769
human3_lib1.final_cell_0647-2,human3,mast,8,macrophage,15.4377365,1.2911657,4307,4.1829705238342285
human3_lib1.final_cell_0648-2,human3,ductal,3,ductal,18.5527,1.7344166,4308,1.3733536005020142
human3_lib1.final_cell_0649-2,human3,alpha,1,alpha,8.778486,-8.511015,4309,0.5056686997413635
human3_lib1.final_cell_0650-2,human3,acinar,2,acinar,17.344267,14.772722,4310,0.466898113489151
human3_lib1.final_cell_0651-2,human3,alpha,1,alpha,9.490558,-8.145453,4311,0.933172345161438
human3_lib1.final_cell_0652-2,human3,quiescent_stellate,5,activated_stellate,12.030173,4.295963,4312,2.0819203853607178
human3_lib1.final_cell_0653-2,human3,activated_stellate,5,activated_stellate,11.050579,5.1006556,4313,1.8023003339767456
human3_lib1.final_cell_0654-2,human3,beta,0,beta,1.5096802,9.123553,4314,0.7586566805839539
human3_lib1.final_cell_0655-2,human3,acinar,2,acinar,18.31307,12.961495,4315,0.5294046998023987
human3_lib1.final_cell_0656-2,human3,alpha,1,alpha,9.132202,-7.564853,4316,0.7691276669502258
human3_lib1.final_cell_0657-2,human3,alpha,1,alpha,9.194486,-8.089321,4317,0.8971176743507385
human3_lib1.final_cell_0658-2,human3,alpha,1,alpha,7.8380604,-7.390538,4318,1.3518731594085691
human3_lib1.final_cell_0659-2,human3,ductal,3,ductal,18.143085,0.27990425,4319,0.844434380531311
human3_lib1.final_cell_0660-2,human3,acinar,2,acinar,16.894432,14.292561,4320,0.5027850866317749
human3_lib1.final_cell_0661-2,human3,acinar,2,acinar,18.02392,13.776002,4321,0.4456937611103058
human3_lib1.final_cell_0662-2,human3,endothelial,7,endothelial,9.672688,13.258369,4322,2.0283963680267334
human3_lib1.final_cell_0663-2,human3,ductal,3,ductal,17.467018,1.4894118,4323,1.836331486701965
human3_lib1.final_cell_0664-2,human3,alpha,1,alpha,7.8991795,-7.7706995,4324,0.7210406064987183
human3_lib1.final_cell_0665-2,human3,delta,4,delta,-4.6133447,2.497366,4325,1.224833846092224
human3_lib1.final_cell_0666-2,human3,alpha,1,alpha,8.87696,-7.1096997,4326,0.93337482213974
human3_lib1.final_cell_0667-2,human3,ductal,3,ductal,18.4967,2.2804315,4327,1.8476004600524905
human3_lib1.final_cell_0668-2,human3,alpha,1,alpha,6.7251506,-4.1609616,4328,1.2413275241851809
human3_lib1.final_cell_0669-2,human3,activated_stellate,5,activated_stellate,11.161119,4.871511,4329,2.4534337520599365
human3_lib1.final_cell_0670-2,human3,ductal,3,ductal,17.980398,-0.97895384,4330,1.656720757484436
human3_lib1.final_cell_0671-2,human3,beta,0,beta,-0.26834998,9.461665,4331,0.5838099718093872
human3_lib1.final_cell_0672-2,human3,ductal,3,ductal,17.976065,1.3832607,4332,0.8344539403915405
human3_lib1.final_cell_0673-2,human3,beta,0,beta,1.253792,9.173699,4333,0.6816636919975281
human3_lib1.final_cell_0674-2,human3,alpha,1,alpha,9.665892,-6.6358695,4334,1.151955008506775
human3_lib1.final_cell_0675-2,human3,alpha,1,alpha,9.245777,-6.281668,4335,0.8151384592056274
human3_lib1.final_cell_0676-2,human3,ductal,3,ductal,18.787783,1.147495,4336,1.4967913627624512
human3_lib1.final_cell_0677-2,human3,alpha,1,alpha,9.014544,-3.8670313,4337,1.2819857597351074
human3_lib1.final_cell_0678-2,human3,alpha,1,alpha,9.139833,-7.9697275,4338,0.6140149831771851
human3_lib1.final_cell_0679-2,human3,alpha,1,alpha,7.987882,-7.8793473,4339,0.8056320548057556
human3_lib1.final_cell_0680-2,human3,alpha,1,alpha,8.31987,-6.288812,4340,1.452970027923584
human3_lib1.final_cell_0681-2,human3,alpha,1,alpha,8.757809,-7.9439793,4341,0.6175862550735474
human3_lib1.final_cell_0682-2,human3,activated_stellate,5,activated_stellate,10.800984,5.1396346,4342,1.9437053203582764
human3_lib1.final_cell_0683-2,human3,acinar,2,acinar,18.06685,15.301251,4343,0.9429692029953004
human3_lib1.final_cell_0684-2,human3,beta,0,beta,0.029201332,10.981458,4344,0.6830260157585144
human3_lib1.final_cell_0685-2,human3,alpha,1,alpha,7.6936994,-6.41509,4345,0.718382716178894
human3_lib1.final_cell_0686-2,human3,quiescent_stellate,5,activated_stellate,11.016814,4.8137426,4346,1.4862279891967771
human3_lib1.final_cell_0687-2,human3,alpha,1,alpha,8.045689,-6.721882,4347,0.7638248205184937
human3_lib1.final_cell_0688-2,human3,alpha,1,alpha,9.011874,-7.454901,4348,0.6836789846420288
human3_lib1.final_cell_0689-2,human3,alpha,1,alpha,9.510063,-8.364368,4349,0.7316345572471619
human3_lib1.final_cell_0690-2,human3,alpha,1,alpha,9.084446,-7.0875525,4350,0.6201050281524658
human3_lib1.final_cell_0691-2,human3,activated_stellate,5,activated_stellate,11.078099,5.527275,4351,1.7697572708129885
human3_lib1.final_cell_0692-2,human3,alpha,1,alpha,8.052754,-6.813161,4352,0.8432930111885071
human3_lib1.final_cell_0693-2,human3,alpha,1,alpha,9.81445,-7.338493,4353,0.8485071659088135
human3_lib1.final_cell_0694-2,human3,alpha,1,alpha,8.802847,-7.370586,4354,0.933224618434906
human3_lib1.final_cell_0695-2,human3,alpha,1,alpha,8.073716,-7.576554,4355,0.5722936391830444
human3_lib1.final_cell_0696-2,human3,beta,0,beta,-0.8808451,11.448922,4356,0.7350075244903564
human3_lib1.final_cell_0697-2,human3,endothelial,7,endothelial,9.606312,11.87448,4357,2.441935539245605
human3_lib1.final_cell_0698-2,human3,acinar,2,acinar,18.305334,13.678562,4358,0.3845422863960266
human3_lib1.final_cell_0699-2,human3,alpha,1,alpha,7.938126,-6.121862,4359,1.0861704349517822
human3_lib1.final_cell_0700-2,human3,quiescent_stellate,5,activated_stellate,11.54394,4.158909,4360,1.5393203496932983
human3_lib1.final_cell_0701-2,human3,alpha,1,alpha,7.981337,-5.765014,4361,1.0473895072937012
human3_lib1.final_cell_0702-2,human3,ductal,3,ductal,19.125072,0.20546544,4362,1.796554684638977
human3_lib1.final_cell_0703-2,human3,alpha,6,gamma,5.5619493,-3.9036295,4363,2.338461399078369
human3_lib1.final_cell_0704-2,human3,quiescent_stellate,5,activated_stellate,12.305148,4.159114,4364,2.2362563610076904
human3_lib1.final_cell_0705-2,human3,alpha,1,alpha,8.54281,-7.8452277,4365,0.8675224781036377
human3_lib1.final_cell_0706-2,human3,ductal,3,ductal,18.011497,0.096460775,4366,3.510739803314209
human3_lib1.final_cell_0707-2,human3,beta,0,beta,1.998243,10.75667,4367,0.7340379953384399
human3_lib1.final_cell_0708-2,human3,alpha,1,alpha,7.9488797,-5.5077214,4368,0.6129070520401001
human3_lib1.final_cell_0709-2,human3,ductal,3,ductal,18.873888,1.4785229,4369,0.9866318702697754
human3_lib1.final_cell_0710-2,human3,activated_stellate,5,activated_stellate,10.842866,4.8649626,4370,1.6687861680984497
human3_lib1.final_cell_0711-2,human3,ductal,3,ductal,18.104792,0.900147,4371,1.606439471244812
human3_lib1.final_cell_0712-2,human3,alpha,1,alpha,8.848423,-8.378174,4372,1.0410783290863037
human3_lib1.final_cell_0713-2,human3,beta,0,beta,0.4616436,11.644697,4373,0.5965226292610168
human3_lib1.final_cell_0714-2,human3,beta,0,beta,-0.75531715,10.404121,4374,0.6225413680076599
human3_lib1.final_cell_0715-2,human3,alpha,1,alpha,8.61046,-7.7900534,4375,0.8113916516304016
human3_lib1.final_cell_0716-2,human3,alpha,1,alpha,7.0706763,-4.243205,4376,1.6157186031341553
human3_lib1.final_cell_0717-2,human3,alpha,1,alpha,6.774066,-5.2988977,4377,1.2830957174301147
human3_lib1.final_cell_0718-2,human3,delta,4,delta,-2.8574717,2.796036,4378,1.005662202835083
human3_lib1.final_cell_0719-2,human3,ductal,3,ductal,18.883503,1.9057355,4379,0.7485049366950989
human3_lib1.final_cell_0720-2,human3,endothelial,7,endothelial,12.803699,4.134889,4380,2.838065385818481
human3_lib1.final_cell_0721-2,human3,beta,0,beta,1.9847255,10.383348,4381,0.5469835996627808
human3_lib1.final_cell_0722-2,human3,alpha,1,alpha,8.610242,-6.0472827,4382,0.9632516503334044
human3_lib1.final_cell_0723-2,human3,alpha,8,macrophage,5.242675,-3.411519,4383,3.623354196548462
human3_lib1.final_cell_0724-2,human3,ductal,3,ductal,18.916473,2.073002,4384,1.1791799068450928
human3_lib1.final_cell_0725-2,human3,endothelial,7,endothelial,9.730074,12.606959,4385,2.078474283218384
human3_lib1.final_cell_0726-2,human3,alpha,1,alpha,7.7254457,-5.3405466,4386,1.3054524660110474
human3_lib1.final_cell_0727-2,human3,alpha,1,alpha,9.462612,-6.4020405,4387,0.5193972587585449
human3_lib1.final_cell_0728-2,human3,beta,0,beta,1.4613832,11.512122,4388,0.631837785243988
human3_lib1.final_cell_0729-2,human3,alpha,1,alpha,7.7362857,-7.2283463,4389,0.8112004995346069
human3_lib1.final_cell_0730-2,human3,ductal,3,ductal,18.323723,1.2864269,4390,1.0958764553070068
human3_lib1.final_cell_0731-2,human3,alpha,1,alpha,7.9753666,-5.4448442,4391,1.728186011314392
human3_lib1.final_cell_0732-2,human3,acinar,2,acinar,17.438078,13.442761,4392,0.9393091201782228
human3_lib1.final_cell_0733-2,human3,gamma,6,gamma,-2.7114666,-3.9972253,4393,2.346232414245605
human3_lib1.final_cell_0734-2,human3,endothelial,7,endothelial,9.761385,12.378093,4394,2.3426496982574463
human3_lib1.final_cell_0735-2,human3,alpha,1,alpha,8.894717,-6.305144,4395,0.9147650599479676
human3_lib1.final_cell_0736-2,human3,ductal,3,ductal,18.665033,1.9600167,4396,1.449706792831421
human3_lib1.final_cell_0737-2,human3,alpha,6,gamma,5.4336443,-3.8919144,4397,2.00805401802063
human3_lib1.final_cell_0738-2,human3,beta,0,beta,-0.061033968,10.491629,4398,0.5967673659324646
human3_lib1.final_cell_0739-2,human3,endothelial,7,endothelial,9.479409,12.542162,4399,2.405672311782837
human3_lib1.final_cell_0740-2,human3,endothelial,7,endothelial,9.526704,11.774761,4400,1.9976823329925537
human3_lib1.final_cell_0741-2,human3,beta,4,delta,-1.8970702,4.4859443,4401,2.040520191192627
human3_lib1.final_cell_0742-2,human3,alpha,1,alpha,7.9162917,-7.5662184,4402,0.7445881366729736
human3_lib1.final_cell_0743-2,human3,ductal,3,ductal,18.061811,-0.05819164,4403,0.9247487783432008
human3_lib1.final_cell_0744-2,human3,alpha,1,alpha,6.6647506,-4.360794,4404,1.835193991661072
human3_lib1.final_cell_0745-2,human3,alpha,1,alpha,9.494694,-5.853981,4405,1.076338768005371
human3_lib1.final_cell_0746-2,human3,alpha,1,alpha,8.812751,-7.9041243,4406,0.6411679983139038
human3_lib1.final_cell_0747-2,human3,activated_stellate,5,activated_stellate,10.948488,5.044088,4407,2.0030834674835205
human3_lib1.final_cell_0748-2,human3,alpha,1,alpha,8.127118,-7.5236626,4408,0.9987804889678956
human3_lib1.final_cell_0749-2,human3,quiescent_stellate,5,activated_stellate,11.536871,4.2409573,4409,1.7110434770584106
human3_lib1.final_cell_0750-2,human3,beta,0,beta,-0.1640474,10.072681,4410,1.50986909866333
human3_lib1.final_cell_0751-2,human3,delta,4,delta,-2.6111906,3.0316722,4411,2.361757755279541
human3_lib1.final_cell_0752-2,human3,beta,0,beta,1.8861499,9.6793785,4412,0.7296217083930969
human3_lib1.final_cell_0753-2,human3,activated_stellate,5,activated_stellate,12.568703,4.544986,4413,2.4939630031585693
human3_lib1.final_cell_0754-2,human3,endothelial,7,endothelial,9.754077,12.222116,4414,1.9781221151351929
human3_lib1.final_cell_0755-2,human3,delta,4,delta,-2.6562319,3.403309,4415,2.361757755279541
human3_lib1.final_cell_0756-2,human3,ductal,3,ductal,19.034487,1.7014881,4416,1.7832263708114624
human3_lib1.final_cell_0757-2,human3,beta,0,beta,-0.8661222,11.641538,4417,0.5408395528793335
human3_lib1.final_cell_0758-2,human3,beta,0,beta,1.1322367,9.012436,4418,1.0314066410064695
human3_lib1.final_cell_0759-2,human3,alpha,1,alpha,7.0216007,-5.053619,4419,1.1732836961746216
human3_lib1.final_cell_0760-2,human3,endothelial,7,endothelial,12.803671,4.1365013,4420,2.838065385818481
human3_lib1.final_cell_0761-2,human3,activated_stellate,5,activated_stellate,10.781283,5.159462,4421,1.6912161111831665
human3_lib1.final_cell_0762-2,human3,alpha,1,alpha,7.2472095,-5.343585,4422,0.9395777583122252
human3_lib1.final_cell_0763-2,human3,alpha,1,alpha,8.03398,-5.9450727,4423,0.9473097324371338
human3_lib1.final_cell_0764-2,human3,beta,0,beta,0.6495183,11.721496,4424,0.7393290996551514
human3_lib1.final_cell_0765-2,human3,ductal,3,ductal,14.958311,4.8504653,4425,3.588205099105835
human3_lib1.final_cell_0766-2,human3,beta,0,beta,0.19408733,11.069308,4426,0.4430107176303863
human3_lib1.final_cell_0767-2,human3,quiescent_stellate,5,activated_stellate,11.557705,5.106381,4427,2.045376300811768
human3_lib1.final_cell_0768-2,human3,gamma,6,gamma,-2.5593302,-4.1793747,4428,1.4410711526870728
human3_lib1.final_cell_0769-2,human3,alpha,1,alpha,8.102014,-6.2239957,4429,0.693687379360199
human3_lib1.final_cell_0770-2,human3,beta,8,macrophage,16.05031,1.3530164,4430,3.1803128719329834
human3_lib1.final_cell_0771-2,human3,acinar,2,acinar,17.769825,11.5339365,4431,1.1762077808380127
human3_lib1.final_cell_0772-2,human3,ductal,3,ductal,19.015966,1.7355163,4432,1.1548405885696411
human3_lib1.final_cell_0773-2,human3,alpha,1,alpha,8.030105,-6.6174974,4433,0.7651830315589905
human3_lib1.final_cell_0774-2,human3,endothelial,7,endothelial,9.926025,11.093685,4434,1.9827193021774288
human3_lib1.final_cell_0775-2,human3,beta,0,beta,1.5588024,11.326156,4435,0.6801323890686035
human3_lib1.final_cell_0776-2,human3,alpha,1,alpha,9.638971,-7.311292,4436,0.6925909519195557
human3_lib1.final_cell_0777-2,human3,acinar,2,acinar,17.6579,13.621279,4437,0.5452921986579895
human3_lib1.final_cell_0778-2,human3,acinar,2,acinar,17.737528,13.226572,4438,0.9992859959602356
human3_lib1.final_cell_0779-2,human3,alpha,1,alpha,7.0810766,-6.4823627,4439,1.0733391046524048
human3_lib1.final_cell_0780-2,human3,alpha,1,alpha,7.59361,-6.9378576,4440,0.8358344435691833
human3_lib1.final_cell_0781-2,human3,beta,0,beta,1.4237585,10.391768,4441,0.8897071480751038
human3_lib1.final_cell_0782-2,human3,beta,0,beta,-0.63566166,9.77719,4442,0.9339724779129028
human3_lib1.final_cell_0783-2,human3,alpha,1,alpha,7.7977867,-6.977421,4443,1.1752232313156128
human3_lib1.final_cell_0784-2,human3,quiescent_stellate,5,activated_stellate,11.249128,4.382342,4444,1.5734273195266724
human3_lib1.final_cell_0785-2,human3,alpha,1,alpha,7.824861,-7.1908636,4445,0.7708074450492859
human3_lib1.final_cell_0786-2,human3,endothelial,7,endothelial,9.721552,13.275588,4446,2.4796533584594727
human3_lib1.final_cell_0787-2,human3,quiescent_stellate,5,activated_stellate,11.61392,4.8523626,4447,1.404195785522461
human3_lib1.final_cell_0788-2,human3,beta,0,beta,1.3925766,9.637801,4448,0.5375654697418213
human3_lib1.final_cell_0789-2,human3,beta,0,beta,-0.24369946,8.421006,4449,1.135021090507507
human3_lib1.final_cell_0790-2,human3,acinar,2,acinar,18.197636,12.5461235,4450,0.6659310460090637
human3_lib1.final_cell_0791-2,human3,beta,0,beta,0.59487534,12.544279,4451,0.684876024723053
human3_lib1.final_cell_0792-2,human3,alpha,1,alpha,8.103192,-6.1773844,4452,0.8958479762077332
human3_lib1.final_cell_0793-2,human3,ductal,3,ductal,18.28913,1.5689124,4453,1.3547850847244265
human3_lib1.final_cell_0794-2,human3,acinar,2,acinar,17.735655,13.440858,4454,0.5296666026115417
human3_lib1.final_cell_0795-2,human3,beta,0,beta,0.07085208,10.727857,4455,1.4079163074493408
human3_lib1.final_cell_0796-2,human3,alpha,1,alpha,6.6714725,-4.748828,4456,0.8979045152664185
human3_lib1.final_cell_0797-2,human3,alpha,1,alpha,8.265782,-4.931837,4457,1.4279849529266355
human3_lib1.final_cell_0798-2,human3,endothelial,7,endothelial,12.951086,4.015138,4458,2.7864208221435547
human3_lib1.final_cell_0799-2,human3,alpha,1,alpha,9.079462,-6.1606865,4459,1.1268413066864014
human3_lib1.final_cell_0800-2,human3,alpha,1,alpha,8.667559,-8.578337,4460,0.8196685314178467
human3_lib1.final_cell_0801-2,human3,beta,0,beta,2.0401835,10.342928,4461,0.9266591668128968
human3_lib1.final_cell_0802-2,human3,quiescent_stellate,5,activated_stellate,12.749482,5.662775,4462,2.3562798500061035
human3_lib1.final_cell_0803-2,human3,beta,0,beta,1.456248,10.820272,4463,0.5907191038131714
human3_lib1.final_cell_0804-2,human3,beta,0,beta,1.3749701,8.848676,4464,1.190003514289856
human3_lib1.final_cell_0805-2,human3,beta,0,beta,0.8479212,11.864154,4465,0.5777947306632996
human3_lib1.final_cell_0806-2,human3,alpha,1,alpha,8.06116,-6.0722795,4466,0.5162841081619263
human3_lib1.final_cell_0807-2,human3,alpha,1,alpha,9.220491,-6.175175,4467,1.0220974683761597
human3_lib1.final_cell_0808-2,human3,alpha,1,alpha,8.242315,-5.1951923,4468,1.055319905281067
human3_lib1.final_cell_0809-2,human3,alpha,1,alpha,6.6562824,-4.9684305,4469,0.8815039396286011
human3_lib1.final_cell_0810-2,human3,acinar,2,acinar,17.781628,11.59585,4470,1.6613919734954834
human3_lib1.final_cell_0811-2,human3,beta,0,beta,0.1342973,10.675368,4471,0.6371774077415466
human3_lib1.final_cell_0812-2,human3,acinar,2,acinar,17.994778,12.8454485,4472,0.5043033361434937
human3_lib1.final_cell_0813-2,human3,alpha,1,alpha,7.9624386,-5.144464,4473,1.5969932079315186
human3_lib1.final_cell_0814-2,human3,ductal,3,ductal,18.334631,1.0893238,4474,0.984194815158844
human3_lib1.final_cell_0815-2,human3,delta,4,delta,-3.6457539,3.1298218,4475,1.323291540145874
human3_lib1.final_cell_0816-2,human3,delta,4,delta,-3.617768,2.600016,4476,0.9499558210372924
human3_lib1.final_cell_0817-2,human3,beta,0,beta,1.3539948,9.755501,4477,0.8701874017715454
human3_lib1.final_cell_0818-2,human3,alpha,1,alpha,6.683773,-6.877837,4478,0.7100589275360107
human3_lib1.final_cell_0819-2,human3,alpha,1,alpha,6.975299,-6.679437,4479,0.9972257018089294
human3_lib1.final_cell_0820-2,human3,activated_stellate,5,activated_stellate,12.260723,4.413344,4480,2.4939630031585693
human3_lib1.final_cell_0821-2,human3,beta,0,beta,0.8599639,11.007695,4481,0.8794858455657959
human3_lib1.final_cell_0822-2,human3,beta,0,beta,1.5922935,11.015771,4482,0.7793384790420532
human3_lib1.final_cell_0823-2,human3,endothelial,7,endothelial,9.550554,11.483613,4483,2.483129978179932
human3_lib1.final_cell_0824-2,human3,endothelial,7,endothelial,9.762363,13.189401,4484,2.6164839267730717
human3_lib1.final_cell_0825-2,human3,beta,0,beta,-0.46302447,8.372946,4485,1.103108525276184
human3_lib1.final_cell_0826-2,human3,alpha,1,alpha,8.537581,-6.2207346,4486,0.7351254820823669
human3_lib1.final_cell_0827-2,human3,ductal,3,ductal,18.313524,2.392021,4487,1.3098455667495728
human3_lib1.final_cell_0828-2,human3,alpha,1,alpha,8.291034,-7.3089886,4488,0.7007196545600891
human3_lib1.final_cell_0829-2,human3,alpha,1,alpha,8.306215,-7.640728,4489,0.649997889995575
human3_lib1.final_cell_0830-2,human3,alpha,1,alpha,9.105199,-3.6793795,4490,1.2289599180221558
human3_lib1.final_cell_0831-2,human3,endothelial,7,endothelial,9.534182,13.102612,4491,2.2430789470672607
human3_lib1.final_cell_0832-2,human3,alpha,1,alpha,6.7643623,-6.612299,4492,0.7711610198020935
human3_lib1.final_cell_0833-2,human3,alpha,1,alpha,7.896701,-6.562712,4493,1.1390368938446045
human3_lib1.final_cell_0834-2,human3,beta,0,beta,1.0931132,9.850517,4494,1.0280214548110962
human3_lib1.final_cell_0835-2,human3,ductal,3,ductal,18.990822,1.5514983,4495,1.0959984064102173
human3_lib1.final_cell_0836-2,human3,beta,0,beta,2.0914142,10.091202,4496,0.7257760763168335
human3_lib1.final_cell_0837-2,human3,beta,0,beta,-0.2502006,11.769211,4497,0.681493878364563
human3_lib1.final_cell_0838-2,human3,alpha,1,alpha,7.5389733,-4.517035,4498,1.4782716035842896
human3_lib1.final_cell_0839-2,human3,alpha,1,alpha,8.49741,-6.71329,4499,0.7854058742523193
human3_lib1.final_cell_0840-2,human3,beta,0,beta,0.40945593,8.622575,4500,0.9593832492828368
human3_lib1.final_cell_0841-2,human3,ductal,3,ductal,18.073078,1.5186633,4501,0.9928275942802428
human3_lib1.final_cell_0842-2,human3,quiescent_stellate,5,activated_stellate,11.20032,4.6336875,4502,2.0853443145751958
human3_lib1.final_cell_0843-2,human3,alpha,1,alpha,6.5008125,-3.7562847,4503,1.9416677951812744
human3_lib1.final_cell_0844-2,human3,ductal,3,ductal,18.168959,1.2965624,4504,1.194759488105774
human3_lib1.final_cell_0845-2,human3,beta,0,beta,1.5727541,9.5631485,4505,0.9237454533576964
human3_lib1.final_cell_0846-2,human3,beta,0,beta,1.4720101,10.712219,4506,0.7157586812973022
human3_lib1.final_cell_0847-2,human3,delta,4,delta,-3.4910595,3.030038,4507,0.9676997065544128
human3_lib1.final_cell_0848-2,human3,quiescent_stellate,5,activated_stellate,12.56053,4.4126544,4508,1.5321632623672483
human3_lib1.final_cell_0849-2,human3,delta,4,delta,-3.4625309,3.637685,4509,0.8988755345344543
human3_lib1.final_cell_0850-2,human3,beta,0,beta,0.11721476,10.703056,4510,0.6763103008270264
human3_lib1.final_cell_0851-2,human3,ductal,3,ductal,19.051208,0.23090664,4511,0.8252173066139221
human3_lib1.final_cell_0852-2,human3,beta,0,beta,0.9520781,10.071531,4512,0.8533305525779724
human3_lib1.final_cell_0853-2,human3,endothelial,7,endothelial,12.812205,4.143829,4513,2.4939630031585693
human3_lib1.final_cell_0854-2,human3,beta,0,beta,1.2475855,10.261587,4514,0.7041177153587341
human3_lib1.final_cell_0855-2,human3,endothelial,7,endothelial,9.999451,12.975748,4515,1.9840351343154907
human3_lib1.final_cell_0856-2,human3,beta,0,beta,1.3135365,10.685718,4516,0.6046174764633179
human3_lib1.final_cell_0857-2,human3,ductal,3,ductal,18.274343,1.2960992,4517,1.5269246101379397
human3_lib1.final_cell_0858-2,human3,ductal,3,ductal,18.615618,2.0317008,4518,1.313281536102295
human3_lib1.final_cell_0859-2,human3,alpha,1,alpha,8.19637,-4.828692,4519,1.0520609617233276
human3_lib1.final_cell_0860-2,human3,alpha,1,alpha,7.8095036,-5.32806,4520,1.2644070386886597
human3_lib1.final_cell_0861-2,human3,gamma,6,gamma,-2.5665503,-3.7921605,4521,1.2790855169296265
human3_lib1.final_cell_0862-2,human3,beta,0,beta,1.3404909,12.24807,4522,0.5902897715568542
human3_lib1.final_cell_0863-2,human3,endothelial,7,endothelial,9.850877,11.160542,4523,2.8181042671203613
human3_lib1.final_cell_0864-2,human3,endothelial,7,endothelial,12.794539,4.1447864,4524,2.838065385818481
human3_lib1.final_cell_0865-2,human3,beta,0,beta,0.6643432,10.588034,4525,0.7249115705490112
human3_lib1.final_cell_0866-2,human3,alpha,1,alpha,6.438446,-3.7576246,4526,1.4913716316223145
human3_lib1.final_cell_0867-2,human3,beta,0,beta,0.64499897,11.321472,4527,0.7577056884765625
human3_lib1.final_cell_0868-2,human3,beta,0,beta,1.5094317,9.55033,4528,1.3013110160827637
human3_lib1.final_cell_0869-2,human3,beta,0,beta,-0.9015569,10.776728,4529,0.8070157766342163
human3_lib1.final_cell_0870-2,human3,beta,0,beta,-1.2112895,9.904819,4530,1.4544236660003662
human3_lib1.final_cell_0871-2,human3,ductal,3,ductal,18.334578,1.5001874,4531,2.08703351020813
human3_lib1.final_cell_0872-2,human3,quiescent_stellate,5,activated_stellate,10.82527,4.7898293,4532,1.4857444763183594
human3_lib1.final_cell_0873-2,human3,beta,0,beta,0.85258806,11.467806,4533,0.7626441121101379
human3_lib1.final_cell_0874-2,human3,alpha,1,alpha,8.163761,-5.258076,4534,1.2663017511367798
human3_lib1.final_cell_0875-2,human3,beta,0,beta,-0.5374032,12.072187,4535,0.6836243271827698
human3_lib1.final_cell_0876-2,human3,alpha,1,alpha,7.725248,-5.303106,4536,0.6414861083030701
human3_lib1.final_cell_0877-2,human3,beta,0,beta,-0.49680576,10.469257,4537,0.992703378200531
human3_lib1.final_cell_0878-2,human3,beta,0,beta,-0.23141518,10.546994,4538,0.899598240852356
human3_lib1.final_cell_0879-2,human3,beta,0,beta,1.308336,9.088577,4539,0.8578504323959351
human3_lib1.final_cell_0880-2,human3,beta,0,beta,1.3878307,9.862033,4540,0.6449117660522461
human3_lib1.final_cell_0881-2,human3,beta,0,beta,0.12121993,8.807493,4541,0.6343488097190857
human3_lib1.final_cell_0882-2,human3,alpha,1,alpha,9.089274,-5.478995,4542,1.272435188293457
human3_lib1.final_cell_0883-2,human3,beta,0,beta,1.5435182,11.744012,4543,0.5829317569732666
human3_lib1.final_cell_0884-2,human3,endothelial,7,endothelial,12.781557,4.156469,4544,2.838065385818481
human3_lib1.final_cell_0885-2,human3,quiescent_stellate,5,activated_stellate,11.827707,4.3816185,4545,1.5486047267913818
human3_lib1.final_cell_0886-2,human3,beta,0,beta,0.11923891,12.789122,4546,1.1690858602523804
human3_lib1.final_cell_0887-2,human3,beta,0,beta,1.4566059,11.165979,4547,0.7155760526657104
human3_lib1.final_cell_0888-2,human3,beta,0,beta,-0.85726947,7.241135,4548,1.1384133100509644
human3_lib1.final_cell_0889-2,human3,beta,0,beta,0.30643928,9.474544,4549,1.5705113410949707
human3_lib1.final_cell_0890-2,human3,quiescent_stellate,5,activated_stellate,11.1732025,4.8750343,4550,1.4344956874847412
human3_lib1.final_cell_0891-2,human3,endothelial,7,endothelial,9.500243,12.753265,4551,2.4823317527771
human3_lib1.final_cell_0892-2,human3,alpha,1,alpha,8.359562,-5.057771,4552,1.5387732982635498
human3_lib1.final_cell_0893-2,human3,alpha,1,alpha,8.007389,-6.6433806,4553,0.8655852675437927
human3_lib1.final_cell_0894-2,human3,beta,0,beta,0.8703132,12.802314,4554,0.6578409075737
human3_lib1.final_cell_0895-2,human3,ductal,3,ductal,18.073763,2.626639,4555,1.3232423067092896
human3_lib1.final_cell_0896-2,human3,endothelial,7,endothelial,9.706395,13.288255,4556,2.1302974224090576
human3_lib1.final_cell_0897-2,human3,endothelial,7,endothelial,9.5438175,12.384762,4557,1.9595681428909304
human3_lib2.final_cell_0001-2,human3,acinar,2,acinar,16.062204,16.257458,4558,0.4044826030731201
human3_lib2.final_cell_0002-2,human3,acinar,2,acinar,15.715556,16.685015,4559,0.3857467472553253
human3_lib2.final_cell_0003-2,human3,acinar,2,acinar,17.409142,14.35548,4560,0.4590079486370086
human3_lib2.final_cell_0004-2,human3,acinar,2,acinar,17.537758,14.353489,4561,0.3937355875968933
human3_lib2.final_cell_0005-2,human3,acinar,2,acinar,16.702847,15.411998,4562,0.6470160484313965
human3_lib2.final_cell_0006-2,human3,acinar,2,acinar,16.120829,15.719446,4563,0.6696327328681946
human3_lib2.final_cell_0007-2,human3,acinar,2,acinar,16.345613,16.010107,4564,1.4228445291519165
human3_lib2.final_cell_0008-2,human3,acinar,2,acinar,16.593372,16.426804,4565,0.3845422863960266
human3_lib2.final_cell_0009-2,human3,acinar,2,acinar,17.670216,15.087227,4566,0.4203940033912658
human3_lib2.final_cell_0010-2,human3,acinar,2,acinar,17.844152,15.446931,4567,0.4055941700935364
human3_lib2.final_cell_0011-2,human3,acinar,2,acinar,15.773539,16.713959,4568,0.4584567248821258
human3_lib2.final_cell_0012-2,human3,acinar,2,acinar,16.730844,15.778404,4569,0.5224294066429138
human3_lib2.final_cell_0013-2,human3,acinar,2,acinar,17.17108,16.24967,4570,0.4641772508621216
human3_lib2.final_cell_0014-2,human3,acinar,2,acinar,16.026817,16.129192,4571,0.4871745407581329
human3_lib2.final_cell_0015-2,human3,acinar,2,acinar,18.326134,13.087469,4572,0.4563629925251007
human3_lib2.final_cell_0016-2,human3,delta,4,delta,-4.1850553,3.0862799,4573,0.8225075006484985
human3_lib2.final_cell_0017-2,human3,acinar,2,acinar,16.058165,16.33542,4574,0.3845422863960266
human3_lib2.final_cell_0018-2,human3,acinar,2,acinar,16.08108,16.060997,4575,0.8399670124053955
human3_lib2.final_cell_0019-2,human3,acinar,2,acinar,18.220861,13.650499,4576,0.3845422863960266
human3_lib2.final_cell_0020-2,human3,acinar,2,acinar,16.00466,16.143492,4577,0.5207079648971558
human3_lib2.final_cell_0021-2,human3,acinar,2,acinar,16.782717,15.928836,4578,0.6436257362365723
human3_lib2.final_cell_0022-2,human3,acinar,2,acinar,17.087431,16.05866,4579,0.627231240272522
human3_lib2.final_cell_0023-2,human3,acinar,2,acinar,17.356293,16.24859,4580,0.6295937895774841
human3_lib2.final_cell_0024-2,human3,acinar,2,acinar,17.078224,15.049527,4581,0.3950171768665313
human3_lib2.final_cell_0025-2,human3,acinar,2,acinar,18.297964,12.683383,4582,0.5229189395904541
human3_lib2.final_cell_0026-2,human3,acinar,2,acinar,17.39302,13.8332205,4583,0.3872712254524231
human3_lib2.final_cell_0027-2,human3,acinar,2,acinar,16.357695,15.043618,4584,0.4947927594184875
human3_lib2.final_cell_0028-2,human3,acinar,2,acinar,18.278942,12.62443,4585,0.4555976092815399
human3_lib2.final_cell_0029-2,human3,acinar,2,acinar,17.021837,15.506908,4586,0.4502457678318023
human3_lib2.final_cell_0030-2,human3,beta,0,beta,0.28503352,12.482099,4587,0.6826374530792236
human3_lib2.final_cell_0031-2,human3,acinar,2,acinar,16.785034,15.932017,4588,0.3845422863960266
human3_lib2.final_cell_0032-2,human3,acinar,2,acinar,18.051126,15.115182,4589,0.3845422863960266
human3_lib2.final_cell_0033-2,human3,acinar,2,acinar,17.835478,14.65928,4590,0.3967733085155487
human3_lib2.final_cell_0034-2,human3,acinar,2,acinar,18.27409,12.491133,4591,0.5689809918403625
human3_lib2.final_cell_0035-2,human3,acinar,2,acinar,15.67153,16.671015,4592,0.4868154227733612
human3_lib2.final_cell_0036-2,human3,acinar,5,activated_stellate,13.010153,5.140125,4593,2.094947338104248
human3_lib2.final_cell_0037-2,human3,acinar,2,acinar,17.638153,14.904598,4594,0.4504878222942352
human3_lib2.final_cell_0038-2,human3,acinar,2,acinar,17.884077,14.052921,4595,0.4076946675777435
human3_lib2.final_cell_0039-2,human3,acinar,2,acinar,17.225029,14.8919115,4596,0.3845422863960266
human3_lib2.final_cell_0040-2,human3,beta,0,beta,1.2654697,12.117082,4597,0.6257648468017578
human3_lib2.final_cell_0041-2,human3,acinar,2,acinar,16.763855,14.89324,4598,0.4544321000576019
human3_lib2.final_cell_0042-2,human3,acinar,2,acinar,16.465223,16.456125,4599,0.4014283716678619
human3_lib2.final_cell_0043-2,human3,acinar,2,acinar,17.814215,15.588018,4600,0.7033677101135254
human3_lib2.final_cell_0044-2,human3,acinar,2,acinar,18.203953,14.984189,4601,0.3845422863960266
human3_lib2.final_cell_0045-2,human3,acinar,2,acinar,15.767663,16.709654,4602,0.4505190253257751
human3_lib2.final_cell_0046-2,human3,acinar,2,acinar,15.727877,16.584898,4603,0.4475398063659668
human3_lib2.final_cell_0047-2,human3,acinar,2,acinar,16.644394,16.362793,4604,0.3933910727500915
human3_lib2.final_cell_0048-2,human3,acinar,2,acinar,15.9987135,16.144718,4605,0.736204981803894
human3_lib2.final_cell_0049-2,human3,acinar,2,acinar,16.892162,15.6638365,4606,0.5550045371055603
human3_lib2.final_cell_0050-2,human3,beta,0,beta,0.61754405,10.490536,4607,0.8019001483917236
human3_lib2.final_cell_0051-2,human3,acinar,2,acinar,16.03842,16.020296,4608,0.795380175113678
human3_lib2.final_cell_0052-2,human3,acinar,2,acinar,17.464462,15.343579,4609,0.4229060113430023
human3_lib2.final_cell_0053-2,human3,acinar,2,acinar,17.818644,12.584586,4610,0.559043824672699
human3_lib2.final_cell_0054-2,human3,acinar,2,acinar,17.458527,14.344854,4611,0.4070866703987121
human3_lib2.final_cell_0055-2,human3,acinar,2,acinar,17.961699,13.050151,4612,0.4966892302036285
human3_lib2.final_cell_0056-2,human3,acinar,2,acinar,18.392155,14.086374,4613,0.4387390613555908
human3_lib2.final_cell_0057-2,human3,acinar,2,acinar,17.134119,14.181486,4614,0.4980684518814087
human3_lib2.final_cell_0058-2,human3,acinar,2,acinar,16.295559,15.959807,4615,0.496278703212738
human3_lib2.final_cell_0059-2,human3,acinar,2,acinar,17.90135,13.600254,4616,0.5015005469322205
human3_lib2.final_cell_0060-2,human3,acinar,2,acinar,17.050926,15.358283,4617,0.3845422863960266
human3_lib2.final_cell_0061-2,human3,acinar,2,acinar,17.58909,13.841837,4618,0.5220365524291992
human3_lib2.final_cell_0062-2,human3,acinar,2,acinar,18.57536,13.243241,4619,1.0605159997940063
human3_lib2.final_cell_0063-2,human3,acinar,2,acinar,17.802187,14.604495,4620,0.5497603416442871
human3_lib2.final_cell_0064-2,human3,acinar,2,acinar,17.774778,13.184421,4621,0.4237448275089264
human3_lib2.final_cell_0065-2,human3,beta,0,beta,-0.1236941,10.791598,4622,0.5894379615783691
human3_lib2.final_cell_0066-2,human3,delta,4,delta,-4.4960365,2.5923014,4623,1.283167004585266
human3_lib2.final_cell_0067-2,human3,acinar,2,acinar,17.451345,14.535734,4624,0.4090708494186401
human3_lib2.final_cell_0068-2,human3,ductal,8,macrophage,16.128891,1.3681805,4625,2.361757755279541
human3_lib2.final_cell_0069-2,human3,acinar,2,acinar,17.55464,12.757474,4626,1.742919683456421
human3_lib2.final_cell_0070-2,human3,delta,4,delta,-4.5796156,2.4439654,4627,1.3637171983718872
human3_lib2.final_cell_0071-2,human3,acinar,2,acinar,16.164963,16.222912,4628,0.5296623706817627
human3_lib2.final_cell_0072-2,human3,acinar,2,acinar,16.76567,16.423998,4629,0.7798179388046265
human3_lib2.final_cell_0073-2,human3,acinar,2,acinar,18.136242,15.281379,4630,0.7934094667434692
human3_lib2.final_cell_0074-2,human3,acinar,2,acinar,16.84884,14.545318,4631,1.0072100162506104
human3_lib2.final_cell_0075-2,human3,acinar,2,acinar,16.354914,15.033902,4632,0.4384363889694214
human3_lib2.final_cell_0076-2,human3,acinar,2,acinar,17.431509,13.187756,4633,0.6657818555831909
human3_lib2.final_cell_0077-2,human3,beta,0,beta,0.38447443,9.795658,4634,1.2299261093139648
human3_lib2.final_cell_0078-2,human3,acinar,2,acinar,17.895506,11.91314,4635,1.0450875759124756
human3_lib2.final_cell_0079-2,human3,acinar,2,acinar,17.13612,14.324009,4636,0.4218465089797973
human3_lib2.final_cell_0080-2,human3,acinar,2,acinar,16.365568,14.984602,4637,0.710548996925354
human3_lib2.final_cell_0081-2,human3,acinar,2,acinar,17.50478,14.452313,4638,0.4426241517066955
human3_lib2.final_cell_0082-2,human3,acinar,2,acinar,15.762979,16.702791,4639,0.6721622347831726
human3_lib2.final_cell_0083-2,human3,acinar,2,acinar,17.41822,15.561756,4640,0.4036988317966461
human3_lib2.final_cell_0084-2,human3,acinar,2,acinar,17.261013,15.749635,4641,0.4204709827899933
human3_lib2.final_cell_0085-2,human3,beta,0,beta,-0.7944849,7.3674016,4642,1.435744285583496
human3_lib2.final_cell_0086-2,human3,acinar,2,acinar,17.103651,14.8307905,4643,1.002649426460266
human3_lib2.final_cell_0087-2,human3,delta,4,delta,-2.7554083,4.0808244,4644,0.7917189002037048
human3_lib2.final_cell_0088-2,human3,acinar,2,acinar,17.418352,13.186696,4645,1.592705249786377
human3_lib2.final_cell_0089-2,human3,beta,0,beta,-0.5849277,8.437659,4646,0.7030059695243835
human3_lib2.final_cell_0090-2,human3,acinar,2,acinar,18.264212,15.07739,4647,0.4706352353096008
human3_lib2.final_cell_0091-2,human3,acinar,2,acinar,17.236359,14.034304,4648,0.3891873657703399
human3_lib2.final_cell_0092-2,human3,delta,4,delta,-4.1886497,2.7707884,4649,0.9444122314453124
human3_lib2.final_cell_0093-2,human3,acinar,2,acinar,17.762281,13.712218,4650,1.417582869529724
human3_lib2.final_cell_0094-2,human3,acinar,2,acinar,18.085308,13.770374,4651,1.6124045848846436
human3_lib2.final_cell_0095-2,human3,delta,4,delta,-4.1331563,2.5612042,4652,0.6097890138626099
human3_lib2.final_cell_0096-2,human3,acinar,2,acinar,17.728733,13.795845,4653,0.5352071523666382
human3_lib2.final_cell_0097-2,human3,acinar,2,acinar,18.028208,13.680394,4654,0.7509335279464722
human3_lib2.final_cell_0098-2,human3,acinar,2,acinar,17.227385,14.028677,4655,0.6809641718864441
human3_lib2.final_cell_0099-2,human3,acinar,2,acinar,16.893757,16.470364,4656,0.5726013779640198
human3_lib2.final_cell_0100-2,human3,acinar,2,acinar,17.678246,13.246232,4657,0.4525643587112427
human3_lib2.final_cell_0101-2,human3,acinar,2,acinar,18.316837,12.707183,4658,0.6487958431243896
human3_lib2.final_cell_0102-2,human3,acinar,2,acinar,18.242565,14.120047,4659,0.4590240716934204
human3_lib2.final_cell_0103-2,human3,delta,4,delta,-2.7405045,2.7903836,4660,1.050234079360962
human3_lib2.final_cell_0104-2,human3,acinar,2,acinar,16.385406,15.157175,4661,1.0810060501098633
human3_lib2.final_cell_0105-2,human3,acinar,2,acinar,16.06775,16.26075,4662,1.292182207107544
human3_lib2.final_cell_0106-2,human3,beta,0,beta,0.5917608,7.7719893,4663,1.214008331298828
human3_lib2.final_cell_0107-2,human3,acinar,2,acinar,18.055845,13.516952,4664,0.3845422863960266
human3_lib2.final_cell_0108-2,human3,acinar,2,acinar,16.37072,16.1068,4665,0.4321171641349792
human3_lib2.final_cell_0109-2,human3,acinar,2,acinar,16.54246,15.681604,4666,0.7988066673278809
human3_lib2.final_cell_0110-2,human3,acinar,5,activated_stellate,12.968704,5.130549,4667,2.307555675506592
human3_lib2.final_cell_0111-2,human3,alpha,1,alpha,6.7197404,-7.002739,4668,0.6206983923912048
human3_lib2.final_cell_0112-2,human3,acinar,2,acinar,17.63295,13.706891,4669,0.6040798425674438
human3_lib2.final_cell_0113-2,human3,beta,0,beta,0.9601179,12.418602,4670,0.531271755695343
human3_lib2.final_cell_0114-2,human3,alpha,1,alpha,7.4478035,-6.6179442,4671,0.7131128907203674
human3_lib2.final_cell_0115-2,human3,acinar,2,acinar,18.15192,15.132147,4672,0.5344774127006531
human3_lib2.final_cell_0116-2,human3,acinar,2,acinar,17.071112,14.301308,4673,0.3850064873695373
human3_lib2.final_cell_0117-2,human3,acinar,2,acinar,16.76192,15.527458,4674,0.8615127205848694
human3_lib2.final_cell_0118-2,human3,acinar,2,acinar,17.54906,13.891983,4675,0.5218515992164612
human3_lib2.final_cell_0119-2,human3,acinar,2,acinar,16.77783,16.13792,4676,0.6216571927070618
human3_lib2.final_cell_0120-2,human3,acinar,2,acinar,18.38316,13.355197,4677,1.402697205543518
human3_lib2.final_cell_0121-2,human3,gamma,6,gamma,-1.8204606,-3.1044075,4678,1.7428154945373535
human3_lib2.final_cell_0122-2,human3,ductal,3,ductal,18.095331,0.43491665,4679,2.240983009338379
human3_lib2.final_cell_0123-2,human3,acinar,2,acinar,16.35543,15.895991,4680,0.4537401795387268
human3_lib2.final_cell_0124-2,human3,acinar,2,acinar,17.58713,13.23266,4681,0.5355694890022278
human3_lib2.final_cell_0125-2,human3,acinar,2,acinar,18.518433,13.648371,4682,0.4567242264747619
human3_lib2.final_cell_0126-2,human3,acinar,2,acinar,16.082018,16.313692,4683,0.3845422863960266
human3_lib2.final_cell_0127-2,human3,acinar,2,acinar,17.705986,13.657044,4684,0.4915885031223297
human3_lib2.final_cell_0128-2,human3,ductal,3,ductal,18.19077,0.35644132,4685,1.471260666847229
human3_lib2.final_cell_0129-2,human3,acinar,2,acinar,18.198584,14.878286,4686,0.3845422863960266
human3_lib2.final_cell_0130-2,human3,acinar,2,acinar,17.738054,13.532351,4687,0.3894857168197632
human3_lib2.final_cell_0131-2,human3,delta,4,delta,-3.81865,2.2659707,4688,0.450937956571579
human3_lib2.final_cell_0132-2,human3,beta,0,beta,1.2952523,10.563138,4689,0.6474103927612305
human3_lib2.final_cell_0133-2,human3,alpha,1,alpha,9.116644,-6.265834,4690,0.8031413555145264
human3_lib2.final_cell_0134-2,human3,acinar,2,acinar,17.20839,15.484198,4691,0.3845422863960266
human3_lib2.final_cell_0135-2,human3,acinar,2,acinar,17.086676,15.783954,4692,0.4371780157089233
human3_lib2.final_cell_0136-2,human3,delta,4,delta,-2.6984594,2.8929029,4693,0.634228527545929
human3_lib2.final_cell_0137-2,human3,beta,0,beta,1.1523142,9.920072,4694,0.6996250748634338
human3_lib2.final_cell_0138-2,human3,acinar,2,acinar,16.267193,15.425731,4695,0.7269487977027893
human3_lib2.final_cell_0139-2,human3,beta,0,beta,0.4220084,12.766532,4696,0.8020309209823608
human3_lib2.final_cell_0140-2,human3,acinar,2,acinar,16.694525,16.361517,4697,0.3901264369487762
human3_lib2.final_cell_0141-2,human3,ductal,3,ductal,18.444746,-0.6954883,4698,1.448470950126648
human3_lib2.final_cell_0142-2,human3,alpha,2,acinar,17.735308,11.362462,4699,2.0357797145843506
human3_lib2.final_cell_0143-2,human3,ductal,3,ductal,18.166664,0.27272877,4700,1.306718111038208
human3_lib2.final_cell_0144-2,human3,beta,0,beta,1.1597866,9.691987,4701,0.5449564456939697
human3_lib2.final_cell_0145-2,human3,alpha,1,alpha,8.832649,-6.447389,4702,0.6187186241149902
human3_lib2.final_cell_0146-2,human3,beta,0,beta,1.0865145,10.815998,4703,0.5480451583862305
human3_lib2.final_cell_0147-2,human3,alpha,1,alpha,9.789122,-7.4511566,4704,0.5102307200431824
human3_lib2.final_cell_0148-2,human3,acinar,2,acinar,17.912498,13.93722,4705,0.4795491397380829
human3_lib2.final_cell_0149-2,human3,delta,4,delta,-3.3984437,2.6308455,4706,0.8718856573104858
human3_lib2.final_cell_0150-2,human3,beta,0,beta,-1.0501566,9.802871,4707,1.2091026306152344
human3_lib2.final_cell_0151-2,human3,beta,0,beta,1.176392,11.971866,4708,0.9169412851333618
human3_lib2.final_cell_0152-2,human3,alpha,1,alpha,7.907536,-6.324838,4709,0.632896900177002
human3_lib2.final_cell_0153-2,human3,beta,0,beta,0.34468144,9.542205,4710,0.8284993767738342
human3_lib2.final_cell_0154-2,human3,alpha,1,alpha,9.204336,-5.5645857,4711,0.7197354435920715
human3_lib2.final_cell_0155-2,human3,delta,4,delta,-2.7586703,2.8389027,4712,0.9160958528518676
human3_lib2.final_cell_0156-2,human3,alpha,1,alpha,8.835295,-7.490631,4713,0.9714359045028688
human3_lib2.final_cell_0157-2,human3,beta,0,beta,-0.55407315,11.9931,4714,0.7165176868438721
human3_lib2.final_cell_0158-2,human3,acinar,2,acinar,17.871933,15.518692,4715,0.3845422863960266
human3_lib2.final_cell_0159-2,human3,acinar,2,acinar,17.5864,14.458509,4716,0.3845422863960266
human3_lib2.final_cell_0160-2,human3,acinar,2,acinar,15.178982,5.818716,4717,2.094947338104248
human3_lib2.final_cell_0161-2,human3,ductal,3,ductal,18.035603,0.085423976,4718,1.0043599605560305
human3_lib2.final_cell_0162-2,human3,ductal,3,ductal,18.216633,-0.36498106,4719,0.9402063488960266
human3_lib2.final_cell_0163-2,human3,beta,0,beta,1.3096511,9.76744,4720,0.8060876727104187
human3_lib2.final_cell_0164-2,human3,acinar,2,acinar,17.28642,16.20097,4721,0.3899721205234527
human3_lib2.final_cell_0165-2,human3,delta,4,delta,-3.0853019,2.6323225,4722,0.844266951084137
human3_lib2.final_cell_0166-2,human3,beta,0,beta,1.1141346,11.0306015,4723,0.5205104351043701
human3_lib2.final_cell_0167-2,human3,gamma,6,gamma,-2.3766024,-3.4663804,4724,1.4588159322738647
human3_lib2.final_cell_0168-2,human3,acinar,2,acinar,17.363766,15.266997,4725,0.479715883731842
human3_lib2.final_cell_0169-2,human3,beta,0,beta,0.03880807,9.495852,4726,1.2245244979858398
human3_lib2.final_cell_0170-2,human3,beta,0,beta,-0.70799375,12.1032295,4727,0.7611550092697144
human3_lib2.final_cell_0171-2,human3,acinar,2,acinar,18.27224,13.6552925,4728,0.5106322169303894
human3_lib2.final_cell_0172-2,human3,acinar,2,acinar,14.887149,5.0776343,4729,1.6425659656524658
human3_lib2.final_cell_0173-2,human3,alpha,1,alpha,7.129587,-5.2869062,4730,1.0406298637390137
human3_lib2.final_cell_0174-2,human3,acinar,2,acinar,16.80503,16.056255,4731,0.3845422863960266
human3_lib2.final_cell_0175-2,human3,beta,0,beta,0.3188195,8.290366,4732,1.3378612995147705
human3_lib2.final_cell_0176-2,human3,alpha,1,alpha,8.20964,-6.550622,4733,0.7415207028388977
human3_lib2.final_cell_0177-2,human3,beta,0,beta,1.326714,10.452539,4734,0.7454943656921387
human3_lib2.final_cell_0178-2,human3,alpha,1,alpha,8.180021,-6.229494,4735,0.6756994724273682
human3_lib2.final_cell_0179-2,human3,gamma,6,gamma,-2.7899568,-3.4412851,4736,1.9563877582550049
human3_lib2.final_cell_0180-2,human3,acinar,2,acinar,17.763512,13.001101,4737,0.8094190359115601
human3_lib2.final_cell_0181-2,human3,alpha,1,alpha,9.097577,-3.735348,4738,1.5776573419570925
human3_lib2.final_cell_0182-2,human3,beta,0,beta,0.06902159,10.06676,4739,0.5916017293930054
human3_lib2.final_cell_0183-2,human3,acinar,2,acinar,17.675531,15.520916,4740,0.6318570971488953
human3_lib2.final_cell_0184-2,human3,acinar,2,acinar,17.074772,14.8440895,4741,0.6037386059761047
human3_lib2.final_cell_0185-2,human3,delta,4,delta,-4.7156677,2.9016385,4742,0.9416765570640564
human3_lib2.final_cell_0186-2,human3,alpha,1,alpha,9.836426,-7.0918612,4743,0.7203093767166138
human3_lib2.final_cell_0187-2,human3,ductal,2,acinar,18.506868,13.040969,4744,1.352443814277649
human3_lib2.final_cell_0188-2,human3,delta,4,delta,-2.7756486,2.9220498,4745,0.920261561870575
human3_lib2.final_cell_0189-2,human3,delta,4,delta,-3.1713767,3.3656578,4746,0.7761157751083374
human3_lib2.final_cell_0190-2,human3,alpha,1,alpha,9.174127,-7.1755958,4747,0.7734687924385071
human3_lib2.final_cell_0191-2,human3,ductal,3,ductal,18.06703,-0.2725883,4748,1.866637706756592
human3_lib2.final_cell_0192-2,human3,beta,0,beta,0.20926338,9.41166,4749,1.1862289905548096
human3_lib2.final_cell_0193-2,human3,beta,0,beta,-0.19317691,8.897632,4750,0.9504915475845336
human3_lib2.final_cell_0194-2,human3,delta,4,delta,-2.644177,2.8963435,4751,0.7899060249328613
human3_lib2.final_cell_0195-2,human3,alpha,1,alpha,9.961664,-7.1401534,4752,0.5830349922180176
human3_lib2.final_cell_0196-2,human3,beta,0,beta,-0.90720665,8.972269,4753,0.9593575596809388
human3_lib2.final_cell_0197-2,human3,alpha,1,alpha,9.737248,-8.352212,4754,0.7538388967514038
human3_lib2.final_cell_0198-2,human3,beta,0,beta,0.10105207,7.8416305,4755,1.4770945310592651
human3_lib2.final_cell_0199-2,human3,acinar,2,acinar,18.355242,13.998794,4756,0.6862937808036804
human3_lib2.final_cell_0200-2,human3,beta,0,beta,-0.09933899,11.3017645,4757,0.5364287495613098
human3_lib2.final_cell_0201-2,human3,acinar,2,acinar,16.793055,14.517889,4758,0.8053014874458313
human3_lib2.final_cell_0202-2,human3,alpha,1,alpha,7.590917,-6.9546537,4759,0.7921143770217896
human3_lib2.final_cell_0203-2,human3,beta,0,beta,0.20635635,11.524759,4760,0.5903752446174622
human3_lib2.final_cell_0204-2,human3,beta,0,beta,0.95784134,11.23803,4761,0.7287479639053345
human3_lib2.final_cell_0205-2,human3,alpha,1,alpha,8.45225,-7.083019,4762,0.8902075290679932
human3_lib2.final_cell_0206-2,human3,beta,2,acinar,17.877743,11.847496,4763,1.2653037309646606
human3_lib2.final_cell_0207-2,human3,acinar,2,acinar,18.234621,13.87158,4764,1.041090965270996
human3_lib2.final_cell_0208-2,human3,ductal,3,ductal,18.066727,0.22218451,4765,1.2139599323272705
human3_lib2.final_cell_0209-2,human3,ductal,3,ductal,19.166456,1.0101006,4766,1.5887702703475952
human3_lib2.final_cell_0210-2,human3,beta,0,beta,-0.9536633,7.260176,4767,1.016044020652771
human3_lib2.final_cell_0211-2,human3,alpha,1,alpha,9.878699,-7.1802497,4768,0.9008103609085084
human3_lib2.final_cell_0212-2,human3,alpha,1,alpha,9.090357,-8.36185,4769,0.6577852368354797
human3_lib2.final_cell_0213-2,human3,acinar,2,acinar,17.066973,16.162762,4770,0.6253542304039001
human3_lib2.final_cell_0214-2,human3,acinar,2,acinar,18.398653,13.122213,4771,0.5945363640785217
human3_lib2.final_cell_0215-2,human3,gamma,6,gamma,-3.0522137,-4.240619,4772,2.099022626876831
human3_lib2.final_cell_0216-2,human3,alpha,1,alpha,8.229951,-8.259514,4773,0.907152771949768
human3_lib2.final_cell_0217-2,human3,alpha,1,alpha,6.7508993,-7.0022154,4774,1.1917275190353394
human3_lib2.final_cell_0218-2,human3,acinar,2,acinar,17.779364,14.569393,4775,0.4882350862026214
human3_lib2.final_cell_0219-2,human3,beta,0,beta,0.996529,11.799038,4776,0.6527724862098694
human3_lib2.final_cell_0220-2,human3,delta,4,delta,-3.2050977,2.576523,4777,1.127055525779724
human3_lib2.final_cell_0221-2,human3,alpha,1,alpha,9.298585,-8.681048,4778,0.8925062417984009
human3_lib2.final_cell_0222-2,human3,ductal,3,ductal,18.396027,-0.6044172,4779,1.6162323951721191
human3_lib2.final_cell_0223-2,human3,delta,4,delta,-1.9520227,4.5013027,4780,1.3618236780166626
human3_lib2.final_cell_0224-2,human3,ductal,3,ductal,18.749958,0.61935824,4781,1.091303467750549
human3_lib2.final_cell_0225-2,human3,delta,4,delta,-3.59562,3.171605,4782,0.8799838423728943
human3_lib2.final_cell_0226-2,human3,acinar,2,acinar,17.673077,15.077828,4783,0.4312780499458313
human3_lib2.final_cell_0227-2,human3,ductal,3,ductal,18.1064,2.0377343,4784,1.646768569946289
human3_lib2.final_cell_0228-2,human3,acinar,2,acinar,18.223444,13.5145,4785,0.4711667001247406
human3_lib2.final_cell_0229-2,human3,acinar,2,acinar,18.496384,13.165248,4786,0.96635901927948
human3_lib2.final_cell_0230-2,human3,beta,0,beta,0.24574883,8.2489395,4787,1.1735186576843262
human3_lib2.final_cell_0231-2,human3,alpha,1,alpha,8.22403,-8.020759,4788,0.4797764718532562
human3_lib2.final_cell_0232-2,human3,ductal,3,ductal,18.237757,-0.2901614,4789,0.9754742980003356
human3_lib2.final_cell_0233-2,human3,beta,0,beta,0.3551751,12.163844,4790,0.6054723858833313
human3_lib2.final_cell_0234-2,human3,beta,0,beta,1.6740273,10.365856,4791,0.5522075891494751
human3_lib2.final_cell_0235-2,human3,acinar,2,acinar,17.514107,13.733226,4792,0.5142272114753723
human3_lib2.final_cell_0236-2,human3,alpha,1,alpha,8.8076515,-6.6518617,4793,0.8294870853424072
human3_lib2.final_cell_0237-2,human3,acinar,2,acinar,17.830849,13.508787,4794,0.41132652759552
human3_lib2.final_cell_0238-2,human3,alpha,1,alpha,8.9528,-5.919053,4795,0.677654504776001
human3_lib2.final_cell_0239-2,human3,activated_stellate,5,activated_stellate,12.081526,6.1775594,4796,1.966042280197144
human3_lib2.final_cell_0240-2,human3,alpha,1,alpha,7.614561,-5.6868114,4797,0.8071727752685547
human3_lib2.final_cell_0241-2,human3,ductal,3,ductal,18.200611,1.6161683,4798,2.126256465911865
human3_lib2.final_cell_0242-2,human3,beta,0,beta,1.5317512,10.000402,4799,0.9778640866279602
human3_lib2.final_cell_0243-2,human3,alpha,1,alpha,6.7847548,-5.360468,4800,1.4247671365737915
human3_lib2.final_cell_0244-2,human3,beta,0,beta,-0.22350694,9.230571,4801,0.7148647904396057
human3_lib2.final_cell_0245-2,human3,delta,4,delta,-3.2034645,3.817837,4802,1.042506217956543
human3_lib2.final_cell_0246-2,human3,alpha,1,alpha,9.645445,-8.0427065,4803,0.6264165043830872
human3_lib2.final_cell_0247-2,human3,acinar,2,acinar,17.713652,13.136087,4804,0.8025453686714172
human3_lib2.final_cell_0248-2,human3,alpha,1,alpha,8.172298,-7.5873275,4805,0.6290242075920105
human3_lib2.final_cell_0249-2,human3,beta,2,acinar,17.738771,11.339784,4806,1.675723433494568
human3_lib2.final_cell_0250-2,human3,alpha,1,alpha,7.530964,-7.250003,4807,1.4505466222763062
human3_lib2.final_cell_0251-2,human3,alpha,1,alpha,7.6692004,-7.082536,4808,0.9956150650978088
human3_lib2.final_cell_0252-2,human3,activated_stellate,5,activated_stellate,11.377904,5.4882755,4809,1.608275294303894
human3_lib2.final_cell_0253-2,human3,ductal,3,ductal,18.154987,0.11620052,4810,1.2195693254470823
human3_lib2.final_cell_0254-2,human3,acinar,3,ductal,15.017038,4.8456836,4811,1.898399353027344
human3_lib2.final_cell_0255-2,human3,alpha,1,alpha,7.3678975,-7.026259,4812,0.6648553609848022
human3_lib2.final_cell_0256-2,human3,alpha,1,alpha,7.91135,-4.8329277,4813,0.8305403590202332
human3_lib2.final_cell_0257-2,human3,acinar,2,acinar,17.438011,13.090895,4814,0.9580624103546144
human3_lib2.final_cell_0258-2,human3,alpha,1,alpha,8.887718,-8.726021,4815,0.7575057148933411
human3_lib2.final_cell_0259-2,human3,beta,0,beta,0.18470064,8.636797,4816,1.8409504890441892
human3_lib2.final_cell_0260-2,human3,acinar,2,acinar,17.171133,15.756673,4817,0.7185074687004089
human3_lib2.final_cell_0261-2,human3,beta,0,beta,0.4726557,10.085951,4818,0.5118038058280945
human3_lib2.final_cell_0262-2,human3,ductal,3,ductal,18.035969,-0.47162285,4819,1.2935006618499756
human3_lib2.final_cell_0263-2,human3,beta,0,beta,-1.0437388,6.998045,4820,1.8474321365356443
human3_lib2.final_cell_0264-2,human3,delta,4,delta,-2.8571239,3.1337924,4821,0.9560427665710448
human3_lib2.final_cell_0265-2,human3,beta,0,beta,1.4800129,10.740293,4822,0.6351165771484375
human3_lib2.final_cell_0266-2,human3,acinar,2,acinar,18.110268,14.7550745,4823,0.822355329990387
human3_lib2.final_cell_0267-2,human3,acinar,2,acinar,16.787899,14.890929,4824,0.6427509188652039
human3_lib2.final_cell_0268-2,human3,acinar,2,acinar,16.3692,15.972692,4825,0.4779030084609985
human3_lib2.final_cell_0269-2,human3,acinar,2,acinar,17.79777,15.234516,4826,1.4253450632095337
human3_lib2.final_cell_0270-2,human3,acinar,2,acinar,18.239397,14.596483,4827,0.963747501373291
human3_lib2.final_cell_0271-2,human3,activated_stellate,5,activated_stellate,12.793507,5.502111,4828,1.863450288772583
human3_lib2.final_cell_0272-2,human3,acinar,2,acinar,17.391792,16.159443,4829,0.4877192378044128
human3_lib2.final_cell_0273-2,human3,beta,0,beta,1.5331477,9.040782,4830,1.1385740041732788
human3_lib2.final_cell_0274-2,human3,ductal,3,ductal,18.376505,-0.80203134,4831,1.303902268409729
human3_lib2.final_cell_0275-2,human3,alpha,1,alpha,8.544134,-8.06113,4832,0.7269724607467651
human3_lib2.final_cell_0276-2,human3,beta,0,beta,0.60917366,8.745605,4833,1.0538904666900637
human3_lib2.final_cell_0277-2,human3,acinar,2,acinar,18.528069,13.236859,4834,0.5504505038261414
human3_lib2.final_cell_0278-2,human3,beta,0,beta,0.64862317,12.089037,4835,0.7792994976043701
human3_lib2.final_cell_0279-2,human3,beta,0,beta,0.3583426,8.579779,4836,1.0787310600280762
human3_lib2.final_cell_0280-2,human3,acinar,2,acinar,18.025953,14.998178,4837,2.01226806640625
human3_lib2.final_cell_0281-2,human3,ductal,3,ductal,18.315298,1.1953707,4838,1.069291114807129
human3_lib2.final_cell_0282-2,human3,beta,0,beta,0.4564547,13.005457,4839,0.5679080486297607
human3_lib2.final_cell_0283-2,human3,acinar,2,acinar,18.381584,12.561994,4840,0.6967831254005432
human3_lib2.final_cell_0284-2,human3,beta,0,beta,-0.17892417,12.534245,4841,0.6155651807785034
human3_lib2.final_cell_0285-2,human3,beta,0,beta,0.08665564,9.442336,4842,1.4660837650299072
human3_lib2.final_cell_0286-2,human3,alpha,1,alpha,9.225965,-7.8477545,4843,0.4959229230880737
human3_lib2.final_cell_0287-2,human3,beta,0,beta,1.0707685,10.136677,4844,0.808132529258728
human3_lib2.final_cell_0288-2,human3,alpha,1,alpha,8.772696,-5.9634175,4845,0.7325315475463867
human3_lib2.final_cell_0289-2,human3,ductal,3,ductal,18.187397,-0.776483,4846,1.0690460205078125
human3_lib2.final_cell_0290-2,human3,alpha,1,alpha,9.400745,-8.838122,4847,0.6078283786773682
human3_lib2.final_cell_0291-2,human3,acinar,2,acinar,17.530495,12.961577,4848,1.5433292388916016
human3_lib2.final_cell_0292-2,human3,alpha,1,alpha,8.2079935,-8.107064,4849,0.6727403402328491
human3_lib2.final_cell_0293-2,human3,ductal,3,ductal,18.130936,2.1862376,4850,1.050476312637329
human3_lib2.final_cell_0294-2,human3,activated_stellate,5,activated_stellate,11.153377,4.8675733,4851,2.027346611022949
human3_lib2.final_cell_0295-2,human3,alpha,1,alpha,7.484418,-7.2376056,4852,0.8084796071052551
human3_lib2.final_cell_0296-2,human3,alpha,1,alpha,8.134635,-5.248432,4853,1.9215593338012693
human3_lib2.final_cell_0297-2,human3,ductal,3,ductal,18.5547,1.2740504,4854,0.9408461451530457
human3_lib2.final_cell_0298-2,human3,acinar,2,acinar,17.75335,15.651609,4855,0.4281415045261383
human3_lib2.final_cell_0299-2,human3,acinar,2,acinar,17.804087,15.36358,4856,0.3845422863960266
human3_lib2.final_cell_0300-2,human3,acinar,2,acinar,17.595442,13.0978155,4857,0.6306584477424622
human3_lib2.final_cell_0301-2,human3,alpha,4,delta,5.2450314,-3.4193425,4858,3.586226224899292
human3_lib2.final_cell_0302-2,human3,alpha,1,alpha,8.675623,-8.6495075,4859,0.8404647707939148
human3_lib2.final_cell_0303-2,human3,alpha,1,alpha,9.839984,-7.8091655,4860,0.6184750199317932
human3_lib2.final_cell_0304-2,human3,beta,0,beta,1.5025605,9.416712,4861,0.5621726512908936
human3_lib2.final_cell_0305-2,human3,alpha,1,alpha,6.826074,-6.9598384,4862,0.6862640380859375
human3_lib2.final_cell_0306-2,human3,beta,0,beta,0.4010427,10.470746,4863,0.6125165820121765
human3_lib2.final_cell_0307-2,human3,alpha,1,alpha,6.7218556,-6.8643866,4864,2.211979627609253
human3_lib2.final_cell_0308-2,human3,beta,0,beta,-0.49717492,9.407527,4865,1.659618258476257
human3_lib2.final_cell_0309-2,human3,beta,0,beta,2.100313,10.953346,4866,0.6549058556556702
human3_lib2.final_cell_0310-2,human3,alpha,1,alpha,9.095308,-3.8472476,4867,2.188772439956665
human3_lib2.final_cell_0311-2,human3,delta,4,delta,-3.8737757,3.6148024,4868,0.3929028213024139
human3_lib2.final_cell_0312-2,human3,alpha,1,alpha,10.0216465,-7.3408933,4869,0.5939545035362244
human3_lib2.final_cell_0313-2,human3,alpha,1,alpha,7.879428,-6.1513352,4870,0.908754825592041
human3_lib2.final_cell_0314-2,human3,alpha,1,alpha,9.956936,-7.4177628,4871,1.380947470664978
human3_lib2.final_cell_0315-2,human3,ductal,3,ductal,18.030127,0.5584142,4872,1.3825759887695312
human3_lib2.final_cell_0316-2,human3,ductal,3,ductal,18.058294,0.7242782,4873,0.901342272758484
human3_lib2.final_cell_0317-2,human3,delta,4,delta,-3.5536706,3.1533725,4874,1.0728169679641724
human3_lib2.final_cell_0318-2,human3,alpha,1,alpha,9.895746,-8.486195,4875,1.1026849746704102
human3_lib2.final_cell_0319-2,human3,ductal,3,ductal,17.421097,0.861246,4876,3.4963037967681885
human3_lib2.final_cell_0320-2,human3,ductal,3,ductal,18.15039,0.39894712,4877,1.162932515144348
human3_lib2.final_cell_0321-2,human3,alpha,1,alpha,8.125767,-8.113624,4878,0.5908676385879517
human3_lib2.final_cell_0322-2,human3,alpha,1,alpha,8.854873,-6.160648,4879,0.6477269530296326
human3_lib2.final_cell_0323-2,human3,ductal,3,ductal,17.44959,0.867695,4880,3.588205099105835
human3_lib2.final_cell_0324-2,human3,acinar,2,acinar,17.45077,13.962151,4881,0.5377697348594666
human3_lib2.final_cell_0325-2,human3,beta,0,beta,2.0282636,11.558772,4882,0.6472364068031311
human3_lib2.final_cell_0326-2,human3,beta,0,beta,1.5291303,11.992247,4883,0.6306211352348328
human3_lib2.final_cell_0327-2,human3,alpha,1,alpha,6.8575134,-6.522576,4884,1.2375175952911377
human3_lib2.final_cell_0328-2,human3,alpha,1,alpha,8.185848,-6.6811337,4885,1.1981383562088013
human3_lib2.final_cell_0329-2,human3,alpha,1,alpha,7.1863112,-5.8922853,4886,0.8722400069236755
human3_lib2.final_cell_0330-2,human3,alpha,1,alpha,9.665908,-7.2450767,4887,0.5359195470809937
human3_lib2.final_cell_0331-2,human3,beta,0,beta,-0.47639975,8.261906,4888,0.9420180320739746
human3_lib2.final_cell_0332-2,human3,beta,0,beta,0.5343181,9.575464,4889,1.0396273136138916
human3_lib2.final_cell_0333-2,human3,ductal,3,ductal,18.122108,2.3145933,4890,1.8568931818008425
human3_lib2.final_cell_0334-2,human3,acinar,2,acinar,16.295513,15.153701,4891,0.6660051941871643
human3_lib2.final_cell_0335-2,human3,beta,0,beta,1.5053997,9.796498,4892,0.6334981322288513
human3_lib2.final_cell_0336-2,human3,beta,0,beta,-0.13386838,10.586268,4893,0.9374396800994872
human3_lib2.final_cell_0337-2,human3,alpha,1,alpha,7.681967,-5.5927835,4894,0.7622493505477905
human3_lib2.final_cell_0338-2,human3,alpha,1,alpha,10.34439,-7.4452224,4895,0.8013865947723389
human3_lib2.final_cell_0339-2,human3,beta,0,beta,1.3310003,12.714753,4896,0.8507668972015381
human3_lib2.final_cell_0340-2,human3,ductal,3,ductal,18.086885,0.16358498,4897,0.955599009990692
human3_lib2.final_cell_0341-2,human3,ductal,0,beta,-0.8482224,7.270531,4898,1.9371757507324217
human3_lib2.final_cell_0342-2,human3,beta,0,beta,0.6136062,12.267161,4899,0.7268494367599487
human3_lib2.final_cell_0343-2,human3,ductal,3,ductal,18.56165,-0.6334469,4900,1.2975339889526367
human3_lib2.final_cell_0344-2,human3,activated_stellate,5,activated_stellate,12.061957,5.8741097,4901,1.885069727897644
human3_lib2.final_cell_0345-2,human3,ductal,3,ductal,19.06418,1.2962849,4902,1.0242985486984253
human3_lib2.final_cell_0346-2,human3,beta,0,beta,1.2835047,9.142839,4903,1.2448478937149048
human3_lib2.final_cell_0347-2,human3,beta,0,beta,2.0858526,10.648878,4904,0.6765232682228088
human3_lib2.final_cell_0348-2,human3,alpha,1,alpha,9.112385,-4.751658,4905,1.344499588012695
human3_lib2.final_cell_0349-2,human3,alpha,1,alpha,7.1528344,-5.026825,4906,1.167874813079834
human3_lib2.final_cell_0350-2,human3,alpha,1,alpha,8.952973,-6.6761327,4907,1.1147830486297607
human3_lib2.final_cell_0351-2,human3,beta,0,beta,0.42974666,11.904973,4908,0.5792975425720215
human3_lib2.final_cell_0352-2,human3,beta,0,beta,0.15055875,9.203142,4909,0.8096022605895996
human3_lib2.final_cell_0353-2,human3,alpha,1,alpha,7.276137,-6.3019524,4910,0.8182625770568848
human3_lib2.final_cell_0354-2,human3,beta,0,beta,1.7953926,10.087048,4911,1.237262487411499
human3_lib2.final_cell_0355-2,human3,beta,0,beta,0.68464255,13.035129,4912,0.6921069622039795
human3_lib2.final_cell_0356-2,human3,alpha,1,alpha,8.289262,-6.2931256,4913,1.7744626998901367
human3_lib2.final_cell_0357-2,human3,alpha,1,alpha,8.761903,-7.802937,4914,0.898056149482727
human3_lib2.final_cell_0358-2,human3,beta,0,beta,-0.24724728,11.898091,4915,0.5573093295097351
human3_lib2.final_cell_0359-2,human3,acinar,2,acinar,17.742702,14.480338,4916,0.5245680809020996
human3_lib2.final_cell_0360-2,human3,alpha,1,alpha,9.596375,-8.20208,4917,0.7268868088722229
human3_lib2.final_cell_0361-2,human3,beta,0,beta,0.59913146,8.6615715,4918,1.2377017736434937
human3_lib2.final_cell_0362-2,human3,alpha,1,alpha,6.6348815,-5.8651915,4919,2.045661687850952
human3_lib2.final_cell_0363-2,human3,alpha,1,alpha,8.636278,-7.883622,4920,0.979003369808197
human3_lib2.final_cell_0364-2,human3,alpha,1,alpha,6.6101923,-6.189641,4921,0.6689053773880005
human3_lib2.final_cell_0365-2,human3,alpha,1,alpha,10.084151,-7.6217365,4922,0.5344536900520325
human3_lib2.final_cell_0366-2,human3,beta,0,beta,0.5790817,10.674894,4923,0.8139153718948364
human3_lib2.final_cell_0367-2,human3,beta,0,beta,0.761524,10.5248995,4924,0.6185739040374756
human3_lib2.final_cell_0368-2,human3,activated_stellate,5,activated_stellate,12.041102,6.0528035,4925,1.8510619401931765
human3_lib2.final_cell_0369-2,human3,beta,0,beta,1.0055728,9.962957,4926,0.8047679662704468
human3_lib2.final_cell_0370-2,human3,activated_stellate,5,activated_stellate,12.475447,4.508068,4927,1.6861659288406372
human3_lib2.final_cell_0371-2,human3,beta,0,beta,0.7950901,8.277653,4928,0.9024770855903624
human3_lib2.final_cell_0372-2,human3,alpha,1,alpha,5.863896,-4.4280505,4929,1.2229220867156982
human3_lib2.final_cell_0373-2,human3,endothelial,7,endothelial,9.986262,12.752129,4930,2.237020254135132
human3_lib2.final_cell_0374-2,human3,acinar,2,acinar,18.22372,13.963343,4931,0.6090128421783447
human3_lib2.final_cell_0375-2,human3,ductal,3,ductal,18.138483,0.118623726,4932,1.2254245281219482
human3_lib2.final_cell_0376-2,human3,alpha,1,alpha,8.567622,-6.892106,4933,0.7975679636001587
human3_lib2.final_cell_0377-2,human3,alpha,1,alpha,8.412666,-7.0162797,4934,0.51396644115448
human3_lib2.final_cell_0378-2,human3,alpha,1,alpha,9.11651,-3.7019262,4935,1.477451205253601
human3_lib2.final_cell_0379-2,human3,ductal,3,ductal,18.099794,0.5170894,4936,1.2223553657531738
human3_lib2.final_cell_0380-2,human3,gamma,6,gamma,-2.4900768,-3.5227337,4937,1.4898451566696167
human3_lib2.final_cell_0381-2,human3,beta,0,beta,-0.50015074,12.393423,4938,0.9376148581504822
human3_lib2.final_cell_0382-2,human3,beta,0,beta,0.47596377,9.170599,4939,0.8544287085533142
human3_lib2.final_cell_0383-2,human3,ductal,3,ductal,18.646595,1.421517,4940,1.1990371942520142
human3_lib2.final_cell_0384-2,human3,acinar,2,acinar,18.259964,12.510388,4941,0.6371799111366272
human3_lib2.final_cell_0385-2,human3,alpha,1,alpha,7.5038233,-7.266376,4942,0.5439328551292419
human3_lib2.final_cell_0386-2,human3,delta,4,delta,-2.9556987,3.138015,4943,1.045050024986267
human3_lib2.final_cell_0387-2,human3,delta,4,delta,-4.42266,2.7315836,4944,1.1443907022476196
human3_lib2.final_cell_0388-2,human3,beta,0,beta,0.59738356,8.021916,4945,1.5122101306915283
human3_lib2.final_cell_0389-2,human3,alpha,1,alpha,6.382458,-4.3900495,4946,2.256742477416992
human3_lib2.final_cell_0390-2,human3,beta,0,beta,-1.0638107,9.653905,4947,0.9800999760627748
human3_lib2.final_cell_0391-2,human3,ductal,3,ductal,18.755266,-0.2139025,4948,0.9974548816680908
human3_lib2.final_cell_0392-2,human3,alpha,1,alpha,8.646785,-6.9927454,4949,0.8850257992744446
human3_lib2.final_cell_0393-2,human3,alpha,1,alpha,7.5767684,-7.2519517,4950,0.6280236840248108
human3_lib2.final_cell_0394-2,human3,ductal,3,ductal,17.753178,2.858013,4951,1.7182140350341797
human3_lib2.final_cell_0395-2,human3,alpha,1,alpha,8.371106,-7.5324936,4952,0.5674704313278198
human3_lib2.final_cell_0396-2,human3,acinar,2,acinar,16.876064,15.6286955,4953,0.3845422863960266
human3_lib2.final_cell_0397-2,human3,alpha,1,alpha,7.31389,-5.533279,4954,0.7957288026809692
human3_lib2.final_cell_0398-2,human3,ductal,3,ductal,18.266665,0.3396544,4955,0.742456316947937
human3_lib2.final_cell_0399-2,human3,ductal,3,ductal,18.624132,0.7218118,4956,0.9167857766151428
human3_lib2.final_cell_0400-2,human3,alpha,1,alpha,9.713726,-8.338578,4957,0.6211812496185303
human3_lib2.final_cell_0401-2,human3,alpha,1,alpha,8.319361,-7.104799,4958,0.5684922933578491
human3_lib2.final_cell_0402-2,human3,ductal,3,ductal,18.51576,0.057202376,4959,1.1615386009216309
human3_lib2.final_cell_0403-2,human3,acinar,2,acinar,17.821005,11.709392,4960,1.104673147201538
human3_lib2.final_cell_0404-2,human3,alpha,1,alpha,9.202924,-6.932304,4961,0.6844419240951538
human3_lib2.final_cell_0405-2,human3,alpha,1,alpha,9.092256,-8.812202,4962,0.8413245677947998
human3_lib2.final_cell_0406-2,human3,ductal,3,ductal,18.390596,-0.32932243,4963,1.4602195024490356
human3_lib2.final_cell_0407-2,human3,alpha,1,alpha,9.342354,-8.725716,4964,0.6236172914505005
human3_lib2.final_cell_0408-2,human3,alpha,1,alpha,5.6830406,-4.1461782,4965,1.7145812511444092
human3_lib2.final_cell_0409-2,human3,ductal,3,ductal,19.055088,-0.107927226,4966,0.8432953357696533
human3_lib2.final_cell_0410-2,human3,alpha,1,alpha,6.9943185,-5.575807,4967,0.8503570556640625
human3_lib2.final_cell_0411-2,human3,acinar,2,acinar,17.452196,14.046987,4968,0.3845422863960266
human3_lib2.final_cell_0412-2,human3,beta,0,beta,1.4820079,9.005857,4969,0.9179896116256714
human3_lib2.final_cell_0413-2,human3,beta,0,beta,-0.7347611,7.119457,4970,1.106477975845337
human3_lib2.final_cell_0414-2,human3,ductal,3,ductal,18.127844,-0.9460251,4971,1.267859697341919
human3_lib2.final_cell_0415-2,human3,alpha,1,alpha,8.231174,-5.397995,4972,1.1043556928634644
human3_lib2.final_cell_0416-2,human3,activated_stellate,5,activated_stellate,12.495605,5.8189354,4973,1.7864134311676023
human3_lib2.final_cell_0417-2,human3,ductal,3,ductal,18.346006,-0.47904077,4974,0.97550630569458
human3_lib2.final_cell_0418-2,human3,beta,0,beta,-0.78914106,8.383096,4975,1.4663890600204468
human3_lib2.final_cell_0419-2,human3,beta,0,beta,1.3750551,11.634525,4976,0.6402503252029419
human3_lib2.final_cell_0420-2,human3,alpha,1,alpha,8.310075,-7.5113378,4977,0.9010052680969238
human3_lib2.final_cell_0421-2,human3,acinar,2,acinar,17.434074,14.767183,4978,0.848549485206604
human3_lib2.final_cell_0422-2,human3,beta,0,beta,0.96839696,11.81691,4979,0.6875119209289551
human3_lib2.final_cell_0423-2,human3,alpha,1,alpha,8.576824,-7.881614,4980,1.2401214838027954
human3_lib2.final_cell_0424-2,human3,alpha,1,alpha,6.784187,-5.1149178,4981,0.6151650547981262
human3_lib2.final_cell_0425-2,human3,alpha,1,alpha,9.093146,-3.811482,4982,2.1332430839538574
human3_lib2.final_cell_0426-2,human3,acinar,2,acinar,18.070063,13.257967,4983,0.4726989865303039
human3_lib2.final_cell_0427-2,human3,alpha,1,alpha,6.7156024,-6.4416413,4984,0.6453597545623779
human3_lib2.final_cell_0428-2,human3,beta,0,beta,-0.5343032,10.107534,4985,2.071075916290283
human3_lib2.final_cell_0429-2,human3,endothelial,7,endothelial,9.841153,13.258844,4986,2.1319820880889893
human3_lib2.final_cell_0430-2,human3,alpha,1,alpha,8.847279,-6.3482413,4987,0.9055608510971068
human3_lib2.final_cell_0431-2,human3,alpha,1,alpha,9.481596,-7.9568124,4988,0.7636640071868896
human3_lib2.final_cell_0432-2,human3,gamma,6,gamma,-2.5365605,-4.089155,4989,2.2432684898376465
human3_lib2.final_cell_0433-2,human3,alpha,1,alpha,9.469605,-6.264822,4990,1.3895604610443115
human3_lib2.final_cell_0434-2,human3,beta,0,beta,0.39164013,9.58177,4991,1.3489952087402344
human3_lib2.final_cell_0435-2,human3,beta,0,beta,-0.6590338,12.102986,4992,0.5818516612052917
human3_lib2.final_cell_0436-2,human3,ductal,3,ductal,18.188118,-0.04432283,4993,1.07494854927063
human3_lib2.final_cell_0437-2,human3,delta,4,delta,-3.1847923,2.7600899,4994,1.4981608390808103
human3_lib2.final_cell_0438-2,human3,beta,0,beta,0.9524472,12.599618,4995,0.6694042086601257
human3_lib2.final_cell_0439-2,human3,beta,0,beta,0.40047103,9.399891,4996,0.624153733253479
human3_lib2.final_cell_0440-2,human3,alpha,1,alpha,8.82327,-7.0083957,4997,0.8194751143455505
human3_lib2.final_cell_0441-2,human3,activated_stellate,5,activated_stellate,11.144714,5.598292,4998,1.8095991611480715
human3_lib2.final_cell_0442-2,human3,alpha,1,alpha,5.9445057,-4.419651,4999,0.6723425388336182
human3_lib2.final_cell_0443-2,human3,beta,0,beta,-0.15213485,9.150304,5000,0.8606186509132385
human3_lib2.final_cell_0444-2,human3,alpha,1,alpha,7.884117,-7.395925,5001,1.0888859033584597
human3_lib2.final_cell_0445-2,human3,acinar,2,acinar,18.23187,12.382606,5002,0.4278817772865295
human3_lib2.final_cell_0446-2,human3,alpha,1,alpha,6.4584274,-3.7139726,5003,0.8919743299484253
human3_lib2.final_cell_0447-2,human3,alpha,1,alpha,8.536001,-7.2088795,5004,0.7563267946243286
human3_lib2.final_cell_0448-2,human3,alpha,1,alpha,5.931724,-4.1682944,5005,0.9213178157806396
human3_lib2.final_cell_0449-2,human3,alpha,1,alpha,9.111341,-3.7239208,5006,1.0399116277694702
human3_lib2.final_cell_0450-2,human3,beta,0,beta,0.88688815,9.771489,5007,0.9190892577171326
human3_lib2.final_cell_0451-2,human3,alpha,1,alpha,7.8267827,-7.3433776,5008,0.6708201169967651
human3_lib2.final_cell_0452-2,human3,alpha,1,alpha,9.303656,-8.340539,5009,0.6482977271080017
human3_lib2.final_cell_0453-2,human3,acinar,2,acinar,18.13273,12.409205,5010,0.518256425857544
human3_lib2.final_cell_0454-2,human3,beta,0,beta,-0.6409506,8.224121,5011,0.8115934729576111
human3_lib2.final_cell_0455-2,human3,alpha,1,alpha,8.459311,-5.8897324,5012,0.5022135376930237
human3_lib2.final_cell_0456-2,human3,alpha,1,alpha,10.093763,-8.5082445,5013,0.9970616698265076
human3_lib2.final_cell_0457-2,human3,alpha,1,alpha,9.150024,-7.4953732,5014,0.6069284081459045
human3_lib2.final_cell_0458-2,human3,ductal,3,ductal,18.278404,-0.48105046,5015,1.015249252319336
human3_lib2.final_cell_0459-2,human3,ductal,3,ductal,17.417963,1.1221128,5016,3.588205099105835
human3_lib2.final_cell_0460-2,human3,ductal,3,ductal,17.059204,1.3794146,5017,3.588205099105835
human3_lib2.final_cell_0461-2,human3,activated_stellate,5,activated_stellate,12.440762,4.5250745,5018,1.9413121938705444
human3_lib2.final_cell_0462-2,human3,acinar,5,activated_stellate,12.999443,5.1553307,5019,2.460810422897339
human3_lib2.final_cell_0463-2,human3,alpha,1,alpha,8.089116,-7.3427052,5020,0.6057723164558411
human3_lib2.final_cell_0464-2,human3,beta,0,beta,0.98597497,11.863891,5021,0.8132296204566956
human3_lib2.final_cell_0465-2,human3,beta,0,beta,-0.91989833,8.831635,5022,0.984489679336548
human3_lib2.final_cell_0466-2,human3,acinar,2,acinar,15.8303385,16.694975,5023,0.5834934115409851
human3_lib2.final_cell_0467-2,human3,alpha,1,alpha,9.921013,-6.530971,5024,0.6195013523101807
human3_lib2.final_cell_0468-2,human3,alpha,1,alpha,7.761896,-7.522209,5025,0.6293416619300842
human3_lib2.final_cell_0469-2,human3,acinar,2,acinar,16.862953,14.24931,5026,0.7118362188339233
human3_lib2.final_cell_0470-2,human3,alpha,1,alpha,8.253576,-5.3265033,5027,0.7875039577484131
human3_lib2.final_cell_0471-2,human3,alpha,1,alpha,7.176476,-5.2799945,5028,1.3702967166900637
human3_lib2.final_cell_0472-2,human3,acinar,2,acinar,18.383257,13.454832,5029,1.0695770978927612
human3_lib2.final_cell_0473-2,human3,acinar,2,acinar,16.512667,14.97096,5030,0.6559715867042542
human3_lib2.final_cell_0474-2,human3,acinar,2,acinar,17.419424,15.817807,5031,0.4774698615074157
human3_lib2.final_cell_0475-2,human3,delta,4,delta,-3.5112734,2.5925686,5032,1.5121759176254272
human3_lib2.final_cell_0476-2,human3,ductal,3,ductal,18.197704,-0.20257959,5033,1.49212384223938
human3_lib2.final_cell_0477-2,human3,acinar,2,acinar,17.996584,13.774191,5034,0.4675981104373932
human3_lib2.final_cell_0478-2,human3,alpha,1,alpha,8.774414,-6.4273887,5035,0.6799216866493225
human3_lib2.final_cell_0479-2,human3,alpha,6,gamma,-2.9147606,-3.633035,5036,0.854952335357666
human3_lib2.final_cell_0480-2,human3,alpha,1,alpha,7.18351,-6.0769777,5037,0.5995213389396667
human3_lib2.final_cell_0481-2,human3,acinar,2,acinar,17.56444,15.232914,5038,0.4204890727996826
human3_lib2.final_cell_0482-2,human3,alpha,1,alpha,8.94492,-6.8536897,5039,0.6591230630874634
human3_lib2.final_cell_0483-2,human3,alpha,1,alpha,7.957485,-6.6211653,5040,0.6983601450920105
human3_lib2.final_cell_0484-2,human3,alpha,1,alpha,8.918978,-6.7188525,5041,1.0244959592819214
human3_lib2.final_cell_0485-2,human3,alpha,1,alpha,7.4803085,-5.2806635,5042,2.756685256958008
human3_lib2.final_cell_0486-2,human3,acinar,2,acinar,17.868416,15.507265,5043,0.4172456562519073
human3_lib2.final_cell_0487-2,human3,alpha,1,alpha,9.473909,-7.8206453,5044,0.5644500851631165
human3_lib2.final_cell_0488-2,human3,alpha,1,alpha,8.336446,-7.955027,5045,0.6101705431938171
human3_lib2.final_cell_0489-2,human3,alpha,1,alpha,7.915846,-7.053836,5046,0.7255719304084778
human3_lib2.final_cell_0490-2,human3,beta,0,beta,-0.94270486,10.236831,5047,1.0339230298995972
human3_lib2.final_cell_0491-2,human3,acinar,2,acinar,17.633738,13.40554,5048,0.5627558827400208
human3_lib2.final_cell_0492-2,human3,activated_stellate,5,activated_stellate,10.803633,4.825495,5049,1.7990552186965942
human3_lib2.final_cell_0493-2,human3,alpha,1,alpha,8.282511,-6.7573185,5050,0.6093518733978271
human3_lib2.final_cell_0494-2,human3,quiescent_stellate,5,activated_stellate,12.0955305,5.5078983,5051,2.1370766162872314
human3_lib2.final_cell_0495-2,human3,alpha,1,alpha,8.803678,-7.0237236,5052,0.493993878364563
human3_lib2.final_cell_0496-2,human3,alpha,1,alpha,8.121785,-7.809259,5053,0.7011900544166565
human3_lib2.final_cell_0497-2,human3,acinar,2,acinar,15.99704,16.187641,5054,0.5084416270256042
human3_lib2.final_cell_0498-2,human3,alpha,1,alpha,9.008105,-7.228927,5055,0.9755396246910096
human3_lib2.final_cell_0499-2,human3,beta,0,beta,2.0894845,10.961445,5056,0.6375917196273804
human3_lib2.final_cell_0500-2,human3,alpha,1,alpha,7.4814496,-6.4699063,5057,0.9397233128547668
human3_lib2.final_cell_0501-2,human3,alpha,6,gamma,-2.5025516,-4.2672653,5058,1.2299118041992188
human3_lib2.final_cell_0502-2,human3,ductal,3,ductal,18.694796,0.61461073,5059,1.4251317977905271
human3_lib2.final_cell_0503-2,human3,alpha,1,alpha,8.810693,-7.7212777,5060,0.5696156024932861
human3_lib2.final_cell_0504-2,human3,ductal,3,ductal,18.144567,-0.9371464,5061,1.7133158445358276
human3_lib2.final_cell_0505-2,human3,alpha,1,alpha,8.627162,-6.272168,5062,0.544780969619751
human3_lib2.final_cell_0506-2,human3,acinar,2,acinar,17.533731,14.436179,5063,0.519284725189209
human3_lib2.final_cell_0507-2,human3,alpha,1,alpha,7.2558985,-4.9748344,5064,0.8501001596450806
human3_lib2.final_cell_0508-2,human3,beta,0,beta,0.5496138,10.525015,5065,0.6466003060340881
human3_lib2.final_cell_0509-2,human3,alpha,1,alpha,8.98385,-5.816565,5066,1.9277033805847168
human3_lib2.final_cell_0510-2,human3,alpha,1,alpha,9.485773,-7.040226,5067,0.9936625957489014
human3_lib2.final_cell_0511-2,human3,beta,0,beta,1.5078602,11.828883,5068,0.5501188039779663
human3_lib2.final_cell_0512-2,human3,beta,0,beta,1.3967124,10.473886,5069,0.6781629920005798
human3_lib2.final_cell_0513-2,human3,alpha,1,alpha,8.573381,-8.134862,5070,0.8175437450408936
human3_lib2.final_cell_0514-2,human3,alpha,1,alpha,8.281726,-5.8415027,5071,0.6518570184707642
human3_lib2.final_cell_0515-2,human3,alpha,1,alpha,8.480112,-5.081309,5072,1.0963069200515747
human3_lib2.final_cell_0516-2,human3,ductal,3,ductal,18.370213,-0.007547809,5073,1.1212918758392334
human3_lib2.final_cell_0517-2,human3,alpha,1,alpha,9.402071,-5.924972,5074,0.5415962934494019
human3_lib2.final_cell_0518-2,human3,alpha,1,alpha,8.568536,-7.7483625,5075,0.9400933384895324
human3_lib2.final_cell_0519-2,human3,alpha,1,alpha,9.334239,-8.321808,5076,0.8367220759391785
human3_lib2.final_cell_0520-2,human3,alpha,1,alpha,10.024528,-7.431875,5077,0.6526964902877808
human3_lib2.final_cell_0521-2,human3,alpha,1,alpha,6.831273,-6.9534993,5078,2.201972007751465
human3_lib2.final_cell_0522-2,human3,alpha,1,alpha,7.546849,-7.2180114,5079,1.0632991790771484
human3_lib2.final_cell_0523-2,human3,beta,0,beta,1.2113391,10.808226,5080,0.6687607169151306
human3_lib2.final_cell_0524-2,human3,beta,0,beta,0.92346555,10.346823,5081,0.5938123464584351
human3_lib2.final_cell_0525-2,human3,alpha,1,alpha,7.924665,-6.1393933,5082,0.5621668100357056
human3_lib2.final_cell_0526-2,human3,ductal,3,ductal,17.423454,1.4702665,5083,3.1140685081481934
human3_lib2.final_cell_0527-2,human3,ductal,3,ductal,18.13652,0.5908629,5084,0.7821942567825317
human3_lib2.final_cell_0528-2,human3,ductal,3,ductal,18.236826,-0.86576045,5085,1.6611003875732422
human3_lib2.final_cell_0529-2,human3,beta,0,beta,-0.75252163,11.606784,5086,0.9315178990364076
human3_lib2.final_cell_0530-2,human3,endothelial,7,endothelial,12.853095,4.0983424,5087,2.838065385818481
human3_lib2.final_cell_0531-2,human3,alpha,1,alpha,8.180522,-8.268693,5088,0.7628926634788513
human3_lib2.final_cell_0532-2,human3,beta,0,beta,1.626863,12.15051,5089,0.6097632646560669
human3_lib2.final_cell_0533-2,human3,alpha,1,alpha,6.882172,-6.2566676,5090,0.664603590965271
human3_lib2.final_cell_0534-2,human3,beta,0,beta,0.59985775,8.73139,5091,0.6315202116966248
human3_lib2.final_cell_0535-2,human3,alpha,1,alpha,9.242678,-7.1070967,5092,0.7976431846618652
human3_lib2.final_cell_0536-2,human3,alpha,1,alpha,7.6527104,-7.241856,5093,0.8637126088142395
human3_lib2.final_cell_0537-2,human3,alpha,1,alpha,9.344065,-7.509574,5094,0.795235812664032
human3_lib2.final_cell_0538-2,human3,ductal,3,ductal,18.642809,1.5382233,5095,1.378716230392456
human3_lib2.final_cell_0539-2,human3,beta,0,beta,0.58199507,11.370791,5096,1.392351746559143
human3_lib2.final_cell_0540-2,human3,activated_stellate,5,activated_stellate,12.825536,5.4893713,5097,1.8045355081558228
human3_lib2.final_cell_0541-2,human3,alpha,1,alpha,8.696469,-7.829245,5098,0.697810173034668
human3_lib2.final_cell_0542-2,human3,alpha,1,alpha,7.9036717,-7.766884,5099,0.5943984389305115
human3_lib2.final_cell_0543-2,human3,alpha,1,alpha,7.6549253,-7.229866,5100,0.5933029055595398
human3_lib2.final_cell_0544-2,human3,endothelial,7,endothelial,13.021346,3.9468753,5101,2.838065385818481
human3_lib2.final_cell_0545-2,human3,alpha,1,alpha,7.641672,-6.917401,5102,0.7870262265205383
human3_lib2.final_cell_0546-2,human3,beta,0,beta,0.7461257,11.913494,5103,0.6505658626556396
human3_lib2.final_cell_0547-2,human3,acinar,2,acinar,17.610828,13.271257,5104,0.5361883640289307
human3_lib2.final_cell_0548-2,human3,alpha,1,alpha,9.498821,-7.568153,5105,0.8256562948226929
human3_lib2.final_cell_0549-2,human3,ductal,3,ductal,17.497875,3.0109422,5106,1.196568489074707
human3_lib2.final_cell_0550-2,human3,alpha,1,alpha,5.8906546,-4.1316195,5107,1.8953583240509035
human3_lib2.final_cell_0551-2,human3,alpha,1,alpha,8.424747,-7.918928,5108,0.7188966274261475
human3_lib2.final_cell_0552-2,human3,alpha,1,alpha,8.815505,-7.4252977,5109,0.6430686712265015
human3_lib2.final_cell_0553-2,human3,beta,0,beta,1.6686494,10.723247,5110,0.7574403882026672
human3_lib2.final_cell_0554-2,human3,alpha,1,alpha,6.94471,-5.1369433,5111,0.7761959433555603
human3_lib2.final_cell_0555-2,human3,alpha,1,alpha,5.7808266,-4.2009826,5112,1.3901139497756958
human3_lib2.final_cell_0556-2,human3,alpha,1,alpha,5.829705,-4.059433,5113,1.064820647239685
human3_lib2.final_cell_0557-2,human3,alpha,1,alpha,6.403984,-4.6195693,5114,1.154439091682434
human3_lib2.final_cell_0558-2,human3,quiescent_stellate,1,alpha,12.153428,3.9996674,5115,1.5277235507965088
human3_lib2.final_cell_0559-2,human3,alpha,1,alpha,7.998595,-5.340167,5116,0.9979112148284912
human3_lib2.final_cell_0560-2,human3,alpha,1,alpha,6.6494493,-6.893675,5117,2.654865026473999
human3_lib2.final_cell_0561-2,human3,alpha,1,alpha,9.1054125,-3.7324948,5118,1.4853947162628174
human3_lib2.final_cell_0562-2,human3,beta,0,beta,0.7688682,12.792049,5119,0.7807133197784424
human3_lib2.final_cell_0563-2,human3,beta,0,beta,1.2708776,10.159236,5120,0.8021871447563171
human3_lib2.final_cell_0564-2,human3,alpha,1,alpha,10.064037,-7.97505,5121,0.8320130109786987
human3_lib2.final_cell_0565-2,human3,alpha,1,alpha,9.0282755,-7.882301,5122,0.8470473885536194
human3_lib2.final_cell_0566-2,human3,beta,0,beta,1.6606702,9.276819,5123,0.9717442989349364
human3_lib2.final_cell_0567-2,human3,alpha,1,alpha,7.6081133,-7.3374887,5124,0.8269301056861877
human3_lib2.final_cell_0568-2,human3,alpha,1,alpha,7.882375,-7.4259257,5125,0.8709069490432739
human3_lib2.final_cell_0569-2,human3,acinar,2,acinar,17.620577,14.044594,5126,0.4204209744930267
human3_lib2.final_cell_0570-2,human3,ductal,3,ductal,18.792236,-0.13275203,5127,0.8298660516738892
human3_lib2.final_cell_0571-2,human3,alpha,1,alpha,7.89522,-5.697222,5128,0.7574869394302368
human3_lib2.final_cell_0572-2,human3,alpha,1,alpha,8.885903,-5.3367796,5129,0.7417648434638977
human3_lib2.final_cell_0573-2,human3,beta,0,beta,-0.6084699,9.792489,5130,1.1341973543167114
human3_lib2.final_cell_0574-2,human3,beta,0,beta,0.6309435,12.02728,5131,0.5540460348129272
human3_lib2.final_cell_0575-2,human3,alpha,1,alpha,9.024715,-8.204107,5132,1.0795421600341797
human3_lib2.final_cell_0576-2,human3,acinar,2,acinar,18.128826,14.8251,5133,0.4733428359031677
human3_lib2.final_cell_0577-2,human3,alpha,1,alpha,5.4393744,-3.896669,5134,1.8048150539398196
human3_lib2.final_cell_0578-2,human3,alpha,1,alpha,7.8709025,-6.8712993,5135,0.585168719291687
human3_lib2.final_cell_0579-2,human3,alpha,1,alpha,8.87527,-5.8263407,5136,2.6970303058624268
human3_lib2.final_cell_0580-2,human3,macrophage,8,macrophage,13.677455,0.75918806,5137,2.631821632385254
human3_lib2.final_cell_0581-2,human3,beta,0,beta,1.8285449,11.742505,5138,0.7508825063705444
human3_lib2.final_cell_0582-2,human3,beta,0,beta,1.4455594,10.611857,5139,0.6036025285720825
human3_lib2.final_cell_0583-2,human3,alpha,1,alpha,8.859867,-8.305268,5140,0.7156652808189392
human3_lib2.final_cell_0584-2,human3,alpha,1,alpha,9.50107,-6.7780685,5141,0.5206996202468872
human3_lib2.final_cell_0585-2,human3,ductal,3,ductal,18.60705,2.233381,5142,1.3770787715911863
human3_lib2.final_cell_0586-2,human3,acinar,2,acinar,16.759098,15.926673,5143,0.4047982692718506
human3_lib2.final_cell_0587-2,human3,alpha,4,delta,5.2587857,-3.4365346,5144,3.614190101623535
human3_lib2.final_cell_0588-2,human3,alpha,1,alpha,9.155246,-7.741663,5145,0.9654929637908936
human3_lib2.final_cell_0589-2,human3,alpha,1,alpha,6.067272,-4.5682173,5146,2.297447681427002
human3_lib2.final_cell_0590-2,human3,alpha,1,alpha,8.4746065,-6.8787827,5147,0.6999780535697937
human3_lib2.final_cell_0591-2,human3,alpha,6,gamma,12.1584,4.0138454,5148,2.3088057041168213
human3_lib2.final_cell_0592-2,human3,alpha,1,alpha,9.447735,-5.7281055,5149,0.8430805206298828
human3_lib2.final_cell_0593-2,human3,activated_stellate,5,activated_stellate,12.450991,4.516696,5150,2.1743292808532715
human3_lib2.final_cell_0594-2,human3,beta,0,beta,0.76305944,11.748704,5151,0.6023833751678467
human3_lib2.final_cell_0595-2,human3,alpha,1,alpha,9.790241,-7.4410324,5152,0.5755318403244019
human3_lib2.final_cell_0596-2,human3,gamma,6,gamma,-2.3884506,-3.5113797,5153,1.3963791131973269
human3_lib2.final_cell_0597-2,human3,alpha,1,alpha,9.044051,-7.4429407,5154,0.5817204117774963
human3_lib2.final_cell_0598-2,human3,alpha,1,alpha,7.9818068,-7.9011464,5155,0.5672373175621033
human3_lib2.final_cell_0599-2,human3,ductal,3,ductal,18.139904,0.69624466,5156,1.0675342082977295
human3_lib2.final_cell_0600-2,human3,alpha,1,alpha,8.478737,-5.8062944,5157,0.7543101906776428
human3_lib2.final_cell_0601-2,human3,alpha,1,alpha,9.3163595,-5.412598,5158,0.9578769207000732
human3_lib2.final_cell_0602-2,human3,alpha,1,alpha,7.8193817,-7.8682294,5159,0.6195818185806274
human3_lib2.final_cell_0603-2,human3,alpha,1,alpha,7.738705,-6.6964927,5160,0.527510404586792
human3_lib2.final_cell_0604-2,human3,alpha,1,alpha,7.874601,-5.703823,5161,0.918341875076294
human3_lib2.final_cell_0605-2,human3,quiescent_stellate,5,activated_stellate,12.217873,5.582895,5162,1.866726994514465
human3_lib2.final_cell_0606-2,human3,ductal,3,ductal,18.236183,1.3559742,5163,0.9942224621772766
human3_lib2.final_cell_0607-2,human3,ductal,3,ductal,18.762054,-0.2328719,5164,0.8995751738548279
human3_lib2.final_cell_0608-2,human3,acinar,2,acinar,17.567745,12.810977,5165,1.7077723741531372
human3_lib2.final_cell_0609-2,human3,delta,4,delta,-3.847887,2.1449766,5166,1.2135406732559204
human3_lib2.final_cell_0610-2,human3,alpha,1,alpha,8.872423,-7.6022267,5167,0.7387852668762207
human3_lib2.final_cell_0611-2,human3,ductal,3,ductal,18.316545,1.5377411,5168,2.229776382446289
human3_lib2.final_cell_0612-2,human3,alpha,1,alpha,7.9073153,-7.075886,5169,0.5608388185501099
human3_lib2.final_cell_0613-2,human3,alpha,1,alpha,8.157833,-5.3984723,5170,0.6376134753227234
human3_lib2.final_cell_0614-2,human3,acinar,2,acinar,17.775814,14.00926,5171,0.449617326259613
human3_lib2.final_cell_0615-2,human3,delta,4,delta,-2.9628117,2.7497752,5172,1.198664307594299
human3_lib2.final_cell_0616-2,human3,acinar,2,acinar,18.529362,13.083206,5173,0.6127320528030396
human3_lib2.final_cell_0617-2,human3,alpha,1,alpha,7.904588,-8.040827,5174,0.746075451374054
human3_lib2.final_cell_0618-2,human3,alpha,1,alpha,7.9695687,-5.1904974,5175,0.6454071998596191
human3_lib2.final_cell_0619-2,human3,alpha,1,alpha,8.721445,-7.059691,5176,0.7074023485183716
human3_lib2.final_cell_0620-2,human3,acinar,2,acinar,17.54732,12.581038,5177,1.4555221796035769
human3_lib2.final_cell_0621-2,human3,activated_stellate,5,activated_stellate,10.84109,4.8653874,5178,2.4939630031585693
human3_lib2.final_cell_0622-2,human3,beta,0,beta,0.055302314,10.301356,5179,1.51822829246521
human3_lib2.final_cell_0623-2,human3,acinar,2,acinar,17.430273,15.628106,5180,0.4125407636165619
human3_lib2.final_cell_0624-2,human3,beta,4,delta,-1.8965341,4.4861417,5181,1.791391134262085
human3_lib2.final_cell_0625-2,human3,alpha,1,alpha,7.436857,-5.942276,5182,0.7251077890396118
human3_lib2.final_cell_0626-2,human3,acinar,2,acinar,18.157019,15.219708,5183,0.565775990486145
human3_lib2.final_cell_0627-2,human3,beta,0,beta,1.3024074,11.169689,5184,0.6202850341796875
human3_lib2.final_cell_0628-2,human3,alpha,1,alpha,9.208739,-7.709146,5185,0.5370780825614929
human3_lib2.final_cell_0629-2,human3,alpha,1,alpha,8.933661,-7.906324,5186,1.270832657814026
human3_lib2.final_cell_0630-2,human3,ductal,3,ductal,18.072956,0.3113588,5187,1.311557412147522
human3_lib2.final_cell_0631-2,human3,alpha,8,macrophage,5.2483573,-3.4211633,5188,3.30405855178833
human3_lib2.final_cell_0632-2,human3,ductal,3,ductal,18.820835,1.9773519,5189,1.1182163953781128
human3_lib2.final_cell_0633-2,human3,alpha,1,alpha,9.741783,-7.097615,5190,1.060111403465271
human3_lib2.final_cell_0634-2,human3,alpha,1,alpha,8.752103,-6.710343,5191,0.6708589196205139
human3_lib2.final_cell_0635-2,human3,alpha,1,alpha,8.903396,-7.2084165,5192,0.6141738295555115
human3_lib2.final_cell_0636-2,human3,acinar,2,acinar,18.098574,12.20584,5193,0.7587690949440002
human3_lib2.final_cell_0637-2,human3,ductal,3,ductal,18.607529,2.064372,5194,1.6349706649780271
human3_lib2.final_cell_0638-2,human3,acinar,2,acinar,18.461926,13.278569,5195,0.4110361337661743
human3_lib2.final_cell_0639-2,human3,alpha,1,alpha,9.3694105,-7.336781,5196,0.4804287552833557
human3_lib2.final_cell_0640-2,human3,delta,4,delta,-2.689583,2.9320328,5197,1.4136511087417605
human3_lib2.final_cell_0641-2,human3,alpha,1,alpha,8.600202,-6.1724095,5198,0.6610403060913086
human3_lib2.final_cell_0642-2,human3,alpha,2,acinar,17.927006,11.869344,5199,0.7023507356643677
human3_lib2.final_cell_0643-2,human3,acinar,2,acinar,17.699312,12.709495,5200,0.8854846954345703
human3_lib2.final_cell_0644-2,human3,beta,0,beta,0.71721995,10.755065,5201,0.5824131965637207
human3_lib2.final_cell_0645-2,human3,alpha,1,alpha,8.974316,-6.5871596,5202,0.7459820508956909
human3_lib2.final_cell_0646-2,human3,acinar,2,acinar,17.96537,12.124472,5203,1.3000134229660034
human3_lib2.final_cell_0647-2,human3,endothelial,7,endothelial,9.8442545,11.159514,5204,2.2393429279327397
human3_lib2.final_cell_0648-2,human3,beta,2,acinar,17.734682,11.345049,5205,1.305254340171814
human3_lib2.final_cell_0649-2,human3,alpha,1,alpha,6.923469,-4.854991,5206,1.1737496852874756
human3_lib2.final_cell_0650-2,human3,activated_stellate,5,activated_stellate,10.831383,5.201415,5207,2.251860857009888
human3_lib2.final_cell_0651-2,human3,activated_stellate,5,activated_stellate,12.130588,5.9769454,5208,2.0165836811065674
human3_lib2.final_cell_0652-2,human3,acinar,2,acinar,18.488255,13.895206,5209,0.6301281452178955
human3_lib2.final_cell_0653-2,human3,alpha,1,alpha,8.069153,-5.2220235,5210,0.5090696215629578
human3_lib2.final_cell_0654-2,human3,alpha,1,alpha,7.145601,-5.0787435,5211,0.9043673872947692
human3_lib2.final_cell_0655-2,human3,alpha,1,alpha,9.081508,-5.891607,5212,0.8394086956977844
human3_lib2.final_cell_0656-2,human3,alpha,1,alpha,6.74746,-4.6776085,5213,1.2813942432403564
human3_lib2.final_cell_0657-2,human3,ductal,3,ductal,18.813158,-0.43176743,5214,0.8416734933853149
human3_lib2.final_cell_0658-2,human3,alpha,1,alpha,9.106181,-6.3126593,5215,0.7228496074676514
human3_lib2.final_cell_0659-2,human3,endothelial,7,endothelial,9.568061,13.166473,5216,1.9845000505447388
human3_lib2.final_cell_0660-2,human3,activated_stellate,5,activated_stellate,12.140781,6.104368,5217,1.7664960622787476
human3_lib2.final_cell_0661-2,human3,alpha,1,alpha,7.991216,-6.2550526,5218,0.7288942337036133
human3_lib2.final_cell_0662-2,human3,alpha,1,alpha,8.469002,-5.5245123,5219,0.9456725120544434
human3_lib2.final_cell_0663-2,human3,beta,0,beta,2.0074933,10.120207,5220,0.581255316734314
human3_lib2.final_cell_0664-2,human3,alpha,1,alpha,8.86176,-7.79219,5221,0.714775562286377
human3_lib2.final_cell_0665-2,human3,beta,2,acinar,17.722023,11.358102,5222,1.355075716972351
human3_lib2.final_cell_0666-2,human3,alpha,1,alpha,9.145631,-6.641577,5223,1.2380070686340332
human3_lib2.final_cell_0667-2,human3,beta,0,beta,1.649022,11.160119,5224,0.778118371963501
human3_lib2.final_cell_0668-2,human3,quiescent_stellate,5,activated_stellate,12.666728,4.771063,5225,2.006889820098877
human3_lib2.final_cell_0669-2,human3,alpha,1,alpha,7.8706923,-6.682831,5226,0.7180483937263489
human3_lib2.final_cell_0670-2,human3,ductal,3,ductal,18.909012,0.055916402,5227,1.925702214241028
human3_lib2.final_cell_0671-2,human3,acinar,2,acinar,17.386715,13.587585,5228,0.5872719287872314
human3_lib2.final_cell_0672-2,human3,beta,0,beta,-0.9894645,10.689104,5229,0.765792727470398
human3_lib2.final_cell_0673-2,human3,mast,8,macrophage,15.605775,1.3595293,5230,4.083248138427734
human3_lib2.final_cell_0674-2,human3,acinar,2,acinar,18.026001,12.456393,5231,0.5163864493370056
human3_lib2.final_cell_0675-2,human3,acinar,2,acinar,18.240578,12.340253,5232,0.6920519471168518
human3_lib2.final_cell_0676-2,human3,beta,0,beta,-0.8351426,9.720757,5233,0.9699686765670776
human3_lib2.final_cell_0677-2,human3,beta,0,beta,0.35609287,12.775858,5234,0.5228710770606995
human3_lib2.final_cell_0678-2,human3,beta,0,beta,0.4987659,12.882343,5235,0.5659223794937134
human3_lib2.final_cell_0679-2,human3,alpha,6,gamma,5.4185424,-3.8870955,5236,1.7232869863510132
human3_lib2.final_cell_0680-2,human3,alpha,1,alpha,8.356645,-4.9745393,5237,0.906115710735321
human3_lib2.final_cell_0681-2,human3,activated_stellate,5,activated_stellate,10.943581,4.9622254,5238,1.8474057912826536
human3_lib2.final_cell_0682-2,human3,alpha,1,alpha,7.156737,-4.928586,5239,1.5081740617752075
human3_lib2.final_cell_0683-2,human3,alpha,1,alpha,8.742321,-5.0582833,5240,1.5464155673980713
human3_lib2.final_cell_0684-2,human3,acinar,2,acinar,17.203487,14.0344305,5241,0.5509061217308044
human3_lib2.final_cell_0685-2,human3,acinar,2,acinar,18.053675,12.398206,5242,1.5441805124282837
human3_lib2.final_cell_0686-2,human3,ductal,3,ductal,17.482742,0.8329042,5243,3.4822375774383545
human3_lib2.final_cell_0687-2,human3,beta,0,beta,1.9068812,10.3143,5244,0.5789586901664734
human3_lib2.final_cell_0688-2,human3,alpha,1,alpha,8.168692,-7.187366,5245,0.6765223145484924
human3_lib2.final_cell_0689-2,human3,acinar,2,acinar,18.13764,12.223645,5246,0.8167974948883057
human3_lib2.final_cell_0690-2,human3,ductal,3,ductal,17.573664,1.1087991,5247,3.1398487091064453
human3_lib2.final_cell_0691-2,human3,beta,0,beta,0.59277743,8.108837,5248,1.396152377128601
human3_lib2.final_cell_0692-2,human3,alpha,1,alpha,8.764726,-8.706746,5249,0.746337890625
human3_lib2.final_cell_0693-2,human3,ductal,3,ductal,18.26513,0.47738218,5250,1.1282804012298584
human3_lib2.final_cell_0694-2,human3,alpha,1,alpha,7.3018417,-5.4168077,5251,0.9831616282463074
human3_lib2.final_cell_0695-2,human3,ductal,3,ductal,18.168308,0.85538274,5252,1.0800853967666626
human3_lib2.final_cell_0696-2,human3,alpha,1,alpha,8.845818,-5.4311867,5253,0.7018714547157288
human3_lib2.final_cell_0697-2,human3,activated_stellate,5,activated_stellate,11.065723,5.1054435,5254,1.9534627199172971
human3_lib2.final_cell_0698-2,human3,ductal,3,ductal,18.754498,0.68594193,5255,1.2768080234527588
human3_lib2.final_cell_0699-2,human3,beta,0,beta,1.1039848,9.532905,5256,0.8650268912315369
human3_lib2.final_cell_0700-2,human3,alpha,1,alpha,6.421449,-3.9658494,5257,1.4877620935440063
human3_lib2.final_cell_0701-2,human3,quiescent_stellate,5,activated_stellate,11.23586,4.392323,5258,1.3864967823028564
human3_lib2.final_cell_0702-2,human3,delta,2,acinar,18.083824,12.810477,5259,1.6775404214859009
human3_lib2.final_cell_0703-2,human3,beta,4,delta,-2.7277372,2.8931172,5260,2.353405475616455
human3_lib2.final_cell_0704-2,human3,alpha,1,alpha,7.5899334,-4.9057355,5261,0.7821942567825317
human3_lib2.final_cell_0705-2,human3,ductal,3,ductal,18.314974,-0.21902782,5262,1.2467719316482544
human3_lib2.final_cell_0706-2,human3,alpha,1,alpha,8.414016,-5.1256657,5263,0.7574340105056763
human3_lib2.final_cell_0707-2,human3,alpha,1,alpha,5.945263,-4.479733,5264,0.905879020690918
human3_lib2.final_cell_0708-2,human3,beta,0,beta,1.0651977,10.054031,5265,0.5777726173400879
human3_lib2.final_cell_0709-2,human3,alpha,1,alpha,8.301734,-7.8826756,5266,0.8010081648826599
human3_lib2.final_cell_0710-2,human3,acinar,2,acinar,17.374018,13.989657,5267,0.6811604499816895
human3_lib2.final_cell_0711-2,human3,alpha,1,alpha,7.614901,-5.650477,5268,0.8336068391799927
human3_lib2.final_cell_0712-2,human3,quiescent_stellate,5,activated_stellate,11.628967,4.945933,5269,1.4969348907470703
human3_lib2.final_cell_0713-2,human3,ductal,3,ductal,18.959211,0.5214333,5270,1.0792990922927856
human3_lib2.final_cell_0714-2,human3,alpha,1,alpha,8.329865,-5.782373,5271,0.778581976890564
human3_lib2.final_cell_0715-2,human3,ductal,3,ductal,18.997826,2.0171306,5272,1.053299903869629
human3_lib2.final_cell_0716-2,human3,activated_stellate,5,activated_stellate,12.32783,4.587452,5273,2.1197330951690674
human3_lib2.final_cell_0717-2,human3,alpha,1,alpha,8.436343,-8.101758,5274,0.52350914478302
human3_lib2.final_cell_0718-2,human3,beta,0,beta,1.9473122,10.133997,5275,0.8420900106430054
human3_lib2.final_cell_0719-2,human3,alpha,1,alpha,9.169285,-8.89596,5276,0.7212080955505371
human3_lib2.final_cell_0720-2,human3,acinar,2,acinar,17.517756,14.373084,5277,0.3933809995651245
human3_lib2.final_cell_0721-2,human3,acinar,2,acinar,17.288443,16.100271,5278,0.5457218289375305
human3_lib2.final_cell_0722-2,human3,alpha,1,alpha,9.1021805,-6.027529,5279,1.0208284854888916
human3_lib2.final_cell_0723-2,human3,alpha,1,alpha,8.483632,-6.304182,5280,0.5706833004951477
human3_lib2.final_cell_0724-2,human3,alpha,6,gamma,5.3528585,-3.5994816,5281,2.37516450881958
human3_lib2.final_cell_0725-2,human3,ductal,3,ductal,18.127329,0.90765727,5282,0.7877414226531982
human3_lib2.final_cell_0726-2,human3,beta,0,beta,-0.43967503,9.039363,5283,0.9496895670890808
human3_lib2.final_cell_0727-2,human3,alpha,1,alpha,9.645502,-8.614489,5284,0.8059751391410828
human3_lib2.final_cell_0728-2,human3,acinar,2,acinar,16.639019,15.551707,5285,0.5633517503738403
human3_lib2.final_cell_0729-2,human3,activated_stellate,5,activated_stellate,12.3440275,4.566315,5286,1.5611647367477417
human3_lib2.final_cell_0730-2,human3,alpha,1,alpha,7.6010904,-6.9378724,5287,0.6481420993804932
human3_lib2.final_cell_0731-2,human3,beta,0,beta,0.33155307,11.715504,5288,0.6099898219108582
human3_lib2.final_cell_0732-2,human3,alpha,1,alpha,7.9388175,-5.6298013,5289,0.8857167363166809
human3_lib2.final_cell_0733-2,human3,beta,0,beta,1.6131954,11.360004,5290,0.5883321166038513
human3_lib2.final_cell_0734-2,human3,beta,0,beta,0.49761072,8.7827425,5291,0.8148623108863831
human3_lib2.final_cell_0735-2,human3,beta,0,beta,-0.992744,9.541249,5292,1.1601552963256836
human3_lib2.final_cell_0736-2,human3,alpha,1,alpha,8.71119,-6.2950144,5293,0.5417752265930176
human3_lib2.final_cell_0737-2,human3,macrophage,8,macrophage,13.849402,0.85497,5294,3.623354196548462
human3_lib2.final_cell_0738-2,human3,ductal,3,ductal,18.737875,-0.32771122,5295,2.0590415000915527
human3_lib2.final_cell_0739-2,human3,alpha,1,alpha,9.093002,-6.8161383,5296,0.8780938386917114
human3_lib2.final_cell_0740-2,human3,beta,0,beta,-1.2588849,10.216037,5297,0.970520555973053
human3_lib2.final_cell_0741-2,human3,alpha,1,alpha,7.6991105,-7.128348,5298,1.0995211601257324
human3_lib2.final_cell_0742-2,human3,beta,0,beta,-1.1132941,10.763577,5299,0.9266313910484314
human3_lib2.final_cell_0743-2,human3,ductal,3,ductal,18.330246,0.58373654,5300,1.115402102470398
human3_lib2.final_cell_0744-2,human3,alpha,1,alpha,6.909857,-5.230108,5301,1.9761052131652832
human3_lib2.final_cell_0745-2,human3,alpha,1,alpha,9.31153,-8.474337,5302,0.5709823369979858
human3_lib2.final_cell_0746-2,human3,alpha,1,alpha,7.741766,-4.68197,5303,1.5425087213516235
human3_lib2.final_cell_0747-2,human3,alpha,1,alpha,6.939906,-6.302194,5304,1.0951581001281738
human3_lib2.final_cell_0748-2,human3,alpha,1,alpha,8.288173,-6.8200607,5305,1.0573712587356567
human3_lib2.final_cell_0749-2,human3,beta,0,beta,0.15823501,12.920849,5306,0.765226423740387
human3_lib2.final_cell_0750-2,human3,alpha,1,alpha,9.485446,-6.829673,5307,0.6759442687034607
human3_lib2.final_cell_0751-2,human3,beta,0,beta,1.0575964,10.620487,5308,0.7690628170967102
human3_lib2.final_cell_0752-2,human3,ductal,3,ductal,18.949387,1.2911143,5309,1.0246368646621704
human3_lib2.final_cell_0753-2,human3,ductal,3,ductal,17.662802,1.6540496,5310,1.0710846185684204
human3_lib2.final_cell_0754-2,human3,ductal,3,ductal,18.973656,1.711868,5311,1.1103124618530271
human3_lib2.final_cell_0755-2,human3,alpha,1,alpha,9.514641,-5.725294,5312,0.6182446479797363
human3_lib2.final_cell_0756-2,human3,ductal,3,ductal,17.296679,1.4197935,5313,3.588205099105835
human3_lib2.final_cell_0757-2,human3,activated_stellate,5,activated_stellate,12.561271,5.7627125,5314,2.0273923873901367
human3_lib2.final_cell_0758-2,human3,alpha,1,alpha,5.7124166,-4.2400413,5315,1.9213316440582275
human3_lib2.final_cell_0759-2,human3,beta,0,beta,0.8112515,9.008023,5316,0.875245988368988
human3_lib2.final_cell_0760-2,human3,activated_stellate,5,activated_stellate,12.806576,5.6016536,5317,2.465564012527466
human3_lib2.final_cell_0761-2,human3,alpha,1,alpha,7.58284,-6.5336466,5318,0.9258124828338624
human3_lib2.final_cell_0762-2,human3,acinar,2,acinar,18.090399,13.846192,5319,0.9118608832359314
human3_lib2.final_cell_0763-2,human3,acinar,2,acinar,17.75839,12.678936,5320,0.4904052913188934
human3_lib2.final_cell_0764-2,human3,alpha,1,alpha,7.3819513,-7.0975456,5321,1.0044407844543457
human3_lib2.final_cell_0765-2,human3,delta,4,delta,-3.696458,2.9553962,5322,0.9303383231163024
human3_lib2.final_cell_0766-2,human3,endothelial,7,endothelial,9.586286,11.794196,5323,2.5686583518981934
human3_lib2.final_cell_0767-2,human3,quiescent_stellate,5,activated_stellate,11.489883,4.2454276,5324,1.7418817281723022
human3_lib2.final_cell_0768-2,human3,beta,0,beta,-0.35689747,10.890151,5325,0.6399970054626465
human3_lib2.final_cell_0769-2,human3,beta,0,beta,0.39760602,11.067822,5326,0.9279146194458008
human3_lib2.final_cell_0770-2,human3,alpha,1,alpha,9.624293,-6.816304,5327,0.8943515419960022
human3_lib2.final_cell_0771-2,human3,activated_stellate,5,activated_stellate,12.182715,4.0790305,5328,2.4939630031585693
human3_lib2.final_cell_0772-2,human3,alpha,1,alpha,8.387119,-5.7719297,5329,0.8176610469818115
human3_lib2.final_cell_0773-2,human3,beta,0,beta,0.5216449,10.299877,5330,1.0292656421661377
human3_lib2.final_cell_0774-2,human3,acinar,2,acinar,17.511581,13.869264,5331,0.4946194291114807
human3_lib2.final_cell_0775-2,human3,alpha,6,gamma,-1.7158213,-2.9274392,5332,2.4481043815612797
human3_lib2.final_cell_0776-2,human3,delta,4,delta,-1.692394,5.575448,5333,1.4396569728851318
human3_lib2.final_cell_0777-2,human3,acinar,2,acinar,17.086617,14.58991,5334,0.6863192915916443
human3_lib2.final_cell_0778-2,human3,quiescent_stellate,5,activated_stellate,12.746197,5.443061,5335,2.025455474853516
human3_lib2.final_cell_0779-2,human3,beta,0,beta,-0.4331527,10.096026,5336,0.7282800674438477
human3_lib2.final_cell_0780-2,human3,alpha,1,alpha,7.7245717,-5.954845,5337,0.581866979598999
human3_lib2.final_cell_0781-2,human3,alpha,1,alpha,8.05,-5.6162915,5338,0.9110681414604188
human3_lib2.final_cell_0782-2,human3,ductal,3,ductal,18.030502,2.3069508,5339,1.5128618478775024
human3_lib2.final_cell_0783-2,human3,alpha,1,alpha,9.882087,-7.3142643,5340,0.8105015158653259
human3_lib2.final_cell_0784-2,human3,alpha,1,alpha,7.7121973,-5.327705,5341,0.6444063186645508
human3_lib2.final_cell_0785-2,human3,alpha,1,alpha,7.6771526,-5.0883317,5342,0.733454704284668
human3_lib2.final_cell_0786-2,human3,alpha,1,alpha,9.128469,-6.8803825,5343,0.6866027116775513
human3_lib2.final_cell_0787-2,human3,alpha,1,alpha,7.0386276,-4.1906085,5344,1.3342019319534302
human3_lib2.final_cell_0788-2,human3,gamma,6,gamma,-1.9089288,-3.1858363,5345,1.914684772491455
human3_lib2.final_cell_0789-2,human3,alpha,1,alpha,5.888385,-4.4260073,5346,2.141776323318481
human3_lib2.final_cell_0790-2,human3,beta,0,beta,-1.0127511,11.342524,5347,0.6294700503349304
human3_lib2.final_cell_0791-2,human3,beta,2,acinar,17.739594,11.347126,5348,1.9206063747406008
human3_lib2.final_cell_0792-2,human3,delta,4,delta,-3.4920506,2.7277648,5349,1.3287506103515625
human3_lib2.final_cell_0793-2,human3,alpha,1,alpha,8.8735895,-8.079916,5350,0.5267916321754456
human3_lib2.final_cell_0794-2,human3,activated_stellate,5,activated_stellate,12.627396,4.6724353,5351,2.302731990814209
human3_lib2.final_cell_0795-2,human3,alpha,1,alpha,6.070356,-4.0369406,5352,1.3521896600723269
human3_lib2.final_cell_0796-2,human3,quiescent_stellate,5,activated_stellate,11.643473,4.152362,5353,1.4632947444915771
human3_lib2.final_cell_0797-2,human3,beta,0,beta,1.7219774,9.68243,5354,0.5609853863716125
human3_lib2.final_cell_0798-2,human3,mast,8,macrophage,15.576296,1.2167703,5355,4.373487949371338
human3_lib2.final_cell_0799-2,human3,alpha,1,alpha,8.845585,-5.2940083,5356,0.7890534400939941
human3_lib2.final_cell_0800-2,human3,acinar,2,acinar,18.324507,12.557194,5357,0.3945543766021728
human3_lib2.final_cell_0801-2,human3,alpha,1,alpha,8.228913,-8.104603,5358,0.6300802230834961
human3_lib2.final_cell_0802-2,human3,alpha,1,alpha,6.6940393,-4.6075263,5359,1.7483850717544556
human3_lib2.final_cell_0803-2,human3,endothelial,7,endothelial,9.829341,11.186425,5360,2.1847362518310547
human3_lib2.final_cell_0804-2,human3,beta,0,beta,0.7740066,11.75101,5361,0.9163344502449036
human3_lib2.final_cell_0805-2,human3,macrophage,8,macrophage,-11.043384,6.3694186,5362,3.623354196548462
human3_lib2.final_cell_0806-2,human3,ductal,3,ductal,18.15719,1.7469931,5363,2.08980655670166
human3_lib2.final_cell_0807-2,human3,beta,0,beta,1.6045607,10.801806,5364,0.6017106771469116
human3_lib2.final_cell_0808-2,human3,beta,0,beta,0.40432507,9.270139,5365,0.7208429574966431
human3_lib2.final_cell_0809-2,human3,beta,0,beta,1.2613951,8.866755,5366,0.7555475234985352
human3_lib2.final_cell_0810-2,human3,alpha,1,alpha,8.03362,-5.288689,5367,0.7507851123809814
human3_lib2.final_cell_0811-2,human3,beta,0,beta,1.4492424,8.978988,5368,0.6248829960823059
human3_lib2.final_cell_0812-2,human3,alpha,1,alpha,8.555754,-6.4493456,5369,1.2518686056137085
human3_lib2.final_cell_0813-2,human3,mast,8,macrophage,15.587857,1.2199025,5370,3.5000431537628174
human3_lib2.final_cell_0814-2,human3,alpha,1,alpha,6.4438457,-3.5633261,5371,1.2688050270080566
human3_lib2.final_cell_0815-2,human3,alpha,6,gamma,6.0319247,-3.91547,5372,1.3056640625
human3_lib2.final_cell_0816-2,human3,beta,0,beta,-0.17854181,8.13378,5373,1.9217050075531008
human3_lib2.final_cell_0817-2,human3,endothelial,7,endothelial,9.926606,11.090998,5374,2.2562196254730225
human3_lib2.final_cell_0818-2,human3,acinar,2,acinar,17.337965,13.317919,5375,0.6135708093643188
human3_lib2.final_cell_0819-2,human3,endothelial,7,endothelial,9.472999,12.526285,5376,1.8864096403121948
human3_lib2.final_cell_0820-2,human3,beta,0,beta,1.9536644,10.782248,5377,0.9771759510040284
human3_lib2.final_cell_0821-2,human3,beta,0,beta,1.1579648,11.856797,5378,0.7605159282684326
human3_lib2.final_cell_0822-2,human3,alpha,1,alpha,8.413899,-7.1601143,5379,0.7415847778320312
human3_lib2.final_cell_0823-2,human3,quiescent_stellate,5,activated_stellate,11.368123,4.2763247,5380,1.8878436088562007
human3_lib2.final_cell_0824-2,human3,ductal,3,ductal,19.063253,1.3912814,5381,1.3664655685424805
human3_lib2.final_cell_0825-2,human3,ductal,3,ductal,18.267633,2.3962426,5382,1.1192632913589478
human3_lib2.final_cell_0826-2,human3,beta,4,delta,-3.072458,3.5132442,5383,2.359344959259033
human3_lib2.final_cell_0827-2,human3,beta,0,beta,-0.06769803,10.756127,5384,0.9976464509963988
human3_lib2.final_cell_0828-2,human3,alpha,1,alpha,7.767656,-5.4713492,5385,1.0375888347625732
human3_lib2.final_cell_0829-2,human3,beta,0,beta,1.3228668,9.736504,5386,0.6542502045631409
human3_lib2.final_cell_0830-2,human3,beta,0,beta,0.80785656,10.901664,5387,0.9139459133148192
human3_lib2.final_cell_0831-2,human3,beta,0,beta,0.49445254,9.372927,5388,0.7488823533058167
human3_lib2.final_cell_0832-2,human3,quiescent_stellate,5,activated_stellate,11.628124,4.746929,5389,1.3170487880706787
human3_lib2.final_cell_0833-2,human3,quiescent_stellate,5,activated_stellate,12.574116,4.363085,5390,1.5966768264770508
human3_lib2.final_cell_0834-2,human3,beta,0,beta,0.87663853,10.769151,5391,0.7380380034446716
human3_lib2.final_cell_0835-2,human3,alpha,1,alpha,8.249811,-5.2859726,5392,1.3400884866714478
human3_lib2.final_cell_0836-2,human3,delta,4,delta,-2.005985,4.490194,5393,2.337607860565185
human3_lib2.final_cell_0837-2,human3,alpha,1,alpha,8.753523,-6.283838,5394,0.8503293395042419
human3_lib2.final_cell_0838-2,human3,ductal,3,ductal,18.76769,1.8415438,5395,1.4787776470184326
human3_lib2.final_cell_0839-2,human3,acinar,2,acinar,17.529934,12.592209,5396,1.131037712097168
human3_lib2.final_cell_0840-2,human3,alpha,1,alpha,9.3152685,-5.877255,5397,0.5662104487419128
human3_lib2.final_cell_0841-2,human3,alpha,1,alpha,8.756595,-6.0285993,5398,1.063471794128418
human3_lib2.final_cell_0842-2,human3,alpha,6,gamma,-1.7066537,-2.967297,5399,1.4334747791290283
human3_lib2.final_cell_0843-2,human3,quiescent_stellate,5,activated_stellate,11.130705,5.125649,5400,1.5167187452316284
human3_lib2.final_cell_0844-2,human3,alpha,1,alpha,7.492665,-5.1149087,5401,0.704515278339386
human3_lib2.final_cell_0845-2,human3,beta,0,beta,1.3981646,9.070695,5402,0.8840118646621704
human3_lib2.final_cell_0846-2,human3,endothelial,7,endothelial,9.865435,11.15758,5403,2.298197031021118
human3_lib2.final_cell_0847-2,human3,activated_stellate,5,activated_stellate,11.321204,5.547279,5404,1.7373391389846802
human3_lib2.final_cell_0848-2,human3,alpha,1,alpha,6.454503,-5.2766447,5405,1.4672163724899292
human3_lib2.final_cell_0849-2,human3,alpha,1,alpha,7.2144094,-4.283357,5406,1.4211571216583252
human3_lib2.final_cell_0850-2,human3,beta,0,beta,1.8995078,10.212679,5407,0.6087211966514587
human3_lib2.final_cell_0851-2,human3,alpha,1,alpha,8.096191,-6.4132285,5408,0.9262760281562804
human3_lib2.final_cell_0852-2,human3,beta,0,beta,-0.19642474,9.010358,5409,1.6731371879577637
human3_lib2.final_cell_0853-2,human3,beta,0,beta,1.5120918,9.467741,5410,0.811273992061615
human3_lib2.final_cell_0854-2,human3,alpha,1,alpha,6.014856,-4.037257,5411,1.2345997095108032
human3_lib2.final_cell_0855-2,human3,ductal,3,ductal,18.244156,2.2630851,5412,0.906204640865326
human3_lib2.final_cell_0856-2,human3,endothelial,7,endothelial,9.946781,13.075265,5413,2.5193450450897217
human3_lib2.final_cell_0857-2,human3,endothelial,7,endothelial,9.51466,11.506104,5414,2.176431894302368
human3_lib2.final_cell_0858-2,human3,endothelial,7,endothelial,9.863419,11.152069,5415,2.7522099018096924
human3_lib2.final_cell_0859-2,human3,beta,0,beta,0.8813135,10.890182,5416,0.8770012855529785
human3_lib2.final_cell_0860-2,human3,beta,0,beta,1.1559851,9.342546,5417,0.6778527498245239
human3_lib2.final_cell_0861-2,human3,quiescent_stellate,5,activated_stellate,12.573983,4.443909,5418,2.4939630031585693
human3_lib2.final_cell_0862-2,human3,beta,0,beta,2.062057,11.198001,5419,0.651989221572876
human3_lib2.final_cell_0863-2,human3,beta,0,beta,-0.071789265,8.306976,5420,1.2626137733459473
human3_lib2.final_cell_0864-2,human3,beta,0,beta,2.055642,10.192463,5421,1.340954303741455
human3_lib2.final_cell_0865-2,human3,beta,0,beta,0.740725,8.771975,5422,0.7488515377044678
human3_lib2.final_cell_0866-2,human3,ductal,3,ductal,17.726318,2.9018896,5423,1.7934136390686035
human3_lib2.final_cell_0867-2,human3,beta,0,beta,1.5186183,9.567315,5424,0.847334623336792
human3_lib2.final_cell_0868-2,human3,ductal,3,ductal,19.16798,0.13016829,5425,1.186073899269104
human3_lib2.final_cell_0869-2,human3,endothelial,7,endothelial,9.742723,11.275141,5426,2.770393133163452
human3_lib2.final_cell_0870-2,human3,endothelial,7,endothelial,9.711822,11.309204,5427,2.838065385818481
human3_lib2.final_cell_0871-2,human3,alpha,1,alpha,6.8034043,-4.196646,5428,1.1211276054382324
human3_lib2.final_cell_0872-2,human3,beta,0,beta,0.3365696,8.262589,5429,1.435347080230713
human3_lib2.final_cell_0873-2,human3,activated_stellate,5,activated_stellate,10.813532,4.92687,5430,2.3871448040008545
human3_lib2.final_cell_0874-2,human3,beta,0,beta,-0.5291596,9.098791,5431,1.014683961868286
human3_lib2.final_cell_0875-2,human3,alpha,1,alpha,6.318127,-3.996783,5432,1.484100580215454
human3_lib3.final_cell_0001-2,human3,acinar,2,acinar,16.680752,15.863686,5433,0.5449625253677368
human3_lib3.final_cell_0002-2,human3,acinar,2,acinar,15.946348,16.30699,5434,0.477468729019165
human3_lib3.final_cell_0003-2,human3,acinar,2,acinar,18.27719,13.092267,5435,0.4565881788730621
human3_lib3.final_cell_0004-2,human3,acinar,2,acinar,17.309658,15.843725,5436,0.3845422863960266
human3_lib3.final_cell_0005-2,human3,acinar,2,acinar,15.940825,16.41773,5437,0.6660529971122742
human3_lib3.final_cell_0006-2,human3,acinar,2,acinar,17.848152,15.539569,5438,0.3845422863960266
human3_lib3.final_cell_0007-2,human3,acinar,2,acinar,15.891967,16.648489,5439,0.4259411990642547
human3_lib3.final_cell_0008-2,human3,acinar,2,acinar,17.763447,14.490657,5440,0.5164969563484192
human3_lib3.final_cell_0009-2,human3,acinar,2,acinar,16.884111,15.404124,5441,0.5678170919418335
human3_lib3.final_cell_0010-2,human3,acinar,2,acinar,16.073786,16.24893,5442,0.3881886005401611
human3_lib3.final_cell_0011-2,human3,acinar,5,activated_stellate,13.01408,5.1459703,5443,2.182644844055176
human3_lib3.final_cell_0012-2,human3,acinar,2,acinar,17.022394,15.105351,5444,0.4952447712421417
human3_lib3.final_cell_0013-2,human3,acinar,2,acinar,17.642706,14.717557,5445,0.516054630279541
human3_lib3.final_cell_0014-2,human3,acinar,2,acinar,17.567303,14.997928,5446,0.3862335979938507
human3_lib3.final_cell_0015-2,human3,acinar,2,acinar,16.78533,16.416637,5447,0.5403470396995544
human3_lib3.final_cell_0016-2,human3,acinar,2,acinar,17.258455,15.62624,5448,0.7591018080711365
human3_lib3.final_cell_0017-2,human3,acinar,2,acinar,17.591105,14.47735,5449,0.4437446594238281
human3_lib3.final_cell_0018-2,human3,acinar,2,acinar,16.525578,15.35069,5450,0.3845422863960266
human3_lib3.final_cell_0019-2,human3,acinar,2,acinar,17.898682,13.461576,5451,0.6741943955421448
human3_lib3.final_cell_0020-2,human3,acinar,2,acinar,16.119598,16.318262,5452,0.7298286557197571
human3_lib3.final_cell_0021-2,human3,acinar,2,acinar,17.183046,16.264824,5453,0.4316565692424774
human3_lib3.final_cell_0022-2,human3,acinar,2,acinar,18.14311,13.784859,5454,0.6835786700248718
human3_lib3.final_cell_0023-2,human3,acinar,2,acinar,16.331707,15.169979,5455,0.6713505983352661
human3_lib3.final_cell_0024-2,human3,acinar,2,acinar,17.83467,15.185045,5456,0.5763291716575623
human3_lib3.final_cell_0025-2,human3,acinar,2,acinar,17.49837,13.800893,5457,0.484129399061203
human3_lib3.final_cell_0026-2,human3,acinar,2,acinar,17.403492,14.497224,5458,0.4327767193317413
human3_lib3.final_cell_0027-2,human3,acinar,2,acinar,16.708376,14.534315,5459,0.522829532623291
human3_lib3.final_cell_0028-2,human3,acinar,2,acinar,17.065031,14.945202,5460,0.3845422863960266
human3_lib3.final_cell_0029-2,human3,acinar,2,acinar,17.384546,15.566724,5461,0.4114905893802643
human3_lib3.final_cell_0030-2,human3,acinar,2,acinar,17.065714,16.417465,5462,0.3845422863960266
human3_lib3.final_cell_0031-2,human3,acinar,2,acinar,18.514647,13.573995,5463,0.5008264780044556
human3_lib3.final_cell_0032-2,human3,alpha,1,alpha,8.666259,-8.423631,5464,0.6863135695457458
human3_lib3.final_cell_0033-2,human3,acinar,2,acinar,17.236397,15.069094,5465,0.5345962047576904
human3_lib3.final_cell_0034-2,human3,delta,4,delta,-3.7898376,3.4327443,5466,0.625841498374939
human3_lib3.final_cell_0035-2,human3,acinar,2,acinar,16.386015,15.002677,5467,0.3988486230373382
human3_lib3.final_cell_0036-2,human3,acinar,2,acinar,15.977095,16.63387,5468,0.405594915151596
human3_lib3.final_cell_0037-2,human3,acinar,2,acinar,16.809574,16.208988,5469,0.8159433603286743
human3_lib3.final_cell_0038-2,human3,acinar,2,acinar,18.124783,15.204871,5470,0.4187382459640503
human3_lib3.final_cell_0039-2,human3,acinar,2,acinar,16.24312,15.393804,5471,0.6313561797142029
human3_lib3.final_cell_0040-2,human3,acinar,2,acinar,18.160109,15.048447,5472,0.3845422863960266
human3_lib3.final_cell_0041-2,human3,acinar,2,acinar,15.787882,16.693104,5473,0.9261127710342408
human3_lib3.final_cell_0042-2,human3,acinar,2,acinar,17.033642,14.851661,5474,0.3848210275173187
human3_lib3.final_cell_0043-2,human3,acinar,2,acinar,16.358751,15.896611,5475,0.5167170166969299
human3_lib3.final_cell_0044-2,human3,acinar,2,acinar,16.234081,15.462027,5476,1.5209592580795288
human3_lib3.final_cell_0045-2,human3,acinar,2,acinar,17.068901,15.781725,5477,0.3979650735855102
human3_lib3.final_cell_0046-2,human3,acinar,2,acinar,17.91359,13.732629,5478,0.4598299264907837
human3_lib3.final_cell_0047-2,human3,acinar,2,acinar,16.786272,14.954568,5479,0.5015908479690552
human3_lib3.final_cell_0048-2,human3,acinar,2,acinar,17.191532,15.856588,5480,0.929561972618103
human3_lib3.final_cell_0049-2,human3,acinar,2,acinar,17.007473,16.213984,5481,0.535349428653717
human3_lib3.final_cell_0050-2,human3,acinar,2,acinar,16.770613,15.854569,5482,0.5579725503921509
human3_lib3.final_cell_0051-2,human3,acinar,2,acinar,17.157053,14.79674,5483,0.3845422863960266
human3_lib3.final_cell_0052-2,human3,beta,0,beta,1.4810036,12.294451,5484,0.6082071661949158
human3_lib3.final_cell_0053-2,human3,acinar,3,ductal,15.001304,4.8568544,5485,1.9091176986694336
human3_lib3.final_cell_0054-2,human3,beta,0,beta,-1.1822796,10.398823,5486,0.9675201773643494
human3_lib3.final_cell_0055-2,human3,acinar,3,ductal,15.005271,4.839408,5487,2.025142908096313
human3_lib3.final_cell_0056-2,human3,acinar,2,acinar,15.722956,16.564993,5488,0.8100345134735107
human3_lib3.final_cell_0057-2,human3,acinar,2,acinar,17.810335,14.588298,5489,0.4761869311332702
human3_lib3.final_cell_0058-2,human3,acinar,2,acinar,16.78259,16.474749,5490,0.5396762490272522
human3_lib3.final_cell_0059-2,human3,acinar,2,acinar,15.752316,16.51948,5491,0.7444928288459778
human3_lib3.final_cell_0060-2,human3,acinar,2,acinar,17.068155,16.16673,5492,0.4566833972930908
human3_lib3.final_cell_0061-2,human3,acinar,2,acinar,18.21783,14.889324,5493,0.8079445958137512
human3_lib3.final_cell_0062-2,human3,acinar,2,acinar,17.13798,14.252079,5494,0.497782826423645
human3_lib3.final_cell_0063-2,human3,acinar,2,acinar,17.575443,15.29748,5495,0.7149171233177185
human3_lib3.final_cell_0064-2,human3,acinar,2,acinar,15.7410555,16.551334,5496,0.5577480792999268
human3_lib3.final_cell_0065-2,human3,acinar,2,acinar,18.22176,13.730944,5497,0.7462401390075684
human3_lib3.final_cell_0066-2,human3,acinar,2,acinar,17.593845,15.641888,5498,0.4373804032802582
human3_lib3.final_cell_0067-2,human3,acinar,2,acinar,17.651644,15.105917,5499,0.91764897108078
human3_lib3.final_cell_0068-2,human3,acinar,2,acinar,15.897582,16.331036,5500,0.6457886099815369
human3_lib3.final_cell_0069-2,human3,acinar,2,acinar,18.22356,12.407016,5501,0.7822186946868896
human3_lib3.final_cell_0070-2,human3,acinar,2,acinar,18.103653,14.094463,5502,0.3873679041862488
human3_lib3.final_cell_0071-2,human3,acinar,2,acinar,18.16867,12.846444,5503,0.3955173790454864
human3_lib3.final_cell_0072-2,human3,acinar,2,acinar,17.167963,15.931451,5504,0.5682055950164795
human3_lib3.final_cell_0073-2,human3,acinar,2,acinar,17.27752,14.017532,5505,0.4028371572494507
human3_lib3.final_cell_0074-2,human3,acinar,2,acinar,16.00244,16.169523,5506,0.6859553456306458
human3_lib3.final_cell_0075-2,human3,acinar,2,acinar,17.203949,13.808939,5507,0.9539843201637268
human3_lib3.final_cell_0076-2,human3,acinar,5,activated_stellate,13.005557,5.1354237,5508,2.4352831840515137
human3_lib3.final_cell_0077-2,human3,acinar,2,acinar,15.955123,16.469612,5509,0.4506905078887939
human3_lib3.final_cell_0078-2,human3,acinar,2,acinar,17.58463,15.133318,5510,0.4576301276683807
human3_lib3.final_cell_0079-2,human3,acinar,2,acinar,16.850307,15.775342,5511,0.6711696982383728
human3_lib3.final_cell_0080-2,human3,acinar,2,acinar,16.778131,14.648603,5512,0.4293290376663208
human3_lib3.final_cell_0081-2,human3,acinar,2,acinar,17.294497,15.857534,5513,0.3845422863960266
human3_lib3.final_cell_0082-2,human3,acinar,2,acinar,17.127277,15.842418,5514,0.5113227367401123
human3_lib3.final_cell_0083-2,human3,ductal,3,ductal,18.24964,2.510048,5515,1.4541627168655396
human3_lib3.final_cell_0084-2,human3,acinar,2,acinar,16.76673,15.852084,5516,0.4494833350181579
human3_lib3.final_cell_0085-2,human3,acinar,2,acinar,17.330196,15.59435,5517,0.5033748149871826
human3_lib3.final_cell_0086-2,human3,beta,2,acinar,17.736233,11.379717,5518,2.0221080780029297
human3_lib3.final_cell_0087-2,human3,beta,0,beta,0.67257637,8.018189,5519,1.5737634897232056
human3_lib3.final_cell_0088-2,human3,acinar,2,acinar,16.797771,14.888023,5520,0.7520048022270203
human3_lib3.final_cell_0089-2,human3,acinar,2,acinar,17.829659,14.100363,5521,0.3864542245864868
human3_lib3.final_cell_0090-2,human3,acinar,2,acinar,17.13614,14.366815,5522,0.4190867245197296
human3_lib3.final_cell_0091-2,human3,delta,4,delta,-4.1452165,3.5711515,5523,0.8987724781036377
human3_lib3.final_cell_0092-2,human3,acinar,2,acinar,17.314728,15.536988,5524,0.3845422863960266
human3_lib3.final_cell_0093-2,human3,beta,0,beta,0.9147592,9.254114,5525,0.5683748126029968
human3_lib3.final_cell_0094-2,human3,acinar,2,acinar,17.456804,14.873473,5526,0.5016051530838013
human3_lib3.final_cell_0095-2,human3,acinar,2,acinar,17.328976,16.029404,5527,0.3845422863960266
human3_lib3.final_cell_0096-2,human3,acinar,2,acinar,16.723463,16.014593,5528,0.4326620995998382
human3_lib3.final_cell_0097-2,human3,alpha,1,alpha,9.024327,-7.2627516,5529,0.8559823036193848
human3_lib3.final_cell_0098-2,human3,acinar,2,acinar,17.864012,12.4694,5530,0.4057150483131408
human3_lib3.final_cell_0099-2,human3,acinar,2,acinar,18.286497,12.545602,5531,0.4795698821544647
human3_lib3.final_cell_0100-2,human3,acinar,2,acinar,18.103472,15.162758,5532,0.4437238276004791
human3_lib3.final_cell_0101-2,human3,acinar,2,acinar,17.985935,14.029959,5533,0.527810275554657
human3_lib3.final_cell_0102-2,human3,delta,4,delta,-3.3606217,3.0513005,5534,0.8745560050010681
human3_lib3.final_cell_0103-2,human3,acinar,2,acinar,17.015444,16.344082,5535,0.4086115956306457
human3_lib3.final_cell_0104-2,human3,alpha,1,alpha,9.483987,-5.576831,5536,0.7361316084861755
human3_lib3.final_cell_0105-2,human3,beta,0,beta,-0.16762893,11.097457,5537,0.5612749457359314
human3_lib3.final_cell_0106-2,human3,acinar,2,acinar,17.226503,15.967925,5538,0.6408018469810486
human3_lib3.final_cell_0107-2,human3,beta,0,beta,1.2909467,11.168706,5539,0.7415614724159241
human3_lib3.final_cell_0108-2,human3,beta,0,beta,1.2076536,11.554164,5540,0.7947563529014587
human3_lib3.final_cell_0109-2,human3,acinar,2,acinar,15.710771,16.58622,5541,0.5547949075698853
human3_lib3.final_cell_0110-2,human3,ductal,3,ductal,18.58696,1.6646821,5542,0.8540098071098328
human3_lib3.final_cell_0111-2,human3,acinar,2,acinar,17.996891,14.111433,5543,0.414485365152359
human3_lib3.final_cell_0112-2,human3,beta,0,beta,-0.25170088,10.037856,5544,0.722758412361145
human3_lib3.final_cell_0113-2,human3,acinar,2,acinar,17.940071,12.215175,5545,0.480010449886322
human3_lib3.final_cell_0114-2,human3,alpha,1,alpha,7.2848687,-5.7670813,5546,0.8832920789718628
human3_lib3.final_cell_0115-2,human3,alpha,1,alpha,7.752262,-5.346487,5547,1.5056058168411257
human3_lib3.final_cell_0116-2,human3,alpha,1,alpha,8.773307,-7.5104547,5548,0.5588269829750061
human3_lib3.final_cell_0117-2,human3,activated_stellate,5,activated_stellate,11.111793,5.564714,5549,1.9082871675491333
human3_lib3.final_cell_0118-2,human3,acinar,2,acinar,17.46315,16.110676,5550,0.7675696015357971
human3_lib3.final_cell_0119-2,human3,acinar,2,acinar,18.027666,14.061631,5551,0.3845422863960266
human3_lib3.final_cell_0120-2,human3,acinar,2,acinar,16.169249,16.506767,5552,0.6130730509757996
human3_lib3.final_cell_0121-2,human3,beta,0,beta,-0.3532987,11.497572,5553,0.6999568939208984
human3_lib3.final_cell_0122-2,human3,acinar,2,acinar,17.800863,15.626492,5554,0.5806555151939392
human3_lib3.final_cell_0123-2,human3,acinar,2,acinar,17.770252,15.226866,5555,0.3845422863960266
human3_lib3.final_cell_0124-2,human3,beta,0,beta,-0.1263256,7.945937,5556,1.811362743377685
human3_lib3.final_cell_0125-2,human3,alpha,1,alpha,10.02707,-6.9958115,5557,0.6606444716453552
human3_lib3.final_cell_0126-2,human3,acinar,2,acinar,17.755362,15.665393,5558,0.7743261456489563
human3_lib3.final_cell_0127-2,human3,alpha,1,alpha,9.814125,-6.9957604,5559,0.918202579021454
human3_lib3.final_cell_0128-2,human3,acinar,2,acinar,16.719551,15.362386,5560,0.4811638593673706
human3_lib3.final_cell_0129-2,human3,acinar,2,acinar,17.10958,16.335226,5561,0.4373890161514282
human3_lib3.final_cell_0130-2,human3,alpha,1,alpha,8.532426,-5.024568,5562,0.9511622786521912
human3_lib3.final_cell_0131-2,human3,beta,0,beta,0.92712206,11.200687,5563,0.6131759285926819
human3_lib3.final_cell_0132-2,human3,acinar,2,acinar,18.21398,15.031087,5564,0.5767406225204468
human3_lib3.final_cell_0133-2,human3,alpha,1,alpha,8.581945,-8.235731,5565,0.7248614430427551
human3_lib3.final_cell_0134-2,human3,activated_stellate,5,activated_stellate,10.759516,5.22888,5566,1.6097670793533323
human3_lib3.final_cell_0135-2,human3,acinar,2,acinar,18.34205,14.224591,5567,0.5025283694267273
human3_lib3.final_cell_0136-2,human3,beta,0,beta,-0.07157936,11.58513,5568,0.9416553974151612
human3_lib3.final_cell_0137-2,human3,beta,0,beta,0.7046103,12.090365,5569,0.5865788459777832
human3_lib3.final_cell_0138-2,human3,beta,0,beta,0.9471463,11.282853,5570,0.9283596873283386
human3_lib3.final_cell_0139-2,human3,acinar,2,acinar,18.184637,12.301016,5571,0.6177447438240051
human3_lib3.final_cell_0140-2,human3,beta,0,beta,1.2799907,8.78614,5572,0.7437885999679565
human3_lib3.final_cell_0141-2,human3,beta,0,beta,0.6646379,9.571366,5573,0.7084812521934509
human3_lib3.final_cell_0142-2,human3,beta,0,beta,1.1049714,9.123002,5574,0.6324204206466675
human3_lib3.final_cell_0143-2,human3,acinar,2,acinar,17.747618,14.242064,5575,0.5300152897834778
human3_lib3.final_cell_0144-2,human3,acinar,2,acinar,18.062616,13.201092,5576,0.5070025324821472
human3_lib3.final_cell_0145-2,human3,acinar,2,acinar,18.550676,13.128775,5577,0.4437794387340545
human3_lib3.final_cell_0146-2,human3,endothelial,5,activated_stellate,12.587161,4.4332533,5578,2.838065385818481
human3_lib3.final_cell_0147-2,human3,alpha,1,alpha,9.438176,-7.900525,5579,0.7372509241104126
human3_lib3.final_cell_0148-2,human3,beta,0,beta,-0.085340664,12.72103,5580,0.9026124477386476
human3_lib3.final_cell_0149-2,human3,delta,4,delta,-3.81671,2.8533278,5581,1.036057472229004
human3_lib3.final_cell_0150-2,human3,beta,0,beta,1.0669712,13.024591,5582,0.7842759490013123
human3_lib3.final_cell_0151-2,human3,beta,0,beta,1.2682152,9.290937,5583,0.7973333597183228
human3_lib3.final_cell_0152-2,human3,acinar,2,acinar,18.150368,13.662582,5584,0.4799350798130035
human3_lib3.final_cell_0153-2,human3,beta,0,beta,-0.7070889,8.341094,5585,1.0946415662765503
human3_lib3.final_cell_0154-2,human3,activated_stellate,5,activated_stellate,12.60296,5.668114,5586,1.7872153520584106
human3_lib3.final_cell_0155-2,human3,acinar,2,acinar,17.18072,15.86581,5587,0.6169115900993347
human3_lib3.final_cell_0156-2,human3,acinar,2,acinar,18.347574,13.397835,5588,0.4713717699050903
human3_lib3.final_cell_0157-2,human3,acinar,2,acinar,16.435165,15.869788,5589,0.5209713578224182
human3_lib3.final_cell_0158-2,human3,alpha,1,alpha,9.48446,-8.696016,5590,0.6089425683021545
human3_lib3.final_cell_0159-2,human3,delta,4,delta,-2.9486477,2.810886,5591,1.0536394119262695
human3_lib3.final_cell_0160-2,human3,acinar,2,acinar,17.314281,16.21413,5592,0.4119901955127716
human3_lib3.final_cell_0161-2,human3,beta,0,beta,0.873353,9.784365,5593,0.8886207342147827
human3_lib3.final_cell_0162-2,human3,acinar,2,acinar,17.270409,13.769869,5594,0.4037581384181976
human3_lib3.final_cell_0163-2,human3,acinar,2,acinar,16.938332,14.747009,5595,1.1561222076416016
human3_lib3.final_cell_0164-2,human3,acinar,2,acinar,17.479256,15.690554,5596,0.4888568520545959
human3_lib3.final_cell_0165-2,human3,beta,0,beta,1.1678876,9.425017,5597,0.8164555430412292
human3_lib3.final_cell_0166-2,human3,acinar,2,acinar,17.100395,14.760274,5598,0.719608724117279
human3_lib3.final_cell_0167-2,human3,beta,0,beta,2.1605592,11.028288,5599,0.9194402694702148
human3_lib3.final_cell_0168-2,human3,acinar,2,acinar,18.040405,14.753283,5600,0.6970444917678833
human3_lib3.final_cell_0169-2,human3,beta,0,beta,0.42879093,10.528115,5601,0.7104356288909912
human3_lib3.final_cell_0170-2,human3,acinar,2,acinar,18.386335,13.679538,5602,0.4801670014858246
human3_lib3.final_cell_0171-2,human3,alpha,1,alpha,8.254515,-6.739546,5603,0.6770641207695007
human3_lib3.final_cell_0172-2,human3,ductal,3,ductal,18.1588,0.039695412,5604,1.6306837797164917
human3_lib3.final_cell_0173-2,human3,acinar,2,acinar,16.58393,16.36737,5605,0.3845422863960266
human3_lib3.final_cell_0174-2,human3,acinar,2,acinar,17.74129,13.449554,5606,0.9772543907165528
human3_lib3.final_cell_0175-2,human3,activated_stellate,5,activated_stellate,11.217354,5.260983,5607,1.6409186124801636
human3_lib3.final_cell_0176-2,human3,acinar,2,acinar,18.341127,14.07587,5608,0.3989512920379638
human3_lib3.final_cell_0177-2,human3,acinar,2,acinar,17.43109,15.625829,5609,0.3996977508068084
human3_lib3.final_cell_0178-2,human3,beta,0,beta,0.07101086,12.622438,5610,0.740932047367096
human3_lib3.final_cell_0179-2,human3,acinar,2,acinar,18.28946,13.732721,5611,0.3989636600017547
human3_lib3.final_cell_0180-2,human3,acinar,2,acinar,16.229763,16.48881,5612,0.4570004343986511
human3_lib3.final_cell_0181-2,human3,beta,0,beta,0.50318503,10.78822,5613,0.5481913089752197
human3_lib3.final_cell_0182-2,human3,activated_stellate,5,activated_stellate,12.10376,5.91884,5614,1.7861342430114746
human3_lib3.final_cell_0183-2,human3,alpha,1,alpha,8.626821,-8.463721,5615,0.962537944316864
human3_lib3.final_cell_0184-2,human3,beta,0,beta,-1.0606157,9.858396,5616,0.8162378072738647
human3_lib3.final_cell_0185-2,human3,beta,0,beta,0.423475,8.996977,5617,0.7778962850570679
human3_lib3.final_cell_0186-2,human3,acinar,2,acinar,15.127791,5.7111654,5618,2.094947338104248
human3_lib3.final_cell_0187-2,human3,beta,4,delta,-1.9002116,4.4892125,5619,1.846238613128662
human3_lib3.final_cell_0188-2,human3,acinar,2,acinar,18.221632,12.47476,5620,0.7694734334945679
human3_lib3.final_cell_0189-2,human3,alpha,1,alpha,8.52952,-5.570058,5621,0.6101183891296387
human3_lib3.final_cell_0190-2,human3,beta,0,beta,1.5918515,9.650661,5622,0.8432605266571045
human3_lib3.final_cell_0191-2,human3,acinar,2,acinar,17.43829,13.864,5623,0.922347366809845
human3_lib3.final_cell_0192-2,human3,acinar,2,acinar,17.624542,14.280916,5624,0.8248799443244934
human3_lib3.final_cell_0193-2,human3,beta,0,beta,1.4812202,10.869683,5625,0.7145230174064636
human3_lib3.final_cell_0194-2,human3,acinar,2,acinar,18.518608,13.561615,5626,0.6436793804168701
human3_lib3.final_cell_0195-2,human3,acinar,2,acinar,17.882458,14.121851,5627,0.4707993865013122
human3_lib3.final_cell_0196-2,human3,alpha,1,alpha,8.986479,-8.139861,5628,0.7038267850875854
human3_lib3.final_cell_0197-2,human3,beta,0,beta,0.72397274,11.10332,5629,0.7516101598739624
human3_lib3.final_cell_0198-2,human3,acinar,2,acinar,17.705318,14.251907,5630,0.6665891408920288
human3_lib3.final_cell_0199-2,human3,beta,0,beta,1.2816153,11.1175165,5631,0.9611428380012512
human3_lib3.final_cell_0200-2,human3,beta,0,beta,0.57616323,13.046026,5632,0.5780168771743774
human3_lib3.final_cell_0201-2,human3,acinar,2,acinar,17.875755,12.9127035,5633,0.9983822703361512
human3_lib3.final_cell_0202-2,human3,beta,0,beta,-0.8902812,7.232122,5634,1.2509711980819702
human3_lib3.final_cell_0203-2,human3,acinar,2,acinar,17.575388,13.147529,5635,0.3957787752151489
human3_lib3.final_cell_0204-2,human3,acinar,2,acinar,14.792301,5.0080423,5636,1.9834364652633667
human3_lib3.final_cell_0205-2,human3,acinar,2,acinar,15.944872,16.646347,5637,0.6144533753395081
human3_lib3.final_cell_0206-2,human3,beta,0,beta,1.5834218,10.260484,5638,0.7110338807106018
human3_lib3.final_cell_0207-2,human3,acinar,2,acinar,16.49229,16.361568,5639,1.0820249319076538
human3_lib3.final_cell_0208-2,human3,acinar,2,acinar,18.185078,15.129433,5640,0.5752072334289551
human3_lib3.final_cell_0209-2,human3,beta,0,beta,6.41767,-3.4741273,5641,1.21105694770813
human3_lib3.final_cell_0210-2,human3,beta,0,beta,0.8742679,11.895417,5642,0.79179847240448
human3_lib3.final_cell_0211-2,human3,delta,4,delta,-4.7623158,2.911266,5643,0.7733265161514282
human3_lib3.final_cell_0212-2,human3,alpha,1,alpha,8.899272,-7.37079,5644,0.6748861074447632
human3_lib3.final_cell_0213-2,human3,endothelial,7,endothelial,9.481193,12.438619,5645,2.400496244430542
human3_lib3.final_cell_0214-2,human3,acinar,2,acinar,14.826153,4.9510603,5646,2.094947338104248
human3_lib3.final_cell_0215-2,human3,beta,0,beta,1.7598213,10.630411,5647,0.6174808144569397
human3_lib3.final_cell_0216-2,human3,alpha,1,alpha,10.00767,-8.490143,5648,0.7281091809272766
human3_lib3.final_cell_0217-2,human3,alpha,1,alpha,8.978904,-6.3602858,5649,0.8302603960037231
human3_lib3.final_cell_0218-2,human3,beta,0,beta,0.43224135,7.76123,5650,0.570740282535553
human3_lib3.final_cell_0219-2,human3,alpha,0,beta,6.427927,-3.5081384,5651,1.194039821624756
human3_lib3.final_cell_0220-2,human3,acinar,2,acinar,17.114548,14.835927,5652,0.4002265930175781
human3_lib3.final_cell_0221-2,human3,acinar,2,acinar,14.978995,5.162384,5653,3.588205099105835
human3_lib3.final_cell_0222-2,human3,alpha,1,alpha,6.8158545,-7.015478,5654,1.0224144458770752
human3_lib3.final_cell_0223-2,human3,acinar,2,acinar,18.171696,14.970876,5655,0.4510107040405273
human3_lib3.final_cell_0224-2,human3,ductal,3,ductal,18.227398,-0.4729422,5656,1.8947193622589111
human3_lib3.final_cell_0225-2,human3,beta,0,beta,0.6088939,9.044504,5657,0.5245724320411682
human3_lib3.final_cell_0226-2,human3,acinar,2,acinar,17.37286,16.195314,5658,0.5529994368553162
human3_lib3.final_cell_0227-2,human3,acinar,2,acinar,16.45298,15.035812,5659,1.2241086959838867
human3_lib3.final_cell_0228-2,human3,acinar,2,acinar,16.93386,15.6201105,5660,0.6064984798431396
human3_lib3.final_cell_0229-2,human3,acinar,2,acinar,17.434925,13.173127,5661,0.3845422863960266
human3_lib3.final_cell_0230-2,human3,ductal,3,ductal,18.4013,-0.6614737,5662,1.3456006050109863
human3_lib3.final_cell_0231-2,human3,acinar,2,acinar,17.37012,15.728695,5663,0.573388934135437
human3_lib3.final_cell_0232-2,human3,beta,0,beta,1.1215734,11.378757,5664,0.5966153144836426
human3_lib3.final_cell_0233-2,human3,acinar,2,acinar,17.939602,15.0712385,5665,0.6219226717948914
human3_lib3.final_cell_0234-2,human3,alpha,1,alpha,9.133795,-7.9031262,5666,0.4880654513835907
human3_lib3.final_cell_0235-2,human3,acinar,2,acinar,16.768602,15.921489,5667,0.396585613489151
human3_lib3.final_cell_0236-2,human3,beta,0,beta,-0.79547507,11.062873,5668,0.830839991569519
human3_lib3.final_cell_0237-2,human3,gamma,6,gamma,-2.3500397,-3.4809623,5669,1.318545937538147
human3_lib3.final_cell_0238-2,human3,beta,0,beta,0.35778853,12.836222,5670,0.6074178814888
human3_lib3.final_cell_0239-2,human3,beta,0,beta,1.901289,10.853835,5671,0.9111717939376832
human3_lib3.final_cell_0240-2,human3,alpha,1,alpha,8.669481,-7.7233644,5672,0.9251209497451782
human3_lib3.final_cell_0241-2,human3,acinar,2,acinar,17.86471,14.951044,5673,0.6157200932502747
human3_lib3.final_cell_0242-2,human3,alpha,1,alpha,9.169434,-8.66269,5674,0.5783276557922363
human3_lib3.final_cell_0243-2,human3,acinar,2,acinar,16.765907,15.873854,5675,0.4605131447315216
human3_lib3.final_cell_0244-2,human3,ductal,3,ductal,17.976429,1.436131,5676,1.923483967781067
human3_lib3.final_cell_0245-2,human3,alpha,1,alpha,8.003089,-6.58587,5677,1.032680630683899
human3_lib3.final_cell_0246-2,human3,beta,0,beta,1.7390198,11.503858,5678,0.6389743685722351
human3_lib3.final_cell_0247-2,human3,beta,0,beta,-0.73385805,10.573786,5679,0.7702919244766235
human3_lib3.final_cell_0248-2,human3,beta,0,beta,1.6711872,9.791253,5680,0.6491959691047668
human3_lib3.final_cell_0249-2,human3,beta,0,beta,-0.8238277,11.643586,5681,0.5381503105163574
human3_lib3.final_cell_0250-2,human3,ductal,3,ductal,17.394524,3.0583575,5682,1.5055898427963257
human3_lib3.final_cell_0251-2,human3,beta,0,beta,0.0032193516,8.370087,5683,0.9895923137664796
human3_lib3.final_cell_0252-2,human3,ductal,3,ductal,18.306498,-0.21880919,5684,1.1182656288146973
human3_lib3.final_cell_0253-2,human3,beta,0,beta,0.82208085,12.355316,5685,0.637872040271759
human3_lib3.final_cell_0254-2,human3,beta,0,beta,0.5121237,12.384333,5686,0.698323130607605
human3_lib3.final_cell_0255-2,human3,ductal,3,ductal,19.038223,0.15716742,5687,0.8522676229476929
human3_lib3.final_cell_0256-2,human3,beta,0,beta,1.2574358,12.785298,5688,0.6308399438858032
human3_lib3.final_cell_0257-2,human3,beta,0,beta,1.6963092,12.299345,5689,0.6045784950256348
human3_lib3.final_cell_0258-2,human3,acinar,2,acinar,17.157234,14.713878,5690,0.5764080286026001
human3_lib3.final_cell_0259-2,human3,beta,0,beta,-1.2324913,11.375895,5691,0.8333567976951599
human3_lib3.final_cell_0260-2,human3,beta,0,beta,-0.7983031,8.800458,5692,0.9133948683738708
human3_lib3.final_cell_0261-2,human3,alpha,1,alpha,9.233135,-5.624905,5693,0.6644994020462036
human3_lib3.final_cell_0262-2,human3,acinar,2,acinar,18.267048,14.200682,5694,0.6080976724624634
human3_lib3.final_cell_0263-2,human3,beta,0,beta,-0.30352113,12.337717,5695,0.7368829846382141
human3_lib3.final_cell_0264-2,human3,delta,8,macrophage,5.2423844,-3.4094138,5696,3.623354196548462
human3_lib3.final_cell_0265-2,human3,activated_stellate,5,activated_stellate,11.589102,5.2237797,5697,1.687510371208191
human3_lib3.final_cell_0266-2,human3,acinar,7,endothelial,9.791966,13.222288,5698,2.838065385818481
human3_lib3.final_cell_0267-2,human3,ductal,3,ductal,18.459465,1.1247398,5699,0.963575541973114
human3_lib3.final_cell_0268-2,human3,acinar,2,acinar,17.436028,14.519202,5700,0.6531616449356079
human3_lib3.final_cell_0269-2,human3,beta,0,beta,-1.1710262,10.976692,5701,1.3575539588928225
human3_lib3.final_cell_0270-2,human3,beta,0,beta,-0.08790707,9.940154,5702,1.0211257934570312
human3_lib3.final_cell_0271-2,human3,ductal,3,ductal,18.18634,-0.9474554,5703,1.0609108209609983
human3_lib3.final_cell_0272-2,human3,acinar,2,acinar,18.360332,13.264124,5704,0.4099920094013214
human3_lib3.final_cell_0273-2,human3,alpha,1,alpha,7.8073378,-7.670876,5705,0.8221380710601807
human3_lib3.final_cell_0274-2,human3,delta,4,delta,-4.1137886,3.3610578,5706,1.7619640827178955
human3_lib3.final_cell_0275-2,human3,beta,0,beta,0.7783729,10.302703,5707,0.6938133239746094
human3_lib3.final_cell_0276-2,human3,acinar,2,acinar,18.433535,13.664988,5708,0.3845422863960266
human3_lib3.final_cell_0277-2,human3,alpha,1,alpha,8.693847,-5.9426494,5709,1.4783610105514526
human3_lib3.final_cell_0278-2,human3,ductal,3,ductal,18.865776,-0.36286536,5710,1.022510290145874
human3_lib3.final_cell_0279-2,human3,beta,0,beta,-0.20464231,7.8905168,5711,0.7536690831184387
human3_lib3.final_cell_0280-2,human3,alpha,1,alpha,8.648539,-7.3112307,5712,0.7435621619224548
human3_lib3.final_cell_0281-2,human3,alpha,1,alpha,8.932085,-6.498263,5713,0.5719227194786072
human3_lib3.final_cell_0282-2,human3,beta,0,beta,-0.3535212,8.220143,5714,0.6618526577949524
human3_lib3.final_cell_0283-2,human3,activated_stellate,5,activated_stellate,12.95463,5.1248565,5715,2.115206480026245
human3_lib3.final_cell_0284-2,human3,acinar,2,acinar,18.185999,13.883951,5716,0.9410334825515748
human3_lib3.final_cell_0285-2,human3,delta,4,delta,-4.18467,3.1322405,5717,1.1564968824386597
human3_lib3.final_cell_0286-2,human3,beta,0,beta,0.99880046,11.192714,5718,0.8215440511703491
human3_lib3.final_cell_0287-2,human3,alpha,1,alpha,8.944746,-7.3977456,5719,0.9814431071281432
human3_lib3.final_cell_0288-2,human3,ductal,3,ductal,18.875114,2.0811107,5720,1.2677661180496216
human3_lib3.final_cell_0289-2,human3,acinar,2,acinar,18.03345,14.857111,5721,0.5267463326454163
human3_lib3.final_cell_0290-2,human3,ductal,3,ductal,18.29717,-0.8304877,5722,2.1552281379699707
human3_lib3.final_cell_0291-2,human3,alpha,1,alpha,10.269116,-7.5274754,5723,0.9064838886260986
human3_lib3.final_cell_0292-2,human3,endothelial,5,activated_stellate,12.782347,4.1758814,5724,2.838065385818481
human3_lib3.final_cell_0293-2,human3,acinar,2,acinar,18.230698,12.3656225,5725,0.9109885692596436
human3_lib3.final_cell_0294-2,human3,alpha,8,macrophage,5.241509,-3.4119213,5726,3.5626678466796875
human3_lib3.final_cell_0295-2,human3,alpha,1,alpha,9.103133,-3.7877555,5727,1.6253976821899414
human3_lib3.final_cell_0296-2,human3,acinar,2,acinar,17.300825,13.834042,5728,0.465778648853302
human3_lib3.final_cell_0297-2,human3,beta,0,beta,-0.25089896,9.240349,5729,0.910880446434021
human3_lib3.final_cell_0298-2,human3,beta,0,beta,1.4166563,9.08851,5730,0.5810397863388062
human3_lib3.final_cell_0299-2,human3,ductal,3,ductal,18.281498,1.1730335,5731,1.8103009462356567
human3_lib3.final_cell_0300-2,human3,ductal,3,ductal,18.061771,1.3739944,5732,1.2362715005874634
human3_lib3.final_cell_0301-2,human3,acinar,2,acinar,17.026455,14.171012,5733,1.111740231513977
human3_lib3.final_cell_0302-2,human3,ductal,3,ductal,18.778042,0.42657083,5734,0.9024767875671388
human3_lib3.final_cell_0303-2,human3,delta,4,delta,-3.5430064,2.62396,5735,0.4996906518936157
human3_lib3.final_cell_0304-2,human3,beta,0,beta,0.6711162,11.732427,5736,0.6399427652359009
human3_lib3.final_cell_0305-2,human3,delta,4,delta,-4.149718,3.3690445,5737,0.5496599674224854
human3_lib3.final_cell_0306-2,human3,acinar,2,acinar,18.322004,13.049939,5738,0.3845422863960266
human3_lib3.final_cell_0307-2,human3,delta,4,delta,-4.2037845,2.4839242,5739,1.1777013540267944
human3_lib3.final_cell_0308-2,human3,alpha,1,alpha,9.069046,-3.8608942,5740,0.9319844245910645
human3_lib3.final_cell_0309-2,human3,alpha,1,alpha,8.774365,-8.684731,5741,0.6586673259735107
human3_lib3.final_cell_0310-2,human3,beta,0,beta,1.4761174,10.958734,5742,0.5757441520690918
human3_lib3.final_cell_0311-2,human3,endothelial,7,endothelial,12.99456,3.9734137,5743,2.629028558731079
human3_lib3.final_cell_0312-2,human3,ductal,3,ductal,18.046562,1.1387951,5744,1.0744343996047974
human3_lib3.final_cell_0313-2,human3,beta,0,beta,0.3014979,10.254123,5745,0.7229452729225159
human3_lib3.final_cell_0314-2,human3,beta,0,beta,-0.6092435,12.032051,5746,0.7821809649467468
human3_lib3.final_cell_0315-2,human3,alpha,1,alpha,8.1653385,-7.8489585,5747,0.6148396134376526
human3_lib3.final_cell_0316-2,human3,acinar,2,acinar,14.869996,5.0257926,5748,2.094947338104248
human3_lib3.final_cell_0317-2,human3,alpha,1,alpha,9.711226,-8.164985,5749,0.797538161277771
human3_lib3.final_cell_0318-2,human3,delta,4,delta,-2.8428895,2.8326771,5750,1.194102168083191
human3_lib3.final_cell_0319-2,human3,alpha,1,alpha,7.886288,-7.20873,5751,0.8265076279640198
human3_lib3.final_cell_0320-2,human3,alpha,1,alpha,9.46297,-7.194445,5752,0.7385942339897156
human3_lib3.final_cell_0321-2,human3,beta,0,beta,-0.525259,10.811506,5753,0.6388892531394958
human3_lib3.final_cell_0322-2,human3,ductal,3,ductal,18.268427,1.310877,5754,0.9537774324417114
human3_lib3.final_cell_0323-2,human3,beta,0,beta,1.6756423,10.71704,5755,0.6675375699996948
human3_lib3.final_cell_0324-2,human3,macrophage,8,macrophage,13.506209,0.66115427,5756,3.477814197540283
human3_lib3.final_cell_0325-2,human3,alpha,1,alpha,7.7469215,-4.893876,5757,1.073938250541687
human3_lib3.final_cell_0326-2,human3,delta,4,delta,-4.6195874,2.7542038,5758,1.1535930633544922
human3_lib3.final_cell_0327-2,human3,ductal,3,ductal,19.060694,1.4296016,5759,0.8765185475349426
human3_lib3.final_cell_0328-2,human3,beta,0,beta,-0.64328134,11.40865,5760,0.8249499201774597
human3_lib3.final_cell_0329-2,human3,ductal,3,ductal,18.847935,1.6294981,5761,0.9152253270149232
human3_lib3.final_cell_0330-2,human3,alpha,1,alpha,7.255289,-6.009694,5762,1.836450219154358
human3_lib3.final_cell_0331-2,human3,delta,4,delta,-3.414046,2.4036198,5763,0.7746366262435913
human3_lib3.final_cell_0332-2,human3,beta,0,beta,1.0382768,9.202698,5764,0.9174328446388244
human3_lib3.final_cell_0333-2,human3,acinar,2,acinar,18.24069,12.468987,5765,0.5085418820381165
human3_lib3.final_cell_0334-2,human3,ductal,3,ductal,18.127796,-0.92984915,5766,1.0814582109451294
human3_lib3.final_cell_0335-2,human3,ductal,3,ductal,18.152916,0.026061684,5767,1.0569934844970703
human3_lib3.final_cell_0336-2,human3,beta,0,beta,-0.97127146,10.269192,5768,1.059960961341858
human3_lib3.final_cell_0337-2,human3,alpha,1,alpha,9.394975,-8.215398,5769,0.8617805242538452
human3_lib3.final_cell_0338-2,human3,alpha,1,alpha,6.6223507,-4.7635555,5770,1.0330866575241089
human3_lib3.final_cell_0339-2,human3,acinar,2,acinar,17.262016,13.989322,5771,0.4141310453414917
human3_lib3.final_cell_0340-2,human3,beta,0,beta,-1.0159078,9.514124,5772,1.0455968379974363
human3_lib3.final_cell_0341-2,human3,ductal,3,ductal,19.167057,0.14343679,5773,0.8981141448020935
human3_lib3.final_cell_0342-2,human3,ductal,3,ductal,18.224968,1.4305432,5774,1.1803816556930542
human3_lib3.final_cell_0343-2,human3,beta,0,beta,-0.29013446,11.3957205,5775,0.6129070520401001
human3_lib3.final_cell_0344-2,human3,alpha,1,alpha,9.906327,-6.658487,5776,0.5591603517532349
human3_lib3.final_cell_0345-2,human3,delta,4,delta,-3.439907,2.8524034,5777,0.5652442574501038
human3_lib3.final_cell_0346-2,human3,alpha,1,alpha,8.353602,-8.442436,5778,0.7681776881217957
human3_lib3.final_cell_0347-2,human3,alpha,1,alpha,7.6847186,-6.896189,5779,0.6295793056488037
human3_lib3.final_cell_0348-2,human3,alpha,1,alpha,9.99958,-7.419491,5780,0.9787918329238892
human3_lib3.final_cell_0349-2,human3,beta,4,delta,-2.7978747,2.843624,5781,1.982407808303833
human3_lib3.final_cell_0350-2,human3,beta,0,beta,1.5505521,12.555124,5782,0.6128628849983215
human3_lib3.final_cell_0351-2,human3,beta,0,beta,-0.045408223,12.895539,5783,0.7016043663024902
human3_lib3.final_cell_0352-2,human3,alpha,1,alpha,9.533382,-7.057501,5784,1.7522720098495483
human3_lib3.final_cell_0353-2,human3,alpha,1,alpha,9.72767,-6.7437663,5785,0.6430932879447937
human3_lib3.final_cell_0354-2,human3,acinar,2,acinar,18.032024,12.146282,5786,1.1648420095443726
human3_lib3.final_cell_0355-2,human3,acinar,2,acinar,18.280697,14.859421,5787,0.3967757523059845
human3_lib3.final_cell_0356-2,human3,beta,0,beta,-0.27307844,8.446639,5788,0.6872700452804565
human3_lib3.final_cell_0357-2,human3,alpha,1,alpha,9.871698,-8.307359,5789,0.5933946371078491
human3_lib3.final_cell_0358-2,human3,alpha,1,alpha,8.618485,-7.721633,5790,0.5200939178466797
human3_lib3.final_cell_0359-2,human3,beta,0,beta,1.2055151,10.145169,5791,0.7343038320541382
human3_lib3.final_cell_0360-2,human3,alpha,1,alpha,8.820834,-6.4901557,5792,0.7078291773796082
human3_lib3.final_cell_0361-2,human3,acinar,2,acinar,18.30098,13.18809,5793,0.4201367795467376
human3_lib3.final_cell_0362-2,human3,delta,4,delta,-4.8786955,2.6772273,5794,0.548149824142456
human3_lib3.final_cell_0363-2,human3,acinar,2,acinar,18.2084,12.536487,5795,0.7403972744941711
human3_lib3.final_cell_0364-2,human3,beta,0,beta,-0.17359151,12.008221,5796,0.6565338969230652
human3_lib3.final_cell_0365-2,human3,alpha,1,alpha,8.006228,-6.7606726,5797,0.9320305585861206
human3_lib3.final_cell_0366-2,human3,ductal,3,ductal,18.041702,-1.0299673,5798,1.350474834442139
human3_lib3.final_cell_0367-2,human3,beta,0,beta,1.6031559,11.550147,5799,0.439831405878067
human3_lib3.final_cell_0368-2,human3,alpha,1,alpha,8.239973,-7.905889,5800,0.7504851222038269
human3_lib3.final_cell_0369-2,human3,alpha,1,alpha,8.879987,-7.6812897,5801,0.579231858253479
human3_lib3.final_cell_0370-2,human3,alpha,1,alpha,9.357649,-8.8594885,5802,0.7010461091995239
human3_lib3.final_cell_0371-2,human3,beta,0,beta,0.40047547,10.48494,5803,0.6241994500160217
human3_lib3.final_cell_0372-2,human3,alpha,1,alpha,9.2753,-6.0420055,5804,0.7191221714019775
human3_lib3.final_cell_0373-2,human3,gamma,6,gamma,-2.8237424,-3.5954607,5805,1.6982636451721191
human3_lib3.final_cell_0374-2,human3,delta,4,delta,-3.0511231,2.777792,5806,2.361757755279541
human3_lib3.final_cell_0375-2,human3,endothelial,7,endothelial,12.9868145,3.9889462,5807,2.7828898429870605
human3_lib3.final_cell_0376-2,human3,alpha,1,alpha,9.664276,-7.5446954,5808,0.7386691570281982
human3_lib3.final_cell_0377-2,human3,beta,0,beta,1.281704,9.212458,5809,0.6697131395339966
human3_lib3.final_cell_0378-2,human3,alpha,1,alpha,9.226852,-7.206005,5810,0.5875349044799805
human3_lib3.final_cell_0379-2,human3,delta,4,delta,-4.4871554,2.80952,5811,0.8316401243209839
human3_lib3.final_cell_0380-2,human3,beta,0,beta,0.1472479,10.232432,5812,0.6030788421630859
human3_lib3.final_cell_0381-2,human3,delta,4,delta,-3.4115417,2.5829697,5813,0.8358842134475708
human3_lib3.final_cell_0382-2,human3,ductal,3,ductal,18.48783,-0.35716423,5814,1.4570351839065552
human3_lib3.final_cell_0383-2,human3,beta,0,beta,-1.0189265,9.381777,5815,1.038117527961731
human3_lib3.final_cell_0384-2,human3,alpha,1,alpha,8.771745,-5.845926,5816,1.1275843381881714
human3_lib3.final_cell_0385-2,human3,acinar,2,acinar,18.118795,14.020782,5817,0.4863454401493072
human3_lib3.final_cell_0386-2,human3,alpha,1,alpha,9.973855,-7.5936127,5818,0.9201754927635192
human3_lib3.final_cell_0387-2,human3,beta,0,beta,1.3301715,10.897765,5819,0.3943859338760376
human3_lib3.final_cell_0388-2,human3,ductal,3,ductal,18.969707,1.8503431,5820,1.7353429794311523
human3_lib3.final_cell_0389-2,human3,beta,0,beta,0.7707876,12.700379,5821,0.558615505695343
human3_lib3.final_cell_0390-2,human3,alpha,1,alpha,8.07081,-6.4024086,5822,0.6111158132553101
human3_lib3.final_cell_0391-2,human3,beta,0,beta,1.9229248,11.051216,5823,0.5992216467857361
human3_lib3.final_cell_0392-2,human3,ductal,3,ductal,18.434784,0.020509101,5824,1.2997270822525024
human3_lib3.final_cell_0393-2,human3,acinar,2,acinar,17.878122,11.892929,5825,0.4913112223148346
human3_lib3.final_cell_0394-2,human3,alpha,1,alpha,9.872217,-7.3442316,5826,0.8753132224082947
human3_lib3.final_cell_0395-2,human3,beta,4,delta,-2.724972,3.7136257,5827,1.816060304641724
human3_lib3.final_cell_0396-2,human3,acinar,2,acinar,18.031286,14.600939,5828,0.6411612629890442
human3_lib3.final_cell_0397-2,human3,alpha,1,alpha,7.958084,-7.52769,5829,0.8567082285881042
human3_lib3.final_cell_0398-2,human3,alpha,1,alpha,9.04229,-8.588706,5830,0.628091037273407
human3_lib3.final_cell_0399-2,human3,alpha,1,alpha,7.6259875,-6.893355,5831,0.9155228734016418
human3_lib3.final_cell_0400-2,human3,alpha,1,alpha,9.187419,-5.1272316,5832,0.6292228102684021
human3_lib3.final_cell_0401-2,human3,beta,0,beta,0.46329057,10.884928,5833,0.9434545040130616
human3_lib3.final_cell_0402-2,human3,ductal,3,ductal,19.1997,0.18679245,5834,1.1272990703582764
human3_lib3.final_cell_0403-2,human3,beta,0,beta,-1.2293417,11.970634,5835,0.9992613792419434
human3_lib3.final_cell_0404-2,human3,alpha,1,alpha,9.146016,-7.6483536,5836,0.7620832324028015
human3_lib3.final_cell_0405-2,human3,alpha,1,alpha,7.9679418,-7.9454384,5837,0.7046267986297607
human3_lib3.final_cell_0406-2,human3,acinar,2,acinar,18.199074,14.995007,5838,0.3854040205478668
human3_lib3.final_cell_0407-2,human3,ductal,3,ductal,18.444462,1.5005255,5839,1.6826716661453247
human3_lib3.final_cell_0408-2,human3,beta,0,beta,1.6973419,12.217137,5840,0.7257424592971802
human3_lib3.final_cell_0409-2,human3,ductal,3,ductal,18.182863,1.057774,5841,0.8832404017448425
human3_lib3.final_cell_0410-2,human3,alpha,1,alpha,9.058159,-7.233033,5842,1.0367023944854736
human3_lib3.final_cell_0411-2,human3,beta,0,beta,1.1181511,11.15716,5843,0.5962920188903809
human3_lib3.final_cell_0412-2,human3,beta,0,beta,-0.7529358,9.578631,5844,1.0689527988433838
human3_lib3.final_cell_0413-2,human3,macrophage,8,macrophage,13.952689,0.9194373,5845,2.659414291381836
human3_lib3.final_cell_0414-2,human3,beta,0,beta,0.9715865,9.722126,5846,0.8190732002258301
human3_lib3.final_cell_0415-2,human3,acinar,2,acinar,16.390732,15.099534,5847,0.8919697999954224
human3_lib3.final_cell_0416-2,human3,beta,2,acinar,17.740124,11.352875,5848,1.180885910987854
human3_lib3.final_cell_0417-2,human3,ductal,3,ductal,18.409037,0.6155916,5849,0.929706335067749
human3_lib3.final_cell_0418-2,human3,beta,0,beta,0.16738287,11.767308,5850,0.7244150042533875
human3_lib3.final_cell_0419-2,human3,beta,0,beta,0.9404867,8.937771,5851,0.928786277770996
human3_lib3.final_cell_0420-2,human3,ductal,3,ductal,18.239607,1.2952037,5852,1.1615808010101318
human3_lib3.final_cell_0421-2,human3,alpha,1,alpha,7.5181475,-5.4998426,5853,1.762101173400879
human3_lib3.final_cell_0422-2,human3,beta,0,beta,-1.2740452,9.967707,5854,1.4898515939712524
human3_lib3.final_cell_0423-2,human3,alpha,1,alpha,8.025463,-6.895161,5855,0.6699827909469604
human3_lib3.final_cell_0424-2,human3,alpha,1,alpha,9.061801,-8.642518,5856,0.6059282422065735
human3_lib3.final_cell_0425-2,human3,alpha,1,alpha,8.832718,-7.427991,5857,0.5671877861022949
human3_lib3.final_cell_0426-2,human3,alpha,1,alpha,9.919463,-7.153018,5858,0.8032786250114441
human3_lib3.final_cell_0427-2,human3,alpha,1,alpha,9.055324,-7.7857456,5859,0.8089274168014526
human3_lib3.final_cell_0428-2,human3,beta,0,beta,1.3894471,9.044329,5860,0.7062276601791382
human3_lib3.final_cell_0429-2,human3,beta,0,beta,0.31144658,12.375926,5861,0.8680442571640015
human3_lib3.final_cell_0430-2,human3,alpha,1,alpha,6.6778727,-4.562298,5862,1.1803985834121704
human3_lib3.final_cell_0431-2,human3,alpha,1,alpha,8.598804,-6.8276825,5863,1.2245880365371704
human3_lib3.final_cell_0432-2,human3,beta,0,beta,0.35290462,11.21125,5864,0.864745020866394
human3_lib3.final_cell_0433-2,human3,endothelial,7,endothelial,12.819212,4.1323805,5865,2.838065385818481
human3_lib3.final_cell_0434-2,human3,alpha,1,alpha,9.087936,-6.8483396,5866,0.6025612354278564
human3_lib3.final_cell_0435-2,human3,beta,0,beta,-0.80126536,7.5568175,5867,1.5036348104476929
human3_lib3.final_cell_0436-2,human3,alpha,1,alpha,8.57549,-7.338853,5868,0.8108583092689514
human3_lib3.final_cell_0437-2,human3,ductal,3,ductal,18.18173,0.04946895,5869,1.2322763204574585
human3_lib3.final_cell_0438-2,human3,endothelial,7,endothelial,12.906002,4.058625,5870,2.838065385818481
human3_lib3.final_cell_0439-2,human3,alpha,1,alpha,9.118095,-3.7203636,5871,1.197166919708252
human3_lib3.final_cell_0440-2,human3,acinar,2,acinar,18.226667,12.548712,5872,0.5243691205978394
human3_lib3.final_cell_0441-2,human3,ductal,3,ductal,18.201601,-0.042005524,5873,0.8853370547294617
human3_lib3.final_cell_0442-2,human3,activated_stellate,5,activated_stellate,12.402433,4.5609217,5874,1.6218317747116089
human3_lib3.final_cell_0443-2,human3,alpha,1,alpha,9.776873,-7.9210286,5875,0.5402199625968933
human3_lib3.final_cell_0444-2,human3,beta,0,beta,-0.7555353,9.98765,5876,1.0024183988571167
human3_lib3.final_cell_0445-2,human3,beta,0,beta,-1.1619067,10.519721,5877,1.1974587440490725
human3_lib3.final_cell_0446-2,human3,alpha,1,alpha,8.764372,-7.9413924,5878,0.7302020788192749
human3_lib3.final_cell_0447-2,human3,endothelial,7,endothelial,13.020441,3.9460912,5879,2.52614426612854
human3_lib3.final_cell_0448-2,human3,alpha,1,alpha,7.7225184,-6.5928297,5880,0.6698344349861145
human3_lib3.final_cell_0449-2,human3,ductal,3,ductal,18.2663,1.1310246,5881,1.1804656982421875
human3_lib3.final_cell_0450-2,human3,delta,4,delta,-3.216057,3.8324986,5882,1.100722074508667
human3_lib3.final_cell_0451-2,human3,alpha,1,alpha,9.156101,-6.148203,5883,0.6475392580032349
human3_lib3.final_cell_0452-2,human3,alpha,1,alpha,7.217178,-5.148972,5884,0.9126640558242798
human3_lib3.final_cell_0453-2,human3,acinar,2,acinar,17.526558,13.896317,5885,0.4911247789859772
human3_lib3.final_cell_0454-2,human3,ductal,3,ductal,18.79295,0.36124268,5886,0.9621869325637816
human3_lib3.final_cell_0455-2,human3,alpha,1,alpha,8.737682,-5.1986074,5887,0.7977419495582581
human3_lib3.final_cell_0456-2,human3,alpha,1,alpha,8.392666,-5.256855,5888,1.3567025661468506
human3_lib3.final_cell_0457-2,human3,alpha,1,alpha,8.922286,-6.8179097,5889,0.8598896861076355
human3_lib3.final_cell_0458-2,human3,alpha,1,alpha,8.164731,-7.1097856,5890,0.7731494307518005
human3_lib3.final_cell_0459-2,human3,ductal,3,ductal,18.508902,-0.76377,5891,1.226131558418274
human3_lib3.final_cell_0460-2,human3,alpha,1,alpha,8.805007,-8.130323,5892,0.7076523303985596
human3_lib3.final_cell_0461-2,human3,ductal,3,ductal,17.439156,0.96467316,5893,3.588205099105835
human3_lib3.final_cell_0462-2,human3,alpha,1,alpha,6.2048845,-4.2320414,5894,1.084507703781128
human3_lib3.final_cell_0463-2,human3,alpha,1,alpha,8.90936,-8.785034,5895,0.7176735401153564
human3_lib3.final_cell_0464-2,human3,beta,0,beta,0.47771618,8.103164,5896,0.8110645413398743
human3_lib3.final_cell_0465-2,human3,beta,0,beta,0.52008986,8.149502,5897,0.9015925526618958
human3_lib3.final_cell_0466-2,human3,beta,0,beta,0.37568972,11.871356,5898,0.6008008122444153
human3_lib3.final_cell_0467-2,human3,acinar,2,acinar,18.148502,14.914419,5899,0.3991341888904571
human3_lib3.final_cell_0468-2,human3,alpha,1,alpha,8.785996,-7.7006974,5900,0.6537700295448303
human3_lib3.final_cell_0469-2,human3,alpha,1,alpha,8.664721,-5.594427,5901,1.0430912971496582
human3_lib3.final_cell_0470-2,human3,alpha,1,alpha,6.909654,-5.0609794,5902,1.539299249649048
human3_lib3.final_cell_0471-2,human3,ductal,3,ductal,18.818567,-0.09138681,5903,1.3674308061599731
human3_lib3.final_cell_0472-2,human3,alpha,1,alpha,8.389143,-6.4935513,5904,0.599789023399353
human3_lib3.final_cell_0473-2,human3,acinar,2,acinar,17.78204,11.741716,5905,1.141808032989502
human3_lib3.final_cell_0474-2,human3,alpha,1,alpha,9.030097,-6.6435447,5906,0.7415021657943726
human3_lib3.final_cell_0475-2,human3,beta,0,beta,-0.8239165,11.613369,5907,0.7869729399681091
human3_lib3.final_cell_0476-2,human3,beta,0,beta,0.42182297,8.728018,5908,0.9184044003486632
human3_lib3.final_cell_0477-2,human3,delta,4,delta,-2.7376792,3.4152112,5909,0.7180368900299072
human3_lib3.final_cell_0478-2,human3,acinar,2,acinar,18.425318,13.664987,5910,0.5280588269233704
human3_lib3.final_cell_0479-2,human3,alpha,1,alpha,9.219538,-5.323702,5911,1.1917682886123655
human3_lib3.final_cell_0480-2,human3,alpha,1,alpha,8.806193,-7.2696095,5912,1.2344740629196167
human3_lib3.final_cell_0481-2,human3,beta,0,beta,0.08799675,8.58132,5913,0.96928071975708
human3_lib3.final_cell_0482-2,human3,alpha,1,alpha,8.869848,-6.5896306,5914,0.7128111124038696
human3_lib3.final_cell_0483-2,human3,acinar,5,activated_stellate,12.960233,5.114213,5915,2.1955575942993164
human3_lib3.final_cell_0484-2,human3,gamma,6,gamma,-1.6654829,-3.0393667,5916,1.5578043460845947
human3_lib3.final_cell_0485-2,human3,alpha,1,alpha,8.009468,-7.497558,5917,0.6739549040794373
human3_lib3.final_cell_0486-2,human3,alpha,1,alpha,8.6281395,-6.9875493,5918,1.1528347730636597
human3_lib3.final_cell_0487-2,human3,beta,0,beta,-0.19902489,9.170728,5919,0.6667146682739258
human3_lib3.final_cell_0488-2,human3,alpha,1,alpha,8.705788,-7.284457,5920,0.7230952382087708
human3_lib3.final_cell_0489-2,human3,beta,0,beta,0.2723943,11.478416,5921,0.6633039116859436
human3_lib3.final_cell_0490-2,human3,ductal,3,ductal,18.063347,-0.997548,5922,1.814013719558716
human3_lib3.final_cell_0491-2,human3,ductal,3,ductal,18.9113,1.6707951,5923,0.7993792295455933
human3_lib3.final_cell_0492-2,human3,alpha,1,alpha,8.497483,-6.992301,5924,0.8883562684059143
human3_lib3.final_cell_0493-2,human3,beta,0,beta,0.4558844,10.846056,5925,0.6071768999099731
human3_lib3.final_cell_0494-2,human3,alpha,1,alpha,8.584404,-5.854558,5926,0.6829514503479004
human3_lib3.final_cell_0495-2,human3,acinar,2,acinar,17.775946,12.943887,5927,0.3845422863960266
human3_lib3.final_cell_0496-2,human3,ductal,3,ductal,18.682642,0.8946214,5928,0.9438731074333192
human3_lib3.final_cell_0497-2,human3,alpha,1,alpha,8.332117,-8.016926,5929,0.6244414448738098
human3_lib3.final_cell_0498-2,human3,alpha,1,alpha,8.275449,-5.740735,5930,0.6443556547164917
human3_lib3.final_cell_0499-2,human3,alpha,1,alpha,6.8456655,-5.1062155,5931,1.1239285469055176
human3_lib3.final_cell_0500-2,human3,alpha,1,alpha,7.133726,-4.8658233,5932,1.8859397172927856
human3_lib3.final_cell_0501-2,human3,beta,0,beta,0.9192939,11.178423,5933,0.6293191313743591
human3_lib3.final_cell_0502-2,human3,alpha,1,alpha,5.7371945,-4.1399117,5934,1.7407931089401243
human3_lib3.final_cell_0503-2,human3,beta,0,beta,-1.0157843,11.334425,5935,1.1591668128967283
human3_lib3.final_cell_0504-2,human3,beta,0,beta,0.8893039,9.710955,5936,0.5959955453872681
human3_lib3.final_cell_0505-2,human3,alpha,1,alpha,7.7962074,-4.9036465,5937,1.987148404121399
human3_lib3.final_cell_0506-2,human3,alpha,1,alpha,7.2606273,-6.519728,5938,0.8374882936477661
human3_lib3.final_cell_0507-2,human3,beta,0,beta,1.0630971,12.051412,5939,0.8547875881195068
human3_lib3.final_cell_0508-2,human3,alpha,1,alpha,9.100054,-3.9119036,5940,1.1776460409164429
human3_lib3.final_cell_0509-2,human3,alpha,1,alpha,7.8023944,-6.087613,5941,0.7333418130874634
human3_lib3.final_cell_0510-2,human3,alpha,1,alpha,9.416438,-8.576668,5942,0.6524817943572998
human3_lib3.final_cell_0511-2,human3,alpha,1,alpha,5.905651,-4.001435,5943,1.5300147533416748
human3_lib3.final_cell_0512-2,human3,alpha,1,alpha,7.5999928,-5.2627673,5944,0.5759474635124207
human3_lib3.final_cell_0513-2,human3,alpha,1,alpha,5.433425,-3.8909361,5945,2.1339735984802246
human3_lib3.final_cell_0514-2,human3,beta,0,beta,0.70918655,11.618083,5946,0.5954914093017578
human3_lib3.final_cell_0515-2,human3,beta,0,beta,0.43657088,8.925715,5947,0.6216244101524353
human3_lib3.final_cell_0516-2,human3,activated_stellate,5,activated_stellate,12.816449,4.914302,5948,1.6333783864974976
human3_lib3.final_cell_0517-2,human3,endothelial,7,endothelial,12.819015,4.144344,5949,2.838065385818481
human3_lib3.final_cell_0518-2,human3,activated_stellate,5,activated_stellate,12.033596,6.2959547,5950,1.5822120904922483
human3_lib3.final_cell_0519-2,human3,activated_stellate,5,activated_stellate,11.203409,5.528403,5951,2.0653650760650635
human3_lib3.final_cell_0520-2,human3,beta,0,beta,0.016433157,8.344692,5952,0.8575810194015503
human3_lib3.final_cell_0521-2,human3,ductal,3,ductal,17.691236,0.94698787,5953,3.568047046661377
human3_lib3.final_cell_0522-2,human3,ductal,3,ductal,18.36909,1.2485384,5954,0.9115995168685912
human3_lib3.final_cell_0523-2,human3,activated_stellate,5,activated_stellate,12.47492,4.512149,5955,1.8398979902267456
human3_lib3.final_cell_0524-2,human3,ductal,3,ductal,18.647291,-0.040264793,5956,1.2630107402801514
human3_lib3.final_cell_0525-2,human3,acinar,2,acinar,18.151936,15.3121195,5957,0.3868107497692108
human3_lib3.final_cell_0526-2,human3,alpha,1,alpha,9.201408,-6.9460716,5958,1.1684528589248655
human3_lib3.final_cell_0527-2,human3,beta,0,beta,1.1595846,9.447378,5959,0.8097434043884277
human3_lib3.final_cell_0528-2,human3,ductal,3,ductal,18.408842,-0.75939006,5960,1.1023648977279663
human3_lib3.final_cell_0529-2,human3,gamma,6,gamma,-1.7225392,-3.0255787,5961,0.9576289057731628
human3_lib3.final_cell_0530-2,human3,activated_stellate,5,activated_stellate,11.082918,5.5366178,5962,1.8693007230758667
human3_lib3.final_cell_0531-2,human3,beta,0,beta,-0.8626948,7.379062,5963,1.750222086906433
human3_lib3.final_cell_0532-2,human3,delta,4,delta,-4.0960474,2.858293,5964,1.2063758373260498
human3_lib3.final_cell_0533-2,human3,alpha,1,alpha,8.054183,-7.449535,5965,0.6406270861625671
human3_lib3.final_cell_0534-2,human3,beta,0,beta,-0.74434733,8.579219,5966,1.033763408660889
human3_lib3.final_cell_0535-2,human3,alpha,1,alpha,9.356885,-5.536665,5967,1.6555140018463137
human3_lib3.final_cell_0536-2,human3,acinar,2,acinar,16.99284,16.326817,5968,0.4361900091171264
human3_lib3.final_cell_0537-2,human3,acinar,2,acinar,17.491219,14.057639,5969,0.3986866474151611
human3_lib3.final_cell_0538-2,human3,alpha,1,alpha,6.3807898,-5.7814207,5970,1.6944817304611206
human3_lib3.final_cell_0539-2,human3,alpha,1,alpha,6.55124,-4.7974534,5971,0.7658655047416687
human3_lib3.final_cell_0540-2,human3,ductal,3,ductal,18.967052,1.4864868,5972,0.9606334567070008
human3_lib3.final_cell_0541-2,human3,ductal,6,gamma,-1.7158353,-2.8620763,5973,1.729776382446289
human3_lib3.final_cell_0542-2,human3,beta,0,beta,1.3570044,9.489521,5974,0.6599342226982117
human3_lib3.final_cell_0543-2,human3,alpha,1,alpha,8.462283,-8.208042,5975,0.5428367853164673
human3_lib3.final_cell_0544-2,human3,alpha,1,alpha,7.218623,-5.462996,5976,0.8271228075027466
human3_lib3.final_cell_0545-2,human3,alpha,1,alpha,6.186523,-4.2181487,5977,0.8738828897476196
human3_lib3.final_cell_0546-2,human3,ductal,3,ductal,18.713072,1.5873731,5978,3.0421478748321533
human3_lib3.final_cell_0547-2,human3,ductal,3,ductal,18.972952,1.3361759,5979,0.9709166884422302
human3_lib3.final_cell_0548-2,human3,alpha,1,alpha,7.826052,-7.246992,5980,0.4895446300506592
human3_lib3.final_cell_0549-2,human3,beta,0,beta,1.6977539,9.26191,5981,0.6151050329208374
human3_lib3.final_cell_0550-2,human3,alpha,1,alpha,8.819509,-7.291933,5982,0.8242430686950684
human3_lib3.final_cell_0551-2,human3,acinar,2,acinar,18.342852,14.657957,5983,1.0322701930999756
human3_lib3.final_cell_0552-2,human3,alpha,1,alpha,8.524487,-5.6361146,5984,0.535270094871521
human3_lib3.final_cell_0553-2,human3,beta,0,beta,0.6921246,11.735892,5985,0.6802884340286255
human3_lib3.final_cell_0554-2,human3,activated_stellate,5,activated_stellate,10.741357,5.200992,5986,1.726335525512695
human3_lib3.final_cell_0555-2,human3,beta,0,beta,-0.15298933,11.257352,5987,0.6141412258148193
human3_lib3.final_cell_0556-2,human3,beta,0,beta,0.3819154,10.357098,5988,0.8382940888404846
human3_lib3.final_cell_0557-2,human3,alpha,1,alpha,8.841631,-8.385364,5989,0.5832526683807373
human3_lib3.final_cell_0558-2,human3,ductal,3,ductal,17.667532,1.6407439,5990,1.4881027936935425
human3_lib3.final_cell_0559-2,human3,alpha,1,alpha,7.315657,-6.943307,5991,1.5445160865783691
human3_lib3.final_cell_0560-2,human3,acinar,2,acinar,18.063847,15.000641,5992,0.5987828969955444
human3_lib3.final_cell_0561-2,human3,alpha,1,alpha,6.706021,-6.777277,5993,0.6523720026016235
human3_lib3.final_cell_0562-2,human3,gamma,6,gamma,-2.4191663,-3.5369763,5994,1.714618682861328
human3_lib3.final_cell_0563-2,human3,delta,4,delta,-2.8243184,2.8598938,5995,2.361757755279541
human3_lib3.final_cell_0564-2,human3,activated_stellate,5,activated_stellate,11.167398,5.567289,5996,1.701150894165039
human3_lib3.final_cell_0565-2,human3,alpha,1,alpha,9.016202,-7.635008,5997,0.7069995999336243
human3_lib3.final_cell_0566-2,human3,alpha,1,alpha,7.30213,-4.849504,5998,0.8296746015548706
human3_lib3.final_cell_0567-2,human3,alpha,1,alpha,7.8099585,-5.2885137,5999,0.6928694248199463
human3_lib3.final_cell_0568-2,human3,alpha,1,alpha,8.07783,-6.0736923,6000,0.7325272560119629
human3_lib3.final_cell_0569-2,human3,alpha,1,alpha,8.444805,-7.541918,6001,0.5503513813018799
human3_lib3.final_cell_0570-2,human3,acinar,2,acinar,17.90249,12.448884,6002,0.959347665309906
human3_lib3.final_cell_0571-2,human3,alpha,1,alpha,8.984814,-8.586251,6003,0.7188426852226257
human3_lib3.final_cell_0572-2,human3,delta,4,delta,-1.73258,5.5158644,6004,2.1809301376342773
human3_lib3.final_cell_0573-2,human3,alpha,1,alpha,7.1735992,-4.756119,6005,0.9973026514053344
human3_lib3.final_cell_0574-2,human3,beta,0,beta,0.8211246,11.288789,6006,1.0281919240951538
human3_lib3.final_cell_0575-2,human3,alpha,1,alpha,6.9590964,-4.6057014,6007,0.9859381318092346
human3_lib3.final_cell_0576-2,human3,ductal,3,ductal,19.060686,1.3027443,6008,0.8488755226135254
human3_lib3.final_cell_0577-2,human3,alpha,1,alpha,9.202672,-8.916329,6009,0.9004557132720947
human3_lib3.final_cell_0578-2,human3,alpha,1,alpha,8.065844,-7.716476,6010,0.6644206643104553
human3_lib3.final_cell_0579-2,human3,beta,0,beta,-0.2327459,11.134841,6011,0.7600498795509338
human3_lib3.final_cell_0580-2,human3,alpha,1,alpha,8.722995,-7.25242,6012,0.7506350874900818
human3_lib3.final_cell_0581-2,human3,quiescent_stellate,5,activated_stellate,12.610997,4.6789927,6013,1.899663209915161
human3_lib3.final_cell_0582-2,human3,alpha,1,alpha,9.479795,-7.830019,6014,0.5619672536849976
human3_lib3.final_cell_0583-2,human3,beta,0,beta,-0.68760365,9.516716,6015,1.252626657485962
human3_lib3.final_cell_0584-2,human3,delta,4,delta,-3.557478,3.8131428,6016,1.167945384979248
human3_lib3.final_cell_0585-2,human3,alpha,1,alpha,7.79558,-7.6826744,6017,0.7412086725234985
human3_lib3.final_cell_0586-2,human3,acinar,2,acinar,17.442991,15.712605,6018,0.6940214037895203
human3_lib3.final_cell_0587-2,human3,alpha,1,alpha,9.062584,-5.2192826,6019,1.5263680219650269
human3_lib3.final_cell_0588-2,human3,ductal,3,ductal,18.363504,-0.82464635,6020,1.1863434314727783
human3_lib3.final_cell_0589-2,human3,beta,0,beta,-0.52395207,9.721102,6021,0.6751464009284973
human3_lib3.final_cell_0590-2,human3,alpha,1,alpha,9.471061,-6.6963377,6022,0.7500520944595337
human3_lib3.final_cell_0591-2,human3,beta,0,beta,-0.32361698,11.866191,6023,0.7069058418273926
human3_lib3.final_cell_0592-2,human3,beta,0,beta,0.5789817,12.885289,6024,0.9869370460510254
human3_lib3.final_cell_0593-2,human3,acinar,2,acinar,18.06983,12.820386,6025,0.7116816639900208
human3_lib3.final_cell_0594-2,human3,beta,0,beta,0.766709,11.276152,6026,0.5467565655708313
human3_lib3.final_cell_0595-2,human3,alpha,1,alpha,7.886897,-5.548675,6027,0.8846328258514404
human3_lib3.final_cell_0596-2,human3,endothelial,7,endothelial,12.960508,4.004931,6028,2.7449285984039307
human3_lib3.final_cell_0597-2,human3,ductal,3,ductal,17.438698,0.82884264,6029,3.548836231231689
human3_lib3.final_cell_0598-2,human3,alpha,1,alpha,9.617602,-6.7011085,6030,0.7919235825538635
human3_lib3.final_cell_0599-2,human3,alpha,1,alpha,8.461649,-6.3130455,6031,0.7861079573631287
human3_lib3.final_cell_0600-2,human3,alpha,1,alpha,6.8367743,-5.4087234,6032,1.7556278705596924
human3_lib3.final_cell_0601-2,human3,alpha,1,alpha,9.001353,-8.75538,6033,0.478195458650589
human3_lib3.final_cell_0602-2,human3,delta,4,delta,-2.9005377,2.7686539,6034,1.1668657064437866
human3_lib3.final_cell_0603-2,human3,acinar,2,acinar,18.082386,13.955419,6035,0.4977386891841888
human3_lib3.final_cell_0604-2,human3,beta,0,beta,0.52200085,12.415538,6036,0.7944328784942627
human3_lib3.final_cell_0605-2,human3,beta,0,beta,-0.7610747,12.277893,6037,1.5408921241760254
human3_lib3.final_cell_0606-2,human3,alpha,1,alpha,9.1040535,-3.7133584,6038,1.7106982469558716
human3_lib3.final_cell_0607-2,human3,acinar,2,acinar,17.868229,15.489712,6039,0.5817116498947144
human3_lib3.final_cell_0608-2,human3,activated_stellate,5,activated_stellate,11.341063,5.636174,6040,1.5532753467559814
human3_lib3.final_cell_0609-2,human3,alpha,1,alpha,5.9371314,-4.1115527,6041,2.0169320106506348
human3_lib3.final_cell_0610-2,human3,acinar,2,acinar,17.946733,15.150778,6042,0.3906053900718689
human3_lib3.final_cell_0611-2,human3,alpha,1,alpha,5.434068,-3.9017632,6043,1.696090579032898
human3_lib3.final_cell_0612-2,human3,alpha,1,alpha,6.6620784,-5.7332315,6044,0.6805786490440369
human3_lib3.final_cell_0613-2,human3,acinar,2,acinar,16.376917,15.07052,6045,0.532056987285614
human3_lib3.final_cell_0614-2,human3,gamma,6,gamma,-2.4987998,-3.5058033,6046,2.0914628505706787
human3_lib3.final_cell_0615-2,human3,alpha,1,alpha,8.95294,-6.380231,6047,0.5734217762947083
human3_lib3.final_cell_0616-2,human3,alpha,1,alpha,9.179707,-3.5953143,6048,1.6849961280822754
human3_lib3.final_cell_0617-2,human3,acinar,5,activated_stellate,12.942818,5.0924788,6049,2.461264133453369
human3_lib3.final_cell_0618-2,human3,alpha,1,alpha,9.145935,-8.939511,6050,0.5466938614845276
human3_lib3.final_cell_0619-2,human3,alpha,1,alpha,9.013732,-8.226304,6051,0.7947322726249695
human3_lib3.final_cell_0620-2,human3,alpha,4,delta,-2.8135169,3.0235462,6052,2.202913284301758
human3_lib3.final_cell_0621-2,human3,epsilon,6,gamma,-1.7231678,-2.9547253,6053,1.772164225578308
human3_lib3.final_cell_0622-2,human3,alpha,1,alpha,9.104115,-3.9319499,6054,1.130362033843994
human3_lib3.final_cell_0623-2,human3,alpha,1,alpha,8.710691,-8.425576,6055,0.5608032941818237
human3_lib3.final_cell_0624-2,human3,alpha,1,alpha,8.40481,-8.105395,6056,0.8189733624458313
human3_lib3.final_cell_0625-2,human3,delta,4,delta,-4.4887214,2.8239536,6057,1.045189380645752
human3_lib3.final_cell_0626-2,human3,ductal,3,ductal,18.298717,1.223977,6058,1.2567218542099
human3_lib3.final_cell_0627-2,human3,alpha,1,alpha,6.891659,-7.0251637,6059,0.655414879322052
human3_lib3.final_cell_0628-2,human3,ductal,3,ductal,17.397505,3.0543628,6060,2.1904239654541016
human3_lib3.final_cell_0629-2,human3,beta,0,beta,-1.2440606,10.511356,6061,0.8822697997093201
human3_lib3.final_cell_0630-2,human3,alpha,1,alpha,8.984678,-5.4443865,6062,1.0597418546676636
human3_lib3.final_cell_0631-2,human3,alpha,1,alpha,9.18143,-8.1072855,6063,1.1181979179382324
human3_lib3.final_cell_0632-2,human3,alpha,1,alpha,8.241062,-4.9821496,6064,1.1155589818954468
human3_lib3.final_cell_0633-2,human3,alpha,1,alpha,7.825417,-4.791377,6065,1.4329148530960083
human3_lib3.final_cell_0634-2,human3,beta,0,beta,1.1528664,10.160564,6066,0.6180038452148438
human3_lib3.final_cell_0635-2,human3,alpha,1,alpha,7.1143875,-4.252033,6067,1.079153537750244
human3_lib3.final_cell_0636-2,human3,alpha,1,alpha,7.2834563,-6.2921743,6068,0.8503949642181396
human3_lib3.final_cell_0637-2,human3,acinar,2,acinar,18.117085,14.118737,6069,0.5626093149185181
human3_lib3.final_cell_0638-2,human3,ductal,3,ductal,18.555231,1.426614,6070,3.588205099105835
human3_lib3.final_cell_0639-2,human3,endothelial,7,endothelial,12.777272,4.157516,6071,2.4939630031585693
human3_lib3.final_cell_0640-2,human3,ductal,3,ductal,18.263857,1.2575982,6072,1.7491556406021118
human3_lib3.final_cell_0641-2,human3,acinar,2,acinar,18.14969,14.730759,6073,0.3884604275226593
human3_lib3.final_cell_0642-2,human3,acinar,2,acinar,17.38952,13.542917,6074,0.4717490077018738
human3_lib3.final_cell_0643-2,human3,alpha,1,alpha,7.9677815,-6.368634,6075,0.8102492690086365
human3_lib3.final_cell_0644-2,human3,alpha,1,alpha,6.3171244,-4.322756,6076,1.0245625972747805
human3_lib3.final_cell_0645-2,human3,alpha,1,alpha,8.490247,-5.2446027,6077,1.021669626235962
human3_lib3.final_cell_0646-2,human3,acinar,2,acinar,17.535625,14.038671,6078,0.3873950242996216
human3_lib3.final_cell_0647-2,human3,alpha,1,alpha,8.375517,-8.4616785,6079,0.6053495407104492
human3_lib3.final_cell_0648-2,human3,alpha,1,alpha,8.980681,-5.7678657,6080,1.1374906301498413
human3_lib3.final_cell_0649-2,human3,activated_stellate,5,activated_stellate,12.833854,5.4552217,6081,1.7234745025634766
human3_lib3.final_cell_0650-2,human3,alpha,1,alpha,9.020596,-6.479755,6082,0.7252858281135559
human3_lib3.final_cell_0651-2,human3,acinar,3,ductal,18.703941,0.7239256,6083,2.213029146194458
human3_lib3.final_cell_0652-2,human3,alpha,1,alpha,6.2779064,-4.572524,6084,0.9861040711402892
human3_lib3.final_cell_0653-2,human3,beta,0,beta,0.3132699,11.965202,6085,0.5828354358673096
human3_lib3.final_cell_0654-2,human3,ductal,3,ductal,17.695656,1.6311953,6086,1.25965678691864
human3_lib3.final_cell_0655-2,human3,alpha,1,alpha,9.446344,-6.680716,6087,0.639180064201355
human3_lib3.final_cell_0656-2,human3,beta,0,beta,1.6342975,11.091947,6088,0.771316409111023
human3_lib3.final_cell_0657-2,human3,alpha,1,alpha,8.135403,-7.0169387,6089,0.5427941083908081
human3_lib3.final_cell_0658-2,human3,alpha,1,alpha,7.8103995,-4.8564005,6090,1.342102289199829
human3_lib3.final_cell_0659-2,human3,alpha,1,alpha,8.229255,-6.573111,6091,1.0593690872192385
human3_lib3.final_cell_0660-2,human3,beta,0,beta,-0.00072109996,10.813321,6092,0.7226089835166931
human3_lib3.final_cell_0661-2,human3,acinar,2,acinar,18.538067,13.100762,6093,0.801723837852478
human3_lib3.final_cell_0662-2,human3,alpha,1,alpha,8.118396,-7.969964,6094,0.8409369587898254
human3_lib3.final_cell_0663-2,human3,alpha,1,alpha,7.901991,-7.0746784,6095,0.6752381324768066
human3_lib3.final_cell_0664-2,human3,acinar,2,acinar,18.069338,12.515365,6096,1.0611255168914795
human3_lib3.final_cell_0665-2,human3,delta,4,delta,-2.8619354,2.9281704,6097,0.9905794858932496
human3_lib3.final_cell_0666-2,human3,alpha,1,alpha,8.971249,-6.2646036,6098,0.8428932428359985
human3_lib3.final_cell_0667-2,human3,alpha,1,alpha,7.1530194,-5.0655737,6099,0.5806999206542969
human3_lib3.final_cell_0668-2,human3,alpha,1,alpha,9.146651,-7.5616393,6100,1.050177812576294
human3_lib3.final_cell_0669-2,human3,activated_stellate,5,activated_stellate,11.157431,5.440154,6101,1.758936882019043
human3_lib3.final_cell_0670-2,human3,beta,0,beta,-0.46348697,7.9224133,6102,1.6747126579284668
human3_lib3.final_cell_0671-2,human3,beta,0,beta,1.843,9.652282,6103,0.7463093996047974
human3_lib3.final_cell_0672-2,human3,alpha,1,alpha,7.832369,-4.770989,6104,1.360783934593201
human3_lib3.final_cell_0673-2,human3,delta,4,delta,-2.6244674,2.8381827,6105,1.2152749300003052
human3_lib3.final_cell_0674-2,human3,ductal,3,ductal,18.216696,0.04076372,6106,1.2297682762145996
human3_lib3.final_cell_0675-2,human3,beta,0,beta,-1.0071721,12.063793,6107,0.7395815253257751
human3_lib3.final_cell_0676-2,human3,alpha,1,alpha,9.271922,-5.618962,6108,0.8402707576751709
human3_lib3.final_cell_0677-2,human3,ductal,3,ductal,18.11184,1.8978109,6109,1.0309025049209597
human3_lib3.final_cell_0678-2,human3,alpha,1,alpha,6.2385345,-4.142148,6110,2.359344959259033
human3_lib3.final_cell_0679-2,human3,alpha,1,alpha,8.962841,-8.182591,6111,0.493737131357193
human3_lib3.final_cell_0680-2,human3,acinar,2,acinar,17.637203,13.084878,6112,0.9112218618392944
human3_lib3.final_cell_0681-2,human3,gamma,6,gamma,-1.6765763,-3.0674677,6113,1.0027430057525637
human3_lib3.final_cell_0682-2,human3,activated_stellate,5,activated_stellate,11.190303,5.5739827,6114,1.9434757232666016
human3_lib3.final_cell_0683-2,human3,beta,0,beta,0.83645326,12.22628,6115,0.5814288258552551
human3_lib3.final_cell_0684-2,human3,acinar,2,acinar,18.00659,15.090283,6116,0.4175586700439453
human3_lib3.final_cell_0685-2,human3,acinar,2,acinar,17.215435,15.838918,6117,0.4050421714782715
human3_lib3.final_cell_0686-2,human3,alpha,1,alpha,9.186487,-5.975569,6118,0.7057054042816162
human3_lib3.final_cell_0687-2,human3,beta,0,beta,-0.009364979,10.072356,6119,0.9434890747070312
human3_lib3.final_cell_0688-2,human3,alpha,1,alpha,8.24084,-6.540186,6120,0.6188941597938538
human3_lib3.final_cell_0689-2,human3,beta,0,beta,1.5946072,9.395469,6121,0.7136702537536621
human3_lib3.final_cell_0690-2,human3,beta,0,beta,-0.6955122,9.767438,6122,0.6743844151496887
human3_lib3.final_cell_0691-2,human3,alpha,1,alpha,9.041901,-6.489734,6123,0.882608950138092
human3_lib3.final_cell_0692-2,human3,alpha,1,alpha,7.0824533,-5.470483,6124,0.6764912009239197
human3_lib3.final_cell_0693-2,human3,ductal,3,ductal,18.658712,0.786798,6125,0.976978063583374
human3_lib3.final_cell_0694-2,human3,ductal,3,ductal,18.54479,0.6808091,6126,1.2677029371261597
human3_lib3.final_cell_0695-2,human3,activated_stellate,5,activated_stellate,10.981683,5.545569,6127,1.7649236917495728
human3_lib3.final_cell_0696-2,human3,acinar,2,acinar,18.351936,13.313742,6128,0.5685862302780151
human3_lib3.final_cell_0697-2,human3,beta,0,beta,-0.44198796,10.161835,6129,0.8325886130332947
human3_lib3.final_cell_0698-2,human3,beta,0,beta,0.6356711,9.083251,6130,1.2225673198699951
human3_lib3.final_cell_0699-2,human3,acinar,2,acinar,18.052053,12.198117,6131,0.610173761844635
human3_lib3.final_cell_0700-2,human3,beta,0,beta,-0.90646565,8.781137,6132,1.6276612281799316
human3_lib3.final_cell_0701-2,human3,alpha,1,alpha,7.9409885,-6.2219524,6133,0.6359097957611084
human3_lib3.final_cell_0702-2,human3,activated_stellate,5,activated_stellate,12.891801,5.352575,6134,1.7819839715957642
human3_lib3.final_cell_0703-2,human3,acinar,2,acinar,17.697168,13.824726,6135,0.4107921719551086
human3_lib3.final_cell_0704-2,human3,alpha,1,alpha,8.233585,-5.018924,6136,1.1099921464920044
human3_lib3.final_cell_0705-2,human3,ductal,3,ductal,19.076023,0.27252328,6137,0.9605666995048524
human3_lib3.final_cell_0706-2,human3,beta,0,beta,1.6192749,10.504954,6138,0.6241270899772644
human3_lib3.final_cell_0707-2,human3,alpha,1,alpha,9.448295,-8.594364,6139,0.6537922620773315
human3_lib3.final_cell_0708-2,human3,alpha,1,alpha,8.061575,-6.689005,6140,0.8087050318717957
human3_lib3.final_cell_0709-2,human3,beta,0,beta,0.20204097,12.087059,6141,0.6880893111228943
human3_lib3.final_cell_0710-2,human3,alpha,1,alpha,8.8058815,-6.4312134,6142,1.0591596364974976
human3_lib3.final_cell_0711-2,human3,alpha,1,alpha,5.8857327,-4.3948083,6143,1.4620091915130615
human3_lib3.final_cell_0712-2,human3,acinar,2,acinar,16.95863,15.78204,6144,0.4919425845146179
human3_lib3.final_cell_0713-2,human3,alpha,1,alpha,8.5117035,-6.766435,6145,0.5405569672584534
human3_lib3.final_cell_0714-2,human3,alpha,1,alpha,8.74185,-8.594379,6146,0.6963525414466858
human3_lib3.final_cell_0715-2,human3,alpha,1,alpha,7.801106,-6.512243,6147,0.5468254685401917
human3_lib3.final_cell_0716-2,human3,beta,0,beta,0.91789156,8.913949,6148,1.367236852645874
human3_lib3.final_cell_0717-2,human3,alpha,1,alpha,9.334657,-5.748627,6149,1.1197969913482666
human3_lib3.final_cell_0718-2,human3,beta,0,beta,-0.15253903,9.6191635,6150,0.8673973083496094
human3_lib3.final_cell_0719-2,human3,ductal,3,ductal,18.798746,2.0315597,6151,1.050754189491272
human3_lib3.final_cell_0720-2,human3,alpha,1,alpha,8.835248,-8.83346,6152,0.5559155344963074
human3_lib3.final_cell_0721-2,human3,alpha,1,alpha,6.4906015,-4.3686423,6153,1.1292681694030762
human3_lib3.final_cell_0722-2,human3,ductal,3,ductal,18.513327,-0.48748025,6154,0.9022597670555116
human3_lib3.final_cell_0723-2,human3,acinar,2,acinar,16.45297,15.571718,6155,0.5226786732673645
human3_lib3.final_cell_0724-2,human3,ductal,3,ductal,18.101624,1.7183822,6156,1.263421893119812
human3_lib3.final_cell_0725-2,human3,acinar,2,acinar,17.820345,13.459343,6157,0.5878618955612183
human3_lib3.final_cell_0726-2,human3,acinar,2,acinar,17.396015,13.620967,6158,0.4891221821308136
human3_lib3.final_cell_0727-2,human3,beta,0,beta,0.79526865,10.020049,6159,0.870274007320404
human3_lib3.final_cell_0728-2,human3,acinar,2,acinar,17.389322,13.353457,6160,0.3845422863960266
human3_lib3.final_cell_0729-2,human3,alpha,2,acinar,17.740135,11.358857,6161,1.44641375541687
human3_lib3.final_cell_0730-2,human3,alpha,1,alpha,6.321145,-4.585297,6162,1.348629593849182
human3_lib3.final_cell_0731-2,human3,ductal,3,ductal,18.919542,0.22089009,6163,1.0123348236083984
human3_lib3.final_cell_0732-2,human3,alpha,1,alpha,6.2090173,-4.085337,6164,0.7983530163764954
human3_lib3.final_cell_0733-2,human3,alpha,1,alpha,9.543446,-7.8838863,6165,0.533964216709137
human3_lib3.final_cell_0734-2,human3,activated_stellate,5,activated_stellate,10.902814,5.468869,6166,1.9374102354049685
human3_lib3.final_cell_0735-2,human3,acinar,2,acinar,17.993336,12.868005,6167,0.4687645435333252
human3_lib3.final_cell_0736-2,human3,acinar,2,acinar,17.800299,13.015996,6168,0.7219474911689758
human3_lib3.final_cell_0737-2,human3,alpha,1,alpha,7.8448353,-7.970979,6169,0.8323773145675659
human3_lib3.final_cell_0738-2,human3,acinar,2,acinar,18.544336,13.080392,6170,0.6523838639259338
human3_lib3.final_cell_0739-2,human3,alpha,1,alpha,8.019042,-7.8830657,6171,0.7561939358711243
human3_lib3.final_cell_0740-2,human3,alpha,1,alpha,10.122499,-6.721335,6172,1.0661529302597046
human3_lib3.final_cell_0741-2,human3,beta,2,acinar,17.748053,11.458085,6173,1.1654733419418335
human3_lib3.final_cell_0742-2,human3,alpha,1,alpha,8.713487,-8.7000065,6174,0.8006841540336609
human3_lib3.final_cell_0743-2,human3,ductal,3,ductal,18.054869,1.5151625,6175,3.588205099105835
human3_lib3.final_cell_0744-2,human3,endothelial,7,endothelial,10.028094,12.7512045,6176,2.67577862739563
human3_lib3.final_cell_0745-2,human3,acinar,2,acinar,18.195795,12.287404,6177,1.1990379095077517
human3_lib3.final_cell_0746-2,human3,alpha,1,alpha,7.903357,-6.825598,6178,0.7659186720848083
human3_lib3.final_cell_0747-2,human3,ductal,3,ductal,18.333471,1.3504531,6179,1.0058504343032837
human3_lib3.final_cell_0748-2,human3,ductal,3,ductal,18.59729,2.2105613,6180,1.328437566757202
human3_lib3.final_cell_0749-2,human3,ductal,3,ductal,18.554375,-0.6499435,6181,0.929972529411316
human3_lib3.final_cell_0750-2,human3,alpha,1,alpha,7.64966,-5.8388915,6182,0.6764019131660461
human3_lib3.final_cell_0751-2,human3,alpha,1,alpha,9.036229,-8.829939,6183,0.819972813129425
human3_lib3.final_cell_0752-2,human3,alpha,1,alpha,6.457872,-4.212883,6184,0.5896827578544617
human3_lib3.final_cell_0753-2,human3,macrophage,8,macrophage,-11.027757,6.383766,6185,2.510169506072998
human3_lib3.final_cell_0754-2,human3,ductal,3,ductal,18.13405,1.9974481,6186,1.0243687629699707
human3_lib3.final_cell_0755-2,human3,alpha,1,alpha,8.147008,-7.5951467,6187,0.9249428510665894
human3_lib3.final_cell_0756-2,human3,alpha,1,alpha,6.982483,-4.8341265,6188,1.382681131362915
human3_lib3.final_cell_0757-2,human3,alpha,1,alpha,9.358768,-5.6468096,6189,1.035690426826477
human3_lib3.final_cell_0758-2,human3,alpha,1,alpha,7.1330338,-4.91901,6190,1.0472674369812012
human3_lib3.final_cell_0759-2,human3,activated_stellate,5,activated_stellate,12.559436,4.415893,6191,2.4793527126312256
human3_lib3.final_cell_0760-2,human3,alpha,1,alpha,6.749953,-5.841139,6192,1.3742821216583252
human3_lib3.final_cell_0761-2,human3,alpha,1,alpha,9.057359,-5.508538,6193,1.0730397701263428
human3_lib3.final_cell_0762-2,human3,ductal,3,ductal,17.427977,1.4769632,6194,2.240983009338379
human3_lib3.final_cell_0763-2,human3,alpha,1,alpha,7.917271,-6.6094313,6195,1.169532060623169
human3_lib3.final_cell_0764-2,human3,alpha,1,alpha,6.6114955,-4.69291,6196,0.8282506465911865
human3_lib3.final_cell_0765-2,human3,alpha,1,alpha,8.083599,-4.7832346,6197,0.6160479784011841
human3_lib3.final_cell_0766-2,human3,ductal,3,ductal,18.046432,0.5092433,6198,1.2703300714492798
human3_lib3.final_cell_0767-2,human3,alpha,1,alpha,6.017241,-4.1679044,6199,2.1479077339172363
human3_lib3.final_cell_0768-2,human3,alpha,1,alpha,8.007845,-7.439699,6200,0.7216026186943054
human3_lib3.final_cell_0769-2,human3,alpha,1,alpha,8.594695,-7.707867,6201,0.6812218427658081
human3_lib3.final_cell_0770-2,human3,alpha,1,alpha,7.314351,-5.630195,6202,2.466262102127075
human3_lib3.final_cell_0771-2,human3,alpha,1,alpha,6.692084,-4.664357,6203,2.255326986312866
human3_lib3.final_cell_0772-2,human3,alpha,1,alpha,9.041153,-5.922742,6204,1.16485857963562
human3_lib3.final_cell_0773-2,human3,alpha,1,alpha,8.829367,-7.6012692,6205,0.5215363502502441
human3_lib3.final_cell_0774-2,human3,endothelial,7,endothelial,9.556369,11.412849,6206,2.838065385818481
human3_lib3.final_cell_0775-2,human3,beta,0,beta,0.41198555,8.616889,6207,0.7691563963890076
human3_lib3.final_cell_0776-2,human3,beta,0,beta,0.28967538,9.441198,6208,1.6400904655456543
human3_lib3.final_cell_0777-2,human3,ductal,3,ductal,17.994278,-0.20431463,6209,1.650383472442627
human3_lib3.final_cell_0778-2,human3,beta,0,beta,-0.07466042,11.153831,6210,0.6343327760696411
human3_lib3.final_cell_0779-2,human3,alpha,1,alpha,6.9056187,-4.9695654,6211,1.9733045101165767
human3_lib3.final_cell_0780-2,human3,beta,0,beta,-0.18446936,10.138316,6212,0.7921518087387085
human3_lib3.final_cell_0781-2,human3,delta,4,delta,-2.7035923,2.856528,6213,1.7666778564453125
human3_lib3.final_cell_0782-2,human3,acinar,2,acinar,17.95672,14.165551,6214,1.358709692955017
human3_lib3.final_cell_0783-2,human3,alpha,1,alpha,7.0656004,-5.855273,6215,1.2027335166931152
human3_lib3.final_cell_0784-2,human3,acinar,2,acinar,18.297564,12.573639,6216,0.9780234098434448
human3_lib3.final_cell_0785-2,human3,ductal,3,ductal,19.06582,1.3987895,6217,1.466213345527649
human3_lib3.final_cell_0786-2,human3,beta,0,beta,1.5299975,9.052059,6218,0.6630697250366211
human3_lib3.final_cell_0787-2,human3,ductal,3,ductal,18.871052,2.1407256,6219,1.9044852256774905
human3_lib3.final_cell_0788-2,human3,gamma,6,gamma,-2.5982351,-4.126766,6220,1.1533989906311035
human3_lib3.final_cell_0789-2,human3,acinar,2,acinar,17.597532,13.725273,6221,1.1684048175811768
human3_lib3.final_cell_0790-2,human3,beta,0,beta,0.49698785,9.210442,6222,1.5295435190200806
human3_lib3.final_cell_0791-2,human3,alpha,1,alpha,8.952404,-7.578759,6223,0.5997467041015625
human3_lib3.final_cell_0792-2,human3,alpha,1,alpha,6.288732,-4.5860066,6224,0.7854607105255127
human3_lib3.final_cell_0793-2,human3,beta,0,beta,1.4279644,8.905719,6225,0.7699596285820007
human3_lib3.final_cell_0794-2,human3,beta,0,beta,0.070237346,11.078647,6226,0.7207698822021484
human3_lib3.final_cell_0795-2,human3,acinar,2,acinar,18.267921,12.622492,6227,0.4511677324771881
human3_lib3.final_cell_0796-2,human3,alpha,1,alpha,6.650115,-4.7066607,6228,2.433835983276367
human3_lib3.final_cell_0797-2,human3,alpha,1,alpha,8.60122,-7.8943124,6229,0.7683104276657104
human3_lib3.final_cell_0798-2,human3,alpha,1,alpha,9.995457,-8.563431,6230,0.7603603005409241
human3_lib3.final_cell_0799-2,human3,alpha,1,alpha,6.2672105,-4.0307918,6231,1.1444779634475708
human3_lib3.final_cell_0800-2,human3,delta,4,delta,-4.524183,2.412603,6232,0.7971869111061096
human3_lib3.final_cell_0801-2,human3,alpha,1,alpha,8.322799,-5.8794804,6233,0.683417797088623
human3_lib3.final_cell_0802-2,human3,mast,8,macrophage,15.467839,1.303757,6234,3.494101285934448
human3_lib3.final_cell_0803-2,human3,acinar,2,acinar,17.625776,13.085537,6235,0.4056542515754699
human3_lib3.final_cell_0804-2,human3,alpha,1,alpha,8.90166,-6.0947623,6236,0.6437855362892151
human3_lib3.final_cell_0805-2,human3,alpha,1,alpha,8.191153,-6.73043,6237,1.1341997385025024
human3_lib3.final_cell_0806-2,human3,activated_stellate,5,activated_stellate,12.543681,5.808626,6238,1.887876391410828
human3_lib3.final_cell_0807-2,human3,endothelial,7,endothelial,9.920566,13.133096,6239,2.0539891719818115
human3_lib3.final_cell_0808-2,human3,beta,0,beta,0.93789065,9.7242565,6240,1.1386877298355105
human3_lib3.final_cell_0809-2,human3,acinar,2,acinar,17.755705,11.511723,6241,0.9460732936859132
human3_lib3.final_cell_0810-2,human3,delta,4,delta,-4.3563232,2.4510386,6242,0.8274376392364502
human3_lib3.final_cell_0811-2,human3,beta,0,beta,0.07774631,11.654013,6243,0.6459911465644836
human3_lib3.final_cell_0812-2,human3,alpha,1,alpha,8.957263,-8.746036,6244,0.5696859955787659
human3_lib3.final_cell_0813-2,human3,alpha,1,alpha,8.397741,-5.841326,6245,0.9546945691108704
human3_lib3.final_cell_0814-2,human3,alpha,1,alpha,8.419932,-5.2580705,6246,1.2031229734420776
human3_lib3.final_cell_0815-2,human3,beta,0,beta,1.3643777,10.312505,6247,0.7084603905677795
human3_lib3.final_cell_0816-2,human3,endothelial,7,endothelial,9.470736,13.112953,6248,2.2084200382232666
human3_lib3.final_cell_0817-2,human3,alpha,0,beta,6.4264417,-3.495896,6249,1.1419261693954468
human3_lib3.final_cell_0818-2,human3,acinar,2,acinar,17.90242,13.152599,6250,0.5380298495292664
human3_lib3.final_cell_0819-2,human3,mast,8,macrophage,15.4615755,1.2914408,6251,4.432863235473633
human3_lib3.final_cell_0820-2,human3,ductal,3,ductal,17.810444,1.4401568,6252,3.408586978912353
human3_lib3.final_cell_0821-2,human3,alpha,1,alpha,8.452124,-5.9228992,6253,1.1300641298294067
human3_lib3.final_cell_0822-2,human3,endothelial,7,endothelial,12.793144,4.142834,6254,2.838065385818481
human3_lib3.final_cell_0823-2,human3,ductal,3,ductal,18.252003,2.34837,6255,2.187195301055908
human3_lib3.final_cell_0824-2,human3,alpha,1,alpha,7.747395,-7.2168264,6256,0.5615876317024231
human3_lib3.final_cell_0825-2,human3,alpha,1,alpha,7.765349,-5.0695453,6257,0.750056803226471
human3_lib3.final_cell_0826-2,human3,alpha,1,alpha,8.406395,-7.852768,6258,1.010400891304016
human3_lib3.final_cell_0827-2,human3,alpha,1,alpha,5.7218986,-4.1810594,6259,1.2386841773986816
human3_lib3.final_cell_0828-2,human3,alpha,1,alpha,7.730605,-5.635,6260,0.5656422972679138
human3_lib3.final_cell_0829-2,human3,delta,4,delta,-4.014703,3.303805,6261,1.6807268857955933
human3_lib3.final_cell_0830-2,human3,quiescent_stellate,5,activated_stellate,11.346819,4.403225,6262,1.3541978597640991
human3_lib3.final_cell_0831-2,human3,alpha,1,alpha,6.446469,-4.7157803,6263,0.7535313963890076
human3_lib3.final_cell_0832-2,human3,beta,0,beta,1.4265554,9.085619,6264,1.4326798915863037
human3_lib3.final_cell_0833-2,human3,ductal,3,ductal,18.01156,2.701304,6265,1.4073779582977295
human3_lib3.final_cell_0834-2,human3,alpha,1,alpha,8.623532,-5.6301656,6266,1.0502893924713137
human3_lib3.final_cell_0835-2,human3,endothelial,7,endothelial,9.729075,13.326658,6267,2.762611389160156
human3_lib3.final_cell_0836-2,human3,alpha,1,alpha,7.8775334,-7.435068,6268,0.9425605535507202
human3_lib3.final_cell_0837-2,human3,alpha,1,alpha,7.1728764,-5.645939,6269,0.6140533685684204
human3_lib3.final_cell_0838-2,human3,alpha,1,alpha,8.053517,-6.118488,6270,0.6974359154701233
human3_lib3.final_cell_0839-2,human3,alpha,1,alpha,7.7999935,-4.723649,6271,0.968425750732422
human3_lib3.final_cell_0840-2,human3,acinar,2,acinar,17.633873,12.552704,6272,1.2594960927963257
human3_lib3.final_cell_0841-2,human3,endothelial,7,endothelial,9.942165,13.064434,6273,2.423502922058105
human3_lib3.final_cell_0842-2,human3,ductal,3,ductal,18.990713,1.6122531,6274,1.244946837425232
human3_lib3.final_cell_0843-2,human3,alpha,1,alpha,6.445492,-4.3579965,6275,1.256179690361023
human3_lib3.final_cell_0844-2,human3,beta,0,beta,1.3439436,9.981079,6276,1.0188759565353394
human3_lib3.final_cell_0845-2,human3,beta,0,beta,0.064844795,10.519486,6277,0.8390659093856812
human3_lib3.final_cell_0846-2,human3,alpha,1,alpha,7.6268735,-5.852228,6278,0.6776423454284668
human3_lib3.final_cell_0847-2,human3,beta,0,beta,1.3469299,9.4965,6279,0.7491839528083801
human3_lib3.final_cell_0848-2,human3,alpha,1,alpha,7.8389335,-6.3639884,6280,0.9409102201461792
human3_lib3.final_cell_0849-2,human3,beta,0,beta,1.4337705,9.572427,6281,1.1988821029663086
human3_lib3.final_cell_0850-2,human3,beta,0,beta,1.2501267,10.50124,6282,0.79042649269104
human3_lib3.final_cell_0851-2,human3,acinar,2,acinar,17.831127,11.918651,6283,0.4869604110717773
human3_lib3.final_cell_0852-2,human3,beta,0,beta,1.5254372,9.836161,6284,0.5798293948173523
human3_lib3.final_cell_0853-2,human3,beta,0,beta,1.6189505,10.497648,6285,0.6873615384101868
human3_lib3.final_cell_0854-2,human3,beta,0,beta,1.437845,9.735922,6286,1.1088558435440063
human3_lib3.final_cell_0855-2,human3,macrophage,8,macrophage,13.823791,0.83964926,6287,2.4803144931793213
human3_lib3.final_cell_0856-2,human3,quiescent_stellate,5,activated_stellate,11.571708,5.126959,6288,1.730985403060913
human3_lib3.final_cell_0857-2,human3,alpha,1,alpha,8.3077,-5.07796,6289,0.7523154616355896
human3_lib3.final_cell_0858-2,human3,ductal,3,ductal,18.19195,2.5809252,6290,1.3521708250045776
human3_lib3.final_cell_0859-2,human3,ductal,3,ductal,18.498142,1.293289,6291,1.1171200275421145
human3_lib3.final_cell_0860-2,human3,endothelial,7,endothelial,9.950739,12.674005,6292,2.115889549255371
human3_lib3.final_cell_0861-2,human3,beta,0,beta,1.1812241,10.216505,6293,0.8361996412277222
human3_lib3.final_cell_0862-2,human3,quiescent_stellate,5,activated_stellate,12.256152,4.4827604,6294,1.5450992584228516
human3_lib3.final_cell_0863-2,human3,endothelial,7,endothelial,9.564548,12.625292,6295,2.288071870803833
human3_lib3.final_cell_0864-2,human3,alpha,1,alpha,7.045739,-5.299665,6296,0.7172823548316956
human3_lib3.final_cell_0865-2,human3,alpha,1,alpha,7.0910087,-4.21212,6297,1.4273545742034912
human3_lib3.final_cell_0866-2,human3,t_cell,8,macrophage,15.951134,1.3601365,6298,3.2930245399475098
human3_lib3.final_cell_0867-2,human3,alpha,0,beta,-0.67044693,7.1476917,6299,1.034614086151123
human3_lib3.final_cell_0868-2,human3,alpha,1,alpha,7.685713,-5.4980497,6300,0.6070168614387512
human3_lib3.final_cell_0869-2,human3,beta,0,beta,1.1693757,9.141696,6301,0.9129262566566468
human3_lib3.final_cell_0870-2,human3,beta,0,beta,1.2394992,9.332022,6302,0.9328632950782776
human3_lib3.final_cell_0871-2,human3,beta,0,beta,1.4288487,9.476794,6303,0.6792508363723755
human3_lib3.final_cell_0872-2,human3,beta,0,beta,0.50073427,8.873939,6304,0.8227642774581909
human3_lib3.final_cell_0873-2,human3,beta,0,beta,-0.3964723,11.902671,6305,0.6014716029167175
human3_lib3.final_cell_0874-2,human3,alpha,1,alpha,6.874783,-5.222537,6306,2.1290736198425293
human3_lib3.final_cell_0875-2,human3,alpha,1,alpha,8.723746,-5.1135864,6307,0.6688655614852905
human3_lib3.final_cell_0876-2,human3,acinar,2,acinar,17.883333,11.890875,6308,0.4606107175350189
human3_lib3.final_cell_0877-2,human3,beta,4,delta,-1.8532676,5.282768,6309,1.733256459236145
human3_lib3.final_cell_0878-2,human3,beta,0,beta,0.565747,10.317461,6310,0.8162015080451965
human3_lib3.final_cell_0879-2,human3,beta,0,beta,0.14618616,9.672257,6311,0.7542840242385864
human3_lib3.final_cell_0880-2,human3,quiescent_stellate,5,activated_stellate,11.524362,4.215255,6312,1.4806803464889526
human3_lib3.final_cell_0881-2,human3,delta,4,delta,-3.5235698,3.058678,6313,1.0148226022720337
human3_lib3.final_cell_0882-2,human3,endothelial,7,endothelial,9.718002,13.333474,6314,1.9948939085006716
human3_lib3.final_cell_0883-2,human3,macrophage,8,macrophage,5.242867,-3.4105663,6315,3.623354196548462
human3_lib3.final_cell_0884-2,human3,ductal,3,ductal,18.6318,1.7138165,6316,1.266977071762085
human3_lib3.final_cell_0885-2,human3,mast,8,macrophage,15.579208,1.2179635,6317,4.274867057800293
human3_lib3.final_cell_0886-2,human3,alpha,1,alpha,9.088965,-3.7725577,6318,1.2436257600784302
human3_lib3.final_cell_0887-2,human3,acinar,2,acinar,17.205654,14.053326,6319,0.8254669904708862
human3_lib3.final_cell_0888-2,human3,beta,0,beta,9.481988,11.388618,6320,1.438415765762329
human3_lib3.final_cell_0889-2,human3,endothelial,7,endothelial,9.867003,12.754565,6321,2.2660536766052246
human3_lib3.final_cell_0890-2,human3,quiescent_stellate,5,activated_stellate,12.406841,4.32965,6322,1.6135879755020142
human3_lib3.final_cell_0891-2,human3,alpha,1,alpha,8.492204,-5.039601,6323,1.0434104204177856
human3_lib3.final_cell_0892-2,human3,beta,0,beta,0.15936135,9.30519,6324,1.981694579124451
human3_lib3.final_cell_0893-2,human3,beta,0,beta,1.3336235,11.211088,6325,1.1082050800323486
human3_lib3.final_cell_0894-2,human3,quiescent_stellate,5,activated_stellate,12.181397,4.3903,6326,1.549715876579285
human3_lib3.final_cell_0895-2,human3,acinar,5,activated_stellate,10.801556,4.8444743,6327,1.796979904174805
human3_lib3.final_cell_0896-2,human3,t_cell,8,macrophage,16.048525,1.3351753,6328,3.607410192489624
human3_lib3.final_cell_0897-2,human3,beta,0,beta,-0.8042048,9.91428,6329,0.945592164993286
human3_lib3.final_cell_0898-2,human3,endothelial,7,endothelial,9.654398,11.936376,6330,2.0870697498321533
human3_lib3.final_cell_0899-2,human3,beta,0,beta,-0.6284848,8.438214,6331,0.9890326261520386
human3_lib3.final_cell_0900-2,human3,beta,0,beta,1.6971757,12.304864,6332,0.7008639574050903
human3_lib3.final_cell_0901-2,human3,quiescent_stellate,5,activated_stellate,11.326566,4.26122,6333,1.2734225988388062
human3_lib3.final_cell_0902-2,human3,delta,4,delta,-3.3062916,2.6405997,6334,1.204479098320007
human3_lib3.final_cell_0903-2,human3,beta,0,beta,1.9927467,10.537175,6335,0.5456045269966125
human3_lib3.final_cell_0904-2,human3,endothelial,7,endothelial,9.499377,12.330165,6336,2.245979785919189
human3_lib3.final_cell_0905-2,human3,beta,0,beta,1.192935,11.752098,6337,0.5110050439834595
human3_lib3.final_cell_0906-2,human3,beta,0,beta,0.84683794,10.88755,6338,0.7213485836982727
human3_lib3.final_cell_0907-2,human3,delta,4,delta,-3.5697763,3.193323,6339,0.8360926508903503
human3_lib3.final_cell_0908-2,human3,macrophage,8,macrophage,13.631504,0.73335063,6340,2.907445907592773
human3_lib3.final_cell_0909-2,human3,beta,0,beta,1.424004,9.818164,6341,0.6067177057266235
human3_lib3.final_cell_0910-2,human3,beta,0,beta,1.7377136,10.919289,6342,0.6632094383239746
human3_lib3.final_cell_0911-2,human3,beta,0,beta,-0.36902526,10.870767,6343,0.8965403437614441
human3_lib3.final_cell_0912-2,human3,beta,0,beta,0.39071953,8.875167,6344,1.0697829723358154
human3_lib3.final_cell_0913-2,human3,endothelial,7,endothelial,9.832855,11.16099,6345,2.838065385818481
human3_lib3.final_cell_0914-2,human3,beta,0,beta,1.0795405,9.478861,6346,0.7512875199317932
human3_lib3.final_cell_0915-2,human3,activated_stellate,5,activated_stellate,10.756756,4.9031277,6347,1.9297220706939695
human3_lib3.final_cell_0916-2,human3,beta,0,beta,1.4726775,9.785104,6348,0.954563319683075
human3_lib3.final_cell_0917-2,human3,alpha,1,alpha,7.581681,-4.7638793,6349,1.1809906959533691
human3_lib3.final_cell_0918-2,human3,beta,0,beta,0.18600689,9.352268,6350,0.7244848608970642
human3_lib3.final_cell_0919-2,human3,endothelial,7,endothelial,9.774437,12.327446,6351,2.045090675354004
human3_lib3.final_cell_0920-2,human3,quiescent_stellate,5,activated_stellate,11.429096,4.4287333,6352,1.4118643999099731
human3_lib3.final_cell_0921-2,human3,ductal,3,ductal,18.302385,2.419408,6353,1.3620994091033936
human3_lib3.final_cell_0922-2,human3,endothelial,7,endothelial,9.466324,12.512196,6354,2.0063300132751465
human3_lib3.final_cell_0923-2,human3,endothelial,7,endothelial,9.950547,11.064023,6355,2.8299126625061035
human3_lib3.final_cell_0924-2,human3,beta,0,beta,-0.8485903,10.10304,6356,0.8634353280067444
human3_lib3.final_cell_0925-2,human3,endothelial,7,endothelial,9.458244,11.561412,6357,2.0266075134277344
human3_lib3.final_cell_0926-2,human3,beta,0,beta,1.2036896,9.790295,6358,1.3858219385147097
human3_lib3.final_cell_0927-2,human3,beta,0,beta,1.0412426,9.366812,6359,1.041659235954285
human3_lib3.final_cell_0928-2,human3,alpha,1,alpha,7.745431,-4.554906,6360,0.9949471950531006
human3_lib3.final_cell_0929-2,human3,beta,0,beta,1.2173759,10.263265,6361,0.928096890449524
human3_lib3.final_cell_0930-2,human3,beta,0,beta,-0.5886658,9.777252,6362,0.8012232184410095
human3_lib3.final_cell_0931-2,human3,endothelial,7,endothelial,9.515883,11.451442,6363,2.2779552936553955
human3_lib3.final_cell_0932-2,human3,beta,0,beta,0.41846278,8.842791,6364,0.9805228114128112
human3_lib3.final_cell_0933-2,human3,endothelial,7,endothelial,9.623773,11.346783,6365,2.649912118911743
human3_lib3.final_cell_0934-2,human3,beta,0,beta,0.83559084,10.349642,6366,0.78709876537323
human3_lib4.final_cell_0001-2,human3,acinar,2,acinar,15.780738,16.705751,6367,0.6884429454803467
human3_lib4.final_cell_0002-2,human3,acinar,2,acinar,15.78912,16.716602,6368,0.3921496868133545
human3_lib4.final_cell_0003-2,human3,acinar,2,acinar,17.695496,13.604548,6369,0.4094402194023132
human3_lib4.final_cell_0004-2,human3,acinar,2,acinar,17.497765,14.370889,6370,0.5010131001472473
human3_lib4.final_cell_0005-2,human3,acinar,2,acinar,17.184063,15.960784,6371,0.6173702478408813
human3_lib4.final_cell_0006-2,human3,acinar,2,acinar,15.771228,16.533403,6372,0.54115891456604
human3_lib4.final_cell_0007-2,human3,acinar,2,acinar,17.834898,14.7505455,6373,0.4655321538448334
human3_lib4.final_cell_0008-2,human3,acinar,2,acinar,16.527256,16.448044,6374,0.4698790609836578
human3_lib4.final_cell_0009-2,human3,acinar,2,acinar,17.833366,14.5821705,6375,0.3845422863960266
human3_lib4.final_cell_0010-2,human3,acinar,2,acinar,16.119196,15.773768,6376,0.4708160758018493
human3_lib4.final_cell_0011-2,human3,acinar,2,acinar,16.009434,16.528841,6377,0.5758427381515503
human3_lib4.final_cell_0012-2,human3,acinar,2,acinar,16.940939,15.629902,6378,0.7243991494178772
human3_lib4.final_cell_0013-2,human3,acinar,2,acinar,17.239307,14.880676,6379,0.4131406545639038
human3_lib4.final_cell_0014-2,human3,acinar,2,acinar,16.368206,15.390763,6380,0.4075792729854584
human3_lib4.final_cell_0015-2,human3,acinar,2,acinar,17.312403,15.360398,6381,0.389093816280365
human3_lib4.final_cell_0016-2,human3,acinar,2,acinar,16.790648,15.641293,6382,0.3965612947940826
human3_lib4.final_cell_0017-2,human3,acinar,2,acinar,16.98107,15.671159,6383,0.3944229185581207
human3_lib4.final_cell_0018-2,human3,acinar,2,acinar,16.033487,16.275116,6384,0.6191087961196899
human3_lib4.final_cell_0019-2,human3,acinar,2,acinar,17.493202,15.742772,6385,0.4983023405075073
human3_lib4.final_cell_0020-2,human3,acinar,2,acinar,16.330032,15.181565,6386,0.392097532749176
human3_lib4.final_cell_0021-2,human3,acinar,2,acinar,18.163074,14.93866,6387,0.6833758354187012
human3_lib4.final_cell_0022-2,human3,acinar,2,acinar,16.672628,14.579532,6388,0.979159653186798
human3_lib4.final_cell_0023-2,human3,acinar,2,acinar,17.222223,15.424162,6389,0.3866943717002868
human3_lib4.final_cell_0024-2,human3,acinar,2,acinar,16.331657,15.999996,6390,0.3961383104324341
human3_lib4.final_cell_0025-2,human3,acinar,2,acinar,17.805803,15.596463,6391,0.4438120722770691
human3_lib4.final_cell_0026-2,human3,acinar,2,acinar,17.82566,15.55224,6392,0.4672513008117676
human3_lib4.final_cell_0027-2,human3,acinar,2,acinar,16.280357,15.243677,6393,0.892702579498291
human3_lib4.final_cell_0028-2,human3,acinar,2,acinar,17.009377,16.036499,6394,0.4701302051544189
human3_lib4.final_cell_0029-2,human3,acinar,2,acinar,17.473747,15.522187,6395,0.9078200459480286
human3_lib4.final_cell_0030-2,human3,delta,4,delta,-4.140776,2.5892165,6396,0.4848953485488891
human3_lib4.final_cell_0031-2,human3,acinar,2,acinar,17.918459,14.383719,6397,0.6903020739555359
human3_lib4.final_cell_0032-2,human3,acinar,2,acinar,16.245718,15.365158,6398,0.6373507380485535
human3_lib4.final_cell_0033-2,human3,acinar,2,acinar,16.406446,16.11138,6399,0.3932251930236816
human3_lib4.final_cell_0034-2,human3,acinar,2,acinar,17.543455,14.167035,6400,0.3845422863960266
human3_lib4.final_cell_0035-2,human3,acinar,2,acinar,16.944828,15.91748,6401,0.385109931230545
human3_lib4.final_cell_0036-2,human3,acinar,2,acinar,17.277582,16.058239,6402,0.3869017958641052
human3_lib4.final_cell_0037-2,human3,acinar,2,acinar,17.846245,15.049266,6403,0.6774728894233704
human3_lib4.final_cell_0038-2,human3,acinar,2,acinar,16.649426,16.174465,6404,0.4093238711357116
human3_lib4.final_cell_0039-2,human3,acinar,2,acinar,18.339624,14.778381,6405,0.6254514455795288
human3_lib4.final_cell_0040-2,human3,beta,2,acinar,17.747286,11.432975,6406,1.4765777587890625
human3_lib4.final_cell_0041-2,human3,acinar,2,acinar,17.553381,15.628987,6407,0.6291742324829102
human3_lib4.final_cell_0042-2,human3,beta,0,beta,0.565012,11.950477,6408,0.6535238027572632
human3_lib4.final_cell_0043-2,human3,acinar,2,acinar,17.40685,14.966813,6409,0.391752690076828
human3_lib4.final_cell_0044-2,human3,acinar,2,acinar,18.565536,13.092529,6410,0.9960022568702698
human3_lib4.final_cell_0045-2,human3,alpha,1,alpha,8.753617,-8.115586,6411,0.6976097226142883
human3_lib4.final_cell_0046-2,human3,acinar,2,acinar,16.046528,16.557846,6412,0.4197410047054291
human3_lib4.final_cell_0047-2,human3,delta,4,delta,-4.345585,2.4192922,6413,0.5690581202507019
human3_lib4.final_cell_0048-2,human3,acinar,2,acinar,17.46691,16.08824,6414,0.4195686280727386
human3_lib4.final_cell_0049-2,human3,acinar,2,acinar,17.324785,14.87985,6415,0.4098671674728393
human3_lib4.final_cell_0050-2,human3,delta,4,delta,-3.0325,2.6508307,6416,0.573352038860321
human3_lib4.final_cell_0051-2,human3,acinar,2,acinar,18.15945,15.262518,6417,0.4531504511833191
human3_lib4.final_cell_0052-2,human3,ductal,3,ductal,19.07567,1.2808359,6418,1.1529836654663086
human3_lib4.final_cell_0053-2,human3,acinar,2,acinar,16.926003,14.86509,6419,0.4469464719295501
human3_lib4.final_cell_0054-2,human3,acinar,2,acinar,16.420588,14.945129,6420,0.3855900764465332
human3_lib4.final_cell_0055-2,human3,acinar,2,acinar,17.779808,15.010909,6421,0.9895289540290833
human3_lib4.final_cell_0056-2,human3,acinar,2,acinar,17.703947,14.143609,6422,0.4077451825141907
human3_lib4.final_cell_0057-2,human3,acinar,2,acinar,18.221298,15.023424,6423,0.5819958448410034
human3_lib4.final_cell_0058-2,human3,beta,0,beta,2.0460186,10.467815,6424,0.5620150566101074
human3_lib4.final_cell_0059-2,human3,acinar,2,acinar,17.103842,16.076822,6425,0.3845422863960266
human3_lib4.final_cell_0060-2,human3,acinar,2,acinar,18.11487,14.055042,6426,0.4227274060249328
human3_lib4.final_cell_0061-2,human3,acinar,2,acinar,18.084126,15.318098,6427,0.5518467426300049
human3_lib4.final_cell_0062-2,human3,acinar,2,acinar,17.798803,14.473058,6428,0.3931187689304352
human3_lib4.final_cell_0063-2,human3,acinar,2,acinar,17.772274,13.760911,6429,0.3860720694065094
human3_lib4.final_cell_0064-2,human3,acinar,2,acinar,15.695257,16.695143,6430,1.0275801420211792
human3_lib4.final_cell_0065-2,human3,acinar,2,acinar,17.630915,14.345845,6431,0.5994690656661987
human3_lib4.final_cell_0066-2,human3,acinar,2,acinar,17.59171,13.813592,6432,0.7670261263847351
human3_lib4.final_cell_0067-2,human3,delta,4,delta,-4.328124,2.9092104,6433,0.914467990398407
human3_lib4.final_cell_0068-2,human3,acinar,2,acinar,16.722252,14.537115,6434,0.3845422863960266
human3_lib4.final_cell_0069-2,human3,acinar,2,acinar,16.47836,15.522348,6435,1.439955234527588
human3_lib4.final_cell_0070-2,human3,acinar,2,acinar,17.051878,14.356533,6436,0.7795393466949463
human3_lib4.final_cell_0071-2,human3,beta,0,beta,1.2610735,11.240637,6437,0.6746030449867249
human3_lib4.final_cell_0072-2,human3,acinar,2,acinar,16.343868,15.945507,6438,0.4157735407352447
human3_lib4.final_cell_0073-2,human3,acinar,2,acinar,16.853287,16.003292,6439,0.3845422863960266
human3_lib4.final_cell_0074-2,human3,acinar,2,acinar,16.39239,15.722788,6440,0.5622511506080627
human3_lib4.final_cell_0075-2,human3,acinar,2,acinar,16.958399,16.462345,6441,0.8016884922981262
human3_lib4.final_cell_0076-2,human3,acinar,2,acinar,18.186447,12.44454,6442,0.5307297706604004
human3_lib4.final_cell_0077-2,human3,acinar,2,acinar,17.252295,14.23505,6443,0.3845422863960266
human3_lib4.final_cell_0078-2,human3,acinar,2,acinar,18.02198,14.588015,6444,0.426953375339508
human3_lib4.final_cell_0079-2,human3,ductal,3,ductal,18.308676,1.6065397,6445,1.354727029800415
human3_lib4.final_cell_0080-2,human3,acinar,2,acinar,17.697723,15.178837,6446,0.6028310060501099
human3_lib4.final_cell_0081-2,human3,acinar,2,acinar,18.089294,15.171901,6447,0.888066828250885
human3_lib4.final_cell_0082-2,human3,delta,4,delta,-4.0985365,2.652872,6448,1.4190884828567505
human3_lib4.final_cell_0083-2,human3,acinar,2,acinar,18.256529,12.369062,6449,0.4040109813213348
human3_lib4.final_cell_0084-2,human3,alpha,1,alpha,7.410252,-5.1224523,6450,0.6033967733383179
human3_lib4.final_cell_0085-2,human3,ductal,3,ductal,18.036217,0.34765282,6451,1.0667833089828491
human3_lib4.final_cell_0086-2,human3,acinar,2,acinar,17.43984,15.023238,6452,0.5064548850059509
human3_lib4.final_cell_0087-2,human3,acinar,2,acinar,17.570751,15.240591,6453,0.4057306051254272
human3_lib4.final_cell_0088-2,human3,acinar,2,acinar,17.439182,14.936385,6454,0.3896926641464233
human3_lib4.final_cell_0089-2,human3,alpha,1,alpha,8.873873,-8.803242,6455,0.6546357274055481
human3_lib4.final_cell_0090-2,human3,acinar,2,acinar,17.34551,14.514763,6456,0.487615019083023
human3_lib4.final_cell_0091-2,human3,acinar,2,acinar,16.715988,15.902553,6457,0.3869209289550781
human3_lib4.final_cell_0092-2,human3,beta,0,beta,0.69019324,11.690896,6458,1.3779993057250977
human3_lib4.final_cell_0093-2,human3,acinar,2,acinar,17.03944,15.071579,6459,0.4073143899440765
human3_lib4.final_cell_0094-2,human3,beta,0,beta,0.481976,11.173229,6460,0.6386547684669495
human3_lib4.final_cell_0095-2,human3,beta,0,beta,1.0988381,9.433548,6461,0.6201234459877014
human3_lib4.final_cell_0096-2,human3,beta,0,beta,1.4435307,11.983303,6462,0.5371182560920715
human3_lib4.final_cell_0097-2,human3,beta,0,beta,2.1553187,10.877321,6463,0.5404276251792908
human3_lib4.final_cell_0098-2,human3,beta,0,beta,1.2575659,11.441425,6464,0.8714298605918884
human3_lib4.final_cell_0099-2,human3,delta,4,delta,-2.5680847,4.0999,6465,2.361757755279541
human3_lib4.final_cell_0100-2,human3,ductal,3,ductal,18.331287,1.6592722,6466,1.480485916137695
human3_lib4.final_cell_0101-2,human3,acinar,2,acinar,17.209017,16.267265,6467,0.7935666441917419
human3_lib4.final_cell_0102-2,human3,acinar,2,acinar,17.763647,13.549047,6468,0.5287520289421082
human3_lib4.final_cell_0103-2,human3,acinar,2,acinar,18.229586,13.610718,6469,0.4511432647705078
human3_lib4.final_cell_0104-2,human3,delta,4,delta,-4.453682,2.4052277,6470,1.1285414695739746
human3_lib4.final_cell_0105-2,human3,beta,0,beta,1.9347627,10.755543,6471,0.5579008460044861
human3_lib4.final_cell_0106-2,human3,acinar,2,acinar,18.548403,13.341023,6472,0.4020504653453827
human3_lib4.final_cell_0107-2,human3,alpha,1,alpha,9.385638,-8.576113,6473,1.1303189992904663
human3_lib4.final_cell_0108-2,human3,acinar,2,acinar,16.880333,15.635391,6474,0.4621369540691376
human3_lib4.final_cell_0109-2,human3,acinar,2,acinar,17.9083,14.77457,6475,0.4132088422775268
human3_lib4.final_cell_0110-2,human3,acinar,2,acinar,17.229153,14.719341,6476,0.9103634357452391
human3_lib4.final_cell_0111-2,human3,acinar,2,acinar,16.105957,15.999724,6477,1.0349445343017578
human3_lib4.final_cell_0112-2,human3,beta,0,beta,0.8851293,11.87164,6478,0.5447721481323242
human3_lib4.final_cell_0113-2,human3,acinar,2,acinar,16.702908,14.528877,6479,0.4330736994743347
human3_lib4.final_cell_0114-2,human3,acinar,2,acinar,17.371279,13.266857,6480,0.9506325125694276
human3_lib4.final_cell_0115-2,human3,acinar,2,acinar,17.604698,13.993356,6481,0.3879674673080444
human3_lib4.final_cell_0116-2,human3,alpha,1,alpha,8.328218,-7.3169208,6482,0.996451199054718
human3_lib4.final_cell_0117-2,human3,beta,0,beta,-0.7270926,9.937947,6483,0.8207509517669678
human3_lib4.final_cell_0118-2,human3,delta,4,delta,-4.023398,2.5103962,6484,0.7432901859283447
human3_lib4.final_cell_0119-2,human3,activated_stellate,5,activated_stellate,12.331463,4.6053653,6485,1.837407350540161
human3_lib4.final_cell_0120-2,human3,acinar,2,acinar,18.320341,12.623274,6486,0.7458071708679199
human3_lib4.final_cell_0121-2,human3,ductal,3,ductal,18.249384,-0.30623522,6487,1.4220960140228271
human3_lib4.final_cell_0122-2,human3,acinar,2,acinar,16.596483,16.288944,6488,0.7410926222801208
human3_lib4.final_cell_0123-2,human3,acinar,2,acinar,17.789757,13.757492,6489,0.3845422863960266
human3_lib4.final_cell_0124-2,human3,beta,0,beta,1.3577067,9.485082,6490,0.8056785464286804
human3_lib4.final_cell_0125-2,human3,acinar,2,acinar,17.68848,14.520522,6491,0.3886470794677734
human3_lib4.final_cell_0126-2,human3,acinar,2,acinar,17.559383,14.356277,6492,0.3845422863960266
human3_lib4.final_cell_0127-2,human3,acinar,2,acinar,17.871067,15.576983,6493,0.3845422863960266
human3_lib4.final_cell_0128-2,human3,acinar,2,acinar,17.833778,14.9507,6494,0.8038156628608704
human3_lib4.final_cell_0129-2,human3,acinar,2,acinar,16.668633,16.400751,6495,0.591417133808136
human3_lib4.final_cell_0130-2,human3,delta,4,delta,-4.6980586,2.4664657,6496,0.6203799247741699
human3_lib4.final_cell_0131-2,human3,acinar,2,acinar,15.970037,16.321035,6497,0.5087780952453613
human3_lib4.final_cell_0132-2,human3,beta,0,beta,1.9127605,11.720794,6498,0.672575056552887
human3_lib4.final_cell_0133-2,human3,acinar,2,acinar,18.405426,13.83799,6499,0.451929360628128
human3_lib4.final_cell_0134-2,human3,beta,0,beta,1.3618823,9.030303,6500,0.7883256077766418
human3_lib4.final_cell_0135-2,human3,acinar,2,acinar,17.020018,15.634111,6501,0.3845422863960266
human3_lib4.final_cell_0136-2,human3,beta,0,beta,1.9696442,10.63262,6502,0.9786020517349244
human3_lib4.final_cell_0137-2,human3,acinar,2,acinar,17.862907,15.459893,6503,1.210992693901062
human3_lib4.final_cell_0138-2,human3,beta,0,beta,1.5912952,12.344918,6504,0.7369076013565063
human3_lib4.final_cell_0139-2,human3,acinar,2,acinar,16.893486,15.563999,6505,0.572693943977356
human3_lib4.final_cell_0140-2,human3,beta,0,beta,1.1747525,10.261643,6506,0.6794039011001587
human3_lib4.final_cell_0141-2,human3,beta,0,beta,0.94671607,12.704651,6507,0.8496760129928589
human3_lib4.final_cell_0142-2,human3,acinar,2,acinar,17.519747,14.216129,6508,0.3845422863960266
human3_lib4.final_cell_0143-2,human3,acinar,2,acinar,15.839943,16.393139,6509,0.5562092661857605
human3_lib4.final_cell_0144-2,human3,delta,4,delta,-4.288704,3.0681543,6510,1.1301851272583008
human3_lib4.final_cell_0145-2,human3,ductal,3,ductal,18.261621,-0.12322469,6511,1.5531938076019287
human3_lib4.final_cell_0146-2,human3,acinar,2,acinar,16.988106,15.1782255,6512,0.4977350234985351
human3_lib4.final_cell_0147-2,human3,acinar,2,acinar,18.302074,14.008618,6513,0.5346835851669312
human3_lib4.final_cell_0148-2,human3,acinar,2,acinar,18.256079,13.431924,6514,0.4047341346740722
human3_lib4.final_cell_0149-2,human3,acinar,2,acinar,17.84379,13.683705,6515,0.6975879073143005
human3_lib4.final_cell_0150-2,human3,ductal,3,ductal,18.531643,-0.4868358,6516,1.802149534225464
human3_lib4.final_cell_0151-2,human3,alpha,1,alpha,9.192512,-7.486104,6517,1.0983092784881592
human3_lib4.final_cell_0152-2,human3,alpha,1,alpha,7.5623064,-6.13064,6518,1.458463430404663
human3_lib4.final_cell_0153-2,human3,alpha,1,alpha,8.113546,-7.616638,6519,0.6685865521430969
human3_lib4.final_cell_0154-2,human3,alpha,1,alpha,9.136315,-8.923526,6520,0.5406355857849121
human3_lib4.final_cell_0155-2,human3,acinar,2,acinar,18.320036,13.723091,6521,0.3845422863960266
human3_lib4.final_cell_0156-2,human3,alpha,1,alpha,8.699932,-8.638371,6522,0.820151150226593
human3_lib4.final_cell_0157-2,human3,acinar,2,acinar,17.025938,15.670574,6523,0.4086111783981323
human3_lib4.final_cell_0158-2,human3,delta,4,delta,-3.8765607,2.8221357,6524,0.6004999279975891
human3_lib4.final_cell_0159-2,human3,beta,0,beta,1.5024289,12.105005,6525,0.5457180738449097
human3_lib4.final_cell_0160-2,human3,alpha,1,alpha,9.64822,-8.085017,6526,0.8376733660697937
human3_lib4.final_cell_0161-2,human3,beta,0,beta,-0.24270095,9.781268,6527,0.6796957850456238
human3_lib4.final_cell_0162-2,human3,beta,0,beta,0.5458601,12.14445,6528,0.9371289610862732
human3_lib4.final_cell_0163-2,human3,beta,0,beta,-0.53041667,10.399193,6529,0.7068962454795837
human3_lib4.final_cell_0164-2,human3,acinar,2,acinar,17.099495,15.441194,6530,0.4976384341716766
human3_lib4.final_cell_0165-2,human3,acinar,2,acinar,18.002403,15.02812,6531,0.4510723054409027
human3_lib4.final_cell_0166-2,human3,alpha,1,alpha,7.473718,-6.2454076,6532,0.7090047597885132
human3_lib4.final_cell_0167-2,human3,ductal,3,ductal,18.672197,0.8251574,6533,0.9506109952926636
human3_lib4.final_cell_0168-2,human3,alpha,1,alpha,6.755708,-7.037038,6534,1.4212591648101809
human3_lib4.final_cell_0169-2,human3,beta,0,beta,-0.47396564,9.569053,6535,1.28812575340271
human3_lib4.final_cell_0170-2,human3,acinar,2,acinar,17.41757,13.841676,6536,0.4546555280685425
human3_lib4.final_cell_0171-2,human3,acinar,2,acinar,18.264446,12.473943,6537,0.5165141820907593
human3_lib4.final_cell_0172-2,human3,alpha,1,alpha,7.190242,-5.373114,6538,0.8223084211349487
human3_lib4.final_cell_0173-2,human3,acinar,2,acinar,18.23089,12.3315525,6539,1.4999144077301023
human3_lib4.final_cell_0174-2,human3,ductal,3,ductal,18.857506,-0.107062586,6540,0.9282187819480896
human3_lib4.final_cell_0175-2,human3,acinar,2,acinar,17.854609,14.441191,6541,0.4295088052749634
human3_lib4.final_cell_0176-2,human3,acinar,2,acinar,17.37417,15.817336,6542,0.4198909103870392
human3_lib4.final_cell_0177-2,human3,acinar,3,ductal,18.10245,2.316091,6543,1.6825007200241089
human3_lib4.final_cell_0178-2,human3,ductal,3,ductal,18.321547,-0.8004971,6544,1.1027408838272097
human3_lib4.final_cell_0179-2,human3,acinar,2,acinar,18.094505,14.105737,6545,0.4178681075572967
human3_lib4.final_cell_0180-2,human3,delta,4,delta,-3.1792839,2.7294753,6546,0.913555145263672
human3_lib4.final_cell_0181-2,human3,ductal,3,ductal,18.28378,-0.23482502,6547,1.1915762424468994
human3_lib4.final_cell_0182-2,human3,acinar,2,acinar,17.485777,14.431877,6548,0.6366796493530273
human3_lib4.final_cell_0183-2,human3,delta,4,delta,-4.751425,2.9268486,6549,0.6000208854675293
human3_lib4.final_cell_0184-2,human3,acinar,5,activated_stellate,13.058961,5.1268535,6550,2.4939630031585693
human3_lib4.final_cell_0185-2,human3,alpha,1,alpha,9.60546,-8.538755,6551,0.8328105211257935
human3_lib4.final_cell_0186-2,human3,alpha,1,alpha,8.423036,-6.490901,6552,0.5499672293663025
human3_lib4.final_cell_0187-2,human3,acinar,2,acinar,18.354868,13.6306715,6553,0.4772205650806427
human3_lib4.final_cell_0188-2,human3,beta,4,delta,-2.759392,3.0790408,6554,0.8663262128829956
human3_lib4.final_cell_0189-2,human3,alpha,1,alpha,7.601925,-7.394968,6555,0.9048925638198853
human3_lib4.final_cell_0190-2,human3,acinar,2,acinar,18.167711,15.2502985,6556,0.400525838136673
human3_lib4.final_cell_0191-2,human3,ductal,3,ductal,18.333315,1.6023121,6557,1.27787446975708
human3_lib4.final_cell_0192-2,human3,delta,4,delta,-3.936214,3.6705284,6558,1.2590073347091677
human3_lib4.final_cell_0193-2,human3,beta,0,beta,-0.6890478,9.492774,6559,0.8134645223617554
human3_lib4.final_cell_0194-2,human3,beta,0,beta,-0.94401115,9.291375,6560,0.9938154220581056
human3_lib4.final_cell_0195-2,human3,acinar,2,acinar,17.498148,15.578322,6561,0.4828691482543945
human3_lib4.final_cell_0196-2,human3,beta,0,beta,1.8444356,10.077527,6562,0.5973376035690308
human3_lib4.final_cell_0197-2,human3,acinar,2,acinar,15.828367,16.489588,6563,0.8021146059036255
human3_lib4.final_cell_0198-2,human3,acinar,2,acinar,17.362469,15.8575535,6564,0.5867027044296265
human3_lib4.final_cell_0199-2,human3,acinar,2,acinar,17.332514,15.462151,6565,0.8505060076713562
human3_lib4.final_cell_0200-2,human3,acinar,2,acinar,17.077776,14.272541,6566,1.8343746662139893
human3_lib4.final_cell_0201-2,human3,beta,0,beta,0.8580822,9.989127,6567,0.5758323669433594
human3_lib4.final_cell_0202-2,human3,delta,4,delta,-3.9328284,3.4245095,6568,0.4356334805488586
human3_lib4.final_cell_0203-2,human3,delta,4,delta,-4.600431,2.5320137,6569,1.1288111209869385
human3_lib4.final_cell_0204-2,human3,ductal,3,ductal,18.865362,-0.18473674,6570,1.4667524099349976
human3_lib4.final_cell_0205-2,human3,beta,0,beta,1.3936962,9.858129,6571,0.5899022221565247
human3_lib4.final_cell_0206-2,human3,alpha,1,alpha,8.151626,-8.208569,6572,0.8721041679382324
human3_lib4.final_cell_0207-2,human3,acinar,2,acinar,17.66974,13.71341,6573,0.3890435397624969
human3_lib4.final_cell_0208-2,human3,beta,0,beta,0.9138261,10.33567,6574,0.7567921280860901
human3_lib4.final_cell_0209-2,human3,alpha,1,alpha,7.9528956,-7.081892,6575,0.7497860193252563
human3_lib4.final_cell_0210-2,human3,ductal,3,ductal,18.128862,-0.070626386,6576,1.0422356128692627
human3_lib4.final_cell_0211-2,human3,acinar,2,acinar,16.016205,16.585516,6577,0.3942927718162536
human3_lib4.final_cell_0212-2,human3,delta,4,delta,-3.4816236,3.0470517,6578,0.7600007653236389
human3_lib4.final_cell_0213-2,human3,acinar,2,acinar,18.147816,15.223618,6579,0.4212709963321686
human3_lib4.final_cell_0214-2,human3,acinar,2,acinar,18.028912,13.37359,6580,0.5731791257858276
human3_lib4.final_cell_0215-2,human3,beta,0,beta,1.4500561,9.594144,6581,1.0263612270355225
human3_lib4.final_cell_0216-2,human3,alpha,1,alpha,9.231153,-7.702502,6582,0.6602398157119751
human3_lib4.final_cell_0217-2,human3,alpha,1,alpha,10.038872,-8.49685,6583,0.6203683018684387
human3_lib4.final_cell_0218-2,human3,beta,0,beta,-0.037482336,12.538536,6584,0.6259183287620544
human3_lib4.final_cell_0219-2,human3,acinar,2,acinar,16.595367,16.434845,6585,0.4026658535003662
human3_lib4.final_cell_0220-2,human3,gamma,6,gamma,-1.9311732,-3.2458467,6586,1.8802851438522337
human3_lib4.final_cell_0221-2,human3,alpha,1,alpha,6.7486916,-6.8887596,6587,0.7320303320884705
human3_lib4.final_cell_0222-2,human3,alpha,1,alpha,9.131454,-5.2050247,6588,1.5492066144943235
human3_lib4.final_cell_0223-2,human3,beta,0,beta,1.080823,9.107443,6589,0.7645821571350098
human3_lib4.final_cell_0224-2,human3,acinar,2,acinar,18.172762,14.125581,6590,0.4603193402290344
human3_lib4.final_cell_0225-2,human3,beta,0,beta,0.27311102,9.342838,6591,0.5794281959533691
human3_lib4.final_cell_0226-2,human3,beta,0,beta,-0.51078814,10.115327,6592,0.9390737414360046
human3_lib4.final_cell_0227-2,human3,beta,0,beta,0.68793374,12.169894,6593,0.6909602880477905
human3_lib4.final_cell_0228-2,human3,acinar,2,acinar,18.264894,13.086676,6594,0.4110864102840423
human3_lib4.final_cell_0229-2,human3,beta,0,beta,1.6151451,11.84347,6595,0.7082414627075195
human3_lib4.final_cell_0230-2,human3,delta,4,delta,-4.09073,2.2506733,6596,0.616104006767273
human3_lib4.final_cell_0231-2,human3,alpha,1,alpha,8.465055,-7.2237706,6597,0.5481993556022644
human3_lib4.final_cell_0232-2,human3,ductal,3,ductal,18.303104,1.1914105,6598,1.208485126495361
human3_lib4.final_cell_0233-2,human3,acinar,2,acinar,17.935856,12.910737,6599,0.6692217588424683
human3_lib4.final_cell_0234-2,human3,acinar,2,acinar,17.696253,14.67664,6600,0.432831346988678
human3_lib4.final_cell_0235-2,human3,delta,4,delta,-2.6460452,2.8651717,6601,0.524274468421936
human3_lib4.final_cell_0236-2,human3,beta,0,beta,0.737195,12.955454,6602,0.8755688667297363
human3_lib4.final_cell_0237-2,human3,quiescent_stellate,5,activated_stellate,12.057943,4.298974,6603,2.391557455062866
human3_lib4.final_cell_0238-2,human3,alpha,1,alpha,7.468331,-6.215931,6604,0.9016751050949096
human3_lib4.final_cell_0239-2,human3,ductal,3,ductal,17.56232,2.9450936,6605,3.134861707687378
human3_lib4.final_cell_0240-2,human3,beta,0,beta,-0.8193726,10.529988,6606,0.7238036394119263
human3_lib4.final_cell_0241-2,human3,alpha,1,alpha,8.95438,-6.3613067,6607,0.7416059374809265
human3_lib4.final_cell_0242-2,human3,acinar,2,acinar,17.466269,14.553212,6608,0.4068496227264404
human3_lib4.final_cell_0243-2,human3,beta,0,beta,0.89557016,10.846319,6609,0.6321743726730347
human3_lib4.final_cell_0244-2,human3,beta,0,beta,1.050761,11.263162,6610,0.7654690742492676
human3_lib4.final_cell_0245-2,human3,alpha,1,alpha,9.3644085,-6.0416164,6611,0.5731601715087891
human3_lib4.final_cell_0246-2,human3,alpha,1,alpha,8.620107,-8.672818,6612,0.6024531722068787
human3_lib4.final_cell_0247-2,human3,alpha,1,alpha,9.309549,-7.94573,6613,0.6916857361793518
human3_lib4.final_cell_0248-2,human3,alpha,1,alpha,6.7014365,-6.924535,6614,0.9865126013755798
human3_lib4.final_cell_0249-2,human3,ductal,3,ductal,18.434906,-0.7731602,6615,1.0817394256591797
human3_lib4.final_cell_0250-2,human3,alpha,1,alpha,9.763066,-8.692726,6616,0.5585281848907471
human3_lib4.final_cell_0251-2,human3,beta,0,beta,1.1061697,12.847427,6617,0.7136106491088867
human3_lib4.final_cell_0252-2,human3,alpha,1,alpha,8.944467,-6.3405805,6618,0.6732643842697144
human3_lib4.final_cell_0253-2,human3,alpha,1,alpha,7.0400167,-6.664743,6619,1.0514894723892212
human3_lib4.final_cell_0254-2,human3,beta,0,beta,0.45623833,12.617568,6620,0.7486692667007446
human3_lib4.final_cell_0255-2,human3,activated_stellate,5,activated_stellate,12.761122,5.5314035,6621,1.6183909177780151
human3_lib4.final_cell_0256-2,human3,alpha,1,alpha,9.364964,-8.230886,6622,0.6034879088401794
human3_lib4.final_cell_0257-2,human3,beta,0,beta,-0.87505376,9.861491,6623,0.5970275402069092
human3_lib4.final_cell_0258-2,human3,alpha,1,alpha,9.979856,-8.499735,6624,1.021523356437683
human3_lib4.final_cell_0259-2,human3,alpha,1,alpha,8.561159,-8.083064,6625,0.5423807501792908
human3_lib4.final_cell_0260-2,human3,alpha,6,gamma,5.5123715,-3.8836672,6626,2.062676429748535
human3_lib4.final_cell_0261-2,human3,gamma,6,gamma,-2.343287,-3.5067604,6627,2.22220778465271
human3_lib4.final_cell_0262-2,human3,ductal,3,ductal,19.080225,0.026080247,6628,1.601322889328003
human3_lib4.final_cell_0263-2,human3,beta,0,beta,0.12132741,10.242812,6629,0.7551623582839966
human3_lib4.final_cell_0264-2,human3,beta,0,beta,0.22593491,11.906364,6630,0.7353224158287048
human3_lib4.final_cell_0265-2,human3,beta,0,beta,-0.96939474,10.317829,6631,0.7575912475585938
human3_lib4.final_cell_0266-2,human3,ductal,3,ductal,18.58919,0.8634374,6632,1.2965248823165894
human3_lib4.final_cell_0267-2,human3,ductal,3,ductal,18.352043,-0.4604182,6633,1.0007387399673462
human3_lib4.final_cell_0268-2,human3,beta,0,beta,0.2519537,11.778357,6634,0.5692447423934937
human3_lib4.final_cell_0269-2,human3,acinar,2,acinar,17.335325,16.086758,6635,0.3918879330158233
human3_lib4.final_cell_0270-2,human3,acinar,2,acinar,18.036081,14.12659,6636,0.5407571196556091
human3_lib4.final_cell_0271-2,human3,ductal,3,ductal,18.341013,0.03233258,6637,1.0591806173324585
human3_lib4.final_cell_0272-2,human3,acinar,2,acinar,17.545177,15.608939,6638,1.0056838989257812
human3_lib4.final_cell_0273-2,human3,alpha,1,alpha,6.874274,-7.010599,6639,1.044652819633484
human3_lib4.final_cell_0274-2,human3,ductal,3,ductal,18.35682,0.6084531,6640,0.8458874821662903
human3_lib4.final_cell_0275-2,human3,beta,0,beta,0.27482194,11.1403675,6641,0.7322511076927185
human3_lib4.final_cell_0276-2,human3,alpha,1,alpha,8.965255,-7.513348,6642,0.8587838411331177
human3_lib4.final_cell_0277-2,human3,acinar,2,acinar,17.89697,13.97476,6643,0.3845422863960266
human3_lib4.final_cell_0278-2,human3,delta,4,delta,-3.4100637,2.479522,6644,2.0827178955078125
human3_lib4.final_cell_0279-2,human3,beta,0,beta,1.5748796,9.971288,6645,0.5859373807907104
human3_lib4.final_cell_0280-2,human3,alpha,1,alpha,9.437454,-5.7885942,6646,0.8712804317474365
human3_lib4.final_cell_0281-2,human3,beta,0,beta,0.824332,11.61928,6647,1.4181742668151855
human3_lib4.final_cell_0282-2,human3,beta,0,beta,0.25660735,8.402217,6648,0.9175998568534852
human3_lib4.final_cell_0283-2,human3,epsilon,6,gamma,-1.8012933,-3.0620236,6649,1.5924060344696045
human3_lib4.final_cell_0284-2,human3,ductal,3,ductal,18.33535,-0.44936624,6650,2.000021457672119
human3_lib4.final_cell_0285-2,human3,beta,0,beta,0.32606125,8.872477,6651,0.9120960235595704
human3_lib4.final_cell_0286-2,human3,beta,0,beta,1.6649865,9.621031,6652,0.7715174555778503
human3_lib4.final_cell_0287-2,human3,acinar,2,acinar,18.366043,13.795035,6653,0.4772531986236572
human3_lib4.final_cell_0288-2,human3,alpha,1,alpha,6.73652,-5.1098385,6654,0.5707391500473022
human3_lib4.final_cell_0289-2,human3,beta,0,beta,0.7761462,8.768661,6655,0.8145138025283813
human3_lib4.final_cell_0290-2,human3,alpha,1,alpha,8.475553,-5.50643,6656,0.7566794753074646
human3_lib4.final_cell_0291-2,human3,beta,0,beta,-0.015912168,11.48826,6657,0.6935495734214783
human3_lib4.final_cell_0292-2,human3,acinar,2,acinar,17.812826,13.711111,6658,0.6502755880355835
human3_lib4.final_cell_0293-2,human3,beta,0,beta,2.0513804,10.4090185,6659,0.7117787599563599
human3_lib4.final_cell_0294-2,human3,alpha,1,alpha,9.757358,-7.4970903,6660,1.0281472206115725
human3_lib4.final_cell_0295-2,human3,beta,0,beta,-0.27557528,11.673187,6661,0.6796556711196899
human3_lib4.final_cell_0296-2,human3,delta,4,delta,-4.9103627,2.5232046,6662,1.2719719409942627
human3_lib4.final_cell_0297-2,human3,alpha,1,alpha,8.439166,-7.362172,6663,0.8096268773078918
human3_lib4.final_cell_0298-2,human3,beta,0,beta,-0.6143509,8.988756,6664,0.764946460723877
human3_lib4.final_cell_0299-2,human3,beta,0,beta,0.7025054,10.244695,6665,0.7068058848381042
human3_lib4.final_cell_0300-2,human3,acinar,2,acinar,16.873302,15.884482,6666,0.4336175322532654
human3_lib4.final_cell_0301-2,human3,beta,0,beta,-0.6693222,11.786797,6667,0.613528847694397
human3_lib4.final_cell_0302-2,human3,alpha,1,alpha,6.580103,-6.1451693,6668,2.6444807052612305
human3_lib4.final_cell_0303-2,human3,activated_stellate,5,activated_stellate,11.14702,5.593799,6669,1.6803522109985352
human3_lib4.final_cell_0304-2,human3,alpha,1,alpha,8.30825,-5.381374,6670,1.032317042350769
human3_lib4.final_cell_0305-2,human3,alpha,1,alpha,8.14315,-8.134189,6671,0.6994232535362244
human3_lib4.final_cell_0306-2,human3,beta,0,beta,0.832346,11.020077,6672,0.6639480590820312
human3_lib4.final_cell_0307-2,human3,ductal,3,ductal,18.200651,0.3877608,6673,0.8629916310310364
human3_lib4.final_cell_0308-2,human3,beta,0,beta,0.9809533,11.826318,6674,0.5307020545005798
human3_lib4.final_cell_0309-2,human3,beta,0,beta,1.6966507,10.191014,6675,0.7301169633865356
human3_lib4.final_cell_0310-2,human3,alpha,1,alpha,7.712049,-4.9890666,6676,0.8538225293159485
human3_lib4.final_cell_0311-2,human3,ductal,3,ductal,18.207573,1.0524031,6677,1.1562141180038452
human3_lib4.final_cell_0312-2,human3,beta,0,beta,0.4513405,10.364491,6678,0.552287757396698
human3_lib4.final_cell_0313-2,human3,beta,0,beta,0.1664757,8.368781,6679,1.1834076642990112
human3_lib4.final_cell_0314-2,human3,ductal,3,ductal,18.273226,-0.2900409,6680,1.2232980728149414
human3_lib4.final_cell_0315-2,human3,ductal,3,ductal,18.573143,0.6329595,6681,1.1066505908966064
human3_lib4.final_cell_0316-2,human3,ductal,3,ductal,18.18941,0.0003174535,6682,0.8037819862365723
human3_lib4.final_cell_0317-2,human3,ductal,3,ductal,18.362812,0.5557864,6683,0.9806384444236756
human3_lib4.final_cell_0318-2,human3,acinar,2,acinar,18.108696,12.643001,6684,0.6161984801292419
human3_lib4.final_cell_0319-2,human3,alpha,1,alpha,9.093512,-8.906492,6685,0.7151136994361877
human3_lib4.final_cell_0320-2,human3,alpha,1,alpha,5.458752,-3.9329255,6686,1.7833398580551147
human3_lib4.final_cell_0321-2,human3,beta,0,beta,0.3321183,11.465265,6687,0.626892626285553
human3_lib4.final_cell_0322-2,human3,delta,4,delta,-2.8332703,2.8596642,6688,0.959420084953308
human3_lib4.final_cell_0323-2,human3,beta,0,beta,1.0842444,10.908823,6689,1.0086365938186646
human3_lib4.final_cell_0324-2,human3,beta,0,beta,0.8544486,10.322566,6690,0.8069510459899902
human3_lib4.final_cell_0325-2,human3,alpha,1,alpha,9.200724,-8.83797,6691,0.7644674777984619
human3_lib4.final_cell_0326-2,human3,alpha,1,alpha,9.641785,-6.6207433,6692,0.8802666664123535
human3_lib4.final_cell_0327-2,human3,activated_stellate,5,activated_stellate,10.990001,5.423629,6693,2.145362615585327
human3_lib4.final_cell_0328-2,human3,alpha,1,alpha,6.8991394,-6.4394603,6694,0.6047482490539551
human3_lib4.final_cell_0329-2,human3,beta,0,beta,-0.40874237,9.355315,6695,1.1193453073501587
human3_lib4.final_cell_0330-2,human3,beta,0,beta,0.39692074,9.456452,6696,0.9360697865486144
human3_lib4.final_cell_0331-2,human3,alpha,1,alpha,9.094205,-8.607926,6697,0.7271634340286255
human3_lib4.final_cell_0332-2,human3,ductal,3,ductal,18.854425,1.5816072,6698,0.8660392761230469
human3_lib4.final_cell_0333-2,human3,alpha,1,alpha,6.722911,-4.6977706,6699,0.7608445882797241
human3_lib4.final_cell_0334-2,human3,alpha,1,alpha,5.8446608,-4.361936,6700,1.4029643535614014
human3_lib4.final_cell_0335-2,human3,ductal,3,ductal,19.09383,-0.15588807,6701,1.087386131286621
human3_lib4.final_cell_0336-2,human3,alpha,1,alpha,7.4077654,-5.4202127,6702,0.8917257785797119
human3_lib4.final_cell_0337-2,human3,beta,0,beta,1.1710664,10.47174,6703,0.6611067056655884
human3_lib4.final_cell_0338-2,human3,alpha,1,alpha,9.103382,-3.825955,6704,1.146522879600525
human3_lib4.final_cell_0339-2,human3,ductal,3,ductal,18.08616,2.346641,6705,2.024423837661743
human3_lib4.final_cell_0340-2,human3,delta,4,delta,-3.485854,3.1446142,6706,1.1730527877807615
human3_lib4.final_cell_0341-2,human3,beta,0,beta,-0.81353,7.4803543,6707,1.3570672273635864
human3_lib4.final_cell_0342-2,human3,acinar,2,acinar,13.363037,5.1194053,6708,1.9031809568405151
human3_lib4.final_cell_0343-2,human3,activated_stellate,5,activated_stellate,10.740273,5.067956,6709,1.861733675003052
human3_lib4.final_cell_0344-2,human3,beta,0,beta,2.0564167,11.606322,6710,0.6061128973960876
human3_lib4.final_cell_0345-2,human3,acinar,2,acinar,18.23987,12.408122,6711,0.6487824320793152
human3_lib4.final_cell_0346-2,human3,beta,0,beta,-0.19379734,8.761822,6712,1.0463639497756958
human3_lib4.final_cell_0347-2,human3,beta,0,beta,0.47662556,11.047959,6713,0.6975746750831604
human3_lib4.final_cell_0348-2,human3,beta,0,beta,1.492437,9.161341,6714,0.6830615401268005
human3_lib4.final_cell_0349-2,human3,alpha,1,alpha,8.106599,-7.5242205,6715,0.6616834402084351
human3_lib4.final_cell_0350-2,human3,beta,0,beta,0.21063614,11.558791,6716,0.5704619288444519
human3_lib4.final_cell_0351-2,human3,alpha,1,alpha,9.299345,-8.214417,6717,0.6224122047424316
human3_lib4.final_cell_0352-2,human3,ductal,3,ductal,18.159,0.78883654,6718,1.024448037147522
human3_lib4.final_cell_0353-2,human3,delta,4,delta,-3.4853685,3.0737395,6719,1.1488956212997437
human3_lib4.final_cell_0354-2,human3,beta,0,beta,-0.7981194,10.15328,6720,0.5797125101089478
human3_lib4.final_cell_0355-2,human3,acinar,2,acinar,17.849388,13.692086,6721,0.5094428062438965
human3_lib4.final_cell_0356-2,human3,acinar,2,acinar,17.516977,14.978137,6722,0.6596180200576782
human3_lib4.final_cell_0357-2,human3,beta,0,beta,-1.2198862,11.772999,6723,0.7699819803237915
human3_lib4.final_cell_0358-2,human3,acinar,2,acinar,18.28946,12.373322,6724,0.5631045699119568
human3_lib4.final_cell_0359-2,human3,ductal,3,ductal,18.210161,0.8591793,6725,0.9479821920394896
human3_lib4.final_cell_0360-2,human3,alpha,1,alpha,9.532289,-8.164816,6726,0.7073363065719604
human3_lib4.final_cell_0361-2,human3,ductal,3,ductal,19.081825,0.7604837,6727,1.4000359773635864
human3_lib4.final_cell_0362-2,human3,beta,0,beta,0.44153875,9.128386,6728,0.8923400640487671
human3_lib4.final_cell_0363-2,human3,alpha,1,alpha,9.01099,-8.501481,6729,0.6429342031478882
human3_lib4.final_cell_0364-2,human3,beta,0,beta,-0.29316515,12.358074,6730,0.7327559590339661
human3_lib4.final_cell_0365-2,human3,acinar,2,acinar,17.621061,15.11072,6731,0.5579760074615479
human3_lib4.final_cell_0366-2,human3,alpha,1,alpha,8.347788,-7.7478824,6732,0.9712423086166382
human3_lib4.final_cell_0367-2,human3,alpha,1,alpha,8.480537,-5.443157,6733,0.9069748520851136
human3_lib4.final_cell_0368-2,human3,acinar,2,acinar,16.403297,14.985875,6734,1.14671528339386
human3_lib4.final_cell_0369-2,human3,alpha,1,alpha,9.366228,-8.465666,6735,0.4713831543922424
human3_lib4.final_cell_0370-2,human3,alpha,1,alpha,7.013088,-6.563555,6736,0.7029426693916321
human3_lib4.final_cell_0371-2,human3,acinar,2,acinar,17.539165,13.144448,6737,0.5140440464019775
human3_lib4.final_cell_0372-2,human3,alpha,1,alpha,6.980614,-5.48542,6738,1.629638671875
human3_lib4.final_cell_0373-2,human3,beta,0,beta,1.9261484,10.133251,6739,0.700700044631958
human3_lib4.final_cell_0374-2,human3,beta,0,beta,0.9891417,12.704446,6740,0.6749550104141235
human3_lib4.final_cell_0375-2,human3,alpha,1,alpha,7.7412176,-5.8158503,6741,0.564423143863678
human3_lib4.final_cell_0376-2,human3,alpha,1,alpha,5.437164,-3.9006138,6742,2.034836769104004
human3_lib4.final_cell_0377-2,human3,endothelial,7,endothelial,13.015978,3.9521167,6743,2.838065385818481
human3_lib4.final_cell_0378-2,human3,alpha,1,alpha,7.2061443,-5.6038537,6744,1.3869823217391968
human3_lib4.final_cell_0379-2,human3,delta,4,delta,-2.8846543,2.798994,6745,0.7007991671562195
human3_lib4.final_cell_0380-2,human3,beta,0,beta,0.16179056,10.689507,6746,0.6321973204612732
human3_lib4.final_cell_0381-2,human3,acinar,2,acinar,18.24064,12.457151,6747,1.6571094989776611
human3_lib4.final_cell_0382-2,human3,alpha,1,alpha,6.7423105,-4.6424694,6748,0.7560967803001404
human3_lib4.final_cell_0383-2,human3,acinar,2,acinar,16.167131,15.544074,6749,0.802636981010437
human3_lib4.final_cell_0384-2,human3,ductal,3,ductal,18.688068,-0.30234766,6750,0.9337127804756165
human3_lib4.final_cell_0385-2,human3,beta,0,beta,0.49927643,11.634626,6751,0.6281561255455017
human3_lib4.final_cell_0386-2,human3,beta,0,beta,-0.92938125,8.870335,6752,1.1794337034225464
human3_lib4.final_cell_0387-2,human3,beta,0,beta,1.6871585,10.56657,6753,0.5830273032188416
human3_lib4.final_cell_0388-2,human3,beta,0,beta,1.6517081,11.222653,6754,0.6420125365257263
human3_lib4.final_cell_0389-2,human3,alpha,1,alpha,5.793747,-4.319294,6755,1.210917353630066
human3_lib4.final_cell_0390-2,human3,alpha,1,alpha,9.081471,-7.4665875,6756,0.5808081030845642
human3_lib4.final_cell_0391-2,human3,ductal,3,ductal,18.080275,0.25949043,6757,0.7867143750190735
human3_lib4.final_cell_0392-2,human3,beta,0,beta,-0.34915018,9.274087,6758,0.7002410292625427
human3_lib4.final_cell_0393-2,human3,endothelial,7,endothelial,12.819079,4.1362286,6759,2.838065385818481
human3_lib4.final_cell_0394-2,human3,ductal,3,ductal,18.340267,-0.423648,6760,2.0012593269348145
human3_lib4.final_cell_0395-2,human3,alpha,1,alpha,7.140585,-6.039204,6761,0.6932394504547119
human3_lib4.final_cell_0396-2,human3,ductal,3,ductal,18.44249,-0.19940816,6762,0.8770458102226257
human3_lib4.final_cell_0397-2,human3,alpha,1,alpha,8.171187,-7.289017,6763,1.0524872541427612
human3_lib4.final_cell_0398-2,human3,alpha,1,alpha,7.397659,-6.35969,6764,2.230710506439209
human3_lib4.final_cell_0399-2,human3,beta,2,acinar,17.74304,11.43044,6765,1.6795024871826172
human3_lib4.final_cell_0400-2,human3,alpha,1,alpha,8.080677,-7.2314696,6766,0.7501312494277954
human3_lib4.final_cell_0401-2,human3,alpha,1,alpha,7.7549286,-6.2772903,6767,1.1983325481414795
human3_lib4.final_cell_0402-2,human3,gamma,6,gamma,-1.74915,-3.0445132,6768,2.756685256958008
human3_lib4.final_cell_0403-2,human3,ductal,3,ductal,19.128267,0.114771284,6769,1.0605700016021729
human3_lib4.final_cell_0404-2,human3,alpha,1,alpha,8.469039,-7.633373,6770,0.5764490365982056
human3_lib4.final_cell_0405-2,human3,acinar,2,acinar,18.046673,12.863386,6771,0.488544225692749
human3_lib4.final_cell_0406-2,human3,acinar,2,acinar,17.811695,14.622357,6772,0.4342547059059143
human3_lib4.final_cell_0407-2,human3,acinar,2,acinar,18.239853,14.917106,6773,1.123023271560669
human3_lib4.final_cell_0408-2,human3,alpha,1,alpha,9.391117,-5.776798,6774,0.6849090456962585
human3_lib4.final_cell_0409-2,human3,alpha,1,alpha,8.1149025,-7.445983,6775,0.6180733442306519
human3_lib4.final_cell_0410-2,human3,alpha,1,alpha,9.304409,-8.3074465,6776,0.6232872009277344
human3_lib4.final_cell_0411-2,human3,ductal,3,ductal,18.702019,0.8856291,6777,0.9733767509460448
human3_lib4.final_cell_0412-2,human3,ductal,3,ductal,18.295414,-0.36206037,6778,1.271044135093689
human3_lib4.final_cell_0413-2,human3,delta,4,delta,-4.5546265,3.0595431,6779,1.0947383642196655
human3_lib4.final_cell_0414-2,human3,acinar,2,acinar,17.307858,14.49062,6780,0.4735841155052185
human3_lib4.final_cell_0415-2,human3,alpha,1,alpha,8.689993,-7.059787,6781,0.5761010646820068
human3_lib4.final_cell_0416-2,human3,alpha,1,alpha,8.235381,-8.085789,6782,0.5882615447044373
human3_lib4.final_cell_0417-2,human3,alpha,1,alpha,9.032476,-6.9735637,6783,0.5952135920524597
human3_lib4.final_cell_0418-2,human3,acinar,2,acinar,16.672213,16.408825,6784,0.4150801599025726
human3_lib4.final_cell_0419-2,human3,alpha,1,alpha,7.7062793,-6.306547,6785,0.9997667074203492
human3_lib4.final_cell_0420-2,human3,beta,0,beta,-0.034868777,11.447299,6786,0.615777313709259
human3_lib4.final_cell_0421-2,human3,alpha,1,alpha,8.662503,-5.092319,6787,1.031751275062561
human3_lib4.final_cell_0422-2,human3,beta,0,beta,0.52967125,8.83851,6788,1.2285099029541016
human3_lib4.final_cell_0423-2,human3,alpha,1,alpha,8.365842,-8.498846,6789,0.706582248210907
human3_lib4.final_cell_0424-2,human3,ductal,3,ductal,18.471727,-0.15652214,6790,1.266705870628357
human3_lib4.final_cell_0425-2,human3,alpha,1,alpha,6.2795653,-4.2819023,6791,0.9549707770347596
human3_lib4.final_cell_0426-2,human3,ductal,3,ductal,18.920338,0.10763949,6792,1.2360910177230835
human3_lib4.final_cell_0427-2,human3,beta,0,beta,0.7863381,9.112653,6793,1.0879197120666504
human3_lib4.final_cell_0428-2,human3,alpha,1,alpha,7.6402464,-7.2175646,6794,0.7091876268386841
human3_lib4.final_cell_0429-2,human3,beta,0,beta,1.2267698,12.014256,6795,0.8578627109527588
human3_lib4.final_cell_0430-2,human3,beta,0,beta,-0.49312383,10.855575,6796,0.7229139804840088
human3_lib4.final_cell_0431-2,human3,alpha,1,alpha,9.739299,-8.408606,6797,0.6641196012496948
human3_lib4.final_cell_0432-2,human3,alpha,1,alpha,9.223116,-6.0279818,6798,1.4327061176300049
human3_lib4.final_cell_0433-2,human3,alpha,1,alpha,9.037784,-8.864032,6799,0.6615897417068481
human3_lib4.final_cell_0434-2,human3,ductal,3,ductal,17.749832,1.0458381,6800,3.2383475303649902
human3_lib4.final_cell_0435-2,human3,delta,4,delta,-3.6779137,2.4840996,6801,1.159348726272583
human3_lib4.final_cell_0436-2,human3,alpha,8,macrophage,5.2456574,-3.4188948,6802,3.4393229484558105
human3_lib4.final_cell_0437-2,human3,alpha,1,alpha,9.350828,-7.618986,6803,0.6984814405441284
human3_lib4.final_cell_0438-2,human3,alpha,1,alpha,7.139878,-6.134064,6804,1.626810908317566
human3_lib4.final_cell_0439-2,human3,alpha,1,alpha,5.430692,-3.8854783,6805,2.427945375442505
human3_lib4.final_cell_0440-2,human3,alpha,1,alpha,8.652556,-5.323636,6806,1.109612226486206
human3_lib4.final_cell_0441-2,human3,alpha,1,alpha,8.656139,-6.2044077,6807,0.5499719977378845
human3_lib4.final_cell_0442-2,human3,ductal,3,ductal,19.104761,1.4307209,6808,1.322833776473999
human3_lib4.final_cell_0443-2,human3,ductal,3,ductal,18.632473,0.012739121,6809,1.819598913192749
human3_lib4.final_cell_0444-2,human3,ductal,3,ductal,18.13293,0.045464024,6810,0.8989560008049011
human3_lib4.final_cell_0445-2,human3,acinar,2,acinar,16.705658,16.185051,6811,0.4630197882652282
human3_lib4.final_cell_0446-2,human3,alpha,1,alpha,7.8453164,-7.108554,6812,0.9177624583244324
human3_lib4.final_cell_0447-2,human3,ductal,3,ductal,18.489138,2.3276012,6813,1.4306100606918335
human3_lib4.final_cell_0448-2,human3,alpha,1,alpha,7.418326,-6.906654,6814,1.2819665670394895
human3_lib4.final_cell_0449-2,human3,activated_stellate,5,activated_stellate,10.892077,5.2050877,6815,1.9453953504562376
human3_lib4.final_cell_0450-2,human3,beta,0,beta,-0.15008947,8.853155,6816,1.5334709882736206
human3_lib4.final_cell_0451-2,human3,gamma,6,gamma,-2.346601,-4.0133796,6817,2.710148334503174
human3_lib4.final_cell_0452-2,human3,beta,0,beta,0.8357214,8.891407,6818,0.873081624507904
human3_lib4.final_cell_0453-2,human3,alpha,1,alpha,9.787278,-7.0279837,6819,0.8308820724487305
human3_lib4.final_cell_0454-2,human3,alpha,1,alpha,9.048841,-6.1933784,6820,0.6260762214660645
human3_lib4.final_cell_0455-2,human3,activated_stellate,5,activated_stellate,12.340631,4.5913367,6821,1.940851092338562
human3_lib4.final_cell_0456-2,human3,alpha,1,alpha,7.396913,-5.343954,6822,0.5255566239356995
human3_lib4.final_cell_0457-2,human3,quiescent_stellate,5,activated_stellate,11.97446,6.283815,6823,1.989525556564331
human3_lib4.final_cell_0458-2,human3,alpha,1,alpha,7.963813,-6.720469,6824,0.5808141827583313
human3_lib4.final_cell_0459-2,human3,acinar,2,acinar,17.890759,11.838125,6825,1.0900213718414309
human3_lib4.final_cell_0460-2,human3,alpha,1,alpha,7.9117885,-6.4780774,6826,0.9128455519676208
human3_lib4.final_cell_0461-2,human3,alpha,1,alpha,8.010684,-6.3162236,6827,0.7922547459602356
human3_lib4.final_cell_0462-2,human3,beta,0,beta,1.013348,9.544614,6828,0.7987385392189026
human3_lib4.final_cell_0463-2,human3,beta,0,beta,1.3893435,10.553542,6829,0.8680294156074524
human3_lib4.final_cell_0464-2,human3,alpha,2,acinar,17.742926,11.418917,6830,1.790176272392273
human3_lib4.final_cell_0465-2,human3,beta,0,beta,-0.08074526,9.054517,6831,0.8368789553642273
human3_lib4.final_cell_0466-2,human3,acinar,2,acinar,16.964457,15.260935,6832,0.4180651903152466
human3_lib4.final_cell_0467-2,human3,beta,0,beta,0.06877454,10.037992,6833,0.6056752800941467
human3_lib4.final_cell_0468-2,human3,ductal,3,ductal,18.19995,2.4198146,6834,1.9745687246322632
human3_lib4.final_cell_0469-2,human3,ductal,3,ductal,18.14486,0.15811673,6835,1.0537006855010986
human3_lib4.final_cell_0470-2,human3,beta,0,beta,1.248037,10.244091,6836,0.6633724570274353
human3_lib4.final_cell_0471-2,human3,alpha,1,alpha,8.769418,-5.2580047,6837,0.8677655458450317
human3_lib4.final_cell_0472-2,human3,beta,0,beta,-0.8289195,8.232243,6838,1.6897103786468506
human3_lib4.final_cell_0473-2,human3,beta,0,beta,-0.14697093,10.571192,6839,0.6841031312942505
human3_lib4.final_cell_0474-2,human3,ductal,3,ductal,18.595741,-0.33323443,6840,1.323245406150818
human3_lib4.final_cell_0475-2,human3,beta,0,beta,0.099748224,11.588931,6841,0.7368685007095337
human3_lib4.final_cell_0476-2,human3,beta,4,delta,-1.900321,4.505434,6842,1.418545126914978
human3_lib4.final_cell_0477-2,human3,alpha,1,alpha,9.496051,-8.817563,6843,0.7151589393615723
human3_lib4.final_cell_0478-2,human3,ductal,3,ductal,18.382547,0.55597055,6844,1.8373929262161253
human3_lib4.final_cell_0479-2,human3,alpha,1,alpha,8.84593,-8.546615,6845,0.6335353851318359
human3_lib4.final_cell_0480-2,human3,macrophage,8,macrophage,13.49077,0.6513527,6846,3.623354196548462
human3_lib4.final_cell_0481-2,human3,beta,0,beta,0.2654569,11.41001,6847,0.7505629062652588
human3_lib4.final_cell_0482-2,human3,beta,0,beta,0.38233486,10.881822,6848,0.5828362107276917
human3_lib4.final_cell_0483-2,human3,alpha,1,alpha,6.659161,-5.0299287,6849,0.8622415661811829
human3_lib4.final_cell_0484-2,human3,alpha,1,alpha,8.595288,-6.304566,6850,0.6951014995574951
human3_lib4.final_cell_0485-2,human3,alpha,1,alpha,9.765274,-8.463238,6851,1.1939983367919922
human3_lib4.final_cell_0486-2,human3,alpha,1,alpha,9.421281,-8.32008,6852,0.5768234133720398
human3_lib4.final_cell_0487-2,human3,ductal,3,ductal,18.256268,0.037405234,6853,1.3839080333709717
human3_lib4.final_cell_0488-2,human3,alpha,1,alpha,8.024994,-7.8340735,6854,0.7815052270889282
human3_lib4.final_cell_0489-2,human3,ductal,3,ductal,18.069786,-0.41087008,6855,1.2100194692611694
human3_lib4.final_cell_0490-2,human3,quiescent_stellate,5,activated_stellate,11.370665,4.1229563,6856,1.294940710067749
human3_lib4.final_cell_0491-2,human3,ductal,3,ductal,17.355711,1.3074665,6857,3.445826292037964
human3_lib4.final_cell_0492-2,human3,alpha,1,alpha,9.468241,-6.6905603,6858,0.7850111126899719
human3_lib4.final_cell_0493-2,human3,alpha,1,alpha,8.711039,-6.199359,6859,0.5433517098426819
human3_lib4.final_cell_0494-2,human3,acinar,2,acinar,18.030361,12.128201,6860,0.740548312664032
human3_lib4.final_cell_0495-2,human3,alpha,1,alpha,9.251329,-6.2247176,6861,0.9583759307861328
human3_lib4.final_cell_0496-2,human3,alpha,1,alpha,7.1092687,-5.426272,6862,1.0998353958129885
human3_lib4.final_cell_0497-2,human3,beta,2,acinar,17.736729,11.36421,6863,0.9950745105743408
human3_lib4.final_cell_0498-2,human3,alpha,1,alpha,9.144014,-7.5884056,6864,0.5035355687141418
human3_lib4.final_cell_0499-2,human3,ductal,3,ductal,18.702452,0.0051752026,6865,1.1617684364318848
human3_lib4.final_cell_0500-2,human3,alpha,1,alpha,8.345408,-7.609804,6866,0.6635253429412842
human3_lib4.final_cell_0501-2,human3,beta,0,beta,1.523647,9.278587,6867,0.7169641852378845
human3_lib4.final_cell_0502-2,human3,acinar,2,acinar,17.840912,13.289164,6868,1.1817487478256226
human3_lib4.final_cell_0503-2,human3,alpha,1,alpha,9.063492,-6.9822683,6869,0.8394221067428589
human3_lib4.final_cell_0504-2,human3,beta,0,beta,0.6243955,8.576558,6870,1.0307105779647827
human3_lib4.final_cell_0505-2,human3,acinar,2,acinar,17.865286,12.159659,6871,0.841709554195404
human3_lib4.final_cell_0506-2,human3,beta,0,beta,2.0345688,11.498488,6872,0.6772015690803528
human3_lib4.final_cell_0507-2,human3,ductal,3,ductal,18.59968,-0.29955748,6873,0.8092606663703918
human3_lib4.final_cell_0508-2,human3,beta,0,beta,-1.134515,10.741838,6874,0.7317583560943604
human3_lib4.final_cell_0509-2,human3,alpha,1,alpha,7.876098,-6.8713007,6875,0.5774598121643066
human3_lib4.final_cell_0510-2,human3,alpha,1,alpha,7.3570266,-5.0823007,6876,0.9420572519302368
human3_lib4.final_cell_0511-2,human3,alpha,1,alpha,6.9855194,-5.1160913,6877,1.5007052421569824
human3_lib4.final_cell_0512-2,human3,acinar,2,acinar,17.568743,13.799037,6878,0.4042891263961792
human3_lib4.final_cell_0513-2,human3,ductal,3,ductal,18.574673,0.95979327,6879,2.1757307052612305
human3_lib4.final_cell_0514-2,human3,alpha,1,alpha,7.9791694,-7.7442336,6880,0.758639395236969
human3_lib4.final_cell_0515-2,human3,ductal,3,ductal,18.09381,1.4949679,6881,1.1709598302841189
human3_lib4.final_cell_0516-2,human3,alpha,1,alpha,8.24982,-7.141984,6882,0.7363928556442261
human3_lib4.final_cell_0517-2,human3,ductal,3,ductal,18.268103,0.15661384,6883,1.4016708135604858
human3_lib4.final_cell_0518-2,human3,acinar,2,acinar,18.173685,13.440071,6884,1.2564208507537842
human3_lib4.final_cell_0519-2,human3,acinar,2,acinar,17.66979,13.105665,6885,0.4851864874362945
human3_lib4.final_cell_0520-2,human3,ductal,3,ductal,18.677513,1.3670222,6886,1.812258005142212
human3_lib4.final_cell_0521-2,human3,quiescent_stellate,5,activated_stellate,12.024471,4.3479147,6887,2.368136405944824
human3_lib4.final_cell_0522-2,human3,alpha,1,alpha,8.010756,-5.6884947,6888,0.948955774307251
human3_lib4.final_cell_0523-2,human3,alpha,1,alpha,8.33614,-6.4442606,6889,0.9553531408309937
human3_lib4.final_cell_0524-2,human3,ductal,3,ductal,18.748089,1.5460185,6890,1.5151125192642212
human3_lib4.final_cell_0525-2,human3,beta,0,beta,0.7980199,10.41962,6891,0.750189483165741
human3_lib4.final_cell_0526-2,human3,beta,0,beta,-0.006035871,10.288525,6892,1.1490904092788696
human3_lib4.final_cell_0527-2,human3,alpha,1,alpha,8.524296,-7.2382965,6893,0.5898767113685608
human3_lib4.final_cell_0528-2,human3,beta,0,beta,-0.28756085,11.919399,6894,0.5889694690704346
human3_lib4.final_cell_0529-2,human3,delta,4,delta,-3.2355232,2.59346,6895,1.057470679283142
human3_lib4.final_cell_0530-2,human3,activated_stellate,5,activated_stellate,10.82257,5.2060966,6896,1.7467694282531738
human3_lib4.final_cell_0531-2,human3,delta,4,delta,-2.658066,3.1060443,6897,1.0244026184082031
human3_lib4.final_cell_0532-2,human3,beta,0,beta,1.841993,9.820086,6898,0.7421865463256836
human3_lib4.final_cell_0533-2,human3,acinar,2,acinar,18.49995,13.535003,6899,0.4339234530925751
human3_lib4.final_cell_0534-2,human3,ductal,3,ductal,18.269321,2.393308,6900,1.630042552947998
human3_lib4.final_cell_0535-2,human3,alpha,1,alpha,7.1933684,-7.0071387,6901,0.5404756665229797
human3_lib4.final_cell_0536-2,human3,activated_stellate,5,activated_stellate,11.317689,5.577451,6902,1.821548342704773
human3_lib4.final_cell_0537-2,human3,acinar,2,acinar,18.184208,12.630548,6903,0.4382609128952026
human3_lib4.final_cell_0538-2,human3,ductal,3,ductal,18.141722,0.4778223,6904,1.0041524171829224
human3_lib4.final_cell_0539-2,human3,alpha,1,alpha,7.139283,-5.0539737,6905,0.8362388610839844
human3_lib4.final_cell_0540-2,human3,ductal,3,ductal,18.966335,1.2593331,6906,0.9605019688606262
human3_lib4.final_cell_0541-2,human3,beta,0,beta,1.8984652,10.819338,6907,0.6715990900993347
human3_lib4.final_cell_0542-2,human3,alpha,1,alpha,6.4633636,-4.530695,6908,1.4280812740325928
human3_lib4.final_cell_0543-2,human3,beta,0,beta,-0.21563742,10.944636,6909,0.7211045622825623
human3_lib4.final_cell_0544-2,human3,beta,0,beta,0.399685,8.568334,6910,1.007671356201172
human3_lib4.final_cell_0545-2,human3,alpha,1,alpha,8.228401,-7.936655,6911,0.7453277707099915
human3_lib4.final_cell_0546-2,human3,alpha,1,alpha,7.193787,-5.4385777,6912,0.7800468802452087
human3_lib4.final_cell_0547-2,human3,beta,0,beta,0.8832866,8.614294,6913,0.9124926328659058
human3_lib4.final_cell_0548-2,human3,acinar,2,acinar,17.985693,12.024569,6914,1.36311674118042
human3_lib4.final_cell_0549-2,human3,acinar,2,acinar,16.778671,14.345176,6915,1.1213592290878296
human3_lib4.final_cell_0550-2,human3,endothelial,7,endothelial,9.733456,11.321182,6916,2.7952957153320312
human3_lib4.final_cell_0551-2,human3,beta,0,beta,1.3063303,9.715189,6917,0.7308038473129272
human3_lib4.final_cell_0552-2,human3,activated_stellate,5,activated_stellate,10.992047,5.0128546,6918,1.6473016738891602
human3_lib4.final_cell_0553-2,human3,alpha,1,alpha,8.914746,-7.3368273,6919,0.7735515236854553
human3_lib4.final_cell_0554-2,human3,alpha,1,alpha,10.008067,-8.192163,6920,1.078203797340393
human3_lib4.final_cell_0555-2,human3,acinar,2,acinar,17.82425,11.723426,6921,1.3752979040145874
human3_lib4.final_cell_0556-2,human3,alpha,1,alpha,8.371355,-5.122861,6922,0.7568718791007996
human3_lib4.final_cell_0557-2,human3,alpha,1,alpha,10.001075,-7.4640183,6923,0.5853768587112427
human3_lib4.final_cell_0558-2,human3,alpha,1,alpha,8.702181,-6.990583,6924,0.8280161023139954
human3_lib4.final_cell_0559-2,human3,alpha,1,alpha,9.302754,-8.201084,6925,0.7843107581138611
human3_lib4.final_cell_0560-2,human3,beta,0,beta,1.3910894,9.497907,6926,1.16066575050354
human3_lib4.final_cell_0561-2,human3,acinar,2,acinar,17.913857,12.217602,6927,0.9502507448196412
human3_lib4.final_cell_0562-2,human3,alpha,1,alpha,6.7050343,-6.9526763,6928,0.9254818558692932
human3_lib4.final_cell_0563-2,human3,beta,2,acinar,17.749983,11.342221,6929,2.03791618347168
human3_lib4.final_cell_0564-2,human3,ductal,3,ductal,18.035564,0.25659695,6930,1.0069036483764648
human3_lib4.final_cell_0565-2,human3,ductal,3,ductal,18.09194,0.005880171,6931,1.023478388786316
human3_lib4.final_cell_0566-2,human3,ductal,3,ductal,17.91839,1.1317272,6932,1.1101539134979248
human3_lib4.final_cell_0567-2,human3,alpha,1,alpha,9.053394,-8.275222,6933,0.5784010291099548
human3_lib4.final_cell_0568-2,human3,gamma,6,gamma,-2.8457973,-3.7627928,6934,1.032572627067566
human3_lib4.final_cell_0569-2,human3,alpha,1,alpha,6.4496875,-5.9650826,6935,1.1452468633651731
human3_lib4.final_cell_0570-2,human3,beta,0,beta,-1.0039346,9.432357,6936,1.1573536396026611
human3_lib4.final_cell_0571-2,human3,alpha,1,alpha,5.4698887,-3.926669,6937,1.4250190258026123
human3_lib4.final_cell_0572-2,human3,endothelial,7,endothelial,13.017302,3.9492378,6938,2.838065385818481
human3_lib4.final_cell_0573-2,human3,alpha,1,alpha,10.317973,-7.373629,6939,1.2157716751098633
human3_lib4.final_cell_0574-2,human3,macrophage,8,macrophage,-11.029644,6.382526,6940,2.233020544052124
human3_lib4.final_cell_0575-2,human3,acinar,2,acinar,17.51393,14.145123,6941,0.429148405790329
human3_lib4.final_cell_0576-2,human3,activated_stellate,5,activated_stellate,11.164059,5.590981,6942,1.8199342489242556
human3_lib4.final_cell_0577-2,human3,beta,4,delta,-1.8976712,4.488241,6943,1.6037577390670776
human3_lib4.final_cell_0578-2,human3,alpha,1,alpha,8.678113,-7.855808,6944,0.6973814964294434
human3_lib4.final_cell_0579-2,human3,alpha,1,alpha,9.153762,-3.6222603,6945,1.528461217880249
human3_lib4.final_cell_0580-2,human3,alpha,1,alpha,9.780617,-6.4084682,6946,0.5613610744476318
human3_lib4.final_cell_0581-2,human3,ductal,3,ductal,18.267885,0.30382797,6947,0.972984254360199
human3_lib4.final_cell_0582-2,human3,alpha,1,alpha,9.551334,-6.334442,6948,0.6464086771011353
human3_lib4.final_cell_0583-2,human3,beta,0,beta,1.0735229,10.783863,6949,0.8189287781715393
human3_lib4.final_cell_0584-2,human3,alpha,1,alpha,9.051937,-7.917506,6950,0.5074779987335205
human3_lib4.final_cell_0585-2,human3,beta,0,beta,1.8611676,9.832028,6951,0.5577656626701355
human3_lib4.final_cell_0586-2,human3,beta,0,beta,1.2464259,9.207463,6952,0.6166465282440186
human3_lib4.final_cell_0587-2,human3,alpha,1,alpha,8.795291,-7.63458,6953,0.9328152537345886
human3_lib4.final_cell_0588-2,human3,beta,0,beta,0.54815555,11.390591,6954,0.771995484828949
human3_lib4.final_cell_0589-2,human3,delta,4,delta,-2.5972679,4.0072875,6955,2.288165807723999
human3_lib4.final_cell_0590-2,human3,alpha,1,alpha,6.698167,-5.850303,6956,1.0845749378204346
human3_lib4.final_cell_0591-2,human3,activated_stellate,5,activated_stellate,12.32759,4.539885,6957,2.1707241535186768
human3_lib4.final_cell_0592-2,human3,alpha,1,alpha,8.222095,-6.3075085,6958,0.9703086018562316
human3_lib4.final_cell_0593-2,human3,activated_stellate,5,activated_stellate,10.772553,5.138665,6959,1.936779499053955
human3_lib4.final_cell_0594-2,human3,alpha,1,alpha,8.745714,-7.032573,6960,0.6313035488128662
human3_lib4.final_cell_0595-2,human3,beta,0,beta,1.722023,10.930408,6961,0.6108213663101196
human3_lib4.final_cell_0596-2,human3,alpha,1,alpha,9.121127,-3.7381032,6962,1.193753957748413
human3_lib4.final_cell_0597-2,human3,ductal,3,ductal,18.360987,1.2661924,6963,0.773341715335846
human3_lib4.final_cell_0598-2,human3,beta,0,beta,0.4204768,10.3910055,6964,0.716579258441925
human3_lib4.final_cell_0599-2,human3,beta,0,beta,1.5192295,9.31804,6965,0.6055521965026855
human3_lib4.final_cell_0600-2,human3,alpha,1,alpha,9.116836,-3.6924508,6966,1.65059232711792
human3_lib4.final_cell_0601-2,human3,acinar,2,acinar,17.47626,14.32079,6967,0.5888499617576599
human3_lib4.final_cell_0602-2,human3,alpha,1,alpha,7.772953,-7.7788925,6968,0.6800632476806641
human3_lib4.final_cell_0603-2,human3,endothelial,5,activated_stellate,12.776856,4.1997776,6969,2.838065385818481
human3_lib4.final_cell_0604-2,human3,beta,0,beta,-0.21884835,11.919543,6970,0.6326283812522888
human3_lib4.final_cell_0605-2,human3,alpha,1,alpha,7.8099732,-7.1131487,6971,0.814172089099884
human3_lib4.final_cell_0606-2,human3,alpha,1,alpha,7.654598,-6.6458454,6972,0.7260643243789673
human3_lib4.final_cell_0607-2,human3,alpha,1,alpha,6.706847,-4.609821,6973,1.523862600326538
human3_lib4.final_cell_0608-2,human3,beta,0,beta,1.4816926,9.451439,6974,1.0462766885757446
human3_lib4.final_cell_0609-2,human3,ductal,3,ductal,18.060919,1.9270436,6975,1.2128562927246094
human3_lib4.final_cell_0610-2,human3,acinar,2,acinar,17.79383,15.144031,6976,0.8162872791290283
human3_lib4.final_cell_0611-2,human3,acinar,2,acinar,17.549,12.619146,6977,0.8184571862220764
human3_lib4.final_cell_0612-2,human3,alpha,1,alpha,7.7763524,-5.0794673,6978,1.1515798568725586
human3_lib4.final_cell_0613-2,human3,endothelial,7,endothelial,9.663528,11.967372,6979,2.434840679168701
human3_lib4.final_cell_0614-2,human3,ductal,3,ductal,18.282171,0.22348401,6980,0.8661023378372192
human3_lib4.final_cell_0615-2,human3,acinar,8,macrophage,5.2470303,-3.4193966,6981,3.623354196548462
human3_lib4.final_cell_0616-2,human3,beta,0,beta,1.7632849,11.940326,6982,0.6442188620567322
human3_lib4.final_cell_0617-2,human3,beta,0,beta,-0.96334046,9.510711,6983,0.9115610122680664
human3_lib4.final_cell_0618-2,human3,beta,0,beta,1.0413073,10.525262,6984,0.6107624173164368
human3_lib4.final_cell_0619-2,human3,ductal,3,ductal,19.127203,-0.077177554,6985,1.300919532775879
human3_lib4.final_cell_0620-2,human3,alpha,1,alpha,9.174948,-5.7918243,6986,0.8615071177482605
human3_lib4.final_cell_0621-2,human3,alpha,1,alpha,9.999331,-6.738867,6987,1.1294071674346924
human3_lib4.final_cell_0622-2,human3,acinar,2,acinar,17.485504,13.84964,6988,0.4033937752246856
human3_lib4.final_cell_0623-2,human3,gamma,6,gamma,-2.9728422,-3.7059975,6989,1.7160296440124512
human3_lib4.final_cell_0624-2,human3,alpha,1,alpha,8.985233,-7.379239,6990,0.8044936656951904
human3_lib4.final_cell_0625-2,human3,alpha,1,alpha,8.571444,-6.376398,6991,0.5191540122032166
human3_lib4.final_cell_0626-2,human3,acinar,2,acinar,18.07535,15.313303,6992,0.5321642756462097
human3_lib4.final_cell_0627-2,human3,alpha,1,alpha,9.443309,-7.8255982,6993,0.5274336338043213
human3_lib4.final_cell_0628-2,human3,alpha,1,alpha,5.887379,-4.4366727,6994,0.9894263744354248
human3_lib4.final_cell_0629-2,human3,alpha,1,alpha,9.2736025,-6.7799215,6995,0.8587349057197571
human3_lib4.final_cell_0630-2,human3,beta,0,beta,0.49166965,11.761196,6996,0.6659389734268188
human3_lib4.final_cell_0631-2,human3,beta,0,beta,-0.9663376,7.158156,6997,1.052535057067871
human3_lib4.final_cell_0632-2,human3,beta,0,beta,0.9765255,9.329459,6998,0.6891466379165649
human3_lib4.final_cell_0633-2,human3,acinar,2,acinar,17.228262,13.799417,6999,0.4756484627723694
human3_lib4.final_cell_0634-2,human3,alpha,1,alpha,5.77867,-4.0021577,7000,2.578469753265381
human3_lib4.final_cell_0635-2,human3,beta,0,beta,1.0728871,10.344453,7001,0.8540495038032532
human3_lib4.final_cell_0636-2,human3,acinar,2,acinar,14.948326,5.0566936,7002,2.0880796909332275
human3_lib4.final_cell_0637-2,human3,alpha,1,alpha,9.203073,-6.0884676,7003,0.9327550530433656
human3_lib4.final_cell_0638-2,human3,ductal,3,ductal,18.631235,1.2047751,7004,1.585198163986206
human3_lib4.final_cell_0639-2,human3,alpha,1,alpha,8.45746,-6.25754,7005,0.7656251192092896
human3_lib4.final_cell_0640-2,human3,alpha,1,alpha,8.199742,-5.2877336,7006,0.4996943473815918
human3_lib4.final_cell_0641-2,human3,alpha,1,alpha,6.8743577,-5.018025,7007,1.1440253257751465
human3_lib4.final_cell_0642-2,human3,beta,0,beta,2.0597908,10.591946,7008,0.6469041109085083
human3_lib4.final_cell_0643-2,human3,acinar,2,acinar,17.714102,12.864925,7009,1.5173583030700684
human3_lib4.final_cell_0644-2,human3,beta,0,beta,-0.5368314,8.377325,7010,0.98319673538208
human3_lib4.final_cell_0645-2,human3,beta,0,beta,-0.6247738,10.628502,7011,0.7149266004562378
human3_lib4.final_cell_0646-2,human3,alpha,1,alpha,8.875079,-6.931517,7012,0.8927475214004517
human3_lib4.final_cell_0647-2,human3,acinar,2,acinar,18.25292,12.349238,7013,0.6315217614173889
human3_lib4.final_cell_0648-2,human3,activated_stellate,5,activated_stellate,11.35837,5.661909,7014,1.6960034370422363
human3_lib4.final_cell_0649-2,human3,alpha,1,alpha,7.680417,-6.4455338,7015,0.938513457775116
human3_lib4.final_cell_0650-2,human3,alpha,1,alpha,7.485772,-5.6380363,7016,0.7221598625183105
human3_lib4.final_cell_0651-2,human3,alpha,1,alpha,8.868813,-6.5997467,7017,0.5296615362167358
human3_lib4.final_cell_0652-2,human3,alpha,1,alpha,9.617697,-7.969787,7018,0.6369631290435791
human3_lib4.final_cell_0653-2,human3,ductal,3,ductal,18.316866,1.1805844,7019,1.0995941162109375
human3_lib4.final_cell_0654-2,human3,alpha,1,alpha,8.271236,-8.433469,7020,0.7270596623420715
human3_lib4.final_cell_0655-2,human3,acinar,2,acinar,17.702085,14.202284,7021,0.3845422863960266
human3_lib4.final_cell_0656-2,human3,alpha,1,alpha,8.68269,-5.3264055,7022,0.6944828033447266
human3_lib4.final_cell_0657-2,human3,beta,0,beta,-0.85770404,9.1828165,7023,0.8227949738502502
human3_lib4.final_cell_0658-2,human3,alpha,1,alpha,7.8794045,-4.8705306,7024,0.8058992028236389
human3_lib4.final_cell_0659-2,human3,alpha,1,alpha,6.748626,-6.8721733,7025,0.6198186278343201
human3_lib4.final_cell_0660-2,human3,alpha,1,alpha,9.282656,-7.17222,7026,0.5054430961608887
human3_lib4.final_cell_0661-2,human3,alpha,1,alpha,9.46203,-8.091792,7027,1.1827956438064575
human3_lib4.final_cell_0662-2,human3,acinar,2,acinar,18.25411,13.277214,7028,0.3845422863960266
human3_lib4.final_cell_0663-2,human3,beta,0,beta,-0.6527624,10.259714,7029,0.6311150789260864
human3_lib4.final_cell_0664-2,human3,alpha,1,alpha,7.0375934,-5.4185696,7030,1.0051937103271484
human3_lib4.final_cell_0665-2,human3,acinar,2,acinar,18.11937,12.61451,7031,0.7333003878593445
human3_lib4.final_cell_0666-2,human3,alpha,1,alpha,7.314214,-7.0029354,7032,0.5100103616714478
human3_lib4.final_cell_0667-2,human3,acinar,3,ductal,14.98178,4.860311,7033,1.5945589542388916
human3_lib4.final_cell_0668-2,human3,alpha,1,alpha,8.684112,-6.2067714,7034,1.0194929838180542
human3_lib4.final_cell_0669-2,human3,alpha,1,alpha,7.757907,-6.761954,7035,0.8848859071731567
human3_lib4.final_cell_0670-2,human3,ductal,3,ductal,18.189983,1.0902389,7036,0.870695173740387
human3_lib4.final_cell_0671-2,human3,beta,0,beta,-0.73706716,10.794529,7037,0.6491349339485168
human3_lib4.final_cell_0672-2,human3,beta,0,beta,-0.05144359,10.235412,7038,0.907727301120758
human3_lib4.final_cell_0673-2,human3,acinar,2,acinar,17.302347,13.410592,7039,0.3907119333744049
human3_lib4.final_cell_0674-2,human3,alpha,1,alpha,7.995223,-6.4342318,7040,0.6728020906448364
human3_lib4.final_cell_0675-2,human3,activated_stellate,5,activated_stellate,10.742047,5.141699,7041,1.6862633228302002
human3_lib4.final_cell_0676-2,human3,alpha,1,alpha,8.237689,-5.3934193,7042,0.6837234497070312
human3_lib4.final_cell_0677-2,human3,alpha,1,alpha,7.3558145,-5.6540313,7043,0.9854512810707092
human3_lib4.final_cell_0678-2,human3,alpha,1,alpha,7.800858,-7.2587414,7044,0.9233590364456176
human3_lib4.final_cell_0679-2,human3,beta,0,beta,0.3393609,12.208968,7045,0.6369060277938843
human3_lib4.final_cell_0680-2,human3,beta,0,beta,1.067564,10.773618,7046,1.4286755323410034
human3_lib4.final_cell_0681-2,human3,gamma,6,gamma,-2.682356,-3.4592423,7047,1.6085729598999023
human3_lib4.final_cell_0682-2,human3,alpha,1,alpha,8.621127,-5.964048,7048,0.7624905109405518
human3_lib4.final_cell_0683-2,human3,beta,0,beta,0.19730927,11.025678,7049,0.7656018137931824
human3_lib4.final_cell_0684-2,human3,activated_stellate,5,activated_stellate,11.84113,4.362425,7050,2.467012405395508
human3_lib4.final_cell_0685-2,human3,acinar,2,acinar,17.859442,11.791982,7051,0.3975934982299804
human3_lib4.final_cell_0686-2,human3,ductal,3,ductal,19.069347,0.2100659,7052,1.1694154739379885
human3_lib4.final_cell_0687-2,human3,alpha,1,alpha,9.114547,-3.7340271,7053,2.075611114501953
human3_lib4.final_cell_0688-2,human3,alpha,1,alpha,7.9970264,-5.259979,7054,1.3385210037231443
human3_lib4.final_cell_0689-2,human3,beta,0,beta,-0.12763654,9.159285,7055,0.7633485794067383
human3_lib4.final_cell_0690-2,human3,ductal,3,ductal,18.607014,1.5278958,7056,1.067020297050476
human3_lib4.final_cell_0691-2,human3,beta,0,beta,1.5827736,12.371137,7057,0.7358447313308716
human3_lib4.final_cell_0692-2,human3,delta,4,delta,-4.790662,2.8255858,7058,1.1487607955932615
human3_lib4.final_cell_0693-2,human3,ductal,3,ductal,18.536127,2.0488057,7059,1.783252835273743
human3_lib4.final_cell_0694-2,human3,acinar,2,acinar,18.1444,13.193309,7060,0.7272090315818787
human3_lib4.final_cell_0695-2,human3,ductal,3,ductal,18.217783,2.0883434,7061,3.588205099105835
human3_lib4.final_cell_0696-2,human3,acinar,2,acinar,18.53442,13.00345,7062,0.6218870878219604
human3_lib4.final_cell_0697-2,human3,alpha,1,alpha,8.57989,-8.31465,7063,0.5761526226997375
human3_lib4.final_cell_0698-2,human3,ductal,3,ductal,18.307987,1.6466872,7064,1.370479702949524
human3_lib4.final_cell_0699-2,human3,alpha,1,alpha,6.304809,-4.2151494,7065,1.2155306339263916
human3_lib4.final_cell_0700-2,human3,beta,0,beta,0.72331274,10.999701,7066,0.6408528089523315
human3_lib4.final_cell_0701-2,human3,beta,0,beta,-0.48761475,10.8814335,7067,0.7871434092521667
human3_lib4.final_cell_0702-2,human3,alpha,8,macrophage,5.2505584,-3.43115,7068,3.623354196548462
human3_lib4.final_cell_0703-2,human3,alpha,1,alpha,7.0592365,-5.4743752,7069,0.6554202437400818
human3_lib4.final_cell_0704-2,human3,alpha,1,alpha,9.521039,-6.7654157,7070,0.8678534626960754
human3_lib4.final_cell_0705-2,human3,endothelial,7,endothelial,10.085187,12.94237,7071,2.249431133270264
human3_lib4.final_cell_0706-2,human3,acinar,2,acinar,17.949244,12.19587,7072,0.7569457292556763
human3_lib4.final_cell_0707-2,human3,ductal,3,ductal,18.20729,1.0009137,7073,1.0045661926269531
human3_lib4.final_cell_0708-2,human3,alpha,1,alpha,8.826626,-6.0959926,7074,0.5178642272949219
human3_lib4.final_cell_0709-2,human3,beta,0,beta,0.20610791,8.543305,7075,1.36273193359375
human3_lib4.final_cell_0710-2,human3,ductal,3,ductal,18.147423,0.7908305,7076,0.9874590039253236
human3_lib4.final_cell_0711-2,human3,alpha,1,alpha,8.7260275,-6.217242,7077,0.6254492998123169
human3_lib4.final_cell_0712-2,human3,alpha,1,alpha,7.2105217,-5.4982166,7078,1.3624680042266846
human3_lib4.final_cell_0713-2,human3,beta,0,beta,-0.6866617,7.8434043,7079,1.3223706483840942
human3_lib4.final_cell_0714-2,human3,alpha,1,alpha,8.663065,-7.642486,7080,0.7845356464385986
human3_lib4.final_cell_0715-2,human3,ductal,3,ductal,18.343012,0.44432828,7081,1.093250393867493
human3_lib4.final_cell_0716-2,human3,beta,0,beta,1.3187495,10.547847,7082,0.6343677639961243
human3_lib4.final_cell_0717-2,human3,ductal,3,ductal,18.319649,1.7910243,7083,1.245681881904602
human3_lib4.final_cell_0718-2,human3,ductal,3,ductal,18.203747,2.3558733,7084,1.38147234916687
human3_lib4.final_cell_0719-2,human3,ductal,3,ductal,18.600975,1.1001778,7085,1.5697821378707886
human3_lib4.final_cell_0720-2,human3,alpha,1,alpha,9.921982,-7.2200613,7086,0.7460243701934814
human3_lib4.final_cell_0721-2,human3,alpha,1,alpha,7.391797,-6.3487988,7087,0.7088063359260559
human3_lib4.final_cell_0722-2,human3,alpha,1,alpha,8.477853,-6.6283517,7088,0.6622385382652283
human3_lib4.final_cell_0723-2,human3,beta,0,beta,1.3653406,10.659831,7089,0.7424303889274597
human3_lib4.final_cell_0724-2,human3,ductal,3,ductal,17.881487,0.57877797,7090,1.1931670904159546
human3_lib4.final_cell_0725-2,human3,alpha,1,alpha,9.095615,-3.6798873,7091,1.4308453798294067
human3_lib4.final_cell_0726-2,human3,endothelial,7,endothelial,12.802425,4.1471257,7092,2.838065385818481
human3_lib4.final_cell_0727-2,human3,alpha,1,alpha,8.961719,-7.8497405,7093,0.639514148235321
human3_lib4.final_cell_0728-2,human3,quiescent_stellate,5,activated_stellate,11.152637,5.612757,7094,1.6121478080749512
human3_lib4.final_cell_0729-2,human3,beta,0,beta,-0.7199711,8.98074,7095,1.210712194442749
human3_lib4.final_cell_0730-2,human3,delta,4,delta,-2.9241521,3.2078047,7096,0.8992684483528137
human3_lib4.final_cell_0731-2,human3,alpha,1,alpha,9.085612,-5.4072094,7097,0.8698669672012329
human3_lib4.final_cell_0732-2,human3,acinar,2,acinar,17.876007,11.918303,7098,0.3880077302455902
human3_lib4.final_cell_0733-2,human3,alpha,1,alpha,5.713867,-4.311374,7099,1.560025334358215
human3_lib4.final_cell_0734-2,human3,beta,0,beta,1.2769772,11.320657,7100,0.656129777431488
human3_lib4.final_cell_0735-2,human3,beta,0,beta,-1.899437,4.4817896,7101,1.8863446712493896
human3_lib4.final_cell_0736-2,human3,alpha,1,alpha,7.0477185,-4.4708796,7102,1.3038448095321655
human3_lib4.final_cell_0737-2,human3,quiescent_stellate,5,activated_stellate,11.657545,4.9411044,7103,1.7583872079849243
human3_lib4.final_cell_0738-2,human3,alpha,1,alpha,7.95705,-6.498302,7104,0.8552576303482056
human3_lib4.final_cell_0739-2,human3,beta,0,beta,-0.15162951,11.020926,7105,0.5582112669944763
human3_lib4.final_cell_0740-2,human3,alpha,1,alpha,7.2807264,-5.060612,7106,1.0509988069534302
human3_lib4.final_cell_0741-2,human3,quiescent_stellate,5,activated_stellate,11.490391,5.1381555,7107,1.7028623819351196
human3_lib4.final_cell_0742-2,human3,acinar,2,acinar,16.932842,15.460077,7108,0.7462157607078552
human3_lib4.final_cell_0743-2,human3,alpha,1,alpha,7.7193966,-5.777892,7109,0.5230777263641357
human3_lib4.final_cell_0744-2,human3,alpha,1,alpha,6.8250785,-6.7384996,7110,1.0396382808685305
human3_lib4.final_cell_0745-2,human3,beta,0,beta,-1.3037101,10.070122,7111,1.060320258140564
human3_lib4.final_cell_0746-2,human3,acinar,2,acinar,18.194551,12.402177,7112,0.8242866396903992
human3_lib4.final_cell_0747-2,human3,delta,4,delta,-4.8216653,2.607868,7113,1.236235499382019
human3_lib4.final_cell_0748-2,human3,acinar,2,acinar,18.212276,15.07258,7114,0.4367781281471252
human3_lib4.final_cell_0749-2,human3,alpha,1,alpha,7.9538198,-6.3893547,7115,0.8337482810020447
human3_lib4.final_cell_0750-2,human3,alpha,1,alpha,8.189245,-5.5617986,7116,1.2048612833023071
human3_lib4.final_cell_0751-2,human3,ductal,3,ductal,19.175713,0.23695429,7117,1.0684607028961182
human3_lib4.final_cell_0752-2,human3,gamma,6,gamma,-2.2255974,-3.4199579,7118,2.3210275173187256
human3_lib4.final_cell_0753-2,human3,endothelial,7,endothelial,9.59135,11.829462,7119,1.906915664672852
human3_lib4.final_cell_0754-2,human3,beta,0,beta,1.5707664,9.163032,7120,0.8085578680038452
human3_lib4.final_cell_0755-2,human3,alpha,1,alpha,8.022296,-6.864104,7121,0.9167559146881104
human3_lib4.final_cell_0756-2,human3,alpha,1,alpha,7.3464503,-7.151281,7122,0.6999589204788208
human3_lib4.final_cell_0757-2,human3,ductal,3,ductal,18.352156,1.6009549,7123,1.431249499320984
human3_lib4.final_cell_0758-2,human3,alpha,1,alpha,7.2896013,-4.161853,7124,0.9327451586723328
human3_lib4.final_cell_0759-2,human3,alpha,1,alpha,7.5732193,-6.8487515,7125,0.72612065076828
human3_lib4.final_cell_0760-2,human3,alpha,1,alpha,8.524171,-5.9931893,7126,0.7394371628761292
human3_lib4.final_cell_0761-2,human3,beta,0,beta,1.1861202,9.085396,7127,0.8811968564987183
human3_lib4.final_cell_0762-2,human3,acinar,2,acinar,18.245665,12.36305,7128,0.800384521484375
human3_lib4.final_cell_0763-2,human3,alpha,1,alpha,6.7255235,-4.941597,7129,1.573315978050232
human3_lib4.final_cell_0764-2,human3,beta,0,beta,0.27168983,12.067134,7130,0.7735016345977783
human3_lib4.final_cell_0765-2,human3,alpha,1,alpha,9.861123,-7.5698524,7131,0.7542953491210938
human3_lib4.final_cell_0766-2,human3,alpha,1,alpha,7.8370895,-5.3156,7132,1.1047875881195068
human3_lib4.final_cell_0767-2,human3,alpha,1,alpha,6.482184,-4.4274917,7133,1.34031343460083
human3_lib4.final_cell_0768-2,human3,ductal,3,ductal,17.37062,1.3851638,7134,3.585373640060425
human3_lib4.final_cell_0769-2,human3,delta,4,delta,-2.6181602,2.9719553,7135,1.2823562622070312
human3_lib4.final_cell_0770-2,human3,alpha,1,alpha,7.306966,-5.8753934,7136,0.7226426005363464
human3_lib4.final_cell_0771-2,human3,alpha,1,alpha,7.860766,-7.0273833,7137,1.1468253135681152
human3_lib4.final_cell_0772-2,human3,alpha,1,alpha,9.167859,-3.6247692,7138,2.404456377029419
human3_lib4.final_cell_0773-2,human3,acinar,2,acinar,17.920336,11.879065,7139,0.6819901466369629
human3_lib4.final_cell_0774-2,human3,ductal,3,ductal,19.182402,0.06418965,7140,1.1444681882858276
human3_lib4.final_cell_0775-2,human3,ductal,3,ductal,18.362028,0.097326934,7141,1.0165799856185913
human3_lib4.final_cell_0776-2,human3,alpha,1,alpha,7.1186566,-5.517555,7142,0.8357617259025574
human3_lib4.final_cell_0777-2,human3,alpha,1,alpha,6.3753448,-5.043247,7143,1.9103018045425413
human3_lib4.final_cell_0778-2,human3,alpha,1,alpha,7.000639,-7.142386,7144,1.4540599584579468
human3_lib4.final_cell_0779-2,human3,acinar,2,acinar,18.13069,13.712974,7145,0.4814846813678741
human3_lib4.final_cell_0780-2,human3,beta,0,beta,1.6598691,10.346247,7146,0.6326990723609924
human3_lib4.final_cell_0781-2,human3,alpha,1,alpha,8.200825,-5.6633196,7147,0.6324916481971741
human3_lib4.final_cell_0782-2,human3,gamma,6,gamma,-3.1509428,-4.1572604,7148,1.4964125156402588
human3_lib4.final_cell_0783-2,human3,acinar,2,acinar,18.461796,13.450773,7149,0.5401577353477478
human3_lib4.final_cell_0784-2,human3,alpha,1,alpha,9.213146,-6.1199613,7150,0.553742527961731
human3_lib4.final_cell_0785-2,human3,gamma,6,gamma,-2.2288663,-3.4197474,7151,2.0884106159210205
human3_lib4.final_cell_0786-2,human3,gamma,6,gamma,-2.3371813,-3.4570482,7152,1.6102681159973145
human3_lib4.final_cell_0787-2,human3,beta,0,beta,-0.8578972,7.3718,7153,1.7584867477416992
human3_lib4.final_cell_0788-2,human3,beta,0,beta,0.28767505,8.304459,7154,1.8004192113876345
human3_lib4.final_cell_0789-2,human3,alpha,1,alpha,8.934207,-4.5264015,7155,1.857393503189087
human3_lib4.final_cell_0790-2,human3,beta,0,beta,1.5557979,9.015314,7156,0.8250449299812317
human3_lib4.final_cell_0791-2,human3,beta,0,beta,0.5425189,11.853838,7157,0.6098557114601135
human3_lib4.final_cell_0792-2,human3,acinar,2,acinar,17.921408,13.34223,7158,0.7135043144226074
human3_lib4.final_cell_0793-2,human3,acinar,2,acinar,18.237274,12.316139,7159,0.5849950313568115
human3_lib4.final_cell_0794-2,human3,acinar,2,acinar,18.146585,12.329246,7160,0.5395089387893677
human3_lib4.final_cell_0795-2,human3,quiescent_stellate,5,activated_stellate,11.320694,4.2769914,7161,1.420925259590149
human3_lib4.final_cell_0796-2,human3,quiescent_stellate,5,activated_stellate,12.490392,5.6293283,7162,2.0012857913970947
human3_lib4.final_cell_0797-2,human3,ductal,3,ductal,18.226341,0.897641,7163,1.5551810264587402
human3_lib4.final_cell_0798-2,human3,beta,0,beta,1.1847147,9.786501,7164,0.9504964351654052
human3_lib4.final_cell_0799-2,human3,alpha,1,alpha,6.3927803,-4.61033,7165,0.9705808758735656
human3_lib4.final_cell_0800-2,human3,beta,0,beta,0.20650837,12.434297,7166,0.6410213112831116
human3_lib4.final_cell_0801-2,human3,alpha,1,alpha,9.687065,-7.6658306,7167,0.5277696251869202
human3_lib4.final_cell_0802-2,human3,ductal,3,ductal,18.506393,2.3576066,7168,1.580098032951355
human3_lib4.final_cell_0803-2,human3,alpha,1,alpha,8.370044,-5.056545,7169,0.5447107553482056
human3_lib4.final_cell_0804-2,human3,alpha,1,alpha,7.5622163,-6.3128304,7170,0.9342426657676696
human3_lib4.final_cell_0805-2,human3,alpha,1,alpha,6.6473207,-5.001854,7171,1.0532740354537964
human3_lib4.final_cell_0806-2,human3,alpha,1,alpha,8.270386,-5.6062946,7172,0.7777182459831238
human3_lib4.final_cell_0807-2,human3,alpha,1,alpha,6.001206,-4.141019,7173,1.0149084329605105
human3_lib4.final_cell_0808-2,human3,beta,0,beta,1.011158,10.2266035,7174,0.864203691482544
human3_lib4.final_cell_0809-2,human3,beta,4,delta,-3.2402053,3.2918065,7175,1.691933035850525
human3_lib4.final_cell_0810-2,human3,beta,0,beta,-0.42035657,8.357357,7176,0.6769651770591736
human3_lib4.final_cell_0811-2,human3,acinar,2,acinar,17.940767,12.977239,7177,0.6421331763267517
human3_lib4.final_cell_0812-2,human3,alpha,1,alpha,6.452391,-4.732682,7178,0.9597697257995604
human3_lib4.final_cell_0813-2,human3,beta,0,beta,0.56477505,8.772572,7179,0.8313902616500854
human3_lib4.final_cell_0814-2,human3,beta,0,beta,0.41275728,10.311237,7180,0.5730515122413635
human3_lib4.final_cell_0815-2,human3,beta,0,beta,0.16785894,11.377723,7181,0.7539981603622437
human3_lib4.final_cell_0816-2,human3,beta,0,beta,-0.9557987,7.195906,7182,1.4968208074569702
human3_lib4.final_cell_0817-2,human3,gamma,6,gamma,-2.188936,-3.809742,7183,2.2673745155334477
human3_lib4.final_cell_0818-2,human3,endothelial,7,endothelial,10.070203,12.683521,7184,2.524661064147949
human3_lib4.final_cell_0819-2,human3,quiescent_stellate,5,activated_stellate,11.75733,4.2905664,7185,1.5118775367736816
human3_lib4.final_cell_0820-2,human3,alpha,1,alpha,9.070746,-8.608771,7186,0.5803221464157104
human3_lib4.final_cell_0821-2,human3,alpha,1,alpha,7.4714556,-7.1114745,7187,0.7265632748603821
human3_lib4.final_cell_0822-2,human3,beta,0,beta,-0.16587357,10.581775,7188,0.6757389903068542
human3_lib4.final_cell_0823-2,human3,beta,0,beta,-1.1973658,10.601281,7189,0.7823351621627808
human3_lib4.final_cell_0824-2,human3,beta,0,beta,-0.88276255,9.57287,7190,0.6287906765937805
human3_lib4.final_cell_0825-2,human3,ductal,3,ductal,19.052628,0.39205962,7191,1.8353475332260127
human3_lib4.final_cell_0826-2,human3,ductal,3,ductal,18.699059,0.45973194,7192,1.607597827911377
human3_lib4.final_cell_0827-2,human3,beta,0,beta,0.4889869,9.199219,7193,0.6082155704498291
human3_lib4.final_cell_0828-2,human3,quiescent_stellate,5,activated_stellate,12.75723,5.2444887,7194,1.899370551109314
human3_lib4.final_cell_0829-2,human3,alpha,1,alpha,6.5950904,-4.1679754,7195,0.6738802194595337
human3_lib4.final_cell_0830-2,human3,alpha,1,alpha,7.711567,-4.8544335,7196,0.8771519064903259
human3_lib4.final_cell_0831-2,human3,alpha,1,alpha,9.336795,-6.0544763,7197,1.7707250118255615
human3_lib4.final_cell_0832-2,human3,activated_stellate,5,activated_stellate,11.550577,4.1641283,7198,1.6351635456085205
human3_lib4.final_cell_0833-2,human3,acinar,2,acinar,18.030853,13.604892,7199,0.9026585817337036
human3_lib4.final_cell_0834-2,human3,beta,0,beta,0.6349465,9.146439,7200,0.8851372599601746
human3_lib4.final_cell_0835-2,human3,alpha,1,alpha,8.943492,-6.5433326,7201,0.6788265109062195
human3_lib4.final_cell_0836-2,human3,alpha,6,gamma,5.4488683,-3.8944228,7202,0.7684257626533508
human3_lib4.final_cell_0837-2,human3,ductal,3,ductal,17.816824,1.6475416,7203,3.588205099105835
human3_lib4.final_cell_0838-2,human3,alpha,1,alpha,9.55053,-7.178273,7204,0.583189070224762
human3_lib4.final_cell_0839-2,human3,beta,0,beta,1.240571,9.274251,7205,0.8482581377029419
human3_lib4.final_cell_0840-2,human3,alpha,1,alpha,8.948156,-8.37103,7206,0.7458391189575195
human3_lib4.final_cell_0841-2,human3,beta,0,beta,-0.78457236,8.344953,7207,1.1984925270080566
human3_lib4.final_cell_0842-2,human3,endothelial,7,endothelial,9.963624,13.005023,7208,1.9903926849365237
human3_lib4.final_cell_0843-2,human3,ductal,3,ductal,18.301859,1.5673413,7209,1.126734733581543
human3_lib4.final_cell_0844-2,human3,endothelial,7,endothelial,9.495622,12.915171,7210,2.294248580932617
human3_lib4.final_cell_0845-2,human3,beta,0,beta,1.6704646,9.339703,7211,1.0874171257019043
human3_lib4.final_cell_0846-2,human3,quiescent_stellate,5,activated_stellate,11.635039,4.1361113,7212,1.6252856254577637
human3_lib4.final_cell_0847-2,human3,endothelial,7,endothelial,9.579124,11.779619,7213,2.232410430908203
human3_lib4.final_cell_0848-2,human3,alpha,1,alpha,8.184216,-6.4878163,7214,0.7219098210334778
human3_lib4.final_cell_0849-2,human3,alpha,1,alpha,6.9677835,-5.162706,7215,0.760002613067627
human3_lib4.final_cell_0850-2,human3,beta,0,beta,1.5016088,9.01344,7216,1.0074657201766968
human3_lib4.final_cell_0851-2,human3,alpha,1,alpha,7.78255,-4.886121,7217,1.7803114652633667
human3_lib4.final_cell_0852-2,human3,activated_stellate,5,activated_stellate,12.713762,4.79676,7218,2.441968441009521
human3_lib4.final_cell_0853-2,human3,quiescent_stellate,5,activated_stellate,12.0842285,4.7997546,7219,1.634904384613037
human3_lib4.final_cell_0854-2,human3,alpha,1,alpha,7.6146526,-5.096858,7220,0.7479352355003357
human3_lib4.final_cell_0855-2,human3,beta,0,beta,-0.4007411,9.5715885,7221,0.7675840258598328
human3_lib4.final_cell_0856-2,human3,alpha,1,alpha,7.7926736,-4.733018,7222,0.762631893157959
human3_lib4.final_cell_0857-2,human3,alpha,1,alpha,8.995631,-6.8664284,7223,0.5268088579177856
human3_lib4.final_cell_0858-2,human3,beta,0,beta,1.2385476,9.244149,7224,1.1481904983520508
human3_lib4.final_cell_0859-2,human3,activated_stellate,5,activated_stellate,12.039593,4.3057804,7225,2.197865724563598
human3_lib4.final_cell_0860-2,human3,beta,0,beta,0.94840175,12.769819,7226,0.744547426700592
human3_lib4.final_cell_0861-2,human3,alpha,1,alpha,7.777039,-5.3232355,7227,0.6924843192100525
human3_lib4.final_cell_0862-2,human3,beta,0,beta,1.2015971,10.454604,7228,0.7595253586769104
human3_lib4.final_cell_0863-2,human3,delta,4,delta,-2.606389,3.7047224,7229,1.756200909614563
human3_lib4.final_cell_0864-2,human3,quiescent_stellate,5,activated_stellate,12.728567,4.810712,7230,1.5833396911621094
human3_lib4.final_cell_0865-2,human3,alpha,1,alpha,6.667856,-6.2794666,7231,0.6494461297988892
human3_lib4.final_cell_0866-2,human3,beta,0,beta,0.80942124,8.852535,7232,0.8026954531669617
human3_lib4.final_cell_0867-2,human3,beta,0,beta,0.38312095,9.810043,7233,0.6985799074172974
human3_lib4.final_cell_0868-2,human3,alpha,1,alpha,7.236216,-7.141589,7234,0.5769006013870239
human3_lib4.final_cell_0869-2,human3,beta,0,beta,5.222434,-3.3777876,7235,3.623354196548462
human3_lib4.final_cell_0870-2,human3,alpha,1,alpha,8.131547,-5.1561913,7236,0.8848880529403687
human3_lib4.final_cell_0871-2,human3,beta,0,beta,0.59651375,9.133534,7237,0.8354654908180237
human3_lib4.final_cell_0872-2,human3,delta,4,delta,-2.7152822,2.8915997,7238,1.057719588279724
human3_lib4.final_cell_0873-2,human3,ductal,3,ductal,17.178305,1.5043443,7239,3.588205099105835
human3_lib4.final_cell_0874-2,human3,alpha,1,alpha,6.437136,-3.5340798,7240,1.4121233224868774
human3_lib4.final_cell_0875-2,human3,beta,0,beta,-1.0488491,9.69461,7241,1.0845330953598022
human3_lib4.final_cell_0876-2,human3,endothelial,7,endothelial,9.924001,11.089684,7242,2.266774177551269
human3_lib4.final_cell_0877-2,human3,beta,0,beta,0.29692847,11.976534,7243,0.6093434691429138
human3_lib4.final_cell_0878-2,human3,beta,1,alpha,6.4400544,-3.5431433,7244,1.845175862312317
human3_lib4.final_cell_0879-2,human3,alpha,1,alpha,7.97357,-5.422169,7245,0.7193267941474915
human3_lib4.final_cell_0880-2,human3,alpha,1,alpha,9.589713,-6.3374305,7246,1.057258129119873
human3_lib4.final_cell_0881-2,human3,alpha,1,alpha,6.614163,-5.8605638,7247,0.8149755597114563
human3_lib4.final_cell_0882-2,human3,alpha,1,alpha,8.207744,-7.9822135,7248,0.5684208273887634
human3_lib4.final_cell_0883-2,human3,schwann,5,activated_stellate,12.170754,4.218871,7249,2.4939630031585693
human3_lib4.final_cell_0884-2,human3,alpha,1,alpha,6.2338924,-4.1221085,7250,1.4051204919815063
human3_lib4.final_cell_0885-2,human3,beta,0,beta,0.97709185,8.797187,7251,0.7551025152206421
human3_lib4.final_cell_0886-2,human3,macrophage,8,macrophage,-11.028013,6.383657,7252,3.362237930297852
human3_lib4.final_cell_0887-2,human3,endothelial,7,endothelial,10.109198,12.788453,7253,2.6785888671875
human3_lib4.final_cell_0888-2,human3,ductal,3,ductal,18.696363,1.2880049,7254,1.556025147438049
human3_lib4.final_cell_0889-2,human3,beta,0,beta,0.7196935,10.386984,7255,0.7683613300323486
human3_lib4.final_cell_0890-2,human3,alpha,1,alpha,6.9774065,-6.2101064,7256,0.5994064807891846
human3_lib4.final_cell_0891-2,human3,alpha,1,alpha,8.282168,-5.031693,7257,1.6042861938476562
human3_lib4.final_cell_0892-2,human3,quiescent_stellate,5,activated_stellate,11.511368,5.11212,7258,1.4117132425308228
human3_lib4.final_cell_0893-2,human3,acinar,2,acinar,18.484226,13.313125,7259,0.6482018232345581
human3_lib4.final_cell_0894-2,human3,ductal,3,ductal,18.142448,1.9729991,7260,1.41290020942688
human3_lib4.final_cell_0895-2,human3,alpha,1,alpha,7.242665,-6.6868124,7261,1.2192955017089844
human3_lib4.final_cell_0896-2,human3,beta,0,beta,-0.1450757,10.522727,7262,0.91072279214859
human3_lib4.final_cell_0897-2,human3,alpha,1,alpha,7.833168,-5.334925,7263,0.9001749753952026
human3_lib4.final_cell_0898-2,human3,beta,0,beta,1.1523607,9.691633,7264,0.9922067523002625
human3_lib4.final_cell_0899-2,human3,alpha,1,alpha,7.865491,-7.6663094,7265,0.630853533744812
human4_lib1.final_cell_0001-3,human4,ductal,2,acinar,17.091003,15.862846,7266,1.1708440780639648
human4_lib1.final_cell_0002-3,human4,delta,4,delta,-4.8657293,2.6091812,7267,0.568016529083252
human4_lib1.final_cell_0003-3,human4,delta,4,delta,-4.63188,2.3779533,7268,0.7728829383850098
human4_lib1.final_cell_0004-3,human4,ductal,2,acinar,14.787018,4.9806604,7269,2.094947338104248
human4_lib1.final_cell_0005-3,human4,ductal,3,ductal,18.133057,-0.041240096,7270,1.8500587940216064
human4_lib1.final_cell_0006-3,human4,ductal,3,ductal,19.078056,0.106690526,7271,1.7250319719314575
human4_lib1.final_cell_0007-3,human4,ductal,2,acinar,17.244274,14.068608,7272,1.1655049324035645
human4_lib1.final_cell_0008-3,human4,alpha,1,alpha,10.286657,-7.7688637,7273,0.5001940131187439
human4_lib1.final_cell_0009-3,human4,ductal,2,acinar,17.595211,13.732155,7274,1.223923921585083
human4_lib1.final_cell_0010-3,human4,ductal,2,acinar,15.677098,16.553999,7275,1.4439440965652466
human4_lib1.final_cell_0011-3,human4,alpha,1,alpha,9.186502,-8.802309,7276,0.5613559484481812
human4_lib1.final_cell_0012-3,human4,ductal,3,ductal,18.91311,1.4345758,7277,1.2302619218826294
human4_lib1.final_cell_0013-3,human4,ductal,3,ductal,17.384556,1.4848139,7278,3.588205099105835
human4_lib1.final_cell_0014-3,human4,ductal,2,acinar,17.662565,15.333843,7279,1.2911314964294434
human4_lib1.final_cell_0015-3,human4,delta,4,delta,-3.9538088,3.2703302,7280,0.3845422863960266
human4_lib1.final_cell_0016-3,human4,activated_stellate,5,activated_stellate,12.067975,5.853856,7281,2.1954345703125
human4_lib1.final_cell_0017-3,human4,beta,0,beta,0.84484076,13.378748,7282,0.3906598687171936
human4_lib1.final_cell_0018-3,human4,ductal,2,acinar,15.054171,5.5169334,7283,1.706721544265747
human4_lib1.final_cell_0019-3,human4,ductal,3,ductal,18.242249,-0.16512576,7284,1.9633318185806277
human4_lib1.final_cell_0020-3,human4,beta,0,beta,1.8582026,11.412086,7285,0.4689683616161346
human4_lib1.final_cell_0021-3,human4,beta,0,beta,0.6239909,12.157725,7286,0.3948319256305694
human4_lib1.final_cell_0022-3,human4,delta,4,delta,-3.2811007,2.5590842,7287,0.3845422863960266
human4_lib1.final_cell_0023-3,human4,ductal,2,acinar,17.697104,12.617061,7288,1.1790727376937866
human4_lib1.final_cell_0024-3,human4,delta,4,delta,-3.848918,2.1294727,7289,0.4427110552787781
human4_lib1.final_cell_0025-3,human4,alpha,1,alpha,10.120092,-8.171292,7290,0.5103808641433716
human4_lib1.final_cell_0026-3,human4,beta,0,beta,0.774327,13.184628,7291,0.4301386773586273
human4_lib1.final_cell_0027-3,human4,beta,0,beta,1.3687898,11.612331,7292,0.4086139500141144
human4_lib1.final_cell_0028-3,human4,delta,4,delta,-4.318703,3.0381184,7293,0.3845422863960266
human4_lib1.final_cell_0029-3,human4,ductal,2,acinar,17.800781,12.428145,7294,1.067241668701172
human4_lib1.final_cell_0030-3,human4,activated_stellate,5,activated_stellate,12.2177,4.697923,7295,1.7520174980163574
human4_lib1.final_cell_0031-3,human4,ductal,2,acinar,18.118423,14.853412,7296,1.424567937850952
human4_lib1.final_cell_0032-3,human4,ductal,2,acinar,17.229418,16.268608,7297,1.4724340438842771
human4_lib1.final_cell_0033-3,human4,ductal,3,ductal,18.072874,-0.24748468,7298,3.588205099105835
human4_lib1.final_cell_0034-3,human4,beta,0,beta,1.4695213,11.86504,7299,0.3845422863960266
human4_lib1.final_cell_0035-3,human4,macrophage,8,macrophage,-11.0289955,6.3828993,7300,2.167810678482056
human4_lib1.final_cell_0036-3,human4,alpha,1,alpha,7.204584,-6.6621256,7301,0.8587150573730469
human4_lib1.final_cell_0037-3,human4,beta,0,beta,0.2655147,11.5693,7302,0.3845422863960266
human4_lib1.final_cell_0038-3,human4,beta,0,beta,0.018592976,10.429737,7303,0.4400763511657715
human4_lib1.final_cell_0039-3,human4,alpha,1,alpha,9.215105,-6.1760325,7304,0.516690731048584
human4_lib1.final_cell_0040-3,human4,ductal,3,ductal,18.881697,1.9596659,7305,1.641451120376587
human4_lib1.final_cell_0041-3,human4,beta,4,delta,-1.4859556,6.0035095,7306,1.248763918876648
human4_lib1.final_cell_0042-3,human4,beta,0,beta,-0.8907282,11.868369,7307,0.5343140959739685
human4_lib1.final_cell_0043-3,human4,alpha,1,alpha,10.088136,-8.465483,7308,0.7155460715293884
human4_lib1.final_cell_0044-3,human4,ductal,3,ductal,17.944145,-0.93338275,7309,2.240983009338379
human4_lib1.final_cell_0045-3,human4,ductal,3,ductal,18.076782,2.170857,7310,1.8714840412139893
human4_lib1.final_cell_0046-3,human4,beta,0,beta,1.4189371,11.969175,7311,0.6321330666542053
human4_lib1.final_cell_0047-3,human4,beta,0,beta,1.6013056,11.919957,7312,0.4881775975227356
human4_lib1.final_cell_0048-3,human4,alpha,1,alpha,9.493245,-8.486653,7313,0.771247386932373
human4_lib1.final_cell_0049-3,human4,beta,0,beta,0.737797,11.879874,7314,0.412546157836914
human4_lib1.final_cell_0050-3,human4,alpha,1,alpha,9.923435,-8.466738,7315,0.7503950595855713
human4_lib1.final_cell_0051-3,human4,beta,0,beta,-1.1072179,12.025237,7316,0.4998419284820556
human4_lib1.final_cell_0052-3,human4,ductal,3,ductal,18.482174,-0.448033,7317,3.588205099105835
human4_lib1.final_cell_0053-3,human4,beta,0,beta,0.8002238,12.005001,7318,0.3845422863960266
human4_lib1.final_cell_0054-3,human4,ductal,3,ductal,18.756289,-0.21966884,7319,1.4137871265411377
human4_lib1.final_cell_0055-3,human4,alpha,1,alpha,9.916169,-8.693914,7320,0.6577394604682922
human4_lib1.final_cell_0056-3,human4,beta,0,beta,1.205928,13.046585,7321,0.508890688419342
human4_lib1.final_cell_0057-3,human4,delta,8,macrophage,5.2399096,-3.4027908,7322,4.432863235473633
human4_lib1.final_cell_0058-3,human4,beta,0,beta,1.8853444,10.792889,7323,0.5008476376533508
human4_lib1.final_cell_0059-3,human4,beta,0,beta,0.80178684,13.419505,7324,0.4036266207695007
human4_lib1.final_cell_0060-3,human4,ductal,3,ductal,18.251814,0.63077927,7325,1.6872258186340332
human4_lib1.final_cell_0061-3,human4,beta,0,beta,-0.7718511,12.188506,7326,0.5197484493255615
human4_lib1.final_cell_0062-3,human4,ductal,2,acinar,17.190994,13.911161,7327,1.3654484748840332
human4_lib1.final_cell_0063-3,human4,beta,0,beta,-0.538209,9.748317,7328,0.51475590467453
human4_lib1.final_cell_0064-3,human4,ductal,3,ductal,18.303997,-0.11661303,7329,1.840437173843384
human4_lib1.final_cell_0065-3,human4,ductal,2,acinar,17.590279,14.415545,7330,0.972519874572754
human4_lib1.final_cell_0066-3,human4,activated_stellate,5,activated_stellate,11.489051,5.5729256,7331,2.145780086517334
human4_lib1.final_cell_0067-3,human4,alpha,1,alpha,7.9745154,-7.203889,7332,0.6786614656448364
human4_lib1.final_cell_0068-3,human4,alpha,1,alpha,8.921747,-7.502295,7333,0.5330206751823425
human4_lib1.final_cell_0069-3,human4,delta,4,delta,-3.7666047,2.6906474,7334,0.3869439959526062
human4_lib1.final_cell_0070-3,human4,activated_stellate,5,activated_stellate,10.925428,5.1565146,7335,1.5467737913131714
human4_lib1.final_cell_0071-3,human4,activated_stellate,5,activated_stellate,11.725011,5.745882,7336,1.7766693830490112
human4_lib1.final_cell_0072-3,human4,beta,0,beta,0.94090736,12.838343,7337,0.3845422863960266
human4_lib1.final_cell_0073-3,human4,activated_stellate,5,activated_stellate,11.815153,5.4019647,7338,1.5062494277954102
human4_lib1.final_cell_0074-3,human4,alpha,1,alpha,9.816038,-8.550938,7339,0.5670303702354431
human4_lib1.final_cell_0075-3,human4,beta,0,beta,1.3918436,11.543244,7340,0.3875573277473449
human4_lib1.final_cell_0076-3,human4,ductal,3,ductal,18.278475,-0.9045741,7341,2.2042176723480225
human4_lib1.final_cell_0077-3,human4,quiescent_stellate,5,activated_stellate,11.969754,4.4777517,7342,2.431235790252685
human4_lib1.final_cell_0078-3,human4,beta,0,beta,-1.2857566,9.938395,7343,0.7336518168449402
human4_lib1.final_cell_0079-3,human4,ductal,2,acinar,17.82619,12.685252,7344,1.3072264194488523
human4_lib1.final_cell_0080-3,human4,beta,0,beta,0.41059458,12.209538,7345,0.3845422863960266
human4_lib1.final_cell_0081-3,human4,beta,0,beta,1.504619,9.424823,7346,0.9622606635093688
human4_lib1.final_cell_0082-3,human4,activated_stellate,5,activated_stellate,11.290376,5.317926,7347,1.6353965997695925
human4_lib1.final_cell_0083-3,human4,delta,4,delta,-3.4496598,2.9759943,7348,0.4412075877189636
human4_lib1.final_cell_0084-3,human4,beta,0,beta,1.3313363,12.525068,7349,0.3855177760124206
human4_lib1.final_cell_0085-3,human4,beta,0,beta,1.5119764,11.98983,7350,0.9673027992248536
human4_lib1.final_cell_0086-3,human4,beta,0,beta,0.6700456,10.770764,7351,0.5420387983322144
human4_lib1.final_cell_0087-3,human4,beta,0,beta,1.1751982,10.466273,7352,0.7021920680999756
human4_lib1.final_cell_0088-3,human4,delta,4,delta,-1.7316288,-2.834317,7353,1.2265849113464355
human4_lib1.final_cell_0089-3,human4,beta,0,beta,0.20410614,10.784015,7354,0.4049179852008819
human4_lib1.final_cell_0090-3,human4,delta,4,delta,-3.2120342,2.8698635,7355,0.4618614315986633
human4_lib1.final_cell_0091-3,human4,alpha,3,ductal,17.726753,2.9068997,7356,2.441903829574585
human4_lib1.final_cell_0092-3,human4,ductal,3,ductal,18.604708,-0.34781444,7357,1.4148346185684204
human4_lib1.final_cell_0093-3,human4,alpha,1,alpha,9.578275,-6.025403,7358,0.7693879008293152
human4_lib1.final_cell_0094-3,human4,alpha,1,alpha,9.326914,-7.0643706,7359,0.7377902865409851
human4_lib1.final_cell_0095-3,human4,alpha,1,alpha,10.135177,-6.6824565,7360,1.1357730627059937
human4_lib1.final_cell_0096-3,human4,macrophage,8,macrophage,13.920875,0.892073,7361,2.4570417404174805
human4_lib1.final_cell_0097-3,human4,delta,4,delta,-4.3051114,2.527244,7362,0.4028984010219574
human4_lib1.final_cell_0098-3,human4,ductal,3,ductal,18.16685,-0.86050636,7363,1.9755003452301023
human4_lib1.final_cell_0099-3,human4,ductal,3,ductal,18.393003,1.2536631,7364,1.6308209896087646
human4_lib1.final_cell_0100-3,human4,beta,0,beta,0.68117154,11.947996,7365,0.5907192826271057
human4_lib1.final_cell_0101-3,human4,ductal,3,ductal,18.492691,-0.73008347,7366,1.825649976730347
human4_lib1.final_cell_0102-3,human4,beta,0,beta,0.15449196,11.723827,7367,0.3845422863960266
human4_lib1.final_cell_0103-3,human4,beta,0,beta,-0.12827207,12.02071,7368,0.3845422863960266
human4_lib1.final_cell_0104-3,human4,alpha,1,alpha,9.793882,-8.765142,7369,0.8649694919586182
human4_lib1.final_cell_0105-3,human4,beta,0,beta,-0.79624844,11.720245,7370,0.4688146710395813
human4_lib1.final_cell_0106-3,human4,delta,4,delta,-4.3399935,2.8587105,7371,0.3933762907981872
human4_lib1.final_cell_0107-3,human4,alpha,1,alpha,9.5580635,-8.673265,7372,0.5514964461326599
human4_lib1.final_cell_0108-3,human4,alpha,6,gamma,5.346419,-3.8706346,7373,1.3653172254562378
human4_lib1.final_cell_0109-3,human4,delta,4,delta,-2.9835057,2.6862948,7374,0.7389425039291382
human4_lib1.final_cell_0110-3,human4,beta,0,beta,1.5297185,12.140738,7375,0.5308720469474792
human4_lib1.final_cell_0111-3,human4,ductal,3,ductal,18.501595,-0.018146118,7376,1.8410896062850952
human4_lib1.final_cell_0112-3,human4,beta,0,beta,-0.8774088,7.243706,7377,0.674884557723999
human4_lib1.final_cell_0113-3,human4,beta,0,beta,1.8474959,11.672674,7378,0.5408643484115601
human4_lib1.final_cell_0114-3,human4,delta,4,delta,-2.841626,3.2134018,7379,0.553769588470459
human4_lib1.final_cell_0115-3,human4,acinar,2,acinar,14.8645,5.0041356,7380,1.6873327493667605
human4_lib1.final_cell_0116-3,human4,ductal,3,ductal,18.598005,0.6405472,7381,1.6481690406799316
human4_lib1.final_cell_0117-3,human4,alpha,1,alpha,9.930078,-8.659237,7382,0.7670987248420715
human4_lib1.final_cell_0118-3,human4,ductal,3,ductal,18.124252,0.30385116,7383,1.3310378789901731
human4_lib1.final_cell_0119-3,human4,ductal,3,ductal,18.963282,0.15234557,7384,1.3698225021362305
human4_lib1.final_cell_0120-3,human4,beta,0,beta,-1.0318534,11.624679,7385,0.569991946220398
human4_lib1.final_cell_0121-3,human4,beta,0,beta,0.00011380737,12.917467,7386,0.4188578128814697
human4_lib1.final_cell_0122-3,human4,gamma,6,gamma,-3.1410253,-4.1243167,7387,0.9023926258087158
human4_lib1.final_cell_0123-3,human4,alpha,1,alpha,9.504084,-8.681815,7388,0.7903445363044739
human4_lib1.final_cell_0124-3,human4,beta,0,beta,-0.80781823,10.646019,7389,0.3845422863960266
human4_lib1.final_cell_0125-3,human4,beta,0,beta,-0.31468412,12.661001,7390,0.7483876347541809
human4_lib1.final_cell_0126-3,human4,beta,0,beta,2.0170112,11.696949,7391,0.5827302932739258
human4_lib1.final_cell_0127-3,human4,ductal,2,acinar,15.218918,5.8709874,7392,1.1900008916854858
human4_lib1.final_cell_0128-3,human4,activated_stellate,5,activated_stellate,11.245292,5.6197925,7393,1.7237446308135986
human4_lib1.final_cell_0129-3,human4,delta,4,delta,-2.8483133,3.429997,7394,0.4396222531795501
human4_lib1.final_cell_0130-3,human4,beta,0,beta,0.96959496,12.816985,7395,0.3845422863960266
human4_lib1.final_cell_0131-3,human4,ductal,3,ductal,19.143953,0.5553654,7396,1.4582184553146362
human4_lib1.final_cell_0132-3,human4,beta,0,beta,1.3077216,11.701473,7397,0.3956194818019867
human4_lib1.final_cell_0133-3,human4,ductal,2,acinar,18.24873,13.762871,7398,1.2513309717178345
human4_lib1.final_cell_0134-3,human4,ductal,2,acinar,16.704348,15.118403,7399,1.8541561365127563
human4_lib1.final_cell_0135-3,human4,beta,0,beta,-0.85339344,11.820191,7400,0.3845422863960266
human4_lib1.final_cell_0136-3,human4,alpha,1,alpha,8.73576,-6.927738,7401,0.7946127653121948
human4_lib1.final_cell_0137-3,human4,ductal,3,ductal,18.419964,-0.40738752,7402,1.5007619857788086
human4_lib1.final_cell_0138-3,human4,delta,4,delta,-4.3977485,2.6518185,7403,0.3845422863960266
human4_lib1.final_cell_0139-3,human4,beta,0,beta,0.7764186,11.554829,7404,0.4860132038593292
human4_lib1.final_cell_0140-3,human4,delta,4,delta,-4.3112216,3.1223106,7405,0.4658402800559997
human4_lib1.final_cell_0141-3,human4,delta,4,delta,-4.458832,2.329131,7406,0.3848234415054321
human4_lib1.final_cell_0142-3,human4,alpha,1,alpha,9.291112,-6.3571534,7407,0.5435548424720764
human4_lib1.final_cell_0143-3,human4,alpha,1,alpha,5.4287963,-3.8944783,7408,1.3316221237182615
human4_lib1.final_cell_0144-3,human4,ductal,3,ductal,18.48578,-0.062459484,7409,1.4430873394012451
human4_lib1.final_cell_0145-3,human4,macrophage,8,macrophage,13.670551,0.75535667,7410,2.5200283527374268
human4_lib1.final_cell_0146-3,human4,alpha,1,alpha,9.844233,-8.589177,7411,0.8276730179786682
human4_lib1.final_cell_0147-3,human4,ductal,2,acinar,16.468828,14.960028,7412,1.3331530094146729
human4_lib1.final_cell_0148-3,human4,ductal,3,ductal,18.981207,0.9330905,7413,1.789136528968811
human4_lib1.final_cell_0149-3,human4,ductal,3,ductal,18.750854,0.07081408,7414,1.4823673963546753
human4_lib1.final_cell_0150-3,human4,beta,0,beta,-0.799026,8.929682,7415,0.8031418323516846
human4_lib1.final_cell_0151-3,human4,beta,0,beta,1.5741769,9.718513,7416,0.4782351851463318
human4_lib1.final_cell_0152-3,human4,alpha,1,alpha,7.706076,-7.1366196,7417,0.5747932195663452
human4_lib1.final_cell_0153-3,human4,beta,0,beta,0.6549725,12.410571,7418,0.3933074176311493
human4_lib1.final_cell_0154-3,human4,alpha,1,alpha,9.186222,-5.611233,7419,0.9354518055915833
human4_lib1.final_cell_0155-3,human4,beta,0,beta,-0.516971,12.897283,7420,0.3845422863960266
human4_lib1.final_cell_0156-3,human4,beta,0,beta,-0.4673339,11.924124,7421,0.4921348392963409
human4_lib1.final_cell_0157-3,human4,ductal,3,ductal,18.018955,0.32908082,7422,1.688583493232727
human4_lib1.final_cell_0158-3,human4,ductal,3,ductal,18.353762,-0.800925,7423,2.137235641479492
human4_lib1.final_cell_0159-3,human4,beta,0,beta,-1.0092055,9.029498,7424,0.864657998085022
human4_lib1.final_cell_0160-3,human4,beta,0,beta,1.6114212,9.430563,7425,1.4302538633346558
human4_lib1.final_cell_0161-3,human4,alpha,1,alpha,8.248439,-7.4755063,7426,0.8192285895347595
human4_lib1.final_cell_0162-3,human4,alpha,1,alpha,8.78004,-7.2276726,7427,0.6467514038085938
human4_lib1.final_cell_0163-3,human4,beta,0,beta,0.3341205,10.799843,7428,0.4859341084957123
human4_lib1.final_cell_0164-3,human4,beta,0,beta,0.9030103,11.200906,7429,0.4733958542346954
human4_lib1.final_cell_0165-3,human4,alpha,1,alpha,9.560997,-8.43829,7430,0.6350764036178589
human4_lib1.final_cell_0166-3,human4,beta,0,beta,1.3043162,12.349802,7431,0.3845422863960266
human4_lib1.final_cell_0167-3,human4,beta,0,beta,0.35392267,12.374444,7432,0.4220183789730072
human4_lib1.final_cell_0168-3,human4,alpha,1,alpha,10.057506,-6.9544463,7433,0.6904734969139099
human4_lib1.final_cell_0169-3,human4,delta,4,delta,-3.866906,2.753891,7434,0.4029566943645477
human4_lib1.final_cell_0170-3,human4,beta,0,beta,0.25478122,8.422451,7435,0.972152829170227
human4_lib1.final_cell_0171-3,human4,alpha,1,alpha,9.409037,-8.70454,7436,1.0729386806488037
human4_lib1.final_cell_0172-3,human4,beta,0,beta,0.8346505,13.413108,7437,0.4209520816802978
human4_lib1.final_cell_0173-3,human4,beta,0,beta,-1.0773377,11.73744,7438,0.6307898163795471
human4_lib1.final_cell_0174-3,human4,beta,0,beta,0.783402,10.373526,7439,0.7804277539253235
human4_lib1.final_cell_0175-3,human4,beta,0,beta,1.223792,12.157749,7440,0.9953017830848694
human4_lib1.final_cell_0176-3,human4,delta,4,delta,-4.297928,2.9149628,7441,0.3845422863960266
human4_lib1.final_cell_0177-3,human4,beta,0,beta,-0.040541448,12.692358,7442,0.4009488821029663
human4_lib1.final_cell_0178-3,human4,ductal,3,ductal,18.971464,-0.29935524,7443,1.6301352977752686
human4_lib1.final_cell_0179-3,human4,gamma,6,gamma,-2.9623573,-3.6669545,7444,0.7410343289375305
human4_lib1.final_cell_0180-3,human4,delta,4,delta,-4.85703,2.4814332,7445,0.3845422863960266
human4_lib1.final_cell_0181-3,human4,ductal,3,ductal,18.21758,0.9932464,7446,3.588205099105835
human4_lib1.final_cell_0182-3,human4,alpha,1,alpha,8.640933,-6.792803,7447,0.7546699643135071
human4_lib1.final_cell_0183-3,human4,ductal,2,acinar,18.546005,13.210562,7448,1.3199561834335327
human4_lib1.final_cell_0184-3,human4,alpha,1,alpha,8.149395,-8.1852865,7449,0.77667635679245
human4_lib1.final_cell_0185-3,human4,alpha,1,alpha,8.865366,-5.881293,7450,1.0512704849243164
human4_lib1.final_cell_0186-3,human4,delta,4,delta,-3.662262,2.4127228,7451,0.5284760594367981
human4_lib1.final_cell_0187-3,human4,alpha,1,alpha,9.760681,-8.047488,7452,0.6675200462341309
human4_lib1.final_cell_0188-3,human4,beta,0,beta,0.30005178,12.36629,7453,0.4419872462749481
human4_lib1.final_cell_0189-3,human4,delta,4,delta,-4.3061748,2.4375749,7454,0.4282328188419342
human4_lib1.final_cell_0190-3,human4,alpha,1,alpha,9.157187,-7.5462723,7455,0.5610523223876953
human4_lib1.final_cell_0191-3,human4,alpha,1,alpha,6.774826,-6.2803,7456,0.5996338129043579
human4_lib1.final_cell_0192-3,human4,delta,4,delta,-4.06347,2.2489488,7457,0.3845422863960266
human4_lib1.final_cell_0193-3,human4,beta,0,beta,-0.7252829,10.361158,7458,0.4464084804058075
human4_lib1.final_cell_0194-3,human4,beta,0,beta,-0.21476787,12.883422,7459,0.4261450469493866
human4_lib1.final_cell_0195-3,human4,alpha,1,alpha,9.671988,-6.753176,7460,0.662849485874176
human4_lib1.final_cell_0196-3,human4,gamma,6,gamma,-3.099798,-4.221411,7461,1.0634998083114624
human4_lib1.final_cell_0197-3,human4,beta,0,beta,1.7654266,12.099946,7462,0.4187087118625641
human4_lib1.final_cell_0198-3,human4,beta,0,beta,1.1494434,11.585052,7463,0.3845422863960266
human4_lib1.final_cell_0199-3,human4,gamma,6,gamma,-2.7811992,-3.4517083,7464,1.179415941238403
human4_lib1.final_cell_0200-3,human4,delta,4,delta,-4.955904,2.5340362,7465,0.5199921131134033
human4_lib1.final_cell_0201-3,human4,ductal,6,gamma,-1.7493353,-2.8631973,7466,2.119886875152588
human4_lib1.final_cell_0202-3,human4,beta,0,beta,0.96111417,11.473179,7467,0.7692975401878357
human4_lib1.final_cell_0203-3,human4,alpha,1,alpha,6.5201735,-5.9912066,7468,1.8972575664520264
human4_lib1.final_cell_0204-3,human4,delta,4,delta,-3.8810723,3.036148,7469,0.5744602084159851
human4_lib1.final_cell_0205-3,human4,beta,0,beta,0.93231446,11.96014,7470,0.3845422863960266
human4_lib1.final_cell_0206-3,human4,beta,0,beta,1.0890881,9.784729,7471,0.5856667160987854
human4_lib1.final_cell_0207-3,human4,alpha,1,alpha,8.790891,-7.0254493,7472,0.6631593108177185
human4_lib1.final_cell_0208-3,human4,ductal,2,acinar,17.17146,14.185316,7473,1.2360780239105225
human4_lib1.final_cell_0209-3,human4,ductal,3,ductal,19.113113,0.7986894,7474,1.5220003128051758
human4_lib1.final_cell_0210-3,human4,beta,0,beta,1.4392017,12.264535,7475,0.4062834978103637
human4_lib1.final_cell_0211-3,human4,alpha,1,alpha,9.823103,-6.138662,7476,0.5985938906669617
human4_lib1.final_cell_0212-3,human4,ductal,3,ductal,18.299948,-0.1987075,7477,1.638452410697937
human4_lib1.final_cell_0213-3,human4,activated_stellate,5,activated_stellate,11.083574,5.5764813,7478,1.50334370136261
human4_lib1.final_cell_0214-3,human4,alpha,1,alpha,8.714346,-6.794608,7479,0.8000468611717224
human4_lib1.final_cell_0215-3,human4,beta,0,beta,1.5117478,11.410468,7480,0.458741158246994
human4_lib1.final_cell_0216-3,human4,alpha,1,alpha,9.139072,-7.9541497,7481,0.6768003702163696
human4_lib1.final_cell_0217-3,human4,ductal,3,ductal,18.155815,-0.6113926,7482,1.7400391101837158
human4_lib1.final_cell_0218-3,human4,beta,0,beta,0.2845963,9.382626,7483,0.6436872482299805
human4_lib1.final_cell_0219-3,human4,beta,0,beta,-1.3538451,10.400256,7484,0.7241343259811401
human4_lib1.final_cell_0220-3,human4,ductal,3,ductal,18.133072,0.74819165,7485,1.7048320770263672
human4_lib1.final_cell_0221-3,human4,beta,0,beta,0.032157697,10.321396,7486,0.3845422863960266
human4_lib1.final_cell_0222-3,human4,beta,0,beta,0.66175365,13.379396,7487,0.4620183408260345
human4_lib1.final_cell_0223-3,human4,ductal,3,ductal,19.087343,0.18177035,7488,2.109215021133423
human4_lib1.final_cell_0224-3,human4,beta,0,beta,-0.040516537,10.581428,7489,0.4249601066112518
human4_lib1.final_cell_0225-3,human4,beta,0,beta,1.629314,10.898973,7490,0.4015079140663147
human4_lib1.final_cell_0226-3,human4,beta,0,beta,-1.3091037,11.102095,7491,0.4539000689983368
human4_lib1.final_cell_0227-3,human4,beta,0,beta,1.4820011,11.415397,7492,0.5278192758560181
human4_lib1.final_cell_0228-3,human4,alpha,1,alpha,10.032531,-8.243478,7493,0.5329166054725647
human4_lib1.final_cell_0229-3,human4,delta,4,delta,-4.877968,2.446108,7494,0.4942154288291931
human4_lib1.final_cell_0230-3,human4,alpha,1,alpha,9.058557,-7.8275356,7495,0.7040857672691345
human4_lib1.final_cell_0231-3,human4,macrophage,8,macrophage,13.4891615,0.65055937,7496,3.0585687160491943
human4_lib1.final_cell_0232-3,human4,alpha,1,alpha,8.631045,-8.678752,7497,0.6616744995117188
human4_lib1.final_cell_0233-3,human4,alpha,1,alpha,8.71437,-7.4628563,7498,0.5000752210617065
human4_lib1.final_cell_0234-3,human4,beta,0,beta,0.32811338,12.523564,7499,0.3845422863960266
human4_lib1.final_cell_0235-3,human4,activated_stellate,5,activated_stellate,11.605812,5.224782,7500,1.9705361127853396
human4_lib1.final_cell_0236-3,human4,beta,0,beta,-0.82645905,10.648582,7501,0.98622727394104
human4_lib1.final_cell_0237-3,human4,beta,0,beta,1.448304,8.945052,7502,0.5695307850837708
human4_lib1.final_cell_0238-3,human4,ductal,3,ductal,18.465021,2.4523525,7503,1.4179022312164309
human4_lib1.final_cell_0239-3,human4,ductal,3,ductal,18.90875,1.6195171,7504,1.827553153038025
human4_lib1.final_cell_0240-3,human4,gamma,6,gamma,-2.7176263,-4.3026605,7505,0.9514688849449158
human4_lib1.final_cell_0241-3,human4,beta,0,beta,0.8543777,12.650434,7506,0.4366754591464996
human4_lib1.final_cell_0242-3,human4,ductal,3,ductal,18.540014,0.28458926,7507,1.59079110622406
human4_lib1.final_cell_0243-3,human4,beta,0,beta,0.31490195,10.458826,7508,0.4179010689258575
human4_lib1.final_cell_0244-3,human4,beta,0,beta,0.037473526,13.060061,7509,0.5385366082191467
human4_lib1.final_cell_0245-3,human4,beta,0,beta,-0.039506905,12.602391,7510,0.3845422863960266
human4_lib1.final_cell_0246-3,human4,beta,0,beta,-0.54967856,12.881465,7511,0.3845422863960266
human4_lib1.final_cell_0247-3,human4,beta,0,beta,1.5172088,10.069984,7512,0.5851340293884277
human4_lib1.final_cell_0248-3,human4,alpha,1,alpha,9.147162,-7.2963805,7513,0.5049113631248474
human4_lib1.final_cell_0249-3,human4,delta,4,delta,-4.776784,2.8346565,7514,0.5833154320716858
human4_lib1.final_cell_0250-3,human4,alpha,1,alpha,7.83227,-7.261052,7515,0.6667556762695312
human4_lib1.final_cell_0251-3,human4,ductal,3,ductal,18.473507,0.41576245,7516,1.6429928541183472
human4_lib1.final_cell_0252-3,human4,ductal,2,acinar,18.3241,12.502403,7517,1.0472520589828491
human4_lib1.final_cell_0253-3,human4,beta,0,beta,-0.79079825,12.064684,7518,0.4200334846973419
human4_lib1.final_cell_0254-3,human4,alpha,1,alpha,9.328127,-6.243456,7519,0.5805531740188599
human4_lib1.final_cell_0255-3,human4,alpha,1,alpha,9.610789,-8.382283,7520,0.9141438007354736
human4_lib1.final_cell_0256-3,human4,ductal,2,acinar,18.485687,13.125034,7521,0.8716301918029785
human4_lib1.final_cell_0257-3,human4,ductal,3,ductal,18.219728,1.0080979,7522,1.6504662036895752
human4_lib1.final_cell_0258-3,human4,alpha,1,alpha,8.1715975,-7.3993406,7523,0.9740718603134156
human4_lib1.final_cell_0259-3,human4,alpha,1,alpha,9.285398,-7.708065,7524,0.6341834664344788
human4_lib1.final_cell_0260-3,human4,ductal,3,ductal,18.66851,-0.38192493,7525,1.4430354833602903
human4_lib1.final_cell_0261-3,human4,beta,0,beta,1.3887985,12.440903,7526,0.6753309369087219
human4_lib1.final_cell_0262-3,human4,beta,0,beta,0.11712485,10.61526,7527,0.3964661359786987
human4_lib1.final_cell_0263-3,human4,alpha,1,alpha,8.3659115,-7.450676,7528,0.7136647701263428
human4_lib1.final_cell_0264-3,human4,ductal,2,acinar,17.949291,13.731236,7529,1.493622064590454
human4_lib1.final_cell_0265-3,human4,gamma,6,gamma,-2.99528,-3.825002,7530,1.0673601627349854
human4_lib1.final_cell_0266-3,human4,beta,0,beta,-0.28092515,11.972183,7531,0.3845422863960266
human4_lib1.final_cell_0267-3,human4,delta,4,delta,-4.359108,2.7789915,7532,0.4044364094734192
human4_lib1.final_cell_0268-3,human4,gamma,6,gamma,-2.905197,-3.6036513,7533,1.0888042449951172
human4_lib1.final_cell_0269-3,human4,beta,0,beta,-0.3716114,12.669509,7534,0.4054478406906128
human4_lib1.final_cell_0270-3,human4,ductal,3,ductal,18.284605,-0.22569808,7535,1.6223331689834597
human4_lib1.final_cell_0271-3,human4,ductal,3,ductal,18.33013,1.5277913,7536,1.5563321113586426
human4_lib1.final_cell_0272-3,human4,beta,0,beta,0.7172499,9.653863,7537,0.5094384551048279
human4_lib1.final_cell_0273-3,human4,ductal,3,ductal,18.376356,-0.74907327,7538,1.7005082368850708
human4_lib1.final_cell_0274-3,human4,beta,0,beta,0.7949833,13.404027,7539,0.6446534395217896
human4_lib1.final_cell_0275-3,human4,alpha,1,alpha,10.134101,-8.021715,7540,0.6553038358688354
human4_lib1.final_cell_0276-3,human4,beta,0,beta,-0.4014776,8.269771,7541,1.7327513694763184
human4_lib1.final_cell_0277-3,human4,beta,0,beta,1.6610175,12.2670145,7542,0.3845422863960266
human4_lib1.final_cell_0278-3,human4,beta,0,beta,-0.6176297,12.51399,7543,0.4865057170391083
human4_lib1.final_cell_0279-3,human4,alpha,1,alpha,9.501858,-7.24234,7544,0.5091798901557922
human4_lib1.final_cell_0280-3,human4,beta,0,beta,-0.85874695,11.783716,7545,0.3845422863960266
human4_lib1.final_cell_0281-3,human4,alpha,1,alpha,8.597656,-7.561538,7546,0.7289275527000427
human4_lib1.final_cell_0282-3,human4,beta,0,beta,-0.13649467,10.2981415,7547,0.9323815703392028
human4_lib1.final_cell_0283-3,human4,beta,0,beta,0.16766077,9.576546,7548,0.8034438490867615
human4_lib1.final_cell_0284-3,human4,alpha,1,alpha,9.942523,-8.480287,7549,0.553394615650177
human4_lib1.final_cell_0285-3,human4,ductal,3,ductal,18.091381,-1.0078269,7550,1.6529239416122437
human4_lib1.final_cell_0286-3,human4,alpha,1,alpha,8.261033,-6.397716,7551,0.9268865585327148
human4_lib1.final_cell_0287-3,human4,ductal,3,ductal,18.484419,-0.3662174,7552,1.5428365468978882
human4_lib1.final_cell_0288-3,human4,beta,0,beta,1.6144983,12.28452,7553,0.3845422863960266
human4_lib1.final_cell_0289-3,human4,alpha,1,alpha,9.970864,-8.516618,7554,0.7880802154541016
human4_lib1.final_cell_0290-3,human4,beta,0,beta,-0.23626019,12.161538,7555,0.4072586894035339
human4_lib1.final_cell_0291-3,human4,beta,0,beta,1.48039,11.670004,7556,0.4152620434761047
human4_lib1.final_cell_0292-3,human4,beta,0,beta,-0.8265151,12.131633,7557,0.3845422863960266
human4_lib1.final_cell_0293-3,human4,beta,0,beta,1.8430014,11.826881,7558,1.1945490837097168
human4_lib1.final_cell_0294-3,human4,alpha,1,alpha,8.573432,-6.8069463,7559,0.8422830104827881
human4_lib1.final_cell_0295-3,human4,macrophage,8,macrophage,13.559891,0.6970194,7560,2.6025307178497314
human4_lib1.final_cell_0296-3,human4,alpha,1,alpha,9.465373,-8.566257,7561,0.7042950391769409
human4_lib1.final_cell_0297-3,human4,delta,4,delta,-4.492934,2.9533598,7562,0.5042005181312561
human4_lib1.final_cell_0298-3,human4,gamma,6,gamma,-2.8908098,-4.228605,7563,0.9767144918441772
human4_lib1.final_cell_0299-3,human4,beta,0,beta,-0.5010112,11.837689,7564,0.5334561467170715
human4_lib1.final_cell_0300-3,human4,beta,0,beta,1.4401003,10.708405,7565,0.5637466907501221
human4_lib1.final_cell_0301-3,human4,delta,4,delta,-3.007718,3.3963563,7566,0.4536761045455932
human4_lib1.final_cell_0302-3,human4,ductal,2,acinar,18.129837,14.060465,7567,1.3265234231948853
human4_lib1.final_cell_0303-3,human4,ductal,3,ductal,19.026014,-0.2496764,7568,1.6982477903366089
human4_lib1.final_cell_0304-3,human4,beta,0,beta,1.3116084,11.86927,7569,0.4328290820121765
human4_lib1.final_cell_0305-3,human4,beta,0,beta,0.12278267,11.108679,7570,0.6950289011001587
human4_lib1.final_cell_0306-3,human4,alpha,1,alpha,10.025482,-8.384565,7571,0.6823034286499023
human4_lib1.final_cell_0307-3,human4,beta,0,beta,0.32998097,11.23148,7572,0.3862459063529968
human4_lib1.final_cell_0308-3,human4,alpha,1,alpha,9.439096,-8.713615,7573,0.8257178068161011
human4_lib1.final_cell_0309-3,human4,activated_stellate,5,activated_stellate,12.590043,4.450905,7574,2.4939630031585693
human4_lib1.final_cell_0310-3,human4,alpha,1,alpha,8.933212,-6.607602,7575,0.5648104548454285
human4_lib1.final_cell_0311-3,human4,gamma,6,gamma,-2.9230587,-4.2199526,7576,1.5179884433746338
human4_lib1.final_cell_0312-3,human4,delta,4,delta,-3.1872177,3.2916389,7577,0.4253017902374267
human4_lib1.final_cell_0313-3,human4,beta,0,beta,-0.6903743,12.708798,7578,0.3845422863960266
human4_lib1.final_cell_0314-3,human4,alpha,1,alpha,8.583266,-5.3550987,7579,0.8496286869049072
human4_lib1.final_cell_0315-3,human4,alpha,1,alpha,9.684637,-8.443915,7580,0.5612058043479919
human4_lib1.final_cell_0316-3,human4,beta,0,beta,-0.5140973,10.569631,7581,0.4255300462245941
human4_lib1.final_cell_0317-3,human4,delta,4,delta,-4.0882688,2.4501014,7582,0.5136631727218628
human4_lib1.final_cell_0318-3,human4,delta,8,macrophage,5.2418327,-3.412421,7583,2.361757755279541
human4_lib1.final_cell_0319-3,human4,delta,4,delta,-4.19779,2.8220332,7584,0.4738401174545288
human4_lib1.final_cell_0320-3,human4,alpha,1,alpha,7.951501,-7.5270143,7585,0.8754437565803528
human4_lib1.final_cell_0321-3,human4,beta,0,beta,-0.5971046,8.137549,7586,1.0447165966033936
human4_lib1.final_cell_0322-3,human4,beta,0,beta,0.7895739,10.2966175,7587,0.3845422863960266
human4_lib1.final_cell_0323-3,human4,activated_stellate,5,activated_stellate,11.096745,5.4952517,7588,1.6319807767868042
human4_lib1.final_cell_0324-3,human4,ductal,3,ductal,18.481783,-0.7777343,7589,1.7716857194900513
human4_lib1.final_cell_0325-3,human4,beta,0,beta,2.0946121,10.045044,7590,0.6997413635253906
human4_lib1.final_cell_0326-3,human4,epsilon,6,gamma,-1.895058,-3.1484923,7591,1.9219990968704224
human4_lib1.final_cell_0327-3,human4,alpha,1,alpha,9.688092,-6.0293,7592,0.6352841258049011
human4_lib1.final_cell_0328-3,human4,gamma,6,gamma,-2.7039132,-3.5003657,7593,0.7175615429878235
human4_lib1.final_cell_0329-3,human4,gamma,6,gamma,-2.9084952,-3.7258644,7594,1.0205280780792236
human4_lib1.final_cell_0330-3,human4,beta,0,beta,0.7029376,11.911572,7595,0.4198243916034698
human4_lib1.final_cell_0331-3,human4,gamma,6,gamma,-3.1317494,-4.2253776,7596,0.9350407719612122
human4_lib1.final_cell_0332-3,human4,alpha,1,alpha,10.345331,-7.456786,7597,0.7114654779434204
human4_lib1.final_cell_0333-3,human4,alpha,1,alpha,8.366177,-7.612958,7598,0.6726244688034058
human4_lib1.final_cell_0334-3,human4,beta,0,beta,0.7634391,12.362293,7599,0.492124080657959
human4_lib1.final_cell_0335-3,human4,alpha,1,alpha,9.456772,-8.122356,7600,0.5711119771003723
human4_lib1.final_cell_0336-3,human4,ductal,3,ductal,18.538927,1.2451448,7601,1.4202184677124023
human4_lib1.final_cell_0337-3,human4,delta,4,delta,-4.692046,2.9516795,7602,0.4921425580978393
human4_lib1.final_cell_0338-3,human4,alpha,1,alpha,6.7450085,-6.381753,7603,0.6180551648139954
human4_lib1.final_cell_0339-3,human4,beta,0,beta,-0.22809547,12.996783,7604,0.4393650889396667
human4_lib1.final_cell_0340-3,human4,beta,0,beta,1.3758029,11.343907,7605,0.4787062406539917
human4_lib1.final_cell_0341-3,human4,alpha,1,alpha,10.000516,-7.3994894,7606,0.5641478896141052
human4_lib1.final_cell_0342-3,human4,beta,0,beta,0.6737385,13.186959,7607,0.3995997607707977
human4_lib1.final_cell_0343-3,human4,ductal,3,ductal,15.021739,4.8409867,7608,1.896739602088928
human4_lib1.final_cell_0344-3,human4,alpha,1,alpha,7.315011,-6.5445514,7609,0.6684832572937012
human4_lib1.final_cell_0345-3,human4,alpha,1,alpha,9.847953,-8.299141,7610,0.7661897540092468
human4_lib1.final_cell_0346-3,human4,ductal,3,ductal,18.220863,-0.13802722,7611,1.555187463760376
human4_lib1.final_cell_0347-3,human4,delta,4,delta,-4.080458,3.5136352,7612,0.3845422863960266
human4_lib1.final_cell_0348-3,human4,beta,0,beta,1.6495035,11.989787,7613,0.3845422863960266
human4_lib1.final_cell_0349-3,human4,macrophage,8,macrophage,-11.026758,6.3845873,7614,2.229489326477051
human4_lib1.final_cell_0350-3,human4,alpha,1,alpha,9.591362,-6.7542133,7615,0.5617093443870544
human4_lib1.final_cell_0351-3,human4,ductal,3,ductal,18.734003,0.0015848816,7616,1.5997966527938845
human4_lib1.final_cell_0352-3,human4,beta,0,beta,1.8576702,11.627272,7617,0.6779525279998779
human4_lib1.final_cell_0353-3,human4,alpha,1,alpha,7.723469,-7.2365417,7618,0.6530934572219849
human4_lib1.final_cell_0354-3,human4,activated_stellate,5,activated_stellate,11.161568,5.2408576,7619,1.6166468858718872
human4_lib1.final_cell_0355-3,human4,ductal,3,ductal,18.314896,2.5665216,7620,1.1367446184158323
human4_lib1.final_cell_0356-3,human4,beta,0,beta,-1.1059774,12.000517,7621,0.4288113117218017
human4_lib1.final_cell_0357-3,human4,alpha,1,alpha,8.876966,-8.603231,7622,0.6690364480018616
human4_lib1.final_cell_0358-3,human4,beta,0,beta,0.22769475,10.318801,7623,0.7941652536392212
human4_lib1.final_cell_0359-3,human4,beta,0,beta,-0.004957904,11.964187,7624,0.3845422863960266
human4_lib1.final_cell_0360-3,human4,ductal,3,ductal,18.2346,2.350026,7625,3.588205099105835
human4_lib1.final_cell_0361-3,human4,endothelial,7,endothelial,12.96865,4.00025,7626,2.838065385818481
human4_lib1.final_cell_0362-3,human4,ductal,3,ductal,19.033834,0.7672451,7627,1.5552632808685305
human4_lib1.final_cell_0363-3,human4,alpha,1,alpha,8.849125,-7.0802107,7628,0.5374870896339417
human4_lib1.final_cell_0364-3,human4,ductal,3,ductal,19.090761,1.3722289,7629,1.4382407665252686
human4_lib1.final_cell_0365-3,human4,gamma,6,gamma,-3.0027885,-4.281923,7630,1.1168973445892334
human4_lib1.final_cell_0366-3,human4,beta,0,beta,-1.0152768,11.033606,7631,0.7135453224182129
human4_lib1.final_cell_0367-3,human4,activated_stellate,5,activated_stellate,11.336311,5.6156416,7632,1.7286453247070312
human4_lib1.final_cell_0368-3,human4,beta,0,beta,1.8771558,11.918993,7633,0.3845422863960266
human4_lib1.final_cell_0369-3,human4,alpha,1,alpha,8.001779,-6.422948,7634,0.6629526615142822
human4_lib1.final_cell_0370-3,human4,alpha,1,alpha,9.499488,-8.349013,7635,0.6404945850372314
human4_lib1.final_cell_0371-3,human4,activated_stellate,5,activated_stellate,11.211341,5.4189215,7636,1.956550121307373
human4_lib1.final_cell_0372-3,human4,ductal,3,ductal,19.092842,0.15656899,7637,2.1237025260925293
human4_lib1.final_cell_0373-3,human4,alpha,1,alpha,9.608999,-7.4453654,7638,0.7507374882698059
human4_lib1.final_cell_0374-3,human4,beta,0,beta,0.5951035,10.76819,7639,0.3845422863960266
human4_lib1.final_cell_0375-3,human4,beta,0,beta,2.0407057,11.3527775,7640,0.4652598202228546
human4_lib1.final_cell_0376-3,human4,alpha,1,alpha,7.9757476,-6.3874793,7641,0.5138648748397827
human4_lib1.final_cell_0377-3,human4,delta,4,delta,-3.6353605,2.258042,7642,0.4722433686256408
human4_lib1.final_cell_0378-3,human4,beta,0,beta,0.42621085,11.937441,7643,0.3845422863960266
human4_lib1.final_cell_0379-3,human4,ductal,3,ductal,17.660471,0.8582695,7644,2.1511669158935547
human4_lib1.final_cell_0380-3,human4,beta,0,beta,1.9559506,11.786213,7645,0.7614673376083374
human4_lib1.final_cell_0381-3,human4,beta,0,beta,-0.24869426,12.281557,7646,0.4588302671909332
human4_lib1.final_cell_0382-3,human4,beta,0,beta,0.9743689,11.415666,7647,0.5021938681602478
human4_lib1.final_cell_0383-3,human4,beta,0,beta,-1.0540696,11.81556,7648,0.3951287567615509
human4_lib1.final_cell_0384-3,human4,alpha,1,alpha,9.3835125,-6.0574846,7649,0.9038344621658324
human4_lib1.final_cell_0385-3,human4,beta,0,beta,0.80250716,12.180343,7650,0.3845422863960266
human4_lib1.final_cell_0386-3,human4,alpha,1,alpha,7.3058133,-6.814725,7651,0.6752772331237793
human4_lib1.final_cell_0387-3,human4,delta,4,delta,-4.6324725,3.0241728,7652,0.5817131400108337
human4_lib1.final_cell_0388-3,human4,gamma,6,gamma,-2.9527965,-3.6673508,7653,0.9924151301383972
human4_lib1.final_cell_0389-3,human4,beta,0,beta,0.713106,9.779294,7654,0.799147367477417
human4_lib1.final_cell_0390-3,human4,beta,4,delta,-1.4958313,5.983512,7655,1.7576706409454346
human4_lib1.final_cell_0391-3,human4,alpha,1,alpha,9.380341,-8.529575,7656,0.5519006848335266
human4_lib1.final_cell_0392-3,human4,alpha,1,alpha,8.144003,-7.055305,7657,0.8180801868438721
human4_lib1.final_cell_0393-3,human4,delta,4,delta,-4.1943254,3.4354312,7658,0.3954659700393677
human4_lib1.final_cell_0394-3,human4,alpha,1,alpha,6.878662,-7.005386,7659,0.8574782013893127
human4_lib1.final_cell_0395-3,human4,gamma,6,gamma,-2.937334,-3.6423151,7660,0.7992304563522339
human4_lib1.final_cell_0396-3,human4,beta,0,beta,-0.85496575,11.853339,7661,0.3893294930458069
human4_lib1.final_cell_0397-3,human4,beta,0,beta,0.5996039,11.376015,7662,0.3845422863960266
human4_lib1.final_cell_0398-3,human4,beta,0,beta,0.15611173,12.506329,7663,0.3845422863960266
human4_lib1.final_cell_0399-3,human4,ductal,3,ductal,12.893444,4.1200013,7664,1.8510327339172363
human4_lib1.final_cell_0400-3,human4,activated_stellate,5,activated_stellate,11.389659,5.6662207,7665,1.548064947128296
human4_lib1.final_cell_0401-3,human4,beta,0,beta,0.82582825,12.792186,7666,0.4601289927959442
human4_lib1.final_cell_0402-3,human4,ductal,2,acinar,17.915398,11.869219,7667,0.9158599972724916
human4_lib1.final_cell_0403-3,human4,beta,0,beta,0.8913189,10.304711,7668,0.5920310616493225
human4_lib1.final_cell_0404-3,human4,beta,0,beta,0.21618265,11.423465,7669,0.5002655982971191
human4_lib1.final_cell_0405-3,human4,beta,0,beta,-0.8922069,11.417306,7670,0.3845422863960266
human4_lib1.final_cell_0406-3,human4,delta,4,delta,-3.0746918,3.2609205,7671,0.6163982152938843
human4_lib1.final_cell_0407-3,human4,beta,0,beta,0.28389868,11.222199,7672,0.4882024526596069
human4_lib1.final_cell_0408-3,human4,alpha,1,alpha,9.143723,-8.9469185,7673,0.6661913990974426
human4_lib1.final_cell_0409-3,human4,beta,0,beta,-1.1650777,11.658079,7674,0.3845422863960266
human4_lib1.final_cell_0410-3,human4,beta,0,beta,-1.3117383,10.070276,7675,0.7139967679977417
human4_lib1.final_cell_0411-3,human4,beta,0,beta,-0.67959946,8.257393,7676,0.8206601738929749
human4_lib1.final_cell_0412-3,human4,beta,0,beta,2.1309843,11.131996,7677,0.4641407430171966
human4_lib1.final_cell_0413-3,human4,ductal,3,ductal,18.226885,1.2585543,7678,1.4937663078308103
human4_lib1.final_cell_0414-3,human4,beta,0,beta,-1.0919282,12.044554,7679,0.8715023994445801
human4_lib1.final_cell_0415-3,human4,beta,6,gamma,-2.2488935,-4.1102986,7680,1.424913763999939
human4_lib1.final_cell_0416-3,human4,alpha,1,alpha,7.6771903,-6.48981,7681,0.7759196758270264
human4_lib1.final_cell_0417-3,human4,beta,0,beta,-1.1462804,9.45898,7682,1.564097881317139
human4_lib1.final_cell_0418-3,human4,beta,0,beta,-0.91222477,10.623525,7683,0.9489888548851012
human4_lib1.final_cell_0419-3,human4,delta,4,delta,-2.8376064,2.9015002,7684,0.4486573338508606
human4_lib1.final_cell_0420-3,human4,ductal,3,ductal,18.037445,1.9495659,7685,1.9385310411453247
human4_lib1.final_cell_0421-3,human4,alpha,1,alpha,9.56718,-7.7408447,7686,0.5355377793312073
human4_lib1.final_cell_0422-3,human4,ductal,3,ductal,18.922222,0.72332853,7687,1.61200749874115
human4_lib1.final_cell_0423-3,human4,beta,0,beta,0.65804935,12.903828,7688,0.4767697155475616
human4_lib1.final_cell_0424-3,human4,alpha,1,alpha,6.4843354,-6.1118946,7689,1.086035132408142
human4_lib1.final_cell_0425-3,human4,endothelial,7,endothelial,10.110634,12.735997,7690,2.5078821182250977
human4_lib1.final_cell_0426-3,human4,beta,0,beta,-0.28728768,12.439288,7691,0.3919260203838348
human4_lib1.final_cell_0427-3,human4,beta,0,beta,-0.38731858,9.904667,7692,0.3845422863960266
human4_lib1.final_cell_0428-3,human4,alpha,1,alpha,9.9177065,-6.607265,7693,0.5241926908493042
human4_lib1.final_cell_0429-3,human4,beta,0,beta,0.37409598,12.907792,7694,0.4063044488430023
human4_lib1.final_cell_0430-3,human4,beta,0,beta,-0.81349915,8.785293,7695,1.6832125186920166
human4_lib1.final_cell_0431-3,human4,beta,0,beta,1.1231897,9.995841,7696,0.4804934859275818
human4_lib1.final_cell_0432-3,human4,beta,0,beta,1.3350933,9.971413,7697,0.5623603463172913
human4_lib1.final_cell_0433-3,human4,beta,0,beta,1.0015569,9.553526,7698,0.4636400938034057
human4_lib1.final_cell_0434-3,human4,beta,0,beta,-0.5632828,8.875218,7699,1.6028735637664795
human4_lib1.final_cell_0435-3,human4,alpha,1,alpha,9.335408,-5.5184674,7700,0.9543689489364624
human4_lib1.final_cell_0436-3,human4,beta,0,beta,-0.93865144,7.1319594,7701,1.2672555446624756
human4_lib1.final_cell_0437-3,human4,beta,6,gamma,-2.3275816,-4.1965084,7702,1.5063796043395996
human4_lib1.final_cell_0438-3,human4,ductal,3,ductal,18.89252,0.8839501,7703,1.4236350059509275
human4_lib1.final_cell_0439-3,human4,ductal,3,ductal,19.085602,-0.0946068,7704,1.6150394678115845
human4_lib1.final_cell_0440-3,human4,activated_stellate,5,activated_stellate,12.600841,5.6387043,7705,1.664635419845581
human4_lib1.final_cell_0441-3,human4,alpha,1,alpha,9.932288,-8.714526,7706,0.5501198172569275
human4_lib1.final_cell_0442-3,human4,alpha,1,alpha,8.46222,-7.9104295,7707,0.8240811228752136
human4_lib1.final_cell_0443-3,human4,alpha,1,alpha,9.924786,-8.23651,7708,0.5247799754142761
human4_lib1.final_cell_0444-3,human4,beta,0,beta,2.1361098,10.567439,7709,0.5816419124603271
human4_lib1.final_cell_0445-3,human4,beta,0,beta,1.093905,12.926148,7710,0.3895983099937439
human4_lib1.final_cell_0446-3,human4,ductal,3,ductal,18.291464,-0.17364527,7711,2.0115063190460205
human4_lib1.final_cell_0447-3,human4,activated_stellate,5,activated_stellate,10.891556,5.285532,7712,2.292328357696533
human4_lib1.final_cell_0448-3,human4,alpha,1,alpha,10.106089,-6.774532,7713,1.1093523502349854
human4_lib1.final_cell_0449-3,human4,gamma,6,gamma,-2.4602256,-3.9334388,7714,1.2442615032196045
human4_lib1.final_cell_0450-3,human4,quiescent_stellate,5,activated_stellate,12.7358465,5.7071795,7715,2.2922425270080566
human4_lib1.final_cell_0451-3,human4,beta,0,beta,1.1734797,10.09737,7716,0.4412424564361572
human4_lib1.final_cell_0452-3,human4,ductal,3,ductal,18.307041,1.6970122,7717,3.588205099105835
human4_lib1.final_cell_0453-3,human4,delta,4,delta,-4.1221066,2.7758455,7718,0.9016942977905272
human4_lib1.final_cell_0454-3,human4,beta,0,beta,-0.75469244,10.098428,7719,0.4613351225852966
human4_lib1.final_cell_0455-3,human4,ductal,2,acinar,15.20556,5.851261,7720,2.094947338104248
human4_lib1.final_cell_0456-3,human4,beta,0,beta,1.5660603,11.08142,7721,0.3926033973693847
human4_lib1.final_cell_0457-3,human4,alpha,1,alpha,7.760821,-7.7118845,7722,0.569624125957489
human4_lib1.final_cell_0458-3,human4,gamma,6,gamma,-1.7164029,-3.0587995,7723,1.0258578062057495
human4_lib1.final_cell_0459-3,human4,beta,0,beta,1.0806351,12.685124,7724,0.3904258608818054
human4_lib1.final_cell_0460-3,human4,alpha,1,alpha,8.200127,-6.182729,7725,0.8443630933761597
human4_lib1.final_cell_0461-3,human4,beta,0,beta,-0.6115112,12.471767,7726,0.7566291689872742
human4_lib1.final_cell_0462-3,human4,ductal,3,ductal,15.037451,4.8345213,7727,2.234520673751831
human4_lib1.final_cell_0463-3,human4,beta,0,beta,1.5090657,9.763626,7728,0.4464897215366363
human4_lib1.final_cell_0464-3,human4,gamma,6,gamma,-2.4562879,-4.24779,7729,1.643934965133667
human4_lib1.final_cell_0465-3,human4,beta,0,beta,-0.83899903,11.654278,7730,0.792174220085144
human4_lib1.final_cell_0466-3,human4,ductal,3,ductal,17.022655,1.4167818,7731,3.588205099105835
human4_lib1.final_cell_0467-3,human4,beta,0,beta,0.46128425,10.666459,7732,0.519807755947113
human4_lib1.final_cell_0468-3,human4,ductal,3,ductal,18.300535,0.29357857,7733,1.7630555629730225
human4_lib1.final_cell_0469-3,human4,ductal,2,acinar,17.820457,12.855041,7734,1.4375858306884766
human4_lib1.final_cell_0470-3,human4,gamma,6,gamma,-2.6523378,-4.044767,7735,0.9704861044883728
human4_lib1.final_cell_0471-3,human4,activated_stellate,5,activated_stellate,10.728319,5.060193,7736,1.6826575994491575
human4_lib1.final_cell_0472-3,human4,alpha,1,alpha,8.700898,-5.9808564,7737,0.9995038509368896
human4_lib1.final_cell_0473-3,human4,alpha,1,alpha,9.931938,-8.027961,7738,0.6158120036125183
human4_lib1.final_cell_0474-3,human4,beta,0,beta,0.6805615,12.945353,7739,0.4495652616024017
human4_lib1.final_cell_0475-3,human4,beta,0,beta,2.0008633,11.610279,7740,0.5129749178886414
human4_lib1.final_cell_0476-3,human4,beta,0,beta,1.8772115,11.996495,7741,0.4118378758430481
human4_lib1.final_cell_0477-3,human4,alpha,1,alpha,10.062257,-6.938537,7742,0.5749606490135193
human4_lib1.final_cell_0478-3,human4,beta,0,beta,1.0273182,9.684719,7743,0.5991960167884827
human4_lib1.final_cell_0479-3,human4,alpha,1,alpha,9.331091,-7.729771,7744,0.571051836013794
human4_lib1.final_cell_0480-3,human4,alpha,1,alpha,9.853,-8.192115,7745,0.6933806538581848
human4_lib1.final_cell_0481-3,human4,alpha,1,alpha,9.091647,-7.082695,7746,0.8685840964317322
human4_lib1.final_cell_0482-3,human4,beta,0,beta,-0.979524,12.266796,7747,0.4078547060489654
human4_lib1.final_cell_0483-3,human4,alpha,1,alpha,9.419055,-6.2148204,7748,0.6226874589920044
human4_lib1.final_cell_0484-3,human4,gamma,6,gamma,-2.5328255,-4.11465,7749,0.8225175142288208
human4_lib1.final_cell_0485-3,human4,endothelial,7,endothelial,10.139029,12.909567,7750,1.9453084468841555
human4_lib1.final_cell_0486-3,human4,beta,0,beta,0.5830059,9.302483,7751,0.5791381597518921
human4_lib1.final_cell_0487-3,human4,alpha,1,alpha,8.002556,-6.3384995,7752,1.0633273124694824
human4_lib1.final_cell_0488-3,human4,gamma,6,gamma,-2.279743,-3.4888241,7753,0.9764803647994996
human4_lib1.final_cell_0489-3,human4,beta,0,beta,-0.38491908,10.530453,7754,0.4748324453830719
human4_lib1.final_cell_0490-3,human4,beta,0,beta,0.51253015,9.130422,7755,0.857103705406189
human4_lib1.final_cell_0491-3,human4,beta,0,beta,-0.7603708,7.387344,7756,1.477836847305298
human4_lib1.final_cell_0492-3,human4,ductal,3,ductal,18.40369,1.5371783,7757,1.4489433765411377
human4_lib1.final_cell_0493-3,human4,activated_stellate,5,activated_stellate,12.58507,5.9955564,7758,1.9588255882263184
human4_lib1.final_cell_0494-3,human4,delta,4,delta,-3.3492405,3.0978003,7759,0.4259298145771026
human4_lib1.final_cell_0495-3,human4,activated_stellate,5,activated_stellate,12.095896,5.9437685,7760,1.4909430742263794
human4_lib1.final_cell_0496-3,human4,ductal,3,ductal,18.490395,2.378666,7761,1.741392970085144
human4_lib1.final_cell_0497-3,human4,beta,0,beta,0.97275734,12.906236,7762,0.3845422863960266
human4_lib1.final_cell_0498-3,human4,alpha,1,alpha,8.330039,-6.2761087,7763,0.71915602684021
human4_lib1.final_cell_0499-3,human4,beta,0,beta,-1.2420173,10.499016,7764,0.6143249273300171
human4_lib1.final_cell_0500-3,human4,beta,0,beta,-1.0189208,11.757605,7765,0.4287212789058685
human4_lib1.final_cell_0501-3,human4,beta,0,beta,1.9057884,11.004013,7766,0.3915906250476837
human4_lib1.final_cell_0502-3,human4,beta,6,gamma,-2.4294882,-4.1908946,7767,2.15134596824646
human4_lib1.final_cell_0503-3,human4,beta,4,delta,-1.654193,5.6441336,7768,1.8743304014205933
human4_lib1.final_cell_0504-3,human4,beta,0,beta,1.6701745,11.245099,7769,0.3845422863960266
human4_lib1.final_cell_0505-3,human4,gamma,6,gamma,-2.8832538,-3.5633976,7770,1.2125853300094604
human4_lib1.final_cell_0506-3,human4,activated_stellate,5,activated_stellate,11.413579,4.1974998,7771,2.3506124019622803
human4_lib1.final_cell_0507-3,human4,ductal,3,ductal,17.729961,0.85142386,7772,1.9704914093017576
human4_lib1.final_cell_0508-3,human4,alpha,1,alpha,9.382025,-6.2365108,7773,1.0650811195373535
human4_lib1.final_cell_0509-3,human4,beta,0,beta,-0.18148164,8.642049,7774,1.4824358224868774
human4_lib1.final_cell_0510-3,human4,beta,0,beta,1.4605489,11.805071,7775,0.7576718926429749
human4_lib1.final_cell_0511-3,human4,alpha,1,alpha,7.717691,-7.2873235,7776,0.7323434352874756
human4_lib1.final_cell_0512-3,human4,beta,0,beta,-0.5208102,12.913794,7777,0.4093990623950958
human4_lib1.final_cell_0513-3,human4,beta,6,gamma,-2.2681103,-3.9234493,7778,1.117298245429993
human4_lib1.final_cell_0514-3,human4,beta,0,beta,0.7480888,9.123001,7779,0.7871400713920593
human4_lib1.final_cell_0515-3,human4,beta,0,beta,0.6089928,12.001777,7780,0.6281217336654663
human4_lib1.final_cell_0516-3,human4,beta,0,beta,0.2999545,11.6907,7781,0.3855640292167663
human4_lib1.final_cell_0517-3,human4,gamma,6,gamma,-2.9144387,-4.290963,7782,1.0083506107330322
human4_lib1.final_cell_0518-3,human4,alpha,1,alpha,8.236207,-5.3409724,7783,0.9045384526252748
human4_lib1.final_cell_0519-3,human4,alpha,1,alpha,7.9471126,-5.8616858,7784,0.8172404170036316
human4_lib1.final_cell_0520-3,human4,ductal,3,ductal,19.049313,0.14436984,7785,1.6580764055252075
human4_lib1.final_cell_0521-3,human4,beta,0,beta,1.2162503,10.450473,7786,0.4154476523399353
human4_lib1.final_cell_0522-3,human4,beta,0,beta,-0.07283776,10.599906,7787,0.5814090967178345
human4_lib1.final_cell_0523-3,human4,beta,0,beta,-0.5907812,10.25879,7788,1.286517858505249
human4_lib1.final_cell_0524-3,human4,beta,0,beta,0.01711434,10.376757,7789,0.4215942025184631
human4_lib1.final_cell_0525-3,human4,beta,0,beta,0.8363482,8.332081,7790,0.4821114242076874
human4_lib1.final_cell_0526-3,human4,ductal,3,ductal,18.398752,2.1580892,7791,2.2104294300079346
human4_lib1.final_cell_0527-3,human4,beta,0,beta,1.4728817,8.928768,7792,0.3845422863960266
human4_lib1.final_cell_0528-3,human4,ductal,3,ductal,18.34559,1.812119,7793,1.6759586334228516
human4_lib1.final_cell_0529-3,human4,beta,0,beta,0.24380103,11.352682,7794,0.4361483752727508
human4_lib1.final_cell_0530-3,human4,delta,4,delta,-3.5888424,2.4766557,7795,0.4277358949184418
human4_lib1.final_cell_0531-3,human4,beta,0,beta,0.41998282,9.395268,7796,0.538904070854187
human4_lib1.final_cell_0532-3,human4,beta,0,beta,0.49266654,11.045346,7797,0.5322455167770386
human4_lib1.final_cell_0533-3,human4,delta,4,delta,-2.741666,3.2809885,7798,0.8964803814888
human4_lib1.final_cell_0534-3,human4,ductal,3,ductal,18.962646,1.9437796,7799,1.519273281097412
human4_lib1.final_cell_0535-3,human4,beta,0,beta,0.5886498,10.503831,7800,0.6360634565353394
human4_lib1.final_cell_0536-3,human4,alpha,1,alpha,8.84537,-5.8922453,7801,1.06268572807312
human4_lib1.final_cell_0537-3,human4,beta,0,beta,1.5454619,9.576063,7802,0.4735313355922699
human4_lib1.final_cell_0538-3,human4,beta,0,beta,-0.3670537,11.306428,7803,0.4335988759994507
human4_lib1.final_cell_0539-3,human4,beta,0,beta,1.3894573,9.681119,7804,0.4559515118598938
human4_lib1.final_cell_0540-3,human4,ductal,3,ductal,18.179651,0.022855356,7805,1.5795931816101074
human4_lib1.final_cell_0541-3,human4,alpha,1,alpha,8.762442,-6.616273,7806,0.6017364859580994
human4_lib1.final_cell_0542-3,human4,beta,0,beta,-0.72546446,10.154483,7807,1.6666855812072754
human4_lib1.final_cell_0543-3,human4,beta,0,beta,0.21042535,8.5441475,7808,1.198206901550293
human4_lib1.final_cell_0544-3,human4,ductal,3,ductal,18.662575,1.3077763,7809,3.588205099105835
human4_lib1.final_cell_0545-3,human4,alpha,1,alpha,7.026958,-6.1444445,7810,1.4580479860305786
human4_lib1.final_cell_0546-3,human4,beta,0,beta,-0.986977,10.3594055,7811,0.5957819819450378
human4_lib1.final_cell_0547-3,human4,alpha,1,alpha,8.537665,-7.8648386,7812,0.7799651026725769
human4_lib1.final_cell_0548-3,human4,activated_stellate,5,activated_stellate,10.815778,5.157504,7813,1.6319113969802856
human4_lib1.final_cell_0549-3,human4,activated_stellate,5,activated_stellate,11.815503,5.4108534,7814,1.4686124324798584
human4_lib1.final_cell_0550-3,human4,delta,4,delta,-3.235074,3.689045,7815,0.6532521843910217
human4_lib1.final_cell_0551-3,human4,beta,0,beta,-1.2702268,11.705009,7816,0.5123733878135681
human4_lib1.final_cell_0552-3,human4,beta,0,beta,-0.034804463,11.089865,7817,0.4412740468978882
human4_lib1.final_cell_0553-3,human4,beta,0,beta,-0.7561868,11.550511,7818,0.3973577320575714
human4_lib1.final_cell_0554-3,human4,ductal,3,ductal,18.328377,0.5863195,7819,1.9610284566879272
human4_lib1.final_cell_0555-3,human4,beta,0,beta,-0.45554343,8.342007,7820,0.9800244569778442
human4_lib1.final_cell_0556-3,human4,ductal,3,ductal,18.524649,2.1090155,7821,1.6766396760940552
human4_lib1.final_cell_0557-3,human4,beta,0,beta,-1.1428117,9.908221,7822,0.5133033990859985
human4_lib1.final_cell_0558-3,human4,alpha,1,alpha,7.585286,-5.1045694,7823,0.563409686088562
human4_lib1.final_cell_0559-3,human4,ductal,3,ductal,18.237715,2.4822805,7824,1.3755314350128174
human4_lib1.final_cell_0560-3,human4,alpha,1,alpha,8.704494,-6.2290196,7825,0.677120566368103
human4_lib1.final_cell_0561-3,human4,gamma,6,gamma,-2.7806222,-3.4755538,7826,1.1144969463348389
human4_lib1.final_cell_0562-3,human4,alpha,1,alpha,6.8810954,-5.865317,7827,0.8145729303359985
human4_lib1.final_cell_0563-3,human4,beta,0,beta,-0.8083979,7.2296376,7828,1.7233283519744873
human4_lib1.final_cell_0564-3,human4,ductal,8,macrophage,16.15284,1.373484,7829,2.240983009338379
human4_lib1.final_cell_0565-3,human4,beta,0,beta,0.5683676,9.030953,7830,0.6703652143478394
human4_lib1.final_cell_0566-3,human4,ductal,3,ductal,17.706171,2.9188585,7831,2.240983009338379
human4_lib1.final_cell_0567-3,human4,beta,0,beta,1.3756573,10.679536,7832,0.4675056636333465
human4_lib1.final_cell_0568-3,human4,t_cell,8,macrophage,15.620279,1.2304238,7833,3.538952589035034
human4_lib1.final_cell_0569-3,human4,alpha,1,alpha,7.0979123,-5.998965,7834,1.3686282634735107
human4_lib1.final_cell_0570-3,human4,gamma,6,gamma,-2.43709,-4.1029296,7835,1.491413950920105
human4_lib1.final_cell_0571-3,human4,delta,6,gamma,-1.7389206,-2.8334055,7836,1.6780914068222046
human4_lib1.final_cell_0572-3,human4,endothelial,7,endothelial,10.103607,12.790569,7837,2.1561169624328613
human4_lib1.final_cell_0573-3,human4,alpha,1,alpha,9.16165,-6.146754,7838,0.8073055744171143
human4_lib1.final_cell_0574-3,human4,alpha,1,alpha,8.443129,-7.492244,7839,0.7934123277664185
human4_lib1.final_cell_0575-3,human4,gamma,6,gamma,-2.2628148,-3.4666982,7840,1.6336009502410889
human4_lib1.final_cell_0576-3,human4,beta,0,beta,-0.66182107,11.5985775,7841,0.6195464730262756
human4_lib1.final_cell_0577-3,human4,beta,0,beta,0.9148972,8.879476,7842,0.886202871799469
human4_lib1.final_cell_0578-3,human4,quiescent_stellate,5,activated_stellate,11.258752,4.250624,7843,1.8401353359222408
human4_lib1.final_cell_0579-3,human4,macrophage,8,macrophage,13.881715,0.87379974,7844,2.3180248737335205
human4_lib1.final_cell_0580-3,human4,gamma,6,gamma,-3.0159638,-3.6793242,7845,1.1292065382003784
human4_lib1.final_cell_0581-3,human4,alpha,1,alpha,7.3170886,-5.9082875,7846,0.8684015274047852
human4_lib1.final_cell_0582-3,human4,beta,0,beta,-0.7673247,7.353388,7847,1.6507409811019895
human4_lib1.final_cell_0583-3,human4,beta,0,beta,1.0671242,10.554786,7848,0.4484745860099792
human4_lib1.final_cell_0584-3,human4,ductal,2,acinar,17.784204,12.574107,7849,1.7846602201461792
human4_lib1.final_cell_0585-3,human4,ductal,3,ductal,18.939693,2.0283098,7850,2.118492841720581
human4_lib1.final_cell_0586-3,human4,beta,0,beta,0.157871,11.698739,7851,0.4433038830757141
human4_lib1.final_cell_0587-3,human4,beta,0,beta,0.36735585,10.619394,7852,0.4031294882297516
human4_lib1.final_cell_0588-3,human4,alpha,1,alpha,9.452724,-6.8457565,7853,0.8273144960403442
human4_lib1.final_cell_0589-3,human4,beta,0,beta,-1.1711632,11.96335,7854,0.510034441947937
human4_lib1.final_cell_0590-3,human4,ductal,3,ductal,19.057234,0.58079076,7855,1.6904077529907229
human4_lib1.final_cell_0591-3,human4,alpha,1,alpha,8.116259,-8.055837,7856,0.5560901165008545
human4_lib1.final_cell_0592-3,human4,ductal,3,ductal,18.23939,2.4375246,7857,1.6353918313980105
human4_lib1.final_cell_0593-3,human4,alpha,1,alpha,8.613725,-5.1879444,7858,0.9094448685646056
human4_lib1.final_cell_0594-3,human4,activated_stellate,5,activated_stellate,11.648592,5.2240624,7859,2.4312005043029785
human4_lib1.final_cell_0595-3,human4,ductal,3,ductal,19.100069,1.8083218,7860,1.7429451942443848
human4_lib1.final_cell_0596-3,human4,ductal,3,ductal,18.791107,1.8686287,7861,1.8479483127593996
human4_lib1.final_cell_0597-3,human4,beta,0,beta,-0.26539728,12.137391,7862,0.510723352432251
human4_lib1.final_cell_0598-3,human4,beta,0,beta,-0.8978871,9.303688,7863,1.531065583229065
human4_lib1.final_cell_0599-3,human4,ductal,3,ductal,18.782558,0.94326955,7864,1.710309982299805
human4_lib1.final_cell_0600-3,human4,ductal,3,ductal,18.444775,1.934057,7865,3.588205099105835
human4_lib1.final_cell_0601-3,human4,ductal,3,ductal,18.510422,2.4404275,7866,1.6092718839645386
human4_lib1.final_cell_0602-3,human4,ductal,3,ductal,18.773779,2.2553394,7867,2.125399589538574
human4_lib3.final_cell_0001-3,human4,beta,0,beta,0.7509176,13.411792,7868,0.4631575644016266
human4_lib3.final_cell_0002-3,human4,delta,4,delta,-3.9262292,2.123785,7869,0.5924118757247925
human4_lib3.final_cell_0003-3,human4,delta,4,delta,-4.378186,2.8837857,7870,0.3845422863960266
human4_lib3.final_cell_0004-3,human4,beta,0,beta,1.6799392,11.912232,7871,0.4947500824928283
human4_lib3.final_cell_0005-3,human4,ductal,2,acinar,18.064081,15.096073,7872,1.040990114212036
human4_lib3.final_cell_0006-3,human4,ductal,2,acinar,15.653719,16.640057,7873,1.3949565887451172
human4_lib3.final_cell_0007-3,human4,beta,0,beta,1.5269796,9.324254,7874,0.568358838558197
human4_lib3.final_cell_0008-3,human4,ductal,2,acinar,18.229122,12.55268,7875,1.0931187868118286
human4_lib3.final_cell_0009-3,human4,ductal,4,delta,-1.7356827,-2.8185978,7876,3.588205099105835
human4_lib3.final_cell_0010-3,human4,beta,0,beta,0.8610698,12.321843,7877,0.3845422863960266
human4_lib3.final_cell_0011-3,human4,ductal,3,ductal,18.771366,0.19480968,7878,1.752899169921875
human4_lib3.final_cell_0012-3,human4,beta,0,beta,1.0922577,13.178167,7879,0.4218243658542633
human4_lib3.final_cell_0013-3,human4,ductal,2,acinar,16.85151,14.608039,7880,1.5296365022659302
human4_lib3.final_cell_0014-3,human4,ductal,2,acinar,17.233816,14.626024,7881,1.0442264080047607
human4_lib3.final_cell_0015-3,human4,ductal,2,acinar,18.000975,13.156641,7882,1.71819806098938
human4_lib3.final_cell_0016-3,human4,beta,0,beta,0.85697967,13.185077,7883,0.422713041305542
human4_lib3.final_cell_0017-3,human4,ductal,2,acinar,15.159313,5.797206,7884,2.094947338104248
human4_lib3.final_cell_0018-3,human4,delta,4,delta,-3.4785688,2.316926,7885,0.483275830745697
human4_lib3.final_cell_0019-3,human4,alpha,1,alpha,10.112854,-8.040687,7886,0.7433558702468872
human4_lib3.final_cell_0020-3,human4,ductal,2,acinar,15.78107,16.529966,7887,1.401411533355713
human4_lib3.final_cell_0021-3,human4,ductal,2,acinar,17.741816,12.391644,7888,1.1896733045578003
human4_lib3.final_cell_0022-3,human4,ductal,3,ductal,17.415796,3.0498374,7889,1.9976099729537964
human4_lib3.final_cell_0023-3,human4,activated_stellate,5,activated_stellate,11.394382,5.467583,7890,1.637413501739502
human4_lib3.final_cell_0024-3,human4,beta,0,beta,0.7305583,13.433136,7891,0.4863533675670624
human4_lib3.final_cell_0025-3,human4,beta,0,beta,0.4849423,12.872213,7892,0.4105719923973083
human4_lib3.final_cell_0026-3,human4,delta,4,delta,-3.475785,3.616312,7893,0.3845422863960266
human4_lib3.final_cell_0027-3,human4,beta,0,beta,1.2360464,12.733245,7894,0.4410358369350433
human4_lib3.final_cell_0028-3,human4,ductal,2,acinar,15.668126,16.599333,7895,1.5097709894180298
human4_lib3.final_cell_0029-3,human4,beta,0,beta,0.2298803,10.989038,7896,0.3975638449192047
human4_lib3.final_cell_0030-3,human4,delta,4,delta,-4.904587,2.7118235,7897,0.6011694073677063
human4_lib3.final_cell_0031-3,human4,ductal,2,acinar,17.647947,15.05533,7898,1.5866224765777588
human4_lib3.final_cell_0032-3,human4,alpha,1,alpha,9.985205,-7.6448545,7899,0.6819065809249878
human4_lib3.final_cell_0033-3,human4,delta,4,delta,-4.596478,2.7709534,7900,0.3845422863960266
human4_lib3.final_cell_0034-3,human4,beta,0,beta,0.049584504,13.091882,7901,0.3866355717182159
human4_lib3.final_cell_0035-3,human4,ductal,2,acinar,17.887007,11.914354,7902,1.2888823747634888
human4_lib3.final_cell_0036-3,human4,delta,4,delta,-4.205342,2.3508556,7903,0.3845422863960266
human4_lib3.final_cell_0037-3,human4,beta,0,beta,1.3298441,12.155335,7904,0.6272832751274109
human4_lib3.final_cell_0038-3,human4,ductal,2,acinar,14.767751,5.002735,7905,1.7162431478500366
human4_lib3.final_cell_0039-3,human4,delta,4,delta,-4.211685,2.868727,7906,0.4022400379180908
human4_lib3.final_cell_0040-3,human4,beta,0,beta,-0.8827275,11.846679,7907,0.3866882920265198
human4_lib3.final_cell_0041-3,human4,beta,0,beta,0.101987734,12.153896,7908,0.3845422863960266
human4_lib3.final_cell_0042-3,human4,beta,0,beta,-1.2915235,11.632979,7909,0.4637201130390167
human4_lib3.final_cell_0043-3,human4,ductal,3,ductal,18.57092,-0.7464566,7910,1.9789321422576904
human4_lib3.final_cell_0044-3,human4,ductal,2,acinar,17.707825,15.585107,7911,1.6738214492797852
human4_lib3.final_cell_0045-3,human4,ductal,3,ductal,18.061193,-0.84098655,7912,1.790854573249817
human4_lib3.final_cell_0046-3,human4,ductal,3,ductal,17.41694,3.0508623,7913,1.6142072677612305
human4_lib3.final_cell_0047-3,human4,delta,4,delta,-3.2786667,3.7448628,7914,0.5913547873497009
human4_lib3.final_cell_0048-3,human4,alpha,1,alpha,8.055165,-6.4815598,7915,0.5808721780776978
human4_lib3.final_cell_0049-3,human4,ductal,2,acinar,17.094973,16.119267,7916,1.29843270778656
human4_lib3.final_cell_0050-3,human4,delta,4,delta,-4.1226077,2.7238846,7917,0.4974673688411712
human4_lib3.final_cell_0051-3,human4,beta,0,beta,0.4567285,12.948348,7918,0.4205656349658966
human4_lib3.final_cell_0052-3,human4,beta,0,beta,0.9572299,13.324739,7919,0.4224961698055267
human4_lib3.final_cell_0053-3,human4,delta,4,delta,-3.3802106,3.2173107,7920,0.5124053955078125
human4_lib3.final_cell_0054-3,human4,ductal,3,ductal,18.312653,1.6427548,7921,2.240983009338379
human4_lib3.final_cell_0055-3,human4,ductal,3,ductal,18.4465,1.4624827,7922,1.427800536155701
human4_lib3.final_cell_0056-3,human4,delta,4,delta,-4.6499314,2.3308058,7923,0.4522696137428283
human4_lib3.final_cell_0057-3,human4,ductal,2,acinar,14.969647,5.170134,7924,1.4723527431488037
human4_lib3.final_cell_0058-3,human4,delta,4,delta,-4.0387425,2.1968086,7925,0.3917616605758667
human4_lib3.final_cell_0059-3,human4,activated_stellate,5,activated_stellate,10.74349,4.853622,7926,1.8459868431091309
human4_lib3.final_cell_0060-3,human4,alpha,1,alpha,8.816324,-7.8925257,7927,0.5404384136199951
human4_lib3.final_cell_0061-3,human4,beta,0,beta,0.15462548,11.879924,7928,0.4058234095573425
human4_lib3.final_cell_0062-3,human4,ductal,3,ductal,19.051231,1.6410383,7929,1.6729339361190796
human4_lib3.final_cell_0063-3,human4,ductal,2,acinar,17.932156,11.874939,7930,1.2154732942581177
human4_lib3.final_cell_0064-3,human4,macrophage,8,macrophage,-11.029021,6.3828845,7931,3.539968013763428
human4_lib3.final_cell_0065-3,human4,beta,0,beta,-1.3032907,10.9588175,7932,0.4783417880535126
human4_lib3.final_cell_0066-3,human4,beta,0,beta,0.6728137,12.730596,7933,0.5195793509483337
human4_lib3.final_cell_0067-3,human4,beta,0,beta,-0.60802406,12.681557,7934,0.4958852231502533
human4_lib3.final_cell_0068-3,human4,beta,0,beta,-1.0210556,11.897629,7935,0.4359283149242401
human4_lib3.final_cell_0069-3,human4,ductal,3,ductal,17.577345,0.7884599,7936,1.979081988334656
human4_lib3.final_cell_0070-3,human4,delta,4,delta,-2.6769187,2.7608023,7937,0.6139627695083618
human4_lib3.final_cell_0071-3,human4,ductal,2,acinar,18.32673,14.090003,7938,1.5725945234298706
human4_lib3.final_cell_0072-3,human4,activated_stellate,5,activated_stellate,12.033517,6.2848773,7939,1.50180184841156
human4_lib3.final_cell_0073-3,human4,alpha,1,alpha,10.047687,-8.476039,7940,0.8836750388145447
human4_lib3.final_cell_0074-3,human4,delta,4,delta,-4.5865455,2.3738496,7941,0.5375208258628845
human4_lib3.final_cell_0075-3,human4,ductal,2,acinar,16.823612,14.387754,7942,1.0754090547561646
human4_lib3.final_cell_0076-3,human4,ductal,0,beta,-0.26346162,7.9034896,7943,2.0959584712982178
human4_lib3.final_cell_0077-3,human4,beta,0,beta,1.8428893,11.7274475,7944,0.3855110108852386
human4_lib3.final_cell_0078-3,human4,beta,0,beta,1.1191318,11.739206,7945,0.7701402902603149
human4_lib3.final_cell_0079-3,human4,ductal,2,acinar,17.463142,15.555711,7946,1.3159432411193848
human4_lib3.final_cell_0080-3,human4,delta,4,delta,-3.543577,2.5139759,7947,0.7404890656471252
human4_lib3.final_cell_0081-3,human4,beta,0,beta,-1.2282535,11.973409,7948,0.386283278465271
human4_lib3.final_cell_0082-3,human4,alpha,1,alpha,9.727203,-8.094076,7949,0.6327857375144958
human4_lib3.final_cell_0083-3,human4,delta,4,delta,-4.0486937,3.6316264,7950,0.4882375001907348
human4_lib3.final_cell_0084-3,human4,gamma,6,gamma,-2.674821,-3.994546,7951,1.1494512557983398
human4_lib3.final_cell_0085-3,human4,beta,0,beta,-0.98066723,11.911097,7952,0.656338632106781
human4_lib3.final_cell_0086-3,human4,ductal,3,ductal,18.980618,-0.037072707,7953,1.759537935256958
human4_lib3.final_cell_0087-3,human4,alpha,1,alpha,6.8534117,-6.6726065,7954,0.5859794616699219
human4_lib3.final_cell_0088-3,human4,alpha,1,alpha,9.688921,-8.117184,7955,0.6577524542808533
human4_lib3.final_cell_0089-3,human4,beta,0,beta,-0.53434813,8.14796,7956,1.1406867504119873
human4_lib3.final_cell_0090-3,human4,activated_stellate,5,activated_stellate,12.383845,6.0946918,7957,1.6542749404907229
human4_lib3.final_cell_0091-3,human4,beta,0,beta,-1.2031786,10.241106,7958,0.938027560710907
human4_lib3.final_cell_0092-3,human4,beta,0,beta,0.6796469,12.804744,7959,0.4281713962554931
human4_lib3.final_cell_0093-3,human4,delta,4,delta,-3.962651,2.4459202,7960,0.3845422863960266
human4_lib3.final_cell_0094-3,human4,beta,0,beta,0.42891997,13.341576,7961,0.3928496241569519
human4_lib3.final_cell_0095-3,human4,alpha,1,alpha,9.521672,-6.1675887,7962,0.5250487327575684
human4_lib3.final_cell_0096-3,human4,ductal,3,ductal,18.76245,-0.15127459,7963,1.4691685438156128
human4_lib3.final_cell_0097-3,human4,beta,0,beta,1.5540437,9.044311,7964,1.1570253372192385
human4_lib3.final_cell_0098-3,human4,alpha,1,alpha,10.052942,-8.574151,7965,0.8802854418754578
human4_lib3.final_cell_0099-3,human4,beta,0,beta,1.6536685,12.277417,7966,0.3845422863960266
human4_lib3.final_cell_0100-3,human4,ductal,3,ductal,19.015038,1.2344648,7967,1.377510666847229
human4_lib3.final_cell_0101-3,human4,beta,0,beta,0.21473736,12.776607,7968,0.4533138573169708
human4_lib3.final_cell_0102-3,human4,alpha,1,alpha,9.723935,-7.784789,7969,0.5989543795585632
human4_lib3.final_cell_0103-3,human4,beta,0,beta,2.0405579,11.807568,7970,0.4584268629550934
human4_lib3.final_cell_0104-3,human4,ductal,2,acinar,16.004684,16.2176,7971,1.5229549407958984
human4_lib3.final_cell_0105-3,human4,beta,0,beta,0.38611922,13.042401,7972,0.3945837616920471
human4_lib3.final_cell_0106-3,human4,ductal,3,ductal,18.959871,1.126001,7973,1.7229138612747192
human4_lib3.final_cell_0107-3,human4,delta,4,delta,-4.1426835,2.6547878,7974,0.3845422863960266
human4_lib3.final_cell_0108-3,human4,beta,0,beta,0.74641454,12.896188,7975,0.4384982287883758
human4_lib3.final_cell_0109-3,human4,alpha,1,alpha,8.442321,-6.2658796,7976,0.7346513271331787
human4_lib3.final_cell_0110-3,human4,delta,4,delta,-3.7633133,2.9091187,7977,0.8846921920776367
human4_lib3.final_cell_0111-3,human4,delta,4,delta,-4.262482,3.1004932,7978,0.3845422863960266
human4_lib3.final_cell_0112-3,human4,beta,0,beta,1.513443,10.891276,7979,0.4137581586837768
human4_lib3.final_cell_0113-3,human4,ductal,3,ductal,18.194822,1.1718091,7980,1.6985198259353638
human4_lib3.final_cell_0114-3,human4,alpha,1,alpha,9.6473675,-8.6840925,7981,0.6408827900886536
human4_lib3.final_cell_0115-3,human4,delta,4,delta,-4.083439,3.4972115,7982,0.3922290802001953
human4_lib3.final_cell_0116-3,human4,beta,0,beta,-0.26286924,11.473832,7983,0.8656756281852722
human4_lib3.final_cell_0117-3,human4,beta,0,beta,0.14641723,9.375164,7984,0.5284765958786011
human4_lib3.final_cell_0118-3,human4,alpha,1,alpha,8.326581,-6.4958606,7985,0.5257673263549805
human4_lib3.final_cell_0119-3,human4,quiescent_stellate,5,activated_stellate,12.03397,6.3020706,7986,2.149024486541748
human4_lib3.final_cell_0120-3,human4,alpha,1,alpha,10.07384,-8.461422,7987,1.4728316068649292
human4_lib3.final_cell_0121-3,human4,beta,0,beta,-0.97299236,9.113998,7988,0.5273526906967163
human4_lib3.final_cell_0122-3,human4,activated_stellate,5,activated_stellate,11.468483,5.3188686,7989,1.7053465843200684
human4_lib3.final_cell_0123-3,human4,ductal,3,ductal,18.141294,-0.96166074,7990,1.3822691440582275
human4_lib3.final_cell_0124-3,human4,alpha,1,alpha,8.638994,-7.963568,7991,0.830619752407074
human4_lib3.final_cell_0125-3,human4,ductal,2,acinar,18.235144,12.318227,7992,1.1970361471176147
human4_lib3.final_cell_0126-3,human4,beta,0,beta,1.671714,9.180427,7993,0.8006253242492676
human4_lib3.final_cell_0127-3,human4,alpha,1,alpha,7.997942,-7.726412,7994,1.022592067718506
human4_lib3.final_cell_0128-3,human4,alpha,1,alpha,9.3323965,-8.748251,7995,0.7015993595123291
human4_lib3.final_cell_0129-3,human4,ductal,3,ductal,18.092878,0.76280034,7996,1.7311135530471802
human4_lib3.final_cell_0130-3,human4,ductal,3,ductal,17.418941,3.0515594,7997,2.039035558700561
human4_lib3.final_cell_0131-3,human4,ductal,2,acinar,17.119326,14.180869,7998,1.2336835861206057
human4_lib3.final_cell_0132-3,human4,alpha,1,alpha,9.337057,-7.48987,7999,0.615226686000824
human4_lib3.final_cell_0133-3,human4,alpha,1,alpha,9.523374,-6.8363714,8000,0.7392016649246216
human4_lib3.final_cell_0134-3,human4,alpha,1,alpha,10.090054,-8.234472,8001,0.6705555319786072
human4_lib3.final_cell_0135-3,human4,beta,0,beta,0.5368769,12.913873,8002,0.4588270783424377
human4_lib3.final_cell_0136-3,human4,beta,2,acinar,17.901045,11.863636,8003,1.3650579452514648
human4_lib3.final_cell_0137-3,human4,delta,4,delta,-4.465821,2.8697546,8004,0.5689519643783569
human4_lib3.final_cell_0138-3,human4,ductal,3,ductal,19.105284,0.46870935,8005,1.4835325479507446
human4_lib3.final_cell_0139-3,human4,beta,0,beta,-0.15826067,10.911848,8006,1.3032375574111938
human4_lib3.final_cell_0140-3,human4,beta,0,beta,0.8927602,13.350783,8007,0.3845422863960266
human4_lib3.final_cell_0141-3,human4,ductal,3,ductal,18.189106,-0.88792115,8008,1.3964111804962158
human4_lib3.final_cell_0142-3,human4,beta,0,beta,1.2517384,12.6177845,8009,0.6069566607475281
human4_lib3.final_cell_0143-3,human4,beta,0,beta,0.25813317,11.595278,8010,0.5231872200965881
human4_lib3.final_cell_0144-3,human4,ductal,3,ductal,19.045872,1.1794901,8011,2.1984829902648926
human4_lib3.final_cell_0145-3,human4,gamma,6,gamma,-2.8824189,-3.7248247,8012,0.9082760810852052
human4_lib3.final_cell_0146-3,human4,ductal,3,ductal,18.32701,-0.5254832,8013,1.4408302307128906
human4_lib3.final_cell_0147-3,human4,alpha,1,alpha,8.617611,-6.4456563,8014,0.6638625860214233
human4_lib3.final_cell_0148-3,human4,delta,4,delta,-4.6471252,2.7686746,8015,0.453528344631195
human4_lib3.final_cell_0149-3,human4,beta,0,beta,0.7086168,12.8012905,8016,0.4373654723167419
human4_lib3.final_cell_0150-3,human4,beta,0,beta,1.5311488,11.952572,8017,0.3868013918399811
human4_lib3.final_cell_0151-3,human4,beta,0,beta,1.6483523,12.097226,8018,0.3867036700248718
human4_lib3.final_cell_0152-3,human4,beta,0,beta,0.55088145,12.893225,8019,0.4886999130249023
human4_lib3.final_cell_0153-3,human4,alpha,1,alpha,7.87735,-7.404872,8020,0.8183013796806335
human4_lib3.final_cell_0154-3,human4,delta,4,delta,-3.9641488,3.3276649,8021,0.426920086145401
human4_lib3.final_cell_0155-3,human4,beta,0,beta,2.0443926,10.737144,8022,0.5115941762924194
human4_lib3.final_cell_0156-3,human4,beta,0,beta,0.35189542,12.617819,8023,0.3845422863960266
human4_lib3.final_cell_0157-3,human4,beta,0,beta,2.1320536,11.349383,8024,0.4873325526714325
human4_lib3.final_cell_0158-3,human4,ductal,2,acinar,17.379309,14.664174,8025,1.256337285041809
human4_lib3.final_cell_0159-3,human4,ductal,3,ductal,18.41673,0.55977476,8026,1.768177151679993
human4_lib3.final_cell_0160-3,human4,ductal,2,acinar,18.257036,13.257414,8027,0.982515811920166
human4_lib3.final_cell_0161-3,human4,delta,4,delta,-3.800967,2.2617555,8028,0.3845422863960266
human4_lib3.final_cell_0162-3,human4,beta,0,beta,0.6340866,7.876628,8029,1.1072444915771484
human4_lib3.final_cell_0163-3,human4,alpha,1,alpha,9.200827,-6.8419466,8030,0.68669593334198
human4_lib3.final_cell_0164-3,human4,alpha,1,alpha,8.066375,-6.0969114,8031,0.6474405527114868
human4_lib3.final_cell_0165-3,human4,delta,4,delta,-2.708839,2.729442,8032,0.4973337948322296
human4_lib3.final_cell_0166-3,human4,ductal,3,ductal,18.350626,-0.8340433,8033,1.6284780502319336
human4_lib3.final_cell_0167-3,human4,ductal,3,ductal,18.044952,0.3393072,8034,1.4674514532089231
human4_lib3.final_cell_0168-3,human4,beta,0,beta,1.467766,9.48564,8035,0.670741081237793
human4_lib3.final_cell_0169-3,human4,beta,0,beta,-0.9510632,11.842389,8036,0.4006398916244507
human4_lib3.final_cell_0170-3,human4,alpha,1,alpha,7.546253,-7.330839,8037,0.8133991956710815
human4_lib3.final_cell_0171-3,human4,gamma,6,gamma,-2.9315605,-3.6890342,8038,1.1376702785491943
human4_lib3.final_cell_0172-3,human4,beta,0,beta,-1.064172,10.757581,8039,0.5354147553443909
human4_lib3.final_cell_0173-3,human4,alpha,1,alpha,10.0843115,-8.408754,8040,0.7054921984672546
human4_lib3.final_cell_0174-3,human4,delta,4,delta,-4.388515,3.0016482,8041,0.3845422863960266
human4_lib3.final_cell_0175-3,human4,alpha,1,alpha,9.37839,-7.493477,8042,0.6248456835746765
human4_lib3.final_cell_0176-3,human4,beta,0,beta,-0.1383804,12.995722,8043,0.3845422863960266
human4_lib3.final_cell_0177-3,human4,delta,4,delta,-3.889233,2.5145128,8044,0.5458044409751892
human4_lib3.final_cell_0178-3,human4,ductal,2,acinar,17.902006,11.839475,8045,1.1625744104385376
human4_lib3.final_cell_0179-3,human4,ductal,3,ductal,18.13516,-0.24020223,8046,2.2373623847961426
human4_lib3.final_cell_0180-3,human4,beta,0,beta,0.619195,7.7484527,8047,1.4829893112182615
human4_lib3.final_cell_0181-3,human4,ductal,3,ductal,18.626188,1.9211354,8048,1.2784498929977417
human4_lib3.final_cell_0182-3,human4,beta,0,beta,0.6567695,12.818723,8049,0.4054352343082428
human4_lib3.final_cell_0183-3,human4,alpha,1,alpha,8.985277,-7.246511,8050,0.530571460723877
human4_lib3.final_cell_0184-3,human4,alpha,1,alpha,7.010355,-7.101602,8051,0.5566937923431396
human4_lib3.final_cell_0185-3,human4,ductal,3,ductal,18.015694,0.28160477,8052,1.756680965423584
human4_lib3.final_cell_0186-3,human4,beta,0,beta,1.7298589,12.355497,8053,0.5881563425064087
human4_lib3.final_cell_0187-3,human4,gamma,6,gamma,-2.697131,-4.210092,8054,1.1106377840042114
human4_lib3.final_cell_0188-3,human4,alpha,1,alpha,8.366151,-7.98483,8055,0.8593225479125977
human4_lib3.final_cell_0189-3,human4,beta,0,beta,-0.26434645,11.452854,8056,0.3845422863960266
human4_lib3.final_cell_0190-3,human4,delta,4,delta,-4.3346477,2.4205182,8057,0.3882068991661072
human4_lib3.final_cell_0191-3,human4,ductal,3,ductal,18.01664,0.13275851,8058,1.9109899997711184
human4_lib3.final_cell_0192-3,human4,beta,0,beta,2.079465,11.7790165,8059,0.5401240587234497
human4_lib3.final_cell_0193-3,human4,alpha,1,alpha,9.343318,-8.433509,8060,0.868837296962738
human4_lib3.final_cell_0194-3,human4,ductal,3,ductal,18.747887,0.97020394,8061,1.3849111795425415
human4_lib3.final_cell_0195-3,human4,alpha,1,alpha,9.8140545,-8.057601,8062,0.5936907529830933
human4_lib3.final_cell_0196-3,human4,gamma,6,gamma,-2.865845,-3.8348963,8063,1.2570838928222656
human4_lib3.final_cell_0197-3,human4,beta,0,beta,1.5801346,11.498103,8064,0.3892394304275512
human4_lib3.final_cell_0198-3,human4,beta,0,beta,1.263444,11.337284,8065,0.3923806846141815
human4_lib3.final_cell_0199-3,human4,beta,0,beta,-0.2553033,12.658402,8066,0.3875190615653991
human4_lib3.final_cell_0200-3,human4,ductal,3,ductal,18.381817,-0.6873932,8067,1.4450730085372925
human4_lib3.final_cell_0201-3,human4,ductal,3,ductal,18.32559,-0.6019432,8068,1.7040178775787354
human4_lib3.final_cell_0202-3,human4,beta,0,beta,0.09888838,12.577844,8069,0.4957250952720642
human4_lib3.final_cell_0203-3,human4,gamma,6,gamma,-2.9673436,-4.268676,8070,1.0716923475265503
human4_lib3.final_cell_0204-3,human4,ductal,3,ductal,18.101492,1.1075257,8071,2.0750951766967773
human4_lib3.final_cell_0205-3,human4,alpha,1,alpha,9.607276,-5.885304,8072,1.0251667499542236
human4_lib3.final_cell_0206-3,human4,activated_stellate,5,activated_stellate,12.416233,5.855276,8073,1.548124074935913
human4_lib3.final_cell_0207-3,human4,ductal,3,ductal,18.363451,1.696551,8074,1.50373113155365
human4_lib3.final_cell_0208-3,human4,gamma,6,gamma,-2.8061259,-4.1624794,8075,1.0042266845703125
human4_lib3.final_cell_0209-3,human4,ductal,2,acinar,17.865719,11.79269,8076,1.1055597066879272
human4_lib3.final_cell_0210-3,human4,alpha,1,alpha,9.120912,-5.82646,8077,0.5215232372283936
human4_lib3.final_cell_0211-3,human4,activated_stellate,5,activated_stellate,12.809124,5.557744,8078,1.538877010345459
human4_lib3.final_cell_0212-3,human4,alpha,1,alpha,10.268607,-7.71657,8079,0.8530228734016418
human4_lib3.final_cell_0213-3,human4,beta,0,beta,1.3000451,12.61703,8080,0.3845422863960266
human4_lib3.final_cell_0214-3,human4,beta,0,beta,0.8041464,13.418177,8081,0.7371487617492676
human4_lib3.final_cell_0215-3,human4,macrophage,8,macrophage,13.929943,0.89971894,8082,2.483335256576538
human4_lib3.final_cell_0216-3,human4,ductal,2,acinar,17.981298,12.036826,8083,1.1376540660858154
human4_lib3.final_cell_0217-3,human4,alpha,1,alpha,8.971749,-8.840669,8084,0.6564571857452393
human4_lib3.final_cell_0218-3,human4,delta,4,delta,-3.6480074,3.0019171,8085,0.3845422863960266
human4_lib3.final_cell_0219-3,human4,beta,4,delta,-2.5873654,3.9525318,8086,1.2829996347427368
human4_lib3.final_cell_0220-3,human4,ductal,3,ductal,18.23904,1.3033407,8087,1.8671015501022337
human4_lib3.final_cell_0221-3,human4,ductal,2,acinar,15.174705,5.803513,8088,1.483520269393921
human4_lib3.final_cell_0222-3,human4,ductal,3,ductal,18.510456,1.0802811,8089,1.5373669862747192
human4_lib3.final_cell_0223-3,human4,beta,0,beta,1.9669594,9.678976,8090,0.5213223695755005
human4_lib3.final_cell_0224-3,human4,delta,4,delta,-3.295311,3.2677124,8091,0.5191125869750977
human4_lib3.final_cell_0225-3,human4,beta,0,beta,1.7969782,11.705919,8092,0.3845422863960266
human4_lib3.final_cell_0226-3,human4,alpha,1,alpha,10.063946,-8.424637,8093,0.7440233826637268
human4_lib3.final_cell_0227-3,human4,ductal,3,ductal,18.182663,-0.77972287,8094,1.400931477546692
human4_lib3.final_cell_0228-3,human4,beta,0,beta,0.938595,12.790394,8095,0.5369951128959656
human4_lib3.final_cell_0229-3,human4,ductal,3,ductal,18.439098,1.472828,8096,2.191843271255493
human4_lib3.final_cell_0230-3,human4,activated_stellate,5,activated_stellate,12.112207,6.203505,8097,2.0369904041290283
human4_lib3.final_cell_0231-3,human4,alpha,1,alpha,9.410315,-8.51917,8098,0.5797193050384521
human4_lib3.final_cell_0232-3,human4,beta,0,beta,0.2616934,12.944422,8099,0.4866442382335663
human4_lib3.final_cell_0233-3,human4,delta,4,delta,-4.7293334,2.8955333,8100,0.3845422863960266
human4_lib3.final_cell_0234-3,human4,beta,0,beta,-0.5448503,9.962111,8101,0.71644127368927
human4_lib3.final_cell_0235-3,human4,beta,0,beta,0.06840834,9.488148,8102,1.3478903770446775
human4_lib3.final_cell_0236-3,human4,delta,4,delta,-3.689638,3.048986,8103,0.4036861360073089
human4_lib3.final_cell_0237-3,human4,beta,0,beta,1.1076168,13.317766,8104,0.3849333226680755
human4_lib3.final_cell_0238-3,human4,alpha,1,alpha,6.645383,-6.8487372,8105,1.282636046409607
human4_lib3.final_cell_0239-3,human4,alpha,1,alpha,8.516453,-8.282745,8106,0.661407470703125
human4_lib3.final_cell_0240-3,human4,alpha,1,alpha,10.027403,-7.941147,8107,0.8108282089233398
human4_lib3.final_cell_0241-3,human4,ductal,3,ductal,18.322239,1.2802492,8108,1.5669043064117432
human4_lib3.final_cell_0242-3,human4,alpha,1,alpha,8.470321,-6.500704,8109,0.5195266604423523
human4_lib3.final_cell_0243-3,human4,alpha,1,alpha,9.200379,-7.097753,8110,0.7334065437316895
human4_lib3.final_cell_0244-3,human4,beta,0,beta,0.3939268,11.121747,8111,0.4510175883769989
human4_lib3.final_cell_0245-3,human4,ductal,2,acinar,17.119244,13.957842,8112,1.3607689142227173
human4_lib3.final_cell_0246-3,human4,ductal,3,ductal,18.260458,2.0997393,8113,1.7396761178970337
human4_lib3.final_cell_0247-3,human4,ductal,3,ductal,17.420265,3.0109472,8114,3.588205099105835
human4_lib3.final_cell_0248-3,human4,alpha,1,alpha,5.4577403,-3.896692,8115,0.94005024433136
human4_lib3.final_cell_0249-3,human4,beta,6,gamma,5.4920835,-3.8955305,8116,2.259971857070923
human4_lib3.final_cell_0250-3,human4,delta,4,delta,-4.8580856,2.70815,8117,0.3845422863960266
human4_lib3.final_cell_0251-3,human4,beta,0,beta,-1.141638,11.980416,8118,0.4494192898273468
human4_lib3.final_cell_0252-3,human4,ductal,3,ductal,18.095015,-0.42175794,8119,1.7058435678482056
human4_lib3.final_cell_0253-3,human4,beta,0,beta,-1.1756607,11.3576145,8120,0.3928344845771789
human4_lib3.final_cell_0254-3,human4,ductal,3,ductal,19.118996,-0.05397114,8121,1.7503275871276855
human4_lib3.final_cell_0255-3,human4,beta,0,beta,1.6780199,11.550191,8122,0.6866083741188049
human4_lib3.final_cell_0256-3,human4,alpha,1,alpha,8.100287,-7.7197137,8123,0.699720025062561
human4_lib3.final_cell_0257-3,human4,beta,0,beta,0.037654743,10.861831,8124,0.4433739483356476
human4_lib3.final_cell_0258-3,human4,beta,0,beta,0.34879473,12.671324,8125,0.3845422863960266
human4_lib3.final_cell_0259-3,human4,ductal,3,ductal,18.296183,0.7531975,8126,1.7050679922103882
human4_lib3.final_cell_0260-3,human4,activated_stellate,5,activated_stellate,12.050328,5.887326,8127,1.747032642364502
human4_lib3.final_cell_0261-3,human4,ductal,3,ductal,18.571537,0.5321267,8128,1.5719854831695557
human4_lib3.final_cell_0262-3,human4,beta,0,beta,0.47111592,11.50747,8129,0.4912984669208526
human4_lib3.final_cell_0263-3,human4,ductal,3,ductal,18.243797,2.5214202,8130,2.240983009338379
human4_lib3.final_cell_0264-3,human4,activated_stellate,5,activated_stellate,11.332507,4.328771,8131,2.441843748092652
human4_lib3.final_cell_0265-3,human4,ductal,3,ductal,18.428074,0.40511945,8132,1.745247483253479
human4_lib3.final_cell_0266-3,human4,beta,0,beta,-1.1561706,11.715243,8133,0.5151116251945496
human4_lib3.final_cell_0267-3,human4,beta,0,beta,1.3349279,12.6638155,8134,0.4440927803516388
human4_lib3.final_cell_0268-3,human4,beta,0,beta,0.45527068,12.954232,8135,0.4298682510852813
human4_lib3.final_cell_0269-3,human4,delta,4,delta,-4.1749897,2.2829287,8136,0.3877547681331634
human4_lib3.final_cell_0270-3,human4,alpha,1,alpha,6.5562253,-6.0583444,8137,0.887887716293335
human4_lib3.final_cell_0271-3,human4,delta,4,delta,-4.014602,3.0268178,8138,0.4652801752090454
human4_lib3.final_cell_0272-3,human4,alpha,1,alpha,8.445503,-6.7897186,8139,0.59718257188797
human4_lib3.final_cell_0273-3,human4,ductal,3,ductal,18.31684,1.7399155,8140,1.693855881690979
human4_lib3.final_cell_0274-3,human4,gamma,6,gamma,-3.0860348,-4.22539,8141,0.7495362758636475
human4_lib3.final_cell_0275-3,human4,gamma,6,gamma,-2.9851272,-4.175801,8142,1.3554375171661377
human4_lib3.final_cell_0276-3,human4,alpha,1,alpha,8.26348,-7.301187,8143,0.5237864255905151
human4_lib3.final_cell_0277-3,human4,ductal,2,acinar,15.127989,5.7169447,8144,1.5709586143493652
human4_lib3.final_cell_0278-3,human4,beta,0,beta,-0.67452425,8.908212,8145,0.8564024567604065
human4_lib3.final_cell_0279-3,human4,alpha,1,alpha,9.517305,-8.792119,8146,1.0006555318832395
human4_lib3.final_cell_0280-3,human4,alpha,1,alpha,10.119973,-8.158904,8147,0.509654700756073
human4_lib3.final_cell_0281-3,human4,alpha,1,alpha,9.608833,-8.302439,8148,0.6817233562469482
human4_lib3.final_cell_0282-3,human4,ductal,3,ductal,17.452715,1.47645,8149,3.14283299446106
human4_lib3.final_cell_0283-3,human4,ductal,3,ductal,19.20571,0.15462244,8150,1.4555617570877075
human4_lib3.final_cell_0284-3,human4,beta,0,beta,-0.72444654,12.316544,8151,0.4656844437122345
human4_lib3.final_cell_0285-3,human4,beta,0,beta,0.056617077,12.317296,8152,0.6902658343315125
human4_lib3.final_cell_0286-3,human4,ductal,3,ductal,18.114895,1.8756479,8153,1.188967227935791
human4_lib3.final_cell_0287-3,human4,activated_stellate,5,activated_stellate,11.567111,5.2752724,8154,1.6248947381973269
human4_lib3.final_cell_0288-3,human4,beta,0,beta,1.804104,11.582943,8155,0.4102749824523926
human4_lib3.final_cell_0289-3,human4,ductal,3,ductal,18.685833,0.3520802,8156,1.3435579538345337
human4_lib3.final_cell_0290-3,human4,ductal,3,ductal,18.321245,-0.8012231,8157,1.5407133102416992
human4_lib3.final_cell_0291-3,human4,ductal,3,ductal,18.428722,0.53920764,8158,1.57965350151062
human4_lib3.final_cell_0292-3,human4,acinar,2,acinar,17.633663,12.836382,8159,1.0807934999465942
human4_lib3.final_cell_0293-3,human4,ductal,3,ductal,18.90979,1.9490931,8160,1.426151990890503
human4_lib3.final_cell_0294-3,human4,gamma,6,gamma,-2.8749115,-3.875231,8161,0.8270426392555237
human4_lib3.final_cell_0295-3,human4,alpha,1,alpha,7.3880963,-5.1173778,8162,0.6177033185958862
human4_lib3.final_cell_0296-3,human4,ductal,3,ductal,18.810364,0.62573624,8163,1.5444968938827517
human4_lib3.final_cell_0297-3,human4,beta,0,beta,1.756817,12.162206,8164,0.6588464975357056
human4_lib3.final_cell_0298-3,human4,ductal,3,ductal,18.391548,-0.7394023,8165,1.4567917585372925
human4_lib3.final_cell_0299-3,human4,gamma,6,gamma,-2.5688899,-4.0726295,8166,0.8947786092758179
human4_lib3.final_cell_0300-3,human4,beta,0,beta,0.3800526,11.125108,8167,0.3845422863960266
human4_lib3.final_cell_0301-3,human4,beta,0,beta,-0.8491743,7.1984854,8168,1.6509525775909424
human4_lib3.final_cell_0302-3,human4,beta,0,beta,2.0517566,11.708062,8169,0.3845422863960266
human4_lib3.final_cell_0303-3,human4,delta,4,delta,-4.4607162,2.4474223,8170,0.4645139276981354
human4_lib3.final_cell_0304-3,human4,alpha,1,alpha,7.986287,-6.4716363,8171,0.752947986125946
human4_lib3.final_cell_0305-3,human4,beta,0,beta,0.49066186,12.985356,8172,0.3845422863960266
human4_lib3.final_cell_0306-3,human4,beta,0,beta,0.8206688,12.775113,8173,0.4538038969039917
human4_lib3.final_cell_0307-3,human4,beta,0,beta,-0.61545724,9.476078,8174,1.662743330001831
human4_lib3.final_cell_0308-3,human4,activated_stellate,5,activated_stellate,10.800211,5.3766294,8175,1.577177882194519
human4_lib3.final_cell_0309-3,human4,ductal,3,ductal,19.045628,1.7517735,8176,1.4743579626083374
human4_lib3.final_cell_0310-3,human4,beta,0,beta,0.18490838,11.089586,8177,0.5292655229568481
human4_lib3.final_cell_0311-3,human4,ductal,3,ductal,18.082264,-1.0079147,8178,1.381654977798462
human4_lib3.final_cell_0312-3,human4,beta,0,beta,1.0366516,11.590038,8179,0.3845422863960266
human4_lib3.final_cell_0313-3,human4,beta,0,beta,0.86104393,13.343126,8180,0.3845422863960266
human4_lib3.final_cell_0314-3,human4,gamma,6,gamma,-3.146346,-4.087497,8181,0.9198665022850036
human4_lib3.final_cell_0315-3,human4,beta,0,beta,0.3924621,11.161689,8182,0.395055204629898
human4_lib3.final_cell_0316-3,human4,gamma,6,gamma,-3.0903075,-4.188475,8183,0.757409393787384
human4_lib3.final_cell_0317-3,human4,ductal,3,ductal,18.402721,-0.17359906,8184,1.6069984436035156
human4_lib3.final_cell_0318-3,human4,ductal,3,ductal,18.2391,2.4175925,8185,2.240983009338379
human4_lib3.final_cell_0319-3,human4,beta,0,beta,2.0419593,10.529084,8186,0.5872262120246887
human4_lib3.final_cell_0320-3,human4,beta,0,beta,-0.5769273,11.924162,8187,0.4438022971153259
human4_lib3.final_cell_0321-3,human4,alpha,1,alpha,8.363322,-6.357938,8188,0.5442466139793396
human4_lib3.final_cell_0322-3,human4,delta,4,delta,-4.721704,3.0060277,8189,0.4716558456420898
human4_lib3.final_cell_0323-3,human4,beta,0,beta,0.23469064,12.194985,8190,0.3845422863960266
human4_lib3.final_cell_0324-3,human4,alpha,1,alpha,8.065939,-6.1602364,8191,1.1127862930297852
human4_lib3.final_cell_0325-3,human4,ductal,3,ductal,18.375965,1.6458083,8192,1.3537375926971436
human4_lib3.final_cell_0326-3,human4,delta,4,delta,-3.7783725,2.7479525,8193,0.3845422863960266
human4_lib3.final_cell_0327-3,human4,alpha,1,alpha,8.19188,-8.086455,8194,0.7276723384857178
human4_lib3.final_cell_0328-3,human4,ductal,3,ductal,18.861322,0.9483404,8195,1.7047450542449951
human4_lib3.final_cell_0329-3,human4,alpha,1,alpha,7.134648,-4.993369,8196,1.5086699724197388
human4_lib3.final_cell_0330-3,human4,ductal,3,ductal,18.041931,-0.99311805,8197,1.5817205905914309
human4_lib3.final_cell_0331-3,human4,delta,4,delta,-3.4078364,2.561577,8198,0.3872977495193481
human4_lib3.final_cell_0332-3,human4,alpha,1,alpha,8.608531,-6.611479,8199,0.7751146554946899
human4_lib3.final_cell_0333-3,human4,alpha,1,alpha,10.044376,-7.975582,8200,0.7187254428863525
human4_lib3.final_cell_0334-3,human4,beta,0,beta,1.2579119,11.17759,8201,0.4726377427577972
human4_lib3.final_cell_0335-3,human4,ductal,2,acinar,16.9963,14.341779,8202,1.2514431476593018
human4_lib3.final_cell_0336-3,human4,ductal,2,acinar,17.809416,12.645821,8203,0.8504909873008728
human4_lib3.final_cell_0337-3,human4,ductal,3,ductal,18.564499,-0.6270666,8204,3.588205099105835
human4_lib3.final_cell_0338-3,human4,beta,0,beta,1.6004384,10.240331,8205,0.5532160401344299
human4_lib3.final_cell_0339-3,human4,ductal,3,ductal,18.253191,2.4247143,8206,1.2417224645614624
human4_lib3.final_cell_0340-3,human4,alpha,1,alpha,9.490006,-5.8962536,8207,1.054409146308899
human4_lib3.final_cell_0341-3,human4,beta,0,beta,-0.5318799,12.910004,8208,0.3845422863960266
human4_lib3.final_cell_0342-3,human4,ductal,3,ductal,19.175772,0.3753828,8209,1.5812972784042358
human4_lib3.final_cell_0343-3,human4,alpha,1,alpha,8.276177,-8.062666,8210,0.7001842856407166
human4_lib3.final_cell_0344-3,human4,beta,0,beta,0.75348234,8.9568405,8211,0.7964736223220825
human4_lib3.final_cell_0345-3,human4,gamma,6,gamma,-2.7484493,-3.485313,8212,1.2984023094177246
human4_lib3.final_cell_0346-3,human4,delta,4,delta,-4.282183,2.3808315,8213,0.3845422863960266
human4_lib3.final_cell_0347-3,human4,alpha,1,alpha,9.429266,-8.140429,8214,0.6733466386795044
human4_lib3.final_cell_0348-3,human4,ductal,3,ductal,18.180384,-0.12220834,8215,1.6633315086364746
human4_lib3.final_cell_0349-3,human4,gamma,6,gamma,-3.0678241,-4.258936,8216,1.6147422790527344
human4_lib3.final_cell_0350-3,human4,ductal,3,ductal,18.181797,-0.2524128,8217,1.5409239530563354
human4_lib3.final_cell_0351-3,human4,beta,0,beta,1.1347688,13.3232565,8218,0.4522394239902496
human4_lib3.final_cell_0352-3,human4,beta,0,beta,1.0757933,9.585347,8219,0.4939059019088745
human4_lib3.final_cell_0353-3,human4,beta,0,beta,-0.72182107,9.544829,8220,1.601475477218628
human4_lib3.final_cell_0354-3,human4,ductal,2,acinar,17.858173,13.59136,8221,1.0935752391815186
human4_lib3.final_cell_0355-3,human4,alpha,1,alpha,10.173519,-7.981152,8222,1.0615665912628174
human4_lib3.final_cell_0356-3,human4,beta,0,beta,-0.31841707,11.755188,8223,0.3845422863960266
human4_lib3.final_cell_0357-3,human4,beta,0,beta,-0.5639181,12.132455,8224,0.3845422863960266
human4_lib3.final_cell_0358-3,human4,beta,0,beta,0.86266696,12.541179,8225,0.3845422863960266
human4_lib3.final_cell_0359-3,human4,alpha,1,alpha,8.591996,-8.640496,8226,1.0593252182006836
human4_lib3.final_cell_0360-3,human4,alpha,1,alpha,7.537143,-7.0482674,8227,0.671438992023468
human4_lib3.final_cell_0361-3,human4,beta,0,beta,0.63947064,13.40477,8228,0.4044786691665649
human4_lib3.final_cell_0362-3,human4,alpha,1,alpha,9.538666,-8.25231,8229,0.7412148118019104
human4_lib3.final_cell_0363-3,human4,alpha,1,alpha,7.6861725,-6.8912745,8230,0.8476256132125854
human4_lib3.final_cell_0364-3,human4,beta,0,beta,-1.2737415,11.816476,8231,0.9168915152549744
human4_lib3.final_cell_0365-3,human4,beta,0,beta,0.626627,7.93309,8232,1.521919012069702
human4_lib3.final_cell_0366-3,human4,alpha,1,alpha,7.679147,-5.3673444,8233,0.6255533695220947
human4_lib3.final_cell_0367-3,human4,beta,0,beta,1.7425581,11.56221,8234,0.6918487548828125
human4_lib3.final_cell_0368-3,human4,beta,0,beta,0.24059588,12.383284,8235,0.8191295862197876
human4_lib3.final_cell_0369-3,human4,alpha,1,alpha,9.460711,-6.8659954,8236,0.5922709107398987
human4_lib3.final_cell_0370-3,human4,beta,0,beta,0.16815098,12.33568,8237,0.3845422863960266
human4_lib3.final_cell_0371-3,human4,alpha,1,alpha,8.940238,-6.353805,8238,0.7011669874191284
human4_lib3.final_cell_0372-3,human4,delta,4,delta,-4.4496474,2.7513945,8239,0.4648725986480713
human4_lib3.final_cell_0373-3,human4,beta,0,beta,0.96078014,12.752823,8240,0.3845422863960266
human4_lib3.final_cell_0374-3,human4,beta,0,beta,1.2925937,12.149445,8241,0.3845422863960266
human4_lib3.final_cell_0375-3,human4,alpha,1,alpha,9.936838,-8.4838915,8242,0.607799768447876
human4_lib3.final_cell_0376-3,human4,activated_stellate,5,activated_stellate,12.5727215,5.6312833,8243,1.394356608390808
human4_lib3.final_cell_0377-3,human4,beta,0,beta,-0.8516715,11.786602,8244,0.3845422863960266
human4_lib3.final_cell_0378-3,human4,gamma,6,gamma,-3.1386003,-4.167035,8245,1.2285524606704712
human4_lib3.final_cell_0379-3,human4,alpha,1,alpha,9.488821,-8.205894,8246,0.496852844953537
human4_lib3.final_cell_0380-3,human4,beta,0,beta,-0.60639805,11.161677,8247,0.5223315358161926
human4_lib3.final_cell_0381-3,human4,beta,0,beta,-0.89475816,9.032751,8248,1.7247849702835083
human4_lib3.final_cell_0382-3,human4,alpha,1,alpha,5.490891,-4.028554,8249,1.2920869588851929
human4_lib3.final_cell_0383-3,human4,alpha,1,alpha,9.805198,-8.042071,8250,1.143992304801941
human4_lib3.final_cell_0384-3,human4,activated_stellate,5,activated_stellate,10.827412,4.8221593,8251,1.9981396198272705
human4_lib3.final_cell_0385-3,human4,activated_stellate,5,activated_stellate,10.948374,5.4299283,8252,1.9741191864013672
human4_lib3.final_cell_0386-3,human4,alpha,1,alpha,10.019565,-7.093217,8253,0.6011667847633362
human4_lib3.final_cell_0387-3,human4,beta,0,beta,0.81962174,13.409144,8254,0.5690245628356934
human4_lib3.final_cell_0388-3,human4,alpha,1,alpha,8.701428,-5.3365345,8255,0.9655938744544984
human4_lib3.final_cell_0389-3,human4,ductal,3,ductal,18.810984,0.46596378,8256,1.4080630540847778
human4_lib3.final_cell_0390-3,human4,ductal,3,ductal,18.549677,-0.32286137,8257,1.938274621963501
human4_lib3.final_cell_0391-3,human4,beta,0,beta,1.6883681,9.223037,8258,0.3845422863960266
human4_lib3.final_cell_0392-3,human4,beta,0,beta,0.5630824,11.599968,8259,0.4077105820178985
human4_lib3.final_cell_0393-3,human4,gamma,6,gamma,-2.8694708,-4.0225797,8260,1.1054012775421145
human4_lib3.final_cell_0394-3,human4,gamma,6,gamma,-3.117356,-4.036798,8261,1.0094982385635376
human4_lib3.final_cell_0395-3,human4,beta,0,beta,0.18939127,12.406241,8262,0.4353672564029693
human4_lib3.final_cell_0396-3,human4,activated_stellate,5,activated_stellate,12.253367,5.934168,8263,1.506729245185852
human4_lib3.final_cell_0397-3,human4,ductal,3,ductal,19.130241,1.6373464,8264,1.612154245376587
human4_lib3.final_cell_0398-3,human4,beta,0,beta,1.0586784,11.928363,8265,0.4324623644351959
human4_lib3.final_cell_0399-3,human4,alpha,1,alpha,8.817469,-8.449494,8266,0.6189120411872864
human4_lib3.final_cell_0400-3,human4,ductal,3,ductal,18.315878,1.5917931,8267,1.345439076423645
human4_lib3.final_cell_0401-3,human4,alpha,1,alpha,9.054412,-5.3425026,8268,0.9409237504005432
human4_lib3.final_cell_0402-3,human4,beta,0,beta,0.089477025,11.129408,8269,0.3888882994651794
human4_lib3.final_cell_0403-3,human4,beta,0,beta,2.1327293,10.226985,8270,0.5884321331977844
human4_lib3.final_cell_0404-3,human4,alpha,1,alpha,8.278592,-8.196682,8271,0.8330207467079163
human4_lib3.final_cell_0405-3,human4,ductal,2,acinar,17.919098,11.87118,8272,1.0680854320526123
human4_lib3.final_cell_0406-3,human4,beta,0,beta,-0.5575532,9.910624,8273,0.4651455581188202
human4_lib3.final_cell_0407-3,human4,alpha,1,alpha,9.856145,-7.687424,8274,0.6627086997032166
human4_lib3.final_cell_0408-3,human4,alpha,1,alpha,7.838485,-7.317589,8275,0.8295446634292603
human4_lib3.final_cell_0409-3,human4,gamma,6,gamma,-2.710235,-4.1114254,8276,1.257875680923462
human4_lib3.final_cell_0410-3,human4,delta,4,delta,-4.3361115,2.771884,8277,0.3845422863960266
human4_lib3.final_cell_0411-3,human4,alpha,1,alpha,9.045784,-6.7924027,8278,0.7236716151237488
human4_lib3.final_cell_0412-3,human4,beta,0,beta,1.3178933,12.966656,8279,0.3961120545864105
human4_lib3.final_cell_0413-3,human4,ductal,3,ductal,18.965055,1.2609248,8280,1.8477966785430908
human4_lib3.final_cell_0414-3,human4,beta,0,beta,0.83009905,8.391749,8281,1.5396777391433716
human4_lib3.final_cell_0415-3,human4,beta,0,beta,-0.076491505,12.06782,8282,0.63594651222229
human4_lib3.final_cell_0416-3,human4,ductal,3,ductal,18.729052,0.52682954,8283,1.6213370561599731
human4_lib3.final_cell_0417-3,human4,beta,0,beta,-0.3816479,11.45861,8284,0.3845422863960266
human4_lib3.final_cell_0418-3,human4,ductal,3,ductal,18.929781,0.8030659,8285,1.474082112312317
human4_lib3.final_cell_0419-3,human4,beta,0,beta,1.7574743,9.589828,8286,0.4523080289363861
human4_lib3.final_cell_0420-3,human4,beta,0,beta,-0.17864978,12.950975,8287,0.4297457933425903
human4_lib3.final_cell_0421-3,human4,ductal,3,ductal,18.93212,0.44067782,8288,1.5034984350204468
human4_lib3.final_cell_0422-3,human4,alpha,1,alpha,7.2356863,-7.01493,8289,0.591619610786438
human4_lib3.final_cell_0423-3,human4,ductal,3,ductal,18.27478,1.4711218,8290,2.197282314300537
human4_lib3.final_cell_0424-3,human4,ductal,2,acinar,17.952276,11.920991,8291,1.155229091644287
human4_lib3.final_cell_0425-3,human4,gamma,6,gamma,-2.5667057,-3.6204834,8292,0.6907726526260376
human4_lib3.final_cell_0426-3,human4,alpha,1,alpha,9.088318,-8.745507,8293,0.6386997699737549
human4_lib3.final_cell_0427-3,human4,endothelial,7,endothelial,9.527726,12.335897,8294,2.649595260620117
human4_lib3.final_cell_0428-3,human4,ductal,3,ductal,18.800373,0.48504275,8295,1.4219847917556765
human4_lib3.final_cell_0429-3,human4,beta,4,delta,-2.341832,4.4703736,8296,1.543600082397461
human4_lib3.final_cell_0430-3,human4,gamma,6,gamma,-2.503006,-3.4459758,8297,0.8759943842887878
human4_lib3.final_cell_0431-3,human4,beta,0,beta,0.7549621,10.496843,8298,0.4513439834117889
human4_lib3.final_cell_0432-3,human4,ductal,3,ductal,18.284075,1.3300346,8299,1.4417967796325684
human4_lib3.final_cell_0433-3,human4,alpha,1,alpha,9.428787,-6.351788,8300,0.6210983395576477
human4_lib3.final_cell_0434-3,human4,ductal,2,acinar,17.785301,11.625416,8301,1.105861783027649
human4_lib3.final_cell_0435-3,human4,activated_stellate,5,activated_stellate,12.571479,5.7280912,8302,1.7541866302490234
human4_lib3.final_cell_0436-3,human4,gamma,6,gamma,-2.570736,-4.0236697,8303,0.9329902529716492
human4_lib3.final_cell_0437-3,human4,beta,0,beta,-0.9647835,11.39783,8304,0.3845422863960266
human4_lib3.final_cell_0438-3,human4,alpha,1,alpha,10.088023,-6.793968,8305,0.7049816250801086
human4_lib3.final_cell_0439-3,human4,ductal,3,ductal,18.869665,-0.25287205,8306,1.602916955947876
human4_lib3.final_cell_0440-3,human4,beta,0,beta,-0.7180305,11.8624525,8307,0.5345954895019531
human4_lib3.final_cell_0441-3,human4,ductal,3,ductal,18.196474,-0.11740203,8308,1.400374174118042
human4_lib3.final_cell_0442-3,human4,activated_stellate,5,activated_stellate,12.686956,5.8002715,8309,1.6024935245513916
human4_lib3.final_cell_0443-3,human4,gamma,6,gamma,-2.5585597,-4.0622873,8310,0.8829224109649658
human4_lib3.final_cell_0444-3,human4,ductal,2,acinar,17.138374,14.431523,8311,1.3193953037261963
human4_lib3.final_cell_0445-3,human4,alpha,1,alpha,6.8276963,-6.9500217,8312,0.8713760375976562
human4_lib3.final_cell_0446-3,human4,beta,0,beta,-1.0235802,11.585937,8313,0.4105623364448547
human4_lib3.final_cell_0447-3,human4,beta,0,beta,0.5923256,11.699031,8314,0.3845422863960266
human4_lib3.final_cell_0448-3,human4,ductal,2,acinar,17.799086,12.6823225,8315,1.3694204092025757
human4_lib3.final_cell_0449-3,human4,beta,0,beta,1.0795667,10.745812,8316,0.3845422863960266
human4_lib3.final_cell_0450-3,human4,beta,0,beta,-0.44878435,9.546358,8317,0.7085787057876587
human4_lib3.final_cell_0451-3,human4,delta,4,delta,-4.281513,2.8103652,8318,0.4081496894359588
human4_lib3.final_cell_0452-3,human4,gamma,6,gamma,-2.8970456,-4.209811,8319,1.3614052534103394
human4_lib3.final_cell_0453-3,human4,ductal,3,ductal,18.317394,-0.27694848,8320,1.7196029424667358
human4_lib3.final_cell_0454-3,human4,beta,0,beta,0.5854248,8.658793,8321,0.5042794942855835
human4_lib3.final_cell_0455-3,human4,beta,0,beta,1.1577367,12.9557905,8322,0.3932801783084869
human4_lib3.final_cell_0456-3,human4,beta,0,beta,0.8808437,9.059225,8323,0.3943130373954773
human4_lib3.final_cell_0457-3,human4,beta,0,beta,0.9467983,10.127235,8324,0.4793041050434112
human4_lib3.final_cell_0458-3,human4,beta,0,beta,0.23785512,11.90186,8325,0.5518416166305542
human4_lib3.final_cell_0459-3,human4,activated_stellate,5,activated_stellate,11.681384,5.231848,8326,1.4382694959640503
human4_lib3.final_cell_0460-3,human4,beta,0,beta,0.67698634,12.051886,8327,0.7305635213851929
human4_lib3.final_cell_0461-3,human4,alpha,1,alpha,7.6615705,-6.758449,8328,0.5944238901138306
human4_lib3.final_cell_0462-3,human4,ductal,3,ductal,18.307503,1.7969221,8329,1.5770553350448608
human4_lib3.final_cell_0463-3,human4,beta,0,beta,0.6698066,9.128174,8330,0.5857279300689697
human4_lib3.final_cell_0464-3,human4,gamma,6,gamma,-2.8119137,-3.4931169,8331,0.8978937864303589
human4_lib3.final_cell_0465-3,human4,ductal,3,ductal,18.307331,1.6180727,8332,1.1743336915969849
human4_lib3.final_cell_0466-3,human4,beta,0,beta,0.42644203,11.671208,8333,0.5354564189910889
human4_lib3.final_cell_0467-3,human4,beta,0,beta,-0.100966774,11.328002,8334,0.3845422863960266
human4_lib3.final_cell_0468-3,human4,alpha,1,alpha,9.810373,-8.232584,8335,0.6823182702064514
human4_lib3.final_cell_0469-3,human4,activated_stellate,5,activated_stellate,10.885119,5.420217,8336,1.753327250480652
human4_lib3.final_cell_0470-3,human4,beta,0,beta,-0.64688486,8.374816,8337,1.47053325176239
human4_lib3.final_cell_0471-3,human4,alpha,1,alpha,10.283897,-8.109937,8338,0.6611941456794739
human4_lib3.final_cell_0472-3,human4,beta,0,beta,-1.3438908,11.095689,8339,0.7374987602233887
human4_lib3.final_cell_0473-3,human4,beta,0,beta,-1.1277112,11.458501,8340,0.6978687047958374
human4_lib3.final_cell_0474-3,human4,alpha,1,alpha,8.993305,-6.639448,8341,0.6647090911865234
human4_lib3.final_cell_0475-3,human4,ductal,3,ductal,18.77513,1.3219218,8342,1.3319940567016602
human4_lib3.final_cell_0476-3,human4,beta,0,beta,0.4912364,13.376996,8343,0.5680451989173889
human4_lib3.final_cell_0477-3,human4,alpha,1,alpha,9.725382,-8.502979,8344,0.6481533050537109
human4_lib3.final_cell_0478-3,human4,beta,0,beta,-0.8317109,11.893168,8345,0.9839411973953248
human4_lib3.final_cell_0479-3,human4,ductal,3,ductal,18.606241,-0.6676843,8346,1.8216480016708372
human4_lib3.final_cell_0480-3,human4,beta,0,beta,-0.22172868,10.099554,8347,0.5847596526145935
human4_lib3.final_cell_0481-3,human4,delta,4,delta,-2.9571645,2.721499,8348,0.4633434414863586
human4_lib3.final_cell_0482-3,human4,alpha,1,alpha,9.698786,-7.029689,8349,0.7383081912994385
human4_lib3.final_cell_0483-3,human4,beta,0,beta,1.1294357,13.330877,8350,0.4392431378364563
human4_lib3.final_cell_0484-3,human4,alpha,1,alpha,9.370981,-8.527246,8351,0.5909568667411804
human4_lib3.final_cell_0485-3,human4,alpha,1,alpha,9.0549555,-7.6246552,8352,0.6948943138122559
human4_lib3.final_cell_0486-3,human4,ductal,3,ductal,18.13432,-0.9607152,8353,1.846738338470459
human4_lib3.final_cell_0487-3,human4,beta,0,beta,-1.0733232,11.940891,8354,0.3866449892520904
human4_lib3.final_cell_0488-3,human4,alpha,1,alpha,5.7609153,-4.3029366,8355,0.9550672769546508
human4_lib3.final_cell_0489-3,human4,beta,0,beta,1.5977379,10.487253,8356,0.4085437059402466
human4_lib3.final_cell_0490-3,human4,beta,0,beta,-1.063772,11.133963,8357,0.4592347145080566
human4_lib3.final_cell_0491-3,human4,beta,0,beta,1.0890049,13.316606,8358,0.3845422863960266
human4_lib3.final_cell_0492-3,human4,beta,0,beta,1.0255632,12.457703,8359,0.3845422863960266
human4_lib3.final_cell_0493-3,human4,beta,0,beta,1.13882,13.3243065,8360,0.3845422863960266
human4_lib3.final_cell_0494-3,human4,beta,0,beta,0.9564634,12.804193,8361,0.4420818388462066
human4_lib3.final_cell_0495-3,human4,alpha,1,alpha,9.349594,-8.2963,8362,0.5521668791770935
human4_lib3.final_cell_0496-3,human4,ductal,3,ductal,18.64694,1.5181782,8363,1.7171709537506104
human4_lib3.final_cell_0497-3,human4,endothelial,7,endothelial,9.601103,12.335994,8364,2.158902883529663
human4_lib3.final_cell_0498-3,human4,alpha,1,alpha,6.4297233,-5.9786525,8365,0.8330991268157959
human4_lib3.final_cell_0499-3,human4,delta,4,delta,-4.0188575,3.2400572,8366,0.3845422863960266
human4_lib3.final_cell_0500-3,human4,beta,0,beta,1.2387202,13.123158,8367,0.3854763805866241
human4_lib3.final_cell_0501-3,human4,alpha,1,alpha,10.131774,-8.484033,8368,0.7424882054328918
human4_lib3.final_cell_0502-3,human4,beta,0,beta,0.68752724,13.410093,8369,0.5361091494560242
human4_lib3.final_cell_0503-3,human4,beta,0,beta,1.2518361,13.010861,8370,0.5166964530944824
human4_lib3.final_cell_0504-3,human4,alpha,1,alpha,6.6620545,-6.9079075,8371,1.0883208513259888
human4_lib3.final_cell_0505-3,human4,beta,0,beta,1.944561,9.8105345,8372,0.832516610622406
human4_lib3.final_cell_0506-3,human4,beta,0,beta,0.10751202,8.700469,8373,1.2362080812454224
human4_lib3.final_cell_0507-3,human4,ductal,2,acinar,17.885223,12.639508,8374,1.1023615598678589
human4_lib3.final_cell_0508-3,human4,beta,0,beta,1.5719515,9.073672,8375,0.7398537397384644
human4_lib3.final_cell_0509-3,human4,alpha,1,alpha,7.1058497,-5.4369783,8376,0.5739541053771973
human4_lib3.final_cell_0510-3,human4,ductal,3,ductal,19.024286,1.8542911,8377,1.270794153213501
human4_lib3.final_cell_0511-3,human4,beta,0,beta,-0.3044293,12.388157,8378,0.7535365223884583
human4_lib3.final_cell_0512-3,human4,beta,0,beta,-0.43472704,9.310314,8379,1.4309738874435425
human4_lib3.final_cell_0513-3,human4,gamma,6,gamma,-3.0446033,-4.224385,8380,0.8972097039222717
human4_lib3.final_cell_0514-3,human4,beta,0,beta,0.8576725,12.822394,8381,0.4376751780509949
human4_lib3.final_cell_0515-3,human4,beta,0,beta,-0.8109372,11.905096,8382,0.4800835251808166
human4_lib3.final_cell_0516-3,human4,ductal,3,ductal,19.160793,1.1235002,8383,1.6243911981582642
human4_lib3.final_cell_0517-3,human4,ductal,3,ductal,17.878958,-0.1218274,8384,3.588205099105835
human4_lib3.final_cell_0518-3,human4,beta,0,beta,1.4225129,12.495537,8385,0.4270370900630951
human4_lib3.final_cell_0519-3,human4,beta,0,beta,0.1684741,9.43708,8386,0.7053886651992798
human4_lib3.final_cell_0520-3,human4,alpha,1,alpha,7.638515,-7.115241,8387,0.7557206749916077
human4_lib3.final_cell_0521-3,human4,alpha,1,alpha,7.740704,-4.9873276,8388,0.9836267828941344
human4_lib3.final_cell_0522-3,human4,alpha,1,alpha,8.6786375,-7.550697,8389,0.5618315935134888
human4_lib3.final_cell_0523-3,human4,alpha,1,alpha,8.307163,-7.305072,8390,0.9096834063529968
human4_lib3.final_cell_0524-3,human4,activated_stellate,5,activated_stellate,12.742918,5.8292713,8391,1.7397524118423462
human4_lib3.final_cell_0525-3,human4,alpha,1,alpha,8.982206,-7.8145976,8392,0.486766368150711
human4_lib3.final_cell_0526-3,human4,alpha,1,alpha,7.421061,-7.191573,8393,0.5565651655197144
human4_lib3.final_cell_0527-3,human4,alpha,1,alpha,9.452226,-6.204207,8394,0.7144595980644226
human4_lib3.final_cell_0528-3,human4,alpha,1,alpha,9.3094635,-7.006303,8395,0.9423809051513672
human4_lib3.final_cell_0529-3,human4,gamma,6,gamma,-3.0923486,-4.289502,8396,0.8067257404327393
human4_lib3.final_cell_0530-3,human4,ductal,3,ductal,19.034393,0.3771114,8397,1.39645254611969
human4_lib3.final_cell_0531-3,human4,alpha,1,alpha,5.4501963,-3.9116375,8398,0.8709819316864014
human4_lib3.final_cell_0532-3,human4,alpha,1,alpha,8.580846,-6.1897016,8399,0.8484834432601929
human4_lib3.final_cell_0533-3,human4,beta,0,beta,0.23087545,12.364521,8400,0.4109905064105987
human4_lib3.final_cell_0534-3,human4,beta,0,beta,0.09065401,11.249474,8401,0.6065286993980408
human4_lib3.final_cell_0535-3,human4,beta,0,beta,1.3411287,12.913258,8402,0.3882456719875335
human4_lib3.final_cell_0536-3,human4,ductal,3,ductal,18.188015,2.383175,8403,1.408978819847107
human4_lib3.final_cell_0537-3,human4,alpha,1,alpha,9.491086,-8.303647,8404,0.6202889084815979
human4_lib3.final_cell_0538-3,human4,alpha,1,alpha,6.6774244,-6.917104,8405,0.6576089859008789
human4_lib3.final_cell_0539-3,human4,beta,0,beta,-0.1844737,12.167298,8406,0.993099331855774
human4_lib3.final_cell_0540-3,human4,alpha,1,alpha,9.393114,-8.093599,8407,0.6889503002166748
human4_lib3.final_cell_0541-3,human4,alpha,1,alpha,8.094404,-6.4037337,8408,0.6851626634597778
human4_lib3.final_cell_0542-3,human4,beta,0,beta,1.917811,11.703862,8409,0.6106654405593872
human4_lib3.final_cell_0543-3,human4,beta,0,beta,-1.0745002,12.158616,8410,0.4668959379196167
human4_lib3.final_cell_0544-3,human4,delta,4,delta,-4.0938373,3.6154914,8411,0.3845422863960266
human4_lib3.final_cell_0545-3,human4,ductal,3,ductal,18.83739,1.2516567,8412,1.5409691333770752
human4_lib3.final_cell_0546-3,human4,alpha,1,alpha,9.081366,-5.8793936,8413,0.8955994844436646
human4_lib3.final_cell_0547-3,human4,beta,0,beta,0.777988,8.756799,8414,1.0159460306167605
human4_lib3.final_cell_0548-3,human4,beta,0,beta,0.97660697,11.593896,8415,0.4121357202529907
human4_lib3.final_cell_0549-3,human4,ductal,3,ductal,17.591307,1.6046828,8416,3.588205099105835
human4_lib3.final_cell_0550-3,human4,beta,0,beta,1.0550483,13.337511,8417,0.4302529692649841
human4_lib3.final_cell_0551-3,human4,beta,0,beta,0.2799223,11.963583,8418,0.3845422863960266
human4_lib3.final_cell_0552-3,human4,beta,0,beta,-0.984601,11.479087,8419,0.3845422863960266
human4_lib3.final_cell_0553-3,human4,beta,4,delta,-4.5878134,2.7744534,8420,0.4115856289863586
human4_lib3.final_cell_0554-3,human4,beta,0,beta,0.46975192,11.3834915,8421,0.5602304339408875
human4_lib3.final_cell_0555-3,human4,beta,0,beta,1.092072,9.881491,8422,0.4222330152988434
human4_lib3.final_cell_0556-3,human4,ductal,3,ductal,19.071701,0.37260056,8423,1.4881229400634766
human4_lib3.final_cell_0557-3,human4,beta,0,beta,-0.82237333,9.606376,8424,1.559465408325195
human4_lib3.final_cell_0558-3,human4,alpha,1,alpha,7.064183,-5.488916,8425,0.8395476937294006
human4_lib3.final_cell_0559-3,human4,alpha,1,alpha,6.409106,-5.9515524,8426,0.7644507884979248
human4_lib3.final_cell_0560-3,human4,alpha,1,alpha,7.1260953,-5.227611,8427,0.8135517239570618
human4_lib3.final_cell_0561-3,human4,alpha,1,alpha,8.722417,-7.352721,8428,0.5833243131637573
human4_lib3.final_cell_0562-3,human4,beta,0,beta,1.3017774,11.396799,8429,0.4493430852890014
human4_lib3.final_cell_0563-3,human4,alpha,1,alpha,7.8549848,-7.160923,8430,0.7382088303565979
human4_lib3.final_cell_0564-3,human4,beta,0,beta,0.26798096,11.331839,8431,0.5119538903236389
human4_lib3.final_cell_0565-3,human4,alpha,1,alpha,9.601541,-7.567213,8432,0.6568863391876221
human4_lib3.final_cell_0566-3,human4,gamma,6,gamma,-2.352191,-3.6518848,8433,1.0964040756225586
human4_lib3.final_cell_0567-3,human4,beta,0,beta,-0.6278577,12.789765,8434,0.3845422863960266
human4_lib3.final_cell_0568-3,human4,gamma,6,gamma,-2.6073618,-3.8564665,8435,1.151026964187622
human4_lib3.final_cell_0569-3,human4,beta,0,beta,0.9456655,10.037056,8436,1.289007544517517
human4_lib3.final_cell_0570-3,human4,gamma,6,gamma,-2.8402967,-4.2253237,8437,0.8416256308555603
human4_lib3.final_cell_0571-3,human4,beta,0,beta,1.1631702,12.864905,8438,0.4515368044376373
human4_lib3.final_cell_0572-3,human4,beta,0,beta,-0.51897657,10.215728,8439,0.7439883351325989
human4_lib3.final_cell_0573-3,human4,alpha,1,alpha,8.578451,-6.8671474,8440,0.7803494930267334
human4_lib3.final_cell_0574-3,human4,macrophage,8,macrophage,13.606468,0.7199729,8441,3.592404365539551
human4_lib3.final_cell_0575-3,human4,ductal,2,acinar,17.962858,12.293747,8442,1.5519942045211792
human4_lib3.final_cell_0576-3,human4,beta,0,beta,0.24108502,11.057645,8443,0.5512414574623108
human4_lib3.final_cell_0577-3,human4,alpha,1,alpha,9.040578,-7.575413,8444,0.705829381942749
human4_lib3.final_cell_0578-3,human4,alpha,1,alpha,7.9663653,-6.8218927,8445,0.5145607590675354
human4_lib3.final_cell_0579-3,human4,beta,0,beta,-0.5438718,11.599595,8446,0.3845422863960266
human4_lib3.final_cell_0580-3,human4,beta,0,beta,0.8399099,9.029632,8447,0.4748863577842712
human4_lib3.final_cell_0581-3,human4,delta,4,delta,-2.8828006,2.6920216,8448,0.5256438255310059
human4_lib3.final_cell_0582-3,human4,beta,0,beta,1.7562788,10.477175,8449,0.4017449915409088
human4_lib3.final_cell_0583-3,human4,beta,0,beta,0.18098217,11.181168,8450,0.3924770057201385
human4_lib3.final_cell_0584-3,human4,beta,0,beta,0.828702,13.38526,8451,0.3845422863960266
human4_lib3.final_cell_0585-3,human4,beta,0,beta,0.9958066,11.67868,8452,0.3845422863960266
human4_lib3.final_cell_0586-3,human4,alpha,1,alpha,7.824538,-7.482411,8453,0.6356809139251709
human4_lib3.final_cell_0587-3,human4,ductal,3,ductal,18.672071,2.1502895,8454,1.628440022468567
human4_lib3.final_cell_0588-3,human4,alpha,1,alpha,8.72875,-7.261195,8455,0.6955506801605225
human4_lib3.final_cell_0589-3,human4,alpha,1,alpha,9.189436,-8.05342,8456,0.5680366158485413
human4_lib3.final_cell_0590-3,human4,activated_stellate,5,activated_stellate,10.765131,5.115864,8457,1.6277649402618408
human4_lib3.final_cell_0591-3,human4,gamma,6,gamma,-2.5976343,-4.2211404,8458,0.8795655965805054
human4_lib3.final_cell_0592-3,human4,beta,0,beta,2.1548457,10.354056,8459,0.4228962063789367
human4_lib3.final_cell_0593-3,human4,beta,0,beta,1.1663882,11.974573,8460,0.3963096439838409
human4_lib3.final_cell_0594-3,human4,ductal,3,ductal,18.87506,2.1839721,8461,1.6458293199539185
human4_lib3.final_cell_0595-3,human4,ductal,2,acinar,18.135036,12.475769,8462,1.1898988485336304
human4_lib3.final_cell_0596-3,human4,alpha,1,alpha,8.511301,-5.4151173,8463,0.6984887719154358
human4_lib3.final_cell_0597-3,human4,beta,0,beta,0.3740299,8.58298,8464,1.194427490234375
human4_lib3.final_cell_0598-3,human4,alpha,1,alpha,6.540413,-4.943426,8465,0.802649199962616
human4_lib3.final_cell_0599-3,human4,delta,6,gamma,-2.2260768,-4.041351,8466,2.1906988620758057
human4_lib3.final_cell_0600-3,human4,activated_stellate,5,activated_stellate,10.82751,5.152129,8467,1.6394572257995603
human4_lib3.final_cell_0601-3,human4,beta,0,beta,1.2723027,11.106299,8468,0.3845422863960266
human4_lib3.final_cell_0602-3,human4,ductal,3,ductal,18.228,2.0859466,8469,1.4363601207733154
human4_lib3.final_cell_0603-3,human4,alpha,1,alpha,9.479835,-6.6923604,8470,1.0743494033813477
human4_lib3.final_cell_0604-3,human4,endothelial,7,endothelial,9.772284,12.4277115,8471,2.7398488521575928
human4_lib3.final_cell_0605-3,human4,beta,0,beta,-0.5122076,8.245244,8472,0.6659041047096252
human4_lib3.final_cell_0606-3,human4,beta,0,beta,0.44594464,12.995401,8473,0.5328121185302734
human4_lib3.final_cell_0607-3,human4,ductal,2,acinar,15.206545,5.8499327,8474,1.7173376083374023
human4_lib3.final_cell_0608-3,human4,alpha,1,alpha,8.934494,-6.1524034,8475,0.8948621153831482
human4_lib3.final_cell_0609-3,human4,beta,0,beta,-0.039884545,12.365734,8476,0.4210172295570373
human4_lib3.final_cell_0610-3,human4,beta,0,beta,-1.1838253,10.711343,8477,0.4658877253532409
human4_lib3.final_cell_0611-3,human4,ductal,2,acinar,17.990421,12.009686,8478,1.4672950506210327
human4_lib3.final_cell_0612-3,human4,beta,0,beta,0.6311962,8.079306,8479,1.6248992681503296
human4_lib3.final_cell_0613-3,human4,ductal,3,ductal,18.396114,0.96463674,8480,1.3385893106460571
human4_lib3.final_cell_0614-3,human4,alpha,1,alpha,9.558726,-5.6831217,8481,0.5731195211410522
human4_lib3.final_cell_0615-3,human4,alpha,1,alpha,10.152264,-8.217386,8482,0.6738211512565613
human4_lib3.final_cell_0616-3,human4,alpha,1,alpha,6.5877633,-5.841926,8483,0.8034402132034302
human4_lib3.final_cell_0617-3,human4,gamma,6,gamma,-2.4290266,-3.7325633,8484,1.3744913339614868
human4_lib3.final_cell_0618-3,human4,beta,0,beta,-0.9108997,11.628669,8485,0.4977914094924927
human4_lib3.final_cell_0619-3,human4,beta,0,beta,-1.1411757,11.941023,8486,0.7507911324501038
human4_lib3.final_cell_0620-3,human4,alpha,1,alpha,7.0272818,-6.235984,8487,0.8708750605583191
human4_lib3.final_cell_0621-3,human4,beta,0,beta,-0.8109632,9.03351,8488,0.4798967242240906
human4_lib3.final_cell_0622-3,human4,gamma,6,gamma,-3.022704,-3.6956549,8489,0.9431242346763612
human4_lib3.final_cell_0623-3,human4,beta,0,beta,-0.96743643,11.842412,8490,0.3845422863960266
human4_lib3.final_cell_0624-3,human4,beta,0,beta,1.1137829,8.795662,8491,0.4885627925395965
human4_lib3.final_cell_0625-3,human4,beta,0,beta,-1.1345497,10.584253,8492,0.6726117134094238
human4_lib3.final_cell_0626-3,human4,beta,0,beta,-0.9931776,9.481023,8493,1.6921658515930176
human4_lib3.final_cell_0627-3,human4,beta,0,beta,-0.6218678,8.35196,8494,0.989758312702179
human4_lib3.final_cell_0628-3,human4,ductal,3,ductal,17.68387,2.8592005,8495,2.0778110027313232
human4_lib3.final_cell_0629-3,human4,alpha,1,alpha,8.92916,-7.908538,8496,0.7001296281814575
human4_lib3.final_cell_0630-3,human4,beta,0,beta,0.34043702,11.68245,8497,0.4501646161079407
human4_lib3.final_cell_0631-3,human4,beta,0,beta,-0.108730994,12.992888,8498,0.3923431634902954
human4_lib3.final_cell_0632-3,human4,beta,0,beta,1.2071966,11.316917,8499,0.3845422863960266
human4_lib3.final_cell_0633-3,human4,beta,0,beta,1.2171179,9.208155,8500,0.6375932097434998
human4_lib3.final_cell_0634-3,human4,beta,0,beta,-0.37323472,7.9362044,8501,0.9744778275489808
human4_lib3.final_cell_0635-3,human4,alpha,1,alpha,9.041112,-6.585866,8502,0.7817938327789307
human4_lib3.final_cell_0636-3,human4,beta,0,beta,1.514802,9.603429,8503,1.4671834707260132
human4_lib3.final_cell_0637-3,human4,gamma,6,gamma,-2.926628,-3.541604,8504,1.1905760765075684
human4_lib3.final_cell_0638-3,human4,beta,0,beta,-0.79724085,7.229699,8505,0.6169127225875854
human4_lib3.final_cell_0639-3,human4,ductal,2,acinar,18.281197,12.535403,8506,1.110836625099182
human4_lib3.final_cell_0640-3,human4,alpha,1,alpha,7.288961,-7.1036963,8507,0.8432357311248779
human4_lib3.final_cell_0641-3,human4,alpha,1,alpha,8.226391,-5.2496033,8508,0.5971364378929138
human4_lib3.final_cell_0642-3,human4,ductal,3,ductal,18.107107,2.6168191,8509,1.5972716808319092
human4_lib3.final_cell_0643-3,human4,gamma,6,gamma,-3.0260956,-4.0986867,8510,0.9025352001190186
human4_lib3.final_cell_0644-3,human4,activated_stellate,5,activated_stellate,11.034385,5.5095706,8511,1.7617594003677368
human4_lib3.final_cell_0645-3,human4,alpha,1,alpha,10.007335,-7.8505917,8512,0.7340622544288635
human4_lib3.final_cell_0646-3,human4,alpha,1,alpha,7.5692267,-6.749728,8513,0.6745162606239319
human4_lib3.final_cell_0647-3,human4,alpha,1,alpha,7.6421266,-7.548657,8514,0.4762208759784698
human4_lib3.final_cell_0648-3,human4,alpha,1,alpha,8.157214,-5.2939734,8515,0.8409323692321777
human4_lib3.final_cell_0649-3,human4,alpha,1,alpha,6.3194456,-4.3737726,8516,0.8046705722808838
human4_lib3.final_cell_0650-3,human4,ductal,3,ductal,18.140104,2.4120948,8517,2.005129814147949
human4_lib3.final_cell_0651-3,human4,beta,0,beta,1.1129526,8.953548,8518,0.4907721877098083
human4_lib3.final_cell_0652-3,human4,alpha,1,alpha,9.031166,-5.4381585,8519,1.2854487895965576
human4_lib3.final_cell_0653-3,human4,beta,0,beta,-0.9018203,10.307596,8520,1.5014617443084717
human4_lib3.final_cell_0654-3,human4,activated_stellate,5,activated_stellate,12.063076,4.8153086,8521,1.7448198795318604
human4_lib3.final_cell_0655-3,human4,delta,4,delta,-2.8131974,2.83608,8522,1.0409497022628784
human4_lib3.final_cell_0656-3,human4,ductal,3,ductal,18.287062,1.5875144,8523,3.011296510696411
human4_lib3.final_cell_0657-3,human4,beta,0,beta,-0.16683555,11.8176565,8524,0.5197720527648926
human4_lib3.final_cell_0658-3,human4,alpha,1,alpha,9.738288,-7.5815964,8525,0.74948650598526
human4_lib3.final_cell_0659-3,human4,gamma,6,gamma,-2.5215878,-4.1073546,8526,1.0347691774368286
human4_lib3.final_cell_0660-3,human4,alpha,1,alpha,7.6566405,-4.93483,8527,0.7967540621757507
human4_lib3.final_cell_0661-3,human4,beta,0,beta,-0.89476883,11.74107,8528,0.4142141938209533
human4_lib3.final_cell_0662-3,human4,mast,8,macrophage,15.586252,1.2191795,8529,3.477288007736206
human4_lib3.final_cell_0663-3,human4,beta,0,beta,0.098975666,12.095741,8530,0.4117844700813293
human4_lib3.final_cell_0664-3,human4,ductal,3,ductal,18.473665,1.804512,8531,2.240983009338379
human4_lib3.final_cell_0665-3,human4,beta,0,beta,-1.1136523,11.82312,8532,0.4381546378135681
human4_lib3.final_cell_0666-3,human4,ductal,3,ductal,18.14079,2.3491414,8533,1.7999943494796753
human4_lib3.final_cell_0667-3,human4,beta,0,beta,-0.36038074,10.589734,8534,0.3908054530620575
human4_lib3.final_cell_0668-3,human4,beta,4,delta,-2.208383,4.636936,8535,0.8284693360328674
human4_lib3.final_cell_0669-3,human4,beta,0,beta,0.84508663,11.913562,8536,0.3845422863960266
human4_lib3.final_cell_0670-3,human4,schwann,5,activated_stellate,11.624961,4.918311,8537,2.386687994003296
human4_lib3.final_cell_0671-3,human4,alpha,1,alpha,8.947638,-8.509754,8538,0.7955640554428101
human4_lib3.final_cell_0672-3,human4,ductal,3,ductal,18.80562,2.2082744,8539,3.588205099105835
human4_lib3.final_cell_0673-3,human4,beta,0,beta,0.587817,7.7488194,8540,1.229872465133667
human4_lib3.final_cell_0674-3,human4,beta,0,beta,0.5544067,11.610157,8541,0.3845422863960266
human4_lib3.final_cell_0675-3,human4,beta,0,beta,-0.5479303,9.567781,8542,0.746691107749939
human4_lib3.final_cell_0676-3,human4,ductal,3,ductal,18.519924,1.2295092,8543,1.3979421854019165
human4_lib3.final_cell_0677-3,human4,ductal,2,acinar,17.866796,11.86325,8544,1.3258075714111328
human4_lib3.final_cell_0678-3,human4,beta,0,beta,-0.98577255,10.564417,8545,0.3866035342216491
human4_lib3.final_cell_0679-3,human4,ductal,3,ductal,18.217442,2.4392211,8546,1.9420970678329468
human4_lib3.final_cell_0680-3,human4,delta,4,delta,-3.5486386,2.6645029,8547,0.4201461374759674
human4_lib3.final_cell_0681-3,human4,alpha,1,alpha,9.031073,-6.3130374,8548,0.8935977816581726
human4_lib3.final_cell_0682-3,human4,alpha,1,alpha,6.8395305,-6.446388,8549,0.7252861857414246
human4_lib3.final_cell_0683-3,human4,quiescent_stellate,5,activated_stellate,11.307581,4.475587,8550,1.1358473300933838
human4_lib3.final_cell_0684-3,human4,beta,0,beta,-0.18690524,10.705255,8551,0.4554419219493866
human4_lib3.final_cell_0685-3,human4,beta,0,beta,-0.8830033,10.774094,8552,0.9107570052146912
human4_lib3.final_cell_0686-3,human4,activated_stellate,5,activated_stellate,11.131478,5.597526,8553,1.7883729934692385
human4_lib3.final_cell_0687-3,human4,beta,0,beta,1.2674816,9.4251585,8554,0.4381724596023559
human4_lib3.final_cell_0688-3,human4,beta,0,beta,1.2152066,8.835446,8555,1.0909322500228882
human4_lib3.final_cell_0689-3,human4,alpha,1,alpha,8.629028,-7.071575,8556,0.7747387886047363
human4_lib3.final_cell_0690-3,human4,beta,0,beta,-0.99390584,12.041114,8557,0.3845422863960266
human4_lib3.final_cell_0691-3,human4,beta,0,beta,-1.2519529,11.875762,8558,0.6175540089607239
human4_lib3.final_cell_0692-3,human4,beta,0,beta,-1.089871,10.421196,8559,1.315216064453125
human4_lib3.final_cell_0693-3,human4,beta,0,beta,1.3667886,12.887611,8560,0.6015198826789856
human4_lib3.final_cell_0694-3,human4,alpha,1,alpha,9.148312,-6.872027,8561,0.659683108329773
human4_lib3.final_cell_0695-3,human4,beta,0,beta,-1.0564986,11.186977,8562,0.607014000415802
human4_lib3.final_cell_0696-3,human4,beta,0,beta,-0.20618865,12.710666,8563,0.4102862477302551
human4_lib3.final_cell_0697-3,human4,activated_stellate,5,activated_stellate,10.778883,5.0456066,8564,1.7734302282333374
human4_lib3.final_cell_0698-3,human4,alpha,1,alpha,8.791446,-5.380236,8565,0.5211865901947021
human4_lib3.final_cell_0699-3,human4,beta,0,beta,-0.0601758,11.833073,8566,0.4098793268203735
human4_lib3.final_cell_0700-3,human4,beta,0,beta,-0.16475344,12.650206,8567,0.4457202553749084
human4_lib3.final_cell_0701-3,human4,ductal,2,acinar,17.740639,11.449277,8568,1.1349706649780271
