predicted_label,true_label,batch,aligned_predicted_label,umap_1,umap_2,cell_index,scraw_reconstruction_weight
4,acinar,human1,acinar,6.5650024,-7.913211,0,0.9714178442955016
4,acinar,human1,acinar,6.9258695,-8.498624,1,0.928289532661438
4,acinar,human1,acinar,6.4991064,-9.156503,2,0.8360571265220642
4,acinar,human1,acinar,6.585318,-7.989082,3,1.3489404916763306
4,acinar,human1,acinar,7.1610093,-7.5366826,4,1.027095079421997
4,acinar,human1,acinar,6.4366865,-8.096345,5,0.9881423711776732
10,beta,human1,beta,-8.7592,4.038684,6,0.4047490358352661
4,acinar,human1,acinar,6.239279,-8.330319,7,0.8613643050193787
4,acinar,human1,acinar,7.126454,-7.631632,8,1.0129859447479248
4,acinar,human1,acinar,6.1928535,-8.351066,9,0.7983218431472778
4,acinar,human1,acinar,6.9316387,-8.912135,10,0.9012791514396667
4,acinar,human1,acinar,6.8000803,-9.513024,11,1.0999648571014404
13,delta,human1,delta,-2.121759,13.42275,12,0.3970616161823272
13,delta,human1,delta,-1.6747578,13.141194,13,0.3845422863960266
10,beta,human1,beta,-8.593667,3.3759398,14,0.7921956777572632
6,activated_stellate,human1,activated_stellate,7.541602,10.816527,15,1.705127477645874
10,beta,human1,beta,-6.9489956,3.5448387,16,0.4789070785045624
4,acinar,human1,acinar,7.4534545,-8.583814,17,0.9628588557243348
2,ductal,human1,schwann,15.968912,-4.853297,18,1.6165125370025637
10,beta,human1,beta,-7.334085,3.938199,19,0.9652663469314576
10,beta,human1,beta,-8.9914875,2.9546077,20,0.4429643750190735
11,alpha,human1,alpha,5.151073,2.2515538,21,0.6101475954055786
7,ductal,human1,epsilon,-2.4250994,-9.770137,22,1.4703165292739868
10,beta,human1,beta,-9.919719,3.7774203,23,0.3858529031276703
13,delta,human1,delta,-1.6850708,13.303226,24,0.4819028377532959
3,alpha,human1,mast,12.503334,15.773545,25,0.6580755114555359
10,beta,human1,beta,-7.568267,4.4516473,26,0.3845422863960266
4,acinar,human1,acinar,7.275922,-8.017979,27,0.9920681715011596
4,acinar,human1,acinar,7.326165,-9.007636,28,1.3900232315063477
10,beta,human1,beta,-9.026674,4.1065893,29,0.3845422863960266
13,delta,human1,delta,-1.5384012,12.805991,30,0.7155451774597168
13,delta,human1,delta,-2.251386,13.279668,31,0.4858134686946869
13,delta,human1,delta,-2.073755,13.262487,32,0.3845422863960266
13,delta,human1,delta,-1.731145,13.088348,33,0.3990702331066131
10,beta,human1,beta,-8.391672,4.5271745,34,0.4871121644973755
4,acinar,human1,acinar,6.2294383,-8.641938,35,1.1412845849990845
10,beta,human1,beta,-8.284319,4.1986847,36,0.3845422863960266
10,beta,human1,beta,-7.455388,3.7398424,37,0.5771340131759644
10,beta,human1,beta,-7.0348396,4.001998,38,0.8009699583053589
13,delta,human1,delta,-1.3673788,12.534618,39,0.4980095326900482
6,activated_stellate,human1,activated_stellate,7.5572233,10.2888975,40,1.6621499061584473
10,beta,human1,beta,-10.771324,3.5705545,41,0.3845422863960266
13,delta,human1,delta,-1.9926553,12.930943,42,0.3845422863960266
6,activated_stellate,human1,activated_stellate,7.5480137,10.777177,43,1.4609625339508057
6,activated_stellate,human1,activated_stellate,7.592898,10.507594,44,1.8185222148895264
6,activated_stellate,human1,activated_stellate,7.584964,10.454598,45,1.5784080028533936
4,acinar,human1,acinar,7.140916,-7.997855,46,0.8718141913414001
6,activated_stellate,human1,activated_stellate,7.822479,10.111706,47,1.5304367542266846
13,delta,human1,delta,-1.7196097,13.563649,48,0.3845422863960266
10,beta,human1,beta,-10.491477,3.2535017,49,0.3845422863960266
13,delta,human1,delta,-1.997656,13.030355,50,0.5391892194747925
10,beta,human1,beta,-7.951038,3.8294756,51,0.3845422863960266
4,acinar,human1,acinar,6.411781,-9.022759,52,1.1300190687179563
10,beta,human1,beta,-10.794809,4.4197392,53,0.7863317728042603
10,beta,human1,beta,-6.942221,4.1930113,54,0.4426243901252746
6,activated_stellate,human1,activated_stellate,7.789018,10.029089,55,1.6052457094192505
10,beta,human1,beta,-8.983959,5.015767,56,0.5069729685783386
10,beta,human1,beta,-9.321856,4.978764,57,0.5321881175041199
10,beta,human1,beta,-8.26618,2.9167202,58,0.5167956352233887
10,beta,human1,beta,-8.756759,2.6287353,59,0.7202191948890686
12,ductal,human1,ductal,14.540449,5.991959,60,1.5663597583770752
11,alpha,human1,alpha,5.6330004,2.1491642,61,0.5789958238601685
10,beta,human1,beta,-8.985273,3.5126374,62,0.6442668437957764
12,ductal,human1,ductal,14.166634,5.3795094,63,2.0497941970825195
7,ductal,human1,epsilon,-2.4782403,-9.738955,64,2.240983009338379
4,acinar,human1,acinar,6.439439,-9.12811,65,0.873452365398407
11,alpha,human1,alpha,3.8540397,2.645354,66,0.6518683433532715
10,beta,human1,beta,-7.842349,3.7117987,67,0.4093794226646423
13,delta,human1,delta,-1.9279044,12.635509,68,0.4079460203647613
11,alpha,human1,alpha,4.785141,3.0906482,69,0.6481142640113831
10,beta,human1,beta,-9.114494,5.124311,70,0.6689666509628296
10,beta,human1,beta,-9.237124,4.7131295,71,0.729046642780304
10,beta,human1,beta,-8.268352,3.5558484,72,0.6453590989112854
13,delta,human1,delta,-1.8093762,12.745985,73,1.303847312927246
10,beta,human1,beta,-8.481265,2.80128,74,0.4638182520866394
10,beta,human1,beta,-8.644895,3.855672,75,0.5545840859413147
13,delta,human1,delta,-1.8986536,13.059022,76,1.0310416221618652
10,beta,human1,beta,-8.713282,3.538021,77,0.6979889869689941
10,beta,human1,beta,-8.1535015,3.94981,78,0.3845422863960266
10,beta,human1,beta,-9.185262,3.9306328,79,0.5439367890357971
10,beta,human1,beta,-10.505528,4.1032925,80,0.4431606829166412
10,beta,human1,beta,-7.5179596,4.290535,81,0.3845422863960266
10,beta,human1,beta,-9.858635,3.710029,82,0.4170623123645782
4,acinar,human1,acinar,6.8349524,-9.46473,83,0.9347803592681884
6,activated_stellate,human1,activated_stellate,7.542951,10.863453,84,1.596125602722168
13,delta,human1,delta,-2.0766017,13.56137,85,0.4145906865596771
13,delta,human1,delta,-2.1498666,13.5369425,86,0.3981080949306488
10,beta,human1,beta,-10.789509,3.9850624,87,0.4240047335624695
10,beta,human1,beta,-9.001966,3.4380417,88,0.5754522681236267
10,beta,human1,beta,-8.92611,3.8595474,89,0.4928096830844879
10,beta,human1,beta,-8.069388,2.7444417,90,0.4730621874332428
10,beta,human1,beta,-8.714975,3.254485,91,0.3845422863960266
10,beta,human1,beta,-8.834422,3.7672026,92,0.5651965141296387
10,beta,human1,beta,-8.311946,3.183118,93,0.462486207485199
10,beta,human1,beta,-7.6505065,3.5728385,94,0.7018015384674072
10,beta,human1,beta,-9.76604,3.0531735,95,0.7773785591125488
10,beta,human1,beta,-8.655441,3.165926,96,0.5621834993362427
13,delta,human1,delta,-1.4736886,13.331856,97,0.550608217716217
13,delta,human1,delta,-1.9821099,13.516724,98,0.6373005509376526
10,beta,human1,beta,-10.390652,3.5146751,99,0.3845422863960266
13,delta,human1,delta,-1.4842342,13.561612,100,0.592452883720398
11,alpha,human1,alpha,4.3683867,2.6616056,101,0.8755214214324951
11,alpha,human1,alpha,4.773732,3.3946323,102,0.8885367512702942
13,delta,human1,delta,-1.3625878,13.248467,103,0.3845422863960266
10,beta,human1,beta,-7.9228425,3.858172,104,0.435200572013855
10,beta,human1,beta,-9.127425,4.257581,105,0.3933337032794952
10,beta,human1,beta,-9.173263,4.134145,106,1.300873041152954
10,beta,human1,beta,-7.5526705,3.0794652,107,0.3908323645591736
4,acinar,human1,acinar,6.6705666,-8.842069,108,1.0562007427215576
13,delta,human1,delta,-1.6399813,13.937378,109,0.6393961906433105
10,beta,human1,beta,-7.1226153,3.7645197,110,0.6588385105133057
10,beta,human1,beta,-8.510248,4.662914,111,0.74482262134552
13,delta,human1,delta,-1.7417511,13.055793,112,0.4239105880260467
10,beta,human1,beta,-10.660937,3.3198245,113,0.5978574752807617
10,beta,human1,beta,-9.778024,4.29378,114,0.5923497676849365
10,beta,human1,beta,-7.178562,3.5058606,115,0.3845422863960266
13,delta,human1,delta,-2.0813174,13.047176,116,0.4984748363494873
10,beta,human1,beta,-9.843718,4.216028,117,0.3902829587459564
13,delta,human1,delta,-1.3910028,13.729376,118,0.4192501604557037
10,beta,human1,beta,-9.099544,3.3896806,119,0.3845422863960266
10,beta,human1,beta,-10.393091,3.6696193,120,0.7590821385383606
10,beta,human1,beta,-8.407436,4.210425,121,0.5008149147033691
13,epsilon,human1,delta,-1.4282674,12.78437,122,0.3845422863960266
10,beta,human1,beta,-7.0175753,3.5162427,123,0.424099862575531
10,beta,human1,beta,-9.046712,4.3857,124,0.5822436809539795
10,beta,human1,beta,-9.427872,4.930463,125,0.408204048871994
13,delta,human1,delta,-1.7501564,12.4678135,126,1.35442316532135
10,beta,human1,beta,-10.035271,5.0430784,127,0.8909814953804016
13,delta,human1,delta,-1.8293958,14.021141,128,0.3845422863960266
10,beta,human1,beta,-10.091573,4.025022,129,0.3920319974422455
11,alpha,human1,alpha,5.4295387,2.2850354,130,0.6216465830802917
11,alpha,human1,alpha,5.012553,3.174257,131,1.7073959112167358
10,beta,human1,beta,-9.588556,4.008602,132,0.4858000576496124
4,acinar,human1,acinar,7.1235623,-7.6927423,133,0.8629787564277649
11,alpha,human1,alpha,5.0262027,3.1027205,134,0.8155232071876526
10,beta,human1,beta,-8.751253,3.302086,135,0.4148635864257812
10,beta,human1,beta,-10.55065,3.2939374,136,0.3845422863960266
11,alpha,human1,alpha,5.020574,2.5311983,137,0.7948704957962036
10,beta,human1,beta,-9.588653,3.25669,138,0.4818576574325561
13,delta,human1,delta,-1.8820823,12.9250145,139,0.4653327167034149
10,beta,human1,beta,-8.889597,3.917148,140,0.5697650909423828
10,beta,human1,beta,-8.074968,4.681434,141,0.4424916207790375
10,beta,human1,beta,-8.490476,4.107503,142,0.407447874546051
10,beta,human1,beta,-7.442449,3.3832402,143,0.8867955207824707
10,beta,human1,beta,-7.3829694,3.9034288,144,0.4510129988193512
13,delta,human1,delta,-1.8610585,12.746818,145,0.4935744702816009
10,beta,human1,beta,-9.895669,4.823934,146,0.5617421865463257
12,ductal,human1,ductal,14.254686,5.7614346,147,1.5690079927444458
2,ductal,human1,schwann,16.189575,-4.767031,148,1.9371027946472168
10,beta,human1,beta,-8.6863575,3.6420364,149,0.4320563077926636
10,beta,human1,beta,-7.0825014,3.3582184,150,0.6547221541404724
10,beta,human1,beta,-10.093162,3.441245,151,0.3889367878437042
10,beta,human1,beta,-9.250753,3.0399172,152,0.5916877388954163
13,delta,human1,delta,-1.5612793,12.437124,153,0.4446896612644195
10,beta,human1,beta,-6.853099,3.872098,154,0.5883980393409729
6,activated_stellate,human1,activated_stellate,7.521747,10.8316765,155,1.5186917781829834
10,beta,human1,beta,-9.067441,2.756063,156,0.3845422863960266
10,beta,human1,beta,-8.909462,4.0447235,157,0.5961948037147522
11,alpha,human1,alpha,4.3455033,2.711705,158,1.2158453464508057
10,beta,human1,beta,-8.573192,4.9592724,159,0.5671037435531616
11,alpha,human1,alpha,4.1681337,2.8019607,160,0.8094048500061035
10,beta,human1,beta,-8.233404,4.952404,161,0.5602282881736755
1,gamma,human1,gamma,-0.9263515,20.200815,162,0.7809768319129944
10,beta,human1,beta,-9.1381035,2.9679751,163,0.425191730260849
10,beta,human1,beta,-7.837325,3.9164684,164,0.7169312834739685
10,beta,human1,beta,-7.7876616,3.2144651,165,0.8467071652412415
10,beta,human1,beta,-8.186696,3.4798822,166,0.8516775965690613
10,beta,human1,beta,-8.976481,5.0806246,167,0.409286618232727
10,beta,human1,beta,-9.811392,5.114696,168,0.3845422863960266
10,beta,human1,beta,-8.935878,2.4922738,169,0.4697534143924713
4,acinar,human1,acinar,6.89366,-9.005482,170,0.898522675037384
10,beta,human1,beta,-8.865419,3.6886063,171,0.6354389190673828
4,acinar,human1,acinar,6.184365,-8.575169,172,1.0056589841842651
10,beta,human1,beta,-8.630673,3.0008469,173,0.3845422863960266
10,beta,human1,beta,-7.7492547,3.3221784,174,0.6986459493637085
10,beta,human1,beta,-7.9161,4.20067,175,0.3909854590892792
4,acinar,human1,acinar,6.4396944,-8.662043,176,0.9423798322677612
13,delta,human1,delta,-1.614189,13.929036,177,0.4060499370098114
10,beta,human1,beta,-8.319044,3.7511034,178,0.3845422863960266
13,delta,human1,delta,-1.9629165,13.757281,179,0.5030432343482971
10,beta,human1,beta,-7.8220453,3.1244361,180,0.3845422863960266
4,acinar,human1,acinar,6.919087,-9.260904,181,1.0525745153427124
11,alpha,human1,alpha,4.553939,3.1555243,182,0.714181661605835
10,beta,human1,beta,-9.107535,3.8231695,183,0.3845422863960266
11,alpha,human1,alpha,5.33455,3.1410804,184,1.0300532579421997
10,beta,human1,beta,-10.739477,4.4189687,185,0.3968111276626587
11,alpha,human1,alpha,5.341217,2.9433548,186,0.5521148443222046
11,endothelial,human1,alpha,5.800915,2.4388678,187,2.838065385818481
10,beta,human1,beta,-9.527274,4.186922,188,0.5207990407943726
10,beta,human1,beta,-11.015505,4.115067,189,0.3845422863960266
3,alpha,human1,mast,12.493808,16.418669,190,1.0820640325546265
13,delta,human1,delta,-1.3085374,13.21795,191,0.6771794557571411
10,beta,human1,beta,-7.765388,4.7016664,192,0.6300177574157715
10,beta,human1,beta,-8.196911,3.709268,193,0.6379033327102661
13,delta,human1,delta,-1.843735,13.881579,194,0.3845422863960266
10,beta,human1,beta,-8.590808,4.055142,195,0.3845422863960266
1,gamma,human1,gamma,-0.7489405,20.310223,196,1.304895281791687
11,alpha,human1,alpha,4.427246,3.1206841,197,1.003908634185791
10,beta,human1,beta,-8.922878,2.9293013,198,0.3845422863960266
10,beta,human1,beta,-7.5747385,3.9389222,199,0.4322963654994964
13,delta,human1,delta,-1.296801,13.086774,200,0.3845422863960266
11,alpha,human1,alpha,4.368267,2.1438835,201,0.7844308018684387
12,ductal,human1,ductal,14.125556,6.4635587,202,1.6050320863723757
10,beta,human1,beta,-8.936948,2.5222602,203,0.3910268247127533
11,alpha,human1,alpha,4.440446,2.0413957,204,1.02877938747406
10,beta,human1,beta,-10.675598,4.126808,205,0.5216475129127502
12,ductal,human1,ductal,13.965532,5.8908305,206,1.8293495178222656
11,alpha,human1,alpha,4.5028534,2.483786,207,0.9336262345314026
12,ductal,human1,ductal,14.209317,6.2111683,208,1.7711597681045532
10,beta,human1,beta,-8.5948515,3.9172437,209,0.3896979987621307
10,beta,human1,beta,-8.882154,4.9222574,210,0.3845422863960266
11,alpha,human1,alpha,4.64717,2.7744682,211,0.5659632682800293
10,beta,human1,beta,-8.84955,4.3139763,212,0.3845422863960266
10,beta,human1,beta,-8.994701,3.0860586,213,0.4194126427173614
5,quiescent_stellate,human1,quiescent_stellate,4.6840167,16.31532,214,2.2492825984954834
12,ductal,human1,ductal,14.218294,6.3430424,215,1.48355233669281
2,ductal,human1,schwann,16.57093,-4.4797745,216,3.588205099105835
5,endothelial,human1,quiescent_stellate,4.470652,16.42977,217,2.838065385818481
6,activated_stellate,human1,activated_stellate,7.6123657,10.283895,218,1.7809360027313232
10,beta,human1,beta,-7.8017893,4.304259,219,0.3845422863960266
13,delta,human1,delta,-1.5817049,12.829504,220,0.4618060290813446
1,gamma,human1,gamma,-0.7125598,20.0816,221,0.8226739168167114
10,beta,human1,beta,-8.944181,3.2355118,222,0.5557919144630432
10,beta,human1,beta,-8.645366,3.813408,223,0.5329344272613525
10,beta,human1,beta,-8.927618,3.0775769,224,0.3845422863960266
3,alpha,human1,mast,12.898825,16.21611,225,0.5953617095947266
10,beta,human1,beta,-10.038397,5.1043053,226,0.3845422863960266
10,beta,human1,beta,-8.310239,4.532145,227,0.4022493362426758
13,delta,human1,delta,-2.061928,13.006729,228,0.3972583711147308
2,ductal,human1,schwann,15.981137,-4.414534,229,1.2376415729522705
10,beta,human1,beta,-8.90746,4.262952,230,0.390080451965332
13,delta,human1,delta,-1.7178357,12.694045,231,0.4830269515514374
13,delta,human1,delta,-1.22057,12.774934,232,0.3852284252643585
10,beta,human1,beta,-9.891957,4.67036,233,0.3845422863960266
13,delta,human1,delta,-2.0983653,13.78886,234,0.4386638700962066
10,beta,human1,beta,-8.854708,4.068151,235,0.786175549030304
6,activated_stellate,human1,activated_stellate,7.5895143,10.166801,236,1.5952787399291992
10,beta,human1,beta,-10.58878,4.5728426,237,0.5101945996284485
10,beta,human1,beta,-8.830068,4.9150515,238,0.4906901717185974
13,delta,human1,delta,-1.3555789,13.24622,239,0.6624685525894165
10,beta,human1,beta,-10.410959,3.4104908,240,0.3926319479942322
5,quiescent_stellate,human1,quiescent_stellate,5.140048,16.12872,241,1.3759256601333618
10,beta,human1,beta,-11.096602,4.0025353,242,0.4467755258083343
4,acinar,human1,acinar,6.5800495,-7.1677346,243,0.8854354619979858
11,alpha,human1,alpha,3.9387941,3.1631167,244,0.5255076885223389
13,delta,human1,delta,-1.6663061,12.773495,245,0.4642984569072723
10,beta,human1,beta,-7.0022383,4.2844634,246,0.3845422863960266
11,alpha,human1,alpha,4.38279,3.3925307,247,0.6606749892234802
10,beta,human1,beta,-10.318401,4.333599,248,0.4383094310760498
8,endothelial,human1,endothelial,19.727425,1.3848746,249,2.0386803150177
13,delta,human1,delta,-1.5058191,13.531338,250,0.415979653596878
13,delta,human1,delta,-1.7156208,12.621641,251,0.4006436765193939
10,beta,human1,beta,-9.992422,3.4821804,252,0.7998719215393066
10,beta,human1,beta,-10.669969,4.3097553,253,0.7623277306556702
13,delta,human1,delta,-1.380575,13.750689,254,0.400072693824768
1,gamma,human1,gamma,-0.5127811,20.372087,255,0.8499522805213928
11,alpha,human1,alpha,4.7969227,2.2496052,256,0.7690149545669556
10,beta,human1,beta,-7.600587,3.0646555,257,0.6611620187759399
10,beta,human1,beta,-8.822866,3.5991461,258,0.4915828704833984
10,beta,human1,beta,-8.271848,4.628259,259,0.4346998929977417
2,ductal,human1,schwann,16.668419,-4.4153643,260,2.094947338104248
13,delta,human1,delta,-1.1958553,13.392044,261,0.385492742061615
11,alpha,human1,alpha,4.484494,2.9428163,262,1.0338224172592163
10,beta,human1,beta,-9.138769,4.687332,263,0.399796724319458
1,gamma,human1,gamma,-0.53408116,20.382887,264,1.1184206008911133
10,beta,human1,beta,-8.086363,4.3099976,265,0.4208481013774872
10,beta,human1,beta,-10.735043,3.5127013,266,0.3934299349784851
10,beta,human1,beta,-10.510432,4.764752,267,0.6412972807884216
5,quiescent_stellate,human1,quiescent_stellate,4.8407745,16.292318,268,1.6389003992080688
11,alpha,human1,alpha,5.0799785,2.9998841,269,0.7395679354667664
13,delta,human1,delta,-1.5188464,13.460417,270,0.4448172450065613
11,alpha,human1,alpha,5.3949733,3.1508374,271,0.6722296476364136
8,endothelial,human1,endothelial,20.005194,1.0307995,272,2.5548081398010254
11,alpha,human1,alpha,4.897268,2.0637815,273,0.8186652064323425
13,delta,human1,delta,-1.1699679,13.508982,274,0.4726011753082275
10,beta,human1,beta,-9.774077,3.0075064,275,0.4028768241405487
1,gamma,human1,gamma,-0.83482504,20.247702,276,0.8448987603187561
12,ductal,human1,ductal,14.121046,5.480665,277,1.5138927698135376
11,alpha,human1,alpha,5.120784,2.557677,278,0.6854860186576843
11,alpha,human1,alpha,5.4590816,2.7824001,279,1.64440655708313
13,delta,human1,delta,-1.2529868,13.031576,280,0.4196079969406128
10,beta,human1,beta,-8.767755,3.011176,281,0.4750972986221313
10,beta,human1,beta,-7.241406,4.384401,282,0.3881755471229553
2,ductal,human1,schwann,16.26182,-4.4286556,283,1.450484275817871
11,alpha,human1,alpha,5.081093,3.0214214,284,0.5352808237075806
10,beta,human1,beta,-9.770715,3.470755,285,0.5372379422187805
13,delta,human1,delta,-1.7365321,12.864336,286,0.7858168482780457
9,macrophage,human1,macrophage,11.47385,0.2489173,287,2.311654806137085
8,endothelial,human1,endothelial,20.054655,0.9619114,288,2.838065385818481
10,beta,human1,beta,-7.464978,4.7059507,289,0.4517211019992828
10,beta,human1,beta,-8.377072,4.125421,290,0.3845422863960266
10,beta,human1,beta,-10.700302,4.591408,291,0.5601277351379395
10,beta,human1,beta,-10.140312,4.2137003,292,0.5599321722984314
10,beta,human1,beta,-7.4707136,4.116094,293,0.3845422863960266
10,beta,human1,beta,-8.464374,3.5232112,294,0.3845422863960266
10,beta,human1,beta,-7.251523,3.750399,295,0.3845422863960266
10,beta,human1,beta,-8.9445095,4.1342607,296,0.4642863571643829
10,beta,human1,beta,-9.426965,5.390466,297,0.5003435611724854
10,beta,human1,beta,-8.474054,3.587501,298,0.6096532344818115
10,beta,human1,beta,-7.98942,3.111892,299,0.5990949273109436
1,gamma,human1,gamma,-0.8411345,20.2963,300,0.8690796494483948
8,endothelial,human1,endothelial,20.2869,0.6731109,301,2.764203786849976
10,beta,human1,beta,-8.672601,3.8183043,302,0.4025837182998657
10,beta,human1,beta,-9.018006,4.8350425,303,0.6322447657585144
10,beta,human1,beta,-9.336805,3.8570294,304,0.6607816815376282
13,delta,human1,delta,-1.9007181,13.994649,305,0.3868978321552276
10,beta,human1,beta,-10.344006,4.282431,306,0.3911658823490143
1,gamma,human1,gamma,-0.62085736,20.118952,307,0.7231968641281128
1,epsilon,human1,gamma,-0.74542564,20.136251,308,1.471419334411621
13,delta,human1,delta,-1.8024677,13.338219,309,0.4075567722320556
10,beta,human1,beta,-9.419631,3.9104476,310,0.534327507019043
10,beta,human1,beta,-9.250755,3.460182,311,0.3960795104503631
1,gamma,human1,gamma,-0.5778616,20.139488,312,1.287380576133728
10,beta,human1,beta,-9.82642,3.4942372,313,0.5447197556495667
1,beta,human1,gamma,-0.7459858,20.241436,314,2.0213348865509038
10,beta,human1,beta,-10.409921,4.3219037,315,0.6458925604820251
10,beta,human1,beta,-10.253184,3.3996851,316,0.3845422863960266
10,beta,human1,beta,-8.648748,3.5139942,317,0.4484065175056457
8,endothelial,human1,endothelial,19.478722,1.7215934,318,2.018383502960205
10,beta,human1,beta,-10.442273,4.283073,319,0.3845422863960266
13,delta,human1,delta,-2.166299,12.730579,320,0.4782204329967499
3,alpha,human1,mast,12.203792,16.24591,321,0.6195551156997681
1,epsilon,human1,gamma,-0.9635237,20.368723,322,2.051245927810669
3,alpha,human1,mast,13.155128,16.178812,323,0.6090423464775085
5,quiescent_stellate,human1,quiescent_stellate,4.8322845,16.32262,324,1.5031579732894895
11,alpha,human1,alpha,4.1904283,2.4558046,325,1.05911386013031
11,alpha,human1,alpha,5.7834387,2.6652179,326,0.8457207679748535
10,beta,human1,beta,-8.124587,4.565662,327,0.3845422863960266
10,beta,human1,beta,-8.091316,3.8763864,328,0.752828061580658
2,ductal,human1,schwann,15.563976,-4.497023,329,3.521430253982544
10,beta,human1,beta,-9.085335,3.8259757,330,1.583376169204712
11,alpha,human1,alpha,4.6787467,2.5406177,331,1.1730490922927856
10,beta,human1,beta,-9.848667,4.1264486,332,0.4195887148380279
11,alpha,human1,alpha,4.7751155,3.09662,333,1.1511393785476685
10,beta,human1,beta,-9.0755625,3.87914,334,1.2622259855270386
10,beta,human1,beta,-9.037591,4.3233585,335,0.946740746498108
13,delta,human1,delta,-1.624056,13.300472,336,0.7463385462760925
13,delta,human1,delta,-1.7359852,12.881499,337,0.4448234438896179
10,beta,human1,beta,-8.866993,3.4635122,338,0.3845422863960266
10,beta,human1,beta,-8.558169,3.431089,339,0.65033358335495
10,beta,human1,beta,-9.985742,4.1561,340,0.8069224953651428
12,ductal,human1,ductal,14.309966,6.9481945,341,3.588205099105835
4,acinar,human1,acinar,7.1189904,-8.977231,342,0.8439728617668152
10,beta,human1,beta,-10.105036,4.822973,343,0.4982005357742309
10,alpha,human1,beta,-8.152275,4.452557,344,1.3602643013000488
10,beta,human1,beta,-8.01495,4.3075094,345,0.3845422863960266
10,beta,human1,beta,-9.423155,3.7797847,346,0.4479744434356689
11,alpha,human1,alpha,3.9606018,3.225201,347,0.6147465705871582
10,beta,human1,beta,-9.3120365,3.5445313,348,0.4680284857749939
5,quiescent_stellate,human1,quiescent_stellate,4.8168683,16.366808,349,1.656558871269226
10,beta,human1,beta,-7.021199,3.7817812,350,0.4693851172924042
1,gamma,human1,gamma,-0.671552,20.24157,351,1.0312941074371338
10,beta,human1,beta,-10.307809,4.0434446,352,0.9549379348754884
1,gamma,human1,gamma,-0.89674723,20.144028,353,1.1732134819030762
8,endothelial,human1,endothelial,20.108664,0.89766514,354,2.082384824752808
10,beta,human1,beta,-8.882049,4.232893,355,0.4053213000297546
11,alpha,human1,alpha,4.159923,3.3180943,356,0.5259835720062256
6,schwann,human1,activated_stellate,7.752303,10.21257,357,2.3964357376098637
10,beta,human1,beta,-9.161406,3.2329154,358,0.3845422863960266
5,quiescent_stellate,human1,quiescent_stellate,5.020754,16.19416,359,1.514595866203308
8,endothelial,human1,endothelial,20.288694,0.67614055,360,2.181569814682007
1,gamma,human1,gamma,-0.6348537,20.054558,361,0.8458128571510315
10,beta,human1,beta,-7.259831,3.7339768,362,0.4788736999034881
10,beta,human1,beta,-9.512003,4.5949273,363,0.5614848136901855
11,alpha,human1,alpha,4.821894,3.1533065,364,0.6224565505981445
11,alpha,human1,alpha,4.9122686,2.0565028,365,0.5890830159187317
1,gamma,human1,gamma,-0.8680708,20.187757,366,0.7438511848449707
10,beta,human1,beta,-9.443672,3.0902727,367,0.3845422863960266
10,beta,human1,beta,-9.7884655,4.122795,368,0.6769647002220154
13,delta,human1,delta,-1.4420538,12.516865,369,0.510159969329834
4,acinar,human1,acinar,6.950485,-7.793127,370,0.8363832235336304
4,acinar,human1,acinar,6.8713965,-8.391449,371,0.8303059935569763
1,gamma,human1,gamma,-0.6484181,20.00283,372,0.8416375517845154
12,ductal,human1,ductal,14.476273,5.870631,373,1.3645013570785522
2,ductal,human1,schwann,16.143528,-4.6627736,374,1.5625529289245603
10,endothelial,human1,beta,-8.277333,2.5335207,375,2.819236993789673
13,delta,human1,delta,-2.0345006,13.016828,376,0.442623108625412
10,beta,human1,beta,-8.629872,2.5412378,377,0.4794493913650512
10,beta,human1,beta,-10.115853,4.8245564,378,0.3845422863960266
8,endothelial,human1,endothelial,19.645363,1.46149,379,2.834635019302368
3,alpha,human1,mast,12.295875,16.39869,380,0.6331177353858948
4,acinar,human1,acinar,6.712264,-7.8879614,381,0.939118266105652
8,endothelial,human1,endothelial,19.65762,1.4626559,382,2.027119398117065
8,endothelial,human1,endothelial,19.492437,1.7131559,383,2.61585545539856
11,alpha,human1,alpha,5.500984,2.38669,384,0.8071936964988708
10,beta,human1,beta,-8.841497,3.6817381,385,0.6040181517601013
10,beta,human1,beta,-9.242812,2.8954456,386,0.4548751711845398
1,gamma,human1,gamma,-0.714626,20.135046,387,1.08262300491333
10,beta,human1,beta,-8.854424,4.3479443,388,0.8788534998893738
11,alpha,human1,alpha,4.7152796,2.3520086,389,0.6093010306358337
10,beta,human1,beta,-8.613939,3.2402134,390,0.5883755087852478
10,beta,human1,beta,-7.788303,3.4040413,391,1.0711818933486938
10,beta,human1,beta,-7.832244,4.12423,392,0.388481080532074
10,beta,human1,beta,-9.824874,4.0904384,393,0.591893196105957
10,beta,human1,beta,-8.445395,4.1697598,394,0.6135812997817993
13,delta,human1,delta,-1.7926084,13.142212,395,1.508114218711853
10,beta,human1,beta,-10.040462,4.700422,396,0.6377909779548645
5,quiescent_stellate,human1,quiescent_stellate,5.054439,16.077965,397,1.4532036781311035
6,activated_stellate,human1,activated_stellate,7.7517433,10.210698,398,1.7404654026031494
10,beta,human1,beta,-9.425956,4.53386,399,0.4113270938396454
11,alpha,human1,alpha,5.541057,2.8002484,400,1.5119225978851318
10,beta,human1,beta,-10.205046,3.6145177,401,0.5741704702377319
1,gamma,human1,gamma,-0.535919,20.213787,402,0.9883707761764526
5,quiescent_stellate,human1,quiescent_stellate,4.8449736,16.300032,403,1.4999895095825195
10,beta,human1,beta,-7.766169,3.7757788,404,0.4420617818832397
11,alpha,human1,alpha,4.1145754,2.917829,405,0.5375431180000305
5,quiescent_stellate,human1,quiescent_stellate,4.801235,16.325489,406,1.376559853553772
8,endothelial,human1,endothelial,20.056225,0.96942073,407,2.393285036087036
10,beta,human1,beta,-10.805479,4.204596,408,0.8569425940513611
12,ductal,human1,ductal,13.932687,5.7338123,409,1.650854229927063
8,endothelial,human1,endothelial,20.32648,0.6232508,410,2.0280191898345947
12,ductal,human1,ductal,13.976373,5.0846195,411,3.588205099105835
4,acinar,human1,acinar,6.8683248,-7.642745,412,1.0316938161849976
11,alpha,human1,alpha,5.310488,3.2652488,413,0.8325344920158386
13,delta,human1,delta,-1.3096553,13.679261,414,0.4985285699367523
10,beta,human1,beta,-9.70716,3.4477496,415,1.0578004121780396
9,macrophage,human1,macrophage,11.6082,0.11045471,416,3.623354196548462
7,ductal,human1,epsilon,13.981299,5.1195946,417,2.240983009338379
8,endothelial,human1,endothelial,20.101639,0.903882,418,2.159808158874512
8,endothelial,human1,endothelial,19.95575,1.0958482,419,2.6916654109954834
1,gamma,human1,gamma,-0.89388525,20.298958,420,0.8386139869689941
8,endothelial,human1,endothelial,20.072517,0.9470312,421,2.555389642715454
8,endothelial,human1,endothelial,19.800455,1.2829669,422,2.05131459236145
10,beta,human1,beta,-9.488735,4.011269,423,0.431323766708374
10,beta,human1,beta,-8.794001,4.220053,424,0.585267961025238
1,gamma,human1,gamma,-0.91084886,20.267578,425,1.0660200119018557
10,beta,human1,beta,-7.666085,4.602118,426,1.380723237991333
9,mast,human1,macrophage,11.438281,0.2873527,427,4.259390354156494
10,beta,human1,beta,-10.578754,3.817353,428,0.5491577982902527
8,endothelial,human1,endothelial,19.560009,1.5494286,429,2.016342163085937
1,gamma,human1,gamma,-0.6393027,20.1483,430,0.890164315700531
5,quiescent_stellate,human1,quiescent_stellate,4.8502107,16.317581,431,1.1296250820159912
11,alpha,human1,alpha,5.306752,2.289306,432,0.7668832540512085
10,beta,human1,beta,-9.189914,3.687043,433,0.405740350484848
11,alpha,human1,alpha,5.449597,2.7831278,434,0.5912796258926392
4,acinar,human1,acinar,7.3876266,-8.363809,435,1.4899861812591553
12,ductal,human1,ductal,14.3234825,5.9355903,436,3.588205099105835
10,beta,human1,beta,-8.827985,3.2251391,437,0.7334025502204895
10,beta,human1,beta,-8.555827,3.7955427,438,0.5748125314712524
12,ductal,human1,ductal,14.297338,6.306154,439,3.588205099105835
10,beta,human1,beta,-8.514047,4.495817,440,0.4706351161003113
10,beta,human1,beta,-8.863169,2.7448678,441,0.4150910973548889
12,ductal,human1,ductal,14.305131,6.945978,442,1.436420440673828
4,acinar,human1,acinar,6.849199,-7.91344,443,0.91756671667099
8,endothelial,human1,endothelial,19.940062,1.1093841,444,2.272376298904419
10,beta,human1,beta,-8.767256,3.6766574,445,0.4767482578754425
13,beta,human1,delta,-1.7096989,13.142597,446,1.78374183177948
10,beta,human1,beta,-10.33916,3.1275334,447,0.4001257121562958
12,ductal,human1,ductal,14.04989,6.1322327,448,1.3900648355484009
6,activated_stellate,human1,activated_stellate,7.754687,9.970863,449,1.7004499435424805
10,beta,human1,beta,-8.731612,3.6376445,450,0.4521569907665252
5,quiescent_stellate,human1,quiescent_stellate,5.191833,16.07794,451,1.6091158390045166
4,acinar,human1,acinar,6.789619,-9.510572,452,0.7995252013206482
1,gamma,human1,gamma,-0.67859864,20.269035,453,0.8368512392044067
5,quiescent_stellate,human1,quiescent_stellate,4.4459257,16.431795,454,1.4036462306976318
8,endothelial,human1,endothelial,19.624643,1.5081059,455,2.103743314743042
8,endothelial,human1,endothelial,19.870033,1.1962924,456,1.9705809354782104
3,alpha,human1,mast,12.055588,15.601748,457,0.7014720439910889
5,quiescent_stellate,human1,quiescent_stellate,4.7571926,16.409159,458,1.6791956424713137
10,beta,human1,beta,-7.667018,3.785676,459,1.6945366859436035
4,acinar,human1,acinar,7.024633,-8.243982,460,1.371284008026123
10,beta,human1,beta,-8.641146,4.4823303,461,0.6135402321815491
8,endothelial,human1,endothelial,20.247957,0.7218724,462,1.979647874832153
8,endothelial,human1,endothelial,19.897575,1.1664386,463,2.014639616012573
10,beta,human1,beta,-9.668678,4.211633,464,0.6975763440132141
4,acinar,human1,acinar,6.9594936,-8.544296,465,0.9419574737548828
13,delta,human1,delta,-1.531337,13.974838,466,0.4534661769866943
10,beta,human1,beta,-8.87927,3.5111582,467,0.598202645778656
10,beta,human1,beta,-8.653995,4.749726,468,0.4074893295764923
10,beta,human1,beta,-8.616974,3.6377418,469,0.4243826866149902
10,beta,human1,beta,-9.390907,3.6528332,470,0.757719874382019
10,beta,human1,beta,-8.778219,3.225615,471,1.0577847957611084
10,beta,human1,beta,-9.568447,4.5302978,472,1.4472956657409668
10,beta,human1,beta,-10.048892,4.0417247,473,0.4607107043266296
10,beta,human1,beta,-10.695473,3.910022,474,1.344867467880249
1,gamma,human1,gamma,-0.75531185,20.134577,475,1.3481032848358154
2,ductal,human1,schwann,16.053837,-4.6067944,476,1.3392106294631958
10,beta,human1,beta,-10.332389,3.314062,477,0.4160387814044952
1,gamma,human1,gamma,-0.5374607,20.34825,478,1.2591514587402344
10,beta,human1,beta,-8.428238,3.7379234,479,0.5413258671760559
13,delta,human1,delta,-1.4114059,13.299788,480,0.524341344833374
10,beta,human1,beta,-10.832542,3.7887785,481,0.4068402051925659
10,beta,human1,beta,-8.69215,4.4209175,482,1.0847158432006836
1,gamma,human1,gamma,-0.8430701,20.195124,483,1.0247571468353271
5,quiescent_stellate,human1,quiescent_stellate,4.575683,16.405224,484,1.1992594003677368
13,delta,human1,delta,-1.8416134,13.031638,485,0.7212209701538086
10,beta,human1,beta,-9.740608,3.5690246,486,0.5073186755180359
13,delta,human1,delta,-1.8242884,13.220537,487,0.9582473635673524
5,quiescent_stellate,human1,quiescent_stellate,5.2446756,16.034258,488,1.9205480813980105
13,delta,human1,delta,-1.6361706,12.807988,489,1.809860587120056
10,beta,human1,beta,-8.566746,5.0844407,490,0.3845422863960266
11,alpha,human1,alpha,5.150177,2.8140922,491,0.7936362028121948
13,delta,human1,delta,-1.166925,13.2460985,492,0.3933992683887481
11,alpha,human1,alpha,4.6990976,2.574467,493,0.6292307376861572
5,quiescent_stellate,human1,quiescent_stellate,4.761556,16.388882,494,1.378870725631714
5,quiescent_stellate,human1,quiescent_stellate,4.53587,16.389496,495,1.562456488609314
10,beta,human1,beta,-7.6846504,3.5066607,496,1.0760784149169922
8,endothelial,human1,endothelial,20.14603,0.8571107,497,2.1647183895111084
8,endothelial,human1,endothelial,19.977688,1.064619,498,2.1201562881469727
6,activated_stellate,human1,activated_stellate,7.6183147,10.557795,499,1.8410844802856443
10,beta,human1,beta,-8.848173,2.9912865,500,0.5084035992622375
11,alpha,human1,alpha,4.8588686,2.6798248,501,0.5272595882415771
13,delta,human1,delta,-1.4778651,13.167888,502,0.3846073150634765
10,beta,human1,beta,-8.96895,4.3808026,503,0.4265026450157165
8,endothelial,human1,endothelial,20.223553,0.7596905,504,2.5471646785736084
11,alpha,human1,alpha,4.3791127,2.9727674,505,0.668380618095398
5,quiescent_stellate,human1,quiescent_stellate,5.0693603,16.16905,506,1.320932388305664
10,beta,human1,beta,-9.534797,4.509841,507,1.8334429264068604
8,endothelial,human1,endothelial,20.220695,0.7578427,508,2.383197784423828
6,activated_stellate,human1,activated_stellate,7.755583,9.845222,509,1.8677380084991453
1,gamma,human1,gamma,-0.9623951,20.2622,510,0.9437477588653564
10,beta,human1,beta,-8.301961,3.8586326,511,0.492297887802124
5,quiescent_stellate,human1,quiescent_stellate,4.7713804,16.272072,512,1.4710792303085327
10,beta,human1,beta,-8.732217,4.313375,513,0.4799001216888428
8,endothelial,human1,endothelial,20.161932,0.83461976,514,2.051766395568848
1,gamma,human1,gamma,-0.49258694,20.119549,515,1.354403376579285
10,beta,human1,beta,-8.710391,3.1119616,516,0.442831426858902
10,beta,human1,beta,-7.9127355,3.6801522,517,0.7278505563735962
11,alpha,human1,alpha,3.8622406,2.6360533,518,0.5298661589622498
8,endothelial,human1,endothelial,20.05461,0.9685699,519,1.9853591918945312
1,gamma,human1,gamma,-0.8744595,20.12987,520,0.8436738848686218
10,beta,human1,beta,-10.788768,3.3605192,521,0.5958893299102783
10,beta,human1,beta,-9.481379,3.963123,522,0.6716537475585938
10,beta,human1,beta,-9.231753,3.9161153,523,0.6789517402648926
10,beta,human1,beta,-9.115936,4.685026,524,1.5756051540374756
8,endothelial,human1,endothelial,19.325445,1.9894234,525,2.001304149627685
9,mast,human1,macrophage,11.25788,0.4763851,526,4.432863235473633
10,beta,human1,beta,-10.168561,4.718005,527,0.3845422863960266
10,beta,human1,beta,-8.974189,4.2799735,528,1.1073341369628906
8,endothelial,human1,endothelial,20.289112,0.6764772,529,2.118046760559082
10,beta,human1,beta,-8.83943,3.9295802,530,0.4852414429187774
8,endothelial,human1,endothelial,19.616758,1.5132499,531,1.8915318250656128
10,beta,human1,beta,-9.655781,3.5153584,532,0.7674823999404907
8,endothelial,human1,endothelial,20.29703,0.66260827,533,2.330437183380127
10,beta,human1,beta,-10.219942,4.3622556,534,0.4203635454177856
5,quiescent_stellate,human1,quiescent_stellate,5.241097,16.039898,535,2.291276454925537
8,endothelial,human1,endothelial,19.302298,2.0193093,536,2.2829833030700684
8,endothelial,human1,endothelial,19.340712,1.9659231,537,2.12823224067688
10,beta,human1,beta,-9.071297,3.483806,538,1.1166826486587524
8,endothelial,human1,endothelial,20.331495,0.61723375,539,2.816579818725586
5,quiescent_stellate,human1,quiescent_stellate,4.383304,16.456188,540,1.8878027200698853
10,beta,human1,beta,-9.598155,4.277677,541,1.3344249725341797
11,alpha,human1,alpha,5.3243413,2.9830637,542,0.6023369431495667
2,ductal,human1,schwann,15.580667,-4.5450277,543,1.4669605493545532
8,endothelial,human1,endothelial,20.15495,0.8440722,544,2.518120527267456
10,beta,human1,beta,-9.883775,3.6531467,545,0.7089234590530396
10,beta,human1,beta,-8.985117,3.3205922,546,0.927628219127655
8,endothelial,human1,endothelial,19.657282,1.4356649,547,2.7495338916778564
10,beta,human1,beta,-8.965483,3.8275027,548,0.6171506643295288
10,beta,human1,beta,-8.990996,3.2677,549,0.563488781452179
10,beta,human1,beta,-9.059539,4.8057632,550,0.4663041532039642
8,endothelial,human1,endothelial,19.72963,1.3727456,551,2.3254895210266118
9,macrophage,human1,macrophage,10.943639,0.80056864,552,3.133333444595337
8,endothelial,human1,endothelial,19.849617,1.2207608,553,2.750760555267334
7,ductal,human1,epsilon,-2.353769,-9.929116,554,1.6963375806808472
10,beta,human1,beta,-9.629143,3.936385,555,0.5228936672210693
12,ductal,human1,ductal,14.346029,6.758606,556,1.5220422744750977
8,endothelial,human1,endothelial,19.3785,1.9070368,557,2.8176112174987797
5,quiescent_stellate,human1,quiescent_stellate,4.453075,16.443491,558,1.3508602380752563
10,beta,human1,beta,-8.864248,3.2226546,559,0.6221259832382202
8,endothelial,human1,endothelial,19.400105,1.8740456,560,2.713110446929932
8,endothelial,human1,endothelial,19.937157,1.1105787,561,2.5314571857452397
10,beta,human1,beta,-10.176483,4.0892563,562,0.626823902130127
8,endothelial,human1,endothelial,20.311394,0.6405715,563,1.996585726737976
8,endothelial,human1,endothelial,20.387196,0.5476027,564,2.706950187683105
13,alpha,human1,delta,-1.6760584,12.729146,565,1.6023941040039062
2,ductal,human1,schwann,16.559381,-4.4471045,566,1.3210327625274658
10,beta,human1,beta,-10.107093,3.8219051,567,0.3845422863960266
4,delta,human1,acinar,6.734825,-6.879706,568,1.895840167999268
13,delta,human1,delta,-1.9605753,13.511005,569,0.4095741808414459
13,delta,human1,delta,-1.8955665,12.449097,570,0.3845422863960266
4,acinar,human1,acinar,7.321827,-7.926674,571,2.094947338104248
4,acinar,human1,acinar,6.3425713,-8.312459,572,0.8643344640731812
4,acinar,human1,acinar,6.616281,-7.005269,573,1.1378803253173828
4,acinar,human1,acinar,6.247749,-8.689408,574,1.014185905456543
13,delta,human1,delta,-1.7406576,12.455315,575,0.4098466634750366
4,acinar,human1,acinar,6.9612446,-8.514283,576,0.9004868268966675
7,ductal,human1,epsilon,-2.386783,-10.100812,577,1.3401634693145752
11,alpha,human1,alpha,5.7564273,2.6335354,578,0.6294430494308472
13,delta,human1,delta,-1.9080162,12.459539,579,0.601002037525177
13,delta,human1,delta,-1.9409593,13.891536,580,0.5211023688316345
13,delta,human1,delta,-2.1110792,12.695023,581,0.3970616161823272
13,delta,human1,delta,-1.5223854,13.910685,582,0.4774880111217499
4,acinar,human1,acinar,6.9077573,-8.30999,583,1.041804313659668
10,beta,human1,beta,-7.415411,3.335278,584,0.9687628149986268
4,acinar,human1,acinar,6.7111616,-9.091349,585,0.8666110038757324
8,endothelial,human1,endothelial,20.07004,0.9476813,586,2.838065385818481
13,delta,human1,delta,-1.9354911,12.47619,587,0.3845422863960266
10,beta,human1,beta,-8.817796,3.4008093,588,0.4108507633209228
13,delta,human1,delta,-1.769951,13.391314,589,0.8620882034301758
11,alpha,human1,alpha,6.071842,2.655608,590,0.5925306677818298
2,ductal,human1,schwann,16.334185,-4.558087,591,3.588205099105835
13,delta,human1,delta,-1.1959766,13.550015,592,0.4539593458175659
13,delta,human1,delta,-1.4104829,12.741964,593,0.3888179361820221
10,beta,human1,beta,-7.4651546,3.0275903,594,0.394629418849945
13,delta,human1,delta,-1.8789396,13.701579,595,0.4102482199668884
10,beta,human1,beta,-8.706843,2.8986576,596,0.6323737502098083
10,beta,human1,beta,-8.397755,4.154878,597,0.6762216687202454
13,delta,human1,delta,-1.5176111,13.243609,598,1.0216213464736938
1,gamma,human1,gamma,-0.9304382,20.341116,599,0.775510311126709
10,beta,human1,beta,-8.437072,4.361841,600,0.3913185596466064
13,delta,human1,delta,-1.2629526,13.497867,601,0.6967672109603882
10,beta,human1,beta,-9.07708,4.497927,602,0.6526869535446167
13,delta,human1,delta,-2.0937848,13.670464,603,0.5361811518669128
10,beta,human1,beta,-9.525959,3.5763865,604,0.3864240646362304
11,alpha,human1,alpha,5.7077727,2.2140958,605,0.6417261958122253
10,beta,human1,beta,-8.774532,4.8607745,606,0.3845422863960266
13,delta,human1,delta,-2.157793,12.882897,607,0.3845422863960266
13,delta,human1,delta,-1.6075624,13.617119,608,0.4496146440505981
10,beta,human1,beta,-9.918859,4.840942,609,0.3845422863960266
13,delta,human1,delta,-1.9694432,13.229233,610,0.4636492133140564
13,delta,human1,delta,-2.2822585,13.388651,611,0.4086765944957733
2,ductal,human1,schwann,16.120544,-4.646744,612,3.5210232734680176
10,beta,human1,beta,-9.441664,3.3542652,613,0.5211818218231201
13,delta,human1,delta,-1.8142803,12.530345,614,0.3852886855602264
13,delta,human1,delta,-1.9527655,12.779792,615,0.5440996289253235
11,alpha,human1,alpha,4.271418,3.4555628,616,0.5914263725280762
10,beta,human1,beta,-7.3881474,3.6921875,617,0.3879615068435669
11,alpha,human1,alpha,5.491492,2.2427628,618,1.158980369567871
3,alpha,human1,mast,11.419558,15.540305,619,0.7096243500709534
10,beta,human1,beta,-9.879786,3.4262326,620,0.5812444686889648
4,acinar,human1,acinar,6.844773,-9.26558,621,0.9132073521614076
10,beta,human1,beta,-8.176495,4.366573,622,0.5497691035270691
10,beta,human1,beta,-9.921723,4.389307,623,0.5455102324485779
10,beta,human1,beta,-9.552915,3.5391371,624,0.3845422863960266
13,delta,human1,delta,-2.1760867,13.091745,625,0.4777788817882538
6,activated_stellate,human1,activated_stellate,7.5876727,10.784117,626,1.598568558692932
10,beta,human1,beta,-8.602601,4.3451653,627,0.4065649807453155
10,beta,human1,beta,-7.5863523,3.9567811,628,0.3845422863960266
10,beta,human1,beta,-10.7918825,4.2896504,629,0.4841434359550476
13,delta,human1,delta,-2.14143,13.486574,630,0.7747862935066223
10,beta,human1,beta,-9.105879,3.7612567,631,0.4874936044216156
11,alpha,human1,alpha,5.7672453,2.4296012,632,0.5904723405838013
7,ductal,human1,epsilon,-2.6519458,-9.654558,633,2.240983009338379
4,acinar,human1,acinar,6.3122883,-8.187107,634,1.1664317846298218
13,delta,human1,delta,-1.9899269,13.616066,635,0.4447375833988189
10,beta,human1,beta,-9.794705,4.645809,636,0.486014574766159
10,beta,human1,beta,-8.988306,4.5187964,637,0.4687758386135101
10,beta,human1,beta,-7.125604,3.7391367,638,0.3845422863960266
4,acinar,human1,acinar,6.994985,-7.5721865,639,1.3129220008850098
10,beta,human1,beta,-7.9780884,3.7598035,640,0.3845422863960266
13,delta,human1,delta,-1.9689866,13.971122,641,0.3845422863960266
10,beta,human1,beta,-9.817416,3.4015765,642,0.4494202733039856
10,beta,human1,beta,-9.241133,2.7321782,643,0.4110161960124969
10,beta,human1,beta,-8.625705,4.4689674,644,0.5415744185447693
13,delta,human1,delta,-1.9248514,13.390769,645,0.4139306545257568
13,delta,human1,delta,-1.8765613,13.8806505,646,0.3938155770301819
10,beta,human1,beta,-9.145814,4.278515,647,0.4300875961780548
13,delta,human1,delta,-1.8671521,13.835335,648,0.3943772912025451
10,beta,human1,beta,-9.67369,3.8699105,649,0.3845422863960266
10,beta,human1,beta,-9.227228,5.0155225,650,0.4772442877292633
10,beta,human1,beta,-10.138155,4.4856844,651,0.4024876654148102
10,beta,human1,beta,-7.8272743,3.9331648,652,0.3845422863960266
10,beta,human1,beta,-7.1986685,4.1303697,653,0.4142735004425049
10,beta,human1,beta,-7.9196725,3.6818004,654,0.807708203792572
7,acinar,human1,epsilon,-2.3555923,-9.976397,655,1.0799647569656372
10,beta,human1,beta,-9.566357,3.805161,656,0.762984037399292
10,beta,human1,beta,-8.461234,3.9609196,657,1.4478247165679932
10,beta,human1,beta,-8.4035,2.8716352,658,0.3915248215198517
11,alpha,human1,alpha,6.058771,2.6716847,659,0.606224000453949
10,endothelial,human1,beta,-8.264023,2.5104373,660,2.815601110458374
10,beta,human1,beta,-9.0722685,3.8291073,661,0.40869802236557
13,delta,human1,delta,-1.3483348,13.234158,662,0.4658595025539398
10,beta,human1,beta,-10.421305,4.6853023,663,0.3845422863960266
13,delta,human1,delta,-1.726649,12.811447,664,0.4509480893611908
10,beta,human1,beta,-9.243567,3.233023,665,0.3845422863960266
13,delta,human1,delta,-1.8450277,12.452218,666,0.9051368832588196
10,beta,human1,beta,-9.222045,4.0045347,667,0.4737411141395569
10,beta,human1,beta,-11.087825,4.1317344,668,0.4265201091766357
13,delta,human1,delta,-1.6422652,12.672833,669,0.5734383463859558
12,ductal,human1,ductal,14.648661,5.9088407,670,1.6621993780136108
10,beta,human1,beta,-8.726129,3.3453672,671,0.3845422863960266
10,beta,human1,beta,-8.86887,3.4985526,672,0.3845422863960266
12,ductal,human1,ductal,14.243211,5.5547895,673,1.2316417694091797
10,beta,human1,beta,-7.608681,3.7250974,674,0.3972128033638
10,beta,human1,beta,-9.289118,4.687403,675,0.3854731023311615
10,beta,human1,beta,-10.026352,3.4405782,676,0.7264810800552368
10,beta,human1,beta,-8.809812,3.8424444,677,0.4580350220203399
4,acinar,human1,acinar,6.9224167,-7.4268646,678,1.040504813194275
4,acinar,human1,acinar,6.9294786,-9.816017,679,0.8048585653305054
10,beta,human1,beta,-9.610877,4.6033034,680,1.2255831956863403
11,alpha,human1,alpha,5.180434,2.6681309,681,0.5395480990409851
10,beta,human1,beta,-10.105812,2.9000194,682,0.3845422863960266
13,delta,human1,delta,-1.6439,13.302137,683,0.8637024760246277
10,beta,human1,beta,-8.208289,4.1062117,684,0.5161635875701904
10,beta,human1,beta,-10.4793625,4.16026,685,0.3845422863960266
10,beta,human1,beta,-8.933688,4.233217,686,0.5652080178260803
10,beta,human1,beta,-9.06128,4.9479446,687,0.5928560495376587
10,beta,human1,beta,-9.943107,3.6206112,688,0.683286726474762
12,ductal,human1,ductal,14.204221,5.9947815,689,1.805469393730164
10,beta,human1,beta,-9.138092,3.4169807,690,0.3845422863960266
4,acinar,human1,acinar,6.2564793,-8.768724,691,0.9667800664901732
10,beta,human1,beta,-8.742699,3.1924455,692,0.4983024001121521
4,acinar,human1,acinar,7.0639396,-7.671473,693,0.9417073726654052
10,beta,human1,beta,-9.049035,5.107876,694,0.3932464718818664
12,ductal,human1,ductal,14.267758,6.0634,695,1.4542051553726196
10,beta,human1,beta,-10.090193,4.545134,696,0.4162288904190063
6,activated_stellate,human1,activated_stellate,7.5483646,10.23286,697,1.6209843158721924
11,alpha,human1,alpha,5.252684,3.4016697,698,0.5371056795120239
10,beta,human1,beta,-7.0119543,3.5843349,699,0.5530904531478882
13,delta,human1,delta,-1.3130293,12.890623,700,0.4454044699668884
13,delta,human1,delta,-1.930839,13.621271,701,0.4340106248855591
10,beta,human1,beta,-10.542343,4.2109814,702,0.3916005790233612
10,beta,human1,beta,-7.765271,3.116395,703,0.4296500384807586
10,beta,human1,beta,-8.687388,3.8349438,704,0.4027596712112427
10,beta,human1,beta,-8.375729,3.6532266,705,0.5605334639549255
4,acinar,human1,acinar,6.60869,-9.251553,706,1.0652486085891724
10,beta,human1,beta,-8.942834,3.5076976,707,0.8005027770996094
10,beta,human1,beta,-9.242365,2.8547292,708,0.5008866786956787
10,beta,human1,beta,-9.271434,4.969556,709,0.3845422863960266
13,delta,human1,delta,-2.0393972,13.96771,710,0.3845422863960266
10,beta,human1,beta,-9.836144,3.647015,711,0.5367658138275146
12,ductal,human1,ductal,14.395699,6.231389,712,1.473124384880066
10,beta,human1,beta,-8.105462,2.908796,713,0.4914658963680267
10,beta,human1,beta,-9.241512,4.319939,714,0.5016239881515503
2,ductal,human1,schwann,16.477251,-4.4470353,715,1.84621262550354
9,macrophage,human1,macrophage,11.067595,0.67358214,716,2.6185519695281982
10,beta,human1,beta,-10.667864,4.315128,717,0.6240629553794861
13,delta,human1,delta,-1.9604849,13.156028,718,0.3845422863960266
10,beta,human1,beta,-10.601094,4.134991,719,0.4207335114479065
10,beta,human1,beta,-8.535123,2.8835933,720,0.3845422863960266
10,beta,human1,beta,-9.572259,5.0032234,721,0.5065443515777588
10,beta,human1,beta,-7.755841,4.236206,722,0.3845422863960266
10,beta,human1,beta,-7.26896,3.6340559,723,0.3854191303253174
6,activated_stellate,human1,activated_stellate,7.8664837,10.200854,724,1.586106538772583
10,beta,human1,beta,-7.438288,3.4073434,725,0.468737930059433
10,beta,human1,beta,-9.801873,3.9681902,726,0.4210319519042969
2,ductal,human1,schwann,15.932858,-4.4474087,727,1.7906872034072876
10,beta,human1,beta,-8.652837,3.2358851,728,0.4525797963142395
10,beta,human1,beta,-7.1070285,3.3218672,729,0.3845422863960266
10,beta,human1,beta,-9.511884,4.6942277,730,0.3845422863960266
10,beta,human1,beta,-7.820961,3.7299073,731,0.4133235812187195
10,beta,human1,beta,-9.657118,3.932861,732,0.8337092399597168
13,delta,human1,delta,-1.7120917,13.800183,733,0.5289546847343445
10,beta,human1,beta,-9.223862,3.346882,734,0.3997010886669159
10,beta,human1,beta,-9.963609,4.750992,735,0.3845422863960266
13,delta,human1,delta,-1.4685242,13.547218,736,0.5207913517951965
10,beta,human1,beta,-8.195074,3.5401306,737,1.709986925125122
10,beta,human1,beta,-9.684533,3.9743652,738,0.3845422863960266
10,beta,human1,beta,-10.271969,3.3926232,739,0.3992446959018707
10,beta,human1,beta,-10.842269,3.4690783,740,0.452000081539154
3,alpha,human1,mast,13.110471,16.190983,741,0.5631738305091858
10,beta,human1,beta,-9.04042,3.8615007,742,0.5664116740226746
10,beta,human1,beta,-8.674653,3.628472,743,0.5277496576309204
4,acinar,human1,acinar,6.8656816,-9.662364,744,0.7778371572494507
10,beta,human1,beta,-8.7883625,3.8681433,745,0.5926207304000854
10,beta,human1,beta,-9.658963,3.6472342,746,0.6088100671768188
10,beta,human1,beta,-8.101202,3.0244412,747,0.4677049219608307
10,beta,human1,beta,-7.1409864,3.4822226,748,0.4148821532726288
12,ductal,human1,ductal,13.984901,5.102823,749,3.496655225753784
10,beta,human1,beta,-10.325274,4.461741,750,0.7817906737327576
13,delta,human1,delta,-1.921918,13.1098,751,0.8086221814155579
10,beta,human1,beta,-9.613905,3.3903296,752,0.4944786727428436
11,alpha,human1,alpha,5.237248,3.3660328,753,0.5428078770637512
10,beta,human1,beta,-9.086581,4.0499897,754,0.7305186986923218
10,beta,human1,beta,-7.272351,3.1566303,755,0.3845422863960266
10,beta,human1,beta,-8.941627,2.9931412,756,0.6149269938468933
10,beta,human1,beta,-9.114913,3.2224677,757,0.4049999713897705
13,delta,human1,delta,-2.142383,13.489836,758,0.4263752400875091
10,beta,human1,beta,-10.033441,3.4964302,759,0.3845422863960266
10,beta,human1,beta,-7.445008,3.8708243,760,0.7335211038589478
13,delta,human1,delta,-1.8868537,13.041455,761,1.2182071208953855
10,beta,human1,beta,-10.608241,4.698797,762,0.3845422863960266
10,beta,human1,beta,-9.242632,4.9363413,763,0.5887863636016846
10,beta,human1,beta,-8.692425,5.032408,764,0.3941289782524109
10,beta,human1,beta,-9.993621,3.9571357,765,0.4044078886508941
10,beta,human1,beta,-9.88015,4.3617234,766,0.7153802514076233
10,beta,human1,beta,-10.33271,4.162596,767,0.3945310115814209
10,beta,human1,beta,-9.338131,2.569993,768,0.4649325311183929
1,gamma,human1,gamma,-0.73041123,20.341164,769,1.1175462007522583
10,beta,human1,beta,-9.264381,4.452156,770,0.5671772360801697
10,beta,human1,beta,-9.764782,3.4719827,771,0.5971349477767944
13,delta,human1,delta,-1.3755301,13.30698,772,0.604377031326294
12,ductal,human1,ductal,14.183402,6.2113233,773,1.9496890306472776
10,beta,human1,beta,-10.542833,4.464634,774,0.4530854821205139
10,beta,human1,beta,-9.820909,3.4313893,775,0.63625568151474
10,beta,human1,beta,-8.744475,4.4768157,776,0.5474479794502258
13,delta,human1,delta,-2.0877404,12.723787,777,0.5698217153549194
10,beta,human1,beta,-10.683848,3.4065456,778,0.4790187776088714
12,ductal,human1,ductal,14.409397,5.5660033,779,1.820913791656494
10,beta,human1,beta,-8.03839,4.400451,780,0.6579062342643738
10,beta,human1,beta,-8.705676,3.2416875,781,0.7114304900169373
10,beta,human1,beta,-9.119233,3.990552,782,0.4304831027984619
10,beta,human1,beta,-8.481922,4.294181,783,0.3845422863960266
12,ductal,human1,ductal,14.179426,5.7412343,784,1.4374656677246094
6,activated_stellate,human1,activated_stellate,7.883415,10.11452,785,1.4794151782989502
10,beta,human1,beta,-9.447329,3.7617242,786,0.7324419617652893
11,alpha,human1,alpha,5.3231025,2.8196847,787,0.783312201499939
10,beta,human1,beta,-10.007443,3.5023043,788,0.4346619546413421
10,beta,human1,beta,-9.296468,2.852093,789,0.3845422863960266
6,activated_stellate,human1,activated_stellate,7.7387023,9.83131,790,2.4939630031585693
11,alpha,human1,alpha,5.5573654,2.5598078,791,0.5882975459098816
4,acinar,human1,acinar,6.130592,-8.6647625,792,0.8066264390945435
1,gamma,human1,gamma,-0.52101535,20.235456,793,1.255414366722107
10,beta,human1,beta,-9.351069,2.708995,794,0.4439364671707153
10,beta,human1,beta,-9.601502,3.856985,795,0.4350798428058624
10,beta,human1,beta,-8.573069,4.3735003,796,0.4098218381404876
13,delta,human1,delta,-1.642898,13.231657,797,0.3845422863960266
11,alpha,human1,alpha,5.443309,2.1735384,798,0.7550223469734192
8,endothelial,human1,endothelial,20.124582,0.8802514,799,2.838065385818481
1,gamma,human1,gamma,-0.7473243,20.157948,800,0.9554234743118286
10,beta,human1,beta,-9.158432,3.3147383,801,0.7513905763626099
11,alpha,human1,alpha,5.138017,2.60347,802,2.071838617324829
10,beta,human1,beta,-7.3876314,4.6120596,803,0.3845422863960266
10,beta,human1,beta,-7.9186115,4.3661437,804,0.4620646238327026
10,beta,human1,beta,-10.715796,4.5395603,805,0.7533857226371765
13,beta,human1,delta,-2.1690657,13.450522,806,0.4962638914585113
10,beta,human1,beta,-7.317355,3.3145177,807,0.6285473704338074
10,endothelial,human1,beta,-8.250254,2.4910588,808,2.792343616485596
10,beta,human1,beta,-9.782938,3.3139942,809,0.3845422863960266
13,delta,human1,delta,-1.8746634,13.796645,810,0.3910752832889557
10,beta,human1,beta,-10.135281,4.7096314,811,0.4004463851451874
11,alpha,human1,alpha,5.476533,2.687359,812,0.6630076766014099
10,beta,human1,beta,-8.504917,3.141006,813,0.5887703895568848
11,alpha,human1,alpha,4.1473813,3.2279754,814,0.7051255106925964
11,alpha,human1,alpha,5.856757,2.563512,815,0.6128783822059631
13,delta,human1,delta,-1.6475868,13.46962,816,1.7289727926254272
11,alpha,human1,alpha,4.990296,2.3473241,817,0.6889092326164246
12,ductal,human1,ductal,14.668145,5.9523025,818,1.927566647529602
10,beta,human1,beta,-8.586039,3.3699632,819,0.5507805347442627
3,alpha,human1,mast,12.723009,15.919182,820,1.0714421272277832
8,endothelial,human1,endothelial,19.45332,1.795757,821,2.09222149848938
10,beta,human1,beta,-10.838979,3.4517577,822,0.3845422863960266
10,beta,human1,beta,-8.834699,3.986799,823,0.3845422863960266
12,ductal,human1,ductal,13.961539,5.6721134,824,3.588205099105835
13,delta,human1,delta,-1.452482,13.630484,825,1.116630792617798
10,beta,human1,beta,-10.475721,4.3201885,826,1.6723183393478394
10,beta,human1,beta,-7.472655,3.9921608,827,0.3845422863960266
11,alpha,human1,alpha,5.543248,2.7406101,828,0.9108980298042296
11,alpha,human1,alpha,4.671622,2.7636738,829,0.6103034019470215
13,delta,human1,delta,-1.6267327,13.639238,830,0.4440090358257293
1,gamma,human1,gamma,-0.6655152,20.174461,831,0.8414324522018433
11,alpha,human1,alpha,5.225037,1.9910367,832,1.2797743082046509
10,beta,human1,beta,-7.681853,4.7301426,833,0.3845422863960266
11,alpha,human1,alpha,4.2163405,3.1763558,834,0.7097569108009338
2,ductal,human1,schwann,15.669275,-4.6402793,835,1.323556900024414
10,beta,human1,beta,-8.905433,3.4084818,836,0.5753167867660522
1,gamma,human1,gamma,-0.73220474,20.187654,837,0.6976885199546814
10,beta,human1,beta,-8.611945,3.8210828,838,0.602292001247406
5,schwann,human1,quiescent_stellate,4.7515345,16.31087,839,2.4939630031585693
13,delta,human1,delta,-1.3383176,13.057838,840,0.8852136731147766
10,beta,human1,beta,-8.849988,3.7381299,841,0.588550865650177
11,alpha,human1,alpha,4.3939295,2.7038178,842,0.6140040755271912
13,delta,human1,delta,-1.6768125,12.720441,843,0.5553524494171143
10,beta,human1,beta,-9.301346,5.049191,844,0.3845422863960266
4,acinar,human1,acinar,6.607259,-9.068976,845,0.9588716626167296
10,beta,human1,beta,-9.516577,3.8178298,846,0.3845422863960266
10,beta,human1,beta,-8.29256,2.6878483,847,0.7743197679519653
10,beta,human1,beta,-10.004843,3.8737135,848,0.4148118495941162
10,beta,human1,beta,-10.217571,4.867766,849,0.3854164779186249
10,beta,human1,beta,-10.23281,3.8578236,850,0.5833529829978943
11,alpha,human1,alpha,5.7538466,2.5618238,851,0.5518190860748291
10,beta,human1,beta,-9.5241785,4.0479503,852,0.3845422863960266
10,beta,human1,beta,-9.387225,3.909164,853,0.8807427883148193
9,macrophage,human1,macrophage,10.942627,0.80159974,854,2.511861085891724
1,gamma,human1,gamma,-0.69799274,20.191053,855,0.843479335308075
10,beta,human1,beta,-8.583602,3.8047476,856,0.7265062928199768
10,beta,human1,beta,-9.099476,2.572104,857,0.6721911430358887
11,alpha,human1,alpha,5.50382,2.4650393,858,0.6874583959579468
4,acinar,human1,acinar,7.4076056,-8.385187,859,1.1526051759719849
8,endothelial,human1,endothelial,20.259306,0.70721453,860,2.754046440124512
11,alpha,human1,alpha,4.04817,2.5579128,861,0.6682621240615845
10,beta,human1,beta,-8.165514,3.98213,862,0.3845422863960266
3,alpha,human1,mast,12.558138,15.548605,863,0.584559440612793
11,alpha,human1,alpha,4.344407,2.1331062,864,0.7986074090003967
11,alpha,human1,alpha,5.2891655,2.3820622,865,0.5378029346466064
10,beta,human1,beta,-7.398794,3.009562,866,0.5775525569915771
10,beta,human1,beta,-7.906129,3.4883652,867,0.4800557494163513
11,alpha,human1,alpha,4.7650747,2.8720016,868,0.7500126361846924
3,alpha,human1,mast,12.20991,15.929492,869,0.5553576946258545
9,macrophage,human1,macrophage,11.453383,0.27100393,870,2.255384683609009
11,alpha,human1,alpha,6.059568,2.5966072,871,0.6509709358215332
10,beta,human1,beta,-8.804648,3.9302254,872,0.4894593060016632
10,beta,human1,beta,-8.813881,3.6869166,873,0.4011387228965759
13,beta,human1,delta,-1.4079995,13.69837,874,1.4703137874603271
11,alpha,human1,alpha,5.9384146,2.3553574,875,0.6353933215141296
6,activated_stellate,human1,activated_stellate,7.666477,10.752921,876,1.769798994064331
13,delta,human1,delta,-2.044433,13.294701,877,0.9917340874671936
3,alpha,human1,mast,12.45679,16.236002,878,0.6644355058670044
11,alpha,human1,alpha,4.2778063,2.4777472,879,0.7963426113128662
8,endothelial,human1,endothelial,20.037088,1.0013784,880,2.8182263374328613
10,beta,human1,beta,-10.897203,4.2497015,881,0.3861235380172729
13,delta,human1,delta,-2.0059233,13.083253,882,2.357717275619507
10,beta,human1,beta,-8.500338,3.1683376,883,0.7220925688743591
10,beta,human1,beta,-9.857508,4.4242268,884,0.6052843332290649
10,beta,human1,beta,-8.6171,4.74628,885,0.6717500686645508
12,ductal,human1,ductal,14.103749,6.2573743,886,1.4629865884780884
10,beta,human1,beta,-10.152809,4.2248597,887,0.7561612129211426
12,ductal,human1,ductal,14.347974,6.328083,888,1.508858323097229
10,beta,human1,beta,-9.214723,4.3266625,889,0.4054824411869049
10,beta,human1,beta,-9.740864,3.9686532,890,0.3845422863960266
6,activated_stellate,human1,activated_stellate,7.724403,10.593167,891,2.2184555530548096
10,beta,human1,beta,-9.031698,4.8675184,892,0.7126867771148682
12,ductal,human1,ductal,14.090753,5.4933724,893,1.586581468582153
10,beta,human1,beta,-8.3151865,4.767898,894,0.659978985786438
10,beta,human1,beta,-8.967103,3.3594284,895,0.3895995318889618
13,delta,human1,delta,-1.4791656,13.93266,896,0.4371752142906189
12,ductal,human1,ductal,14.249341,6.5921507,897,1.7042584419250488
11,alpha,human1,alpha,4.314418,2.937309,898,0.917128324508667
12,ductal,human1,ductal,14.353404,6.3373103,899,1.5514243841171265
10,beta,human1,beta,-9.20566,3.6253734,900,0.6372607350349426
1,gamma,human1,gamma,-0.6085895,20.157925,901,0.9218308925628662
12,ductal,human1,ductal,14.231053,6.180341,902,1.4455488920211792
10,beta,human1,beta,-9.63621,3.1573503,903,0.3945377469062805
1,gamma,human1,gamma,-0.54450077,20.247179,904,1.1185470819473269
13,delta,human1,delta,-1.7634536,12.916621,905,0.4059986770153045
3,alpha,human1,mast,11.824503,15.99318,906,0.5854341387748718
1,gamma,human1,gamma,-0.80474645,20.132494,907,0.8417140245437622
11,alpha,human1,alpha,4.287875,2.9964688,908,0.5503080487251282
10,beta,human1,beta,-9.789861,3.3577716,909,0.6018805503845215
9,macrophage,human1,macrophage,11.306059,0.42570987,910,2.6033406257629395
10,beta,human1,beta,-8.597577,3.8081248,911,0.6662797927856445
10,beta,human1,beta,-9.076026,3.7703855,912,0.4104036390781402
5,quiescent_stellate,human1,quiescent_stellate,5.0402446,16.203638,913,1.6318806409835815
13,delta,human1,delta,-1.4806712,12.585702,914,0.4772345721721649
10,beta,human1,beta,-10.136745,4.0778213,915,0.3845422863960266
11,alpha,human1,alpha,5.667032,3.113681,916,0.5195302963256836
10,beta,human1,beta,-9.491409,3.789221,917,0.4092060327529907
11,alpha,human1,alpha,5.080448,1.9969537,918,0.7249382734298706
10,beta,human1,beta,-8.877543,4.201227,919,0.3845422863960266
10,beta,human1,beta,-8.121524,3.6364894,920,0.3845422863960266
1,gamma,human1,gamma,-0.77618486,20.312073,921,1.6436598300933838
11,alpha,human1,alpha,5.731249,2.8339589,922,0.5493597984313965
10,beta,human1,beta,-9.145986,4.413576,923,1.1049108505249023
10,beta,human1,beta,-8.303594,4.337029,924,0.5066348910331726
10,beta,human1,beta,-9.375754,3.3972692,925,0.4370796382427215
10,beta,human1,beta,-9.914406,3.9919267,926,0.7097916007041931
9,macrophage,human1,macrophage,11.033957,0.7085386,927,2.767393112182617
10,beta,human1,beta,-8.680999,3.3252723,928,0.4496372640132904
13,delta,human1,delta,-1.2866849,13.762146,929,0.3845422863960266
10,beta,human1,beta,-9.814546,4.5156975,930,0.6614077091217041
1,gamma,human1,gamma,-0.8854649,20.205202,931,1.3285261392593384
1,epsilon,human1,gamma,-0.9071297,20.217266,932,1.1996841430664062
13,delta,human1,delta,-1.4348061,13.817281,933,0.4936466515064239
11,alpha,human1,alpha,5.094708,3.2275293,934,0.91727614402771
10,beta,human1,beta,-8.982162,4.1197596,935,0.662004292011261
10,beta,human1,beta,-9.071763,4.684548,936,0.3845422863960266
13,delta,human1,delta,-1.7233877,13.416015,937,0.8099343776702881
11,alpha,human1,alpha,4.714569,3.1065707,938,0.6042264103889465
8,endothelial,human1,endothelial,20.0141,1.0253038,939,1.9541345834732056
10,beta,human1,beta,-9.594239,3.3611155,940,1.0489288568496704
6,activated_stellate,human1,activated_stellate,7.572086,11.02156,941,2.1969637870788574
4,acinar,human1,acinar,6.3538857,-8.757206,942,0.8219369053840637
10,beta,human1,beta,-9.029597,3.9443192,943,0.4503521919250488
4,acinar,human1,acinar,6.7083554,-7.7093616,944,0.7453808784484863
11,alpha,human1,alpha,5.008662,3.3250585,945,0.6115677952766418
1,gamma,human1,gamma,-0.83487916,20.368322,946,0.8737378120422363
9,macrophage,human1,macrophage,11.487883,0.23511654,947,2.9433364868164062
10,beta,human1,beta,-11.190253,4.276739,948,0.4793370366096496
10,beta,human1,beta,-10.304535,4.7128305,949,0.4199465811252594
4,acinar,human1,acinar,6.487357,-8.344261,950,0.7255244851112366
10,beta,human1,beta,-9.314011,4.7556677,951,0.8060882091522217
10,beta,human1,beta,-7.6291485,3.451625,952,0.6004091501235962
11,alpha,human1,alpha,4.589632,3.103453,953,0.5790343880653381
13,delta,human1,delta,-1.1371149,13.422901,954,0.852471113204956
10,beta,human1,beta,-10.380292,4.7794604,955,0.3845422863960266
2,ductal,human1,schwann,16.150484,-4.744934,956,3.055120944976806
11,alpha,human1,alpha,4.303326,2.6586263,957,0.7940586805343628
10,beta,human1,beta,-10.78975,3.7364795,958,0.3967081904411316
13,delta,human1,delta,-2.1957276,13.186464,959,0.4734804034233093
10,beta,human1,beta,-9.395138,3.7857997,960,0.5291058421134949
10,beta,human1,beta,-8.41067,3.6864164,961,0.5518646836280823
4,acinar,human1,acinar,6.9079194,-8.99167,962,0.6813721656799316
10,beta,human1,beta,-8.823785,4.628794,963,2.123439311981201
10,beta,human1,beta,-9.064812,3.9274695,964,0.3883641958236694
10,beta,human1,beta,-9.5277195,3.261663,965,0.5899001359939575
3,alpha,human1,mast,13.125406,16.05628,966,0.7090590596199036
11,alpha,human1,alpha,5.0207844,2.591478,967,0.8061354756355286
11,alpha,human1,alpha,4.3333697,3.012162,968,0.6322197318077087
12,ductal,human1,ductal,14.3192425,5.8897276,969,1.6888328790664673
11,alpha,human1,alpha,4.659115,3.4682724,970,0.707786500453949
4,acinar,human1,acinar,7.146219,-8.605931,971,1.0172821283340454
4,acinar,human1,acinar,6.1469793,-8.617476,972,0.7108314037322998
10,beta,human1,beta,-9.1868725,3.1048465,973,0.4246334135532379
13,delta,human1,delta,-1.8856515,13.932474,974,0.4764500558376312
5,quiescent_stellate,human1,quiescent_stellate,5.155537,16.108002,975,1.3980612754821775
3,alpha,human1,mast,12.645423,16.477535,976,0.636512041091919
13,delta,human1,delta,-1.507235,12.6172905,977,0.4319323003292084
10,beta,human1,beta,-8.684817,2.6537762,978,1.50255286693573
2,ductal,human1,schwann,16.032463,-4.588271,979,1.3246999979019165
10,beta,human1,beta,-9.396313,4.3957896,980,0.546284556388855
10,beta,human1,beta,-10.205852,4.990347,981,0.3845422863960266
10,beta,human1,beta,-9.121285,5.0214953,982,0.3845422863960266
10,beta,human1,beta,-10.680042,3.9012995,983,0.6942552924156189
5,quiescent_stellate,human1,quiescent_stellate,4.9636664,16.236496,984,1.284459114074707
8,endothelial,human1,endothelial,19.383432,1.9081831,985,2.1539559364318848
4,acinar,human1,acinar,7.1151648,-8.834566,986,0.6847524642944336
6,activated_stellate,human1,activated_stellate,7.687517,10.054451,987,1.6091610193252563
13,delta,human1,delta,-1.9207699,12.671146,988,0.4517205059528351
10,beta,human1,beta,-8.250726,4.250344,989,1.084219217300415
11,alpha,human1,alpha,4.898435,2.3681216,990,1.1668944358825684
8,endothelial,human1,endothelial,19.997374,1.0442126,991,2.024458646774292
8,endothelial,human1,endothelial,19.958998,1.0920516,992,2.242865800857544
3,alpha,human1,mast,11.650113,16.256926,993,0.5899317264556885
10,beta,human1,beta,-9.152391,3.7751763,994,0.3861574232578277
1,gamma,human1,gamma,-0.5463361,20.254295,995,1.089739441871643
10,beta,human1,beta,-9.003859,2.614284,996,0.5435656905174255
12,ductal,human1,ductal,14.005802,6.22981,997,3.588205099105835
5,activated_stellate,human1,quiescent_stellate,5.0289106,16.186089,998,2.452228307723999
11,alpha,human1,alpha,4.7412076,2.3617413,999,1.0339701175689695
10,beta,human1,beta,-7.371074,3.1512554,1000,0.3845422863960266
10,beta,human1,beta,-10.679446,4.1314173,1001,0.5737798810005188
11,alpha,human1,alpha,4.309982,2.766656,1002,0.5450323224067688
4,acinar,human1,acinar,7.0202827,-8.360435,1003,0.8030999302864075
5,quiescent_stellate,human1,quiescent_stellate,4.9977884,16.20541,1004,1.5809606313705444
10,beta,human1,beta,-8.172364,4.4573116,1005,0.3845422863960266
11,alpha,human1,alpha,4.696949,2.0033839,1006,0.9232839941978456
10,beta,human1,beta,-10.21195,3.9052255,1007,0.3845422863960266
2,ductal,human1,schwann,15.710095,-4.596218,1008,3.382143020629883
10,beta,human1,beta,-8.056566,3.0985188,1009,0.4796991348266601
13,delta,human1,delta,-1.8845488,13.083555,1010,0.6306987404823303
10,beta,human1,beta,-8.749645,3.2656481,1011,0.5259701013565063
10,beta,human1,beta,-8.534078,3.2785974,1012,0.8436751365661621
10,beta,human1,beta,-7.882592,3.7936287,1013,1.65149188041687
10,beta,human1,beta,-10.281051,4.065563,1014,0.608690083026886
5,quiescent_stellate,human1,quiescent_stellate,5.136516,16.11557,1015,1.6237664222717283
10,beta,human1,beta,-10.7119875,4.2215347,1016,0.7279818654060364
10,beta,human1,beta,-9.035984,3.5571685,1017,0.3845422863960266
5,schwann,human1,quiescent_stellate,4.417873,16.45271,1018,2.4939630031585693
8,endothelial,human1,endothelial,20.043562,0.9852705,1019,2.042764902114868
10,beta,human1,beta,-9.996866,4.203494,1020,0.6259583234786987
10,beta,human1,beta,-10.681801,3.6287565,1021,0.4212903976440429
12,ductal,human1,ductal,14.165845,5.3958697,1022,1.6197459697723389
1,gamma,human1,gamma,-0.631749,20.105732,1023,1.140855073928833
11,alpha,human1,alpha,4.7349815,2.2936614,1024,0.7065728902816772
1,gamma,human1,gamma,-0.9079435,20.384724,1025,1.1155725717544556
11,alpha,human1,alpha,5.4576817,2.5935268,1026,0.5687730312347412
6,quiescent_stellate,human1,activated_stellate,7.853653,10.25886,1027,2.2534868717193604
8,endothelial,human1,endothelial,19.617077,1.5161135,1028,2.1373074054718018
5,quiescent_stellate,human1,quiescent_stellate,4.5130873,16.417997,1029,2.1173460483551025
13,delta,human1,delta,-1.6961051,13.142386,1030,0.7521401047706604
10,beta,human1,beta,-8.688171,5.2695575,1031,0.5614850521087646
2,ductal,human1,schwann,16.3423,-4.731796,1032,2.0768964290618896
8,endothelial,human1,endothelial,19.397837,1.8828638,1033,2.4295530319213867
10,beta,human1,beta,-8.761502,3.8973494,1034,1.399469256401062
13,delta,human1,delta,-1.6573038,13.334288,1035,0.5575944185256958
6,activated_stellate,human1,activated_stellate,7.790389,9.970396,1036,2.3621022701263428
8,endothelial,human1,endothelial,19.642979,1.4834028,1037,2.1650383472442627
4,acinar,human1,acinar,6.8551965,-8.821827,1038,0.7244190573692322
8,endothelial,human1,endothelial,20.274755,0.694582,1039,2.6741042137146
13,delta,human1,delta,-1.538235,12.976422,1040,0.3887705206871032
1,gamma,human1,gamma,-0.81372476,20.310446,1041,1.187445044517517
6,activated_stellate,human1,activated_stellate,7.7222,10.155426,1042,1.7165896892547607
8,endothelial,human1,endothelial,19.971275,1.0749747,1043,2.060122489929199
10,beta,human1,beta,-10.46853,4.4897246,1044,0.7815013527870178
7,ductal,human1,epsilon,14.311416,6.950274,1045,3.588205099105835
10,beta,human1,beta,-8.5891,4.377716,1046,0.4122228920459747
10,beta,human1,beta,-9.52898,4.993573,1047,0.5940133929252625
11,alpha,human1,alpha,4.294763,3.0734446,1048,1.2445708513259888
11,alpha,human1,alpha,5.6601534,2.8626595,1049,0.5652524828910828
10,beta,human1,beta,-9.4892435,4.1762085,1050,0.7611187100410461
12,ductal,human1,ductal,14.091472,5.677099,1051,3.588205099105835
10,beta,human1,beta,-9.505494,4.078876,1052,1.2271490097045898
3,alpha,human1,mast,12.332996,15.534375,1053,0.9598467350006104
8,endothelial,human1,endothelial,19.530884,1.6581739,1054,2.136885643005371
8,endothelial,human1,endothelial,19.81456,1.2590773,1055,2.192108392715454
10,beta,human1,beta,-10.468575,4.902889,1056,0.4248302578926086
8,endothelial,human1,endothelial,20.410192,0.52072126,1057,2.777743101119995
8,endothelial,human1,endothelial,19.591642,1.5610503,1058,2.0041635036468506
11,alpha,human1,alpha,4.3755984,3.399767,1059,0.965040683746338
5,quiescent_stellate,human1,quiescent_stellate,5.1678233,16.083237,1060,1.8112205266952517
12,ductal,human1,ductal,14.194573,5.4010587,1061,2.151619672775269
10,beta,human1,beta,-10.30311,4.364126,1062,0.3924257159233093
5,quiescent_stellate,human1,quiescent_stellate,4.967065,16.234484,1063,1.3691304922103882
1,epsilon,human1,gamma,-0.896631,20.26923,1064,1.296541690826416
13,delta,human1,delta,-2.218749,13.373246,1065,0.3857262730598449
9,macrophage,human1,macrophage,10.985465,0.7577918,1066,2.6038153171539307
1,gamma,human1,gamma,-0.9095169,20.323431,1067,1.9886163473129272
12,ductal,human1,ductal,14.555049,6.042581,1068,1.850919246673584
11,alpha,human1,alpha,4.385157,2.4421434,1069,0.6265100240707397
10,beta,human1,beta,-9.092743,5.064252,1070,0.5587948560714722
11,alpha,human1,alpha,4.596878,3.4208767,1071,0.5353617072105408
8,endothelial,human1,endothelial,19.978867,1.0627506,1072,2.0527961254119877
10,beta,human1,beta,-9.25303,4.118924,1073,0.6794909238815308
1,gamma,human1,gamma,-0.6038304,19.917633,1074,0.8231250047683716
10,beta,human1,beta,-7.274632,3.3550842,1075,0.4500489830970764
10,beta,human1,beta,-8.172055,3.9763083,1076,0.7566443681716919
6,quiescent_stellate,human1,activated_stellate,7.915551,10.319113,1077,2.3188140392303467
11,alpha,human1,alpha,5.301536,2.957281,1078,0.6922959685325623
10,beta,human1,beta,-8.923129,3.2308733,1079,0.9567839503288268
1,gamma,human1,gamma,-0.82680243,20.120127,1080,0.8555337190628052
11,alpha,human1,alpha,4.655955,2.6691144,1081,0.824478030204773
11,alpha,human1,alpha,5.177535,2.9739707,1082,0.9636516571044922
10,beta,human1,beta,-10.509375,3.575977,1083,0.691076397895813
8,endothelial,human1,endothelial,19.681042,1.4269443,1084,1.949018955230713
10,beta,human1,beta,-10.730437,4.1551175,1085,1.1975438594818115
5,quiescent_stellate,human1,quiescent_stellate,4.8356323,16.250767,1086,1.4981586933135986
8,endothelial,human1,endothelial,19.328823,1.9861004,1087,2.630521535873413
10,beta,human1,beta,-8.346524,3.5407467,1088,1.126656174659729
10,beta,human1,beta,-9.117633,4.3579803,1089,0.7396202683448792
10,beta,human1,beta,-8.990716,4.159387,1090,0.8304252624511719
10,beta,human1,beta,-9.445306,3.186001,1091,0.4234824180603027
12,ductal,human1,ductal,13.94835,5.509743,1092,1.6241086721420288
10,beta,human1,beta,-8.998709,3.8489172,1093,1.4760067462921145
11,alpha,human1,alpha,4.404787,2.2039,1094,0.5720813274383545
5,quiescent_stellate,human1,quiescent_stellate,4.546423,16.376234,1095,1.7427666187286377
10,beta,human1,beta,-10.104998,4.937931,1096,0.4198257029056549
8,endothelial,human1,endothelial,19.31123,2.0081496,1097,2.480618715286255
10,beta,human1,beta,-8.712986,4.473166,1098,0.6075125932693481
12,ductal,human1,ductal,14.315933,6.8852654,1099,3.588205099105835
12,ductal,human1,ductal,14.035445,5.976435,1100,1.5649137496948242
10,beta,human1,beta,-8.134075,4.2981267,1101,1.6851102113723757
6,activated_stellate,human1,activated_stellate,7.7808833,10.391761,1102,1.9823949337005613
10,beta,human1,beta,-11.181256,4.23777,1103,0.3845422863960266
12,ductal,human1,ductal,13.931822,6.025489,1104,1.7143332958221436
10,beta,human1,beta,-9.93664,4.4547033,1105,0.3894127905368805
8,endothelial,human1,endothelial,19.30746,2.022834,1106,2.5041019916534424
10,beta,human1,beta,-10.619124,3.924848,1107,0.5828100442886353
10,beta,human1,beta,-7.845609,4.169251,1108,0.6095767617225647
4,acinar,human1,acinar,6.8981204,-8.639104,1109,1.3847397565841677
11,alpha,human1,alpha,4.815739,2.2314186,1110,0.5874636173248291
5,schwann,human1,quiescent_stellate,5.2423015,16.033663,1111,2.4490206241607666
10,beta,human1,beta,-7.737437,3.5546937,1112,0.4893866777420044
10,beta,human1,beta,-9.571567,3.75999,1113,0.3845422863960266
5,quiescent_stellate,human1,quiescent_stellate,4.7308955,16.37087,1114,1.6009455919265747
10,beta,human1,beta,-10.357436,4.508746,1115,0.9932975769042968
1,gamma,human1,gamma,-0.85481936,20.351097,1116,0.8314294815063477
8,endothelial,human1,endothelial,19.409466,1.8664244,1117,1.9215669631958008
10,beta,human1,beta,-9.155016,2.858082,1118,0.3871797621250152
1,mast,human1,gamma,11.027578,0.714903,1119,4.432863235473633
10,beta,human1,beta,-7.459761,3.486333,1120,0.3979236185550689
1,gamma,human1,gamma,-0.6061539,20.329401,1121,1.431104063987732
5,quiescent_stellate,human1,quiescent_stellate,4.8350306,16.303812,1122,1.495401382446289
10,beta,human1,beta,-7.991096,3.7441747,1123,1.3293052911758425
10,beta,human1,beta,-8.427951,4.08987,1124,1.735230803489685
10,beta,human1,beta,-9.527968,3.331601,1125,0.4237626791000366
8,endothelial,human1,endothelial,20.162786,0.8393061,1126,2.028674602508545
10,beta,human1,beta,-10.412597,4.0956144,1127,0.3997917473316192
11,alpha,human1,alpha,5.0197988,3.2614348,1128,0.6871721148490906
5,quiescent_stellate,human1,quiescent_stellate,4.697398,16.387482,1129,1.274901270866394
6,activated_stellate,human1,activated_stellate,7.565629,10.938045,1130,1.6882184743881226
10,beta,human1,beta,-10.720437,3.9182146,1131,0.5346381068229675
11,alpha,human1,alpha,4.8736134,2.3339963,1132,0.7742186188697815
8,endothelial,human1,endothelial,20.340145,0.607126,1133,2.049773693084717
5,quiescent_stellate,human1,quiescent_stellate,4.9074125,16.236214,1134,1.4498440027236938
8,endothelial,human1,endothelial,20.098528,0.9135213,1135,2.493125438690185
8,endothelial,human1,endothelial,19.888708,1.1649833,1136,2.603632926940918
8,endothelial,human1,endothelial,19.968563,1.0858963,1137,2.055196762084961
8,endothelial,human1,endothelial,19.758982,1.33273,1138,2.204413890838623
2,ductal,human1,schwann,16.543459,-4.5318937,1139,1.517019271850586
10,beta,human1,beta,-8.841723,4.532589,1140,0.7717034220695496
12,ductal,human1,ductal,14.416683,5.889165,1141,1.816053867340088
5,quiescent_stellate,human1,quiescent_stellate,5.1707067,16.081202,1142,1.2440879344940186
10,beta,human1,beta,-10.277063,3.985866,1143,0.6281746625900269
8,endothelial,human1,endothelial,19.904648,1.1491804,1144,2.502675771713257
8,endothelial,human1,endothelial,19.673405,1.4258739,1145,1.9623432159423828
11,alpha,human1,alpha,4.218251,2.1748397,1146,0.7932180166244507
5,quiescent_stellate,human1,quiescent_stellate,5.117933,16.132832,1147,1.5443179607391355
11,alpha,human1,alpha,4.394708,2.000365,1148,0.5735989212989807
4,acinar,human1,acinar,6.4844365,-8.017627,1149,1.6566197872161863
1,gamma,human1,gamma,-0.89137644,20.21297,1150,1.0476139783859253
8,endothelial,human1,endothelial,19.620235,1.4936695,1151,2.0892224311828613
10,beta,human1,beta,-10.677323,4.6307178,1152,0.3951804339885711
5,quiescent_stellate,human1,quiescent_stellate,4.816563,16.26685,1153,1.8660041093826292
6,activated_stellate,human1,activated_stellate,7.5695844,10.990261,1154,2.101470947265625
10,beta,human1,beta,-8.833631,3.962111,1155,0.5230860114097595
10,beta,human1,beta,-7.5908146,2.8710177,1156,1.2605977058410645
8,endothelial,human1,endothelial,20.162209,0.8316961,1157,2.4523401260375977
11,alpha,human1,alpha,4.8072147,2.2851782,1158,0.6073061227798462
5,quiescent_stellate,human1,quiescent_stellate,5.0483255,16.163195,1159,1.871700644493103
5,quiescent_stellate,human1,quiescent_stellate,4.471676,16.421356,1160,2.1512959003448486
5,quiescent_stellate,human1,quiescent_stellate,4.535584,16.414127,1161,1.4482626914978027
5,quiescent_stellate,human1,quiescent_stellate,5.2009287,16.059853,1162,2.098365068435669
8,endothelial,human1,endothelial,19.597673,1.5448427,1163,2.636478900909424
10,beta,human1,beta,-10.06463,4.6818624,1164,0.6139716506004333
5,quiescent_stellate,human1,quiescent_stellate,5.201166,16.062794,1165,1.2582851648330688
10,beta,human1,beta,-8.615459,3.7720096,1166,0.546803891658783
5,quiescent_stellate,human1,quiescent_stellate,5.0724688,16.141703,1167,1.6441168785095217
5,quiescent_stellate,human1,quiescent_stellate,4.3964963,16.45182,1168,1.4840973615646362
10,beta,human1,beta,-8.856185,3.09384,1169,0.8061389923095703
10,beta,human1,beta,-9.180145,3.75817,1170,0.3845422863960266
10,beta,human1,beta,-8.845376,5.076325,1171,0.4075135290622711
10,beta,human1,beta,-9.671281,4.1996264,1172,0.7460913062095642
10,beta,human1,beta,-8.950366,3.5097632,1173,1.3623825311660769
8,endothelial,human1,endothelial,19.47011,1.767363,1174,2.0674448013305664
11,alpha,human1,alpha,4.9284754,1.893408,1175,0.7674877047538757
10,beta,human1,beta,-10.704477,4.5170097,1176,0.4877734780311584
8,endothelial,human1,endothelial,20.356531,0.5933562,1177,2.509141206741333
8,endothelial,human1,endothelial,19.323557,1.9936898,1178,1.9624990224838257
6,activated_stellate,human1,activated_stellate,7.5598564,10.88158,1179,2.4939630031585693
11,alpha,human1,alpha,4.9914455,2.199775,1180,0.7059305310249329
10,beta,human1,beta,-8.131969,4.222629,1181,0.8456560969352722
10,beta,human1,beta,-10.006876,5.0714602,1182,0.3845422863960266
4,acinar,human1,acinar,6.961671,-9.38897,1183,1.175825834274292
5,quiescent_stellate,human1,quiescent_stellate,5.1920795,16.04685,1184,1.669036865234375
8,endothelial,human1,endothelial,19.36407,1.9378122,1185,2.437560558319092
8,endothelial,human1,endothelial,19.291166,2.030172,1186,2.284744501113892
8,endothelial,human1,endothelial,19.278841,2.0488493,1187,2.838065385818481
10,delta,human1,beta,-10.611173,4.518307,1188,0.9891772270202636
8,endothelial,human1,endothelial,20.3503,0.59441864,1189,2.156088352203369
11,alpha,human1,alpha,4.9001603,2.207381,1190,0.7062554955482483
10,beta,human1,beta,-9.014522,3.0677907,1191,0.397798091173172
5,quiescent_stellate,human1,quiescent_stellate,5.1308084,16.161137,1192,1.9174543619155884
8,endothelial,human1,endothelial,20.191523,0.7949781,1193,2.838065385818481
5,quiescent_stellate,human1,quiescent_stellate,4.419542,16.454306,1194,1.6032061576843262
11,alpha,human1,alpha,3.7479582,2.7137501,1195,0.782849907875061
5,quiescent_stellate,human1,quiescent_stellate,5.198737,16.065186,1196,1.4973446130752563
4,acinar,human1,acinar,6.641132,-7.0715685,1197,0.9234560132026672
4,acinar,human1,acinar,7.0475507,-8.435058,1198,0.9757670164108276
13,delta,human1,delta,-2.0082393,13.317591,1199,0.4157636761665344
4,acinar,human1,acinar,6.890957,-9.767566,1200,1.0132569074630735
6,activated_stellate,human1,activated_stellate,7.5443788,10.965943,1201,1.6987494230270386
4,acinar,human1,acinar,6.819178,-8.695503,1202,0.9183936715126038
4,acinar,human1,acinar,6.5959845,-7.569439,1203,0.7950834631919861
13,delta,human1,delta,-2.0015066,13.60901,1204,0.5620978474617004
13,delta,human1,delta,-1.7122037,13.0811205,1205,0.4277556836605072
13,delta,human1,delta,-1.8827422,12.621389,1206,0.4230293333530426
4,acinar,human1,acinar,6.7157793,-7.454754,1207,1.0578839778900146
10,beta,human1,beta,-7.422103,3.8264694,1208,0.394984483718872
6,activated_stellate,human1,activated_stellate,7.56644,10.999338,1209,1.5021644830703735
13,delta,human1,delta,-1.6503435,12.830845,1210,0.5532448291778564
13,delta,human1,delta,-1.85296,13.700573,1211,0.5812035799026489
13,delta,human1,delta,-1.1642832,13.0569725,1212,0.410324364900589
13,delta,human1,delta,-1.4312454,13.449915,1213,0.3845422863960266
10,beta,human1,beta,-6.952261,3.5816152,1214,0.8093502521514893
13,delta,human1,delta,-1.771566,12.626343,1215,1.485739827156067
4,acinar,human1,acinar,6.5093937,-7.4284368,1216,0.8316221237182617
6,activated_stellate,human1,activated_stellate,7.601716,10.181683,1217,1.4742207527160645
6,activated_stellate,human1,activated_stellate,7.549556,10.964455,1218,1.4377470016479492
13,delta,human1,delta,-1.8078287,12.693401,1219,0.7254741787910461
10,beta,human1,beta,-7.6515594,3.7796376,1220,0.4512729048728943
4,acinar,human1,acinar,6.6395626,-7.601986,1221,0.8677374720573425
13,delta,human1,delta,-2.0524251,12.545368,1222,1.036813735961914
10,beta,human1,beta,-9.737572,3.5253747,1223,0.5238502621650696
13,delta,human1,delta,-2.092743,13.1095915,1224,0.3923613131046295
7,ductal,human1,epsilon,-2.2023509,-10.017544,1225,1.3008954524993896
4,acinar,human1,acinar,6.3702855,-8.0742,1226,1.0714290142059326
4,acinar,human1,acinar,7.001699,-8.138167,1227,1.0735729932785034
13,delta,human1,delta,-1.6846668,12.983746,1228,0.3980729281902313
10,beta,human1,beta,-10.267054,3.6590626,1229,0.4240701198577881
10,beta,human1,beta,-7.2056146,3.884529,1230,0.7501592040061951
10,beta,human1,beta,-10.26716,3.5944304,1231,0.6147670745849609
13,delta,human1,delta,-2.0132782,12.927302,1232,0.4504106044769287
10,beta,human1,beta,-7.4028563,3.0563693,1233,0.4244485199451446
10,beta,human1,beta,-6.897589,3.9635303,1234,0.4099060595035553
10,beta,human1,beta,-8.609565,4.6800175,1235,0.5395382642745972
13,delta,human1,delta,-1.4266067,12.618723,1236,0.4242548048496246
13,delta,human1,delta,-2.109233,13.078609,1237,0.4242950081825256
13,delta,human1,delta,-1.7711641,12.489398,1238,0.443300724029541
4,acinar,human1,acinar,6.983495,-8.777593,1239,1.018504977226257
2,ductal,human1,schwann,15.725355,-4.6306896,1240,2.240983009338379
13,delta,human1,delta,-1.60569,13.110535,1241,0.3845422863960266
6,activated_stellate,human1,activated_stellate,7.628857,10.097625,1242,1.6355347633361816
10,beta,human1,beta,-11.091897,4.216639,1243,0.3845422863960266
13,activated_stellate,human1,delta,-1.5904118,13.401343,1244,1.6238361597061155
3,alpha,human1,mast,12.5406275,16.065928,1245,0.656459629535675
13,delta,human1,delta,-1.8753921,12.962759,1246,0.3876297771930694
10,beta,human1,beta,-7.0121355,3.7120447,1247,0.617249071598053
10,beta,human1,beta,-9.502365,4.1130924,1248,0.4333364963531494
10,beta,human1,beta,-7.9487786,3.1967783,1249,0.3983550667762756
4,acinar,human1,acinar,6.3822136,-8.22096,1250,1.3150416612625122
13,delta,human1,delta,-1.6658001,13.38295,1251,0.4621539115905761
2,ductal,human1,schwann,15.692095,-4.5675917,1252,1.547656774520874
1,macrophage,human1,gamma,-0.95873326,20.349392,1253,2.511737823486328
13,delta,human1,delta,-1.823361,13.892119,1254,0.4368734359741211
10,beta,human1,beta,-9.365898,3.3255932,1255,0.5796169638633728
10,beta,human1,beta,-7.4016576,3.4172752,1256,0.5189009308815002
13,delta,human1,delta,-1.9790484,12.589271,1257,0.6396834254264832
13,delta,human1,delta,-2.111055,13.160071,1258,1.4722473621368408
10,beta,human1,beta,-7.594858,3.236571,1259,0.7041575908660889
13,delta,human1,delta,-1.8844963,12.652074,1260,0.454925388097763
10,beta,human1,beta,-8.513914,2.887223,1261,0.3845422863960266
13,delta,human1,delta,-1.4893113,13.963699,1262,0.4037348628044128
4,acinar,human1,acinar,6.227384,-8.306745,1263,0.9434860944747924
13,delta,human1,delta,-1.7870868,12.880566,1264,0.9116654992103576
10,beta,human1,beta,-9.98724,4.071648,1265,0.4662820398807525
4,acinar,human1,acinar,7.133224,-9.007306,1266,1.0093121528625488
10,beta,human1,beta,-8.833009,3.070295,1267,0.4274089634418487
10,beta,human1,beta,-7.9977307,4.9018106,1268,0.3911204040050506
12,ductal,human1,ductal,14.320453,6.84522,1269,3.588205099105835
13,delta,human1,delta,-1.7782524,12.806103,1270,0.4440527558326721
13,delta,human1,delta,-1.4726019,13.272077,1271,0.4765205979347229
10,beta,human1,beta,-8.271332,3.1887343,1272,0.4010955989360809
13,delta,human1,delta,-1.7273391,13.835109,1273,0.4340178668498993
13,delta,human1,delta,-1.4898419,13.616708,1274,0.4109166264533996
10,beta,human1,beta,-10.283777,3.0174177,1275,0.4636546373367309
11,alpha,human1,alpha,5.6112833,2.587344,1276,0.6082662343978882
10,beta,human1,beta,-7.1908135,3.5729158,1277,0.3845422863960266
4,acinar,human1,acinar,7.0235925,-8.023712,1278,0.9592050909996032
11,alpha,human1,alpha,4.765955,2.6854503,1279,0.7691973447799683
11,alpha,human1,alpha,5.9461093,2.768264,1280,0.741580605506897
10,beta,human1,beta,-7.648373,2.933404,1281,0.3848276734352112
10,beta,human1,beta,-10.722778,3.6733038,1282,0.4262206852436065
10,beta,human1,beta,-9.431014,3.0541232,1283,0.4948457777500152
10,beta,human1,beta,-9.563097,2.7541122,1284,0.4299883544445038
10,beta,human1,beta,-8.813511,3.0366194,1285,0.3845422863960266
10,beta,human1,beta,-7.6831293,4.5355396,1286,0.4129911959171295
10,beta,human1,beta,-8.53501,4.2924285,1287,0.7801252007484436
10,beta,human1,beta,-7.849957,4.4726877,1288,0.3845422863960266
13,delta,human1,delta,-1.6590935,12.426513,1289,0.536411702632904
10,beta,human1,beta,-9.867818,3.486905,1290,0.5190843343734741
10,beta,human1,beta,-7.101002,4.200094,1291,0.3845422863960266
13,delta,human1,delta,-1.5516912,13.596438,1292,0.3911974728107452
10,beta,human1,beta,-9.51106,4.49386,1293,0.3845422863960266
10,beta,human1,beta,-8.296015,4.3267508,1294,0.3845422863960266
10,beta,human1,beta,-7.4235077,3.924941,1295,0.4009424746036529
3,alpha,human1,mast,12.830906,16.293337,1296,0.6225901246070862
13,delta,human1,delta,-1.1836796,13.20872,1297,0.5186994075775146
11,alpha,human1,alpha,5.1917257,2.8275099,1298,0.6106485724449158
10,beta,human1,beta,-8.385714,2.9292672,1299,0.4362146258354187
13,delta,human1,delta,-2.0483391,13.430528,1300,0.4227690696716308
10,beta,human1,beta,-6.9259753,4.1207595,1301,0.3845422863960266
6,activated_stellate,human1,activated_stellate,7.66154,10.523367,1302,1.7819045782089231
10,beta,human1,beta,-7.459375,3.3535936,1303,0.46517413854599
10,beta,human1,beta,-8.516014,4.1273413,1304,0.675518274307251
13,delta,human1,delta,-1.6287935,12.49156,1305,0.875103771686554
13,delta,human1,delta,-1.7498463,12.459863,1306,0.4996621012687683
12,ductal,human1,ductal,14.30562,6.9763074,1307,3.588205099105835
4,acinar,human1,acinar,6.96843,-7.9680433,1308,1.0315072536468506
4,acinar,human1,acinar,6.812881,-9.736172,1309,0.7331117987632751
13,delta,human1,delta,-1.5273384,13.473015,1310,0.4053886830806732
12,ductal,human1,ductal,14.28843,5.713446,1311,1.7825119495391846
13,delta,human1,delta,-1.5686185,12.657454,1312,1.2573528289794922
10,beta,human1,beta,-8.655658,3.271298,1313,0.4364306330680847
12,ductal,human1,ductal,14.283403,6.586884,1314,1.468032956123352
10,beta,human1,beta,-7.985931,4.626354,1315,0.5587918162345886
10,beta,human1,beta,-7.4681015,3.1004272,1316,0.3845422863960266
10,beta,human1,beta,-8.133142,3.5504286,1317,0.5243502259254456
10,beta,human1,beta,-7.3266516,3.4454522,1318,0.3845422863960266
11,alpha,human1,alpha,4.2439446,2.7353215,1319,0.8475852012634277
10,beta,human1,beta,-7.9852586,4.882219,1320,0.3845422863960266
10,beta,human1,beta,-9.3749485,3.1767662,1321,0.6345617771148682
10,beta,human1,beta,-8.335252,3.949096,1322,0.7056916952133179
10,beta,human1,beta,-8.108002,4.1848383,1323,0.6210766434669495
10,beta,human1,beta,-8.94786,3.9054413,1324,0.3979338407516479
11,alpha,human1,alpha,4.4573827,2.6900778,1325,0.5736477971076965
4,acinar,human1,acinar,6.557769,-9.419045,1326,1.0136919021606443
10,beta,human1,beta,-6.9791293,4.205965,1327,0.3845422863960266
10,beta,human1,beta,-9.427182,4.598378,1328,0.4549632966518402
10,beta,human1,beta,-6.870365,4.0417247,1329,0.5685515403747559
10,beta,human1,beta,-9.403154,5.0775886,1330,0.5751969218254089
13,delta,human1,delta,-1.9862276,13.711057,1331,0.3845422863960266
10,beta,human1,beta,-7.952299,3.187077,1332,0.5423262119293213
10,beta,human1,beta,-10.278964,3.765439,1333,0.4103947281837463
10,beta,human1,beta,-6.9138503,3.8230681,1334,0.4838564693927765
6,activated_stellate,human1,activated_stellate,7.7952604,10.247242,1335,1.8242785930633545
10,beta,human1,beta,-9.016514,4.0899167,1336,0.4109432399272918
13,delta,human1,delta,-1.3856841,12.613302,1337,0.5398964881896973
10,beta,human1,beta,-7.60558,3.617703,1338,0.3845422863960266
4,acinar,human1,acinar,7.183084,-7.681615,1339,1.230646729469299
10,beta,human1,beta,-8.635433,2.566632,1340,0.6875545978546143
10,beta,human1,beta,-9.1960125,5.0992484,1341,0.3845422863960266
6,activated_stellate,human1,activated_stellate,7.6499476,10.010047,1342,1.6282650232315063
11,alpha,human1,alpha,5.342198,2.0977583,1343,1.0692354440689087
10,beta,human1,beta,-8.692676,4.374756,1344,0.4615888297557831
10,beta,human1,beta,-7.9874516,4.04588,1345,0.5237632989883423
2,quiescent_stellate,human1,schwann,16.201488,-4.852906,1346,2.240983009338379
6,activated_stellate,human1,activated_stellate,7.7240505,10.164828,1347,1.680411696434021
4,acinar,human1,acinar,6.3938546,-8.14177,1348,1.376187443733215
10,beta,human1,beta,-7.039483,4.212986,1349,0.3845422863960266
3,alpha,human1,mast,13.107572,16.178986,1350,0.6981118321418762
13,delta,human1,delta,-2.081272,13.298532,1351,0.4049629867076874
4,acinar,human1,acinar,6.406669,-7.2805505,1352,0.9677550792694092
10,beta,human1,beta,-9.662144,3.5778613,1353,0.4080289602279663
10,beta,human1,beta,-8.717432,5.2099032,1354,0.4439122080802917
10,beta,human1,beta,-7.205418,3.4208877,1355,1.4957433938980105
10,beta,human1,beta,-10.122572,4.8180823,1356,0.4291347563266754
12,ductal,human1,ductal,14.52867,5.9776325,1357,1.4417132139205933
10,beta,human1,beta,-9.254314,4.7177863,1358,0.4379594922065735
4,acinar,human1,acinar,6.6303744,-9.015288,1359,1.0940539836883545
10,beta,human1,beta,-9.003234,4.320794,1360,0.5131734609603882
10,beta,human1,beta,-9.723179,4.1591706,1361,0.7038408517837524
10,beta,human1,beta,-7.500251,4.1036773,1362,0.6505625247955322
10,beta,human1,beta,-8.645481,5.163063,1363,0.6635628938674927
10,beta,human1,beta,-9.743824,3.8336594,1364,0.4317356944084167
10,beta,human1,beta,-6.9571443,3.8198836,1365,0.555305540561676
11,alpha,human1,alpha,4.8933334,3.116189,1366,1.2162781953811646
4,acinar,human1,acinar,6.9102855,-7.8698463,1367,1.0381909608840942
10,beta,human1,beta,-9.239471,3.4936576,1368,0.421464741230011
10,beta,human1,beta,-8.996257,3.631165,1369,0.7019446492195129
11,alpha,human1,alpha,4.786918,3.212804,1370,1.250019669532776
10,beta,human1,beta,-9.011409,3.9469242,1371,0.3845422863960266
10,beta,human1,beta,-10.278182,4.4514265,1372,0.5401225090026855
1,gamma,human1,gamma,-0.74811906,20.197868,1373,0.9437796473503112
13,delta,human1,delta,-1.6748198,13.2521515,1374,0.3845422863960266
9,macrophage,human1,macrophage,11.576436,0.14340554,1375,3.491959571838379
11,alpha,human1,alpha,5.200932,2.718056,1376,0.5764545202255249
13,delta,human1,delta,-1.908325,13.959949,1377,0.5328915119171143
10,beta,human1,beta,-9.589411,5.316703,1378,0.3845422863960266
12,ductal,human1,ductal,14.081871,5.8273225,1379,1.512171983718872
2,ductal,human1,schwann,16.06861,-4.6749043,1380,1.6819744110107422
11,alpha,human1,alpha,4.6277223,3.7157426,1381,0.7362081408500671
10,beta,human1,beta,-9.749969,4.5107875,1382,0.6992709636688232
10,beta,human1,beta,-9.099638,3.4207625,1383,0.4509037733078003
4,acinar,human1,acinar,7.0935135,-7.443109,1384,0.9339412450790404
10,endothelial,human1,beta,-8.268221,2.5348597,1385,2.781705856323242
11,alpha,human1,alpha,5.784778,2.946688,1386,1.046782612800598
1,gamma,human1,gamma,-0.64695734,20.257626,1387,0.8335043787956238
10,beta,human1,beta,-10.18925,3.7326388,1388,0.4714099764823913
13,quiescent_stellate,human1,delta,-1.8298603,13.12162,1389,2.4939630031585693
10,beta,human1,beta,-10.885711,3.7103333,1390,0.3903934359550476
13,delta,human1,delta,-1.7996198,13.246079,1391,0.4786067008972168
10,beta,human1,beta,-8.342485,4.432296,1392,0.386638730764389
12,ductal,human1,ductal,14.23801,5.6462865,1393,1.48833966255188
10,beta,human1,beta,-7.87066,4.0953617,1394,0.768986701965332
11,alpha,human1,alpha,5.523905,2.8207004,1395,0.7097209095954895
10,beta,human1,beta,-9.804067,4.2052293,1396,0.5781700611114502
13,delta,human1,delta,-1.6780624,12.944376,1397,0.7114447951316833
10,beta,human1,beta,-9.001406,3.9696498,1398,0.7866379022598267
11,alpha,human1,alpha,5.1997705,3.5662189,1399,0.6877620220184326
11,quiescent_stellate,human1,alpha,5.1489997,2.811463,1400,2.152772188186645
12,ductal,human1,ductal,14.33326,5.573422,1401,1.583564281463623
13,delta,human1,delta,-1.7704427,12.399655,1402,1.1936540603637695
10,beta,human1,beta,-7.9610906,3.476824,1403,0.3845422863960266
10,beta,human1,beta,-7.3918734,3.974797,1404,0.3845422863960266
13,delta,human1,delta,-1.945269,13.186675,1405,0.7182027101516724
11,alpha,human1,alpha,4.638274,2.4396014,1406,0.8557612299919128
10,beta,human1,beta,-7.252136,3.7438214,1407,0.6654018759727478
10,beta,human1,beta,-8.974562,5.208516,1408,0.3845422863960266
13,delta,human1,delta,-1.3828169,13.667582,1409,0.5038557648658752
10,beta,human1,beta,-10.935467,4.250764,1410,0.4293442964553833
10,beta,human1,beta,-8.581848,4.461892,1411,0.4217779338359833
13,delta,human1,delta,-1.5008059,13.318663,1412,0.560061514377594
12,ductal,human1,ductal,14.426281,6.1611414,1413,1.5974929332733154
2,ductal,human1,schwann,15.84439,-4.634021,1414,1.4539499282836914
10,beta,human1,beta,-9.853084,4.42486,1415,0.3845422863960266
10,beta,human1,beta,-8.767767,4.481845,1416,0.3845422863960266
10,beta,human1,beta,-9.888077,2.9311519,1417,0.3845422863960266
10,beta,human1,beta,-7.242013,4.510745,1418,0.397514134645462
10,endothelial,human1,beta,-8.258554,2.4921958,1419,2.784763813018799
10,beta,human1,beta,-9.386241,4.7217274,1420,0.4400790333747864
10,beta,human1,beta,-9.217724,4.558693,1421,0.9326890707015992
11,alpha,human1,alpha,4.6649437,2.5743446,1422,0.6077780723571777
10,beta,human1,beta,-6.987321,3.6120293,1423,0.44923797249794
10,beta,human1,beta,-8.6146145,4.7370105,1424,0.4495344161987304
11,alpha,human1,alpha,5.5676823,2.8730478,1425,0.7062160968780518
10,beta,human1,beta,-9.135601,3.7972772,1426,0.3845422863960266
4,acinar,human1,acinar,6.889261,-7.399958,1427,0.7956810593605042
13,delta,human1,delta,-1.8465502,13.955185,1428,0.3962793350219726
10,beta,human1,beta,-9.057507,3.6040275,1429,0.3845422863960266
10,beta,human1,beta,-10.81446,3.9754786,1430,0.5206047892570496
12,ductal,human1,ductal,14.054183,5.6531606,1431,1.628024339675903
12,ductal,human1,ductal,14.442293,5.666651,1432,2.1324386596679688
10,beta,human1,beta,-8.671684,3.531525,1433,0.4021620750427246
11,alpha,human1,alpha,4.404847,2.7243772,1434,1.2144371271133425
10,beta,human1,beta,-9.694019,3.806122,1435,0.3845422863960266
10,beta,human1,beta,-7.864218,4.391362,1436,0.4713727235794067
12,ductal,human1,ductal,14.554675,6.2204566,1437,1.4980242252349854
11,alpha,human1,alpha,4.295252,2.5060375,1438,0.75457364320755
6,activated_stellate,human1,activated_stellate,7.539156,10.868672,1439,1.488093018531799
10,beta,human1,beta,-9.346095,2.9747205,1440,0.3865746259689331
11,alpha,human1,alpha,5.4334273,3.0671587,1441,0.646594762802124
12,ductal,human1,ductal,14.116252,5.81055,1442,1.5749311447143557
13,delta,human1,delta,-1.9092079,12.997176,1443,0.3845422863960266
11,alpha,human1,alpha,4.979992,2.719883,1444,0.5761712193489075
1,gamma,human1,gamma,-0.95948106,20.292892,1445,0.9428607225418092
10,beta,human1,beta,-9.921978,3.8696697,1446,0.3845422863960266
6,activated_stellate,human1,activated_stellate,7.7957273,9.944345,1447,1.8544809818267824
12,ductal,human1,ductal,14.3080015,6.9637566,1448,3.588205099105835
10,beta,human1,beta,-7.496862,4.664741,1449,1.2672908306121826
10,beta,human1,beta,-10.92404,4.19002,1450,0.8193745613098145
6,activated_stellate,human1,activated_stellate,7.6429887,10.499526,1451,1.5992369651794434
10,beta,human1,beta,-8.398198,3.4400344,1452,0.3845422863960266
13,delta,human1,delta,-1.7337581,12.967164,1453,0.3970612585544586
6,activated_stellate,human1,activated_stellate,7.629069,10.867689,1454,1.9777456521987915
10,beta,human1,beta,-9.258716,4.312355,1455,0.4439592957496643
1,gamma,human1,gamma,-0.59188116,20.086878,1456,0.8584058284759521
10,beta,human1,beta,-7.154651,3.964339,1457,0.8419605493545532
10,beta,human1,beta,-8.58015,4.28382,1458,1.2263702154159546
10,beta,human1,beta,-10.486017,3.7724893,1459,0.3845422863960266
13,delta,human1,delta,-2.0970066,13.56139,1460,0.3923909366130829
10,beta,human1,beta,-7.9083257,4.0196733,1461,0.3890761435031891
10,beta,human1,beta,-10.76243,4.2392983,1462,0.5832173824310303
11,alpha,human1,alpha,4.8888936,3.138499,1463,0.702161431312561
10,beta,human1,beta,-8.574509,3.9471629,1464,0.3845422863960266
11,alpha,human1,alpha,4.3765006,2.1174357,1465,0.6208952069282532
13,epsilon,human1,delta,-1.6339374,12.420119,1466,0.7798934578895569
6,activated_stellate,human1,activated_stellate,7.561386,10.468825,1467,1.766850233078003
10,beta,human1,beta,-8.724353,3.2226572,1468,0.516405463218689
11,alpha,human1,alpha,5.1358485,2.96104,1469,0.7734341025352478
2,ductal,human1,schwann,16.263906,-4.5315957,1470,3.49489974975586
3,alpha,human1,mast,12.615336,16.063875,1471,0.6390779614448547
10,beta,human1,beta,-7.423883,4.5558624,1472,0.4905115365982055
10,beta,human1,beta,-9.373968,3.9745195,1473,0.6914951205253601
13,delta,human1,delta,-1.4383434,13.094965,1474,0.8435311317443848
12,ductal,human1,ductal,14.326621,6.047167,1475,1.6160039901733398
10,beta,human1,beta,-9.739512,4.1814594,1476,0.4385690093040466
11,alpha,human1,alpha,4.742847,3.1899073,1477,1.1936280727386477
13,delta,human1,delta,-2.1759768,13.258555,1478,0.4044155180454254
10,beta,human1,beta,-10.422759,4.443962,1479,0.3845422863960266
10,beta,human1,beta,-6.893784,3.7083294,1480,0.991277039051056
10,beta,human1,beta,-7.318852,3.760184,1481,0.4248380064964294
10,beta,human1,beta,-8.506913,3.3942435,1482,0.4120951294898987
10,beta,human1,beta,-8.329327,3.9226205,1483,0.6285154819488525
6,activated_stellate,human1,activated_stellate,7.5294,10.891472,1484,1.67920982837677
11,alpha,human1,alpha,4.4295278,3.301549,1485,0.7990076541900635
10,beta,human1,beta,-8.458856,2.6584494,1486,0.5054920315742493
12,ductal,human1,ductal,14.036902,6.182911,1487,1.6608076095581057
13,delta,human1,delta,-1.2902348,12.694427,1488,0.4968937635421753
11,alpha,human1,alpha,4.522604,2.8292608,1489,0.557467520236969
11,alpha,human1,alpha,4.596397,3.4221988,1490,0.7789878845214844
10,beta,human1,beta,-8.922251,4.8525243,1491,0.4486503303050995
10,beta,human1,beta,-8.718421,3.7197723,1492,0.3845422863960266
10,beta,human1,beta,-8.078623,3.986002,1493,0.5640038847923279
13,delta,human1,delta,-1.5715499,13.442289,1494,0.5592150092124939
11,alpha,human1,alpha,5.1947317,3.110994,1495,0.676871120929718
10,beta,human1,beta,-7.4100833,3.7287786,1496,0.6220461130142212
10,beta,human1,beta,-9.45131,5.0911646,1497,0.3848707377910614
10,beta,human1,beta,-8.354168,3.1971529,1498,0.3854646682739258
10,beta,human1,beta,-8.616524,3.6488066,1499,0.4025467336177826
10,beta,human1,beta,-9.102546,2.4662056,1500,0.606848418712616
13,delta,human1,delta,-1.938727,13.393011,1501,0.3845422863960266
10,beta,human1,beta,-8.419222,4.701733,1502,0.5632699728012085
10,beta,human1,beta,-7.3738885,3.2787495,1503,0.665793776512146
10,beta,human1,beta,-9.014919,3.6457396,1504,0.5092234015464783
11,alpha,human1,alpha,5.130425,2.2628667,1505,0.5377134084701538
10,beta,human1,beta,-6.970626,3.6264725,1506,0.4397521913051605
1,gamma,human1,gamma,-0.72430414,20.03827,1507,0.8743072748184204
10,beta,human1,beta,-9.070204,2.648479,1508,0.3845422863960266
6,activated_stellate,human1,activated_stellate,7.550872,10.827267,1509,1.7377853393554688
10,beta,human1,beta,-8.364662,3.738131,1510,0.5897291302680969
11,alpha,human1,alpha,5.2727895,3.0354676,1511,0.6033014059066772
11,alpha,human1,alpha,5.3647985,2.2384615,1512,0.5178210139274597
10,beta,human1,beta,-8.28129,3.818245,1513,0.3845422863960266
10,beta,human1,beta,-9.025828,4.164888,1514,0.4047834873199463
13,delta,human1,delta,-1.9012239,12.474894,1515,1.338598132133484
10,beta,human1,beta,-7.3988624,4.064049,1516,0.3890329897403717
10,beta,human1,beta,-9.738605,4.011515,1517,0.8059686422348022
10,beta,human1,beta,-8.849828,4.018033,1518,0.3845422863960266
10,beta,human1,beta,-8.224348,4.0912166,1519,0.3889353573322296
10,beta,human1,beta,-9.013109,4.3644533,1520,0.4462869763374328
10,beta,human1,beta,-9.279058,4.239521,1521,0.4223206341266632
5,quiescent_stellate,human1,quiescent_stellate,4.8445525,16.26777,1522,1.9693176746368408
12,ductal,human1,ductal,14.500156,6.145064,1523,1.4999144077301023
2,ductal,human1,schwann,16.11358,-4.634911,1524,3.3665640354156494
13,delta,human1,delta,-1.958041,12.680057,1525,0.406330406665802
11,alpha,human1,alpha,5.1209908,1.9977409,1526,0.7758340835571289
10,beta,human1,beta,-10.315476,3.597536,1527,0.4819160401821136
10,beta,human1,beta,-8.905759,3.267821,1528,0.5882334113121033
10,beta,human1,beta,-9.982002,3.6076126,1529,0.7025730013847351
10,beta,human1,beta,-8.611568,4.826866,1530,0.4172079563140869
10,beta,human1,beta,-8.709111,4.240376,1531,0.4266978502273559
10,beta,human1,beta,-7.515813,3.4033272,1532,0.3856853544712066
1,gamma,human1,gamma,-0.9332911,20.13739,1533,1.1115953922271729
10,beta,human1,beta,-7.9924617,3.470884,1534,0.4603774845600128
10,beta,human1,beta,-8.345374,3.1185346,1535,0.5986915826797485
1,gamma,human1,gamma,-0.8282337,20.337902,1536,0.9438191056251526
3,alpha,human1,mast,12.055202,16.180285,1537,1.0018752813339231
10,beta,human1,beta,-7.0305467,3.5748734,1538,0.4942315220832824
11,alpha,human1,alpha,4.933155,3.1513398,1539,1.0917508602142334
3,alpha,human1,mast,11.751719,16.00882,1540,0.6515195369720459
10,beta,human1,beta,-9.904757,3.4824347,1541,0.5176573991775513
13,delta,human1,delta,-1.6858907,12.570332,1542,0.4623211026191711
10,beta,human1,beta,-10.937985,3.800931,1543,0.4454672634601593
10,beta,human1,beta,-8.769027,3.211016,1544,0.3870937824249267
10,beta,human1,beta,-8.39323,3.6463873,1545,1.149118423461914
10,beta,human1,beta,-9.531873,3.6125324,1546,0.823003351688385
8,endothelial,human1,endothelial,19.361977,1.9418777,1547,2.024665117263794
10,beta,human1,beta,-8.449943,4.093047,1548,0.5198976397514343
5,quiescent_stellate,human1,quiescent_stellate,4.5000944,16.396988,1549,1.4915138483047483
10,beta,human1,beta,-7.4337163,3.3954089,1550,0.5426575541496277
10,beta,human1,beta,-8.065914,5.0238676,1551,0.3845422863960266
3,alpha,human1,mast,11.620967,15.445257,1552,0.7544625997543335
12,ductal,human1,ductal,14.2683115,6.700808,1553,1.4804168939590454
10,beta,human1,beta,-9.206412,3.7275982,1554,1.897666454315185
10,beta,human1,beta,-9.07232,5.086069,1555,1.7679308652877808
1,gamma,human1,gamma,-0.8494843,20.276882,1556,1.146082043647766
11,alpha,human1,alpha,5.667889,2.318734,1557,0.7371264696121216
1,gamma,human1,gamma,-0.64761525,20.005747,1558,1.054749846458435
10,beta,human1,beta,-8.061125,3.4389603,1559,0.4567013084888458
10,beta,human1,beta,-8.391244,4.673283,1560,0.5774115920066833
3,alpha,human1,mast,11.089592,15.420877,1561,0.6309961080551147
11,alpha,human1,alpha,4.8878636,3.4147215,1562,1.778773069381714
10,ductal,human1,beta,-8.381381,4.509359,1563,1.822848081588745
10,beta,human1,beta,-8.63377,3.7116113,1564,0.3845422863960266
3,alpha,human1,mast,12.851017,16.234653,1565,0.884084939956665
10,beta,human1,beta,-8.897185,3.226333,1566,0.4430451393127441
13,delta,human1,delta,-1.9387517,12.9143095,1567,0.4021172523498535
12,ductal,human1,ductal,14.261883,5.79827,1568,1.4362207651138306
10,beta,human1,beta,-9.085115,4.181661,1569,0.6449577212333679
10,beta,human1,beta,-9.63019,3.5855095,1570,0.4059242308139801
10,beta,human1,beta,-10.323457,4.2508097,1571,0.3896034657955169
10,beta,human1,beta,-8.477842,4.3906717,1572,0.3845422863960266
10,beta,human1,beta,-10.787125,3.922773,1573,0.9626456499099731
10,beta,human1,beta,-8.259033,3.515862,1574,1.061346411705017
2,ductal,human1,schwann,15.993026,-4.1970215,1575,3.337691068649292
10,beta,human1,beta,-9.695654,3.7976894,1576,0.3845422863960266
11,alpha,human1,alpha,4.994169,2.611912,1577,1.0197272300720217
10,beta,human1,beta,-8.6625,4.0870323,1578,0.8505774736404419
10,beta,human1,beta,-10.367375,4.7816496,1579,0.4895871579647064
3,alpha,human1,mast,13.18636,16.087383,1580,0.5479397177696228
4,acinar,human1,acinar,6.3093834,-8.092311,1581,0.8446139097213745
4,acinar,human1,acinar,6.940313,-8.2785015,1582,0.9237120151519777
10,beta,human1,beta,-8.741403,3.8971422,1583,0.4687284231185913
10,beta,human1,beta,-10.099392,4.3872414,1584,0.3845422863960266
10,beta,human1,beta,-8.561285,4.3550167,1585,0.8310038447380066
3,alpha,human1,mast,12.391872,16.001984,1586,0.7017858028411865
11,alpha,human1,alpha,4.421809,2.023083,1587,1.4744036197662354
11,alpha,human1,alpha,4.3509226,2.0721495,1588,1.0823277235031128
3,alpha,human1,mast,12.108302,15.772273,1589,0.7545748949050903
10,beta,human1,beta,-9.959629,3.1880245,1590,0.3845422863960266
11,alpha,human1,alpha,5.347253,2.3280041,1591,0.7256462574005127
10,beta,human1,beta,-8.585865,2.8888497,1592,0.6081693172454834
11,alpha,human1,alpha,5.46231,2.6924152,1593,0.8352240920066833
10,beta,human1,beta,-8.845705,2.4894512,1594,0.4399097561836242
10,beta,human1,beta,-8.9096,3.9143686,1595,0.8662886619567871
10,beta,human1,beta,-10.586747,4.70827,1596,0.5033958554267883
11,alpha,human1,alpha,5.2104893,3.006092,1597,0.5402517318725586
13,delta,human1,delta,-1.6184504,13.191298,1598,0.4364397525787353
11,alpha,human1,alpha,5.146222,3.0357065,1599,0.7616899013519287
10,beta,human1,beta,-8.790898,5.027214,1600,0.5357968211174011
10,beta,human1,beta,-10.0750885,4.856802,1601,0.392145961523056
10,beta,human1,beta,-9.623176,4.5241942,1602,0.5574374198913574
3,alpha,human1,mast,11.908604,15.738918,1603,1.1437424421310425
1,gamma,human1,gamma,-0.7274905,20.110527,1604,1.011113166809082
4,acinar,human1,acinar,6.491107,-8.465489,1605,0.8327843546867371
10,beta,human1,beta,-8.9883585,5.213023,1606,0.5520848035812378
2,ductal,human1,schwann,16.58439,-4.506175,1607,3.588205099105835
13,delta,human1,delta,-1.9592868,13.844319,1608,0.4230811297893524
10,beta,human1,beta,-8.135319,3.5299473,1609,0.3845422863960266
12,ductal,human1,ductal,14.220461,5.937521,1610,1.63076913356781
1,gamma,human1,gamma,-0.6654048,20.125671,1611,0.9242461919784546
10,beta,human1,beta,-10.648688,4.0719457,1612,0.481594979763031
5,quiescent_stellate,human1,quiescent_stellate,4.8459473,16.327831,1613,1.9232367277145384
13,ductal,human1,delta,-2.0419197,13.094366,1614,1.6145275831222534
13,delta,human1,delta,-1.4018848,13.149388,1615,0.3882580101490021
1,gamma,human1,gamma,-0.62270325,20.227604,1616,0.9167519807815552
10,beta,human1,beta,-10.297311,4.7027173,1617,0.3845422863960266
10,beta,human1,beta,-10.636431,4.5918093,1618,0.3845422863960266
10,beta,human1,beta,-9.976443,3.829235,1619,0.3845422863960266
11,gamma,human1,alpha,4.5417624,3.0992942,1620,1.5855368375778198
12,ductal,human1,ductal,14.341039,5.9530554,1621,1.4493197202682495
11,alpha,human1,alpha,5.0010166,3.2655697,1622,0.7115827798843384
4,acinar,human1,acinar,6.671719,-8.755176,1623,1.1571075916290283
12,ductal,human1,ductal,14.571948,5.9114304,1624,1.869199633598328
8,endothelial,human1,endothelial,19.591902,1.5455908,1625,2.125239133834839
11,alpha,human1,alpha,4.849465,3.3194044,1626,1.109276294708252
8,endothelial,human1,endothelial,19.813992,1.2638061,1627,1.9655169248580933
10,beta,human1,beta,-8.479244,2.588032,1628,0.3994981348514557
10,beta,human1,beta,-7.1329904,4.0328813,1629,0.4546571373939514
10,beta,human1,beta,-9.545038,4.2936106,1630,0.607736349105835
10,beta,human1,beta,-7.7334304,4.786107,1631,0.4380659461021423
11,alpha,human1,alpha,3.8931885,3.1452272,1632,0.6873500943183899
10,beta,human1,beta,-8.238243,3.695607,1633,0.6196218729019165
12,ductal,human1,ductal,14.435346,5.8156166,1634,1.4272798299789429
12,ductal,human1,ductal,14.30582,6.8690195,1635,3.588205099105835
10,beta,human1,beta,-8.320947,4.594359,1636,0.4796555638313293
10,beta,human1,beta,-8.38417,4.47485,1637,0.4030607938766479
1,gamma,human1,gamma,-0.6979323,20.108,1638,1.2583391666412354
10,beta,human1,beta,-9.065704,5.0143995,1639,0.3935866951942444
5,quiescent_stellate,human1,quiescent_stellate,4.5458713,16.42833,1640,1.3921456336975098
12,ductal,human1,ductal,14.20165,6.166639,1641,1.3867076635360718
10,beta,human1,beta,-8.911945,3.3838778,1642,0.7002316117286682
4,acinar,human1,acinar,6.785426,-7.2546306,1643,0.9481937289237976
12,ductal,human1,ductal,14.210593,6.3425083,1644,1.5042043924331665
8,endothelial,human1,endothelial,19.7936,1.2866478,1645,2.061208963394165
4,acinar,human1,acinar,6.476225,-8.538317,1646,0.9662479758262634
1,gamma,human1,gamma,-0.72060776,20.200706,1647,1.7027398347854614
10,beta,human1,beta,-9.037823,3.7283034,1648,0.9694610834121704
10,beta,human1,beta,-9.368543,4.0302596,1649,1.038983702659607
5,quiescent_stellate,human1,quiescent_stellate,4.7398124,16.321396,1650,1.4452513456344604
10,beta,human1,beta,-10.2504225,4.32585,1651,0.3845422863960266
10,beta,human1,beta,-7.022614,3.5687277,1652,0.3845422863960266
1,epsilon,human1,gamma,-0.9408975,20.219206,1653,0.8093385100364685
10,beta,human1,beta,-8.356513,4.167174,1654,0.3845422863960266
11,alpha,human1,alpha,5.232851,2.3710575,1655,0.8610061407089233
11,alpha,human1,alpha,5.718974,2.328532,1656,0.5985796451568604
13,delta,human1,delta,-1.4901859,13.250249,1657,0.51044762134552
10,beta,human1,beta,-8.698072,3.8942404,1658,0.5484442114830017
1,epsilon,human1,gamma,-0.80866605,20.174812,1659,1.9918266534805296
10,beta,human1,beta,-10.275513,3.6743245,1660,0.5463569164276123
11,alpha,human1,alpha,5.0624723,2.842184,1661,0.6363915205001831
10,beta,human1,beta,-7.1589637,3.452809,1662,0.7587185502052307
10,beta,human1,beta,-7.9193,4.061836,1663,1.0388503074645996
1,gamma,human1,gamma,-0.57329416,19.93231,1664,0.8486987352371216
7,acinar,human1,epsilon,-2.4786723,-10.030447,1665,2.094947338104248
10,beta,human1,beta,-8.308281,3.9236624,1666,0.657145082950592
11,alpha,human1,alpha,4.250337,2.733617,1667,0.5152125358581543
10,beta,human1,beta,-10.988638,4.2149763,1668,0.3845422863960266
11,alpha,human1,alpha,4.718838,2.915229,1669,1.2731711864471436
2,ductal,human1,schwann,16.141062,-4.4372377,1670,1.8226391077041624
11,alpha,human1,alpha,5.468489,3.0892317,1671,0.8546151518821716
10,beta,human1,beta,-9.269981,3.8485172,1672,0.6797105669975281
10,beta,human1,beta,-9.055649,3.7411299,1673,0.8075759410858154
1,gamma,human1,gamma,-0.5627975,20.099432,1674,1.1863601207733154
10,beta,human1,beta,-7.48763,3.018743,1675,0.3845422863960266
10,beta,human1,beta,-9.0837145,4.837171,1676,0.3845422863960266
13,delta,human1,delta,-1.592662,13.272498,1677,0.7820301055908203
13,delta,human1,delta,-2.2038789,13.392705,1678,0.5685644745826721
13,delta,human1,delta,-1.3915682,13.392326,1679,0.8733071088790894
5,quiescent_stellate,human1,quiescent_stellate,4.657523,16.382006,1680,1.503371000289917
10,beta,human1,beta,-8.80947,3.426704,1681,0.3845422863960266
10,beta,human1,beta,-7.617297,3.9861257,1682,0.3845422863960266
11,alpha,human1,alpha,4.311041,3.1692035,1683,0.6427592039108276
10,beta,human1,beta,-9.213441,3.604082,1684,0.5328983068466187
3,alpha,human1,mast,11.681991,15.812748,1685,0.7558727860450745
11,alpha,human1,alpha,5.2280107,2.5368629,1686,0.7544702887535095
10,beta,human1,beta,-10.207966,3.218403,1687,0.3869751989841461
10,beta,human1,beta,-8.55771,4.5602913,1688,1.477168083190918
10,beta,human1,beta,-11.021446,4.134561,1689,0.7598987817764282
11,alpha,human1,alpha,4.795778,3.1070635,1690,1.1330748796463013
10,beta,human1,beta,-7.808168,4.833297,1691,1.0297651290893557
10,beta,human1,beta,-9.217297,3.7447648,1692,0.6090842485427856
5,quiescent_stellate,human1,quiescent_stellate,5.104277,16.147814,1693,1.56750750541687
3,alpha,human1,mast,12.268955,16.256935,1694,0.5468197464942932
8,endothelial,human1,endothelial,19.97208,1.0713198,1695,2.143015623092652
1,gamma,human1,gamma,-0.6124799,20.140038,1696,0.7809322476387024
10,beta,human1,beta,-8.3545885,4.3891397,1697,0.9702160954475404
10,beta,human1,beta,-8.624794,3.3872745,1698,0.7576181292533875
5,quiescent_stellate,human1,quiescent_stellate,4.8302164,16.306187,1699,1.1716715097427368
10,beta,human1,beta,-7.1917987,4.429135,1700,0.5093095898628235
11,alpha,human1,alpha,4.4548745,3.141116,1701,0.6729735732078552
13,delta,human1,delta,-2.054539,13.559309,1702,0.3856841623783111
10,beta,human1,beta,-10.079939,4.461149,1703,0.4463432729244232
4,acinar,human1,acinar,6.4252014,-9.070512,1704,0.945082664489746
10,beta,human1,beta,-9.896636,3.2978687,1705,0.4159342050552368
8,endothelial,human1,endothelial,19.622604,1.5058576,1706,1.917973756790161
8,endothelial,human1,endothelial,19.561087,1.6007625,1707,1.859158277511597
10,beta,human1,beta,-9.254357,3.5502927,1708,0.3950282633304596
10,beta,human1,beta,-8.709802,3.6219854,1709,0.6536821126937866
11,alpha,human1,alpha,4.693435,2.0967314,1710,1.1182568073272705
10,beta,human1,beta,-9.302386,4.73732,1711,0.6438261866569519
9,mast,human1,macrophage,11.486033,0.23718898,1712,4.432863235473633
10,beta,human1,beta,-7.5578732,3.300648,1713,0.3845422863960266
3,alpha,human1,mast,11.653505,15.934327,1714,0.7915661334991455
10,endothelial,human1,beta,-8.247698,2.4789703,1715,2.838065385818481
10,beta,human1,beta,-8.478219,3.9649367,1716,0.730696439743042
10,beta,human1,beta,-9.197324,3.3471515,1717,0.3845422863960266
10,beta,human1,beta,-9.918454,4.8367777,1718,0.6111012697219849
8,endothelial,human1,endothelial,19.825026,1.2523513,1719,2.0701072216033936
13,alpha,human1,delta,-1.736862,12.819469,1720,1.064794898033142
10,beta,human1,beta,-8.353358,5.3232746,1721,0.9141201972961426
10,beta,human1,beta,-8.555274,4.4386125,1722,0.4268531799316406
10,beta,human1,beta,-9.270576,3.5133874,1723,1.011709690093994
10,beta,human1,beta,-8.80795,3.3703415,1724,0.9265344738960266
3,alpha,human1,mast,12.562903,16.085724,1725,0.6178246140480042
9,mast,human1,macrophage,11.176542,0.56067145,1726,4.1468424797058105
10,beta,human1,beta,-9.344687,3.9038587,1727,0.845153272151947
1,epsilon,human1,gamma,-0.80764896,20.330236,1728,1.127512812614441
8,endothelial,human1,endothelial,19.884182,1.1847517,1729,2.1665024757385254
5,quiescent_stellate,human1,quiescent_stellate,4.711932,16.45831,1730,1.6536725759506226
11,alpha,human1,alpha,5.260937,2.9796035,1731,0.6511316895484924
11,alpha,human1,alpha,5.3967204,2.5147243,1732,2.556304693222046
13,beta,human1,delta,-1.1365845,13.519148,1733,1.5609610080718994
10,beta,human1,beta,-7.6784105,3.3747854,1734,0.3845422863960266
4,acinar,human1,acinar,6.776183,-8.79152,1735,0.5182333588600159
10,delta,human1,beta,-8.544111,5.0205827,1736,1.1536052227020264
4,acinar,human1,acinar,6.608147,-8.579454,1737,1.085371017456055
10,beta,human1,beta,-8.626634,3.5501244,1738,0.3918308019638061
10,beta,human1,beta,-8.947616,3.5085745,1739,0.3871017694473266
8,endothelial,human1,endothelial,19.950405,1.0974569,1740,2.838065385818481
10,beta,human1,beta,-9.560052,2.6343267,1741,0.3845422863960266
9,macrophage,human1,macrophage,11.5824,0.13717215,1742,2.9290733337402344
4,acinar,human1,acinar,6.8839326,-8.451613,1743,0.9164727926254272
5,quiescent_stellate,human1,quiescent_stellate,4.741729,16.309204,1744,1.3519139289855957
10,beta,human1,beta,-8.697893,4.1627383,1745,0.3845422863960266
10,beta,human1,beta,-10.593418,4.3597903,1746,0.4052581489086151
10,beta,human1,beta,-7.6889253,3.6723816,1747,0.4071616530418396
8,endothelial,human1,endothelial,19.889744,1.167345,1748,2.134111166000366
10,beta,human1,beta,-8.807551,4.087106,1749,0.8255351781845093
10,beta,human1,beta,-9.081376,4.191027,1750,0.4594079256057739
12,ductal,human1,ductal,14.066151,6.137935,1751,1.6022391319274902
10,beta,human1,beta,-10.335385,4.2292757,1752,0.7691339254379272
10,beta,human1,beta,-8.901218,3.8521185,1753,1.5468356609344482
5,quiescent_stellate,human1,quiescent_stellate,5.052339,16.190083,1754,1.3131195306777954
10,beta,human1,beta,-10.672634,3.8738387,1755,0.4940406382083893
4,acinar,human1,acinar,6.7571087,-8.104014,1756,0.9968690276145936
10,beta,human1,beta,-9.841489,4.3169727,1757,0.5790585279464722
13,delta,human1,delta,-1.3110238,13.199577,1758,1.5316565036773682
10,beta,human1,beta,-8.0062895,4.92738,1759,0.4550616443157196
10,beta,human1,beta,-9.166004,4.5605426,1760,0.3845422863960266
10,beta,human1,beta,-9.956668,3.920518,1761,0.4405727088451385
10,beta,human1,beta,-7.354038,3.779611,1762,0.6111640930175781
5,quiescent_stellate,human1,quiescent_stellate,4.84405,16.302534,1763,1.3459137678146362
11,alpha,human1,alpha,5.046602,3.2134326,1764,0.5278136134147644
8,endothelial,human1,endothelial,20.175335,0.81247395,1765,2.153951644897461
10,beta,human1,beta,-9.854533,4.119249,1766,0.386978805065155
13,delta,human1,delta,-1.6496342,13.11028,1767,1.703816533088684
1,gamma,human1,gamma,-0.9204977,20.297428,1768,0.946984052658081
10,beta,human1,beta,-9.199699,3.5244148,1769,0.5325155854225159
5,quiescent_stellate,human1,quiescent_stellate,4.9122796,16.273825,1770,1.503139615058899
8,endothelial,human1,endothelial,19.727144,1.3722845,1771,2.349539995193481
11,alpha,human1,alpha,4.2332196,2.104078,1772,1.1623882055282593
10,beta,human1,beta,-8.545942,3.8435152,1773,0.4975394010543823
12,ductal,human1,ductal,14.282362,6.5732975,1774,3.588205099105835
10,beta,human1,beta,-9.903084,5.153925,1775,0.6202300786972046
10,beta,human1,beta,-10.330085,4.7741923,1776,0.54123455286026
10,beta,human1,beta,-8.990027,4.0359383,1777,0.6737526059150696
5,quiescent_stellate,human1,quiescent_stellate,5.0807347,16.146555,1778,2.0335373878479004
10,beta,human1,beta,-9.787302,3.6556597,1779,0.477134108543396
1,epsilon,human1,gamma,-0.8729647,20.147951,1780,1.6020383834838867
11,beta,human1,alpha,5.0569854,3.1322153,1781,1.673576831817627
10,beta,human1,beta,-7.7023373,4.422315,1782,1.6744710206985474
11,alpha,human1,alpha,4.4103303,2.0408838,1783,1.1607166528701782
10,beta,human1,beta,-8.707299,2.9025235,1784,0.8380396366119385
8,endothelial,human1,endothelial,20.05715,0.9628485,1785,2.795499086380005
8,endothelial,human1,endothelial,20.003084,1.0393807,1786,2.2568984031677246
5,quiescent_stellate,human1,quiescent_stellate,4.71161,16.275816,1787,1.63516366481781
13,beta,human1,delta,-1.399519,13.59315,1788,1.865671277046204
10,beta,human1,beta,-10.210973,4.3672585,1789,0.4818257987499237
1,epsilon,human1,gamma,-0.90903676,20.340672,1790,1.421891689300537
5,quiescent_stellate,human1,quiescent_stellate,4.894159,16.292465,1791,1.8604594469070437
10,beta,human1,beta,-9.443097,5.056899,1792,0.4857071936130523
9,mast,human1,macrophage,10.986507,0.7568627,1793,3.870321989059448
12,ductal,human1,ductal,14.334302,5.636082,1794,3.588205099105835
11,alpha,human1,alpha,4.6964145,2.5892763,1795,0.6140564680099487
4,acinar,human1,acinar,6.3644357,-8.53834,1796,1.107638955116272
4,acinar,human1,acinar,6.5120583,-8.523678,1797,0.9643949270248412
8,endothelial,human1,endothelial,19.94363,1.1061571,1798,2.0367915630340576
2,ductal,human1,schwann,16.253365,-4.766411,1799,1.2955433130264282
8,endothelial,human1,endothelial,19.276604,2.0519483,1800,2.838065385818481
11,alpha,human1,alpha,4.9058776,2.0227435,1801,0.9747475385665894
13,delta,human1,delta,-1.7568957,13.223322,1802,0.8718751072883606
10,beta,human1,beta,-10.205819,4.8712993,1803,0.7119752168655396
10,beta,human1,beta,-9.183615,5.1863103,1804,0.7791211009025574
10,beta,human1,beta,-7.376886,4.0389247,1805,0.6699357032775879
2,ductal,human1,schwann,15.564702,-4.552417,1806,2.094947338104248
5,quiescent_stellate,human1,quiescent_stellate,4.8404803,16.345531,1807,1.6945677995681765
10,beta,human1,beta,-8.302505,4.4758024,1808,0.5927401185035706
9,macrophage,human1,macrophage,11.444679,0.28010046,1809,2.276312828063965
13,delta,human1,delta,-1.5179913,13.536114,1810,0.7621897459030151
8,endothelial,human1,endothelial,19.81359,1.264594,1811,1.915695071220398
3,alpha,human1,mast,11.772364,15.996651,1812,0.5557911992073059
10,beta,human1,beta,-10.133985,3.826122,1813,0.4073045551776886
8,endothelial,human1,endothelial,19.340544,1.9647204,1814,2.085158586502075
10,beta,human1,beta,-9.12066,2.9427302,1815,0.4196734130382538
10,beta,human1,beta,-8.632851,3.3553016,1816,0.6959604024887085
8,endothelial,human1,endothelial,20.052628,0.9733886,1817,2.050920248031616
13,delta,human1,delta,-1.5018635,13.078945,1818,0.5985859036445618
7,acinar,human1,epsilon,-2.4349768,-9.929483,1819,2.094947338104248
4,acinar,human1,acinar,6.892259,-7.9456053,1820,0.794823408126831
8,endothelial,human1,endothelial,19.727776,1.373012,1821,1.9964265823364256
10,beta,human1,beta,-8.603913,3.8240466,1822,0.5208703875541687
8,endothelial,human1,endothelial,20.237715,0.7350169,1823,2.016953945159912
4,acinar,human1,acinar,6.3044457,-8.471205,1824,1.6283118724822998
10,beta,human1,beta,-11.031764,4.129502,1825,1.036849856376648
13,delta,human1,delta,-1.4560171,12.688615,1826,0.3921679258346557
5,quiescent_stellate,human1,quiescent_stellate,4.81202,16.323032,1827,1.4353930950164795
5,quiescent_stellate,human1,quiescent_stellate,5.145525,16.066786,1828,1.2064255475997925
10,beta,human1,beta,-9.755749,3.5496488,1829,1.1254137754440308
10,beta,human1,beta,-8.837145,3.642273,1830,0.9428540468215942
5,quiescent_stellate,human1,quiescent_stellate,4.4710855,16.408392,1831,1.1917012929916382
11,alpha,human1,alpha,5.2072077,2.388556,1832,0.7471327185630798
5,quiescent_stellate,human1,quiescent_stellate,4.856697,16.293507,1833,1.468183994293213
5,quiescent_stellate,human1,quiescent_stellate,4.8450027,16.299543,1834,1.292837381362915
10,beta,human1,beta,-9.640583,3.6883054,1835,1.0219368934631348
5,quiescent_stellate,human1,quiescent_stellate,5.123702,16.080153,1836,1.4064592123031616
6,schwann,human1,activated_stellate,7.5774274,11.047368,1837,2.435424327850342
10,beta,human1,beta,-10.590317,3.4476452,1838,0.5920780301094055
10,beta,human1,beta,-8.618222,3.9274786,1839,0.8342226147651672
10,beta,human1,beta,-9.692379,3.4776058,1840,1.6178380250930786
10,beta,human1,beta,-8.441523,3.4187706,1841,1.120963215827942
10,beta,human1,beta,-9.476435,3.3599563,1842,0.5522938370704651
10,beta,human1,beta,-10.276073,3.5849862,1843,1.412122130393982
10,beta,human1,beta,-9.195653,3.6234121,1844,0.6156505346298218
8,endothelial,human1,endothelial,19.987108,1.0533789,1845,2.6658706665039062
12,ductal,human1,ductal,14.548241,6.3241715,1846,3.588205099105835
10,beta,human1,beta,-10.602818,4.7421803,1847,0.3914123475551605
10,beta,human1,beta,-9.3287525,5.1427746,1848,0.4480364918708801
10,beta,human1,beta,-8.107374,3.943845,1849,0.4658551514148712
10,beta,human1,beta,-10.850587,3.5963953,1850,0.3845422863960266
11,alpha,human1,alpha,3.8684378,2.843769,1851,0.4732321202754974
5,quiescent_stellate,human1,quiescent_stellate,4.3904567,16.456774,1852,1.3723149299621582
5,quiescent_stellate,human1,quiescent_stellate,5.142159,16.127369,1853,1.230086088180542
10,beta,human1,beta,-10.2193985,3.231809,1854,0.3845422863960266
10,beta,human1,beta,-8.547033,3.3803787,1855,0.6273614168167114
11,alpha,human1,alpha,4.069091,3.005241,1856,0.5741227865219116
2,ductal,human1,schwann,16.662975,-4.486031,1857,3.588205099105835
5,quiescent_stellate,human1,quiescent_stellate,4.4152536,16.45402,1858,1.7784188985824585
10,beta,human1,beta,-8.860005,2.5874722,1859,0.5303407311439514
8,endothelial,human1,endothelial,19.901293,1.1602808,1860,2.266066312789917
13,delta,human1,delta,-1.2863412,13.605847,1861,0.8868687152862549
10,beta,human1,beta,-7.1064672,3.7538428,1862,0.6942949295043945
10,beta,human1,beta,-8.166054,3.8206182,1863,0.8381262421607971
11,alpha,human1,alpha,5.020002,2.3435557,1864,0.7797912359237671
10,beta,human1,beta,-9.084472,3.3164358,1865,0.3853052258491516
10,beta,human1,beta,-9.218534,3.5974429,1866,0.5498542785644531
8,endothelial,human1,endothelial,19.94852,1.0996677,1867,2.144857406616211
10,beta,human1,beta,-10.081257,3.628897,1868,0.6175823211669922
8,endothelial,human1,endothelial,19.623438,1.461286,1869,2.289865016937256
3,alpha,human1,mast,13.222633,15.9172945,1870,0.5113661289215088
5,quiescent_stellate,human1,quiescent_stellate,4.346059,16.480883,1871,1.6693923473358154
8,endothelial,human1,endothelial,19.82874,1.2367572,1872,2.0780749320983887
11,alpha,human1,alpha,5.758058,2.2601423,1873,0.483308881521225
3,alpha,human1,mast,12.056958,16.398085,1874,0.5967757701873779
12,ductal,human1,ductal,14.121224,6.1965547,1875,1.6552855968475342
5,quiescent_stellate,human1,quiescent_stellate,4.959663,16.234833,1876,1.318821668624878
8,endothelial,human1,endothelial,19.772274,1.3076023,1877,1.8442778587341309
10,beta,human1,beta,-10.2543125,3.4141507,1878,0.5013189315795898
1,gamma,human1,gamma,-0.97737026,20.376799,1879,1.1928431987762451
1,epsilon,human1,gamma,-0.5449633,19.90217,1880,1.4116864204406738
6,activated_stellate,human1,activated_stellate,7.7377367,9.924192,1881,1.8110095262527464
11,alpha,human1,alpha,4.8840995,2.1602952,1882,0.5679219961166382
6,activated_stellate,human1,activated_stellate,7.7416306,9.806618,1883,2.1902852058410645
10,beta,human1,beta,-8.927681,4.9601545,1884,0.4960637986660003
10,beta,human1,beta,-10.220211,4.4518766,1885,0.7852396965026855
9,mast,human1,macrophage,11.57582,0.1436515,1886,4.2215986251831055
6,activated_stellate,human1,activated_stellate,7.712591,9.9963455,1887,1.7695250511169434
1,epsilon,human1,gamma,-0.5824903,19.871206,1888,1.3576451539993286
5,quiescent_stellate,human1,quiescent_stellate,5.0375285,16.2374,1889,1.732183575630188
8,endothelial,human1,endothelial,19.733618,1.3724098,1890,2.76393723487854
1,gamma,human1,gamma,-0.60914755,20.212988,1891,1.0290870666503906
10,beta,human1,beta,-10.603287,4.2263374,1892,0.4874985218048095
5,quiescent_stellate,human1,quiescent_stellate,4.8918624,16.211342,1893,1.4679170846939087
5,quiescent_stellate,human1,quiescent_stellate,4.477421,16.427923,1894,1.4116332530975342
11,alpha,human1,alpha,5.0036116,2.1925478,1895,0.7826254963874817
10,beta,human1,beta,-10.051678,3.9454129,1896,0.4073138535022735
10,beta,human1,beta,-9.442042,3.8083704,1897,0.8916163444519043
10,beta,human1,beta,-8.155923,3.7442153,1898,0.6841856241226196
10,beta,human1,beta,-9.322975,3.9269373,1899,0.7690074443817139
1,t_cell,human1,gamma,10.932182,0.8120244,1900,3.623354196548462
10,beta,human1,beta,-7.7542057,4.0884776,1901,1.0735830068588257
10,beta,human1,beta,-9.024855,4.50891,1902,0.4426745176315307
10,beta,human1,beta,-8.722305,3.9907458,1903,0.861788272857666
11,alpha,human1,alpha,4.77984,2.6286664,1904,0.6362171769142151
10,beta,human1,beta,-9.2459345,4.56887,1905,0.6559132933616638
8,endothelial,human1,endothelial,19.575663,1.56856,1906,2.110181331634521
8,endothelial,human1,endothelial,19.96849,1.0778698,1907,2.255199193954468
9,mast,human1,macrophage,10.925491,0.81875587,1908,4.404270172119141
10,beta,human1,beta,-9.882976,3.6918526,1909,0.4681357443332672
5,quiescent_stellate,human1,quiescent_stellate,5.238498,16.034807,1910,1.360597848892212
10,beta,human1,beta,-9.261383,2.9654,1911,0.3845422863960266
10,beta,human1,beta,-9.305078,3.5730686,1912,1.634514331817627
10,beta,human1,beta,-10.2829485,2.9716003,1913,1.4131784439086914
10,beta,human1,beta,-8.89363,5.119987,1914,0.5872251391410828
10,beta,human1,beta,-7.9651284,3.254518,1915,0.3845422863960266
8,endothelial,human1,endothelial,19.32991,1.9819964,1916,2.770385980606079
1,t_cell,human1,gamma,11.621107,0.097595,1917,3.4641287326812744
12,ductal,human1,ductal,14.562466,6.1878796,1918,1.5357853174209597
6,quiescent_stellate,human1,activated_stellate,7.6639867,10.621587,1919,2.4939630031585693
10,beta,human1,beta,-8.724413,4.2266197,1920,1.3000932931900024
10,beta,human1,beta,-7.6951594,2.9194028,1921,0.4701752662658691
5,quiescent_stellate,human1,quiescent_stellate,5.0886416,16.156818,1922,1.5744160413742063
5,quiescent_stellate,human1,quiescent_stellate,4.910341,16.254578,1923,1.7507555484771729
5,quiescent_stellate,human1,quiescent_stellate,5.1106563,16.150833,1924,1.50077223777771
10,beta,human1,beta,-8.553121,3.6237507,1925,1.590099573135376
10,beta,human1,beta,-10.42777,3.5419638,1926,0.4867185354232788
11,alpha,human1,alpha,5.062431,2.7211957,1927,0.7117786407470703
10,beta,human1,beta,-8.431305,4.6497865,1928,0.747551679611206
10,beta,human1,beta,-9.440065,3.5777345,1929,0.7095080614089966
10,beta,human1,beta,-9.226316,3.7343962,1930,0.85844486951828
11,alpha,human1,alpha,5.089196,2.8388228,1931,0.6071926355361938
8,endothelial,human1,endothelial,19.960966,1.0890015,1932,2.784554243087769
10,beta,human1,beta,-10.245601,3.618022,1933,0.6871970891952515
8,endothelial,human1,endothelial,19.93908,1.1104622,1934,2.1433351039886475
10,beta,human1,beta,-10.448172,4.0010195,1935,1.453571081161499
5,quiescent_stellate,human1,quiescent_stellate,4.6014752,16.36835,1936,2.0978474617004395
13,delta,human2,delta,-1.4527025,13.105511,1937,0.418710321187973
13,delta,human2,delta,-1.7382947,13.792134,1938,0.3866464793682098
3,alpha,human2,mast,12.263674,15.477112,1939,1.8874822854995728
13,delta,human2,delta,-1.884442,12.788589,1940,0.3845422863960266
13,delta,human2,delta,-1.6500111,13.422624,1941,0.5051780939102173
13,delta,human2,delta,-2.2354887,12.87263,1942,0.3845422863960266
13,delta,human2,delta,-1.8864052,12.521306,1943,0.4603673815727234
13,delta,human2,delta,-1.9612257,13.716803,1944,0.3910306692123413
6,activated_stellate,human2,activated_stellate,7.61459,10.6393795,1945,1.599968671798706
7,ductal,human2,epsilon,-2.3381073,-9.997604,1946,1.3787394762039185
13,delta,human2,delta,-1.480924,13.944389,1947,0.4508550465106964
13,delta,human2,delta,-2.2520664,13.336912,1948,0.3846003711223602
3,alpha,human2,mast,11.778739,15.1534395,1949,0.6555628776550293
13,delta,human2,delta,-1.9276814,13.751084,1950,0.385650634765625
3,alpha,human2,mast,10.93049,16.025536,1951,0.6340495347976685
3,alpha,human2,mast,11.94511,15.186205,1952,0.4782721996307373
10,beta,human2,beta,-7.6000013,3.2024872,1953,0.3845422863960266
12,ductal,human2,ductal,14.030153,6.4232116,1954,1.7887300252914429
3,alpha,human2,mast,11.72822,16.341476,1955,0.6033944487571716
3,alpha,human2,mast,12.113174,15.632329,1956,1.011965274810791
7,ductal,human2,epsilon,-2.3383636,-9.970117,1957,1.9319231510162356
3,alpha,human2,mast,12.250109,15.83464,1958,0.4695076942443847
3,alpha,human2,mast,11.528215,15.72265,1959,0.6239292025566101
13,delta,human2,delta,-1.8440015,13.734006,1960,0.6981468796730042
7,ductal,human2,epsilon,-2.3307543,-9.787172,1961,1.86876916885376
3,alpha,human2,mast,12.358668,15.547589,1962,0.6874622106552124
13,delta,human2,delta,-1.8124975,13.471198,1963,0.5694446563720703
12,ductal,human2,ductal,14.160008,5.740296,1964,1.2021586894989014
7,ductal,human2,epsilon,-2.500169,-9.938102,1965,2.094947338104248
7,ductal,human2,epsilon,-2.2761118,-9.836806,1966,1.3078982830047607
6,activated_stellate,human2,activated_stellate,7.807765,10.244586,1967,2.2235445976257324
12,ductal,human2,ductal,14.427887,6.3679495,1968,2.240983009338379
3,alpha,human2,mast,10.541501,15.578738,1969,0.4450414478778839
13,delta,human2,delta,-1.5575542,13.234728,1970,0.4663713276386261
13,delta,human2,delta,-1.4184996,12.950132,1971,0.3985246121883392
13,delta,human2,delta,-1.7042941,13.36811,1972,0.3845422863960266
3,alpha,human2,mast,11.169559,15.543284,1973,0.5588324666023254
7,ductal,human2,epsilon,-2.5913832,-9.970775,1974,1.291659951210022
3,alpha,human2,mast,11.69864,15.926002,1975,1.490606665611267
9,macrophage,human2,macrophage,11.068102,0.672673,1976,2.5329322814941406
3,alpha,human2,mast,12.085965,15.669167,1977,0.6624965071678162
13,delta,human2,delta,-2.1099043,13.351828,1978,0.484793484210968
7,ductal,human2,epsilon,-2.1775968,-9.88195,1979,1.4691306352615356
13,delta,human2,delta,-1.7242417,13.255732,1980,0.477441668510437
3,alpha,human2,mast,10.6406145,15.884838,1981,0.5297647714614868
3,alpha,human2,mast,11.944148,15.780445,1982,0.5928959846496582
3,alpha,human2,mast,11.584013,16.088188,1983,0.4124811291694641
3,alpha,human2,mast,11.904073,15.991757,1984,0.4495186507701874
12,ductal,human2,ductal,14.146827,6.6106963,1985,1.9729158878326416
6,activated_stellate,human2,activated_stellate,7.923228,10.224576,1986,1.6457786560058594
7,ductal,human2,epsilon,-2.3337345,-9.815825,1987,1.5925806760787964
3,alpha,human2,mast,11.914955,15.162263,1988,0.4839738309383392
5,quiescent_stellate,human2,quiescent_stellate,5.0604587,16.179106,1989,2.2714364528656006
10,beta,human2,beta,-8.652139,3.8825262,1990,0.708108127117157
3,alpha,human2,mast,12.594677,15.767907,1991,0.5266291499137878
10,beta,human2,beta,-7.2107244,4.170036,1992,0.4397847354412079
10,beta,human2,beta,-8.456921,2.7751226,1993,0.3845422863960266
10,beta,human2,beta,-9.941897,3.6879737,1994,0.3845422863960266
3,alpha,human2,mast,12.004754,16.140085,1995,0.8734725117683411
13,delta,human2,delta,-1.8286642,13.079578,1996,0.3878151178359985
13,delta,human2,delta,-1.7271055,13.499449,1997,0.3845422863960266
3,alpha,human2,mast,12.32254,15.488925,1998,0.988394856452942
10,beta,human2,beta,-7.59191,3.1489458,1999,0.4387528300285339
3,alpha,human2,mast,11.715942,15.909247,2000,1.179457426071167
3,alpha,human2,mast,12.564816,16.22136,2001,0.5375710129737854
3,alpha,human2,mast,12.126958,15.572639,2002,0.418979674577713
12,ductal,human2,ductal,14.408899,5.9497375,2003,1.4938093423843384
10,beta,human2,beta,-7.4650435,2.965094,2004,0.3845422863960266
12,ductal,human2,ductal,14.50867,5.9313455,2005,3.588205099105835
6,activated_stellate,human2,activated_stellate,7.580492,10.196292,2006,1.5172559022903442
7,ductal,human2,epsilon,-2.2635005,-9.753731,2007,1.8543555736541748
3,alpha,human2,mast,12.484059,15.838499,2008,0.5886250138282776
10,beta,human2,beta,-10.195388,3.9961247,2009,0.5142875909805298
7,ductal,human2,epsilon,-2.3844044,-9.951624,2010,1.8202999830245967
3,alpha,human2,mast,11.91048,15.392026,2011,1.0884971618652344
10,beta,human2,beta,-7.7582283,4.768941,2012,0.3845422863960266
3,alpha,human2,mast,11.99357,15.3354225,2013,0.6482053995132446
7,ductal,human2,epsilon,-2.3092024,-9.986273,2014,1.615649700164795
3,alpha,human2,mast,11.67438,16.067577,2015,0.5784426331520081
10,beta,human2,beta,-8.44422,4.8828425,2016,0.4838681519031524
3,alpha,human2,mast,12.16775,15.677338,2017,1.0654069185256958
12,ductal,human2,ductal,14.236386,5.7400665,2018,1.4894278049468994
7,ductal,human2,epsilon,-2.4002059,-10.065981,2019,1.5632387399673462
3,alpha,human2,mast,12.242894,15.953252,2020,0.5175684094429016
3,alpha,human2,mast,11.393318,15.856243,2021,0.4561532139778137
7,ductal,human2,epsilon,-2.5743282,-10.0414505,2022,1.4989745616912842
3,alpha,human2,mast,12.947976,16.328804,2023,0.9153250455856324
3,alpha,human2,mast,11.6032295,15.886979,2024,0.5350719094276428
3,alpha,human2,mast,11.398492,16.115597,2025,1.0618470907211304
10,beta,human2,beta,-9.1568,5.063585,2026,0.3876599371433258
3,alpha,human2,mast,11.695239,15.293546,2027,0.569855272769928
10,beta,human2,beta,-8.394938,5.058698,2028,0.3845422863960266
3,alpha,human2,mast,11.115233,15.99783,2029,0.5521419644355774
7,ductal,human2,epsilon,-2.1134233,-10.087652,2030,1.7125695943832395
13,delta,human2,delta,-1.9786544,13.801557,2031,0.3845422863960266
1,gamma,human2,gamma,-0.48788217,20.212296,2032,1.3710750341415403
3,alpha,human2,mast,12.409583,16.095442,2033,0.5601704716682434
12,ductal,human2,ductal,14.008046,6.0482736,2034,1.9586045742034912
3,alpha,human2,mast,11.021355,15.655061,2035,0.6390732526779175
10,beta,human2,beta,-9.3160095,3.379896,2036,0.3876144886016845
10,beta,human2,beta,-8.182045,3.767886,2037,0.3845422863960266
1,gamma,human2,gamma,-0.94402856,20.321743,2038,0.9778802990913392
3,alpha,human2,mast,13.13958,16.124662,2039,0.9374600648880004
13,delta,human2,delta,-1.3010366,13.043783,2040,0.4588343203067779
10,beta,human2,beta,-10.812455,4.2679863,2041,0.3972005248069763
3,alpha,human2,mast,11.676576,15.6533785,2042,0.6573137640953064
10,beta,human2,beta,-8.64718,4.931205,2043,0.3852928876876831
3,alpha,human2,mast,10.702841,15.766088,2044,0.4292062520980835
3,alpha,human2,mast,11.534558,15.861711,2045,1.1456518173217771
3,alpha,human2,mast,11.800444,15.857715,2046,0.6716437339782715
10,beta,human2,beta,-8.507757,5.0116534,2047,1.4311186075210571
12,ductal,human2,ductal,14.654131,6.0076084,2048,2.176608085632324
12,ductal,human2,ductal,14.501009,5.9925847,2049,1.392964482307434
3,alpha,human2,mast,11.829184,15.669197,2050,1.072883367538452
10,beta,human2,beta,-8.26689,2.9989688,2051,0.3845422863960266
1,alpha,human2,gamma,-0.45544648,20.38034,2052,1.1192878484725952
7,ductal,human2,epsilon,-2.3029494,-9.911125,2053,1.810044288635254
3,alpha,human2,mast,11.682286,15.798565,2054,0.5377903580665588
10,beta,human2,beta,-7.4464335,4.626685,2055,0.3845422863960266
3,alpha,human2,mast,11.713273,16.187677,2056,0.6119338274002075
7,ductal,human2,epsilon,-2.6388464,-9.687083,2057,1.6790693998336792
3,alpha,human2,mast,13.047505,16.149927,2058,0.8180330991744995
13,delta,human2,delta,-2.013561,13.02754,2059,0.3845422863960266
10,beta,human2,beta,-9.091729,2.7146204,2060,0.4324191808700561
7,ductal,human2,epsilon,-2.2256799,-9.973919,2061,1.3357971906661987
10,beta,human2,beta,-8.496404,3.5414011,2062,0.3845422863960266
3,alpha,human2,mast,11.792423,16.269596,2063,1.0889171361923218
10,beta,human2,beta,-7.716785,3.1592703,2064,0.4094066023826599
12,ductal,human2,ductal,14.080316,6.4635773,2065,1.408223032951355
3,alpha,human2,mast,11.7104845,16.00006,2066,0.5651746392250061
3,alpha,human2,mast,10.976973,16.009455,2067,0.8360918164253235
3,alpha,human2,mast,11.740435,16.165117,2068,0.7782390117645264
3,alpha,human2,mast,11.339178,15.320082,2069,0.4370815753936767
12,ductal,human2,ductal,14.621195,6.0762243,2070,1.4281576871871948
3,alpha,human2,mast,11.774606,16.319973,2071,1.042499542236328
7,ductal,human2,epsilon,-2.6851614,-9.657451,2072,1.532950758934021
10,beta,human2,beta,-8.017838,3.4256732,2073,0.3845422863960266
7,ductal,human2,epsilon,-2.4883564,-9.873448,2074,1.6666443347930908
10,beta,human2,beta,-7.6449714,3.0605562,2075,0.3845422863960266
3,alpha,human2,mast,11.891583,15.6209755,2076,0.7628903388977051
10,beta,human2,beta,-8.813536,3.7399454,2077,0.3845422863960266
3,alpha,human2,mast,11.751988,15.866008,2078,0.5477249026298523
6,activated_stellate,human2,activated_stellate,7.634494,10.285123,2079,1.9862478971481323
3,alpha,human2,mast,10.860424,15.802019,2080,0.408773124217987
10,beta,human2,beta,-8.930427,3.7398098,2081,0.740364134311676
3,alpha,human2,mast,12.151106,16.159723,2082,0.4818721711635589
3,alpha,human2,mast,11.315158,15.715388,2083,0.8987701535224915
3,alpha,human2,mast,10.621699,15.70794,2084,0.4751588702201843
3,alpha,human2,mast,11.039862,15.382231,2085,0.5541237592697144
10,beta,human2,beta,-9.795397,4.768901,2086,1.016980767250061
12,ductal,human2,ductal,14.33181,5.9645343,2087,1.6633635759353638
6,activated_stellate,human2,activated_stellate,7.5915055,10.340702,2088,1.5102702379226685
3,alpha,human2,mast,12.60174,16.136976,2089,1.2274456024169922
3,alpha,human2,mast,12.009483,15.40806,2090,0.5685431361198425
12,ductal,human2,ductal,14.133702,5.745875,2091,1.558948278427124
13,delta,human2,delta,-1.0986621,13.23465,2092,0.3960511982440948
3,alpha,human2,mast,12.104778,15.935493,2093,1.0241873264312744
3,alpha,human2,mast,12.879577,16.453009,2094,1.2540080547332764
2,ductal,human2,schwann,16.042122,-4.744275,2095,1.9039725065231323
12,ductal,human2,ductal,13.878736,5.840638,2096,1.5590287446975708
3,alpha,human2,mast,11.57963,15.4241705,2097,0.6096287369728088
3,alpha,human2,mast,11.275565,16.32971,2098,0.3955464363098144
3,alpha,human2,mast,12.319994,16.289145,2099,0.4269196391105652
3,alpha,human2,mast,11.982241,15.650785,2100,0.8700308799743652
6,activated_stellate,human2,activated_stellate,7.804993,10.429256,2101,1.7176505327224731
3,alpha,human2,mast,12.2037115,16.222528,2102,0.8188082575798035
9,macrophage,human2,macrophage,11.017581,0.72489935,2103,2.696688652038574
3,alpha,human2,mast,12.541808,16.110468,2104,0.7672014236450195
13,delta,human2,delta,-1.5714917,13.235615,2105,0.4016734659671783
3,alpha,human2,mast,12.230986,15.808652,2106,0.612079381942749
6,activated_stellate,human2,activated_stellate,7.5461063,10.464665,2107,1.5288769006729126
3,alpha,human2,mast,11.0634,15.993948,2108,0.5444554090499878
13,delta,human2,delta,-1.757594,13.3432865,2109,1.2797805070877075
3,alpha,human2,mast,11.421298,16.108608,2110,0.9383381009101868
3,alpha,human2,mast,11.734575,16.182417,2111,0.5788987874984741
3,alpha,human2,mast,12.359645,15.890901,2112,0.5177810788154602
12,ductal,human2,ductal,14.148202,5.5301213,2113,1.446111083030701
3,alpha,human2,mast,10.973379,16.037195,2114,0.6553467512130737
3,alpha,human2,mast,11.536468,16.476498,2115,0.655448853969574
3,alpha,human2,mast,11.684594,15.569417,2116,0.5455358624458313
7,ductal,human2,epsilon,-2.2893867,-9.922092,2117,1.7222537994384766
10,beta,human2,beta,-10.091132,3.593873,2118,0.3845422863960266
10,beta,human2,beta,-9.5112,5.032655,2119,0.4351711273193359
3,alpha,human2,mast,12.378832,16.305046,2120,0.6477230191230774
1,gamma,human2,gamma,-0.77098024,20.403454,2121,2.036294221878052
7,ductal,human2,epsilon,-2.4168649,-9.854455,2122,2.094947338104248
10,beta,human2,beta,-9.181425,4.2003207,2123,0.3845422863960266
8,endothelial,human2,endothelial,19.566809,1.6117274,2124,2.372271776199341
1,gamma,human2,gamma,-0.6373681,20.096426,2125,1.0865964889526367
12,ductal,human2,ductal,13.97692,6.194669,2126,1.1965636014938354
3,alpha,human2,mast,12.402205,16.29068,2127,0.8101918697357178
12,ductal,human2,ductal,14.270904,5.816818,2128,2.1607961654663086
13,delta,human2,delta,-1.936994,13.001778,2129,0.5140911340713501
4,ductal,human2,acinar,7.2787,-7.5303373,2130,1.3181134462356567
10,beta,human2,beta,-9.090306,5.2536664,2131,0.4749865233898163
10,beta,human2,beta,-9.9853,3.6803987,2132,0.3985548019409179
8,endothelial,human2,endothelial,20.02314,1.0121614,2133,2.404921770095825
10,beta,human2,beta,-8.386824,3.513577,2134,0.8187097907066345
3,alpha,human2,mast,11.120515,15.44964,2135,0.9865243434906006
13,delta,human2,delta,-1.7167768,13.173984,2136,0.4494225978851318
10,beta,human2,beta,-8.650591,4.2383003,2137,0.3964264392852783
6,activated_stellate,human2,activated_stellate,7.871951,10.3492775,2138,2.4939630031585693
3,alpha,human2,mast,11.89805,16.232664,2139,0.5418615341186523
10,beta,human2,beta,-8.455924,2.6748762,2140,0.4000606536865234
12,ductal,human2,ductal,14.32066,6.913793,2141,1.193558692932129
10,beta,human2,beta,-8.859935,3.8596408,2142,1.0058249235153198
1,gamma,human2,gamma,-0.8854927,20.317627,2143,1.5988205671310425
3,alpha,human2,mast,12.578124,16.15411,2144,0.509078860282898
3,alpha,human2,mast,12.241599,16.231153,2145,0.7070212364196777
3,alpha,human2,mast,12.32213,15.886887,2146,0.6643705368041992
13,delta,human2,delta,-1.7032514,12.911631,2147,0.4536257684230804
3,alpha,human2,mast,12.279411,15.602318,2148,0.51973956823349
7,ductal,human2,epsilon,-2.3286676,-10.030218,2149,1.4577701091766355
3,alpha,human2,mast,12.772196,15.579756,2150,0.4340065121650696
10,beta,human2,beta,-9.560629,4.2118425,2151,0.3845422863960266
8,endothelial,human2,endothelial,19.842754,1.2321677,2152,2.404280185699463
6,activated_stellate,human2,activated_stellate,7.6687555,10.074106,2153,1.7407418489456177
3,alpha,human2,mast,12.82039,16.330648,2154,0.6770958304405212
10,beta,human2,beta,-8.588942,2.5513532,2155,0.3845422863960266
3,alpha,human2,mast,11.549162,15.643545,2156,0.9722321033477784
3,alpha,human2,mast,11.935196,15.869668,2157,0.8668749928474426
3,alpha,human2,mast,11.678159,16.220747,2158,0.4634224474430084
10,beta,human2,beta,-8.7280035,3.6769729,2159,0.3845422863960266
10,beta,human2,beta,-10.337816,4.830369,2160,0.3845422863960266
3,alpha,human2,mast,11.237207,15.58185,2161,0.6322948336601257
1,gamma,human2,gamma,-0.48782453,20.221445,2162,1.403472661972046
10,beta,human2,beta,-8.917591,4.8272057,2163,0.3845422863960266
3,alpha,human2,mast,10.759333,15.593664,2164,0.5026273131370544
3,alpha,human2,mast,11.010178,15.952533,2165,0.7601466178894043
3,alpha,human2,mast,11.263621,15.570202,2166,0.6676188111305237
10,beta,human2,beta,-9.782844,3.6120434,2167,0.6262590885162354
12,ductal,human2,ductal,14.207323,5.6516767,2168,1.6519582271575928
10,beta,human2,beta,-8.500082,4.3867493,2169,0.4064948260784149
6,activated_stellate,human2,activated_stellate,7.5854797,10.83999,2170,1.7260417938232422
3,alpha,human2,mast,11.742408,15.510673,2171,0.8545268774032593
10,beta,human2,beta,-9.211732,3.1422222,2172,0.4677563011646271
10,beta,human2,beta,-9.645785,3.6399128,2173,0.3845422863960266
1,gamma,human2,gamma,-0.44908038,20.41567,2174,1.8938071727752688
3,alpha,human2,mast,11.303236,16.158133,2175,0.4485694468021393
3,alpha,human2,mast,12.349933,15.762546,2176,0.4115077555179596
3,alpha,human2,mast,10.620011,15.620283,2177,0.6535489559173584
10,beta,human2,beta,-8.643379,4.8850317,2178,0.4637584388256073
3,alpha,human2,mast,12.261741,15.544292,2179,0.6266752481460571
8,endothelial,human2,endothelial,19.745676,1.3530428,2180,2.6579864025115967
3,alpha,human2,mast,11.606465,15.906061,2181,0.5378600358963013
13,delta,human2,delta,-1.5777407,13.070465,2182,0.4295446574687958
6,activated_stellate,human2,activated_stellate,7.6680927,10.3662615,2183,1.541015863418579
1,gamma,human2,gamma,-0.59996074,19.957869,2184,1.3501319885253906
10,beta,human2,beta,-8.00118,4.6421947,2185,0.3845422863960266
3,alpha,human2,mast,11.294989,15.749396,2186,0.5055388808250427
12,ductal,human2,ductal,14.070845,5.4676585,2187,2.123220205307007
10,beta,human2,beta,-7.631893,3.2409043,2188,0.3845422863960266
1,gamma,human2,gamma,-0.660052,20.106554,2189,1.7048139572143557
10,beta,human2,beta,-8.647288,3.8326125,2190,0.4224132001399994
10,beta,human2,beta,-9.649423,3.9807951,2191,0.4533970057964325
12,ductal,human2,ductal,14.172577,6.2005057,2192,1.8737711906433103
12,ductal,human2,ductal,14.019049,6.258858,2193,1.7336276769638062
3,alpha,human2,mast,12.204902,16.23135,2194,0.5928360819816589
10,beta,human2,beta,-8.613893,4.094883,2195,0.3867889940738678
10,beta,human2,beta,-8.6186695,2.5562782,2196,0.4590717256069183
12,ductal,human2,ductal,14.437099,5.642623,2197,1.944504141807556
10,beta,human2,beta,-8.693977,3.9640133,2198,0.3845422863960266
12,ductal,human2,ductal,13.944476,6.0547667,2199,1.611614227294922
3,alpha,human2,mast,12.761558,16.238094,2200,0.6443556547164917
3,alpha,human2,mast,11.896907,15.5186615,2201,0.6071131229400635
6,activated_stellate,human2,activated_stellate,7.745787,10.301183,2202,1.4938528537750244
13,delta,human2,delta,-1.3302803,12.912388,2203,0.3868526220321655
3,alpha,human2,mast,11.183617,16.443295,2204,0.4405041933059692
6,activated_stellate,human2,activated_stellate,7.6333613,10.2310705,2205,1.5628504753112793
10,beta,human2,beta,-10.224606,4.807478,2206,0.3845422863960266
3,alpha,human2,mast,11.50928,15.350107,2207,0.4601045250892639
13,delta,human2,delta,-1.315579,13.570041,2208,0.4712593257427215
10,beta,human2,beta,-9.777093,5.026593,2209,0.9737484455108644
10,beta,human2,beta,-9.02728,4.211278,2210,0.4003863930702209
13,delta,human2,delta,-1.6143736,13.361799,2211,0.6807789206504822
12,ductal,human2,ductal,13.953195,6.2732406,2212,1.7640177011489868
3,alpha,human2,mast,12.101632,15.864978,2213,0.6653798222541809
13,delta,human2,delta,-1.7502191,13.385615,2214,0.8238829970359802
3,alpha,human2,mast,11.698538,16.352222,2215,0.8939493894577026
10,beta,human2,beta,-8.629997,2.694775,2216,0.4149075150489807
12,ductal,human2,ductal,14.35434,6.5391726,2217,1.64970064163208
10,beta,human2,beta,-8.448367,4.017343,2218,0.3845422863960266
8,endothelial,human2,endothelial,20.020954,1.0107892,2219,2.080161571502685
12,ductal,human2,ductal,14.178607,5.4593663,2220,3.588205099105835
10,beta,human2,beta,-8.017304,4.370221,2221,0.9371511340141296
3,alpha,human2,mast,12.750962,15.587849,2222,0.4891510605812073
6,activated_stellate,human2,activated_stellate,7.563642,10.427914,2223,1.646201252937317
10,beta,human2,beta,-10.564791,3.8314817,2224,0.4802829623222351
3,alpha,human2,mast,12.117687,16.139378,2225,0.5278908014297485
10,beta,human2,beta,-8.518309,3.2740254,2226,0.3845422863960266
10,beta,human2,beta,-8.437013,3.9065428,2227,0.3851188719272613
3,alpha,human2,mast,12.682131,16.281948,2228,0.5187737345695496
10,beta,human2,beta,-8.314951,3.762867,2229,0.4229224026203155
3,alpha,human2,mast,12.552941,15.90909,2230,0.8870783448219299
1,gamma,human2,gamma,-0.7314909,20.036213,2231,0.7933622002601624
10,beta,human2,beta,-10.233781,3.0801542,2232,0.3845422863960266
12,ductal,human2,ductal,13.984694,5.878575,2233,1.8670276403427124
10,beta,human2,beta,-9.7722,3.1033282,2234,0.4381452202796936
3,alpha,human2,mast,12.583746,15.49387,2235,0.6191937327384949
3,alpha,human2,mast,11.219279,15.517407,2236,0.5347316265106201
3,alpha,human2,mast,11.389553,16.079346,2237,0.5071253180503845
3,alpha,human2,mast,12.302712,16.052399,2238,0.5183571577072144
12,ductal,human2,ductal,14.334247,5.6495557,2239,1.8886919021606443
10,beta,human2,beta,-9.859209,3.3893864,2240,0.3845422863960266
3,alpha,human2,mast,12.066064,16.11559,2241,0.8168601989746094
3,alpha,human2,mast,11.193575,16.049664,2242,0.4157460927963257
12,ductal,human2,ductal,14.187172,5.5286365,2243,1.5365182161331177
3,alpha,human2,mast,12.289605,16.062757,2244,0.4088930189609527
12,ductal,human2,ductal,14.078433,5.804925,2245,1.8675824403762815
3,alpha,human2,mast,11.556332,15.663967,2246,0.6002784967422485
3,alpha,human2,mast,11.837439,15.691416,2247,0.5699073672294617
1,gamma,human2,gamma,-0.57747924,20.11431,2248,0.9526237845420836
7,ductal,human2,epsilon,-2.1646593,-9.904683,2249,1.5297324657440186
12,ductal,human2,ductal,14.349965,5.8766985,2250,2.06229567527771
3,alpha,human2,mast,11.211,15.82637,2251,0.7801418304443359
3,alpha,human2,mast,11.025416,15.421285,2252,1.197596549987793
7,ductal,human2,epsilon,-2.2477686,-9.732526,2253,1.3336496353149414
10,beta,human2,beta,-8.355323,3.1313527,2254,0.5018753409385681
12,ductal,human2,ductal,14.37503,6.5819235,2255,1.196069359779358
3,alpha,human2,mast,10.756277,15.846518,2256,0.469784140586853
12,ductal,human2,ductal,14.485829,6.2346487,2257,1.6453834772109983
3,alpha,human2,mast,11.114839,16.185005,2258,0.4218133091926574
12,ductal,human2,ductal,14.034092,5.268027,2259,1.4673889875411987
10,beta,human2,beta,-8.245284,4.850276,2260,0.6787490844726562
10,beta,human2,beta,-9.135303,4.157034,2261,0.3876232802867889
10,beta,human2,beta,-9.421518,4.2903833,2262,0.4095223844051361
12,ductal,human2,ductal,14.1126585,6.422402,2263,1.7120277881622314
12,ductal,human2,ductal,14.07046,5.811768,2264,1.2533963918685913
3,alpha,human2,mast,11.276048,15.462949,2265,0.8050030469894409
13,delta,human2,delta,-1.4591894,13.818456,2266,0.4744271636009216
3,alpha,human2,mast,11.778911,15.707092,2267,0.52451092004776
10,beta,human2,beta,-9.957701,3.7927246,2268,0.52814781665802
10,beta,human2,beta,-8.388542,4.417745,2269,0.4098518192768097
8,endothelial,human2,endothelial,20.103607,0.9112758,2270,2.182650327682495
3,alpha,human2,mast,11.207553,16.095669,2271,0.4949702322483063
3,alpha,human2,mast,11.841713,15.784403,2272,1.6129390001296997
3,alpha,human2,mast,11.096687,15.499268,2273,1.3392740488052368
3,alpha,human2,mast,11.056276,15.590254,2274,0.3970242738723755
3,alpha,human2,mast,12.074789,15.601159,2275,0.5662675499916077
3,alpha,human2,mast,11.456704,15.93045,2276,1.2231377363204956
12,ductal,human2,ductal,14.379897,6.386039,2277,1.4001469612121582
3,alpha,human2,mast,11.945705,15.650308,2278,1.040435791015625
3,alpha,human2,mast,10.977726,15.384055,2279,0.6581364274024963
12,ductal,human2,ductal,14.601344,6.1854057,2280,2.240983009338379
3,alpha,human2,mast,12.388012,16.041075,2281,0.4918399453163147
12,ductal,human2,ductal,14.002362,5.241228,2282,1.592535138130188
12,ductal,human2,ductal,14.470005,6.5386558,2283,2.240983009338379
12,ductal,human2,ductal,14.362649,6.326274,2284,1.6758350133895874
3,alpha,human2,mast,11.647975,15.975773,2285,0.7994894981384277
6,activated_stellate,human2,activated_stellate,7.59521,10.494082,2286,1.662356972694397
12,ductal,human2,ductal,14.157147,5.522568,2287,1.683907151222229
3,alpha,human2,mast,11.778652,16.067862,2288,0.7929146885871887
3,alpha,human2,mast,12.935806,15.638254,2289,0.5380507707595825
10,beta,human2,beta,-8.70378,4.868428,2290,0.3999429047107696
13,delta,human2,delta,-1.6651685,13.819579,2291,0.3845422863960266
3,alpha,human2,mast,12.553052,15.562997,2292,1.9265292882919312
3,alpha,human2,mast,11.064665,15.457496,2293,0.454392522573471
12,ductal,human2,ductal,14.167121,6.3626785,2294,1.6877670288085938
3,alpha,human2,mast,11.046206,15.925277,2295,0.7639198303222656
3,alpha,human2,mast,12.945609,16.239862,2296,0.4610261917114258
1,gamma,human2,gamma,-0.802786,20.13187,2297,1.2368124723434448
12,ductal,human2,ductal,14.173455,5.4514694,2298,1.2613539695739746
3,alpha,human2,mast,12.424873,16.347635,2299,0.7818955183029175
13,delta,human2,delta,-1.1337242,13.496607,2300,0.3845422863960266
8,endothelial,human2,endothelial,19.777138,1.3166889,2301,2.3185806274414062
10,beta,human2,beta,-8.781985,4.3011446,2302,0.4002088904380798
3,alpha,human2,mast,12.826572,16.428429,2303,0.5868991017341614
10,beta,human2,beta,-10.622442,4.6919565,2304,0.3845422863960266
3,alpha,human2,mast,12.429341,15.8429165,2305,0.8395214080810547
3,alpha,human2,mast,11.526423,15.684515,2306,0.5876642465591431
3,alpha,human2,mast,13.136216,15.981662,2307,0.4649813771247864
1,gamma,human2,gamma,-0.76022935,20.47957,2308,0.8956223130226135
12,ductal,human2,ductal,14.404351,6.4875627,2309,1.4560120105743408
11,alpha,human2,alpha,5.5899487,2.2828014,2310,1.4465073347091677
3,alpha,human2,mast,10.661369,15.596972,2311,0.4435379207134247
1,gamma,human2,gamma,-0.54774237,20.21985,2312,1.317897915840149
3,alpha,human2,mast,12.763709,15.996885,2313,0.5170386433601379
5,quiescent_stellate,human2,quiescent_stellate,4.707479,16.373451,2314,2.183505058288574
10,beta,human2,beta,-7.400341,3.8180404,2315,1.2298834323883057
7,ductal,human2,epsilon,-2.3815224,-10.004979,2316,1.961115837097168
7,ductal,human2,epsilon,-2.3766656,-9.966267,2317,1.7369933128356934
10,beta,human2,beta,-8.70918,3.6131158,2318,0.3860804438591003
3,alpha,human2,mast,12.098307,16.11593,2319,0.52583909034729
3,alpha,human2,mast,11.786403,16.028347,2320,0.4705427289009094
3,alpha,human2,mast,13.027035,16.310568,2321,0.5398625731468201
3,alpha,human2,mast,11.534478,15.53657,2322,0.5269109606742859
3,alpha,human2,mast,12.657022,15.507098,2323,0.6897673010826111
10,beta,human2,beta,-10.800632,4.4419856,2324,0.4076052010059356
3,alpha,human2,mast,13.0423355,15.856559,2325,0.5916150212287903
10,beta,human2,beta,-9.902672,3.8391929,2326,0.4202155470848083
12,ductal,human2,ductal,14.082568,5.2737494,2327,2.2215380668640137
1,gamma,human2,gamma,-0.98470527,20.400595,2328,0.7350541949272156
10,beta,human2,beta,-7.5639586,3.1798432,2329,0.3845422863960266
6,activated_stellate,human2,activated_stellate,7.5890975,10.384421,2330,1.88687264919281
12,ductal,human2,ductal,14.165952,5.461674,2331,1.5928657054901123
12,ductal,human2,ductal,14.28334,6.645427,2332,1.5716050863265991
3,alpha,human2,mast,11.530525,16.18293,2333,0.5679106116294861
1,gamma,human2,gamma,-0.6145967,20.168352,2334,0.9570605158805848
1,epsilon,human2,gamma,-0.7031108,20.307493,2335,1.259616732597351
3,alpha,human2,mast,11.52894,15.9880705,2336,1.4471412897109983
13,delta,human2,delta,-1.8346113,13.003609,2337,0.4204365611076355
3,alpha,human2,mast,10.753266,15.584049,2338,0.8491355776786804
7,ductal,human2,epsilon,-2.4830313,-10.050024,2339,1.336737871170044
3,alpha,human2,mast,12.606392,16.103447,2340,0.7002991437911987
10,beta,human2,beta,-8.841815,3.920868,2341,1.2858936786651611
6,activated_stellate,human2,activated_stellate,7.737006,10.073899,2342,1.4399367570877075
1,gamma,human2,gamma,-0.77727634,20.15259,2343,1.378200650215149
3,alpha,human2,mast,12.390391,16.424868,2344,0.4109019041061401
3,alpha,human2,mast,11.990542,16.1929,2345,0.5793061256408691
6,schwann,human2,activated_stellate,7.724735,10.494285,2346,2.397867202758789
7,ductal,human2,epsilon,-2.4353392,-9.978803,2347,1.752650260925293
3,alpha,human2,mast,11.6359215,15.714686,2348,0.7137078642845154
3,alpha,human2,mast,11.045921,15.683918,2349,0.6106070876121521
1,gamma,human2,gamma,-0.65984064,20.359459,2350,0.8646523356437683
3,alpha,human2,mast,12.079746,16.423967,2351,0.7615553140640259
3,alpha,human2,mast,10.8102665,15.440217,2352,0.6061057448387146
3,alpha,human2,mast,12.921045,16.204254,2353,1.0093865394592283
3,alpha,human2,mast,12.0153475,16.285744,2354,0.7082063555717468
3,alpha,human2,mast,12.031236,15.390884,2355,0.734051525592804
3,alpha,human2,mast,11.604259,15.7932,2356,0.6347310543060303
10,beta,human2,beta,-9.242491,4.4503417,2357,0.3845422863960266
9,macrophage,human2,macrophage,11.230525,0.505004,2358,2.272549152374268
12,ductal,human2,ductal,14.234962,6.027418,2359,1.4513165950775146
3,alpha,human2,mast,11.570355,15.841975,2360,0.5603779554367065
3,alpha,human2,mast,11.622302,15.556401,2361,0.5982746481895447
12,ductal,human2,ductal,14.568351,5.9780703,2362,1.640089750289917
3,alpha,human2,mast,10.72486,15.809334,2363,0.7041432857513428
3,alpha,human2,mast,11.502181,16.426188,2364,0.7977849245071411
3,alpha,human2,mast,12.403461,15.785052,2365,0.661741316318512
10,beta,human2,beta,-9.012757,3.1097264,2366,0.4870490729808807
12,ductal,human2,ductal,14.211981,5.461144,2367,1.4002536535263062
1,gamma,human2,gamma,-0.4728244,20.402197,2368,2.084289312362671
13,delta,human2,delta,-2.198267,12.843484,2369,1.322062373161316
12,ductal,human2,ductal,14.182769,5.6486387,2370,1.7726013660430908
13,delta,human2,delta,-1.5680668,13.319716,2371,0.5256399512290955
10,beta,human2,beta,-9.105466,4.309976,2372,0.3845422863960266
3,alpha,human2,mast,11.567624,16.067982,2373,0.793215811252594
12,ductal,human2,ductal,13.950824,6.175606,2374,1.7879024744033811
1,gamma,human2,gamma,-0.62807935,20.218,2375,0.994901478290558
3,alpha,human2,mast,12.485068,16.443329,2376,0.5753412246704102
3,alpha,human2,mast,12.311127,15.834544,2377,0.7556326985359192
3,alpha,human2,mast,12.399946,15.7103,2378,0.5899125933647156
1,gamma,human2,gamma,-0.7849415,20.301693,2379,1.200043797492981
6,activated_stellate,human2,activated_stellate,7.804023,10.282341,2380,1.898093104362488
3,alpha,human2,mast,12.223322,16.006569,2381,0.5586029887199402
2,ductal,human2,schwann,16.413193,-4.5885067,2382,1.4419097900390625
3,alpha,human2,mast,12.542911,15.915081,2383,0.8211004734039307
3,alpha,human2,mast,11.579911,15.4276,2384,0.730710506439209
10,beta,human2,beta,-10.197368,3.6322243,2385,0.3845422863960266
12,ductal,human2,ductal,14.506553,6.0574994,2386,1.2784665822982788
3,alpha,human2,mast,11.319603,15.303265,2387,0.4702869355678558
1,gamma,human2,gamma,-0.74492705,20.251364,2388,0.7921332716941833
13,delta,human2,delta,-1.444652,13.357562,2389,0.745518684387207
3,alpha,human2,mast,11.695776,15.398303,2390,0.6679285764694214
3,alpha,human2,mast,11.747231,16.29451,2391,0.7008942365646362
12,ductal,human2,ductal,14.16773,5.635445,2392,1.4262858629226685
6,activated_stellate,human2,activated_stellate,7.8422813,10.215258,2393,1.7343263626098633
3,alpha,human2,mast,10.90749,15.824013,2394,1.0542473793029783
3,alpha,human2,mast,11.953019,16.194937,2395,0.6879515647888184
3,alpha,human2,mast,11.757128,16.267885,2396,0.3963954746723175
1,gamma,human2,gamma,-0.72645396,20.259314,2397,1.1874892711639404
3,alpha,human2,mast,10.858188,15.535987,2398,0.5419390797615051
10,beta,human2,beta,-10.5855465,3.4463544,2399,0.8920616507530212
3,alpha,human2,mast,11.818466,16.110703,2400,0.7229750156402588
3,alpha,human2,mast,11.044986,15.408372,2401,0.8389734625816345
10,beta,human2,beta,-9.651721,3.3552423,2402,0.5449939966201782
12,ductal,human2,ductal,14.4583025,5.8091393,2403,1.987790822982788
5,schwann,human2,quiescent_stellate,5.224402,16.048424,2404,2.442910671234131
13,delta,human2,delta,-1.5326234,13.4225,2405,0.433380514383316
1,gamma,human2,gamma,-0.8329251,20.264574,2406,1.2437496185302734
6,activated_stellate,human2,activated_stellate,7.843747,10.034137,2407,1.6609156131744385
3,alpha,human2,mast,11.097511,15.795004,2408,0.7155280709266663
7,ductal,human2,epsilon,-2.3844855,-10.061964,2409,1.6068333387374878
10,beta,human2,beta,-9.285788,3.396212,2410,0.3863809108734131
10,beta,human2,beta,-8.617168,3.1859426,2411,0.6545549035072327
3,alpha,human2,mast,11.153326,15.334263,2412,0.4136222004890442
1,gamma,human2,gamma,-0.91513455,20.267979,2413,0.914134919643402
1,gamma,human2,gamma,-0.7344077,20.049597,2414,1.1225779056549072
12,ductal,human2,ductal,14.256584,5.8926344,2415,1.614012598991394
3,alpha,human2,mast,11.29087,15.326758,2416,0.824622392654419
6,activated_stellate,human2,activated_stellate,7.548329,10.246776,2417,1.529483437538147
8,endothelial,human2,endothelial,19.638367,1.4705434,2418,2.0150306224823
10,beta,human2,beta,-9.571437,3.8521519,2419,0.3966144621372223
10,beta,human2,beta,-9.831669,4.125649,2420,0.3845422863960266
8,endothelial,human2,endothelial,19.703867,1.3999255,2421,2.076976776123047
3,alpha,human2,mast,11.338352,16.247705,2422,0.5007079243659973
10,beta,human2,beta,-8.861934,3.1935904,2423,0.3920461237430572
10,beta,human2,beta,-8.588313,4.5081496,2424,0.4254344403743744
3,alpha,human2,mast,12.977075,16.273323,2425,0.4270385503768921
7,ductal,human2,epsilon,14.308587,6.9666038,2426,2.240983009338379
3,alpha,human2,mast,11.975983,15.705925,2427,0.6070854067802429
3,alpha,human2,mast,11.848245,16.193827,2428,0.4420895576477051
3,alpha,human2,mast,10.654249,15.752603,2429,0.4841747879981994
1,gamma,human2,gamma,-0.70351905,20.348557,2430,1.0826917886734009
6,activated_stellate,human2,activated_stellate,7.652405,10.58257,2431,2.0021626949310303
3,alpha,human2,mast,11.779855,16.532375,2432,0.5356450080871582
10,beta,human2,beta,-9.6966915,4.2979827,2433,0.7214393615722656
11,alpha,human2,alpha,5.2285323,3.1621053,2434,1.7463908195495603
3,alpha,human2,mast,11.600652,15.585508,2435,0.6436524987220764
5,quiescent_stellate,human2,quiescent_stellate,4.6430025,16.3695,2436,2.0824899673461914
1,gamma,human2,gamma,-0.50060683,20.070333,2437,1.897955179214477
3,alpha,human2,mast,12.423212,16.062954,2438,0.5657721161842346
3,alpha,human2,mast,11.346632,15.785276,2439,0.4794672131538391
3,alpha,human2,mast,10.955688,15.926318,2440,0.699747622013092
3,alpha,human2,mast,12.758913,15.919809,2441,0.922728419303894
3,alpha,human2,mast,12.720769,16.232735,2442,0.7104261517524719
5,quiescent_stellate,human2,quiescent_stellate,5.207186,16.039852,2443,2.4388389587402344
3,alpha,human2,mast,12.202538,16.256071,2444,0.6111556887626648
3,alpha,human2,mast,11.251715,15.495672,2445,0.7940654754638672
3,alpha,human2,mast,13.151505,16.04502,2446,0.5142350196838379
12,ductal,human2,ductal,14.457566,5.897981,2447,1.6152276992797852
3,alpha,human2,mast,12.264387,16.094028,2448,0.7865305542945862
10,beta,human2,beta,-9.105649,5.170477,2449,0.4263473749160766
10,beta,human2,beta,-9.513818,3.4108768,2450,0.7603802680969238
10,beta,human2,beta,-8.916098,4.5454884,2451,0.4214213192462921
10,beta,human2,beta,-9.297247,4.3553267,2452,0.3845422863960266
12,ductal,human2,ductal,14.381728,6.5893693,2453,1.693941354751587
11,alpha,human2,alpha,5.2304153,1.9515617,2454,1.1347215175628662
3,alpha,human2,mast,11.885205,16.27029,2455,1.0951145887374878
12,ductal,human2,ductal,14.18763,5.3926497,2456,1.6793919801712036
3,alpha,human2,mast,12.314364,15.673291,2457,0.5919497609138489
10,beta,human2,beta,-10.214374,3.104498,2458,0.3845422863960266
6,activated_stellate,human2,activated_stellate,7.548321,10.805841,2459,1.584647536277771
7,ductal,human2,epsilon,-2.557114,-9.755171,2460,1.615621566772461
9,mast,human2,macrophage,11.609663,0.1091568,2461,3.606613874435425
3,alpha,human2,mast,12.408589,15.997955,2462,0.49783855676651
10,beta,human2,beta,-8.562158,4.136349,2463,0.573561429977417
1,alpha,human2,gamma,-0.9598615,20.392527,2464,2.099629640579224
3,alpha,human2,mast,11.698973,16.037287,2465,0.7864090204238892
10,beta,human2,beta,-8.412264,3.6642416,2466,0.4292182326316833
1,gamma,human2,gamma,-0.98323905,20.180782,2467,1.5617274045944214
10,beta,human2,beta,-10.342323,3.5629022,2468,0.4071514308452606
7,ductal,human2,epsilon,-2.537186,-10.034137,2469,1.8929619789123533
12,ductal,human2,ductal,14.381854,5.9767876,2470,1.391065001487732
7,ductal,human2,epsilon,-2.459011,-10.04963,2471,1.971334457397461
12,ductal,human2,ductal,14.089235,5.809933,2472,1.776599407196045
3,alpha,human2,mast,11.608498,15.833946,2473,0.9442036151885986
10,beta,human2,beta,-9.391499,3.9807081,2474,0.4680492579936981
7,ductal,human2,epsilon,-2.5699174,-9.701931,2475,1.5769838094711304
10,beta,human2,beta,-10.407376,3.970609,2476,0.4051621258258819
8,endothelial,human2,endothelial,19.767664,1.3234721,2477,2.124751329421997
10,beta,human2,beta,-8.44376,3.6461422,2478,0.4343199133872986
10,beta,human2,beta,-8.289859,3.863399,2479,0.9404091835021972
9,macrophage,human2,macrophage,11.574791,0.14501598,2480,3.623354196548462
1,gamma,human2,gamma,-0.57326525,20.282818,2481,1.451778531074524
7,ductal,human2,epsilon,-2.5809374,-9.688416,2482,1.4124621152877808
12,ductal,human2,ductal,14.051358,5.479839,2483,1.3716038465499878
10,beta,human2,beta,-8.472028,4.552601,2484,0.4549283385276794
5,quiescent_stellate,human2,quiescent_stellate,4.4385023,16.442102,2485,2.0057268142700195
7,ductal,human2,epsilon,-2.4417768,-10.001213,2486,2.0552000999450684
3,alpha,human2,mast,11.448964,16.185022,2487,0.7960628271102905
3,alpha,human2,mast,11.860529,15.6326065,2488,0.6819977164268494
12,ductal,human2,ductal,14.18396,5.484322,2489,1.6114492416381836
11,alpha,human2,alpha,3.8415184,2.784352,2490,1.519635558128357
12,ductal,human2,ductal,14.0134535,5.669474,2491,1.8504966497421265
10,beta,human2,beta,-7.728864,4.131852,2492,0.497052937746048
11,alpha,human2,alpha,4.884602,2.462864,2493,1.482702136039734
7,ductal,human2,epsilon,-2.3629346,-9.997877,2494,2.094947338104248
10,beta,human2,beta,-9.307762,5.081255,2495,0.9850627183914183
13,delta,human2,delta,-1.778618,13.254746,2496,0.683972954750061
3,alpha,human2,mast,11.651851,16.210217,2497,4.432863235473633
3,alpha,human2,mast,12.173626,15.686578,2498,0.4904185831546783
3,alpha,human2,mast,11.34192,15.635894,2499,0.9389163851737976
3,alpha,human2,mast,12.380746,16.279129,2500,0.5845876336097717
13,delta,human2,delta,-1.9756367,13.59531,2501,0.5277496576309204
13,ductal,human2,delta,-2.090731,13.105235,2502,2.240983009338379
3,alpha,human2,mast,11.941258,15.642044,2503,0.6959170699119568
13,delta,human2,delta,-1.5482142,12.43759,2504,0.4458936750888824
13,delta,human2,delta,-1.9350492,13.617632,2505,0.4053110182285309
13,delta,human2,delta,-1.1838207,13.4874935,2506,0.4039202034473419
10,activated_stellate,human2,beta,-9.071792,3.8402665,2507,2.4939630031585693
10,beta,human2,beta,-8.668289,4.1852593,2508,0.3845422863960266
13,delta,human2,delta,-1.3751135,12.751719,2509,0.404583990573883
7,ductal,human2,epsilon,-2.3374043,-10.077635,2510,1.753955602645874
7,ductal,human2,epsilon,-2.2183464,-9.801376,2511,1.7518619298934937
7,ductal,human2,epsilon,-2.297823,-9.89666,2512,1.3069283962249756
12,ductal,human2,ductal,14.448782,6.0607443,2513,2.240983009338379
3,alpha,human2,mast,11.267603,15.7569475,2514,0.4712315499782562
13,delta,human2,delta,-1.3072295,13.615645,2515,0.3845422863960266
9,macrophage,human2,macrophage,11.071918,0.6677091,2516,2.2654974460601807
10,beta,human2,beta,-9.039995,4.0410514,2517,0.3845422863960266
13,delta,human2,delta,-1.5012132,12.462934,2518,0.5307974815368652
7,ductal,human2,epsilon,-2.363354,-10.063158,2519,1.5558311939239502
10,beta,human2,beta,-7.598893,3.2522857,2520,0.3845422863960266
13,delta,human2,delta,-1.2850275,13.721321,2521,0.3845422863960266
3,alpha,human2,mast,11.511751,15.788961,2522,0.6893816590309143
3,alpha,human2,mast,12.81577,16.069155,2523,0.5402975678443909
6,activated_stellate,human2,activated_stellate,7.5400453,10.511094,2524,1.5221437215805054
7,ductal,human2,epsilon,-2.4516623,-9.988096,2525,1.8752477169036863
10,beta,human2,beta,-8.501332,3.786256,2526,0.3845422863960266
7,ductal,human2,epsilon,-2.1810985,-9.850834,2527,1.4330779314041138
3,alpha,human2,mast,12.579317,15.761057,2528,1.44827139377594
13,delta,human2,delta,-2.012686,13.684795,2529,0.3845422863960266
12,ductal,human2,ductal,13.978239,5.0747175,2530,1.471548557281494
4,ductal,human2,acinar,7.4569445,-8.238003,2531,1.253524899482727
10,beta,human2,beta,-9.349709,3.9520354,2532,0.4009463787078857
3,alpha,human2,mast,12.72189,16.28341,2533,0.8597449660301208
1,alpha,human2,gamma,-0.41951805,20.398264,2534,1.304798245429993
10,beta,human2,beta,-8.866529,3.9183116,2535,0.3856498301029205
3,alpha,human2,mast,12.087685,16.233189,2536,0.92613285779953
10,beta,human2,beta,-9.999347,4.7052746,2537,0.3845422863960266
7,ductal,human2,epsilon,-2.3754158,-9.854552,2538,1.346535563468933
7,ductal,human2,epsilon,-2.601329,-10.056329,2539,1.3784416913986206
7,ductal,human2,epsilon,-2.3260648,-10.020101,2540,1.4852961301803589
10,beta,human2,beta,-7.5146775,4.6528015,2541,0.3884731233119964
13,delta,human2,delta,-1.9108073,13.097908,2542,0.3845422863960266
10,beta,human2,beta,-8.519633,3.5340395,2543,0.3845422863960266
10,beta,human2,beta,-10.561372,3.6668715,2544,0.3899551331996918
12,ductal,human2,ductal,14.230432,6.521507,2545,1.7273821830749512
3,alpha,human2,mast,12.4272375,16.291283,2546,0.8005115985870361
7,ductal,human2,epsilon,-2.4459352,-9.786645,2547,1.5068087577819824
12,ductal,human2,ductal,14.53159,6.328395,2548,1.5189926624298096
10,beta,human2,beta,-9.88543,4.7113967,2549,0.3845422863960266
3,alpha,human2,mast,13.130494,15.730654,2550,1.3436256647109983
10,beta,human2,beta,-8.789887,3.9179614,2551,0.4652730524539947
10,beta,human2,beta,-8.944921,3.8299584,2552,0.3845422863960266
10,beta,human2,beta,-8.825249,4.0463643,2553,0.3845422863960266
3,alpha,human2,mast,10.927945,15.844068,2554,0.4311184287071228
3,alpha,human2,mast,12.785238,16.334045,2555,0.434099406003952
10,beta,human2,beta,-9.897777,3.984302,2556,1.6747912168502808
10,beta,human2,beta,-8.909,3.6292782,2557,0.413250058889389
3,alpha,human2,mast,12.603094,15.936916,2558,0.4804126918315887
10,beta,human2,beta,-7.707512,3.745049,2559,0.3845422863960266
10,beta,human2,beta,-9.172323,4.040272,2560,0.3933384120464325
10,beta,human2,beta,-8.880647,3.0194004,2561,0.3845422863960266
7,ductal,human2,epsilon,-2.4256876,-10.064789,2562,1.2824819087982178
10,beta,human2,beta,-10.197258,4.9616456,2563,0.3845422863960266
6,activated_stellate,human2,activated_stellate,7.6321135,10.666763,2564,2.463338613510132
10,beta,human2,beta,-7.1797156,4.1856594,2565,0.3845422863960266
7,ductal,human2,epsilon,-2.1949823,-9.850629,2566,1.44304358959198
10,beta,human2,beta,-7.9456363,4.264496,2567,0.3845422863960266
10,beta,human2,beta,-7.7736697,4.0176706,2568,0.8702297210693359
3,alpha,human2,mast,12.214264,16.220049,2569,1.4831496477127075
12,ductal,human2,ductal,14.284389,5.8652034,2570,1.4034647941589355
7,ductal,human2,epsilon,-2.3448586,-10.057372,2571,1.7989894151687622
10,beta,human2,beta,-7.266984,4.023993,2572,0.4794414639472961
7,ductal,human2,epsilon,-2.1052072,-9.935268,2573,1.426855206489563
3,alpha,human2,mast,11.543769,15.827798,2574,0.3988342881202698
12,ductal,human2,ductal,14.279475,6.6793246,2575,1.8405219316482544
1,gamma,human2,gamma,-0.5249778,20.265873,2576,1.1745082139968872
3,alpha,human2,mast,10.885802,15.728904,2577,1.0496504306793213
10,beta,human2,beta,-7.695727,3.253081,2578,0.4171677231788635
10,beta,human2,beta,-8.117914,3.7476583,2579,0.3845422863960266
6,activated_stellate,human2,activated_stellate,7.8518815,10.076521,2580,1.4654173851013184
10,beta,human2,beta,-8.990296,2.9331992,2581,0.396019846200943
10,beta,human2,beta,-8.925584,3.5576468,2582,0.4725891053676605
3,alpha,human2,mast,12.123726,16.348022,2583,0.6915009617805481
10,beta,human2,beta,-9.350359,3.0790186,2584,0.3845422863960266
1,gamma,human2,gamma,-0.57810694,20.03996,2585,0.9675150513648988
0,beta,human2,t_cell,22.068249,9.782677,2586,0.5234002470970154
3,alpha,human2,mast,11.562174,16.075356,2587,0.6897715926170349
7,ductal,human2,epsilon,-2.134326,-9.890048,2588,1.505948781967163
10,beta,human2,beta,-8.840734,4.840253,2589,0.3868085741996765
3,alpha,human2,mast,12.128409,15.611349,2590,0.6516191959381104
3,alpha,human2,mast,12.555828,16.110626,2591,0.874826967716217
10,beta,human2,beta,-8.991795,3.5638297,2592,0.4335399270057678
3,alpha,human2,mast,11.789361,15.862388,2593,0.5511083006858826
3,alpha,human2,mast,11.903349,16.591877,2594,0.5341169238090515
3,alpha,human2,mast,11.716039,16.138367,2595,0.4389816522598266
3,alpha,human2,mast,12.69565,16.244946,2596,0.6003429889678955
6,activated_stellate,human2,activated_stellate,7.658578,10.725094,2597,1.5561789274215698
3,alpha,human2,mast,11.862784,16.277143,2598,0.5744830369949341
6,activated_stellate,human2,activated_stellate,7.639216,10.64653,2599,1.4349201917648315
10,beta,human2,beta,-8.3235,3.8550582,2600,0.3845422863960266
1,gamma,human2,gamma,-0.7773618,20.22539,2601,1.3919047117233276
3,alpha,human2,mast,11.871006,15.717017,2602,0.4963506460189819
10,beta,human2,beta,-9.041423,2.575376,2603,0.4411835670471191
13,delta,human2,delta,-2.1373968,13.220576,2604,0.3943800330162048
7,ductal,human2,epsilon,-2.399592,-9.812651,2605,1.8069443702697756
3,alpha,human2,mast,12.181153,15.711404,2606,1.162313461303711
6,activated_stellate,human2,activated_stellate,7.782346,10.164528,2607,2.3589112758636475
10,beta,human2,beta,-8.600021,3.9727209,2608,1.0815672874450684
3,alpha,human2,mast,12.840629,16.236946,2609,1.2450655698776243
3,alpha,human2,mast,12.013549,16.20899,2610,0.7753773927688599
3,alpha,human2,mast,11.880041,15.796664,2611,1.0779614448547363
10,beta,human2,beta,-9.419481,3.7635524,2612,0.3845422863960266
10,beta,human2,beta,-7.302751,3.571957,2613,0.4168000817298889
6,activated_stellate,human2,activated_stellate,7.563431,10.772592,2614,1.5112906694412231
9,macrophage,human2,macrophage,11.550451,0.16991688,2615,2.3376173973083496
7,ductal,human2,epsilon,-2.335161,-9.828463,2616,1.536017656326294
10,beta,human2,beta,-10.206979,4.33663,2617,0.3852808177471161
0,beta,human2,t_cell,21.79578,9.1301,2618,0.3845422863960266
3,alpha,human2,mast,11.292354,15.430211,2619,0.4109463691711426
10,beta,human2,beta,-9.213026,2.939751,2620,0.4755332469940185
10,beta,human2,beta,-9.416415,3.8079114,2621,0.6280904412269592
7,ductal,human2,epsilon,-2.2359803,-9.832531,2622,1.565827250480652
3,alpha,human2,mast,11.489964,15.708107,2623,1.307733416557312
13,delta,human2,delta,-1.57561,13.351257,2624,1.2249301671981812
10,beta,human2,beta,-9.14448,2.5190275,2625,0.6614100933074951
10,beta,human2,beta,-8.667822,3.248328,2626,0.475981742143631
3,alpha,human2,mast,12.667557,16.081326,2627,0.9306233525276184
10,beta,human2,beta,-8.520394,2.9069564,2628,0.3845422863960266
3,alpha,human2,mast,11.791286,15.894479,2629,0.4515404999256134
10,beta,human2,beta,-7.644427,4.2177234,2630,0.4086229205131531
12,ductal,human2,ductal,14.214449,5.652546,2631,1.4197114706039429
10,beta,human2,beta,-7.786199,3.1768935,2632,0.3845422863960266
3,alpha,human2,mast,11.067427,16.080906,2633,0.464853972196579
3,alpha,human2,mast,11.594701,15.881745,2634,0.4405770897865295
13,delta,human2,delta,-1.370412,12.811599,2635,0.78902667760849
10,beta,human2,beta,-8.617607,3.5546868,2636,0.4064749181270599
10,beta,human2,beta,-7.1638308,4.1469173,2637,0.5305005311965942
3,alpha,human2,mast,12.209949,15.931604,2638,0.6736375093460083
9,macrophage,human2,macrophage,11.040121,0.70149165,2639,2.162208318710327
6,activated_stellate,human2,activated_stellate,7.8278913,10.139967,2640,1.9140701293945312
7,ductal,human2,epsilon,-2.1961932,-9.774857,2641,1.5147203207015991
10,beta,human2,beta,-9.514287,2.7185519,2642,0.4013038575649261
3,alpha,human2,mast,12.272402,16.262465,2643,0.4683778584003448
13,delta,human2,delta,-2.0855608,13.428008,2644,0.3930407166481018
9,macrophage,human2,macrophage,11.318121,0.41433248,2645,2.38110899925232
13,delta,human2,delta,-1.7923183,13.572438,2646,0.3917494118213653
3,alpha,human2,mast,11.534758,16.499735,2647,0.8388141393661499
7,ductal,human2,epsilon,-2.5070205,-9.675324,2648,1.3878543376922607
7,acinar,human2,epsilon,-2.2907867,-10.066886,2649,1.597931742668152
13,delta,human2,delta,-1.3439168,13.300137,2650,0.891944944858551
3,alpha,human2,mast,11.186058,15.855291,2651,0.4573310613632202
7,ductal,human2,epsilon,-2.3256843,-9.909109,2652,1.4890466928482056
12,ductal,human2,ductal,13.993265,6.124564,2653,1.651113748550415
3,alpha,human2,mast,11.635368,16.498251,2654,0.8551051020622253
10,beta,human2,beta,-7.148077,3.6799126,2655,0.3845422863960266
12,ductal,human2,ductal,14.643897,6.219792,2656,1.7353214025497437
7,ductal,human2,epsilon,-2.2019942,-9.987846,2657,1.3895692825317385
3,alpha,human2,mast,11.554162,16.125427,2658,0.4810123443603515
3,alpha,human2,mast,11.756391,15.65505,2659,0.4693172574043274
13,delta,human2,delta,-1.7717028,12.998135,2660,1.7557380199432373
13,delta,human2,delta,-1.7770612,12.78149,2661,0.8896185755729675
3,alpha,human2,mast,12.934517,16.252007,2662,0.9154040813446044
3,alpha,human2,mast,12.085235,16.138594,2663,0.7591156959533691
7,ductal,human2,epsilon,-2.3832157,-9.876258,2664,1.3342379331588743
3,alpha,human2,mast,11.962204,15.762032,2665,0.6544849276542664
10,alpha,human2,beta,-8.056268,4.42925,2666,0.9841655492782592
13,delta,human2,delta,-1.9835728,12.939828,2667,0.7275779843330383
3,alpha,human2,mast,12.367147,16.295267,2668,0.5995262265205383
10,beta,human2,beta,-8.941641,3.14116,2669,0.3845422863960266
10,beta,human2,beta,-10.160545,4.535519,2670,0.3845422863960266
3,alpha,human2,mast,12.642687,16.226301,2671,0.8232564926147461
12,ductal,human2,ductal,14.328709,6.149526,2672,1.865228533744812
13,delta,human2,delta,-2.2809708,13.253327,2673,0.4136513769626617
3,alpha,human2,mast,12.085126,15.396454,2674,0.5985507369041443
6,activated_stellate,human2,activated_stellate,7.730727,10.307787,2675,1.5059045553207395
13,delta,human2,delta,-1.423695,13.594459,2676,0.5375737547874451
10,beta,human2,beta,-8.40567,3.6645088,2677,0.3845422863960266
1,gamma,human2,gamma,-0.70585567,20.07552,2678,1.0489740371704102
13,delta,human2,delta,-1.6832759,13.068661,2679,0.4032853245735168
1,gamma,human2,gamma,-0.61464417,20.065353,2680,1.3994276523590088
10,beta,human2,beta,-8.444623,3.756555,2681,1.1233574151992798
12,ductal,human2,ductal,14.294342,5.796936,2682,1.6744405031204224
3,alpha,human2,mast,12.0087,15.824191,2683,0.637634813785553
12,ductal,human2,ductal,14.275525,6.1630106,2684,1.4961543083190918
3,alpha,human2,mast,11.689641,16.416214,2685,0.5839802622795105
12,ductal,human2,ductal,14.248833,5.800058,2686,1.4612916707992554
10,beta,human2,beta,-8.581134,3.3660634,2687,0.3845422863960266
12,ductal,human2,ductal,14.163268,5.6215367,2688,2.1117451190948486
3,alpha,human2,mast,11.609175,15.902278,2689,1.129082202911377
10,beta,human2,beta,-9.390767,3.7431924,2690,0.3845422863960266
10,beta,human2,beta,-8.001276,4.2785707,2691,0.3868601620197296
7,ductal,human2,epsilon,-2.212578,-9.758601,2692,1.404599666595459
10,beta,human2,beta,-10.002603,4.426171,2693,0.4804600179195404
3,alpha,human2,mast,10.967042,16.019428,2694,0.5066530108451843
12,ductal,human2,ductal,14.244145,6.743955,2695,2.149110555648804
6,activated_stellate,human2,activated_stellate,7.620155,10.608023,2696,1.5491206645965576
3,alpha,human2,mast,11.902329,16.09226,2697,0.635215163230896
10,beta,human2,beta,-9.660761,4.2243414,2698,0.3845422863960266
10,beta,human2,beta,-9.196156,4.663715,2699,0.3891590535640716
12,ductal,human2,ductal,14.339536,6.671119,2700,1.4134719371795654
3,alpha,human2,mast,11.55242,16.253098,2701,0.8531848788261414
12,ductal,human2,ductal,14.184877,6.514273,2702,2.201972484588623
3,alpha,human2,mast,11.227376,16.236212,2703,0.6427895426750183
3,alpha,human2,mast,11.527956,15.304837,2704,0.884933352470398
3,alpha,human2,mast,11.767928,15.712455,2705,0.4891614615917206
3,alpha,human2,mast,11.501914,16.21124,2706,0.7222645878791809
3,alpha,human2,mast,12.881874,16.453274,2707,0.5026262998580933
10,beta,human2,beta,-8.6951475,3.4295936,2708,0.3845422863960266
12,ductal,human2,ductal,14.3524065,6.6511655,2709,1.9445213079452517
3,alpha,human2,mast,13.06378,15.705443,2710,0.7159026861190796
3,alpha,human2,mast,12.629057,15.992368,2711,0.6657851934432983
3,alpha,human2,mast,11.445434,16.217382,2712,0.4944840371608734
12,ductal,human2,ductal,14.2896805,6.4673615,2713,1.6087473630905151
10,beta,human2,beta,-9.022029,3.004274,2714,0.3845422863960266
12,ductal,human2,ductal,14.249528,5.7983904,2715,1.6092281341552734
6,activated_stellate,human2,activated_stellate,7.8207417,10.101572,2716,1.4801757335662842
3,alpha,human2,mast,12.320561,16.42665,2717,0.5063435435295105
10,beta,human2,beta,-10.749427,3.385069,2718,0.3845422863960266
3,alpha,human2,mast,11.356898,16.24786,2719,0.5311179161071777
3,alpha,human2,mast,11.290447,15.592854,2720,0.5604352355003357
12,ductal,human2,ductal,14.190208,6.3172026,2721,1.1866090297698977
11,alpha,human2,alpha,5.4982796,2.6628077,2722,1.4570058584213257
3,alpha,human2,mast,12.8626795,16.218325,2723,0.6197367906570435
10,beta,human2,beta,-8.234054,4.292189,2724,0.5569530129432678
10,beta,human2,beta,-9.066935,4.4358473,2725,0.4358571171760559
10,beta,human2,beta,-9.096363,3.073923,2726,0.3845422863960266
10,beta,human2,beta,-9.238912,3.1066267,2727,0.3845422863960266
7,ductal,human2,epsilon,-2.5418987,-9.982027,2728,1.331690788269043
9,macrophage,human2,macrophage,11.49287,0.22998908,2729,2.633631706237793
3,alpha,human2,mast,10.846245,15.871807,2730,0.6387138366699219
7,ductal,human2,epsilon,-2.2341733,-9.955876,2731,1.425805687904358
3,alpha,human2,mast,11.675004,16.211882,2732,0.448278397321701
10,beta,human2,beta,-10.558537,4.8099794,2733,0.4154476821422577
10,beta,human2,beta,-8.680037,5.13764,2734,0.5450801253318787
12,ductal,human2,ductal,14.100386,5.947463,2735,1.8609638214111328
10,beta,human2,beta,-8.592381,4.9273868,2736,0.4624920189380646
13,delta,human2,delta,-1.3061334,13.339108,2737,0.4512169957160949
5,quiescent_stellate,human2,quiescent_stellate,4.825851,16.281082,2738,2.1896300315856934
3,alpha,human2,mast,11.551917,15.76375,2739,0.4620954990386963
3,alpha,human2,mast,12.839703,16.330023,2740,0.5667181015014648
10,beta,human2,beta,-10.5785,3.6869297,2741,0.4025936722755432
12,ductal,human2,ductal,14.333188,5.7865324,2742,1.6709115505218506
10,beta,human2,beta,-8.62698,3.9831352,2743,0.3845422863960266
3,alpha,human2,mast,11.908758,15.548232,2744,0.5686143636703491
10,beta,human2,beta,-9.904373,4.1424074,2745,0.4110583961009979
3,alpha,human2,mast,11.74494,15.507782,2746,0.5719741582870483
10,beta,human2,beta,-8.285333,3.848824,2747,0.3845422863960266
10,beta,human2,beta,-8.954488,4.3541193,2748,0.5365486145019531
10,beta,human2,beta,-7.649606,3.3698733,2749,0.3845422863960266
10,beta,human2,beta,-8.496837,3.9427254,2750,0.3845422863960266
3,alpha,human2,mast,11.165179,15.438396,2751,0.4346670508384704
3,alpha,human2,mast,11.110167,16.018906,2752,0.5647946000099182
10,beta,human2,beta,-8.671538,4.1846986,2753,0.3845422863960266
3,alpha,human2,mast,10.973334,15.806684,2754,0.5326482653617859
13,delta,human2,delta,-1.5099511,13.031089,2755,0.4032649099826813
3,alpha,human2,mast,12.743807,16.27861,2756,0.471405565738678
10,beta,human2,beta,-7.9871397,3.516308,2757,0.8950237035751343
6,schwann,human2,activated_stellate,7.7046714,10.632603,2758,2.4939630031585693
10,beta,human2,beta,-9.507592,3.855943,2759,0.4918133020401001
10,beta,human2,beta,-6.936386,3.6706464,2760,0.3872582912445068
3,alpha,human2,mast,11.833455,15.983538,2761,0.7029271721839905
3,alpha,human2,mast,12.162929,15.966455,2762,0.6541402339935303
3,alpha,human2,mast,12.879542,16.27729,2763,0.4133538007736206
10,beta,human2,beta,-9.445364,4.8430614,2764,0.3942748308181762
3,alpha,human2,mast,11.599914,16.494267,2765,0.747289776802063
10,beta,human2,beta,-10.129761,3.5320973,2766,0.6065967679023743
12,ductal,human2,ductal,14.164016,6.4967246,2767,2.1065964698791504
12,ductal,human2,ductal,14.437433,6.08507,2768,1.822232842445373
1,gamma,human2,gamma,-0.8356774,20.203213,2769,1.0994349718093872
10,beta,human2,beta,-8.730487,3.796685,2770,0.3845422863960266
3,alpha,human2,mast,12.233357,15.607322,2771,0.5232208371162415
12,ductal,human2,ductal,14.284272,5.670519,2772,1.848849177360535
10,beta,human2,beta,-8.971098,4.217529,2773,0.3845422863960266
12,ductal,human2,ductal,14.379382,6.2116303,2774,1.4469798803329468
12,ductal,human2,ductal,14.012298,5.225647,2775,1.862779974937439
3,alpha,human2,mast,12.073825,15.787052,2776,0.5760434865951538
6,activated_stellate,human2,activated_stellate,7.598139,10.165559,2777,1.6864140033721924
13,delta,human2,delta,-1.5936602,12.94049,2778,0.4221732914447784
10,beta,human2,beta,-8.065016,3.4308293,2779,0.3845422863960266
10,beta,human2,beta,-8.628711,3.8185503,2780,0.3845422863960266
10,beta,human2,beta,-10.422393,3.039881,2781,0.3845422863960266
3,alpha,human2,mast,13.08674,16.253061,2782,0.9556527733802797
3,alpha,human2,mast,11.643013,15.991169,2783,0.6090006232261658
3,alpha,human2,mast,11.577514,15.747149,2784,0.4323411583900451
6,activated_stellate,human2,activated_stellate,7.599887,10.771004,2785,1.8745923042297363
3,alpha,human2,mast,12.642953,16.262829,2786,0.4365081191062927
3,alpha,human2,mast,12.138642,15.775177,2787,0.9727193713188172
3,alpha,human2,mast,11.291076,15.328801,2788,0.5563669204711914
3,alpha,human2,mast,12.223624,15.851475,2789,0.5037341117858887
3,alpha,human2,mast,11.196436,15.897369,2790,0.4088870882987976
13,delta,human2,delta,-1.9222262,12.929894,2791,0.5786579847335815
3,alpha,human2,mast,11.565507,16.312738,2792,0.7003457546234131
1,gamma,human2,gamma,-0.86048716,20.09532,2793,0.8618533611297607
3,alpha,human2,mast,11.480341,16.583479,2794,0.5625138282775879
3,alpha,human2,mast,11.055758,15.440673,2795,0.4282670319080353
1,gamma,human2,gamma,-0.56226075,20.221483,2796,2.2170989513397217
3,alpha,human2,mast,11.429648,15.998761,2797,0.4053088724613189
3,alpha,human2,mast,11.597251,15.343262,2798,0.7620953321456909
3,alpha,human2,mast,11.882617,16.066746,2799,0.4643287062644958
3,alpha,human2,mast,11.769867,16.156172,2800,1.75025737285614
12,ductal,human2,ductal,14.159216,5.3614187,2801,1.8937700986862185
3,alpha,human2,mast,11.649781,15.750487,2802,0.5418844819068909
6,activated_stellate,human2,activated_stellate,7.6171684,10.493205,2803,1.491748332977295
3,alpha,human2,mast,11.886424,16.059664,2804,0.8593611121177673
13,delta,human2,delta,-1.7202685,13.675474,2805,0.3913264274597168
3,alpha,human2,mast,11.649746,16.071215,2806,0.4478330910205841
3,alpha,human2,mast,12.007737,15.663516,2807,0.4879361391067505
3,alpha,human2,mast,11.035851,16.06403,2808,0.5111305713653564
12,ductal,human2,ductal,14.3372755,5.7683434,2809,1.4920319318771362
13,delta,human2,delta,-1.2920085,13.4625845,2810,0.483798623085022
3,alpha,human2,mast,12.708144,16.039154,2811,0.429017961025238
3,alpha,human2,mast,11.111152,15.545843,2812,0.6446244120597839
3,alpha,human2,mast,12.534353,15.888517,2813,0.5351648926734924
3,alpha,human2,mast,11.76132,15.659294,2814,0.5119866728782654
10,beta,human2,beta,-8.805132,3.5086038,2815,0.3845422863960266
10,beta,human2,beta,-9.473985,4.069041,2816,0.3845422863960266
3,alpha,human2,mast,11.360868,15.941789,2817,0.5944128036499023
6,activated_stellate,human2,activated_stellate,7.5932207,10.456196,2818,1.675790548324585
3,alpha,human2,mast,13.267986,16.053614,2819,0.5887409448623657
10,beta,human2,beta,-8.758576,3.4594474,2820,0.3845422863960266
3,alpha,human2,mast,11.605061,16.12651,2821,0.4774409532546997
10,beta,human2,beta,-9.39445,2.8230796,2822,0.4368113875389099
10,beta,human2,beta,-9.991474,3.7688212,2823,0.3845422863960266
3,alpha,human2,mast,11.86423,16.413492,2824,0.6809743642807007
3,alpha,human2,mast,11.160748,15.700021,2825,0.6645826697349548
6,activated_stellate,human2,activated_stellate,7.711309,10.1827,2826,1.566510796546936
10,beta,human2,beta,-8.967451,3.587391,2827,0.4165590405464172
3,alpha,human2,mast,12.167681,15.741122,2828,0.6688836216926575
10,beta,human2,beta,-9.308111,3.8451502,2829,0.799024760723114
13,delta,human2,delta,-1.3111875,13.3386345,2830,0.3845422863960266
10,beta,human2,beta,-8.638971,3.6867497,2831,1.6715729236602783
3,alpha,human2,mast,12.306735,16.02819,2832,0.5993013381958008
10,beta,human2,beta,-7.806096,4.7442827,2833,0.6649166345596313
1,gamma,human2,gamma,-0.98213834,20.211918,2834,1.007115364074707
3,alpha,human2,mast,12.225256,16.053976,2835,0.4220007359981537
3,alpha,human2,mast,12.7771635,16.012924,2836,1.0230728387832642
3,alpha,human2,mast,11.496524,15.914078,2837,0.7502629160881042
10,beta,human2,beta,-10.38509,4.836628,2838,0.4539302289485931
10,beta,human2,beta,-9.424422,3.9852533,2839,0.4504648149013519
10,beta,human2,beta,-9.134404,4.324619,2840,0.3845422863960266
6,activated_stellate,human2,activated_stellate,7.778787,10.397546,2841,1.6899216175079346
8,endothelial,human2,endothelial,19.4279,1.8462107,2842,2.381138801574707
9,macrophage,human2,macrophage,11.198798,0.5375751,2843,2.868391513824463
3,alpha,human2,mast,11.489145,15.9450445,2844,0.493861049413681
3,alpha,human2,mast,11.56852,16.125412,2845,1.0886681079864502
1,gamma,human2,gamma,-0.6134505,20.160448,2846,0.9966156482696532
3,alpha,human2,mast,11.302715,16.219786,2847,0.5798033475875854
8,endothelial,human2,endothelial,19.685167,1.4259484,2848,2.69674015045166
3,alpha,human2,mast,11.969854,16.439959,2849,0.6559016704559326
3,alpha,human2,mast,11.326553,15.511288,2850,1.2554829120635986
3,alpha,human2,mast,12.381712,16.252787,2851,0.4926348030567169
10,beta,human2,beta,-10.124715,4.7299275,2852,0.3845422863960266
5,quiescent_stellate,human2,quiescent_stellate,4.909053,16.225866,2853,1.7165621519088743
10,beta,human2,beta,-8.771152,4.076934,2854,0.6317771077156067
3,alpha,human2,mast,10.929176,15.95077,2855,0.7309794425964355
12,ductal,human2,ductal,14.225801,6.1303287,2856,1.5380289554595947
7,ductal,human2,epsilon,-2.3447597,-9.770986,2857,2.110348463058472
3,alpha,human2,mast,11.469773,16.250305,2858,0.4605355560779571
3,alpha,human2,mast,11.859502,16.661406,2859,1.0887420177459717
12,ductal,human2,ductal,14.057682,5.524325,2860,2.043778657913208
10,beta,human2,beta,-8.792415,3.8055127,2861,0.3930980265140533
3,alpha,human2,mast,12.17483,15.584063,2862,0.4667048454284668
3,alpha,human2,mast,12.06005,16.074503,2863,0.6306477785110474
12,ductal,human2,ductal,14.191352,5.5571713,2864,1.447701096534729
10,beta,human2,beta,-7.6653037,3.6469147,2865,0.4752520322799682
8,endothelial,human2,endothelial,19.90923,1.1515969,2866,2.838065385818481
3,alpha,human2,mast,12.256737,16.109663,2867,0.6644982099533081
3,alpha,human2,mast,11.664509,16.020893,2868,0.3983151614665985
3,alpha,human2,mast,11.733053,15.691736,2869,0.6672548055648804
6,activated_stellate,human2,activated_stellate,7.5118127,10.75962,2870,2.2190444469451904
12,ductal,human2,ductal,14.522534,6.153563,2871,1.943478226661682
3,alpha,human2,mast,11.74025,15.868128,2872,1.4561896324157717
1,gamma,human2,gamma,-0.5050182,20.29617,2873,1.2103854417800903
3,alpha,human2,mast,11.587491,15.916838,2874,0.4031790196895599
3,alpha,human2,mast,11.34672,16.22793,2875,0.4258312582969665
12,ductal,human2,ductal,14.070861,6.068552,2876,2.0525474548339844
5,quiescent_stellate,human2,quiescent_stellate,4.9583445,16.225258,2877,2.361780405044556
7,ductal,human2,epsilon,-2.2801054,-9.751677,2878,1.877461314201355
7,ductal,human2,epsilon,-2.291509,-9.703214,2879,1.4040471315383911
3,alpha,human2,mast,11.448012,15.802525,2880,0.4058587253093719
6,activated_stellate,human2,activated_stellate,7.866185,10.172216,2881,1.823857665061951
1,gamma,human2,gamma,-0.87422293,20.128965,2882,0.9975640177726746
12,ductal,human2,ductal,13.975777,6.332037,2883,1.843491554260254
8,endothelial,human2,endothelial,19.345354,1.963805,2884,2.437268018722534
3,alpha,human2,mast,12.179591,16.181377,2885,0.726665198802948
7,ductal,human2,epsilon,-2.3026168,-10.017738,2886,1.6101421117782593
10,beta,human2,beta,-10.345698,3.5850196,2887,0.3845422863960266
12,ductal,human2,ductal,14.228131,5.4395046,2888,1.4042619466781616
9,macrophage,human2,macrophage,11.06884,0.67238545,2889,2.75073766708374
3,alpha,human2,mast,12.182758,15.762861,2890,0.5867782235145569
3,alpha,human2,mast,11.458025,15.478436,2891,0.8808709979057312
10,beta,human2,beta,-7.573408,2.878247,2892,0.3859976232051849
10,beta,human2,beta,-9.065956,5.281634,2893,0.3845422863960266
10,beta,human2,beta,-9.694067,4.7495036,2894,0.3845422863960266
3,alpha,human2,mast,12.854513,16.387255,2895,1.0170435905456543
6,activated_stellate,human2,activated_stellate,7.733656,10.273388,2896,1.5130467414855957
3,alpha,human2,mast,11.960688,15.706161,2897,0.6326976418495178
7,ductal,human2,epsilon,-2.3625526,-9.951115,2898,1.8776971101760864
3,alpha,human2,mast,12.684428,16.510138,2899,0.4130477011203766
3,alpha,human2,mast,11.800415,16.50904,2900,0.4771271646022796
3,alpha,human2,mast,11.640727,16.188698,2901,0.5590981245040894
3,alpha,human2,mast,11.695271,16.181232,2902,0.7232478260993958
1,gamma,human2,gamma,-0.8529057,20.119942,2903,0.9806686639785768
10,beta,human2,beta,-9.291356,3.088118,2904,0.3845422863960266
12,ductal,human2,ductal,14.049932,6.039278,2905,1.7914984226226809
10,beta,human2,beta,-8.719222,3.2515078,2906,0.3845422863960266
3,alpha,human2,mast,11.389117,15.399239,2907,0.632896363735199
10,beta,human2,beta,-9.976298,4.28587,2908,0.3845422863960266
3,alpha,human2,mast,11.920161,16.251146,2909,0.7567315697669983
3,alpha,human2,mast,11.998321,15.715565,2910,0.9260839819908142
10,beta,human2,beta,-9.180701,4.100715,2911,0.3845422863960266
3,alpha,human2,mast,11.5822735,15.883155,2912,0.7722074389457703
3,alpha,human2,mast,11.119732,16.2739,2913,0.5558900237083435
1,gamma,human2,gamma,-0.54581326,20.42867,2914,1.193903565406799
12,ductal,human2,ductal,14.091177,6.3152947,2915,1.77174973487854
10,beta,human2,beta,-9.117963,3.453063,2916,0.3845422863960266
3,alpha,human2,mast,11.333836,16.40057,2917,0.5057662129402161
3,alpha,human2,mast,10.790204,15.599184,2918,0.7515392303466797
3,alpha,human2,mast,11.99747,16.313665,2919,0.6922767758369446
3,alpha,human2,mast,12.27004,15.797725,2920,0.8662664294242859
1,gamma,human2,gamma,-0.93747157,20.17927,2921,1.174977421760559
13,delta,human2,delta,-1.5510587,13.345289,2922,0.433734267950058
3,alpha,human2,mast,12.776347,15.906876,2923,0.4208931028842926
6,activated_stellate,human2,activated_stellate,7.623229,10.028669,2924,1.4091805219650269
9,macrophage,human2,macrophage,11.506235,0.21622647,2925,3.217190742492676
10,beta,human2,beta,-8.923387,5.0668907,2926,0.4113901257514953
10,beta,human2,beta,-10.046784,4.3931365,2927,0.3845422863960266
3,alpha,human2,mast,11.498896,16.190859,2928,0.4836543798446655
1,gamma,human2,gamma,-0.50944877,20.38961,2929,2.149176597595215
10,beta,human2,beta,-8.735515,4.0153546,2930,0.3845422863960266
3,alpha,human2,mast,11.82812,15.433196,2931,0.5582924485206604
3,alpha,human2,mast,11.529051,15.655925,2932,0.8044558167457581
7,ductal,human2,epsilon,-2.2265897,-9.949413,2933,1.7045716047286987
10,beta,human2,beta,-10.140123,3.3376975,2934,0.3845422863960266
10,beta,human2,beta,-10.738766,3.4548187,2935,0.4413682818412781
3,alpha,human2,mast,11.586448,15.929764,2936,0.8599008321762085
3,alpha,human2,mast,11.552516,15.626573,2937,1.263301968574524
7,ductal,human2,epsilon,-2.453118,-9.848544,2938,1.9792722463607788
3,alpha,human2,mast,12.435407,16.266727,2939,1.4145710468292236
3,alpha,human2,mast,10.910006,15.410696,2940,0.7718310952186584
3,alpha,human2,mast,12.637972,16.314026,2941,0.4683108627796173
3,alpha,human2,mast,11.324029,16.369751,2942,0.5188533663749695
6,activated_stellate,human2,activated_stellate,7.6404605,10.572822,2943,1.612541437149048
3,alpha,human2,mast,11.708805,16.157139,2944,0.9872033596038818
3,alpha,human2,mast,11.197984,15.667666,2945,0.6726662516593933
3,alpha,human2,mast,12.54385,16.124193,2946,0.4375636875629425
3,alpha,human2,mast,11.025908,15.967016,2947,0.4059208333492279
1,gamma,human2,gamma,-0.9320911,20.198889,2948,1.2381762266159058
10,beta,human2,beta,-11.045938,4.2568374,2949,0.6201040148735046
3,alpha,human2,mast,12.420213,15.736863,2950,0.7457914352416992
3,alpha,human2,mast,12.038027,15.714944,2951,0.625393271446228
3,alpha,human2,mast,11.631609,15.916795,2952,0.559727668762207
10,beta,human2,beta,-9.738219,5.0177026,2953,0.3865927159786224
10,beta,human2,beta,-9.022371,4.0997367,2954,0.3845422863960266
3,alpha,human2,mast,11.91656,16.481934,2955,0.4479919373989105
3,alpha,human2,mast,11.640517,16.280987,2956,0.6731626391410828
5,quiescent_stellate,human2,quiescent_stellate,4.4268785,16.449575,2957,2.153148889541626
12,ductal,human2,ductal,14.416571,6.410916,2958,1.630014419555664
3,alpha,human2,mast,11.552495,15.54105,2959,0.4752000272274017
10,beta,human2,beta,-8.505728,4.8458877,2960,0.4401363432407379
3,alpha,human2,mast,11.625338,15.933907,2961,0.6215081214904785
10,beta,human2,beta,-10.768633,3.392081,2962,0.4917018115520477
12,ductal,human2,ductal,14.168057,5.875607,2963,1.7763123512268066
10,beta,human2,beta,-9.047684,4.6603518,2964,0.4538069069385528
3,alpha,human2,mast,12.34513,15.201279,2965,0.9868772029876708
3,alpha,human2,mast,11.915854,16.197016,2966,1.068570852279663
1,gamma,human2,gamma,-0.5828043,20.014612,2967,0.9367222785949708
3,alpha,human2,mast,12.395653,16.166012,2968,0.4793941676616668
3,alpha,human2,mast,12.42357,16.455614,2969,0.5864869356155396
10,beta,human2,beta,-9.263552,3.2252057,2970,0.4511198401451111
6,activated_stellate,human2,activated_stellate,7.6228004,10.58195,2971,1.6859323978424072
3,alpha,human2,mast,12.260686,15.924511,2972,0.9478464126586914
8,endothelial,human2,endothelial,19.47655,1.7635884,2973,2.6217708587646484
3,alpha,human2,mast,12.373422,16.31848,2974,0.4561165869235992
3,alpha,human2,mast,12.406906,16.161615,2975,0.8060572147369385
3,alpha,human2,mast,11.482644,16.091623,2976,0.6007724404335022
3,alpha,human2,mast,10.82465,15.729671,2977,0.8072873950004578
10,beta,human2,beta,-8.620821,3.8205187,2978,0.3845422863960266
3,alpha,human2,mast,11.85678,16.417036,2979,0.7492837309837341
10,beta,human2,beta,-10.243377,3.8646061,2980,0.6230855584144592
3,alpha,human2,mast,12.32554,16.520267,2981,0.4910068213939667
3,alpha,human2,mast,11.656633,16.048456,2982,0.7278510928153992
1,gamma,human2,gamma,-1.0312355,20.19857,2983,0.9469642043113708
3,alpha,human2,mast,10.983218,15.776326,2984,0.7054576277732849
3,alpha,human2,mast,11.876782,15.71003,2985,0.8917225003242493
3,alpha,human2,mast,11.552947,15.376438,2986,0.4495694041252136
3,alpha,human2,mast,12.401721,16.126743,2987,0.557316780090332
3,alpha,human2,mast,12.101352,16.145857,2988,0.7809844613075256
3,alpha,human2,mast,12.696311,16.361347,2989,0.4180071949958801
3,alpha,human2,mast,12.443433,16.106462,2990,0.648722767829895
10,beta,human2,beta,-8.663986,4.172063,2991,0.5336442589759827
3,alpha,human2,mast,12.054043,16.223518,2992,0.6669101715087891
3,alpha,human2,mast,11.900663,16.199308,2993,0.584126353263855
12,ductal,human2,ductal,14.054842,5.762232,2994,1.6383492946624756
6,activated_stellate,human2,activated_stellate,7.6230116,10.328054,2995,1.643272042274475
12,ductal,human2,ductal,14.25612,5.8080535,2996,1.4872429370880127
3,alpha,human2,mast,11.976392,15.942009,2997,0.9695492386817932
3,alpha,human2,mast,11.841405,16.291903,2998,0.8206161260604858
9,mast,human2,macrophage,11.354359,0.37606347,2999,4.432863235473633
3,alpha,human2,mast,11.240234,15.589436,3000,0.444140762090683
3,alpha,human2,mast,12.759878,16.023502,3001,0.6245142817497253
10,beta,human2,beta,-9.406269,4.550468,3002,0.4555880129337311
10,beta,human2,beta,-8.678899,4.289982,3003,1.3063387870788574
10,beta,human2,beta,-8.743352,4.3267374,3004,0.4032106101512909
12,ductal,human2,ductal,14.336416,6.7666216,3005,1.8021889925003047
10,beta,human2,beta,-10.728849,3.9664166,3006,0.4268352687358856
3,alpha,human2,mast,11.626388,16.44397,3007,1.1365482807159424
10,beta,human2,beta,-8.681643,3.3265538,3008,0.3956250250339508
7,ductal,human2,epsilon,13.985546,5.1043944,3009,2.240983009338379
3,alpha,human2,mast,11.591819,15.453872,3010,1.288130760192871
6,schwann,human2,activated_stellate,7.749692,9.805472,3011,2.482877492904663
3,alpha,human2,mast,11.409415,15.98111,3012,0.5600838661193848
3,alpha,human2,mast,11.021461,16.124334,3013,0.4934817552566528
10,beta,human2,beta,-9.195308,4.2236543,3014,0.3845422863960266
1,gamma,human2,gamma,-0.542116,20.247719,3015,1.6596925258636477
10,beta,human2,beta,-10.308587,3.026654,3016,0.4509813189506531
12,ductal,human2,ductal,13.995827,6.023943,3017,1.660423755645752
12,ductal,human2,ductal,14.266256,6.277435,3018,1.803267002105713
3,alpha,human2,mast,11.131228,15.445666,3019,0.4212075471878052
1,gamma,human2,gamma,-0.47997782,20.202806,3020,1.0663243532180786
9,mast,human2,macrophage,11.139158,0.59911656,3021,3.972010850906372
1,gamma,human2,gamma,-0.786467,20.141506,3022,0.862247884273529
9,mast,human2,macrophage,11.074248,0.66731995,3023,4.290943145751953
3,alpha,human2,mast,11.333206,16.18954,3024,0.5444050431251526
12,ductal,human2,ductal,14.033433,5.386356,3025,1.820900797843933
1,gamma,human2,gamma,-0.85280645,20.296295,3026,0.7936257719993591
3,alpha,human2,mast,12.170684,16.623137,3027,0.4664788842201233
3,alpha,human2,mast,12.053873,16.026281,3028,0.4847122728824615
3,alpha,human2,mast,11.601497,16.054308,3029,0.7803779244422913
3,alpha,human2,mast,12.130532,16.50336,3030,0.6332392692565918
12,ductal,human2,ductal,14.666053,6.0345907,3031,1.6185072660446167
3,alpha,human2,mast,11.89226,16.394976,3032,0.6243139505386353
3,alpha,human2,mast,12.341273,16.513056,3033,0.5652477145195007
3,alpha,human2,mast,11.3223,16.107954,3034,0.5026306509971619
9,mast,human2,macrophage,11.626325,0.09292538,3035,3.5166234970092773
3,alpha,human2,mast,12.736652,16.14334,3036,0.6544655561447144
3,alpha,human2,mast,11.711924,15.82359,3037,0.6395158171653748
5,quiescent_stellate,human2,quiescent_stellate,4.884923,16.24164,3038,2.262834072113037
10,beta,human2,beta,-9.562153,3.456911,3039,0.3845422863960266
3,alpha,human2,mast,11.985561,16.024803,3040,0.4387653768062591
10,beta,human2,beta,-10.4651985,4.1326213,3041,0.5694226026535034
3,alpha,human2,mast,12.444789,15.976954,3042,0.9692103862762452
3,alpha,human2,mast,12.664991,16.158377,3043,1.0108318328857422
1,gamma,human2,gamma,-0.6862084,20.26809,3044,0.9606547951698304
1,gamma,human2,gamma,-0.82274604,20.18431,3045,1.3343894481658936
12,ductal,human2,ductal,14.422514,5.96988,3046,1.1304118633270264
3,alpha,human2,mast,12.109162,16.273853,3047,1.3068335056304932
6,activated_stellate,human2,activated_stellate,7.752094,9.866889,3048,1.794075608253479
3,alpha,human2,mast,12.723973,16.379028,3049,0.6615139245986938
12,ductal,human2,ductal,14.174693,5.8858123,3050,1.8790929317474363
13,delta,human2,delta,-1.6497526,13.117552,3051,1.0654034614562988
3,alpha,human2,mast,11.597182,15.96599,3052,1.2870056629180908
3,alpha,human2,mast,11.620512,16.28217,3053,0.4801522493362427
6,activated_stellate,human2,activated_stellate,7.7074275,10.61434,3054,2.330618143081665
10,beta,human2,beta,-9.983365,3.5224342,3055,0.4823231399059295
3,alpha,human2,mast,12.179177,16.523766,3056,1.318876028060913
5,quiescent_stellate,human2,quiescent_stellate,5.274409,16.009127,3057,1.477882742881775
12,ductal,human2,ductal,14.243061,6.684267,3058,1.4108426570892334
3,alpha,human2,mast,11.85415,15.630178,3059,1.2148587703704834
5,quiescent_stellate,human2,quiescent_stellate,4.360756,16.478153,3060,2.3833673000335693
7,ductal,human2,epsilon,-2.5034947,-9.893768,3061,1.777060627937317
3,alpha,human2,mast,10.870899,15.950491,3062,0.4891955256462097
6,activated_stellate,human2,activated_stellate,7.7699003,10.507306,3063,2.440004348754883
10,beta,human2,beta,-10.828618,4.0676126,3064,0.3939124047756195
10,beta,human2,beta,-8.813656,3.6424322,3065,0.4302294552326202
6,activated_stellate,human2,activated_stellate,7.5517163,10.93065,3066,2.2342991828918457
3,alpha,human2,mast,11.75877,16.070557,3067,1.3313443660736084
3,alpha,human2,mast,10.973732,16.063206,3068,0.5247734785079956
12,ductal,human2,ductal,14.4076,5.639629,3069,1.4182498455047607
10,beta,human2,beta,-10.346158,4.202158,3070,0.9220715761184692
10,beta,human2,beta,-8.932103,4.060476,3071,0.4657081961631775
3,alpha,human2,mast,11.951871,16.038706,3072,0.7044211030006409
6,schwann,human2,activated_stellate,7.7494707,9.794812,3073,2.4793527126312256
1,gamma,human2,gamma,-0.92894685,20.201885,3074,0.7908228635787964
7,ductal,human2,epsilon,-2.6544158,-9.8835335,3075,1.287636160850525
3,alpha,human2,mast,12.239554,15.744884,3076,0.8807499408721924
1,t_cell,human2,gamma,10.957794,0.7864342,3077,3.623354196548462
6,schwann,human2,activated_stellate,7.5797186,11.041624,3078,2.455471992492676
10,beta,human2,beta,-9.924186,3.4624906,3079,0.3998014330863952
1,gamma,human2,gamma,-0.84594584,20.366505,3080,2.2244057655334477
10,beta,human2,beta,-9.8959055,3.4688678,3081,0.4358232617378235
10,beta,human2,beta,-9.443671,2.9641767,3082,0.3845422863960266
10,beta,human2,beta,-9.243861,3.8491561,3083,0.3845422863960266
10,beta,human2,beta,-7.3951807,4.601637,3084,0.8608515858650208
1,t_cell,human2,gamma,11.561747,0.15853526,3085,3.623354196548462
10,beta,human2,beta,-10.414904,4.37906,3086,0.4886837303638458
10,beta,human2,beta,-8.457144,2.9598596,3087,0.4913990199565887
3,alpha,human2,mast,12.307048,15.229144,3088,0.5211832523345947
10,beta,human2,beta,-8.831597,3.2645698,3089,0.3982883393764496
3,alpha,human2,mast,11.614758,16.481363,3090,1.257211208343506
12,ductal,human2,ductal,14.259011,5.644235,3091,1.6414090394973757
10,beta,human2,beta,-9.352545,4.516763,3092,0.3845422863960266
3,alpha,human2,mast,11.760579,15.77998,3093,1.1969966888427734
7,ductal,human2,epsilon,-2.5822234,-9.961404,3094,1.845681309700012
3,alpha,human2,mast,12.361357,15.235128,3095,1.6480666399002075
10,beta,human2,beta,-8.275468,3.110474,3096,0.3930500745773315
13,delta,human2,delta,-2.0593793,13.010288,3097,0.3845422863960266
13,delta,human2,delta,-1.894562,13.983267,3098,0.3902969062328338
10,beta,human2,beta,-8.698514,2.5721052,3099,0.3936578035354614
4,ductal,human2,acinar,6.9846954,-7.1154656,3100,1.419860601425171
3,alpha,human2,mast,12.12949,15.545118,3101,0.9457153677940368
10,beta,human2,beta,-8.437181,4.055354,3102,0.3913011848926544
12,ductal,human2,ductal,14.154054,6.489616,3103,1.5180546045303345
3,alpha,human2,mast,13.141028,15.704066,3104,0.5864306688308716
13,delta,human2,delta,-1.8154154,13.295306,3105,0.643397867679596
7,ductal,human2,epsilon,-2.2106946,-10.067736,3106,1.4756271839141846
3,alpha,human2,mast,11.853411,15.401464,3107,0.8924728035926819
7,ductal,human2,epsilon,-2.2061105,-9.72702,3108,1.5618090629577637
13,delta,human2,delta,-1.9203624,13.231846,3109,0.4722273647785187
12,ductal,human2,ductal,14.118488,5.8522825,3110,1.9996588230133057
3,alpha,human2,mast,12.144072,15.59,3111,0.6338253617286682
12,ductal,human2,ductal,14.035727,5.7519703,3112,1.829799771308899
7,ductal,human2,epsilon,-2.2090454,-9.802001,3113,1.428568959236145
13,delta,human2,delta,-1.442725,12.563766,3114,0.3845422863960266
13,delta,human2,delta,-1.8199941,12.906598,3115,0.438250720500946
11,alpha,human2,alpha,5.5155287,2.0091827,3116,1.158535122871399
10,beta,human2,beta,-7.6883073,3.3414707,3117,0.3845422863960266
13,delta,human2,delta,-2.245172,13.303605,3118,0.3845422863960266
13,delta,human2,delta,-2.0088499,13.13464,3119,0.5360190868377686
10,beta,human2,beta,-9.643871,4.2297215,3120,0.3845422863960266
13,delta,human2,delta,-1.2209268,13.411323,3121,0.5340982675552368
7,ductal,human2,epsilon,-2.3637185,-9.962556,3122,1.7117640972137451
7,ductal,human2,epsilon,-2.207573,-9.791777,3123,1.422295093536377
7,ductal,human2,epsilon,-2.2230368,-9.882226,3124,1.4387019872665403
7,ductal,human2,epsilon,-2.4390004,-10.005723,3125,1.3561443090438845
13,delta,human2,delta,-1.4806255,13.940521,3126,0.5384384989738464
3,alpha,human2,mast,13.142415,15.732248,3127,0.751956582069397
13,delta,human2,delta,-1.4832555,12.865878,3128,0.4135559201240539
3,alpha,human2,mast,12.125564,15.63654,3129,0.5085001587867737
10,beta,human2,beta,-8.97618,3.4789517,3130,0.3993622660636902
7,ductal,human2,epsilon,-2.4426606,-9.915902,3131,1.4111469984054563
1,epsilon,human2,gamma,-0.746149,20.140215,3132,1.504712700843811
3,alpha,human2,mast,11.029934,15.362822,3133,0.4113466739654541
13,delta,human2,delta,-1.8638257,12.601982,3134,0.4597779810428619
3,alpha,human2,mast,10.672063,15.7323065,3135,0.9453138709068298
13,delta,human2,delta,-1.6674844,13.066423,3136,0.4307548403739929
3,alpha,human2,mast,12.096655,16.208231,3137,0.4310851693153381
13,delta,human2,delta,-1.7128052,13.144235,3138,0.3845422863960266
6,activated_stellate,human2,activated_stellate,7.6447325,10.310459,3139,1.5362790822982788
3,alpha,human2,mast,12.057904,15.880559,3140,1.5144590139389038
3,alpha,human2,mast,11.284367,15.349676,3141,0.5448134541511536
13,delta,human2,delta,-1.603559,13.246834,3142,0.7168619632720947
13,delta,human2,delta,-1.4851869,12.78854,3143,0.5818771719932556
10,beta,human2,beta,-9.514599,3.8806405,3144,0.4297884106636047
10,beta,human2,beta,-10.181506,4.0265017,3145,0.4273228645324707
3,alpha,human2,mast,11.291059,15.590093,3146,0.5634452700614929
3,alpha,human2,mast,10.8789,15.9829,3147,0.408825159072876
10,beta,human2,beta,-8.039241,4.196696,3148,0.3845422863960266
13,delta,human2,delta,-1.701079,12.666995,3149,0.4931126236915588
3,alpha,human2,mast,12.012582,15.508076,3150,0.7791399359703064
3,alpha,human2,mast,12.670909,16.1886,3151,0.7128740549087524
11,activated_stellate,human2,alpha,6.0090446,2.5724094,3152,2.4939630031585693
7,ductal,human2,epsilon,-2.2472618,-9.762265,3153,1.6488351821899414
3,alpha,human2,mast,11.668235,15.94289,3154,0.8769502639770508
10,beta,human2,beta,-9.367618,3.967128,3155,0.4917416870594024
3,alpha,human2,mast,11.363167,15.312017,3156,0.4059920012950897
6,activated_stellate,human2,activated_stellate,7.666715,10.133597,3157,1.6816798448562622
3,alpha,human2,mast,11.231288,15.423602,3158,0.4865674674510956
7,ductal,human2,epsilon,-2.3598897,-10.005918,3159,1.3005170822143557
3,alpha,human2,mast,12.422724,15.578418,3160,0.4648563265800476
7,acinar,human2,epsilon,-2.2006154,-9.945331,3161,1.5459285974502563
3,alpha,human2,mast,12.89592,15.783796,3162,0.420697957277298
10,beta,human2,beta,-10.742207,4.426825,3163,0.3845422863960266
13,delta,human2,delta,-1.2962002,13.194509,3164,0.666716456413269
3,alpha,human2,mast,11.540112,15.3375,3165,0.7656069993972778
3,alpha,human2,mast,10.656452,15.770077,3166,0.6857982873916626
3,alpha,human2,mast,13.118913,16.09537,3167,0.8648955821990967
3,alpha,human2,mast,12.150887,15.5144005,3168,1.0094285011291504
3,alpha,human2,mast,10.8142395,15.600457,3169,0.6483901143074036
3,alpha,human2,mast,10.694091,15.752962,3170,0.6123252511024475
9,macrophage,human2,macrophage,11.560044,0.16028558,3171,2.464503526687622
9,macrophage,human2,macrophage,10.950187,0.7939308,3172,2.640648126602173
12,ductal,human2,ductal,14.209916,6.465131,3173,1.8905344009399412
10,beta,human2,beta,-8.472495,4.9748416,3174,0.3845422863960266
12,ductal,human2,ductal,14.449042,5.820801,3175,1.3576756715774536
7,ductal,human2,epsilon,-2.2713141,-10.010017,3176,1.6574993133544922
3,alpha,human2,mast,11.7629595,15.996233,3177,0.6188207864761353
3,alpha,human2,mast,10.959532,15.910443,3178,0.5013874173164368
3,alpha,human2,mast,11.796006,15.841273,3179,0.8318300247192383
3,alpha,human2,mast,11.628956,15.537183,3180,0.442508339881897
7,ductal,human2,epsilon,-2.2675264,-9.812141,3181,1.6302402019500732
13,delta,human2,delta,-2.1262152,13.63216,3182,0.3845422863960266
13,delta,human2,delta,-1.8137538,12.880842,3183,1.0288405418395996
10,beta,human2,beta,-10.086456,3.4087915,3184,0.3863142430782318
3,alpha,human2,mast,13.117412,15.694846,3185,0.5026286244392395
7,ductal,human2,epsilon,-2.4666696,-9.793871,3186,1.821383357048035
13,ductal,human2,delta,-2.1209023,13.075124,3187,1.6235134601593018
10,beta,human2,beta,-9.064587,3.601959,3188,0.3845422863960266
3,alpha,human2,mast,11.101224,15.945949,3189,0.5970973372459412
13,delta,human2,delta,-1.8033547,13.409047,3190,0.4093678295612335
10,beta,human2,beta,-10.304258,4.8788624,3191,0.3845422863960266
6,quiescent_stellate,human2,activated_stellate,7.6393504,10.650704,3192,2.3763155937194824
13,delta,human2,delta,-1.8942813,12.688294,3193,0.4706629514694214
10,quiescent_stellate,human2,beta,-9.287773,3.9998355,3194,2.4939630031585693
6,activated_stellate,human2,activated_stellate,7.5760345,10.754323,3195,1.4966498613357544
3,alpha,human2,mast,11.457788,15.3090725,3196,0.8103480935096741
6,activated_stellate,human2,activated_stellate,7.4917383,10.137035,3197,1.6986088752746582
7,ductal,human2,epsilon,-2.4580712,-9.885083,3198,1.4833303689956665
3,alpha,human2,mast,11.684964,16.25606,3199,0.9586989879608154
3,alpha,human2,mast,11.738955,15.687539,3200,0.6372804641723633
10,beta,human2,beta,-9.930892,3.3694844,3201,0.3962777554988861
10,beta,human2,beta,-10.398625,3.7631814,3202,0.633135199546814
6,activated_stellate,human2,activated_stellate,7.5336666,10.853269,3203,1.6527098417282104
10,beta,human2,beta,-8.082858,4.4323053,3204,0.3845422863960266
10,beta,human2,beta,-9.441291,3.110845,3205,0.3845422863960266
12,ductal,human2,ductal,14.033095,6.1651115,3206,2.240983009338379
7,ductal,human2,epsilon,-2.4326372,-9.886703,3207,1.778908371925354
3,alpha,human2,mast,12.899259,16.013268,3208,0.5417200922966003
12,ductal,human2,ductal,14.323271,6.8898616,3209,1.8072113990783687
7,ductal,human2,epsilon,-2.3354504,-9.736335,3210,1.3837814331054688
3,alpha,human2,mast,11.601358,16.516376,3211,0.680965006351471
6,activated_stellate,human2,activated_stellate,7.805945,10.036029,3212,2.4939630031585693
3,alpha,human2,mast,12.206363,16.07673,3213,1.1641206741333008
7,ductal,human2,epsilon,-2.3927941,-9.729262,3214,2.043331861495972
10,beta,human2,beta,-9.474196,4.646364,3215,0.3845422863960266
10,beta,human2,beta,-9.720367,4.0072846,3216,0.3999578058719635
3,alpha,human2,mast,10.623211,15.590825,3217,0.4140314161777496
13,delta,human2,delta,-1.4461273,13.310191,3218,0.3845422863960266
6,activated_stellate,human2,activated_stellate,7.613521,10.492633,3219,1.5779303312301636
12,ductal,human2,ductal,14.519763,6.314436,3220,1.565210223197937
10,beta,human2,beta,-9.6470995,3.2483015,3221,0.3845422863960266
3,alpha,human2,mast,11.889614,16.48435,3222,0.649518609046936
3,alpha,human2,mast,13.00245,16.205484,3223,0.8792939782142639
3,alpha,human2,mast,12.192991,15.700001,3224,0.5475945472717285
3,alpha,human2,mast,10.869149,15.520454,3225,1.0742006301879885
6,activated_stellate,human2,activated_stellate,7.783146,10.109073,3226,1.5668829679489136
10,beta,human2,beta,-9.910091,5.1064935,3227,0.3845422863960266
10,beta,human2,beta,-7.2563477,3.2180104,3228,0.3845422863960266
10,beta,human2,beta,-8.652793,5.0507503,3229,0.3851001858711242
3,alpha,human2,mast,11.43094,15.861768,3230,1.279084086418152
10,beta,human2,beta,-10.645743,4.339184,3231,0.3845422863960266
13,delta,human2,delta,-1.5336405,13.457892,3232,0.440269261598587
3,alpha,human2,mast,12.46989,15.903855,3233,0.6697778701782227
3,alpha,human2,mast,12.767664,15.861384,3234,0.5956312417984009
3,alpha,human2,mast,12.693335,16.232712,3235,0.5101777911186218
10,beta,human2,beta,-8.704401,3.7796576,3236,0.6194205284118652
3,alpha,human2,mast,11.71509,15.820701,3237,0.4107352495193481
3,alpha,human2,mast,12.578896,15.744963,3238,0.5566330552101135
12,ductal,human2,ductal,14.032032,5.278918,3239,2.1276626586914062
10,beta,human2,beta,-8.340265,3.9787576,3240,0.3845422863960266
3,alpha,human2,mast,12.28243,15.485701,3241,1.1724103689193726
9,macrophage,human2,macrophage,11.1127205,0.6268999,3242,2.343379259109497
7,ductal,human2,epsilon,-2.4458647,-9.738844,3243,1.3194175958633425
13,delta,human2,delta,-1.2995355,13.665691,3244,0.3939662575721741
3,alpha,human2,mast,10.532074,15.587531,3245,0.4584416151046753
10,beta,human2,beta,-10.168934,3.209723,3246,0.392225444316864
3,alpha,human2,mast,12.560873,15.978402,3247,0.6991822719573975
3,alpha,human2,mast,13.109907,15.750502,3248,1.58181631565094
3,alpha,human2,mast,12.471122,15.987902,3249,1.3125375509262085
6,activated_stellate,human2,activated_stellate,7.6093755,10.759222,3250,1.6342027187347412
12,ductal,human2,ductal,14.320307,5.769114,3251,1.3099812269210815
3,alpha,human2,mast,11.217871,15.865922,3252,0.4392575919628143
7,ductal,human2,epsilon,-2.1994543,-9.785709,3253,1.5222243070602417
13,delta,human2,delta,-1.6197039,12.879501,3254,0.4678987562656402
10,beta,human2,beta,-10.243478,4.329573,3255,0.3845422863960266
13,delta,human2,delta,-1.8141763,13.240996,3256,0.3845422863960266
7,ductal,human2,epsilon,-2.2824914,-10.072793,3257,1.7300578355789185
3,alpha,human2,mast,12.814289,16.138084,3258,0.6402570605278015
3,alpha,human2,mast,11.878623,16.267195,3259,0.8961840867996216
10,beta,human2,beta,-9.121353,3.633001,3260,0.3845422863960266
6,activated_stellate,human2,activated_stellate,7.5816293,10.119961,3261,1.5649579763412476
7,ductal,human2,epsilon,-2.2174785,-9.813613,3262,1.8199084997177124
12,ductal,human2,ductal,14.464733,6.026075,3263,1.934834599494934
12,ductal,human2,ductal,14.391421,5.7722206,3264,1.9540859460830688
12,ductal,human2,ductal,14.207406,6.0503926,3265,1.346354842185974
3,alpha,human2,mast,10.765447,15.726219,3266,1.0567593574523926
13,delta,human2,delta,-1.8888395,13.408818,3267,0.3845422863960266
7,ductal,human2,epsilon,-2.4624796,-10.094514,3268,1.3204622268676758
3,alpha,human2,mast,12.212689,15.811159,3269,0.9649959206581116
3,alpha,human2,mast,12.498529,15.869764,3270,0.4068060517311096
3,alpha,human2,mast,12.348875,15.205919,3271,0.9177489280700684
3,alpha,human2,mast,11.763001,16.286411,3272,0.449067085981369
3,alpha,human2,mast,12.669936,16.104965,3273,0.4951480627059936
10,beta,human2,beta,-9.184605,4.1707206,3274,0.3885315954685211
3,alpha,human2,mast,12.805005,15.864529,3275,1.1995089054107666
3,alpha,human2,mast,11.448387,16.332685,3276,0.5209602117538452
11,alpha,human2,alpha,5.2604666,2.7713625,3277,1.9929224252700808
6,activated_stellate,human2,activated_stellate,7.870753,10.064748,3278,1.543731927871704
3,alpha,human2,mast,11.783598,16.420446,3279,0.7388162016868591
10,beta,human2,beta,-7.821201,3.1813064,3280,0.3845422863960266
3,alpha,human2,mast,12.681509,15.632655,3281,0.4215053915977478
12,ductal,human2,ductal,13.994585,5.9387884,3282,1.5056030750274658
3,alpha,human2,mast,12.642423,16.404041,3283,0.8243706822395325
3,alpha,human2,mast,11.402733,15.827467,3284,0.5780495405197144
3,alpha,human2,mast,12.09011,16.041277,3285,0.4175487458705902
7,ductal,human2,epsilon,-2.4092033,-9.899402,3286,1.6185438632965088
3,alpha,human2,mast,11.844166,16.007744,3287,1.2300161123275757
3,alpha,human2,mast,10.668528,15.710084,3288,0.6404796838760376
7,acinar,human2,epsilon,-2.057983,-9.932247,3289,1.444333791732788
10,beta,human2,beta,-10.157765,4.572077,3290,0.3845422863960266
7,ductal,human2,epsilon,-2.203556,-9.82212,3291,1.7704252004623413
10,beta,human2,beta,-8.158847,3.45831,3292,0.3845422863960266
12,ductal,human2,ductal,14.085907,6.4714284,3293,1.6387300491333008
3,alpha,human2,mast,11.593075,15.899238,3294,0.6341079473495483
10,beta,human2,beta,-9.178849,3.183677,3295,0.3864650428295135
3,alpha,human2,mast,11.986294,16.044243,3296,0.4091104865074157
13,delta,human2,delta,-1.379863,13.6333275,3297,0.401366114616394
3,alpha,human2,mast,10.690537,15.720293,3298,0.9134679436683656
12,ductal,human2,ductal,14.449951,5.9701877,3299,3.588205099105835
3,alpha,human2,mast,11.272672,15.444843,3300,0.5285325050354004
3,alpha,human2,mast,11.196705,15.783914,3301,0.4514017701148987
3,alpha,human2,mast,11.743556,16.226114,3302,0.7430351376533508
8,endothelial,human2,endothelial,20.206078,0.77646303,3303,2.697951316833496
7,ductal,human2,epsilon,-2.4404655,-9.932465,3304,1.5050179958343506
13,delta,human2,delta,-1.8686427,13.457676,3305,0.4735099971294403
10,beta,human2,beta,-8.805719,3.1598196,3306,0.3845422863960266
3,alpha,human2,mast,12.131283,15.588607,3307,0.5849389433860779
3,alpha,human2,mast,11.262304,15.6542225,3308,1.0016052722930908
3,alpha,human2,mast,12.328258,15.967698,3309,0.4895061254501343
10,beta,human2,beta,-9.1530075,3.6639993,3310,0.503521203994751
3,alpha,human2,mast,11.769723,15.7199335,3311,1.5434980392456057
12,ductal,human2,ductal,14.0919285,5.4025726,3312,1.493085503578186
3,alpha,human2,mast,12.488631,16.108809,3313,0.7113083004951477
3,alpha,human2,mast,11.098726,15.463,3314,0.6522567868232727
10,beta,human2,beta,-8.196082,3.755302,3315,0.3845422863960266
3,alpha,human2,mast,11.428467,15.663958,3316,0.520200252532959
3,alpha,human2,mast,11.565044,15.599519,3317,0.9356419444084167
13,delta,human2,delta,-1.4274347,12.550796,3318,0.4797236621379852
3,alpha,human2,mast,12.414943,15.669772,3319,0.9740507006645204
3,alpha,human2,mast,13.071231,15.846614,3320,0.7945807576179504
13,delta,human2,delta,-1.6853609,13.185145,3321,0.4168131649494171
6,activated_stellate,human2,activated_stellate,7.558313,10.296675,3322,1.3894891738891602
3,alpha,human2,mast,12.347731,15.543128,3323,0.429129421710968
12,ductal,human2,ductal,14.150307,6.283657,3324,1.4212459325790403
5,quiescent_stellate,human2,quiescent_stellate,4.4369187,16.445387,3325,2.4265198707580566
3,alpha,human2,mast,11.574613,15.391523,3326,0.582353413105011
3,alpha,human2,mast,12.313253,15.898317,3327,0.5349141359329224
12,ductal,human2,ductal,14.141199,6.266719,3328,1.3806356191635132
10,beta,human2,beta,-8.147351,2.9395328,3329,0.3850128650665283
10,beta,human2,beta,-10.215266,4.6778235,3330,0.3845422863960266
3,alpha,human2,mast,12.431834,16.080029,3331,0.6217032074928284
7,ductal,human2,epsilon,-2.600523,-9.68509,3332,1.8347088098526
12,ductal,human2,ductal,14.300325,6.216368,3333,1.547579646110535
1,gamma,human2,gamma,-0.70905787,20.172318,3334,1.1118615865707395
6,activated_stellate,human2,activated_stellate,7.582524,10.486947,3335,1.6553367376327517
3,alpha,human2,mast,11.839075,16.011576,3336,0.4119314551353454
3,alpha,human2,mast,10.948486,15.563173,3337,0.4437182545661926
13,delta,human2,delta,-1.5800642,13.253984,3338,0.4174746870994568
10,beta,human2,beta,-8.372014,4.0765376,3339,0.3845422863960266
3,alpha,human2,mast,11.542069,15.556674,3340,0.7810069918632507
10,beta,human2,beta,-8.593307,3.2201748,3341,0.5780795216560364
6,activated_stellate,human2,activated_stellate,7.568345,10.349733,3342,1.49028217792511
10,beta,human2,beta,-9.065962,4.291546,3343,0.3906925320625305
13,delta,human2,delta,-1.3174211,13.2557,3344,0.4266332685947418
13,delta,human2,delta,-1.5314426,13.404232,3345,0.392120361328125
5,quiescent_stellate,human2,quiescent_stellate,4.8803983,16.22283,3346,2.454652547836304
13,delta,human2,delta,-2.0076473,13.244689,3347,0.3977507948875427
10,beta,human2,beta,-8.431017,2.751518,3348,0.3845422863960266
12,ductal,human2,ductal,14.40111,6.297684,3349,1.5317553281784058
3,alpha,human2,mast,11.2836895,15.585308,3350,0.5103485584259033
10,beta,human2,beta,-10.046012,5.067261,3351,0.4076120555400848
10,beta,human2,beta,-9.4086075,4.6566887,3352,0.3845422863960266
3,alpha,human2,mast,12.431198,16.186905,3353,0.5648547410964966
3,alpha,human2,mast,13.13633,16.17772,3354,1.430577039718628
13,delta,human2,delta,-1.471874,12.822934,3355,0.4613577425479889
10,beta,human2,beta,-9.551736,3.3564296,3356,0.4209102690219879
3,alpha,human2,mast,10.665587,15.616508,3357,0.5053967833518982
1,gamma,human2,gamma,-0.7437566,20.227983,3358,0.8927150964736938
3,alpha,human2,mast,10.763823,15.519832,3359,0.7642804980278015
6,activated_stellate,human2,activated_stellate,7.538302,10.758556,3360,1.976359724998474
10,beta,human2,beta,-9.686222,2.7373703,3361,0.3845422863960266
3,alpha,human2,mast,10.988317,16.00249,3362,0.5483158826828003
12,ductal,human2,ductal,14.59634,6.1922064,3363,1.8630989789962769
12,ductal,human2,ductal,14.403203,6.4474607,3364,1.7142210006713867
10,beta,human2,beta,-9.445663,4.343205,3365,0.4368645548820495
9,macrophage,human2,macrophage,11.0952635,0.6450592,3366,2.471432447433472
10,beta,human2,beta,-7.7617245,4.3038325,3367,0.3845422863960266
6,activated_stellate,human2,activated_stellate,7.7529664,9.961109,3368,1.6464347839355469
7,ductal,human2,epsilon,-2.354714,-10.014974,3369,1.438823699951172
10,beta,human2,beta,-6.9034395,3.745999,3370,0.3845422863960266
3,alpha,human2,mast,13.029319,16.273,3371,0.8426726460456848
3,alpha,human2,mast,11.703886,15.768932,3372,1.0814108848571775
3,alpha,human2,mast,12.97352,16.27075,3373,0.4601573050022125
6,activated_stellate,human2,activated_stellate,7.8471174,10.133827,3374,1.7975387573242188
6,activated_stellate,human2,activated_stellate,7.590408,10.321764,3375,1.719746708869934
12,ductal,human2,ductal,14.326759,5.9857297,3376,1.4338730573654177
3,alpha,human2,mast,11.0428295,15.718672,3377,0.7287872433662415
3,alpha,human2,mast,11.80287,15.569155,3378,0.6319806575775146
10,beta,human2,beta,-9.939778,3.762421,3379,0.3845422863960266
3,alpha,human2,mast,11.065556,16.098843,3380,0.6150456666946411
3,alpha,human2,mast,11.926977,15.364656,3381,0.4188739359378814
3,alpha,human2,mast,11.530996,15.695222,3382,1.2661855220794678
13,delta,human2,delta,-1.8318807,14.012036,3383,0.3845422863960266
6,activated_stellate,human2,activated_stellate,7.6885023,10.583479,3384,1.8764348030090328
10,beta,human2,beta,-8.46282,4.951,3385,0.3845422863960266
10,beta,human2,beta,-9.563139,3.2191808,3386,0.3845422863960266
8,endothelial,human2,endothelial,19.794628,1.2773482,3387,2.0838940143585205
10,beta,human2,beta,-6.9823384,3.622204,3388,0.3881173431873321
3,alpha,human2,mast,11.748489,16.277514,3389,0.5514625310897827
3,alpha,human2,mast,11.674037,15.616718,3390,0.851375162601471
3,alpha,human2,mast,11.564328,16.239946,3391,0.5655239224433899
12,ductal,human2,ductal,13.973757,5.6542554,3392,1.8406087160110476
12,ductal,human2,ductal,14.170727,6.5147705,3393,1.3657408952713013
3,alpha,human2,mast,12.108799,15.892145,3394,0.4867356419563293
10,beta,human2,beta,-8.035024,3.501647,3395,0.3845422863960266
10,beta,human2,beta,-9.757764,4.5231166,3396,0.5804635286331177
3,alpha,human2,mast,11.87874,15.879503,3397,1.0371516942977903
10,beta,human2,beta,-8.729531,2.940621,3398,0.3845422863960266
3,alpha,human2,mast,12.116464,15.675032,3399,0.8445115089416504
8,endothelial,human2,endothelial,19.800318,1.2919225,3400,2.20208740234375
13,delta,human2,delta,-1.8474265,13.370307,3401,0.4626582860946655
10,beta,human2,beta,-8.043708,4.7109175,3402,0.4300225079059601
12,ductal,human2,ductal,14.18677,5.964713,3403,2.160989284515381
3,alpha,human2,mast,11.845736,16.047735,3404,0.7859679460525513
5,quiescent_stellate,human2,quiescent_stellate,4.7965474,16.216677,3405,2.382856607437134
13,delta,human2,delta,-1.8746766,13.129964,3406,0.4166158437728882
7,ductal,human2,epsilon,-2.4738398,-9.779805,3407,1.366986870765686
10,beta,human2,beta,-8.56432,3.7594497,3408,0.3845422863960266
13,delta,human2,delta,-1.8558098,13.112347,3409,0.3904808163642883
12,ductal,human2,ductal,13.958022,5.8891325,3410,1.8605444431304927
3,alpha,human2,mast,11.044485,16.097076,3411,0.5207051038742065
13,delta,human2,delta,-1.4190649,12.854268,3412,0.3845422863960266
12,ductal,human2,ductal,14.110865,5.582954,3413,2.1330251693725586
7,beta,human2,epsilon,-2.4388115,-10.112292,3414,1.723385214805603
10,beta,human2,beta,-8.468449,3.3508198,3415,0.3845422863960266
3,alpha,human2,mast,10.727976,15.583955,3416,0.6291536092758179
10,beta,human2,beta,-8.793924,3.5552104,3417,0.4508120715618133
7,ductal,human2,epsilon,-2.3566828,-9.816483,3418,1.4007806777954102
10,beta,human2,beta,-8.60301,3.991345,3419,0.3845422863960266
3,alpha,human2,mast,11.777372,15.60839,3420,0.4443922638893127
3,alpha,human2,mast,12.0642805,15.775549,3421,1.1055614948272705
12,ductal,human2,ductal,14.222281,6.201699,3422,1.742495894432068
12,ductal,human2,ductal,14.33801,5.7604647,3423,1.4190855026245115
3,alpha,human2,mast,11.578257,16.448717,3424,0.7680234909057617
1,gamma,human2,gamma,-0.74521327,20.160282,3425,0.908122420310974
13,delta,human2,delta,-1.7545118,13.2624,3426,0.3845422863960266
12,ductal,human2,ductal,14.119529,6.447478,3427,1.9571239948272705
3,alpha,human2,mast,12.10931,16.619997,3428,0.6935509443283081
10,beta,human2,beta,-10.176542,3.8615055,3429,0.3845422863960266
7,ductal,human2,epsilon,-2.3665938,-9.933864,3430,2.094947338104248
3,alpha,human2,mast,11.424411,15.52762,3431,0.5685359835624695
3,alpha,human2,mast,11.44766,15.506901,3432,0.7160934209823608
1,gamma,human2,gamma,-0.618877,20.138823,3433,1.312402606010437
3,alpha,human2,mast,10.697631,15.7945175,3434,0.4895750880241394
3,alpha,human2,mast,12.19557,16.043587,3435,1.282359957695007
12,ductal,human2,ductal,14.304875,6.7222395,3436,1.3198095560073853
1,gamma,human2,gamma,-0.55472183,20.05865,3437,0.9391106367111206
3,alpha,human2,mast,11.270128,15.315271,3438,0.5144715905189514
3,alpha,human2,mast,11.346696,16.089975,3439,1.1041016578674316
3,alpha,human2,mast,12.128573,16.647478,3440,0.5308350324630737
13,delta,human2,delta,-1.5884434,13.321269,3441,0.3845422863960266
1,gamma,human2,gamma,-0.8407309,20.16501,3442,1.144506335258484
3,alpha,human2,mast,11.665619,16.495295,3443,0.5054962038993835
8,endothelial,human2,endothelial,19.541061,1.6470331,3444,2.4136102199554443
13,delta,human2,delta,-1.7191284,13.57854,3445,0.3845422863960266
3,alpha,human2,mast,12.5041275,15.737986,3446,0.5581339001655579
7,ductal,human2,epsilon,-2.538995,-9.670829,3447,1.894874691963196
1,gamma,human2,gamma,-0.9277369,20.248405,3448,0.9401723742485046
6,activated_stellate,human2,activated_stellate,7.867498,10.042454,3449,1.9828423261642456
10,beta,human2,beta,-11.104147,4.2421756,3450,0.3845422863960266
12,ductal,human2,ductal,13.969638,6.3642235,3451,1.6445399522781372
6,activated_stellate,human2,activated_stellate,7.6998796,10.216982,3452,1.675182819366455
1,gamma,human2,gamma,-0.98108804,20.19177,3453,1.0279741287231443
3,alpha,human2,mast,11.423419,15.62576,3454,0.5840165615081787
10,beta,human2,beta,-7.534842,3.7962258,3455,0.4538648426532745
1,gamma,human2,gamma,-0.46215525,20.399006,3456,1.0021811723709106
3,alpha,human2,mast,10.626745,15.595399,3457,0.6014195084571838
1,gamma,human2,gamma,-0.8304559,20.032433,3458,0.9394538402557372
3,alpha,human2,mast,12.285393,15.833559,3459,1.1967767477035522
3,alpha,human2,mast,10.8421545,15.53171,3460,0.500288724899292
10,beta,human2,beta,-8.813074,3.8142958,3461,0.4678080677986145
12,ductal,human2,ductal,14.684888,6.028112,3462,1.387449026107788
10,alpha,human2,beta,-7.7156878,4.4424486,3463,1.9026976823806765
7,ductal,human2,epsilon,-2.6114228,-9.901979,3464,1.46868896484375
13,delta,human2,delta,-1.9519346,13.095989,3465,0.3845422863960266
12,ductal,human2,ductal,14.367375,5.777038,3466,1.087712049484253
3,alpha,human2,mast,12.443676,16.033102,3467,0.6527992486953735
3,alpha,human2,mast,11.852065,16.317017,3468,0.7600811719894409
10,beta,human2,beta,-8.814302,2.991523,3469,0.3853049278259277
3,alpha,human2,mast,11.11465,15.811344,3470,0.6960809230804443
10,beta,human2,beta,-8.821887,3.3024008,3471,0.4317064583301544
3,alpha,human2,mast,12.867664,16.28722,3472,1.1161683797836304
12,ductal,human2,ductal,14.322335,6.614636,3473,2.197756052017212
1,gamma,human2,gamma,-0.78747433,20.152191,3474,0.7852975726127625
3,alpha,human2,mast,12.098203,15.593281,3475,0.5412310361862183
3,alpha,human2,mast,11.884421,16.070793,3476,0.4395639598369598
3,alpha,human2,mast,12.835627,16.450806,3477,0.3963747322559356
4,ductal,human2,acinar,7.1607084,-8.029528,3478,1.5286612510681152
3,alpha,human2,mast,12.865599,16.435446,3479,0.4892317652702331
1,gamma,human2,gamma,-0.6899974,20.20273,3480,0.981168270111084
11,quiescent_stellate,human2,alpha,5.446326,2.5320568,3481,2.4939630031585693
10,beta,human2,beta,-7.9927487,3.9730327,3482,0.3845422863960266
12,ductal,human2,ductal,14.353248,6.1517577,3483,1.9701727628707888
3,alpha,human2,mast,11.641103,15.917949,3484,0.6340577602386475
3,alpha,human2,mast,12.272653,15.487758,3485,0.5503503680229187
3,alpha,human2,mast,11.853941,16.04935,3486,0.9114867448806764
12,ductal,human2,ductal,14.224891,5.5265403,3487,2.003256559371948
3,alpha,human2,mast,12.205093,16.0909,3488,0.786027193069458
10,beta,human2,beta,-7.714549,2.943236,3489,0.3845422863960266
12,ductal,human2,ductal,14.239569,5.7828307,3490,1.7271254062652588
10,alpha,human2,beta,-7.7404633,4.3778543,3491,1.6755682229995728
10,beta,human2,beta,-9.844036,3.253845,3492,0.4038542211055755
3,alpha,human2,mast,12.019273,15.985082,3493,0.6518536806106567
1,gamma,human2,gamma,-0.9212986,20.163542,3494,1.2433654069900513
1,gamma,human2,gamma,-0.8121168,20.114687,3495,1.228570580482483
3,alpha,human2,mast,11.410151,16.105585,3496,0.9988592267036438
10,beta,human2,beta,-8.940999,5.2818627,3497,0.5503343343734741
3,alpha,human2,mast,11.546917,15.356572,3498,1.0825400352478027
3,alpha,human2,mast,12.789212,16.401701,3499,0.8887428641319275
10,beta,human2,beta,-8.43061,3.4958534,3500,0.3845422863960266
3,alpha,human2,mast,11.030805,15.994505,3501,0.5521952509880066
3,alpha,human2,mast,12.80788,16.376743,3502,0.8539393544197083
1,gamma,human2,gamma,-0.70862573,20.38491,3503,1.0397531986236572
3,alpha,human2,mast,12.320591,16.120264,3504,0.6424335837364197
13,delta,human2,delta,-1.5939614,13.437626,3505,0.3845422863960266
3,alpha,human2,mast,13.155031,16.169756,3506,0.6157159209251404
3,alpha,human2,mast,11.540343,16.172386,3507,0.7677900791168213
10,beta,human2,beta,-7.710532,4.804159,3508,0.5025578141212463
10,beta,human2,beta,-10.718837,4.227515,3509,0.4286569356918335
3,alpha,human2,mast,11.998814,16.158512,3510,1.4108424186706543
3,alpha,human2,mast,12.011283,15.942077,3511,0.4648554921150207
8,endothelial,human2,endothelial,19.653145,1.493074,3512,2.351140022277832
12,ductal,human2,ductal,14.374275,6.091088,3513,1.3723291158676147
1,gamma,human2,gamma,-0.58539796,20.136889,3514,0.9948300719261168
3,alpha,human2,mast,11.156647,15.410859,3515,0.5428242087364197
8,endothelial,human2,endothelial,19.883888,1.1800514,3516,2.5226638317108154
12,ductal,human2,ductal,13.817543,5.7901406,3517,1.1713135242462158
1,gamma,human2,gamma,-0.9497397,20.141298,3518,1.1720151901245115
13,delta,human2,delta,-1.8197993,13.090348,3519,0.6594427824020386
1,gamma,human2,gamma,-0.71674377,20.140583,3520,0.9290885925292968
3,alpha,human2,mast,11.767344,15.673029,3521,0.404983639717102
7,ductal,human2,epsilon,-2.4973667,-9.725599,3522,1.287250280380249
5,quiescent_stellate,human2,quiescent_stellate,4.892202,16.248846,3523,2.439753532409668
5,quiescent_stellate,human2,quiescent_stellate,4.9954934,16.223574,3524,2.4939630031585693
10,beta,human2,beta,-10.160781,4.6444573,3525,0.404162734746933
10,beta,human2,beta,-8.182904,3.5807765,3526,0.437823086977005
1,gamma,human2,gamma,-0.6624124,20.296124,3527,1.0618308782577517
10,beta,human2,beta,-7.8020535,4.8101416,3528,0.3845422863960266
3,alpha,human2,mast,12.25264,16.628315,3529,0.5885217189788818
12,ductal,human2,ductal,14.02114,5.585367,3530,1.6088285446166992
10,beta,human2,beta,-9.578086,4.1110044,3531,0.6173149347305298
10,beta,human2,beta,-10.357468,3.8474438,3532,0.3845422863960266
13,delta,human2,delta,-1.6302164,13.533312,3533,0.5645533204078674
1,gamma,human2,gamma,-0.48746675,20.307322,3534,1.1304354667663574
12,ductal,human2,ductal,14.358552,6.0784984,3535,1.1250619888305664
3,alpha,human2,mast,11.30241,15.561645,3536,0.5067943930625916
3,alpha,human2,mast,12.00336,15.617133,3537,0.4570348858833313
13,delta,human2,delta,-1.9174119,13.028158,3538,0.5675634145736694
3,alpha,human2,mast,12.133089,15.706328,3539,0.756293773651123
12,ductal,human2,ductal,14.03451,5.8085713,3540,1.2468154430389404
10,beta,human2,beta,-9.62501,4.8095813,3541,0.4120783805847168
10,beta,human2,beta,-9.801626,3.4255304,3542,0.3845422863960266
12,ductal,human2,ductal,14.407149,5.9310775,3543,1.6510460376739502
3,alpha,human2,mast,11.452863,15.715178,3544,0.760201632976532
12,ductal,human2,ductal,14.039918,6.049333,3545,1.392274260520935
10,beta,human2,beta,-10.723015,4.3963017,3546,0.3845422863960266
3,alpha,human2,mast,12.614233,15.981515,3547,1.3194390535354614
3,alpha,human2,mast,12.855461,16.434885,3548,1.1326923370361328
3,alpha,human2,mast,12.268247,16.356928,3549,0.742738664150238
1,gamma,human2,gamma,-0.65226036,20.077574,3550,2.001023292541504
3,alpha,human2,mast,11.934929,15.564995,3551,0.4242984354496002
13,delta,human2,delta,-1.5939134,12.911452,3552,0.4031036794185638
3,alpha,human2,mast,11.234414,15.495027,3553,0.6182575225830078
10,beta,human2,beta,-8.358875,3.790582,3554,0.3896938562393188
12,ductal,human2,ductal,14.010626,5.6798296,3555,1.400137424468994
3,alpha,human2,mast,11.7791395,15.923207,3556,0.4450057446956634
3,alpha,human2,mast,10.525064,15.525234,3557,0.7273631691932678
10,beta,human2,beta,-8.299755,4.382359,3558,0.3845422863960266
3,alpha,human2,mast,12.111403,16.266474,3559,0.5158953666687012
10,beta,human2,beta,-9.934568,4.2524295,3560,0.4096300601959228
10,beta,human2,beta,-8.620064,3.872324,3561,0.3862172365188598
12,ductal,human2,ductal,14.302307,6.637908,3562,1.5863697528839111
12,ductal,human2,ductal,14.48423,5.7373977,3563,1.3661775588989258
3,alpha,human2,mast,12.140587,15.98946,3564,1.1182963848114014
1,gamma,human2,gamma,-0.8840045,20.251131,3565,1.6798378229141235
3,alpha,human2,mast,11.758132,16.011251,3566,0.6517325639724731
3,alpha,human2,mast,12.449777,16.202961,3567,0.7537679672241211
12,ductal,human2,ductal,14.374059,5.5666995,3568,1.3883413076400757
12,ductal,human2,ductal,14.238805,6.4300895,3569,1.394090175628662
10,beta,human2,beta,-9.533528,4.9209857,3570,0.3845422863960266
3,alpha,human2,mast,12.247843,15.650082,3571,0.8362432718276978
1,gamma,human2,gamma,-0.8005756,20.239773,3572,0.887975811958313
7,ductal,human2,epsilon,-2.405406,-9.944966,3573,2.240983009338379
10,beta,human2,beta,-8.561166,3.2960927,3574,0.4125480651855469
12,ductal,human2,ductal,14.175237,5.9921703,3575,1.3749220371246338
10,beta,human2,beta,-11.203928,4.345629,3576,0.3845422863960266
3,alpha,human2,mast,12.34543,16.080532,3577,0.5345322489738464
3,alpha,human2,mast,11.448714,15.316187,3578,0.8315384387969971
10,beta,human2,beta,-10.207097,3.773938,3579,0.4726006388664245
3,alpha,human2,mast,12.606776,15.953072,3580,0.7203029990196228
3,alpha,human2,mast,12.650689,15.530641,3581,0.7900980114936829
12,ductal,human2,ductal,14.453755,6.381869,3582,1.4973857402801514
6,activated_stellate,human2,activated_stellate,7.799877,10.340737,3583,1.514205813407898
3,alpha,human2,mast,11.906493,16.475855,3584,0.6806645393371582
12,ductal,human2,ductal,14.309732,6.614381,3585,1.4965879917144775
13,delta,human2,delta,-1.6026417,13.357138,3586,0.392031192779541
3,alpha,human2,mast,11.610883,16.419783,3587,0.4464825689792633
5,quiescent_stellate,human2,quiescent_stellate,5.056088,16.09702,3588,2.264681339263916
1,gamma,human2,gamma,-0.7439817,20.186443,3589,1.209962010383606
10,beta,human2,beta,-9.73533,4.182726,3590,0.3900443613529205
9,mast,human2,macrophage,10.931433,0.8127088,3591,3.726072072982788
10,alpha,human2,beta,-7.6958404,4.4308815,3592,1.6613000631332395
5,quiescent_stellate,human2,quiescent_stellate,4.9246535,16.214,3593,2.14839243888855
3,alpha,human2,mast,12.798872,16.269646,3594,0.6028618216514587
6,activated_stellate,human2,activated_stellate,7.7275686,10.365934,3595,1.7675327062606812
3,alpha,human2,mast,13.030703,16.280369,3596,0.7732505202293396
10,beta,human2,beta,-8.927902,4.3092093,3597,0.4129171967506408
3,alpha,human2,mast,11.884727,15.760925,3598,0.6421130895614624
3,alpha,human2,mast,12.012328,16.08522,3599,0.7458210587501526
12,ductal,human2,ductal,14.288795,6.709663,3600,1.8546797037124636
12,ductal,human2,ductal,14.1551075,6.1049123,3601,1.1393038034439087
2,ductal,human2,schwann,15.970152,-4.6573076,3602,1.7531009912490845
10,beta,human2,beta,-9.538997,4.648435,3603,0.3845422863960266
8,endothelial,human2,endothelial,20.029974,1.0081131,3604,2.0347745418548584
12,ductal,human2,ductal,14.189115,6.1748624,3605,1.6446115970611572
10,beta,human2,beta,-9.323163,3.1127326,3606,0.4916700720787048
12,ductal,human2,ductal,14.375636,5.90018,3607,2.1132924556732178
3,alpha,human2,mast,10.887525,15.979915,3608,0.6217358708381653
3,alpha,human2,mast,12.393404,16.163141,3609,0.6905204057693481
10,beta,human2,beta,-8.362517,2.7205093,3610,0.3845422863960266
1,gamma,human2,gamma,-0.75863266,20.017254,3611,1.0852864980697632
3,alpha,human2,mast,11.600785,16.080694,3612,1.928614616394043
3,alpha,human2,mast,12.771002,16.41403,3613,1.284253716468811
10,beta,human2,beta,-8.408606,3.9262397,3614,0.3961028158664703
3,alpha,human2,mast,12.357714,15.219059,3615,1.1594420671463013
10,beta,human2,beta,-9.516554,4.3523335,3616,0.4849959313869476
10,beta,human2,beta,-10.96296,4.302012,3617,0.3845422863960266
8,endothelial,human2,endothelial,19.97438,1.0719739,3618,1.976834416389465
10,beta,human2,beta,-10.322242,3.558724,3619,0.4799011349678039
9,mast,human2,macrophage,11.471181,0.25242513,3620,4.147887229919434
1,gamma,human2,gamma,-0.8986621,20.373344,3621,1.1559358835220337
1,gamma,human2,gamma,-0.8813245,20.28535,3622,0.9373432397842408
11,alpha,human2,alpha,4.7138243,2.6478596,3623,1.943170428276062
12,ductal,human2,ductal,13.897515,5.8559694,3624,1.411367654800415
1,mast,human2,gamma,11.0857525,0.65507704,3625,4.05828857421875
3,alpha,human2,mast,12.654053,16.415857,3626,0.4400826096534729
3,alpha,human2,mast,12.399717,16.144608,3627,0.6735867857933044
11,alpha,human2,alpha,4.738289,2.6155522,3628,1.668049454689026
10,beta,human2,beta,-8.304429,3.8222334,3629,0.4000738263130188
10,alpha,human2,beta,-7.7151556,4.4320307,3630,1.706083059310913
3,alpha,human2,mast,12.882297,16.352028,3631,1.3289082050323486
3,alpha,human2,mast,11.519352,16.567585,3632,1.4043852090835571
3,alpha,human2,mast,11.691316,15.810287,3633,0.8991897106170654
3,alpha,human2,mast,12.794805,16.325125,3634,1.0550825595855713
12,ductal,human2,ductal,14.28412,6.3965144,3635,2.240983009338379
7,alpha,human2,epsilon,-2.523685,-9.849789,3636,1.4010381698608398
10,beta,human2,beta,-8.722571,5.1218243,3637,0.4108702838420868
10,beta,human2,beta,-9.113276,4.230076,3638,0.6995346546173096
3,alpha,human2,mast,11.788156,16.37961,3639,0.7643750309944153
6,activated_stellate,human2,activated_stellate,7.6968627,10.613142,3640,2.180729389190674
1,mast,human2,gamma,10.920098,0.8243884,3641,3.9806087017059326
10,activated_stellate,human2,beta,-8.993714,3.6942878,3642,1.7806278467178345
3,alpha,human2,mast,12.256673,15.635879,3643,0.4397316575050354
12,ductal,human2,ductal,14.09416,5.710257,3644,1.667198657989502
10,beta,human2,beta,-10.119657,3.8496008,3645,0.4127140343189239
3,alpha,human2,mast,11.865956,15.904991,3646,0.9936074018478394
12,ductal,human2,ductal,14.476383,6.093558,3647,2.0369255542755127
1,gamma,human2,gamma,-0.83251995,20.235172,3648,1.176477313041687
10,beta,human2,beta,-8.86947,4.300901,3649,0.3845422863960266
10,beta,human2,beta,-8.372705,3.7420857,3650,0.8622533082962036
3,alpha,human2,mast,12.31256,16.444422,3651,1.1908411979675293
10,beta,human2,beta,-9.120207,4.312415,3652,0.4118969738483429
3,alpha,human2,mast,11.610203,15.945887,3653,2.1232059001922607
1,gamma,human2,gamma,-0.9267826,20.359602,3654,2.4633898735046387
10,beta,human2,beta,-10.334766,4.2836933,3655,0.6604150533676147
6,activated_stellate,human2,activated_stellate,7.649441,10.614653,3656,2.345498323440552
9,macrophage,human2,macrophage,11.5160055,0.20570642,3657,3.623354196548462
7,ductal,human2,epsilon,-2.3518982,-9.989216,3658,1.5921458005905151
6,activated_stellate,human2,activated_stellate,7.6232862,10.294052,3659,2.4939630031585693
3,alpha,human2,mast,12.221896,15.663938,3660,0.6390308141708374
4,acinar,human3,acinar,6.965541,-8.989693,3661,0.3846116065979004
4,acinar,human3,acinar,7.175817,-9.48335,3662,0.3845824897289276
4,acinar,human3,acinar,6.965239,-9.856955,3663,0.5225902795791626
4,acinar,human3,acinar,6.7058573,-8.640052,3664,0.4186925888061523
4,acinar,human3,acinar,7.343496,-8.150117,3665,0.619393527507782
4,acinar,human3,acinar,6.658487,-7.375407,3666,0.872524082660675
4,acinar,human3,acinar,6.2790885,-8.070173,3667,0.8389161825180054
4,acinar,human3,acinar,6.968786,-9.580753,3668,0.5007649660110474
4,acinar,human3,acinar,6.953524,-7.53032,3669,0.4672878384590149
4,acinar,human3,acinar,6.7337656,-7.167509,3670,0.3870220780372619
4,acinar,human3,acinar,6.8093405,-9.18185,3671,0.8280016779899597
4,acinar,human3,acinar,6.791916,-8.909099,3672,0.7962034940719604
4,acinar,human3,acinar,7.052152,-8.408821,3673,0.6212591528892517
4,acinar,human3,acinar,6.7881565,-8.599788,3674,0.4976108372211456
4,acinar,human3,acinar,6.6924233,-8.695057,3675,2.04279899597168
4,acinar,human3,acinar,6.717827,-7.042075,3676,0.4798528850078583
4,acinar,human3,acinar,6.52994,-7.272732,3677,0.6524273157119751
4,acinar,human3,acinar,6.267292,-7.944247,3678,0.4064626097679138
4,acinar,human3,acinar,6.7292185,-8.859998,3679,0.5060010552406311
4,acinar,human3,acinar,6.638105,-7.4800444,3680,0.398066371679306
4,acinar,human3,acinar,6.5835466,-8.330696,3681,0.427422285079956
4,acinar,human3,acinar,6.7507772,-8.231754,3682,0.4051368236541748
4,acinar,human3,acinar,6.9936266,-8.233369,3683,0.7772495746612549
4,acinar,human3,acinar,6.644049,-8.101314,3684,0.8531298637390137
4,acinar,human3,acinar,6.407005,-8.171899,3685,0.3845422863960266
4,acinar,human3,acinar,7.3899717,-8.381699,3686,0.3845422863960266
4,acinar,human3,acinar,6.290185,-8.549679,3687,0.3845422863960266
13,delta,human3,delta,-1.4611645,12.999514,3688,0.5571622848510742
4,acinar,human3,acinar,6.730485,-8.320464,3689,0.6651073098182678
13,delta,human3,delta,-1.9245527,14.019331,3690,0.7744057774543762
4,acinar,human3,acinar,6.7848744,-8.347048,3691,0.5666617155075073
4,acinar,human3,acinar,6.7161913,-9.39142,3692,0.4204802811145782
4,acinar,human3,acinar,6.961657,-9.398416,3693,0.7377178072929382
4,acinar,human3,acinar,7.0837526,-8.96418,3694,0.3845422863960266
4,acinar,human3,acinar,6.9628716,-9.057812,3695,0.5897956490516663
4,acinar,human3,acinar,6.6713753,-7.935093,3696,0.6484072208404541
4,acinar,human3,acinar,7.175728,-7.960146,3697,1.013720154762268
4,acinar,human3,acinar,6.249426,-8.695867,3698,0.4717470407485962
13,delta,human3,delta,-1.886769,12.495806,3699,0.721172571182251
4,acinar,human3,acinar,6.729389,-6.9511476,3700,0.4050388038158417
4,acinar,human3,acinar,7.3210154,-7.9057784,3701,0.813970685005188
4,acinar,human3,acinar,6.8300095,-8.474669,3702,0.566680908203125
4,acinar,human3,acinar,6.906098,-9.668068,3703,0.4412921369075775
4,acinar,human3,acinar,7.1895075,-8.694874,3704,0.5661121010780334
4,acinar,human3,acinar,6.438532,-8.346737,3705,0.4011249542236328
4,acinar,human3,acinar,6.758855,-9.358416,3706,0.4114057123661041
4,acinar,human3,acinar,7.107144,-8.463823,3707,0.553642988204956
7,ductal,human3,epsilon,-2.4271052,-9.760621,3708,2.10382342338562
4,acinar,human3,acinar,6.337809,-7.5605474,3709,0.8759080767631531
4,acinar,human3,acinar,6.4726453,-8.898342,3710,0.5388461947441101
4,acinar,human3,acinar,6.5077305,-7.2048225,3711,0.4838756322860718
4,acinar,human3,acinar,6.7658076,-9.430892,3712,0.5366326570510864
4,acinar,human3,acinar,7.0121474,-8.510284,3713,0.550655722618103
4,acinar,human3,acinar,6.92527,-8.503555,3714,0.4996028542518616
4,acinar,human3,acinar,6.7018027,-7.3367457,3715,0.3845422863960266
11,alpha,human3,alpha,5.447891,2.4902685,3716,0.866918683052063
4,acinar,human3,acinar,6.8868847,-7.432565,3717,0.5492911338806152
4,acinar,human3,acinar,6.7474422,-9.334521,3718,0.3845422863960266
4,acinar,human3,acinar,7.0170374,-7.9260755,3719,0.3968333601951599
4,acinar,human3,acinar,6.4507794,-7.6930676,3720,0.597675621509552
4,acinar,human3,acinar,6.5075245,-8.00439,3721,0.3858027458190918
4,acinar,human3,acinar,6.687689,-6.9817643,3722,0.485264390707016
4,acinar,human3,acinar,6.4280357,-8.765407,3723,0.7417680621147156
10,beta,human3,beta,-8.505607,3.7519054,3724,0.9109064340591432
2,ductal,human3,schwann,16.196163,-4.7881427,3725,1.638602375984192
4,acinar,human3,acinar,7.2250423,-8.522323,3726,1.740447163581848
4,acinar,human3,acinar,6.884204,-9.697482,3727,0.3845422863960266
11,alpha,human3,alpha,4.5847673,2.4891067,3728,0.7567287087440491
4,acinar,human3,acinar,7.015896,-7.708383,3729,0.4171078503131866
4,acinar,human3,acinar,7.138469,-8.658273,3730,0.5238205790519714
8,endothelial,human3,endothelial,19.8942,1.1693705,3731,2.838065385818481
4,acinar,human3,acinar,6.975543,-8.507048,3732,0.8529309034347534
4,acinar,human3,acinar,7.381594,-7.62878,3733,1.3317513465881348
4,acinar,human3,acinar,6.5390177,-7.1826797,3734,0.3863728940486908
13,delta,human3,delta,-1.4589101,13.26482,3735,0.9755481481552124
4,acinar,human3,acinar,7.065022,-8.250013,3736,0.5643660426139832
4,acinar,human3,acinar,6.933037,-7.943934,3737,0.4453703761100769
4,acinar,human3,acinar,6.621328,-7.1361265,3738,0.8186862468719482
4,acinar,human3,acinar,6.903288,-7.725727,3739,0.4698552787303924
4,acinar,human3,acinar,6.788957,-7.8996243,3740,0.4164699912071228
11,alpha,human3,alpha,5.0471787,2.1733027,3741,1.0060075521469116
4,acinar,human3,acinar,6.856683,-7.314409,3742,0.3891531229019165
11,alpha,human3,alpha,4.3195763,3.2844067,3743,0.7188335657119751
4,acinar,human3,acinar,6.5296946,-8.974072,3744,0.6404528021812439
4,acinar,human3,acinar,6.388654,-9.077074,3745,0.5411368608474731
4,acinar,human3,acinar,7.1779604,-7.9966044,3746,0.774834156036377
4,acinar,human3,acinar,6.723908,-8.766992,3747,0.6549144983291626
6,activated_stellate,human3,activated_stellate,7.581924,10.82671,3748,2.0469613075256348
4,acinar,human3,acinar,7.338283,-8.213863,3749,0.3857441842556
4,acinar,human3,acinar,6.658944,-8.761655,3750,0.3959913253784179
13,delta,human3,delta,-1.9947069,13.235881,3751,1.2520076036453247
4,acinar,human3,acinar,6.992885,-7.7101345,3752,0.3845422863960266
4,acinar,human3,acinar,7.247485,-8.486154,3753,0.4264818131923675
4,acinar,human3,acinar,6.5059066,-8.949358,3754,0.6927487254142761
4,acinar,human3,acinar,7.359331,-8.455943,3755,0.4320515692234039
4,acinar,human3,acinar,6.9938827,-8.559083,3756,0.6318960189819336
4,acinar,human3,acinar,6.8023167,-7.9616547,3757,0.3975991606712341
4,acinar,human3,acinar,7.46396,-8.224892,3758,0.4607887864112854
10,beta,human3,beta,-8.859349,4.497249,3759,1.3187919855117798
10,beta,human3,beta,-7.4495716,4.714606,3760,2.6156184673309326
4,acinar,human3,acinar,6.943321,-7.692213,3761,0.4678740799427032
11,alpha,human3,alpha,4.0525684,2.5218356,3762,0.7574880719184875
11,alpha,human3,alpha,4.6254354,3.654726,3763,1.695789813995361
13,delta,human3,delta,-2.0334885,12.89664,3764,1.09190571308136
4,acinar,human3,acinar,7.0601377,-9.00794,3765,0.6070175170898438
13,delta,human3,delta,-2.114711,12.777162,3766,0.9441881775856018
4,acinar,human3,acinar,6.503487,-7.6055417,3767,0.5782334804534912
4,acinar,human3,acinar,6.756834,-8.450913,3768,0.4012612998485565
4,acinar,human3,acinar,6.5402913,-9.45341,3769,0.4213534593582153
13,delta,human3,delta,-1.8254238,12.90408,3770,0.5229422450065613
11,alpha,human3,alpha,5.912045,2.6581252,3771,0.6100919842720032
4,acinar,human3,acinar,6.6445966,-8.345809,3772,0.3845422863960266
4,acinar,human3,acinar,7.012061,-7.956174,3773,0.3845422863960266
13,delta,human3,delta,-1.80614,12.773807,3774,1.0287988185882568
11,alpha,human3,alpha,5.248887,3.3801434,3775,0.7168715000152588
4,acinar,human3,acinar,6.1810555,-8.277226,3776,0.4054458141326904
4,acinar,human3,acinar,7.0112085,-8.896914,3777,0.598116934299469
11,alpha,human3,alpha,4.810802,3.3157475,3778,1.6509116888046265
4,acinar,human3,acinar,6.183389,-8.463687,3779,0.4809070527553558
4,acinar,human3,acinar,6.504684,-7.660941,3780,0.8313673138618469
4,acinar,human3,acinar,7.1587234,-7.863461,3781,1.5342930555343628
10,beta,human3,beta,-10.9131775,4.269479,3782,0.4672244191169739
4,acinar,human3,acinar,7.2783065,-8.25177,3783,0.3998119235038757
4,acinar,human3,acinar,6.7783093,-7.4600606,3784,0.3845422863960266
4,acinar,human3,acinar,6.5323477,-8.564138,3785,0.5766076445579529
10,beta,human3,beta,-8.88092,4.3976507,3786,0.6673238277435303
11,alpha,human3,alpha,4.6108217,3.0968127,3787,0.7055147290229797
13,delta,human3,delta,-1.7151028,12.842743,3788,1.4711495637893677
11,alpha,human3,alpha,5.5501814,2.1300356,3789,0.6709445118904114
13,delta,human3,delta,-1.6742439,13.072292,3790,1.279842495918274
4,acinar,human3,acinar,7.2620883,-7.916279,3791,0.542942464351654
10,beta,human3,beta,-8.232435,3.8338988,3792,0.5876976847648621
2,ductal,human3,schwann,16.15155,-4.6238027,3793,1.44648277759552
10,beta,human3,beta,-7.392882,3.8022451,3794,0.9063779711723328
7,ductal,human3,epsilon,-2.3049252,-9.741051,3795,1.3233284950256348
13,delta,human3,delta,-2.280866,13.461163,3796,0.3845422863960266
10,beta,human3,beta,-8.619319,3.8851714,3797,0.6098552942276001
4,acinar,human3,acinar,6.602864,-9.436981,3798,0.399069994688034
11,alpha,human3,alpha,5.4722905,2.7730935,3799,0.7408484220504761
10,beta,human3,beta,-7.9156613,2.794832,3800,0.8368605375289917
13,delta,human3,delta,-1.2412335,13.365441,3801,0.5055004358291626
6,activated_stellate,human3,activated_stellate,7.5238657,10.448323,3802,1.8683221340179443
10,beta,human3,beta,-8.791126,3.1461694,3803,0.6032055020332336
11,alpha,human3,alpha,5.0306697,2.9501045,3804,0.711068868637085
13,delta,human3,delta,-2.2746325,12.968612,3805,1.0424630641937256
4,acinar,human3,acinar,6.6774254,-8.73436,3806,0.3845422863960266
10,beta,human3,beta,-8.998463,3.2443163,3807,0.9323569536209106
11,alpha,human3,alpha,5.0878615,3.4923503,3808,1.0867607593536377
10,beta,human3,beta,-9.393973,3.041651,3809,0.6017968654632568
4,acinar,human3,acinar,6.9491286,-9.092836,3810,1.1196690797805786
10,beta,human3,beta,-9.153745,3.7104244,3811,0.5387195348739624
11,alpha,human3,alpha,4.9763055,2.3249063,3812,1.9703516960144043
11,alpha,human3,alpha,4.8362665,3.2790568,3813,1.8654522895812988
10,beta,human3,beta,-8.761815,4.2722926,3814,1.4245119094848633
4,acinar,human3,acinar,6.598741,-8.857458,3815,0.818522036075592
11,alpha,human3,alpha,4.5878015,2.8884237,3816,1.015127182006836
6,activated_stellate,human3,activated_stellate,7.6664195,10.368193,3817,1.9112470149993896
4,acinar,human3,acinar,6.484634,-8.2222,3818,0.6832172870635986
10,beta,human3,beta,-8.969346,2.4836495,3819,1.019504427909851
2,ductal,human3,schwann,16.676388,-4.389304,3820,3.588205099105835
4,acinar,human3,acinar,6.8189588,-7.2043977,3821,0.5352127552032471
2,ductal,human3,schwann,15.787569,-4.732812,3822,1.3623148202896118
10,beta,human3,beta,-10.844085,3.5562627,3823,0.5491085648536682
10,beta,human3,beta,-7.5809965,3.938064,3824,0.5062439441680908
13,delta,human3,delta,-1.828092,12.782312,3825,1.127824068069458
10,beta,human3,beta,-8.097835,4.829308,3826,0.6221486926078796
10,beta,human3,beta,-10.186475,3.9825819,3827,0.7532979249954224
4,acinar,human3,acinar,6.90355,-8.096766,3828,0.6665645241737366
11,alpha,human3,alpha,5.5977864,2.0746608,3829,0.9039537906646729
4,acinar,human3,acinar,7.1702766,-8.603256,3830,0.5907408595085144
11,alpha,human3,alpha,5.4932466,3.3444872,3831,0.7681256532669067
4,acinar,human3,acinar,6.9712844,-7.667678,3832,1.7650032043457031
11,alpha,human3,alpha,4.350571,2.6278677,3833,0.4849981069564819
4,acinar,human3,acinar,6.989091,-7.331467,3834,0.6774032115936279
10,beta,human3,beta,-9.150079,3.7865076,3835,0.6201640367507935
10,beta,human3,beta,-9.966443,3.577996,3836,0.834695041179657
11,alpha,human3,alpha,5.093127,3.475169,3837,0.7094053030014038
10,beta,human3,beta,-9.686307,4.041215,3838,0.6618853211402893
4,acinar,human3,acinar,6.711254,-6.9449997,3839,0.3845422863960266
10,beta,human3,beta,-8.125267,3.3796804,3840,0.9428797960281372
4,acinar,human3,acinar,6.6001205,-9.304239,3841,0.7691577672958374
11,alpha,human3,alpha,5.5136356,3.052888,3842,0.6765343546867371
10,beta,human3,beta,-7.4635906,3.4343407,3843,1.1201051473617554
11,alpha,human3,alpha,5.9925838,2.616169,3844,0.7685189247131348
4,acinar,human3,acinar,6.7555237,-7.787217,3845,0.5607336163520813
11,alpha,human3,alpha,5.4934874,2.7303698,3846,0.6792327165603638
11,alpha,human3,alpha,5.0105987,2.738616,3847,0.796663761138916
13,delta,human3,delta,-1.6442475,13.425111,3848,1.4065972566604614
4,beta,human3,acinar,7.303646,-7.54738,3849,1.4986321926116943
4,acinar,human3,acinar,6.7181773,-9.474518,3850,0.43316450715065
11,alpha,human3,alpha,4.5264034,3.643578,3851,0.6594960689544678
13,delta,human3,delta,-1.9449486,13.438863,3852,1.1551599502563477
13,delta,human3,delta,-1.3948195,12.928019,3853,1.1642693281173706
13,delta,human3,delta,-1.6787837,12.717701,3854,1.685779690742493
4,acinar,human3,acinar,7.0243363,-8.194655,3855,1.233324408531189
4,acinar,human3,acinar,6.882523,-9.73051,3856,0.4208227396011352
4,acinar,human3,acinar,6.9161615,-7.7947845,3857,0.3895200788974762
11,alpha,human3,alpha,4.403132,2.6795444,3858,1.7311629056930542
10,beta,human3,beta,-7.6489124,2.865139,3859,0.7890255451202393
4,acinar,human3,acinar,7.0366054,-8.948313,3860,0.3968676030635834
4,acinar,human3,acinar,6.836529,-7.7039003,3861,0.6168736219406128
10,beta,human3,beta,-6.879456,3.7684941,3862,0.6078472137451172
0,beta,human3,t_cell,21.759926,8.789233,3863,0.8030617833137512
4,acinar,human3,acinar,6.9848504,-9.008357,3864,0.5170620679855347
11,alpha,human3,alpha,4.5514345,2.6128912,3865,0.6118790507316589
2,ductal,human3,schwann,15.927827,-4.3871155,3866,0.8063463568687439
11,alpha,human3,alpha,4.8768835,2.841974,3867,0.6184882521629333
10,beta,human3,beta,-8.653711,4.8047113,3868,0.9087897539138794
4,acinar,human3,acinar,7.082012,-8.269536,3869,0.3973718285560608
10,beta,human3,beta,-8.783709,2.640095,3870,0.845745861530304
4,acinar,human3,acinar,7.1464324,-8.21445,3871,1.0056504011154177
4,acinar,human3,acinar,7.0408106,-8.484097,3872,0.5098856091499329
10,beta,human3,beta,-9.347771,2.8737423,3873,0.822519063949585
4,acinar,human3,acinar,7.0608854,-7.6855006,3874,0.8025528788566589
4,acinar,human3,acinar,6.9605603,-8.878521,3875,0.4630133211612701
13,delta,human3,delta,-1.8799121,13.621399,3876,0.8282343149185181
13,delta,human3,delta,-1.5515903,13.96759,3877,0.7059254050254822
10,beta,human3,beta,-7.6830254,3.9574802,3878,1.005268692970276
10,beta,human3,beta,-10.805197,4.198448,3879,0.6989002227783203
4,acinar,human3,acinar,7.3088098,-8.605757,3880,0.3845422863960266
11,alpha,human3,alpha,4.298673,3.4380534,3881,0.6177396178245544
11,alpha,human3,alpha,5.00733,1.8338231,3882,0.7235750555992126
11,alpha,human3,alpha,5.406527,2.1661184,3883,1.690155863761902
4,acinar,human3,acinar,7.1743264,-8.070734,3884,1.049201488494873
2,ductal,human3,schwann,16.5324,-4.452477,3885,1.159942865371704
10,beta,human3,beta,-7.4628143,4.5506005,3886,0.4444926977157593
11,alpha,human3,alpha,5.1566854,3.2860284,3887,0.7937837839126587
2,ductal,human3,schwann,16.204645,-4.0921373,3888,1.3493458032608032
11,alpha,human3,alpha,5.52416,2.924118,3889,0.6486137509346008
4,acinar,human3,acinar,6.8060737,-8.154848,3890,0.6394335031509399
6,activated_stellate,human3,activated_stellate,7.687864,10.344487,3891,1.681002855300903
11,alpha,human3,alpha,5.846702,2.792388,3892,0.8084832429885864
10,beta,human3,beta,-9.984989,3.4102254,3893,0.6779100894927979
10,beta,human3,beta,-8.114082,4.827361,3894,0.623594343662262
10,beta,human3,beta,-10.07748,4.9944553,3895,0.7114173173904419
11,alpha,human3,alpha,4.551585,3.0605733,3896,0.8743749260902405
11,alpha,human3,alpha,4.271392,2.5908215,3897,1.2214863300323486
4,acinar,human3,acinar,7.2481594,-9.152358,3898,0.5383049249649048
11,alpha,human3,alpha,5.753757,2.7673316,3899,0.8699435591697693
11,alpha,human3,alpha,4.9675417,2.9443972,3900,0.6194210648536682
10,beta,human3,beta,-8.693676,4.040502,3901,1.2886219024658203
10,beta,human3,beta,-10.852787,4.352556,3902,0.831355631351471
11,alpha,human3,alpha,4.376903,2.9493573,3903,1.351985216140747
4,acinar,human3,acinar,6.9265304,-7.5952888,3904,0.5455255508422852
10,beta,human3,beta,-9.4965725,3.4668608,3905,0.5268356204032898
4,acinar,human3,acinar,6.542561,-8.985956,3906,0.393534779548645
12,ductal,human3,ductal,14.576213,6.1174808,3907,1.1443523168563845
10,beta,human3,beta,-9.347231,5.1535354,3908,0.6664877533912659
10,beta,human3,beta,-8.473597,3.3471568,3909,0.7705698013305664
11,alpha,human3,alpha,4.8096514,2.4163609,3910,1.1845386028289795
11,alpha,human3,alpha,5.0055304,3.16841,3911,0.6416076421737671
11,alpha,human3,alpha,4.8411326,3.282697,3912,0.504525363445282
4,acinar,human3,acinar,6.9119253,-8.664793,3913,0.5279181003570557
11,alpha,human3,alpha,4.1158056,2.8559198,3914,0.6521023511886597
4,acinar,human3,acinar,6.979907,-9.812522,3915,0.4107505679130554
11,alpha,human3,alpha,4.096212,3.324127,3916,0.9368776679039
10,beta,human3,beta,-9.2382345,4.7017217,3917,1.0440595149993896
11,alpha,human3,alpha,4.531904,2.487187,3918,1.04534912109375
10,beta,human3,beta,-9.291032,4.8608785,3919,0.4417007267475128
10,beta,human3,beta,-8.112032,4.799465,3920,0.5972590446472168
13,delta,human3,delta,-1.7313972,13.026564,3921,1.235633134841919
6,activated_stellate,human3,activated_stellate,7.558401,10.841495,3922,1.8189842700958248
11,alpha,human3,alpha,5.3441267,3.3678982,3923,0.6501253247261047
4,acinar,human3,acinar,6.6124563,-8.466293,3924,0.3850599527359009
2,ductal,human3,schwann,15.92964,-4.367535,3925,0.9919580817222596
11,alpha,human3,alpha,4.1434402,2.5751998,3926,0.7478495836257935
11,alpha,human3,alpha,5.812387,2.7335587,3927,0.9303867816925048
4,acinar,human3,acinar,6.9085293,-9.352545,3928,0.3919668793678283
10,beta,human3,beta,-8.075186,3.7839055,3929,0.8721082210540771
4,acinar,human3,acinar,6.6690693,-8.092341,3930,0.6812041997909546
13,delta,human3,delta,-2.1560175,13.122777,3931,1.3100930452346802
13,delta,human3,delta,-1.8977004,12.80317,3932,0.6630980372428894
11,alpha,human3,alpha,5.0256653,2.3455653,3933,1.545534372329712
13,delta,human3,delta,-1.4705884,13.347305,3934,1.049653172492981
10,beta,human3,beta,-9.011302,3.591391,3935,0.5302126407623291
6,activated_stellate,human3,activated_stellate,7.635231,10.095272,3936,1.7794244289398191
11,alpha,human3,alpha,5.218757,3.1818433,3937,0.9119080901145936
10,beta,human3,beta,-9.247018,2.4993072,3938,0.6827965378761292
4,acinar,human3,acinar,7.398137,-8.275223,3939,0.4521697461605072
3,alpha,human3,mast,12.86367,16.40146,3940,0.860163152217865
11,alpha,human3,alpha,5.084353,3.2414274,3941,0.682645857334137
4,acinar,human3,acinar,6.121865,-8.52523,3942,0.5036380290985107
10,beta,human3,beta,-9.078664,2.5420828,3943,0.5981599688529968
2,ductal,human3,schwann,15.861331,-4.6113954,3944,3.588205099105835
11,alpha,human3,alpha,4.521908,3.3575716,3945,0.6354008316993713
11,alpha,human3,alpha,4.311812,2.5335245,3946,0.5963962078094482
10,beta,human3,beta,-10.741552,3.384595,3947,0.6377105712890625
2,ductal,human3,schwann,16.570139,-4.452665,3948,1.4239956140518188
11,alpha,human3,alpha,4.704829,3.7079077,3949,2.253742456436157
10,quiescent_stellate,human3,beta,-9.201753,3.937059,3950,1.577418088912964
11,alpha,human3,alpha,4.597373,1.8905389,3951,0.7187573313713074
2,ductal,human3,schwann,16.521734,-4.604287,3952,1.196648359298706
11,alpha,human3,alpha,5.1453447,3.176041,3953,0.6946873664855957
10,beta,human3,beta,-7.4147177,3.988466,3954,0.9333027005195618
11,alpha,human3,alpha,5.425466,2.223473,3955,1.174439787864685
11,alpha,human3,alpha,4.2098017,2.655283,3956,0.5268179178237915
11,alpha,human3,alpha,4.6099734,3.2164,3957,0.6035192012786865
13,delta,human3,delta,-1.6374525,13.7449665,3958,1.282990336418152
11,alpha,human3,alpha,4.310534,3.2759817,3959,0.739243745803833
4,acinar,human3,acinar,7.251549,-7.741453,3960,0.5205432772636414
13,delta,human3,delta,-2.3438733,13.234918,3961,0.7094525694847107
4,acinar,human3,acinar,6.325811,-7.925368,3962,0.7131540775299072
11,alpha,human3,alpha,5.005498,3.1427555,3963,2.4837429523468018
10,beta,human3,beta,-10.780113,4.108472,3964,1.6552519798278809
2,ductal,human3,schwann,15.86327,-4.567397,3965,1.4610596895217896
2,ductal,human3,schwann,16.027973,-4.3462214,3966,1.2351865768432615
4,acinar,human3,acinar,6.7008333,-8.758225,3967,1.144622802734375
2,ductal,human3,schwann,16.130335,-4.4368095,3968,0.9745609760284424
7,ductal,human3,epsilon,-2.4123628,-9.837794,3969,3.588205099105835
13,delta,human3,delta,-1.8399975,13.14317,3970,1.2492527961730957
11,alpha,human3,alpha,4.8759046,2.3781824,3971,0.834191620349884
10,beta,human3,beta,-7.303121,3.5746918,3972,0.7889137268066406
10,beta,human3,beta,-11.096692,4.047471,3973,0.5397306084632874
13,delta,human3,delta,-1.1664981,13.606356,3974,0.742913007736206
11,alpha,human3,alpha,5.212389,2.17157,3975,0.6044694781303406
10,beta,human3,beta,-9.352408,4.0372863,3976,1.4144209623336792
10,beta,human3,beta,-7.44026,3.0923707,3977,0.5256800055503845
11,alpha,human3,alpha,4.294857,2.4619048,3978,0.7369266152381897
11,alpha,human3,alpha,5.2094946,2.3918538,3979,0.684431791305542
8,endothelial,human3,endothelial,20.033766,0.99410737,3980,2.4226505756378174
11,alpha,human3,alpha,4.4930863,3.496097,3981,0.7877920866012573
10,beta,human3,beta,-10.160382,3.4029868,3982,1.482137680053711
10,beta,human3,beta,-9.252979,5.067151,3983,0.6628395318984985
11,alpha,human3,alpha,5.465345,3.105947,3984,0.6431565284729004
11,alpha,human3,alpha,5.295305,2.5984278,3985,0.5137131214141846
4,acinar,human3,acinar,6.589567,-9.447884,3986,0.3845422863960266
10,beta,human3,beta,-10.237847,3.955446,3987,1.012636423110962
11,alpha,human3,alpha,4.8739,3.191579,3988,0.90699964761734
10,beta,human3,beta,-8.134659,3.0170934,3989,1.4614577293395996
4,acinar,human3,acinar,6.8301225,-8.410941,3990,0.3936941623687744
4,acinar,human3,acinar,7.0034127,-7.8272142,3991,0.7590374946594238
11,alpha,human3,alpha,5.044363,3.1029274,3992,0.8706894516944885
10,beta,human3,beta,-9.2490015,2.7394934,3993,0.8439084887504578
11,alpha,human3,alpha,5.112801,2.84055,3994,0.8627499938011169
11,alpha,human3,alpha,5.343094,2.337659,3995,0.773195743560791
11,alpha,human3,alpha,4.2078857,2.6079762,3996,1.00184965133667
11,alpha,human3,alpha,4.420553,2.1741257,3997,0.791259765625
2,ductal,human3,schwann,15.9693985,-4.650505,3998,0.9475756287574768
13,delta,human3,delta,-2.1067698,13.557726,3999,0.4618968665599823
11,alpha,human3,alpha,4.7020283,3.0074973,4000,1.0119414329528809
2,ductal,human3,schwann,16.266735,-4.027587,4001,0.923767387866974
2,ductal,human3,schwann,16.507751,-4.4793878,4002,1.0748324394226074
10,beta,human3,beta,-7.3686614,3.4970698,4003,0.4703193008899688
10,beta,human3,beta,-10.547255,4.3942494,4004,0.5591082572937012
10,delta,human3,beta,-8.965779,3.1635988,4005,1.3984134197235107
6,activated_stellate,human3,activated_stellate,7.832503,10.410259,4006,2.485968351364136
10,beta,human3,beta,-8.512408,3.9302313,4007,1.398501753807068
10,beta,human3,beta,-10.794819,4.262286,4008,0.712005615234375
4,acinar,human3,acinar,6.7488694,-7.1107974,4009,0.3876596093177795
11,alpha,human3,alpha,4.9072223,3.2342153,4010,0.8138459920883179
11,alpha,human3,alpha,5.173735,3.3789225,4011,1.2160309553146362
11,alpha,human3,alpha,3.935428,3.2706566,4012,1.0122106075286863
4,acinar,human3,acinar,6.909851,-8.032786,4013,1.3731235265731812
11,alpha,human3,alpha,5.395321,1.917547,4014,0.9104288816452026
10,beta,human3,beta,-9.710557,3.4898267,4015,0.8480247855186462
11,alpha,human3,alpha,5.942134,2.6613176,4016,0.6880380511283875
10,beta,human3,beta,-8.893655,2.5889196,4017,0.5355145931243896
11,alpha,human3,alpha,4.2145586,2.68455,4018,0.609859049320221
13,delta,human3,delta,-2.1701741,12.834167,4019,1.364899516105652
4,acinar,human3,acinar,6.788115,-9.058147,4020,0.7288705110549927
6,activated_stellate,human3,activated_stellate,7.7424645,10.306237,4021,2.1519346237182617
4,acinar,human3,acinar,6.9235783,-8.932179,4022,1.0431246757507324
11,alpha,human3,alpha,4.885601,2.6248553,4023,1.0719860792160034
10,beta,human3,beta,-9.724868,4.35834,4024,0.8166671991348267
6,activated_stellate,human3,activated_stellate,7.576791,10.202139,4025,1.9175100326538088
11,alpha,human3,alpha,5.3438983,2.4647589,4026,0.7551624774932861
11,alpha,human3,alpha,4.501787,2.0990381,4027,0.8522334098815918
11,alpha,human3,alpha,4.9578342,2.3560152,4028,0.9593644738197328
11,alpha,human3,alpha,4.7442994,3.197112,4029,0.7054531574249268
11,alpha,human3,alpha,5.386711,2.438647,4030,0.6597192287445068
4,acinar,human3,acinar,6.7150216,-9.421575,4031,0.5855617523193359
11,alpha,human3,alpha,3.9101145,2.5700989,4032,0.7800264954566956
4,acinar,human3,acinar,6.99375,-8.010241,4033,0.6361840963363647
11,alpha,human3,alpha,4.123323,3.158533,4034,1.4301116466522217
11,alpha,human3,alpha,4.4389405,2.2853067,4035,0.5082628130912781
2,ductal,human3,schwann,16.323017,-4.2758102,4036,0.8860809206962585
10,beta,human3,beta,-7.103492,3.4351523,4037,0.6112799048423767
11,alpha,human3,alpha,4.698333,3.0201862,4038,0.6372051239013672
13,delta,human3,delta,-1.3139004,12.839079,4039,0.8411992788314819
10,beta,human3,beta,-10.365978,4.309989,4040,0.7477520704269409
6,activated_stellate,human3,activated_stellate,7.6694293,10.272796,4041,1.8782601356506348
2,ductal,human3,schwann,16.14103,-4.844474,4042,1.248232126235962
10,beta,human3,beta,-8.447322,2.6695085,4043,0.5983406901359558
11,alpha,human3,alpha,4.9622145,2.1876416,4044,0.6859577894210815
4,acinar,human3,acinar,6.703062,-6.947214,4045,0.7787841558456421
11,alpha,human3,alpha,4.410619,2.2427459,4046,0.6990005373954773
11,alpha,human3,alpha,4.5491405,2.7113225,4047,0.9292792081832886
11,alpha,human3,alpha,4.626894,2.2215712,4048,0.9013351798057556
4,acinar,human3,acinar,6.949723,-9.071234,4049,0.5164422392845154
11,alpha,human3,alpha,4.7487364,3.2103558,4050,1.4624783992767334
4,acinar,human3,acinar,6.334956,-8.895506,4051,0.4952539801597595
6,activated_stellate,human3,activated_stellate,7.543802,10.806752,4052,1.7478506565093994
11,alpha,human3,alpha,4.491003,2.1831167,4053,1.9404598474502563
10,beta,human3,beta,-8.295279,2.9323144,4054,0.8050636649131775
10,beta,human3,beta,-8.695041,3.186774,4055,0.6530072689056396
10,beta,human3,beta,-10.276432,3.8516448,4056,0.7861418724060059
6,activated_stellate,human3,activated_stellate,7.8748817,10.152856,4057,2.128753423690796
4,acinar,human3,acinar,7.1698174,-8.752462,4058,0.678429365158081
11,alpha,human3,alpha,6.055326,2.6210556,4059,0.5878164172172546
2,ductal,human3,schwann,16.35963,-4.0954494,4060,1.7928045988082886
11,alpha,human3,alpha,5.3567243,3.026262,4061,0.9493319988250732
10,beta,human3,beta,-9.534769,3.949684,4062,0.9452393651008606
10,beta,human3,beta,-6.993943,3.9597309,4063,0.6690274477005005
10,beta,human3,beta,-10.147982,5.0668855,4064,0.5573894381523132
11,alpha,human3,alpha,4.944413,3.2229471,4065,0.8830387592315674
13,delta,human3,delta,-1.4655185,13.438254,4066,0.5918971300125122
11,alpha,human3,alpha,4.3871813,3.0852287,4067,1.254021406173706
10,beta,human3,beta,-10.039692,4.7936425,4068,0.7947873473167419
10,beta,human3,beta,-7.51832,3.6284792,4069,0.6559683084487915
11,alpha,human3,alpha,4.5775986,3.364612,4070,1.0757609605789185
10,beta,human3,beta,-11.07576,4.2304144,4071,0.612565815448761
10,beta,human3,beta,-7.7729635,3.6704016,4072,1.3327220678329468
11,alpha,human3,alpha,4.856547,3.0040061,4073,2.165788412094116
10,beta,human3,beta,-9.684651,4.686597,4074,0.9678330421447754
4,alpha,human3,acinar,6.9450264,-8.041317,4075,1.431261658668518
11,alpha,human3,alpha,4.9746394,2.4578357,4076,1.1708518266677856
11,alpha,human3,alpha,5.293318,1.9825754,4077,0.8261814713478088
11,alpha,human3,alpha,4.4087744,2.3266006,4078,0.9510321021080016
4,acinar,human3,acinar,7.0190983,-8.204414,4079,0.4108832478523254
11,alpha,human3,alpha,4.8899083,2.355139,4080,0.7557000517845154
10,beta,human3,beta,-10.379525,4.755225,4081,0.6058151721954346
4,acinar,human3,acinar,6.622081,-7.561312,4082,0.4506100118160248
10,beta,human3,beta,-9.095013,2.9382646,4083,1.1333155632019043
10,beta,human3,beta,-9.253763,4.541932,4084,0.7686737179756165
11,alpha,human3,alpha,5.1235833,2.787238,4085,0.9980680346488952
13,delta,human3,delta,-1.2140607,13.368782,4086,0.829927921295166
11,alpha,human3,alpha,4.808087,2.101649,4087,0.5801033973693848
11,alpha,human3,alpha,4.4823046,2.8983264,4088,0.6779155135154724
11,alpha,human3,alpha,4.861705,3.1247232,4089,1.4447933435440063
13,delta,human3,delta,-1.8979611,12.538081,4090,0.474975049495697
10,beta,human3,beta,-8.657066,4.714514,4091,0.6300639510154724
2,ductal,human3,schwann,16.435041,-4.4567842,4092,1.2688933610916138
2,ductal,human3,schwann,16.307095,-4.066683,4093,0.9879366159439088
10,beta,human3,beta,-10.19568,4.477615,4094,0.6964779496192932
2,ductal,human3,schwann,16.125692,-4.1246357,4095,0.9849929213523864
8,endothelial,human3,endothelial,20.032564,0.99339116,4096,2.0132200717926025
2,ductal,human3,schwann,16.147116,-4.6291165,4097,1.2053766250610352
11,alpha,human3,alpha,4.486738,3.418395,4098,0.944507896900177
4,acinar,human3,acinar,7.0015326,-8.017924,4099,0.5548375844955444
4,acinar,human3,acinar,7.036516,-7.5227637,4100,0.436572253704071
11,alpha,human3,alpha,4.047314,3.02376,4101,3.5284128189086914
11,alpha,human3,alpha,4.7741737,2.8691287,4102,0.729260265827179
10,beta,human3,beta,-9.782808,4.233455,4103,0.5041558146476746
11,alpha,human3,alpha,5.4630404,2.3060577,4104,1.037232518196106
11,alpha,human3,alpha,5.217922,3.2557123,4105,0.6007212400436401
10,beta,human3,beta,-8.312386,4.6847377,4106,0.4168577194213867
4,acinar,human3,acinar,6.5223713,-8.019578,4107,0.961736500263214
11,alpha,human3,alpha,5.210609,3.247658,4108,0.592729389667511
10,beta,human3,beta,-9.297834,4.2016134,4109,0.5679439306259155
11,alpha,human3,alpha,5.6676617,2.128605,4110,1.2252416610717771
11,alpha,human3,alpha,4.868565,2.5301473,4111,0.5564584732055664
11,alpha,human3,alpha,4.2836456,2.5320663,4112,0.7126116752624512
6,activated_stellate,human3,activated_stellate,7.759648,10.335112,4113,1.6985557079315186
11,alpha,human3,alpha,5.9845076,2.6590834,4114,0.5851407051086426
11,alpha,human3,alpha,4.2793756,3.3748333,4115,1.8924922943115237
1,gamma,human3,gamma,-0.70338786,20.421131,4116,1.6967618465423584
10,beta,human3,beta,-9.241699,3.805936,4117,0.6003901958465576
2,ductal,human3,schwann,16.481798,-4.2838016,4118,1.0562800168991089
10,beta,human3,beta,-8.337735,4.034249,4119,0.5693954229354858
10,beta,human3,beta,-10.015531,4.815296,4120,0.6746296286582947
11,alpha,human3,alpha,4.221774,2.8927526,4121,0.5651981234550476
2,ductal,human3,schwann,16.015549,-4.2723565,4122,0.7516915202140808
10,beta,human3,beta,-7.891138,3.6952639,4123,0.782400369644165
11,alpha,human3,alpha,4.368153,2.9428067,4124,0.7876783013343811
11,alpha,human3,alpha,4.8420715,2.4345307,4125,0.7459080815315247
11,alpha,human3,alpha,4.162465,2.7519605,4126,0.5280022621154785
11,alpha,human3,alpha,4.08404,2.805393,4127,0.6326978802680969
11,alpha,human3,alpha,4.862653,3.2812767,4128,0.6173378229141235
2,ductal,human3,schwann,16.151728,-4.8502007,4129,1.4649429321289062
6,activated_stellate,human3,activated_stellate,7.5207887,10.65435,4130,1.83690083026886
11,alpha,human3,alpha,5.036986,2.9316115,4131,1.243760347366333
11,alpha,human3,alpha,4.499001,3.2129087,4132,0.9494503736495972
13,delta,human3,delta,-1.8732479,12.502162,4133,0.965806484222412
10,beta,human3,beta,-9.025201,3.5491838,4134,0.984308660030365
11,alpha,human3,alpha,5.3344483,3.2149572,4135,0.7615192532539368
4,acinar,human3,acinar,6.717598,-8.004532,4136,0.6238933205604553
11,alpha,human3,alpha,4.3295975,2.2820842,4137,0.9775182008743286
11,alpha,human3,alpha,5.346353,2.3136063,4138,0.828107476234436
10,beta,human3,beta,-9.114929,4.212776,4139,0.5735020041465759
2,ductal,human3,schwann,15.920465,-4.6189013,4140,1.2274798154830933
11,alpha,human3,alpha,4.7649193,2.5231779,4141,1.08620285987854
10,delta,human3,beta,-8.972938,3.9661312,4142,2.359443187713623
4,acinar,human3,acinar,6.9035625,-7.905108,4143,0.486744076013565
4,acinar,human3,acinar,6.5023794,-8.008434,4144,0.5237562656402588
10,beta,human3,beta,-10.283164,4.134682,4145,0.866904079914093
11,alpha,human3,alpha,4.814036,2.471226,4146,0.7399150133132935
11,alpha,human3,alpha,4.787828,3.1863344,4147,1.13122296333313
2,ductal,human3,schwann,16.30039,-4.7608447,4148,1.6166517734527588
9,macrophage,human3,macrophage,11.223265,0.51236016,4149,2.28704571723938
11,alpha,human3,alpha,5.0708613,2.9785936,4150,1.3774700164794922
13,delta,human3,delta,-1.8766674,13.191935,4151,1.2074129581451416
10,beta,human3,beta,-8.98387,3.9703567,4152,0.7158924341201782
11,alpha,human3,alpha,4.88956,2.1620624,4153,1.1681667566299438
10,beta,human3,beta,-8.684901,5.1259427,4154,1.1868929862976074
2,ductal,human3,schwann,16.157635,-4.1544967,4155,1.180703043937683
2,ductal,human3,schwann,15.880141,-4.6524777,4156,1.4773746728897097
11,alpha,human3,alpha,5.2960777,2.3335195,4157,0.8630221486091614
11,alpha,human3,alpha,4.198194,3.0080519,4158,0.8955968618392944
6,activated_stellate,human3,activated_stellate,7.901076,10.03388,4159,2.013070106506348
2,ductal,human3,schwann,16.531261,-4.5482845,4160,0.9532440304756165
8,endothelial,human3,endothelial,19.829712,1.2428367,4161,2.295228242874145
1,gamma,human3,gamma,-0.79638267,20.233538,4162,1.674523115158081
11,alpha,human3,alpha,5.3205094,2.5058243,4163,0.8379911780357361
10,beta,human3,beta,-10.639767,4.7004933,4164,1.0436633825302124
4,acinar,human3,acinar,6.6747794,-7.001879,4165,0.4876829981803894
11,alpha,human3,alpha,4.4093733,3.3709035,4166,0.6351190805435181
11,alpha,human3,alpha,4.734547,2.2464583,4167,0.6897216439247131
11,alpha,human3,alpha,5.7956705,3.0047252,4168,0.4868960678577423
10,beta,human3,beta,-9.526462,4.2576323,4169,0.6964851021766663
11,alpha,human3,alpha,4.7289376,3.636377,4170,0.7793861031532288
3,alpha,human3,mast,12.920282,16.363985,4171,0.6818523406982422
1,gamma,human3,gamma,-0.8737593,20.334053,4172,1.7436673641204834
10,beta,human3,beta,-8.916292,3.2805078,4173,0.7617738842964172
11,alpha,human3,alpha,5.254931,2.5682826,4174,0.9256680607795716
2,ductal,human3,schwann,15.961003,-4.3605866,4175,1.306118369102478
10,delta,human3,beta,-8.552212,3.996493,4176,1.3683288097381592
2,ductal,human3,schwann,16.18811,-4.383515,4177,3.2699451446533203
11,alpha,human3,alpha,4.117698,2.8698802,4178,0.8114064335823059
11,alpha,human3,alpha,4.8941364,2.1574776,4179,0.643288254737854
8,endothelial,human3,endothelial,19.596556,1.4878252,4180,1.9425793886184688
11,alpha,human3,alpha,5.0335355,2.717281,4181,1.135465145111084
11,alpha,human3,alpha,4.931225,3.1387117,4182,1.0392327308654783
10,beta,human3,beta,-10.635536,3.7202408,4183,0.6298672556877136
6,activated_stellate,human3,activated_stellate,7.641956,10.121431,4184,1.737763285636902
11,alpha,human3,alpha,5.6676593,2.5526204,4185,0.7595100402832031
4,acinar,human3,acinar,6.773973,-8.048624,4186,0.4751456677913666
11,alpha,human3,alpha,5.872352,2.4166143,4187,0.7762022614479065
10,beta,human3,beta,-9.380821,4.761647,4188,0.9775944352149964
2,ductal,human3,schwann,16.34921,-4.0819135,4189,0.7508683204650879
4,acinar,human3,acinar,6.9388313,-8.066971,4190,0.4748205244541168
10,beta,human3,beta,-10.000898,3.5968924,4191,0.7072492241859436
10,beta,human3,beta,-7.3638535,4.2191644,4192,1.942978858947754
10,beta,human3,beta,-8.315767,3.8784811,4193,1.7411396503448486
11,alpha,human3,alpha,5.230007,3.2824779,4194,2.756685256958008
13,delta,human3,delta,-1.9137832,13.793146,4195,0.952462077140808
4,acinar,human3,acinar,6.6817207,-8.303118,4196,0.3903720676898956
11,alpha,human3,alpha,5.125774,3.4728658,4197,1.496983528137207
10,beta,human3,beta,-10.52288,3.9084766,4198,0.6371238827705383
11,alpha,human3,alpha,5.2278757,2.7023828,4199,0.9494026899337769
2,ductal,human3,schwann,16.077312,-4.2316155,4200,1.672135591506958
11,alpha,human3,alpha,4.8491416,1.9809332,4201,1.43026864528656
11,alpha,human3,alpha,3.9698365,3.1523068,4202,0.7311479449272156
10,beta,human3,beta,-8.552517,4.9574413,4203,0.5717922449111938
11,alpha,human3,alpha,5.534775,2.8868113,4204,0.7304321527481079
4,acinar,human3,acinar,7.172104,-7.5349135,4205,0.3845422863960266
4,acinar,human3,acinar,7.298033,-8.914799,4206,1.338212251663208
10,beta,human3,beta,-10.820928,4.434626,4207,0.7622461915016174
10,beta,human3,beta,-9.152292,2.8029199,4208,0.5898038744926453
11,alpha,human3,alpha,3.918482,2.723185,4209,0.7003973126411438
2,ductal,human3,schwann,16.271261,-4.0371413,4210,1.0351929664611816
2,ductal,human3,schwann,16.137878,-4.0963793,4211,1.1476212739944458
11,alpha,human3,alpha,4.785745,2.6808047,4212,0.8001182079315186
10,beta,human3,beta,-8.651735,3.3287,4213,0.6533414721488953
2,ductal,human3,schwann,15.6437845,-4.6061983,4214,0.9634976387023926
11,alpha,human3,alpha,4.4925866,2.8725522,4215,0.7825520038604736
9,macrophage,human3,macrophage,11.605478,0.113538526,4216,2.237905740737915
2,ductal,human3,schwann,15.759019,-4.5091457,4217,1.8676787614822388
4,acinar,human3,acinar,7.262376,-8.975734,4218,0.4528236091136932
10,beta,human3,beta,-9.847396,3.562476,4219,0.5473112463951111
4,acinar,human3,acinar,6.436711,-7.461721,4220,0.6668713092803955
10,beta,human3,beta,-10.839319,4.062788,4221,0.582489013671875
2,ductal,human3,schwann,16.353586,-4.741758,4222,1.2897378206253052
1,gamma,human3,gamma,-0.7162051,20.068426,4223,1.8631412982940676
2,ductal,human3,schwann,15.746093,-4.5250416,4224,0.9390026330947876
11,alpha,human3,alpha,4.4733524,3.1082828,4225,0.7997767925262451
11,alpha,human3,alpha,5.540167,2.8801324,4226,1.136521339416504
2,ductal,human3,schwann,16.135471,-4.20768,4227,1.080870509147644
11,alpha,human3,alpha,5.0539403,3.2256827,4228,0.814666211605072
11,alpha,human3,alpha,4.426299,3.0909293,4229,0.5889683365821838
13,delta,human3,delta,-1.8946483,13.589661,4230,0.8443430662155151
2,ductal,human3,schwann,16.175285,-4.6608806,4231,1.5311897993087769
4,acinar,human3,acinar,6.895739,-7.859513,4232,0.4158885478973388
11,alpha,human3,alpha,4.76668,2.0785947,4233,0.9836632609367372
11,alpha,human3,alpha,4.8511014,1.9072077,4234,0.7473024725914001
11,alpha,human3,alpha,5.104383,2.256657,4235,0.804135262966156
2,ductal,human3,schwann,16.248508,-4.6579933,4236,1.5671812295913696
2,ductal,human3,schwann,16.160679,-4.715293,4237,1.1190932989120483
2,ductal,human3,schwann,16.488684,-4.5258455,4238,0.9125289916992188
2,ductal,human3,schwann,16.086637,-4.496276,4239,1.844309687614441
4,acinar,human3,acinar,7.4431667,-8.455572,4240,0.3845422863960266
11,alpha,human3,alpha,4.544401,3.1947362,4241,1.3164727687835691
11,alpha,human3,alpha,3.7479458,2.737006,4242,0.6456788778305054
13,delta,human3,delta,-1.5782316,13.797728,4243,0.5586310029029846
13,delta,human3,delta,-2.308499,13.03078,4244,0.4157166481018066
11,alpha,human3,alpha,4.7543325,2.373543,4245,2.209401607513428
11,alpha,human3,alpha,5.008513,3.4779537,4246,1.2836352586746216
2,ductal,human3,schwann,16.208038,-4.6673875,4247,3.188030958175659
4,acinar,human3,acinar,6.331302,-8.734362,4248,0.4190458059310913
11,alpha,human3,alpha,4.6051583,3.0015948,4249,0.8861119747161865
11,alpha,human3,alpha,5.1550155,2.5766149,4250,1.1511037349700928
10,beta,human3,beta,-9.583771,4.323704,4251,0.7381495237350464
11,alpha,human3,alpha,3.9996676,2.4289467,4252,0.5971957445144653
6,activated_stellate,human3,activated_stellate,7.5321927,10.222543,4253,1.9403496980667116
2,ductal,human3,schwann,16.223076,-4.6200047,4254,1.0748486518859863
11,alpha,human3,alpha,4.3341627,3.3441448,4255,1.6556997299194336
6,activated_stellate,human3,activated_stellate,7.82692,10.421497,4256,2.23600172996521
11,alpha,human3,alpha,4.840768,3.2354257,4257,0.90090811252594
4,acinar,human3,acinar,6.6526656,-7.931046,4258,0.8898913264274597
2,ductal,human3,schwann,16.272131,-4.1452,4259,0.8493554592132568
11,alpha,human3,alpha,4.5280514,3.0831254,4260,0.8780425786972046
11,alpha,human3,alpha,4.6631155,3.207002,4261,0.897709310054779
11,alpha,human3,alpha,4.530767,3.0211093,4262,1.126969337463379
4,acinar,human3,acinar,6.8145633,-7.201682,4263,0.5010093450546265
6,activated_stellate,human3,activated_stellate,7.730067,10.24962,4264,1.9750598669052124
5,endothelial,human3,quiescent_stellate,5.078008,16.164776,4265,2.838065385818481
10,beta,human3,beta,-9.196544,4.19122,4266,1.19912850856781
11,alpha,human3,alpha,5.175039,2.570787,4267,0.8246605396270752
2,ductal,human3,schwann,15.905503,-4.326097,4268,1.1430822610855105
11,alpha,human3,alpha,5.622067,2.524443,4269,0.5975515842437744
10,beta,human3,beta,-9.705889,4.4052615,4270,0.7029564380645752
11,alpha,human3,alpha,5.380166,3.1936748,4271,0.5875546336174011
11,alpha,human3,alpha,5.4868755,2.441668,4272,0.6601104140281677
5,quiescent_stellate,human3,quiescent_stellate,5.1369042,16.127417,4273,1.783680438995361
2,ductal,human3,schwann,15.853055,-4.754167,4274,1.1553136110305786
2,ductal,human3,schwann,15.893843,-4.365156,4275,0.9580961465835572
11,alpha,human3,alpha,4.352457,2.0773644,4276,1.3061918020248413
11,alpha,human3,alpha,5.170586,2.7027383,4277,0.8797361254692078
4,acinar,human3,acinar,7.1728106,-7.579309,4278,0.3894805014133453
4,acinar,human3,acinar,6.38783,-7.973132,4279,0.4381947517395019
11,alpha,human3,alpha,4.8566647,3.6351001,4280,1.3330029249191284
10,beta,human3,beta,-9.331291,4.3169603,4281,0.6964461803436279
11,alpha,human3,alpha,5.142421,3.2071624,4282,0.6405755877494812
13,delta,human3,delta,-1.612742,12.944259,4283,1.078918218612671
11,alpha,human3,alpha,5.437714,2.9738476,4284,0.7442286610603333
4,acinar,human3,acinar,6.6863775,-9.498265,4285,0.4526013731956482
10,beta,human3,beta,-7.263268,3.6245136,4286,1.5599976778030396
4,acinar,human3,acinar,7.104208,-7.9500456,4287,0.4022886753082275
4,acinar,human3,acinar,6.995988,-9.416178,4288,0.4243471622467041
11,alpha,human3,alpha,5.8131313,2.8022058,4289,0.9546292424201964
2,ductal,human3,schwann,16.04075,-4.659991,4290,1.5219587087631226
11,alpha,human3,alpha,4.193068,3.357628,4291,0.6193972229957581
11,alpha,human3,alpha,4.5221186,2.3766727,4292,0.7578007578849792
8,endothelial,human3,endothelial,19.857517,1.2119588,4293,2.234741449356079
2,ductal,human3,schwann,15.814317,-4.3357444,4294,1.3535486459732056
2,ductal,human3,schwann,15.965877,-4.627484,4295,1.5363438129425049
2,ductal,human3,schwann,16.154917,-4.1060376,4296,1.29691743850708
11,alpha,human3,alpha,4.6099443,2.8216033,4297,0.7734904885292053
11,alpha,human3,alpha,4.231929,2.3709223,4298,0.7555060982704163
6,activated_stellate,human3,activated_stellate,7.5713587,11.021513,4299,1.9712824821472168
10,beta,human3,beta,-9.30795,3.7909389,4300,1.6182032823562622
11,alpha,human3,alpha,4.779559,2.2353299,4301,1.4163095951080322
4,acinar,human3,acinar,7.142766,-7.9964137,4302,0.4934258162975311
1,gamma,human3,gamma,-0.62274504,20.320555,4303,2.134430408477783
11,alpha,human3,alpha,5.5587773,2.2500992,4304,0.8241636753082275
11,alpha,human3,alpha,4.9211626,2.7354324,4305,0.8574806451797485
2,ductal,human3,schwann,16.284931,-4.0432935,4306,1.1479049921035769
9,mast,human3,macrophage,11.509277,0.2122288,4307,4.1829705238342285
2,ductal,human3,schwann,16.543331,-4.4722414,4308,1.3733536005020142
11,alpha,human3,alpha,3.8712482,3.1307664,4309,0.5056686997413635
4,acinar,human3,acinar,6.6601477,-8.95455,4310,0.466898113489151
11,alpha,human3,alpha,4.9470816,2.7396023,4311,0.933172345161438
5,quiescent_stellate,human3,quiescent_stellate,5.091881,16.113483,4312,2.0819203853607178
6,activated_stellate,human3,activated_stellate,7.565093,10.734692,4313,1.8023003339767456
10,beta,human3,beta,-9.720206,3.307044,4314,0.7586566805839539
4,acinar,human3,acinar,6.897569,-8.408977,4315,0.5294046998023987
11,alpha,human3,alpha,5.565846,3.101347,4316,0.7691276669502258
11,alpha,human3,alpha,4.7230477,2.6207993,4317,0.8971176743507385
11,alpha,human3,alpha,4.120529,2.52221,4318,1.3518731594085691
2,ductal,human3,schwann,16.2929,-4.4038916,4319,0.844434380531311
4,acinar,human3,acinar,7.296881,-8.283906,4320,0.5027850866317749
4,acinar,human3,acinar,6.7914085,-9.2545595,4321,0.4456937611103058
8,endothelial,human3,endothelial,19.718906,1.3820058,4322,2.0283963680267334
7,ductal,human3,epsilon,-2.441625,-9.990118,4323,1.836331486701965
11,alpha,human3,alpha,5.467214,2.342664,4324,0.7210406064987183
13,delta,human3,delta,-1.7686437,13.259974,4325,1.224833846092224
11,alpha,human3,alpha,4.236939,2.8774266,4326,0.93337482213974
2,ductal,human3,schwann,15.877698,-4.5108595,4327,1.8476004600524905
11,alpha,human3,alpha,5.1580048,3.239283,4328,1.2413275241851809
6,activated_stellate,human3,activated_stellate,7.5535674,10.989098,4329,2.4534337520599365
2,ductal,human3,schwann,16.630423,-4.480438,4330,1.656720757484436
10,beta,human3,beta,-8.161125,4.3791146,4331,0.5838099718093872
2,ductal,human3,schwann,15.841072,-4.5261445,4332,0.8344539403915405
10,beta,human3,beta,-8.543835,3.1449132,4333,0.6816636919975281
11,alpha,human3,alpha,4.582481,3.4976928,4334,1.151955008506775
11,alpha,human3,alpha,4.6360683,2.9222004,4335,0.8151384592056274
12,ductal,human3,ductal,14.624106,6.1089454,4336,1.4967913627624512
11,alpha,human3,alpha,5.072377,3.4797366,4337,1.2819857597351074
11,alpha,human3,alpha,5.277349,2.6111715,4338,0.6140149831771851
11,alpha,human3,alpha,4.7765074,2.0453649,4339,0.8056320548057556
11,alpha,human3,alpha,4.687155,2.4024048,4340,1.452970027923584
11,alpha,human3,alpha,4.6691365,2.1126363,4341,0.6175862550735474
6,activated_stellate,human3,activated_stellate,7.7431326,10.350974,4342,1.9437053203582764
4,acinar,human3,acinar,7.03683,-8.598397,4343,0.9429692029953004
10,beta,human3,beta,-8.57585,2.6308498,4344,0.6830260157585144
11,alpha,human3,alpha,5.6138067,2.3492417,4345,0.718382716178894
5,quiescent_stellate,human3,quiescent_stellate,4.840397,16.311415,4346,1.4862279891967771
11,alpha,human3,alpha,4.2759457,3.2433007,4347,0.7638248205184937
11,alpha,human3,alpha,5.4084916,3.1096888,4348,0.6836789846420288
11,alpha,human3,alpha,5.8623266,2.7099593,4349,0.7316345572471619
11,alpha,human3,alpha,4.647245,2.2374191,4350,0.6201050281524658
6,activated_stellate,human3,activated_stellate,7.5772796,10.748573,4351,1.7697572708129885
11,alpha,human3,alpha,5.445641,3.3274229,4352,0.8432930111885071
11,alpha,human3,alpha,5.329708,2.3524768,4353,0.8485071659088135
11,alpha,human3,alpha,4.605601,2.127942,4354,0.933224618434906
11,alpha,human3,alpha,5.1477647,2.9579809,4355,0.5722936391830444
10,beta,human3,beta,-9.02453,3.1177113,4356,0.7350075244903564
8,endothelial,human3,endothelial,20.054455,0.9715774,4357,2.441935539245605
4,acinar,human3,acinar,6.7203364,-6.9529266,4358,0.3845422863960266
11,alpha,human3,alpha,4.5734406,2.733948,4359,1.0861704349517822
5,quiescent_stellate,human3,quiescent_stellate,4.81533,16.297628,4360,1.5393203496932983
11,alpha,human3,alpha,5.036035,2.9380994,4361,1.0473895072937012
2,ductal,human3,schwann,16.37199,-4.5426016,4362,1.796554684638977
10,alpha,human3,beta,-9.283988,3.8345919,4363,2.338461399078369
5,quiescent_stellate,human3,quiescent_stellate,4.740612,16.39525,4364,2.2362563610076904
11,alpha,human3,alpha,4.4513454,2.24073,4365,0.8675224781036377
2,ductal,human3,schwann,15.779019,-4.4583583,4366,3.510739803314209
10,beta,human3,beta,-7.44974,3.800032,4367,0.7340379953384399
11,alpha,human3,alpha,4.3929663,2.9655879,4368,0.6129070520401001
2,ductal,human3,schwann,16.002192,-4.4145675,4369,0.9866318702697754
6,activated_stellate,human3,activated_stellate,7.7207446,10.104703,4370,1.6687861680984497
2,ductal,human3,schwann,16.122728,-4.659426,4371,1.606439471244812
11,alpha,human3,alpha,5.130074,2.747226,4372,1.0410783290863037
10,beta,human3,beta,-7.3697557,3.7828972,4373,0.5965226292610168
10,beta,human3,beta,-10.480237,3.2802231,4374,0.6225413680076599
11,alpha,human3,alpha,5.502292,3.3297038,4375,0.8113916516304016
11,alpha,human3,alpha,5.4585867,2.9049857,4376,1.6157186031341553
11,alpha,human3,alpha,5.832889,2.4320345,4377,1.2830957174301147
13,delta,human3,delta,-1.7988926,13.465215,4378,1.005662202835083
2,ductal,human3,schwann,16.351877,-4.0714417,4379,0.7485049366950989
8,endothelial,human3,endothelial,19.85851,1.2147447,4380,2.838065385818481
10,beta,human3,beta,-9.266164,3.5179844,4381,0.5469835996627808
11,alpha,human3,alpha,5.4340672,2.69889,4382,0.9632516503334044
11,alpha,human3,alpha,5.130458,2.735951,4383,3.623354196548462
2,ductal,human3,schwann,16.114643,-4.005929,4384,1.1791799068450928
8,endothelial,human3,endothelial,19.634335,1.4678804,4385,2.078474283218384
11,alpha,human3,alpha,4.9113326,2.4962344,4386,1.3054524660110474
11,alpha,human3,alpha,5.251927,2.903287,4387,0.5193972587585449
10,beta,human3,beta,-10.242911,4.555582,4388,0.631837785243988
11,alpha,human3,alpha,4.898457,2.196725,4389,0.8112004995346069
2,ductal,human3,schwann,16.32818,-4.6905236,4390,1.0958764553070068
11,alpha,human3,alpha,5.6349034,2.7545838,4391,1.728186011314392
4,acinar,human3,acinar,6.64817,-8.692973,4392,0.9393091201782228
1,gamma,human3,gamma,-0.6408031,20.0323,4393,2.346232414245605
8,endothelial,human3,endothelial,20.103123,0.9160007,4394,2.3426496982574463
11,alpha,human3,alpha,4.7163796,2.635949,4395,0.9147650599479676
2,ductal,human3,schwann,16.382715,-4.411028,4396,1.449706792831421
11,alpha,human3,alpha,5.0315976,2.918762,4397,2.00805401802063
10,beta,human3,beta,-8.636945,2.8643422,4398,0.5967673659324646
8,endothelial,human3,endothelial,19.579193,1.5356944,4399,2.405672311782837
8,endothelial,human3,endothelial,19.638762,1.470857,4400,1.9976823329925537
10,beta,human3,beta,-7.526799,3.8611016,4401,2.040520191192627
11,alpha,human3,alpha,4.4810944,3.4389794,4402,0.7445881366729736
2,ductal,human3,schwann,16.325912,-4.068693,4403,0.9247487783432008
11,alpha,human3,alpha,5.6170926,2.796618,4404,1.835193991661072
11,alpha,human3,alpha,4.3368635,2.378448,4405,1.076338768005371
11,alpha,human3,alpha,4.6107736,2.9693978,4406,0.6411679983139038
6,activated_stellate,human3,activated_stellate,7.6121945,10.89601,4407,2.0030834674835205
11,alpha,human3,alpha,4.2855334,2.7941506,4408,0.9987804889678956
5,quiescent_stellate,human3,quiescent_stellate,4.96025,16.186312,4409,1.7110434770584106
10,beta,human3,beta,-9.629778,4.2911897,4410,1.50986909866333
10,delta,human3,beta,-9.448152,4.1270714,4411,2.361757755279541
10,beta,human3,beta,-8.611432,4.615917,4412,0.7296217083930969
6,activated_stellate,human3,activated_stellate,7.9105787,10.2083235,4413,2.4939630031585693
8,endothelial,human3,endothelial,20.287655,0.67219114,4414,1.9781221151351929
10,delta,human3,beta,-8.683573,3.9441397,4415,2.361757755279541
2,ductal,human3,schwann,15.849844,-4.56666,4416,1.7832263708114624
10,beta,human3,beta,-10.899757,3.759949,4417,0.5408395528793335
10,beta,human3,beta,-8.207889,3.53371,4418,1.0314066410064695
11,alpha,human3,alpha,4.9601355,2.9516134,4419,1.1732836961746216
8,endothelial,human3,endothelial,19.596224,1.5635184,4420,2.838065385818481
6,activated_stellate,human3,activated_stellate,7.530345,10.616774,4421,1.6912161111831665
11,alpha,human3,alpha,4.608439,2.1944795,4422,0.9395777583122252
11,alpha,human3,alpha,5.070521,2.6531928,4423,0.9473097324371338
10,beta,human3,beta,-10.366914,3.2488492,4424,0.7393290996551514
7,ductal,human3,epsilon,-2.25688,-9.940752,4425,3.588205099105835
10,beta,human3,beta,-9.2058935,4.9852366,4426,0.4430107176303863
5,quiescent_stellate,human3,quiescent_stellate,4.457801,16.430367,4427,2.045376300811768
1,gamma,human3,gamma,-0.7780882,20.118382,4428,1.4410711526870728
11,alpha,human3,alpha,5.448433,2.5978904,4429,0.693687379360199
1,beta,human3,gamma,10.9449625,0.79922634,4430,3.1803128719329834
4,acinar,human3,acinar,7.0097,-8.089041,4431,1.1762077808380127
2,ductal,human3,schwann,16.211702,-4.5814857,4432,1.1548405885696411
11,alpha,human3,alpha,4.7675962,2.7524652,4433,0.7651830315589905
8,endothelial,human3,endothelial,19.397598,1.8871373,4434,1.9827193021774288
10,beta,human3,beta,-10.849078,3.548367,4435,0.6801323890686035
11,alpha,human3,alpha,4.690455,3.3086002,4436,0.6925909519195557
4,acinar,human3,acinar,6.778639,-8.200062,4437,0.5452921986579895
4,acinar,human3,acinar,6.1627073,-8.5076,4438,0.9992859959602356
11,alpha,human3,alpha,4.3743267,2.5613685,4439,1.0733391046524048
11,alpha,human3,alpha,4.543596,3.1259782,4440,0.8358344435691833
10,beta,human3,beta,-9.26524,3.5573437,4441,0.8897071480751038
10,beta,human3,beta,-8.670736,3.9801643,4442,0.9339724779129028
11,alpha,human3,alpha,5.156551,3.2467444,4443,1.1752232313156128
5,quiescent_stellate,human3,quiescent_stellate,5.140629,16.093937,4444,1.5734273195266724
11,alpha,human3,alpha,5.2609496,2.9590874,4445,0.7708074450492859
8,endothelial,human3,endothelial,20.160784,0.828218,4446,2.4796533584594727
5,quiescent_stellate,human3,quiescent_stellate,4.939404,16.234262,4447,1.404195785522461
10,beta,human3,beta,-10.563271,4.1882353,4448,0.5375654697418213
10,beta,human3,beta,-9.369859,4.156812,4449,1.135021090507507
4,acinar,human3,acinar,6.6843085,-8.5056505,4450,0.6659310460090637
10,beta,human3,beta,-9.925878,4.0301604,4451,0.684876024723053
11,alpha,human3,alpha,5.5734577,2.8735218,4452,0.8958479762077332
2,ductal,human3,schwann,16.616356,-4.4269757,4453,1.3547850847244265
4,acinar,human3,acinar,6.4116077,-8.761382,4454,0.5296666026115417
10,beta,human3,beta,-9.791653,3.790493,4455,1.4079163074493408
11,alpha,human3,alpha,4.564896,2.7809498,4456,0.8979045152664185
11,alpha,human3,alpha,5.4429717,2.300305,4457,1.4279849529266355
8,endothelial,human3,endothelial,20.142132,0.85856545,4458,2.7864208221435547
11,alpha,human3,alpha,4.395942,3.256895,4459,1.1268413066864014
11,alpha,human3,alpha,4.998768,2.1298018,4460,0.8196685314178467
10,beta,human3,beta,-10.0692,4.3291187,4461,0.9266591668128968
5,quiescent_stellate,human3,quiescent_stellate,4.5424366,16.385307,4462,2.3562798500061035
10,beta,human3,beta,-9.088301,3.606751,4463,0.5907191038131714
10,beta,human3,beta,-10.055216,4.4239445,4464,1.190003514289856
10,beta,human3,beta,-9.21295,5.034202,4465,0.5777947306632996
11,alpha,human3,alpha,5.6590195,2.3382823,4466,0.5162841081619263
11,alpha,human3,alpha,4.9156933,3.0398269,4467,1.0220974683761597
11,alpha,human3,alpha,5.395699,2.333629,4468,1.055319905281067
11,alpha,human3,alpha,4.8721166,2.8509257,4469,0.8815039396286011
4,acinar,human3,acinar,6.908795,-7.946321,4470,1.6613919734954834
10,beta,human3,beta,-10.093851,4.027176,4471,0.6371774077415466
4,acinar,human3,acinar,7.109893,-8.326916,4472,0.5043033361434937
11,alpha,human3,alpha,5.4295716,2.430926,4473,1.5969932079315186
2,ductal,human3,schwann,16.114939,-4.716931,4474,0.984194815158844
13,delta,human3,delta,-1.8061128,13.151458,4475,1.323291540145874
13,delta,human3,delta,-1.4666574,13.222671,4476,0.9499558210372924
10,beta,human3,beta,-10.333712,4.6190753,4477,0.8701874017715454
11,alpha,human3,alpha,5.2604356,2.0099173,4478,0.7100589275360107
11,alpha,human3,alpha,4.515468,3.4594069,4479,0.9972257018089294
6,activated_stellate,human3,activated_stellate,7.943212,10.396967,4480,2.4939630031585693
10,beta,human3,beta,-10.787085,4.4253106,4481,0.8794858455657959
10,beta,human3,beta,-10.611399,4.389819,4482,0.7793384790420532
8,endothelial,human3,endothelial,19.935482,1.1161255,4483,2.483129978179932
8,endothelial,human3,endothelial,19.618893,1.4594872,4484,2.6164839267730717
10,beta,human3,beta,-8.981582,3.766326,4485,1.103108525276184
11,alpha,human3,alpha,5.342802,3.1906471,4486,0.7351254820823669
2,ductal,human3,schwann,16.373398,-4.4490347,4487,1.3098455667495728
11,alpha,human3,alpha,4.1720576,2.9141567,4488,0.7007196545600891
11,alpha,human3,alpha,5.076558,2.4034078,4489,0.649997889995575
11,alpha,human3,alpha,4.5836034,3.7222102,4490,1.2289599180221558
8,endothelial,human3,endothelial,20.03122,0.99626213,4491,2.2430789470672607
11,alpha,human3,alpha,4.632587,3.3167555,4492,0.7711610198020935
11,alpha,human3,alpha,4.097435,2.7128282,4493,1.1390368938446045
10,beta,human3,beta,-10.93111,3.6477847,4494,1.0280214548110962
2,ductal,human3,schwann,16.179571,-4.46107,4495,1.0959984064102173
10,beta,human3,beta,-10.833035,3.8052337,4496,0.7257760763168335
10,beta,human3,beta,-10.22526,4.649395,4497,0.681493878364563
11,alpha,human3,alpha,5.252351,2.1764007,4498,1.4782716035842896
11,alpha,human3,alpha,4.310548,2.7572672,4499,0.7854058742523193
10,beta,human3,beta,-8.657812,3.6973984,4500,0.9593832492828368
2,ductal,human3,schwann,16.218685,-3.976159,4501,0.9928275942802428
5,quiescent_stellate,human3,quiescent_stellate,4.560258,16.389534,4502,2.0853443145751958
11,alpha,human3,alpha,5.107801,3.5791693,4503,1.9416677951812744
2,ductal,human3,schwann,15.570238,-4.510015,4504,1.194759488105774
10,beta,human3,beta,-9.308486,3.3923647,4505,0.9237454533576964
10,beta,human3,beta,-10.202269,3.467084,4506,0.7157586812973022
13,delta,human3,delta,-1.548595,13.180497,4507,0.9676997065544128
5,quiescent_stellate,human3,quiescent_stellate,5.000336,16.200644,4508,1.5321632623672483
13,delta,human3,delta,-1.4964814,13.356709,4509,0.8988755345344543
10,beta,human3,beta,-8.5796795,4.295456,4510,0.6763103008270264
2,ductal,human3,schwann,16.325716,-4.2132354,4511,0.8252173066139221
10,beta,human3,beta,-9.469453,3.355203,4512,0.8533305525779724
8,endothelial,human3,endothelial,19.755625,1.3428376,4513,2.4939630031585693
10,beta,human3,beta,-9.949057,4.2818146,4514,0.7041177153587341
8,endothelial,human3,endothelial,19.987936,1.05732,4515,1.9840351343154907
10,beta,human3,beta,-8.383893,4.011054,4516,0.6046174764633179
2,ductal,human3,schwann,16.447386,-4.315708,4517,1.5269246101379397
2,ductal,human3,schwann,15.593957,-4.5623937,4518,1.313281536102295
3,alpha,human3,mast,12.871504,16.377533,4519,1.0520609617233276
11,alpha,human3,alpha,5.1636157,3.3079937,4520,1.2644070386886597
1,gamma,human3,gamma,-0.79716194,20.177872,4521,1.2790855169296265
10,beta,human3,beta,-9.336696,3.438461,4522,0.5902897715568542
8,endothelial,human3,endothelial,19.264069,2.0606198,4523,2.8181042671203613
8,endothelial,human3,endothelial,19.41961,1.8581207,4524,2.838065385818481
10,beta,human3,beta,-10.221042,4.589789,4525,0.7249115705490112
11,alpha,human3,alpha,4.4269443,2.1511002,4526,1.4913716316223145
10,beta,human3,beta,-7.369405,3.6163564,4527,0.7577056884765625
10,beta,human3,beta,-10.871175,4.3995004,4528,1.3013110160827637
10,beta,human3,beta,-10.681265,3.3848648,4529,0.8070157766342163
10,beta,human3,beta,-9.513829,4.460983,4530,1.4544236660003662
2,ductal,human3,schwann,16.417143,-4.297829,4531,2.08703351020813
5,quiescent_stellate,human3,quiescent_stellate,5.1718564,16.09394,4532,1.4857444763183594
10,beta,human3,beta,-10.998059,4.0660305,4533,0.7626441121101379
11,alpha,human3,alpha,5.384293,2.8175876,4534,1.2663017511367798
10,beta,human3,beta,-9.492181,3.935449,4535,0.6836243271827698
11,alpha,human3,alpha,4.098276,3.082756,4536,0.6414861083030701
10,beta,human3,beta,-9.816764,4.6282725,4537,0.992703378200531
10,beta,human3,beta,-10.267021,4.9814534,4538,0.899598240852356
10,beta,human3,beta,-7.568426,3.5296419,4539,0.8578504323959351
10,beta,human3,beta,-8.595813,3.8950903,4540,0.6449117660522461
10,beta,human3,beta,-9.923654,4.129662,4541,0.6343488097190857
11,alpha,human3,alpha,4.7606,2.3840277,4542,1.272435188293457
10,beta,human3,beta,-10.696576,4.400329,4543,0.5829317569732666
8,endothelial,human3,endothelial,20.132843,0.8762011,4544,2.838065385818481
5,quiescent_stellate,human3,quiescent_stellate,5.040979,16.17737,4545,1.5486047267913818
10,beta,human3,beta,-10.95415,3.8399367,4546,1.1690858602523804
10,beta,human3,beta,-10.107692,3.401144,4547,0.7155760526657104
10,beta,human3,beta,-9.809269,4.075565,4548,1.1384133100509644
10,beta,human3,beta,-8.993088,3.6224391,4549,1.5705113410949707
5,quiescent_stellate,human3,quiescent_stellate,4.7525454,16.352318,4550,1.4344956874847412
8,endothelial,human3,endothelial,19.291523,2.0362134,4551,2.4823317527771
11,alpha,human3,alpha,4.163378,2.3680613,4552,1.5387732982635498
11,alpha,human3,alpha,3.7752361,2.7337778,4553,0.8655852675437927
10,beta,human3,beta,-9.888893,4.4546957,4554,0.6578409075737
2,ductal,human3,schwann,16.164015,-4.839992,4555,1.3232423067092896
8,endothelial,human3,endothelial,20.286186,0.67635983,4556,2.1302974224090576
8,endothelial,human3,endothelial,20.286463,0.6739516,4557,1.9595681428909304
4,acinar,human3,acinar,6.647083,-8.271778,4558,0.4044826030731201
4,acinar,human3,acinar,6.904099,-9.07333,4559,0.3857467472553253
4,acinar,human3,acinar,6.269003,-8.009405,4560,0.4590079486370086
4,acinar,human3,acinar,7.0326815,-9.355911,4561,0.3937355875968933
4,acinar,human3,acinar,6.490999,-8.185275,4562,0.6470160484313965
4,acinar,human3,acinar,6.6343336,-8.60832,4563,0.6696327328681946
4,acinar,human3,acinar,6.86353,-7.3991075,4564,1.4228445291519165
4,acinar,human3,acinar,6.6761336,-8.763869,4565,0.3845422863960266
4,acinar,human3,acinar,6.686571,-7.6938148,4566,0.4203940033912658
4,acinar,human3,acinar,6.295976,-8.799451,4567,0.4055941700935364
4,acinar,human3,acinar,6.4121222,-8.190612,4568,0.4584567248821258
4,acinar,human3,acinar,6.8111043,-9.269861,4569,0.5224294066429138
4,acinar,human3,acinar,6.5079823,-7.2926354,4570,0.4641772508621216
4,acinar,human3,acinar,6.7052402,-9.530517,4571,0.4871745407581329
4,acinar,human3,acinar,7.061988,-7.644007,4572,0.4563629925251007
13,delta,human3,delta,-2.1146345,13.353694,4573,0.8225075006484985
4,acinar,human3,acinar,7.083005,-8.877959,4574,0.3845422863960266
4,acinar,human3,acinar,6.29855,-8.374133,4575,0.8399670124053955
4,acinar,human3,acinar,7.111229,-8.54912,4576,0.3845422863960266
4,acinar,human3,acinar,6.5209165,-7.4587293,4577,0.5207079648971558
4,acinar,human3,acinar,7.0390916,-8.963775,4578,0.6436257362365723
4,acinar,human3,acinar,6.9776545,-7.5445523,4579,0.627231240272522
4,acinar,human3,acinar,7.193324,-8.234787,4580,0.6295937895774841
4,acinar,human3,acinar,6.7045264,-9.421311,4581,0.3950171768665313
4,acinar,human3,acinar,7.1081963,-7.3788705,4582,0.5229189395904541
4,acinar,human3,acinar,6.9587984,-7.5638604,4583,0.3872712254524231
4,acinar,human3,acinar,6.6323028,-7.263052,4584,0.4947927594184875
4,acinar,human3,acinar,6.8678493,-8.52152,4585,0.4555976092815399
4,acinar,human3,acinar,6.851944,-7.35062,4586,0.4502457678318023
10,beta,human3,beta,-7.781189,2.9300516,4587,0.6826374530792236
4,acinar,human3,acinar,6.6579103,-7.9227858,4588,0.3845422863960266
4,acinar,human3,acinar,6.7650332,-9.342303,4589,0.3845422863960266
4,acinar,human3,acinar,6.541823,-7.1415043,4590,0.3967733085155487
4,acinar,human3,acinar,6.9241276,-9.267082,4591,0.5689809918403625
4,acinar,human3,acinar,6.310242,-8.281939,4592,0.4868154227733612
4,acinar,human3,acinar,6.883353,-8.4299965,4593,2.094947338104248
4,acinar,human3,acinar,6.8996124,-8.475614,4594,0.4504878222942352
4,acinar,human3,acinar,6.618613,-9.477663,4595,0.4076946675777435
4,acinar,human3,acinar,7.223195,-8.53532,4596,0.3845422863960266
10,beta,human3,beta,-7.727628,4.604578,4597,0.6257648468017578
4,acinar,human3,acinar,6.9907618,-7.8980885,4598,0.4544321000576019
4,acinar,human3,acinar,6.6392884,-9.398556,4599,0.4014283716678619
4,acinar,human3,acinar,6.5585217,-7.885131,4600,0.7033677101135254
4,acinar,human3,acinar,6.863954,-8.28821,4601,0.3845422863960266
4,acinar,human3,acinar,7.183481,-7.5672894,4602,0.4505190253257751
4,acinar,human3,acinar,7.0390186,-9.688756,4603,0.4475398063659668
4,acinar,human3,acinar,6.9448247,-9.656242,4604,0.3933910727500915
4,acinar,human3,acinar,6.674459,-9.055653,4605,0.736204981803894
4,acinar,human3,acinar,6.7593913,-7.7828717,4606,0.5550045371055603
10,beta,human3,beta,-9.300171,4.337406,4607,0.8019001483917236
4,acinar,human3,acinar,6.974333,-9.237499,4608,0.795380175113678
4,acinar,human3,acinar,6.9210596,-9.367524,4609,0.4229060113430023
4,acinar,human3,acinar,6.4384193,-8.503808,4610,0.559043824672699
4,acinar,human3,acinar,6.3125,-8.442656,4611,0.4070866703987121
4,acinar,human3,acinar,7.2694054,-8.2178545,4612,0.4966892302036285
4,acinar,human3,acinar,6.8019276,-7.2277813,4613,0.4387390613555908
4,acinar,human3,acinar,7.384455,-8.180919,4614,0.4980684518814087
4,acinar,human3,acinar,6.454652,-7.8307786,4615,0.496278703212738
4,acinar,human3,acinar,6.41225,-8.095383,4616,0.5015005469322205
4,acinar,human3,acinar,7.0468884,-8.043028,4617,0.3845422863960266
4,acinar,human3,acinar,6.7968893,-8.213429,4618,0.5220365524291992
4,acinar,human3,acinar,6.6759343,-8.699765,4619,1.0605159997940063
4,acinar,human3,acinar,7.3305793,-8.033293,4620,0.5497603416442871
4,acinar,human3,acinar,7.066351,-7.9911714,4621,0.4237448275089264
10,beta,human3,beta,-7.6118646,2.8782384,4622,0.5894379615783691
13,delta,human3,delta,-1.682842,13.349416,4623,1.283167004585266
4,acinar,human3,acinar,6.276661,-7.70668,4624,0.4090708494186401
2,ductal,human3,schwann,15.517457,-4.5352435,4625,2.361757755279541
4,acinar,human3,acinar,7.0077295,-9.065862,4626,1.742919683456421
13,delta,human3,delta,-1.8292192,13.31674,4627,1.3637171983718872
4,acinar,human3,acinar,6.525311,-8.637601,4628,0.5296623706817627
4,acinar,human3,acinar,6.622786,-9.435015,4629,0.7798179388046265
4,acinar,human3,acinar,6.802179,-9.091321,4630,0.7934094667434692
4,acinar,human3,acinar,6.84113,-7.6308775,4631,1.0072100162506104
4,acinar,human3,acinar,6.353794,-8.1232815,4632,0.4384363889694214
4,acinar,human3,acinar,7.3252144,-8.227196,4633,0.6657818555831909
10,beta,human3,beta,-10.174116,4.1553106,4634,1.2299261093139648
7,acinar,human3,epsilon,-2.522921,-9.695705,4635,1.0450875759124756
4,acinar,human3,acinar,6.4993386,-7.229695,4636,0.4218465089797973
4,acinar,human3,acinar,7.166131,-7.7376065,4637,0.710548996925354
4,acinar,human3,acinar,6.405047,-8.956376,4638,0.4426241517066955
4,acinar,human3,acinar,7.3700566,-8.090441,4639,0.6721622347831726
4,acinar,human3,acinar,6.5044746,-8.045793,4640,0.4036988317966461
4,acinar,human3,acinar,6.600004,-8.672257,4641,0.4204709827899933
10,beta,human3,beta,-8.643435,4.3147035,4642,1.435744285583496
4,acinar,human3,acinar,6.8600173,-8.43672,4643,1.002649426460266
13,delta,human3,delta,-1.8044419,12.445641,4644,0.7917189002037048
4,acinar,human3,acinar,6.891963,-7.420706,4645,1.592705249786377
10,beta,human3,beta,-8.129813,4.8793488,4646,0.7030059695243835
4,acinar,human3,acinar,6.583708,-9.475878,4647,0.4706352353096008
4,acinar,human3,acinar,6.663166,-9.191379,4648,0.3891873657703399
13,delta,human3,delta,-2.0782409,13.211045,4649,0.9444122314453124
4,acinar,human3,acinar,6.9787474,-7.965864,4650,1.417582869529724
4,acinar,human3,acinar,6.9943733,-8.971515,4651,1.6124045848846436
13,delta,human3,delta,-1.9675449,12.488788,4652,0.6097890138626099
4,acinar,human3,acinar,6.8789935,-9.094118,4653,0.5352071523666382
4,acinar,human3,acinar,7.3562613,-8.376136,4654,0.7509335279464722
4,acinar,human3,acinar,6.9475875,-9.777709,4655,0.6809641718864441
4,acinar,human3,acinar,6.4519715,-8.455192,4656,0.5726013779640198
4,acinar,human3,acinar,7.3347197,-7.7434106,4657,0.4525643587112427
4,acinar,human3,acinar,6.229656,-8.857928,4658,0.6487958431243896
4,acinar,human3,acinar,7.2653,-8.00096,4659,0.4590240716934204
13,delta,human3,delta,-1.3704584,13.701491,4660,1.050234079360962
4,acinar,human3,acinar,6.6911855,-8.231519,4661,1.0810060501098633
4,acinar,human3,acinar,6.963475,-8.0186615,4662,1.292182207107544
10,beta,human3,beta,-7.2725387,4.111654,4663,1.214008331298828
4,acinar,human3,acinar,6.86032,-7.266177,4664,0.3845422863960266
4,acinar,human3,acinar,6.49789,-7.4604273,4665,0.4321171641349792
4,acinar,human3,acinar,6.4006295,-8.227815,4666,0.7988066673278809
4,acinar,human3,acinar,6.724584,-8.623004,4667,2.307555675506592
11,alpha,human3,alpha,5.54648,2.9392195,4668,0.6206983923912048
4,acinar,human3,acinar,7.0091166,-9.708181,4669,0.6040798425674438
10,beta,human3,beta,-6.855946,4.043512,4670,0.531271755695343
11,alpha,human3,alpha,4.91931,2.9901905,4671,0.7131128907203674
4,acinar,human3,acinar,6.609321,-7.3299527,4672,0.5344774127006531
4,acinar,human3,acinar,6.779652,-7.9497013,4673,0.3850064873695373
4,acinar,human3,acinar,6.299875,-8.087152,4674,0.8615127205848694
4,acinar,human3,acinar,7.3135896,-8.749622,4675,0.5218515992164612
4,acinar,human3,acinar,6.6448665,-9.409744,4676,0.6216571927070618
4,acinar,human3,acinar,6.95311,-8.6635275,4677,1.402697205543518
1,gamma,human3,gamma,-0.724708,20.027025,4678,1.7428154945373535
2,ductal,human3,schwann,15.802503,-4.70765,4679,2.240983009338379
4,acinar,human3,acinar,6.5092483,-9.319662,4680,0.4537401795387268
4,acinar,human3,acinar,6.6549416,-8.374213,4681,0.5355694890022278
4,acinar,human3,acinar,7.356396,-8.311103,4682,0.4567242264747619
4,acinar,human3,acinar,6.8125687,-9.138907,4683,0.3845422863960266
4,acinar,human3,acinar,6.7378654,-6.888194,4684,0.4915885031223297
2,ductal,human3,schwann,16.22821,-4.5524206,4685,1.471260666847229
4,acinar,human3,acinar,6.4304657,-8.524427,4686,0.3845422863960266
4,acinar,human3,acinar,6.823075,-8.419042,4687,0.3894857168197632
13,delta,human3,delta,-2.275808,12.856507,4688,0.450937956571579
10,beta,human3,beta,-9.40154,4.608756,4689,0.6474103927612305
11,alpha,human3,alpha,4.647394,3.3673635,4690,0.8031413555145264
4,acinar,human3,acinar,6.982432,-9.849132,4691,0.3845422863960266
4,acinar,human3,acinar,6.8680825,-8.884394,4692,0.4371780157089233
13,delta,human3,delta,-1.9560822,12.526005,4693,0.634228527545929
10,beta,human3,beta,-8.031101,3.1345358,4694,0.6996250748634338
4,acinar,human3,acinar,6.1497693,-8.510509,4695,0.7269487977027893
10,beta,human3,beta,-8.76368,4.9787583,4696,0.8020309209823608
4,acinar,human3,acinar,6.532295,-7.357244,4697,0.3901264369487762
2,ductal,human3,schwann,16.063131,-4.31218,4698,1.448470950126648
4,alpha,human3,acinar,6.827934,-6.9624124,4699,2.0357797145843506
2,ductal,human3,schwann,16.09944,-4.2043805,4700,1.306718111038208
10,beta,human3,beta,-7.0223455,3.8884695,4701,0.5449564456939697
11,alpha,human3,alpha,5.3421474,3.2880218,4702,0.6187186241149902
10,beta,human3,beta,-8.755486,3.6303248,4703,0.5480451583862305
11,alpha,human3,alpha,5.3157296,2.6776164,4704,0.5102307200431824
4,acinar,human3,acinar,6.5155606,-8.940634,4705,0.4795491397380829
13,delta,human3,delta,-1.8870912,13.437076,4706,0.8718856573104858
10,beta,human3,beta,-9.371298,3.948708,4707,1.2091026306152344
10,beta,human3,beta,-7.5823812,4.1978345,4708,0.9169412851333618
11,alpha,human3,alpha,4.9302945,3.2126439,4709,0.632896900177002
10,beta,human3,beta,-7.679629,4.0108237,4710,0.8284993767738342
11,alpha,human3,alpha,4.8210635,3.200473,4711,0.7197354435920715
13,delta,human3,delta,-1.3509636,12.510996,4712,0.9160958528518676
11,alpha,human3,alpha,4.7323127,2.95175,4713,0.9714359045028688
10,beta,human3,beta,-10.408312,4.2843256,4714,0.7165176868438721
4,acinar,human3,acinar,6.305671,-8.755482,4715,0.3845422863960266
4,acinar,human3,acinar,6.492789,-8.960378,4716,0.3845422863960266
7,acinar,human3,epsilon,-2.273474,-9.9196415,4717,2.094947338104248
2,ductal,human3,schwann,16.229914,-4.321724,4718,1.0043599605560305
2,ductal,human3,schwann,16.057526,-4.75876,4719,0.9402063488960266
10,beta,human3,beta,-9.386072,2.772917,4720,0.8060876727104187
4,acinar,human3,acinar,6.4691925,-9.27475,4721,0.3899721205234527
13,delta,human3,delta,-2.1131756,12.676285,4722,0.844266951084137
10,beta,human3,beta,-9.703769,4.1469083,4723,0.5205104351043701
1,gamma,human3,gamma,-0.6962227,20.05275,4724,1.4588159322738647
4,acinar,human3,acinar,6.8750563,-9.245529,4725,0.479715883731842
10,beta,human3,beta,-9.872523,4.2843904,4726,1.2245244979858398
10,beta,human3,beta,-9.09747,2.7525744,4727,0.7611550092697144
4,acinar,human3,acinar,6.756342,-9.439499,4728,0.5106322169303894
4,acinar,human3,acinar,7.481254,-7.910857,4729,1.6425659656524658
11,alpha,human3,alpha,4.6169343,3.0504534,4730,1.0406298637390137
4,acinar,human3,acinar,6.4684453,-7.773629,4731,0.3845422863960266
10,beta,human3,beta,-8.903332,3.7965293,4732,1.3378612995147705
11,alpha,human3,alpha,4.3855567,2.2616615,4733,0.7415207028388977
10,beta,human3,beta,-8.726363,4.0467253,4734,0.7454943656921387
11,alpha,human3,alpha,4.269507,2.6841526,4735,0.6756994724273682
1,gamma,human3,gamma,-0.6892026,20.258438,4736,1.9563877582550049
4,acinar,human3,acinar,7.072486,-7.5589123,4737,0.8094190359115601
11,alpha,human3,alpha,4.6547217,3.3975115,4738,1.5776573419570925
10,beta,human3,beta,-9.735704,4.0228486,4739,0.5916017293930054
4,acinar,human3,acinar,7.1849275,-7.925801,4740,0.6318570971488953
4,acinar,human3,acinar,6.7171516,-9.649898,4741,0.6037386059761047
13,delta,human3,delta,-1.472993,13.378537,4742,0.9416765570640564
11,alpha,human3,alpha,5.0250688,2.37231,4743,0.7203093767166138
7,ductal,human3,epsilon,-2.4230976,-9.762917,4744,1.352443814277649
13,delta,human3,delta,-2.0844684,13.165179,4745,0.920261561870575
13,delta,human3,delta,-1.6171899,12.818333,4746,0.7761157751083374
11,alpha,human3,alpha,4.7440124,2.8503141,4747,0.7734687924385071
2,ductal,human3,schwann,15.842231,-4.5201154,4748,1.866637706756592
10,beta,human3,beta,-10.977897,4.185716,4749,1.1862289905548096
10,beta,human3,beta,-6.99647,3.7125678,4750,0.9504915475845336
13,delta,human3,delta,-1.4124817,13.364057,4751,0.7899060249328613
11,alpha,human3,alpha,5.3919168,2.8346891,4752,0.5830349922180176
10,beta,human3,beta,-8.944818,4.4692097,4753,0.9593575596809388
11,alpha,human3,alpha,5.243944,2.8936937,4754,0.7538388967514038
10,beta,human3,beta,-9.33924,3.4886026,4755,1.4770945310592651
4,acinar,human3,acinar,6.811768,-7.7066016,4756,0.6862937808036804
10,beta,human3,beta,-7.943581,4.7623425,4757,0.5364287495613098
4,acinar,human3,acinar,7.025711,-8.328984,4758,0.8053014874458313
11,alpha,human3,alpha,5.5752664,2.5192187,4759,0.7921143770217896
10,beta,human3,beta,-9.087305,3.722003,4760,0.5903752446174622
10,beta,human3,beta,-9.111264,3.7469702,4761,0.7287479639053345
11,alpha,human3,alpha,5.3279147,3.175681,4762,0.8902075290679932
4,beta,human3,acinar,6.8736925,-8.072172,4763,1.2653037309646606
4,acinar,human3,acinar,6.8696046,-8.709738,4764,1.041090965270996
2,ductal,human3,schwann,16.385786,-4.3591657,4765,1.2139599323272705
2,ductal,human3,schwann,16.27348,-4.7162113,4766,1.5887702703475952
10,beta,human3,beta,-9.067479,4.1407943,4767,1.016044020652771
11,alpha,human3,alpha,4.4903245,2.3073099,4768,0.9008103609085084
11,alpha,human3,alpha,4.54599,2.9591236,4769,0.6577852368354797
4,acinar,human3,acinar,7.0658035,-7.596726,4770,0.6253542304039001
4,acinar,human3,acinar,6.7376847,-7.899064,4771,0.5945363640785217
1,gamma,human3,gamma,-0.88903075,20.35823,4772,2.099022626876831
11,alpha,human3,alpha,4.5015845,2.7237332,4773,0.907152771949768
11,alpha,human3,alpha,3.8959076,2.6510837,4774,1.1917275190353394
4,acinar,human3,acinar,6.2372713,-7.9597607,4775,0.4882350862026214
10,beta,human3,beta,-8.539692,4.8557134,4776,0.6527724862098694
13,delta,human3,delta,-1.9671823,12.721672,4777,1.127055525779724
11,alpha,human3,alpha,4.6128974,2.0643775,4778,0.8925062417984009
2,ductal,human3,schwann,15.713326,-4.6617603,4779,1.6162323951721191
13,delta,human3,delta,-1.8076872,13.084511,4780,1.3618236780166626
2,ductal,human3,schwann,16.004395,-4.5962906,4781,1.091303467750549
13,delta,human3,delta,-1.8401672,13.595065,4782,0.8799838423728943
4,acinar,human3,acinar,6.699436,-8.837317,4783,0.4312780499458313
2,ductal,human3,schwann,16.130877,-4.6890645,4784,1.646768569946289
4,acinar,human3,acinar,6.984668,-9.534115,4785,0.4711667001247406
4,acinar,human3,acinar,6.5392146,-9.324765,4786,0.96635901927948
10,beta,human3,beta,-7.251043,3.8301349,4787,1.1735186576843262
11,alpha,human3,alpha,5.2936954,2.402966,4788,0.4797764718532562
2,ductal,human3,schwann,15.995092,-4.6524544,4789,0.9754742980003356
10,beta,human3,beta,-10.284153,3.3994133,4790,0.6054723858833313
10,beta,human3,beta,-10.30541,4.8082237,4791,0.5522075891494751
4,acinar,human3,acinar,6.742427,-8.576899,4792,0.5142272114753723
11,alpha,human3,alpha,5.085386,3.1940637,4793,0.8294870853424072
4,acinar,human3,acinar,6.8518653,-9.78004,4794,0.41132652759552
11,alpha,human3,alpha,5.4695897,3.1680682,4795,0.677654504776001
6,activated_stellate,human3,activated_stellate,7.8062286,10.16991,4796,1.966042280197144
11,alpha,human3,alpha,5.2582603,2.6558177,4797,0.8071727752685547
2,ductal,human3,schwann,16.219444,-4.7402735,4798,2.126256465911865
10,beta,human3,beta,-8.047008,3.0615625,4799,0.9778640866279602
11,alpha,human3,alpha,4.560746,3.199801,4800,1.4247671365737915
10,beta,human3,beta,-8.855176,3.0131094,4801,0.7148647904396057
13,delta,human3,delta,-1.7910274,12.699608,4802,1.042506217956543
11,alpha,human3,alpha,5.084689,3.3777668,4803,0.6264165043830872
4,acinar,human3,acinar,6.2346735,-8.502623,4804,0.8025453686714172
11,alpha,human3,alpha,5.2954187,2.469805,4805,0.6290242075920105
10,beta,human3,beta,-7.332078,3.7880409,4806,1.675723433494568
11,alpha,human3,alpha,4.988754,2.8116834,4807,1.4505466222763062
11,alpha,human3,alpha,4.6989603,2.809657,4808,0.9956150650978088
6,activated_stellate,human3,activated_stellate,7.689111,10.668688,4809,1.608275294303894
2,ductal,human3,schwann,15.8983,-4.4795213,4810,1.2195693254470823
4,acinar,human3,acinar,7.1905556,-8.547105,4811,1.898399353027344
11,alpha,human3,alpha,4.684441,2.7715037,4812,0.6648553609848022
11,alpha,human3,alpha,5.0342984,2.333636,4813,0.8305403590202332
4,acinar,human3,acinar,6.6370673,-8.194796,4814,0.9580624103546144
11,alpha,human3,alpha,4.9248123,2.8594775,4815,0.7575057148933411
10,beta,human3,beta,-9.528679,3.6439548,4816,1.8409504890441892
4,acinar,human3,acinar,6.763555,-9.434859,4817,0.7185074687004089
10,beta,human3,beta,-9.960172,4.720022,4818,0.5118038058280945
2,ductal,human3,schwann,16.093756,-4.085055,4819,1.2935006618499756
10,beta,human3,beta,-9.066339,4.000014,4820,1.8474321365356443
13,delta,human3,delta,-1.7944989,13.160689,4821,0.9560427665710448
10,beta,human3,beta,-8.591606,3.4661145,4822,0.6351165771484375
4,acinar,human3,acinar,6.9910913,-7.699865,4823,0.822355329990387
4,acinar,human3,acinar,6.531975,-8.1330385,4824,0.6427509188652039
4,acinar,human3,acinar,6.780543,-8.768955,4825,0.4779030084609985
4,acinar,human3,acinar,6.654999,-8.697535,4826,1.4253450632095337
4,acinar,human3,acinar,6.8922515,-8.117719,4827,0.963747501373291
6,activated_stellate,human3,activated_stellate,7.627099,10.315371,4828,1.863450288772583
4,acinar,human3,acinar,6.8288746,-7.6476765,4829,0.4877192378044128
10,beta,human3,beta,-10.601262,3.6015897,4830,1.1385740041732788
2,ductal,human3,schwann,16.211414,-4.5330234,4831,1.303902268409729
11,alpha,human3,alpha,4.7024903,3.16276,4832,0.7269724607467651
10,beta,human3,beta,-9.049424,4.3585615,4833,1.0538904666900637
4,acinar,human3,acinar,6.690381,-7.7216506,4834,0.5504505038261414
10,beta,human3,beta,-9.551059,3.644751,4835,0.7792994976043701
10,beta,human3,beta,-8.427217,2.9762573,4836,1.0787310600280762
4,acinar,human3,acinar,7.184428,-8.264801,4837,2.01226806640625
2,ductal,human3,schwann,16.009596,-4.396439,4838,1.069291114807129
10,beta,human3,beta,-8.3295355,3.7611544,4839,0.5679080486297607
4,acinar,human3,acinar,7.2791433,-8.233962,4840,0.6967831254005432
10,beta,human3,beta,-7.4901733,3.9452212,4841,0.6155651807785034
10,beta,human3,beta,-9.30268,4.3296795,4842,1.4660837650299072
11,alpha,human3,alpha,3.914669,3.1030984,4843,0.4959229230880737
10,beta,human3,beta,-9.192856,4.080649,4844,0.808132529258728
11,alpha,human3,alpha,5.3065066,3.2892733,4845,0.7325315475463867
2,ductal,human3,schwann,16.323097,-4.1338615,4846,1.0690460205078125
11,alpha,human3,alpha,4.5175095,2.6271474,4847,0.6078283786773682
4,acinar,human3,acinar,6.4225082,-8.693502,4848,1.5433292388916016
11,alpha,human3,alpha,5.094433,2.6883156,4849,0.6727403402328491
2,ductal,human3,schwann,16.087122,-4.313012,4850,1.050476312637329
6,activated_stellate,human3,activated_stellate,7.8967443,10.401741,4851,2.027346611022949
11,alpha,human3,alpha,5.1863513,2.216127,4852,0.8084796071052551
11,alpha,human3,alpha,5.237831,2.274239,4853,1.9215593338012693
2,ductal,human3,schwann,16.037874,-4.343999,4854,0.9408461451530457
4,acinar,human3,acinar,6.9006543,-7.8023286,4855,0.4281415045261383
4,acinar,human3,acinar,6.4491405,-8.123485,4856,0.3845422863960266
4,acinar,human3,acinar,6.586684,-7.039811,4857,0.6306584477424622
11,alpha,human3,alpha,4.8046722,2.7110138,4858,3.586226224899292
11,alpha,human3,alpha,5.1429462,3.049,4859,0.8404647707939148
11,alpha,human3,alpha,4.9667306,2.684616,4860,0.6184750199317932
10,beta,human3,beta,-6.9481974,3.8999584,4861,0.5621726512908936
11,alpha,human3,alpha,4.6628857,3.1025655,4862,0.6862640380859375
10,beta,human3,beta,-9.4795685,4.775806,4863,0.6125165820121765
11,alpha,human3,alpha,4.2483935,2.4077504,4864,2.211979627609253
10,beta,human3,beta,-10.654574,3.261635,4865,1.659618258476257
10,beta,human3,beta,-10.130716,3.3055801,4866,0.6549058556556702
11,alpha,human3,alpha,4.5769205,3.7079413,4867,2.188772439956665
13,delta,human3,delta,-2.2519755,13.212509,4868,0.3929028213024139
11,alpha,human3,alpha,5.364073,2.764759,4869,0.5939545035362244
11,alpha,human3,alpha,5.7685356,2.356297,4870,0.908754825592041
11,alpha,human3,alpha,4.916466,2.9636517,4871,1.380947470664978
2,ductal,human3,schwann,16.2802,-4.75196,4872,1.3825759887695312
2,ductal,human3,schwann,16.51113,-4.312146,4873,0.901342272758484
13,delta,human3,delta,-1.9374231,13.022128,4874,1.0728169679641724
11,alpha,human3,alpha,4.366481,2.5987916,4875,1.1026849746704102
2,ductal,human3,schwann,16.641548,-4.550775,4876,3.4963037967681885
2,ductal,human3,schwann,15.732003,-4.6251903,4877,1.162932515144348
11,alpha,human3,alpha,4.168941,2.8020728,4878,0.5908676385879517
11,alpha,human3,alpha,4.4818993,3.2291946,4879,0.6477269530296326
2,ductal,human3,schwann,15.7904005,-4.521619,4880,3.588205099105835
4,acinar,human3,acinar,6.249581,-8.083827,4881,0.5377697348594666
10,beta,human3,beta,-8.9159565,3.013492,4882,0.6472364068031311
10,beta,human3,beta,-7.883018,4.422438,4883,0.6306211352348328
11,alpha,human3,alpha,4.4666643,2.456116,4884,1.2375175952911377
11,alpha,human3,alpha,4.3431673,2.5444565,4885,1.1981383562088013
11,alpha,human3,alpha,5.0072236,2.0277274,4886,0.8722400069236755
11,alpha,human3,alpha,5.261293,2.1849022,4887,0.5359195470809937
10,beta,human3,beta,-8.621849,3.8187914,4888,0.9420180320739746
10,beta,human3,beta,-10.159124,3.2948482,4889,1.0396273136138916
2,ductal,human3,schwann,16.260141,-4.417085,4890,1.8568931818008425
4,acinar,human3,acinar,6.3471656,-8.355395,4891,0.6660051941871643
10,beta,human3,beta,-8.316477,3.7083454,4892,0.6334981322288513
10,beta,human3,beta,-9.502986,3.8101215,4893,0.9374396800994872
11,alpha,human3,alpha,4.953102,2.6916263,4894,0.7622493505477905
11,alpha,human3,alpha,4.7285814,2.2944682,4895,0.8013865947723389
10,beta,human3,beta,-8.505011,3.441975,4896,0.8507668972015381
2,ductal,human3,schwann,16.149858,-4.163433,4897,0.955599009990692
10,ductal,human3,beta,-8.696518,4.366084,4898,1.9371757507324217
10,beta,human3,beta,-9.321223,4.8005047,4899,0.7268494367599487
2,ductal,human3,schwann,16.146357,-4.7677546,4900,1.2975339889526367
6,activated_stellate,human3,activated_stellate,7.5159063,10.167872,4901,1.885069727897644
2,ductal,human3,schwann,16.055029,-4.1401715,4902,1.0242985486984253
10,beta,human3,beta,-10.020246,3.5099266,4903,1.2448478937149048
10,beta,human3,beta,-10.223248,4.9962926,4904,0.6765232682228088
11,alpha,human3,alpha,5.482019,3.1892183,4905,1.344499588012695
11,alpha,human3,alpha,5.2520804,2.9404826,4906,1.167874813079834
11,alpha,human3,alpha,4.844158,2.6709359,4907,1.1147830486297607
10,beta,human3,beta,-8.045264,4.4099917,4908,0.5792975425720215
10,beta,human3,beta,-9.589188,2.9128163,4909,0.8096022605895996
11,alpha,human3,alpha,3.9222271,3.052716,4910,0.8182625770568848
10,beta,human3,beta,-10.71941,4.1289554,4911,1.237262487411499
10,beta,human3,beta,-10.317693,4.681316,4912,0.6921069622039795
11,alpha,human3,alpha,4.800687,2.9317737,4913,1.7744626998901367
11,alpha,human3,alpha,4.295501,3.035709,4914,0.898056149482727
10,beta,human3,beta,-8.758765,3.6562572,4915,0.5573093295097351
4,acinar,human3,acinar,7.312403,-8.0356045,4916,0.5245680809020996
11,alpha,human3,alpha,5.2175097,2.3603156,4917,0.7268868088722229
10,beta,human3,beta,-8.628092,4.163659,4918,1.2377017736434937
11,alpha,human3,alpha,5.4179025,2.2651024,4919,2.045661687850952
11,alpha,human3,alpha,4.631777,3.2742476,4920,0.979003369808197
11,alpha,human3,alpha,4.431782,2.2593071,4921,0.6689053773880005
11,alpha,human3,alpha,4.364555,3.003886,4922,0.5344536900520325
10,beta,human3,beta,-7.198931,3.5618176,4923,0.8139153718948364
10,beta,human3,beta,-9.15167,5.163306,4924,0.6185739040374756
6,activated_stellate,human3,activated_stellate,7.6342607,10.135813,4925,1.8510619401931765
10,beta,human3,beta,-7.609773,4.4339633,4926,0.8047679662704468
6,activated_stellate,human3,activated_stellate,7.6123495,10.619167,4927,1.6861659288406372
10,beta,human3,beta,-7.685414,4.888059,4928,0.9024770855903624
11,alpha,human3,alpha,5.1402435,2.5836327,4929,1.2229220867156982
8,endothelial,human3,endothelial,19.99354,1.0483736,4930,2.237020254135132
4,acinar,human3,acinar,6.945015,-9.18775,4931,0.6090128421783447
2,ductal,human3,schwann,15.820252,-4.490568,4932,1.2254245281219482
11,alpha,human3,alpha,4.8907976,2.9481528,4933,0.7975679636001587
11,alpha,human3,alpha,4.114622,3.3275409,4934,0.51396644115448
11,alpha,human3,alpha,4.560049,3.63441,4935,1.477451205253601
2,ductal,human3,schwann,16.030588,-4.66693,4936,1.2223553657531738
1,gamma,human3,gamma,-0.64932984,20.27036,4937,1.4898451566696167
10,beta,human3,beta,-9.884162,4.3482485,4938,0.9376148581504822
10,beta,human3,beta,-8.513045,2.9915884,4939,0.8544287085533142
2,ductal,human3,schwann,15.814585,-4.657865,4940,1.1990371942520142
4,acinar,human3,acinar,7.00268,-8.343249,4941,0.6371799111366272
11,alpha,human3,alpha,4.983358,2.8659298,4942,0.5439328551292419
13,delta,human3,delta,-1.839415,12.546084,4943,1.045050024986267
13,delta,human3,delta,-1.8784906,13.134947,4944,1.1443907022476196
10,beta,human3,beta,-8.9795475,3.392981,4945,1.5122101306915283
11,alpha,human3,alpha,4.433287,2.1774406,4946,2.256742477416992
10,beta,human3,beta,-9.691834,4.2494445,4947,0.9800999760627748
2,ductal,human3,schwann,16.24471,-4.5072694,4948,0.9974548816680908
11,alpha,human3,alpha,5.3036036,2.058168,4949,0.8850257992744446
11,alpha,human3,alpha,4.651459,3.1312025,4950,0.6280236840248108
12,ductal,human3,ductal,13.983851,5.106671,4951,1.7182140350341797
11,alpha,human3,alpha,4.8056235,3.0636547,4952,0.5674704313278198
4,acinar,human3,acinar,6.775523,-8.489354,4953,0.3845422863960266
11,alpha,human3,alpha,4.992375,3.070102,4954,0.7957288026809692
2,ductal,human3,schwann,15.952819,-4.655281,4955,0.742456316947937
2,ductal,human3,schwann,16.18248,-4.2030296,4956,0.9167857766151428
11,alpha,human3,alpha,3.7848923,2.7922738,4957,0.6211812496185303
11,alpha,human3,alpha,5.5101004,2.7782946,4958,0.5684922933578491
2,ductal,human3,schwann,15.885614,-4.551317,4959,1.1615386009216309
4,acinar,human3,acinar,6.8598657,-7.0906153,4960,1.104673147201538
11,alpha,human3,alpha,4.9379044,3.186346,4961,0.6844419240951538
11,alpha,human3,alpha,5.905038,2.5804672,4962,0.8413245677947998
2,ductal,human3,schwann,16.017805,-4.7058477,4963,1.4602195024490356
11,alpha,human3,alpha,4.530751,3.7235324,4964,0.6236172914505005
11,alpha,human3,alpha,5.7820067,2.9873438,4965,1.7145812511444092
2,ductal,human3,schwann,16.035788,-4.2412467,4966,0.8432953357696533
11,alpha,human3,alpha,4.92366,2.1839933,4967,0.8503570556640625
4,acinar,human3,acinar,6.882567,-7.9547915,4968,0.3845422863960266
10,beta,human3,beta,-9.312776,3.3271403,4969,0.9179896116256714
10,beta,human3,beta,-9.732493,4.330538,4970,1.106477975845337
2,ductal,human3,schwann,15.910711,-4.416575,4971,1.267859697341919
11,alpha,human3,alpha,5.868862,2.568336,4972,1.1043556928634644
6,activated_stellate,human3,activated_stellate,7.7440543,10.592719,4973,1.7864134311676023
2,ductal,human3,schwann,16.165503,-4.1849537,4974,0.97550630569458
10,beta,human3,beta,-9.443416,4.0015473,4975,1.4663890600204468
10,beta,human3,beta,-8.123668,4.138885,4976,0.6402503252029419
11,alpha,human3,alpha,4.6817575,2.9553146,4977,0.9010052680969238
4,acinar,human3,acinar,7.0748153,-8.0624,4978,0.848549485206604
10,beta,human3,beta,-7.601728,3.0770829,4979,0.6875119209289551
11,alpha,human3,alpha,4.469163,2.1913476,4980,1.2401214838027954
11,alpha,human3,alpha,4.4319973,2.4064958,4981,0.6151650547981262
11,alpha,human3,alpha,4.506176,3.6676612,4982,2.1332430839538574
4,acinar,human3,acinar,6.4056597,-8.035753,4983,0.4726989865303039
11,alpha,human3,alpha,4.821529,2.612579,4984,0.6453597545623779
10,beta,human3,beta,-8.889869,3.982087,4985,2.071075916290283
8,endothelial,human3,endothelial,20.030792,1.0175846,4986,2.1319820880889893
11,alpha,human3,alpha,4.4091616,2.7910411,4987,0.9055608510971068
11,alpha,human3,alpha,4.601068,2.6862078,4988,0.7636640071868896
1,gamma,human3,gamma,-0.89450014,20.332277,4989,2.2432684898376465
11,alpha,human3,alpha,4.969631,2.633958,4990,1.3895604610443115
10,beta,human3,beta,-8.929042,4.1193404,4991,1.3489952087402344
10,beta,human3,beta,-7.775526,3.2858841,4992,0.5818516612052917
2,ductal,human3,schwann,15.637213,-4.5815215,4993,1.07494854927063
13,delta,human3,delta,-2.000613,13.033908,4994,1.4981608390808103
10,beta,human3,beta,-8.268497,4.008081,4995,0.6694042086601257
10,beta,human3,beta,-10.835847,3.4481936,4996,0.624153733253479
11,alpha,human3,alpha,4.3102617,2.0219886,4997,0.8194751143455505
6,activated_stellate,human3,activated_stellate,7.4910007,10.627433,4998,1.8095991611480715
11,alpha,human3,alpha,5.074072,2.8910625,4999,0.6723425388336182
10,beta,human3,beta,-8.15449,2.9425826,5000,0.8606186509132385
11,alpha,human3,alpha,5.7562757,2.1376464,5001,1.0888859033584597
4,acinar,human3,acinar,7.0730114,-9.697853,5002,0.4278817772865295
11,alpha,human3,alpha,4.3807483,2.5136573,5003,0.8919743299484253
11,alpha,human3,alpha,5.2829895,3.1453464,5004,0.7563267946243286
11,alpha,human3,alpha,4.6814356,2.16252,5005,0.9213178157806396
11,alpha,human3,alpha,4.7829475,3.652443,5006,1.0399116277694702
10,beta,human3,beta,-7.786161,3.6755586,5007,0.9190892577171326
11,alpha,human3,alpha,3.8997025,2.57517,5008,0.6708201169967651
11,alpha,human3,alpha,5.660898,2.5671504,5009,0.6482977271080017
4,acinar,human3,acinar,6.75258,-7.042377,5010,0.518256425857544
10,beta,human3,beta,-7.703301,4.216774,5011,0.8115934729576111
11,alpha,human3,alpha,5.522358,2.3448372,5012,0.5022135376930237
11,alpha,human3,alpha,5.538243,2.2911177,5013,0.9970616698265076
11,alpha,human3,alpha,5.1134324,3.3836226,5014,0.6069284081459045
2,ductal,human3,schwann,16.036333,-4.2050886,5015,1.015249252319336
2,ductal,human3,schwann,16.41216,-4.5568924,5016,3.588205099105835
2,ductal,human3,schwann,15.670544,-4.5388374,5017,3.588205099105835
6,activated_stellate,human3,activated_stellate,7.785915,9.842678,5018,1.9413121938705444
5,acinar,human3,quiescent_stellate,4.8527513,16.20754,5019,2.460810422897339
11,alpha,human3,alpha,4.8570313,2.677766,5020,0.6057723164558411
10,beta,human3,beta,-10.853938,3.5598454,5021,0.8132296204566956
10,beta,human3,beta,-9.877677,3.7887714,5022,0.984489679336548
4,acinar,human3,acinar,6.3333488,-9.111977,5023,0.5834934115409851
11,alpha,human3,alpha,4.092463,2.5333111,5024,0.6195013523101807
11,alpha,human3,alpha,4.0699553,3.2034428,5025,0.6293416619300842
4,acinar,human3,acinar,6.6567583,-7.1152906,5026,0.7118362188339233
11,alpha,human3,alpha,5.0911083,2.6291995,5027,0.7875039577484131
11,alpha,human3,alpha,4.5395236,2.8382506,5028,1.3702967166900637
4,acinar,human3,acinar,6.3463063,-8.4848,5029,1.0695770978927612
4,acinar,human3,acinar,7.4591203,-8.433181,5030,0.6559715867042542
4,acinar,human3,acinar,6.559868,-8.340389,5031,0.4774698615074157
10,delta,human3,beta,-8.695616,4.105672,5032,1.5121759176254272
2,ductal,human3,schwann,16.4141,-4.153924,5033,1.49212384223938
4,acinar,human3,acinar,7.0605607,-9.559841,5034,0.4675981104373932
11,alpha,human3,alpha,4.084098,3.2113273,5035,0.6799216866493225
1,alpha,human3,gamma,-0.6560092,20.04837,5036,0.854952335357666
11,alpha,human3,alpha,4.0107265,3.325498,5037,0.5995213389396667
4,acinar,human3,acinar,7.4776115,-8.561985,5038,0.4204890727996826
11,alpha,human3,alpha,4.520201,2.6476185,5039,0.6591230630874634
11,alpha,human3,alpha,4.2741523,2.8776252,5040,0.6983601450920105
11,alpha,human3,alpha,4.8456016,3.5205066,5041,1.0244959592819214
11,alpha,human3,alpha,4.839298,3.1851218,5042,2.756685256958008
4,acinar,human3,acinar,6.912696,-8.634761,5043,0.4172456562519073
11,alpha,human3,alpha,4.442321,3.0239222,5044,0.5644500851631165
11,alpha,human3,alpha,5.189174,2.7320158,5045,0.6101705431938171
11,alpha,human3,alpha,4.875881,3.2389257,5046,0.7255719304084778
10,beta,human3,beta,-8.294209,3.259542,5047,1.0339230298995972
4,acinar,human3,acinar,7.0113173,-8.580933,5048,0.5627558827400208
6,activated_stellate,human3,activated_stellate,7.675575,10.163511,5049,1.7990552186965942
11,alpha,human3,alpha,5.5805426,2.7741032,5050,0.6093518733978271
5,quiescent_stellate,human3,quiescent_stellate,4.968419,16.186983,5051,2.1370766162872314
11,alpha,human3,alpha,4.7338653,1.8770893,5052,0.493993878364563
11,alpha,human3,alpha,5.356354,3.0689754,5053,0.7011900544166565
4,acinar,human3,acinar,7.22518,-9.098644,5054,0.5084416270256042
11,alpha,human3,alpha,4.8632536,3.0936294,5055,0.9755396246910096
10,beta,human3,beta,-7.714684,3.128869,5056,0.6375917196273804
11,alpha,human3,alpha,4.783755,2.2185128,5057,0.9397233128547668
11,alpha,human3,alpha,5.137473,2.7698026,5058,1.2299118041992188
2,ductal,human3,schwann,16.25244,-4.0940113,5059,1.4251317977905271
11,alpha,human3,alpha,4.2092543,2.2988994,5060,0.5696156024932861
2,ductal,human3,schwann,16.18332,-4.2144814,5061,1.7133158445358276
11,alpha,human3,alpha,5.1298394,2.8497314,5062,0.544780969619751
4,acinar,human3,acinar,6.909846,-8.57714,5063,0.519284725189209
11,alpha,human3,alpha,5.1805587,1.9444466,5064,0.8501001596450806
10,beta,human3,beta,-9.985051,4.2995086,5065,0.6466003060340881
11,alpha,human3,alpha,5.700939,2.5794687,5066,1.9277033805847168
11,alpha,human3,alpha,4.5335054,2.843017,5067,0.9936625957489014
10,beta,human3,beta,-9.380816,3.7074337,5068,0.5501188039779663
10,beta,human3,beta,-7.84052,4.3454638,5069,0.6781629920005798
11,alpha,human3,alpha,4.227382,3.4994085,5070,0.8175437450408936
11,alpha,human3,alpha,3.9342752,2.6550748,5071,0.6518570184707642
11,alpha,human3,alpha,5.213489,2.7185893,5072,1.0963069200515747
2,ductal,human3,schwann,16.34154,-4.5888257,5073,1.1212918758392334
11,alpha,human3,alpha,4.9834886,1.815551,5074,0.5415962934494019
11,alpha,human3,alpha,5.5299377,2.72641,5075,0.9400933384895324
11,alpha,human3,alpha,5.60656,2.296137,5076,0.8367220759391785
11,alpha,human3,alpha,5.783499,2.171336,5077,0.6526964902877808
11,alpha,human3,alpha,4.8714786,2.7934806,5078,2.201972007751465
11,alpha,human3,alpha,5.0645866,2.3721094,5079,1.0632991790771484
10,beta,human3,beta,-10.203949,3.348893,5080,0.6687607169151306
10,beta,human3,beta,-10.138297,4.6179175,5081,0.5938123464584351
11,alpha,human3,alpha,4.1250687,2.6173742,5082,0.5621668100357056
2,ductal,human3,schwann,16.221556,-4.5747447,5083,3.1140685081481934
2,ductal,human3,schwann,15.846627,-4.6701145,5084,0.7821942567825317
2,ductal,human3,schwann,15.630012,-4.5308585,5085,1.6611003875732422
10,beta,human3,beta,-7.8867974,2.9637184,5086,0.9315178990364076
8,endothelial,human3,endothelial,19.607246,1.5510459,5087,2.838065385818481
11,alpha,human3,alpha,5.253267,2.6500475,5088,0.7628926634788513
10,beta,human3,beta,-10.315555,4.351749,5089,0.6097632646560669
11,alpha,human3,alpha,5.229546,2.728065,5090,0.664603590965271
10,beta,human3,beta,-10.803118,4.467569,5091,0.6315202116966248
11,alpha,human3,alpha,5.3954287,2.9632854,5092,0.7976431846618652
11,alpha,human3,alpha,4.8199615,2.9940624,5093,0.8637126088142395
11,alpha,human3,alpha,5.11489,3.5475788,5094,0.795235812664032
2,ductal,human3,schwann,16.413412,-4.164434,5095,1.378716230392456
10,beta,human3,beta,-10.30281,3.7958784,5096,1.392351746559143
6,activated_stellate,human3,activated_stellate,7.618184,10.130179,5097,1.8045355081558228
11,alpha,human3,alpha,4.905125,2.9252987,5098,0.697810173034668
11,alpha,human3,alpha,4.053231,2.8204715,5099,0.5943984389305115
11,alpha,human3,alpha,4.951965,2.985716,5100,0.5933029055595398
8,endothelial,human3,endothelial,19.748072,1.35321,5101,2.838065385818481
11,alpha,human3,alpha,4.9328256,3.1683035,5102,0.7870262265205383
10,beta,human3,beta,-9.876572,3.9398284,5103,0.6505658626556396
4,acinar,human3,acinar,7.0035934,-8.062601,5104,0.5361883640289307
11,alpha,human3,alpha,5.041521,2.5863075,5105,0.8256562948226929
10,ductal,human3,beta,-8.796277,4.4533587,5106,1.196568489074707
11,alpha,human3,alpha,5.243076,2.958717,5107,1.8953583240509035
11,alpha,human3,alpha,4.5670815,2.9515657,5108,0.7188966274261475
11,alpha,human3,alpha,4.4715962,2.0503247,5109,0.6430686712265015
10,beta,human3,beta,-9.1741295,4.190683,5110,0.7574403882026672
11,alpha,human3,alpha,4.951586,3.2497377,5111,0.7761959433555603
11,alpha,human3,alpha,5.322769,2.938689,5112,1.3901139497756958
11,alpha,human3,alpha,4.5975523,3.0069108,5113,1.064820647239685
11,alpha,human3,alpha,4.5847197,3.5526881,5114,1.154439091682434
11,quiescent_stellate,human3,alpha,5.5284715,3.0206962,5115,1.5277235507965088
11,alpha,human3,alpha,5.294326,2.0030766,5116,0.9979112148284912
11,alpha,human3,alpha,4.2493258,2.293485,5117,2.654865026473999
11,alpha,human3,alpha,4.9138203,3.6144204,5118,1.4853947162628174
10,beta,human3,beta,-8.511649,3.5950668,5119,0.7807133197784424
10,beta,human3,beta,-9.213052,3.6360464,5120,0.8021871447563171
11,alpha,human3,alpha,4.842986,2.1252499,5121,0.8320130109786987
11,alpha,human3,alpha,4.830041,2.7265472,5122,0.8470473885536194
10,beta,human3,beta,-9.233925,2.5909593,5123,0.9717442989349364
11,alpha,human3,alpha,4.548744,2.6035388,5124,0.8269301056861877
11,alpha,human3,alpha,5.2645283,2.529078,5125,0.8709069490432739
4,acinar,human3,acinar,6.6635027,-7.102693,5126,0.4204209744930267
2,ductal,human3,schwann,16.00557,-4.2961507,5127,0.8298660516738892
11,alpha,human3,alpha,5.9037805,2.6176941,5128,0.7574869394302368
11,alpha,human3,alpha,4.583484,2.7085547,5129,0.7417648434638977
10,beta,human3,beta,-10.7906275,4.374303,5130,1.1341973543167114
10,beta,human3,beta,-9.971705,4.7995753,5131,0.5540460348129272
11,alpha,human3,alpha,4.7063046,3.546241,5132,1.0795421600341797
4,acinar,human3,acinar,6.9130545,-7.657879,5133,0.4733428359031677
11,alpha,human3,alpha,4.867098,2.5972428,5134,1.8048150539398196
11,alpha,human3,alpha,4.542493,2.1308992,5135,0.585168719291687
11,alpha,human3,alpha,5.5954227,3.0306668,5136,2.6970303058624268
9,macrophage,human3,macrophage,11.616522,0.102567695,5137,2.631821632385254
10,beta,human3,beta,-8.771514,3.9629064,5138,0.7508825063705444
10,beta,human3,beta,-9.826926,3.4971504,5139,0.6036025285720825
11,alpha,human3,alpha,4.2100224,2.81079,5140,0.7156652808189392
11,alpha,human3,alpha,4.4834647,2.4231005,5141,0.5206996202468872
2,ductal,human3,schwann,16.218256,-4.174381,5142,1.3770787715911863
4,acinar,human3,acinar,6.5782332,-7.7830224,5143,0.4047982692718506
11,alpha,human3,alpha,5.849978,2.9176228,5144,3.614190101623535
11,alpha,human3,alpha,4.1220737,3.033985,5145,0.9654929637908936
11,alpha,human3,alpha,5.3530073,2.5153353,5146,2.297447681427002
11,alpha,human3,alpha,5.242753,2.3980956,5147,0.6999780535697937
11,alpha,human3,alpha,5.3431363,2.4719138,5148,2.3088057041168213
11,alpha,human3,alpha,4.4150023,2.4656632,5149,0.8430805206298828
6,activated_stellate,human3,activated_stellate,7.8327603,10.055435,5150,2.1743292808532715
10,beta,human3,beta,-9.310157,4.5784693,5151,0.6023833751678467
11,alpha,human3,alpha,5.191491,2.5286217,5152,0.5755318403244019
1,gamma,human3,gamma,-0.8555043,20.224192,5153,1.3963791131973269
11,alpha,human3,alpha,5.8368506,2.5652583,5154,0.5817204117774963
11,alpha,human3,alpha,5.1046457,3.1254954,5155,0.5672373175621033
2,ductal,human3,schwann,16.587475,-4.448778,5156,1.0675342082977295
11,alpha,human3,alpha,4.1575513,3.0906258,5157,0.7543101906776428
11,alpha,human3,alpha,4.29807,2.1247132,5158,0.9578769207000732
11,alpha,human3,alpha,3.9713306,2.4441895,5159,0.6195818185806274
11,alpha,human3,alpha,5.310024,2.5166938,5160,0.527510404586792
11,alpha,human3,alpha,5.7420297,3.0190506,5161,0.918341875076294
5,quiescent_stellate,human3,quiescent_stellate,4.877142,16.238361,5162,1.866726994514465
2,ductal,human3,schwann,16.198126,-4.769617,5163,0.9942224621772766
2,ductal,human3,schwann,16.147882,-4.4644785,5164,0.8995751738548279
4,acinar,human3,acinar,7.0936294,-8.1842375,5165,1.7077723741531372
13,delta,human3,delta,-1.6091636,13.253797,5166,1.2135406732559204
11,alpha,human3,alpha,4.473413,2.3718834,5167,0.7387852668762207
2,ductal,human3,schwann,16.169838,-4.295862,5168,2.229776382446289
11,alpha,human3,alpha,4.215533,2.8349175,5169,0.5608388185501099
11,alpha,human3,alpha,4.4583235,3.6199474,5170,0.6376134753227234
4,acinar,human3,acinar,6.480595,-8.77027,5171,0.449617326259613
13,delta,human3,delta,-1.8105875,13.447093,5172,1.198664307594299
4,acinar,human3,acinar,6.3815646,-9.06505,5173,0.6127320528030396
11,alpha,human3,alpha,4.6699696,2.7064023,5174,0.746075451374054
11,alpha,human3,alpha,4.887494,3.1712568,5175,0.6454071998596191
11,alpha,human3,alpha,4.1244197,3.3548338,5176,0.7074023485183716
7,acinar,human3,epsilon,-2.6301177,-9.902285,5177,1.4555221796035769
6,activated_stellate,human3,activated_stellate,7.941923,10.352757,5178,2.4939630031585693
10,beta,human3,beta,-10.493643,3.1807568,5179,1.51822829246521
4,acinar,human3,acinar,6.42389,-9.310208,5180,0.4125407636165619
10,beta,human3,beta,-8.009716,4.3207526,5181,1.791391134262085
11,alpha,human3,alpha,4.1034794,2.5224664,5182,0.7251077890396118
4,acinar,human3,acinar,7.0876565,-7.4880147,5183,0.565775990486145
10,beta,human3,beta,-10.172466,5.0164824,5184,0.6202850341796875
11,alpha,human3,alpha,5.2719235,2.4185615,5185,0.5370780825614929
11,alpha,human3,alpha,5.315938,2.5099068,5186,1.270832657814026
2,ductal,human3,schwann,16.086958,-4.5418453,5187,1.311557412147522
11,alpha,human3,alpha,5.3969183,3.1360579,5188,3.30405855178833
2,ductal,human3,schwann,15.90171,-4.545142,5189,1.1182163953781128
11,alpha,human3,alpha,4.72364,2.405497,5190,1.060111403465271
11,alpha,human3,alpha,5.5966845,2.2890844,5191,0.6708589196205139
11,alpha,human3,alpha,5.237304,2.0350168,5192,0.6141738295555115
4,acinar,human3,acinar,7.0107937,-7.884324,5193,0.7587690949440002
2,ductal,human3,schwann,16.244572,-4.5028524,5194,1.6349706649780271
4,acinar,human3,acinar,6.502867,-7.188678,5195,0.4110361337661743
11,alpha,human3,alpha,4.5593705,3.1897614,5196,0.4804287552833557
13,delta,human3,delta,-1.6533412,12.863553,5197,1.4136511087417605
11,alpha,human3,alpha,4.237108,2.2392766,5198,0.6610403060913086
4,alpha,human3,acinar,6.9970326,-7.7319965,5199,0.7023507356643677
4,acinar,human3,acinar,6.910315,-8.821504,5200,0.8854846954345703
10,beta,human3,beta,-10.334479,4.483428,5201,0.5824131965637207
11,alpha,human3,alpha,4.662255,2.7086945,5202,0.7459820508956909
4,acinar,human3,acinar,6.7610235,-7.0593143,5203,1.3000134229660034
8,endothelial,human3,endothelial,19.791769,1.2884955,5204,2.2393429279327397
4,beta,human3,acinar,6.893146,-7.2768993,5205,1.305254340171814
11,alpha,human3,alpha,5.4643064,2.694336,5206,1.1737496852874756
6,activated_stellate,human3,activated_stellate,7.6370134,10.6650095,5207,2.251860857009888
6,activated_stellate,human3,activated_stellate,7.8898897,10.30994,5208,2.0165836811065674
4,acinar,human3,acinar,6.604714,-9.046357,5209,0.6301281452178955
11,alpha,human3,alpha,5.4076524,3.3692207,5210,0.5090696215629578
11,alpha,human3,alpha,4.9131236,2.911208,5211,0.9043673872947692
11,alpha,human3,alpha,4.9134445,3.2424917,5212,0.8394086956977844
11,alpha,human3,alpha,5.382771,2.6085727,5213,1.2813942432403564
2,ductal,human3,schwann,16.235315,-4.0853963,5214,0.8416734933853149
11,alpha,human3,alpha,6.002492,2.5920172,5215,0.7228496074676514
8,endothelial,human3,endothelial,19.609657,1.497142,5216,1.9845000505447388
6,activated_stellate,human3,activated_stellate,7.634688,10.322474,5217,1.7664960622787476
11,alpha,human3,alpha,4.74691,2.853752,5218,0.7288942337036133
11,alpha,human3,alpha,4.8248596,2.4672506,5219,0.9456725120544434
10,beta,human3,beta,-7.1425085,3.7826133,5220,0.581255316734314
11,alpha,human3,alpha,4.5280147,2.1004179,5221,0.714775562286377
10,beta,human3,beta,-7.194379,3.8214567,5222,1.355075716972351
11,alpha,human3,alpha,4.5042195,2.5790863,5223,1.2380070686340332
10,beta,human3,beta,-8.787353,2.6345289,5224,0.778118371963501
5,quiescent_stellate,human3,quiescent_stellate,4.4515047,16.430115,5225,2.006889820098877
11,alpha,human3,alpha,5.4603233,2.2996988,5226,0.7180483937263489
2,ductal,human3,schwann,16.092505,-4.593068,5227,1.925702214241028
4,acinar,human3,acinar,6.994704,-7.3592844,5228,0.5872719287872314
10,beta,human3,beta,-8.120595,3.2524362,5229,0.765792727470398
9,mast,human3,macrophage,11.570886,0.14868514,5230,4.083248138427734
4,acinar,human3,acinar,6.2183127,-8.496516,5231,0.5163864493370056
4,acinar,human3,acinar,6.5096073,-8.7055645,5232,0.6920519471168518
10,beta,human3,beta,-9.055016,3.6386824,5233,0.9699686765670776
10,beta,human3,beta,-10.036452,4.3259873,5234,0.5228710770606995
10,beta,human3,beta,-7.6378617,3.9123516,5235,0.5659223794937134
11,alpha,human3,alpha,4.4409027,3.2763755,5236,1.7232869863510132
11,alpha,human3,alpha,4.7492824,3.6721976,5237,0.906115710735321
6,activated_stellate,human3,activated_stellate,7.706063,10.044503,5238,1.8474057912826536
11,alpha,human3,alpha,5.043217,1.9029039,5239,1.5081740617752075
11,alpha,human3,alpha,5.5828447,2.4235096,5240,1.5464155673980713
4,acinar,human3,acinar,7.466355,-8.236369,5241,0.5509061217308044
4,acinar,human3,acinar,6.838506,-8.108781,5242,1.5441805124282837
2,ductal,human3,schwann,16.209318,-4.17384,5243,3.4822375774383545
10,beta,human3,beta,-8.843659,2.5366876,5244,0.5789586901664734
11,alpha,human3,alpha,4.6869793,2.6336184,5245,0.6765223145484924
4,acinar,human3,acinar,6.915315,-8.744693,5246,0.8167974948883057
2,ductal,human3,schwann,16.153889,-4.272495,5247,3.1398487091064453
10,beta,human3,beta,-8.210117,3.2013912,5248,1.396152377128601
11,alpha,human3,alpha,4.1229506,2.9930332,5249,0.746337890625
2,ductal,human3,schwann,16.283705,-4.07201,5250,1.1282804012298584
3,alpha,human3,mast,11.477726,16.15684,5251,0.9831616282463074
2,ductal,human3,schwann,16.170359,-3.9661987,5252,1.0800853967666626
11,alpha,human3,alpha,5.864086,2.4386377,5253,0.7018714547157288
6,activated_stellate,human3,activated_stellate,7.857911,10.19251,5254,1.9534627199172971
2,ductal,human3,schwann,16.263851,-4.1761427,5255,1.2768080234527588
10,beta,human3,beta,-8.490785,3.6122231,5256,0.8650268912315369
11,alpha,human3,alpha,5.4702134,2.5444424,5257,1.4877620935440063
5,quiescent_stellate,human3,quiescent_stellate,4.544848,16.4002,5258,1.3864967823028564
4,delta,human3,acinar,6.8606315,-8.313704,5259,1.6775404214859009
10,beta,human3,beta,-8.866682,3.9701724,5260,2.353405475616455
11,alpha,human3,alpha,4.8750634,2.6217349,5261,0.7821942567825317
2,ductal,human3,schwann,16.264843,-4.7244787,5262,1.2467719316482544
11,alpha,human3,alpha,5.13477,2.2761571,5263,0.7574340105056763
11,alpha,human3,alpha,4.7630515,2.909946,5264,0.905879020690918
10,beta,human3,beta,-9.801465,4.308874,5265,0.5777726173400879
11,alpha,human3,alpha,4.5329723,3.0719266,5266,0.8010081648826599
4,acinar,human3,acinar,6.9649277,-9.167489,5267,0.6811604499816895
11,alpha,human3,alpha,4.644986,2.4424846,5268,0.8336068391799927
5,quiescent_stellate,human3,quiescent_stellate,5.012778,16.252357,5269,1.4969348907470703
2,ductal,human3,schwann,16.279814,-4.3843045,5270,1.0792990922927856
11,alpha,human3,alpha,5.260456,2.6942456,5271,0.778581976890564
2,ductal,human3,schwann,16.297888,-4.648422,5272,1.053299903869629
6,activated_stellate,human3,activated_stellate,7.708532,10.397437,5273,2.1197330951690674
11,alpha,human3,alpha,4.67184,3.3681412,5274,0.52350914478302
10,beta,human3,beta,-9.200887,3.4731574,5275,0.8420900106430054
11,alpha,human3,alpha,5.175311,3.5017176,5276,0.7212080955505371
4,acinar,human3,acinar,6.8071904,-7.7556,5277,0.3933809995651245
4,acinar,human3,acinar,6.3976674,-9.221989,5278,0.5457218289375305
11,alpha,human3,alpha,4.9929295,2.7151408,5279,1.0208284854888916
11,alpha,human3,alpha,4.410033,2.2861116,5280,0.5706833004951477
11,alpha,human3,alpha,4.7213387,2.7019768,5281,2.37516450881958
2,ductal,human3,schwann,16.567205,-4.318747,5282,0.7877414226531982
10,beta,human3,beta,-9.569636,4.2714086,5283,0.9496895670890808
11,alpha,human3,alpha,5.150525,3.2515059,5284,0.8059751391410828
4,acinar,human3,acinar,6.614177,-9.435681,5285,0.5633517503738403
6,activated_stellate,human3,activated_stellate,7.7597265,10.198634,5286,1.5611647367477417
11,alpha,human3,alpha,5.378617,3.0088084,5287,0.6481420993804932
10,beta,human3,beta,-9.117861,3.9197586,5288,0.6099898219108582
11,alpha,human3,alpha,4.6187534,2.7050905,5289,0.8857167363166809
10,beta,human3,beta,-9.249845,5.1463714,5290,0.5883321166038513
10,beta,human3,beta,-8.3618765,4.3412547,5291,0.8148623108863831
10,beta,human3,beta,-8.347,2.9444976,5292,1.1601552963256836
11,alpha,human3,alpha,4.4070415,2.5911114,5293,0.5417752265930176
9,macrophage,human3,macrophage,11.518961,0.2025642,5294,3.623354196548462
2,ductal,human3,schwann,16.175827,-4.6188965,5295,2.0590415000915527
11,alpha,human3,alpha,4.975631,1.9160455,5296,0.8780938386917114
10,beta,human3,beta,-7.5782943,4.781923,5297,0.970520555973053
11,alpha,human3,alpha,4.3013754,2.7984698,5298,1.0995211601257324
10,beta,human3,beta,-9.067181,4.0898294,5299,0.9266313910484314
2,ductal,human3,schwann,16.08599,-4.184456,5300,1.115402102470398
11,alpha,human3,alpha,5.600649,3.1358147,5301,1.9761052131652832
11,alpha,human3,alpha,4.425751,3.0162997,5302,0.5709823369979858
11,alpha,human3,alpha,4.750881,2.2883375,5303,1.5425087213516235
11,alpha,human3,alpha,5.1515903,3.543109,5304,1.0951581001281738
11,alpha,human3,alpha,4.226024,2.1040485,5305,1.0573712587356567
10,beta,human3,beta,-10.441947,4.6493764,5306,0.765226423740387
11,alpha,human3,alpha,4.6640415,2.409786,5307,0.6759442687034607
10,beta,human3,beta,-7.720916,4.0583177,5308,0.7690628170967102
2,ductal,human3,schwann,16.206034,-4.199631,5309,1.0246368646621704
2,ductal,human3,schwann,16.253086,-4.06015,5310,1.0710846185684204
2,ductal,human3,schwann,16.306044,-4.1738796,5311,1.1103124618530271
11,alpha,human3,alpha,4.453911,3.1729648,5312,0.6182446479797363
2,ductal,human3,schwann,16.32216,-4.686068,5313,3.588205099105835
6,activated_stellate,human3,activated_stellate,7.7573695,10.518059,5314,2.0273923873901367
11,alpha,human3,alpha,4.4572906,3.3050842,5315,1.9213316440582275
10,beta,human3,beta,-9.379516,4.1197386,5316,0.875245988368988
6,activated_stellate,human3,activated_stellate,7.5707884,10.552068,5317,2.465564012527466
11,alpha,human3,alpha,4.523194,3.1103275,5318,0.9258124828338624
4,acinar,human3,acinar,6.784671,-7.5806403,5319,0.9118608832359314
4,acinar,human3,acinar,6.360294,-8.166562,5320,0.4904052913188934
11,alpha,human3,alpha,4.2000756,2.847003,5321,1.0044407844543457
13,delta,human3,delta,-2.1092448,13.320199,5322,0.9303383231163024
8,endothelial,human3,endothelial,19.843483,1.2302493,5323,2.5686583518981934
5,quiescent_stellate,human3,quiescent_stellate,4.9693856,16.21974,5324,1.7418817281723022
10,beta,human3,beta,-9.754618,4.7541876,5325,0.6399970054626465
10,beta,human3,beta,-8.659594,4.271129,5326,0.9279146194458008
11,alpha,human3,alpha,4.7659125,2.2108667,5327,0.8943515419960022
10,activated_stellate,human3,beta,-9.082476,3.9827623,5328,2.4939630031585693
11,alpha,human3,alpha,4.1773763,2.4453232,5329,0.8176610469818115
10,beta,human3,beta,-7.483961,3.627427,5330,1.0292656421661377
4,acinar,human3,acinar,6.614148,-9.535273,5331,0.4946194291114807
11,alpha,human3,alpha,4.708591,3.2198656,5332,2.4481043815612797
10,delta,human3,beta,-10.557601,3.4247336,5333,1.4396569728851318
4,acinar,human3,acinar,7.035624,-8.678249,5334,0.6863192915916443
11,quiescent_stellate,human3,alpha,5.4765177,2.4300418,5335,2.025455474853516
10,beta,human3,beta,-7.832143,4.168861,5336,0.7282800674438477
11,alpha,human3,alpha,5.023386,2.6685994,5337,0.581866979598999
11,alpha,human3,alpha,4.889773,2.4759676,5338,0.9110681414604188
2,ductal,human3,schwann,16.633059,-4.422522,5339,1.5128618478775024
11,alpha,human3,alpha,5.269575,3.1952584,5340,0.8105015158653259
11,alpha,human3,alpha,4.165635,2.8979118,5341,0.6444063186645508
11,alpha,human3,alpha,4.897462,2.7980902,5342,0.733454704284668
11,alpha,human3,alpha,5.4721823,2.560616,5343,0.6866027116775513
11,alpha,human3,alpha,5.9951973,2.4814808,5344,1.3342019319534302
1,gamma,human3,gamma,-0.7253872,20.399376,5345,1.914684772491455
11,alpha,human3,alpha,4.852841,3.069901,5346,2.141776323318481
10,beta,human3,beta,-9.954312,4.301628,5347,0.6294700503349304
10,beta,human3,beta,-7.3830066,3.7585423,5348,1.9206063747406008
13,delta,human3,delta,-1.7144036,13.010334,5349,1.3287506103515625
11,alpha,human3,alpha,4.538911,1.9575084,5350,0.5267916321754456
6,activated_stellate,human3,activated_stellate,7.581773,10.898261,5351,2.302731990814209
11,alpha,human3,alpha,4.8673487,2.4494941,5352,1.3521896600723269
5,quiescent_stellate,human3,quiescent_stellate,4.9935346,16.236607,5353,1.4632947444915771
10,beta,human3,beta,-7.258956,3.450962,5354,0.5609853863716125
9,mast,human3,macrophage,11.030298,0.71198356,5355,4.373487949371338
11,alpha,human3,alpha,5.066066,2.823117,5356,0.7890534400939941
4,acinar,human3,acinar,6.7805076,-7.2681756,5357,0.3945543766021728
11,alpha,human3,alpha,5.0306625,2.1583953,5358,0.6300802230834961
11,alpha,human3,alpha,4.84944,3.1562226,5359,1.7483850717544556
8,endothelial,human3,endothelial,20.291203,0.66909516,5360,2.1847362518310547
10,beta,human3,beta,-10.299656,3.2008498,5361,0.9163344502449036
1,macrophage,human3,gamma,11.56944,0.15031189,5362,3.623354196548462
7,ductal,human3,epsilon,-2.2508802,-9.991828,5363,2.08980655670166
10,beta,human3,beta,-9.251435,3.404251,5364,0.6017106771469116
10,beta,human3,beta,-6.957501,3.80329,5365,0.7208429574966431
10,beta,human3,beta,-10.466872,3.5062819,5366,0.7555475234985352
11,alpha,human3,alpha,4.5350423,2.161247,5367,0.7507851123809814
10,beta,human3,beta,-9.106574,5.275982,5368,0.6248829960823059
11,alpha,human3,alpha,5.454095,3.0374572,5369,1.2518686056137085
9,mast,human3,macrophage,10.956821,0.78704023,5370,3.5000431537628174
11,alpha,human3,alpha,4.553518,2.0656953,5371,1.2688050270080566
11,alpha,human3,alpha,4.9160795,2.4308367,5372,1.3056640625
10,beta,human3,beta,-10.268888,4.3315415,5373,1.9217050075531008
8,endothelial,human3,endothelial,19.917692,1.1365777,5374,2.2562196254730225
4,acinar,human3,acinar,7.2668333,-7.944219,5375,0.6135708093643188
8,endothelial,human3,endothelial,19.891205,1.1710968,5376,1.8864096403121948
10,beta,human3,beta,-9.446099,3.4428034,5377,0.9771759510040284
10,beta,human3,beta,-8.358241,4.74645,5378,0.7605159282684326
11,alpha,human3,alpha,5.820628,3.021673,5379,0.7415847778320312
5,quiescent_stellate,human3,quiescent_stellate,5.0060964,16.20268,5380,1.8878436088562007
2,ductal,human3,schwann,16.218185,-4.663809,5381,1.3664655685424805
2,ductal,human3,schwann,16.258661,-4.45159,5382,1.1192632913589478
10,beta,human3,beta,-9.042157,3.998931,5383,2.359344959259033
10,beta,human3,beta,-9.2777605,5.2162557,5384,0.9976464509963988
11,alpha,human3,alpha,4.931029,2.0698314,5385,1.0375888347625732
10,beta,human3,beta,-9.960468,4.655258,5386,0.6542502045631409
10,beta,human3,beta,-10.83665,4.404435,5387,0.9139459133148192
10,beta,human3,beta,-7.2281623,3.4976735,5388,0.7488823533058167
5,quiescent_stellate,human3,quiescent_stellate,4.895759,16.252625,5389,1.3170487880706787
5,quiescent_stellate,human3,quiescent_stellate,5.0267787,16.193844,5390,1.5966768264770508
10,beta,human3,beta,-10.161054,3.5185118,5391,0.7380380034446716
11,alpha,human3,alpha,5.1867695,2.1080587,5392,1.3400884866714478
4,delta,human3,acinar,7.1089444,-8.125588,5393,2.337607860565185
11,alpha,human3,alpha,4.2557044,2.1348076,5394,0.8503293395042419
2,ductal,human3,schwann,16.497648,-4.4996653,5395,1.4787776470184326
4,acinar,human3,acinar,7.152538,-7.798518,5396,1.131037712097168
11,alpha,human3,alpha,4.8244224,3.2664597,5397,0.5662104487419128
11,alpha,human3,alpha,5.3774147,2.342211,5398,1.063471794128418
11,alpha,human3,alpha,5.4657493,3.0059888,5399,1.4334747791290283
5,quiescent_stellate,human3,quiescent_stellate,4.458432,16.434877,5400,1.5167187452316284
11,alpha,human3,alpha,4.5744395,2.5070062,5401,0.704515278339386
10,beta,human3,beta,-10.0461445,4.5388145,5402,0.8840118646621704
8,endothelial,human3,endothelial,19.58896,1.4876565,5403,2.298197031021118
6,activated_stellate,human3,activated_stellate,7.6761503,10.410627,5404,1.7373391389846802
11,alpha,human3,alpha,4.7344127,2.742965,5405,1.4672163724899292
11,alpha,human3,alpha,4.467317,2.4212704,5406,1.4211571216583252
10,beta,human3,beta,-8.311149,2.834142,5407,0.6087211966514587
11,alpha,human3,alpha,5.262145,3.5052536,5408,0.9262760281562804
10,beta,human3,beta,-9.689394,4.2819066,5409,1.6731371879577637
10,beta,human3,beta,-10.275425,3.514795,5410,0.811273992061615
11,alpha,human3,alpha,4.245949,2.2299504,5411,1.2345997095108032
2,ductal,human3,schwann,16.696173,-4.441291,5412,0.906204640865326
8,endothelial,human3,endothelial,19.931103,1.123354,5413,2.5193450450897217
8,endothelial,human3,endothelial,19.85454,1.2138098,5414,2.176431894302368
8,endothelial,human3,endothelial,19.660791,1.4404981,5415,2.7522099018096924
10,beta,human3,beta,-8.961361,2.8083727,5416,0.8770012855529785
10,beta,human3,beta,-10.976196,4.1960726,5417,0.6778527498245239
5,quiescent_stellate,human3,quiescent_stellate,4.766923,16.357843,5418,2.4939630031585693
10,beta,human3,beta,-7.301113,3.4073572,5419,0.651989221572876
10,beta,human3,beta,-10.739819,3.9253623,5420,1.2626137733459473
10,beta,human3,beta,-9.0707245,2.9911938,5421,1.340954303741455
10,beta,human3,beta,-9.657845,3.1126668,5422,0.7488515377044678
11,ductal,human3,alpha,5.5636945,2.5757027,5423,1.7934136390686035
10,beta,human3,beta,-9.276446,3.2623801,5424,0.847334623336792
2,ductal,human3,schwann,15.633669,-4.5750155,5425,1.186073899269104
8,endothelial,human3,endothelial,19.684975,1.4210879,5426,2.770393133163452
8,endothelial,human3,endothelial,20.081049,0.9364241,5427,2.838065385818481
11,alpha,human3,alpha,4.9835753,1.9875882,5428,1.1211276054382324
10,beta,human3,beta,-8.055722,3.5711074,5429,1.435347080230713
6,activated_stellate,human3,activated_stellate,7.7370667,10.207556,5430,2.3871448040008545
10,beta,human3,beta,-9.896927,4.5721745,5431,1.014683961868286
11,alpha,human3,alpha,4.760171,2.996368,5432,1.484100580215454
4,acinar,human3,acinar,7.1067605,-8.314589,5433,0.5449625253677368
4,acinar,human3,acinar,6.612824,-7.0997906,5434,0.477468729019165
4,acinar,human3,acinar,6.7437496,-7.1588817,5435,0.4565881788730621
4,acinar,human3,acinar,6.9491425,-7.7158365,5436,0.3845422863960266
4,acinar,human3,acinar,6.5994654,-7.1671596,5437,0.6660529971122742
4,acinar,human3,acinar,6.308368,-7.961048,5438,0.3845422863960266
4,acinar,human3,acinar,6.446058,-7.3682976,5439,0.4259411990642547
4,acinar,human3,acinar,6.598346,-8.470608,5440,0.5164969563484192
4,acinar,human3,acinar,6.9058332,-8.251421,5441,0.5678170919418335
4,acinar,human3,acinar,6.7596817,-7.7331176,5442,0.3881886005401611
4,acinar,human3,acinar,6.7336445,-8.648685,5443,2.182644844055176
4,acinar,human3,acinar,6.8764825,-7.656335,5444,0.4952447712421417
4,acinar,human3,acinar,6.5823,-7.1262264,5445,0.516054630279541
4,acinar,human3,acinar,6.4424047,-9.151068,5446,0.3862335979938507
4,acinar,human3,acinar,6.573292,-9.496408,5447,0.5403470396995544
4,acinar,human3,acinar,7.0255713,-8.170935,5448,0.7591018080711365
4,acinar,human3,acinar,7.023648,-7.538164,5449,0.4437446594238281
4,acinar,human3,acinar,6.991237,-9.812964,5450,0.3845422863960266
4,acinar,human3,acinar,7.1129756,-8.82699,5451,0.6741943955421448
4,acinar,human3,acinar,6.8754883,-9.0799265,5452,0.7298286557197571
4,acinar,human3,acinar,7.1977096,-9.111821,5453,0.4316565692424774
4,acinar,human3,acinar,6.855342,-9.727732,5454,0.6835786700248718
4,acinar,human3,acinar,6.8493586,-9.333759,5455,0.6713505983352661
4,acinar,human3,acinar,6.7353334,-8.199486,5456,0.5763291716575623
4,acinar,human3,acinar,6.9267015,-8.686016,5457,0.484129399061203
4,acinar,human3,acinar,6.7913117,-8.584616,5458,0.4327767193317413
4,acinar,human3,acinar,6.4808865,-7.9542637,5459,0.522829532623291
4,acinar,human3,acinar,6.8842564,-9.284303,5460,0.3845422863960266
4,acinar,human3,acinar,6.449253,-7.8781223,5461,0.4114905893802643
4,acinar,human3,acinar,6.262139,-8.358415,5462,0.3845422863960266
4,acinar,human3,acinar,6.9602804,-7.6765423,5463,0.5008264780044556
11,alpha,human3,alpha,5.0011783,3.4980867,5464,0.6863135695457458
4,acinar,human3,acinar,6.153603,-8.585539,5465,0.5345962047576904
13,delta,human3,delta,-1.8949413,12.766084,5466,0.625841498374939
4,acinar,human3,acinar,6.6322317,-8.858186,5467,0.3988486230373382
4,acinar,human3,acinar,6.675977,-8.95849,5468,0.405594915151596
4,acinar,human3,acinar,6.634604,-9.117476,5469,0.8159433603286743
4,acinar,human3,acinar,6.312411,-8.690212,5470,0.4187382459640503
4,acinar,human3,acinar,6.3768673,-8.898557,5471,0.6313561797142029
4,acinar,human3,acinar,6.5236163,-7.760013,5472,0.3845422863960266
4,acinar,human3,acinar,6.3979845,-8.627403,5473,0.9261127710342408
4,acinar,human3,acinar,6.7522364,-7.64349,5474,0.3848210275173187
4,acinar,human3,acinar,6.68335,-9.349006,5475,0.5167170166969299
4,acinar,human3,acinar,7.507321,-8.187875,5476,1.5209592580795288
4,acinar,human3,acinar,6.660958,-7.156467,5477,0.3979650735855102
4,acinar,human3,acinar,6.654999,-7.1874833,5478,0.4598299264907837
4,acinar,human3,acinar,6.310997,-8.690052,5479,0.5015908479690552
4,acinar,human3,acinar,7.1012077,-9.063667,5480,0.929561972618103
4,acinar,human3,acinar,6.575804,-7.367943,5481,0.535349428653717
4,acinar,human3,acinar,6.813415,-8.118789,5482,0.5579725503921509
4,acinar,human3,acinar,6.7652636,-8.978164,5483,0.3845422863960266
10,beta,human3,beta,-8.820408,4.0399656,5484,0.6082071661949158
4,acinar,human3,acinar,7.1899447,-7.5634,5485,1.9091176986694336
10,beta,human3,beta,-7.2982655,4.5759845,5486,0.9675201773643494
4,acinar,human3,acinar,7.1977735,-7.562321,5487,2.025142908096313
4,acinar,human3,acinar,6.275598,-8.278558,5488,0.8100345134735107
4,acinar,human3,acinar,6.879515,-8.724751,5489,0.4761869311332702
4,acinar,human3,acinar,6.769228,-8.6024475,5490,0.5396762490272522
4,acinar,human3,acinar,6.796105,-8.603118,5491,0.7444928288459778
4,acinar,human3,acinar,6.50088,-8.214174,5492,0.4566833972930908
4,acinar,human3,acinar,6.7326374,-7.7195616,5493,0.8079445958137512
4,acinar,human3,acinar,6.3185773,-8.271242,5494,0.497782826423645
4,acinar,human3,acinar,7.230995,-8.094095,5495,0.7149171233177185
4,acinar,human3,acinar,7.4224925,-8.394324,5496,0.5577480792999268
4,acinar,human3,acinar,6.694447,-8.25074,5497,0.7462401390075684
4,acinar,human3,acinar,6.6380568,-8.213333,5498,0.4373804032802582
4,acinar,human3,acinar,7.1777053,-8.058414,5499,0.91764897108078
4,acinar,human3,acinar,6.4174223,-7.9994035,5500,0.6457886099815369
4,acinar,human3,acinar,6.7510505,-8.070121,5501,0.7822186946868896
4,acinar,human3,acinar,6.820571,-9.678061,5502,0.3873679041862488
4,acinar,human3,acinar,6.9369764,-8.11627,5503,0.3955173790454864
4,acinar,human3,acinar,6.0801682,-8.592376,5504,0.5682055950164795
4,acinar,human3,acinar,7.053674,-9.090668,5505,0.4028371572494507
4,acinar,human3,acinar,6.4369874,-8.899493,5506,0.6859553456306458
4,acinar,human3,acinar,6.4276495,-8.478077,5507,0.9539843201637268
4,acinar,human3,acinar,6.67784,-8.69967,5508,2.4352831840515137
4,acinar,human3,acinar,6.939013,-8.688393,5509,0.4506905078887939
4,acinar,human3,acinar,6.786585,-7.254158,5510,0.4576301276683807
4,acinar,human3,acinar,6.5905466,-8.804933,5511,0.6711696982383728
4,acinar,human3,acinar,6.505239,-7.222463,5512,0.4293290376663208
4,acinar,human3,acinar,6.7788415,-9.324952,5513,0.3845422863960266
4,acinar,human3,acinar,6.813111,-9.131129,5514,0.5113227367401123
13,ductal,human3,delta,-2.1321256,13.024419,5515,1.4541627168655396
4,acinar,human3,acinar,6.9058886,-8.298507,5516,0.4494833350181579
4,acinar,human3,acinar,7.175285,-8.582072,5517,0.5033748149871826
4,beta,human3,acinar,6.776762,-6.9404335,5518,2.0221080780029297
10,beta,human3,beta,-6.9271016,3.821232,5519,1.5737634897232056
4,acinar,human3,acinar,6.1192536,-8.636382,5520,0.7520048022270203
4,acinar,human3,acinar,6.5797615,-9.267082,5521,0.3864542245864868
4,acinar,human3,acinar,6.2858124,-8.505822,5522,0.4190867245197296
13,delta,human3,delta,-1.9102671,12.543449,5523,0.8987724781036377
4,acinar,human3,acinar,7.0060153,-8.514002,5524,0.3845422863960266
10,beta,human3,beta,-8.963127,4.042346,5525,0.5683748126029968
4,acinar,human3,acinar,6.7978263,-8.387151,5526,0.5016051530838013
4,acinar,human3,acinar,6.8269815,-8.234059,5527,0.3845422863960266
4,acinar,human3,acinar,6.4912305,-7.428794,5528,0.4326620995998382
11,alpha,human3,alpha,4.647663,2.3170605,5529,0.8559823036193848
4,acinar,human3,acinar,6.9753633,-9.783399,5530,0.4057150483131408
4,acinar,human3,acinar,6.8909073,-8.557858,5531,0.4795698821544647
4,acinar,human3,acinar,6.651097,-7.860418,5532,0.4437238276004791
4,acinar,human3,acinar,6.198154,-8.507815,5533,0.527810275554657
13,delta,human3,delta,-1.8651477,13.562084,5534,0.8745560050010681
4,acinar,human3,acinar,7.398756,-8.281638,5535,0.4086115956306457
11,alpha,human3,alpha,4.3471136,2.9747334,5536,0.7361316084861755
10,beta,human3,beta,-7.587942,4.239932,5537,0.5612749457359314
4,acinar,human3,acinar,6.904828,-9.133178,5538,0.6408018469810486
10,beta,human3,beta,-9.036906,3.4997332,5539,0.7415614724159241
10,beta,human3,beta,-7.384947,3.7003176,5540,0.7947563529014587
4,acinar,human3,acinar,6.419213,-9.098582,5541,0.5547949075698853
2,ductal,human3,schwann,16.582588,-4.2990155,5542,0.8540098071098328
4,acinar,human3,acinar,7.097539,-8.984746,5543,0.414485365152359
10,beta,human3,beta,-9.08667,3.4161785,5544,0.722758412361145
4,acinar,human3,acinar,6.750088,-8.316151,5545,0.480010449886322
11,alpha,human3,alpha,4.359233,2.5657108,5546,0.8832920789718628
11,alpha,human3,alpha,5.0341473,2.4235194,5547,1.5056058168411257
11,alpha,human3,alpha,5.708004,2.8409746,5548,0.5588269829750061
6,activated_stellate,human3,activated_stellate,7.461225,10.224018,5549,1.9082871675491333
4,acinar,human3,acinar,6.734741,-7.641137,5550,0.7675696015357971
4,acinar,human3,acinar,6.904714,-7.425402,5551,0.3845422863960266
4,acinar,human3,acinar,6.1279473,-8.578631,5552,0.6130730509757996
10,beta,human3,beta,-7.363848,3.7344537,5553,0.6999568939208984
4,acinar,human3,acinar,7.100164,-7.8876114,5554,0.5806555151939392
4,acinar,human3,acinar,6.720968,-8.656448,5555,0.3845422863960266
10,beta,human3,beta,-8.127462,4.5519757,5556,1.811362743377685
11,alpha,human3,alpha,5.29745,2.2815082,5557,0.6606444716453552
4,acinar,human3,acinar,6.396222,-7.4429927,5558,0.7743261456489563
11,alpha,human3,alpha,4.4201427,3.139074,5559,0.918202579021454
4,acinar,human3,acinar,6.6021724,-8.121093,5560,0.4811638593673706
4,acinar,human3,acinar,6.19776,-8.786383,5561,0.4373890161514282
11,alpha,human3,alpha,5.8960257,2.5238276,5562,0.9511622786521912
10,beta,human3,beta,-9.453724,2.780363,5563,0.6131759285926819
4,acinar,human3,acinar,6.6154995,-7.907304,5564,0.5767406225204468
11,alpha,human3,alpha,4.3635902,2.014391,5565,0.7248614430427551
6,activated_stellate,human3,activated_stellate,7.8323736,10.127649,5566,1.6097670793533323
4,acinar,human3,acinar,6.617185,-9.3243065,5567,0.5025283694267273
10,beta,human3,beta,-7.238714,4.413909,5568,0.9416553974151612
10,beta,human3,beta,-8.948986,2.7209587,5569,0.5865788459777832
10,beta,human3,beta,-10.520008,4.42242,5570,0.9283596873283386
4,acinar,human3,acinar,7.017489,-7.8924203,5571,0.6177447438240051
10,beta,human3,beta,-7.787339,4.042184,5572,0.7437885999679565
10,beta,human3,beta,-9.761699,3.6410685,5573,0.7084812521934509
10,beta,human3,beta,-8.580499,2.8430283,5574,0.6324204206466675
4,acinar,human3,acinar,7.2542453,-8.955737,5575,0.5300152897834778
4,acinar,human3,acinar,7.177746,-7.5030246,5576,0.5070025324821472
4,acinar,human3,acinar,7.119925,-9.409122,5577,0.4437794387340545
6,endothelial,human3,activated_stellate,7.927065,10.321496,5578,2.838065385818481
11,alpha,human3,alpha,5.3706264,2.8708045,5579,0.7372509241104126
10,beta,human3,beta,-11.036689,4.315718,5580,0.9026124477386476
13,delta,human3,delta,-1.8654457,13.008596,5581,1.036057472229004
10,beta,human3,beta,-10.120067,4.4346647,5582,0.7842759490013123
10,beta,human3,beta,-10.0696945,4.4452815,5583,0.7973333597183228
4,acinar,human3,acinar,6.9727173,-8.505696,5584,0.4799350798130035
10,beta,human3,beta,-8.57658,3.7261677,5585,1.0946415662765503
6,activated_stellate,human3,activated_stellate,7.751735,10.113989,5586,1.7872153520584106
4,acinar,human3,acinar,6.1639132,-8.26091,5587,0.6169115900993347
4,acinar,human3,acinar,6.9598565,-8.837612,5588,0.4713717699050903
4,acinar,human3,acinar,6.782889,-9.6382065,5589,0.5209713578224182
11,alpha,human3,alpha,4.1877456,3.4836047,5590,0.6089425683021545
13,delta,human3,delta,-1.4308265,13.479766,5591,1.0536394119262695
4,acinar,human3,acinar,7.0721126,-8.859424,5592,0.4119901955127716
10,beta,human3,beta,-9.248829,3.0775948,5593,0.8886207342147827
4,acinar,human3,acinar,7.355086,-8.433644,5594,0.4037581384181976
4,acinar,human3,acinar,6.405078,-8.673073,5595,1.1561222076416016
4,acinar,human3,acinar,7.0232253,-9.174149,5596,0.4888568520545959
10,beta,human3,beta,-9.149353,3.6161778,5597,0.8164555430412292
4,acinar,human3,acinar,6.444628,-8.471622,5598,0.719608724117279
10,beta,human3,beta,-8.546131,3.602163,5599,0.9194402694702148
4,acinar,human3,acinar,6.9901104,-8.056913,5600,0.6970444917678833
10,beta,human3,beta,-10.326772,4.1744003,5601,0.7104356288909912
4,acinar,human3,acinar,6.230947,-8.213469,5602,0.4801670014858246
11,alpha,human3,alpha,4.4074697,2.8343503,5603,0.6770641207695007
2,ductal,human3,schwann,16.184841,-4.148581,5604,1.6306837797164917
4,acinar,human3,acinar,7.2317276,-8.819746,5605,0.3845422863960266
4,acinar,human3,acinar,6.7771935,-8.985861,5606,0.9772543907165528
6,activated_stellate,human3,activated_stellate,7.731414,9.950974,5607,1.6409186124801636
4,acinar,human3,acinar,6.696163,-6.944929,5608,0.3989512920379638
4,acinar,human3,acinar,6.249395,-8.658584,5609,0.3996977508068084
10,beta,human3,beta,-9.128167,3.6996422,5610,0.740932047367096
4,acinar,human3,acinar,6.6136556,-8.915757,5611,0.3989636600017547
4,acinar,human3,acinar,6.222316,-8.614042,5612,0.4570004343986511
10,beta,human3,beta,-7.1302524,3.9291177,5613,0.5481913089752197
6,activated_stellate,human3,activated_stellate,7.587953,10.150183,5614,1.7861342430114746
11,alpha,human3,alpha,5.667277,2.5355926,5615,0.962537944316864
10,beta,human3,beta,-9.215069,3.716335,5616,0.8162378072738647
10,beta,human3,beta,-9.616828,5.0251913,5617,0.7778962850570679
7,acinar,human3,epsilon,-2.3457913,-9.7536125,5618,2.094947338104248
10,beta,human3,beta,-7.3319416,3.759916,5619,1.846238613128662
4,acinar,human3,acinar,6.9861026,-7.9733925,5620,0.7694734334945679
11,alpha,human3,alpha,4.6423893,3.3411858,5621,0.6101183891296387
10,beta,human3,beta,-9.401498,4.771095,5622,0.8432605266571045
4,acinar,human3,acinar,6.292475,-8.115041,5623,0.922347366809845
4,acinar,human3,acinar,6.65987,-9.011314,5624,0.8248799443244934
10,beta,human3,beta,-7.626839,3.2617092,5625,0.7145230174064636
4,acinar,human3,acinar,7.0394697,-8.545692,5626,0.6436793804168701
4,acinar,human3,acinar,7.1690197,-8.861686,5627,0.4707993865013122
11,alpha,human3,alpha,5.087451,3.4194772,5628,0.7038267850875854
10,beta,human3,beta,-10.6714,4.4043584,5629,0.7516101598739624
4,acinar,human3,acinar,6.782029,-9.622874,5630,0.6665891408920288
10,beta,human3,beta,-9.916936,4.5274744,5631,0.9611428380012512
10,beta,human3,beta,-7.9337497,3.23666,5632,0.5780168771743774
4,acinar,human3,acinar,6.6064425,-8.351124,5633,0.9983822703361512
10,beta,human3,beta,-9.767948,4.216599,5634,1.2509711980819702
4,acinar,human3,acinar,7.0597916,-7.645136,5635,0.3957787752151489
7,acinar,human3,epsilon,-2.4613209,-9.76569,5636,1.9834364652633667
4,acinar,human3,acinar,7.0040374,-9.236821,5637,0.6144533753395081
10,beta,human3,beta,-7.4112053,3.369583,5638,0.7110338807106018
4,acinar,human3,acinar,6.820747,-8.141972,5639,1.0820249319076538
4,acinar,human3,acinar,6.623279,-7.675546,5640,0.5752072334289551
10,beta,human3,beta,-8.070874,4.118839,5641,1.21105694770813
10,beta,human3,beta,-8.269366,3.635789,5642,0.79179847240448
13,delta,human3,delta,-1.3618745,13.211311,5643,0.7733265161514282
11,alpha,human3,alpha,4.6778173,2.480755,5644,0.6748861074447632
8,endothelial,human3,endothelial,20.293379,0.6650559,5645,2.400496244430542
7,acinar,human3,epsilon,-2.510744,-9.786043,5646,2.094947338104248
10,beta,human3,beta,-9.358237,4.7851458,5647,0.6174808144569397
11,alpha,human3,alpha,4.7237806,3.3597918,5648,0.7281091809272766
11,alpha,human3,alpha,4.2656403,3.2518878,5649,0.8302603960037231
10,beta,human3,beta,-9.131911,4.090751,5650,0.570740282535553
10,alpha,human3,beta,-7.314916,4.2664814,5651,1.194039821624756
4,acinar,human3,acinar,6.581168,-7.5625267,5652,0.4002265930175781
7,acinar,human3,epsilon,-2.4003985,-9.8205185,5653,3.588205099105835
11,alpha,human3,alpha,4.871684,2.9636936,5654,1.0224144458770752
4,acinar,human3,acinar,6.3366747,-7.799588,5655,0.4510107040405273
2,ductal,human3,schwann,16.421497,-4.6396346,5656,1.8947193622589111
10,beta,human3,beta,-9.95849,4.6297097,5657,0.5245724320411682
4,acinar,human3,acinar,6.5719233,-9.392812,5658,0.5529994368553162
4,acinar,human3,acinar,7.01337,-8.95063,5659,1.2241086959838867
4,acinar,human3,acinar,6.656987,-8.449463,5660,0.6064984798431396
4,acinar,human3,acinar,6.725735,-8.417326,5661,0.3845422863960266
2,ductal,human3,schwann,16.19439,-4.7094326,5662,1.3456006050109863
4,acinar,human3,acinar,7.0366297,-9.343943,5663,0.573388934135437
10,beta,human3,beta,-9.434651,4.418641,5664,0.5966153144836426
4,acinar,human3,acinar,6.2866483,-8.192445,5665,0.6219226717948914
11,alpha,human3,alpha,5.0344257,3.1951854,5666,0.4880654513835907
4,acinar,human3,acinar,6.461712,-8.687888,5667,0.396585613489151
10,beta,human3,beta,-8.143479,4.8631053,5668,0.830839991569519
1,gamma,human3,gamma,-0.8758751,20.096205,5669,1.318545937538147
10,beta,human3,beta,-8.914862,5.045393,5670,0.6074178814888
10,beta,human3,beta,-7.219287,3.668881,5671,0.9111717939376832
11,alpha,human3,alpha,5.605186,2.0325606,5672,0.9251209497451782
4,acinar,human3,acinar,6.1488733,-8.665203,5673,0.6157200932502747
11,alpha,human3,alpha,4.993485,2.5022445,5674,0.5783276557922363
4,acinar,human3,acinar,7.2554464,-8.272757,5675,0.4605131447315216
12,ductal,human3,ductal,14.3064575,5.5120792,5676,1.923483967781067
11,alpha,human3,alpha,5.811623,2.4857721,5677,1.032680630683899
10,beta,human3,beta,-8.610249,3.8505754,5678,0.6389743685722351
10,beta,human3,beta,-8.607319,4.6873455,5679,0.7702919244766235
10,beta,human3,beta,-6.828197,3.915295,5680,0.6491959691047668
10,beta,human3,beta,-9.045676,2.9889617,5681,0.5381503105163574
10,ductal,human3,beta,-8.54482,4.649883,5682,1.5055898427963257
10,beta,human3,beta,-6.886952,3.594198,5683,0.9895923137664796
2,ductal,human3,schwann,16.054796,-4.9254317,5684,1.1182656288146973
10,beta,human3,beta,-9.49138,4.0753193,5685,0.637872040271759
10,beta,human3,beta,-10.785013,3.650327,5686,0.698323130607605
2,ductal,human3,schwann,15.970263,-4.447027,5687,0.8522676229476929
10,beta,human3,beta,-7.33446,3.1493878,5688,0.6308399438858032
10,beta,human3,beta,-10.109333,3.1809785,5689,0.6045784950256348
4,acinar,human3,acinar,6.3728714,-8.654246,5690,0.5764080286026001
10,beta,human3,beta,-8.720131,3.3313153,5691,0.8333567976951599
10,beta,human3,beta,-9.5814705,3.8005314,5692,0.9133948683738708
11,alpha,human3,alpha,4.5605264,3.326548,5693,0.6644994020462036
4,acinar,human3,acinar,7.202487,-8.642284,5694,0.6080976724624634
10,beta,human3,beta,-9.446797,5.111691,5695,0.7368829846382141
13,delta,human3,delta,-1.9808875,12.791013,5696,3.623354196548462
6,activated_stellate,human3,activated_stellate,7.667401,10.421304,5697,1.687510371208191
4,acinar,human3,acinar,6.5765815,-8.154106,5698,2.838065385818481
2,ductal,human3,schwann,16.022297,-4.8179364,5699,0.963575541973114
4,acinar,human3,acinar,6.8674736,-8.056855,5700,0.6531616449356079
10,beta,human3,beta,-8.711057,2.5706475,5701,1.3575539588928225
10,beta,human3,beta,-7.801003,3.211438,5702,1.0211257934570312
2,ductal,human3,schwann,15.973487,-4.426723,5703,1.0609108209609983
4,acinar,human3,acinar,6.8436065,-9.32971,5704,0.4099920094013214
11,alpha,human3,alpha,5.074025,3.1237056,5705,0.8221380710601807
13,delta,human3,delta,-1.6075435,13.4325695,5706,1.7619640827178955
10,beta,human3,beta,-8.455409,3.838691,5707,0.6938133239746094
4,acinar,human3,acinar,6.835473,-9.327285,5708,0.3845422863960266
11,alpha,human3,alpha,5.493049,2.359222,5709,1.4783610105514526
2,ductal,human3,schwann,15.7536,-4.554279,5710,1.022510290145874
10,beta,human3,beta,-10.718483,3.3077302,5711,0.7536690831184387
11,alpha,human3,alpha,4.534793,2.0490723,5712,0.7435621619224548
11,alpha,human3,alpha,4.7770486,2.5442746,5713,0.5719227194786072
10,beta,human3,beta,-8.74127,3.7672498,5714,0.6618526577949524
6,activated_stellate,human3,activated_stellate,7.779298,10.028783,5715,2.115206480026245
4,acinar,human3,acinar,6.923625,-9.352014,5716,0.9410334825515748
13,delta,human3,delta,-1.6783262,13.267569,5717,1.1564968824386597
10,beta,human3,beta,-7.2555313,3.6504407,5718,0.8215440511703491
11,alpha,human3,alpha,5.172209,2.1010277,5719,0.9814431071281432
2,ductal,human3,schwann,16.163298,-4.875987,5720,1.2677661180496216
4,acinar,human3,acinar,7.3047166,-8.731617,5721,0.5267463326454163
2,ductal,human3,schwann,16.372158,-4.769865,5722,2.1552281379699707
11,alpha,human3,alpha,5.5145545,2.9266977,5723,0.9064838886260986
5,endothelial,human3,quiescent_stellate,5.133106,16.103075,5724,2.838065385818481
4,acinar,human3,acinar,6.51426,-7.471588,5725,0.9109885692596436
11,alpha,human3,alpha,4.859208,3.2566845,5726,3.5626678466796875
11,alpha,human3,alpha,4.9386773,3.3060935,5727,1.6253976821899414
4,acinar,human3,acinar,7.088364,-8.897885,5728,0.465778648853302
10,beta,human3,beta,-9.86463,4.019166,5729,0.910880446434021
10,beta,human3,beta,-10.718118,4.6920404,5730,0.5810397863388062
2,ductal,human3,schwann,15.745462,-4.523721,5731,1.8103009462356567
2,ductal,human3,schwann,16.534082,-4.269524,5732,1.2362715005874634
4,acinar,human3,acinar,7.134319,-7.857387,5733,1.111740231513977
2,ductal,human3,schwann,16.116385,-4.232043,5734,0.9024767875671388
13,delta,human3,delta,-1.3455255,12.644756,5735,0.4996906518936157
10,beta,human3,beta,-7.404037,3.1639247,5736,0.6399427652359009
13,delta,human3,delta,-1.6027031,13.690476,5737,0.5496599674224854
4,acinar,human3,acinar,6.8541307,-9.717151,5738,0.3845422863960266
13,delta,human3,delta,-1.3558909,13.223418,5739,1.1777013540267944
11,alpha,human3,alpha,4.9005833,3.4982631,5740,0.9319844245910645
11,alpha,human3,alpha,3.8227444,2.634592,5741,0.6586673259735107
10,beta,human3,beta,-8.832042,3.0169406,5742,0.5757441520690918
8,endothelial,human3,endothelial,19.518679,1.642315,5743,2.629028558731079
2,ductal,human3,schwann,15.621963,-4.5296392,5744,1.0744343996047974
10,beta,human3,beta,-8.03128,3.2051828,5745,0.7229452729225159
10,beta,human3,beta,-10.633883,3.1853194,5746,0.7821809649467468
11,alpha,human3,alpha,4.1088037,2.2551684,5747,0.6148396134376526
7,acinar,human3,epsilon,-2.3888638,-9.786775,5748,2.094947338104248
11,alpha,human3,alpha,4.938862,3.1851528,5749,0.797538161277771
13,delta,human3,delta,-1.3622348,13.287718,5750,1.194102168083191
11,alpha,human3,alpha,4.132854,2.9347606,5751,0.8265076279640198
11,alpha,human3,alpha,5.2357807,3.4694695,5752,0.7385942339897156
10,beta,human3,beta,-10.36275,4.2373376,5753,0.6388892531394958
2,ductal,human3,schwann,16.449617,-4.328135,5754,0.9537774324417114
10,beta,human3,beta,-8.031195,4.7499137,5755,0.6675375699996948
9,macrophage,human3,macrophage,11.029718,0.7122782,5756,3.477814197540283
11,alpha,human3,alpha,5.1577034,3.2154527,5757,1.073938250541687
13,delta,human3,delta,-1.7086076,13.791351,5758,1.1535930633544922
2,ductal,human3,schwann,16.137146,-4.1683016,5759,0.8765185475349426
10,beta,human3,beta,-8.8238125,3.4636202,5760,0.8249499201774597
2,ductal,human3,schwann,15.952854,-4.260887,5761,0.9152253270149232
11,alpha,human3,alpha,5.5166845,2.3111665,5762,1.836450219154358
13,delta,human3,delta,-1.3343548,13.68782,5763,0.7746366262435913
10,beta,human3,beta,-8.833862,3.3969374,5764,0.9174328446388244
4,acinar,human3,acinar,6.762506,-7.1395235,5765,0.5085418820381165
2,ductal,human3,schwann,16.021097,-4.3610363,5766,1.0814582109451294
2,ductal,human3,schwann,15.7445345,-4.536249,5767,1.0569934844970703
10,beta,human3,beta,-9.33236,4.2045083,5768,1.059960961341858
11,alpha,human3,alpha,4.7655935,2.0273142,5769,0.8617805242538452
11,alpha,human3,alpha,5.034496,2.8596044,5770,1.0330866575241089
4,acinar,human3,acinar,7.2738285,-8.453192,5771,0.4141310453414917
10,beta,human3,beta,-10.611969,4.7639832,5772,1.0455968379974363
2,ductal,human3,schwann,15.629372,-4.5623307,5773,0.8981141448020935
2,ductal,human3,schwann,15.828579,-4.464478,5774,1.1803816556930542
10,beta,human3,beta,-7.7686825,4.6672072,5775,0.6129070520401001
11,alpha,human3,alpha,4.4072185,3.6204305,5776,0.5591603517532349
13,delta,human3,delta,-1.3655738,13.060938,5777,0.5652442574501038
11,alpha,human3,alpha,5.6400156,2.2254481,5778,0.7681776881217957
11,alpha,human3,alpha,4.386491,3.3491795,5779,0.6295793056488037
11,alpha,human3,alpha,4.5487924,2.634169,5780,0.9787918329238892
10,beta,human3,beta,-9.117083,3.4015837,5781,1.982407808303833
10,beta,human3,beta,-8.7152,3.7678387,5782,0.6128628849983215
10,beta,human3,beta,-8.41655,3.1971986,5783,0.7016043663024902
11,alpha,human3,alpha,4.950015,3.178413,5784,1.7522720098495483
11,alpha,human3,alpha,5.0235987,3.636342,5785,0.6430932879447937
4,acinar,human3,acinar,6.9349246,-8.267432,5786,1.1648420095443726
4,acinar,human3,acinar,6.6072383,-8.162306,5787,0.3967757523059845
10,beta,human3,beta,-7.4440365,2.992959,5788,0.6872700452804565
11,alpha,human3,alpha,3.7889035,2.8702805,5789,0.5933946371078491
11,alpha,human3,alpha,5.640368,2.8912427,5790,0.5200939178466797
10,beta,human3,beta,-8.797967,4.627169,5791,0.7343038320541382
11,alpha,human3,alpha,5.49859,3.2534902,5792,0.7078291773796082
4,acinar,human3,acinar,7.3259664,-7.931074,5793,0.4201367795467376
13,delta,human3,delta,-1.9675555,13.18648,5794,0.548149824142456
4,acinar,human3,acinar,7.2058926,-8.643879,5795,0.7403972744941711
10,beta,human3,beta,-7.5823054,3.8182507,5796,0.6565338969230652
11,alpha,human3,alpha,5.102287,2.7872486,5797,0.9320305585861206
2,ductal,human3,schwann,16.402962,-4.1904354,5798,1.350474834442139
10,beta,human3,beta,-7.745694,4.744978,5799,0.439831405878067
11,alpha,human3,alpha,5.8050356,2.9694746,5800,0.7504851222038269
11,alpha,human3,alpha,4.2957106,2.1236386,5801,0.579231858253479
11,alpha,human3,alpha,5.6561065,2.1992226,5802,0.7010461091995239
10,beta,human3,beta,-11.050882,4.0469465,5803,0.6241994500160217
11,alpha,human3,alpha,4.0173807,2.338053,5804,0.7191221714019775
1,gamma,human3,gamma,-0.6064383,20.021006,5805,1.6982636451721191
10,delta,human3,beta,-9.199634,3.4574013,5806,2.361757755279541
8,endothelial,human3,endothelial,20.096622,0.91208726,5807,2.7828898429870605
11,alpha,human3,alpha,5.2993956,1.8821094,5808,0.7386691570281982
10,beta,human3,beta,-9.206643,3.7287037,5809,0.6697131395339966
11,alpha,human3,alpha,4.924877,3.4143195,5810,0.5875349044799805
13,delta,human3,delta,-2.0791605,13.697957,5811,0.8316401243209839
10,beta,human3,beta,-8.253363,2.7487562,5812,0.6030788421630859
13,delta,human3,delta,-1.321361,13.23148,5813,0.8358842134475708
2,ductal,human3,schwann,15.729348,-4.5291166,5814,1.4570351839065552
10,beta,human3,beta,-9.661207,4.0581675,5815,1.038117527961731
11,alpha,human3,alpha,5.441794,2.983375,5816,1.1275843381881714
4,acinar,human3,acinar,6.3702097,-7.7773705,5817,0.4863454401493072
11,alpha,human3,alpha,5.4788914,2.8944955,5818,0.9201754927635192
10,beta,human3,beta,-7.407829,3.2240388,5819,0.3943859338760376
12,ductal,human3,ductal,14.555093,5.7754126,5820,1.7353429794311523
10,beta,human3,beta,-7.7276297,4.502703,5821,0.558615505695343
11,alpha,human3,alpha,4.5221543,3.6973414,5822,0.6111158132553101
10,beta,human3,beta,-9.412924,3.1639855,5823,0.5992216467857361
2,ductal,human3,schwann,16.04554,-4.4335403,5824,1.2997270822525024
4,acinar,human3,acinar,6.781064,-6.955578,5825,0.4913112223148346
11,alpha,human3,alpha,4.171195,2.6944282,5826,0.8753132224082947
10,beta,human3,beta,-8.800545,4.272772,5827,1.816060304641724
4,acinar,human3,acinar,7.2263136,-7.787585,5828,0.6411612629890442
11,alpha,human3,alpha,5.0679827,2.54337,5829,0.8567082285881042
11,alpha,human3,alpha,5.5486903,2.4823472,5830,0.628091037273407
11,alpha,human3,alpha,4.40944,3.0655193,5831,0.9155228734016418
11,alpha,human3,alpha,5.9746847,2.5975,5832,0.6292228102684021
10,beta,human3,beta,-8.0729475,4.8109646,5833,0.9434545040130616
2,ductal,human3,schwann,16.327728,-4.3335395,5834,1.1272990703582764
10,beta,human3,beta,-9.07427,4.568815,5835,0.9992613792419434
11,alpha,human3,alpha,5.2114687,3.101057,5836,0.7620832324028015
11,alpha,human3,alpha,5.1459737,1.9747772,5837,0.7046267986297607
4,acinar,human3,acinar,6.382789,-8.611768,5838,0.3854040205478668
2,ductal,human3,schwann,16.342373,-4.7838464,5839,1.6826716661453247
10,beta,human3,beta,-7.8656774,3.9989016,5840,0.7257424592971802
2,ductal,human3,schwann,16.397215,-4.156577,5841,0.8832404017448425
11,alpha,human3,alpha,5.100916,2.5634694,5842,1.0367023944854736
10,beta,human3,beta,-8.413552,4.7142515,5843,0.5962920188903809
10,beta,human3,beta,-8.159819,3.6867878,5844,1.0689527988433838
9,macrophage,human3,macrophage,11.567322,0.15272316,5845,2.659414291381836
10,beta,human3,beta,-9.508808,3.8470762,5846,0.8190732002258301
4,acinar,human3,acinar,6.55873,-9.155847,5847,0.8919697999954224
10,beta,human3,beta,-7.811931,4.482227,5848,1.180885910987854
2,ductal,human3,schwann,16.103506,-4.096114,5849,0.929706335067749
10,beta,human3,beta,-10.044213,4.7156954,5850,0.7244150042533875
10,beta,human3,beta,-10.290078,3.4645708,5851,0.928786277770996
2,ductal,human3,schwann,16.218119,-4.448173,5852,1.1615808010101318
11,alpha,human3,alpha,4.7597723,2.4786494,5853,1.762101173400879
10,beta,human3,beta,-10.933481,4.2866445,5854,1.4898515939712524
11,alpha,human3,alpha,5.4466105,2.4124107,5855,0.6699827909469604
11,alpha,human3,alpha,4.4088273,3.647999,5856,0.6059282422065735
11,alpha,human3,alpha,4.722743,2.7846394,5857,0.5671877861022949
11,alpha,human3,alpha,4.647615,2.4857907,5858,0.8032786250114441
11,alpha,human3,alpha,4.5730443,3.0170255,5859,0.8089274168014526
10,beta,human3,beta,-7.8360004,3.8327703,5860,0.7062276601791382
10,beta,human3,beta,-8.981352,3.049508,5861,0.8680442571640015
11,alpha,human3,alpha,4.3615756,2.0954068,5862,1.1803985834121704
11,alpha,human3,alpha,5.107532,3.5560799,5863,1.2245880365371704
10,beta,human3,beta,-9.039596,3.842471,5864,0.864745020866394
8,endothelial,human3,endothelial,20.076002,0.94231343,5865,2.838065385818481
11,alpha,human3,alpha,4.352247,3.5333061,5866,0.6025612354278564
10,beta,human3,beta,-10.056888,4.487918,5867,1.5036348104476929
11,alpha,human3,alpha,4.3749404,2.7422168,5868,0.8108583092689514
2,ductal,human3,schwann,16.23899,-4.305616,5869,1.2322763204574585
8,endothelial,human3,endothelial,19.864529,1.213698,5870,2.838065385818481
11,alpha,human3,alpha,4.5505424,3.460686,5871,1.197166919708252
4,acinar,human3,acinar,6.648418,-7.976407,5872,0.5243691205978394
2,ductal,human3,schwann,16.10766,-4.5994024,5873,0.8853370547294617
6,activated_stellate,human3,activated_stellate,7.534453,10.268863,5874,1.6218317747116089
11,alpha,human3,alpha,5.1889243,2.7742841,5875,0.5402199625968933
10,beta,human3,beta,-8.869523,4.2172575,5876,1.0024183988571167
10,beta,human3,beta,-8.986894,2.6239328,5877,1.1974587440490725
11,alpha,human3,alpha,4.9258146,2.210798,5878,0.7302020788192749
8,endothelial,human3,endothelial,20.043898,0.98177254,5879,2.52614426612854
11,alpha,human3,alpha,4.3618703,3.3640828,5880,0.6698344349861145
2,ductal,human3,schwann,16.236902,-4.260893,5881,1.1804656982421875
13,delta,human3,delta,-1.8822134,13.074085,5882,1.100722074508667
11,alpha,human3,alpha,3.7705967,2.7960536,5883,0.6475392580032349
11,alpha,human3,alpha,5.337616,3.135892,5884,0.9126640558242798
4,acinar,human3,acinar,7.075935,-9.678033,5885,0.4911247789859772
2,ductal,human3,schwann,16.410107,-4.3240104,5886,0.9621869325637816
11,alpha,human3,alpha,5.685714,2.7346332,5887,0.7977419495582581
3,alpha,human3,mast,12.817116,16.455795,5888,1.3567025661468506
11,alpha,human3,alpha,4.6159635,3.5153127,5889,0.8598896861076355
11,alpha,human3,alpha,4.268514,2.3348784,5890,0.7731494307518005
2,ductal,human3,schwann,16.277567,-4.740089,5891,1.226131558418274
11,alpha,human3,alpha,5.748619,2.35716,5892,0.7076523303985596
2,ductal,human3,schwann,16.297222,-4.321934,5893,3.588205099105835
11,alpha,human3,alpha,5.347907,3.3618228,5894,1.084507703781128
11,alpha,human3,alpha,5.7041364,2.135067,5895,0.7176735401153564
10,beta,human3,beta,-8.8714075,3.4479527,5896,0.8110645413398743
10,beta,human3,beta,-7.7826505,3.123982,5897,0.9015925526618958
10,beta,human3,beta,-10.5531,3.8554502,5898,0.6008008122444153
4,acinar,human3,acinar,7.189646,-8.97913,5899,0.3991341888904571
11,alpha,human3,alpha,3.995063,2.4189641,5900,0.6537700295448303
11,alpha,human3,alpha,5.364959,2.0467398,5901,1.0430912971496582
11,alpha,human3,alpha,4.6108513,2.8984005,5902,1.539299249649048
2,ductal,human3,schwann,15.845532,-4.292293,5903,1.3674308061599731
11,alpha,human3,alpha,3.880389,3.1140115,5904,0.599789023399353
4,acinar,human3,acinar,6.5324526,-8.4284525,5905,1.141808032989502
11,alpha,human3,alpha,4.9195976,3.4866111,5906,0.7415021657943726
10,beta,human3,beta,-9.279577,4.9105244,5907,0.7869729399681091
10,beta,human3,beta,-8.293446,3.7862263,5908,0.9184044003486632
13,delta,human3,delta,-2.0494564,13.543234,5909,0.7180368900299072
4,acinar,human3,acinar,6.8558273,-7.270702,5910,0.5280588269233704
11,alpha,human3,alpha,5.366959,2.360898,5911,1.1917682886123655
11,alpha,human3,alpha,5.107761,2.7486012,5912,1.2344740629196167
10,beta,human3,beta,-7.6267366,4.4674287,5913,0.96928071975708
11,alpha,human3,alpha,5.2606344,2.7299924,5914,0.7128111124038696
5,acinar,human3,quiescent_stellate,4.858549,16.216206,5915,2.1955575942993164
11,gamma,human3,alpha,5.1347437,2.593744,5916,1.5578043460845947
11,alpha,human3,alpha,5.63782,2.2450736,5917,0.6739549040794373
11,alpha,human3,alpha,5.399899,3.389518,5918,1.1528347730636597
10,beta,human3,beta,-10.16165,4.7865996,5919,0.6667146682739258
11,alpha,human3,alpha,4.7540827,3.1602569,5920,0.7230952382087708
10,beta,human3,beta,-8.763784,2.7075171,5921,0.6633039116859436
2,ductal,human3,schwann,15.887583,-4.535716,5922,1.814013719558716
2,ductal,human3,schwann,16.330715,-4.6391606,5923,0.7993792295455933
11,alpha,human3,alpha,4.979194,2.1008315,5924,0.8883562684059143
10,beta,human3,beta,-9.849305,3.8535395,5925,0.6071768999099731
11,alpha,human3,alpha,4.0902014,3.1060975,5926,0.6829514503479004
4,acinar,human3,acinar,7.4166384,-7.8082314,5927,0.3845422863960266
2,ductal,human3,schwann,15.833495,-4.5440726,5928,0.9438731074333192
11,alpha,human3,alpha,5.283921,1.9520179,5929,0.6244414448738098
11,alpha,human3,alpha,5.4690228,2.871946,5930,0.6443556547164917
11,alpha,human3,alpha,4.469558,3.1833982,5931,1.1239285469055176
11,alpha,human3,alpha,5.434072,2.5597265,5932,1.8859397172927856
10,beta,human3,beta,-7.344554,4.4744368,5933,0.6293191313743591
11,alpha,human3,alpha,4.78109,2.5072162,5934,1.7407931089401243
10,beta,human3,beta,-8.818915,3.9214544,5935,1.1591668128967283
10,beta,human3,beta,-8.600905,4.4727516,5936,0.5959955453872681
11,alpha,human3,alpha,4.101487,2.4870365,5937,1.987148404121399
11,alpha,human3,alpha,4.298888,2.5675037,5938,0.8374882936477661
10,beta,human3,beta,-10.569804,3.5107775,5939,0.8547875881195068
11,alpha,human3,alpha,4.656769,2.925829,5940,1.1776460409164429
11,alpha,human3,alpha,4.8327174,2.2871277,5941,0.7333418130874634
11,alpha,human3,alpha,4.8914247,2.6898263,5942,0.6524817943572998
11,alpha,human3,alpha,5.0303993,2.3095825,5943,1.5300147533416748
11,alpha,human3,alpha,5.1842494,2.3309453,5944,0.5759474635124207
11,alpha,human3,alpha,4.758006,2.253025,5945,2.1339735984802246
10,beta,human3,beta,-9.435667,3.2784698,5946,0.5954914093017578
10,beta,human3,beta,-10.264826,3.751669,5947,0.6216244101524353
6,activated_stellate,human3,activated_stellate,7.512795,10.727042,5948,1.6333783864974976
5,endothelial,human3,quiescent_stellate,5.070731,16.173153,5949,2.838065385818481
6,activated_stellate,human3,activated_stellate,7.591934,10.13025,5950,1.5822120904922483
6,activated_stellate,human3,activated_stellate,7.6221385,10.604296,5951,2.0653650760650635
10,beta,human3,beta,-8.696903,3.93757,5952,0.8575810194015503
2,ductal,human3,schwann,15.682844,-4.482171,5953,3.568047046661377
2,ductal,human3,schwann,15.94566,-4.6354575,5954,0.9115995168685912
6,activated_stellate,human3,activated_stellate,7.7565484,9.944082,5955,1.8398979902267456
2,ductal,human3,schwann,16.229082,-4.077223,5956,1.2630107402801514
4,acinar,human3,acinar,7.0000844,-8.029122,5957,0.3868107497692108
11,alpha,human3,alpha,5.8096094,2.952803,5958,1.1684528589248655
10,beta,human3,beta,-9.681056,3.5442913,5959,0.8097434043884277
2,ductal,human3,schwann,16.201248,-4.109264,5960,1.1023648977279663
1,gamma,human3,gamma,-0.90590566,20.41436,5961,0.9576289057731628
6,activated_stellate,human3,activated_stellate,7.7802787,10.073806,5962,1.8693007230758667
10,beta,human3,beta,-8.070734,3.8695753,5963,1.750222086906433
13,delta,human3,delta,-1.4798756,13.070294,5964,1.2063758373260498
11,alpha,human3,alpha,4.5382094,2.5555696,5965,0.6406270861625671
10,beta,human3,beta,-9.0656,4.409455,5966,1.033763408660889
11,alpha,human3,alpha,5.4148016,3.116274,5967,1.6555140018463137
4,acinar,human3,acinar,6.555901,-9.473477,5968,0.4361900091171264
4,acinar,human3,acinar,7.3790836,-8.350717,5969,0.3986866474151611
11,alpha,human3,alpha,4.988562,2.438141,5970,1.6944817304611206
11,alpha,human3,alpha,4.374702,3.384386,5971,0.7658655047416687
2,ductal,human3,schwann,16.279884,-4.8151855,5972,0.9606334567070008
13,ductal,human3,delta,-2.132462,12.967115,5973,1.729776382446289
10,beta,human3,beta,-8.569385,3.988318,5974,0.6599342226982117
11,alpha,human3,alpha,4.608778,3.407116,5975,0.5428367853164673
11,alpha,human3,alpha,5.2200494,2.5639408,5976,0.8271228075027466
11,alpha,human3,alpha,4.71802,3.0012708,5977,0.8738828897476196
2,ductal,human3,schwann,16.053925,-4.627335,5978,3.0421478748321533
2,ductal,human3,schwann,15.989231,-4.237749,5979,0.9709166884422302
11,alpha,human3,alpha,3.794999,2.76046,5980,0.4895446300506592
10,beta,human3,beta,-8.982303,3.620701,5981,0.6151050329208374
11,alpha,human3,alpha,5.243716,1.9646378,5982,0.8242430686950684
4,acinar,human3,acinar,6.7466865,-7.8282523,5983,1.0322701930999756
11,alpha,human3,alpha,4.0629005,2.5791202,5984,0.535270094871521
10,beta,human3,beta,-9.125458,2.4625373,5985,0.6802884340286255
6,activated_stellate,human3,activated_stellate,7.579154,10.276736,5986,1.726335525512695
10,beta,human3,beta,-8.151714,3.405333,5987,0.6141412258148193
10,beta,human3,beta,-9.31974,4.549814,5988,0.8382940888404846
11,alpha,human3,alpha,4.287334,3.652221,5989,0.5832526683807373
2,ductal,human3,schwann,16.053694,-4.119763,5990,1.4881027936935425
11,alpha,human3,alpha,4.6348658,3.5074205,5991,1.5445160865783691
4,acinar,human3,acinar,6.75172,-9.101375,5992,0.5987828969955444
11,alpha,human3,alpha,5.447014,2.2726798,5993,0.6523720026016235
1,gamma,human3,gamma,-0.48055404,20.08943,5994,1.714618682861328
13,delta,human3,delta,-1.5150704,13.425746,5995,2.361757755279541
6,activated_stellate,human3,activated_stellate,7.817622,10.249507,5996,1.701150894165039
11,alpha,human3,alpha,4.4582343,2.1362581,5997,0.7069995999336243
11,alpha,human3,alpha,5.521915,3.1943264,5998,0.8296746015548706
11,alpha,human3,alpha,5.8591514,2.7715492,5999,0.6928694248199463
11,alpha,human3,alpha,5.202294,3.4970243,6000,0.7325272560119629
11,alpha,human3,alpha,4.6545906,2.3339348,6001,0.5503513813018799
4,acinar,human3,acinar,6.904678,-7.7754555,6002,0.959347665309906
11,alpha,human3,alpha,4.4164853,3.176892,6003,0.7188426852226257
10,delta,human3,beta,-9.185398,3.3334572,6004,2.1809301376342773
11,alpha,human3,alpha,4.99098,2.6664946,6005,0.9973026514053344
10,beta,human3,beta,-9.609212,4.0785904,6006,1.0281919240951538
11,alpha,human3,alpha,5.218025,2.8318279,6007,0.9859381318092346
2,ductal,human3,schwann,16.135609,-4.4580665,6008,0.8488755226135254
11,alpha,human3,alpha,5.384187,2.166692,6009,0.9004557132720947
11,alpha,human3,alpha,4.1850567,3.481528,6010,0.6644206643104553
10,beta,human3,beta,-8.776371,3.2494528,6011,0.7600498795509338
11,alpha,human3,alpha,4.8447943,2.0236788,6012,0.7506350874900818
5,quiescent_stellate,human3,quiescent_stellate,4.9042892,16.268654,6013,1.899663209915161
11,alpha,human3,alpha,5.358421,2.0363283,6014,0.5619672536849976
10,beta,human3,beta,-8.081856,3.9428937,6015,1.252626657485962
0,delta,human3,t_cell,22.02524,9.941548,6016,1.167945384979248
11,alpha,human3,alpha,4.5944524,2.2523243,6017,0.7412086725234985
4,acinar,human3,acinar,6.783856,-9.150055,6018,0.6940214037895203
11,alpha,human3,alpha,4.971352,2.86221,6019,1.5263680219650269
2,ductal,human3,schwann,16.03607,-4.452256,6020,1.1863434314727783
10,beta,human3,beta,-8.574502,4.530545,6021,0.6751464009284973
11,alpha,human3,alpha,5.2695227,2.4580338,6022,0.7500520944595337
10,beta,human3,beta,-8.609527,3.184019,6023,0.7069058418273926
10,beta,human3,beta,-9.633996,3.8060503,6024,0.9869370460510254
4,acinar,human3,acinar,6.670765,-7.569916,6025,0.7116816639900208
10,beta,human3,beta,-10.290835,4.645197,6026,0.5467565655708313
11,alpha,human3,alpha,4.2475195,2.942522,6027,0.8846328258514404
8,endothelial,human3,endothelial,19.415722,1.8495389,6028,2.7449285984039307
2,ductal,human3,schwann,16.641102,-4.3876586,6029,3.548836231231689
11,alpha,human3,alpha,5.456839,2.9397187,6030,0.7919235825538635
11,alpha,human3,alpha,4.680712,3.5869105,6031,0.7861079573631287
11,alpha,human3,alpha,4.8989687,3.2828941,6032,1.7556278705596924
11,alpha,human3,alpha,5.199615,1.9975685,6033,0.478195458650589
13,delta,human3,delta,-1.630133,12.895653,6034,1.1668657064437866
4,acinar,human3,acinar,6.4890437,-8.281489,6035,0.4977386891841888
10,beta,human3,beta,-9.07949,4.6124616,6036,0.7944328784942627
10,beta,human3,beta,-9.106432,3.5070083,6037,1.5408921241760254
11,alpha,human3,alpha,4.774742,3.697119,6038,1.7106982469558716
4,acinar,human3,acinar,6.930146,-8.168347,6039,0.5817116498947144
6,activated_stellate,human3,activated_stellate,7.767926,9.855889,6040,1.5532753467559814
11,alpha,human3,alpha,5.4291787,2.9837036,6041,2.0169320106506348
4,acinar,human3,acinar,6.9974794,-9.824921,6042,0.3906053900718689
11,alpha,human3,alpha,5.0543885,3.13431,6043,1.696090579032898
11,alpha,human3,alpha,4.67873,3.1614327,6044,0.6805786490440369
4,acinar,human3,acinar,6.8091507,-8.988682,6045,0.532056987285614
1,gamma,human3,gamma,-0.82207,20.14965,6046,2.0914628505706787
11,alpha,human3,alpha,4.4896545,3.2689154,6047,0.5734217762947083
4,alpha,human3,acinar,6.9974337,-7.5688453,6048,1.6849961280822754
4,acinar,human3,acinar,6.9094176,-8.617478,6049,2.461264133453369
11,alpha,human3,alpha,5.3114114,2.9904253,6050,0.5466938614845276
11,alpha,human3,alpha,5.580146,2.2816303,6051,0.7947322726249695
10,alpha,human3,beta,-9.597621,3.5923514,6052,2.202913284301758
1,epsilon,human3,gamma,-1.002041,20.405237,6053,1.772164225578308
11,alpha,human3,alpha,4.717998,3.7072794,6054,1.130362033843994
11,alpha,human3,alpha,5.4780636,2.4914644,6055,0.5608032941818237
11,alpha,human3,alpha,4.633818,2.411279,6056,0.8189733624458313
13,delta,human3,delta,-1.8427119,13.133208,6057,1.045189380645752
2,ductal,human3,schwann,16.201553,-4.0410604,6058,1.2567218542099
11,alpha,human3,alpha,3.8040445,2.7677627,6059,0.655414879322052
7,ductal,human3,epsilon,-2.3186672,-9.848564,6060,2.1904239654541016
10,beta,human3,beta,-7.1246386,4.004618,6061,0.8822697997093201
11,alpha,human3,alpha,5.675471,2.6863604,6062,1.0597418546676636
11,alpha,human3,alpha,4.872191,2.7359707,6063,1.1181979179382324
11,alpha,human3,alpha,5.3019485,3.1205485,6064,1.1155589818954468
11,alpha,human3,alpha,5.3054204,2.9756079,6065,1.4329148530960083
10,beta,human3,beta,-10.070614,4.073319,6066,0.6180038452148438
3,alpha,human3,mast,11.700963,15.859129,6067,1.079153537750244
11,alpha,human3,alpha,4.9639153,2.3841333,6068,0.8503949642181396
4,acinar,human3,acinar,7.1053553,-9.550958,6069,0.5626093149185181
12,ductal,human3,ductal,14.197012,5.396351,6070,3.588205099105835
11,endothelial,human3,alpha,5.5704756,2.3634946,6071,2.4939630031585693
2,ductal,human3,schwann,15.716699,-4.5955005,6072,1.7491556406021118
4,acinar,human3,acinar,7.115145,-7.8835964,6073,0.3884604275226593
4,acinar,human3,acinar,7.1244164,-7.9852037,6074,0.4717490077018738
11,alpha,human3,alpha,5.3843284,2.604967,6075,0.8102492690086365
11,alpha,human3,alpha,4.490976,3.0346904,6076,1.0245625972747805
11,alpha,human3,alpha,4.5769153,2.5160863,6077,1.021669626235962
4,acinar,human3,acinar,6.7835336,-8.276308,6078,0.3873950242996216
11,alpha,human3,alpha,4.54857,3.3728938,6079,0.6053495407104492
11,alpha,human3,alpha,4.6647983,2.8367662,6080,1.1374906301498413
6,activated_stellate,human3,activated_stellate,7.7798247,10.442137,6081,1.7234745025634766
11,alpha,human3,alpha,4.816772,2.2675912,6082,0.7252858281135559
7,acinar,human3,epsilon,-2.5375562,-9.892222,6083,2.213029146194458
11,alpha,human3,alpha,5.0527143,2.785772,6084,0.9861040711402892
10,beta,human3,beta,-10.781644,4.472671,6085,0.5828354358673096
2,ductal,human3,schwann,15.897625,-4.2516217,6086,1.25965678691864
11,alpha,human3,alpha,4.8651404,3.2917495,6087,0.639180064201355
10,beta,human3,beta,-8.865041,3.4950957,6088,0.771316409111023
11,alpha,human3,alpha,3.8260865,2.7090106,6089,0.5427941083908081
11,alpha,human3,alpha,5.3779397,2.6572366,6090,1.342102289199829
11,alpha,human3,alpha,5.395964,2.522567,6091,1.0593690872192385
10,beta,human3,beta,-10.031357,3.5227296,6092,0.7226089835166931
4,acinar,human3,acinar,6.793653,-8.570801,6093,0.801723837852478
11,alpha,human3,alpha,4.705791,2.3239706,6094,0.8409369587898254
11,alpha,human3,alpha,4.1706395,2.722006,6095,0.6752381324768066
4,acinar,human3,acinar,6.9616356,-9.092804,6096,1.0611255168914795
13,delta,human3,delta,-2.162211,13.342176,6097,0.9905794858932496
11,alpha,human3,alpha,4.443944,2.4164977,6098,0.8428932428359985
11,alpha,human3,alpha,4.9615355,2.5833902,6099,0.5806999206542969
11,alpha,human3,alpha,4.107799,3.2912154,6100,1.050177812576294
6,activated_stellate,human3,activated_stellate,7.774847,9.832925,6101,1.758936882019043
10,beta,human3,beta,-8.847513,3.3721707,6102,1.6747126579284668
10,beta,human3,beta,-8.090688,3.876199,6103,0.7463093996047974
11,alpha,human3,alpha,4.7426767,2.5515373,6104,1.360783934593201
13,delta,human3,delta,-1.3940095,13.876335,6105,1.2152749300003052
2,ductal,human3,schwann,16.10007,-4.125718,6106,1.2297682762145996
10,beta,human3,beta,-8.619922,4.8751645,6107,0.7395815253257751
11,alpha,human3,alpha,5.3457007,2.838369,6108,0.8402707576751709
2,ductal,human3,schwann,16.544655,-4.495268,6109,1.0309025049209597
11,alpha,human3,alpha,4.6029577,3.0281844,6110,2.359344959259033
11,alpha,human3,alpha,4.7053723,3.025089,6111,0.493737131357193
4,acinar,human3,acinar,6.793123,-9.133471,6112,0.9112218618392944
1,gamma,human3,gamma,-0.93312806,20.36885,6113,1.0027430057525637
6,activated_stellate,human3,activated_stellate,7.8064985,9.884355,6114,1.9434757232666016
10,beta,human3,beta,-9.510803,4.715455,6115,0.5814288258552551
4,acinar,human3,acinar,7.318639,-8.273088,6116,0.4175586700439453
4,acinar,human3,acinar,6.4575214,-8.9570055,6117,0.4050421714782715
11,alpha,human3,alpha,5.4347663,2.4701235,6118,0.7057054042816162
10,beta,human3,beta,-8.900597,4.3179293,6119,0.9434890747070312
11,alpha,human3,alpha,5.3501043,2.5912058,6120,0.6188941597938538
10,beta,human3,beta,-9.201111,4.93978,6121,0.7136702537536621
10,beta,human3,beta,-9.412187,3.5747187,6122,0.6743844151496887
11,alpha,human3,alpha,4.40332,2.2364428,6123,0.882608950138092
3,alpha,human3,mast,12.603036,16.340876,6124,0.6764912009239197
2,ductal,human3,schwann,16.029524,-4.349236,6125,0.976978063583374
2,ductal,human3,schwann,16.053188,-4.267799,6126,1.2677029371261597
6,activated_stellate,human3,activated_stellate,7.8003345,10.077797,6127,1.7649236917495728
4,acinar,human3,acinar,7.0312986,-8.39808,6128,0.5685862302780151
10,beta,human3,beta,-8.462236,4.901659,6129,0.8325886130332947
10,beta,human3,beta,-10.0766,5.0094514,6130,1.2225673198699951
4,acinar,human3,acinar,6.9961896,-9.299069,6131,0.610173761844635
10,beta,human3,beta,-9.073538,3.7303357,6132,1.6276612281799316
11,alpha,human3,alpha,4.94374,2.87256,6133,0.6359097957611084
6,activated_stellate,human3,activated_stellate,7.763527,10.075901,6134,1.7819839715957642
4,acinar,human3,acinar,6.9074535,-7.6071577,6135,0.4107921719551086
11,alpha,human3,alpha,5.2839994,2.9345276,6136,1.1099921464920044
2,ductal,human3,schwann,15.562825,-4.527868,6137,0.9605666995048524
10,beta,human3,beta,-7.0062366,3.9131696,6138,0.6241270899772644
11,alpha,human3,alpha,4.4823904,2.9329026,6139,0.6537922620773315
11,alpha,human3,alpha,5.4378624,2.3069625,6140,0.8087050318717957
10,beta,human3,beta,-9.741311,4.1725984,6141,0.6880893111228943
11,alpha,human3,alpha,4.126362,2.3748138,6142,1.0591596364974976
11,alpha,human3,alpha,5.463852,3.2176487,6143,1.4620091915130615
4,acinar,human3,acinar,6.528252,-9.0481205,6144,0.4919425845146179
11,alpha,human3,alpha,5.1127944,2.2115402,6145,0.5405569672584534
11,alpha,human3,alpha,4.5034914,3.6754024,6146,0.6963525414466858
11,alpha,human3,alpha,5.3475294,3.0696878,6147,0.5468254685401917
10,beta,human3,beta,-7.6134615,3.7884765,6148,1.367236852645874
11,alpha,human3,alpha,5.015494,3.3489819,6149,1.1197969913482666
10,beta,human3,beta,-10.708128,4.63712,6150,0.8673973083496094
2,ductal,human3,schwann,16.02168,-4.19016,6151,1.050754189491272
11,alpha,human3,alpha,4.3742747,2.4995618,6152,0.5559155344963074
11,alpha,human3,alpha,3.930635,2.8240683,6153,1.1292681694030762
2,ductal,human3,schwann,16.06542,-4.2920957,6154,0.9022597670555116
4,acinar,human3,acinar,7.1668906,-8.968309,6155,0.5226786732673645
2,ductal,human3,schwann,16.17721,-4.0725436,6156,1.263421893119812
4,acinar,human3,acinar,6.6151395,-8.702475,6157,0.5878618955612183
4,acinar,human3,acinar,7.0087886,-8.96249,6158,0.4891221821308136
10,beta,human3,beta,-10.540599,4.2555366,6159,0.870274007320404
4,acinar,human3,acinar,6.9047294,-8.311879,6160,0.3845422863960266
4,alpha,human3,acinar,6.873179,-7.5426245,6161,1.44641375541687
11,alpha,human3,alpha,4.5040646,2.7598655,6162,1.348629593849182
2,ductal,human3,schwann,16.165117,-4.0814877,6163,1.0123348236083984
11,alpha,human3,alpha,5.7316933,2.4994721,6164,0.7983530163764954
11,alpha,human3,alpha,4.5422626,3.3933465,6165,0.533964216709137
6,activated_stellate,human3,activated_stellate,7.6406093,10.298935,6166,1.9374102354049685
4,acinar,human3,acinar,6.7977276,-7.7202926,6167,0.4687645435333252
4,acinar,human3,acinar,7.362962,-8.098922,6168,0.7219474911689758
11,alpha,human3,alpha,4.579358,2.3141232,6169,0.8323773145675659
4,acinar,human3,acinar,6.990717,-8.806012,6170,0.6523838639259338
11,alpha,human3,alpha,5.346187,2.3862975,6171,0.7561939358711243
11,alpha,human3,alpha,4.9344473,2.0042472,6172,1.0661529302597046
4,beta,human3,acinar,6.7540193,-6.8670316,6173,1.1654733419418335
11,alpha,human3,alpha,4.415782,2.0324733,6174,0.8006841540336609
2,ductal,human3,schwann,16.079466,-4.7296667,6175,3.588205099105835
8,endothelial,human3,endothelial,19.681307,1.4060211,6176,2.67577862739563
4,acinar,human3,acinar,7.2935314,-7.9704075,6177,1.1990379095077517
11,alpha,human3,alpha,5.431191,2.139045,6178,0.7659186720848083
2,ductal,human3,schwann,16.15802,-4.4637294,6179,1.0058504343032837
2,ductal,human3,schwann,15.9243965,-4.730501,6180,1.328437566757202
2,ductal,human3,schwann,15.776165,-4.501857,6181,0.929972529411316
11,alpha,human3,alpha,4.4651136,2.5326214,6182,0.6764019131660461
3,alpha,human3,mast,13.228894,16.035461,6183,0.819972813129425
11,alpha,human3,alpha,4.602177,2.6146073,6184,0.5896827578544617
9,macrophage,human3,macrophage,11.053363,0.6881983,6185,2.510169506072998
2,ductal,human3,schwann,15.6349325,-4.516399,6186,1.0243687629699707
11,alpha,human3,alpha,4.3996363,3.4118545,6187,0.9249428510665894
11,alpha,human3,alpha,5.19142,1.9153082,6188,1.382681131362915
3,alpha,human3,mast,13.279227,16.030762,6189,1.035690426826477
11,alpha,human3,alpha,5.4005394,2.6108987,6190,1.0472674369812012
6,activated_stellate,human3,activated_stellate,7.598501,11.04889,6191,2.4793527126312256
11,alpha,human3,alpha,5.4040794,2.9665816,6192,1.3742821216583252
11,alpha,human3,alpha,5.225573,2.0749485,6193,1.0730397701263428
12,ductal,human3,ductal,14.293681,6.9737716,6194,2.240983009338379
11,alpha,human3,alpha,5.415127,2.6677494,6195,1.169532060623169
11,alpha,human3,alpha,4.319305,3.1028302,6196,0.8282506465911865
11,alpha,human3,alpha,5.499727,2.703298,6197,0.6160479784011841
2,ductal,human3,schwann,16.15131,-4.817317,6198,1.2703300714492798
11,alpha,human3,alpha,4.8181667,2.2363756,6199,2.1479077339172363
11,alpha,human3,alpha,4.1654696,3.1255858,6200,0.7216026186943054
11,alpha,human3,alpha,4.1811037,2.1831737,6201,0.6812218427658081
11,alpha,human3,alpha,4.99628,3.3005853,6202,2.466262102127075
11,alpha,human3,alpha,5.1127234,3.26956,6203,2.255326986312866
3,alpha,human3,mast,11.909408,15.734412,6204,1.16485857963562
11,alpha,human3,alpha,4.7542605,2.287148,6205,0.5215363502502441
10,endothelial,human3,beta,-8.230954,2.5374577,6206,2.838065385818481
10,beta,human3,beta,-8.741657,3.1577811,6207,0.7691563963890076
10,beta,human3,beta,-10.308418,4.5972877,6208,1.6400904655456543
12,ductal,human3,ductal,14.341127,5.5577807,6209,1.650383472442627
10,beta,human3,beta,-7.7811646,3.003579,6210,0.6343327760696411
11,alpha,human3,alpha,4.242936,2.2136655,6211,1.9733045101165767
10,beta,human3,beta,-9.280532,4.1097975,6212,0.7921518087387085
13,delta,human3,delta,-1.8780301,13.082537,6213,1.7666778564453125
4,acinar,human3,acinar,6.670453,-7.403647,6214,1.358709692955017
11,alpha,human3,alpha,4.9733963,2.2481499,6215,1.2027335166931152
4,acinar,human3,acinar,6.8201365,-7.76041,6216,0.9780234098434448
2,ductal,human3,schwann,16.072798,-4.69748,6217,1.466213345527649
10,beta,human3,beta,-9.15582,3.0879037,6218,0.6630697250366211
12,ductal,human3,ductal,14.29037,5.694221,6219,1.9044852256774905
1,gamma,human3,gamma,-0.8197113,20.27118,6220,1.1533989906311035
4,acinar,human3,acinar,7.16287,-8.159544,6221,1.1684048175811768
10,beta,human3,beta,-9.056784,3.0528753,6222,1.5295435190200806
11,alpha,human3,alpha,4.134038,2.1956468,6223,0.5997467041015625
11,alpha,human3,alpha,4.858042,2.8140948,6224,0.7854607105255127
10,beta,human3,beta,-8.264036,4.135056,6225,0.7699596285820007
10,beta,human3,beta,-10.969299,3.7761278,6226,0.7207698822021484
4,acinar,human3,acinar,6.583651,-7.874279,6227,0.4511677324771881
11,alpha,human3,alpha,5.1791205,2.7756221,6228,2.433835983276367
11,alpha,human3,alpha,4.8095665,3.1768122,6229,0.7683104276657104
11,alpha,human3,alpha,4.3677354,2.9839268,6230,0.7603603005409241
11,alpha,human3,alpha,4.354358,2.0825245,6231,1.1444779634475708
13,delta,human3,delta,-1.7340281,13.190561,6232,0.7971869111061096
11,alpha,human3,alpha,4.507075,2.6477025,6233,0.683417797088623
9,mast,human3,macrophage,11.212621,0.5231153,6234,3.494101285934448
4,acinar,human3,acinar,7.0363293,-7.4811,6235,0.4056542515754699
11,alpha,human3,alpha,4.383539,2.328762,6236,0.6437855362892151
11,alpha,human3,alpha,4.934298,2.607688,6237,1.1341997385025024
6,activated_stellate,human3,activated_stellate,7.720641,10.5549,6238,1.887876391410828
8,endothelial,human3,endothelial,20.385784,0.5532565,6239,2.0539891719818115
10,beta,human3,beta,-9.994841,4.220791,6240,1.1386877298355105
4,acinar,human3,acinar,6.7730885,-7.6245093,6241,0.9460732936859132
13,delta,human3,delta,-1.8029851,13.24784,6242,0.8274376392364502
10,beta,human3,beta,-9.542843,4.8706126,6243,0.6459911465644836
11,alpha,human3,alpha,4.3553615,2.2262938,6244,0.5696859955787659
11,alpha,human3,alpha,4.369817,2.6850574,6245,0.9546945691108704
11,alpha,human3,alpha,4.6114397,3.2338312,6246,1.2031229734420776
10,beta,human3,beta,-8.946942,5.219262,6247,0.7084603905677795
8,endothelial,human3,endothelial,19.919916,1.1313092,6248,2.2084200382232666
10,alpha,human3,beta,-7.332012,4.1419063,6249,1.1419261693954468
4,acinar,human3,acinar,6.6852026,-8.855425,6250,0.5380298495292664
9,mast,human3,macrophage,11.618824,0.099954024,6251,4.432863235473633
2,ductal,human3,schwann,15.764726,-4.5477023,6252,3.408586978912353
11,alpha,human3,alpha,4.914928,2.7075756,6253,1.1300641298294067
8,endothelial,human3,endothelial,19.71614,1.3990961,6254,2.838065385818481
12,ductal,human3,ductal,14.637572,5.923908,6255,2.187195301055908
11,alpha,human3,alpha,4.6939883,2.8110645,6256,0.5615876317024231
11,alpha,human3,alpha,4.9669147,1.9913942,6257,0.750056803226471
11,alpha,human3,alpha,4.933639,2.7548974,6258,1.010400891304016
11,alpha,human3,alpha,5.184111,2.8632174,6259,1.2386841773986816
11,alpha,human3,alpha,5.990118,2.5919402,6260,0.5656422972679138
13,delta,human3,delta,-1.7669065,13.207035,6261,1.6807268857955933
5,quiescent_stellate,human3,quiescent_stellate,5.089285,16.150671,6262,1.3541978597640991
11,alpha,human3,alpha,4.1893644,2.3358939,6263,0.7535313963890076
10,beta,human3,beta,-9.365426,3.78452,6264,1.4326798915863037
12,ductal,human3,ductal,14.566157,6.0433125,6265,1.4073779582977295
11,alpha,human3,alpha,4.97509,2.324937,6266,1.0502893924713137
8,endothelial,human3,endothelial,19.852089,1.2173494,6267,2.762611389160156
11,alpha,human3,alpha,4.9781084,1.9136739,6268,0.9425605535507202
11,alpha,human3,alpha,4.8005157,2.9999757,6269,0.6140533685684204
11,alpha,human3,alpha,5.5573545,2.9283478,6270,0.6974359154701233
11,alpha,human3,alpha,5.403846,2.6324847,6271,0.968425750732422
4,acinar,human3,acinar,6.474069,-8.39335,6272,1.2594960927963257
8,endothelial,human3,endothelial,19.372427,1.9286804,6273,2.423502922058105
2,ductal,human3,schwann,15.853021,-4.506149,6274,1.244946837425232
3,alpha,human3,mast,11.889441,15.953665,6275,1.256179690361023
10,beta,human3,beta,-10.671042,3.4537182,6276,1.0188759565353394
10,beta,human3,beta,-9.370032,2.9990923,6277,0.8390659093856812
11,alpha,human3,alpha,4.014095,3.262895,6278,0.6776423454284668
10,beta,human3,beta,-9.704543,3.2903855,6279,0.7491839528083801
11,alpha,human3,alpha,4.2816195,2.4508963,6280,0.9409102201461792
10,beta,human3,beta,-10.409403,3.7424946,6281,1.1988821029663086
10,beta,human3,beta,-10.26308,4.1488404,6282,0.79042649269104
4,acinar,human3,acinar,6.833555,-8.584867,6283,0.4869604110717773
10,beta,human3,beta,-9.491589,3.8547516,6284,0.5798293948173523
10,beta,human3,beta,-11.049658,4.27545,6285,0.6873615384101868
10,beta,human3,beta,-8.602578,3.7141147,6286,1.1088558435440063
9,macrophage,human3,macrophage,11.024889,0.7176208,6287,2.4803144931793213
5,quiescent_stellate,human3,quiescent_stellate,4.790656,16.32007,6288,1.730985403060913
3,alpha,human3,mast,11.924989,16.353327,6289,0.7523154616355896
2,ductal,human3,schwann,15.63935,-4.4942555,6290,1.3521708250045776
2,ductal,human3,schwann,16.216253,-4.33964,6291,1.1171200275421145
8,endothelial,human3,endothelial,19.566269,1.5727271,6292,2.115889549255371
10,beta,human3,beta,-10.678017,3.6900585,6293,0.8361996412277222
5,quiescent_stellate,human3,quiescent_stellate,5.129543,16.111843,6294,1.5450992584228516
8,endothelial,human3,endothelial,19.726618,1.364698,6295,2.288071870803833
11,alpha,human3,alpha,4.199892,2.3834968,6296,0.7172823548316956
11,alpha,human3,alpha,4.9431906,2.6008117,6297,1.4273545742034912
1,t_cell,human3,gamma,11.520873,0.20025043,6298,3.2930245399475098
10,alpha,human3,beta,-7.6156425,4.068423,6299,1.034614086151123
11,alpha,human3,alpha,5.0379934,2.8900204,6300,0.6070168614387512
10,beta,human3,beta,-10.795572,4.2170644,6301,0.9129262566566468
10,beta,human3,beta,-8.157341,3.8637216,6302,0.9328632950782776
10,beta,human3,beta,-8.657827,4.9462476,6303,0.6792508363723755
10,beta,human3,beta,-10.14134,4.038954,6304,0.8227642774581909
10,beta,human3,beta,-7.832907,4.653561,6305,0.6014716029167175
11,alpha,human3,alpha,4.7928395,3.0944848,6306,2.1290736198425293
11,alpha,human3,alpha,5.0806837,2.2293584,6307,0.6688655614852905
4,acinar,human3,acinar,6.624798,-7.816615,6308,0.4606107175350189
10,beta,human3,beta,-9.055954,3.499833,6309,1.733256459236145
10,beta,human3,beta,-8.634649,3.8566911,6310,0.8162015080451965
10,beta,human3,beta,-8.68481,4.235109,6311,0.7542840242385864
5,quiescent_stellate,human3,quiescent_stellate,4.9937634,16.213865,6312,1.4806803464889526
13,delta,human3,delta,-1.5263916,13.35728,6313,1.0148226022720337
8,endothelial,human3,endothelial,19.845213,1.2241942,6314,1.9948939085006716
1,macrophage,human3,gamma,11.5227,0.19851026,6315,3.623354196548462
2,ductal,human3,schwann,16.554476,-4.3382287,6316,1.266977071762085
1,mast,human3,gamma,11.419143,0.30718976,6317,4.274867057800293
11,alpha,human3,alpha,4.568834,2.7695198,6318,1.2436257600784302
4,acinar,human3,acinar,6.663901,-8.310495,6319,0.8254669904708862
10,beta,human3,beta,-8.739124,3.4846935,6320,1.438415765762329
8,endothelial,human3,endothelial,19.422812,1.8451277,6321,2.2660536766052246
5,quiescent_stellate,human3,quiescent_stellate,5.1315684,16.108398,6322,1.6135879755020142
11,alpha,human3,alpha,4.9330525,2.3031673,6323,1.0434104204177856
10,beta,human3,beta,-10.817262,3.4468923,6324,1.981694579124451
10,beta,human3,beta,-9.265934,4.307333,6325,1.1082050800323486
5,quiescent_stellate,human3,quiescent_stellate,4.7251763,16.39078,6326,1.549715876579285
5,acinar,human3,quiescent_stellate,4.8676567,16.230177,6327,1.796979904174805
1,t_cell,human3,gamma,11.618204,0.10063007,6328,3.607410192489624
10,beta,human3,beta,-7.8772235,3.456904,6329,0.945592164993286
8,endothelial,human3,endothelial,19.604269,1.590533,6330,2.0870697498321533
10,beta,human3,beta,-8.71529,3.6886442,6331,0.9890326261520386
10,beta,human3,beta,-9.562451,3.3986278,6332,0.7008639574050903
5,quiescent_stellate,human3,quiescent_stellate,4.960728,16.25065,6333,1.2734225988388062
13,delta,human3,delta,-1.4704918,13.248388,6334,1.204479098320007
10,beta,human3,beta,-8.985505,4.4102726,6335,0.5456045269966125
8,endothelial,human3,endothelial,19.769236,1.3193259,6336,2.245979785919189
10,beta,human3,beta,-9.417021,4.7526493,6337,0.5110050439834595
10,beta,human3,beta,-8.211225,4.6716857,6338,0.7213485836982727
13,delta,human3,delta,-1.5660244,12.61548,6339,0.8360926508903503
9,macrophage,human3,macrophage,11.616974,0.10158755,6340,2.907445907592773
10,beta,human3,beta,-7.0291557,4.1891055,6341,0.6067177057266235
10,beta,human3,beta,-7.452411,3.7771866,6342,0.6632094383239746
10,beta,human3,beta,-9.330272,3.7699127,6343,0.8965403437614441
10,beta,human3,beta,-10.665487,3.8554847,6344,1.0697829723358154
8,endothelial,human3,endothelial,19.294323,2.0280042,6345,2.838065385818481
10,beta,human3,beta,-10.090269,3.5696273,6346,0.7512875199317932
6,activated_stellate,human3,activated_stellate,7.5930796,10.494789,6347,1.9297220706939695
10,beta,human3,beta,-10.260628,4.97765,6348,0.954563319683075
11,alpha,human3,alpha,4.5210624,3.38387,6349,1.1809906959533691
10,beta,human3,beta,-11.205905,4.3294277,6350,0.7244848608970642
8,endothelial,human3,endothelial,19.364836,1.9313532,6351,2.045090675354004
5,quiescent_stellate,human3,quiescent_stellate,4.511947,16.406704,6352,1.4118643999099731
2,ductal,human3,schwann,16.191242,-4.2300034,6353,1.3620994091033936
8,endothelial,human3,endothelial,19.584019,1.5491323,6354,2.0063300132751465
8,endothelial,human3,endothelial,19.427267,1.849759,6355,2.8299126625061035
10,beta,human3,beta,-10.694054,4.2699614,6356,0.8634353280067444
8,endothelial,human3,endothelial,19.890776,1.1719681,6357,2.0266075134277344
10,beta,human3,beta,-7.7695203,3.8299427,6358,1.3858219385147097
10,beta,human3,beta,-9.553884,3.783756,6359,1.041659235954285
11,alpha,human3,alpha,5.2469306,2.0147755,6360,0.9949471950531006
10,beta,human3,beta,-8.141297,3.7407467,6361,0.928096890449524
10,beta,human3,beta,-8.513565,2.6272674,6362,0.8012232184410095
8,endothelial,human3,endothelial,19.623446,1.4651872,6363,2.2779552936553955
10,beta,human3,beta,-9.782303,3.550415,6364,0.9805228114128112
8,endothelial,human3,endothelial,19.943945,1.110396,6365,2.649912118911743
10,beta,human3,beta,-9.26129,4.2748313,6366,0.78709876537323
4,acinar,human3,acinar,6.3633785,-8.588787,6367,0.6884429454803467
4,acinar,human3,acinar,6.4854903,-8.149715,6368,0.3921496868133545
4,acinar,human3,acinar,6.2461505,-8.038074,6369,0.4094402194023132
4,acinar,human3,acinar,7.2270637,-9.16519,6370,0.5010131001472473
4,acinar,human3,acinar,6.963584,-9.855606,6371,0.6173702478408813
4,acinar,human3,acinar,6.974892,-8.8283825,6372,0.54115891456604
4,acinar,human3,acinar,7.096908,-8.269899,6373,0.4655321538448334
4,acinar,human3,acinar,6.902387,-9.083587,6374,0.4698790609836578
4,acinar,human3,acinar,7.0994835,-7.7795506,6375,0.3845422863960266
4,acinar,human3,acinar,6.696884,-7.7920966,6376,0.4708160758018493
4,acinar,human3,acinar,6.7904553,-8.351847,6377,0.5758427381515503
4,acinar,human3,acinar,6.7870536,-7.674545,6378,0.7243991494178772
4,acinar,human3,acinar,6.483112,-7.2635612,6379,0.4131406545639038
4,acinar,human3,acinar,6.498833,-7.637987,6380,0.4075792729854584
4,acinar,human3,acinar,7.252802,-8.451836,6381,0.389093816280365
4,acinar,human3,acinar,6.8322473,-8.113795,6382,0.3965612947940826
4,acinar,human3,acinar,6.8047423,-9.379002,6383,0.3944229185581207
4,acinar,human3,acinar,6.8038564,-9.089381,6384,0.6191087961196899
4,acinar,human3,acinar,6.8051667,-8.784679,6385,0.4983023405075073
4,acinar,human3,acinar,6.2841086,-8.17444,6386,0.392097532749176
4,acinar,human3,acinar,6.5117517,-7.3337126,6387,0.6833758354187012
4,acinar,human3,acinar,6.73916,-9.2972555,6388,0.979159653186798
4,acinar,human3,acinar,7.0918117,-7.660149,6389,0.3866943717002868
4,acinar,human3,acinar,7.3034368,-7.9495673,6390,0.3961383104324341
4,acinar,human3,acinar,6.645166,-8.724647,6391,0.4438120722770691
4,acinar,human3,acinar,7.033016,-9.353027,6392,0.4672513008117676
4,acinar,human3,acinar,7.1119933,-8.783172,6393,0.892702579498291
4,acinar,human3,acinar,7.0244603,-8.935057,6394,0.4701302051544189
4,acinar,human3,acinar,6.615005,-8.473845,6395,0.9078200459480286
13,delta,human3,delta,-1.3067749,13.753737,6396,0.4848953485488891
4,acinar,human3,acinar,7.3259687,-8.305366,6397,0.6903020739555359
4,acinar,human3,acinar,6.824537,-8.861571,6398,0.6373507380485535
4,acinar,human3,acinar,7.0394664,-7.495539,6399,0.3932251930236816
4,acinar,human3,acinar,6.9636765,-9.867208,6400,0.3845422863960266
4,acinar,human3,acinar,6.6168084,-8.74559,6401,0.385109931230545
4,acinar,human3,acinar,6.9139185,-9.028513,6402,0.3869017958641052
4,acinar,human3,acinar,7.051221,-9.067679,6403,0.6774728894233704
4,acinar,human3,acinar,6.62306,-7.3981824,6404,0.4093238711357116
4,acinar,human3,acinar,7.005296,-7.6804233,6405,0.6254514455795288
4,beta,human3,acinar,6.790465,-6.965099,6406,1.4765777587890625
4,acinar,human3,acinar,6.4772644,-9.34396,6407,0.6291742324829102
10,beta,human3,beta,-7.6509485,2.9628386,6408,0.6535238027572632
4,acinar,human3,acinar,6.5168715,-8.372808,6409,0.391752690076828
4,acinar,human3,acinar,6.977793,-9.060097,6410,0.9960022568702698
11,alpha,human3,alpha,3.8318775,2.7043643,6411,0.6976097226142883
4,acinar,human3,acinar,6.295511,-7.9247203,6412,0.4197410047054291
13,delta,human3,delta,-1.9133197,14.000803,6413,0.5690581202507019
4,acinar,human3,acinar,7.33501,-9.119429,6414,0.4195686280727386
4,acinar,human3,acinar,6.9385805,-7.825044,6415,0.4098671674728393
13,delta,human3,delta,-1.2858822,12.926141,6416,0.573352038860321
4,acinar,human3,acinar,6.587313,-9.419198,6417,0.4531504511833191
2,ductal,human3,schwann,15.725008,-4.4578705,6418,1.1529836654663086
4,acinar,human3,acinar,6.557463,-7.476266,6419,0.4469464719295501
4,acinar,human3,acinar,6.570823,-8.566862,6420,0.3855900764465332
4,acinar,human3,acinar,6.2519145,-8.410249,6421,0.9895289540290833
4,acinar,human3,acinar,6.7693005,-9.406115,6422,0.4077451825141907
4,acinar,human3,acinar,6.6978908,-6.9282217,6423,0.5819958448410034
10,beta,human3,beta,-8.056064,4.418811,6424,0.5620150566101074
4,acinar,human3,acinar,6.4026003,-9.07075,6425,0.3845422863960266
4,acinar,human3,acinar,6.817191,-8.73509,6426,0.4227274060249328
4,acinar,human3,acinar,6.9625735,-8.520309,6427,0.5518467426300049
4,acinar,human3,acinar,6.792474,-8.419119,6428,0.3931187689304352
4,acinar,human3,acinar,6.942226,-8.032777,6429,0.3860720694065094
4,acinar,human3,acinar,7.060486,-9.417006,6430,1.0275801420211792
4,acinar,human3,acinar,6.727331,-7.7182446,6431,0.5994690656661987
4,acinar,human3,acinar,6.74373,-7.9638886,6432,0.7670261263847351
13,delta,human3,delta,-1.7248828,13.699793,6433,0.914467990398407
4,acinar,human3,acinar,6.3975,-8.089694,6434,0.3845422863960266
4,acinar,human3,acinar,7.282992,-8.46415,6435,1.439955234527588
4,acinar,human3,acinar,6.377693,-8.2712345,6436,0.7795393466949463
10,beta,human3,beta,-7.2074757,3.7394156,6437,0.6746030449867249
4,acinar,human3,acinar,6.5247645,-8.142402,6438,0.4157735407352447
4,acinar,human3,acinar,6.84243,-7.3067255,6439,0.3845422863960266
4,acinar,human3,acinar,6.1342216,-8.400652,6440,0.5622511506080627
4,acinar,human3,acinar,6.9797463,-8.879006,6441,0.8016884922981262
4,acinar,human3,acinar,7.268625,-8.595655,6442,0.5307297706604004
4,acinar,human3,acinar,7.010566,-7.6955953,6443,0.3845422863960266
4,acinar,human3,acinar,6.588471,-7.3526144,6444,0.426953375339508
2,ductal,human3,schwann,16.53097,-4.304223,6445,1.354727029800415
4,acinar,human3,acinar,6.300627,-8.608345,6446,0.6028310060501099
4,acinar,human3,acinar,6.9593835,-8.359588,6447,0.888066828250885
13,delta,human3,delta,-1.5612806,13.10266,6448,1.4190884828567505
4,acinar,human3,acinar,6.7072015,-7.207304,6449,0.4040109813213348
11,alpha,human3,alpha,5.179932,2.874857,6450,0.6033967733383179
2,ductal,human3,schwann,15.950781,-4.642512,6451,1.0667833089828491
4,acinar,human3,acinar,6.488128,-7.6199746,6452,0.5064548850059509
4,acinar,human3,acinar,6.6175227,-9.264648,6453,0.4057306051254272
4,acinar,human3,acinar,6.6414647,-7.458821,6454,0.3896926641464233
11,alpha,human3,alpha,5.1714225,3.4221466,6455,0.6546357274055481
4,acinar,human3,acinar,7.405048,-8.495881,6456,0.487615019083023
4,acinar,human3,acinar,7.256994,-7.8934584,6457,0.3869209289550781
10,beta,human3,beta,-8.9486065,3.6557467,6458,1.3779993057250977
4,acinar,human3,acinar,6.6317577,-7.1763883,6459,0.4073143899440765
10,beta,human3,beta,-7.192497,3.6741633,6460,0.6386547684669495
10,beta,human3,beta,-8.963594,4.936361,6461,0.6201234459877014
10,beta,human3,beta,-9.110506,2.9565537,6462,0.5371182560920715
10,beta,human3,beta,-9.537718,3.8512192,6463,0.5404276251792908
10,beta,human3,beta,-9.486628,4.9030223,6464,0.8714298605918884
13,delta,human3,delta,-1.7978289,12.493609,6465,2.361757755279541
2,ductal,human3,schwann,16.397427,-4.3431373,6466,1.480485916137695
4,acinar,human3,acinar,6.456201,-8.163393,6467,0.7935666441917419
4,acinar,human3,acinar,6.5746503,-8.609526,6468,0.5287520289421082
4,acinar,human3,acinar,7.1828322,-9.145825,6469,0.4511432647705078
13,delta,human3,delta,-1.7296983,13.698845,6470,1.1285414695739746
10,beta,human3,beta,-7.304734,3.7118788,6471,0.5579008460044861
4,acinar,human3,acinar,6.966302,-7.757699,6472,0.4020504653453827
11,alpha,human3,alpha,5.238481,2.52377,6473,1.1303189992904663
4,acinar,human3,acinar,6.3089466,-8.413409,6474,0.4621369540691376
4,acinar,human3,acinar,7.061086,-7.944481,6475,0.4132088422775268
4,acinar,human3,acinar,6.981952,-9.033782,6476,0.9103634357452391
4,acinar,human3,acinar,6.9969864,-7.481243,6477,1.0349445343017578
10,beta,human3,beta,-7.2654743,3.476634,6478,0.5447721481323242
4,acinar,human3,acinar,6.645185,-9.369866,6479,0.4330736994743347
4,acinar,human3,acinar,6.551444,-7.779429,6480,0.9506325125694276
4,acinar,human3,acinar,6.487081,-7.591374,6481,0.3879674673080444
11,alpha,human3,alpha,4.8344946,2.8318217,6482,0.996451199054718
10,beta,human3,beta,-9.702201,3.9890742,6483,0.8207509517669678
13,delta,human3,delta,-1.951707,14.006953,6484,0.7432901859283447
6,activated_stellate,human3,activated_stellate,7.6252656,10.568885,6485,1.837407350540161
4,acinar,human3,acinar,7.074384,-8.179701,6486,0.7458071708679199
2,ductal,human3,schwann,16.095581,-4.423432,6487,1.4220960140228271
4,acinar,human3,acinar,6.871755,-9.356063,6488,0.7410926222801208
4,acinar,human3,acinar,7.1963453,-7.716531,6489,0.3845422863960266
10,beta,human3,beta,-7.450631,3.8394313,6490,0.8056785464286804
4,acinar,human3,acinar,6.8400846,-7.9790106,6491,0.3886470794677734
4,acinar,human3,acinar,7.207032,-8.985348,6492,0.3845422863960266
4,acinar,human3,acinar,6.3211527,-7.7207737,6493,0.3845422863960266
4,acinar,human3,acinar,6.860184,-8.548783,6494,0.8038156628608704
4,acinar,human3,acinar,6.848499,-7.4162517,6495,0.591417133808136
13,delta,human3,delta,-2.0826387,13.628156,6496,0.6203799247741699
4,acinar,human3,acinar,7.0777245,-7.627616,6497,0.5087780952453613
10,beta,human3,beta,-7.000178,3.8104033,6498,0.672575056552887
4,acinar,human3,acinar,6.777855,-9.633075,6499,0.451929360628128
10,beta,human3,beta,-8.880473,3.1916184,6500,0.7883256077766418
4,acinar,human3,acinar,6.9583645,-7.942397,6501,0.3845422863960266
10,beta,human3,beta,-7.9705267,3.9469812,6502,0.9786020517349244
4,acinar,human3,acinar,6.354817,-7.823131,6503,1.210992693901062
10,beta,human3,beta,-9.826602,4.0587373,6504,0.7369076013565063
4,acinar,human3,acinar,6.79682,-7.018472,6505,0.572693943977356
10,beta,human3,beta,-9.02744,4.1693635,6506,0.6794039011001587
10,beta,human3,beta,-10.213696,4.4211116,6507,0.8496760129928589
4,acinar,human3,acinar,6.7934012,-9.241977,6508,0.3845422863960266
4,acinar,human3,acinar,6.6844172,-8.122711,6509,0.5562092661857605
13,delta,human3,delta,-1.7237507,12.974682,6510,1.1301851272583008
2,ductal,human3,schwann,15.933455,-4.416696,6511,1.5531938076019287
4,acinar,human3,acinar,6.8408923,-8.980466,6512,0.4977350234985351
4,acinar,human3,acinar,6.751555,-6.9059896,6513,0.5346835851669312
4,acinar,human3,acinar,7.0870013,-8.027167,6514,0.4047341346740722
4,acinar,human3,acinar,6.563963,-7.1280904,6515,0.6975879073143005
2,ductal,human3,schwann,16.006357,-4.8897157,6516,1.802149534225464
11,alpha,human3,alpha,4.388187,3.45869,6517,1.0983092784881592
11,alpha,human3,alpha,5.016712,2.7610986,6518,1.458463430404663
11,alpha,human3,alpha,4.3597126,3.521307,6519,0.6685865521430969
11,alpha,human3,alpha,4.2953515,2.5863922,6520,0.5406355857849121
4,acinar,human3,acinar,7.0604177,-9.737509,6521,0.3845422863960266
11,alpha,human3,alpha,5.608075,2.807751,6522,0.820151150226593
4,acinar,human3,acinar,6.7375407,-8.40421,6523,0.4086111783981323
13,delta,human3,delta,-2.2371247,13.233287,6524,0.6004999279975891
10,beta,human3,beta,-7.1807923,4.300777,6525,0.5457180738449097
11,alpha,human3,alpha,5.037398,2.9408758,6526,0.8376733660697937
10,beta,human3,beta,-7.9643455,3.3642774,6527,0.6796957850456238
10,beta,human3,beta,-7.9842267,3.6605062,6528,0.9371289610862732
10,beta,human3,beta,-7.8073254,2.8546405,6529,0.7068962454795837
4,acinar,human3,acinar,6.462165,-8.65651,6530,0.4976384341716766
4,acinar,human3,acinar,6.3925858,-8.316598,6531,0.4510723054409027
11,alpha,human3,alpha,4.624693,2.5439396,6532,0.7090047597885132
2,ductal,human3,schwann,16.003246,-4.5516295,6533,0.9506109952926636
11,alpha,human3,alpha,4.8348827,2.7259536,6534,1.4212591648101809
10,beta,human3,beta,-9.167241,3.321715,6535,1.28812575340271
4,acinar,human3,acinar,7.159527,-7.5240455,6536,0.4546555280685425
4,acinar,human3,acinar,6.479777,-7.1443124,6537,0.5165141820907593
11,alpha,human3,alpha,4.3929534,2.3944328,6538,0.8223084211349487
4,acinar,human3,acinar,7.4912915,-7.9227285,6539,1.4999144077301023
2,ductal,human3,schwann,15.929229,-4.4471064,6540,0.9282187819480896
4,acinar,human3,acinar,7.2850423,-8.846414,6541,0.4295088052749634
4,acinar,human3,acinar,7.359032,-8.55576,6542,0.4198909103870392
10,acinar,human3,beta,-8.572554,5.27271,6543,1.6825007200241089
2,ductal,human3,schwann,16.119667,-4.218646,6544,1.1027408838272097
4,acinar,human3,acinar,6.2747593,-8.49362,6545,0.4178681075572967
13,delta,human3,delta,-1.7971818,13.576396,6546,0.913555145263672
2,ductal,human3,schwann,16.030241,-4.1626573,6547,1.1915762424468994
4,acinar,human3,acinar,7.3023157,-9.115379,6548,0.6366796493530273
13,delta,human3,delta,-1.7068357,13.424229,6549,0.6000208854675293
4,acinar,human3,acinar,6.9874697,-8.465199,6550,2.4939630031585693
11,alpha,human3,alpha,5.9146795,2.79926,6551,0.8328105211257935
11,alpha,human3,alpha,4.697953,2.6767657,6552,0.5499672293663025
4,acinar,human3,acinar,6.566776,-7.7271585,6553,0.4772205650806427
13,beta,human3,delta,-2.089623,12.749823,6554,0.8663262128829956
11,alpha,human3,alpha,4.855821,3.0258782,6555,0.9048925638198853
4,acinar,human3,acinar,7.0203853,-9.229685,6556,0.400525838136673
2,ductal,human3,schwann,16.235762,-4.1707344,6557,1.27787446975708
13,delta,human3,delta,-1.7034807,13.286435,6558,1.2590073347091677
10,beta,human3,beta,-8.339278,3.9486716,6559,0.8134645223617554
10,beta,human3,beta,-8.96017,3.7680311,6560,0.9938154220581056
4,acinar,human3,acinar,6.7893314,-8.534221,6561,0.4828691482543945
10,beta,human3,beta,-8.030814,3.327927,6562,0.5973376035690308
4,acinar,human3,acinar,6.760451,-7.730618,6563,0.8021146059036255
4,acinar,human3,acinar,6.6405344,-8.761008,6564,0.5867027044296265
4,acinar,human3,acinar,7.195047,-7.9961877,6565,0.8505060076713562
4,acinar,human3,acinar,7.3398666,-8.951997,6566,1.8343746662139893
10,beta,human3,beta,-7.017138,3.6647696,6567,0.5758323669433594
13,delta,human3,delta,-1.6379386,13.940093,6568,0.4356334805488586
13,delta,human3,delta,-1.9843395,12.915385,6569,1.1288111209869385
2,ductal,human3,schwann,16.027239,-4.83015,6570,1.4667524099349976
10,beta,human3,beta,-8.376632,4.38922,6571,0.5899022221565247
11,alpha,human3,alpha,5.0728903,2.5062742,6572,0.8721041679382324
4,acinar,human3,acinar,6.606954,-7.3437667,6573,0.3890435397624969
10,beta,human3,beta,-10.861664,3.572664,6574,0.7567921280860901
11,alpha,human3,alpha,5.003205,2.566722,6575,0.7497860193252563
2,ductal,human3,schwann,15.997473,-4.213749,6576,1.0422356128692627
4,acinar,human3,acinar,6.934027,-9.281216,6577,0.3942927718162536
13,delta,human3,delta,-2.3940754,13.176155,6578,0.7600007653236389
4,acinar,human3,acinar,7.3595047,-8.706804,6579,0.4212709963321686
4,acinar,human3,acinar,6.6865253,-9.409963,6580,0.5731791257858276
10,beta,human3,beta,-10.742376,3.5314937,6581,1.0263612270355225
11,alpha,human3,alpha,5.276927,2.187701,6582,0.6602398157119751
11,alpha,human3,alpha,5.18893,2.195376,6583,0.6203683018684387
10,beta,human3,beta,-10.010414,5.055632,6584,0.6259183287620544
4,acinar,human3,acinar,6.5434475,-8.931105,6585,0.4026658535003662
1,gamma,human3,gamma,-0.68847317,20.11271,6586,1.8802851438522337
11,alpha,human3,alpha,5.552485,2.065947,6587,0.7320303320884705
11,alpha,human3,alpha,4.9934807,3.3991303,6588,1.5492066144943235
10,beta,human3,beta,-8.723756,2.741598,6589,0.7645821571350098
4,acinar,human3,acinar,7.354711,-7.9059014,6590,0.4603193402290344
10,beta,human3,beta,-9.435131,4.2398844,6591,0.5794281959533691
10,beta,human3,beta,-10.979502,4.3549185,6592,0.9390737414360046
10,beta,human3,beta,-9.024092,3.1702342,6593,0.6909602880477905
4,acinar,human3,acinar,7.0994673,-8.712898,6594,0.4110864102840423
10,beta,human3,beta,-8.907299,3.0654237,6595,0.7082414627075195
13,delta,human3,delta,-1.966927,13.573118,6596,0.616104006767273
11,alpha,human3,alpha,5.1977625,2.0529742,6597,0.5481993556022644
2,ductal,human3,schwann,15.857668,-4.4433618,6598,1.208485126495361
4,acinar,human3,acinar,6.483639,-9.037675,6599,0.6692217588424683
4,acinar,human3,acinar,6.2177706,-8.229258,6600,0.432831346988678
13,delta,human3,delta,-1.5357819,13.751926,6601,0.524274468421936
10,beta,human3,beta,-9.812182,4.5499625,6602,0.8755688667297363
11,quiescent_stellate,human3,alpha,5.2911515,2.344779,6603,2.391557455062866
11,alpha,human3,alpha,4.5751104,2.0894363,6604,0.9016751050949096
7,ductal,human3,epsilon,-2.3887355,-9.803207,6605,3.134861707687378
10,beta,human3,beta,-10.281151,4.0146217,6606,0.7238036394119263
11,alpha,human3,alpha,5.876402,2.7396467,6607,0.7416059374809265
4,acinar,human3,acinar,6.4025836,-8.848651,6608,0.4068496227264404
10,beta,human3,beta,-8.633089,2.9200995,6609,0.6321743726730347
10,beta,human3,beta,-7.9743376,3.8662844,6610,0.7654690742492676
11,alpha,human3,alpha,4.504994,2.4630773,6611,0.5731601715087891
11,alpha,human3,alpha,4.7185926,2.7782154,6612,0.6024531722068787
11,alpha,human3,alpha,4.041794,3.2307441,6613,0.6916857361793518
11,alpha,human3,alpha,5.063105,2.7664504,6614,0.9865126013755798
2,ductal,human3,schwann,16.225697,-4.285276,6615,1.0817394256591797
11,alpha,human3,alpha,4.218065,3.5229583,6616,0.5585281848907471
10,beta,human3,beta,-10.026474,3.469093,6617,0.7136106491088867
11,alpha,human3,alpha,5.48709,3.0470088,6618,0.6732643842697144
11,alpha,human3,alpha,4.9906106,2.5908456,6619,1.0514894723892212
10,beta,human3,beta,-10.503235,3.422511,6620,0.7486692667007446
6,activated_stellate,human3,activated_stellate,7.89204,10.497719,6621,1.6183909177780151
11,alpha,human3,alpha,5.7112203,2.1061618,6622,0.6034879088401794
10,beta,human3,beta,-9.242148,3.7213748,6623,0.5970275402069092
11,alpha,human3,alpha,4.7570224,3.072842,6624,1.021523356437683
11,alpha,human3,alpha,3.8960505,3.1240373,6625,0.5423807501792908
11,alpha,human3,alpha,4.758708,2.3937628,6626,2.062676429748535
1,gamma,human3,gamma,-0.7811949,20.285246,6627,2.22220778465271
2,ductal,human3,schwann,15.860772,-4.442634,6628,1.601322889328003
10,beta,human3,beta,-9.741226,3.7700145,6629,0.7551623582839966
10,beta,human3,beta,-11.152573,4.2657585,6630,0.7353224158287048
10,beta,human3,beta,-8.885782,4.277289,6631,0.7575912475585938
2,ductal,human3,schwann,15.70417,-4.5366554,6632,1.2965248823165894
2,ductal,human3,schwann,15.924292,-4.627486,6633,1.0007387399673462
10,beta,human3,beta,-8.610333,2.636932,6634,0.5692447423934937
4,acinar,human3,acinar,6.490516,-8.960922,6635,0.3918879330158233
4,acinar,human3,acinar,6.5120354,-7.35464,6636,0.5407571196556091
2,ductal,human3,schwann,16.300499,-4.4878583,6637,1.0591806173324585
4,acinar,human3,acinar,7.185968,-8.532944,6638,1.0056838989257812
11,alpha,human3,alpha,4.5279107,2.6957128,6639,1.044652819633484
2,ductal,human3,schwann,16.18476,-4.289101,6640,0.8458874821662903
10,beta,human3,beta,-10.528485,4.765583,6641,0.7322511076927185
11,alpha,human3,alpha,5.0610833,2.4463208,6642,0.8587838411331177
4,acinar,human3,acinar,6.911112,-8.603028,6643,0.3845422863960266
13,delta,human3,delta,-1.7554418,13.159218,6644,2.0827178955078125
10,beta,human3,beta,-10.805505,4.525794,6645,0.5859373807907104
11,alpha,human3,alpha,4.422244,2.1578848,6646,0.8712804317474365
10,beta,human3,beta,-9.759155,4.0486655,6647,1.4181742668151855
10,beta,human3,beta,-8.851225,4.677292,6648,0.9175998568534852
1,epsilon,human3,gamma,-0.7336692,20.283495,6649,1.5924060344696045
2,ductal,human3,schwann,16.343243,-4.4017487,6650,2.000021457672119
10,beta,human3,beta,-9.848397,4.942455,6651,0.9120960235595704
10,beta,human3,beta,-10.744066,4.4523983,6652,0.7715174555778503
4,acinar,human3,acinar,6.7999525,-7.691822,6653,0.4772531986236572
11,alpha,human3,alpha,5.52343,3.2933648,6654,0.5707391500473022
10,beta,human3,beta,-8.115933,2.9902048,6655,0.8145138025283813
11,alpha,human3,alpha,4.4615717,2.5046859,6656,0.7566794753074646
10,beta,human3,beta,-10.605431,4.541516,6657,0.6935495734214783
4,acinar,human3,acinar,7.3704967,-8.342348,6658,0.6502755880355835
10,beta,human3,beta,-9.016285,5.5731144,6659,0.7117787599563599
11,alpha,human3,alpha,4.964872,3.6955538,6660,1.0281472206115725
10,beta,human3,beta,-7.1682124,4.335187,6661,0.6796556711196899
13,delta,human3,delta,-1.9311922,13.061659,6662,1.2719719409942627
11,alpha,human3,alpha,5.4147024,2.1334567,6663,0.8096268773078918
10,beta,human3,beta,-8.166897,3.1510386,6664,0.764946460723877
10,beta,human3,beta,-8.5592165,5.1318464,6665,0.7068058848381042
4,acinar,human3,acinar,6.3764606,-9.216416,6666,0.4336175322532654
10,beta,human3,beta,-8.498679,5.145136,6667,0.613528847694397
11,alpha,human3,alpha,4.495659,2.8149912,6668,2.6444807052612305
6,activated_stellate,human3,activated_stellate,7.5566807,10.236318,6669,1.6803522109985352
11,alpha,human3,alpha,5.0209427,2.0903018,6670,1.032317042350769
11,alpha,human3,alpha,4.5209002,3.7551324,6671,0.6994232535362244
10,beta,human3,beta,-8.969139,2.5256774,6672,0.6639480590820312
2,ductal,human3,schwann,16.30081,-4.5785146,6673,0.8629916310310364
10,beta,human3,beta,-8.299121,3.57542,6674,0.5307020545005798
10,beta,human3,beta,-10.290444,3.3072536,6675,0.7301169633865356
11,alpha,human3,alpha,5.148941,2.261102,6676,0.8538225293159485
2,ductal,human3,schwann,16.002892,-4.415816,6677,1.1562141180038452
10,beta,human3,beta,-10.929221,4.227956,6678,0.552287757396698
10,beta,human3,beta,-8.735583,4.1700006,6679,1.1834076642990112
2,ductal,human3,schwann,16.349722,-4.0664907,6680,1.2232980728149414
2,ductal,human3,schwann,16.243317,-4.1591487,6681,1.1066505908966064
2,ductal,human3,schwann,16.152365,-4.4431176,6682,0.8037819862365723
2,ductal,human3,schwann,16.236774,-4.2546263,6683,0.9806384444236756
4,acinar,human3,acinar,7.040152,-7.631776,6684,0.6161984801292419
11,alpha,human3,alpha,4.4737515,2.9492314,6685,0.7151136994361877
11,alpha,human3,alpha,5.7079363,2.5205321,6686,1.7833398580551147
10,beta,human3,beta,-7.9659057,4.927518,6687,0.626892626285553
13,delta,human3,delta,-1.5889547,12.948029,6688,0.959420084953308
10,beta,human3,beta,-7.2004304,4.3364663,6689,1.0086365938186646
10,beta,human3,beta,-7.213679,3.8281703,6690,0.8069510459899902
11,alpha,human3,alpha,4.3591104,2.6071904,6691,0.7644674777984619
11,alpha,human3,alpha,5.3743806,2.3057837,6692,0.8802666664123535
5,activated_stellate,human3,quiescent_stellate,4.9637494,16.180925,6693,2.145362615585327
11,alpha,human3,alpha,4.795781,3.7631216,6694,0.6047482490539551
10,beta,human3,beta,-9.115696,3.1053638,6695,1.1193453073501587
10,beta,human3,beta,-10.639349,4.097678,6696,0.9360697865486144
11,alpha,human3,alpha,4.276592,2.702512,6697,0.7271634340286255
2,ductal,human3,schwann,16.171118,-4.14195,6698,0.8660392761230469
11,alpha,human3,alpha,4.8131294,1.933541,6699,0.7608445882797241
11,alpha,human3,alpha,5.3171344,2.7636054,6700,1.4029643535614014
2,ductal,human3,schwann,16.23105,-4.6454487,6701,1.087386131286621
11,alpha,human3,alpha,4.3229184,2.209391,6702,0.8917257785797119
10,beta,human3,beta,-8.445962,3.4558578,6703,0.6611067056655884
11,alpha,human3,alpha,4.747324,3.6830945,6704,1.146522879600525
7,ductal,human3,epsilon,-2.449751,-9.80257,6705,2.024423837661743
13,delta,human3,delta,-1.8815088,13.155384,6706,1.1730527877807615
10,beta,human3,beta,-8.91325,5.0631695,6707,1.3570672273635864
4,acinar,human3,acinar,6.897719,-8.698725,6708,1.9031809568405151
6,activated_stellate,human3,activated_stellate,7.6053286,10.49485,6709,1.861733675003052
10,beta,human3,beta,-7.565183,3.6854973,6710,0.6061128973960876
4,acinar,human3,acinar,6.2770953,-8.064532,6711,0.6487824320793152
10,beta,human3,beta,-9.113893,4.774098,6712,1.0463639497756958
10,beta,human3,beta,-8.918111,3.606947,6713,0.6975746750831604
10,beta,human3,beta,-7.6686616,3.1879451,6714,0.6830615401268005
11,alpha,human3,alpha,4.053185,3.3955452,6715,0.6616834402084351
10,beta,human3,beta,-11.007046,3.659881,6716,0.5704619288444519
11,alpha,human3,alpha,4.656298,3.571562,6717,0.6224122047424316
2,ductal,human3,schwann,16.421469,-4.4244995,6718,1.024448037147522
13,delta,human3,delta,-1.4841577,13.243861,6719,1.1488956212997437
10,beta,human3,beta,-8.424515,4.588315,6720,0.5797125101089478
4,acinar,human3,acinar,6.913004,-8.667018,6721,0.5094428062438965
4,acinar,human3,acinar,6.3468027,-8.37385,6722,0.6596180200576782
10,beta,human3,beta,-8.76288,3.5722609,6723,0.7699819803237915
4,acinar,human3,acinar,6.720492,-6.9695125,6724,0.5631045699119568
2,ductal,human3,schwann,15.85604,-4.5469832,6725,0.9479821920394896
11,alpha,human3,alpha,4.9240026,3.6256132,6726,0.7073363065719604
2,ductal,human3,schwann,15.914839,-4.6623535,6727,1.4000359773635864
10,beta,human3,beta,-9.932342,4.6359234,6728,0.8923400640487671
11,alpha,human3,alpha,5.249589,2.731806,6729,0.6429342031478882
10,beta,human3,beta,-9.616766,4.8361497,6730,0.7327559590339661
4,acinar,human3,acinar,7.015288,-9.063087,6731,0.5579760074615479
11,alpha,human3,alpha,4.4391036,3.4346037,6732,0.9712423086166382
11,alpha,human3,alpha,4.8873677,3.2728186,6733,0.9069748520851136
4,acinar,human3,acinar,7.2036815,-7.8229027,6734,1.14671528339386
3,alpha,human3,mast,13.262083,16.139856,6735,0.4713831543922424
11,alpha,human3,alpha,4.1410446,2.7660456,6736,0.7029426693916321
4,acinar,human3,acinar,6.6475,-7.1816897,6737,0.5140440464019775
11,alpha,human3,alpha,4.7957835,2.8953884,6738,1.629638671875
10,beta,human3,beta,-7.855715,3.582224,6739,0.700700044631958
10,beta,human3,beta,-6.828627,3.826877,6740,0.6749550104141235
11,alpha,human3,alpha,4.706381,2.307663,6741,0.564423143863678
11,alpha,human3,alpha,4.895333,2.7074738,6742,2.034836769104004
8,endothelial,human3,endothelial,20.110813,0.89270175,6743,2.838065385818481
11,alpha,human3,alpha,4.9308724,2.264605,6744,1.3869823217391968
13,delta,human3,delta,-1.3260576,13.277885,6745,0.7007991671562195
10,beta,human3,beta,-7.686222,4.091421,6746,0.6321973204612732
4,acinar,human3,acinar,6.6092205,-8.393891,6747,1.6571094989776611
11,alpha,human3,alpha,5.457917,2.6747358,6748,0.7560967803001404
4,acinar,human3,acinar,7.2805877,-8.012281,6749,0.802636981010437
2,ductal,human3,schwann,15.770722,-4.689283,6750,0.9337127804756165
10,beta,human3,beta,-6.938381,3.5626686,6751,0.6281561255455017
10,beta,human3,beta,-9.639755,4.3400455,6752,1.1794337034225464
10,beta,human3,beta,-10.914611,3.7764957,6753,0.5830273032188416
10,beta,human3,beta,-10.1577215,4.370428,6754,0.6420125365257263
11,alpha,human3,alpha,4.9096923,3.227302,6755,1.210917353630066
11,alpha,human3,alpha,4.130748,3.3394115,6756,0.5808081030845642
2,ductal,human3,schwann,15.759106,-4.612277,6757,0.7867143750190735
10,beta,human3,beta,-8.580347,2.6165252,6758,0.7002410292625427
5,endothelial,human3,quiescent_stellate,4.53474,16.398651,6759,2.838065385818481
2,ductal,human3,schwann,16.235468,-4.0633698,6760,2.0012593269348145
11,alpha,human3,alpha,3.8573806,2.756385,6761,0.6932394504547119
2,ductal,human3,schwann,15.807935,-4.672654,6762,0.8770458102226257
11,alpha,human3,alpha,4.444982,2.2874517,6763,1.0524872541427612
3,alpha,human3,mast,12.302041,15.671397,6764,2.230710506439209
4,beta,human3,acinar,6.7978697,-6.9681315,6765,1.6795024871826172
11,alpha,human3,alpha,4.49613,2.1595752,6766,0.7501312494277954
11,alpha,human3,alpha,5.131641,1.9514917,6767,1.1983325481414795
4,gamma,human3,acinar,6.8383107,-8.722526,6768,2.756685256958008
2,ductal,human3,schwann,16.192719,-4.034683,6769,1.0605700016021729
11,alpha,human3,alpha,5.2469587,2.5829117,6770,0.5764490365982056
4,acinar,human3,acinar,6.9510946,-7.8038597,6771,0.488544225692749
4,acinar,human3,acinar,7.0034065,-8.701382,6772,0.4342547059059143
4,acinar,human3,acinar,6.8568697,-8.245617,6773,1.123023271560669
11,alpha,human3,alpha,3.961223,2.9374642,6774,0.6849090456962585
11,alpha,human3,alpha,5.0113683,2.4886692,6775,0.6180733442306519
11,alpha,human3,alpha,5.2253747,3.052585,6776,0.6232872009277344
2,ductal,human3,schwann,16.107641,-4.043876,6777,0.9733767509460448
2,ductal,human3,schwann,15.681812,-4.6665397,6778,1.271044135093689
13,delta,human3,delta,-2.0203938,13.887318,6779,1.0947383642196655
4,acinar,human3,acinar,6.7959065,-7.823332,6780,0.4735841155052185
11,alpha,human3,alpha,4.9748898,2.280485,6781,0.5761010646820068
11,alpha,human3,alpha,5.2594533,2.7555602,6782,0.5882615447044373
11,alpha,human3,alpha,5.960019,2.8076272,6783,0.5952135920524597
4,acinar,human3,acinar,6.769593,-8.423771,6784,0.4150801599025726
11,alpha,human3,alpha,5.217572,2.2770207,6785,0.9997667074203492
10,beta,human3,beta,-9.401306,4.712943,6786,0.615777313709259
11,alpha,human3,alpha,4.811321,2.3028314,6787,1.031751275062561
10,beta,human3,beta,-9.685849,2.6896884,6788,1.2285099029541016
11,alpha,human3,alpha,4.250814,2.498319,6789,0.706582248210907
2,ductal,human3,schwann,16.660746,-4.3608284,6790,1.266705870628357
11,alpha,human3,alpha,5.4097924,1.9999644,6791,0.9549707770347596
2,ductal,human3,schwann,16.006954,-4.4318604,6792,1.2360910177230835
10,beta,human3,beta,-7.5761833,3.2978108,6793,1.0879197120666504
11,alpha,human3,alpha,5.6941967,2.7134619,6794,0.7091876268386841
10,beta,human3,beta,-9.70942,4.656066,6795,0.8578627109527588
10,beta,human3,beta,-9.360292,4.852783,6796,0.7229139804840088
11,alpha,human3,alpha,5.0898523,2.7407458,6797,0.6641196012496948
11,alpha,human3,alpha,4.7763534,3.2901704,6798,1.4327061176300049
11,alpha,human3,alpha,4.359954,2.7964716,6799,0.6615897417068481
2,ductal,human3,schwann,16.528017,-4.5350256,6800,3.2383475303649902
13,delta,human3,delta,-1.8239435,13.049521,6801,1.159348726272583
11,alpha,human3,alpha,4.789613,2.7539282,6802,3.4393229484558105
11,alpha,human3,alpha,5.0958734,2.6378336,6803,0.6984814405441284
11,alpha,human3,alpha,5.0064535,3.566224,6804,1.626810908317566
11,alpha,human3,alpha,4.5475345,2.8828702,6805,2.427945375442505
11,alpha,human3,alpha,5.6197596,2.832705,6806,1.109612226486206
11,alpha,human3,alpha,4.0748787,2.6745415,6807,0.5499719977378845
2,ductal,human3,schwann,15.724387,-4.636301,6808,1.322833776473999
2,ductal,human3,schwann,16.201979,-4.694878,6809,1.819598913192749
2,ductal,human3,schwann,16.61852,-4.3571377,6810,0.8989560008049011
4,acinar,human3,acinar,6.7781954,-9.049618,6811,0.4630197882652282
11,alpha,human3,alpha,5.0212207,2.2809644,6812,0.9177624583244324
2,ductal,human3,schwann,16.343452,-4.817367,6813,1.4306100606918335
11,alpha,human3,alpha,5.342573,3.1084402,6814,1.2819665670394895
6,activated_stellate,human3,activated_stellate,7.746837,10.098267,6815,1.9453953504562376
10,beta,human3,beta,-8.1231,3.8453157,6816,1.5334709882736206
1,gamma,human3,gamma,-0.78657603,20.17888,6817,2.710148334503174
10,beta,human3,beta,-9.606465,4.467449,6818,0.873081624507904
11,alpha,human3,alpha,5.393287,2.6140497,6819,0.8308820724487305
11,alpha,human3,alpha,4.6488733,2.8075662,6820,0.6260762214660645
6,activated_stellate,human3,activated_stellate,7.509096,10.792026,6821,1.940851092338562
11,alpha,human3,alpha,4.152547,3.314822,6822,0.5255566239356995
5,quiescent_stellate,human3,quiescent_stellate,5.008971,16.302155,6823,1.989525556564331
11,alpha,human3,alpha,4.2261353,3.4553556,6824,0.5808141827583313
4,acinar,human3,acinar,6.304248,-8.401508,6825,1.0900213718414309
11,alpha,human3,alpha,5.33725,3.293757,6826,0.9128455519676208
3,alpha,human3,mast,13.220402,15.972651,6827,0.7922547459602356
10,beta,human3,beta,-9.2542095,3.3218446,6828,0.7987385392189026
10,beta,human3,beta,-10.176504,4.5795045,6829,0.8680294156074524
4,alpha,human3,acinar,6.9978185,-7.5837584,6830,1.790176272392273
10,beta,human3,beta,-9.186604,3.0161636,6831,0.8368789553642273
4,acinar,human3,acinar,7.036538,-8.035573,6832,0.4180651903152466
10,beta,human3,beta,-8.485877,2.7177176,6833,0.6056752800941467
7,ductal,human3,epsilon,-2.3449917,-9.794317,6834,1.9745687246322632
2,ductal,human3,schwann,16.51739,-4.3085485,6835,1.0537006855010986
10,beta,human3,beta,-8.531883,3.3752024,6836,0.6633724570274353
11,alpha,human3,alpha,5.2585135,2.7881618,6837,0.8677655458450317
10,beta,human3,beta,-8.935365,3.5779245,6838,1.6897103786468506
10,beta,human3,beta,-9.160335,4.607313,6839,0.6841031312942505
2,ductal,human3,schwann,16.118353,-4.6916547,6840,1.323245406150818
10,beta,human3,beta,-9.250012,3.1573238,6841,0.7368685007095337
10,beta,human3,beta,-7.410217,3.6512237,6842,1.418545126914978
11,alpha,human3,alpha,3.9205961,3.1867182,6843,0.7151589393615723
2,ductal,human3,schwann,16.304415,-4.6786695,6844,1.8373929262161253
11,alpha,human3,alpha,5.519742,2.5495658,6845,0.6335353851318359
9,macrophage,human3,macrophage,11.233546,0.50165075,6846,3.623354196548462
10,beta,human3,beta,-10.160319,4.3476253,6847,0.7505629062652588
10,beta,human3,beta,-8.040179,3.4270847,6848,0.5828362107276917
11,alpha,human3,alpha,5.5866423,2.7314186,6849,0.8622415661811829
11,alpha,human3,alpha,5.5274754,2.185636,6850,0.6951014995574951
11,alpha,human3,alpha,5.063346,2.236022,6851,1.1939983367919922
11,alpha,human3,alpha,5.1248107,2.5132756,6852,0.5768234133720398
2,ductal,human3,schwann,15.72307,-4.610264,6853,1.3839080333709717
11,alpha,human3,alpha,4.2207947,2.7742295,6854,0.7815052270889282
2,ductal,human3,schwann,16.747099,-4.3211737,6855,1.2100194692611694
5,quiescent_stellate,human3,quiescent_stellate,4.9517994,16.277832,6856,1.294940710067749
2,ductal,human3,schwann,16.05547,-4.4331374,6857,3.445826292037964
11,alpha,human3,alpha,5.249965,3.4133487,6858,0.7850111126899719
11,alpha,human3,alpha,5.382623,3.1787946,6859,0.5433517098426819
4,acinar,human3,acinar,6.980975,-9.816804,6860,0.740548312664032
11,alpha,human3,alpha,4.942538,3.0650613,6861,0.9583759307861328
11,alpha,human3,alpha,4.878381,3.2676299,6862,1.0998353958129885
10,beta,human3,beta,-7.1629066,3.8875747,6863,0.9950745105743408
11,alpha,human3,alpha,5.5802846,2.5432682,6864,0.5035355687141418
2,ductal,human3,schwann,16.06125,-4.9281373,6865,1.1617684364318848
11,alpha,human3,alpha,4.8480206,2.0514057,6866,0.6635253429412842
10,beta,human3,beta,-10.816094,4.1230726,6867,0.7169641852378845
4,acinar,human3,acinar,7.0587025,-8.864692,6868,1.1817487478256226
11,alpha,human3,alpha,5.2154202,2.7177386,6869,0.8394221067428589
10,beta,human3,beta,-9.638843,3.8999567,6870,1.0307105779647827
4,acinar,human3,acinar,6.342127,-8.425564,6871,0.841709554195404
10,beta,human3,beta,-9.179774,3.7097862,6872,0.6772015690803528
2,ductal,human3,schwann,16.096159,-4.251583,6873,0.8092606663703918
10,beta,human3,beta,-10.577071,4.199464,6874,0.7317583560943604
11,alpha,human3,alpha,5.697162,3.1601338,6875,0.5774598121643066
11,alpha,human3,alpha,5.057522,2.5997903,6876,0.9420572519302368
11,alpha,human3,alpha,5.0652843,2.3668156,6877,1.5007052421569824
4,acinar,human3,acinar,7.0263453,-9.390145,6878,0.4042891263961792
2,ductal,human3,schwann,15.605075,-4.523494,6879,2.1757307052612305
11,alpha,human3,alpha,4.926547,2.1975498,6880,0.758639395236969
2,ductal,human3,schwann,16.061861,-4.2339725,6881,1.1709598302841189
11,alpha,human3,alpha,4.222105,3.2803547,6882,0.7363928556442261
2,ductal,human3,schwann,16.31674,-4.5762153,6883,1.4016708135604858
4,acinar,human3,acinar,6.952909,-8.616442,6884,1.2564208507537842
4,acinar,human3,acinar,7.0665717,-7.572022,6885,0.4851864874362945
2,ductal,human3,schwann,16.289951,-4.6068606,6886,1.812258005142212
11,quiescent_stellate,human3,alpha,5.15065,2.9197915,6887,2.368136405944824
11,alpha,human3,alpha,4.167692,2.806277,6888,0.948955774307251
11,alpha,human3,alpha,4.1891327,2.7566464,6889,0.9553531408309937
12,ductal,human3,ductal,14.315546,6.3112607,6890,1.5151125192642212
10,beta,human3,beta,-8.905058,3.3834095,6891,0.750189483165741
10,beta,human3,beta,-8.27557,4.198385,6892,1.1490904092788696
11,alpha,human3,alpha,4.312477,2.3621771,6893,0.5898767113685608
10,beta,human3,beta,-10.7712555,3.5673997,6894,0.5889694690704346
13,delta,human3,delta,-2.0458617,13.114647,6895,1.057470679283142
6,activated_stellate,human3,activated_stellate,7.786907,10.319292,6896,1.7467694282531738
13,delta,human3,delta,-1.306792,13.067667,6897,1.0244026184082031
10,beta,human3,beta,-8.07113,5.0085926,6898,0.7421865463256836
4,acinar,human3,acinar,6.779946,-9.563894,6899,0.4339234530925751
2,ductal,human3,schwann,16.361574,-4.3744397,6900,1.630042552947998
11,alpha,human3,alpha,4.7374773,3.3037207,6901,0.5404756665229797
6,activated_stellate,human3,activated_stellate,7.5325303,10.639808,6902,1.821548342704773
4,acinar,human3,acinar,6.2934237,-8.176127,6903,0.4382609128952026
2,ductal,human3,schwann,16.513643,-4.4955397,6904,1.0041524171829224
11,alpha,human3,alpha,4.4599743,2.7758749,6905,0.8362388610839844
2,ductal,human3,schwann,16.144262,-4.0852466,6906,0.9605019688606262
10,beta,human3,beta,-8.729291,4.189513,6907,0.6715990900993347
11,alpha,human3,alpha,5.3015018,2.1384618,6908,1.4280812740325928
10,beta,human3,beta,-9.078345,4.161037,6909,0.7211045622825623
10,beta,human3,beta,-10.795879,3.9796891,6910,1.007671356201172
11,alpha,human3,alpha,4.543093,2.4093256,6911,0.7453277707099915
11,alpha,human3,alpha,4.085616,2.6184654,6912,0.7800468802452087
10,beta,human3,beta,-8.206734,4.5496144,6913,0.9124926328659058
4,acinar,human3,acinar,6.5710196,-8.4419775,6914,1.36311674118042
4,acinar,human3,acinar,6.653457,-7.875306,6915,1.1213592290878296
11,endothelial,human3,alpha,5.4859543,2.7883232,6916,2.7952957153320312
10,beta,human3,beta,-10.121921,4.312433,6917,0.7308038473129272
6,activated_stellate,human3,activated_stellate,7.4994645,10.498602,6918,1.6473016738891602
11,alpha,human3,alpha,4.4081173,3.0765326,6919,0.7735515236854553
11,alpha,human3,alpha,4.471921,2.9449966,6920,1.078203797340393
4,acinar,human3,acinar,6.439881,-8.941903,6921,1.3752979040145874
11,alpha,human3,alpha,4.8992667,3.1181521,6922,0.7568718791007996
11,alpha,human3,alpha,5.005189,1.8661505,6923,0.5853768587112427
11,alpha,human3,alpha,4.273091,3.069052,6924,0.8280161023139954
11,alpha,human3,alpha,4.230698,2.8649845,6925,0.7843107581138611
10,beta,human3,beta,-9.359449,4.3863316,6926,1.16066575050354
4,acinar,human3,acinar,7.1108775,-8.689139,6927,0.9502507448196412
11,alpha,human3,alpha,4.6317387,2.558874,6928,0.9254818558692932
4,beta,human3,acinar,7.058479,-7.8074865,6929,2.03791618347168
2,ductal,human3,schwann,16.190023,-4.0694866,6930,1.0069036483764648
2,ductal,human3,schwann,15.952591,-4.330839,6931,1.023478388786316
2,ductal,human3,schwann,16.241297,-4.020076,6932,1.1101539134979248
11,alpha,human3,alpha,4.9796824,2.3914764,6933,0.5784010291099548
1,gamma,human3,gamma,-0.43175226,20.372227,6934,1.032572627067566
11,alpha,human3,alpha,4.864638,3.2381768,6935,1.1452468633651731
10,beta,human3,beta,-7.8390555,3.633844,6936,1.1573536396026611
11,alpha,human3,alpha,4.9436073,2.0558054,6937,1.4250190258026123
8,endothelial,human3,endothelial,19.703245,1.3972095,6938,2.838065385818481
11,alpha,human3,alpha,4.631353,3.147985,6939,1.2157716751098633
9,macrophage,human3,macrophage,11.61634,0.1029733,6940,2.233020544052124
4,acinar,human3,acinar,6.988583,-7.9340744,6941,0.429148405790329
6,activated_stellate,human3,activated_stellate,7.5351295,10.800202,6942,1.8199342489242556
10,beta,human3,beta,-8.582181,3.3644574,6943,1.6037577390670776
11,alpha,human3,alpha,4.517307,3.3813524,6944,0.6973814964294434
4,alpha,human3,acinar,6.507567,-8.0269575,6945,1.528461217880249
11,alpha,human3,alpha,5.0502543,2.687753,6946,0.5613610744476318
2,ductal,human3,schwann,15.798978,-4.481114,6947,0.972984254360199
11,alpha,human3,alpha,5.757534,3.1000423,6948,0.6464086771011353
10,beta,human3,beta,-10.414694,3.6666298,6949,0.8189287781715393
11,alpha,human3,alpha,5.0494747,3.3663833,6950,0.5074779987335205
10,beta,human3,beta,-8.531164,3.3545928,6951,0.5577656626701355
10,beta,human3,beta,-7.0720468,3.3326712,6952,0.6166465282440186
11,alpha,human3,alpha,4.3802357,3.5024016,6953,0.9328152537345886
10,beta,human3,beta,-11.0042,4.1789694,6954,0.771995484828949
10,delta,human3,beta,-8.660109,3.7021348,6955,2.288165807723999
11,alpha,human3,alpha,4.97265,3.1932812,6956,1.0845749378204346
6,activated_stellate,human3,activated_stellate,7.571983,10.870423,6957,2.1707241535186768
11,alpha,human3,alpha,4.1916013,2.5212693,6958,0.9703086018562316
6,activated_stellate,human3,activated_stellate,7.8790793,10.249489,6959,1.936779499053955
11,alpha,human3,alpha,4.4364405,3.0645561,6960,0.6313035488128662
10,beta,human3,beta,-9.340723,3.9037578,6961,0.6108213663101196
11,alpha,human3,alpha,4.9288096,3.5839202,6962,1.193753957748413
2,ductal,human3,schwann,16.57662,-4.315391,6963,0.773341715335846
10,beta,human3,beta,-9.988119,4.94422,6964,0.716579258441925
10,beta,human3,beta,-9.4978485,3.6719413,6965,0.6055521965026855
4,alpha,human3,acinar,6.9911556,-7.6121726,6966,1.65059232711792
4,acinar,human3,acinar,7.161731,-8.321443,6967,0.5888499617576599
11,alpha,human3,alpha,5.0096307,3.6191337,6968,0.6800632476806641
5,endothelial,human3,quiescent_stellate,4.8031993,16.293245,6969,2.838065385818481
10,beta,human3,beta,-9.009806,3.0578423,6970,0.6326283812522888
11,alpha,human3,alpha,4.7100067,3.1350324,6971,0.814172089099884
11,alpha,human3,alpha,5.151332,2.2457635,6972,0.7260643243789673
11,alpha,human3,alpha,4.3370023,2.011596,6973,1.523862600326538
10,beta,human3,beta,-10.325318,3.3441753,6974,1.0462766885757446
2,ductal,human3,schwann,15.911811,-4.284754,6975,1.2128562927246094
4,acinar,human3,acinar,6.683909,-8.03722,6976,0.8162872791290283
4,acinar,human3,acinar,6.8023863,-8.472044,6977,0.8184571862220764
11,alpha,human3,alpha,5.117024,2.5586793,6978,1.1515798568725586
8,endothelial,human3,endothelial,19.64282,1.4608648,6979,2.434840679168701
2,ductal,human3,schwann,16.429483,-4.6555414,6980,0.8661023378372192
4,acinar,human3,acinar,6.7137666,-7.244848,6981,3.623354196548462
10,beta,human3,beta,-9.767452,4.229235,6982,0.6442188620567322
10,beta,human3,beta,-9.410336,3.8466089,6983,0.9115610122680664
10,beta,human3,beta,-7.6208396,2.9273226,6984,0.6107624173164368
2,ductal,human3,schwann,16.327454,-4.103765,6985,1.300919532775879
11,alpha,human3,alpha,3.94128,2.4387038,6986,0.8615071177482605
11,alpha,human3,alpha,5.006295,2.5205486,6987,1.1294071674346924
4,acinar,human3,acinar,6.448382,-8.068485,6988,0.4033937752246856
1,gamma,human3,gamma,-0.6316461,20.100803,6989,1.7160296440124512
11,alpha,human3,alpha,4.2610745,2.084532,6990,0.8044936656951904
11,alpha,human3,alpha,4.8337817,3.519871,6991,0.5191540122032166
4,acinar,human3,acinar,7.156754,-7.9431834,6992,0.5321642756462097
11,alpha,human3,alpha,4.1400213,2.270397,6993,0.5274336338043213
11,alpha,human3,alpha,4.9642763,2.6292548,6994,0.9894263744354248
11,alpha,human3,alpha,4.3846836,3.088997,6995,0.8587349057197571
10,beta,human3,beta,-9.472154,4.694868,6996,0.6659389734268188
10,beta,human3,beta,-10.059884,3.557344,6997,1.052535057067871
10,beta,human3,beta,-8.560768,4.263401,6998,0.6891466379165649
4,acinar,human3,acinar,6.2220044,-8.656884,6999,0.4756484627723694
11,alpha,human3,alpha,4.9571943,2.0385678,7000,2.578469753265381
10,beta,human3,beta,-9.67381,3.436173,7001,0.8540495038032532
7,acinar,human3,epsilon,-2.4331832,-9.937408,7002,2.0880796909332275
11,alpha,human3,alpha,4.703879,2.5530202,7003,0.9327550530433656
12,ductal,human3,ductal,14.292952,6.562529,7004,1.585198163986206
11,alpha,human3,alpha,5.4465904,2.6610417,7005,0.7656251192092896
11,alpha,human3,alpha,4.167692,2.4203672,7006,0.4996943473815918
11,alpha,human3,alpha,5.133171,3.4361393,7007,1.1440253257751465
10,beta,human3,beta,-8.764968,5.8409543,7008,0.6469041109085083
4,acinar,human3,acinar,7.273509,-8.076024,7009,1.5173583030700684
10,beta,human3,beta,-7.761641,3.2729006,7010,0.98319673538208
10,beta,human3,beta,-7.6041155,3.5447636,7011,0.7149266004562378
11,alpha,human3,alpha,4.678019,2.5986328,7012,0.8927475214004517
4,acinar,human3,acinar,6.873965,-7.319766,7013,0.6315217614173889
6,activated_stellate,human3,activated_stellate,7.7900977,10.11396,7014,1.6960034370422363
11,alpha,human3,alpha,4.697459,1.8583533,7015,0.938513457775116
11,alpha,human3,alpha,4.427665,2.5758774,7016,0.7221598625183105
11,alpha,human3,alpha,4.2299232,3.1517205,7017,0.5296615362167358
11,alpha,human3,alpha,4.33344,3.4094014,7018,0.6369631290435791
2,ductal,human3,schwann,16.328709,-4.1052275,7019,1.0995941162109375
11,alpha,human3,alpha,4.464389,2.0279143,7020,0.7270596623420715
4,acinar,human3,acinar,6.344575,-8.071445,7021,0.3845422863960266
11,alpha,human3,alpha,5.8819404,2.595443,7022,0.6944828033447266
10,beta,human3,beta,-9.366649,5.0231667,7023,0.8227949738502502
11,alpha,human3,alpha,4.7356954,3.3217049,7024,0.8058992028236389
11,alpha,human3,alpha,4.818361,2.8107092,7025,0.6198186278343201
11,alpha,human3,alpha,4.481665,3.3646324,7026,0.5054430961608887
11,alpha,human3,alpha,5.0009074,2.8501663,7027,1.1827956438064575
4,acinar,human3,acinar,6.8576403,-8.8171,7028,0.3845422863960266
10,beta,human3,beta,-9.076807,3.4125066,7029,0.6311150789260864
11,alpha,human3,alpha,5.150152,2.2646534,7030,1.0051937103271484
4,acinar,human3,acinar,7.0360866,-8.59352,7031,0.7333003878593445
11,alpha,human3,alpha,4.520732,3.4422326,7032,0.5100103616714478
4,acinar,human3,acinar,7.3539395,-8.217892,7033,1.5945589542388916
11,alpha,human3,alpha,5.4904127,2.407727,7034,1.0194929838180542
11,alpha,human3,alpha,4.790459,2.6933184,7035,0.8848859071731567
2,ductal,human3,schwann,16.024185,-4.503416,7036,0.870695173740387
10,beta,human3,beta,-7.8874583,3.9982774,7037,0.6491349339485168
10,beta,human3,beta,-10.123753,3.8698182,7038,0.907727301120758
4,acinar,human3,acinar,6.827732,-8.946188,7039,0.3907119333744049
11,alpha,human3,alpha,4.2756267,2.4822533,7040,0.6728020906448364
6,activated_stellate,human3,activated_stellate,7.618261,10.64323,7041,1.6862633228302002
11,alpha,human3,alpha,4.1820273,2.7789853,7042,0.6837234497070312
11,alpha,human3,alpha,5.2265496,3.4163113,7043,0.9854512810707092
11,alpha,human3,alpha,5.3670506,3.0269759,7044,0.9233590364456176
10,beta,human3,beta,-8.030412,4.36299,7045,0.6369060277938843
10,beta,human3,beta,-9.434106,3.55659,7046,1.4286755323410034
1,gamma,human3,gamma,-0.5817985,19.918169,7047,1.6085729598999023
11,alpha,human3,alpha,4.6797357,2.689851,7048,0.7624905109405518
10,beta,human3,beta,-7.2570453,3.153674,7049,0.7656018137931824
5,activated_stellate,human3,quiescent_stellate,4.9674516,16.229088,7050,2.467012405395508
4,acinar,human3,acinar,7.2299347,-7.7949533,7051,0.3975934982299804
2,ductal,human3,schwann,16.286839,-4.6880918,7052,1.1694154739379885
11,alpha,human3,alpha,3.8482225,2.8488796,7053,2.075611114501953
11,alpha,human3,alpha,5.306516,3.5075104,7054,1.3385210037231443
10,beta,human3,beta,-9.272989,4.650389,7055,0.7633485794067383
2,ductal,human3,schwann,15.711358,-4.502042,7056,1.067020297050476
10,beta,human3,beta,-10.874779,3.6867533,7057,0.7358447313308716
13,delta,human3,delta,-2.0460067,12.978684,7058,1.1487607955932615
7,ductal,human3,epsilon,-2.524812,-10.028684,7059,1.783252835273743
4,acinar,human3,acinar,7.3498755,-8.207467,7060,0.7272090315818787
2,ductal,human3,schwann,15.689552,-4.413027,7061,3.588205099105835
4,acinar,human3,acinar,6.231342,-8.416953,7062,0.6218870878219604
11,alpha,human3,alpha,5.4037743,2.6076338,7063,0.5761526226997375
2,ductal,human3,schwann,15.975695,-4.497659,7064,1.370479702949524
11,alpha,human3,alpha,4.9186487,3.5749395,7065,1.2155306339263916
10,beta,human3,beta,-8.182879,4.0583687,7066,0.6408528089523315
10,beta,human3,beta,-8.452533,3.798702,7067,0.7871434092521667
11,alpha,human3,alpha,5.11341,2.760275,7068,3.623354196548462
11,alpha,human3,alpha,4.6878924,3.2581568,7069,0.6554202437400818
11,alpha,human3,alpha,4.501563,3.2091825,7070,0.8678534626960754
8,endothelial,human3,endothelial,19.466377,1.7504307,7071,2.249431133270264
4,acinar,human3,acinar,7.1831126,-8.926754,7072,0.7569457292556763
2,ductal,human3,schwann,16.202158,-4.718328,7073,1.0045661926269531
11,alpha,human3,alpha,4.16312,3.3761754,7074,0.5178642272949219
10,beta,human3,beta,-8.492511,2.979227,7075,1.36273193359375
2,ductal,human3,schwann,16.077526,-4.1885166,7076,0.9874590039253236
11,alpha,human3,alpha,4.819792,1.8195468,7077,0.6254492998123169
11,alpha,human3,alpha,4.621348,3.3800106,7078,1.3624680042266846
10,beta,human3,beta,-8.3028345,2.830605,7079,1.3223706483840942
11,alpha,human3,alpha,3.9528816,2.6369855,7080,0.7845356464385986
2,ductal,human3,schwann,15.983205,-4.612052,7081,1.093250393867493
10,beta,human3,beta,-10.257259,3.6790366,7082,0.6343677639961243
2,ductal,human3,schwann,16.161478,-4.822679,7083,1.245681881904602
2,ductal,human3,schwann,16.114002,-4.0941596,7084,1.38147234916687
2,ductal,human3,schwann,15.825752,-4.753409,7085,1.5697821378707886
11,alpha,human3,alpha,4.452248,2.0737543,7086,0.7460243701934814
11,alpha,human3,alpha,4.4043546,2.8402364,7087,0.7088063359260559
11,alpha,human3,alpha,5.263543,3.2071502,7088,0.6622385382652283
10,beta,human3,beta,-7.6284065,4.155189,7089,0.7424303889274597
2,ductal,human3,schwann,16.50949,-4.4735594,7090,1.1931670904159546
11,alpha,human3,alpha,4.27535,2.4753761,7091,1.4308453798294067
8,endothelial,human3,endothelial,19.980692,1.0630614,7092,2.838065385818481
11,alpha,human3,alpha,4.763744,3.8228233,7093,0.639514148235321
5,quiescent_stellate,human3,quiescent_stellate,4.826746,16.329716,7094,1.6121478080749512
10,beta,human3,beta,-8.033487,3.9106867,7095,1.210712194442749
13,delta,human3,delta,-1.9422879,13.163133,7096,0.8992684483528137
11,alpha,human3,alpha,4.5795035,2.915151,7097,0.8698669672012329
4,acinar,human3,acinar,6.509584,-7.8533487,7098,0.3880077302455902
11,alpha,human3,alpha,4.9264917,3.6106308,7099,1.560025334358215
10,beta,human3,beta,-9.343918,3.2352307,7100,0.656129777431488
10,beta,human3,beta,-7.1193066,3.7327068,7101,1.8863446712493896
11,alpha,human3,alpha,4.556358,2.9944947,7102,1.3038448095321655
5,quiescent_stellate,human3,quiescent_stellate,4.76875,16.229225,7103,1.7583872079849243
11,alpha,human3,alpha,5.4442954,2.602281,7104,0.8552576303482056
10,beta,human3,beta,-6.9983287,4.2640524,7105,0.5582112669944763
11,alpha,human3,alpha,4.878631,1.8551215,7106,1.0509988069534302
5,quiescent_stellate,human3,quiescent_stellate,4.765141,16.273357,7107,1.7028623819351196
4,acinar,human3,acinar,6.3363056,-8.913996,7108,0.7462157607078552
11,alpha,human3,alpha,4.424367,2.0380101,7109,0.5230777263641357
11,alpha,human3,alpha,4.984883,1.9135158,7110,1.0396382808685305
10,beta,human3,beta,-9.228525,4.094269,7111,1.060320258140564
4,acinar,human3,acinar,7.174157,-8.539968,7112,0.8242866396903992
13,delta,human3,delta,-1.321331,13.633313,7113,1.236235499382019
4,acinar,human3,acinar,7.493776,-8.346702,7114,0.4367781281471252
11,alpha,human3,alpha,5.1718764,3.5774488,7115,0.8337482810020447
11,alpha,human3,alpha,5.5428214,2.3094594,7116,1.2048612833023071
2,ductal,human3,schwann,15.9953375,-4.1822114,7117,1.0684607028961182
1,gamma,human3,gamma,-0.84867185,20.362043,7118,2.3210275173187256
8,endothelial,human3,endothelial,19.657022,1.4480418,7119,1.906915664672852
10,beta,human3,beta,-8.724144,4.017505,7120,0.8085578680038452
11,alpha,human3,alpha,5.4577336,3.2748008,7121,0.9167559146881104
11,alpha,human3,alpha,4.912996,2.843053,7122,0.6999589204788208
12,ductal,human3,ductal,14.274034,5.7140994,7123,1.431249499320984
11,alpha,human3,alpha,4.5486426,2.07724,7124,0.9327451586723328
11,alpha,human3,alpha,4.233187,3.3763282,7125,0.72612065076828
11,alpha,human3,alpha,4.6250563,3.1438458,7126,0.7394371628761292
10,beta,human3,beta,-7.516213,4.470052,7127,0.8811968564987183
4,acinar,human3,acinar,7.15365,-8.710027,7128,0.800384521484375
11,alpha,human3,alpha,5.1027455,2.6567893,7129,1.573315978050232
10,beta,human3,beta,-9.06206,4.863838,7130,0.7735016345977783
11,alpha,human3,alpha,4.450117,2.168808,7131,0.7542953491210938
11,alpha,human3,alpha,4.885743,2.1118696,7132,1.1047875881195068
11,alpha,human3,alpha,5.143166,3.5288143,7133,1.34031343460083
12,ductal,human3,ductal,14.132544,6.3836875,7134,3.585373640060425
13,delta,human3,delta,-1.4057671,13.076243,7135,1.2823562622070312
11,alpha,human3,alpha,4.9319944,3.3082285,7136,0.7226426005363464
11,alpha,human3,alpha,4.9645333,3.5291255,7137,1.1468253135681152
11,alpha,human3,alpha,5.3530817,2.6303513,7138,2.404456377029419
4,acinar,human3,acinar,6.6736016,-8.359246,7139,0.6819901466369629
2,ductal,human3,schwann,16.099361,-4.922066,7140,1.1444681882858276
2,ductal,human3,schwann,16.063875,-4.227646,7141,1.0165799856185913
11,alpha,human3,alpha,4.56834,2.0495777,7142,0.8357617259025574
11,alpha,human3,alpha,5.0797763,1.8723233,7143,1.9103018045425413
11,alpha,human3,alpha,4.145201,2.996451,7144,1.4540599584579468
4,acinar,human3,acinar,7.366938,-8.51099,7145,0.4814846813678741
10,beta,human3,beta,-9.979889,4.2662024,7146,0.6326990723609924
11,alpha,human3,alpha,4.7864213,2.1215177,7147,0.6324916481971741
1,gamma,human3,gamma,-0.6955375,20.218683,7148,1.4964125156402588
4,acinar,human3,acinar,6.2951217,-8.295686,7149,0.5401577353477478
11,alpha,human3,alpha,4.9455748,2.4307008,7150,0.553742527961731
1,gamma,human3,gamma,-0.833642,20.253668,7151,2.0884106159210205
1,gamma,human3,gamma,-0.80659795,20.317108,7152,1.6102681159973145
10,beta,human3,beta,-10.070322,3.1204572,7153,1.7584867477416992
10,beta,human3,beta,-8.184435,4.4001412,7154,1.8004192113876345
11,alpha,human3,alpha,4.86876,3.0553265,7155,1.857393503189087
10,beta,human3,beta,-8.355629,4.1460304,7156,0.8250449299812317
10,beta,human3,beta,-9.425019,3.6194837,7157,0.6098557114601135
4,acinar,human3,acinar,7.0689487,-8.082571,7158,0.7135043144226074
4,acinar,human3,acinar,6.871912,-9.565391,7159,0.5849950313568115
4,acinar,human3,acinar,7.2454495,-9.034353,7160,0.5395089387893677
5,quiescent_stellate,human3,quiescent_stellate,5.1428514,16.120264,7161,1.420925259590149
5,quiescent_stellate,human3,quiescent_stellate,4.395847,16.458378,7162,2.0012857913970947
2,ductal,human3,schwann,16.062714,-4.192287,7163,1.5551810264587402
10,beta,human3,beta,-10.035825,4.1479897,7164,0.9504964351654052
11,alpha,human3,alpha,5.868229,2.573749,7165,0.9705808758735656
10,beta,human3,beta,-9.287734,5.125721,7166,0.6410213112831116
11,alpha,human3,alpha,4.4600306,1.9910872,7167,0.5277696251869202
2,ductal,human3,schwann,16.42202,-4.1350064,7168,1.580098032951355
11,alpha,human3,alpha,3.9734635,2.3794184,7169,0.5447107553482056
11,alpha,human3,alpha,4.593363,3.2575338,7170,0.9342426657676696
11,alpha,human3,alpha,4.2960725,2.9430282,7171,1.0532740354537964
11,alpha,human3,alpha,3.8917756,2.626182,7172,0.7777182459831238
11,alpha,human3,alpha,4.6157193,2.752703,7173,1.0149084329605105
10,beta,human3,beta,-8.590146,3.6586933,7174,0.864203691482544
13,beta,human3,delta,-1.9711692,13.058892,7175,1.691933035850525
10,beta,human3,beta,-10.050661,4.950423,7176,0.6769651770591736
4,acinar,human3,acinar,6.7904778,-8.5330305,7177,0.6421331763267517
11,alpha,human3,alpha,5.3409986,2.1608484,7178,0.9597697257995604
10,beta,human3,beta,-10.425259,3.8547962,7179,0.8313902616500854
10,beta,human3,beta,-10.065538,4.423154,7180,0.5730515122413635
10,beta,human3,beta,-9.170916,2.8300097,7181,0.7539981603622437
10,beta,human3,beta,-8.967023,3.68166,7182,1.4968208074569702
1,gamma,human3,gamma,-0.72317815,20.049616,7183,2.2673745155334477
8,endothelial,human3,endothelial,19.943727,1.1034173,7184,2.524661064147949
5,quiescent_stellate,human3,quiescent_stellate,4.577154,16.4168,7185,1.5118775367736816
11,alpha,human3,alpha,4.8715887,3.2483327,7186,0.5803221464157104
11,alpha,human3,alpha,5.5017123,2.6287806,7187,0.7265632748603821
10,beta,human3,beta,-10.339534,4.5308957,7188,0.6757389903068542
10,beta,human3,beta,-10.337423,3.7661622,7189,0.7823351621627808
10,beta,human3,beta,-8.156215,3.715985,7190,0.6287906765937805
2,ductal,human3,schwann,16.386042,-4.717863,7191,1.8353475332260127
2,ductal,human3,schwann,15.8581295,-4.4774795,7192,1.607597827911377
10,beta,human3,beta,-11.019845,4.138413,7193,0.6082155704498291
5,quiescent_stellate,human3,quiescent_stellate,4.4288263,16.444887,7194,1.899370551109314
11,alpha,human3,alpha,4.99719,2.4846938,7195,0.6738802194595337
11,alpha,human3,alpha,5.18883,2.8537745,7196,0.8771519064903259
11,alpha,human3,alpha,4.021138,2.5797424,7197,1.7707250118255615
5,activated_stellate,human3,quiescent_stellate,5.0775795,16.09304,7198,1.6351635456085205
4,acinar,human3,acinar,6.860519,-8.777882,7199,0.9026585817337036
10,beta,human3,beta,-10.496531,4.345106,7200,0.8851372599601746
11,alpha,human3,alpha,5.292928,2.1485066,7201,0.6788265109062195
11,alpha,human3,alpha,5.5264587,2.9241405,7202,0.7684257626533508
2,ductal,human3,schwann,16.201206,-4.8499174,7203,3.588205099105835
11,alpha,human3,alpha,5.659057,2.921315,7204,0.583189070224762
10,beta,human3,beta,-11.070442,4.1783857,7205,0.8482581377029419
11,alpha,human3,alpha,4.017142,2.5435495,7206,0.7458391189575195
10,beta,human3,beta,-8.970257,3.7472456,7207,1.1984925270080566
8,endothelial,human3,endothelial,19.682882,1.4106344,7208,1.9903926849365237
2,ductal,human3,schwann,16.334093,-4.648668,7209,1.126734733581543
8,endothelial,human3,endothelial,19.430937,1.846388,7210,2.294248580932617
10,beta,human3,beta,-11.031534,4.116478,7211,1.0874171257019043
5,quiescent_stellate,human3,quiescent_stellate,4.434157,16.434288,7212,1.6252856254577637
8,endothelial,human3,endothelial,20.113785,0.90171504,7213,2.232410430908203
11,alpha,human3,alpha,4.750485,3.0348673,7214,0.7219098210334778
11,alpha,human3,alpha,4.6128516,2.9347084,7215,0.760002613067627
10,beta,human3,beta,-9.221208,3.0690224,7216,1.0074657201766968
11,alpha,human3,alpha,4.2553487,2.9764946,7217,1.7803114652633667
6,activated_stellate,human3,activated_stellate,7.769876,10.442795,7218,2.441968441009521
5,quiescent_stellate,human3,quiescent_stellate,4.814077,16.32872,7219,1.634904384613037
11,alpha,human3,alpha,4.593043,2.3991816,7220,0.7479352355003357
10,beta,human3,beta,-8.564306,3.2572773,7221,0.7675840258598328
11,alpha,human3,alpha,5.0724053,2.9424818,7222,0.762631893157959
11,alpha,human3,alpha,3.9418647,3.0434816,7223,0.5268088579177856
10,beta,human3,beta,-9.186646,3.7175593,7224,1.1481904983520508
5,activated_stellate,human3,quiescent_stellate,4.5500183,16.426718,7225,2.197865724563598
10,beta,human3,beta,-9.901058,3.8145027,7226,0.744547426700592
11,alpha,human3,alpha,5.6075864,2.436002,7227,0.6924843192100525
10,beta,human3,beta,-9.712181,4.104958,7228,0.7595253586769104
13,delta,human3,delta,-1.1694643,13.568518,7229,1.756200909614563
5,quiescent_stellate,human3,quiescent_stellate,5.0761943,16.165455,7230,1.5833396911621094
11,alpha,human3,alpha,4.5638356,2.5243464,7231,0.6494461297988892
10,beta,human3,beta,-8.509718,4.99703,7232,0.8026954531669617
10,beta,human3,beta,-10.782738,4.5504727,7233,0.6985799074172974
11,alpha,human3,alpha,4.783227,2.653171,7234,0.5769006013870239
1,beta,human3,gamma,-0.58344716,19.905687,7235,3.623354196548462
11,alpha,human3,alpha,4.994378,2.3724122,7236,0.8848880529403687
10,beta,human3,beta,-9.894738,3.5280993,7237,0.8354654908180237
13,delta,human3,delta,-1.5592388,13.036358,7238,1.057719588279724
12,ductal,human3,ductal,14.396818,6.2873397,7239,3.588205099105835
11,alpha,human3,alpha,4.948865,2.4421334,7240,1.4121233224868774
10,beta,human3,beta,-9.89311,4.2752147,7241,1.0845330953598022
8,endothelial,human3,endothelial,19.334337,1.9755242,7242,2.266774177551269
10,beta,human3,beta,-9.30757,2.5456488,7243,0.6093434691429138
10,beta,human3,beta,-7.3963385,4.2072396,7244,1.845175862312317
11,alpha,human3,alpha,5.1779265,3.1434777,7245,0.7193267941474915
11,alpha,human3,alpha,5.5591726,2.8771996,7246,1.057258129119873
11,alpha,human3,alpha,5.0575523,1.8534625,7247,0.8149755597114563
11,alpha,human3,alpha,4.3419294,2.6904893,7248,0.5684208273887634
6,schwann,human3,activated_stellate,7.59029,11.06495,7249,2.4939630031585693
11,alpha,human3,alpha,3.7607691,2.6955836,7250,1.4051204919815063
10,beta,human3,beta,-11.051468,4.2398367,7251,0.7551025152206421
9,macrophage,human3,macrophage,10.929508,0.81476116,7252,3.362237930297852
8,endothelial,human3,endothelial,20.36486,0.5775826,7253,2.6785888671875
12,ductal,human3,ductal,14.441396,6.055026,7254,1.556025147438049
10,beta,human3,beta,-9.009042,2.6151395,7255,0.7683613300323486
11,alpha,human3,alpha,4.8390265,3.3108048,7256,0.5994064807891846
11,alpha,human3,alpha,4.898719,3.3091156,7257,1.6042861938476562
5,quiescent_stellate,human3,quiescent_stellate,4.8135247,16.291897,7258,1.4117132425308228
4,acinar,human3,acinar,6.390094,-8.535491,7259,0.6482018232345581
12,ductal,human3,ductal,14.201958,6.209297,7260,1.41290020942688
11,alpha,human3,alpha,3.98321,2.5624228,7261,1.2192955017089844
10,beta,human3,beta,-10.570111,4.033358,7262,0.91072279214859
11,alpha,human3,alpha,4.498632,3.260852,7263,0.9001749753952026
10,beta,human3,beta,-9.225476,2.794597,7264,0.9922067523002625
11,alpha,human3,alpha,3.792442,2.7583044,7265,0.630853533744812
7,ductal,human4,epsilon,-2.2644916,-9.942546,7266,1.1708440780639648
13,delta,human4,delta,-1.891768,13.356607,7267,0.568016529083252
13,delta,human4,delta,-1.3384033,13.024023,7268,0.7728829383850098
7,ductal,human4,epsilon,-2.5017517,-10.019386,7269,2.094947338104248
12,ductal,human4,ductal,14.03029,6.180109,7270,1.8500587940216064
12,ductal,human4,ductal,14.449863,5.937473,7271,1.7250319719314575
7,ductal,human4,epsilon,-2.2502034,-9.867505,7272,1.1655049324035645
3,alpha,human4,mast,12.0272665,15.941963,7273,0.5001940131187439
7,ductal,human4,epsilon,-2.1447325,-10.014271,7274,1.223923921585083
7,ductal,human4,epsilon,-2.091035,-9.968703,7275,1.4439440965652466
3,alpha,human4,mast,11.149985,15.4913435,7276,0.5613559484481812
12,ductal,human4,ductal,14.324835,6.352822,7277,1.2302619218826294
12,ductal,human4,ductal,14.39289,6.0207367,7278,3.588205099105835
7,ductal,human4,epsilon,-2.0794818,-9.97118,7279,1.2911314964294434
13,delta,human4,delta,-2.15318,13.401649,7280,0.3845422863960266
6,activated_stellate,human4,activated_stellate,7.5929337,10.14453,7281,2.1954345703125
0,beta,human4,t_cell,21.88743,9.580282,7282,0.3906598687171936
7,ductal,human4,epsilon,-2.2686336,-9.913956,7283,1.706721544265747
12,ductal,human4,ductal,14.251851,5.7547016,7284,1.9633318185806277
0,beta,human4,t_cell,21.69913,8.78791,7285,0.4689683616161346
0,beta,human4,t_cell,21.874159,10.196005,7286,0.3948319256305694
13,delta,human4,delta,-2.0445263,13.005785,7287,0.3845422863960266
7,ductal,human4,epsilon,-2.3641958,-10.033579,7288,1.1790727376937866
13,delta,human4,delta,-1.7086387,12.433207,7289,0.4427110552787781
3,alpha,human4,mast,11.898239,16.521893,7290,0.5103808641433716
0,beta,human4,t_cell,22.011312,10.270445,7291,0.4301386773586273
10,beta,human4,beta,-8.043602,4.411753,7292,0.4086139500141144
13,delta,human4,delta,-1.3621219,12.527543,7293,0.3845422863960266
7,ductal,human4,epsilon,-2.0652144,-9.981849,7294,1.067241668701172
6,activated_stellate,human4,activated_stellate,7.606066,10.703476,7295,1.7520174980163574
7,ductal,human4,epsilon,-2.2830243,-10.011914,7296,1.424567937850952
7,ductal,human4,epsilon,-2.2563386,-9.832834,7297,1.4724340438842771
12,ductal,human4,ductal,14.058317,5.4485397,7298,3.588205099105835
0,beta,human4,t_cell,21.678154,8.78212,7299,0.3845422863960266
9,macrophage,human4,macrophage,11.600074,0.118896954,7300,2.167810678482056
3,alpha,human4,mast,12.921261,16.308508,7301,0.8587150573730469
10,beta,human4,beta,-8.085005,4.433231,7302,0.3845422863960266
0,beta,human4,t_cell,21.994871,9.863458,7303,0.4400763511657715
3,alpha,human4,mast,12.190117,15.830166,7304,0.516690731048584
12,ductal,human4,ductal,14.078479,5.524242,7305,1.641451120376587
10,beta,human4,beta,-8.323271,4.555266,7306,1.248763918876648
0,beta,human4,t_cell,21.939741,9.517448,7307,0.5343140959739685
3,alpha,human4,mast,12.122127,15.520412,7308,0.7155460715293884
12,ductal,human4,ductal,13.957502,5.8918095,7309,2.240983009338379
7,ductal,human4,epsilon,-2.63655,-9.677437,7310,1.8714840412139893
0,beta,human4,t_cell,21.841085,10.614683,7311,0.6321330666542053
10,beta,human4,beta,-8.693886,6.002409,7312,0.4881775975227356
3,alpha,human4,mast,11.609851,15.385372,7313,0.771247386932373
10,beta,human4,beta,-9.351441,4.0458965,7314,0.412546157836914
3,alpha,human4,mast,11.3091,16.047125,7315,0.7503950595855713
0,beta,human4,t_cell,21.873365,10.48791,7316,0.4998419284820556
2,ductal,human4,schwann,16.220825,-4.8485293,7317,3.588205099105835
10,beta,human4,beta,-8.3736515,5.3730607,7318,0.3845422863960266
12,ductal,human4,ductal,13.995717,6.1963043,7319,1.4137871265411377
3,alpha,human4,mast,11.404191,15.356585,7320,0.6577394604682922
0,beta,human4,t_cell,21.940111,10.410431,7321,0.508890688419342
13,delta,human4,delta,-1.4364958,13.256828,7322,4.432863235473633
0,beta,human4,t_cell,21.772156,10.738411,7323,0.5008476376533508
0,beta,human4,t_cell,21.93379,10.420647,7324,0.4036266207695007
12,ductal,human4,ductal,14.188724,6.513275,7325,1.6872258186340332
0,beta,human4,t_cell,21.768362,10.741373,7326,0.5197484493255615
7,ductal,human4,epsilon,-2.2846332,-10.065359,7327,1.3654484748840332
0,beta,human4,t_cell,21.927696,9.446143,7328,0.51475590467453
12,ductal,human4,ductal,13.936592,5.7923417,7329,1.840437173843384
7,ductal,human4,epsilon,-2.346506,-9.752774,7330,0.972519874572754
6,activated_stellate,human4,activated_stellate,7.5425534,10.862975,7331,2.145780086517334
3,alpha,human4,mast,12.089627,15.208146,7332,0.6786614656448364
3,alpha,human4,mast,13.158451,15.81973,7333,0.5330206751823425
13,delta,human4,delta,-1.5681114,13.506379,7334,0.3869439959526062
6,activated_stellate,human4,activated_stellate,7.5669956,10.12865,7335,1.5467737913131714
6,activated_stellate,human4,activated_stellate,7.514378,10.1832485,7336,1.7766693830490112
10,beta,human4,beta,-8.6627655,5.9564905,7337,0.3845422863960266
6,activated_stellate,human4,activated_stellate,7.6259956,10.089427,7338,1.5062494277954102
3,alpha,human4,mast,12.948102,16.2452,7339,0.5670303702354431
10,beta,human4,beta,-10.842776,3.7914033,7340,0.3875573277473449
12,ductal,human4,ductal,14.209212,5.591817,7341,2.2042176723480225
5,quiescent_stellate,human4,quiescent_stellate,4.6837134,16.316494,7342,2.431235790252685
0,beta,human4,t_cell,22.066399,10.153899,7343,0.7336518168449402
7,ductal,human4,epsilon,-2.2475326,-10.049917,7344,1.3072264194488523
10,beta,human4,beta,-8.877159,4.854494,7345,0.3845422863960266
0,beta,human4,t_cell,21.703514,8.72291,7346,0.9622606635093688
6,activated_stellate,human4,activated_stellate,7.511684,10.062606,7347,1.6353965997695925
13,delta,human4,delta,-1.7603704,12.858813,7348,0.4412075877189636
0,beta,human4,t_cell,21.929289,9.549947,7349,0.3855177760124206
0,beta,human4,t_cell,21.849615,9.230025,7350,0.9673027992248536
0,beta,human4,t_cell,21.703764,8.82892,7351,0.5420387983322144
0,beta,human4,t_cell,21.696472,8.810373,7352,0.7021920680999756
13,delta,human4,delta,-2.1115909,13.033589,7353,1.2265849113464355
0,beta,human4,t_cell,21.727133,8.854383,7354,0.4049179852008819
13,delta,human4,delta,-1.8454999,12.457009,7355,0.4618614315986633
3,alpha,human4,mast,11.409368,15.939409,7356,2.441903829574585
12,ductal,human4,ductal,14.22583,6.0840187,7357,1.4148346185684204
3,alpha,human4,mast,11.74042,15.706163,7358,0.7693879008293152
3,alpha,human4,mast,11.950024,16.04071,7359,0.7377902865409851
3,alpha,human4,mast,12.836276,16.024326,7360,1.1357730627059937
9,macrophage,human4,macrophage,11.043328,0.69860816,7361,2.4570417404174805
13,delta,human4,delta,-1.9756346,13.875848,7362,0.4028984010219574
12,ductal,human4,ductal,14.314836,6.117895,7363,1.9755003452301023
12,ductal,human4,ductal,14.315617,5.51333,7364,1.6308209896087646
0,beta,human4,t_cell,21.909008,9.784318,7365,0.5907192826271057
12,ductal,human4,ductal,14.063157,5.472242,7366,1.825649976730347
10,beta,human4,beta,-7.096262,3.570553,7367,0.3845422863960266
10,beta,human4,beta,-8.52273,3.4940338,7368,0.3845422863960266
3,alpha,human4,mast,13.211818,15.848893,7369,0.8649694919586182
0,beta,human4,t_cell,21.698069,8.795373,7370,0.4688146710395813
13,delta,human4,delta,-1.3347607,12.64637,7371,0.3933762907981872
3,alpha,human4,mast,10.7792225,15.473349,7372,0.5514964461326599
3,alpha,human4,mast,12.033345,16.201889,7373,1.3653172254562378
13,delta,human4,delta,-1.4810998,13.661562,7374,0.7389425039291382
0,beta,human4,t_cell,21.865139,9.610269,7375,0.5308720469474792
12,ductal,human4,ductal,14.492091,6.039787,7376,1.8410896062850952
0,beta,human4,t_cell,22.10494,10.081337,7377,0.674884557723999
0,beta,human4,t_cell,22.04608,9.767567,7378,0.5408643484115601
13,delta,human4,delta,-2.0582151,12.737365,7379,0.553769588470459
7,acinar,human4,epsilon,-2.3958268,-9.93298,7380,1.6873327493667605
12,ductal,human4,ductal,14.106386,6.027161,7381,1.6481690406799316
3,alpha,human4,mast,12.848403,16.376747,7382,0.7670987248420715
12,ductal,human4,ductal,14.434212,5.6198916,7383,1.3310378789901731
12,ductal,human4,ductal,14.340377,5.978464,7384,1.3698225021362305
0,beta,human4,t_cell,21.83247,9.183659,7385,0.569991946220398
10,beta,human4,beta,-10.715857,3.6609097,7386,0.4188578128814697
1,gamma,human4,gamma,-0.7546686,20.203249,7387,0.9023926258087158
3,alpha,human4,mast,12.100437,16.50852,7388,0.7903445363044739
0,beta,human4,t_cell,21.687466,8.799267,7389,0.3845422863960266
0,beta,human4,t_cell,21.854977,10.583404,7390,0.7483876347541809
0,beta,human4,t_cell,21.862436,10.165106,7391,0.5827302932739258
7,ductal,human4,epsilon,-2.2363951,-9.912586,7392,1.1900008916854858
6,activated_stellate,human4,activated_stellate,7.7351055,10.126754,7393,1.7237446308135986
13,delta,human4,delta,-1.391516,13.496927,7394,0.4396222531795501
10,beta,human4,beta,-9.2822075,4.3846064,7395,0.3845422863960266
12,ductal,human4,ductal,14.179717,5.901369,7396,1.4582184553146362
0,beta,human4,t_cell,21.791897,10.223565,7397,0.3956194818019867
7,ductal,human4,epsilon,-2.1461906,-10.052112,7398,1.2513309717178345
7,ductal,human4,epsilon,-2.463231,-9.662415,7399,1.8541561365127563
10,beta,human4,beta,-8.717041,5.9624634,7400,0.3845422863960266
3,alpha,human4,mast,11.980591,15.492178,7401,0.7946127653121948
12,ductal,human4,ductal,14.345267,6.22249,7402,1.5007619857788086
13,delta,human4,delta,-1.3625962,12.896013,7403,0.3845422863960266
0,beta,human4,t_cell,21.942652,10.111287,7404,0.4860132038593292
13,delta,human4,delta,-2.1594398,12.861792,7405,0.4658402800559997
13,delta,human4,delta,-1.9953986,13.446714,7406,0.3848234415054321
3,alpha,human4,mast,12.741864,15.500437,7407,0.5435548424720764
3,alpha,human4,mast,11.401575,15.272924,7408,1.3316221237182615
12,ductal,human4,ductal,14.384851,6.167387,7409,1.4430873394012451
9,macrophage,human4,macrophage,11.104093,0.6363271,7410,2.5200283527374268
3,alpha,human4,mast,10.578243,15.633961,7411,0.8276730179786682
7,ductal,human4,epsilon,-2.195566,-9.892747,7412,1.3331530094146729
12,ductal,human4,ductal,14.3021755,6.4800467,7413,1.789136528968811
12,ductal,human4,ductal,14.227309,5.897106,7414,1.4823673963546753
0,beta,human4,t_cell,21.804394,9.093285,7415,0.8031418323516846
10,beta,human4,beta,-8.664724,5.942894,7416,0.4782351851463318
3,alpha,human4,mast,11.359637,15.6681,7417,0.5747932195663452
0,beta,human4,t_cell,21.788654,9.050511,7418,0.3933074176311493
11,alpha,human4,alpha,5.1185822,2.8153908,7419,0.9354518055915833
0,beta,human4,t_cell,21.781643,9.054542,7420,0.3845422863960266
0,beta,human4,t_cell,21.886301,10.39689,7421,0.4921348392963409
12,ductal,human4,ductal,14.029374,6.245963,7422,1.688583493232727
2,ductal,human4,schwann,16.130049,-4.9065614,7423,2.137235641479492
0,beta,human4,t_cell,21.91182,9.627758,7424,0.864657998085022
0,beta,human4,t_cell,21.985796,10.402969,7425,1.4302538633346558
3,alpha,human4,mast,11.865985,16.165108,7426,0.8192285895347595
3,alpha,human4,mast,11.805219,15.396838,7427,0.6467514038085938
0,beta,human4,t_cell,21.921543,9.795142,7428,0.4859341084957123
0,beta,human4,t_cell,21.935635,10.159477,7429,0.4733958542346954
3,alpha,human4,mast,11.822516,15.426347,7430,0.6350764036178589
10,beta,human4,beta,-8.645305,4.6076865,7431,0.3845422863960266
10,beta,human4,beta,-8.196253,3.5306416,7432,0.4220183789730072
3,alpha,human4,mast,10.833659,15.717865,7433,0.6904734969139099
13,delta,human4,delta,-1.9268075,12.985292,7434,0.4029566943645477
10,beta,human4,beta,-8.443435,3.782521,7435,0.972152829170227
3,alpha,human4,mast,11.399851,15.65539,7436,1.0729386806488037
0,beta,human4,t_cell,21.860918,9.249711,7437,0.4209520816802978
10,beta,human4,beta,-9.956867,4.9354014,7438,0.6307898163795471
0,beta,human4,t_cell,21.954752,10.161759,7439,0.7804277539253235
0,beta,human4,t_cell,21.94069,10.409101,7440,0.9953017830848694
13,delta,human4,delta,-2.0770736,12.983893,7441,0.3845422863960266
0,beta,human4,t_cell,21.763521,8.988831,7442,0.4009488821029663
12,ductal,human4,ductal,14.026711,5.9989862,7443,1.6301352977752686
1,gamma,human4,gamma,-0.7174906,20.084677,7444,0.7410343289375305
13,delta,human4,delta,-1.7765892,13.2214575,7445,0.3845422863960266
12,ductal,human4,ductal,14.326707,5.7549744,7446,3.588205099105835
3,alpha,human4,mast,11.879171,16.058107,7447,0.7546699643135071
7,ductal,human4,epsilon,-2.5328581,-9.746182,7448,1.3199561834335327
3,alpha,human4,mast,10.646649,15.787217,7449,0.77667635679245
3,alpha,human4,mast,12.532107,15.495535,7450,1.0512704849243164
13,delta,human4,delta,-1.8439746,12.671449,7451,0.5284760594367981
3,alpha,human4,mast,10.875415,15.450166,7452,0.6675200462341309
0,beta,human4,t_cell,21.757416,8.830687,7453,0.4419872462749481
13,delta,human4,delta,-1.4470402,13.764122,7454,0.4282328188419342
3,alpha,human4,mast,12.762603,15.792951,7455,0.5610523223876953
3,alpha,human4,mast,12.993003,16.280613,7456,0.5996338129043579
13,delta,human4,delta,-1.5551689,12.491158,7457,0.3845422863960266
10,beta,human4,beta,-8.822616,3.6233735,7458,0.4464084804058075
0,beta,human4,t_cell,22.001686,10.267833,7459,0.4261450469493866
3,alpha,human4,mast,10.886675,16.071667,7460,0.662849485874176
1,gamma,human4,gamma,-0.9459096,20.247398,7461,1.0634998083114624
0,beta,human4,t_cell,21.938307,9.984694,7462,0.4187087118625641
10,beta,human4,beta,-7.0232677,3.6064856,7463,0.3845422863960266
1,gamma,human4,gamma,-0.62700015,20.048893,7464,1.179415941238403
13,delta,human4,delta,-1.9002693,13.882,7465,0.5199921131134033
7,ductal,human4,epsilon,-2.6024947,-9.709237,7466,2.119886875152588
0,beta,human4,t_cell,21.874908,10.570296,7467,0.7692975401878357
11,alpha,human4,alpha,4.8047485,2.488551,7468,1.8972575664520264
13,delta,human4,delta,-1.945736,13.008611,7469,0.5744602084159851
0,beta,human4,t_cell,21.723673,8.723025,7470,0.3845422863960266
0,beta,human4,t_cell,22.058561,10.0653515,7471,0.5856667160987854
3,alpha,human4,mast,11.134276,15.445691,7472,0.6631593108177185
7,ductal,human4,epsilon,-2.2959642,-9.957484,7473,1.2360780239105225
12,ductal,human4,ductal,14.308575,5.776664,7474,1.5220003128051758
0,beta,human4,t_cell,21.81069,10.252114,7475,0.4062834978103637
3,alpha,human4,mast,12.39286,16.352474,7476,0.5985938906669617
12,ductal,human4,ductal,14.355611,5.988004,7477,1.638452410697937
6,activated_stellate,human4,activated_stellate,7.5676465,10.70812,7478,1.50334370136261
3,alpha,human4,mast,11.9911785,16.017212,7479,0.8000468611717224
0,beta,human4,t_cell,21.929823,9.869182,7480,0.458741158246994
3,alpha,human4,mast,11.683422,15.781162,7481,0.6768003702163696
12,ductal,human4,ductal,13.977343,5.7297316,7482,1.7400391101837158
0,beta,human4,t_cell,21.864004,9.5131645,7483,0.6436872482299805
10,beta,human4,beta,-8.937793,3.0918732,7484,0.7241343259811401
12,ductal,human4,ductal,14.025415,5.1893625,7485,1.7048320770263672
10,beta,human4,beta,-10.1263485,5.0555644,7486,0.3845422863960266
0,beta,human4,t_cell,21.858969,10.554787,7487,0.4620183408260345
12,ductal,human4,ductal,14.242344,6.448765,7488,2.109215021133423
0,beta,human4,t_cell,21.843117,9.212341,7489,0.4249601066112518
10,beta,human4,beta,-8.035388,4.4236236,7490,0.4015079140663147
10,beta,human4,beta,-8.29199,3.160022,7491,0.4539000689983368
0,beta,human4,t_cell,21.994318,9.854508,7492,0.5278192758560181
3,alpha,human4,mast,12.71956,16.41092,7493,0.5329166054725647
13,delta,human4,delta,-1.9024646,13.068291,7494,0.4942154288291931
3,alpha,human4,mast,11.49206,16.289055,7495,0.7040857672691345
9,macrophage,human4,macrophage,11.631779,0.08702619,7496,3.0585687160491943
3,alpha,human4,mast,11.208184,15.626404,7497,0.6616744995117188
3,alpha,human4,mast,10.541782,15.616751,7498,0.5000752210617065
10,beta,human4,beta,-8.646668,5.8154426,7499,0.3845422863960266
6,activated_stellate,human4,activated_stellate,7.8114014,10.150739,7500,1.9705361127853396
0,beta,human4,t_cell,21.81359,9.180131,7501,0.98622727394104
0,beta,human4,t_cell,21.981304,9.821252,7502,0.5695307850837708
12,ductal,human4,ductal,14.163068,6.3326902,7503,1.4179022312164309
12,ductal,human4,ductal,14.227249,6.515834,7504,1.827553153038025
1,gamma,human4,gamma,-0.3787065,20.389788,7505,0.9514688849449158
0,beta,human4,t_cell,21.904263,10.41565,7506,0.4366754591464996
12,ductal,human4,ductal,13.9772415,6.38559,7507,1.59079110622406
0,beta,human4,t_cell,21.704464,8.852068,7508,0.4179010689258575
0,beta,human4,t_cell,21.970446,10.402106,7509,0.5385366082191467
0,beta,human4,t_cell,22.115246,10.192965,7510,0.3845422863960266
0,beta,human4,t_cell,21.732258,8.763086,7511,0.3845422863960266
0,beta,human4,t_cell,21.988205,10.244933,7512,0.5851340293884277
3,alpha,human4,mast,11.775219,15.387592,7513,0.5049113631248474
13,delta,human4,delta,-1.6066419,13.4001255,7514,0.5833154320716858
3,alpha,human4,mast,10.518205,15.587906,7515,0.6667556762695312
12,ductal,human4,ductal,14.162122,6.550944,7516,1.6429928541183472
7,ductal,human4,epsilon,-2.1743753,-9.976777,7517,1.0472520589828491
0,beta,human4,t_cell,21.713575,8.678397,7518,0.4200334846973419
3,alpha,human4,mast,10.725188,15.569768,7519,0.5805531740188599
3,alpha,human4,mast,12.573561,15.731387,7520,0.9141438007354736
7,ductal,human4,epsilon,-2.009139,-10.0582485,7521,0.8716301918029785
12,ductal,human4,ductal,14.023706,6.366491,7522,1.6504662036895752
3,alpha,human4,mast,11.802333,15.929406,7523,0.9740718603134156
3,alpha,human4,mast,11.737158,15.961083,7524,0.6341834664344788
12,ductal,human4,ductal,14.33713,6.6649284,7525,1.4430354833602903
0,beta,human4,t_cell,21.92751,9.727406,7526,0.6753309369087219
10,beta,human4,beta,-8.653631,2.5870388,7527,0.3964661359786987
3,alpha,human4,mast,12.913503,16.378841,7528,0.7136647701263428
7,ductal,human4,epsilon,-2.4990354,-9.759048,7529,1.493622064590454
1,gamma,human4,gamma,-0.77259684,20.082438,7530,1.0673601627349854
10,beta,human4,beta,-8.923556,5.1435113,7531,0.3845422863960266
13,delta,human4,delta,-1.6204696,13.793164,7532,0.4044364094734192
1,gamma,human4,gamma,-0.63938844,20.346798,7533,1.0888042449951172
10,beta,human4,beta,-9.070744,3.2740912,7534,0.4054478406906128
12,ductal,human4,ductal,14.140938,6.023035,7535,1.6223331689834597
12,ductal,human4,ductal,14.162947,5.603947,7536,1.5563321113586426
0,beta,human4,t_cell,22.057579,9.772871,7537,0.5094384551048279
12,ductal,human4,ductal,14.035986,5.2173266,7538,1.7005082368850708
0,beta,human4,t_cell,21.872328,10.527538,7539,0.6446534395217896
3,alpha,human4,mast,10.622611,15.511675,7540,0.6553038358688354
0,beta,human4,t_cell,22.064257,9.828747,7541,1.7327513694763184
10,beta,human4,beta,-7.4722743,4.6353703,7542,0.3845422863960266
10,beta,human4,beta,-7.405656,4.531723,7543,0.4865057170391083
3,alpha,human4,mast,11.476513,15.3644495,7544,0.5091798901557922
0,beta,human4,t_cell,22.089539,9.8587475,7545,0.3845422863960266
3,alpha,human4,mast,12.560483,16.136654,7546,0.7289275527000427
0,beta,human4,t_cell,21.903463,9.962497,7547,0.9323815703392028
0,beta,human4,t_cell,21.88188,10.142077,7548,0.8034438490867615
3,alpha,human4,mast,13.153874,15.7734375,7549,0.553394615650177
12,ductal,human4,ductal,14.114183,6.037837,7550,1.6529239416122437
3,alpha,human4,mast,10.633275,15.605692,7551,0.9268865585327148
12,ductal,human4,ductal,14.322133,5.5676465,7552,1.5428365468978882
0,beta,human4,t_cell,21.71398,8.717981,7553,0.3845422863960266
3,alpha,human4,mast,11.64231,15.720209,7554,0.7880802154541016
0,beta,human4,t_cell,21.959475,10.296411,7555,0.4072586894035339
10,beta,human4,beta,-8.51185,4.102909,7556,0.4152620434761047
0,beta,human4,t_cell,21.87732,9.33419,7557,0.3845422863960266
0,beta,human4,t_cell,21.816692,10.198921,7558,1.1945490837097168
3,alpha,human4,mast,12.852974,16.0447,7559,0.8422830104827881
9,macrophage,human4,macrophage,10.9374275,0.80684334,7560,2.6025307178497314
3,alpha,human4,mast,12.838498,16.115376,7561,0.7042950391769409
13,delta,human4,delta,-1.4717925,12.841365,7562,0.5042005181312561
1,gamma,human4,gamma,-0.9698979,20.213057,7563,0.9767144918441772
0,beta,human4,t_cell,21.993694,10.058673,7564,0.5334561467170715
0,beta,human4,t_cell,21.88844,9.640691,7565,0.5637466907501221
13,delta,human4,delta,-1.7616715,13.619845,7566,0.4536761045455932
7,ductal,human4,epsilon,-2.3536904,-9.871207,7567,1.3265234231948853
12,ductal,human4,ductal,14.454872,5.821762,7568,1.6982477903366089
0,beta,human4,t_cell,21.824106,9.141778,7569,0.4328290820121765
0,beta,human4,t_cell,21.930084,9.964735,7570,0.6950289011001587
3,alpha,human4,mast,11.953448,15.585262,7571,0.6823034286499023
0,beta,human4,t_cell,21.977043,9.599218,7572,0.3862459063529968
3,alpha,human4,mast,11.587668,16.140411,7573,0.8257178068161011
6,activated_stellate,human4,activated_stellate,7.8817005,10.358765,7574,2.4939630031585693
3,alpha,human4,mast,12.548703,15.947104,7575,0.5648104548454285
1,gamma,human4,gamma,-0.64011747,20.22342,7576,1.5179884433746338
13,delta,human4,delta,-1.5082475,12.640973,7577,0.4253017902374267
0,beta,human4,t_cell,21.702475,8.65303,7578,0.3845422863960266
3,alpha,human4,mast,10.794607,15.503984,7579,0.8496286869049072
3,alpha,human4,mast,10.680906,15.77897,7580,0.5612058043479919
0,beta,human4,t_cell,21.697468,8.650036,7581,0.4255300462245941
13,delta,human4,delta,-1.5890304,13.561128,7582,0.5136631727218628
13,delta,human4,delta,-1.5040714,13.213216,7583,2.361757755279541
13,delta,human4,delta,-1.4252331,13.110708,7584,0.4738401174545288
3,alpha,human4,mast,11.345583,15.346347,7585,0.8754437565803528
0,beta,human4,t_cell,21.924162,9.777119,7586,1.0447165966033936
10,beta,human4,beta,-8.779387,3.0643773,7587,0.3845422863960266
6,activated_stellate,human4,activated_stellate,7.699722,9.879536,7588,1.6319807767868042
12,ductal,human4,ductal,14.16398,5.505744,7589,1.7716857194900513
0,beta,human4,t_cell,22.043875,10.084376,7590,0.6997413635253906
1,epsilon,human4,gamma,-0.8976901,20.415167,7591,1.9219990968704224
3,alpha,human4,mast,11.361788,15.480375,7592,0.6352841258049011
1,gamma,human4,gamma,-0.5641063,20.132418,7593,0.7175615429878235
1,gamma,human4,gamma,-0.4268658,20.359282,7594,1.0205280780792236
0,beta,human4,t_cell,21.865316,9.728467,7595,0.4198243916034698
1,gamma,human4,gamma,-0.6812964,20.057274,7596,0.9350407719612122
3,alpha,human4,mast,11.455026,15.928904,7597,0.7114654779434204
3,alpha,human4,mast,11.946018,15.933996,7598,0.6726244688034058
0,beta,human4,t_cell,21.7836,10.298986,7599,0.492124080657959
3,alpha,human4,mast,13.109301,15.942924,7600,0.5711119771003723
12,ductal,human4,ductal,13.998273,6.1921406,7601,1.4202184677124023
13,delta,human4,delta,-1.5389459,13.1012125,7602,0.4921425580978393
3,alpha,human4,mast,11.171274,16.117968,7603,0.6180551648139954
0,beta,human4,t_cell,21.986296,10.207761,7604,0.4393650889396667
0,beta,human4,t_cell,21.885712,10.23655,7605,0.4787062406539917
3,alpha,human4,mast,10.584479,15.756498,7606,0.5641478896141052
0,beta,human4,t_cell,22.030756,10.04734,7607,0.3995997607707977
12,ductal,human4,ductal,14.704143,5.9714174,7608,1.896739602088928
3,alpha,human4,mast,12.461416,16.03581,7609,0.6684832572937012
3,alpha,human4,mast,12.27645,15.8532,7610,0.7661897540092468
12,ductal,human4,ductal,14.09499,6.31007,7611,1.555187463760376
13,delta,human4,delta,-1.4087869,13.271405,7612,0.3845422863960266
10,beta,human4,beta,-8.704297,3.2655742,7613,0.3845422863960266
9,macrophage,human4,macrophage,11.352167,0.3784659,7614,2.229489326477051
3,alpha,human4,mast,11.577106,15.455865,7615,0.5617093443870544
12,ductal,human4,ductal,14.053243,6.3399296,7616,1.5997966527938845
0,beta,human4,t_cell,22.000174,10.105086,7617,0.6779525279998779
3,alpha,human4,mast,12.12362,16.182516,7618,0.6530934572219849
6,activated_stellate,human4,activated_stellate,7.6002617,10.365224,7619,1.6166468858718872
12,ductal,human4,ductal,14.413114,6.209315,7620,1.1367446184158323
10,beta,human4,beta,-9.888457,5.0252643,7621,0.4288113117218017
3,alpha,human4,mast,11.165917,16.142569,7622,0.6690364480018616
0,beta,human4,t_cell,21.876854,9.72133,7623,0.7941652536392212
10,beta,human4,beta,-9.271816,4.4270606,7624,0.3845422863960266
12,ductal,human4,ductal,14.013176,5.952914,7625,3.588205099105835
8,endothelial,human4,endothelial,19.963053,1.0849732,7626,2.838065385818481
12,ductal,human4,ductal,13.872804,6.0934176,7627,1.5552632808685305
3,alpha,human4,mast,12.511682,16.435307,7628,0.5374870896339417
12,ductal,human4,ductal,14.190624,6.2019114,7629,1.4382407665252686
1,gamma,human4,gamma,-0.66480976,20.307055,7630,1.1168973445892334
0,beta,human4,t_cell,21.923462,9.701665,7631,0.7135453224182129
6,activated_stellate,human4,activated_stellate,7.631245,10.235197,7632,1.7286453247070312
10,beta,human4,beta,-10.20848,2.982499,7633,0.3845422863960266
3,alpha,human4,mast,11.467081,15.228376,7634,0.6629526615142822
3,alpha,human4,mast,12.525742,15.912528,7635,0.6404945850372314
6,activated_stellate,human4,activated_stellate,7.709804,10.281974,7636,1.956550121307373
12,ductal,human4,ductal,13.906393,5.791239,7637,2.1237025260925293
3,alpha,human4,mast,13.114819,15.73993,7638,0.7507374882698059
0,beta,human4,t_cell,21.892754,9.368664,7639,0.3845422863960266
0,beta,human4,t_cell,21.968092,9.986202,7640,0.4652598202228546
3,alpha,human4,mast,13.127013,15.704973,7641,0.5138648748397827
13,delta,human4,delta,-1.2771654,13.0845585,7642,0.4722433686256408
10,beta,human4,beta,-10.557059,3.4122071,7643,0.3845422863960266
2,ductal,human4,schwann,16.005333,-4.6527243,7644,2.1511669158935547
0,beta,human4,t_cell,21.812675,9.120537,7645,0.7614673376083374
0,beta,human4,t_cell,21.8453,9.853339,7646,0.4588302671909332
0,beta,human4,t_cell,21.867428,9.281692,7647,0.5021938681602478
10,beta,human4,beta,-8.702867,5.9229956,7648,0.3951287567615509
3,alpha,human4,mast,12.805363,16.257278,7649,0.9038344621658324
0,beta,human4,t_cell,21.828207,9.770435,7650,0.3845422863960266
3,alpha,human4,mast,11.639687,16.536983,7651,0.6752772331237793
13,delta,human4,delta,-1.8937106,13.81654,7652,0.5817131400108337
1,gamma,human4,gamma,-0.6009371,20.423487,7653,0.9924151301383972
0,beta,human4,t_cell,22.066563,10.119556,7654,0.799147367477417
0,beta,human4,t_cell,21.984993,10.174454,7655,1.7576706409454346
3,alpha,human4,mast,13.036613,16.266642,7656,0.5519006848335266
3,alpha,human4,mast,11.749662,15.818088,7657,0.8180801868438721
13,delta,human4,delta,-2.1549513,12.717936,7658,0.3954659700393677
3,alpha,human4,mast,12.312184,15.87755,7659,0.8574782013893127
1,gamma,human4,gamma,-0.93428564,20.188526,7660,0.7992304563522339
0,beta,human4,t_cell,22.047405,10.04368,7661,0.3893294930458069
10,beta,human4,beta,-8.434679,5.0129943,7662,0.3845422863960266
10,beta,human4,beta,-9.350483,4.518992,7663,0.3845422863960266
12,ductal,human4,ductal,14.348289,5.525317,7664,1.8510327339172363
6,activated_stellate,human4,activated_stellate,7.627087,10.679086,7665,1.548064947128296
0,beta,human4,t_cell,21.923632,9.476296,7666,0.4601289927959442
7,ductal,human4,epsilon,-2.2843943,-9.940901,7667,0.9158599972724916
0,beta,human4,t_cell,22.106594,10.004076,7668,0.5920310616493225
0,beta,human4,t_cell,21.873486,9.882065,7669,0.5002655982971191
0,beta,human4,t_cell,21.967371,9.645326,7670,0.3845422863960266
13,delta,human4,delta,-1.8560646,12.531471,7671,0.6163982152938843
10,beta,human4,beta,-8.436454,3.9329822,7672,0.4882024526596069
3,alpha,human4,mast,11.893704,16.367037,7673,0.6661913990974426
0,beta,human4,t_cell,21.744097,8.906652,7674,0.3845422863960266
0,beta,human4,t_cell,21.72023,8.775956,7675,0.7139967679977417
0,beta,human4,t_cell,21.793377,9.114645,7676,0.8206601738929749
0,beta,human4,t_cell,21.866856,9.410154,7677,0.4641407430171966
12,ductal,human4,ductal,14.334537,6.395157,7678,1.4937663078308103
10,beta,human4,beta,-9.968348,5.148466,7679,0.8715023994445801
0,beta,human4,t_cell,21.944317,10.373626,7680,1.424913763999939
3,alpha,human4,mast,11.447562,16.317371,7681,0.7759196758270264
0,beta,human4,t_cell,21.907944,9.897631,7682,1.564097881317139
0,beta,human4,t_cell,21.788706,9.048931,7683,0.9489888548851012
13,delta,human4,delta,-1.4586399,12.758559,7684,0.4486573338508606
12,ductal,human4,ductal,14.440906,5.9085608,7685,1.9385310411453247
3,alpha,human4,mast,12.113037,15.786149,7686,0.5355377793312073
12,ductal,human4,ductal,13.958006,5.547217,7687,1.61200749874115
0,beta,human4,t_cell,21.898188,9.467876,7688,0.4767697155475616
3,alpha,human4,mast,11.662037,16.146267,7689,1.086035132408142
8,endothelial,human4,endothelial,19.570307,1.5222131,7690,2.5078821182250977
0,beta,human4,t_cell,21.91498,9.689603,7691,0.3919260203838348
10,beta,human4,beta,-9.132254,2.949563,7692,0.3845422863960266
3,alpha,human4,mast,13.045261,16.281713,7693,0.5241926908493042
0,beta,human4,t_cell,21.772898,9.125026,7694,0.4063044488430023
10,beta,human4,beta,-8.539537,4.487615,7695,1.6832125186920166
10,beta,human4,beta,-8.681889,6.017922,7696,0.4804934859275818
0,beta,human4,t_cell,21.741533,8.77122,7697,0.5623603463172913
10,beta,human4,beta,-8.783432,2.5916162,7698,0.4636400938034057
0,beta,human4,t_cell,21.83107,9.904765,7699,1.6028735637664795
11,alpha,human4,alpha,5.001843,1.959733,7700,0.9543689489364624
0,beta,human4,t_cell,22.042995,10.102802,7701,1.2672555446624756
0,beta,human4,t_cell,22.063272,9.860885,7702,1.5063796043395996
12,ductal,human4,ductal,14.107699,5.470403,7703,1.4236350059509275
12,ductal,human4,ductal,14.198867,5.401002,7704,1.6150394678115845
6,activated_stellate,human4,activated_stellate,7.5430636,10.876941,7705,1.664635419845581
3,alpha,human4,mast,11.472998,16.421574,7706,0.5501198172569275
3,alpha,human4,mast,11.072986,15.893986,7707,0.8240811228752136
3,alpha,human4,mast,11.776651,15.936839,7708,0.5247799754142761
0,beta,human4,t_cell,21.917183,10.165809,7709,0.5816419124603271
10,beta,human4,beta,-9.003115,4.352709,7710,0.3895983099937439
12,ductal,human4,ductal,14.038048,5.5018706,7711,2.0115063190460205
6,activated_stellate,human4,activated_stellate,7.8941345,10.274936,7712,2.292328357696533
3,alpha,human4,mast,11.777047,15.526906,7713,1.1093523502349854
1,gamma,human4,gamma,-0.9015852,20.405876,7714,1.2442615032196045
5,quiescent_stellate,human4,quiescent_stellate,4.789716,16.347584,7715,2.2922425270080566
0,beta,human4,t_cell,22.01164,9.737925,7716,0.4412424564361572
12,ductal,human4,ductal,14.256095,5.788757,7717,3.588205099105835
13,delta,human4,delta,-1.7476747,13.204432,7718,0.9016942977905272
0,beta,human4,t_cell,22.043083,9.7977495,7719,0.4613351225852966
7,ductal,human4,epsilon,-2.4226432,-10.064449,7720,2.094947338104248
10,beta,human4,beta,-9.409606,4.961276,7721,0.3926033973693847
3,alpha,human4,mast,12.280525,16.080357,7722,0.569624125957489
1,gamma,human4,gamma,-0.57059616,20.40811,7723,1.0258578062057495
0,beta,human4,t_cell,21.895851,9.371524,7724,0.3904258608818054
3,alpha,human4,mast,12.294064,15.677658,7725,0.8443630933761597
0,beta,human4,t_cell,21.983692,10.30192,7726,0.7566291689872742
7,ductal,human4,epsilon,-2.5621407,-10.082864,7727,2.234520673751831
10,beta,human4,beta,-8.151623,3.481615,7728,0.4464897215366363
1,gamma,human4,gamma,-0.80250967,20.316769,7729,1.643934965133667
0,beta,human4,t_cell,21.937366,9.474063,7730,0.792174220085144
12,ductal,human4,ductal,13.976555,5.075567,7731,3.588205099105835
0,beta,human4,t_cell,21.89492,9.358286,7732,0.519807755947113
12,ductal,human4,ductal,14.485849,6.100939,7733,1.7630555629730225
7,ductal,human4,epsilon,-2.297892,-10.021157,7734,1.4375858306884766
1,gamma,human4,gamma,-0.66179997,19.987556,7735,0.9704861044883728
6,activated_stellate,human4,activated_stellate,7.59497,10.620396,7736,1.6826575994491575
3,alpha,human4,mast,11.391028,15.898947,7737,0.9995038509368896
11,alpha,human4,alpha,5.7626524,2.7511744,7738,0.6158120036125183
10,beta,human4,beta,-10.278864,2.979636,7739,0.4495652616024017
0,beta,human4,t_cell,21.92426,9.91122,7740,0.5129749178886414
0,beta,human4,t_cell,22.081036,10.165981,7741,0.4118378758430481
3,alpha,human4,mast,11.86296,16.234838,7742,0.5749606490135193
0,beta,human4,t_cell,21.825579,10.631683,7743,0.5991960167884827
3,alpha,human4,mast,11.887382,15.518906,7744,0.571051836013794
11,alpha,human4,alpha,5.0600977,2.051001,7745,0.6933806538581848
3,alpha,human4,mast,12.278388,15.416529,7746,0.8685840964317322
0,beta,human4,t_cell,21.735895,10.731256,7747,0.4078547060489654
3,alpha,human4,mast,11.627347,15.892339,7748,0.6226874589920044
1,gamma,human4,gamma,-0.85600215,20.330185,7749,0.8225175142288208
8,endothelial,human4,endothelial,20.126867,0.8770402,7750,1.9453084468841555
0,beta,human4,t_cell,21.789026,9.071845,7751,0.5791381597518921
11,alpha,human4,alpha,5.0725994,2.4696648,7752,1.0633273124694824
1,gamma,human4,gamma,-0.76774,20.120388,7753,0.9764803647994996
0,beta,human4,t_cell,22.019669,9.847602,7754,0.4748324453830719
0,beta,human4,t_cell,21.877789,10.502434,7755,0.857103705406189
0,beta,human4,t_cell,21.938217,9.879093,7756,1.477836847305298
12,ductal,human4,ductal,14.627373,6.01159,7757,1.4489433765411377
6,activated_stellate,human4,activated_stellate,7.648492,10.566871,7758,1.9588255882263184
13,delta,human4,delta,-1.5059187,13.955745,7759,0.4259298145771026
6,activated_stellate,human4,activated_stellate,7.5682697,10.331722,7760,1.4909430742263794
12,ductal,human4,ductal,14.213957,5.6943965,7761,1.741392970085144
10,beta,human4,beta,-7.79854,3.9008274,7762,0.3845422863960266
3,alpha,human4,mast,11.059118,15.664898,7763,0.71915602684021
0,beta,human4,t_cell,21.890087,10.09907,7764,0.6143249273300171
0,beta,human4,t_cell,21.900305,9.961684,7765,0.4287212789058685
0,beta,human4,t_cell,21.925634,10.3108225,7766,0.3915906250476837
1,beta,human4,gamma,-0.76280737,20.241894,7767,2.15134596824646
0,beta,human4,t_cell,22.056355,9.844564,7768,1.8743304014205933
0,beta,human4,t_cell,21.81579,9.097142,7769,0.3845422863960266
1,gamma,human4,gamma,-0.9774157,20.178343,7770,1.2125853300094604
5,activated_stellate,human4,quiescent_stellate,4.6935673,16.448801,7771,2.3506124019622803
12,ductal,human4,ductal,14.076617,6.2615995,7772,1.9704914093017576
3,alpha,human4,mast,11.191724,15.495396,7773,1.0650811195373535
0,beta,human4,t_cell,21.923527,9.827181,7774,1.4824358224868774
0,beta,human4,t_cell,21.924744,9.825031,7775,0.7576718926429749
3,alpha,human4,mast,11.037135,16.33693,7776,0.7323434352874756
10,beta,human4,beta,-8.787331,3.6297462,7777,0.4093990623950958
1,beta,human4,gamma,-1.0671985,20.204302,7778,1.117298245429993
0,beta,human4,t_cell,21.984995,10.218866,7779,0.7871400713920593
0,beta,human4,t_cell,21.893827,9.488955,7780,0.6281217336654663
0,beta,human4,t_cell,21.853403,9.824829,7781,0.3855640292167663
1,gamma,human4,gamma,-0.44612357,20.372282,7782,1.0083506107330322
3,alpha,human4,mast,12.034524,15.895568,7783,0.9045384526252748
3,alpha,human4,mast,12.472279,15.842129,7784,0.8172404170036316
12,ductal,human4,ductal,13.953904,5.5568137,7785,1.6580764055252075
0,beta,human4,t_cell,21.855055,9.70732,7786,0.4154476523399353
0,beta,human4,t_cell,21.85265,9.496205,7787,0.5814090967178345
10,beta,human4,beta,-8.622974,2.6725273,7788,1.286517858505249
10,beta,human4,beta,-8.574502,4.861436,7789,0.4215942025184631
10,beta,human4,beta,-8.913402,4.458826,7790,0.4821114242076874
12,ductal,human4,ductal,14.258915,6.43959,7791,2.2104294300079346
10,beta,human4,beta,-8.590697,5.0222626,7792,0.3845422863960266
12,ductal,human4,ductal,14.152871,6.23138,7793,1.6759586334228516
0,beta,human4,t_cell,21.909046,10.44587,7794,0.4361483752727508
13,delta,human4,delta,-2.0426428,13.632487,7795,0.4277358949184418
0,beta,human4,t_cell,21.748346,8.795055,7796,0.538904070854187
0,beta,human4,t_cell,21.855093,9.732905,7797,0.5322455167770386
13,delta,human4,delta,-1.5971029,13.252058,7798,0.8964803814888
12,ductal,human4,ductal,14.478865,5.951877,7799,1.519273281097412
0,beta,human4,t_cell,21.892939,10.1336975,7800,0.6360634565353394
3,alpha,human4,mast,11.699712,16.158714,7801,1.06268572807312
10,beta,human4,beta,-10.537352,4.315617,7802,0.4735313355922699
0,beta,human4,t_cell,21.901766,10.434612,7803,0.4335988759994507
10,beta,human4,beta,-10.2853365,4.7416897,7804,0.4559515118598938
12,ductal,human4,ductal,14.113648,5.339255,7805,1.5795931816101074
3,alpha,human4,mast,13.099881,16.279806,7806,0.6017364859580994
0,beta,human4,t_cell,22.11461,9.972914,7807,1.6666855812072754
0,beta,human4,t_cell,22.026667,10.2971,7808,1.198206901550293
12,ductal,human4,ductal,14.31508,6.9199333,7809,3.588205099105835
3,alpha,human4,mast,12.628352,15.783687,7810,1.4580479860305786
10,beta,human4,beta,-10.377395,3.002133,7811,0.5957819819450378
3,alpha,human4,mast,11.914936,16.397423,7812,0.7799651026725769
6,activated_stellate,human4,activated_stellate,7.5701537,10.63501,7813,1.6319113969802856
6,activated_stellate,human4,activated_stellate,7.6163883,10.270127,7814,1.4686124324798584
13,delta,human4,delta,-1.5230381,13.400105,7815,0.6532521843910217
10,beta,human4,beta,-9.01736,5.5752487,7816,0.5123733878135681
10,beta,human4,beta,-8.479674,3.6853516,7817,0.4412740468978882
0,beta,human4,t_cell,21.93838,10.353876,7818,0.3973577320575714
12,ductal,human4,ductal,14.331218,6.850138,7819,1.9610284566879272
0,beta,human4,t_cell,21.997395,9.946202,7820,0.9800244569778442
12,ductal,human4,ductal,14.307651,6.9568777,7821,1.6766396760940552
0,beta,human4,t_cell,22.043941,9.825715,7822,0.5133033990859985
3,alpha,human4,mast,12.227318,15.950632,7823,0.563409686088562
12,ductal,human4,ductal,13.926626,6.06538,7824,1.3755314350128174
3,alpha,human4,mast,11.995789,15.569212,7825,0.677120566368103
1,gamma,human4,gamma,-0.69455516,20.167618,7826,1.1144969463348389
3,alpha,human4,mast,11.168367,15.443551,7827,0.8145729303359985
10,beta,human4,beta,-8.879378,5.676842,7828,1.7233283519744873
12,ductal,human4,ductal,13.990378,5.1211267,7829,2.240983009338379
10,beta,human4,beta,-8.714647,4.3613997,7830,0.6703652143478394
7,ductal,human4,epsilon,-2.6259098,-9.660789,7831,2.240983009338379
0,beta,human4,t_cell,21.846666,9.272993,7832,0.4675056636333465
1,t_cell,human4,gamma,11.631877,0.08712761,7833,3.538952589035034
3,alpha,human4,mast,11.936816,16.345678,7834,1.3686282634735107
1,gamma,human4,gamma,-0.86441,20.180424,7835,1.491413950920105
13,delta,human4,delta,-1.8296403,12.940296,7836,1.6780914068222046
8,endothelial,human4,endothelial,19.50814,1.7336369,7837,2.1561169624328613
3,alpha,human4,mast,11.968364,15.845264,7838,0.8073055744171143
3,alpha,human4,mast,12.3359585,15.565142,7839,0.7934123277664185
1,gamma,human4,gamma,-0.9647305,20.377325,7840,1.6336009502410889
10,beta,human4,beta,-8.844865,5.7023964,7841,0.6195464730262756
0,beta,human4,t_cell,21.96339,9.7676325,7842,0.886202871799469
5,quiescent_stellate,human4,quiescent_stellate,4.921278,16.248047,7843,1.8401353359222408
9,macrophage,human4,macrophage,10.948674,0.7952579,7844,2.3180248737335205
1,gamma,human4,gamma,-1.0131009,20.405685,7845,1.1292065382003784
3,alpha,human4,mast,11.012555,15.816708,7846,0.8684015274047852
0,beta,human4,t_cell,21.934643,9.993794,7847,1.6507409811019895
10,beta,human4,beta,-9.877687,4.2821393,7848,0.4484745860099792
7,ductal,human4,epsilon,-2.2500453,-9.987745,7849,1.7846602201461792
12,ductal,human4,ductal,14.329077,6.814615,7850,2.118492841720581
0,beta,human4,t_cell,21.749977,10.757331,7851,0.4433038830757141
0,beta,human4,t_cell,21.878412,10.208078,7852,0.4031294882297516
3,alpha,human4,mast,12.26721,15.631527,7853,0.8273144960403442
0,beta,human4,t_cell,21.892878,9.48531,7854,0.510034441947937
12,ductal,human4,ductal,14.170022,6.505927,7855,1.6904077529907229
3,alpha,human4,mast,11.950947,16.40631,7856,0.5560901165008545
12,ductal,human4,ductal,14.009384,5.2186055,7857,1.6353918313980105
3,alpha,human4,mast,12.390511,16.21207,7858,0.9094448685646056
6,activated_stellate,human4,activated_stellate,7.5809374,11.047991,7859,2.4312005043029785
12,ductal,human4,ductal,14.098018,6.560756,7860,1.7429451942443848
12,ductal,human4,ductal,14.141763,5.9273334,7861,1.8479483127593996
0,beta,human4,t_cell,21.821686,10.645343,7862,0.510723352432251
0,beta,human4,t_cell,22.021746,9.895609,7863,1.531065583229065
12,ductal,human4,ductal,14.11121,6.405362,7864,1.710309982299805
12,ductal,human4,ductal,14.04452,5.3512635,7865,3.588205099105835
12,ductal,human4,ductal,14.158257,6.112135,7866,1.6092718839645386
12,ductal,human4,ductal,14.407153,5.985416,7867,2.125399589538574
0,beta,human4,t_cell,21.914137,10.409393,7868,0.4631575644016266
13,delta,human4,delta,-2.030112,13.61125,7869,0.5924118757247925
13,delta,human4,delta,-1.9138767,13.8648205,7870,0.3845422863960266
0,beta,human4,t_cell,21.93557,10.026552,7871,0.4947500824928283
4,ductal,human4,acinar,7.209563,-7.6553326,7872,1.040990114212036
7,ductal,human4,epsilon,-2.1496007,-10.020909,7873,1.3949565887451172
0,beta,human4,t_cell,21.924862,9.865201,7874,0.568358838558197
7,ductal,human4,epsilon,-2.4595492,-9.739916,7875,1.0931187868118286
13,ductal,human4,delta,-2.040513,13.070946,7876,3.588205099105835
10,beta,human4,beta,-8.624108,5.894494,7877,0.3845422863960266
12,ductal,human4,ductal,14.086583,5.958626,7878,1.752899169921875
0,beta,human4,t_cell,21.894745,9.290088,7879,0.4218243658542633
7,ductal,human4,epsilon,-2.1011817,-9.907639,7880,1.5296365022659302
7,ductal,human4,epsilon,-2.2291136,-10.074747,7881,1.0442264080047607
7,ductal,human4,epsilon,-2.539991,-9.7646055,7882,1.71819806098938
0,beta,human4,t_cell,21.887741,9.587158,7883,0.422713041305542
7,ductal,human4,epsilon,-2.334282,-9.9395485,7884,2.094947338104248
13,delta,human4,delta,-1.7031797,12.429656,7885,0.483275830745697
3,alpha,human4,mast,11.38515,15.581045,7886,0.7433558702468872
7,ductal,human4,epsilon,-2.0536149,-10.016748,7887,1.401411533355713
7,ductal,human4,epsilon,-2.3002052,-10.08723,7888,1.1896733045578003
10,ductal,human4,beta,-8.773903,5.265139,7889,1.9976099729537964
6,activated_stellate,human4,activated_stellate,7.586943,10.656192,7890,1.637413501739502
0,beta,human4,t_cell,21.728184,8.745037,7891,0.4863533675670624
0,beta,human4,t_cell,21.91095,10.054758,7892,0.4105719923973083
13,delta,human4,delta,-1.2219609,12.864143,7893,0.3845422863960266
0,beta,human4,t_cell,21.80287,9.069415,7894,0.4410358369350433
7,ductal,human4,epsilon,-2.1368256,-9.948491,7895,1.5097709894180298
0,beta,human4,t_cell,22.055079,10.061295,7896,0.3975638449192047
13,delta,human4,delta,-1.956746,13.510847,7897,0.6011694073677063
7,ductal,human4,epsilon,-2.137966,-10.0283575,7898,1.5866224765777588
3,alpha,human4,mast,11.922237,15.395587,7899,0.6819065809249878
13,delta,human4,delta,-1.9970223,13.564783,7900,0.3845422863960266
0,beta,human4,t_cell,21.906284,9.844675,7901,0.3866355717182159
7,ductal,human4,epsilon,-2.1321177,-9.860885,7902,1.2888823747634888
13,delta,human4,delta,-1.8252431,12.828302,7903,0.3845422863960266
0,beta,human4,t_cell,22.152197,10.013697,7904,0.6272832751274109
7,ductal,human4,epsilon,-2.3778098,-9.997559,7905,1.7162431478500366
13,delta,human4,delta,-2.300538,12.877582,7906,0.4022400379180908
0,beta,human4,t_cell,21.916796,10.311621,7907,0.3866882920265198
10,beta,human4,beta,-8.807362,5.29582,7908,0.3845422863960266
0,beta,human4,t_cell,21.692297,8.789471,7909,0.4637201130390167
12,ductal,human4,ductal,14.065178,5.718444,7910,1.9789321422576904
7,ductal,human4,epsilon,-2.4439151,-9.859035,7911,1.6738214492797852
12,ductal,human4,ductal,14.037866,5.618162,7912,1.790854573249817
12,ductal,human4,ductal,14.637617,5.904835,7913,1.6142072677612305
13,delta,human4,delta,-1.5429561,13.059736,7914,0.5913547873497009
3,alpha,human4,mast,10.689265,15.631703,7915,0.5808721780776978
7,ductal,human4,epsilon,-2.1923063,-10.048856,7916,1.29843270778656
13,delta,human4,delta,-2.2050376,13.48009,7917,0.4974673688411712
10,beta,human4,beta,-9.270268,2.5256786,7918,0.4205656349658966
0,beta,human4,t_cell,21.764923,8.811178,7919,0.4224961698055267
13,delta,human4,delta,-1.785007,12.690543,7920,0.5124053955078125
12,ductal,human4,ductal,14.279145,6.033205,7921,2.240983009338379
12,ductal,human4,ductal,14.381298,6.433973,7922,1.427800536155701
13,delta,human4,delta,-1.9472809,13.615217,7923,0.4522696137428283
7,ductal,human4,epsilon,-2.207757,-9.746574,7924,1.4723527431488037
13,delta,human4,delta,-2.1328976,13.521838,7925,0.3917616605758667
6,activated_stellate,human4,activated_stellate,7.905266,10.211416,7926,1.8459868431091309
3,alpha,human4,mast,12.915127,16.313044,7927,0.5404384136199951
10,beta,human4,beta,-8.64457,5.762381,7928,0.4058234095573425
12,ductal,human4,ductal,14.273132,6.0752463,7929,1.6729339361190796
7,ductal,human4,epsilon,-2.3181357,-9.999385,7930,1.2154732942581177
9,macrophage,human4,macrophage,11.234863,0.5003487,7931,3.539968013763428
0,beta,human4,t_cell,21.90222,9.515666,7932,0.4783417880535126
0,beta,human4,t_cell,21.901976,10.526506,7933,0.5195793509483337
0,beta,human4,t_cell,21.872675,9.575446,7934,0.4958852231502533
0,beta,human4,t_cell,21.820261,9.188988,7935,0.4359283149242401
12,ductal,human4,ductal,14.125069,5.341788,7936,1.979081988334656
13,delta,human4,delta,-1.7533594,12.405155,7937,0.6139627695083618
7,ductal,human4,epsilon,-2.173001,-10.015237,7938,1.5725945234298706
6,activated_stellate,human4,activated_stellate,7.55822,10.151098,7939,1.50180184841156
3,alpha,human4,mast,11.6494055,15.6727085,7940,0.8836750388145447
13,delta,human4,delta,-1.4111567,13.260694,7941,0.5375208258628845
7,ductal,human4,epsilon,-2.293302,-10.068393,7942,1.0754090547561646
10,ductal,human4,beta,-8.716062,5.615442,7943,2.0959584712982178
10,beta,human4,beta,-9.621777,3.8106794,7944,0.3855110108852386
10,beta,human4,beta,-8.814253,5.5122843,7945,0.7701402902603149
7,ductal,human4,epsilon,-2.0755336,-9.980804,7946,1.3159432411193848
13,delta,human4,delta,-1.6648014,12.676517,7947,0.7404890656471252
0,beta,human4,t_cell,21.865871,9.25355,7948,0.386283278465271
3,alpha,human4,mast,11.96826,15.222857,7949,0.6327857375144958
13,delta,human4,delta,-1.5621237,13.524855,7950,0.4882375001907348
1,gamma,human4,gamma,-0.64512914,20.378965,7951,1.1494512557983398
10,beta,human4,beta,-7.684938,4.008674,7952,0.656338632106781
12,ductal,human4,ductal,14.311266,6.7695346,7953,1.759537935256958
3,alpha,human4,mast,10.556651,15.636373,7954,0.5859794616699219
3,alpha,human4,mast,11.876491,16.374289,7955,0.6577524542808533
0,beta,human4,t_cell,21.927565,9.765332,7956,1.1406867504119873
6,activated_stellate,human4,activated_stellate,7.535212,10.201008,7957,1.6542749404907229
10,beta,human4,beta,-8.594877,5.7957406,7958,0.938027560710907
0,beta,human4,t_cell,22.038654,9.69049,7959,0.4281713962554931
13,delta,human4,delta,-2.2077518,13.57944,7960,0.3845422863960266
0,beta,human4,t_cell,21.747133,10.761575,7961,0.3928496241569519
3,alpha,human4,mast,12.928677,16.326769,7962,0.5250487327575684
12,ductal,human4,ductal,14.374347,6.0187244,7963,1.4691685438156128
0,beta,human4,t_cell,21.779263,9.708485,7964,1.1570253372192385
3,alpha,human4,mast,12.794577,16.302258,7965,0.8802854418754578
0,beta,human4,t_cell,21.883568,10.249097,7966,0.3845422863960266
12,ductal,human4,ductal,14.142422,6.2477145,7967,1.377510666847229
10,beta,human4,beta,-8.74159,5.8880186,7968,0.4533138573169708
3,alpha,human4,mast,12.036674,16.112803,7969,0.5989543795585632
10,beta,human4,beta,-8.684598,6.034042,7970,0.4584268629550934
7,ductal,human4,epsilon,-2.284479,-10.131874,7971,1.5229549407958984
10,beta,human4,beta,-8.690978,5.8619704,7972,0.3945837616920471
12,ductal,human4,ductal,14.202365,6.207472,7973,1.7229138612747192
13,delta,human4,delta,-1.9612375,13.701452,7974,0.3845422863960266
10,beta,human4,beta,-8.668789,5.9296274,7975,0.4384982287883758
3,alpha,human4,mast,11.57185,15.544409,7976,0.7346513271331787
13,delta,human4,delta,-1.9232924,13.168696,7977,0.8846921920776367
13,delta,human4,delta,-2.1648083,12.898612,7978,0.3845422863960266
0,beta,human4,t_cell,21.806503,10.67188,7979,0.4137581586837768
12,ductal,human4,ductal,14.101313,6.39378,7980,1.6985198259353638
3,alpha,human4,mast,11.344709,15.316928,7981,0.6408827900886536
13,delta,human4,delta,-1.9401048,12.654282,7982,0.3922290802001953
0,beta,human4,t_cell,21.887491,9.683968,7983,0.8656756281852722
10,beta,human4,beta,-8.697339,5.7939157,7984,0.5284765958786011
3,alpha,human4,mast,13.221,15.912551,7985,0.5257673263549805
5,quiescent_stellate,human4,quiescent_stellate,4.81479,16.298231,7986,2.149024486541748
3,alpha,human4,mast,11.430265,15.984338,7987,1.4728316068649292
0,beta,human4,t_cell,21.895554,9.349402,7988,0.5273526906967163
6,activated_stellate,human4,activated_stellate,7.7867312,10.160449,7989,1.7053465843200684
12,ductal,human4,ductal,14.112487,5.5696607,7990,1.3822691440582275
3,alpha,human4,mast,11.854345,16.580431,7991,0.830619752407074
7,ductal,human4,epsilon,-2.1138158,-9.960032,7992,1.1970361471176147
0,beta,human4,t_cell,21.838497,9.310755,7993,0.8006253242492676
3,alpha,human4,mast,11.298308,15.313598,7994,1.022592067718506
3,alpha,human4,mast,11.8176565,16.542904,7995,0.7015993595123291
12,ductal,human4,ductal,14.062525,5.7525315,7996,1.7311135530471802
7,ductal,human4,epsilon,-2.4926434,-9.665964,7997,2.039035558700561
7,ductal,human4,epsilon,-2.167871,-9.927841,7998,1.2336835861206057
3,alpha,human4,mast,11.738394,15.294192,7999,0.615226686000824
3,alpha,human4,mast,11.980953,15.729589,8000,0.7392016649246216
3,alpha,human4,mast,11.321099,16.213474,8001,0.6705555319786072
10,beta,human4,beta,-9.540432,2.9284003,8002,0.4588270783424377
7,beta,human4,epsilon,-2.4483407,-9.731224,8003,1.3650579452514648
13,delta,human4,delta,-1.7835766,13.927499,8004,0.5689519643783569
12,ductal,human4,ductal,14.314869,6.021681,8005,1.4835325479507446
0,beta,human4,t_cell,22.106438,9.989141,8006,1.3032375574111938
0,beta,human4,t_cell,21.720888,8.701392,8007,0.3845422863960266
12,ductal,human4,ductal,14.336795,6.212277,8008,1.3964111804962158
0,beta,human4,t_cell,21.803072,10.684047,8009,0.6069566607475281
0,beta,human4,t_cell,21.893509,10.21623,8010,0.5231872200965881
12,ductal,human4,ductal,14.181269,5.414991,8011,2.1984829902648926
1,gamma,human4,gamma,-0.44083503,20.399595,8012,0.9082760810852052
12,ductal,human4,ductal,14.027269,6.2317314,8013,1.4408302307128906
11,alpha,human4,alpha,5.2415,1.9773057,8014,0.6638625860214233
13,delta,human4,delta,-1.9112704,13.701294,8015,0.453528344631195
0,beta,human4,t_cell,21.917292,9.390309,8016,0.4373654723167419
0,beta,human4,t_cell,22.05622,9.770708,8017,0.3868013918399811
0,beta,human4,t_cell,22.054167,9.835371,8018,0.3867036700248718
0,beta,human4,t_cell,22.075901,10.011828,8019,0.4886999130249023
3,alpha,human4,mast,12.290753,16.123896,8020,0.8183013796806335
13,delta,human4,delta,-1.9095442,13.532669,8021,0.426920086145401
0,beta,human4,t_cell,21.872684,9.275702,8022,0.5115941762924194
10,beta,human4,beta,-8.517385,3.6440375,8023,0.3845422863960266
10,beta,human4,beta,-8.78644,5.7771244,8024,0.4873325526714325
7,ductal,human4,epsilon,-2.5339248,-9.795126,8025,1.256337285041809
12,ductal,human4,ductal,14.337121,5.761754,8026,1.768177151679993
7,ductal,human4,epsilon,-2.1337907,-9.912027,8027,0.982515811920166
13,delta,human4,delta,-1.4823183,13.590204,8028,0.3845422863960266
0,beta,human4,t_cell,21.87303,9.816007,8029,1.1072444915771484
3,alpha,human4,mast,10.819298,15.481277,8030,0.68669593334198
3,alpha,human4,mast,11.570784,15.89151,8031,0.6474405527114868
13,delta,human4,delta,-1.2007992,13.467403,8032,0.4973337948322296
12,ductal,human4,ductal,14.221494,6.4075203,8033,1.6284780502319336
12,ductal,human4,ductal,14.077034,6.1640077,8034,1.4674514532089231
0,beta,human4,t_cell,21.92789,10.161731,8035,0.670741081237793
10,beta,human4,beta,-8.665469,5.9254055,8036,0.4006398916244507
3,alpha,human4,mast,12.645757,16.027002,8037,0.8133991956710815
1,gamma,human4,gamma,-0.70631063,20.423868,8038,1.1376702785491943
0,beta,human4,t_cell,21.831923,9.133946,8039,0.5354147553443909
3,alpha,human4,mast,12.073236,16.312744,8040,0.7054921984672546
13,delta,human4,delta,-1.8667994,12.448196,8041,0.3845422863960266
3,alpha,human4,mast,11.267646,15.708754,8042,0.6248456835746765
0,beta,human4,t_cell,21.746588,8.706347,8043,0.3845422863960266
13,delta,human4,delta,-2.1185312,13.066016,8044,0.5458044409751892
7,ductal,human4,epsilon,-2.50857,-9.774715,8045,1.1625744104385376
12,ductal,human4,ductal,14.619164,6.038147,8046,2.2373623847961426
10,beta,human4,beta,-7.478148,4.5589895,8047,1.4829893112182615
12,ductal,human4,ductal,14.594664,5.877091,8048,1.2784498929977417
0,beta,human4,t_cell,21.822567,10.6496725,8049,0.4054352343082428
3,alpha,human4,mast,10.48392,15.606281,8050,0.530571460723877
3,alpha,human4,mast,12.441585,16.271826,8051,0.5566937923431396
12,ductal,human4,ductal,14.115373,5.820255,8052,1.756680965423584
0,beta,human4,t_cell,21.828175,9.933366,8053,0.5881563425064087
1,gamma,human4,gamma,-1.0168489,20.12427,8054,1.1106377840042114
3,alpha,human4,mast,11.591314,16.04388,8055,0.8593225479125977
10,beta,human4,beta,-10.104509,4.525701,8056,0.3845422863960266
13,delta,human4,delta,-1.8836232,13.74319,8057,0.3882068991661072
2,ductal,human4,schwann,15.828041,-4.7374716,8058,1.9109899997711184
0,beta,human4,t_cell,21.865622,10.003124,8059,0.5401240587234497
3,alpha,human4,mast,11.743213,16.031023,8060,0.868837296962738
12,ductal,human4,ductal,14.406622,5.984381,8061,1.3849111795425415
3,alpha,human4,mast,10.585907,15.603751,8062,0.5936907529830933
1,gamma,human4,gamma,-0.5797136,20.134672,8063,1.2570838928222656
0,beta,human4,t_cell,21.857256,9.239836,8064,0.3892394304275512
0,beta,human4,t_cell,21.800009,9.815638,8065,0.3923806846141815
0,beta,human4,t_cell,21.80601,9.115074,8066,0.3875190615653991
12,ductal,human4,ductal,14.346221,6.134353,8067,1.4450730085372925
12,ductal,human4,ductal,14.107995,6.4864135,8068,1.7040178775787354
0,beta,human4,t_cell,21.95047,10.276796,8069,0.4957250952720642
1,gamma,human4,gamma,-0.46204063,20.353264,8070,1.0716923475265503
2,ductal,human4,schwann,16.283222,-4.831705,8071,2.0750951766967773
3,alpha,human4,mast,11.48224,15.6747265,8072,1.0251667499542236
6,activated_stellate,human4,activated_stellate,7.6191225,10.80486,8073,1.548124074935913
12,ductal,human4,ductal,14.487362,5.811261,8074,1.50373113155365
1,gamma,human4,gamma,-0.60162526,20.401663,8075,1.0042266845703125
7,ductal,human4,epsilon,-2.4610085,-9.826756,8076,1.1055597066879272
3,alpha,human4,mast,11.30267,15.780014,8077,0.5215232372283936
6,activated_stellate,human4,activated_stellate,7.591726,10.27533,8078,1.538877010345459
3,alpha,human4,mast,12.4905815,16.270132,8079,0.8530228734016418
0,beta,human4,t_cell,21.982721,10.332887,8080,0.3845422863960266
0,beta,human4,t_cell,21.955812,10.3587475,8081,0.7371487617492676
9,macrophage,human4,macrophage,11.055361,0.68635243,8082,2.483335256576538
7,ductal,human4,epsilon,-2.1315005,-9.97838,8083,1.1376540660858154
3,alpha,human4,mast,13.2047415,15.938237,8084,0.6564571857452393
13,delta,human4,delta,-2.0889208,12.589468,8085,0.3845422863960266
0,beta,human4,t_cell,21.975206,9.756129,8086,1.2829996347427368
12,ductal,human4,ductal,14.28102,6.5180726,8087,1.8671015501022337
7,ductal,human4,epsilon,-2.2568214,-9.850248,8088,1.483520269393921
12,ductal,human4,ductal,14.146735,6.6197987,8089,1.5373669862747192
0,beta,human4,t_cell,22.087864,9.964286,8090,0.5213223695755005
13,delta,human4,delta,-1.7692022,12.469725,8091,0.5191125869750977
0,beta,human4,t_cell,21.88028,9.303342,8092,0.3845422863960266
3,alpha,human4,mast,12.917429,16.333937,8093,0.7440233826637268
12,ductal,human4,ductal,14.329204,6.001309,8094,1.400931477546692
0,beta,human4,t_cell,21.852625,9.357593,8095,0.5369951128959656
2,ductal,human4,schwann,15.589657,-4.483506,8096,2.191843271255493
6,activated_stellate,human4,activated_stellate,7.7643886,10.541387,8097,2.0369904041290283
3,alpha,human4,mast,11.487045,15.685705,8098,0.5797193050384521
0,beta,human4,t_cell,21.87689,10.550908,8099,0.4866442382335663
13,delta,human4,delta,-2.2458296,13.293821,8100,0.3845422863960266
0,beta,human4,t_cell,22.00317,9.894033,8101,0.71644127368927
10,beta,human4,beta,-9.000976,3.708727,8102,1.3478903770446775
13,delta,human4,delta,-1.3996466,12.773427,8103,0.4036861360073089
10,beta,human4,beta,-8.405933,4.959258,8104,0.3849333226680755
3,alpha,human4,mast,11.7707815,15.951617,8105,1.282636046409607
3,alpha,human4,mast,12.9616375,15.668616,8106,0.661407470703125
3,alpha,human4,mast,11.68454,15.701972,8107,0.8108282089233398
12,ductal,human4,ductal,14.293664,5.9489465,8108,1.5669043064117432
3,alpha,human4,mast,13.018508,15.820494,8109,0.5195266604423523
3,alpha,human4,mast,12.143509,16.403042,8110,0.7334065437316895
0,beta,human4,t_cell,21.865547,10.085986,8111,0.4510175883769989
7,ductal,human4,epsilon,-2.5010478,-9.93265,8112,1.3607689142227173
12,ductal,human4,ductal,14.347025,5.995679,8113,1.7396761178970337
7,ductal,human4,epsilon,-2.501299,-9.668396,8114,3.588205099105835
3,alpha,human4,mast,11.719073,16.30312,8115,0.94005024433136
0,beta,human4,t_cell,22.101667,9.940543,8116,2.259971857070923
13,delta,human4,delta,-2.1955311,13.395535,8117,0.3845422863960266
0,beta,human4,t_cell,21.79608,9.09438,8118,0.4494192898273468
12,ductal,human4,ductal,14.254855,6.4618874,8119,1.7058435678482056
10,beta,human4,beta,-8.68528,6.0307155,8120,0.3928344845771789
12,ductal,human4,ductal,14.31329,6.7722564,8121,1.7503275871276855
0,beta,human4,t_cell,21.994831,9.870876,8122,0.6866083741188049
3,alpha,human4,mast,12.355833,15.728777,8123,0.699720025062561
10,beta,human4,beta,-8.858141,3.794656,8124,0.4433739483356476
0,beta,human4,t_cell,21.835592,9.272841,8125,0.3845422863960266
12,ductal,human4,ductal,14.394698,6.1279974,8126,1.7050679922103882
6,activated_stellate,human4,activated_stellate,7.6269455,10.181892,8127,1.747032642364502
12,ductal,human4,ductal,14.405693,6.089267,8128,1.5719854831695557
10,beta,human4,beta,-8.722383,5.874055,8129,0.4912984669208526
12,ductal,human4,ductal,13.933086,6.0720263,8130,2.240983009338379
6,activated_stellate,human4,activated_stellate,7.89472,10.076619,8131,2.441843748092652
12,ductal,human4,ductal,14.315598,6.924491,8132,1.745247483253479
10,beta,human4,beta,-10.961973,3.779797,8133,0.5151116251945496
0,beta,human4,t_cell,21.914122,9.95667,8134,0.4440927803516388
0,beta,human4,t_cell,21.827253,9.163585,8135,0.4298682510852813
13,delta,human4,delta,-2.0660467,12.874098,8136,0.3877547681331634
3,alpha,human4,mast,10.512271,15.595195,8137,0.887887716293335
13,delta,human4,delta,-1.9650481,12.716251,8138,0.4652801752090454
3,alpha,human4,mast,13.084342,16.107714,8139,0.59718257188797
12,ductal,human4,ductal,14.294138,5.709772,8140,1.693855881690979
1,gamma,human4,gamma,-0.4856064,20.32983,8141,0.7495362758636475
1,gamma,human4,gamma,-0.52524793,20.386135,8142,1.3554375171661377
3,alpha,human4,mast,12.801675,15.588533,8143,0.5237864255905151
7,ductal,human4,epsilon,-2.2159646,-10.072231,8144,1.5709586143493652
0,beta,human4,t_cell,22.107916,10.079793,8145,0.8564024567604065
3,alpha,human4,mast,11.997481,15.57374,8146,1.0006555318832395
3,alpha,human4,mast,12.321772,15.647698,8147,0.509654700756073
3,alpha,human4,mast,11.637508,15.414068,8148,0.6817233562469482
12,ductal,human4,ductal,14.640341,5.973575,8149,3.14283299446106
12,ductal,human4,ductal,14.342269,6.216114,8150,1.4555617570877075
0,beta,human4,t_cell,22.006666,10.079308,8151,0.4656844437122345
0,beta,human4,t_cell,21.926702,10.075772,8152,0.6902658343315125
12,ductal,human4,ductal,14.322633,6.739174,8153,1.188967227935791
6,activated_stellate,human4,activated_stellate,7.827669,10.352229,8154,1.6248947381973269
0,beta,human4,t_cell,22.15563,10.318275,8155,0.4102749824523926
12,ductal,human4,ductal,14.050804,5.768097,8156,1.3435579538345337
12,ductal,human4,ductal,14.263571,6.045906,8157,1.5407133102416992
12,ductal,human4,ductal,13.9920225,6.105775,8158,1.57965350151062
7,acinar,human4,epsilon,-2.3250947,-10.0147705,8159,1.0807934999465942
12,ductal,human4,ductal,14.510564,5.965479,8160,1.426151990890503
1,gamma,human4,gamma,-0.57844913,20.007046,8161,0.8270426392555237
3,alpha,human4,mast,12.922153,16.270008,8162,0.6177033185958862
12,ductal,human4,ductal,14.280593,6.0562544,8163,1.5444968938827517
0,beta,human4,t_cell,21.809711,10.674699,8164,0.6588464975357056
12,ductal,human4,ductal,13.966678,5.7835426,8165,1.4567917585372925
1,gamma,human4,gamma,-0.41732904,20.365335,8166,0.8947786092758179
10,beta,human4,beta,-8.576021,4.5591407,8167,0.3845422863960266
10,beta,human4,beta,-8.748897,5.157752,8168,1.6509525775909424
10,beta,human4,beta,-8.401711,5.0580688,8169,0.3845422863960266
13,delta,human4,delta,-2.1519923,13.020601,8170,0.4645139276981354
3,alpha,human4,mast,11.922044,16.01428,8171,0.752947986125946
10,beta,human4,beta,-9.569153,5.0894456,8172,0.3845422863960266
0,beta,human4,t_cell,21.891745,9.60766,8173,0.4538038969039917
0,beta,human4,t_cell,22.06155,9.919927,8174,1.662743330001831
6,activated_stellate,human4,activated_stellate,7.5953937,10.813751,8175,1.577177882194519
12,ductal,human4,ductal,14.371609,5.910993,8176,1.4743579626083374
0,beta,human4,t_cell,21.92775,9.795872,8177,0.5292655229568481
12,ductal,human4,ductal,14.312498,6.113875,8178,1.381654977798462
10,beta,human4,beta,-9.403576,4.9893513,8179,0.3845422863960266
10,beta,human4,beta,-8.718138,5.989226,8180,0.3845422863960266
1,gamma,human4,gamma,-0.5611615,20.412312,8181,0.9198665022850036
10,beta,human4,beta,-8.646962,5.0735674,8182,0.395055204629898
1,gamma,human4,gamma,-0.50517434,20.38946,8183,0.757409393787384
12,ductal,human4,ductal,14.326821,5.909761,8184,1.6069984436035156
12,ductal,human4,ductal,14.356302,6.613617,8185,2.240983009338379
0,beta,human4,t_cell,21.74282,8.727423,8186,0.5872262120246887
0,beta,human4,t_cell,21.96461,10.360204,8187,0.4438022971153259
11,alpha,human4,alpha,6.088336,2.6299117,8188,0.5442466139793396
13,delta,human4,delta,-1.4754467,13.672383,8189,0.4716558456420898
10,beta,human4,beta,-9.749591,3.2875338,8190,0.3845422863960266
3,alpha,human4,mast,12.217249,15.973178,8191,1.1127862930297852
12,ductal,human4,ductal,14.201565,6.1620994,8192,1.3537375926971436
13,delta,human4,delta,-1.8363256,13.529981,8193,0.3845422863960266
3,alpha,human4,mast,10.784714,15.90455,8194,0.7276723384857178
12,ductal,human4,ductal,14.585422,6.2299323,8195,1.7047450542449951
3,alpha,human4,mast,11.832268,15.90002,8196,1.5086699724197388
12,ductal,human4,ductal,13.978617,5.6785946,8197,1.5817205905914309
13,delta,human4,delta,-1.1603353,13.425942,8198,0.3872977495193481
3,alpha,human4,mast,11.849094,16.108116,8199,0.7751146554946899
3,alpha,human4,mast,11.328546,15.781309,8200,0.7187254428863525
0,beta,human4,t_cell,21.880188,10.552429,8201,0.4726377427577972
7,ductal,human4,epsilon,-2.3725572,-9.9806795,8202,1.2514431476593018
7,ductal,human4,epsilon,-2.1440563,-10.035695,8203,0.8504909873008728
12,ductal,human4,ductal,14.029636,5.949902,8204,3.588205099105835
10,beta,human4,beta,-8.01222,2.901906,8205,0.5532160401344299
12,ductal,human4,ductal,13.999425,5.8409615,8206,1.2417224645614624
3,alpha,human4,mast,12.1919565,16.297108,8207,1.054409146308899
0,beta,human4,t_cell,22.063227,10.064169,8208,0.3845422863960266
12,ductal,human4,ductal,14.195455,6.6956816,8209,1.5812972784042358
3,alpha,human4,mast,10.912326,16.272821,8210,0.7001842856407166
10,beta,human4,beta,-10.540863,3.0958505,8211,0.7964736223220825
1,gamma,human4,gamma,-0.5808423,20.341972,8212,1.2984023094177246
13,delta,human4,delta,-1.6043814,13.372221,8213,0.3845422863960266
11,alpha,human4,alpha,6.0176353,2.6027312,8214,0.6733466386795044
12,ductal,human4,ductal,14.265904,5.7491207,8215,1.6633315086364746
1,gamma,human4,gamma,-0.9651493,20.124086,8216,1.6147422790527344
12,ductal,human4,ductal,14.348343,6.0367937,8217,1.5409239530563354
0,beta,human4,t_cell,21.725687,8.820954,8218,0.4522394239902496
0,beta,human4,t_cell,22.120762,9.9757395,8219,0.4939059019088745
0,beta,human4,t_cell,21.930084,10.247831,8220,1.601475477218628
7,ductal,human4,epsilon,-2.3464973,-9.875645,8221,1.0935752391815186
3,alpha,human4,mast,11.36306,15.533954,8222,1.0615665912628174
10,beta,human4,beta,-9.109457,4.568338,8223,0.3845422863960266
0,beta,human4,t_cell,21.949522,10.301774,8224,0.3845422863960266
0,beta,human4,t_cell,21.794783,9.09361,8225,0.3845422863960266
3,alpha,human4,mast,12.455414,15.902522,8226,1.0593252182006836
3,alpha,human4,mast,11.890484,15.802731,8227,0.671438992023468
10,beta,human4,beta,-8.258227,5.111696,8228,0.4044786691665649
3,alpha,human4,mast,11.582276,16.418451,8229,0.7412148118019104
3,alpha,human4,mast,11.878009,16.390305,8230,0.8476256132125854
10,beta,human4,beta,-8.460675,4.72369,8231,0.9168915152549744
0,beta,human4,t_cell,21.935953,10.069566,8232,1.521919012069702
3,alpha,human4,mast,10.5297165,15.635595,8233,0.6255533695220947
0,beta,human4,t_cell,21.865063,9.293361,8234,0.6918487548828125
0,beta,human4,t_cell,21.884562,9.305783,8235,0.8191295862197876
3,alpha,human4,mast,12.199073,16.094969,8236,0.5922709107398987
0,beta,human4,t_cell,21.840141,10.620003,8237,0.3845422863960266
3,alpha,human4,mast,11.813183,15.297373,8238,0.7011669874191284
13,delta,human4,delta,-2.0075178,13.9883375,8239,0.4648725986480713
10,beta,human4,beta,-8.963086,3.1253023,8240,0.3845422863960266
0,beta,human4,t_cell,21.817652,9.139102,8241,0.3845422863960266
3,alpha,human4,mast,12.999028,16.0402,8242,0.607799768447876
6,activated_stellate,human4,activated_stellate,7.514418,10.441884,8243,1.394356608390808
0,beta,human4,t_cell,21.93179,10.363587,8244,0.3845422863960266
1,gamma,human4,gamma,-0.9352852,20.293726,8245,1.2285524606704712
3,alpha,human4,mast,12.080564,15.717997,8246,0.496852844953537
10,beta,human4,beta,21.943497,9.697645,8247,0.5223315358161926
0,beta,human4,t_cell,22.068531,9.73994,8248,1.7247849702835083
3,alpha,human4,mast,12.110375,16.118664,8249,1.2920869588851929
3,alpha,human4,mast,11.95103,15.661448,8250,1.143992304801941
6,activated_stellate,human4,activated_stellate,7.677502,9.931668,8251,1.9981396198272705
6,activated_stellate,human4,activated_stellate,7.551186,10.72886,8252,1.9741191864013672
3,alpha,human4,mast,12.805132,16.349522,8253,0.6011667847633362
0,beta,human4,t_cell,21.92809,10.31253,8254,0.5690245628356934
3,alpha,human4,mast,10.732821,15.737858,8255,0.9655938744544984
12,ductal,human4,ductal,14.064138,6.023232,8256,1.4080630540847778
12,ductal,human4,ductal,14.016397,5.6933413,8257,1.938274621963501
0,beta,human4,t_cell,21.787947,9.058187,8258,0.3845422863960266
10,beta,human4,beta,-8.264971,3.2734241,8259,0.4077105820178985
1,gamma,human4,gamma,-0.4837417,20.436472,8260,1.1054012775421145
1,gamma,human4,gamma,-0.53938806,20.17159,8261,1.0094982385635376
0,beta,human4,t_cell,21.887325,10.54362,8262,0.4353672564029693
6,activated_stellate,human4,activated_stellate,7.5348125,10.798701,8263,1.506729245185852
12,ductal,human4,ductal,14.1862545,6.0749264,8264,1.612154245376587
0,beta,human4,t_cell,21.939302,9.4941635,8265,0.4324623644351959
3,alpha,human4,mast,12.772243,15.976009,8266,0.6189120411872864
12,ductal,human4,ductal,14.3283,5.6798816,8267,1.345439076423645
3,alpha,human4,mast,11.755264,15.62609,8268,0.9409237504005432
0,beta,human4,t_cell,21.825363,9.201606,8269,0.3888882994651794
0,beta,human4,t_cell,21.939468,9.740446,8270,0.5884321331977844
3,alpha,human4,mast,12.862376,16.369215,8271,0.8330207467079163
7,ductal,human4,epsilon,-2.5050633,-9.749359,8272,1.0680854320526123
10,beta,human4,beta,-8.674113,6.024206,8273,0.4651455581188202
3,alpha,human4,mast,12.796324,16.482956,8274,0.6627086997032166
3,alpha,human4,mast,12.637078,16.08339,8275,0.8295446634292603
1,gamma,human4,gamma,-0.37780708,20.468136,8276,1.257875680923462
13,delta,human4,delta,-1.8386018,13.848533,8277,0.3845422863960266
3,alpha,human4,mast,11.181574,16.108015,8278,0.7236716151237488
0,beta,human4,t_cell,21.869205,9.788959,8279,0.3961120545864105
12,ductal,human4,ductal,13.896709,5.719134,8280,1.8477966785430908
0,beta,human4,t_cell,21.97751,9.839242,8281,1.5396777391433716
0,beta,human4,t_cell,21.792156,10.688006,8282,0.63594651222229
12,ductal,human4,ductal,14.399762,6.38494,8283,1.6213370561599731
0,beta,human4,t_cell,21.94623,9.826446,8284,0.3845422863960266
12,ductal,human4,ductal,14.489626,5.694303,8285,1.474082112312317
0,beta,human4,t_cell,21.823547,9.187821,8286,0.4523080289363861
0,beta,human4,t_cell,21.914333,9.7134495,8287,0.4297457933425903
12,ductal,human4,ductal,14.3077755,5.829563,8288,1.5034984350204468
3,alpha,human4,mast,11.941421,15.653887,8289,0.591619610786438
12,ductal,human4,ductal,14.442362,6.4523554,8290,2.197282314300537
4,ductal,human4,acinar,6.8460617,-7.0430145,8291,1.155229091644287
1,gamma,human4,gamma,-0.8834017,20.243153,8292,0.6907726526260376
3,alpha,human4,mast,12.499408,16.346474,8293,0.6386997699737549
8,endothelial,human4,endothelial,19.589554,1.51327,8294,2.649595260620117
12,ductal,human4,ductal,14.244059,5.6865907,8295,1.4219847917556765
0,beta,human4,t_cell,21.92448,10.306653,8296,1.543600082397461
1,gamma,human4,gamma,-0.99967325,20.170961,8297,0.8759943842887878
10,beta,human4,beta,-8.568416,4.5254874,8298,0.4513439834117889
12,ductal,human4,ductal,14.055565,5.395811,8299,1.4417967796325684
3,alpha,human4,mast,12.530286,15.855557,8300,0.6210983395576477
4,ductal,human4,acinar,7.2551217,-7.5259356,8301,1.105861783027649
6,activated_stellate,human4,activated_stellate,7.851236,10.050521,8302,1.7541866302490234
1,gamma,human4,gamma,-0.77756923,20.442757,8303,0.9329902529716492
10,beta,human4,beta,-8.991315,5.2347903,8304,0.3845422863960266
3,alpha,human4,mast,11.593155,16.086489,8305,0.7049816250801086
12,ductal,human4,ductal,14.263502,5.8080664,8306,1.602916955947876
0,beta,human4,t_cell,22.09066,10.121883,8307,0.5345954895019531
12,ductal,human4,ductal,14.3890705,6.40461,8308,1.400374174118042
6,activated_stellate,human4,activated_stellate,7.7414107,10.2550745,8309,1.6024935245513916
1,gamma,human4,gamma,-0.46617234,20.377201,8310,0.8829224109649658
7,ductal,human4,epsilon,-2.3272727,-10.02243,8311,1.3193953037261963
3,alpha,human4,mast,12.494953,15.702906,8312,0.8713760375976562
0,beta,human4,t_cell,22.036402,10.193641,8313,0.4105623364448547
0,beta,human4,t_cell,21.80276,9.674437,8314,0.3845422863960266
7,ductal,human4,epsilon,-2.3321233,-9.958125,8315,1.3694204092025757
10,beta,human4,beta,-8.201476,3.9858623,8316,0.3845422863960266
0,beta,human4,t_cell,21.877098,9.339079,8317,0.7085787057876587
13,delta,human4,delta,-1.4487566,13.755194,8318,0.4081496894359588
1,gamma,human4,gamma,-0.43148902,20.407778,8319,1.3614052534103394
12,ductal,human4,ductal,14.482535,6.116602,8320,1.7196029424667358
0,beta,human4,t_cell,21.857494,9.199798,8321,0.5042794942855835
10,beta,human4,beta,-9.668366,2.6570122,8322,0.3932801783084869
0,beta,human4,t_cell,21.915533,9.704365,8323,0.3943130373954773
0,beta,human4,t_cell,22.132437,10.151105,8324,0.4793041050434112
10,beta,human4,beta,-9.04582,4.4717193,8325,0.5518416166305542
6,activated_stellate,human4,activated_stellate,7.546473,10.833041,8326,1.4382694959640503
0,beta,human4,t_cell,21.938221,9.829154,8327,0.7305635213851929
3,alpha,human4,mast,10.55204,15.585684,8328,0.5944238901138306
12,ductal,human4,ductal,14.062598,6.1335697,8329,1.5770553350448608
0,beta,human4,t_cell,22.043472,9.851356,8330,0.5857279300689697
1,gamma,human4,gamma,-0.72460765,20.100494,8331,0.8978937864303589
12,ductal,human4,ductal,14.135266,5.789815,8332,1.1743336915969849
0,beta,human4,t_cell,21.804949,10.240048,8333,0.5354564189910889
10,beta,human4,beta,-8.878625,5.336096,8334,0.3845422863960266
3,alpha,human4,mast,12.535241,16.316914,8335,0.6823182702064514
6,activated_stellate,human4,activated_stellate,7.829409,10.023929,8336,1.753327250480652
0,beta,human4,t_cell,21.964231,9.912919,8337,1.47053325176239
3,alpha,human4,mast,12.026992,16.30967,8338,0.6611941456794739
10,beta,human4,beta,-9.261659,2.8958828,8339,0.7374987602233887
0,beta,human4,t_cell,22.091017,9.724246,8340,0.6978687047958374
3,alpha,human4,mast,12.349046,15.503276,8341,0.6647090911865234
12,ductal,human4,ductal,14.251095,5.854719,8342,1.3319940567016602
0,beta,human4,t_cell,21.893492,10.534002,8343,0.5680451989173889
3,alpha,human4,mast,11.794697,16.466026,8344,0.6481533050537109
0,beta,human4,t_cell,21.936995,10.125716,8345,0.9839411973953248
12,ductal,human4,ductal,14.24273,6.0495296,8346,1.8216480016708372
0,beta,human4,t_cell,22.079138,9.818198,8347,0.5847596526145935
13,delta,human4,delta,-1.6911767,12.567219,8348,0.4633434414863586
3,alpha,human4,mast,12.80134,16.34232,8349,0.7383081912994385
0,beta,human4,t_cell,21.810862,10.277291,8350,0.4392431378364563
3,alpha,human4,mast,12.557951,16.157707,8351,0.5909568667411804
3,alpha,human4,mast,11.145695,15.99652,8352,0.6948943138122559
12,ductal,human4,ductal,13.877177,5.89351,8353,1.846738338470459
0,beta,human4,t_cell,21.86252,10.42602,8354,0.3866449892520904
3,alpha,human4,mast,12.091384,15.418836,8355,0.9550672769546508
0,beta,human4,t_cell,21.969807,10.073706,8356,0.4085437059402466
10,beta,human4,beta,-8.378101,3.7150323,8357,0.4592347145080566
10,beta,human4,beta,-8.923713,4.0829787,8358,0.3845422863960266
10,beta,human4,beta,-10.299563,3.0119715,8359,0.3845422863960266
0,beta,human4,t_cell,22.04806,9.716505,8360,0.3845422863960266
0,beta,human4,t_cell,21.98714,10.173863,8361,0.4420818388462066
3,alpha,human4,mast,12.093127,15.573203,8362,0.5521668791770935
12,ductal,human4,ductal,14.270136,5.9065967,8363,1.7171709537506104
8,endothelial,human4,endothelial,19.88184,1.1823822,8364,2.158902883529663
3,alpha,human4,mast,11.581037,16.556248,8365,0.8330991268157959
13,delta,human4,delta,-2.07559,13.391704,8366,0.3845422863960266
10,beta,human4,beta,-8.373192,4.0821595,8367,0.3854763805866241
3,alpha,human4,mast,11.100668,16.078451,8368,0.7424882054328918
0,beta,human4,t_cell,22.009394,10.067518,8369,0.5361091494560242
0,beta,human4,t_cell,21.69673,8.752652,8370,0.5166964530944824
3,alpha,human4,mast,11.936189,15.804156,8371,1.0883208513259888
0,beta,human4,t_cell,21.881222,10.25772,8372,0.832516610622406
0,beta,human4,t_cell,22.166313,9.927381,8373,1.2362080812454224
7,ductal,human4,epsilon,-2.1253543,-9.99506,8374,1.1023615598678589
0,beta,human4,t_cell,21.874079,9.706017,8375,0.7398537397384644
3,alpha,human4,mast,12.055939,15.830465,8376,0.5739541053771973
12,ductal,human4,ductal,13.957833,5.600873,8377,1.270794153213501
0,beta,human4,t_cell,21.947508,10.336146,8378,0.7535365223884583
10,beta,human4,beta,-8.816445,5.2130675,8379,1.4309738874435425
1,gamma,human4,gamma,-0.8898442,20.104673,8380,0.8972097039222717
0,beta,human4,t_cell,21.940632,10.144208,8381,0.4376751780509949
0,beta,human4,t_cell,22.083448,9.961921,8382,0.4800835251808166
12,ductal,human4,ductal,14.345299,5.761264,8383,1.6243911981582642
2,ductal,human4,schwann,15.971722,-4.9357495,8384,3.588205099105835
10,beta,human4,beta,-8.880429,2.565107,8385,0.4270370900630951
10,beta,human4,beta,-8.777492,5.8517385,8386,0.7053886651992798
3,alpha,human4,mast,11.899032,16.240295,8387,0.7557206749916077
3,alpha,human4,mast,11.182607,15.425958,8388,0.9836267828941344
3,alpha,human4,mast,11.491195,16.188227,8389,0.5618315935134888
11,alpha,human4,alpha,5.0102262,2.1640017,8390,0.9096834063529968
6,activated_stellate,human4,activated_stellate,7.5374284,10.849723,8391,1.7397524118423462
11,alpha,human4,alpha,5.4232407,1.9344876,8392,0.486766368150711
3,alpha,human4,mast,12.650947,16.197243,8393,0.5565651655197144
3,alpha,human4,mast,11.84935,15.561116,8394,0.7144595980644226
3,alpha,human4,mast,11.896291,15.633209,8395,0.9423809051513672
1,gamma,human4,gamma,-0.6184677,20.264412,8396,0.8067257404327393
12,ductal,human4,ductal,13.919261,6.1492596,8397,1.39645254611969
3,alpha,human4,mast,11.647228,16.360523,8398,0.8709819316864014
3,alpha,human4,mast,10.9376335,15.370255,8399,0.8484834432601929
0,beta,human4,t_cell,21.845688,9.279133,8400,0.4109905064105987
0,beta,human4,t_cell,21.891508,10.504016,8401,0.6065286993980408
10,beta,human4,beta,-10.102093,4.373857,8402,0.3882456719875335
12,ductal,human4,ductal,14.331818,6.2066436,8403,1.408978819847107
3,alpha,human4,mast,11.878696,16.513079,8404,0.6202889084815979
3,alpha,human4,mast,11.728265,16.381304,8405,0.6576089859008789
0,beta,human4,t_cell,21.685534,8.761509,8406,0.993099331855774
3,alpha,human4,mast,12.079892,16.641888,8407,0.6889503002166748
3,alpha,human4,mast,11.480462,15.9772215,8408,0.6851626634597778
0,beta,human4,t_cell,21.933867,10.420259,8409,0.6106654405593872
0,beta,human4,t_cell,21.98262,10.054126,8410,0.4668959379196167
13,delta,human4,delta,-1.5845579,13.29899,8411,0.3845422863960266
12,ductal,human4,ductal,13.993774,5.614354,8412,1.5409691333770752
3,alpha,human4,mast,11.131736,15.450554,8413,0.8955994844436646
10,beta,human4,beta,-8.624003,3.6197257,8414,1.0159460306167605
10,beta,human4,beta,-10.131386,4.623205,8415,0.4121357202529907
12,ductal,human4,ductal,13.999076,5.4144177,8416,3.588205099105835
0,beta,human4,t_cell,21.915035,10.455915,8417,0.4302529692649841
0,beta,human4,t_cell,21.740446,8.760478,8418,0.3845422863960266
0,beta,human4,t_cell,21.814476,9.146042,8419,0.3845422863960266
13,beta,human4,delta,-1.8168306,13.230576,8420,0.4115856289863586
0,beta,human4,t_cell,21.890127,9.301049,8421,0.5602304339408875
10,beta,human4,beta,-8.783215,4.4598584,8422,0.4222330152988434
12,ductal,human4,ductal,14.027892,5.37366,8423,1.4881229400634766
10,beta,human4,beta,-8.71113,3.9773037,8424,1.559465408325195
3,alpha,human4,mast,12.258112,15.961732,8425,0.8395476937294006
3,alpha,human4,mast,11.891032,15.899273,8426,0.7644507884979248
3,alpha,human4,mast,11.953994,16.011341,8427,0.8135517239570618
3,alpha,human4,mast,11.189334,16.101524,8428,0.5833243131637573
0,beta,human4,t_cell,21.949442,9.556219,8429,0.4493430852890014
3,alpha,human4,mast,12.559687,16.020756,8430,0.7382088303565979
0,beta,human4,t_cell,21.9446,9.565563,8431,0.5119538903236389
3,alpha,human4,mast,12.340172,16.479631,8432,0.6568863391876221
1,gamma,human4,gamma,-0.64780015,20.103891,8433,1.0964040756225586
0,beta,human4,t_cell,22.04134,9.8654375,8434,0.3845422863960266
1,gamma,human4,gamma,-0.9597512,20.34596,8435,1.151026964187622
10,beta,human4,beta,-8.671027,5.9431896,8436,1.289007544517517
1,gamma,human4,gamma,-0.6269165,20.461802,8437,0.8416256308555603
0,beta,human4,t_cell,21.893679,9.764667,8438,0.4515368044376373
10,beta,human4,beta,-8.934301,5.6272984,8439,0.7439883351325989
3,alpha,human4,mast,11.461411,15.263316,8440,0.7803494930267334
9,macrophage,human4,macrophage,11.1018,0.63838,8441,3.592404365539551
7,ductal,human4,epsilon,-2.5044773,-9.710609,8442,1.5519942045211792
0,beta,human4,t_cell,21.974607,9.787416,8443,0.5512414574623108
3,alpha,human4,mast,10.494263,15.617697,8444,0.705829381942749
3,alpha,human4,mast,11.911887,16.460533,8445,0.5145607590675354
0,beta,human4,t_cell,21.80591,8.941664,8446,0.3845422863960266
0,beta,human4,t_cell,21.922249,10.393863,8447,0.4748863577842712
13,delta,human4,delta,-1.4028165,13.809567,8448,0.5256438255310059
0,beta,human4,t_cell,21.900711,9.854764,8449,0.4017449915409088
0,beta,human4,t_cell,21.779278,10.066496,8450,0.3924770057201385
10,beta,human4,beta,-9.741892,3.2676153,8451,0.3845422863960266
0,beta,human4,t_cell,21.832422,9.172962,8452,0.3845422863960266
3,alpha,human4,mast,11.87176,16.335533,8453,0.6356809139251709
12,ductal,human4,ductal,14.312363,6.7598414,8454,1.628440022468567
3,alpha,human4,mast,11.563829,16.210396,8455,0.6955506801605225
3,alpha,human4,mast,11.335763,16.300922,8456,0.5680366158485413
6,activated_stellate,human4,activated_stellate,7.9699893,10.049522,8457,1.6277649402618408
1,gamma,human4,gamma,-1.004994,20.218662,8458,0.8795655965805054
0,beta,human4,t_cell,22.093725,9.978868,8459,0.4228962063789367
0,beta,human4,t_cell,22.06094,10.100837,8460,0.3963096439838409
12,ductal,human4,ductal,13.9802475,6.0979943,8461,1.6458293199539185
7,ductal,human4,epsilon,-2.385484,-10.056074,8462,1.1898988485336304
3,alpha,human4,mast,11.572145,16.148798,8463,0.6984887719154358
0,beta,human4,t_cell,21.975447,9.98455,8464,1.194427490234375
3,alpha,human4,mast,11.110332,15.849468,8465,0.802649199962616
0,delta,human4,t_cell,22.099703,9.837229,8466,2.1906988620758057
6,activated_stellate,human4,activated_stellate,7.6368847,10.308056,8467,1.6394572257995603
10,beta,human4,beta,-10.300056,3.0243287,8468,0.3845422863960266
2,ductal,human4,schwann,15.985085,-4.474324,8469,1.4363601207733154
3,alpha,human4,mast,11.587112,16.47757,8470,1.0743494033813477
8,endothelial,human4,endothelial,19.743073,1.3491919,8471,2.7398488521575928
10,beta,human4,beta,-9.974782,4.203781,8472,0.6659041047096252
0,beta,human4,t_cell,21.774996,8.894279,8473,0.5328121185302734
7,ductal,human4,epsilon,-2.356121,-9.973505,8474,1.7173376083374023
3,alpha,human4,mast,11.549607,15.325903,8475,0.8948621153831482
10,beta,human4,beta,-9.105814,3.0335388,8476,0.4210172295570373
10,beta,human4,beta,-10.230998,4.0437746,8477,0.4658877253532409
7,ductal,human4,epsilon,-2.401658,-9.759094,8478,1.4672950506210327
10,beta,human4,beta,-8.711728,5.8962626,8479,1.6248992681503296
12,ductal,human4,ductal,14.401979,6.3472195,8480,1.3385893106460571
3,alpha,human4,mast,12.303738,16.363281,8481,0.5731195211410522
3,alpha,human4,mast,10.753221,15.91729,8482,0.6738211512565613
3,alpha,human4,mast,11.851201,15.841102,8483,0.8034402132034302
1,gamma,human4,gamma,-0.7804482,20.176626,8484,1.3744913339614868
0,beta,human4,t_cell,21.835077,9.941436,8485,0.4977914094924927
0,beta,human4,t_cell,21.863115,9.281991,8486,0.7507911324501038
3,alpha,human4,mast,11.795232,16.18584,8487,0.8708750605583191
0,beta,human4,t_cell,21.927696,9.864431,8488,0.4798967242240906
1,gamma,human4,gamma,-0.609738,19.915022,8489,0.9431242346763612
0,beta,human4,t_cell,22.05942,9.910305,8490,0.3845422863960266
0,beta,human4,t_cell,22.068813,9.819087,8491,0.4885627925395965
0,beta,human4,t_cell,21.921696,9.963437,8492,0.6726117134094238
0,beta,human4,t_cell,22.081715,9.88191,8493,1.6921658515930176
0,beta,human4,t_cell,21.86283,9.460953,8494,0.989758312702179
2,ductal,human4,schwann,16.582918,-4.5259004,8495,2.0778110027313232
3,alpha,human4,mast,11.350016,15.994806,8496,0.7001296281814575
0,beta,human4,t_cell,21.806475,10.694511,8497,0.4501646161079407
0,beta,human4,t_cell,22.115679,10.161587,8498,0.3923431634902954
10,beta,human4,beta,-8.1550455,4.35383,8499,0.3845422863960266
0,beta,human4,t_cell,21.974726,9.819642,8500,0.6375932097434998
10,beta,human4,beta,-8.725727,5.7837424,8501,0.9744778275489808
3,alpha,human4,mast,11.623278,15.647657,8502,0.7817938327789307
0,beta,human4,t_cell,21.976313,9.86227,8503,1.4671834707260132
1,gamma,human4,gamma,-0.90392506,20.270315,8504,1.1905760765075684
10,beta,human4,beta,-8.7449045,5.8802156,8505,0.6169127225875854
7,ductal,human4,epsilon,-2.4587495,-9.866931,8506,1.110836625099182
3,alpha,human4,mast,11.736959,16.47216,8507,0.8432357311248779
3,alpha,human4,mast,12.203368,15.902531,8508,0.5971364378929138
12,ductal,human4,ductal,14.204162,5.7372317,8509,1.5972716808319092
1,gamma,human4,gamma,-0.4993664,20.39923,8510,0.9025352001190186
6,activated_stellate,human4,activated_stellate,7.6483026,10.055742,8511,1.7617594003677368
11,alpha,human4,alpha,5.0471587,2.440583,8512,0.7340622544288635
3,alpha,human4,mast,12.039522,16.17099,8513,0.6745162606239319
3,alpha,human4,mast,11.116387,15.802751,8514,0.4762208759784698
3,alpha,human4,mast,12.269054,15.867297,8515,0.8409323692321777
3,alpha,human4,mast,11.687477,16.124989,8516,0.8046705722808838
12,ductal,human4,ductal,14.264148,6.149566,8517,2.005129814147949
0,beta,human4,t_cell,21.846872,9.943423,8518,0.4907721877098083
3,alpha,human4,mast,12.17462,16.196182,8519,1.2854487895965576
0,beta,human4,t_cell,22.106117,9.829722,8520,1.5014617443084717
6,activated_stellate,human4,activated_stellate,7.73477,10.508973,8521,1.7448198795318604
13,delta,human4,delta,-1.7746539,13.281569,8522,1.0409497022628784
12,ductal,human4,ductal,14.7035475,5.9358597,8523,3.011296510696411
10,beta,human4,beta,22.04752,9.742055,8524,0.5197720527648926
3,alpha,human4,mast,12.63376,16.139141,8525,0.74948650598526
1,gamma,human4,gamma,-0.6394166,20.19945,8526,1.0347691774368286
3,alpha,human4,mast,12.917405,16.1656,8527,0.7967540621757507
10,beta,human4,beta,-10.590127,3.5147219,8528,0.4142141938209533
9,mast,human4,macrophage,11.0310545,0.71124464,8529,3.477288007736206
0,beta,human4,t_cell,21.83025,9.178109,8530,0.4117844700813293
12,ductal,human4,ductal,14.4687805,5.9048862,8531,2.240983009338379
0,beta,human4,t_cell,21.933182,10.262605,8532,0.4381546378135681
12,ductal,human4,ductal,14.036536,5.1805654,8533,1.7999943494796753
10,beta,human4,beta,-8.688998,6.001442,8534,0.3908054530620575
10,beta,human4,beta,-8.172709,3.5385778,8535,0.8284693360328674
10,beta,human4,beta,-9.814814,4.6052,8536,0.3845422863960266
6,schwann,human4,activated_stellate,7.5956955,11.068543,8537,2.386687994003296
3,alpha,human4,mast,11.574515,15.752143,8538,0.7955640554428101
12,ductal,human4,ductal,14.264857,6.198221,8539,3.588205099105835
10,beta,human4,beta,-7.490356,4.5763783,8540,1.229872465133667
10,beta,human4,beta,-8.492517,3.751031,8541,0.3845422863960266
10,beta,human4,beta,-10.231555,3.7695649,8542,0.746691107749939
12,ductal,human4,ductal,14.094171,5.336074,8543,1.3979421854019165
7,ductal,human4,epsilon,-2.2312393,-9.791171,8544,1.3258075714111328
10,beta,human4,beta,-9.216164,3.201343,8545,0.3866035342216491
12,ductal,human4,ductal,14.19455,6.2634645,8546,1.9420970678329468
13,delta,human4,delta,-1.417224,13.169557,8547,0.4201461374759674
3,alpha,human4,mast,12.803452,16.338572,8548,0.8935977816581726
3,alpha,human4,mast,12.454978,15.939946,8549,0.7252861857414246
5,quiescent_stellate,human4,quiescent_stellate,5.1304584,16.124706,8550,1.1358473300933838
10,beta,human4,beta,-9.983793,3.2261877,8551,0.4554419219493866
0,beta,human4,t_cell,22.106874,9.856487,8552,0.9107570052146912
6,activated_stellate,human4,activated_stellate,7.60559,10.525104,8553,1.7883729934692385
10,beta,human4,beta,-9.203805,5.024637,8554,0.4381724596023559
10,beta,human4,beta,-7.2664347,3.4598868,8555,1.0909322500228882
3,alpha,human4,mast,12.558643,16.097986,8556,0.7747387886047363
0,beta,human4,t_cell,21.714188,8.678453,8557,0.3845422863960266
0,beta,human4,t_cell,21.875994,10.352208,8558,0.6175540089607239
10,beta,human4,beta,-9.429947,3.4112635,8559,1.315216064453125
0,beta,human4,t_cell,21.968538,9.614922,8560,0.6015198826789856
3,alpha,human4,mast,12.424747,15.750493,8561,0.659683108329773
0,beta,human4,t_cell,21.867613,9.4681015,8562,0.607014000415802
0,beta,human4,t_cell,21.771519,9.076392,8563,0.4102862477302551
6,activated_stellate,human4,activated_stellate,7.80361,9.933326,8564,1.7734302282333374
3,alpha,human4,mast,11.41044,15.803519,8565,0.5211865901947021
10,beta,human4,beta,-8.411744,4.6679673,8566,0.4098793268203735
10,beta,human4,beta,-9.723757,3.4713366,8567,0.4457202553749084
7,ductal,human4,epsilon,-2.459913,-10.025259,8568,1.1349706649780271
